
 /----------------------------------------------------------------------------\
 |  yosys -- Yosys Open SYnthesis Suite                                       |
 |  Copyright (C) 2012 - 2024  Claire Xenia Wolf <claire@yosyshq.com>         |
 |  Distributed under an ISC-like license, type "license" to see terms        |
 \----------------------------------------------------------------------------/
 Yosys 0.46 (git sha1 e97731b9dda91fa5fa53ed87df7c34163ba59a41, clang++ 17.0.6 -fPIC -O3)
Loaded SDC plugin

1. Executing Liberty frontend: /home/niko_tambornini/.ciel/ciel/sky130/versions/0fe599b2afb6708d281543108caf8310912f54af/sky130A/libs.ref/sky130_fd_sc_hd/lib/sky130_fd_sc_hd__tt_025C_1v80.lib
Imported 428 cell types from liberty file.
[INFO] Using SDC file '/home/niko_tambornini/EE531/my_designs/FPU_32_Bit/runs/RUN_2026-03-13_16-46-07/06-yosys-synthesis/synthesis.abc.sdc' for ABC…

2. Executing Verilog-2005 frontend: /home/niko_tambornini/EE531/my_designs/FPU_32_Bit/FP32_Div.sv
Parsing SystemVerilog input from `/home/niko_tambornini/EE531/my_designs/FPU_32_Bit/FP32_Div.sv' to AST representation.
Storing AST representation for module `$abstract\FP32_Div'.
Successfully finished Verilog frontend.

3. Executing HIERARCHY pass (managing design hierarchy).

4. Executing AST frontend in derive mode using pre-parsed AST for module `\FP32_Div'.
Generating RTLIL representation for module `\FP32_Div'.

4.1. Analyzing design hierarchy..
Top module:  \FP32_Div

4.2. Analyzing design hierarchy..
Top module:  \FP32_Div
Removing unused module `$abstract\FP32_Div'.
Removed 1 unused modules.
Renaming module FP32_Div to FP32_Div.

5. Generating Graphviz representation of design.
Writing dot description to `/home/niko_tambornini/EE531/my_designs/FPU_32_Bit/runs/RUN_2026-03-13_16-46-07/06-yosys-synthesis/hierarchy.dot'.
Dumping module FP32_Div to page 1.

6. Executing TRIBUF pass.

7. Executing HIERARCHY pass (managing design hierarchy).

7.1. Analyzing design hierarchy..
Top module:  \FP32_Div

7.2. Analyzing design hierarchy..
Top module:  \FP32_Div
Removed 0 unused modules.

8. Executing PROC_CLEAN pass (remove empty switches from decision trees).
Cleaned up 0 empty switches.

9. Executing PROC_RMDEAD pass (remove dead branches from decision trees).
Marked 69 switch rules as full_case in process $proc$/home/niko_tambornini/EE531/my_designs/FPU_32_Bit/FP32_Div.sv:80$7 in module FP32_Div.
Removed a total of 0 dead cases.

10. Executing PROC_PRUNE pass (remove redundant assignments in processes).
Removed 2 redundant assignments.
Promoted 22 assignments to connections.

11. Executing PROC_INIT pass (extract init attributes).

12. Executing PROC_ARST pass (detect async resets in processes).

13. Executing PROC_ROM pass (convert switches to ROMs).
Converted 0 switches.
<suppressed ~71 debug messages>

14. Executing PROC_MUX pass (convert decision trees to multiplexers).
Creating decoders for process `\FP32_Div.$proc$/home/niko_tambornini/EE531/my_designs/FPU_32_Bit/FP32_Div.sv:80$7'.
     1/77: $65\loop_exp_adj[7:0]
     2/77: $64\loop_exp_adj[7:0]
     3/77: $63\loop_exp_adj[7:0]
     4/77: $62\loop_exp_adj[7:0]
     5/77: $61\loop_exp_adj[7:0]
     6/77: $60\loop_exp_adj[7:0]
     7/77: $59\loop_exp_adj[7:0]
     8/77: $58\loop_exp_adj[7:0]
     9/77: $57\loop_exp_adj[7:0]
    10/77: $56\loop_exp_adj[7:0]
    11/77: $55\loop_exp_adj[7:0]
    12/77: $54\loop_exp_adj[7:0]
    13/77: $53\loop_exp_adj[7:0]
    14/77: $52\loop_exp_adj[7:0]
    15/77: $51\loop_exp_adj[7:0]
    16/77: $50\loop_exp_adj[7:0]
    17/77: $49\loop_exp_adj[7:0]
    18/77: $48\loop_exp_adj[7:0]
    19/77: $47\loop_exp_adj[7:0]
    20/77: $46\loop_exp_adj[7:0]
    21/77: $45\loop_exp_adj[7:0]
    22/77: $44\loop_exp_adj[7:0]
    23/77: $43\loop_exp_adj[7:0]
    24/77: $42\loop_exp_adj[7:0]
    25/77: $41\loop_exp_adj[7:0]
    26/77: $40\loop_exp_adj[7:0]
    27/77: $39\loop_exp_adj[7:0]
    28/77: $38\loop_exp_adj[7:0]
    29/77: $37\loop_exp_adj[7:0]
    30/77: $36\loop_exp_adj[7:0]
    31/77: $35\loop_exp_adj[7:0]
    32/77: $34\loop_exp_adj[7:0]
    33/77: $33\loop_exp_adj[7:0]
    34/77: $32\loop_exp_adj[7:0]
    35/77: $31\loop_exp_adj[7:0]
    36/77: $30\loop_exp_adj[7:0]
    37/77: $29\loop_exp_adj[7:0]
    38/77: $28\loop_exp_adj[7:0]
    39/77: $27\loop_exp_adj[7:0]
    40/77: $26\loop_exp_adj[7:0]
    41/77: $25\loop_exp_adj[7:0]
    42/77: $24\loop_exp_adj[7:0]
    43/77: $23\loop_exp_adj[7:0]
    44/77: $22\loop_exp_adj[7:0]
    45/77: $21\loop_exp_adj[7:0]
    46/77: $20\loop_exp_adj[7:0]
    47/77: $19\loop_exp_adj[7:0]
    48/77: $18\loop_exp_adj[7:0]
    49/77: $17\loop_exp_adj[7:0]
    50/77: $16\loop_exp_adj[7:0]
    51/77: $15\loop_exp_adj[7:0]
    52/77: $14\loop_exp_adj[7:0]
    53/77: $13\loop_exp_adj[7:0]
    54/77: $12\loop_exp_adj[7:0]
    55/77: $11\loop_exp_adj[7:0]
    56/77: $10\loop_exp_adj[7:0]
    57/77: $9\loop_exp_adj[7:0]
    58/77: $8\loop_exp_adj[7:0]
    59/77: $7\loop_exp_adj[7:0]
    60/77: $6\loop_exp_adj[7:0]
    61/77: $5\loop_exp_adj[7:0]
    62/77: $4\loop_exp_adj[7:0]
    63/77: $3\loop_exp_adj[7:0]
    64/77: $2\loop_exp_adj[7:0]
    65/77: $1$fordecl_block$1.i[31:0]$13
    66/77: $1\loop_exp_adj[7:0]
    67/77: $0\mantisa[22:0]
    68/77: $0\exp[7:0]
    69/77: $0\check[0:0]
    70/77: $0\four_man[63:0]
    71/77: $0\expadd[7:0]
    72/77: $0\expmiddled[7:0]
    73/77: $0\expmiddlec[7:0]
    74/77: $0\mantisaresult[63:0]
    75/77: $0\expmiddleb[7:0]
    76/77: $0\mantisaBshift[63:0]
    77/77: $0\mantisaAshift[63:0]

15. Executing PROC_DLATCH pass (convert process syncs to latches).

16. Executing PROC_DFF pass (convert process syncs to FFs).
Creating register for signal `\FP32_Div.\sign' using process `\FP32_Div.$proc$/home/niko_tambornini/EE531/my_designs/FPU_32_Bit/FP32_Div.sv:80$7'.
  created $dff cell `$procdff$610' with positive edge clock.
Creating register for signal `\FP32_Div.\exp' using process `\FP32_Div.$proc$/home/niko_tambornini/EE531/my_designs/FPU_32_Bit/FP32_Div.sv:80$7'.
  created $dff cell `$procdff$611' with positive edge clock.
Creating register for signal `\FP32_Div.\mantisa' using process `\FP32_Div.$proc$/home/niko_tambornini/EE531/my_designs/FPU_32_Bit/FP32_Div.sv:80$7'.
  created $dff cell `$procdff$612' with positive edge clock.
Creating register for signal `\FP32_Div.\expmiddlea' using process `\FP32_Div.$proc$/home/niko_tambornini/EE531/my_designs/FPU_32_Bit/FP32_Div.sv:80$7'.
  created $dff cell `$procdff$613' with positive edge clock.
Creating register for signal `\FP32_Div.\mantisaA0' using process `\FP32_Div.$proc$/home/niko_tambornini/EE531/my_designs/FPU_32_Bit/FP32_Div.sv:80$7'.
  created $dff cell `$procdff$614' with positive edge clock.
Creating register for signal `\FP32_Div.\mantisaB0' using process `\FP32_Div.$proc$/home/niko_tambornini/EE531/my_designs/FPU_32_Bit/FP32_Div.sv:80$7'.
  created $dff cell `$procdff$615' with positive edge clock.
Creating register for signal `\FP32_Div.\signA0' using process `\FP32_Div.$proc$/home/niko_tambornini/EE531/my_designs/FPU_32_Bit/FP32_Div.sv:80$7'.
  created $dff cell `$procdff$616' with positive edge clock.
Creating register for signal `\FP32_Div.\inf0' using process `\FP32_Div.$proc$/home/niko_tambornini/EE531/my_designs/FPU_32_Bit/FP32_Div.sv:80$7'.
  created $dff cell `$procdff$617' with positive edge clock.
Creating register for signal `\FP32_Div.\undefined0' using process `\FP32_Div.$proc$/home/niko_tambornini/EE531/my_designs/FPU_32_Bit/FP32_Div.sv:80$7'.
  created $dff cell `$procdff$618' with positive edge clock.
Creating register for signal `\FP32_Div.\zero0' using process `\FP32_Div.$proc$/home/niko_tambornini/EE531/my_designs/FPU_32_Bit/FP32_Div.sv:80$7'.
  created $dff cell `$procdff$619' with positive edge clock.
Creating register for signal `\FP32_Div.\mantisaAshift' using process `\FP32_Div.$proc$/home/niko_tambornini/EE531/my_designs/FPU_32_Bit/FP32_Div.sv:80$7'.
  created $dff cell `$procdff$620' with positive edge clock.
Creating register for signal `\FP32_Div.\mantisaBshift' using process `\FP32_Div.$proc$/home/niko_tambornini/EE531/my_designs/FPU_32_Bit/FP32_Div.sv:80$7'.
  created $dff cell `$procdff$621' with positive edge clock.
Creating register for signal `\FP32_Div.\expmiddleb' using process `\FP32_Div.$proc$/home/niko_tambornini/EE531/my_designs/FPU_32_Bit/FP32_Div.sv:80$7'.
  created $dff cell `$procdff$622' with positive edge clock.
Creating register for signal `\FP32_Div.\signA1' using process `\FP32_Div.$proc$/home/niko_tambornini/EE531/my_designs/FPU_32_Bit/FP32_Div.sv:80$7'.
  created $dff cell `$procdff$623' with positive edge clock.
Creating register for signal `\FP32_Div.\inf1' using process `\FP32_Div.$proc$/home/niko_tambornini/EE531/my_designs/FPU_32_Bit/FP32_Div.sv:80$7'.
  created $dff cell `$procdff$624' with positive edge clock.
Creating register for signal `\FP32_Div.\undefined1' using process `\FP32_Div.$proc$/home/niko_tambornini/EE531/my_designs/FPU_32_Bit/FP32_Div.sv:80$7'.
  created $dff cell `$procdff$625' with positive edge clock.
Creating register for signal `\FP32_Div.\zero1' using process `\FP32_Div.$proc$/home/niko_tambornini/EE531/my_designs/FPU_32_Bit/FP32_Div.sv:80$7'.
  created $dff cell `$procdff$626' with positive edge clock.
Creating register for signal `\FP32_Div.\mantisaresult' using process `\FP32_Div.$proc$/home/niko_tambornini/EE531/my_designs/FPU_32_Bit/FP32_Div.sv:80$7'.
  created $dff cell `$procdff$627' with positive edge clock.
Creating register for signal `\FP32_Div.\expmiddlec' using process `\FP32_Div.$proc$/home/niko_tambornini/EE531/my_designs/FPU_32_Bit/FP32_Div.sv:80$7'.
  created $dff cell `$procdff$628' with positive edge clock.
Creating register for signal `\FP32_Div.\signA2' using process `\FP32_Div.$proc$/home/niko_tambornini/EE531/my_designs/FPU_32_Bit/FP32_Div.sv:80$7'.
  created $dff cell `$procdff$629' with positive edge clock.
Creating register for signal `\FP32_Div.\inf2' using process `\FP32_Div.$proc$/home/niko_tambornini/EE531/my_designs/FPU_32_Bit/FP32_Div.sv:80$7'.
  created $dff cell `$procdff$630' with positive edge clock.
Creating register for signal `\FP32_Div.\undefined2' using process `\FP32_Div.$proc$/home/niko_tambornini/EE531/my_designs/FPU_32_Bit/FP32_Div.sv:80$7'.
  created $dff cell `$procdff$631' with positive edge clock.
Creating register for signal `\FP32_Div.\zero2' using process `\FP32_Div.$proc$/home/niko_tambornini/EE531/my_designs/FPU_32_Bit/FP32_Div.sv:80$7'.
  created $dff cell `$procdff$632' with positive edge clock.
Creating register for signal `\FP32_Div.\expmiddled' using process `\FP32_Div.$proc$/home/niko_tambornini/EE531/my_designs/FPU_32_Bit/FP32_Div.sv:80$7'.
  created $dff cell `$procdff$633' with positive edge clock.
Creating register for signal `\FP32_Div.\expadd' using process `\FP32_Div.$proc$/home/niko_tambornini/EE531/my_designs/FPU_32_Bit/FP32_Div.sv:80$7'.
  created $dff cell `$procdff$634' with positive edge clock.
Creating register for signal `\FP32_Div.\four_man' using process `\FP32_Div.$proc$/home/niko_tambornini/EE531/my_designs/FPU_32_Bit/FP32_Div.sv:80$7'.
  created $dff cell `$procdff$635' with positive edge clock.
Creating register for signal `\FP32_Div.\signA3' using process `\FP32_Div.$proc$/home/niko_tambornini/EE531/my_designs/FPU_32_Bit/FP32_Div.sv:80$7'.
  created $dff cell `$procdff$636' with positive edge clock.
Creating register for signal `\FP32_Div.\inf3' using process `\FP32_Div.$proc$/home/niko_tambornini/EE531/my_designs/FPU_32_Bit/FP32_Div.sv:80$7'.
  created $dff cell `$procdff$637' with positive edge clock.
Creating register for signal `\FP32_Div.\undefined3' using process `\FP32_Div.$proc$/home/niko_tambornini/EE531/my_designs/FPU_32_Bit/FP32_Div.sv:80$7'.
  created $dff cell `$procdff$638' with positive edge clock.
Creating register for signal `\FP32_Div.\zero3' using process `\FP32_Div.$proc$/home/niko_tambornini/EE531/my_designs/FPU_32_Bit/FP32_Div.sv:80$7'.
  created $dff cell `$procdff$639' with positive edge clock.
Creating register for signal `\FP32_Div.\loop_exp_adj' using process `\FP32_Div.$proc$/home/niko_tambornini/EE531/my_designs/FPU_32_Bit/FP32_Div.sv:80$7'.
  created $dff cell `$procdff$640' with positive edge clock.
Creating register for signal `\FP32_Div.\check' using process `\FP32_Div.$proc$/home/niko_tambornini/EE531/my_designs/FPU_32_Bit/FP32_Div.sv:80$7'.
  created $dff cell `$procdff$641' with positive edge clock.
Creating register for signal `\FP32_Div.$fordecl_block$1.i' using process `\FP32_Div.$proc$/home/niko_tambornini/EE531/my_designs/FPU_32_Bit/FP32_Div.sv:80$7'.
  created $dff cell `$procdff$642' with positive edge clock.

17. Executing PROC_MEMWR pass (convert process memory writes to cells).

18. Executing PROC_CLEAN pass (remove empty switches from decision trees).
Found and cleaned up 71 empty switches in `\FP32_Div.$proc$/home/niko_tambornini/EE531/my_designs/FPU_32_Bit/FP32_Div.sv:80$7'.
Removing empty process `FP32_Div.$proc$/home/niko_tambornini/EE531/my_designs/FPU_32_Bit/FP32_Div.sv:80$7'.
Cleaned up 71 empty switches.

19. Executing CHECK pass (checking for obvious problems).
Checking module FP32_Div...
Found and reported 0 problems.

20. Executing OPT_EXPR pass (perform const folding).
Optimizing module FP32_Div.
<suppressed ~68 debug messages>

21. Executing FLATTEN pass (flatten design).

22. Executing OPT_EXPR pass (perform const folding).
Optimizing module FP32_Div.

23. Executing OPT_CLEAN pass (remove unused cells and wires).
Finding unused cells or wires in module \FP32_Div..
Removed 7 unused cells and 317 unused wires.
<suppressed ~12 debug messages>

24. Executing OPT_EXPR pass (perform const folding).
Optimizing module FP32_Div.
<suppressed ~1 debug messages>

25. Executing OPT_MERGE pass (detect identical cells).
Finding identical cells in module `\FP32_Div'.
<suppressed ~12 debug messages>
Removed a total of 4 cells.

26. Executing OPT_MUXTREE pass (detect dead branches in mux trees).
Running muxtree optimizer on module \FP32_Div..
  Creating internal representation of mux trees.
  Evaluating internal representation of mux trees.
  Analyzing evaluation results.
    dead port 2/2 on $mux $procmux$184.
    dead port 2/2 on $mux $procmux$190.
    dead port 2/2 on $mux $procmux$196.
    dead port 2/2 on $mux $procmux$202.
    dead port 2/2 on $mux $procmux$208.
    dead port 2/2 on $mux $procmux$214.
    dead port 2/2 on $mux $procmux$220.
    dead port 2/2 on $mux $procmux$226.
    dead port 2/2 on $mux $procmux$232.
    dead port 2/2 on $mux $procmux$238.
    dead port 2/2 on $mux $procmux$244.
    dead port 2/2 on $mux $procmux$250.
    dead port 2/2 on $mux $procmux$256.
    dead port 2/2 on $mux $procmux$262.
    dead port 2/2 on $mux $procmux$268.
    dead port 2/2 on $mux $procmux$274.
    dead port 2/2 on $mux $procmux$280.
    dead port 2/2 on $mux $procmux$286.
    dead port 2/2 on $mux $procmux$292.
    dead port 2/2 on $mux $procmux$298.
    dead port 2/2 on $mux $procmux$304.
    dead port 2/2 on $mux $procmux$310.
    dead port 2/2 on $mux $procmux$316.
    dead port 2/2 on $mux $procmux$322.
    dead port 2/2 on $mux $procmux$328.
    dead port 2/2 on $mux $procmux$334.
    dead port 2/2 on $mux $procmux$340.
    dead port 2/2 on $mux $procmux$346.
    dead port 2/2 on $mux $procmux$352.
    dead port 2/2 on $mux $procmux$358.
    dead port 2/2 on $mux $procmux$364.
    dead port 2/2 on $mux $procmux$370.
    dead port 2/2 on $mux $procmux$376.
    dead port 2/2 on $mux $procmux$382.
    dead port 2/2 on $mux $procmux$388.
    dead port 2/2 on $mux $procmux$394.
    dead port 2/2 on $mux $procmux$400.
    dead port 2/2 on $mux $procmux$406.
    dead port 2/2 on $mux $procmux$412.
    dead port 2/2 on $mux $procmux$418.
    dead port 2/2 on $mux $procmux$424.
    dead port 2/2 on $mux $procmux$430.
    dead port 2/2 on $mux $procmux$436.
    dead port 2/2 on $mux $procmux$442.
    dead port 2/2 on $mux $procmux$448.
    dead port 2/2 on $mux $procmux$454.
    dead port 2/2 on $mux $procmux$460.
    dead port 2/2 on $mux $procmux$466.
    dead port 2/2 on $mux $procmux$472.
    dead port 2/2 on $mux $procmux$478.
    dead port 2/2 on $mux $procmux$484.
    dead port 2/2 on $mux $procmux$490.
    dead port 2/2 on $mux $procmux$496.
    dead port 2/2 on $mux $procmux$502.
    dead port 2/2 on $mux $procmux$508.
    dead port 2/2 on $mux $procmux$514.
    dead port 2/2 on $mux $procmux$520.
    dead port 2/2 on $mux $procmux$526.
    dead port 2/2 on $mux $procmux$532.
    dead port 2/2 on $mux $procmux$538.
    dead port 2/2 on $mux $procmux$544.
    dead port 2/2 on $mux $procmux$550.
    dead port 2/2 on $mux $procmux$556.
Removed 63 multiplexer ports.
<suppressed ~13 debug messages>

27. Executing OPT_REDUCE pass (consolidate $*mux and $reduce_* inputs).
  Optimizing cells in module \FP32_Div.
    New ctrl vector for $pmux cell $procmux$565: { $procmux$568_CMP $auto$opt_reduce.cc:134:opt_pmux$644 }
  Optimizing cells in module \FP32_Div.
Performed a total of 1 changes.

28. Executing OPT_MERGE pass (detect identical cells).
Finding identical cells in module `\FP32_Div'.
Removed a total of 0 cells.

29. Executing OPT_DFF pass (perform DFF optimizations).

30. Executing OPT_CLEAN pass (remove unused cells and wires).
Finding unused cells or wires in module \FP32_Div..
Removed 0 unused cells and 68 unused wires.
<suppressed ~1 debug messages>

31. Executing OPT_EXPR pass (perform const folding).
Optimizing module FP32_Div.

32. Rerunning OPT passes. (Maybe there is more to do…)

33. Executing OPT_MUXTREE pass (detect dead branches in mux trees).
Running muxtree optimizer on module \FP32_Div..
  Creating internal representation of mux trees.
  Evaluating internal representation of mux trees.
  Analyzing evaluation results.
Removed 0 multiplexer ports.
<suppressed ~13 debug messages>

34. Executing OPT_REDUCE pass (consolidate $*mux and $reduce_* inputs).
  Optimizing cells in module \FP32_Div.
Performed a total of 0 changes.

35. Executing OPT_MERGE pass (detect identical cells).
Finding identical cells in module `\FP32_Div'.
Removed a total of 0 cells.

36. Executing OPT_DFF pass (perform DFF optimizations).

37. Executing OPT_CLEAN pass (remove unused cells and wires).
Finding unused cells or wires in module \FP32_Div..

38. Executing OPT_EXPR pass (perform const folding).
Optimizing module FP32_Div.

39. Executing FSM pass (extract and optimize FSM).

39.1. Executing FSM_DETECT pass (finding FSMs in design).

39.2. Executing FSM_EXTRACT pass (extracting FSM from design).

39.3. Executing FSM_OPT pass (simple optimizations of FSMs).

39.4. Executing OPT_CLEAN pass (remove unused cells and wires).
Finding unused cells or wires in module \FP32_Div..

39.5. Executing FSM_OPT pass (simple optimizations of FSMs).

39.6. Executing FSM_RECODE pass (re-assigning FSM state encoding).

39.7. Executing FSM_INFO pass (dumping all available information on FSM cells).

39.8. Executing FSM_MAP pass (mapping FSMs to basic logic).

40. Executing OPT_EXPR pass (perform const folding).
Optimizing module FP32_Div.

41. Executing OPT_MERGE pass (detect identical cells).
Finding identical cells in module `\FP32_Div'.
Removed a total of 0 cells.

42. Executing OPT_MUXTREE pass (detect dead branches in mux trees).
Running muxtree optimizer on module \FP32_Div..
  Creating internal representation of mux trees.
  Evaluating internal representation of mux trees.
  Analyzing evaluation results.
Removed 0 multiplexer ports.
<suppressed ~13 debug messages>

43. Executing OPT_REDUCE pass (consolidate $*mux and $reduce_* inputs).
  Optimizing cells in module \FP32_Div.
Performed a total of 0 changes.

44. Executing OPT_MERGE pass (detect identical cells).
Finding identical cells in module `\FP32_Div'.
Removed a total of 0 cells.

45. Executing OPT_DFF pass (perform DFF optimizations).
Adding EN signal on $procdff$635 ($dff) from module FP32_Div (D = $procmux$582_Y, Q = \four_man).
Adding EN signal on $procdff$634 ($dff) from module FP32_Div (D = $procmux$588_Y, Q = \expadd).
Adding SRST signal on $auto$ff.cc:266:slice$646 ($dffe) from module FP32_Div (D = $sub$/home/niko_tambornini/EE531/my_designs/FPU_32_Bit/FP32_Div.sv:125$144_Y [7:0], Q = \expadd, rval = 8'00000000).
Adding EN signal on $procdff$633 ($dff) from module FP32_Div (D = $procmux$594_Y, Q = \expmiddled).
Adding SRST signal on $auto$ff.cc:266:slice$648 ($dffe) from module FP32_Div (D = \expmiddlec, Q = \expmiddled, rval = 8'00000000).
Adding EN signal on $procdff$628 ($dff) from module FP32_Div (D = \expmiddleb, Q = \expmiddlec).
Adding EN signal on $procdff$627 ($dff) from module FP32_Div (D = $div$/home/niko_tambornini/EE531/my_designs/FPU_32_Bit/FP32_Div.sv:147$156_Y, Q = \mantisaresult).
Adding EN signal on $procdff$622 ($dff) from module FP32_Div (D = $0\expmiddleb[7:0], Q = \expmiddleb).
Adding EN signal on $procdff$621 ($dff) from module FP32_Div (D = { 40'0000000000000000000000000000000000000000 \mantisaB0 }, Q = \mantisaBshift).
Adding EN signal on $procdff$620 ($dff) from module FP32_Div (D = { \mantisaA0 40'0000000000000000000000000000000000000000 }, Q = \mantisaAshift).
Adding SRST signal on $procdff$615 ($dff) from module FP32_Div (D = \mantisaB, Q = \mantisaB0 [22:0], rval = 23'00000000000000000000000).
Adding SRST signal on $procdff$614 ($dff) from module FP32_Div (D = \mantisaA, Q = \mantisaA0 [22:0], rval = 23'00000000000000000000000).
Setting constant 0-bit at position 0 on $auto$ff.cc:266:slice$656 ($dffe) from module FP32_Div.
Setting constant 0-bit at position 1 on $auto$ff.cc:266:slice$656 ($dffe) from module FP32_Div.
Setting constant 0-bit at position 2 on $auto$ff.cc:266:slice$656 ($dffe) from module FP32_Div.
Setting constant 0-bit at position 3 on $auto$ff.cc:266:slice$656 ($dffe) from module FP32_Div.
Setting constant 0-bit at position 4 on $auto$ff.cc:266:slice$656 ($dffe) from module FP32_Div.
Setting constant 0-bit at position 5 on $auto$ff.cc:266:slice$656 ($dffe) from module FP32_Div.
Setting constant 0-bit at position 6 on $auto$ff.cc:266:slice$656 ($dffe) from module FP32_Div.
Setting constant 0-bit at position 7 on $auto$ff.cc:266:slice$656 ($dffe) from module FP32_Div.
Setting constant 0-bit at position 8 on $auto$ff.cc:266:slice$656 ($dffe) from module FP32_Div.
Setting constant 0-bit at position 9 on $auto$ff.cc:266:slice$656 ($dffe) from module FP32_Div.
Setting constant 0-bit at position 10 on $auto$ff.cc:266:slice$656 ($dffe) from module FP32_Div.
Setting constant 0-bit at position 11 on $auto$ff.cc:266:slice$656 ($dffe) from module FP32_Div.
Setting constant 0-bit at position 12 on $auto$ff.cc:266:slice$656 ($dffe) from module FP32_Div.
Setting constant 0-bit at position 13 on $auto$ff.cc:266:slice$656 ($dffe) from module FP32_Div.
Setting constant 0-bit at position 14 on $auto$ff.cc:266:slice$656 ($dffe) from module FP32_Div.
Setting constant 0-bit at position 15 on $auto$ff.cc:266:slice$656 ($dffe) from module FP32_Div.
Setting constant 0-bit at position 16 on $auto$ff.cc:266:slice$656 ($dffe) from module FP32_Div.
Setting constant 0-bit at position 17 on $auto$ff.cc:266:slice$656 ($dffe) from module FP32_Div.
Setting constant 0-bit at position 18 on $auto$ff.cc:266:slice$656 ($dffe) from module FP32_Div.
Setting constant 0-bit at position 19 on $auto$ff.cc:266:slice$656 ($dffe) from module FP32_Div.
Setting constant 0-bit at position 20 on $auto$ff.cc:266:slice$656 ($dffe) from module FP32_Div.
Setting constant 0-bit at position 21 on $auto$ff.cc:266:slice$656 ($dffe) from module FP32_Div.
Setting constant 0-bit at position 22 on $auto$ff.cc:266:slice$656 ($dffe) from module FP32_Div.
Setting constant 0-bit at position 23 on $auto$ff.cc:266:slice$656 ($dffe) from module FP32_Div.
Setting constant 0-bit at position 24 on $auto$ff.cc:266:slice$656 ($dffe) from module FP32_Div.
Setting constant 0-bit at position 25 on $auto$ff.cc:266:slice$656 ($dffe) from module FP32_Div.
Setting constant 0-bit at position 26 on $auto$ff.cc:266:slice$656 ($dffe) from module FP32_Div.
Setting constant 0-bit at position 27 on $auto$ff.cc:266:slice$656 ($dffe) from module FP32_Div.
Setting constant 0-bit at position 28 on $auto$ff.cc:266:slice$656 ($dffe) from module FP32_Div.
Setting constant 0-bit at position 29 on $auto$ff.cc:266:slice$656 ($dffe) from module FP32_Div.
Setting constant 0-bit at position 30 on $auto$ff.cc:266:slice$656 ($dffe) from module FP32_Div.
Setting constant 0-bit at position 31 on $auto$ff.cc:266:slice$656 ($dffe) from module FP32_Div.
Setting constant 0-bit at position 32 on $auto$ff.cc:266:slice$656 ($dffe) from module FP32_Div.
Setting constant 0-bit at position 33 on $auto$ff.cc:266:slice$656 ($dffe) from module FP32_Div.
Setting constant 0-bit at position 34 on $auto$ff.cc:266:slice$656 ($dffe) from module FP32_Div.
Setting constant 0-bit at position 35 on $auto$ff.cc:266:slice$656 ($dffe) from module FP32_Div.
Setting constant 0-bit at position 36 on $auto$ff.cc:266:slice$656 ($dffe) from module FP32_Div.
Setting constant 0-bit at position 37 on $auto$ff.cc:266:slice$656 ($dffe) from module FP32_Div.
Setting constant 0-bit at position 38 on $auto$ff.cc:266:slice$656 ($dffe) from module FP32_Div.
Setting constant 0-bit at position 39 on $auto$ff.cc:266:slice$656 ($dffe) from module FP32_Div.
Setting constant 0-bit at position 24 on $auto$ff.cc:266:slice$655 ($dffe) from module FP32_Div.
Setting constant 0-bit at position 25 on $auto$ff.cc:266:slice$655 ($dffe) from module FP32_Div.
Setting constant 0-bit at position 26 on $auto$ff.cc:266:slice$655 ($dffe) from module FP32_Div.
Setting constant 0-bit at position 27 on $auto$ff.cc:266:slice$655 ($dffe) from module FP32_Div.
Setting constant 0-bit at position 28 on $auto$ff.cc:266:slice$655 ($dffe) from module FP32_Div.
Setting constant 0-bit at position 29 on $auto$ff.cc:266:slice$655 ($dffe) from module FP32_Div.
Setting constant 0-bit at position 30 on $auto$ff.cc:266:slice$655 ($dffe) from module FP32_Div.
Setting constant 0-bit at position 31 on $auto$ff.cc:266:slice$655 ($dffe) from module FP32_Div.
Setting constant 0-bit at position 32 on $auto$ff.cc:266:slice$655 ($dffe) from module FP32_Div.
Setting constant 0-bit at position 33 on $auto$ff.cc:266:slice$655 ($dffe) from module FP32_Div.
Setting constant 0-bit at position 34 on $auto$ff.cc:266:slice$655 ($dffe) from module FP32_Div.
Setting constant 0-bit at position 35 on $auto$ff.cc:266:slice$655 ($dffe) from module FP32_Div.
Setting constant 0-bit at position 36 on $auto$ff.cc:266:slice$655 ($dffe) from module FP32_Div.
Setting constant 0-bit at position 37 on $auto$ff.cc:266:slice$655 ($dffe) from module FP32_Div.
Setting constant 0-bit at position 38 on $auto$ff.cc:266:slice$655 ($dffe) from module FP32_Div.
Setting constant 0-bit at position 39 on $auto$ff.cc:266:slice$655 ($dffe) from module FP32_Div.
Setting constant 0-bit at position 40 on $auto$ff.cc:266:slice$655 ($dffe) from module FP32_Div.
Setting constant 0-bit at position 41 on $auto$ff.cc:266:slice$655 ($dffe) from module FP32_Div.
Setting constant 0-bit at position 42 on $auto$ff.cc:266:slice$655 ($dffe) from module FP32_Div.
Setting constant 0-bit at position 43 on $auto$ff.cc:266:slice$655 ($dffe) from module FP32_Div.
Setting constant 0-bit at position 44 on $auto$ff.cc:266:slice$655 ($dffe) from module FP32_Div.
Setting constant 0-bit at position 45 on $auto$ff.cc:266:slice$655 ($dffe) from module FP32_Div.
Setting constant 0-bit at position 46 on $auto$ff.cc:266:slice$655 ($dffe) from module FP32_Div.
Setting constant 0-bit at position 47 on $auto$ff.cc:266:slice$655 ($dffe) from module FP32_Div.
Setting constant 0-bit at position 48 on $auto$ff.cc:266:slice$655 ($dffe) from module FP32_Div.
Setting constant 0-bit at position 49 on $auto$ff.cc:266:slice$655 ($dffe) from module FP32_Div.
Setting constant 0-bit at position 50 on $auto$ff.cc:266:slice$655 ($dffe) from module FP32_Div.
Setting constant 0-bit at position 51 on $auto$ff.cc:266:slice$655 ($dffe) from module FP32_Div.
Setting constant 0-bit at position 52 on $auto$ff.cc:266:slice$655 ($dffe) from module FP32_Div.
Setting constant 0-bit at position 53 on $auto$ff.cc:266:slice$655 ($dffe) from module FP32_Div.
Setting constant 0-bit at position 54 on $auto$ff.cc:266:slice$655 ($dffe) from module FP32_Div.
Setting constant 0-bit at position 55 on $auto$ff.cc:266:slice$655 ($dffe) from module FP32_Div.
Setting constant 0-bit at position 56 on $auto$ff.cc:266:slice$655 ($dffe) from module FP32_Div.
Setting constant 0-bit at position 57 on $auto$ff.cc:266:slice$655 ($dffe) from module FP32_Div.
Setting constant 0-bit at position 58 on $auto$ff.cc:266:slice$655 ($dffe) from module FP32_Div.
Setting constant 0-bit at position 59 on $auto$ff.cc:266:slice$655 ($dffe) from module FP32_Div.
Setting constant 0-bit at position 60 on $auto$ff.cc:266:slice$655 ($dffe) from module FP32_Div.
Setting constant 0-bit at position 61 on $auto$ff.cc:266:slice$655 ($dffe) from module FP32_Div.
Setting constant 0-bit at position 62 on $auto$ff.cc:266:slice$655 ($dffe) from module FP32_Div.
Setting constant 0-bit at position 63 on $auto$ff.cc:266:slice$655 ($dffe) from module FP32_Div.

46. Executing OPT_CLEAN pass (remove unused cells and wires).
Finding unused cells or wires in module \FP32_Div..
Removed 9 unused cells and 9 unused wires.
<suppressed ~10 debug messages>

47. Executing OPT_EXPR pass (perform const folding).
Optimizing module FP32_Div.
<suppressed ~1 debug messages>

48. Rerunning OPT passes. (Maybe there is more to do…)

49. Executing OPT_MUXTREE pass (detect dead branches in mux trees).
Running muxtree optimizer on module \FP32_Div..
  Creating internal representation of mux trees.
  Evaluating internal representation of mux trees.
  Analyzing evaluation results.
Removed 0 multiplexer ports.
<suppressed ~7 debug messages>

50. Executing OPT_REDUCE pass (consolidate $*mux and $reduce_* inputs).
  Optimizing cells in module \FP32_Div.
Performed a total of 0 changes.

51. Executing OPT_MERGE pass (detect identical cells).
Finding identical cells in module `\FP32_Div'.
Removed a total of 0 cells.

52. Executing OPT_DFF pass (perform DFF optimizations).

53. Executing OPT_CLEAN pass (remove unused cells and wires).
Finding unused cells or wires in module \FP32_Div..

54. Executing OPT_EXPR pass (perform const folding).
Optimizing module FP32_Div.

55. Executing WREDUCE pass (reducing word size of cells).
Removed top 40 bits (of 64) from port B of cell FP32_Div.$div$/home/niko_tambornini/EE531/my_designs/FPU_32_Bit/FP32_Div.sv:147$156 ($div).
Removed top 31 bits (of 32) from port Y of cell FP32_Div.$or$/home/niko_tambornini/EE531/my_designs/FPU_32_Bit/FP32_Div.sv:111$10 ($or).
Removed top 31 bits (of 32) from port A of cell FP32_Div.$or$/home/niko_tambornini/EE531/my_designs/FPU_32_Bit/FP32_Div.sv:111$11 ($or).
Removed top 31 bits (of 32) from port Y of cell FP32_Div.$or$/home/niko_tambornini/EE531/my_designs/FPU_32_Bit/FP32_Div.sv:111$11 ($or).
Removed top 31 bits (of 32) from port A of cell FP32_Div.$ne$/home/niko_tambornini/EE531/my_designs/FPU_32_Bit/FP32_Div.sv:111$12 ($ne).
Removed top 31 bits (of 32) from port B of cell FP32_Div.$ne$/home/niko_tambornini/EE531/my_designs/FPU_32_Bit/FP32_Div.sv:111$12 ($ne).
Removed top 24 bits (of 64) from FF cell FP32_Div.$auto$ff.cc:266:slice$645 ($dffe).
Removed top 1 bits (of 2) from port B of cell FP32_Div.$eq$/home/niko_tambornini/EE531/my_designs/FPU_32_Bit/FP32_Div.sv:114$17 ($eq).
Removed top 2 bits (of 3) from port B of cell FP32_Div.$eq$/home/niko_tambornini/EE531/my_designs/FPU_32_Bit/FP32_Div.sv:114$19 ($eq).
Removed top 3 bits (of 4) from port B of cell FP32_Div.$eq$/home/niko_tambornini/EE531/my_designs/FPU_32_Bit/FP32_Div.sv:114$21 ($eq).
Removed top 4 bits (of 5) from port B of cell FP32_Div.$eq$/home/niko_tambornini/EE531/my_designs/FPU_32_Bit/FP32_Div.sv:114$23 ($eq).
Removed top 5 bits (of 6) from port B of cell FP32_Div.$eq$/home/niko_tambornini/EE531/my_designs/FPU_32_Bit/FP32_Div.sv:114$25 ($eq).
Removed top 6 bits (of 7) from port B of cell FP32_Div.$eq$/home/niko_tambornini/EE531/my_designs/FPU_32_Bit/FP32_Div.sv:114$27 ($eq).
Removed top 7 bits (of 8) from port B of cell FP32_Div.$eq$/home/niko_tambornini/EE531/my_designs/FPU_32_Bit/FP32_Div.sv:114$29 ($eq).
Removed top 8 bits (of 9) from port B of cell FP32_Div.$eq$/home/niko_tambornini/EE531/my_designs/FPU_32_Bit/FP32_Div.sv:114$31 ($eq).
Removed top 9 bits (of 10) from port B of cell FP32_Div.$eq$/home/niko_tambornini/EE531/my_designs/FPU_32_Bit/FP32_Div.sv:114$33 ($eq).
Removed top 10 bits (of 11) from port B of cell FP32_Div.$eq$/home/niko_tambornini/EE531/my_designs/FPU_32_Bit/FP32_Div.sv:114$35 ($eq).
Removed top 11 bits (of 12) from port B of cell FP32_Div.$eq$/home/niko_tambornini/EE531/my_designs/FPU_32_Bit/FP32_Div.sv:114$37 ($eq).
Removed top 12 bits (of 13) from port B of cell FP32_Div.$eq$/home/niko_tambornini/EE531/my_designs/FPU_32_Bit/FP32_Div.sv:114$39 ($eq).
Removed top 13 bits (of 14) from port B of cell FP32_Div.$eq$/home/niko_tambornini/EE531/my_designs/FPU_32_Bit/FP32_Div.sv:114$41 ($eq).
Removed top 14 bits (of 15) from port B of cell FP32_Div.$eq$/home/niko_tambornini/EE531/my_designs/FPU_32_Bit/FP32_Div.sv:114$43 ($eq).
Removed top 15 bits (of 16) from port B of cell FP32_Div.$eq$/home/niko_tambornini/EE531/my_designs/FPU_32_Bit/FP32_Div.sv:114$45 ($eq).
Removed top 16 bits (of 17) from port B of cell FP32_Div.$eq$/home/niko_tambornini/EE531/my_designs/FPU_32_Bit/FP32_Div.sv:114$47 ($eq).
Removed top 17 bits (of 18) from port B of cell FP32_Div.$eq$/home/niko_tambornini/EE531/my_designs/FPU_32_Bit/FP32_Div.sv:114$49 ($eq).
Removed top 18 bits (of 19) from port B of cell FP32_Div.$eq$/home/niko_tambornini/EE531/my_designs/FPU_32_Bit/FP32_Div.sv:114$51 ($eq).
Removed top 19 bits (of 20) from port B of cell FP32_Div.$eq$/home/niko_tambornini/EE531/my_designs/FPU_32_Bit/FP32_Div.sv:114$53 ($eq).
Removed top 20 bits (of 21) from port B of cell FP32_Div.$eq$/home/niko_tambornini/EE531/my_designs/FPU_32_Bit/FP32_Div.sv:114$55 ($eq).
Removed top 21 bits (of 22) from port B of cell FP32_Div.$eq$/home/niko_tambornini/EE531/my_designs/FPU_32_Bit/FP32_Div.sv:114$57 ($eq).
Removed top 22 bits (of 23) from port B of cell FP32_Div.$eq$/home/niko_tambornini/EE531/my_designs/FPU_32_Bit/FP32_Div.sv:114$59 ($eq).
Removed top 23 bits (of 24) from port B of cell FP32_Div.$eq$/home/niko_tambornini/EE531/my_designs/FPU_32_Bit/FP32_Div.sv:114$61 ($eq).
Removed top 24 bits (of 25) from port B of cell FP32_Div.$eq$/home/niko_tambornini/EE531/my_designs/FPU_32_Bit/FP32_Div.sv:114$63 ($eq).
Removed top 25 bits (of 26) from port B of cell FP32_Div.$eq$/home/niko_tambornini/EE531/my_designs/FPU_32_Bit/FP32_Div.sv:114$65 ($eq).
Removed top 26 bits (of 27) from port B of cell FP32_Div.$eq$/home/niko_tambornini/EE531/my_designs/FPU_32_Bit/FP32_Div.sv:114$67 ($eq).
Removed top 27 bits (of 28) from port B of cell FP32_Div.$eq$/home/niko_tambornini/EE531/my_designs/FPU_32_Bit/FP32_Div.sv:114$69 ($eq).
Removed top 28 bits (of 29) from port B of cell FP32_Div.$eq$/home/niko_tambornini/EE531/my_designs/FPU_32_Bit/FP32_Div.sv:114$71 ($eq).
Removed top 29 bits (of 30) from port B of cell FP32_Div.$eq$/home/niko_tambornini/EE531/my_designs/FPU_32_Bit/FP32_Div.sv:114$73 ($eq).
Removed top 30 bits (of 31) from port B of cell FP32_Div.$eq$/home/niko_tambornini/EE531/my_designs/FPU_32_Bit/FP32_Div.sv:114$75 ($eq).
Removed top 31 bits (of 32) from port B of cell FP32_Div.$eq$/home/niko_tambornini/EE531/my_designs/FPU_32_Bit/FP32_Div.sv:114$77 ($eq).
Removed top 32 bits (of 33) from port B of cell FP32_Div.$eq$/home/niko_tambornini/EE531/my_designs/FPU_32_Bit/FP32_Div.sv:114$79 ($eq).
Removed top 33 bits (of 34) from port B of cell FP32_Div.$eq$/home/niko_tambornini/EE531/my_designs/FPU_32_Bit/FP32_Div.sv:114$81 ($eq).
Removed top 34 bits (of 35) from port B of cell FP32_Div.$eq$/home/niko_tambornini/EE531/my_designs/FPU_32_Bit/FP32_Div.sv:114$83 ($eq).
Removed top 35 bits (of 36) from port B of cell FP32_Div.$eq$/home/niko_tambornini/EE531/my_designs/FPU_32_Bit/FP32_Div.sv:114$85 ($eq).
Removed top 36 bits (of 37) from port B of cell FP32_Div.$eq$/home/niko_tambornini/EE531/my_designs/FPU_32_Bit/FP32_Div.sv:114$87 ($eq).
Removed top 37 bits (of 38) from port B of cell FP32_Div.$eq$/home/niko_tambornini/EE531/my_designs/FPU_32_Bit/FP32_Div.sv:114$89 ($eq).
Removed top 38 bits (of 39) from port B of cell FP32_Div.$eq$/home/niko_tambornini/EE531/my_designs/FPU_32_Bit/FP32_Div.sv:114$91 ($eq).
Removed top 39 bits (of 40) from port B of cell FP32_Div.$eq$/home/niko_tambornini/EE531/my_designs/FPU_32_Bit/FP32_Div.sv:114$93 ($eq).
Removed top 40 bits (of 41) from port B of cell FP32_Div.$eq$/home/niko_tambornini/EE531/my_designs/FPU_32_Bit/FP32_Div.sv:114$95 ($eq).
Removed top 41 bits (of 42) from port B of cell FP32_Div.$eq$/home/niko_tambornini/EE531/my_designs/FPU_32_Bit/FP32_Div.sv:114$97 ($eq).
Removed top 42 bits (of 43) from port B of cell FP32_Div.$eq$/home/niko_tambornini/EE531/my_designs/FPU_32_Bit/FP32_Div.sv:114$99 ($eq).
Removed top 43 bits (of 44) from port B of cell FP32_Div.$eq$/home/niko_tambornini/EE531/my_designs/FPU_32_Bit/FP32_Div.sv:114$101 ($eq).
Removed top 44 bits (of 45) from port B of cell FP32_Div.$eq$/home/niko_tambornini/EE531/my_designs/FPU_32_Bit/FP32_Div.sv:114$103 ($eq).
Removed top 45 bits (of 46) from port B of cell FP32_Div.$eq$/home/niko_tambornini/EE531/my_designs/FPU_32_Bit/FP32_Div.sv:114$105 ($eq).
Removed top 46 bits (of 47) from port B of cell FP32_Div.$eq$/home/niko_tambornini/EE531/my_designs/FPU_32_Bit/FP32_Div.sv:114$107 ($eq).
Removed top 47 bits (of 48) from port B of cell FP32_Div.$eq$/home/niko_tambornini/EE531/my_designs/FPU_32_Bit/FP32_Div.sv:114$109 ($eq).
Removed top 48 bits (of 49) from port B of cell FP32_Div.$eq$/home/niko_tambornini/EE531/my_designs/FPU_32_Bit/FP32_Div.sv:114$111 ($eq).
Removed top 49 bits (of 50) from port B of cell FP32_Div.$eq$/home/niko_tambornini/EE531/my_designs/FPU_32_Bit/FP32_Div.sv:114$113 ($eq).
Removed top 50 bits (of 51) from port B of cell FP32_Div.$eq$/home/niko_tambornini/EE531/my_designs/FPU_32_Bit/FP32_Div.sv:114$115 ($eq).
Removed top 51 bits (of 52) from port B of cell FP32_Div.$eq$/home/niko_tambornini/EE531/my_designs/FPU_32_Bit/FP32_Div.sv:114$117 ($eq).
Removed top 52 bits (of 53) from port B of cell FP32_Div.$eq$/home/niko_tambornini/EE531/my_designs/FPU_32_Bit/FP32_Div.sv:114$119 ($eq).
Removed top 53 bits (of 54) from port B of cell FP32_Div.$eq$/home/niko_tambornini/EE531/my_designs/FPU_32_Bit/FP32_Div.sv:114$121 ($eq).
Removed top 54 bits (of 55) from port B of cell FP32_Div.$eq$/home/niko_tambornini/EE531/my_designs/FPU_32_Bit/FP32_Div.sv:114$123 ($eq).
Removed top 55 bits (of 56) from port B of cell FP32_Div.$eq$/home/niko_tambornini/EE531/my_designs/FPU_32_Bit/FP32_Div.sv:114$125 ($eq).
Removed top 56 bits (of 57) from port B of cell FP32_Div.$eq$/home/niko_tambornini/EE531/my_designs/FPU_32_Bit/FP32_Div.sv:114$127 ($eq).
Removed top 57 bits (of 58) from port B of cell FP32_Div.$eq$/home/niko_tambornini/EE531/my_designs/FPU_32_Bit/FP32_Div.sv:114$129 ($eq).
Removed top 58 bits (of 59) from port B of cell FP32_Div.$eq$/home/niko_tambornini/EE531/my_designs/FPU_32_Bit/FP32_Div.sv:114$131 ($eq).
Removed top 59 bits (of 60) from port B of cell FP32_Div.$eq$/home/niko_tambornini/EE531/my_designs/FPU_32_Bit/FP32_Div.sv:114$133 ($eq).
Removed top 60 bits (of 61) from port B of cell FP32_Div.$eq$/home/niko_tambornini/EE531/my_designs/FPU_32_Bit/FP32_Div.sv:114$135 ($eq).
Removed top 61 bits (of 62) from port B of cell FP32_Div.$eq$/home/niko_tambornini/EE531/my_designs/FPU_32_Bit/FP32_Div.sv:114$137 ($eq).
Removed top 62 bits (of 63) from port B of cell FP32_Div.$eq$/home/niko_tambornini/EE531/my_designs/FPU_32_Bit/FP32_Div.sv:114$139 ($eq).
Removed top 26 bits (of 32) from port B of cell FP32_Div.$sub$/home/niko_tambornini/EE531/my_designs/FPU_32_Bit/FP32_Div.sv:125$144 ($sub).
Removed top 23 bits (of 32) from port Y of cell FP32_Div.$sub$/home/niko_tambornini/EE531/my_designs/FPU_32_Bit/FP32_Div.sv:125$144 ($sub).
Removed top 26 bits (of 32) from port B of cell FP32_Div.$ge$/home/niko_tambornini/EE531/my_designs/FPU_32_Bit/FP32_Div.sv:129$145 ($ge).
Removed top 26 bits (of 32) from port A of cell FP32_Div.$sub$/home/niko_tambornini/EE531/my_designs/FPU_32_Bit/FP32_Div.sv:132$148 ($sub).
Removed top 23 bits (of 32) from port Y of cell FP32_Div.$sub$/home/niko_tambornini/EE531/my_designs/FPU_32_Bit/FP32_Div.sv:132$148 ($sub).
Removed top 31 bits (of 32) from port Y of cell FP32_Div.$or$/home/niko_tambornini/EE531/my_designs/FPU_32_Bit/FP32_Div.sv:146$153 ($or).
Removed top 31 bits (of 32) from port A of cell FP32_Div.$or$/home/niko_tambornini/EE531/my_designs/FPU_32_Bit/FP32_Div.sv:146$154 ($or).
Removed top 31 bits (of 32) from port Y of cell FP32_Div.$or$/home/niko_tambornini/EE531/my_designs/FPU_32_Bit/FP32_Div.sv:146$154 ($or).
Removed top 31 bits (of 32) from port A of cell FP32_Div.$ne$/home/niko_tambornini/EE531/my_designs/FPU_32_Bit/FP32_Div.sv:146$155 ($ne).
Removed top 31 bits (of 32) from port B of cell FP32_Div.$ne$/home/niko_tambornini/EE531/my_designs/FPU_32_Bit/FP32_Div.sv:146$155 ($ne).
Removed top 31 bits (of 32) from port Y of cell FP32_Div.$or$/home/niko_tambornini/EE531/my_designs/FPU_32_Bit/FP32_Div.sv:159$157 ($or).
Removed top 31 bits (of 32) from port A of cell FP32_Div.$or$/home/niko_tambornini/EE531/my_designs/FPU_32_Bit/FP32_Div.sv:159$158 ($or).
Removed top 31 bits (of 32) from port Y of cell FP32_Div.$or$/home/niko_tambornini/EE531/my_designs/FPU_32_Bit/FP32_Div.sv:159$158 ($or).
Removed top 31 bits (of 32) from port A of cell FP32_Div.$ne$/home/niko_tambornini/EE531/my_designs/FPU_32_Bit/FP32_Div.sv:159$159 ($ne).
Removed top 31 bits (of 32) from port B of cell FP32_Div.$ne$/home/niko_tambornini/EE531/my_designs/FPU_32_Bit/FP32_Div.sv:159$159 ($ne).
Removed top 23 bits (of 32) from port Y of cell FP32_Div.$sub$/home/niko_tambornini/EE531/my_designs/FPU_32_Bit/FP32_Div.sv:174$169 ($sub).
Removed top 25 bits (of 32) from port B of cell FP32_Div.$add$/home/niko_tambornini/EE531/my_designs/FPU_32_Bit/FP32_Div.sv:174$170 ($add).
Removed top 24 bits (of 32) from port Y of cell FP32_Div.$add$/home/niko_tambornini/EE531/my_designs/FPU_32_Bit/FP32_Div.sv:174$170 ($add).
Removed top 24 bits (of 32) from port A of cell FP32_Div.$add$/home/niko_tambornini/EE531/my_designs/FPU_32_Bit/FP32_Div.sv:174$170 ($add).
Removed top 8 bits (of 32) from mux cell FP32_Div.$ternary$/home/niko_tambornini/EE531/my_designs/FPU_32_Bit/FP32_Div.sv:176$172 ($mux).
Removed top 8 bits (of 32) from mux cell FP32_Div.$ternary$/home/niko_tambornini/EE531/my_designs/FPU_32_Bit/FP32_Div.sv:177$173 ($mux).
Removed top 1 bits (of 3) from port B of cell FP32_Div.$procmux$567_CMP0 ($eq).
Removed top 24 bits (of 64) from mux cell FP32_Div.$procmux$582 ($mux).
Removed top 24 bits (of 64) from port Y of cell FP32_Div.$shr$/home/niko_tambornini/EE531/my_designs/FPU_32_Bit/FP32_Div.sv:130$147 ($shr).
Removed top 1 bits (of 9) from port Y of cell FP32_Div.$sub$/home/niko_tambornini/EE531/my_designs/FPU_32_Bit/FP32_Div.sv:174$169 ($sub).
Removed top 24 bits (of 64) from mux cell FP32_Div.$procmux$579 ($mux).
Removed top 24 bits (of 64) from port Y of cell FP32_Div.$shl$/home/niko_tambornini/EE531/my_designs/FPU_32_Bit/FP32_Div.sv:133$151 ($shl).
Removed top 24 bits (of 64) from port Y of cell FP32_Div.$shl$/home/niko_tambornini/EE531/my_designs/FPU_32_Bit/FP32_Div.sv:135$152 ($shl).
Removed top 31 bits (of 32) from wire FP32_Div.$or$/home/niko_tambornini/EE531/my_designs/FPU_32_Bit/FP32_Div.sv:111$10_Y.
Removed top 31 bits (of 32) from wire FP32_Div.$or$/home/niko_tambornini/EE531/my_designs/FPU_32_Bit/FP32_Div.sv:111$11_Y.
Removed top 31 bits (of 32) from wire FP32_Div.$or$/home/niko_tambornini/EE531/my_designs/FPU_32_Bit/FP32_Div.sv:146$153_Y.
Removed top 31 bits (of 32) from wire FP32_Div.$or$/home/niko_tambornini/EE531/my_designs/FPU_32_Bit/FP32_Div.sv:146$154_Y.
Removed top 31 bits (of 32) from wire FP32_Div.$or$/home/niko_tambornini/EE531/my_designs/FPU_32_Bit/FP32_Div.sv:159$157_Y.
Removed top 31 bits (of 32) from wire FP32_Div.$or$/home/niko_tambornini/EE531/my_designs/FPU_32_Bit/FP32_Div.sv:159$158_Y.
Removed top 24 bits (of 64) from wire FP32_Div.$procmux$579_Y.
Removed top 24 bits (of 64) from wire FP32_Div.$procmux$582_Y.
Removed top 24 bits (of 64) from wire FP32_Div.$shl$/home/niko_tambornini/EE531/my_designs/FPU_32_Bit/FP32_Div.sv:133$151_Y.
Removed top 24 bits (of 64) from wire FP32_Div.$shr$/home/niko_tambornini/EE531/my_designs/FPU_32_Bit/FP32_Div.sv:130$147_Y.
Removed top 28 bits (of 32) from wire FP32_Div.$sub$/home/niko_tambornini/EE531/my_designs/FPU_32_Bit/FP32_Div.sv:174$169_Y.
Removed top 24 bits (of 64) from wire FP32_Div.four_man.
Removed top 40 bits (of 64) from wire FP32_Div.mantisaBshift.

56. Executing PEEPOPT pass (run peephole optimizers).

57. Executing OPT_CLEAN pass (remove unused cells and wires).
Finding unused cells or wires in module \FP32_Div..
Removed 0 unused cells and 16 unused wires.
<suppressed ~1 debug messages>

58. Executing ALUMACC pass (create $alu and $macc cells).
Extracting $alu and $macc cells in module FP32_Div:
  creating $macc model for $add$/home/niko_tambornini/EE531/my_designs/FPU_32_Bit/FP32_Div.sv:174$170 ($add).
  creating $macc model for $add$/home/niko_tambornini/EE531/my_designs/FPU_32_Bit/FP32_Div.sv:85$9 ($add).
  creating $macc model for $sub$/home/niko_tambornini/EE531/my_designs/FPU_32_Bit/FP32_Div.sv:125$144 ($sub).
  creating $macc model for $sub$/home/niko_tambornini/EE531/my_designs/FPU_32_Bit/FP32_Div.sv:132$148 ($sub).
  creating $macc model for $sub$/home/niko_tambornini/EE531/my_designs/FPU_32_Bit/FP32_Div.sv:174$169 ($sub).
  merging $macc model for $sub$/home/niko_tambornini/EE531/my_designs/FPU_32_Bit/FP32_Div.sv:174$169 into $add$/home/niko_tambornini/EE531/my_designs/FPU_32_Bit/FP32_Div.sv:174$170.
  creating $alu model for $macc $sub$/home/niko_tambornini/EE531/my_designs/FPU_32_Bit/FP32_Div.sv:132$148.
  creating $alu model for $macc $sub$/home/niko_tambornini/EE531/my_designs/FPU_32_Bit/FP32_Div.sv:125$144.
  creating $alu model for $macc $add$/home/niko_tambornini/EE531/my_designs/FPU_32_Bit/FP32_Div.sv:85$9.
  creating $macc cell for $add$/home/niko_tambornini/EE531/my_designs/FPU_32_Bit/FP32_Div.sv:174$170: $auto$alumacc.cc:365:replace_macc$676
  creating $alu model for $ge$/home/niko_tambornini/EE531/my_designs/FPU_32_Bit/FP32_Div.sv:129$145 ($ge): merged with $sub$/home/niko_tambornini/EE531/my_designs/FPU_32_Bit/FP32_Div.sv:132$148.
  creating $alu model for $gt$/home/niko_tambornini/EE531/my_designs/FPU_32_Bit/FP32_Div.sv:132$149 ($gt): new $alu
  creating $alu cell for $gt$/home/niko_tambornini/EE531/my_designs/FPU_32_Bit/FP32_Div.sv:132$149: $auto$alumacc.cc:485:replace_alu$678
  creating $alu cell for $add$/home/niko_tambornini/EE531/my_designs/FPU_32_Bit/FP32_Div.sv:85$9: $auto$alumacc.cc:485:replace_alu$689
  creating $alu cell for $sub$/home/niko_tambornini/EE531/my_designs/FPU_32_Bit/FP32_Div.sv:125$144: $auto$alumacc.cc:485:replace_alu$692
  creating $alu cell for $sub$/home/niko_tambornini/EE531/my_designs/FPU_32_Bit/FP32_Div.sv:132$148, $ge$/home/niko_tambornini/EE531/my_designs/FPU_32_Bit/FP32_Div.sv:129$145: $auto$alumacc.cc:485:replace_alu$695
  created 4 $alu and 1 $macc cells.

59. Executing SHARE pass (SAT-based resource sharing).
Found 3 cells in module FP32_Div that may be considered for resource sharing.
  Analyzing resource sharing options for $shr$/home/niko_tambornini/EE531/my_designs/FPU_32_Bit/FP32_Div.sv:130$147 ($shr):
    Found 1 activation_patterns using ctrl signal $auto$rtlil.cc:2497:ReduceOr$703.
    No candidates found.
  Analyzing resource sharing options for $shl$/home/niko_tambornini/EE531/my_designs/FPU_32_Bit/FP32_Div.sv:135$152 ($shl):
    Found 1 activation_patterns using ctrl signal { $auto$rtlil.cc:2497:ReduceOr$703 $auto$rtlil.cc:2493:Not$688 }.
    No candidates found.
  Analyzing resource sharing options for $shl$/home/niko_tambornini/EE531/my_designs/FPU_32_Bit/FP32_Div.sv:133$151 ($shl):
    Found 1 activation_patterns using ctrl signal { $auto$rtlil.cc:2497:ReduceOr$703 $auto$rtlil.cc:2493:Not$688 }.
    No candidates found.

60. Executing OPT_EXPR pass (perform const folding).
Optimizing module FP32_Div.
<suppressed ~14 debug messages>

61. Executing OPT_MERGE pass (detect identical cells).
Finding identical cells in module `\FP32_Div'.
Removed a total of 0 cells.

62. Executing OPT_MUXTREE pass (detect dead branches in mux trees).
Running muxtree optimizer on module \FP32_Div..
  Creating internal representation of mux trees.
  Evaluating internal representation of mux trees.
  Analyzing evaluation results.
Removed 0 multiplexer ports.
<suppressed ~7 debug messages>

63. Executing OPT_REDUCE pass (consolidate $*mux and $reduce_* inputs).
  Optimizing cells in module \FP32_Div.
Performed a total of 0 changes.

64. Executing OPT_MERGE pass (detect identical cells).
Finding identical cells in module `\FP32_Div'.
Removed a total of 0 cells.

65. Executing OPT_DFF pass (perform DFF optimizations).

66. Executing OPT_CLEAN pass (remove unused cells and wires).
Finding unused cells or wires in module \FP32_Div..
Removed 3 unused cells and 5 unused wires.
<suppressed ~4 debug messages>

67. Executing OPT_EXPR pass (perform const folding).
Optimizing module FP32_Div.

68. Rerunning OPT passes. (Maybe there is more to do…)

69. Executing OPT_MUXTREE pass (detect dead branches in mux trees).
Running muxtree optimizer on module \FP32_Div..
  Creating internal representation of mux trees.
  Evaluating internal representation of mux trees.
  Analyzing evaluation results.
Removed 0 multiplexer ports.
<suppressed ~7 debug messages>

70. Executing OPT_REDUCE pass (consolidate $*mux and $reduce_* inputs).
  Optimizing cells in module \FP32_Div.
Performed a total of 0 changes.

71. Executing OPT_MERGE pass (detect identical cells).
Finding identical cells in module `\FP32_Div'.
Removed a total of 0 cells.

72. Executing OPT_DFF pass (perform DFF optimizations).

73. Executing OPT_CLEAN pass (remove unused cells and wires).
Finding unused cells or wires in module \FP32_Div..

74. Executing OPT_EXPR pass (perform const folding).
Optimizing module FP32_Div.

75. Executing MEMORY pass.

75.1. Executing OPT_MEM pass (optimize memories).
Performed a total of 0 transformations.

75.2. Executing OPT_MEM_PRIORITY pass (removing unnecessary memory write priority relations).
Performed a total of 0 transformations.

75.3. Executing OPT_MEM_FEEDBACK pass (finding memory read-to-write feedback paths).

75.4. Executing MEMORY_BMUX2ROM pass (converting muxes to ROMs).

75.5. Executing MEMORY_DFF pass (merging $dff cells to $memrd).

75.6. Executing OPT_CLEAN pass (remove unused cells and wires).
Finding unused cells or wires in module \FP32_Div..

75.7. Executing MEMORY_SHARE pass (consolidating $memrd/$memwr cells).

75.8. Executing OPT_MEM_WIDEN pass (optimize memories where all ports are wide).
Performed a total of 0 transformations.

75.9. Executing OPT_CLEAN pass (remove unused cells and wires).
Finding unused cells or wires in module \FP32_Div..

75.10. Executing MEMORY_COLLECT pass (generating $mem cells).

76. Executing OPT_CLEAN pass (remove unused cells and wires).
Finding unused cells or wires in module \FP32_Div..

77. Executing OPT_EXPR pass (perform const folding).
Optimizing module FP32_Div.
<suppressed ~4 debug messages>

78. Executing OPT_MERGE pass (detect identical cells).
Finding identical cells in module `\FP32_Div'.
Removed a total of 0 cells.

79. Executing OPT_DFF pass (perform DFF optimizations).

80. Executing OPT_CLEAN pass (remove unused cells and wires).
Finding unused cells or wires in module \FP32_Div..
Removed 3 unused cells and 6 unused wires.
<suppressed ~4 debug messages>

81. Executing MEMORY_MAP pass (converting memories to logic and flip-flops).

82. Executing OPT_EXPR pass (perform const folding).
Optimizing module FP32_Div.

83. Executing OPT_MERGE pass (detect identical cells).
Finding identical cells in module `\FP32_Div'.
Removed a total of 0 cells.

84. Executing OPT_MUXTREE pass (detect dead branches in mux trees).
Running muxtree optimizer on module \FP32_Div..
  Creating internal representation of mux trees.
  Evaluating internal representation of mux trees.
  Analyzing evaluation results.
Removed 0 multiplexer ports.
<suppressed ~6 debug messages>

85. Executing OPT_REDUCE pass (consolidate $*mux and $reduce_* inputs).
  Optimizing cells in module \FP32_Div.
    Consolidated identical input bits for $mux cell $procmux$554:
      Old ports: A=8'11111111, B=8'00111111, Y=$2\loop_exp_adj[7:0]
      New ports: A=1'1, B=1'0, Y=$2\loop_exp_adj[7:0] [6]
      New connections: { $2\loop_exp_adj[7:0] [7] $2\loop_exp_adj[7:0] [5:0] } = { $2\loop_exp_adj[7:0] [6] 6'111111 }
  Optimizing cells in module \FP32_Div.
    Consolidated identical input bits for $mux cell $procmux$548:
      Old ports: A=$2\loop_exp_adj[7:0], B=8'00111110, Y=$3\loop_exp_adj[7:0]
      New ports: A={ $2\loop_exp_adj[7:0] [6] 1'1 }, B=2'00, Y={ $3\loop_exp_adj[7:0] [6] $3\loop_exp_adj[7:0] [0] }
      New connections: { $3\loop_exp_adj[7:0] [7] $3\loop_exp_adj[7:0] [5:1] } = { $3\loop_exp_adj[7:0] [6] 5'11111 }
  Optimizing cells in module \FP32_Div.
    Consolidated identical input bits for $mux cell $procmux$542:
      Old ports: A=$3\loop_exp_adj[7:0], B=8'00111101, Y=$4\loop_exp_adj[7:0]
      New ports: A={ $3\loop_exp_adj[7:0] [6] 1'1 $3\loop_exp_adj[7:0] [0] }, B=3'001, Y={ $4\loop_exp_adj[7:0] [6] $4\loop_exp_adj[7:0] [1:0] }
      New connections: { $4\loop_exp_adj[7:0] [7] $4\loop_exp_adj[7:0] [5:2] } = { $4\loop_exp_adj[7:0] [6] 4'1111 }
  Optimizing cells in module \FP32_Div.
    Consolidated identical input bits for $mux cell $procmux$536:
      Old ports: A=$4\loop_exp_adj[7:0], B=8'00111100, Y=$5\loop_exp_adj[7:0]
      New ports: A={ $4\loop_exp_adj[7:0] [6] $4\loop_exp_adj[7:0] [1:0] }, B=3'000, Y={ $5\loop_exp_adj[7:0] [6] $5\loop_exp_adj[7:0] [1:0] }
      New connections: { $5\loop_exp_adj[7:0] [7] $5\loop_exp_adj[7:0] [5:2] } = { $5\loop_exp_adj[7:0] [6] 4'1111 }
  Optimizing cells in module \FP32_Div.
    Consolidated identical input bits for $mux cell $procmux$530:
      Old ports: A=$5\loop_exp_adj[7:0], B=8'00111011, Y=$6\loop_exp_adj[7:0]
      New ports: A={ $5\loop_exp_adj[7:0] [6] 1'1 $5\loop_exp_adj[7:0] [1:0] }, B=4'0011, Y={ $6\loop_exp_adj[7:0] [6] $6\loop_exp_adj[7:0] [2:0] }
      New connections: { $6\loop_exp_adj[7:0] [7] $6\loop_exp_adj[7:0] [5:3] } = { $6\loop_exp_adj[7:0] [6] 3'111 }
  Optimizing cells in module \FP32_Div.
    Consolidated identical input bits for $mux cell $procmux$524:
      Old ports: A=$6\loop_exp_adj[7:0], B=8'00111010, Y=$7\loop_exp_adj[7:0]
      New ports: A={ $6\loop_exp_adj[7:0] [6] $6\loop_exp_adj[7:0] [2:0] }, B=4'0010, Y={ $7\loop_exp_adj[7:0] [6] $7\loop_exp_adj[7:0] [2:0] }
      New connections: { $7\loop_exp_adj[7:0] [7] $7\loop_exp_adj[7:0] [5:3] } = { $7\loop_exp_adj[7:0] [6] 3'111 }
  Optimizing cells in module \FP32_Div.
    Consolidated identical input bits for $mux cell $procmux$518:
      Old ports: A=$7\loop_exp_adj[7:0], B=8'00111001, Y=$8\loop_exp_adj[7:0]
      New ports: A={ $7\loop_exp_adj[7:0] [6] $7\loop_exp_adj[7:0] [2:0] }, B=4'0001, Y={ $8\loop_exp_adj[7:0] [6] $8\loop_exp_adj[7:0] [2:0] }
      New connections: { $8\loop_exp_adj[7:0] [7] $8\loop_exp_adj[7:0] [5:3] } = { $8\loop_exp_adj[7:0] [6] 3'111 }
  Optimizing cells in module \FP32_Div.
    Consolidated identical input bits for $mux cell $procmux$512:
      Old ports: A=$8\loop_exp_adj[7:0], B=8'00111000, Y=$9\loop_exp_adj[7:0]
      New ports: A={ $8\loop_exp_adj[7:0] [6] $8\loop_exp_adj[7:0] [2:0] }, B=4'0000, Y={ $9\loop_exp_adj[7:0] [6] $9\loop_exp_adj[7:0] [2:0] }
      New connections: { $9\loop_exp_adj[7:0] [7] $9\loop_exp_adj[7:0] [5:3] } = { $9\loop_exp_adj[7:0] [6] 3'111 }
  Optimizing cells in module \FP32_Div.
    Consolidated identical input bits for $mux cell $procmux$506:
      Old ports: A=$9\loop_exp_adj[7:0], B=8'00110111, Y=$10\loop_exp_adj[7:0]
      New ports: A={ $9\loop_exp_adj[7:0] [6] 1'1 $9\loop_exp_adj[7:0] [2:0] }, B=5'00111, Y={ $10\loop_exp_adj[7:0] [6] $10\loop_exp_adj[7:0] [3:0] }
      New connections: { $10\loop_exp_adj[7:0] [7] $10\loop_exp_adj[7:0] [5:4] } = { $10\loop_exp_adj[7:0] [6] 2'11 }
  Optimizing cells in module \FP32_Div.
    Consolidated identical input bits for $mux cell $procmux$500:
      Old ports: A=$10\loop_exp_adj[7:0], B=8'00110110, Y=$11\loop_exp_adj[7:0]
      New ports: A={ $10\loop_exp_adj[7:0] [6] $10\loop_exp_adj[7:0] [3:0] }, B=5'00110, Y={ $11\loop_exp_adj[7:0] [6] $11\loop_exp_adj[7:0] [3:0] }
      New connections: { $11\loop_exp_adj[7:0] [7] $11\loop_exp_adj[7:0] [5:4] } = { $11\loop_exp_adj[7:0] [6] 2'11 }
  Optimizing cells in module \FP32_Div.
    Consolidated identical input bits for $mux cell $procmux$494:
      Old ports: A=$11\loop_exp_adj[7:0], B=8'00110101, Y=$12\loop_exp_adj[7:0]
      New ports: A={ $11\loop_exp_adj[7:0] [6] $11\loop_exp_adj[7:0] [3:0] }, B=5'00101, Y={ $12\loop_exp_adj[7:0] [6] $12\loop_exp_adj[7:0] [3:0] }
      New connections: { $12\loop_exp_adj[7:0] [7] $12\loop_exp_adj[7:0] [5:4] } = { $12\loop_exp_adj[7:0] [6] 2'11 }
  Optimizing cells in module \FP32_Div.
    Consolidated identical input bits for $mux cell $procmux$488:
      Old ports: A=$12\loop_exp_adj[7:0], B=8'00110100, Y=$13\loop_exp_adj[7:0]
      New ports: A={ $12\loop_exp_adj[7:0] [6] $12\loop_exp_adj[7:0] [3:0] }, B=5'00100, Y={ $13\loop_exp_adj[7:0] [6] $13\loop_exp_adj[7:0] [3:0] }
      New connections: { $13\loop_exp_adj[7:0] [7] $13\loop_exp_adj[7:0] [5:4] } = { $13\loop_exp_adj[7:0] [6] 2'11 }
  Optimizing cells in module \FP32_Div.
    Consolidated identical input bits for $mux cell $procmux$482:
      Old ports: A=$13\loop_exp_adj[7:0], B=8'00110011, Y=$14\loop_exp_adj[7:0]
      New ports: A={ $13\loop_exp_adj[7:0] [6] $13\loop_exp_adj[7:0] [3:0] }, B=5'00011, Y={ $14\loop_exp_adj[7:0] [6] $14\loop_exp_adj[7:0] [3:0] }
      New connections: { $14\loop_exp_adj[7:0] [7] $14\loop_exp_adj[7:0] [5:4] } = { $14\loop_exp_adj[7:0] [6] 2'11 }
  Optimizing cells in module \FP32_Div.
    Consolidated identical input bits for $mux cell $procmux$476:
      Old ports: A=$14\loop_exp_adj[7:0], B=8'00110010, Y=$15\loop_exp_adj[7:0]
      New ports: A={ $14\loop_exp_adj[7:0] [6] $14\loop_exp_adj[7:0] [3:0] }, B=5'00010, Y={ $15\loop_exp_adj[7:0] [6] $15\loop_exp_adj[7:0] [3:0] }
      New connections: { $15\loop_exp_adj[7:0] [7] $15\loop_exp_adj[7:0] [5:4] } = { $15\loop_exp_adj[7:0] [6] 2'11 }
  Optimizing cells in module \FP32_Div.
    Consolidated identical input bits for $mux cell $procmux$470:
      Old ports: A=$15\loop_exp_adj[7:0], B=8'00110001, Y=$16\loop_exp_adj[7:0]
      New ports: A={ $15\loop_exp_adj[7:0] [6] $15\loop_exp_adj[7:0] [3:0] }, B=5'00001, Y={ $16\loop_exp_adj[7:0] [6] $16\loop_exp_adj[7:0] [3:0] }
      New connections: { $16\loop_exp_adj[7:0] [7] $16\loop_exp_adj[7:0] [5:4] } = { $16\loop_exp_adj[7:0] [6] 2'11 }
  Optimizing cells in module \FP32_Div.
    Consolidated identical input bits for $mux cell $procmux$464:
      Old ports: A=$16\loop_exp_adj[7:0], B=8'00110000, Y=$17\loop_exp_adj[7:0]
      New ports: A={ $16\loop_exp_adj[7:0] [6] $16\loop_exp_adj[7:0] [3:0] }, B=5'00000, Y={ $17\loop_exp_adj[7:0] [6] $17\loop_exp_adj[7:0] [3:0] }
      New connections: { $17\loop_exp_adj[7:0] [7] $17\loop_exp_adj[7:0] [5:4] } = { $17\loop_exp_adj[7:0] [6] 2'11 }
  Optimizing cells in module \FP32_Div.
    Consolidated identical input bits for $mux cell $procmux$458:
      Old ports: A=$17\loop_exp_adj[7:0], B=8'00101111, Y=$18\loop_exp_adj[7:0]
      New ports: A={ $17\loop_exp_adj[7:0] [6] 1'1 $17\loop_exp_adj[7:0] [3:0] }, B=6'001111, Y={ $18\loop_exp_adj[7:0] [6] $18\loop_exp_adj[7:0] [4:0] }
      New connections: { $18\loop_exp_adj[7:0] [7] $18\loop_exp_adj[7:0] [5] } = { $18\loop_exp_adj[7:0] [6] 1'1 }
  Optimizing cells in module \FP32_Div.
    Consolidated identical input bits for $mux cell $procmux$452:
      Old ports: A=$18\loop_exp_adj[7:0], B=8'00101110, Y=$19\loop_exp_adj[7:0]
      New ports: A={ $18\loop_exp_adj[7:0] [6] $18\loop_exp_adj[7:0] [4:0] }, B=6'001110, Y={ $19\loop_exp_adj[7:0] [6] $19\loop_exp_adj[7:0] [4:0] }
      New connections: { $19\loop_exp_adj[7:0] [7] $19\loop_exp_adj[7:0] [5] } = { $19\loop_exp_adj[7:0] [6] 1'1 }
  Optimizing cells in module \FP32_Div.
    Consolidated identical input bits for $mux cell $procmux$446:
      Old ports: A=$19\loop_exp_adj[7:0], B=8'00101101, Y=$20\loop_exp_adj[7:0]
      New ports: A={ $19\loop_exp_adj[7:0] [6] $19\loop_exp_adj[7:0] [4:0] }, B=6'001101, Y={ $20\loop_exp_adj[7:0] [6] $20\loop_exp_adj[7:0] [4:0] }
      New connections: { $20\loop_exp_adj[7:0] [7] $20\loop_exp_adj[7:0] [5] } = { $20\loop_exp_adj[7:0] [6] 1'1 }
  Optimizing cells in module \FP32_Div.
    Consolidated identical input bits for $mux cell $procmux$440:
      Old ports: A=$20\loop_exp_adj[7:0], B=8'00101100, Y=$21\loop_exp_adj[7:0]
      New ports: A={ $20\loop_exp_adj[7:0] [6] $20\loop_exp_adj[7:0] [4:0] }, B=6'001100, Y={ $21\loop_exp_adj[7:0] [6] $21\loop_exp_adj[7:0] [4:0] }
      New connections: { $21\loop_exp_adj[7:0] [7] $21\loop_exp_adj[7:0] [5] } = { $21\loop_exp_adj[7:0] [6] 1'1 }
  Optimizing cells in module \FP32_Div.
    Consolidated identical input bits for $mux cell $procmux$434:
      Old ports: A=$21\loop_exp_adj[7:0], B=8'00101011, Y=$22\loop_exp_adj[7:0]
      New ports: A={ $21\loop_exp_adj[7:0] [6] $21\loop_exp_adj[7:0] [4:0] }, B=6'001011, Y={ $22\loop_exp_adj[7:0] [6] $22\loop_exp_adj[7:0] [4:0] }
      New connections: { $22\loop_exp_adj[7:0] [7] $22\loop_exp_adj[7:0] [5] } = { $22\loop_exp_adj[7:0] [6] 1'1 }
  Optimizing cells in module \FP32_Div.
    Consolidated identical input bits for $mux cell $procmux$428:
      Old ports: A=$22\loop_exp_adj[7:0], B=8'00101010, Y=$23\loop_exp_adj[7:0]
      New ports: A={ $22\loop_exp_adj[7:0] [6] $22\loop_exp_adj[7:0] [4:0] }, B=6'001010, Y={ $23\loop_exp_adj[7:0] [6] $23\loop_exp_adj[7:0] [4:0] }
      New connections: { $23\loop_exp_adj[7:0] [7] $23\loop_exp_adj[7:0] [5] } = { $23\loop_exp_adj[7:0] [6] 1'1 }
  Optimizing cells in module \FP32_Div.
    Consolidated identical input bits for $mux cell $procmux$422:
      Old ports: A=$23\loop_exp_adj[7:0], B=8'00101001, Y=$24\loop_exp_adj[7:0]
      New ports: A={ $23\loop_exp_adj[7:0] [6] $23\loop_exp_adj[7:0] [4:0] }, B=6'001001, Y={ $24\loop_exp_adj[7:0] [6] $24\loop_exp_adj[7:0] [4:0] }
      New connections: { $24\loop_exp_adj[7:0] [7] $24\loop_exp_adj[7:0] [5] } = { $24\loop_exp_adj[7:0] [6] 1'1 }
  Optimizing cells in module \FP32_Div.
    Consolidated identical input bits for $mux cell $procmux$416:
      Old ports: A=$24\loop_exp_adj[7:0], B=8'00101000, Y=$25\loop_exp_adj[7:0]
      New ports: A={ $24\loop_exp_adj[7:0] [6] $24\loop_exp_adj[7:0] [4:0] }, B=6'001000, Y={ $25\loop_exp_adj[7:0] [6] $25\loop_exp_adj[7:0] [4:0] }
      New connections: { $25\loop_exp_adj[7:0] [7] $25\loop_exp_adj[7:0] [5] } = { $25\loop_exp_adj[7:0] [6] 1'1 }
  Optimizing cells in module \FP32_Div.
    Consolidated identical input bits for $mux cell $procmux$410:
      Old ports: A=$25\loop_exp_adj[7:0], B=8'00100111, Y=$26\loop_exp_adj[7:0]
      New ports: A={ $25\loop_exp_adj[7:0] [6] $25\loop_exp_adj[7:0] [4:0] }, B=6'000111, Y={ $26\loop_exp_adj[7:0] [6] $26\loop_exp_adj[7:0] [4:0] }
      New connections: { $26\loop_exp_adj[7:0] [7] $26\loop_exp_adj[7:0] [5] } = { $26\loop_exp_adj[7:0] [6] 1'1 }
  Optimizing cells in module \FP32_Div.
    Consolidated identical input bits for $mux cell $procmux$404:
      Old ports: A=$26\loop_exp_adj[7:0], B=8'00100110, Y=$27\loop_exp_adj[7:0]
      New ports: A={ $26\loop_exp_adj[7:0] [6] $26\loop_exp_adj[7:0] [4:0] }, B=6'000110, Y={ $27\loop_exp_adj[7:0] [6] $27\loop_exp_adj[7:0] [4:0] }
      New connections: { $27\loop_exp_adj[7:0] [7] $27\loop_exp_adj[7:0] [5] } = { $27\loop_exp_adj[7:0] [6] 1'1 }
  Optimizing cells in module \FP32_Div.
    Consolidated identical input bits for $mux cell $procmux$398:
      Old ports: A=$27\loop_exp_adj[7:0], B=8'00100101, Y=$28\loop_exp_adj[7:0]
      New ports: A={ $27\loop_exp_adj[7:0] [6] $27\loop_exp_adj[7:0] [4:0] }, B=6'000101, Y={ $28\loop_exp_adj[7:0] [6] $28\loop_exp_adj[7:0] [4:0] }
      New connections: { $28\loop_exp_adj[7:0] [7] $28\loop_exp_adj[7:0] [5] } = { $28\loop_exp_adj[7:0] [6] 1'1 }
  Optimizing cells in module \FP32_Div.
    Consolidated identical input bits for $mux cell $procmux$392:
      Old ports: A=$28\loop_exp_adj[7:0], B=8'00100100, Y=$29\loop_exp_adj[7:0]
      New ports: A={ $28\loop_exp_adj[7:0] [6] $28\loop_exp_adj[7:0] [4:0] }, B=6'000100, Y={ $29\loop_exp_adj[7:0] [6] $29\loop_exp_adj[7:0] [4:0] }
      New connections: { $29\loop_exp_adj[7:0] [7] $29\loop_exp_adj[7:0] [5] } = { $29\loop_exp_adj[7:0] [6] 1'1 }
  Optimizing cells in module \FP32_Div.
    Consolidated identical input bits for $mux cell $procmux$386:
      Old ports: A=$29\loop_exp_adj[7:0], B=8'00100011, Y=$30\loop_exp_adj[7:0]
      New ports: A={ $29\loop_exp_adj[7:0] [6] $29\loop_exp_adj[7:0] [4:0] }, B=6'000011, Y={ $30\loop_exp_adj[7:0] [6] $30\loop_exp_adj[7:0] [4:0] }
      New connections: { $30\loop_exp_adj[7:0] [7] $30\loop_exp_adj[7:0] [5] } = { $30\loop_exp_adj[7:0] [6] 1'1 }
  Optimizing cells in module \FP32_Div.
    Consolidated identical input bits for $mux cell $procmux$380:
      Old ports: A=$30\loop_exp_adj[7:0], B=8'00100010, Y=$31\loop_exp_adj[7:0]
      New ports: A={ $30\loop_exp_adj[7:0] [6] $30\loop_exp_adj[7:0] [4:0] }, B=6'000010, Y={ $31\loop_exp_adj[7:0] [6] $31\loop_exp_adj[7:0] [4:0] }
      New connections: { $31\loop_exp_adj[7:0] [7] $31\loop_exp_adj[7:0] [5] } = { $31\loop_exp_adj[7:0] [6] 1'1 }
  Optimizing cells in module \FP32_Div.
    Consolidated identical input bits for $mux cell $procmux$374:
      Old ports: A=$31\loop_exp_adj[7:0], B=8'00100001, Y=$32\loop_exp_adj[7:0]
      New ports: A={ $31\loop_exp_adj[7:0] [6] $31\loop_exp_adj[7:0] [4:0] }, B=6'000001, Y={ $32\loop_exp_adj[7:0] [6] $32\loop_exp_adj[7:0] [4:0] }
      New connections: { $32\loop_exp_adj[7:0] [7] $32\loop_exp_adj[7:0] [5] } = { $32\loop_exp_adj[7:0] [6] 1'1 }
  Optimizing cells in module \FP32_Div.
    Consolidated identical input bits for $mux cell $procmux$368:
      Old ports: A=$32\loop_exp_adj[7:0], B=8'00100000, Y=$33\loop_exp_adj[7:0]
      New ports: A={ $32\loop_exp_adj[7:0] [6] $32\loop_exp_adj[7:0] [4:0] }, B=6'000000, Y={ $33\loop_exp_adj[7:0] [6] $33\loop_exp_adj[7:0] [4:0] }
      New connections: { $33\loop_exp_adj[7:0] [7] $33\loop_exp_adj[7:0] [5] } = { $33\loop_exp_adj[7:0] [6] 1'1 }
  Optimizing cells in module \FP32_Div.
    Consolidated identical input bits for $mux cell $procmux$362:
      Old ports: A=$33\loop_exp_adj[7:0], B=8'00011111, Y=$34\loop_exp_adj[7:0]
      New ports: A={ $33\loop_exp_adj[7:0] [6] 1'1 $33\loop_exp_adj[7:0] [4:0] }, B=7'0011111, Y=$34\loop_exp_adj[7:0] [6:0]
      New connections: $34\loop_exp_adj[7:0] [7] = $34\loop_exp_adj[7:0] [6]
  Optimizing cells in module \FP32_Div.
    Consolidated identical input bits for $mux cell $procmux$356:
      Old ports: A=$34\loop_exp_adj[7:0], B=8'00011110, Y=$35\loop_exp_adj[7:0]
      New ports: A=$34\loop_exp_adj[7:0] [6:0], B=7'0011110, Y=$35\loop_exp_adj[7:0] [6:0]
      New connections: $35\loop_exp_adj[7:0] [7] = $35\loop_exp_adj[7:0] [6]
  Optimizing cells in module \FP32_Div.
    Consolidated identical input bits for $mux cell $procmux$350:
      Old ports: A=$35\loop_exp_adj[7:0], B=8'00011101, Y=$36\loop_exp_adj[7:0]
      New ports: A=$35\loop_exp_adj[7:0] [6:0], B=7'0011101, Y=$36\loop_exp_adj[7:0] [6:0]
      New connections: $36\loop_exp_adj[7:0] [7] = $36\loop_exp_adj[7:0] [6]
  Optimizing cells in module \FP32_Div.
    Consolidated identical input bits for $mux cell $procmux$344:
      Old ports: A=$36\loop_exp_adj[7:0], B=8'00011100, Y=$37\loop_exp_adj[7:0]
      New ports: A=$36\loop_exp_adj[7:0] [6:0], B=7'0011100, Y=$37\loop_exp_adj[7:0] [6:0]
      New connections: $37\loop_exp_adj[7:0] [7] = $37\loop_exp_adj[7:0] [6]
  Optimizing cells in module \FP32_Div.
    Consolidated identical input bits for $mux cell $procmux$338:
      Old ports: A=$37\loop_exp_adj[7:0], B=8'00011011, Y=$38\loop_exp_adj[7:0]
      New ports: A=$37\loop_exp_adj[7:0] [6:0], B=7'0011011, Y=$38\loop_exp_adj[7:0] [6:0]
      New connections: $38\loop_exp_adj[7:0] [7] = $38\loop_exp_adj[7:0] [6]
  Optimizing cells in module \FP32_Div.
    Consolidated identical input bits for $mux cell $procmux$332:
      Old ports: A=$38\loop_exp_adj[7:0], B=8'00011010, Y=$39\loop_exp_adj[7:0]
      New ports: A=$38\loop_exp_adj[7:0] [6:0], B=7'0011010, Y=$39\loop_exp_adj[7:0] [6:0]
      New connections: $39\loop_exp_adj[7:0] [7] = $39\loop_exp_adj[7:0] [6]
  Optimizing cells in module \FP32_Div.
    Consolidated identical input bits for $mux cell $procmux$326:
      Old ports: A=$39\loop_exp_adj[7:0], B=8'00011001, Y=$40\loop_exp_adj[7:0]
      New ports: A=$39\loop_exp_adj[7:0] [6:0], B=7'0011001, Y=$40\loop_exp_adj[7:0] [6:0]
      New connections: $40\loop_exp_adj[7:0] [7] = $40\loop_exp_adj[7:0] [6]
  Optimizing cells in module \FP32_Div.
    Consolidated identical input bits for $mux cell $procmux$320:
      Old ports: A=$40\loop_exp_adj[7:0], B=8'00011000, Y=$41\loop_exp_adj[7:0]
      New ports: A=$40\loop_exp_adj[7:0] [6:0], B=7'0011000, Y=$41\loop_exp_adj[7:0] [6:0]
      New connections: $41\loop_exp_adj[7:0] [7] = $41\loop_exp_adj[7:0] [6]
  Optimizing cells in module \FP32_Div.
    Consolidated identical input bits for $mux cell $procmux$314:
      Old ports: A=$41\loop_exp_adj[7:0], B=8'00010111, Y=$42\loop_exp_adj[7:0]
      New ports: A=$41\loop_exp_adj[7:0] [6:0], B=7'0010111, Y=$42\loop_exp_adj[7:0] [6:0]
      New connections: $42\loop_exp_adj[7:0] [7] = $42\loop_exp_adj[7:0] [6]
  Optimizing cells in module \FP32_Div.
    Consolidated identical input bits for $mux cell $procmux$308:
      Old ports: A=$42\loop_exp_adj[7:0], B=8'00010110, Y=$43\loop_exp_adj[7:0]
      New ports: A=$42\loop_exp_adj[7:0] [6:0], B=7'0010110, Y=$43\loop_exp_adj[7:0] [6:0]
      New connections: $43\loop_exp_adj[7:0] [7] = $43\loop_exp_adj[7:0] [6]
  Optimizing cells in module \FP32_Div.
    Consolidated identical input bits for $mux cell $procmux$302:
      Old ports: A=$43\loop_exp_adj[7:0], B=8'00010101, Y=$44\loop_exp_adj[7:0]
      New ports: A=$43\loop_exp_adj[7:0] [6:0], B=7'0010101, Y=$44\loop_exp_adj[7:0] [6:0]
      New connections: $44\loop_exp_adj[7:0] [7] = $44\loop_exp_adj[7:0] [6]
  Optimizing cells in module \FP32_Div.
    Consolidated identical input bits for $mux cell $procmux$296:
      Old ports: A=$44\loop_exp_adj[7:0], B=8'00010100, Y=$45\loop_exp_adj[7:0]
      New ports: A=$44\loop_exp_adj[7:0] [6:0], B=7'0010100, Y=$45\loop_exp_adj[7:0] [6:0]
      New connections: $45\loop_exp_adj[7:0] [7] = $45\loop_exp_adj[7:0] [6]
  Optimizing cells in module \FP32_Div.
    Consolidated identical input bits for $mux cell $procmux$290:
      Old ports: A=$45\loop_exp_adj[7:0], B=8'00010011, Y=$46\loop_exp_adj[7:0]
      New ports: A=$45\loop_exp_adj[7:0] [6:0], B=7'0010011, Y=$46\loop_exp_adj[7:0] [6:0]
      New connections: $46\loop_exp_adj[7:0] [7] = $46\loop_exp_adj[7:0] [6]
  Optimizing cells in module \FP32_Div.
    Consolidated identical input bits for $mux cell $procmux$284:
      Old ports: A=$46\loop_exp_adj[7:0], B=8'00010010, Y=$47\loop_exp_adj[7:0]
      New ports: A=$46\loop_exp_adj[7:0] [6:0], B=7'0010010, Y=$47\loop_exp_adj[7:0] [6:0]
      New connections: $47\loop_exp_adj[7:0] [7] = $47\loop_exp_adj[7:0] [6]
  Optimizing cells in module \FP32_Div.
    Consolidated identical input bits for $mux cell $procmux$278:
      Old ports: A=$47\loop_exp_adj[7:0], B=8'00010001, Y=$48\loop_exp_adj[7:0]
      New ports: A=$47\loop_exp_adj[7:0] [6:0], B=7'0010001, Y=$48\loop_exp_adj[7:0] [6:0]
      New connections: $48\loop_exp_adj[7:0] [7] = $48\loop_exp_adj[7:0] [6]
  Optimizing cells in module \FP32_Div.
    Consolidated identical input bits for $mux cell $procmux$272:
      Old ports: A=$48\loop_exp_adj[7:0], B=8'00010000, Y=$49\loop_exp_adj[7:0]
      New ports: A=$48\loop_exp_adj[7:0] [6:0], B=7'0010000, Y=$49\loop_exp_adj[7:0] [6:0]
      New connections: $49\loop_exp_adj[7:0] [7] = $49\loop_exp_adj[7:0] [6]
  Optimizing cells in module \FP32_Div.
    Consolidated identical input bits for $mux cell $procmux$266:
      Old ports: A=$49\loop_exp_adj[7:0], B=8'00001111, Y=$50\loop_exp_adj[7:0]
      New ports: A=$49\loop_exp_adj[7:0] [6:0], B=7'0001111, Y=$50\loop_exp_adj[7:0] [6:0]
      New connections: $50\loop_exp_adj[7:0] [7] = $50\loop_exp_adj[7:0] [6]
  Optimizing cells in module \FP32_Div.
    Consolidated identical input bits for $mux cell $procmux$260:
      Old ports: A=$50\loop_exp_adj[7:0], B=8'00001110, Y=$51\loop_exp_adj[7:0]
      New ports: A=$50\loop_exp_adj[7:0] [6:0], B=7'0001110, Y=$51\loop_exp_adj[7:0] [6:0]
      New connections: $51\loop_exp_adj[7:0] [7] = $51\loop_exp_adj[7:0] [6]
  Optimizing cells in module \FP32_Div.
    Consolidated identical input bits for $mux cell $procmux$254:
      Old ports: A=$51\loop_exp_adj[7:0], B=8'00001101, Y=$52\loop_exp_adj[7:0]
      New ports: A=$51\loop_exp_adj[7:0] [6:0], B=7'0001101, Y=$52\loop_exp_adj[7:0] [6:0]
      New connections: $52\loop_exp_adj[7:0] [7] = $52\loop_exp_adj[7:0] [6]
  Optimizing cells in module \FP32_Div.
    Consolidated identical input bits for $mux cell $procmux$248:
      Old ports: A=$52\loop_exp_adj[7:0], B=8'00001100, Y=$53\loop_exp_adj[7:0]
      New ports: A=$52\loop_exp_adj[7:0] [6:0], B=7'0001100, Y=$53\loop_exp_adj[7:0] [6:0]
      New connections: $53\loop_exp_adj[7:0] [7] = $53\loop_exp_adj[7:0] [6]
  Optimizing cells in module \FP32_Div.
    Consolidated identical input bits for $mux cell $procmux$242:
      Old ports: A=$53\loop_exp_adj[7:0], B=8'00001011, Y=$54\loop_exp_adj[7:0]
      New ports: A=$53\loop_exp_adj[7:0] [6:0], B=7'0001011, Y=$54\loop_exp_adj[7:0] [6:0]
      New connections: $54\loop_exp_adj[7:0] [7] = $54\loop_exp_adj[7:0] [6]
  Optimizing cells in module \FP32_Div.
    Consolidated identical input bits for $mux cell $procmux$236:
      Old ports: A=$54\loop_exp_adj[7:0], B=8'00001010, Y=$55\loop_exp_adj[7:0]
      New ports: A=$54\loop_exp_adj[7:0] [6:0], B=7'0001010, Y=$55\loop_exp_adj[7:0] [6:0]
      New connections: $55\loop_exp_adj[7:0] [7] = $55\loop_exp_adj[7:0] [6]
  Optimizing cells in module \FP32_Div.
    Consolidated identical input bits for $mux cell $procmux$230:
      Old ports: A=$55\loop_exp_adj[7:0], B=8'00001001, Y=$56\loop_exp_adj[7:0]
      New ports: A=$55\loop_exp_adj[7:0] [6:0], B=7'0001001, Y=$56\loop_exp_adj[7:0] [6:0]
      New connections: $56\loop_exp_adj[7:0] [7] = $56\loop_exp_adj[7:0] [6]
  Optimizing cells in module \FP32_Div.
    Consolidated identical input bits for $mux cell $procmux$224:
      Old ports: A=$56\loop_exp_adj[7:0], B=8'00001000, Y=$57\loop_exp_adj[7:0]
      New ports: A=$56\loop_exp_adj[7:0] [6:0], B=7'0001000, Y=$57\loop_exp_adj[7:0] [6:0]
      New connections: $57\loop_exp_adj[7:0] [7] = $57\loop_exp_adj[7:0] [6]
  Optimizing cells in module \FP32_Div.
    Consolidated identical input bits for $mux cell $procmux$218:
      Old ports: A=$57\loop_exp_adj[7:0], B=8'00000111, Y=$58\loop_exp_adj[7:0]
      New ports: A=$57\loop_exp_adj[7:0] [6:0], B=7'0000111, Y=$58\loop_exp_adj[7:0] [6:0]
      New connections: $58\loop_exp_adj[7:0] [7] = $58\loop_exp_adj[7:0] [6]
  Optimizing cells in module \FP32_Div.
    Consolidated identical input bits for $mux cell $procmux$212:
      Old ports: A=$58\loop_exp_adj[7:0], B=8'00000110, Y=$59\loop_exp_adj[7:0]
      New ports: A=$58\loop_exp_adj[7:0] [6:0], B=7'0000110, Y=$59\loop_exp_adj[7:0] [6:0]
      New connections: $59\loop_exp_adj[7:0] [7] = $59\loop_exp_adj[7:0] [6]
  Optimizing cells in module \FP32_Div.
    Consolidated identical input bits for $mux cell $procmux$206:
      Old ports: A=$59\loop_exp_adj[7:0], B=8'00000101, Y=$60\loop_exp_adj[7:0]
      New ports: A=$59\loop_exp_adj[7:0] [6:0], B=7'0000101, Y=$60\loop_exp_adj[7:0] [6:0]
      New connections: $60\loop_exp_adj[7:0] [7] = $60\loop_exp_adj[7:0] [6]
  Optimizing cells in module \FP32_Div.
    Consolidated identical input bits for $mux cell $procmux$200:
      Old ports: A=$60\loop_exp_adj[7:0], B=8'00000100, Y=$61\loop_exp_adj[7:0]
      New ports: A=$60\loop_exp_adj[7:0] [6:0], B=7'0000100, Y=$61\loop_exp_adj[7:0] [6:0]
      New connections: $61\loop_exp_adj[7:0] [7] = $61\loop_exp_adj[7:0] [6]
  Optimizing cells in module \FP32_Div.
    Consolidated identical input bits for $mux cell $procmux$194:
      Old ports: A=$61\loop_exp_adj[7:0], B=8'00000011, Y=$62\loop_exp_adj[7:0]
      New ports: A=$61\loop_exp_adj[7:0] [6:0], B=7'0000011, Y=$62\loop_exp_adj[7:0] [6:0]
      New connections: $62\loop_exp_adj[7:0] [7] = $62\loop_exp_adj[7:0] [6]
  Optimizing cells in module \FP32_Div.
    Consolidated identical input bits for $mux cell $procmux$188:
      Old ports: A=$62\loop_exp_adj[7:0], B=8'00000010, Y=$63\loop_exp_adj[7:0]
      New ports: A=$62\loop_exp_adj[7:0] [6:0], B=7'0000010, Y=$63\loop_exp_adj[7:0] [6:0]
      New connections: $63\loop_exp_adj[7:0] [7] = $63\loop_exp_adj[7:0] [6]
  Optimizing cells in module \FP32_Div.
    Consolidated identical input bits for $mux cell $procmux$182:
      Old ports: A=$63\loop_exp_adj[7:0], B=8'00000001, Y=$64\loop_exp_adj[7:0]
      New ports: A=$63\loop_exp_adj[7:0] [6:0], B=7'0000001, Y=$64\loop_exp_adj[7:0] [6:0]
      New connections: $64\loop_exp_adj[7:0] [7] = $64\loop_exp_adj[7:0] [6]
  Optimizing cells in module \FP32_Div.
    Consolidated identical input bits for $mux cell $procmux$176:
      Old ports: A=$64\loop_exp_adj[7:0], B=8'00000000, Y=$65\loop_exp_adj[7:0]
      New ports: A=$64\loop_exp_adj[7:0] [6:0], B=7'0000000, Y=$65\loop_exp_adj[7:0] [6:0]
      New connections: $65\loop_exp_adj[7:0] [7] = $65\loop_exp_adj[7:0] [6]
  Optimizing cells in module \FP32_Div.
Performed a total of 64 changes.

86. Executing OPT_MERGE pass (detect identical cells).
Finding identical cells in module `\FP32_Div'.
Removed a total of 0 cells.

87. Executing OPT_SHARE pass.
    Found cells that share an operand and can be merged by moving the $mux $procmux$579 in front of them:
        $shl$/home/niko_tambornini/EE531/my_designs/FPU_32_Bit/FP32_Div.sv:135$152
        $shl$/home/niko_tambornini/EE531/my_designs/FPU_32_Bit/FP32_Div.sv:133$151

88. Executing OPT_DFF pass (perform DFF optimizations).

89. Executing OPT_CLEAN pass (remove unused cells and wires).
Finding unused cells or wires in module \FP32_Div..
Removed 0 unused cells and 2 unused wires.
<suppressed ~1 debug messages>

90. Executing OPT_EXPR pass (perform const folding).
Optimizing module FP32_Div.
<suppressed ~3 debug messages>

91. Rerunning OPT passes. (Maybe there is more to do…)

92. Executing OPT_MUXTREE pass (detect dead branches in mux trees).
Running muxtree optimizer on module \FP32_Div..
  Creating internal representation of mux trees.
  Evaluating internal representation of mux trees.
  Analyzing evaluation results.
Removed 0 multiplexer ports.
<suppressed ~7 debug messages>

93. Executing OPT_REDUCE pass (consolidate $*mux and $reduce_* inputs).
  Optimizing cells in module \FP32_Div.
    Consolidated identical input bits for $mux cell $auto$opt_share.cc:244:merge_operators$711:
      Old ports: A={ $sub$/home/niko_tambornini/EE531/my_designs/FPU_32_Bit/FP32_Div.sv:132$148_Y [31] $sub$/home/niko_tambornini/EE531/my_designs/FPU_32_Bit/FP32_Div.sv:132$148_Y [31] $sub$/home/niko_tambornini/EE531/my_designs/FPU_32_Bit/FP32_Div.sv:132$148_Y [31] $sub$/home/niko_tambornini/EE531/my_designs/FPU_32_Bit/FP32_Div.sv:132$148_Y [31] $sub$/home/niko_tambornini/EE531/my_designs/FPU_32_Bit/FP32_Div.sv:132$148_Y [31] $sub$/home/niko_tambornini/EE531/my_designs/FPU_32_Bit/FP32_Div.sv:132$148_Y [31] $sub$/home/niko_tambornini/EE531/my_designs/FPU_32_Bit/FP32_Div.sv:132$148_Y [31] $sub$/home/niko_tambornini/EE531/my_designs/FPU_32_Bit/FP32_Div.sv:132$148_Y [31] $sub$/home/niko_tambornini/EE531/my_designs/FPU_32_Bit/FP32_Div.sv:132$148_Y [31] $sub$/home/niko_tambornini/EE531/my_designs/FPU_32_Bit/FP32_Div.sv:132$148_Y [31] $sub$/home/niko_tambornini/EE531/my_designs/FPU_32_Bit/FP32_Div.sv:132$148_Y [31] $sub$/home/niko_tambornini/EE531/my_designs/FPU_32_Bit/FP32_Div.sv:132$148_Y [31] $sub$/home/niko_tambornini/EE531/my_designs/FPU_32_Bit/FP32_Div.sv:132$148_Y [31] $sub$/home/niko_tambornini/EE531/my_designs/FPU_32_Bit/FP32_Div.sv:132$148_Y [31] $sub$/home/niko_tambornini/EE531/my_designs/FPU_32_Bit/FP32_Div.sv:132$148_Y [31] $sub$/home/niko_tambornini/EE531/my_designs/FPU_32_Bit/FP32_Div.sv:132$148_Y [31] $sub$/home/niko_tambornini/EE531/my_designs/FPU_32_Bit/FP32_Div.sv:132$148_Y [31] $sub$/home/niko_tambornini/EE531/my_designs/FPU_32_Bit/FP32_Div.sv:132$148_Y [31] $sub$/home/niko_tambornini/EE531/my_designs/FPU_32_Bit/FP32_Div.sv:132$148_Y [31] $sub$/home/niko_tambornini/EE531/my_designs/FPU_32_Bit/FP32_Div.sv:132$148_Y [31] $sub$/home/niko_tambornini/EE531/my_designs/FPU_32_Bit/FP32_Div.sv:132$148_Y [31] $sub$/home/niko_tambornini/EE531/my_designs/FPU_32_Bit/FP32_Div.sv:132$148_Y [31] $sub$/home/niko_tambornini/EE531/my_designs/FPU_32_Bit/FP32_Div.sv:132$148_Y [31] $sub$/home/niko_tambornini/EE531/my_designs/FPU_32_Bit/FP32_Div.sv:132$148_Y [31] $sub$/home/niko_tambornini/EE531/my_designs/FPU_32_Bit/FP32_Div.sv:132$148_Y [7:0] }, B={ 24'000000000000000000000000 \expmiddlec }, Y=$auto$rtlil.cc:2628:Mux$712
      New ports: A={ $sub$/home/niko_tambornini/EE531/my_designs/FPU_32_Bit/FP32_Div.sv:132$148_Y [31] $sub$/home/niko_tambornini/EE531/my_designs/FPU_32_Bit/FP32_Div.sv:132$148_Y [7:0] }, B={ 1'0 \expmiddlec }, Y=$auto$rtlil.cc:2628:Mux$712 [8:0]
      New connections: $auto$rtlil.cc:2628:Mux$712 [31:9] = { $auto$rtlil.cc:2628:Mux$712 [8] $auto$rtlil.cc:2628:Mux$712 [8] $auto$rtlil.cc:2628:Mux$712 [8] $auto$rtlil.cc:2628:Mux$712 [8] $auto$rtlil.cc:2628:Mux$712 [8] $auto$rtlil.cc:2628:Mux$712 [8] $auto$rtlil.cc:2628:Mux$712 [8] $auto$rtlil.cc:2628:Mux$712 [8] $auto$rtlil.cc:2628:Mux$712 [8] $auto$rtlil.cc:2628:Mux$712 [8] $auto$rtlil.cc:2628:Mux$712 [8] $auto$rtlil.cc:2628:Mux$712 [8] $auto$rtlil.cc:2628:Mux$712 [8] $auto$rtlil.cc:2628:Mux$712 [8] $auto$rtlil.cc:2628:Mux$712 [8] $auto$rtlil.cc:2628:Mux$712 [8] $auto$rtlil.cc:2628:Mux$712 [8] $auto$rtlil.cc:2628:Mux$712 [8] $auto$rtlil.cc:2628:Mux$712 [8] $auto$rtlil.cc:2628:Mux$712 [8] $auto$rtlil.cc:2628:Mux$712 [8] $auto$rtlil.cc:2628:Mux$712 [8] $auto$rtlil.cc:2628:Mux$712 [8] }
  Optimizing cells in module \FP32_Div.
Performed a total of 1 changes.

94. Executing OPT_MERGE pass (detect identical cells).
Finding identical cells in module `\FP32_Div'.
Removed a total of 0 cells.

95. Executing OPT_SHARE pass.

96. Executing OPT_DFF pass (perform DFF optimizations).

97. Executing OPT_CLEAN pass (remove unused cells and wires).
Finding unused cells or wires in module \FP32_Div..
Removed 0 unused cells and 1 unused wires.
<suppressed ~1 debug messages>

98. Executing OPT_EXPR pass (perform const folding).
Optimizing module FP32_Div.

99. Rerunning OPT passes. (Maybe there is more to do…)

100. Executing OPT_MUXTREE pass (detect dead branches in mux trees).
Running muxtree optimizer on module \FP32_Div..
  Creating internal representation of mux trees.
  Evaluating internal representation of mux trees.
  Analyzing evaluation results.
Removed 0 multiplexer ports.
<suppressed ~7 debug messages>

101. Executing OPT_REDUCE pass (consolidate $*mux and $reduce_* inputs).
  Optimizing cells in module \FP32_Div.
Performed a total of 0 changes.

102. Executing OPT_MERGE pass (detect identical cells).
Finding identical cells in module `\FP32_Div'.
Removed a total of 0 cells.

103. Executing OPT_SHARE pass.

104. Executing OPT_DFF pass (perform DFF optimizations).

105. Executing OPT_CLEAN pass (remove unused cells and wires).
Finding unused cells or wires in module \FP32_Div..

106. Executing OPT_EXPR pass (perform const folding).
Optimizing module FP32_Div.

107. Executing TECHMAP pass (map to technology primitives).

107.1. Executing Verilog-2005 frontend: /nix/store/9r0bh7sp051dpm8km8bqlb028anpd3v3-yosys/bin/../share/yosys/techmap.v
Parsing Verilog input from `/nix/store/9r0bh7sp051dpm8km8bqlb028anpd3v3-yosys/bin/../share/yosys/techmap.v' to AST representation.
Generating RTLIL representation for module `\_90_simplemap_bool_ops'.
Generating RTLIL representation for module `\_90_simplemap_reduce_ops'.
Generating RTLIL representation for module `\_90_simplemap_logic_ops'.
Generating RTLIL representation for module `\_90_simplemap_compare_ops'.
Generating RTLIL representation for module `\_90_simplemap_various'.
Generating RTLIL representation for module `\_90_simplemap_registers'.
Generating RTLIL representation for module `\_90_shift_ops_shr_shl_sshl_sshr'.
Generating RTLIL representation for module `\_90_shift_shiftx'.
Generating RTLIL representation for module `\_90_fa'.
Generating RTLIL representation for module `\_90_lcu_brent_kung'.
Generating RTLIL representation for module `\_90_alu'.
Generating RTLIL representation for module `\_90_macc'.
Generating RTLIL representation for module `\_90_alumacc'.
Generating RTLIL representation for module `\$__div_mod_u'.
Generating RTLIL representation for module `\$__div_mod_trunc'.
Generating RTLIL representation for module `\_90_div'.
Generating RTLIL representation for module `\_90_mod'.
Generating RTLIL representation for module `\$__div_mod_floor'.
Generating RTLIL representation for module `\_90_divfloor'.
Generating RTLIL representation for module `\_90_modfloor'.
Generating RTLIL representation for module `\_90_pow'.
Generating RTLIL representation for module `\_90_pmux'.
Generating RTLIL representation for module `\_90_demux'.
Generating RTLIL representation for module `\_90_lut'.
Successfully finished Verilog frontend.

107.2. Continuing TECHMAP pass.
Using extmapper simplemap for cells of type $logic_not.
Using extmapper simplemap for cells of type $eq.
Using template $paramod$94776bd03dbc019cf0bc609e2c7ceabda3082801\_90_alu for cells of type $alu.
Using extmapper simplemap for cells of type $or.
Using extmapper simplemap for cells of type $not.
Using extmapper simplemap for cells of type $mux.
Using extmapper simplemap for cells of type $dffe.
Using template $paramod$9f6287aee284fbe22761e3274ffeab5b5a3751bd\_90_alu for cells of type $alu.
Using template $paramod$constmap:c63d8ba490747c480c9dff8113eeb60ce498e135$paramod$028517c1672f860ad79f1ec7e317717815788b71\_90_shift_ops_shr_shl_sshl_sshr for cells of type $shr.
Using template $paramod$a1bc51c02ce12ac21eb18988e83292af48ed7d72\_90_alu for cells of type $alu.
Using template $paramod$constmap:c63d8ba490747c480c9dff8113eeb60ce498e135$paramod$a97c359a08002bfeb22d56f6713f9b941f56ec3f\_90_shift_ops_shr_shl_sshl_sshr for cells of type $shl.
Using extmapper simplemap for cells of type $reduce_and.
Using template $paramod$cb8ebdbb7261c354ee7cd56dc73016530bdb6d31\_90_div for cells of type $div.
Using extmapper simplemap for cells of type $and.
Using extmapper simplemap for cells of type $xor.
Using extmapper simplemap for cells of type $reduce_bool.
Using extmapper simplemap for cells of type $dff.
Using template $paramod$effdbe410bf3703e86b78efd494cb4fd1aaa75f9\_90_pmux for cells of type $pmux.
Using template $paramod$fc16b9f758000d363d24f130038bd99b46b4fa1b\_90_pmux for cells of type $pmux.
Using extmapper maccmap for cells of type $macc.
  add \expa (8 bits, unsigned)
  sub \expb (8 bits, unsigned)
  add 8'01111111 (8 bits, unsigned)
Using template $paramod$91f82ead1edc61e0a1452110f15ef747116b421b\_90_alu for cells of type $alu.
Using extmapper simplemap for cells of type $sdff.
Using extmapper simplemap for cells of type $sdffce.
Using extmapper simplemap for cells of type $pos.
Using template $paramod\_90_lcu_brent_kung\WIDTH=32'00000000000000000000000000000110 for cells of type $lcu.
Using template $paramod\_90_lcu_brent_kung\WIDTH=32'00000000000000000000000000001001 for cells of type $lcu.
Using template $paramod\_90_lcu_brent_kung\WIDTH=32'00000000000000000000000000001000 for cells of type $lcu.
Using template $paramod$cb8ebdbb7261c354ee7cd56dc73016530bdb6d31\$__div_mod_trunc for cells of type $__div_mod_trunc.
Using template $paramod\_90_fa\WIDTH=32'00000000000000000000000000001000 for cells of type $fa.
Using template $paramod\_90_lcu_brent_kung\WIDTH=32'00000000000000000000000000100000 for cells of type $lcu.
Running "alumacc" on wrapper $extern:wrap:$neg:Y_WIDTH=64:A_WIDTH=64:A_SIGNED=0:394426c56d1a028ba8fdd5469b163e04011def47.
Using template $extern:wrap:$neg:Y_WIDTH=64:A_WIDTH=64:A_SIGNED=0:394426c56d1a028ba8fdd5469b163e04011def47 for cells of type $extern:wrap:$neg:Y_WIDTH=64:A_WIDTH=64:A_SIGNED=0:394426c56d1a028ba8fdd5469b163e04011def47.
Using extmapper simplemap for cells of type $logic_and.
Using extmapper simplemap for cells of type $ne.
Using template $paramod\$__div_mod_u\WIDTH=32'00000000000000000000000001000000 for cells of type $__div_mod_u.
Using template $paramod$38ea46ffd892378bfaf8febe0c8ac03b94ee7ee9\_90_alu for cells of type $alu.
Running "alumacc" on wrapper $extern:wrap:$sub:Y_WIDTH=64:B_WIDTH=64:A_WIDTH=64:B_SIGNED=0:A_SIGNED=0:394426c56d1a028ba8fdd5469b163e04011def47.
Using template $extern:wrap:$sub:Y_WIDTH=64:B_WIDTH=64:A_WIDTH=64:B_SIGNED=0:A_SIGNED=0:394426c56d1a028ba8fdd5469b163e04011def47 for cells of type $extern:wrap:$sub:Y_WIDTH=64:B_WIDTH=64:A_WIDTH=64:B_SIGNED=0:A_SIGNED=0:394426c56d1a028ba8fdd5469b163e04011def47.
Running "alumacc" on wrapper $extern:wrap:$ge:Y_WIDTH=1:B_WIDTH=64:A_WIDTH=64:B_SIGNED=0:A_SIGNED=0:394426c56d1a028ba8fdd5469b163e04011def47.
Using template $extern:wrap:$ge:Y_WIDTH=1:B_WIDTH=64:A_WIDTH=64:B_SIGNED=0:A_SIGNED=0:394426c56d1a028ba8fdd5469b163e04011def47 for cells of type $extern:wrap:$ge:Y_WIDTH=1:B_WIDTH=64:A_WIDTH=64:B_SIGNED=0:A_SIGNED=0:394426c56d1a028ba8fdd5469b163e04011def47.
Running "alumacc" on wrapper $extern:wrap:$sub:Y_WIDTH=65:B_WIDTH=65:A_WIDTH=64:B_SIGNED=0:A_SIGNED=0:394426c56d1a028ba8fdd5469b163e04011def47.
Using template $extern:wrap:$sub:Y_WIDTH=65:B_WIDTH=65:A_WIDTH=64:B_SIGNED=0:A_SIGNED=0:394426c56d1a028ba8fdd5469b163e04011def47 for cells of type $extern:wrap:$sub:Y_WIDTH=65:B_WIDTH=65:A_WIDTH=64:B_SIGNED=0:A_SIGNED=0:394426c56d1a028ba8fdd5469b163e04011def47.
Running "alumacc" on wrapper $extern:wrap:$ge:Y_WIDTH=1:B_WIDTH=65:A_WIDTH=64:B_SIGNED=0:A_SIGNED=0:394426c56d1a028ba8fdd5469b163e04011def47.
Using template $extern:wrap:$ge:Y_WIDTH=1:B_WIDTH=65:A_WIDTH=64:B_SIGNED=0:A_SIGNED=0:394426c56d1a028ba8fdd5469b163e04011def47 for cells of type $extern:wrap:$ge:Y_WIDTH=1:B_WIDTH=65:A_WIDTH=64:B_SIGNED=0:A_SIGNED=0:394426c56d1a028ba8fdd5469b163e04011def47.
Running "alumacc" on wrapper $extern:wrap:$sub:Y_WIDTH=66:B_WIDTH=66:A_WIDTH=64:B_SIGNED=0:A_SIGNED=0:394426c56d1a028ba8fdd5469b163e04011def47.
Using template $extern:wrap:$sub:Y_WIDTH=66:B_WIDTH=66:A_WIDTH=64:B_SIGNED=0:A_SIGNED=0:394426c56d1a028ba8fdd5469b163e04011def47 for cells of type $extern:wrap:$sub:Y_WIDTH=66:B_WIDTH=66:A_WIDTH=64:B_SIGNED=0:A_SIGNED=0:394426c56d1a028ba8fdd5469b163e04011def47.
Running "alumacc" on wrapper $extern:wrap:$ge:Y_WIDTH=1:B_WIDTH=66:A_WIDTH=64:B_SIGNED=0:A_SIGNED=0:394426c56d1a028ba8fdd5469b163e04011def47.
Using template $extern:wrap:$ge:Y_WIDTH=1:B_WIDTH=66:A_WIDTH=64:B_SIGNED=0:A_SIGNED=0:394426c56d1a028ba8fdd5469b163e04011def47 for cells of type $extern:wrap:$ge:Y_WIDTH=1:B_WIDTH=66:A_WIDTH=64:B_SIGNED=0:A_SIGNED=0:394426c56d1a028ba8fdd5469b163e04011def47.
Running "alumacc" on wrapper $extern:wrap:$sub:Y_WIDTH=67:B_WIDTH=67:A_WIDTH=64:B_SIGNED=0:A_SIGNED=0:394426c56d1a028ba8fdd5469b163e04011def47.
Using template $extern:wrap:$sub:Y_WIDTH=67:B_WIDTH=67:A_WIDTH=64:B_SIGNED=0:A_SIGNED=0:394426c56d1a028ba8fdd5469b163e04011def47 for cells of type $extern:wrap:$sub:Y_WIDTH=67:B_WIDTH=67:A_WIDTH=64:B_SIGNED=0:A_SIGNED=0:394426c56d1a028ba8fdd5469b163e04011def47.
Running "alumacc" on wrapper $extern:wrap:$ge:Y_WIDTH=1:B_WIDTH=67:A_WIDTH=64:B_SIGNED=0:A_SIGNED=0:394426c56d1a028ba8fdd5469b163e04011def47.
Using template $extern:wrap:$ge:Y_WIDTH=1:B_WIDTH=67:A_WIDTH=64:B_SIGNED=0:A_SIGNED=0:394426c56d1a028ba8fdd5469b163e04011def47 for cells of type $extern:wrap:$ge:Y_WIDTH=1:B_WIDTH=67:A_WIDTH=64:B_SIGNED=0:A_SIGNED=0:394426c56d1a028ba8fdd5469b163e04011def47.
Running "alumacc" on wrapper $extern:wrap:$sub:Y_WIDTH=68:B_WIDTH=68:A_WIDTH=64:B_SIGNED=0:A_SIGNED=0:394426c56d1a028ba8fdd5469b163e04011def47.
Using template $extern:wrap:$sub:Y_WIDTH=68:B_WIDTH=68:A_WIDTH=64:B_SIGNED=0:A_SIGNED=0:394426c56d1a028ba8fdd5469b163e04011def47 for cells of type $extern:wrap:$sub:Y_WIDTH=68:B_WIDTH=68:A_WIDTH=64:B_SIGNED=0:A_SIGNED=0:394426c56d1a028ba8fdd5469b163e04011def47.
Running "alumacc" on wrapper $extern:wrap:$ge:Y_WIDTH=1:B_WIDTH=68:A_WIDTH=64:B_SIGNED=0:A_SIGNED=0:394426c56d1a028ba8fdd5469b163e04011def47.
Using template $extern:wrap:$ge:Y_WIDTH=1:B_WIDTH=68:A_WIDTH=64:B_SIGNED=0:A_SIGNED=0:394426c56d1a028ba8fdd5469b163e04011def47 for cells of type $extern:wrap:$ge:Y_WIDTH=1:B_WIDTH=68:A_WIDTH=64:B_SIGNED=0:A_SIGNED=0:394426c56d1a028ba8fdd5469b163e04011def47.
Running "alumacc" on wrapper $extern:wrap:$sub:Y_WIDTH=69:B_WIDTH=69:A_WIDTH=64:B_SIGNED=0:A_SIGNED=0:394426c56d1a028ba8fdd5469b163e04011def47.
Using template $extern:wrap:$sub:Y_WIDTH=69:B_WIDTH=69:A_WIDTH=64:B_SIGNED=0:A_SIGNED=0:394426c56d1a028ba8fdd5469b163e04011def47 for cells of type $extern:wrap:$sub:Y_WIDTH=69:B_WIDTH=69:A_WIDTH=64:B_SIGNED=0:A_SIGNED=0:394426c56d1a028ba8fdd5469b163e04011def47.
Running "alumacc" on wrapper $extern:wrap:$ge:Y_WIDTH=1:B_WIDTH=69:A_WIDTH=64:B_SIGNED=0:A_SIGNED=0:394426c56d1a028ba8fdd5469b163e04011def47.
Using template $extern:wrap:$ge:Y_WIDTH=1:B_WIDTH=69:A_WIDTH=64:B_SIGNED=0:A_SIGNED=0:394426c56d1a028ba8fdd5469b163e04011def47 for cells of type $extern:wrap:$ge:Y_WIDTH=1:B_WIDTH=69:A_WIDTH=64:B_SIGNED=0:A_SIGNED=0:394426c56d1a028ba8fdd5469b163e04011def47.
Running "alumacc" on wrapper $extern:wrap:$sub:Y_WIDTH=70:B_WIDTH=70:A_WIDTH=64:B_SIGNED=0:A_SIGNED=0:394426c56d1a028ba8fdd5469b163e04011def47.
Using template $extern:wrap:$sub:Y_WIDTH=70:B_WIDTH=70:A_WIDTH=64:B_SIGNED=0:A_SIGNED=0:394426c56d1a028ba8fdd5469b163e04011def47 for cells of type $extern:wrap:$sub:Y_WIDTH=70:B_WIDTH=70:A_WIDTH=64:B_SIGNED=0:A_SIGNED=0:394426c56d1a028ba8fdd5469b163e04011def47.
Running "alumacc" on wrapper $extern:wrap:$ge:Y_WIDTH=1:B_WIDTH=70:A_WIDTH=64:B_SIGNED=0:A_SIGNED=0:394426c56d1a028ba8fdd5469b163e04011def47.
Using template $extern:wrap:$ge:Y_WIDTH=1:B_WIDTH=70:A_WIDTH=64:B_SIGNED=0:A_SIGNED=0:394426c56d1a028ba8fdd5469b163e04011def47 for cells of type $extern:wrap:$ge:Y_WIDTH=1:B_WIDTH=70:A_WIDTH=64:B_SIGNED=0:A_SIGNED=0:394426c56d1a028ba8fdd5469b163e04011def47.
Running "alumacc" on wrapper $extern:wrap:$sub:Y_WIDTH=71:B_WIDTH=71:A_WIDTH=64:B_SIGNED=0:A_SIGNED=0:394426c56d1a028ba8fdd5469b163e04011def47.
Using template $extern:wrap:$sub:Y_WIDTH=71:B_WIDTH=71:A_WIDTH=64:B_SIGNED=0:A_SIGNED=0:394426c56d1a028ba8fdd5469b163e04011def47 for cells of type $extern:wrap:$sub:Y_WIDTH=71:B_WIDTH=71:A_WIDTH=64:B_SIGNED=0:A_SIGNED=0:394426c56d1a028ba8fdd5469b163e04011def47.
Running "alumacc" on wrapper $extern:wrap:$ge:Y_WIDTH=1:B_WIDTH=71:A_WIDTH=64:B_SIGNED=0:A_SIGNED=0:394426c56d1a028ba8fdd5469b163e04011def47.
Using template $extern:wrap:$ge:Y_WIDTH=1:B_WIDTH=71:A_WIDTH=64:B_SIGNED=0:A_SIGNED=0:394426c56d1a028ba8fdd5469b163e04011def47 for cells of type $extern:wrap:$ge:Y_WIDTH=1:B_WIDTH=71:A_WIDTH=64:B_SIGNED=0:A_SIGNED=0:394426c56d1a028ba8fdd5469b163e04011def47.
Running "alumacc" on wrapper $extern:wrap:$sub:Y_WIDTH=72:B_WIDTH=72:A_WIDTH=64:B_SIGNED=0:A_SIGNED=0:394426c56d1a028ba8fdd5469b163e04011def47.
Using template $extern:wrap:$sub:Y_WIDTH=72:B_WIDTH=72:A_WIDTH=64:B_SIGNED=0:A_SIGNED=0:394426c56d1a028ba8fdd5469b163e04011def47 for cells of type $extern:wrap:$sub:Y_WIDTH=72:B_WIDTH=72:A_WIDTH=64:B_SIGNED=0:A_SIGNED=0:394426c56d1a028ba8fdd5469b163e04011def47.
Running "alumacc" on wrapper $extern:wrap:$ge:Y_WIDTH=1:B_WIDTH=72:A_WIDTH=64:B_SIGNED=0:A_SIGNED=0:394426c56d1a028ba8fdd5469b163e04011def47.
Using template $extern:wrap:$ge:Y_WIDTH=1:B_WIDTH=72:A_WIDTH=64:B_SIGNED=0:A_SIGNED=0:394426c56d1a028ba8fdd5469b163e04011def47 for cells of type $extern:wrap:$ge:Y_WIDTH=1:B_WIDTH=72:A_WIDTH=64:B_SIGNED=0:A_SIGNED=0:394426c56d1a028ba8fdd5469b163e04011def47.
Running "alumacc" on wrapper $extern:wrap:$sub:Y_WIDTH=73:B_WIDTH=73:A_WIDTH=64:B_SIGNED=0:A_SIGNED=0:394426c56d1a028ba8fdd5469b163e04011def47.
Using template $extern:wrap:$sub:Y_WIDTH=73:B_WIDTH=73:A_WIDTH=64:B_SIGNED=0:A_SIGNED=0:394426c56d1a028ba8fdd5469b163e04011def47 for cells of type $extern:wrap:$sub:Y_WIDTH=73:B_WIDTH=73:A_WIDTH=64:B_SIGNED=0:A_SIGNED=0:394426c56d1a028ba8fdd5469b163e04011def47.
Running "alumacc" on wrapper $extern:wrap:$ge:Y_WIDTH=1:B_WIDTH=73:A_WIDTH=64:B_SIGNED=0:A_SIGNED=0:394426c56d1a028ba8fdd5469b163e04011def47.
Using template $extern:wrap:$ge:Y_WIDTH=1:B_WIDTH=73:A_WIDTH=64:B_SIGNED=0:A_SIGNED=0:394426c56d1a028ba8fdd5469b163e04011def47 for cells of type $extern:wrap:$ge:Y_WIDTH=1:B_WIDTH=73:A_WIDTH=64:B_SIGNED=0:A_SIGNED=0:394426c56d1a028ba8fdd5469b163e04011def47.
Running "alumacc" on wrapper $extern:wrap:$sub:Y_WIDTH=74:B_WIDTH=74:A_WIDTH=64:B_SIGNED=0:A_SIGNED=0:394426c56d1a028ba8fdd5469b163e04011def47.
Using template $extern:wrap:$sub:Y_WIDTH=74:B_WIDTH=74:A_WIDTH=64:B_SIGNED=0:A_SIGNED=0:394426c56d1a028ba8fdd5469b163e04011def47 for cells of type $extern:wrap:$sub:Y_WIDTH=74:B_WIDTH=74:A_WIDTH=64:B_SIGNED=0:A_SIGNED=0:394426c56d1a028ba8fdd5469b163e04011def47.
Running "alumacc" on wrapper $extern:wrap:$ge:Y_WIDTH=1:B_WIDTH=74:A_WIDTH=64:B_SIGNED=0:A_SIGNED=0:394426c56d1a028ba8fdd5469b163e04011def47.
Using template $extern:wrap:$ge:Y_WIDTH=1:B_WIDTH=74:A_WIDTH=64:B_SIGNED=0:A_SIGNED=0:394426c56d1a028ba8fdd5469b163e04011def47 for cells of type $extern:wrap:$ge:Y_WIDTH=1:B_WIDTH=74:A_WIDTH=64:B_SIGNED=0:A_SIGNED=0:394426c56d1a028ba8fdd5469b163e04011def47.
Running "alumacc" on wrapper $extern:wrap:$sub:Y_WIDTH=75:B_WIDTH=75:A_WIDTH=64:B_SIGNED=0:A_SIGNED=0:394426c56d1a028ba8fdd5469b163e04011def47.
Using template $extern:wrap:$sub:Y_WIDTH=75:B_WIDTH=75:A_WIDTH=64:B_SIGNED=0:A_SIGNED=0:394426c56d1a028ba8fdd5469b163e04011def47 for cells of type $extern:wrap:$sub:Y_WIDTH=75:B_WIDTH=75:A_WIDTH=64:B_SIGNED=0:A_SIGNED=0:394426c56d1a028ba8fdd5469b163e04011def47.
Running "alumacc" on wrapper $extern:wrap:$ge:Y_WIDTH=1:B_WIDTH=75:A_WIDTH=64:B_SIGNED=0:A_SIGNED=0:394426c56d1a028ba8fdd5469b163e04011def47.
Using template $extern:wrap:$ge:Y_WIDTH=1:B_WIDTH=75:A_WIDTH=64:B_SIGNED=0:A_SIGNED=0:394426c56d1a028ba8fdd5469b163e04011def47 for cells of type $extern:wrap:$ge:Y_WIDTH=1:B_WIDTH=75:A_WIDTH=64:B_SIGNED=0:A_SIGNED=0:394426c56d1a028ba8fdd5469b163e04011def47.
Running "alumacc" on wrapper $extern:wrap:$sub:Y_WIDTH=76:B_WIDTH=76:A_WIDTH=64:B_SIGNED=0:A_SIGNED=0:394426c56d1a028ba8fdd5469b163e04011def47.
Using template $extern:wrap:$sub:Y_WIDTH=76:B_WIDTH=76:A_WIDTH=64:B_SIGNED=0:A_SIGNED=0:394426c56d1a028ba8fdd5469b163e04011def47 for cells of type $extern:wrap:$sub:Y_WIDTH=76:B_WIDTH=76:A_WIDTH=64:B_SIGNED=0:A_SIGNED=0:394426c56d1a028ba8fdd5469b163e04011def47.
Running "alumacc" on wrapper $extern:wrap:$ge:Y_WIDTH=1:B_WIDTH=76:A_WIDTH=64:B_SIGNED=0:A_SIGNED=0:394426c56d1a028ba8fdd5469b163e04011def47.
Using template $extern:wrap:$ge:Y_WIDTH=1:B_WIDTH=76:A_WIDTH=64:B_SIGNED=0:A_SIGNED=0:394426c56d1a028ba8fdd5469b163e04011def47 for cells of type $extern:wrap:$ge:Y_WIDTH=1:B_WIDTH=76:A_WIDTH=64:B_SIGNED=0:A_SIGNED=0:394426c56d1a028ba8fdd5469b163e04011def47.
Running "alumacc" on wrapper $extern:wrap:$sub:Y_WIDTH=77:B_WIDTH=77:A_WIDTH=64:B_SIGNED=0:A_SIGNED=0:394426c56d1a028ba8fdd5469b163e04011def47.
Using template $extern:wrap:$sub:Y_WIDTH=77:B_WIDTH=77:A_WIDTH=64:B_SIGNED=0:A_SIGNED=0:394426c56d1a028ba8fdd5469b163e04011def47 for cells of type $extern:wrap:$sub:Y_WIDTH=77:B_WIDTH=77:A_WIDTH=64:B_SIGNED=0:A_SIGNED=0:394426c56d1a028ba8fdd5469b163e04011def47.
Running "alumacc" on wrapper $extern:wrap:$ge:Y_WIDTH=1:B_WIDTH=77:A_WIDTH=64:B_SIGNED=0:A_SIGNED=0:394426c56d1a028ba8fdd5469b163e04011def47.
Using template $extern:wrap:$ge:Y_WIDTH=1:B_WIDTH=77:A_WIDTH=64:B_SIGNED=0:A_SIGNED=0:394426c56d1a028ba8fdd5469b163e04011def47 for cells of type $extern:wrap:$ge:Y_WIDTH=1:B_WIDTH=77:A_WIDTH=64:B_SIGNED=0:A_SIGNED=0:394426c56d1a028ba8fdd5469b163e04011def47.
Running "alumacc" on wrapper $extern:wrap:$sub:Y_WIDTH=78:B_WIDTH=78:A_WIDTH=64:B_SIGNED=0:A_SIGNED=0:394426c56d1a028ba8fdd5469b163e04011def47.
Using template $extern:wrap:$sub:Y_WIDTH=78:B_WIDTH=78:A_WIDTH=64:B_SIGNED=0:A_SIGNED=0:394426c56d1a028ba8fdd5469b163e04011def47 for cells of type $extern:wrap:$sub:Y_WIDTH=78:B_WIDTH=78:A_WIDTH=64:B_SIGNED=0:A_SIGNED=0:394426c56d1a028ba8fdd5469b163e04011def47.
Running "alumacc" on wrapper $extern:wrap:$ge:Y_WIDTH=1:B_WIDTH=78:A_WIDTH=64:B_SIGNED=0:A_SIGNED=0:394426c56d1a028ba8fdd5469b163e04011def47.
Using template $extern:wrap:$ge:Y_WIDTH=1:B_WIDTH=78:A_WIDTH=64:B_SIGNED=0:A_SIGNED=0:394426c56d1a028ba8fdd5469b163e04011def47 for cells of type $extern:wrap:$ge:Y_WIDTH=1:B_WIDTH=78:A_WIDTH=64:B_SIGNED=0:A_SIGNED=0:394426c56d1a028ba8fdd5469b163e04011def47.
Running "alumacc" on wrapper $extern:wrap:$sub:Y_WIDTH=79:B_WIDTH=79:A_WIDTH=64:B_SIGNED=0:A_SIGNED=0:394426c56d1a028ba8fdd5469b163e04011def47.
Using template $extern:wrap:$sub:Y_WIDTH=79:B_WIDTH=79:A_WIDTH=64:B_SIGNED=0:A_SIGNED=0:394426c56d1a028ba8fdd5469b163e04011def47 for cells of type $extern:wrap:$sub:Y_WIDTH=79:B_WIDTH=79:A_WIDTH=64:B_SIGNED=0:A_SIGNED=0:394426c56d1a028ba8fdd5469b163e04011def47.
Running "alumacc" on wrapper $extern:wrap:$ge:Y_WIDTH=1:B_WIDTH=79:A_WIDTH=64:B_SIGNED=0:A_SIGNED=0:394426c56d1a028ba8fdd5469b163e04011def47.
Using template $extern:wrap:$ge:Y_WIDTH=1:B_WIDTH=79:A_WIDTH=64:B_SIGNED=0:A_SIGNED=0:394426c56d1a028ba8fdd5469b163e04011def47 for cells of type $extern:wrap:$ge:Y_WIDTH=1:B_WIDTH=79:A_WIDTH=64:B_SIGNED=0:A_SIGNED=0:394426c56d1a028ba8fdd5469b163e04011def47.
Running "alumacc" on wrapper $extern:wrap:$sub:Y_WIDTH=80:B_WIDTH=80:A_WIDTH=64:B_SIGNED=0:A_SIGNED=0:394426c56d1a028ba8fdd5469b163e04011def47.
Using template $extern:wrap:$sub:Y_WIDTH=80:B_WIDTH=80:A_WIDTH=64:B_SIGNED=0:A_SIGNED=0:394426c56d1a028ba8fdd5469b163e04011def47 for cells of type $extern:wrap:$sub:Y_WIDTH=80:B_WIDTH=80:A_WIDTH=64:B_SIGNED=0:A_SIGNED=0:394426c56d1a028ba8fdd5469b163e04011def47.
Running "alumacc" on wrapper $extern:wrap:$ge:Y_WIDTH=1:B_WIDTH=80:A_WIDTH=64:B_SIGNED=0:A_SIGNED=0:394426c56d1a028ba8fdd5469b163e04011def47.
Using template $extern:wrap:$ge:Y_WIDTH=1:B_WIDTH=80:A_WIDTH=64:B_SIGNED=0:A_SIGNED=0:394426c56d1a028ba8fdd5469b163e04011def47 for cells of type $extern:wrap:$ge:Y_WIDTH=1:B_WIDTH=80:A_WIDTH=64:B_SIGNED=0:A_SIGNED=0:394426c56d1a028ba8fdd5469b163e04011def47.
Running "alumacc" on wrapper $extern:wrap:$sub:Y_WIDTH=81:B_WIDTH=81:A_WIDTH=64:B_SIGNED=0:A_SIGNED=0:394426c56d1a028ba8fdd5469b163e04011def47.
Using template $extern:wrap:$sub:Y_WIDTH=81:B_WIDTH=81:A_WIDTH=64:B_SIGNED=0:A_SIGNED=0:394426c56d1a028ba8fdd5469b163e04011def47 for cells of type $extern:wrap:$sub:Y_WIDTH=81:B_WIDTH=81:A_WIDTH=64:B_SIGNED=0:A_SIGNED=0:394426c56d1a028ba8fdd5469b163e04011def47.
Running "alumacc" on wrapper $extern:wrap:$ge:Y_WIDTH=1:B_WIDTH=81:A_WIDTH=64:B_SIGNED=0:A_SIGNED=0:394426c56d1a028ba8fdd5469b163e04011def47.
Using template $extern:wrap:$ge:Y_WIDTH=1:B_WIDTH=81:A_WIDTH=64:B_SIGNED=0:A_SIGNED=0:394426c56d1a028ba8fdd5469b163e04011def47 for cells of type $extern:wrap:$ge:Y_WIDTH=1:B_WIDTH=81:A_WIDTH=64:B_SIGNED=0:A_SIGNED=0:394426c56d1a028ba8fdd5469b163e04011def47.
Running "alumacc" on wrapper $extern:wrap:$sub:Y_WIDTH=82:B_WIDTH=82:A_WIDTH=64:B_SIGNED=0:A_SIGNED=0:394426c56d1a028ba8fdd5469b163e04011def47.
Using template $extern:wrap:$sub:Y_WIDTH=82:B_WIDTH=82:A_WIDTH=64:B_SIGNED=0:A_SIGNED=0:394426c56d1a028ba8fdd5469b163e04011def47 for cells of type $extern:wrap:$sub:Y_WIDTH=82:B_WIDTH=82:A_WIDTH=64:B_SIGNED=0:A_SIGNED=0:394426c56d1a028ba8fdd5469b163e04011def47.
Running "alumacc" on wrapper $extern:wrap:$ge:Y_WIDTH=1:B_WIDTH=82:A_WIDTH=64:B_SIGNED=0:A_SIGNED=0:394426c56d1a028ba8fdd5469b163e04011def47.
Using template $extern:wrap:$ge:Y_WIDTH=1:B_WIDTH=82:A_WIDTH=64:B_SIGNED=0:A_SIGNED=0:394426c56d1a028ba8fdd5469b163e04011def47 for cells of type $extern:wrap:$ge:Y_WIDTH=1:B_WIDTH=82:A_WIDTH=64:B_SIGNED=0:A_SIGNED=0:394426c56d1a028ba8fdd5469b163e04011def47.
Running "alumacc" on wrapper $extern:wrap:$sub:Y_WIDTH=83:B_WIDTH=83:A_WIDTH=64:B_SIGNED=0:A_SIGNED=0:394426c56d1a028ba8fdd5469b163e04011def47.
Using template $extern:wrap:$sub:Y_WIDTH=83:B_WIDTH=83:A_WIDTH=64:B_SIGNED=0:A_SIGNED=0:394426c56d1a028ba8fdd5469b163e04011def47 for cells of type $extern:wrap:$sub:Y_WIDTH=83:B_WIDTH=83:A_WIDTH=64:B_SIGNED=0:A_SIGNED=0:394426c56d1a028ba8fdd5469b163e04011def47.
Running "alumacc" on wrapper $extern:wrap:$ge:Y_WIDTH=1:B_WIDTH=83:A_WIDTH=64:B_SIGNED=0:A_SIGNED=0:394426c56d1a028ba8fdd5469b163e04011def47.
Using template $extern:wrap:$ge:Y_WIDTH=1:B_WIDTH=83:A_WIDTH=64:B_SIGNED=0:A_SIGNED=0:394426c56d1a028ba8fdd5469b163e04011def47 for cells of type $extern:wrap:$ge:Y_WIDTH=1:B_WIDTH=83:A_WIDTH=64:B_SIGNED=0:A_SIGNED=0:394426c56d1a028ba8fdd5469b163e04011def47.
Running "alumacc" on wrapper $extern:wrap:$sub:Y_WIDTH=84:B_WIDTH=84:A_WIDTH=64:B_SIGNED=0:A_SIGNED=0:394426c56d1a028ba8fdd5469b163e04011def47.
Using template $extern:wrap:$sub:Y_WIDTH=84:B_WIDTH=84:A_WIDTH=64:B_SIGNED=0:A_SIGNED=0:394426c56d1a028ba8fdd5469b163e04011def47 for cells of type $extern:wrap:$sub:Y_WIDTH=84:B_WIDTH=84:A_WIDTH=64:B_SIGNED=0:A_SIGNED=0:394426c56d1a028ba8fdd5469b163e04011def47.
Running "alumacc" on wrapper $extern:wrap:$ge:Y_WIDTH=1:B_WIDTH=84:A_WIDTH=64:B_SIGNED=0:A_SIGNED=0:394426c56d1a028ba8fdd5469b163e04011def47.
Using template $extern:wrap:$ge:Y_WIDTH=1:B_WIDTH=84:A_WIDTH=64:B_SIGNED=0:A_SIGNED=0:394426c56d1a028ba8fdd5469b163e04011def47 for cells of type $extern:wrap:$ge:Y_WIDTH=1:B_WIDTH=84:A_WIDTH=64:B_SIGNED=0:A_SIGNED=0:394426c56d1a028ba8fdd5469b163e04011def47.
Running "alumacc" on wrapper $extern:wrap:$sub:Y_WIDTH=85:B_WIDTH=85:A_WIDTH=64:B_SIGNED=0:A_SIGNED=0:394426c56d1a028ba8fdd5469b163e04011def47.
Using template $extern:wrap:$sub:Y_WIDTH=85:B_WIDTH=85:A_WIDTH=64:B_SIGNED=0:A_SIGNED=0:394426c56d1a028ba8fdd5469b163e04011def47 for cells of type $extern:wrap:$sub:Y_WIDTH=85:B_WIDTH=85:A_WIDTH=64:B_SIGNED=0:A_SIGNED=0:394426c56d1a028ba8fdd5469b163e04011def47.
Running "alumacc" on wrapper $extern:wrap:$ge:Y_WIDTH=1:B_WIDTH=85:A_WIDTH=64:B_SIGNED=0:A_SIGNED=0:394426c56d1a028ba8fdd5469b163e04011def47.
Using template $extern:wrap:$ge:Y_WIDTH=1:B_WIDTH=85:A_WIDTH=64:B_SIGNED=0:A_SIGNED=0:394426c56d1a028ba8fdd5469b163e04011def47 for cells of type $extern:wrap:$ge:Y_WIDTH=1:B_WIDTH=85:A_WIDTH=64:B_SIGNED=0:A_SIGNED=0:394426c56d1a028ba8fdd5469b163e04011def47.
Running "alumacc" on wrapper $extern:wrap:$sub:Y_WIDTH=86:B_WIDTH=86:A_WIDTH=64:B_SIGNED=0:A_SIGNED=0:394426c56d1a028ba8fdd5469b163e04011def47.
Using template $extern:wrap:$sub:Y_WIDTH=86:B_WIDTH=86:A_WIDTH=64:B_SIGNED=0:A_SIGNED=0:394426c56d1a028ba8fdd5469b163e04011def47 for cells of type $extern:wrap:$sub:Y_WIDTH=86:B_WIDTH=86:A_WIDTH=64:B_SIGNED=0:A_SIGNED=0:394426c56d1a028ba8fdd5469b163e04011def47.
Running "alumacc" on wrapper $extern:wrap:$ge:Y_WIDTH=1:B_WIDTH=86:A_WIDTH=64:B_SIGNED=0:A_SIGNED=0:394426c56d1a028ba8fdd5469b163e04011def47.
Using template $extern:wrap:$ge:Y_WIDTH=1:B_WIDTH=86:A_WIDTH=64:B_SIGNED=0:A_SIGNED=0:394426c56d1a028ba8fdd5469b163e04011def47 for cells of type $extern:wrap:$ge:Y_WIDTH=1:B_WIDTH=86:A_WIDTH=64:B_SIGNED=0:A_SIGNED=0:394426c56d1a028ba8fdd5469b163e04011def47.
Running "alumacc" on wrapper $extern:wrap:$sub:Y_WIDTH=87:B_WIDTH=87:A_WIDTH=64:B_SIGNED=0:A_SIGNED=0:394426c56d1a028ba8fdd5469b163e04011def47.
Using template $extern:wrap:$sub:Y_WIDTH=87:B_WIDTH=87:A_WIDTH=64:B_SIGNED=0:A_SIGNED=0:394426c56d1a028ba8fdd5469b163e04011def47 for cells of type $extern:wrap:$sub:Y_WIDTH=87:B_WIDTH=87:A_WIDTH=64:B_SIGNED=0:A_SIGNED=0:394426c56d1a028ba8fdd5469b163e04011def47.
Running "alumacc" on wrapper $extern:wrap:$ge:Y_WIDTH=1:B_WIDTH=87:A_WIDTH=64:B_SIGNED=0:A_SIGNED=0:394426c56d1a028ba8fdd5469b163e04011def47.
Using template $extern:wrap:$ge:Y_WIDTH=1:B_WIDTH=87:A_WIDTH=64:B_SIGNED=0:A_SIGNED=0:394426c56d1a028ba8fdd5469b163e04011def47 for cells of type $extern:wrap:$ge:Y_WIDTH=1:B_WIDTH=87:A_WIDTH=64:B_SIGNED=0:A_SIGNED=0:394426c56d1a028ba8fdd5469b163e04011def47.
Running "alumacc" on wrapper $extern:wrap:$sub:Y_WIDTH=88:B_WIDTH=88:A_WIDTH=64:B_SIGNED=0:A_SIGNED=0:394426c56d1a028ba8fdd5469b163e04011def47.
Using template $extern:wrap:$sub:Y_WIDTH=88:B_WIDTH=88:A_WIDTH=64:B_SIGNED=0:A_SIGNED=0:394426c56d1a028ba8fdd5469b163e04011def47 for cells of type $extern:wrap:$sub:Y_WIDTH=88:B_WIDTH=88:A_WIDTH=64:B_SIGNED=0:A_SIGNED=0:394426c56d1a028ba8fdd5469b163e04011def47.
Running "alumacc" on wrapper $extern:wrap:$ge:Y_WIDTH=1:B_WIDTH=88:A_WIDTH=64:B_SIGNED=0:A_SIGNED=0:394426c56d1a028ba8fdd5469b163e04011def47.
Using template $extern:wrap:$ge:Y_WIDTH=1:B_WIDTH=88:A_WIDTH=64:B_SIGNED=0:A_SIGNED=0:394426c56d1a028ba8fdd5469b163e04011def47 for cells of type $extern:wrap:$ge:Y_WIDTH=1:B_WIDTH=88:A_WIDTH=64:B_SIGNED=0:A_SIGNED=0:394426c56d1a028ba8fdd5469b163e04011def47.
Running "alumacc" on wrapper $extern:wrap:$sub:Y_WIDTH=89:B_WIDTH=89:A_WIDTH=64:B_SIGNED=0:A_SIGNED=0:394426c56d1a028ba8fdd5469b163e04011def47.
Using template $extern:wrap:$sub:Y_WIDTH=89:B_WIDTH=89:A_WIDTH=64:B_SIGNED=0:A_SIGNED=0:394426c56d1a028ba8fdd5469b163e04011def47 for cells of type $extern:wrap:$sub:Y_WIDTH=89:B_WIDTH=89:A_WIDTH=64:B_SIGNED=0:A_SIGNED=0:394426c56d1a028ba8fdd5469b163e04011def47.
Running "alumacc" on wrapper $extern:wrap:$ge:Y_WIDTH=1:B_WIDTH=89:A_WIDTH=64:B_SIGNED=0:A_SIGNED=0:394426c56d1a028ba8fdd5469b163e04011def47.
Using template $extern:wrap:$ge:Y_WIDTH=1:B_WIDTH=89:A_WIDTH=64:B_SIGNED=0:A_SIGNED=0:394426c56d1a028ba8fdd5469b163e04011def47 for cells of type $extern:wrap:$ge:Y_WIDTH=1:B_WIDTH=89:A_WIDTH=64:B_SIGNED=0:A_SIGNED=0:394426c56d1a028ba8fdd5469b163e04011def47.
Running "alumacc" on wrapper $extern:wrap:$sub:Y_WIDTH=90:B_WIDTH=90:A_WIDTH=64:B_SIGNED=0:A_SIGNED=0:394426c56d1a028ba8fdd5469b163e04011def47.
Using template $extern:wrap:$sub:Y_WIDTH=90:B_WIDTH=90:A_WIDTH=64:B_SIGNED=0:A_SIGNED=0:394426c56d1a028ba8fdd5469b163e04011def47 for cells of type $extern:wrap:$sub:Y_WIDTH=90:B_WIDTH=90:A_WIDTH=64:B_SIGNED=0:A_SIGNED=0:394426c56d1a028ba8fdd5469b163e04011def47.
Running "alumacc" on wrapper $extern:wrap:$ge:Y_WIDTH=1:B_WIDTH=90:A_WIDTH=64:B_SIGNED=0:A_SIGNED=0:394426c56d1a028ba8fdd5469b163e04011def47.
Using template $extern:wrap:$ge:Y_WIDTH=1:B_WIDTH=90:A_WIDTH=64:B_SIGNED=0:A_SIGNED=0:394426c56d1a028ba8fdd5469b163e04011def47 for cells of type $extern:wrap:$ge:Y_WIDTH=1:B_WIDTH=90:A_WIDTH=64:B_SIGNED=0:A_SIGNED=0:394426c56d1a028ba8fdd5469b163e04011def47.
Running "alumacc" on wrapper $extern:wrap:$sub:Y_WIDTH=91:B_WIDTH=91:A_WIDTH=64:B_SIGNED=0:A_SIGNED=0:394426c56d1a028ba8fdd5469b163e04011def47.
Using template $extern:wrap:$sub:Y_WIDTH=91:B_WIDTH=91:A_WIDTH=64:B_SIGNED=0:A_SIGNED=0:394426c56d1a028ba8fdd5469b163e04011def47 for cells of type $extern:wrap:$sub:Y_WIDTH=91:B_WIDTH=91:A_WIDTH=64:B_SIGNED=0:A_SIGNED=0:394426c56d1a028ba8fdd5469b163e04011def47.
Running "alumacc" on wrapper $extern:wrap:$ge:Y_WIDTH=1:B_WIDTH=91:A_WIDTH=64:B_SIGNED=0:A_SIGNED=0:394426c56d1a028ba8fdd5469b163e04011def47.
Using template $extern:wrap:$ge:Y_WIDTH=1:B_WIDTH=91:A_WIDTH=64:B_SIGNED=0:A_SIGNED=0:394426c56d1a028ba8fdd5469b163e04011def47 for cells of type $extern:wrap:$ge:Y_WIDTH=1:B_WIDTH=91:A_WIDTH=64:B_SIGNED=0:A_SIGNED=0:394426c56d1a028ba8fdd5469b163e04011def47.
Running "alumacc" on wrapper $extern:wrap:$sub:Y_WIDTH=92:B_WIDTH=92:A_WIDTH=64:B_SIGNED=0:A_SIGNED=0:394426c56d1a028ba8fdd5469b163e04011def47.
Using template $extern:wrap:$sub:Y_WIDTH=92:B_WIDTH=92:A_WIDTH=64:B_SIGNED=0:A_SIGNED=0:394426c56d1a028ba8fdd5469b163e04011def47 for cells of type $extern:wrap:$sub:Y_WIDTH=92:B_WIDTH=92:A_WIDTH=64:B_SIGNED=0:A_SIGNED=0:394426c56d1a028ba8fdd5469b163e04011def47.
Running "alumacc" on wrapper $extern:wrap:$ge:Y_WIDTH=1:B_WIDTH=92:A_WIDTH=64:B_SIGNED=0:A_SIGNED=0:394426c56d1a028ba8fdd5469b163e04011def47.
Using template $extern:wrap:$ge:Y_WIDTH=1:B_WIDTH=92:A_WIDTH=64:B_SIGNED=0:A_SIGNED=0:394426c56d1a028ba8fdd5469b163e04011def47 for cells of type $extern:wrap:$ge:Y_WIDTH=1:B_WIDTH=92:A_WIDTH=64:B_SIGNED=0:A_SIGNED=0:394426c56d1a028ba8fdd5469b163e04011def47.
Running "alumacc" on wrapper $extern:wrap:$sub:Y_WIDTH=93:B_WIDTH=93:A_WIDTH=64:B_SIGNED=0:A_SIGNED=0:394426c56d1a028ba8fdd5469b163e04011def47.
Using template $extern:wrap:$sub:Y_WIDTH=93:B_WIDTH=93:A_WIDTH=64:B_SIGNED=0:A_SIGNED=0:394426c56d1a028ba8fdd5469b163e04011def47 for cells of type $extern:wrap:$sub:Y_WIDTH=93:B_WIDTH=93:A_WIDTH=64:B_SIGNED=0:A_SIGNED=0:394426c56d1a028ba8fdd5469b163e04011def47.
Running "alumacc" on wrapper $extern:wrap:$ge:Y_WIDTH=1:B_WIDTH=93:A_WIDTH=64:B_SIGNED=0:A_SIGNED=0:394426c56d1a028ba8fdd5469b163e04011def47.
Using template $extern:wrap:$ge:Y_WIDTH=1:B_WIDTH=93:A_WIDTH=64:B_SIGNED=0:A_SIGNED=0:394426c56d1a028ba8fdd5469b163e04011def47 for cells of type $extern:wrap:$ge:Y_WIDTH=1:B_WIDTH=93:A_WIDTH=64:B_SIGNED=0:A_SIGNED=0:394426c56d1a028ba8fdd5469b163e04011def47.
Running "alumacc" on wrapper $extern:wrap:$sub:Y_WIDTH=94:B_WIDTH=94:A_WIDTH=64:B_SIGNED=0:A_SIGNED=0:394426c56d1a028ba8fdd5469b163e04011def47.
Using template $extern:wrap:$sub:Y_WIDTH=94:B_WIDTH=94:A_WIDTH=64:B_SIGNED=0:A_SIGNED=0:394426c56d1a028ba8fdd5469b163e04011def47 for cells of type $extern:wrap:$sub:Y_WIDTH=94:B_WIDTH=94:A_WIDTH=64:B_SIGNED=0:A_SIGNED=0:394426c56d1a028ba8fdd5469b163e04011def47.
Running "alumacc" on wrapper $extern:wrap:$ge:Y_WIDTH=1:B_WIDTH=94:A_WIDTH=64:B_SIGNED=0:A_SIGNED=0:394426c56d1a028ba8fdd5469b163e04011def47.
Using template $extern:wrap:$ge:Y_WIDTH=1:B_WIDTH=94:A_WIDTH=64:B_SIGNED=0:A_SIGNED=0:394426c56d1a028ba8fdd5469b163e04011def47 for cells of type $extern:wrap:$ge:Y_WIDTH=1:B_WIDTH=94:A_WIDTH=64:B_SIGNED=0:A_SIGNED=0:394426c56d1a028ba8fdd5469b163e04011def47.
Running "alumacc" on wrapper $extern:wrap:$sub:Y_WIDTH=95:B_WIDTH=95:A_WIDTH=64:B_SIGNED=0:A_SIGNED=0:394426c56d1a028ba8fdd5469b163e04011def47.
Using template $extern:wrap:$sub:Y_WIDTH=95:B_WIDTH=95:A_WIDTH=64:B_SIGNED=0:A_SIGNED=0:394426c56d1a028ba8fdd5469b163e04011def47 for cells of type $extern:wrap:$sub:Y_WIDTH=95:B_WIDTH=95:A_WIDTH=64:B_SIGNED=0:A_SIGNED=0:394426c56d1a028ba8fdd5469b163e04011def47.
Running "alumacc" on wrapper $extern:wrap:$ge:Y_WIDTH=1:B_WIDTH=95:A_WIDTH=64:B_SIGNED=0:A_SIGNED=0:394426c56d1a028ba8fdd5469b163e04011def47.
Using template $extern:wrap:$ge:Y_WIDTH=1:B_WIDTH=95:A_WIDTH=64:B_SIGNED=0:A_SIGNED=0:394426c56d1a028ba8fdd5469b163e04011def47 for cells of type $extern:wrap:$ge:Y_WIDTH=1:B_WIDTH=95:A_WIDTH=64:B_SIGNED=0:A_SIGNED=0:394426c56d1a028ba8fdd5469b163e04011def47.
Running "alumacc" on wrapper $extern:wrap:$sub:Y_WIDTH=96:B_WIDTH=96:A_WIDTH=64:B_SIGNED=0:A_SIGNED=0:394426c56d1a028ba8fdd5469b163e04011def47.
Using template $extern:wrap:$sub:Y_WIDTH=96:B_WIDTH=96:A_WIDTH=64:B_SIGNED=0:A_SIGNED=0:394426c56d1a028ba8fdd5469b163e04011def47 for cells of type $extern:wrap:$sub:Y_WIDTH=96:B_WIDTH=96:A_WIDTH=64:B_SIGNED=0:A_SIGNED=0:394426c56d1a028ba8fdd5469b163e04011def47.
Running "alumacc" on wrapper $extern:wrap:$ge:Y_WIDTH=1:B_WIDTH=96:A_WIDTH=64:B_SIGNED=0:A_SIGNED=0:394426c56d1a028ba8fdd5469b163e04011def47.
Using template $extern:wrap:$ge:Y_WIDTH=1:B_WIDTH=96:A_WIDTH=64:B_SIGNED=0:A_SIGNED=0:394426c56d1a028ba8fdd5469b163e04011def47 for cells of type $extern:wrap:$ge:Y_WIDTH=1:B_WIDTH=96:A_WIDTH=64:B_SIGNED=0:A_SIGNED=0:394426c56d1a028ba8fdd5469b163e04011def47.
Running "alumacc" on wrapper $extern:wrap:$sub:Y_WIDTH=97:B_WIDTH=97:A_WIDTH=64:B_SIGNED=0:A_SIGNED=0:394426c56d1a028ba8fdd5469b163e04011def47.
Using template $extern:wrap:$sub:Y_WIDTH=97:B_WIDTH=97:A_WIDTH=64:B_SIGNED=0:A_SIGNED=0:394426c56d1a028ba8fdd5469b163e04011def47 for cells of type $extern:wrap:$sub:Y_WIDTH=97:B_WIDTH=97:A_WIDTH=64:B_SIGNED=0:A_SIGNED=0:394426c56d1a028ba8fdd5469b163e04011def47.
Running "alumacc" on wrapper $extern:wrap:$ge:Y_WIDTH=1:B_WIDTH=97:A_WIDTH=64:B_SIGNED=0:A_SIGNED=0:394426c56d1a028ba8fdd5469b163e04011def47.
Using template $extern:wrap:$ge:Y_WIDTH=1:B_WIDTH=97:A_WIDTH=64:B_SIGNED=0:A_SIGNED=0:394426c56d1a028ba8fdd5469b163e04011def47 for cells of type $extern:wrap:$ge:Y_WIDTH=1:B_WIDTH=97:A_WIDTH=64:B_SIGNED=0:A_SIGNED=0:394426c56d1a028ba8fdd5469b163e04011def47.
Running "alumacc" on wrapper $extern:wrap:$sub:Y_WIDTH=98:B_WIDTH=98:A_WIDTH=64:B_SIGNED=0:A_SIGNED=0:394426c56d1a028ba8fdd5469b163e04011def47.
Using template $extern:wrap:$sub:Y_WIDTH=98:B_WIDTH=98:A_WIDTH=64:B_SIGNED=0:A_SIGNED=0:394426c56d1a028ba8fdd5469b163e04011def47 for cells of type $extern:wrap:$sub:Y_WIDTH=98:B_WIDTH=98:A_WIDTH=64:B_SIGNED=0:A_SIGNED=0:394426c56d1a028ba8fdd5469b163e04011def47.
Running "alumacc" on wrapper $extern:wrap:$ge:Y_WIDTH=1:B_WIDTH=98:A_WIDTH=64:B_SIGNED=0:A_SIGNED=0:394426c56d1a028ba8fdd5469b163e04011def47.
Using template $extern:wrap:$ge:Y_WIDTH=1:B_WIDTH=98:A_WIDTH=64:B_SIGNED=0:A_SIGNED=0:394426c56d1a028ba8fdd5469b163e04011def47 for cells of type $extern:wrap:$ge:Y_WIDTH=1:B_WIDTH=98:A_WIDTH=64:B_SIGNED=0:A_SIGNED=0:394426c56d1a028ba8fdd5469b163e04011def47.
Running "alumacc" on wrapper $extern:wrap:$sub:Y_WIDTH=99:B_WIDTH=99:A_WIDTH=64:B_SIGNED=0:A_SIGNED=0:394426c56d1a028ba8fdd5469b163e04011def47.
Using template $extern:wrap:$sub:Y_WIDTH=99:B_WIDTH=99:A_WIDTH=64:B_SIGNED=0:A_SIGNED=0:394426c56d1a028ba8fdd5469b163e04011def47 for cells of type $extern:wrap:$sub:Y_WIDTH=99:B_WIDTH=99:A_WIDTH=64:B_SIGNED=0:A_SIGNED=0:394426c56d1a028ba8fdd5469b163e04011def47.
Running "alumacc" on wrapper $extern:wrap:$ge:Y_WIDTH=1:B_WIDTH=99:A_WIDTH=64:B_SIGNED=0:A_SIGNED=0:394426c56d1a028ba8fdd5469b163e04011def47.
Using template $extern:wrap:$ge:Y_WIDTH=1:B_WIDTH=99:A_WIDTH=64:B_SIGNED=0:A_SIGNED=0:394426c56d1a028ba8fdd5469b163e04011def47 for cells of type $extern:wrap:$ge:Y_WIDTH=1:B_WIDTH=99:A_WIDTH=64:B_SIGNED=0:A_SIGNED=0:394426c56d1a028ba8fdd5469b163e04011def47.
Running "alumacc" on wrapper $extern:wrap:$sub:Y_WIDTH=100:B_WIDTH=100:A_WIDTH=64:B_SIGNED=0:A_SIGNED=0:394426c56d1a028ba8fdd5469b163e04011def47.
Using template $extern:wrap:$sub:Y_WIDTH=100:B_WIDTH=100:A_WIDTH=64:B_SIGNED=0:A_SIGNED=0:394426c56d1a028ba8fdd5469b163e04011def47 for cells of type $extern:wrap:$sub:Y_WIDTH=100:B_WIDTH=100:A_WIDTH=64:B_SIGNED=0:A_SIGNED=0:394426c56d1a028ba8fdd5469b163e04011def47.
Running "alumacc" on wrapper $extern:wrap:$ge:Y_WIDTH=1:B_WIDTH=100:A_WIDTH=64:B_SIGNED=0:A_SIGNED=0:394426c56d1a028ba8fdd5469b163e04011def47.
Using template $extern:wrap:$ge:Y_WIDTH=1:B_WIDTH=100:A_WIDTH=64:B_SIGNED=0:A_SIGNED=0:394426c56d1a028ba8fdd5469b163e04011def47 for cells of type $extern:wrap:$ge:Y_WIDTH=1:B_WIDTH=100:A_WIDTH=64:B_SIGNED=0:A_SIGNED=0:394426c56d1a028ba8fdd5469b163e04011def47.
Running "alumacc" on wrapper $extern:wrap:$sub:Y_WIDTH=101:B_WIDTH=101:A_WIDTH=64:B_SIGNED=0:A_SIGNED=0:394426c56d1a028ba8fdd5469b163e04011def47.
Using template $extern:wrap:$sub:Y_WIDTH=101:B_WIDTH=101:A_WIDTH=64:B_SIGNED=0:A_SIGNED=0:394426c56d1a028ba8fdd5469b163e04011def47 for cells of type $extern:wrap:$sub:Y_WIDTH=101:B_WIDTH=101:A_WIDTH=64:B_SIGNED=0:A_SIGNED=0:394426c56d1a028ba8fdd5469b163e04011def47.
Running "alumacc" on wrapper $extern:wrap:$ge:Y_WIDTH=1:B_WIDTH=101:A_WIDTH=64:B_SIGNED=0:A_SIGNED=0:394426c56d1a028ba8fdd5469b163e04011def47.
Using template $extern:wrap:$ge:Y_WIDTH=1:B_WIDTH=101:A_WIDTH=64:B_SIGNED=0:A_SIGNED=0:394426c56d1a028ba8fdd5469b163e04011def47 for cells of type $extern:wrap:$ge:Y_WIDTH=1:B_WIDTH=101:A_WIDTH=64:B_SIGNED=0:A_SIGNED=0:394426c56d1a028ba8fdd5469b163e04011def47.
Running "alumacc" on wrapper $extern:wrap:$sub:Y_WIDTH=102:B_WIDTH=102:A_WIDTH=64:B_SIGNED=0:A_SIGNED=0:394426c56d1a028ba8fdd5469b163e04011def47.
Using template $extern:wrap:$sub:Y_WIDTH=102:B_WIDTH=102:A_WIDTH=64:B_SIGNED=0:A_SIGNED=0:394426c56d1a028ba8fdd5469b163e04011def47 for cells of type $extern:wrap:$sub:Y_WIDTH=102:B_WIDTH=102:A_WIDTH=64:B_SIGNED=0:A_SIGNED=0:394426c56d1a028ba8fdd5469b163e04011def47.
Running "alumacc" on wrapper $extern:wrap:$ge:Y_WIDTH=1:B_WIDTH=102:A_WIDTH=64:B_SIGNED=0:A_SIGNED=0:394426c56d1a028ba8fdd5469b163e04011def47.
Using template $extern:wrap:$ge:Y_WIDTH=1:B_WIDTH=102:A_WIDTH=64:B_SIGNED=0:A_SIGNED=0:394426c56d1a028ba8fdd5469b163e04011def47 for cells of type $extern:wrap:$ge:Y_WIDTH=1:B_WIDTH=102:A_WIDTH=64:B_SIGNED=0:A_SIGNED=0:394426c56d1a028ba8fdd5469b163e04011def47.
Running "alumacc" on wrapper $extern:wrap:$sub:Y_WIDTH=103:B_WIDTH=103:A_WIDTH=64:B_SIGNED=0:A_SIGNED=0:394426c56d1a028ba8fdd5469b163e04011def47.
Using template $extern:wrap:$sub:Y_WIDTH=103:B_WIDTH=103:A_WIDTH=64:B_SIGNED=0:A_SIGNED=0:394426c56d1a028ba8fdd5469b163e04011def47 for cells of type $extern:wrap:$sub:Y_WIDTH=103:B_WIDTH=103:A_WIDTH=64:B_SIGNED=0:A_SIGNED=0:394426c56d1a028ba8fdd5469b163e04011def47.
Running "alumacc" on wrapper $extern:wrap:$ge:Y_WIDTH=1:B_WIDTH=103:A_WIDTH=64:B_SIGNED=0:A_SIGNED=0:394426c56d1a028ba8fdd5469b163e04011def47.
Using template $extern:wrap:$ge:Y_WIDTH=1:B_WIDTH=103:A_WIDTH=64:B_SIGNED=0:A_SIGNED=0:394426c56d1a028ba8fdd5469b163e04011def47 for cells of type $extern:wrap:$ge:Y_WIDTH=1:B_WIDTH=103:A_WIDTH=64:B_SIGNED=0:A_SIGNED=0:394426c56d1a028ba8fdd5469b163e04011def47.
Running "alumacc" on wrapper $extern:wrap:$sub:Y_WIDTH=104:B_WIDTH=104:A_WIDTH=64:B_SIGNED=0:A_SIGNED=0:394426c56d1a028ba8fdd5469b163e04011def47.
Using template $extern:wrap:$sub:Y_WIDTH=104:B_WIDTH=104:A_WIDTH=64:B_SIGNED=0:A_SIGNED=0:394426c56d1a028ba8fdd5469b163e04011def47 for cells of type $extern:wrap:$sub:Y_WIDTH=104:B_WIDTH=104:A_WIDTH=64:B_SIGNED=0:A_SIGNED=0:394426c56d1a028ba8fdd5469b163e04011def47.
Running "alumacc" on wrapper $extern:wrap:$ge:Y_WIDTH=1:B_WIDTH=104:A_WIDTH=64:B_SIGNED=0:A_SIGNED=0:394426c56d1a028ba8fdd5469b163e04011def47.
Using template $extern:wrap:$ge:Y_WIDTH=1:B_WIDTH=104:A_WIDTH=64:B_SIGNED=0:A_SIGNED=0:394426c56d1a028ba8fdd5469b163e04011def47 for cells of type $extern:wrap:$ge:Y_WIDTH=1:B_WIDTH=104:A_WIDTH=64:B_SIGNED=0:A_SIGNED=0:394426c56d1a028ba8fdd5469b163e04011def47.
Running "alumacc" on wrapper $extern:wrap:$sub:Y_WIDTH=105:B_WIDTH=105:A_WIDTH=64:B_SIGNED=0:A_SIGNED=0:394426c56d1a028ba8fdd5469b163e04011def47.
Using template $extern:wrap:$sub:Y_WIDTH=105:B_WIDTH=105:A_WIDTH=64:B_SIGNED=0:A_SIGNED=0:394426c56d1a028ba8fdd5469b163e04011def47 for cells of type $extern:wrap:$sub:Y_WIDTH=105:B_WIDTH=105:A_WIDTH=64:B_SIGNED=0:A_SIGNED=0:394426c56d1a028ba8fdd5469b163e04011def47.
Running "alumacc" on wrapper $extern:wrap:$ge:Y_WIDTH=1:B_WIDTH=105:A_WIDTH=64:B_SIGNED=0:A_SIGNED=0:394426c56d1a028ba8fdd5469b163e04011def47.
Using template $extern:wrap:$ge:Y_WIDTH=1:B_WIDTH=105:A_WIDTH=64:B_SIGNED=0:A_SIGNED=0:394426c56d1a028ba8fdd5469b163e04011def47 for cells of type $extern:wrap:$ge:Y_WIDTH=1:B_WIDTH=105:A_WIDTH=64:B_SIGNED=0:A_SIGNED=0:394426c56d1a028ba8fdd5469b163e04011def47.
Running "alumacc" on wrapper $extern:wrap:$sub:Y_WIDTH=106:B_WIDTH=106:A_WIDTH=64:B_SIGNED=0:A_SIGNED=0:394426c56d1a028ba8fdd5469b163e04011def47.
Using template $extern:wrap:$sub:Y_WIDTH=106:B_WIDTH=106:A_WIDTH=64:B_SIGNED=0:A_SIGNED=0:394426c56d1a028ba8fdd5469b163e04011def47 for cells of type $extern:wrap:$sub:Y_WIDTH=106:B_WIDTH=106:A_WIDTH=64:B_SIGNED=0:A_SIGNED=0:394426c56d1a028ba8fdd5469b163e04011def47.
Running "alumacc" on wrapper $extern:wrap:$ge:Y_WIDTH=1:B_WIDTH=106:A_WIDTH=64:B_SIGNED=0:A_SIGNED=0:394426c56d1a028ba8fdd5469b163e04011def47.
Using template $extern:wrap:$ge:Y_WIDTH=1:B_WIDTH=106:A_WIDTH=64:B_SIGNED=0:A_SIGNED=0:394426c56d1a028ba8fdd5469b163e04011def47 for cells of type $extern:wrap:$ge:Y_WIDTH=1:B_WIDTH=106:A_WIDTH=64:B_SIGNED=0:A_SIGNED=0:394426c56d1a028ba8fdd5469b163e04011def47.
Running "alumacc" on wrapper $extern:wrap:$sub:Y_WIDTH=107:B_WIDTH=107:A_WIDTH=64:B_SIGNED=0:A_SIGNED=0:394426c56d1a028ba8fdd5469b163e04011def47.
Using template $extern:wrap:$sub:Y_WIDTH=107:B_WIDTH=107:A_WIDTH=64:B_SIGNED=0:A_SIGNED=0:394426c56d1a028ba8fdd5469b163e04011def47 for cells of type $extern:wrap:$sub:Y_WIDTH=107:B_WIDTH=107:A_WIDTH=64:B_SIGNED=0:A_SIGNED=0:394426c56d1a028ba8fdd5469b163e04011def47.
Running "alumacc" on wrapper $extern:wrap:$ge:Y_WIDTH=1:B_WIDTH=107:A_WIDTH=64:B_SIGNED=0:A_SIGNED=0:394426c56d1a028ba8fdd5469b163e04011def47.
Using template $extern:wrap:$ge:Y_WIDTH=1:B_WIDTH=107:A_WIDTH=64:B_SIGNED=0:A_SIGNED=0:394426c56d1a028ba8fdd5469b163e04011def47 for cells of type $extern:wrap:$ge:Y_WIDTH=1:B_WIDTH=107:A_WIDTH=64:B_SIGNED=0:A_SIGNED=0:394426c56d1a028ba8fdd5469b163e04011def47.
Running "alumacc" on wrapper $extern:wrap:$sub:Y_WIDTH=108:B_WIDTH=108:A_WIDTH=64:B_SIGNED=0:A_SIGNED=0:394426c56d1a028ba8fdd5469b163e04011def47.
Using template $extern:wrap:$sub:Y_WIDTH=108:B_WIDTH=108:A_WIDTH=64:B_SIGNED=0:A_SIGNED=0:394426c56d1a028ba8fdd5469b163e04011def47 for cells of type $extern:wrap:$sub:Y_WIDTH=108:B_WIDTH=108:A_WIDTH=64:B_SIGNED=0:A_SIGNED=0:394426c56d1a028ba8fdd5469b163e04011def47.
Running "alumacc" on wrapper $extern:wrap:$ge:Y_WIDTH=1:B_WIDTH=108:A_WIDTH=64:B_SIGNED=0:A_SIGNED=0:394426c56d1a028ba8fdd5469b163e04011def47.
Using template $extern:wrap:$ge:Y_WIDTH=1:B_WIDTH=108:A_WIDTH=64:B_SIGNED=0:A_SIGNED=0:394426c56d1a028ba8fdd5469b163e04011def47 for cells of type $extern:wrap:$ge:Y_WIDTH=1:B_WIDTH=108:A_WIDTH=64:B_SIGNED=0:A_SIGNED=0:394426c56d1a028ba8fdd5469b163e04011def47.
Running "alumacc" on wrapper $extern:wrap:$sub:Y_WIDTH=109:B_WIDTH=109:A_WIDTH=64:B_SIGNED=0:A_SIGNED=0:394426c56d1a028ba8fdd5469b163e04011def47.
Using template $extern:wrap:$sub:Y_WIDTH=109:B_WIDTH=109:A_WIDTH=64:B_SIGNED=0:A_SIGNED=0:394426c56d1a028ba8fdd5469b163e04011def47 for cells of type $extern:wrap:$sub:Y_WIDTH=109:B_WIDTH=109:A_WIDTH=64:B_SIGNED=0:A_SIGNED=0:394426c56d1a028ba8fdd5469b163e04011def47.
Running "alumacc" on wrapper $extern:wrap:$ge:Y_WIDTH=1:B_WIDTH=109:A_WIDTH=64:B_SIGNED=0:A_SIGNED=0:394426c56d1a028ba8fdd5469b163e04011def47.
Using template $extern:wrap:$ge:Y_WIDTH=1:B_WIDTH=109:A_WIDTH=64:B_SIGNED=0:A_SIGNED=0:394426c56d1a028ba8fdd5469b163e04011def47 for cells of type $extern:wrap:$ge:Y_WIDTH=1:B_WIDTH=109:A_WIDTH=64:B_SIGNED=0:A_SIGNED=0:394426c56d1a028ba8fdd5469b163e04011def47.
Running "alumacc" on wrapper $extern:wrap:$sub:Y_WIDTH=110:B_WIDTH=110:A_WIDTH=64:B_SIGNED=0:A_SIGNED=0:394426c56d1a028ba8fdd5469b163e04011def47.
Using template $extern:wrap:$sub:Y_WIDTH=110:B_WIDTH=110:A_WIDTH=64:B_SIGNED=0:A_SIGNED=0:394426c56d1a028ba8fdd5469b163e04011def47 for cells of type $extern:wrap:$sub:Y_WIDTH=110:B_WIDTH=110:A_WIDTH=64:B_SIGNED=0:A_SIGNED=0:394426c56d1a028ba8fdd5469b163e04011def47.
Running "alumacc" on wrapper $extern:wrap:$ge:Y_WIDTH=1:B_WIDTH=110:A_WIDTH=64:B_SIGNED=0:A_SIGNED=0:394426c56d1a028ba8fdd5469b163e04011def47.
Using template $extern:wrap:$ge:Y_WIDTH=1:B_WIDTH=110:A_WIDTH=64:B_SIGNED=0:A_SIGNED=0:394426c56d1a028ba8fdd5469b163e04011def47 for cells of type $extern:wrap:$ge:Y_WIDTH=1:B_WIDTH=110:A_WIDTH=64:B_SIGNED=0:A_SIGNED=0:394426c56d1a028ba8fdd5469b163e04011def47.
Running "alumacc" on wrapper $extern:wrap:$sub:Y_WIDTH=111:B_WIDTH=111:A_WIDTH=64:B_SIGNED=0:A_SIGNED=0:394426c56d1a028ba8fdd5469b163e04011def47.
Using template $extern:wrap:$sub:Y_WIDTH=111:B_WIDTH=111:A_WIDTH=64:B_SIGNED=0:A_SIGNED=0:394426c56d1a028ba8fdd5469b163e04011def47 for cells of type $extern:wrap:$sub:Y_WIDTH=111:B_WIDTH=111:A_WIDTH=64:B_SIGNED=0:A_SIGNED=0:394426c56d1a028ba8fdd5469b163e04011def47.
Running "alumacc" on wrapper $extern:wrap:$ge:Y_WIDTH=1:B_WIDTH=111:A_WIDTH=64:B_SIGNED=0:A_SIGNED=0:394426c56d1a028ba8fdd5469b163e04011def47.
Using template $extern:wrap:$ge:Y_WIDTH=1:B_WIDTH=111:A_WIDTH=64:B_SIGNED=0:A_SIGNED=0:394426c56d1a028ba8fdd5469b163e04011def47 for cells of type $extern:wrap:$ge:Y_WIDTH=1:B_WIDTH=111:A_WIDTH=64:B_SIGNED=0:A_SIGNED=0:394426c56d1a028ba8fdd5469b163e04011def47.
Running "alumacc" on wrapper $extern:wrap:$sub:Y_WIDTH=112:B_WIDTH=112:A_WIDTH=64:B_SIGNED=0:A_SIGNED=0:394426c56d1a028ba8fdd5469b163e04011def47.
Using template $extern:wrap:$sub:Y_WIDTH=112:B_WIDTH=112:A_WIDTH=64:B_SIGNED=0:A_SIGNED=0:394426c56d1a028ba8fdd5469b163e04011def47 for cells of type $extern:wrap:$sub:Y_WIDTH=112:B_WIDTH=112:A_WIDTH=64:B_SIGNED=0:A_SIGNED=0:394426c56d1a028ba8fdd5469b163e04011def47.
Running "alumacc" on wrapper $extern:wrap:$ge:Y_WIDTH=1:B_WIDTH=112:A_WIDTH=64:B_SIGNED=0:A_SIGNED=0:394426c56d1a028ba8fdd5469b163e04011def47.
Using template $extern:wrap:$ge:Y_WIDTH=1:B_WIDTH=112:A_WIDTH=64:B_SIGNED=0:A_SIGNED=0:394426c56d1a028ba8fdd5469b163e04011def47 for cells of type $extern:wrap:$ge:Y_WIDTH=1:B_WIDTH=112:A_WIDTH=64:B_SIGNED=0:A_SIGNED=0:394426c56d1a028ba8fdd5469b163e04011def47.
Running "alumacc" on wrapper $extern:wrap:$sub:Y_WIDTH=113:B_WIDTH=113:A_WIDTH=64:B_SIGNED=0:A_SIGNED=0:394426c56d1a028ba8fdd5469b163e04011def47.
Using template $extern:wrap:$sub:Y_WIDTH=113:B_WIDTH=113:A_WIDTH=64:B_SIGNED=0:A_SIGNED=0:394426c56d1a028ba8fdd5469b163e04011def47 for cells of type $extern:wrap:$sub:Y_WIDTH=113:B_WIDTH=113:A_WIDTH=64:B_SIGNED=0:A_SIGNED=0:394426c56d1a028ba8fdd5469b163e04011def47.
Running "alumacc" on wrapper $extern:wrap:$ge:Y_WIDTH=1:B_WIDTH=113:A_WIDTH=64:B_SIGNED=0:A_SIGNED=0:394426c56d1a028ba8fdd5469b163e04011def47.
Using template $extern:wrap:$ge:Y_WIDTH=1:B_WIDTH=113:A_WIDTH=64:B_SIGNED=0:A_SIGNED=0:394426c56d1a028ba8fdd5469b163e04011def47 for cells of type $extern:wrap:$ge:Y_WIDTH=1:B_WIDTH=113:A_WIDTH=64:B_SIGNED=0:A_SIGNED=0:394426c56d1a028ba8fdd5469b163e04011def47.
Running "alumacc" on wrapper $extern:wrap:$sub:Y_WIDTH=114:B_WIDTH=114:A_WIDTH=64:B_SIGNED=0:A_SIGNED=0:394426c56d1a028ba8fdd5469b163e04011def47.
Using template $extern:wrap:$sub:Y_WIDTH=114:B_WIDTH=114:A_WIDTH=64:B_SIGNED=0:A_SIGNED=0:394426c56d1a028ba8fdd5469b163e04011def47 for cells of type $extern:wrap:$sub:Y_WIDTH=114:B_WIDTH=114:A_WIDTH=64:B_SIGNED=0:A_SIGNED=0:394426c56d1a028ba8fdd5469b163e04011def47.
Running "alumacc" on wrapper $extern:wrap:$ge:Y_WIDTH=1:B_WIDTH=114:A_WIDTH=64:B_SIGNED=0:A_SIGNED=0:394426c56d1a028ba8fdd5469b163e04011def47.
Using template $extern:wrap:$ge:Y_WIDTH=1:B_WIDTH=114:A_WIDTH=64:B_SIGNED=0:A_SIGNED=0:394426c56d1a028ba8fdd5469b163e04011def47 for cells of type $extern:wrap:$ge:Y_WIDTH=1:B_WIDTH=114:A_WIDTH=64:B_SIGNED=0:A_SIGNED=0:394426c56d1a028ba8fdd5469b163e04011def47.
Running "alumacc" on wrapper $extern:wrap:$sub:Y_WIDTH=115:B_WIDTH=115:A_WIDTH=64:B_SIGNED=0:A_SIGNED=0:394426c56d1a028ba8fdd5469b163e04011def47.
Using template $extern:wrap:$sub:Y_WIDTH=115:B_WIDTH=115:A_WIDTH=64:B_SIGNED=0:A_SIGNED=0:394426c56d1a028ba8fdd5469b163e04011def47 for cells of type $extern:wrap:$sub:Y_WIDTH=115:B_WIDTH=115:A_WIDTH=64:B_SIGNED=0:A_SIGNED=0:394426c56d1a028ba8fdd5469b163e04011def47.
Running "alumacc" on wrapper $extern:wrap:$ge:Y_WIDTH=1:B_WIDTH=115:A_WIDTH=64:B_SIGNED=0:A_SIGNED=0:394426c56d1a028ba8fdd5469b163e04011def47.
Using template $extern:wrap:$ge:Y_WIDTH=1:B_WIDTH=115:A_WIDTH=64:B_SIGNED=0:A_SIGNED=0:394426c56d1a028ba8fdd5469b163e04011def47 for cells of type $extern:wrap:$ge:Y_WIDTH=1:B_WIDTH=115:A_WIDTH=64:B_SIGNED=0:A_SIGNED=0:394426c56d1a028ba8fdd5469b163e04011def47.
Running "alumacc" on wrapper $extern:wrap:$sub:Y_WIDTH=116:B_WIDTH=116:A_WIDTH=64:B_SIGNED=0:A_SIGNED=0:394426c56d1a028ba8fdd5469b163e04011def47.
Using template $extern:wrap:$sub:Y_WIDTH=116:B_WIDTH=116:A_WIDTH=64:B_SIGNED=0:A_SIGNED=0:394426c56d1a028ba8fdd5469b163e04011def47 for cells of type $extern:wrap:$sub:Y_WIDTH=116:B_WIDTH=116:A_WIDTH=64:B_SIGNED=0:A_SIGNED=0:394426c56d1a028ba8fdd5469b163e04011def47.
Running "alumacc" on wrapper $extern:wrap:$ge:Y_WIDTH=1:B_WIDTH=116:A_WIDTH=64:B_SIGNED=0:A_SIGNED=0:394426c56d1a028ba8fdd5469b163e04011def47.
Using template $extern:wrap:$ge:Y_WIDTH=1:B_WIDTH=116:A_WIDTH=64:B_SIGNED=0:A_SIGNED=0:394426c56d1a028ba8fdd5469b163e04011def47 for cells of type $extern:wrap:$ge:Y_WIDTH=1:B_WIDTH=116:A_WIDTH=64:B_SIGNED=0:A_SIGNED=0:394426c56d1a028ba8fdd5469b163e04011def47.
Running "alumacc" on wrapper $extern:wrap:$sub:Y_WIDTH=117:B_WIDTH=117:A_WIDTH=64:B_SIGNED=0:A_SIGNED=0:394426c56d1a028ba8fdd5469b163e04011def47.
Using template $extern:wrap:$sub:Y_WIDTH=117:B_WIDTH=117:A_WIDTH=64:B_SIGNED=0:A_SIGNED=0:394426c56d1a028ba8fdd5469b163e04011def47 for cells of type $extern:wrap:$sub:Y_WIDTH=117:B_WIDTH=117:A_WIDTH=64:B_SIGNED=0:A_SIGNED=0:394426c56d1a028ba8fdd5469b163e04011def47.
Running "alumacc" on wrapper $extern:wrap:$ge:Y_WIDTH=1:B_WIDTH=117:A_WIDTH=64:B_SIGNED=0:A_SIGNED=0:394426c56d1a028ba8fdd5469b163e04011def47.
Using template $extern:wrap:$ge:Y_WIDTH=1:B_WIDTH=117:A_WIDTH=64:B_SIGNED=0:A_SIGNED=0:394426c56d1a028ba8fdd5469b163e04011def47 for cells of type $extern:wrap:$ge:Y_WIDTH=1:B_WIDTH=117:A_WIDTH=64:B_SIGNED=0:A_SIGNED=0:394426c56d1a028ba8fdd5469b163e04011def47.
Running "alumacc" on wrapper $extern:wrap:$sub:Y_WIDTH=118:B_WIDTH=118:A_WIDTH=64:B_SIGNED=0:A_SIGNED=0:394426c56d1a028ba8fdd5469b163e04011def47.
Using template $extern:wrap:$sub:Y_WIDTH=118:B_WIDTH=118:A_WIDTH=64:B_SIGNED=0:A_SIGNED=0:394426c56d1a028ba8fdd5469b163e04011def47 for cells of type $extern:wrap:$sub:Y_WIDTH=118:B_WIDTH=118:A_WIDTH=64:B_SIGNED=0:A_SIGNED=0:394426c56d1a028ba8fdd5469b163e04011def47.
Running "alumacc" on wrapper $extern:wrap:$ge:Y_WIDTH=1:B_WIDTH=118:A_WIDTH=64:B_SIGNED=0:A_SIGNED=0:394426c56d1a028ba8fdd5469b163e04011def47.
Using template $extern:wrap:$ge:Y_WIDTH=1:B_WIDTH=118:A_WIDTH=64:B_SIGNED=0:A_SIGNED=0:394426c56d1a028ba8fdd5469b163e04011def47 for cells of type $extern:wrap:$ge:Y_WIDTH=1:B_WIDTH=118:A_WIDTH=64:B_SIGNED=0:A_SIGNED=0:394426c56d1a028ba8fdd5469b163e04011def47.
Running "alumacc" on wrapper $extern:wrap:$sub:Y_WIDTH=119:B_WIDTH=119:A_WIDTH=64:B_SIGNED=0:A_SIGNED=0:394426c56d1a028ba8fdd5469b163e04011def47.
Using template $extern:wrap:$sub:Y_WIDTH=119:B_WIDTH=119:A_WIDTH=64:B_SIGNED=0:A_SIGNED=0:394426c56d1a028ba8fdd5469b163e04011def47 for cells of type $extern:wrap:$sub:Y_WIDTH=119:B_WIDTH=119:A_WIDTH=64:B_SIGNED=0:A_SIGNED=0:394426c56d1a028ba8fdd5469b163e04011def47.
Running "alumacc" on wrapper $extern:wrap:$ge:Y_WIDTH=1:B_WIDTH=119:A_WIDTH=64:B_SIGNED=0:A_SIGNED=0:394426c56d1a028ba8fdd5469b163e04011def47.
Using template $extern:wrap:$ge:Y_WIDTH=1:B_WIDTH=119:A_WIDTH=64:B_SIGNED=0:A_SIGNED=0:394426c56d1a028ba8fdd5469b163e04011def47 for cells of type $extern:wrap:$ge:Y_WIDTH=1:B_WIDTH=119:A_WIDTH=64:B_SIGNED=0:A_SIGNED=0:394426c56d1a028ba8fdd5469b163e04011def47.
Running "alumacc" on wrapper $extern:wrap:$sub:Y_WIDTH=120:B_WIDTH=120:A_WIDTH=64:B_SIGNED=0:A_SIGNED=0:394426c56d1a028ba8fdd5469b163e04011def47.
Using template $extern:wrap:$sub:Y_WIDTH=120:B_WIDTH=120:A_WIDTH=64:B_SIGNED=0:A_SIGNED=0:394426c56d1a028ba8fdd5469b163e04011def47 for cells of type $extern:wrap:$sub:Y_WIDTH=120:B_WIDTH=120:A_WIDTH=64:B_SIGNED=0:A_SIGNED=0:394426c56d1a028ba8fdd5469b163e04011def47.
Running "alumacc" on wrapper $extern:wrap:$ge:Y_WIDTH=1:B_WIDTH=120:A_WIDTH=64:B_SIGNED=0:A_SIGNED=0:394426c56d1a028ba8fdd5469b163e04011def47.
Using template $extern:wrap:$ge:Y_WIDTH=1:B_WIDTH=120:A_WIDTH=64:B_SIGNED=0:A_SIGNED=0:394426c56d1a028ba8fdd5469b163e04011def47 for cells of type $extern:wrap:$ge:Y_WIDTH=1:B_WIDTH=120:A_WIDTH=64:B_SIGNED=0:A_SIGNED=0:394426c56d1a028ba8fdd5469b163e04011def47.
Running "alumacc" on wrapper $extern:wrap:$sub:Y_WIDTH=121:B_WIDTH=121:A_WIDTH=64:B_SIGNED=0:A_SIGNED=0:394426c56d1a028ba8fdd5469b163e04011def47.
Using template $extern:wrap:$sub:Y_WIDTH=121:B_WIDTH=121:A_WIDTH=64:B_SIGNED=0:A_SIGNED=0:394426c56d1a028ba8fdd5469b163e04011def47 for cells of type $extern:wrap:$sub:Y_WIDTH=121:B_WIDTH=121:A_WIDTH=64:B_SIGNED=0:A_SIGNED=0:394426c56d1a028ba8fdd5469b163e04011def47.
Running "alumacc" on wrapper $extern:wrap:$ge:Y_WIDTH=1:B_WIDTH=121:A_WIDTH=64:B_SIGNED=0:A_SIGNED=0:394426c56d1a028ba8fdd5469b163e04011def47.
Using template $extern:wrap:$ge:Y_WIDTH=1:B_WIDTH=121:A_WIDTH=64:B_SIGNED=0:A_SIGNED=0:394426c56d1a028ba8fdd5469b163e04011def47 for cells of type $extern:wrap:$ge:Y_WIDTH=1:B_WIDTH=121:A_WIDTH=64:B_SIGNED=0:A_SIGNED=0:394426c56d1a028ba8fdd5469b163e04011def47.
Running "alumacc" on wrapper $extern:wrap:$sub:Y_WIDTH=122:B_WIDTH=122:A_WIDTH=64:B_SIGNED=0:A_SIGNED=0:394426c56d1a028ba8fdd5469b163e04011def47.
Using template $extern:wrap:$sub:Y_WIDTH=122:B_WIDTH=122:A_WIDTH=64:B_SIGNED=0:A_SIGNED=0:394426c56d1a028ba8fdd5469b163e04011def47 for cells of type $extern:wrap:$sub:Y_WIDTH=122:B_WIDTH=122:A_WIDTH=64:B_SIGNED=0:A_SIGNED=0:394426c56d1a028ba8fdd5469b163e04011def47.
Running "alumacc" on wrapper $extern:wrap:$ge:Y_WIDTH=1:B_WIDTH=122:A_WIDTH=64:B_SIGNED=0:A_SIGNED=0:394426c56d1a028ba8fdd5469b163e04011def47.
Using template $extern:wrap:$ge:Y_WIDTH=1:B_WIDTH=122:A_WIDTH=64:B_SIGNED=0:A_SIGNED=0:394426c56d1a028ba8fdd5469b163e04011def47 for cells of type $extern:wrap:$ge:Y_WIDTH=1:B_WIDTH=122:A_WIDTH=64:B_SIGNED=0:A_SIGNED=0:394426c56d1a028ba8fdd5469b163e04011def47.
Running "alumacc" on wrapper $extern:wrap:$sub:Y_WIDTH=123:B_WIDTH=123:A_WIDTH=64:B_SIGNED=0:A_SIGNED=0:394426c56d1a028ba8fdd5469b163e04011def47.
Using template $extern:wrap:$sub:Y_WIDTH=123:B_WIDTH=123:A_WIDTH=64:B_SIGNED=0:A_SIGNED=0:394426c56d1a028ba8fdd5469b163e04011def47 for cells of type $extern:wrap:$sub:Y_WIDTH=123:B_WIDTH=123:A_WIDTH=64:B_SIGNED=0:A_SIGNED=0:394426c56d1a028ba8fdd5469b163e04011def47.
Running "alumacc" on wrapper $extern:wrap:$ge:Y_WIDTH=1:B_WIDTH=123:A_WIDTH=64:B_SIGNED=0:A_SIGNED=0:394426c56d1a028ba8fdd5469b163e04011def47.
Using template $extern:wrap:$ge:Y_WIDTH=1:B_WIDTH=123:A_WIDTH=64:B_SIGNED=0:A_SIGNED=0:394426c56d1a028ba8fdd5469b163e04011def47 for cells of type $extern:wrap:$ge:Y_WIDTH=1:B_WIDTH=123:A_WIDTH=64:B_SIGNED=0:A_SIGNED=0:394426c56d1a028ba8fdd5469b163e04011def47.
Running "alumacc" on wrapper $extern:wrap:$sub:Y_WIDTH=124:B_WIDTH=124:A_WIDTH=64:B_SIGNED=0:A_SIGNED=0:394426c56d1a028ba8fdd5469b163e04011def47.
Using template $extern:wrap:$sub:Y_WIDTH=124:B_WIDTH=124:A_WIDTH=64:B_SIGNED=0:A_SIGNED=0:394426c56d1a028ba8fdd5469b163e04011def47 for cells of type $extern:wrap:$sub:Y_WIDTH=124:B_WIDTH=124:A_WIDTH=64:B_SIGNED=0:A_SIGNED=0:394426c56d1a028ba8fdd5469b163e04011def47.
Running "alumacc" on wrapper $extern:wrap:$ge:Y_WIDTH=1:B_WIDTH=124:A_WIDTH=64:B_SIGNED=0:A_SIGNED=0:394426c56d1a028ba8fdd5469b163e04011def47.
Using template $extern:wrap:$ge:Y_WIDTH=1:B_WIDTH=124:A_WIDTH=64:B_SIGNED=0:A_SIGNED=0:394426c56d1a028ba8fdd5469b163e04011def47 for cells of type $extern:wrap:$ge:Y_WIDTH=1:B_WIDTH=124:A_WIDTH=64:B_SIGNED=0:A_SIGNED=0:394426c56d1a028ba8fdd5469b163e04011def47.
Running "alumacc" on wrapper $extern:wrap:$sub:Y_WIDTH=125:B_WIDTH=125:A_WIDTH=64:B_SIGNED=0:A_SIGNED=0:394426c56d1a028ba8fdd5469b163e04011def47.
Using template $extern:wrap:$sub:Y_WIDTH=125:B_WIDTH=125:A_WIDTH=64:B_SIGNED=0:A_SIGNED=0:394426c56d1a028ba8fdd5469b163e04011def47 for cells of type $extern:wrap:$sub:Y_WIDTH=125:B_WIDTH=125:A_WIDTH=64:B_SIGNED=0:A_SIGNED=0:394426c56d1a028ba8fdd5469b163e04011def47.
Running "alumacc" on wrapper $extern:wrap:$ge:Y_WIDTH=1:B_WIDTH=125:A_WIDTH=64:B_SIGNED=0:A_SIGNED=0:394426c56d1a028ba8fdd5469b163e04011def47.
Using template $extern:wrap:$ge:Y_WIDTH=1:B_WIDTH=125:A_WIDTH=64:B_SIGNED=0:A_SIGNED=0:394426c56d1a028ba8fdd5469b163e04011def47 for cells of type $extern:wrap:$ge:Y_WIDTH=1:B_WIDTH=125:A_WIDTH=64:B_SIGNED=0:A_SIGNED=0:394426c56d1a028ba8fdd5469b163e04011def47.
Running "alumacc" on wrapper $extern:wrap:$sub:Y_WIDTH=126:B_WIDTH=126:A_WIDTH=64:B_SIGNED=0:A_SIGNED=0:394426c56d1a028ba8fdd5469b163e04011def47.
Using template $extern:wrap:$sub:Y_WIDTH=126:B_WIDTH=126:A_WIDTH=64:B_SIGNED=0:A_SIGNED=0:394426c56d1a028ba8fdd5469b163e04011def47 for cells of type $extern:wrap:$sub:Y_WIDTH=126:B_WIDTH=126:A_WIDTH=64:B_SIGNED=0:A_SIGNED=0:394426c56d1a028ba8fdd5469b163e04011def47.
Running "alumacc" on wrapper $extern:wrap:$ge:Y_WIDTH=1:B_WIDTH=126:A_WIDTH=64:B_SIGNED=0:A_SIGNED=0:394426c56d1a028ba8fdd5469b163e04011def47.
Using template $extern:wrap:$ge:Y_WIDTH=1:B_WIDTH=126:A_WIDTH=64:B_SIGNED=0:A_SIGNED=0:394426c56d1a028ba8fdd5469b163e04011def47 for cells of type $extern:wrap:$ge:Y_WIDTH=1:B_WIDTH=126:A_WIDTH=64:B_SIGNED=0:A_SIGNED=0:394426c56d1a028ba8fdd5469b163e04011def47.
Running "alumacc" on wrapper $extern:wrap:$sub:Y_WIDTH=127:B_WIDTH=127:A_WIDTH=64:B_SIGNED=0:A_SIGNED=0:394426c56d1a028ba8fdd5469b163e04011def47.
Using template $extern:wrap:$sub:Y_WIDTH=127:B_WIDTH=127:A_WIDTH=64:B_SIGNED=0:A_SIGNED=0:394426c56d1a028ba8fdd5469b163e04011def47 for cells of type $extern:wrap:$sub:Y_WIDTH=127:B_WIDTH=127:A_WIDTH=64:B_SIGNED=0:A_SIGNED=0:394426c56d1a028ba8fdd5469b163e04011def47.
Running "alumacc" on wrapper $extern:wrap:$ge:Y_WIDTH=1:B_WIDTH=127:A_WIDTH=64:B_SIGNED=0:A_SIGNED=0:394426c56d1a028ba8fdd5469b163e04011def47.
Using template $extern:wrap:$ge:Y_WIDTH=1:B_WIDTH=127:A_WIDTH=64:B_SIGNED=0:A_SIGNED=0:394426c56d1a028ba8fdd5469b163e04011def47 for cells of type $extern:wrap:$ge:Y_WIDTH=1:B_WIDTH=127:A_WIDTH=64:B_SIGNED=0:A_SIGNED=0:394426c56d1a028ba8fdd5469b163e04011def47.
Using template $paramod\_90_lcu_brent_kung\WIDTH=32'00000000000000000000000001000000 for cells of type $lcu.
Using template $paramod$039520c137afc9cd69dd56c3fb11a4e1fbe5f664\_90_alu for cells of type $alu.
Using template $paramod$2686df4b354495a38c0be3630857de04e3828670\_90_alu for cells of type $alu.
Using template $paramod$c5c2451dc1f17990fadcfd7ea986ede2d5da4273\_90_alu for cells of type $alu.
Using template $paramod$9c156d8ec8a3851201ec73d1b17e5780bf930ea5\_90_alu for cells of type $alu.
Using template $paramod$6b6617cd20c5a3c8431b08ff5e9b00435dc218c6\_90_alu for cells of type $alu.
Using template $paramod$dbc0432367de50356f2ef0c0787f1424fd7f12f0\_90_alu for cells of type $alu.
Using template $paramod$615bfe15c115338eda9544f64bdb7cba9b6774f0\_90_alu for cells of type $alu.
Using template $paramod$b71aabf337202ffa5f2545aec7635a78f1fbdc68\_90_alu for cells of type $alu.
Using template $paramod$f4e07a831c71bf03289707653be34a7f09620799\_90_alu for cells of type $alu.
Using template $paramod$9212a4a9d2a4c984771cdf5beeab3abcc31ffb36\_90_alu for cells of type $alu.
Using template $paramod$788a62176a4dbae10e20d17d1c50a9b7d0cfaf40\_90_alu for cells of type $alu.
Using template $paramod$968e588c9180238dbeead15129116beb9e016a4f\_90_alu for cells of type $alu.
Using template $paramod$d5a79a6a3f45138860dc21a546285f61eb4f897f\_90_alu for cells of type $alu.
Using template $paramod$188281d2f3c37a1d2a77d23a85b0a2fe4265c96d\_90_alu for cells of type $alu.
Using template $paramod$de5baf74eb1ad4127dbbd88344b0d0c67c80101f\_90_alu for cells of type $alu.
Using template $paramod$deef177569da965fc86c44ef51477ffacc480c0b\_90_alu for cells of type $alu.
Using template $paramod$b0810b978920b50007706c1ec02aaef44c8abb99\_90_alu for cells of type $alu.
Using template $paramod$ae6e22d95f5a7d91bd164fc449ff2f3e2ae88c22\_90_alu for cells of type $alu.
Using template $paramod$451d76431158edebc79f68c8380e4d029352d4c8\_90_alu for cells of type $alu.
Using template $paramod$358ca4a120d58910b8d72886aeb500ac753f528a\_90_alu for cells of type $alu.
Using template $paramod$369a53a0660d5700f89d254a5477986517bbcc36\_90_alu for cells of type $alu.
Using template $paramod$8270e43f7697cdbaa0f82016277dbec2c601fa8b\_90_alu for cells of type $alu.
Using template $paramod$22029ffdfc8ba83f4e51fcd4517a247fc405923c\_90_alu for cells of type $alu.
Using template $paramod$1f4d3bd9c2f89dad8534592359efff3c022ce1a9\_90_alu for cells of type $alu.
Using template $paramod$8635bacc22564f9cac75dc76d8d3938873b6ca7b\_90_alu for cells of type $alu.
Using template $paramod$61f5e6b4d29c23fd386beac7cea0c6d527a88f0b\_90_alu for cells of type $alu.
Using template $paramod$a98f4581d210a6c681e7fc03a68243d9fcdef2f2\_90_alu for cells of type $alu.
Using template $paramod$8627dfb1e560ab6dde6628653c1d3bab7cd9e53d\_90_alu for cells of type $alu.
Using template $paramod$4d469aa90f25de9e9cfcd3c3a985500366c81562\_90_alu for cells of type $alu.
Using template $paramod$763b1fe3a14cfd7857c7b0e41ac7b5656d1282e2\_90_alu for cells of type $alu.
Using template $paramod$d465982d24d42f85f8f22587845494855a52c7fa\_90_alu for cells of type $alu.
Using template $paramod$0b854ffe2f712e3003932ea40de5087f7ec6873c\_90_alu for cells of type $alu.
Using template $paramod$e0ab18d2d5948959fb19583c85a5288c467d134c\_90_alu for cells of type $alu.
Using template $paramod$b9d0081565d3a452ae9e921a267d00bf52bd5ecc\_90_alu for cells of type $alu.
Using template $paramod$549afeeb953f82392daa21f38e3f0ab48cdb1609\_90_alu for cells of type $alu.
Using template $paramod$b6e11bcaac8d46131c6c85e8bb91a703f58377ef\_90_alu for cells of type $alu.
Using template $paramod$f1a002b56bbc1e6f56dd6bc934cc5cc60cfdc0b4\_90_alu for cells of type $alu.
Using template $paramod$10a38c05efbf413f6c8f2fd4f5048c33d46c4268\_90_alu for cells of type $alu.
Using template $paramod$8a6d5f62888b02b7bec84c0cf4291b3243291eb6\_90_alu for cells of type $alu.
Using template $paramod$52a2a6cbdc3e823cb3e79323f5854f4cb3af4a72\_90_alu for cells of type $alu.
Using template $paramod$638fcbd1c34bc4fe71e9aee7e262f7ae53ce4f47\_90_alu for cells of type $alu.
Using template $paramod$e551800f92754d0875841ab5e3ea0685ccbc1811\_90_alu for cells of type $alu.
Using template $paramod$5caf26cb142f12001c86a610754584ab299d9070\_90_alu for cells of type $alu.
Using template $paramod$ccb19575981258c0ff75db71fb59246c19039ab5\_90_alu for cells of type $alu.
Using template $paramod$b13b855d8a0a68b7644eb5faf05224673439c194\_90_alu for cells of type $alu.
Using template $paramod$9ff0978fe1a3cdb45bbc37974845f200b32a21ef\_90_alu for cells of type $alu.
Using template $paramod$e690d853d65f4dd9cd01ec28f6d0cc607eba734d\_90_alu for cells of type $alu.
Using template $paramod$a92669e50b53481856def96f05cf74aa94a72dd0\_90_alu for cells of type $alu.
Using template $paramod$e343947ae2b5e9c0581d3856f1c2dcb26875bbba\_90_alu for cells of type $alu.
Using template $paramod$7328a7e498b26e954392b4b0bade8b5b0c6f8cb2\_90_alu for cells of type $alu.
Using template $paramod$e3e31db9fb756872c68211b2a3a2f0368397e710\_90_alu for cells of type $alu.
Using template $paramod$d960b7b40210b533e60ac4e65fc1fb749f552c90\_90_alu for cells of type $alu.
Using template $paramod$8883523d85f986b987e27c1594505c82d77a4eb0\_90_alu for cells of type $alu.
Using template $paramod$16df1880e54ed0b9da561b25bd7846d51e39dc08\_90_alu for cells of type $alu.
Using template $paramod$1d752fed28e8dceebe22539292a31b8bb1059f95\_90_alu for cells of type $alu.
Using template $paramod$e58242c01953e519035ba3abed3440e30285f9f3\_90_alu for cells of type $alu.
Using template $paramod$f7f02b1e3a76ad6575c5862da7e48179ed32a378\_90_alu for cells of type $alu.
Using template $paramod$1b68ad131a7aa075f0c29d5de75b4b5053550e24\_90_alu for cells of type $alu.
Using template $paramod$6f702fd4fd68bf0006dc1b0b5a1b8578555618b5\_90_alu for cells of type $alu.
Using template $paramod$a8e3dae252c25470c3a975b82c519ee95b273206\_90_alu for cells of type $alu.
Using template $paramod$e8be2adf314cd0dec261c3eb5cb2f28a64c6280f\_90_alu for cells of type $alu.
Using template $paramod$2635ff9eb43f974c04ae64032d960c1c4cfcd658\_90_alu for cells of type $alu.
Using template $paramod$418b871fe632c967d6a5d1ab6ea3a148dcaf55cb\_90_alu for cells of type $alu.
Using template $paramod$08cc15c16d4079c52dc06bea79ec714c0c81b053\_90_alu for cells of type $alu.
Using template $paramod\_90_lcu_brent_kung\WIDTH=32'00000000000000000000000001000001 for cells of type $lcu.
Using template $paramod\_90_lcu_brent_kung\WIDTH=32'00000000000000000000000001000010 for cells of type $lcu.
Using template $paramod\_90_lcu_brent_kung\WIDTH=32'00000000000000000000000001000011 for cells of type $lcu.
Using template $paramod\_90_lcu_brent_kung\WIDTH=32'00000000000000000000000001000100 for cells of type $lcu.
Using template $paramod\_90_lcu_brent_kung\WIDTH=32'00000000000000000000000001000101 for cells of type $lcu.
Using template $paramod\_90_lcu_brent_kung\WIDTH=32'00000000000000000000000001000110 for cells of type $lcu.
Using template $paramod\_90_lcu_brent_kung\WIDTH=32'00000000000000000000000001000111 for cells of type $lcu.
Using template $paramod\_90_lcu_brent_kung\WIDTH=32'00000000000000000000000001001000 for cells of type $lcu.
Using template $paramod\_90_lcu_brent_kung\WIDTH=32'00000000000000000000000001001001 for cells of type $lcu.
Using template $paramod\_90_lcu_brent_kung\WIDTH=32'00000000000000000000000001001010 for cells of type $lcu.
Using template $paramod\_90_lcu_brent_kung\WIDTH=32'00000000000000000000000001001011 for cells of type $lcu.
Using template $paramod\_90_lcu_brent_kung\WIDTH=32'00000000000000000000000001001100 for cells of type $lcu.
Using template $paramod\_90_lcu_brent_kung\WIDTH=32'00000000000000000000000001001101 for cells of type $lcu.
Using template $paramod\_90_lcu_brent_kung\WIDTH=32'00000000000000000000000001001110 for cells of type $lcu.
Using template $paramod\_90_lcu_brent_kung\WIDTH=32'00000000000000000000000001001111 for cells of type $lcu.
Using template $paramod\_90_lcu_brent_kung\WIDTH=32'00000000000000000000000001010000 for cells of type $lcu.
Using template $paramod\_90_lcu_brent_kung\WIDTH=32'00000000000000000000000001010001 for cells of type $lcu.
Using template $paramod\_90_lcu_brent_kung\WIDTH=32'00000000000000000000000001010010 for cells of type $lcu.
Using template $paramod\_90_lcu_brent_kung\WIDTH=32'00000000000000000000000001010011 for cells of type $lcu.
Using template $paramod\_90_lcu_brent_kung\WIDTH=32'00000000000000000000000001010100 for cells of type $lcu.
Using template $paramod\_90_lcu_brent_kung\WIDTH=32'00000000000000000000000001010101 for cells of type $lcu.
Using template $paramod\_90_lcu_brent_kung\WIDTH=32'00000000000000000000000001010110 for cells of type $lcu.
Using template $paramod\_90_lcu_brent_kung\WIDTH=32'00000000000000000000000001010111 for cells of type $lcu.
Using template $paramod\_90_lcu_brent_kung\WIDTH=32'00000000000000000000000001011000 for cells of type $lcu.
Using template $paramod\_90_lcu_brent_kung\WIDTH=32'00000000000000000000000001011001 for cells of type $lcu.
Using template $paramod\_90_lcu_brent_kung\WIDTH=32'00000000000000000000000001011010 for cells of type $lcu.
Using template $paramod\_90_lcu_brent_kung\WIDTH=32'00000000000000000000000001011011 for cells of type $lcu.
Using template $paramod\_90_lcu_brent_kung\WIDTH=32'00000000000000000000000001011100 for cells of type $lcu.
Using template $paramod\_90_lcu_brent_kung\WIDTH=32'00000000000000000000000001011101 for cells of type $lcu.
Using template $paramod\_90_lcu_brent_kung\WIDTH=32'00000000000000000000000001011110 for cells of type $lcu.
Using template $paramod\_90_lcu_brent_kung\WIDTH=32'00000000000000000000000001011111 for cells of type $lcu.
Using template $paramod\_90_lcu_brent_kung\WIDTH=32'00000000000000000000000001100000 for cells of type $lcu.
Using template $paramod\_90_lcu_brent_kung\WIDTH=32'00000000000000000000000001100001 for cells of type $lcu.
Using template $paramod\_90_lcu_brent_kung\WIDTH=32'00000000000000000000000001100010 for cells of type $lcu.
Using template $paramod\_90_lcu_brent_kung\WIDTH=32'00000000000000000000000001100011 for cells of type $lcu.
Using template $paramod\_90_lcu_brent_kung\WIDTH=32'00000000000000000000000001100100 for cells of type $lcu.
Using template $paramod\_90_lcu_brent_kung\WIDTH=32'00000000000000000000000001100101 for cells of type $lcu.
Using template $paramod\_90_lcu_brent_kung\WIDTH=32'00000000000000000000000001100110 for cells of type $lcu.
Using template $paramod\_90_lcu_brent_kung\WIDTH=32'00000000000000000000000001100111 for cells of type $lcu.
Using template $paramod\_90_lcu_brent_kung\WIDTH=32'00000000000000000000000001101000 for cells of type $lcu.
Using template $paramod\_90_lcu_brent_kung\WIDTH=32'00000000000000000000000001101001 for cells of type $lcu.
Using template $paramod\_90_lcu_brent_kung\WIDTH=32'00000000000000000000000001101010 for cells of type $lcu.
Using template $paramod\_90_lcu_brent_kung\WIDTH=32'00000000000000000000000001101011 for cells of type $lcu.
Using template $paramod\_90_lcu_brent_kung\WIDTH=32'00000000000000000000000001101100 for cells of type $lcu.
Using template $paramod\_90_lcu_brent_kung\WIDTH=32'00000000000000000000000001101101 for cells of type $lcu.
Using template $paramod\_90_lcu_brent_kung\WIDTH=32'00000000000000000000000001101110 for cells of type $lcu.
Using template $paramod\_90_lcu_brent_kung\WIDTH=32'00000000000000000000000001101111 for cells of type $lcu.
Using template $paramod\_90_lcu_brent_kung\WIDTH=32'00000000000000000000000001110000 for cells of type $lcu.
Using template $paramod\_90_lcu_brent_kung\WIDTH=32'00000000000000000000000001110001 for cells of type $lcu.
Using template $paramod\_90_lcu_brent_kung\WIDTH=32'00000000000000000000000001110010 for cells of type $lcu.
Using template $paramod\_90_lcu_brent_kung\WIDTH=32'00000000000000000000000001110011 for cells of type $lcu.
Using template $paramod\_90_lcu_brent_kung\WIDTH=32'00000000000000000000000001110100 for cells of type $lcu.
Using template $paramod\_90_lcu_brent_kung\WIDTH=32'00000000000000000000000001110101 for cells of type $lcu.
Using template $paramod\_90_lcu_brent_kung\WIDTH=32'00000000000000000000000001110110 for cells of type $lcu.
Using template $paramod\_90_lcu_brent_kung\WIDTH=32'00000000000000000000000001110111 for cells of type $lcu.
Using template $paramod\_90_lcu_brent_kung\WIDTH=32'00000000000000000000000001111000 for cells of type $lcu.
Using template $paramod\_90_lcu_brent_kung\WIDTH=32'00000000000000000000000001111001 for cells of type $lcu.
Using template $paramod\_90_lcu_brent_kung\WIDTH=32'00000000000000000000000001111010 for cells of type $lcu.
Using template $paramod\_90_lcu_brent_kung\WIDTH=32'00000000000000000000000001111011 for cells of type $lcu.
Using template $paramod\_90_lcu_brent_kung\WIDTH=32'00000000000000000000000001111100 for cells of type $lcu.
Using template $paramod\_90_lcu_brent_kung\WIDTH=32'00000000000000000000000001111101 for cells of type $lcu.
Using template $paramod\_90_lcu_brent_kung\WIDTH=32'00000000000000000000000001111110 for cells of type $lcu.
Using template $paramod\_90_lcu_brent_kung\WIDTH=32'00000000000000000000000001111111 for cells of type $lcu.
No more expansions possible.
<suppressed ~79233 debug messages>

108. Executing OPT_EXPR pass (perform const folding).
Optimizing module FP32_Div.
<suppressed ~93023 debug messages>

109. Executing OPT_MERGE pass (detect identical cells).
Finding identical cells in module `\FP32_Div'.
<suppressed ~90021 debug messages>
Removed a total of 30007 cells.

110. Executing OPT_DFF pass (perform DFF optimizations).

111. Executing OPT_CLEAN pass (remove unused cells and wires).
Finding unused cells or wires in module \FP32_Div..
Removed 2489 unused cells and 50615 unused wires.
<suppressed ~2490 debug messages>

112. Executing OPT_EXPR pass (perform const folding).
Optimizing module FP32_Div.
<suppressed ~1 debug messages>

113. Executing OPT_MERGE pass (detect identical cells).
Finding identical cells in module `\FP32_Div'.
Removed a total of 0 cells.

114. Executing OPT_DFF pass (perform DFF optimizations).
Adding SRST signal on $auto$ff.cc:266:slice$9092 ($_DFF_P_) from module FP32_Div (D = $procmux$565.B_AND_S [45], Q = \mantisa [22], rval = 1'0).
Adding SRST signal on $auto$ff.cc:266:slice$9091 ($_DFF_P_) from module FP32_Div (D = $procmux$565.B_AND_S [44], Q = \mantisa [21], rval = 1'0).
Adding SRST signal on $auto$ff.cc:266:slice$9090 ($_DFF_P_) from module FP32_Div (D = $procmux$565.B_AND_S [43], Q = \mantisa [20], rval = 1'0).
Adding SRST signal on $auto$ff.cc:266:slice$9089 ($_DFF_P_) from module FP32_Div (D = $procmux$565.B_AND_S [42], Q = \mantisa [19], rval = 1'0).
Adding SRST signal on $auto$ff.cc:266:slice$9088 ($_DFF_P_) from module FP32_Div (D = $procmux$565.B_AND_S [41], Q = \mantisa [18], rval = 1'0).
Adding SRST signal on $auto$ff.cc:266:slice$9087 ($_DFF_P_) from module FP32_Div (D = $procmux$565.B_AND_S [40], Q = \mantisa [17], rval = 1'0).
Adding SRST signal on $auto$ff.cc:266:slice$9086 ($_DFF_P_) from module FP32_Div (D = $procmux$565.B_AND_S [39], Q = \mantisa [16], rval = 1'0).
Adding SRST signal on $auto$ff.cc:266:slice$9085 ($_DFF_P_) from module FP32_Div (D = $procmux$565.B_AND_S [38], Q = \mantisa [15], rval = 1'0).
Adding SRST signal on $auto$ff.cc:266:slice$9084 ($_DFF_P_) from module FP32_Div (D = $procmux$565.B_AND_S [37], Q = \mantisa [14], rval = 1'0).
Adding SRST signal on $auto$ff.cc:266:slice$9083 ($_DFF_P_) from module FP32_Div (D = $procmux$565.B_AND_S [36], Q = \mantisa [13], rval = 1'0).
Adding SRST signal on $auto$ff.cc:266:slice$9082 ($_DFF_P_) from module FP32_Div (D = $procmux$565.B_AND_S [35], Q = \mantisa [12], rval = 1'0).
Adding SRST signal on $auto$ff.cc:266:slice$9081 ($_DFF_P_) from module FP32_Div (D = $procmux$565.B_AND_S [34], Q = \mantisa [11], rval = 1'0).
Adding SRST signal on $auto$ff.cc:266:slice$9080 ($_DFF_P_) from module FP32_Div (D = $procmux$565.B_AND_S [33], Q = \mantisa [10], rval = 1'0).
Adding SRST signal on $auto$ff.cc:266:slice$9079 ($_DFF_P_) from module FP32_Div (D = $procmux$565.B_AND_S [32], Q = \mantisa [9], rval = 1'0).
Adding SRST signal on $auto$ff.cc:266:slice$9078 ($_DFF_P_) from module FP32_Div (D = $procmux$565.B_AND_S [31], Q = \mantisa [8], rval = 1'0).
Adding SRST signal on $auto$ff.cc:266:slice$9077 ($_DFF_P_) from module FP32_Div (D = $procmux$565.B_AND_S [30], Q = \mantisa [7], rval = 1'0).
Adding SRST signal on $auto$ff.cc:266:slice$9076 ($_DFF_P_) from module FP32_Div (D = $procmux$565.B_AND_S [29], Q = \mantisa [6], rval = 1'0).
Adding SRST signal on $auto$ff.cc:266:slice$9075 ($_DFF_P_) from module FP32_Div (D = $procmux$565.B_AND_S [28], Q = \mantisa [5], rval = 1'1).
Adding SRST signal on $auto$ff.cc:266:slice$9074 ($_DFF_P_) from module FP32_Div (D = $procmux$565.B_AND_S [27], Q = \mantisa [4], rval = 1'1).
Adding SRST signal on $auto$ff.cc:266:slice$9073 ($_DFF_P_) from module FP32_Div (D = $procmux$565.B_AND_S [26], Q = \mantisa [3], rval = 1'1).
Adding SRST signal on $auto$ff.cc:266:slice$9072 ($_DFF_P_) from module FP32_Div (D = $procmux$565.B_AND_S [25], Q = \mantisa [2], rval = 1'1).
Adding SRST signal on $auto$ff.cc:266:slice$9071 ($_DFF_P_) from module FP32_Div (D = $procmux$565.B_AND_S [24], Q = \mantisa [1], rval = 1'1).
Adding SRST signal on $auto$ff.cc:266:slice$9070 ($_DFF_P_) from module FP32_Div (D = $procmux$565.B_AND_S [23], Q = \mantisa [0], rval = 1'1).
Adding SRST signal on $auto$ff.cc:266:slice$9069 ($_DFF_P_) from module FP32_Div (D = $procmux$571.B_AND_S [15], Q = \exp [7], rval = 1'1).
Adding SRST signal on $auto$ff.cc:266:slice$9068 ($_DFF_P_) from module FP32_Div (D = $procmux$571.B_AND_S [14], Q = \exp [6], rval = 1'1).
Adding SRST signal on $auto$ff.cc:266:slice$9067 ($_DFF_P_) from module FP32_Div (D = $procmux$571.B_AND_S [13], Q = \exp [5], rval = 1'1).
Adding SRST signal on $auto$ff.cc:266:slice$9066 ($_DFF_P_) from module FP32_Div (D = $procmux$571.B_AND_S [12], Q = \exp [4], rval = 1'1).
Adding SRST signal on $auto$ff.cc:266:slice$9065 ($_DFF_P_) from module FP32_Div (D = $procmux$571.B_AND_S [11], Q = \exp [3], rval = 1'1).
Adding SRST signal on $auto$ff.cc:266:slice$9064 ($_DFF_P_) from module FP32_Div (D = $procmux$571.B_AND_S [10], Q = \exp [2], rval = 1'1).
Adding SRST signal on $auto$ff.cc:266:slice$9063 ($_DFF_P_) from module FP32_Div (D = $procmux$571.B_AND_S [9], Q = \exp [1], rval = 1'1).
Adding SRST signal on $auto$ff.cc:266:slice$9062 ($_DFF_P_) from module FP32_Div (D = $procmux$571.B_AND_S [8], Q = \exp [0], rval = 1'1).

115. Executing OPT_CLEAN pass (remove unused cells and wires).
Finding unused cells or wires in module \FP32_Div..
Removed 31 unused cells and 2 unused wires.
<suppressed ~32 debug messages>

116. Rerunning OPT passes (Removed registers in this run.)

117. Executing OPT_EXPR pass (perform const folding).
Optimizing module FP32_Div.

118. Executing OPT_MERGE pass (detect identical cells).
Finding identical cells in module `\FP32_Div'.
Removed a total of 0 cells.

119. Executing OPT_DFF pass (perform DFF optimizations).

120. Executing OPT_CLEAN pass (remove unused cells and wires).
Finding unused cells or wires in module \FP32_Div..

121. Executing ABC pass (technology mapping using ABC).

121.1. Extracting gate netlist of module `\FP32_Div' to `<abc-temp-dir>/input.blif'..
Extracted 21172 gates and 21409 wires to a netlist network with 235 inputs and 147 outputs.

121.1.1. Executing ABC.
Running ABC command: "/nix/store/6l3aj1gi4lja8z5s4lan2k2cfz9mqkrz-yosys-abc/bin/abc" -s -f <abc-temp-dir>/abc.script 2>&1
ABC: ABC command line: "source <abc-temp-dir>/abc.script".
ABC: 
ABC: + read_blif <abc-temp-dir>/input.blif 
ABC: + read_library <abc-temp-dir>/stdcells.genlib 
ABC: Entered genlib library with 13 gates from file "<abc-temp-dir>/stdcells.genlib".
ABC: + strash 
ABC: + dretime 
ABC: + map 
ABC: + write_blif <abc-temp-dir>/output.blif 

121.1.2. Re-integrating ABC results.
ABC RESULTS:               MUX cells:     2654
ABC RESULTS:               AND cells:      106
ABC RESULTS:               NOT cells:      837
ABC RESULTS:              XNOR cells:      301
ABC RESULTS:             ORNOT cells:     1168
ABC RESULTS:                OR cells:     2754
ABC RESULTS:               NOR cells:     1421
ABC RESULTS:              NAND cells:      139
ABC RESULTS:               XOR cells:     3199
ABC RESULTS:            ANDNOT cells:     7037
ABC RESULTS:        internal signals:    21027
ABC RESULTS:           input signals:      235
ABC RESULTS:          output signals:      147
Removing temp directory.

122. Executing OPT pass (performing simple optimizations).

122.1. Executing OPT_EXPR pass (perform const folding).
Optimizing module FP32_Div.
<suppressed ~368 debug messages>

122.2. Executing OPT_MERGE pass (detect identical cells).
Finding identical cells in module `\FP32_Div'.
<suppressed ~729 debug messages>
Removed a total of 243 cells.

122.3. Executing OPT_DFF pass (perform DFF optimizations).

122.4. Executing OPT_CLEAN pass (remove unused cells and wires).
Finding unused cells or wires in module \FP32_Div..
Removed 2 unused cells and 8282 unused wires.
<suppressed ~7 debug messages>

122.5. Finished fast OPT passes.

123. Executing HIERARCHY pass (managing design hierarchy).

123.1. Analyzing design hierarchy..
Top module:  \FP32_Div

123.2. Analyzing design hierarchy..
Top module:  \FP32_Div
Removed 0 unused modules.

124. Executing CHECK pass (checking for obvious problems).
Checking module FP32_Div...
Found and reported 0 problems.

125. Printing statistics.

=== FP32_Div ===

   Number of wires:              19306
   Number of wire bits:          19895
   Number of public wires:          37
   Number of public wire bits:     393
   Number of ports:                 10
   Number of port bits:             97
   Number of memories:               0
   Number of memory bits:            0
   Number of processes:              0
   Number of cells:              19642
     $_ANDNOT_                    6855
     $_AND_                        106
     $_DFFE_PN_                     23
     $_DFFE_PP_                    128
     $_DFF_P_                       27
     $_MUX_                       2654
     $_NAND_                       139
     $_NOR_                       1398
     $_NOT_                        835
     $_ORNOT_                     1168
     $_OR_                        2716
     $_SDFFCE_PN0N_                 16
     $_SDFF_PN0_                    17
     $_SDFF_PN1_                    14
     $_SDFF_PP0_                    46
     $_XNOR_                       301
     $_XOR_                       3199

126. Generating Graphviz representation of design.
Writing dot description to `/home/niko_tambornini/EE531/my_designs/FPU_32_Bit/runs/RUN_2026-03-13_16-46-07/06-yosys-synthesis/primitive_techmap.dot'.
Dumping module FP32_Div to page 1.

127. Executing OPT pass (performing simple optimizations).

127.1. Executing OPT_EXPR pass (perform const folding).
Optimizing module FP32_Div.

127.2. Executing OPT_MERGE pass (detect identical cells).
Finding identical cells in module `\FP32_Div'.
Removed a total of 0 cells.

127.3. Executing OPT_MUXTREE pass (detect dead branches in mux trees).
Running muxtree optimizer on module \FP32_Div..
  Creating internal representation of mux trees.
  No muxes found in this module.
Removed 0 multiplexer ports.

127.4. Executing OPT_REDUCE pass (consolidate $*mux and $reduce_* inputs).
  Optimizing cells in module \FP32_Div.
Performed a total of 0 changes.

127.5. Executing OPT_MERGE pass (detect identical cells).
Finding identical cells in module `\FP32_Div'.
Removed a total of 0 cells.

127.6. Executing OPT_DFF pass (perform DFF optimizations).

127.7. Executing OPT_CLEAN pass (remove unused cells and wires).
Finding unused cells or wires in module \FP32_Div..

127.8. Executing OPT_EXPR pass (perform const folding).
Optimizing module FP32_Div.

127.9. Finished OPT passes. (There is nothing left to do.)

128. Executing OPT_CLEAN pass (remove unused cells and wires).
Finding unused cells or wires in module \FP32_Div..
{
   "creator": "Yosys 0.46 (git sha1 e97731b9dda91fa5fa53ed87df7c34163ba59a41, clang++ 17.0.6 -fPIC -O3)",
   "invocation": "stat -json -liberty /home/niko_tambornini/EE531/my_designs/FPU_32_Bit/runs/RUN_2026-03-13_16-46-07/tmp/b97b427cef6d4e0f8f68ae9a7c61dc38.lib ",
   "modules": {
      "\\FP32_Div": {
         "num_wires":         19306,
         "num_wire_bits":     19895,
         "num_pub_wires":     37,
         "num_pub_wire_bits": 393,
         "num_ports":         10,
         "num_port_bits":     97,
         "num_memories":      0,
         "num_memory_bits":   0,
         "num_processes":     0,
         "num_cells":         19642,
         "num_cells_by_type": {
            "$_ANDNOT_": 6855,
            "$_AND_": 106,
            "$_DFFE_PN_": 23,
            "$_DFFE_PP_": 128,
            "$_DFF_P_": 27,
            "$_MUX_": 2654,
            "$_NAND_": 139,
            "$_NOR_": 1398,
            "$_NOT_": 835,
            "$_ORNOT_": 1168,
            "$_OR_": 2716,
            "$_SDFFCE_PN0N_": 16,
            "$_SDFF_PN0_": 17,
            "$_SDFF_PN1_": 14,
            "$_SDFF_PP0_": 46,
            "$_XNOR_": 301,
            "$_XOR_": 3199
         }
      }
   },
      "design": {
         "num_wires":         19306,
         "num_wire_bits":     19895,
         "num_pub_wires":     37,
         "num_pub_wire_bits": 393,
         "num_ports":         10,
         "num_port_bits":     97,
         "num_memories":      0,
         "num_memory_bits":   0,
         "num_processes":     0,
         "num_cells":         19642,
         "num_cells_by_type": {
            "$_ANDNOT_": 6855,
            "$_AND_": 106,
            "$_DFFE_PN_": 23,
            "$_DFFE_PP_": 128,
            "$_DFF_P_": 27,
            "$_MUX_": 2654,
            "$_NAND_": 139,
            "$_NOR_": 1398,
            "$_NOT_": 835,
            "$_ORNOT_": 1168,
            "$_OR_": 2716,
            "$_SDFFCE_PN0N_": 16,
            "$_SDFF_PN0_": 17,
            "$_SDFF_PN1_": 14,
            "$_SDFF_PP0_": 46,
            "$_XNOR_": 301,
            "$_XOR_": 3199
         }
      }
}

129. Printing statistics.

=== FP32_Div ===

   Number of wires:              19306
   Number of wire bits:          19895
   Number of public wires:          37
   Number of public wire bits:     393
   Number of ports:                 10
   Number of port bits:             97
   Number of memories:               0
   Number of memory bits:            0
   Number of processes:              0
   Number of cells:              19642
     $_ANDNOT_                    6855
     $_AND_                        106
     $_DFFE_PN_                     23
     $_DFFE_PP_                    128
     $_DFF_P_                       27
     $_MUX_                       2654
     $_NAND_                       139
     $_NOR_                       1398
     $_NOT_                        835
     $_ORNOT_                     1168
     $_OR_                        2716
     $_SDFFCE_PN0N_                 16
     $_SDFF_PN0_                    17
     $_SDFF_PN1_                    14
     $_SDFF_PP0_                    46
     $_XNOR_                       301
     $_XOR_                       3199

   Area for cell type $_NOT_ is unknown!
   Area for cell type $_AND_ is unknown!
   Area for cell type $_NAND_ is unknown!
   Area for cell type $_OR_ is unknown!
   Area for cell type $_NOR_ is unknown!
   Area for cell type $_XOR_ is unknown!
   Area for cell type $_XNOR_ is unknown!
   Area for cell type $_ANDNOT_ is unknown!
   Area for cell type $_ORNOT_ is unknown!
   Area for cell type $_MUX_ is unknown!
   Area for cell type $_DFF_P_ is unknown!
   Area for cell type $_DFFE_PN_ is unknown!
   Area for cell type $_DFFE_PP_ is unknown!
   Area for cell type $_SDFF_PN0_ is unknown!
   Area for cell type $_SDFF_PN1_ is unknown!
   Area for cell type $_SDFF_PP0_ is unknown!
   Area for cell type $_SDFFCE_PN0N_ is unknown!

[INFO] Applying tri-state buffer mapping from '/home/niko_tambornini/.ciel/ciel/sky130/versions/0fe599b2afb6708d281543108caf8310912f54af/sky130A/libs.tech/openlane/sky130_fd_sc_hd/tribuff_map.v'…

130. Executing TECHMAP pass (map to technology primitives).

130.1. Executing Verilog-2005 frontend: /home/niko_tambornini/.ciel/ciel/sky130/versions/0fe599b2afb6708d281543108caf8310912f54af/sky130A/libs.tech/openlane/sky130_fd_sc_hd/tribuff_map.v
Parsing Verilog input from `/home/niko_tambornini/.ciel/ciel/sky130/versions/0fe599b2afb6708d281543108caf8310912f54af/sky130A/libs.tech/openlane/sky130_fd_sc_hd/tribuff_map.v' to AST representation.
Generating RTLIL representation for module `\$_TBUF_'.
Successfully finished Verilog frontend.

130.2. Continuing TECHMAP pass.
No more expansions possible.
<suppressed ~3 debug messages>

131. Executing SIMPLEMAP pass (map simple cells to gate primitives).
[INFO] Applying latch mapping from '/home/niko_tambornini/.ciel/ciel/sky130/versions/0fe599b2afb6708d281543108caf8310912f54af/sky130A/libs.tech/openlane/sky130_fd_sc_hd/latch_map.v'…

132. Executing TECHMAP pass (map to technology primitives).

132.1. Executing Verilog-2005 frontend: /home/niko_tambornini/.ciel/ciel/sky130/versions/0fe599b2afb6708d281543108caf8310912f54af/sky130A/libs.tech/openlane/sky130_fd_sc_hd/latch_map.v
Parsing Verilog input from `/home/niko_tambornini/.ciel/ciel/sky130/versions/0fe599b2afb6708d281543108caf8310912f54af/sky130A/libs.tech/openlane/sky130_fd_sc_hd/latch_map.v' to AST representation.
Generating RTLIL representation for module `\$_DLATCH_P_'.
Generating RTLIL representation for module `\$_DLATCH_N_'.
Successfully finished Verilog frontend.

132.2. Continuing TECHMAP pass.
No more expansions possible.
<suppressed ~4 debug messages>

133. Executing SIMPLEMAP pass (map simple cells to gate primitives).

134. Executing DFFLIBMAP pass (mapping DFF cells to sequential cells from liberty file).
  cell sky130_fd_sc_hd__dfxtp_2 (noninv, pins=3, area=21.27) is a direct match for cell type $_DFF_P_.
  cell sky130_fd_sc_hd__dfrtp_2 (noninv, pins=4, area=26.28) is a direct match for cell type $_DFF_PN0_.
  cell sky130_fd_sc_hd__dfstp_2 (noninv, pins=4, area=26.28) is a direct match for cell type $_DFF_PN1_.
  cell sky130_fd_sc_hd__dfbbn_2 (noninv, pins=6, area=35.03) is a direct match for cell type $_DFFSR_NNN_.
  final dff cell mappings:
    unmapped dff cell: $_DFF_N_
    \sky130_fd_sc_hd__dfxtp_2 _DFF_P_ (.CLK( C), .D( D), .Q( Q));
    unmapped dff cell: $_DFF_NN0_
    unmapped dff cell: $_DFF_NN1_
    unmapped dff cell: $_DFF_NP0_
    unmapped dff cell: $_DFF_NP1_
    \sky130_fd_sc_hd__dfrtp_2 _DFF_PN0_ (.CLK( C), .D( D), .Q( Q), .RESET_B( R));
    \sky130_fd_sc_hd__dfstp_2 _DFF_PN1_ (.CLK( C), .D( D), .Q( Q), .SET_B( R));
    unmapped dff cell: $_DFF_PP0_
    unmapped dff cell: $_DFF_PP1_
    \sky130_fd_sc_hd__dfbbn_2 _DFFSR_NNN_ (.CLK_N( C), .D( D), .Q( Q), .Q_N(~Q), .RESET_B( R), .SET_B( S));
    unmapped dff cell: $_DFFSR_NNP_
    unmapped dff cell: $_DFFSR_NPN_
    unmapped dff cell: $_DFFSR_NPP_
    unmapped dff cell: $_DFFSR_PNN_
    unmapped dff cell: $_DFFSR_PNP_
    unmapped dff cell: $_DFFSR_PPN_
    unmapped dff cell: $_DFFSR_PPP_

134.1. Executing DFFLEGALIZE pass (convert FFs to types supported by the target).
Mapping DFF cells in module `\FP32_Div':
  mapped 271 $_DFF_P_ cells to \sky130_fd_sc_hd__dfxtp_2 cells.
{
   "creator": "Yosys 0.46 (git sha1 e97731b9dda91fa5fa53ed87df7c34163ba59a41, clang++ 17.0.6 -fPIC -O3)",
   "invocation": "stat -json -liberty /home/niko_tambornini/EE531/my_designs/FPU_32_Bit/runs/RUN_2026-03-13_16-46-07/tmp/b97b427cef6d4e0f8f68ae9a7c61dc38.lib ",
   "modules": {
      "\\FP32_Div": {
         "num_wires":         19566,
         "num_wire_bits":     20155,
         "num_pub_wires":     37,
         "num_pub_wire_bits": 393,
         "num_ports":         10,
         "num_port_bits":     97,
         "num_memories":      0,
         "num_memory_bits":   0,
         "num_processes":     0,
         "num_cells":         19902,
         "area":              5764.278400,
         "num_cells_by_type": {
            "$_ANDNOT_": 6855,
            "$_AND_": 106,
            "$_MUX_": 2914,
            "$_NAND_": 139,
            "$_NOR_": 1398,
            "$_NOT_": 835,
            "$_ORNOT_": 1168,
            "$_OR_": 2716,
            "$_XNOR_": 301,
            "$_XOR_": 3199,
            "sky130_fd_sc_hd__dfxtp_2": 271
         }
      }
   },
      "design": {
         "num_wires":         19566,
         "num_wire_bits":     20155,
         "num_pub_wires":     37,
         "num_pub_wire_bits": 393,
         "num_ports":         10,
         "num_port_bits":     97,
         "num_memories":      0,
         "num_memory_bits":   0,
         "num_processes":     0,
         "num_cells":         19902,
         "area":              5764.278400,
         "num_cells_by_type": {
            "$_ANDNOT_": 6855,
            "$_AND_": 106,
            "$_MUX_": 2914,
            "$_NAND_": 139,
            "$_NOR_": 1398,
            "$_NOT_": 835,
            "$_ORNOT_": 1168,
            "$_OR_": 2716,
            "$_XNOR_": 301,
            "$_XOR_": 3199,
            "sky130_fd_sc_hd__dfxtp_2": 271
         }
      }
}

135. Printing statistics.

=== FP32_Div ===

   Number of wires:              19566
   Number of wire bits:          20155
   Number of public wires:          37
   Number of public wire bits:     393
   Number of ports:                 10
   Number of port bits:             97
   Number of memories:               0
   Number of memory bits:            0
   Number of processes:              0
   Number of cells:              19902
     $_ANDNOT_                    6855
     $_AND_                        106
     $_MUX_                       2914
     $_NAND_                       139
     $_NOR_                       1398
     $_NOT_                        835
     $_ORNOT_                     1168
     $_OR_                        2716
     $_XNOR_                       301
     $_XOR_                       3199
     sky130_fd_sc_hd__dfxtp_2      271

   Area for cell type $_NOT_ is unknown!
   Area for cell type $_AND_ is unknown!
   Area for cell type $_NAND_ is unknown!
   Area for cell type $_OR_ is unknown!
   Area for cell type $_NOR_ is unknown!
   Area for cell type $_XOR_ is unknown!
   Area for cell type $_XNOR_ is unknown!
   Area for cell type $_ANDNOT_ is unknown!
   Area for cell type $_ORNOT_ is unknown!
   Area for cell type $_MUX_ is unknown!

   Chip area for module '\FP32_Div': 5764.278400
     of which used for sequential elements: 5764.278400 (100.00%)

[INFO] Using generated ABC script '/home/niko_tambornini/EE531/my_designs/FPU_32_Bit/runs/RUN_2026-03-13_16-46-07/06-yosys-synthesis/AREA_0.abc'…

136. Executing ABC pass (technology mapping using ABC).

136.1. Extracting gate netlist of module `\FP32_Div' to `/tmp/yosys-abc-TKm1qc/input.blif'..
Extracted 19631 gates and 19932 wires to a netlist network with 299 inputs and 258 outputs.

136.1.1. Executing ABC.
