
===========================================================================
report_checks -unconstrained
===========================================================================
======================= nom_tt_025C_1v80 Corner ===================================

Startpoint: _30430_ (rising edge-triggered flip-flop clocked by clk)
Endpoint: _30453_ (rising edge-triggered flip-flop clocked by clk)
Path Group: clk
Path Type: max

Fanout         Cap        Slew       Delay        Time   Description
---------------------------------------------------------------------------------------------
                                  0.000000    0.000000   clock clk (rise edge)
                                  0.000000    0.000000   clock source latency
     1    0.036820    0.170970    0.119996    0.119996 ^ clk (in)
                                                         clk (net)
                      0.171081    0.000000    0.119996 ^ clkbuf_0_clk/A (sky130_fd_sc_hd__clkbuf_16)
     4    0.070478    0.088456    0.207417    0.327413 ^ clkbuf_0_clk/X (sky130_fd_sc_hd__clkbuf_16)
                                                         clknet_0_clk (net)
                      0.088483    0.001503    0.328915 ^ clkbuf_2_0__f_clk/A (sky130_fd_sc_hd__clkbuf_16)
    11    0.100698    0.116396    0.202967    0.531883 ^ clkbuf_2_0__f_clk/X (sky130_fd_sc_hd__clkbuf_16)
                                                         clknet_2_0__leaf_clk (net)
                      0.116488    0.001627    0.533510 ^ clkbuf_leaf_37_clk/A (sky130_fd_sc_hd__clkbuf_8)
     8    0.028271    0.063723    0.169015    0.702525 ^ clkbuf_leaf_37_clk/X (sky130_fd_sc_hd__clkbuf_8)
                                                         clknet_leaf_37_clk (net)
                      0.063723    0.000032    0.702558 ^ _30430_/CLK (sky130_fd_sc_hd__dfxtp_4)
     3    0.046684    0.080445    0.393705    1.096263 v _30430_/Q (sky130_fd_sc_hd__dfxtp_4)
                                                         mantisaBshift[13] (net)
                      0.080445    0.000143    1.096406 v fanout779/A (sky130_fd_sc_hd__buf_4)
    10    0.053938    0.078693    0.203536    1.299942 v fanout779/X (sky130_fd_sc_hd__buf_4)
                                                         net779 (net)
                      0.078693    0.000010    1.299951 v fanout778/A (sky130_fd_sc_hd__buf_4)
    10    0.055250    0.079525    0.205013    1.504964 v fanout778/X (sky130_fd_sc_hd__buf_4)
                                                         net778 (net)
                      0.079645    0.002731    1.507695 v fanout777/A (sky130_fd_sc_hd__buf_2)
    10    0.030212    0.080681    0.188300    1.695995 v fanout777/X (sky130_fd_sc_hd__buf_2)
                                                         net777 (net)
                      0.080682    0.000448    1.696443 v _16165_/C (sky130_fd_sc_hd__or4_1)
     1    0.001316    0.071586    0.451040    2.147483 v _16165_/X (sky130_fd_sc_hd__or4_1)
                                                         _06295_ (net)
                      0.071586    0.000000    2.147484 v _16166_/D (sky130_fd_sc_hd__or4_2)
     4    0.014813    0.144856    0.615545    2.763029 v _16166_/X (sky130_fd_sc_hd__or4_2)
                                                         _06296_ (net)
                      0.144856    0.000353    2.763382 v _16173_/C (sky130_fd_sc_hd__or4_2)
     3    0.010211    0.132923    0.682433    3.445815 v _16173_/X (sky130_fd_sc_hd__or4_2)
                                                         _06303_ (net)
                      0.132923    0.000031    3.445846 v _16175_/D1 (sky130_fd_sc_hd__a2111o_2)
     4    0.015482    0.100926    0.420237    3.866083 v _16175_/X (sky130_fd_sc_hd__a2111o_2)
                                                         _06305_ (net)
                      0.100926    0.000013    3.866096 v _16185_/C1 (sky130_fd_sc_hd__a211o_1)
     2    0.007853    0.072016    0.270740    4.136836 v _16185_/X (sky130_fd_sc_hd__a211o_1)
                                                         _06315_ (net)
                      0.072016    0.000053    4.136889 v _16187_/A2 (sky130_fd_sc_hd__a21o_1)
     4    0.011659    0.070884    0.221831    4.358719 v _16187_/X (sky130_fd_sc_hd__a21o_1)
                                                         _06317_ (net)
                      0.070884    0.000010    4.358729 v _16193_/A2 (sky130_fd_sc_hd__a21oi_2)
     5    0.016720    0.228129    0.240178    4.598907 ^ _16193_/Y (sky130_fd_sc_hd__a21oi_2)
                                                         _06323_ (net)
                      0.228129    0.000066    4.598973 ^ _16204_/A2 (sky130_fd_sc_hd__o31ai_2)
     5    0.011360    0.086338    0.124704    4.723678 v _16204_/Y (sky130_fd_sc_hd__o31ai_2)
                                                         _06334_ (net)
                      0.086338    0.000044    4.723722 v _16207_/B (sky130_fd_sc_hd__and3_1)
     2    0.004099    0.043973    0.183946    4.907668 v _16207_/X (sky130_fd_sc_hd__and3_1)
                                                         _06337_ (net)
                      0.043973    0.000006    4.907673 v _16228_/A (sky130_fd_sc_hd__or4_1)
     1    0.008364    0.123191    0.564629    5.472302 v _16228_/X (sky130_fd_sc_hd__or4_1)
                                                         _06358_ (net)
                      0.123191    0.000036    5.472338 v _16229_/B2 (sky130_fd_sc_hd__o221ai_4)
     7    0.017022    0.230523    0.216740    5.689078 ^ _16229_/Y (sky130_fd_sc_hd__o221ai_4)
                                                         _06359_ (net)
                      0.230523    0.000047    5.689125 ^ _16238_/A (sky130_fd_sc_hd__nand3_1)
     4    0.009098    0.132428    0.159738    5.848863 v _16238_/Y (sky130_fd_sc_hd__nand3_1)
                                                         _06368_ (net)
                      0.132428    0.000028    5.848891 v _16241_/A2 (sky130_fd_sc_hd__a21o_1)
     2    0.004201    0.040360    0.212569    6.061460 v _16241_/X (sky130_fd_sc_hd__a21o_1)
                                                         _06371_ (net)
                      0.040360    0.000006    6.061466 v _16254_/A2 (sky130_fd_sc_hd__a311o_1)
     1    0.008822    0.082573    0.340735    6.402201 v _16254_/X (sky130_fd_sc_hd__a311o_1)
                                                         _06384_ (net)
                      0.082573    0.000031    6.402232 v _16264_/A1 (sky130_fd_sc_hd__a21oi_4)
     6    0.022975    0.201563    0.214050    6.616282 ^ _16264_/Y (sky130_fd_sc_hd__a21oi_4)
                                                         _06394_ (net)
                      0.201563    0.000065    6.616347 ^ _16265_/S (sky130_fd_sc_hd__mux2_1)
     4    0.010381    0.090435    0.391579    7.007926 v _16265_/X (sky130_fd_sc_hd__mux2_1)
                                                         _06395_ (net)
                      0.090435    0.000081    7.008007 v _16276_/B (sky130_fd_sc_hd__or2_1)
     4    0.008960    0.078281    0.255986    7.263993 v _16276_/X (sky130_fd_sc_hd__or2_1)
                                                         _06406_ (net)
                      0.078281    0.000028    7.264021 v _16280_/A1 (sky130_fd_sc_hd__a211o_1)
     1    0.002945    0.049482    0.262188    7.526210 v _16280_/X (sky130_fd_sc_hd__a211o_1)
                                                         _06410_ (net)
                      0.049482    0.000010    7.526220 v _16288_/A1 (sky130_fd_sc_hd__a31o_1)
     3    0.005939    0.052208    0.186571    7.712790 v _16288_/X (sky130_fd_sc_hd__a31o_1)
                                                         _06418_ (net)
                      0.052208    0.000008    7.712799 v _16290_/A (sky130_fd_sc_hd__and2_1)
     4    0.015684    0.089845    0.187781    7.900580 v _16290_/X (sky130_fd_sc_hd__and2_1)
                                                         _06420_ (net)
                      0.089845    0.000020    7.900600 v _16294_/S (sky130_fd_sc_hd__mux2_1)
     3    0.007588    0.079012    0.353350    8.253951 v _16294_/X (sky130_fd_sc_hd__mux2_1)
                                                         _06424_ (net)
                      0.079012    0.000068    8.254019 v _16301_/B (sky130_fd_sc_hd__and2_1)
     3    0.012989    0.076797    0.209229    8.463248 v _16301_/X (sky130_fd_sc_hd__and2_1)
                                                         _06431_ (net)
                      0.076797    0.000042    8.463290 v _16317_/A2 (sky130_fd_sc_hd__o311ai_4)
     3    0.014130    0.290458    0.326769    8.790059 ^ _16317_/Y (sky130_fd_sc_hd__o311ai_4)
                                                         _06447_ (net)
                      0.290458    0.000081    8.790139 ^ _16328_/A1 (sky130_fd_sc_hd__a221oi_4)
     5    0.013928    0.105425    0.134686    8.924826 v _16328_/Y (sky130_fd_sc_hd__a221oi_4)
                                                         _06458_ (net)
                      0.105425    0.000153    8.924978 v _16361_/C (sky130_fd_sc_hd__or4_1)
     4    0.009775    0.126765    0.543047    9.468025 v _16361_/X (sky130_fd_sc_hd__or4_1)
                                                         _06491_ (net)
                      0.126765    0.000061    9.468086 v _16369_/A3 (sky130_fd_sc_hd__a31o_1)
     1    0.002515    0.036679    0.241150    9.709236 v _16369_/X (sky130_fd_sc_hd__a31o_1)
                                                         _06499_ (net)
                      0.036679    0.000004    9.709240 v _16371_/A2 (sky130_fd_sc_hd__a211o_1)
     2    0.005397    0.061694    0.297447   10.006687 v _16371_/X (sky130_fd_sc_hd__a211o_1)
                                                         _06501_ (net)
                      0.061694    0.000019   10.006706 v _16376_/A1 (sky130_fd_sc_hd__a211o_1)
     4    0.010221    0.081224    0.298461   10.305167 v _16376_/X (sky130_fd_sc_hd__a211o_1)
                                                         _06506_ (net)
                      0.081224    0.000041   10.305207 v _16379_/A2 (sky130_fd_sc_hd__a211o_1)
     5    0.016566    0.107784    0.369313   10.674521 v _16379_/X (sky130_fd_sc_hd__a211o_1)
                                                         _06509_ (net)
                      0.107784    0.000018   10.674539 v _16383_/A1 (sky130_fd_sc_hd__a21oi_1)
     2    0.006804    0.183965    0.199433   10.873972 ^ _16383_/Y (sky130_fd_sc_hd__a21oi_1)
                                                         _06513_ (net)
                      0.183965    0.000000   10.873973 ^ fanout424/A (sky130_fd_sc_hd__buf_2)
    10    0.033255    0.165865    0.240299   11.114272 ^ fanout424/X (sky130_fd_sc_hd__buf_2)
                                                         net424 (net)
                      0.165865    0.000071   11.114344 ^ _16387_/S (sky130_fd_sc_hd__mux2_1)
     4    0.008737    0.086507    0.377637   11.491981 v _16387_/X (sky130_fd_sc_hd__mux2_1)
                                                         _06517_ (net)
                      0.086507    0.000023   11.492003 v _16406_/B (sky130_fd_sc_hd__nor2_1)
     3    0.008215    0.169031    0.163841   11.655845 ^ _16406_/Y (sky130_fd_sc_hd__nor2_1)
                                                         _06536_ (net)
                      0.169031    0.000004   11.655849 ^ _16433_/A1 (sky130_fd_sc_hd__o31ai_1)
     2    0.004800    0.071292    0.114335   11.770184 v _16433_/Y (sky130_fd_sc_hd__o31ai_1)
                                                         _06563_ (net)
                      0.071292    0.000006   11.770189 v _16435_/B1 (sky130_fd_sc_hd__a211o_1)
     3    0.008747    0.075596    0.306806   12.076996 v _16435_/X (sky130_fd_sc_hd__a211o_1)
                                                         _06565_ (net)
                      0.075596    0.000082   12.077078 v _16439_/A3 (sky130_fd_sc_hd__a311o_1)
     1    0.008752    0.085345    0.392488   12.469565 v _16439_/X (sky130_fd_sc_hd__a311o_1)
                                                         _06569_ (net)
                      0.085345    0.000027   12.469592 v _16442_/B2 (sky130_fd_sc_hd__a221oi_4)
     6    0.020073    0.323705    0.361468   12.831060 ^ _16442_/Y (sky130_fd_sc_hd__a221oi_4)
                                                         _06572_ (net)
                      0.323705    0.000123   12.831183 ^ max_cap423/A (sky130_fd_sc_hd__clkbuf_2)
     5    0.021106    0.122460    0.235791   13.066975 ^ max_cap423/X (sky130_fd_sc_hd__clkbuf_2)
                                                         net423 (net)
                      0.122460    0.000258   13.067233 ^ _16464_/S (sky130_fd_sc_hd__mux2_1)
     4    0.012722    0.103573    0.391056   13.458289 v _16464_/X (sky130_fd_sc_hd__mux2_1)
                                                         _06594_ (net)
                      0.103573    0.000027   13.458316 v _16466_/B (sky130_fd_sc_hd__xnor2_1)
     3    0.005743    0.067325    0.159639   13.617954 v _16466_/Y (sky130_fd_sc_hd__xnor2_1)
                                                         _06596_ (net)
                      0.067325    0.000004   13.617958 v _16479_/A (sky130_fd_sc_hd__or4_1)
     2    0.005645    0.104323    0.546275   14.164233 v _16479_/X (sky130_fd_sc_hd__or4_1)
                                                         _06609_ (net)
                      0.104323    0.000028   14.164261 v _16482_/A2 (sky130_fd_sc_hd__a31o_1)
     2    0.005302    0.047755    0.236589   14.400850 v _16482_/X (sky130_fd_sc_hd__a31o_1)
                                                         _06612_ (net)
                      0.047755    0.000041   14.400891 v _16486_/A1 (sky130_fd_sc_hd__a211o_1)
     3    0.012486    0.093062    0.302928   14.703820 v _16486_/X (sky130_fd_sc_hd__a211o_1)
                                                         _06616_ (net)
                      0.093062    0.000024   14.703844 v _16498_/B (sky130_fd_sc_hd__and4_2)
     7    0.016627    0.069746    0.264491   14.968334 v _16498_/X (sky130_fd_sc_hd__and4_2)
                                                         _06628_ (net)
                      0.069746    0.000167   14.968501 v _16561_/A (sky130_fd_sc_hd__or4b_1)
     3    0.006555    0.110431    0.554460   15.522961 v _16561_/X (sky130_fd_sc_hd__or4b_1)
                                                         _06691_ (net)
                      0.110431    0.000012   15.522974 v _16563_/C (sky130_fd_sc_hd__and3_1)
     3    0.005036    0.048009    0.214879   15.737852 v _16563_/X (sky130_fd_sc_hd__and3_1)
                                                         _06693_ (net)
                      0.048009    0.000005   15.737858 v _16566_/C (sky130_fd_sc_hd__or4_1)
     1    0.001526    0.073179    0.444333   16.182190 v _16566_/X (sky130_fd_sc_hd__or4_1)
                                                         _06696_ (net)
                      0.073179    0.000002   16.182192 v _16567_/D (sky130_fd_sc_hd__or4_1)
     2    0.006502    0.106601    0.436069   16.618261 v _16567_/X (sky130_fd_sc_hd__or4_1)
                                                         _06697_ (net)
                      0.106601    0.000060   16.618320 v _16571_/A1 (sky130_fd_sc_hd__a31o_1)
     4    0.010258    0.068516    0.230241   16.848562 v _16571_/X (sky130_fd_sc_hd__a31o_1)
                                                         _06701_ (net)
                      0.068516    0.000036   16.848598 v _16575_/A2 (sky130_fd_sc_hd__a311o_1)
     3    0.007822    0.080843    0.345795   17.194391 v _16575_/X (sky130_fd_sc_hd__a311o_1)
                                                         _06705_ (net)
                      0.080843    0.000027   17.194418 v _16579_/A1 (sky130_fd_sc_hd__a21oi_1)
     3    0.010839    0.261914    0.245118   17.439537 ^ _16579_/Y (sky130_fd_sc_hd__a21oi_1)
                                                         _06709_ (net)
                      0.261914    0.000039   17.439575 ^ fanout421/A (sky130_fd_sc_hd__clkbuf_4)
    10    0.038163    0.124416    0.268789   17.708364 ^ fanout421/X (sky130_fd_sc_hd__clkbuf_4)
                                                         net421 (net)
                      0.124417    0.000668   17.709032 ^ _16606_/S (sky130_fd_sc_hd__mux2_1)
     3    0.008642    0.083780    0.370996   18.080029 v _16606_/X (sky130_fd_sc_hd__mux2_1)
                                                         _06736_ (net)
                      0.083780    0.000039   18.080069 v _16608_/B (sky130_fd_sc_hd__xnor2_1)
     3    0.009647    0.094665    0.172323   18.252390 v _16608_/Y (sky130_fd_sc_hd__xnor2_1)
                                                         _06738_ (net)
                      0.094665    0.000027   18.252417 v _16617_/A1 (sky130_fd_sc_hd__o311a_1)
     2    0.005820    0.065477    0.379274   18.631691 v _16617_/X (sky130_fd_sc_hd__o311a_1)
                                                         _06747_ (net)
                      0.065477    0.000043   18.631733 v _16623_/A2 (sky130_fd_sc_hd__o41a_2)
     4    0.014144    0.094482    0.517995   19.149727 v _16623_/X (sky130_fd_sc_hd__o41a_2)
                                                         _06753_ (net)
                      0.094482    0.000199   19.149927 v _16648_/A2 (sky130_fd_sc_hd__a2111o_1)
     2    0.008904    0.093431    0.461130   19.611057 v _16648_/X (sky130_fd_sc_hd__a2111o_1)
                                                         _06778_ (net)
                      0.093431    0.000011   19.611067 v _16652_/A1 (sky130_fd_sc_hd__a21oi_2)
     4    0.013877    0.197736    0.217879   19.828947 ^ _16652_/Y (sky130_fd_sc_hd__a21oi_2)
                                                         _06782_ (net)
                      0.197736    0.000021   19.828968 ^ fanout420/A (sky130_fd_sc_hd__clkbuf_4)
    10    0.042835    0.136812    0.257092   20.086060 ^ fanout420/X (sky130_fd_sc_hd__clkbuf_4)
                                                         net420 (net)
                      0.136812    0.000206   20.086266 ^ _16692_/S (sky130_fd_sc_hd__mux2_1)
     3    0.012669    0.100098    0.392840   20.479105 v _16692_/X (sky130_fd_sc_hd__mux2_1)
                                                         _06822_ (net)
                      0.100098    0.000115   20.479221 v _16695_/B (sky130_fd_sc_hd__xnor2_1)
     2    0.006669    0.076269    0.163229   20.642450 v _16695_/Y (sky130_fd_sc_hd__xnor2_1)
                                                         _06825_ (net)
                      0.076269    0.000004   20.642454 v _16699_/A (sky130_fd_sc_hd__or2_1)
     2    0.004442    0.057624    0.242391   20.884844 v _16699_/X (sky130_fd_sc_hd__or2_1)
                                                         _06829_ (net)
                      0.057624    0.000014   20.884859 v _16711_/A (sky130_fd_sc_hd__or3_1)
     1    0.002625    0.065309    0.363125   21.247984 v _16711_/X (sky130_fd_sc_hd__or3_1)
                                                         _06841_ (net)
                      0.065309    0.000005   21.247990 v _16715_/A2 (sky130_fd_sc_hd__o21ai_1)
     3    0.009331    0.209242    0.204093   21.452082 ^ _16715_/Y (sky130_fd_sc_hd__o21ai_1)
                                                         _06845_ (net)
                      0.209242    0.000124   21.452206 ^ _16728_/A1 (sky130_fd_sc_hd__a211oi_1)
     2    0.005086    0.089012    0.120501   21.572706 v _16728_/Y (sky130_fd_sc_hd__a211oi_1)
                                                         _06858_ (net)
                      0.089012    0.000012   21.572720 v _16734_/A2 (sky130_fd_sc_hd__o311a_1)
     3    0.012477    0.094017    0.393237   21.965958 v _16734_/X (sky130_fd_sc_hd__o311a_1)
                                                         _06864_ (net)
                      0.094017    0.000384   21.966341 v _16787_/A (sky130_fd_sc_hd__or3_1)
     3    0.006419    0.087869    0.406972   22.373312 v _16787_/X (sky130_fd_sc_hd__or3_1)
                                                         _06917_ (net)
                      0.087869    0.000004   22.373316 v _16792_/C (sky130_fd_sc_hd__and3_1)
     2    0.004065    0.043781    0.199835   22.573151 v _16792_/X (sky130_fd_sc_hd__and3_1)
                                                         _06922_ (net)
                      0.043781    0.000005   22.573156 v _16793_/C (sky130_fd_sc_hd__or3_1)
     3    0.007958    0.096538    0.342071   22.915228 v _16793_/X (sky130_fd_sc_hd__or3_1)
                                                         _06923_ (net)
                      0.096538    0.000028   22.915257 v _16794_/A2 (sky130_fd_sc_hd__a21o_1)
     3    0.007290    0.053313    0.213303   23.128559 v _16794_/X (sky130_fd_sc_hd__a21o_1)
                                                         _06924_ (net)
                      0.053313    0.000014   23.128574 v _16796_/A2 (sky130_fd_sc_hd__a21oi_1)
     3    0.007907    0.205317    0.211433   23.340006 ^ _16796_/Y (sky130_fd_sc_hd__a21oi_1)
                                                         _06926_ (net)
                      0.205317    0.000030   23.340036 ^ _16798_/A2 (sky130_fd_sc_hd__o21ai_1)
     2    0.005815    0.066746    0.105839   23.445875 v _16798_/Y (sky130_fd_sc_hd__o21ai_1)
                                                         _06928_ (net)
                      0.066746    0.000036   23.445911 v _16800_/A2 (sky130_fd_sc_hd__a21o_1)
     3    0.008389    0.057373    0.206706   23.652617 v _16800_/X (sky130_fd_sc_hd__a21o_1)
                                                         _06930_ (net)
                      0.057373    0.000030   23.652647 v _16801_/A2 (sky130_fd_sc_hd__a21oi_2)
     5    0.014718    0.206676    0.219092   23.871738 ^ _16801_/Y (sky130_fd_sc_hd__a21oi_2)
                                                         _06931_ (net)
                      0.206676    0.000064   23.871803 ^ _16805_/A2 (sky130_fd_sc_hd__o311a_1)
     3    0.008383    0.101582    0.229861   24.101664 ^ _16805_/X (sky130_fd_sc_hd__o311a_1)
                                                         _06935_ (net)
                      0.101582    0.000043   24.101706 ^ _16810_/A1 (sky130_fd_sc_hd__o211a_1)
     5    0.016977    0.150531    0.246393   24.348099 ^ _16810_/X (sky130_fd_sc_hd__o211a_1)
                                                         _06940_ (net)
                      0.150531    0.000055   24.348154 ^ _16830_/A1 (sky130_fd_sc_hd__a21oi_2)
     6    0.018465    0.087446    0.116097   24.464252 v _16830_/Y (sky130_fd_sc_hd__a21oi_2)
                                                         _06960_ (net)
                      0.087446    0.000307   24.464560 v _16832_/B (sky130_fd_sc_hd__nor2_1)
     2    0.010343    0.199862    0.190328   24.654886 ^ _16832_/Y (sky130_fd_sc_hd__nor2_1)
                                                         _06962_ (net)
                      0.199862    0.000053   24.654940 ^ fanout417/A (sky130_fd_sc_hd__clkbuf_4)
    10    0.043410    0.138456    0.258879   24.913818 ^ fanout417/X (sky130_fd_sc_hd__clkbuf_4)
                                                         net417 (net)
                      0.138456    0.000218   24.914038 ^ _16887_/S (sky130_fd_sc_hd__mux2_1)
     4    0.012883    0.104229    0.394135   25.308172 v _16887_/X (sky130_fd_sc_hd__mux2_1)
                                                         _07017_ (net)
                      0.104229    0.000037   25.308210 v _16888_/B (sky130_fd_sc_hd__xnor2_1)
     4    0.010551    0.275623    0.266780   25.574989 ^ _16888_/Y (sky130_fd_sc_hd__xnor2_1)
                                                         _07018_ (net)
                      0.275623    0.000039   25.575029 ^ _16920_/B_N (sky130_fd_sc_hd__and4bb_1)
     1    0.002666    0.040961    0.249024   25.824053 v _16920_/X (sky130_fd_sc_hd__and4bb_1)
                                                         _07050_ (net)
                      0.040961    0.000005   25.824059 v _16923_/B1 (sky130_fd_sc_hd__a211o_1)
     4    0.014686    0.099815    0.323048   26.147106 v _16923_/X (sky130_fd_sc_hd__a211o_1)
                                                         _07053_ (net)
                      0.099815    0.000336   26.147442 v _16927_/A2 (sky130_fd_sc_hd__a21oi_2)
     3    0.017942    0.237163    0.261556   26.408998 ^ _16927_/Y (sky130_fd_sc_hd__a21oi_2)
                                                         _07057_ (net)
                      0.237163    0.000119   26.409117 ^ _16929_/A2 (sky130_fd_sc_hd__o211ai_4)
     3    0.014945    0.084369    0.119540   26.528658 v _16929_/Y (sky130_fd_sc_hd__o211ai_4)
                                                         _07059_ (net)
                      0.084370    0.000137   26.528793 v _16936_/A3 (sky130_fd_sc_hd__a31o_2)
     7    0.020909    0.077999    0.307388   26.836182 v _16936_/X (sky130_fd_sc_hd__a31o_2)
                                                         _07066_ (net)
                      0.077999    0.000112   26.836294 v _16974_/A2 (sky130_fd_sc_hd__a21o_1)
     3    0.006569    0.050294    0.202609   27.038904 v _16974_/X (sky130_fd_sc_hd__a21o_1)
                                                         _07104_ (net)
                      0.050294    0.000004   27.038906 v _16978_/B (sky130_fd_sc_hd__and3_1)
     3    0.005625    0.050550    0.175177   27.214085 v _16978_/X (sky130_fd_sc_hd__and3_1)
                                                         _07108_ (net)
                      0.050550    0.000007   27.214092 v _16991_/A (sky130_fd_sc_hd__or4_1)
     2    0.004280    0.095430    0.528614   27.742704 v _16991_/X (sky130_fd_sc_hd__or4_1)
                                                         _07121_ (net)
                      0.095430    0.000009   27.742714 v _17008_/C (sky130_fd_sc_hd__or4_1)
     3    0.009919    0.127452    0.540828   28.283541 v _17008_/X (sky130_fd_sc_hd__or4_1)
                                                         _07138_ (net)
                      0.127452    0.000194   28.283735 v _17030_/A1 (sky130_fd_sc_hd__a21o_1)
     3    0.006540    0.050171    0.201462   28.485197 v _17030_/X (sky130_fd_sc_hd__a21o_1)
                                                         _07160_ (net)
                      0.050171    0.000011   28.485209 v _17055_/A1 (sky130_fd_sc_hd__a21o_1)
     7    0.019403    0.100838    0.218577   28.703785 v _17055_/X (sky130_fd_sc_hd__a21o_1)
                                                         _07185_ (net)
                      0.100838    0.000252   28.704037 v _17096_/A1 (sky130_fd_sc_hd__a2111oi_1)
     2    0.005196    0.412019    0.421505   29.125542 ^ _17096_/Y (sky130_fd_sc_hd__a2111oi_1)
                                                         _07226_ (net)
                      0.412019    0.000007   29.125549 ^ max_cap414/A (sky130_fd_sc_hd__clkbuf_1)
     1    0.002898    0.051139    0.133932   29.259481 ^ max_cap414/X (sky130_fd_sc_hd__clkbuf_1)
                                                         net414 (net)
                      0.051139    0.000004   29.259485 ^ _17098_/B1 (sky130_fd_sc_hd__a211oi_1)
     2    0.003729    0.068270    0.048464   29.307949 v _17098_/Y (sky130_fd_sc_hd__a211oi_1)
                                                         _07228_ (net)
                      0.068270    0.000014   29.307962 v _17158_/A (sky130_fd_sc_hd__or4_1)
     1    0.002715    0.081150    0.516671   29.824635 v _17158_/X (sky130_fd_sc_hd__or4_1)
                                                         _07288_ (net)
                      0.081150    0.000018   29.824652 v _17161_/C (sky130_fd_sc_hd__or4b_1)
     1    0.002894    0.085032    0.470134   30.294786 v _17161_/X (sky130_fd_sc_hd__or4b_1)
                                                         _07291_ (net)
                      0.085032    0.000007   30.294794 v _17163_/A4 (sky130_fd_sc_hd__o41a_1)
     2    0.006350    0.078446    0.340680   30.635473 v _17163_/X (sky130_fd_sc_hd__o41a_1)
                                                         _07293_ (net)
                      0.078446    0.000085   30.635559 v _17169_/A2 (sky130_fd_sc_hd__a21oi_1)
     4    0.011481    0.266622    0.271857   30.907415 ^ _17169_/Y (sky130_fd_sc_hd__a21oi_1)
                                                         _07299_ (net)
                      0.266622    0.000142   30.907558 ^ _17173_/A2 (sky130_fd_sc_hd__a21oi_1)
     3    0.010012    0.109124    0.159716   31.067274 v _17173_/Y (sky130_fd_sc_hd__a21oi_1)
                                                         _07303_ (net)
                      0.109124    0.000050   31.067324 v _17187_/A1 (sky130_fd_sc_hd__o311a_1)
     3    0.012618    0.094752    0.421121   31.488445 v _17187_/X (sky130_fd_sc_hd__o311a_1)
                                                         _07317_ (net)
                      0.094752    0.000099   31.488544 v _17193_/A2 (sky130_fd_sc_hd__o311a_2)
     8    0.022111    0.100937    0.452907   31.941452 v _17193_/X (sky130_fd_sc_hd__o311a_2)
                                                         _07323_ (net)
                      0.100937    0.000323   31.941774 v _17254_/B (sky130_fd_sc_hd__or3_1)
     4    0.009147    0.103443    0.407095   32.348869 v _17254_/X (sky130_fd_sc_hd__or3_1)
                                                         _07384_ (net)
                      0.103443    0.000011   32.348881 v _17258_/C (sky130_fd_sc_hd__and3_1)
     3    0.005739    0.051055    0.215149   32.564030 v _17258_/X (sky130_fd_sc_hd__and3_1)
                                                         _07388_ (net)
                      0.051055    0.000007   32.564037 v _17267_/B (sky130_fd_sc_hd__or4_1)
     2    0.003971    0.093332    0.508518   33.072552 v _17267_/X (sky130_fd_sc_hd__or4_1)
                                                         _07397_ (net)
                      0.093332    0.000007   33.072559 v _17284_/A (sky130_fd_sc_hd__or4_1)
     3    0.008058    0.118042    0.576730   33.649292 v _17284_/X (sky130_fd_sc_hd__or4_1)
                                                         _07414_ (net)
                      0.118042    0.000064   33.649353 v _17288_/A1 (sky130_fd_sc_hd__a211o_1)
     3    0.009256    0.077328    0.315936   33.965290 v _17288_/X (sky130_fd_sc_hd__a211o_1)
                                                         _07418_ (net)
                      0.077328    0.000153   33.965443 v _17293_/A1 (sky130_fd_sc_hd__a211o_1)
     2    0.004231    0.056322    0.270596   34.236038 v _17293_/X (sky130_fd_sc_hd__a211o_1)
                                                         _07423_ (net)
                      0.056322    0.000004   34.236042 v _17298_/A1 (sky130_fd_sc_hd__a21o_1)
     5    0.016582    0.089117    0.211053   34.447094 v _17298_/X (sky130_fd_sc_hd__a21o_1)
                                                         _07428_ (net)
                      0.089117    0.000131   34.447227 v _17315_/A1 (sky130_fd_sc_hd__a21oi_2)
     3    0.013256    0.184604    0.210918   34.658146 ^ _17315_/Y (sky130_fd_sc_hd__a21oi_2)
                                                         _07445_ (net)
                      0.184604    0.000028   34.658173 ^ fanout411/A (sky130_fd_sc_hd__clkbuf_4)
    10    0.041343    0.132618    0.249511   34.907684 ^ fanout411/X (sky130_fd_sc_hd__clkbuf_4)
                                                         net411 (net)
                      0.132618    0.000011   34.907692 ^ fanout410/A (sky130_fd_sc_hd__clkbuf_4)
    10    0.039300    0.126642    0.227633   35.135326 ^ fanout410/X (sky130_fd_sc_hd__clkbuf_4)
                                                         net410 (net)
                      0.126643    0.000647   35.135975 ^ _17357_/S (sky130_fd_sc_hd__mux2_1)
     4    0.012376    0.098835    0.390035   35.526009 v _17357_/X (sky130_fd_sc_hd__mux2_1)
                                                         _07487_ (net)
                      0.098835    0.000032   35.526039 v _17359_/B (sky130_fd_sc_hd__xnor2_1)
     2    0.006057    0.070755    0.159325   35.685364 v _17359_/Y (sky130_fd_sc_hd__xnor2_1)
                                                         _07489_ (net)
                      0.070755    0.000007   35.685371 v _17364_/A (sky130_fd_sc_hd__or2_1)
     2    0.003317    0.052208    0.233559   35.918930 v _17364_/X (sky130_fd_sc_hd__or2_1)
                                                         _07494_ (net)
                      0.052208    0.000007   35.918938 v _17394_/A (sky130_fd_sc_hd__or4_1)
     2    0.005204    0.097958    0.537465   36.456402 v _17394_/X (sky130_fd_sc_hd__or4_1)
                                                         _07524_ (net)
                      0.097958    0.000039   36.456444 v _17403_/A2 (sky130_fd_sc_hd__a41o_1)
     2    0.006797    0.056784    0.244928   36.701370 v _17403_/X (sky130_fd_sc_hd__a41o_1)
                                                         _07533_ (net)
                      0.056784    0.000078   36.701447 v _17426_/A2 (sky130_fd_sc_hd__a21o_1)
     2    0.005815    0.045764    0.190674   36.892124 v _17426_/X (sky130_fd_sc_hd__a21o_1)
                                                         _07556_ (net)
                      0.045764    0.000060   36.892181 v _17441_/A1 (sky130_fd_sc_hd__a311o_1)
     2    0.005093    0.066558    0.272031   37.164215 v _17441_/X (sky130_fd_sc_hd__a311o_1)
                                                         _07571_ (net)
                      0.066558    0.000007   37.164223 v _17444_/A1 (sky130_fd_sc_hd__a21o_1)
     2    0.007443    0.053952    0.180670   37.344891 v _17444_/X (sky130_fd_sc_hd__a21o_1)
                                                         _07574_ (net)
                      0.053952    0.000021   37.344913 v _17448_/A1 (sky130_fd_sc_hd__a21oi_1)
     1    0.002877    0.108228    0.121698   37.466610 ^ _17448_/Y (sky130_fd_sc_hd__a21oi_1)
                                                         _07578_ (net)
                      0.108228    0.000011   37.466621 ^ fanout409/A (sky130_fd_sc_hd__clkbuf_2)
     5    0.022368    0.127035    0.186972   37.653595 ^ fanout409/X (sky130_fd_sc_hd__clkbuf_2)
                                                         net409 (net)
                      0.127035    0.000043   37.653637 ^ fanout408/A (sky130_fd_sc_hd__clkbuf_4)
    10    0.041996    0.134027    0.231651   37.885288 ^ fanout408/X (sky130_fd_sc_hd__clkbuf_4)
                                                         net408 (net)
                      0.134027    0.000114   37.885403 ^ _17539_/S (sky130_fd_sc_hd__mux2_1)
     4    0.011288    0.094215    0.386013   38.271412 v _17539_/X (sky130_fd_sc_hd__mux2_1)
                                                         _07669_ (net)
                      0.094215    0.000110   38.271523 v _17541_/B (sky130_fd_sc_hd__and2_1)
     1    0.002714    0.035685    0.171983   38.443508 v _17541_/X (sky130_fd_sc_hd__and2_1)
                                                         _07671_ (net)
                      0.035685    0.000007   38.443516 v _17542_/B (sky130_fd_sc_hd__nor2_1)
     4    0.008844    0.179541    0.153065   38.596581 ^ _17542_/Y (sky130_fd_sc_hd__nor2_1)
                                                         _07672_ (net)
                      0.179541    0.000000   38.596581 ^ _17547_/A (sky130_fd_sc_hd__and2_1)
     2    0.005112    0.069497    0.165823   38.762402 ^ _17547_/X (sky130_fd_sc_hd__and2_1)
                                                         _07677_ (net)
                      0.069497    0.000025   38.762428 ^ _17558_/C_N (sky130_fd_sc_hd__or4bb_1)
     2    0.003643    0.088660    0.482075   39.244503 v _17558_/X (sky130_fd_sc_hd__or4bb_1)
                                                         _07688_ (net)
                      0.088660    0.000011   39.244514 v _17583_/C (sky130_fd_sc_hd__or4_1)
     1    0.004474    0.096570    0.490914   39.735428 v _17583_/X (sky130_fd_sc_hd__or4_1)
                                                         _07713_ (net)
                      0.096570    0.000007   39.735435 v _17590_/A1 (sky130_fd_sc_hd__a211oi_2)
     3    0.011017    0.271603    0.280039   40.015472 ^ _17590_/Y (sky130_fd_sc_hd__a211oi_2)
                                                         _07720_ (net)
                      0.271603    0.000050   40.015522 ^ fanout406/A (sky130_fd_sc_hd__clkbuf_4)
    10    0.043695    0.139591    0.283773   40.299297 ^ fanout406/X (sky130_fd_sc_hd__clkbuf_4)
                                                         net406 (net)
                      0.139591    0.000238   40.299534 ^ _17600_/S (sky130_fd_sc_hd__mux2_1)
     3    0.008385    0.084759    0.371493   40.671028 v _17600_/X (sky130_fd_sc_hd__mux2_1)
                                                         _07730_ (net)
                      0.084759    0.000011   40.671036 v _17602_/B (sky130_fd_sc_hd__and2_1)
     3    0.005529    0.047785    0.181412   40.852451 v _17602_/X (sky130_fd_sc_hd__and2_1)
                                                         _07732_ (net)
                      0.047785    0.000011   40.852459 v _17604_/A (sky130_fd_sc_hd__or2_1)
     4    0.010503    0.085155    0.264802   41.117260 v _17604_/X (sky130_fd_sc_hd__or2_1)
                                                         _07734_ (net)
                      0.085155    0.000018   41.117279 v _17655_/A (sky130_fd_sc_hd__or4_1)
     1    0.002551    0.082049    0.519972   41.637253 v _17655_/X (sky130_fd_sc_hd__or4_1)
                                                         _07785_ (net)
                      0.082049    0.000004   41.637257 v _17656_/C1 (sky130_fd_sc_hd__o311a_1)
     3    0.007362    0.073341    0.139252   41.776508 v _17656_/X (sky130_fd_sc_hd__o311a_1)
                                                         _07786_ (net)
                      0.073341    0.000043   41.776550 v _17682_/A2 (sky130_fd_sc_hd__a21o_1)
     3    0.009172    0.059407    0.212939   41.989491 v _17682_/X (sky130_fd_sc_hd__a21o_1)
                                                         _07812_ (net)
                      0.059407    0.000107   41.989594 v _17737_/A1 (sky130_fd_sc_hd__a21o_1)
     1    0.002395    0.032277    0.153062   42.142658 v _17737_/X (sky130_fd_sc_hd__a21o_1)
                                                         _07867_ (net)
                      0.032277    0.000000   42.142658 v _17745_/A1 (sky130_fd_sc_hd__a21oi_1)
     1    0.002758    0.106130    0.111331   42.253986 ^ _17745_/Y (sky130_fd_sc_hd__a21oi_1)
                                                         _07875_ (net)
                      0.106130    0.000007   42.253994 ^ fanout403/A (sky130_fd_sc_hd__clkbuf_2)
     6    0.026268    0.147316    0.200394   42.454391 ^ fanout403/X (sky130_fd_sc_hd__clkbuf_2)
                                                         net403 (net)
                      0.147316    0.000149   42.454540 ^ fanout401/A (sky130_fd_sc_hd__clkbuf_4)
    10    0.042778    0.136364    0.239986   42.694523 ^ fanout401/X (sky130_fd_sc_hd__clkbuf_4)
                                                         net401 (net)
                      0.136364    0.000504   42.695030 ^ _17784_/S (sky130_fd_sc_hd__mux2_1)
     3    0.008484    0.085277    0.371688   43.066719 v _17784_/X (sky130_fd_sc_hd__mux2_1)
                                                         _07914_ (net)
                      0.085277    0.000028   43.066746 v _17786_/B (sky130_fd_sc_hd__xnor2_1)
     2    0.004005    0.058861    0.141561   43.208309 v _17786_/Y (sky130_fd_sc_hd__xnor2_1)
                                                         _07916_ (net)
                      0.058861    0.000004   43.208309 v _17789_/A (sky130_fd_sc_hd__or2_1)
     4    0.010427    0.081990    0.268440   43.476749 v _17789_/X (sky130_fd_sc_hd__or2_1)
                                                         _07919_ (net)
                      0.081990    0.000032   43.476784 v _17812_/A2 (sky130_fd_sc_hd__a2111o_1)
     2    0.005329    0.071536    0.431150   43.907932 v _17812_/X (sky130_fd_sc_hd__a2111o_1)
                                                         _07942_ (net)
                      0.071536    0.000043   43.907974 v _17843_/A1 (sky130_fd_sc_hd__a211o_1)
     2    0.008204    0.074007    0.291685   44.199661 v _17843_/X (sky130_fd_sc_hd__a211o_1)
                                                         _07973_ (net)
                      0.074007    0.000075   44.199734 v _17849_/B (sky130_fd_sc_hd__nand3b_2)
     4    0.014179    0.113374    0.120856   44.320591 ^ _17849_/Y (sky130_fd_sc_hd__nand3b_2)
                                                         _07979_ (net)
                      0.113374    0.000167   44.320759 ^ _17873_/A (sky130_fd_sc_hd__nand3_2)
     4    0.017808    0.122739    0.130690   44.451447 v _17873_/Y (sky130_fd_sc_hd__nand3_2)
                                                         _08003_ (net)
                      0.122739    0.000092   44.451542 v _17904_/A1 (sky130_fd_sc_hd__a21o_1)
     6    0.017609    0.093372    0.242011   44.693550 v _17904_/X (sky130_fd_sc_hd__a21o_1)
                                                         _08034_ (net)
                      0.093372    0.000199   44.693752 v _17909_/A1 (sky130_fd_sc_hd__a21oi_1)
     2    0.005735    0.163365    0.178648   44.872398 ^ _17909_/Y (sky130_fd_sc_hd__a21oi_1)
                                                         _08039_ (net)
                      0.163365    0.000004   44.872402 ^ fanout397/A (sky130_fd_sc_hd__buf_2)
    10    0.034825    0.173168    0.239783   45.112186 ^ fanout397/X (sky130_fd_sc_hd__buf_2)
                                                         net397 (net)
                      0.173168    0.000430   45.112614 ^ _17930_/S (sky130_fd_sc_hd__mux2_2)
     4    0.016860    0.086063    0.405496   45.518112 v _17930_/X (sky130_fd_sc_hd__mux2_2)
                                                         _08060_ (net)
                      0.086063    0.000018   45.518127 v _17933_/B (sky130_fd_sc_hd__xnor2_2)
     4    0.010955    0.077939    0.164498   45.682629 v _17933_/Y (sky130_fd_sc_hd__xnor2_2)
                                                         _08063_ (net)
                      0.077939    0.000046   45.682674 v _17961_/A (sky130_fd_sc_hd__or4_1)
     1    0.002464    0.081278    0.516501   46.199173 v _17961_/X (sky130_fd_sc_hd__or4_1)
                                                         _08091_ (net)
                      0.081278    0.000004   46.199177 v _17966_/A3 (sky130_fd_sc_hd__o31a_2)
     6    0.017042    0.084118    0.341441   46.540619 v _17966_/X (sky130_fd_sc_hd__o31a_2)
                                                         _08096_ (net)
                      0.084118    0.000259   46.540878 v _18084_/A2 (sky130_fd_sc_hd__a211o_1)
     2    0.006925    0.068932    0.324221   46.865097 v _18084_/X (sky130_fd_sc_hd__a211o_1)
                                                         _08214_ (net)
                      0.068932    0.000011   46.865108 v _18086_/A1 (sky130_fd_sc_hd__a21oi_2)
     4    0.014287    0.195266    0.211617   47.076725 ^ _18086_/Y (sky130_fd_sc_hd__a21oi_2)
                                                         _08216_ (net)
                      0.195266    0.000053   47.076778 ^ fanout392/A (sky130_fd_sc_hd__clkbuf_4)
    10    0.040347    0.129978    0.250875   47.327656 ^ fanout392/X (sky130_fd_sc_hd__clkbuf_4)
                                                         net392 (net)
                      0.129981    0.000767   47.328423 ^ _18160_/S (sky130_fd_sc_hd__mux2_1)
     3    0.010673    0.091653    0.382567   47.710987 v _18160_/X (sky130_fd_sc_hd__mux2_1)
                                                         _08290_ (net)
                      0.091653    0.000103   47.711090 v _18162_/B (sky130_fd_sc_hd__xnor2_1)
     2    0.010268    0.269882    0.257518   47.968609 ^ _18162_/Y (sky130_fd_sc_hd__xnor2_1)
                                                         _08292_ (net)
                      0.269882    0.000014   47.968624 ^ _18164_/A1 (sky130_fd_sc_hd__o21ai_2)
     3    0.010010    0.078135    0.124089   48.092712 v _18164_/Y (sky130_fd_sc_hd__o21ai_2)
                                                         _08294_ (net)
                      0.078135    0.000025   48.092739 v _18167_/A2 (sky130_fd_sc_hd__a31o_1)
     3    0.007780    0.059503    0.238540   48.331280 v _18167_/X (sky130_fd_sc_hd__a31o_1)
                                                         _08297_ (net)
                      0.059503    0.000046   48.331326 v _18193_/A1 (sky130_fd_sc_hd__a21o_1)
     5    0.013707    0.077355    0.202050   48.533375 v _18193_/X (sky130_fd_sc_hd__a21o_1)
                                                         _08323_ (net)
                      0.077355    0.000167   48.533543 v _18198_/A1 (sky130_fd_sc_hd__a21o_1)
     4    0.013685    0.077199    0.209404   48.742947 v _18198_/X (sky130_fd_sc_hd__a21o_1)
                                                         _08328_ (net)
                      0.077199    0.000032   48.742977 v _18204_/A2 (sky130_fd_sc_hd__a21bo_1)
     4    0.018490    0.098801    0.262723   49.005699 v _18204_/X (sky130_fd_sc_hd__a21bo_1)
                                                         _08334_ (net)
                      0.098801    0.000028   49.005730 v _18259_/A1 (sky130_fd_sc_hd__a21o_1)
     1    0.003502    0.036307    0.175923   49.181652 v _18259_/X (sky130_fd_sc_hd__a21o_1)
                                                         _08389_ (net)
                      0.036307    0.000021   49.181675 v fanout390/A (sky130_fd_sc_hd__clkbuf_2)
     7    0.023940    0.095731    0.156469   49.338142 v fanout390/X (sky130_fd_sc_hd__clkbuf_2)
                                                         net390 (net)
                      0.095731    0.000000   49.338142 v fanout389/A (sky130_fd_sc_hd__buf_2)
    10    0.034904    0.090714    0.204437   49.542580 v fanout389/X (sky130_fd_sc_hd__buf_2)
                                                         net389 (net)
                      0.090715    0.000508   49.543087 v _18284_/B (sky130_fd_sc_hd__or2_1)
     3    0.009607    0.081167    0.259057   49.802143 v _18284_/X (sky130_fd_sc_hd__or2_1)
                                                         _08414_ (net)
                      0.081167    0.000011   49.802155 v _18286_/B (sky130_fd_sc_hd__nand3_2)
     7    0.017543    0.111031    0.130271   49.932426 ^ _18286_/Y (sky130_fd_sc_hd__nand3_2)
                                                         _08416_ (net)
                      0.111031    0.000064   49.932491 ^ _18289_/B (sky130_fd_sc_hd__and3b_1)
     1    0.001927    0.043684    0.153648   50.086136 ^ _18289_/X (sky130_fd_sc_hd__and3b_1)
                                                         _08419_ (net)
                      0.043684    0.000004   50.086140 ^ _18290_/D_N (sky130_fd_sc_hd__or4b_2)
     3    0.010109    0.128964    0.628770   50.714912 v _18290_/X (sky130_fd_sc_hd__or4b_2)
                                                         _08420_ (net)
                      0.128964    0.000085   50.714996 v _18446_/A (sky130_fd_sc_hd__or3b_1)
     2    0.007722    0.093860    0.433015   51.148010 v _18446_/X (sky130_fd_sc_hd__or3b_1)
                                                         _08576_ (net)
                      0.093860    0.000131   51.148144 v _18448_/B1 (sky130_fd_sc_hd__a21o_1)
     3    0.007225    0.053033    0.188230   51.336372 v _18448_/X (sky130_fd_sc_hd__a21o_1)
                                                         _08578_ (net)
                      0.053033    0.000007   51.336380 v fanout385/A (sky130_fd_sc_hd__clkbuf_2)
    10    0.025291    0.100494    0.167400   51.503780 v fanout385/X (sky130_fd_sc_hd__clkbuf_2)
                                                         net385 (net)
                      0.100494    0.000085   51.503864 v _18454_/A (sky130_fd_sc_hd__nand2_1)
     1    0.003084    0.051730    0.078764   51.582630 ^ _18454_/Y (sky130_fd_sc_hd__nand2_1)
                                                         _08584_ (net)
                      0.051730    0.000014   51.582645 ^ fanout381/A (sky130_fd_sc_hd__clkbuf_4)
    10    0.040776    0.130648    0.200323   51.782967 ^ fanout381/X (sky130_fd_sc_hd__clkbuf_4)
                                                         net381 (net)
                      0.130648    0.000004   51.782970 ^ fanout380/A (sky130_fd_sc_hd__buf_2)
     5    0.027305    0.138032    0.206100   51.989071 ^ fanout380/X (sky130_fd_sc_hd__buf_2)
                                                         net380 (net)
                      0.138032    0.000217   51.989288 ^ fanout379/A (sky130_fd_sc_hd__clkbuf_2)
     6    0.020488    0.117409    0.189544   52.178833 ^ fanout379/X (sky130_fd_sc_hd__clkbuf_2)
                                                         net379 (net)
                      0.117409    0.000025   52.178856 ^ fanout378/A (sky130_fd_sc_hd__buf_2)
    10    0.033678    0.167746    0.223043   52.401901 ^ fanout378/X (sky130_fd_sc_hd__buf_2)
                                                         net378 (net)
                      0.167746    0.000259   52.402161 ^ _18526_/S (sky130_fd_sc_hd__mux2_1)
     3    0.012053    0.100642    0.394518   52.796677 v _18526_/X (sky130_fd_sc_hd__mux2_1)
                                                         _08656_ (net)
                      0.100642    0.000032   52.796707 v _18528_/B (sky130_fd_sc_hd__xnor2_2)
     4    0.014191    0.086136    0.181014   52.977722 v _18528_/Y (sky130_fd_sc_hd__xnor2_2)
                                                         _08658_ (net)
                      0.086136    0.000028   52.977753 v _18538_/B (sky130_fd_sc_hd__or3b_1)
     1    0.001883    0.060493    0.345263   53.323013 v _18538_/X (sky130_fd_sc_hd__or3b_1)
                                                         _08668_ (net)
                      0.060493    0.000004   53.323017 v _18539_/B_N (sky130_fd_sc_hd__and4bb_1)
     2    0.011105    0.132340    0.327134   53.650154 ^ _18539_/X (sky130_fd_sc_hd__and4bb_1)
                                                         _08669_ (net)
                      0.132340    0.000021   53.650173 ^ _18646_/C_N (sky130_fd_sc_hd__or3b_2)
     5    0.016251    0.118355    0.520600   54.170773 v _18646_/X (sky130_fd_sc_hd__or3b_2)
                                                         _08776_ (net)
                      0.118355    0.000348   54.171124 v _18648_/A2 (sky130_fd_sc_hd__a21o_1)
     5    0.013791    0.077621    0.247837   54.418961 v _18648_/X (sky130_fd_sc_hd__a21o_1)
                                                         _08778_ (net)
                      0.077621    0.000021   54.418980 v fanout376/A (sky130_fd_sc_hd__buf_2)
    10    0.032749    0.086298    0.191768   54.610748 v fanout376/X (sky130_fd_sc_hd__buf_2)
                                                         net376 (net)
                      0.086311    0.001030   54.611778 v _18657_/A (sky130_fd_sc_hd__nand2_2)
     4    0.021564    0.124641    0.131767   54.743546 ^ _18657_/Y (sky130_fd_sc_hd__nand2_2)
                                                         _08787_ (net)
                      0.124641    0.000050   54.743595 ^ fanout372/A (sky130_fd_sc_hd__buf_4)
    10    0.050101    0.143850    0.214492   54.958088 ^ fanout372/X (sky130_fd_sc_hd__buf_4)
                                                         net372 (net)
                      0.143850    0.000110   54.958199 ^ fanout371/A (sky130_fd_sc_hd__clkbuf_4)
    10    0.042750    0.136253    0.238799   55.196999 ^ fanout371/X (sky130_fd_sc_hd__clkbuf_4)
                                                         net371 (net)
                      0.136253    0.000018   55.197014 ^ _18757_/S (sky130_fd_sc_hd__mux2_1)
     4    0.012742    0.100426    0.393086   55.590099 v _18757_/X (sky130_fd_sc_hd__mux2_1)
                                                         _08887_ (net)
                      0.100426    0.000149   55.590252 v _18758_/B (sky130_fd_sc_hd__xnor2_1)
     3    0.005757    0.072151    0.158337   55.748589 v _18758_/Y (sky130_fd_sc_hd__xnor2_1)
                                                         _08888_ (net)
                      0.072151    0.000000   55.748589 v _18765_/C (sky130_fd_sc_hd__or4_1)
     3    0.006499    0.110413    0.504482   56.253071 v _18765_/X (sky130_fd_sc_hd__or4_1)
                                                         _08895_ (net)
                      0.110413    0.000021   56.253090 v _18857_/C (sky130_fd_sc_hd__or3_1)
     3    0.009487    0.101527    0.374136   56.627228 v _18857_/X (sky130_fd_sc_hd__or3_1)
                                                         _08987_ (net)
                      0.101527    0.000039   56.627266 v _18878_/B1 (sky130_fd_sc_hd__a311o_1)
     5    0.012931    0.102972    0.390575   57.017841 v _18878_/X (sky130_fd_sc_hd__a311o_1)
                                                         _09008_ (net)
                      0.102972    0.000036   57.017876 v _18957_/A3 (sky130_fd_sc_hd__a31o_1)
     3    0.009300    0.064805    0.266869   57.284744 v _18957_/X (sky130_fd_sc_hd__a31o_1)
                                                         _09087_ (net)
                      0.064805    0.000096   57.284843 v _18958_/C (sky130_fd_sc_hd__and3_1)
     4    0.009453    0.066965    0.215078   57.499920 v _18958_/X (sky130_fd_sc_hd__and3_1)
                                                         _09088_ (net)
                      0.066965    0.000014   57.499935 v _18970_/A (sky130_fd_sc_hd__or4_1)
     2    0.007029    0.114091    0.558877   58.058811 v _18970_/X (sky130_fd_sc_hd__or4_1)
                                                         _09100_ (net)
                      0.114091    0.000014   58.058826 v _18989_/A1 (sky130_fd_sc_hd__o311ai_2)
     2    0.008068    0.288253    0.349662   58.408485 ^ _18989_/Y (sky130_fd_sc_hd__o311ai_2)
                                                         _09119_ (net)
                      0.288253    0.000028   58.408516 ^ _18990_/A2 (sky130_fd_sc_hd__a211oi_1)
     3    0.007085    0.104461    0.153221   58.561737 v _18990_/Y (sky130_fd_sc_hd__a211oi_1)
                                                         _09120_ (net)
                      0.104461    0.000032   58.561768 v _19017_/A2 (sky130_fd_sc_hd__a2111o_1)
     3    0.009154    0.091411    0.466621   59.028389 v _19017_/X (sky130_fd_sc_hd__a2111o_1)
                                                         _09147_ (net)
                      0.091411    0.000099   59.028488 v _19018_/A2 (sky130_fd_sc_hd__a21o_1)
     4    0.010286    0.063551    0.224411   59.252899 v _19018_/X (sky130_fd_sc_hd__a21o_1)
                                                         _09148_ (net)
                      0.063551    0.000078   59.252979 v _19054_/A1 (sky130_fd_sc_hd__a21o_1)
     4    0.011542    0.068505    0.196028   59.449005 v _19054_/X (sky130_fd_sc_hd__a21o_1)
                                                         _09184_ (net)
                      0.068505    0.000018   59.449024 v fanout365/A (sky130_fd_sc_hd__buf_2)
    10    0.031743    0.084039    0.185928   59.634953 v fanout365/X (sky130_fd_sc_hd__buf_2)
                                                         net365 (net)
                      0.084040    0.000419   59.635372 v _19072_/A1 (sky130_fd_sc_hd__a211o_1)
     3    0.007753    0.071520    0.293930   59.929302 v _19072_/X (sky130_fd_sc_hd__a211o_1)
                                                         _09202_ (net)
                      0.071520    0.000036   59.929337 v _19074_/A1 (sky130_fd_sc_hd__a21oi_1)
     4    0.010906    0.263004    0.242366   60.171703 ^ _19074_/Y (sky130_fd_sc_hd__a21oi_1)
                                                         _09204_ (net)
                      0.263004    0.000021   60.171722 ^ _19084_/B1 (sky130_fd_sc_hd__a2111o_1)
     3    0.009410    0.098477    0.194255   60.365978 ^ _19084_/X (sky130_fd_sc_hd__a2111o_1)
                                                         _09214_ (net)
                      0.098477    0.000007   60.365986 ^ _19089_/A1_N (sky130_fd_sc_hd__o2bb2a_1)
     4    0.011660    0.092217    0.265018   60.631004 v _19089_/X (sky130_fd_sc_hd__o2bb2a_1)
                                                         _09219_ (net)
                      0.092217    0.000114   60.631119 v _19173_/A1 (sky130_fd_sc_hd__a221o_2)
     4    0.015107    0.085562    0.411461   61.042580 v _19173_/X (sky130_fd_sc_hd__a221o_2)
                                                         _09303_ (net)
                      0.085562    0.000178   61.042755 v _19202_/A1 (sky130_fd_sc_hd__a221o_1)
     4    0.014097    0.105387    0.386578   61.429333 v _19202_/X (sky130_fd_sc_hd__a221o_1)
                                                         _09332_ (net)
                      0.105387    0.000135   61.429470 v _19233_/A1 (sky130_fd_sc_hd__a41o_2)
     8    0.032355    0.108147    0.309548   61.739017 v _19233_/X (sky130_fd_sc_hd__a41o_2)
                                                         _09363_ (net)
                      0.108147    0.000277   61.739296 v _19267_/A1 (sky130_fd_sc_hd__a21o_1)
     1    0.003163    0.034643    0.177735   61.917030 v _19267_/X (sky130_fd_sc_hd__a21o_1)
                                                         _09397_ (net)
                      0.034643    0.000021   61.917049 v fanout360/A (sky130_fd_sc_hd__buf_2)
     8    0.031719    0.083920    0.171234   62.088284 v fanout360/X (sky130_fd_sc_hd__buf_2)
                                                         net360 (net)
                      0.083921    0.000320   62.088604 v fanout358/A (sky130_fd_sc_hd__clkbuf_4)
    10    0.038949    0.087780    0.207407   62.296013 v fanout358/X (sky130_fd_sc_hd__clkbuf_4)
                                                         net358 (net)
                      0.087782    0.000533   62.296543 v _19322_/S (sky130_fd_sc_hd__mux2_1)
     3    0.008509    0.085401    0.358732   62.655277 v _19322_/X (sky130_fd_sc_hd__mux2_1)
                                                         _09452_ (net)
                      0.085401    0.000007   62.655285 v _19325_/B (sky130_fd_sc_hd__and2_1)
     1    0.001553    0.030489    0.161045   62.816330 v _19325_/X (sky130_fd_sc_hd__and2_1)
                                                         _09455_ (net)
                      0.030489    0.000000   62.816330 v _19326_/B (sky130_fd_sc_hd__or2_1)
     4    0.009137    0.076890    0.235374   63.051704 v _19326_/X (sky130_fd_sc_hd__or2_1)
                                                         _09456_ (net)
                      0.076890    0.000028   63.051731 v _19327_/D (sky130_fd_sc_hd__or4_1)
     2    0.005346    0.102566    0.426631   63.478363 v _19327_/X (sky130_fd_sc_hd__or4_1)
                                                         _09457_ (net)
                      0.102566    0.000021   63.478382 v _19355_/C (sky130_fd_sc_hd__or4_2)
     4    0.010918    0.131185    0.673658   64.152039 v _19355_/X (sky130_fd_sc_hd__or4_2)
                                                         _09485_ (net)
                      0.131185    0.000085   64.152130 v _19417_/A1 (sky130_fd_sc_hd__a2111o_1)
     3    0.010159    0.095185    0.435961   64.588089 v _19417_/X (sky130_fd_sc_hd__a2111o_1)
                                                         _09547_ (net)
                      0.095185    0.000142   64.588226 v _19448_/A1 (sky130_fd_sc_hd__a2111o_2)
     7    0.020419    0.108841    0.497614   65.085846 v _19448_/X (sky130_fd_sc_hd__a2111o_2)
                                                         _09578_ (net)
                      0.108841    0.000085   65.085930 v _19461_/A (sky130_fd_sc_hd__nand2_1)
     1    0.002600    0.048145    0.078273   65.164200 ^ _19461_/Y (sky130_fd_sc_hd__nand2_1)
                                                         _09591_ (net)
                      0.048145    0.000007   65.164207 ^ fanout357/A (sky130_fd_sc_hd__buf_2)
     8    0.032244    0.160681    0.192763   65.356972 ^ fanout357/X (sky130_fd_sc_hd__buf_2)
                                                         net357 (net)
                      0.160681    0.000348   65.357323 ^ fanout355/A (sky130_fd_sc_hd__clkbuf_4)
    10    0.042580    0.135952    0.243894   65.601212 ^ fanout355/X (sky130_fd_sc_hd__clkbuf_4)
                                                         net355 (net)
                      0.135953    0.000689   65.601906 ^ _19507_/S (sky130_fd_sc_hd__mux2_1)
     4    0.012447    0.099130    0.391701   65.993607 v _19507_/X (sky130_fd_sc_hd__mux2_1)
                                                         _09637_ (net)
                      0.099130    0.000078   65.993683 v _19510_/B (sky130_fd_sc_hd__xnor2_1)
     3    0.008204    0.085626    0.171198   66.164879 v _19510_/Y (sky130_fd_sc_hd__xnor2_1)
                                                         _09640_ (net)
                      0.085626    0.000028   66.164909 v _19528_/A (sky130_fd_sc_hd__or4_1)
     1    0.002891    0.084927    0.524558   66.689468 v _19528_/X (sky130_fd_sc_hd__or4_1)
                                                         _09658_ (net)
                      0.084927    0.000014   66.689484 v _19529_/B1 (sky130_fd_sc_hd__a211o_1)
     3    0.006627    0.067630    0.299011   66.988495 v _19529_/X (sky130_fd_sc_hd__a211o_1)
                                                         _09659_ (net)
                      0.067630    0.000014   66.988510 v _19562_/A1 (sky130_fd_sc_hd__a2111o_1)
     4    0.012923    0.107611    0.425061   67.413567 v _19562_/X (sky130_fd_sc_hd__a2111o_1)
                                                         _09692_ (net)
                      0.107611    0.000192   67.413757 v _19596_/A1 (sky130_fd_sc_hd__a2111o_1)
     3    0.008488    0.089286    0.417266   67.831024 v _19596_/X (sky130_fd_sc_hd__a2111o_1)
                                                         _09726_ (net)
                      0.089286    0.000043   67.831070 v _19631_/A1 (sky130_fd_sc_hd__a21bo_1)
     3    0.007894    0.056795    0.203784   68.034851 v _19631_/X (sky130_fd_sc_hd__a21bo_1)
                                                         _09761_ (net)
                      0.056795    0.000028   68.034882 v _19642_/A1 (sky130_fd_sc_hd__a21o_1)
     2    0.003624    0.038056    0.159240   68.194122 v _19642_/X (sky130_fd_sc_hd__a21o_1)
                                                         _09772_ (net)
                      0.038056    0.000007   68.194130 v fanout352/A (sky130_fd_sc_hd__buf_2)
    10    0.028983    0.078082    0.167560   68.361687 v fanout352/X (sky130_fd_sc_hd__buf_2)
                                                         net352 (net)
                      0.078082    0.000306   68.361992 v _19690_/A1 (sky130_fd_sc_hd__a211o_1)
     3    0.007040    0.067755    0.287415   68.649406 v _19690_/X (sky130_fd_sc_hd__a211o_1)
                                                         _09820_ (net)
                      0.067755    0.000036   68.649445 v _19692_/C (sky130_fd_sc_hd__and3_1)
     3    0.005825    0.051404    0.199293   68.848740 v _19692_/X (sky130_fd_sc_hd__and3_1)
                                                         _09822_ (net)
                      0.051404    0.000007   68.848747 v _19701_/B (sky130_fd_sc_hd__or4_1)
     2    0.004261    0.095240    0.511250   69.359993 v _19701_/X (sky130_fd_sc_hd__or4_1)
                                                         _09831_ (net)
                      0.095240    0.000007   69.360001 v _19719_/C (sky130_fd_sc_hd__or4_4)
     5    0.072586    0.181828    0.638337   69.998337 v _19719_/X (sky130_fd_sc_hd__or4_4)
                                                         _09849_ (net)
                      0.181828    0.000121   69.998459 v _19723_/B1 (sky130_fd_sc_hd__o2111ai_4)
     5    0.015492    0.225042    0.180208   70.178665 ^ _19723_/Y (sky130_fd_sc_hd__o2111ai_4)
                                                         _09853_ (net)
                      0.225042    0.000071   70.178741 ^ _19783_/A (sky130_fd_sc_hd__nand3_2)
     5    0.018572    0.141712    0.165166   70.343903 v _19783_/Y (sky130_fd_sc_hd__nand3_2)
                                                         _09913_ (net)
                      0.141712    0.000199   70.344101 v _19852_/A1 (sky130_fd_sc_hd__a2111o_2)
     7    0.018806    0.104808    0.510056   70.854156 v _19852_/X (sky130_fd_sc_hd__a2111o_2)
                                                         _09982_ (net)
                      0.104808    0.000128   70.854286 v _19881_/A (sky130_fd_sc_hd__nand2_1)
     4    0.015413    0.150531    0.158934   71.013222 ^ _19881_/Y (sky130_fd_sc_hd__nand2_1)
                                                         _10011_ (net)
                      0.150531    0.000007   71.013229 ^ fanout347/A (sky130_fd_sc_hd__clkbuf_4)
    10    0.042721    0.136231    0.240938   71.254166 ^ fanout347/X (sky130_fd_sc_hd__clkbuf_4)
                                                         net347 (net)
                      0.136231    0.000185   71.254349 ^ _19942_/S (sky130_fd_sc_hd__mux2_2)
     4    0.015922    0.081089    0.396390   71.650742 v _19942_/X (sky130_fd_sc_hd__mux2_2)
                                                         _10072_ (net)
                      0.081089    0.000114   71.650856 v _19943_/B (sky130_fd_sc_hd__xnor2_2)
     4    0.011917    0.080621    0.165443   71.816299 v _19943_/Y (sky130_fd_sc_hd__xnor2_2)
                                                         _10073_ (net)
                      0.080621    0.000043   71.816338 v _19954_/B (sky130_fd_sc_hd__or4_1)
     2    0.006706    0.111813    0.542677   72.359016 v _19954_/X (sky130_fd_sc_hd__or4_1)
                                                         _10084_ (net)
                      0.111813    0.000014   72.359032 v _19958_/A3 (sky130_fd_sc_hd__o31a_1)
     2    0.013537    0.095080    0.311395   72.670425 v _19958_/X (sky130_fd_sc_hd__o31a_1)
                                                         _10088_ (net)
                      0.095080    0.000036   72.670464 v _20023_/A1 (sky130_fd_sc_hd__o2111ai_4)
     6    0.023035    0.268922    0.291962   72.962425 ^ _20023_/Y (sky130_fd_sc_hd__o2111ai_4)
                                                         _10153_ (net)
                      0.268922    0.000362   72.962784 ^ _20056_/B (sky130_fd_sc_hd__nand3_2)
     6    0.013999    0.123453    0.164597   73.127380 v _20056_/Y (sky130_fd_sc_hd__nand3_2)
                                                         _10186_ (net)
                      0.123453    0.000014   73.127396 v _20091_/A (sky130_fd_sc_hd__nand2_1)
     1    0.002538    0.050592    0.083503   73.210899 ^ _20091_/Y (sky130_fd_sc_hd__nand2_1)
                                                         _10221_ (net)
                      0.050592    0.000007   73.210907 ^ fanout343/A (sky130_fd_sc_hd__clkbuf_2)
     6    0.023887    0.134853    0.171248   73.382156 ^ fanout343/X (sky130_fd_sc_hd__clkbuf_2)
                                                         net343 (net)
                      0.134853    0.000185   73.382339 ^ fanout341/A (sky130_fd_sc_hd__clkbuf_4)
    10    0.040394    0.129652    0.230834   73.613174 ^ fanout341/X (sky130_fd_sc_hd__clkbuf_4)
                                                         net341 (net)
                      0.129652    0.000348   73.613525 ^ _20204_/S (sky130_fd_sc_hd__mux2_1)
     3    0.005483    0.070668    0.350681   73.964203 v _20204_/X (sky130_fd_sc_hd__mux2_1)
                                                         _10339_ (net)
                      0.070668    0.000000   73.964203 v _20206_/B (sky130_fd_sc_hd__or2_1)
     1    0.002152    0.045379    0.205581   74.169785 v _20206_/X (sky130_fd_sc_hd__or2_1)
                                                         _10341_ (net)
                      0.045379    0.000007   74.169792 v _20207_/B (sky130_fd_sc_hd__and2_1)
     5    0.012096    0.075151    0.190582   74.360374 v _20207_/X (sky130_fd_sc_hd__and2_1)
                                                         _10342_ (net)
                      0.075151    0.000014   74.360390 v _20208_/C (sky130_fd_sc_hd__and3_1)
     2    0.004332    0.044932    0.195350   74.555740 v _20208_/X (sky130_fd_sc_hd__and3_1)
                                                         _10343_ (net)
                      0.044932    0.000007   74.555748 v _20209_/D (sky130_fd_sc_hd__and4bb_1)
     1    0.004441    0.049220    0.203954   74.759697 v _20209_/X (sky130_fd_sc_hd__and4bb_1)
                                                         _10344_ (net)
                      0.049220    0.000007   74.759705 v _20217_/A2 (sky130_fd_sc_hd__a221o_4)
     8    0.030623    0.094121    0.478444   75.238152 v _20217_/X (sky130_fd_sc_hd__a221o_4)
                                                         _10353_ (net)
                      0.094121    0.000476   75.238625 v _20303_/A1 (sky130_fd_sc_hd__a21o_1)
     2    0.005873    0.045987    0.184862   75.423485 v _20303_/X (sky130_fd_sc_hd__a21o_1)
                                                         _10448_ (net)
                      0.045987    0.000007   75.423492 v fanout339/A (sky130_fd_sc_hd__clkbuf_4)
    10    0.041376    0.092140    0.194255   75.617752 v fanout339/X (sky130_fd_sc_hd__clkbuf_4)
                                                         net339 (net)
                      0.092140    0.000185   75.617935 v fanout338/A (sky130_fd_sc_hd__clkbuf_4)
    10    0.037467    0.085076    0.208928   75.826866 v fanout338/X (sky130_fd_sc_hd__clkbuf_4)
                                                         net338 (net)
                      0.085077    0.000497   75.827362 v _20359_/S (sky130_fd_sc_hd__mux2_1)
     3    0.005805    0.072236    0.339895   76.167259 v _20359_/X (sky130_fd_sc_hd__mux2_1)
                                                         _10509_ (net)
                      0.072236    0.000014   76.167267 v _20361_/B (sky130_fd_sc_hd__and2_1)
     2    0.004254    0.042427    0.169813   76.337082 v _20361_/X (sky130_fd_sc_hd__and2_1)
                                                         _10512_ (net)
                      0.042427    0.000007   76.337090 v _20362_/B (sky130_fd_sc_hd__nor2_1)
     2    0.006548    0.140822    0.127194   76.464287 ^ _20362_/Y (sky130_fd_sc_hd__nor2_1)
                                                         _10513_ (net)
                      0.140822    0.000007   76.464294 ^ _20363_/C_N (sky130_fd_sc_hd__or3b_1)
     1    0.002306    0.063725    0.350894   76.815186 v _20363_/X (sky130_fd_sc_hd__or3b_1)
                                                         _10514_ (net)
                      0.063725    0.000007   76.815193 v _20364_/D (sky130_fd_sc_hd__or4_2)
     5    0.012132    0.136842    0.601240   77.416435 v _20364_/X (sky130_fd_sc_hd__or4_2)
                                                         _10515_ (net)
                      0.136842    0.000064   77.416496 v _20427_/A1 (sky130_fd_sc_hd__a2111o_2)
     5    0.016231    0.098952    0.500506   77.917000 v _20427_/X (sky130_fd_sc_hd__a2111o_2)
                                                         _10584_ (net)
                      0.098952    0.000156   77.917160 v _20485_/A1 (sky130_fd_sc_hd__a2111o_4)
     9    0.027021    0.100530    0.516138   78.433296 v _20485_/X (sky130_fd_sc_hd__a2111o_4)
                                                         _10648_ (net)
                      0.100530    0.000213   78.433510 v _20524_/A (sky130_fd_sc_hd__nand2_1)
     2    0.007306    0.082353    0.106482   78.539993 ^ _20524_/Y (sky130_fd_sc_hd__nand2_1)
                                                         _10691_ (net)
                      0.082353    0.000028   78.540024 ^ fanout332/A (sky130_fd_sc_hd__clkbuf_4)
    10    0.044847    0.141961    0.220709   78.760727 ^ fanout332/X (sky130_fd_sc_hd__clkbuf_4)
                                                         net332 (net)
                      0.141962    0.000682   78.761414 ^ _20574_/S (sky130_fd_sc_hd__mux2_1)
     3    0.012073    0.097540    0.390763   79.152176 v _20574_/X (sky130_fd_sc_hd__mux2_1)
                                                         _10746_ (net)
                      0.097540    0.000192   79.152367 v _20577_/B (sky130_fd_sc_hd__xnor2_1)
     4    0.009184    0.095966    0.175859   79.328224 v _20577_/Y (sky130_fd_sc_hd__xnor2_1)
                                                         _10749_ (net)
                      0.095966    0.000007   79.328232 v _20594_/C (sky130_fd_sc_hd__or4_1)
     2    0.005868    0.102274    0.505978   79.834213 v _20594_/X (sky130_fd_sc_hd__or4_1)
                                                         _10768_ (net)
                      0.102274    0.000043   79.834251 v _20595_/D (sky130_fd_sc_hd__or4_1)
     2    0.004175    0.094553    0.423491   80.257744 v _20595_/X (sky130_fd_sc_hd__or4_1)
                                                         _10769_ (net)
                      0.094553    0.000007   80.257751 v _20675_/A1 (sky130_fd_sc_hd__o221a_1)
     3    0.007025    0.069348    0.295877   80.553627 v _20675_/X (sky130_fd_sc_hd__o221a_1)
                                                         _10857_ (net)
                      0.069348    0.000021   80.553650 v _20704_/A2 (sky130_fd_sc_hd__a211o_2)
    10    0.029812    0.113424    0.419554   80.973206 v _20704_/X (sky130_fd_sc_hd__a211o_2)
                                                         _10889_ (net)
                      0.113424    0.000156   80.973358 v _20765_/A (sky130_fd_sc_hd__nand2_1)
     1    0.003051    0.051771    0.083936   81.057297 ^ _20765_/Y (sky130_fd_sc_hd__nand2_1)
                                                         _10956_ (net)
                      0.051771    0.000014   81.057312 ^ fanout330/A (sky130_fd_sc_hd__clkbuf_4)
    10    0.043473    0.138025    0.206462   81.263771 ^ fanout330/X (sky130_fd_sc_hd__clkbuf_4)
                                                         net330 (net)
                      0.138025    0.000085   81.263855 ^ fanout329/A (sky130_fd_sc_hd__clkbuf_4)
    10    0.042341    0.135112    0.235900   81.499756 ^ fanout329/X (sky130_fd_sc_hd__clkbuf_4)
                                                         net329 (net)
                      0.135112    0.000412   81.500168 ^ fanout328/A (sky130_fd_sc_hd__clkbuf_4)
    10    0.043244    0.137569    0.236923   81.737091 ^ fanout328/X (sky130_fd_sc_hd__clkbuf_4)
                                                         net328 (net)
                      0.137569    0.000057   81.737152 ^ _20912_/S (sky130_fd_sc_hd__mux2_1)
     4    0.012705    0.100264    0.393094   82.130241 v _20912_/X (sky130_fd_sc_hd__mux2_1)
                                                         _11117_ (net)
                      0.100264    0.000149   82.130394 v _20915_/B (sky130_fd_sc_hd__xnor2_1)
     3    0.006812    0.074827    0.164079   82.294472 v _20915_/Y (sky130_fd_sc_hd__xnor2_1)
                                                         _11120_ (net)
                      0.074827    0.000021   82.294495 v _20923_/C (sky130_fd_sc_hd__or4_1)
     2    0.004985    0.100088    0.491369   82.785866 v _20923_/X (sky130_fd_sc_hd__or4_1)
                                                         _11129_ (net)
                      0.100088    0.000021   82.785881 v _20956_/A (sky130_fd_sc_hd__or3_1)
     2    0.006899    0.090442    0.412676   83.198563 v _20956_/X (sky130_fd_sc_hd__or3_1)
                                                         _11165_ (net)
                      0.090442    0.000021   83.198578 v _20966_/A3 (sky130_fd_sc_hd__o31ai_2)
     2    0.009790    0.275172    0.268201   83.466782 ^ _20966_/Y (sky130_fd_sc_hd__o31ai_2)
                                                         _11176_ (net)
                      0.275172    0.000142   83.466927 ^ wire327/A (sky130_fd_sc_hd__buf_2)
     5    0.027124    0.137924    0.244675   83.711601 ^ wire327/X (sky130_fd_sc_hd__buf_2)
                                                         net327 (net)
                      0.137924    0.000135   83.711739 ^ _20973_/A1 (sky130_fd_sc_hd__a21o_1)
     4    0.015955    0.144045    0.205894   83.917625 ^ _20973_/X (sky130_fd_sc_hd__a21o_1)
                                                         _11184_ (net)
                      0.144045    0.000043   83.917671 ^ fanout326/A (sky130_fd_sc_hd__buf_4)
    10    0.049679    0.142744    0.219401   84.137070 ^ fanout326/X (sky130_fd_sc_hd__buf_4)
                                                         net326 (net)
                      0.142745    0.000725   84.137794 ^ _21010_/S (sky130_fd_sc_hd__mux2_1)
     3    0.006329    0.074784    0.358220   84.496017 v _21010_/X (sky130_fd_sc_hd__mux2_1)
                                                         _11224_ (net)
                      0.074784    0.000014   84.496033 v _21011_/B (sky130_fd_sc_hd__nor2_1)
     3    0.007575    0.158254    0.151545   84.647575 ^ _21011_/Y (sky130_fd_sc_hd__nor2_1)
                                                         _11226_ (net)
                      0.158254    0.000021   84.647598 ^ _21013_/A (sky130_fd_sc_hd__nor2_1)
     3    0.006863    0.059089    0.089024   84.736626 v _21013_/Y (sky130_fd_sc_hd__nor2_1)
                                                         _11228_ (net)
                      0.059089    0.000021   84.736641 v _21014_/B (sky130_fd_sc_hd__and2_1)
     2    0.005113    0.046088    0.167667   84.904312 v _21014_/X (sky130_fd_sc_hd__and2_1)
                                                         _11229_ (net)
                      0.046088    0.000007   84.904320 v _21029_/A1 (sky130_fd_sc_hd__a31o_1)
     1    0.002469    0.036370    0.166530   85.070847 v _21029_/X (sky130_fd_sc_hd__a31o_1)
                                                         _11244_ (net)
                      0.036370    0.000000   85.070847 v _21030_/B1 (sky130_fd_sc_hd__a41o_1)
     4    0.015029    0.090740    0.251994   85.322838 v _21030_/X (sky130_fd_sc_hd__a41o_1)
                                                         _11245_ (net)
                      0.090740    0.000220   85.323059 v _21062_/A1 (sky130_fd_sc_hd__a221o_2)
     5    0.021685    0.100883    0.429708   85.752769 v _21062_/X (sky130_fd_sc_hd__a221o_2)
                                                         _11280_ (net)
                      0.100883    0.000121   85.752892 v _21132_/A1 (sky130_fd_sc_hd__a41o_2)
     5    0.028513    0.098993    0.298463   86.051353 v _21132_/X (sky130_fd_sc_hd__a41o_2)
                                                         _11356_ (net)
                      0.098996    0.000696   86.052048 v _21197_/A1 (sky130_fd_sc_hd__a21o_1)
     1    0.001873    0.029793    0.166217   86.218269 v _21197_/X (sky130_fd_sc_hd__a21o_1)
                                                         _11426_ (net)
                      0.029793    0.000000   86.218269 v fanout323/A (sky130_fd_sc_hd__buf_2)
     6    0.025774    0.071296    0.158039   86.376305 v fanout323/X (sky130_fd_sc_hd__buf_2)
                                                         net323 (net)
                      0.071296    0.000007   86.376312 v fanout322/A (sky130_fd_sc_hd__buf_4)
    10    0.049169    0.075870    0.196323   86.572639 v fanout322/X (sky130_fd_sc_hd__buf_4)
                                                         net322 (net)
                      0.075871    0.000369   86.573006 v _21271_/S (sky130_fd_sc_hd__mux2_1)
     4    0.012927    0.101168    0.376509   86.949516 v _21271_/X (sky130_fd_sc_hd__mux2_1)
                                                         _11507_ (net)
                      0.101168    0.000043   86.949554 v _21286_/A2 (sky130_fd_sc_hd__a22o_1)
     2    0.004462    0.049543    0.254971   87.204529 v _21286_/X (sky130_fd_sc_hd__a22o_1)
                                                         _11523_ (net)
                      0.049543    0.000007   87.204536 v _21287_/D (sky130_fd_sc_hd__and4bb_1)
     1    0.002724    0.041277    0.195705   87.400238 v _21287_/X (sky130_fd_sc_hd__and4bb_1)
                                                         _11524_ (net)
                      0.041277    0.000007   87.400246 v _21289_/B1 (sky130_fd_sc_hd__a211o_1)
     3    0.011604    0.086433    0.309811   87.710060 v _21289_/X (sky130_fd_sc_hd__a211o_1)
                                                         _11526_ (net)
                      0.086433    0.000078   87.710136 v _21319_/A1 (sky130_fd_sc_hd__a221o_2)
     4    0.014651    0.084344    0.408107   88.118240 v _21319_/X (sky130_fd_sc_hd__a221o_2)
                                                         _11558_ (net)
                      0.084344    0.000185   88.118431 v _21349_/B2 (sky130_fd_sc_hd__a221o_2)
     6    0.023036    0.104372    0.438057   88.556488 v _21349_/X (sky130_fd_sc_hd__a221o_2)
                                                         _11591_ (net)
                      0.104372    0.000284   88.556770 v _21412_/A1 (sky130_fd_sc_hd__a21o_1)
     3    0.008215    0.056566    0.199748   88.756516 v _21412_/X (sky130_fd_sc_hd__a21o_1)
                                                         _11660_ (net)
                      0.056566    0.000028   88.756546 v _21417_/A2 (sky130_fd_sc_hd__a31o_1)
     1    0.002233    0.035207    0.198916   88.955460 v _21417_/X (sky130_fd_sc_hd__a31o_1)
                                                         _11665_ (net)
                      0.035207    0.000007   88.955467 v fanout318/A (sky130_fd_sc_hd__buf_2)
     6    0.027434    0.074840    0.163368   89.118835 v fanout318/X (sky130_fd_sc_hd__buf_2)
                                                         net318 (net)
                      0.074840    0.000249   89.119087 v fanout315/A (sky130_fd_sc_hd__clkbuf_4)
    10    0.038224    0.086430    0.202320   89.321404 v fanout315/X (sky130_fd_sc_hd__clkbuf_4)
                                                         net315 (net)
                      0.086430    0.000107   89.321510 v _21471_/S (sky130_fd_sc_hd__mux2_1)
     3    0.009719    0.087744    0.365389   89.686905 v _21471_/X (sky130_fd_sc_hd__mux2_1)
                                                         _11724_ (net)
                      0.087744    0.000078   89.686981 v _21473_/B (sky130_fd_sc_hd__and2_1)
     1    0.001678    0.031048    0.162856   89.849838 v _21473_/X (sky130_fd_sc_hd__and2_1)
                                                         _11726_ (net)
                      0.031048    0.000000   89.849838 v _21474_/B (sky130_fd_sc_hd__or2_1)
     4    0.008478    0.076548    0.231793   90.081627 v _21474_/X (sky130_fd_sc_hd__or2_1)
                                                         _11727_ (net)
                      0.076548    0.000007   90.081635 v _21475_/D (sky130_fd_sc_hd__or4_1)
     3    0.008146    0.118615    0.452125   90.533760 v _21475_/X (sky130_fd_sc_hd__or4_1)
                                                         _11728_ (net)
                      0.118615    0.000050   90.533813 v _21476_/D (sky130_fd_sc_hd__nor4_1)
     2    0.005812    0.330735    0.267704   90.801514 ^ _21476_/Y (sky130_fd_sc_hd__nor4_1)
                                                         _11729_ (net)
                      0.330735    0.000021   90.801537 ^ max_cap313/A (sky130_fd_sc_hd__buf_1)
     1    0.009201    0.119602    0.179469   90.981010 ^ max_cap313/X (sky130_fd_sc_hd__buf_1)
                                                         net313 (net)
                      0.119602    0.000014   90.981018 ^ _21638_/A1 (sky130_fd_sc_hd__a21oi_4)
     7    0.024116    0.084630    0.096030   91.077049 v _21638_/Y (sky130_fd_sc_hd__a21oi_4)
                                                         _11902_ (net)
                      0.084630    0.000021   91.077072 v _21668_/C (sky130_fd_sc_hd__or4b_2)
     5    0.016714    0.149940    0.697625   91.774696 v _21668_/X (sky130_fd_sc_hd__or4b_2)
                                                         _11935_ (net)
                      0.149940    0.000483   91.775177 v _21674_/C (sky130_fd_sc_hd__or4b_2)
     4    0.010726    0.130630    0.689418   92.464600 v _21674_/X (sky130_fd_sc_hd__or4b_2)
                                                         _11942_ (net)
                      0.130630    0.000050   92.464645 v _21687_/A3 (sky130_fd_sc_hd__o41a_1)
     1    0.002547    0.059980    0.386315   92.850960 v _21687_/X (sky130_fd_sc_hd__o41a_1)
                                                         _11956_ (net)
                      0.059980    0.000007   92.850967 v _21689_/B1 (sky130_fd_sc_hd__a211o_1)
     3    0.009557    0.078456    0.307324   93.158295 v _21689_/X (sky130_fd_sc_hd__a211o_1)
                                                         _11958_ (net)
                      0.078456    0.000050   93.158340 v _21698_/B_N (sky130_fd_sc_hd__and4bb_1)
     3    0.005203    0.080801    0.289980   93.448326 ^ _21698_/X (sky130_fd_sc_hd__and4bb_1)
                                                         _11968_ (net)
                      0.080801    0.000007   93.448334 ^ _21715_/A (sky130_fd_sc_hd__and3_2)
     5    0.019511    0.115947    0.236867   93.685196 ^ _21715_/X (sky130_fd_sc_hd__and3_2)
                                                         _11987_ (net)
                      0.115947    0.000334   93.685532 ^ _21745_/A (sky130_fd_sc_hd__nand3_4)
     8    0.026965    0.110567    0.122128   93.807663 v _21745_/Y (sky130_fd_sc_hd__nand3_4)
                                                         _12020_ (net)
                      0.110581    0.000959   93.808617 v _21946_/A (sky130_fd_sc_hd__or4_1)
     3    0.005919    0.106404    0.562629   94.371246 v _21946_/X (sky130_fd_sc_hd__or4_1)
                                                         _12241_ (net)
                      0.106404    0.000000   94.371246 v _21952_/B (sky130_fd_sc_hd__and3_1)
     2    0.004715    0.044946    0.196017   94.567268 v _21952_/X (sky130_fd_sc_hd__and3_1)
                                                         _12248_ (net)
                      0.044946    0.000021   94.567284 v _21961_/B (sky130_fd_sc_hd__or4b_1)
     3    0.007407    0.112387    0.538158   95.105446 v _21961_/X (sky130_fd_sc_hd__or4b_1)
                                                         _12258_ (net)
                      0.112387    0.000057   95.105499 v _21976_/A (sky130_fd_sc_hd__or4_1)
     3    0.009016    0.127479    0.591676   95.697174 v _21976_/X (sky130_fd_sc_hd__or4_1)
                                                         _12274_ (net)
                      0.127479    0.000021   95.697197 v _22001_/A1 (sky130_fd_sc_hd__a2111o_1)
     4    0.012435    0.105193    0.445738   96.142937 v _22001_/X (sky130_fd_sc_hd__a2111o_1)
                                                         _12302_ (net)
                      0.105193    0.000043   96.142982 v _22061_/A1 (sky130_fd_sc_hd__a2111o_4)
     7    0.026877    0.100418    0.517844   96.660820 v _22061_/X (sky130_fd_sc_hd__a2111o_4)
                                                         _12368_ (net)
                      0.100419    0.000568   96.661392 v _22173_/A1 (sky130_fd_sc_hd__o21ba_1)
     2    0.005714    0.048219    0.213142   96.874535 v _22173_/X (sky130_fd_sc_hd__o21ba_1)
                                                         _12491_ (net)
                      0.048219    0.000028   96.874557 v fanout296/A (sky130_fd_sc_hd__buf_2)
    10    0.027482    0.074955    0.168917   97.043480 v fanout296/X (sky130_fd_sc_hd__buf_2)
                                                         net296 (net)
                      0.074961    0.000682   97.044159 v _22192_/A (sky130_fd_sc_hd__nand2_1)
     1    0.002730    0.045969    0.065512   97.109673 ^ _22192_/Y (sky130_fd_sc_hd__nand2_1)
                                                         _12512_ (net)
                      0.045969    0.000014   97.109688 ^ fanout294/A (sky130_fd_sc_hd__buf_2)
     9    0.032981    0.164127    0.194355   97.304039 ^ fanout294/X (sky130_fd_sc_hd__buf_2)
                                                         net294 (net)
                      0.164127    0.000007   97.304047 ^ fanout293/A (sky130_fd_sc_hd__clkbuf_4)
    10    0.048158    0.151411    0.256883   97.560928 ^ fanout293/X (sky130_fd_sc_hd__clkbuf_4)
                                                         net293 (net)
                      0.151411    0.000291   97.561226 ^ _22207_/S (sky130_fd_sc_hd__mux2_1)
     4    0.013324    0.102919    0.398018   97.959236 v _22207_/X (sky130_fd_sc_hd__mux2_1)
                                                         _12528_ (net)
                      0.102919    0.000078   97.959320 v _22210_/B (sky130_fd_sc_hd__xnor2_1)
     3    0.009258    0.098490    0.178630   98.137947 v _22210_/Y (sky130_fd_sc_hd__xnor2_1)
                                                         _12531_ (net)
                      0.098490    0.000021   98.137970 v _22225_/A (sky130_fd_sc_hd__or3b_1)
     3    0.008015    0.097576    0.425111   98.563080 v _22225_/X (sky130_fd_sc_hd__or3b_1)
                                                         _12548_ (net)
                      0.097576    0.000007   98.563087 v _22258_/A2 (sky130_fd_sc_hd__o311a_2)
     5    0.021759    0.100020    0.452985   99.016075 v _22258_/X (sky130_fd_sc_hd__o311a_2)
                                                         _12584_ (net)
                      0.100020    0.000369   99.016441 v _22310_/A1 (sky130_fd_sc_hd__o211a_1)
     1    0.003154    0.040534    0.238764   99.255203 v _22310_/X (sky130_fd_sc_hd__o211a_1)
                                                         _12641_ (net)
                      0.040534    0.000014   99.255219 v fanout289/A (sky130_fd_sc_hd__clkbuf_2)
     5    0.018364    0.076035    0.142911   99.398132 v fanout289/X (sky130_fd_sc_hd__clkbuf_2)
                                                         net289 (net)
                      0.076035    0.000036   99.398170 v fanout288/A (sky130_fd_sc_hd__buf_2)
    10    0.033679    0.088256    0.192848   99.591019 v fanout288/X (sky130_fd_sc_hd__buf_2)
                                                         net288 (net)
                      0.088256    0.000156   99.591171 v _22432_/A (sky130_fd_sc_hd__nand2_1)
     2    0.006730    0.077472    0.097380   99.688553 ^ _22432_/Y (sky130_fd_sc_hd__nand2_1)
                                                         _12776_ (net)
                      0.077472    0.000014   99.688568 ^ fanout285/A (sky130_fd_sc_hd__dlymetal6s2s_1)
     5    0.018261    0.198686    0.209241   99.897804 ^ fanout285/X (sky130_fd_sc_hd__dlymetal6s2s_1)
                                                         net285 (net)
                      0.198686    0.000057   99.897865 ^ _22625_/S (sky130_fd_sc_hd__mux2_1)
     4    0.012050    0.100733    0.398991  100.296852 v _22625_/X (sky130_fd_sc_hd__mux2_1)
                                                         _12988_ (net)
                      0.100733    0.000028  100.296883 v _22626_/B (sky130_fd_sc_hd__xnor2_1)
     3    0.005704    0.070494    0.158160  100.455040 v _22626_/Y (sky130_fd_sc_hd__xnor2_1)
                                                         _12989_ (net)
                      0.070494    0.000007  100.455048 v _22627_/B (sky130_fd_sc_hd__or2_1)
     1    0.002485    0.045987    0.208146  100.663193 v _22627_/X (sky130_fd_sc_hd__or2_1)
                                                         _12990_ (net)
                      0.045987    0.000014  100.663208 v _22628_/D (sky130_fd_sc_hd__or4_2)
     4    0.016923    0.149794    0.617902  101.281113 v _22628_/X (sky130_fd_sc_hd__or4_2)
                                                         _12991_ (net)
                      0.149794    0.000121  101.281235 v _22629_/D (sky130_fd_sc_hd__or4_2)
     2    0.010620    0.134660    0.617696  101.898926 v _22629_/X (sky130_fd_sc_hd__or4_2)
                                                         _12992_ (net)
                      0.134660    0.000014  101.898941 v _22643_/A2 (sky130_fd_sc_hd__o221a_1)
     1    0.004208    0.052733    0.278597  102.177544 v _22643_/X (sky130_fd_sc_hd__o221a_1)
                                                         _13008_ (net)
                      0.052733    0.000043  102.177582 v fanout281/A (sky130_fd_sc_hd__clkbuf_2)
     7    0.022847    0.091925    0.160348  102.337929 v fanout281/X (sky130_fd_sc_hd__clkbuf_2)
                                                         net281 (net)
                      0.091928    0.000618  102.338547 v fanout280/A (sky130_fd_sc_hd__buf_2)
    10    0.029427    0.078965    0.192514  102.531067 v fanout280/X (sky130_fd_sc_hd__buf_2)
                                                         net280 (net)
                      0.078965    0.000341  102.531403 v _22851_/B1 (sky130_fd_sc_hd__a2bb2o_1)
     3    0.006623    0.070552    0.307708  102.839111 v _22851_/X (sky130_fd_sc_hd__a2bb2o_1)
                                                         _13237_ (net)
                      0.070552    0.000014  102.839127 v _22853_/C (sky130_fd_sc_hd__and3_1)
     5    0.011756    0.074098    0.226521  103.065651 v _22853_/X (sky130_fd_sc_hd__and3_1)
                                                         _13239_ (net)
                      0.074098    0.000021  103.065666 v _22865_/A (sky130_fd_sc_hd__or4_1)
     1    0.002603    0.082442    0.517076  103.582748 v _22865_/X (sky130_fd_sc_hd__or4_1)
                                                         _13252_ (net)
                      0.082442    0.000007  103.582756 v _22866_/D1 (sky130_fd_sc_hd__a2111o_1)
     3    0.006729    0.079257    0.318892  103.901642 v _22866_/X (sky130_fd_sc_hd__a2111o_1)
                                                         _13253_ (net)
                      0.079257    0.000043  103.901688 v _22870_/B (sky130_fd_sc_hd__and3_1)
     4    0.010153    0.067528    0.208885  104.110573 v _22870_/X (sky130_fd_sc_hd__and3_1)
                                                         _13257_ (net)
                      0.067528    0.000128  104.110703 v _22897_/B (sky130_fd_sc_hd__or3_1)
     3    0.009130    0.099834    0.395467  104.506165 v _22897_/X (sky130_fd_sc_hd__or3_1)
                                                         _13287_ (net)
                      0.099834    0.000092  104.506256 v _22929_/A1 (sky130_fd_sc_hd__a21o_1)
     4    0.011239    0.067357    0.209859  104.716118 v _22929_/X (sky130_fd_sc_hd__a21o_1)
                                                         _13322_ (net)
                      0.067357    0.000107  104.716225 v _22958_/A1 (sky130_fd_sc_hd__a21oi_1)
     1    0.003646    0.119644    0.138236  104.854462 ^ _22958_/Y (sky130_fd_sc_hd__a21oi_1)
                                                         _13354_ (net)
                      0.119644    0.000028  104.854492 ^ fanout271/A (sky130_fd_sc_hd__buf_2)
    10    0.033105    0.165045    0.222094  105.076584 ^ fanout271/X (sky130_fd_sc_hd__buf_2)
                                                         net271 (net)
                      0.165045    0.000249  105.076836 ^ _23358_/A (sky130_fd_sc_hd__or4b_4)
     9    0.030166    0.099028    0.211742  105.288574 ^ _23358_/X (sky130_fd_sc_hd__or4b_4)
                                                         _13794_ (net)
                      0.099040    0.001158  105.289734 ^ _23362_/C (sky130_fd_sc_hd__nor4_1)
     2    0.005806    0.061629    0.071708  105.361443 v _23362_/Y (sky130_fd_sc_hd__nor4_1)
                                                         _13799_ (net)
                      0.061629    0.000014  105.361458 v wire258/A (sky130_fd_sc_hd__clkbuf_1)
     3    0.005881    0.043811    0.109338  105.470795 v wire258/X (sky130_fd_sc_hd__clkbuf_1)
                                                         net258 (net)
                      0.043811    0.000007  105.470802 v _23364_/C (sky130_fd_sc_hd__and3_1)
     3    0.005610    0.050438    0.187541  105.658340 v _23364_/X (sky130_fd_sc_hd__and3_1)
                                                         _13801_ (net)
                      0.050438    0.000007  105.658348 v _23386_/A (sky130_fd_sc_hd__or4b_1)
     2    0.004430    0.096765    0.529106  106.187454 v _23386_/X (sky130_fd_sc_hd__or4b_1)
                                                         _13825_ (net)
                      0.096765    0.000021  106.187477 v _23387_/C (sky130_fd_sc_hd__or3_1)
     3    0.006676    0.089421    0.348955  106.536430 v _23387_/X (sky130_fd_sc_hd__or3_1)
                                                         _13826_ (net)
                      0.089421    0.000021  106.536453 v _23388_/C (sky130_fd_sc_hd__or3_1)
     3    0.008177    0.098017    0.357943  106.894394 v _23388_/X (sky130_fd_sc_hd__or3_1)
                                                         _13827_ (net)
                      0.098017    0.000028  106.894424 v _23395_/A (sky130_fd_sc_hd__or4_2)
     2    0.015093    0.145512    0.746539  107.640961 v _23395_/X (sky130_fd_sc_hd__or4_2)
                                                         _13835_ (net)
                      0.145512    0.000426  107.641388 v _23396_/C1 (sky130_fd_sc_hd__a311o_2)
     4    0.015275    0.085866    0.387566  108.028954 v _23396_/X (sky130_fd_sc_hd__a311o_2)
                                                         _13836_ (net)
                      0.085866    0.000071  108.029022 v fanout256/A (sky130_fd_sc_hd__clkbuf_2)
     8    0.022671    0.091244    0.174921  108.203941 v fanout256/X (sky130_fd_sc_hd__clkbuf_2)
                                                         net256 (net)
                      0.091244    0.000043  108.203987 v _23597_/S (sky130_fd_sc_hd__mux2_2)
     4    0.026371    0.105647    0.360238  108.564224 v _23597_/X (sky130_fd_sc_hd__mux2_2)
                                                         _14057_ (net)
                      0.105647    0.000036  108.564262 v _23599_/A (sky130_fd_sc_hd__or2_1)
     3    0.008937    0.078023    0.279350  108.843613 v _23599_/X (sky130_fd_sc_hd__or2_1)
                                                         _14059_ (net)
                      0.078023    0.000007  108.843620 v _23608_/B (sky130_fd_sc_hd__or4b_1)
     1    0.001476    0.072854    0.485272  109.328888 v _23608_/X (sky130_fd_sc_hd__or4b_1)
                                                         _14069_ (net)
                      0.072854    0.000000  109.328888 v _23609_/D (sky130_fd_sc_hd__or4_2)
     6    0.012884    0.140304    0.607869  109.936760 v _23609_/X (sky130_fd_sc_hd__or4_2)
                                                         _14070_ (net)
                      0.140304    0.000064  109.936821 v _23723_/A (sky130_fd_sc_hd__or4b_1)
     2    0.004344    0.095572    0.556774  110.493599 v _23723_/X (sky130_fd_sc_hd__or4b_1)
                                                         _14196_ (net)
                      0.095572    0.000021  110.493622 v _23725_/C (sky130_fd_sc_hd__or3_1)
     1    0.002648    0.065454    0.315083  110.808701 v _23725_/X (sky130_fd_sc_hd__or3_1)
                                                         _14198_ (net)
                      0.065454    0.000014  110.808716 v fanout249/A (sky130_fd_sc_hd__buf_2)
     8    0.029915    0.080041    0.181295  110.990013 v fanout249/X (sky130_fd_sc_hd__buf_2)
                                                         net249 (net)
                      0.080042    0.000448  110.990456 v fanout247/A (sky130_fd_sc_hd__clkbuf_4)
    10    0.045564    0.099636    0.215842  111.206299 v fanout247/X (sky130_fd_sc_hd__clkbuf_4)
                                                         net247 (net)
                      0.099638    0.000597  111.206894 v _23814_/S (sky130_fd_sc_hd__mux2_1)
     4    0.008928    0.084496    0.365738  111.572632 v _23814_/X (sky130_fd_sc_hd__mux2_1)
                                                         _14296_ (net)
                      0.084496    0.000057  111.572693 v _23816_/B (sky130_fd_sc_hd__or2_1)
     2    0.006860    0.068832    0.241378  111.814072 v _23816_/X (sky130_fd_sc_hd__or2_1)
                                                         _14298_ (net)
                      0.068832    0.000007  111.814079 v _23820_/B1 (sky130_fd_sc_hd__o21a_1)
     2    0.007015    0.055614    0.129070  111.943146 v _23820_/X (sky130_fd_sc_hd__o21a_1)
                                                         _14302_ (net)
                      0.055614    0.000000  111.943146 v _23822_/A2 (sky130_fd_sc_hd__a22o_1)
     2    0.005924    0.054373    0.244455  112.187599 v _23822_/X (sky130_fd_sc_hd__a22o_1)
                                                         _14305_ (net)
                      0.054373    0.000043  112.187645 v _23827_/A2 (sky130_fd_sc_hd__a221o_1)
     1    0.004553    0.062838    0.353445  112.541092 v _23827_/X (sky130_fd_sc_hd__a221o_1)
                                                         _14310_ (net)
                      0.062838    0.000014  112.541107 v _23828_/B1 (sky130_fd_sc_hd__a41o_4)
    10    0.050019    0.097597    0.310742  112.851845 v _23828_/X (sky130_fd_sc_hd__a41o_4)
                                                         _14311_ (net)
                      0.097651    0.002103  112.853951 v _23992_/A1 (sky130_fd_sc_hd__a211o_1)
     1    0.002992    0.049775    0.270212  113.124161 v _23992_/X (sky130_fd_sc_hd__a211o_1)
                                                         _14492_ (net)
                      0.049775    0.000014  113.124176 v fanout244/A (sky130_fd_sc_hd__clkbuf_2)
     5    0.016145    0.068224    0.140801  113.264977 v fanout244/X (sky130_fd_sc_hd__clkbuf_2)
                                                         net244 (net)
                      0.068224    0.000199  113.265175 v fanout242/A (sky130_fd_sc_hd__clkbuf_2)
     5    0.021693    0.087782    0.164299  113.429474 v fanout242/X (sky130_fd_sc_hd__clkbuf_2)
                                                         net242 (net)
                      0.087782    0.000149  113.429626 v fanout241/A (sky130_fd_sc_hd__clkbuf_4)
    10    0.038371    0.086715    0.208310  113.637932 v fanout241/X (sky130_fd_sc_hd__clkbuf_4)
                                                         net241 (net)
                      0.086716    0.000391  113.638329 v _24071_/S (sky130_fd_sc_hd__mux2_1)
     4    0.013909    0.105577    0.384915  114.023239 v _24071_/X (sky130_fd_sc_hd__mux2_1)
                                                         _14579_ (net)
                      0.105577    0.000156  114.023399 v _24093_/B1 (sky130_fd_sc_hd__o2bb2a_1)
     2    0.004166    0.061663    0.315517  114.338913 v _24093_/X (sky130_fd_sc_hd__o2bb2a_1)
                                                         _14603_ (net)
                      0.061663    0.000007  114.338921 v _24094_/B (sky130_fd_sc_hd__or2_1)
     1    0.003468    0.051713    0.212410  114.551331 v _24094_/X (sky130_fd_sc_hd__or2_1)
                                                         _14604_ (net)
                      0.051713    0.000021  114.551353 v _24096_/A3 (sky130_fd_sc_hd__o32a_1)
     3    0.007261    0.074467    0.309207  114.860558 v _24096_/X (sky130_fd_sc_hd__o32a_1)
                                                         _14606_ (net)
                      0.074467    0.000014  114.860573 v _24097_/C (sky130_fd_sc_hd__or3_1)
     3    0.009287    0.100551    0.361069  115.221642 v _24097_/X (sky130_fd_sc_hd__or3_1)
                                                         _14607_ (net)
                      0.100551    0.000099  115.221741 v _24124_/A2 (sky130_fd_sc_hd__a31o_1)
     5    0.015929    0.092574    0.281219  115.502960 v _24124_/X (sky130_fd_sc_hd__a31o_1)
                                                         _14637_ (net)
                      0.092574    0.000242  115.503204 v _24158_/A1 (sky130_fd_sc_hd__a21oi_2)
     3    0.015347    0.206992    0.229846  115.733047 ^ _24158_/Y (sky130_fd_sc_hd__a21oi_2)
                                                         _14674_ (net)
                      0.206992    0.000043  115.733093 ^ fanout239/A (sky130_fd_sc_hd__clkbuf_2)
    10    0.024438    0.138495    0.221895  115.954987 ^ fanout239/X (sky130_fd_sc_hd__clkbuf_2)
                                                         net239 (net)
                      0.138495    0.000270  115.955254 ^ _24242_/A (sky130_fd_sc_hd__nor2_1)
     2    0.008000    0.058735    0.088953  116.044212 v _24242_/Y (sky130_fd_sc_hd__nor2_1)
                                                         _14767_ (net)
                      0.058735    0.000028  116.044235 v fanout237/A (sky130_fd_sc_hd__clkbuf_4)
    10    0.033664    0.078414    0.187896  116.232132 v fanout237/X (sky130_fd_sc_hd__clkbuf_4)
                                                         net237 (net)
                      0.078415    0.000412  116.232544 v _24250_/A2 (sky130_fd_sc_hd__a21oi_1)
     4    0.009229    0.230754    0.240043  116.472588 ^ _24250_/Y (sky130_fd_sc_hd__a21oi_1)
                                                         _14775_ (net)
                      0.230754    0.000028  116.472618 ^ _24252_/C_N (sky130_fd_sc_hd__or3b_1)
     2    0.005260    0.079094    0.390187  116.862801 v _24252_/X (sky130_fd_sc_hd__or3b_1)
                                                         _14778_ (net)
                      0.079094    0.000036  116.862839 v _24274_/A (sky130_fd_sc_hd__or4_1)
     3    0.008737    0.121207    0.578424  117.441261 v _24274_/X (sky130_fd_sc_hd__or4_1)
                                                         _14802_ (net)
                      0.121207    0.000078  117.441345 v _24301_/A1 (sky130_fd_sc_hd__a21o_1)
     4    0.009656    0.061068    0.213035  117.654373 v _24301_/X (sky130_fd_sc_hd__a21o_1)
                                                         _14832_ (net)
                      0.061068    0.000014  117.654388 v _24365_/A1 (sky130_fd_sc_hd__a2111o_2)
     5    0.019415    0.106389    0.481634  118.136024 v _24365_/X (sky130_fd_sc_hd__a2111o_2)
                                                         _14902_ (net)
                      0.106389    0.000171  118.136192 v _24443_/A1 (sky130_fd_sc_hd__a21o_2)
    10    0.027651    0.090367    0.271584  118.407776 v _24443_/X (sky130_fd_sc_hd__a21o_2)
                                                         _14988_ (net)
                      0.090367    0.000199  118.407982 v _24699_/A1 (sky130_fd_sc_hd__a21o_1)
     5    0.017925    0.094784    0.229633  118.637611 v _24699_/X (sky130_fd_sc_hd__a21o_1)
                                                         _00388_ (net)
                      0.094785    0.000476  118.638084 v _24702_/B_N (sky130_fd_sc_hd__and4bb_2)
     6    0.030143    0.192696    0.431001  119.069092 ^ _24702_/X (sky130_fd_sc_hd__and4bb_2)
                                                         _00392_ (net)
                      0.192696    0.000398  119.069489 ^ _24713_/B (sky130_fd_sc_hd__xor2_2)
     6    0.016782    0.237474    0.253124  119.322609 ^ _24713_/X (sky130_fd_sc_hd__xor2_2)
                                                         _00404_ (net)
                      0.237474    0.000043  119.322655 ^ _24769_/B (sky130_fd_sc_hd__nand4_1)
     2    0.005168    0.124494    0.146187  119.468842 v _24769_/Y (sky130_fd_sc_hd__nand4_1)
                                                         _00465_ (net)
                      0.124494    0.000014  119.468857 v _24772_/B (sky130_fd_sc_hd__nor3_1)
     3    0.007182    0.265625    0.277211  119.746063 ^ _24772_/Y (sky130_fd_sc_hd__nor3_1)
                                                         _00469_ (net)
                      0.265625    0.000028  119.746094 ^ _24773_/D_N (sky130_fd_sc_hd__or4b_1)
     2    0.003772    0.091920    0.471346  120.217438 v _24773_/X (sky130_fd_sc_hd__or4b_1)
                                                         _00470_ (net)
                      0.091920    0.000014  120.217453 v _24785_/A (sky130_fd_sc_hd__or3_2)
     5    0.017711    0.121151    0.555133  120.772583 v _24785_/X (sky130_fd_sc_hd__or3_2)
                                                         _00483_ (net)
                      0.121151    0.000242  120.772827 v _24787_/B (sky130_fd_sc_hd__or2_1)
     2    0.007295    0.069011    0.258183  121.031013 v _24787_/X (sky130_fd_sc_hd__or2_1)
                                                         _00485_ (net)
                      0.069011    0.000057  121.031067 v fanout221/A (sky130_fd_sc_hd__clkbuf_2)
    10    0.023748    0.095077    0.170232  121.201302 v fanout221/X (sky130_fd_sc_hd__clkbuf_2)
                                                         net221 (net)
                      0.095077    0.000000  121.201302 v _24811_/C (sky130_fd_sc_hd__or3_1)
     4    0.009920    0.103273    0.371315  121.572617 v _24811_/X (sky130_fd_sc_hd__or3_1)
                                                         _00512_ (net)
                      0.103273    0.000057  121.572670 v _24816_/B (sky130_fd_sc_hd__and3_1)
     3    0.006598    0.054759    0.203812  121.776482 v _24816_/X (sky130_fd_sc_hd__and3_1)
                                                         _00517_ (net)
                      0.054759    0.000014  121.776497 v _24826_/B (sky130_fd_sc_hd__or4_1)
     1    0.002036    0.077666    0.485997  122.262497 v _24826_/X (sky130_fd_sc_hd__or4_1)
                                                         _00528_ (net)
                      0.077666    0.000000  122.262497 v _24827_/D (sky130_fd_sc_hd__or4_1)
     3    0.007276    0.115709    0.444530  122.707024 v _24827_/X (sky130_fd_sc_hd__or4_1)
                                                         _00529_ (net)
                      0.115709    0.000043  122.707069 v _24859_/A (sky130_fd_sc_hd__or3_1)
     2    0.006926    0.090844    0.418126  123.125191 v _24859_/X (sky130_fd_sc_hd__or3_1)
                                                         _00564_ (net)
                      0.090844    0.000014  123.125206 v _24956_/A1 (sky130_fd_sc_hd__o31ai_2)
     3    0.009246    0.274696    0.322132  123.447342 ^ _24956_/Y (sky130_fd_sc_hd__o31ai_2)
                                                         _00671_ (net)
                      0.274696    0.000057  123.447395 ^ max_cap213/A (sky130_fd_sc_hd__clkbuf_2)
     5    0.025164    0.145918    0.242409  123.689804 ^ max_cap213/X (sky130_fd_sc_hd__clkbuf_2)
                                                         net213 (net)
                      0.145918    0.000043  123.689850 ^ _25231_/A1 (sky130_fd_sc_hd__a211o_1)
     1    0.003062    0.042274    0.140943  123.830788 ^ _25231_/X (sky130_fd_sc_hd__a211o_1)
                                                         _00973_ (net)
                      0.042274    0.000014  123.830803 ^ fanout212/A (sky130_fd_sc_hd__clkbuf_2)
     6    0.025374    0.142539    0.173685  124.004494 ^ fanout212/X (sky130_fd_sc_hd__clkbuf_2)
                                                         net212 (net)
                      0.142539    0.000028  124.004517 ^ fanout211/A (sky130_fd_sc_hd__buf_2)
     7    0.027334    0.138241    0.209354  124.213875 ^ fanout211/X (sky130_fd_sc_hd__buf_2)
                                                         net211 (net)
                      0.138241    0.000085  124.213959 ^ fanout210/A (sky130_fd_sc_hd__buf_2)
    10    0.033815    0.168411    0.229718  124.443680 ^ fanout210/X (sky130_fd_sc_hd__buf_2)
                                                         net210 (net)
                      0.168411    0.000014  124.443687 ^ _25273_/S (sky130_fd_sc_hd__mux2_2)
     4    0.016545    0.082520    0.403659  124.847351 v _25273_/X (sky130_fd_sc_hd__mux2_2)
                                                         _01019_ (net)
                      0.082520    0.000355  124.847702 v _25276_/B (sky130_fd_sc_hd__xnor2_1)
     2    0.006415    0.074289    0.154117  125.001823 v _25276_/Y (sky130_fd_sc_hd__xnor2_1)
                                                         _01022_ (net)
                      0.074289    0.000014  125.001839 v _25283_/A (sky130_fd_sc_hd__and2_1)
     2    0.003716    0.038961    0.149612  125.151451 v _25283_/X (sky130_fd_sc_hd__and2_1)
                                                         _01030_ (net)
                      0.038961    0.000014  125.151459 v _25310_/C (sky130_fd_sc_hd__and4_1)
     1    0.002631    0.038771    0.177963  125.329422 v _25310_/X (sky130_fd_sc_hd__and4_1)
                                                         _01059_ (net)
                      0.038771    0.000000  125.329422 v _25317_/A2 (sky130_fd_sc_hd__a221o_2)
     5    0.019022    0.094330    0.435435  125.764862 v _25317_/X (sky130_fd_sc_hd__a221o_2)
                                                         _01067_ (net)
                      0.094330    0.000128  125.764984 v _25382_/A (sky130_fd_sc_hd__nand3_2)
     6    0.018927    0.117655    0.128551  125.893539 ^ _25382_/Y (sky130_fd_sc_hd__nand3_2)
                                                         _01139_ (net)
                      0.117655    0.000128  125.893669 ^ _25449_/A1 (sky130_fd_sc_hd__a21o_2)
     8    0.022208    0.119335    0.201126  126.094795 ^ _25449_/X (sky130_fd_sc_hd__a21o_2)
                                                         _01212_ (net)
                      0.119335    0.000284  126.095078 ^ _25492_/A (sky130_fd_sc_hd__nand2_1)
     1    0.002330    0.054764    0.059373  126.154449 v _25492_/Y (sky130_fd_sc_hd__nand2_1)
                                                         _01260_ (net)
                      0.054764    0.000000  126.154449 v fanout208/A (sky130_fd_sc_hd__clkbuf_4)
     8    0.034005    0.078953    0.186759  126.341209 v fanout208/X (sky130_fd_sc_hd__clkbuf_4)
                                                         net208 (net)
                      0.078953    0.000043  126.341255 v fanout206/A (sky130_fd_sc_hd__clkbuf_4)
    10    0.038447    0.086799    0.204565  126.545815 v fanout206/X (sky130_fd_sc_hd__clkbuf_4)
                                                         net206 (net)
                      0.086799    0.000298  126.546112 v _25565_/A1 (sky130_fd_sc_hd__a21oi_2)
     4    0.015078    0.204027    0.225313  126.771431 ^ _25565_/Y (sky130_fd_sc_hd__a21oi_2)
                                                         _01340_ (net)
                      0.204027    0.000114  126.771545 ^ _25568_/B (sky130_fd_sc_hd__xnor2_1)
     3    0.009542    0.100682    0.135728  126.907272 v _25568_/Y (sky130_fd_sc_hd__xnor2_1)
                                                         _01343_ (net)
                      0.100682    0.000000  126.907272 v _25579_/A1 (sky130_fd_sc_hd__o311a_1)
     1    0.008363    0.080045    0.397804  127.305077 v _25579_/X (sky130_fd_sc_hd__o311a_1)
                                                         _01354_ (net)
                      0.080045    0.000014  127.305092 v _25590_/A1 (sky130_fd_sc_hd__o31ai_4)
     5    0.017444    0.290342    0.336783  127.641869 ^ _25590_/Y (sky130_fd_sc_hd__o31ai_4)
                                                         _01366_ (net)
                      0.290342    0.000085  127.641960 ^ _25626_/A2 (sky130_fd_sc_hd__a31o_2)
     6    0.026223    0.157949    0.300318  127.942276 ^ _25626_/X (sky130_fd_sc_hd__a31o_2)
                                                         _01406_ (net)
                      0.157949    0.000455  127.942734 ^ _25657_/A1 (sky130_fd_sc_hd__a21o_1)
     3    0.015014    0.136294    0.204352  128.147079 ^ _25657_/X (sky130_fd_sc_hd__a21o_1)
                                                         _01440_ (net)
                      0.136294    0.000057  128.147141 ^ _25804_/A2 (sky130_fd_sc_hd__a31o_1)
     1    0.002582    0.044941    0.153065  128.300201 ^ _25804_/X (sky130_fd_sc_hd__a31o_1)
                                                         _01602_ (net)
                      0.044941    0.000000  128.300201 ^ fanout205/A (sky130_fd_sc_hd__clkbuf_2)
     5    0.021899    0.124473    0.162160  128.462372 ^ fanout205/X (sky130_fd_sc_hd__clkbuf_2)
                                                         net205 (net)
                      0.124473    0.000071  128.462433 ^ fanout203/A (sky130_fd_sc_hd__buf_2)
     8    0.033420    0.166546    0.224688  128.687119 ^ fanout203/X (sky130_fd_sc_hd__buf_2)
                                                         net203 (net)
                      0.166546    0.000256  128.687378 ^ fanout202/A (sky130_fd_sc_hd__clkbuf_4)
    10    0.038774    0.125381    0.238074  128.925461 ^ fanout202/X (sky130_fd_sc_hd__clkbuf_4)
                                                         net202 (net)
                      0.125381    0.000369  128.925827 ^ _25815_/S (sky130_fd_sc_hd__mux2_1)
     4    0.014158    0.106668    0.398117  129.323944 v _25815_/X (sky130_fd_sc_hd__mux2_1)
                                                         _01614_ (net)
                      0.106668    0.000099  129.324036 v _25816_/B1 (sky130_fd_sc_hd__a2bb2o_1)
     2    0.004862    0.062412    0.307423  129.631470 v _25816_/X (sky130_fd_sc_hd__a2bb2o_1)
                                                         _01615_ (net)
                      0.062412    0.000000  129.631470 v _25825_/B1 (sky130_fd_sc_hd__a31o_1)
     1    0.002930    0.037322    0.185722  129.817184 v _25825_/X (sky130_fd_sc_hd__a31o_1)
                                                         _01625_ (net)
                      0.037322    0.000014  129.817200 v _25835_/B2 (sky130_fd_sc_hd__a221o_2)
     5    0.019828    0.096280    0.411362  130.228561 v _25835_/X (sky130_fd_sc_hd__a221o_2)
                                                         _01636_ (net)
                      0.096280    0.000171  130.228729 v _25887_/D (sky130_fd_sc_hd__nand4b_2)
     4    0.012185    0.115269    0.142563  130.371292 ^ _25887_/Y (sky130_fd_sc_hd__nand4b_2)
                                                         _01692_ (net)
                      0.115269    0.000099  130.371399 ^ _25948_/A1 (sky130_fd_sc_hd__a311o_1)
     2    0.008195    0.104252    0.208445  130.579834 ^ _25948_/X (sky130_fd_sc_hd__a311o_1)
                                                         _01759_ (net)
                      0.104252    0.000099  130.579941 ^ _26270_/A1 (sky130_fd_sc_hd__a21o_1)
     1    0.002074    0.033549    0.112308  130.692245 ^ _26270_/X (sky130_fd_sc_hd__a21o_1)
                                                         _02112_ (net)
                      0.033549    0.000000  130.692245 ^ fanout196/A (sky130_fd_sc_hd__buf_2)
     7    0.028526    0.143534    0.174424  130.866669 ^ fanout196/X (sky130_fd_sc_hd__buf_2)
                                                         net196 (net)
                      0.143534    0.000085  130.866760 ^ fanout195/A (sky130_fd_sc_hd__clkbuf_2)
     7    0.022423    0.127537    0.197886  131.064636 ^ fanout195/X (sky130_fd_sc_hd__clkbuf_2)
                                                         net195 (net)
                      0.127537    0.000455  131.065094 ^ fanout194/A (sky130_fd_sc_hd__dlymetal6s2s_1)
     5    0.017421    0.190874    0.219629  131.284729 ^ fanout194/X (sky130_fd_sc_hd__dlymetal6s2s_1)
                                                         net194 (net)
                      0.190874    0.000057  131.284775 ^ fanout193/A (sky130_fd_sc_hd__clkbuf_2)
    10    0.025057    0.141563    0.219956  131.504745 ^ fanout193/X (sky130_fd_sc_hd__clkbuf_2)
                                                         net193 (net)
                      0.141563    0.000000  131.504745 ^ _26472_/C_N (sky130_fd_sc_hd__or3b_1)
     3    0.008502    0.097397    0.402608  131.907349 v _26472_/X (sky130_fd_sc_hd__or3b_1)
                                                         _02334_ (net)
                      0.097397    0.000043  131.907394 v _26481_/B (sky130_fd_sc_hd__and3_1)
     3    0.005936    0.051877    0.197929  132.105316 v _26481_/X (sky130_fd_sc_hd__and3_1)
                                                         _02344_ (net)
                      0.051877    0.000014  132.105331 v _26491_/B (sky130_fd_sc_hd__or4_2)
     3    0.012921    0.140391    0.705356  132.810684 v _26491_/X (sky130_fd_sc_hd__or4_2)
                                                         _02355_ (net)
                      0.140391    0.000057  132.810745 v _26506_/A (sky130_fd_sc_hd__or4b_1)
     1    0.002511    0.081756    0.536176  133.346924 v _26506_/X (sky130_fd_sc_hd__or4b_1)
                                                         _02371_ (net)
                      0.081756    0.000000  133.346924 v _26710_/D (sky130_fd_sc_hd__or4_4)
     4    0.032602    0.130206    0.499213  133.846130 v _26710_/X (sky130_fd_sc_hd__or4_4)
                                                         _02594_ (net)
                      0.130212    0.001066  133.847198 v _26803_/A3 (sky130_fd_sc_hd__o311ai_4)
     3    0.010731    0.264665    0.278376  134.125580 ^ _26803_/Y (sky130_fd_sc_hd__o311ai_4)
                                                         _02697_ (net)
                      0.264665    0.000028  134.125610 ^ _26805_/D1 (sky130_fd_sc_hd__a2111o_1)
     1    0.002058    0.039111    0.124757  134.250366 ^ _26805_/X (sky130_fd_sc_hd__a2111o_1)
                                                         _02699_ (net)
                      0.039111    0.000000  134.250366 ^ fanout186/A (sky130_fd_sc_hd__buf_2)
     6    0.027066    0.136555    0.172193  134.422546 ^ fanout186/X (sky130_fd_sc_hd__buf_2)
                                                         net186 (net)
                      0.136555    0.000185  134.422745 ^ fanout184/A (sky130_fd_sc_hd__buf_2)
     7    0.028476    0.143524    0.211571  134.634308 ^ fanout184/X (sky130_fd_sc_hd__buf_2)
                                                         net184 (net)
                      0.143524    0.000242  134.634552 ^ _26875_/S (sky130_fd_sc_hd__mux2_1)
     3    0.008881    0.087211    0.375380  135.009933 v _26875_/X (sky130_fd_sc_hd__mux2_1)
                                                         _02775_ (net)
                      0.087211    0.000014  135.009949 v _26877_/B (sky130_fd_sc_hd__and2_1)
     1    0.001705    0.031171    0.162771  135.172714 v _26877_/X (sky130_fd_sc_hd__and2_1)
                                                         _02777_ (net)
                      0.031171    0.000000  135.172714 v _26878_/B (sky130_fd_sc_hd__or2_1)
     4    0.008585    0.076883    0.232461  135.405182 v _26878_/X (sky130_fd_sc_hd__or2_1)
                                                         _02778_ (net)
                      0.076883    0.000028  135.405212 v _26879_/C (sky130_fd_sc_hd__or4b_2)
     5    0.016354    0.148795    0.693944  136.099152 v _26879_/X (sky130_fd_sc_hd__or4b_2)
                                                         _02779_ (net)
                      0.148795    0.000071  136.099228 v _27070_/C (sky130_fd_sc_hd__nor4_1)
     1    0.004631    0.288153    0.303686  136.402908 ^ _27070_/Y (sky130_fd_sc_hd__nor4_1)
                                                         _02989_ (net)
                      0.288153    0.000028  136.402939 ^ wire178/A (sky130_fd_sc_hd__clkbuf_2)
     3    0.018968    0.111176    0.222542  136.625473 ^ wire178/X (sky130_fd_sc_hd__clkbuf_2)
                                                         net178 (net)
                      0.111176    0.000298  136.625778 ^ _27120_/A3 (sky130_fd_sc_hd__a311oi_4)
     4    0.013255    0.106148    0.122483  136.748260 v _27120_/Y (sky130_fd_sc_hd__a311oi_4)
                                                         _03043_ (net)
                      0.106148    0.000028  136.748291 v _27430_/C (sky130_fd_sc_hd__or4b_2)
     4    0.009481    0.130576    0.666645  137.414932 v _27430_/X (sky130_fd_sc_hd__or4b_2)
                                                         _03381_ (net)
                      0.130576    0.000014  137.414948 v _27456_/C (sky130_fd_sc_hd__or3_1)
     2    0.004254    0.075601    0.342311  137.757263 v _27456_/X (sky130_fd_sc_hd__or3_1)
                                                         _03410_ (net)
                      0.075601    0.000014  137.757278 v _27462_/D (sky130_fd_sc_hd__or4_1)
     1    0.004954    0.099879    0.422659  138.179932 v _27462_/X (sky130_fd_sc_hd__or4_1)
                                                         _03417_ (net)
                      0.099879    0.000014  138.179947 v _27463_/A2 (sky130_fd_sc_hd__a21oi_2)
     3    0.011854    0.170407    0.214428  138.394379 ^ _27463_/Y (sky130_fd_sc_hd__a21oi_2)
                                                         _03418_ (net)
                      0.170407    0.000142  138.394516 ^ _27465_/D_N (sky130_fd_sc_hd__nor4b_1)
     2    0.005232    0.337663    0.318124  138.712646 ^ _27465_/Y (sky130_fd_sc_hd__nor4b_1)
                                                         _03420_ (net)
                      0.337663    0.000014  138.712662 ^ max_cap154/A (sky130_fd_sc_hd__clkbuf_1)
     2    0.004183    0.063965    0.139536  138.852188 ^ max_cap154/X (sky130_fd_sc_hd__clkbuf_1)
                                                         net154 (net)
                      0.063965    0.000000  138.852188 ^ max_cap153/A (sky130_fd_sc_hd__clkbuf_1)
     2    0.004176    0.061330    0.097302  138.949493 ^ max_cap153/X (sky130_fd_sc_hd__clkbuf_1)
                                                         net153 (net)
                      0.061330    0.000014  138.949509 ^ _27509_/D_N (sky130_fd_sc_hd__or4b_1)
     1    0.002179    0.079235    0.420144  139.369644 v _27509_/X (sky130_fd_sc_hd__or4b_1)
                                                         _03467_ (net)
                      0.079235    0.000000  139.369644 v _27510_/C1 (sky130_fd_sc_hd__a211o_2)
     8    0.025579    0.102933    0.347583  139.717239 v _27510_/X (sky130_fd_sc_hd__a211o_2)
                                                         _03468_ (net)
                      0.102934    0.000568  139.717804 v _27512_/C (sky130_fd_sc_hd__or3_2)
     4    0.015948    0.116873    0.488868  140.206665 v _27512_/X (sky130_fd_sc_hd__or3_2)
                                                         _03471_ (net)
                      0.116873    0.000043  140.206711 v fanout150/A (sky130_fd_sc_hd__clkbuf_4)
    10    0.036269    0.082890    0.218293  140.425003 v fanout150/X (sky130_fd_sc_hd__clkbuf_4)
                                                         net150 (net)
                      0.082890    0.000398  140.425400 v _27553_/S (sky130_fd_sc_hd__mux2_1)
     3    0.008897    0.087287    0.359535  140.784943 v _27553_/X (sky130_fd_sc_hd__mux2_1)
                                                         _03516_ (net)
                      0.087287    0.000028  140.784973 v _27555_/B (sky130_fd_sc_hd__xnor2_1)
     4    0.011254    0.289878    0.270617  141.055588 ^ _27555_/Y (sky130_fd_sc_hd__xnor2_1)
                                                         _03518_ (net)
                      0.289878    0.000043  141.055634 ^ _27557_/D_N (sky130_fd_sc_hd__or4b_1)
     2    0.005897    0.105430    0.493699  141.549332 v _27557_/X (sky130_fd_sc_hd__or4b_1)
                                                         _03520_ (net)
                      0.105430    0.000014  141.549347 v _27559_/D (sky130_fd_sc_hd__or4_2)
     3    0.010028    0.132144    0.599186  142.148529 v _27559_/X (sky130_fd_sc_hd__or4_2)
                                                         _03522_ (net)
                      0.132144    0.000043  142.148575 v _27771_/A (sky130_fd_sc_hd__or4_4)
     3    0.023047    0.116525    0.614278  142.762848 v _27771_/X (sky130_fd_sc_hd__or4_4)
                                                         _03754_ (net)
                      0.116525    0.000270  142.763123 v _27782_/D_N (sky130_fd_sc_hd__or4b_1)
     2    0.004429    0.055165    0.197090  142.960205 ^ _27782_/X (sky130_fd_sc_hd__or4b_1)
                                                         _03766_ (net)
                      0.055165    0.000000  142.960205 ^ _27783_/B (sky130_fd_sc_hd__nor2_1)
     2    0.014217    0.076263    0.077137  143.037338 v _27783_/Y (sky130_fd_sc_hd__nor2_1)
                                                         _03767_ (net)
                      0.076263    0.000043  143.037384 v fanout140/A (sky130_fd_sc_hd__buf_2)
     9    0.030333    0.080899    0.187057  143.224442 v fanout140/X (sky130_fd_sc_hd__buf_2)
                                                         net140 (net)
                      0.080900    0.000412  143.224854 v _28192_/A2 (sky130_fd_sc_hd__a2111o_1)
     2    0.004168    0.068060    0.422560  143.647415 v _28192_/X (sky130_fd_sc_hd__a2111o_1)
                                                         _04214_ (net)
                      0.068060    0.000000  143.647415 v _28193_/A2 (sky130_fd_sc_hd__a21bo_1)
     3    0.009045    0.061084    0.223551  143.870972 v _28193_/X (sky130_fd_sc_hd__a21bo_1)
                                                         _04215_ (net)
                      0.061084    0.000043  143.871017 v _28198_/A (sky130_fd_sc_hd__or3_1)
     2    0.004385    0.076288    0.380368  144.251373 v _28198_/X (sky130_fd_sc_hd__or3_1)
                                                         _04220_ (net)
                      0.076288    0.000000  144.251373 v _28207_/B (sky130_fd_sc_hd__or4_2)
     5    0.012156    0.137022    0.708553  144.959930 v _28207_/X (sky130_fd_sc_hd__or4_2)
                                                         _04230_ (net)
                      0.137022    0.000114  144.960037 v _28210_/C (sky130_fd_sc_hd__or4_1)
     1    0.001682    0.074721    0.473904  145.433945 v _28210_/X (sky130_fd_sc_hd__or4_1)
                                                         _04233_ (net)
                      0.074721    0.000000  145.433945 v _28211_/C (sky130_fd_sc_hd__or3_1)
     2    0.006211    0.083797    0.337977  145.771927 v _28211_/X (sky130_fd_sc_hd__or3_1)
                                                         _04235_ (net)
                      0.083797    0.000043  145.771973 v _28212_/A_N (sky130_fd_sc_hd__and4b_1)
     1    0.002519    0.056945    0.246558  146.018524 ^ _28212_/X (sky130_fd_sc_hd__and4b_1)
                                                         _04236_ (net)
                      0.056945    0.000014  146.018539 ^ fanout127/A (sky130_fd_sc_hd__buf_2)
     6    0.029758    0.149155    0.187654  146.206192 ^ fanout127/X (sky130_fd_sc_hd__buf_2)
                                                         net127 (net)
                      0.149155    0.000057  146.206253 ^ fanout126/A (sky130_fd_sc_hd__clkbuf_4)
    10    0.036481    0.118894    0.227431  146.433685 ^ fanout126/X (sky130_fd_sc_hd__clkbuf_4)
                                                         net126 (net)
                      0.118894    0.000213  146.433899 ^ _29053_/D_N (sky130_fd_sc_hd__or4bb_2)
     5    0.017355    0.144107    0.614051  147.047943 v _29053_/X (sky130_fd_sc_hd__or4bb_2)
                                                         _05147_ (net)
                      0.144107    0.000043  147.047989 v _29065_/D (sky130_fd_sc_hd__or4_1)
     1    0.004018    0.093450    0.435932  147.483917 v _29065_/X (sky130_fd_sc_hd__or4_1)
                                                         _05159_ (net)
                      0.093450    0.000000  147.483917 v _29066_/B2 (sky130_fd_sc_hd__a22oi_2)
     3    0.007817    0.171569    0.191818  147.675735 ^ _29066_/Y (sky130_fd_sc_hd__a22oi_2)
                                                         _05160_ (net)
                      0.171569    0.000043  147.675781 ^ _29073_/C_N (sky130_fd_sc_hd__or4bb_1)
     1    0.001831    0.072791    0.479162  148.154938 v _29073_/X (sky130_fd_sc_hd__or4bb_1)
                                                         _05167_ (net)
                      0.072791    0.000000  148.154938 v _29104_/B_N (sky130_fd_sc_hd__and4bb_1)
     1    0.009009    0.109798    0.318067  148.473007 ^ _29104_/X (sky130_fd_sc_hd__and4bb_1)
                                                         _05198_ (net)
                      0.109798    0.000156  148.473160 ^ _29105_/B1 (sky130_fd_sc_hd__o31ai_1)
     3    0.006068    0.073197    0.100897  148.574066 v _29105_/Y (sky130_fd_sc_hd__o31ai_1)
                                                         _05199_ (net)
                      0.073197    0.000028  148.574097 v _29107_/D (sky130_fd_sc_hd__or4_4)
     4    0.026676    0.121266    0.483723  149.057816 v _29107_/X (sky130_fd_sc_hd__or4_4)
                                                         _05201_ (net)
                      0.121266    0.000384  149.058197 v fanout116/A (sky130_fd_sc_hd__clkbuf_4)
    10    0.039115    0.088014    0.224503  149.282700 v fanout116/X (sky130_fd_sc_hd__clkbuf_4)
                                                         net116 (net)
                      0.088017    0.000682  149.283386 v _29346_/S (sky130_fd_sc_hd__mux2_1)
     3    0.011478    0.098325    0.374172  149.657562 v _29346_/X (sky130_fd_sc_hd__mux2_1)
                                                         _05454_ (net)
                      0.098325    0.000014  149.657578 v _29351_/B (sky130_fd_sc_hd__xnor2_1)
     3    0.005999    0.183308    0.195953  149.853531 ^ _29351_/Y (sky130_fd_sc_hd__xnor2_1)
                                                         _05460_ (net)
                      0.183308    0.000014  149.853531 ^ _29352_/C_N (sky130_fd_sc_hd__or3b_1)
     1    0.002744    0.064739    0.361695  150.215240 v _29352_/X (sky130_fd_sc_hd__or3b_1)
                                                         _05461_ (net)
                      0.064739    0.000014  150.215240 v _29353_/D (sky130_fd_sc_hd__or4_1)
     2    0.010004    0.127888    0.463132  150.678375 v _29353_/X (sky130_fd_sc_hd__or4_1)
                                                         _05462_ (net)
                      0.127888    0.000114  150.678497 v _29354_/D (sky130_fd_sc_hd__or4_1)
     2    0.003986    0.093353    0.429736  151.108231 v _29354_/X (sky130_fd_sc_hd__or4_1)
                                                         _05463_ (net)
                      0.093353    0.000000  151.108231 v _29406_/C (sky130_fd_sc_hd__or4_4)
     2    0.019512    0.112181    0.539046  151.647278 v _29406_/X (sky130_fd_sc_hd__or4_4)
                                                         _05520_ (net)
                      0.112181    0.000497  151.647766 v _29471_/B (sky130_fd_sc_hd__and4_1)
     1    0.003397    0.041407    0.201339  151.849106 v _29471_/X (sky130_fd_sc_hd__and4_1)
                                                         _05592_ (net)
                      0.041407    0.000014  151.849121 v fanout114/A (sky130_fd_sc_hd__clkbuf_4)
     6    0.035920    0.082521    0.183604  152.032730 v fanout114/X (sky130_fd_sc_hd__clkbuf_4)
                                                         net114 (net)
                      0.082525    0.000682  152.033417 v fanout113/A (sky130_fd_sc_hd__clkbuf_2)
     5    0.020917    0.085104    0.168455  152.201874 v fanout113/X (sky130_fd_sc_hd__clkbuf_2)
                                                         net113 (net)
                      0.085105    0.000426  152.202301 v _29524_/A (sky130_fd_sc_hd__nand2_1)
     1    0.005306    0.065694    0.086871  152.289169 ^ _29524_/Y (sky130_fd_sc_hd__nand2_1)
                                                         _05650_ (net)
                      0.065694    0.000057  152.289215 ^ fanout108/A (sky130_fd_sc_hd__clkbuf_4)
     9    0.045549    0.144113    0.215124  152.504349 ^ fanout108/X (sky130_fd_sc_hd__clkbuf_4)
                                                         net108 (net)
                      0.144113    0.000071  152.504410 ^ fanout106/A (sky130_fd_sc_hd__clkbuf_4)
    10    0.045304    0.143388    0.244157  152.748581 ^ fanout106/X (sky130_fd_sc_hd__clkbuf_4)
                                                         net106 (net)
                      0.143388    0.000412  152.748993 ^ _29682_/S (sky130_fd_sc_hd__mux2_1)
     3    0.005937    0.072778    0.355698  153.104691 v _29682_/X (sky130_fd_sc_hd__mux2_1)
                                                         _05816_ (net)
                      0.072778    0.000000  153.104691 v _29683_/B (sky130_fd_sc_hd__and2_1)
     3    0.007331    0.055424    0.184116  153.288803 v _29683_/X (sky130_fd_sc_hd__and2_1)
                                                         _05817_ (net)
                      0.055424    0.000014  153.288818 v _29685_/A (sky130_fd_sc_hd__nor2_1)
     4    0.008978    0.181767    0.176570  153.465378 ^ _29685_/Y (sky130_fd_sc_hd__nor2_1)
                                                         _05819_ (net)
                      0.181767    0.000028  153.465408 ^ _29707_/D_N (sky130_fd_sc_hd__or4b_1)
     1    0.004592    0.094094    0.467622  153.933029 v _29707_/X (sky130_fd_sc_hd__or4b_1)
                                                         _05842_ (net)
                      0.094094    0.000057  153.933090 v _29708_/D (sky130_fd_sc_hd__or4_2)
     3    0.013360    0.141441    0.615941  154.549026 v _29708_/X (sky130_fd_sc_hd__or4_2)
                                                         _05843_ (net)
                      0.141441    0.000242  154.549271 v _29726_/B (sky130_fd_sc_hd__or4b_1)
     1    0.001969    0.076959    0.511903  155.061172 v _29726_/X (sky130_fd_sc_hd__or4b_1)
                                                         _05861_ (net)
                      0.076959    0.000000  155.061172 v _29742_/C (sky130_fd_sc_hd__and3b_2)
     7    0.029514    0.097217    0.289020  155.350204 v _29742_/X (sky130_fd_sc_hd__and3b_2)
                                                         _05877_ (net)
                      0.097231    0.001180  155.351379 v _29832_/A (sky130_fd_sc_hd__nand2_1)
     1    0.004188    0.060018    0.085024  155.436401 ^ _29832_/Y (sky130_fd_sc_hd__nand2_1)
                                                         _05967_ (net)
                      0.060018    0.000028  155.436432 ^ fanout100/A (sky130_fd_sc_hd__buf_2)
     5    0.032284    0.161055    0.196764  155.633194 ^ fanout100/X (sky130_fd_sc_hd__buf_2)
                                                         net100 (net)
                      0.161055    0.000014  155.633209 ^ fanout99/A (sky130_fd_sc_hd__clkbuf_2)
     5    0.020656    0.118531    0.196081  155.829285 ^ fanout99/X (sky130_fd_sc_hd__clkbuf_2)
                                                         net99 (net)
                      0.118531    0.000043  155.829330 ^ fanout98/A (sky130_fd_sc_hd__clkbuf_4)
    10    0.038660    0.124728    0.221561  156.050888 ^ fanout98/X (sky130_fd_sc_hd__clkbuf_4)
                                                         net98 (net)
                      0.124729    0.000611  156.051498 ^ _29998_/S (sky130_fd_sc_hd__mux2_1)
     2    0.004548    0.063892    0.343732  156.395233 v _29998_/X (sky130_fd_sc_hd__mux2_1)
                                                         _06133_ (net)
                      0.063892    0.000014  156.395248 v _29999_/B (sky130_fd_sc_hd__and2_1)
     2    0.004222    0.042316    0.165812  156.561066 v _29999_/X (sky130_fd_sc_hd__and2_1)
                                                         _06134_ (net)
                      0.042316    0.000000  156.561066 v _30006_/A_N (sky130_fd_sc_hd__and4bb_1)
     2    0.005896    0.086199    0.262517  156.823578 ^ _30006_/X (sky130_fd_sc_hd__and4bb_1)
                                                         _06141_ (net)
                      0.086199    0.000014  156.823593 ^ _30019_/A (sky130_fd_sc_hd__nand4_1)
     2    0.004370    0.086047    0.093252  156.916840 v _30019_/Y (sky130_fd_sc_hd__nand4_1)
                                                         _06154_ (net)
                      0.086047    0.000014  156.916855 v _30043_/A (sky130_fd_sc_hd__or4bb_1)
     2    0.004843    0.096216    0.522547  157.439407 v _30043_/X (sky130_fd_sc_hd__or4bb_1)
                                                         _06178_ (net)
                      0.096216    0.000014  157.439423 v _30077_/A1 (sky130_fd_sc_hd__o221a_1)
     1    0.004256    0.052951    0.281204  157.720627 v _30077_/X (sky130_fd_sc_hd__o221a_1)
                                                         _06212_ (net)
                      0.052951    0.000057  157.720688 v _30079_/A2_N (sky130_fd_sc_hd__a2bb2o_1)
     1    0.007519    0.085350    0.269196  157.989883 ^ _30079_/X (sky130_fd_sc_hd__a2bb2o_1)
                                                         _06214_ (net)
                      0.085350    0.000071  157.989944 ^ _30082_/A2 (sky130_fd_sc_hd__a22oi_2)
     1    0.010705    0.076017    0.102688  158.092636 v _30082_/Y (sky130_fd_sc_hd__a22oi_2)
                                                         _06217_ (net)
                      0.076017    0.000369  158.093002 v _30139_/B1 (sky130_fd_sc_hd__o22a_1)
     1    0.002188    0.038854    0.177423  158.270432 v _30139_/X (sky130_fd_sc_hd__o22a_1)
                                                         _00170_ (net)
                      0.038854    0.000000  158.270432 v _30453_/D (sky130_fd_sc_hd__dfxtp_4)
                                            158.270432   data arrival time

                                 25.000000   25.000000   clock clk (rise edge)
                                  0.000000   25.000000   clock source latency
     1    0.036820    0.170970    0.119996   25.119995 ^ clk (in)
                                                         clk (net)
                      0.171081    0.000000   25.119995 ^ clkbuf_0_clk/A (sky130_fd_sc_hd__clkbuf_16)
     4    0.070478    0.088456    0.207416   25.327412 ^ clkbuf_0_clk/X (sky130_fd_sc_hd__clkbuf_16)
                                                         clknet_0_clk (net)
                      0.088474    0.001283   25.328695 ^ clkbuf_2_1__f_clk/A (sky130_fd_sc_hd__clkbuf_16)
    12    0.124970    0.138256    0.219528   25.548222 ^ clkbuf_2_1__f_clk/X (sky130_fd_sc_hd__clkbuf_16)
                                                         clknet_2_1__leaf_clk (net)
                      0.138341    0.002769   25.550991 ^ clkbuf_leaf_4_clk/A (sky130_fd_sc_hd__clkbuf_8)
     3    0.007847    0.034054    0.147390   25.698381 ^ clkbuf_leaf_4_clk/X (sky130_fd_sc_hd__clkbuf_8)
                                                         clknet_leaf_4_clk (net)
                      0.034054    0.000009   25.698389 ^ _30453_/CLK (sky130_fd_sc_hd__dfxtp_4)
                                 -0.250000   25.448391   clock uncertainty
                                  0.000000   25.448391   clock reconvergence pessimism
                                 -0.111714   25.336678   library setup time
                                             25.336678   data required time
---------------------------------------------------------------------------------------------
                                             25.336678   data required time
                                           -158.270432   data arrival time
---------------------------------------------------------------------------------------------
                                           -132.933746   slack (VIOLATED)




===========================================================================
report_checks --slack_max -0.01
============================================================================
======================= nom_tt_025C_1v80 Corner ===================================

Startpoint: _30430_ (rising edge-triggered flip-flop clocked by clk)
Endpoint: _30453_ (rising edge-triggered flip-flop clocked by clk)
Path Group: clk
Path Type: max

Fanout         Cap        Slew       Delay        Time   Description
---------------------------------------------------------------------------------------------
                                  0.000000    0.000000   clock clk (rise edge)
                                  0.000000    0.000000   clock source latency
     1    0.036820    0.170970    0.119996    0.119996 ^ clk (in)
                                                         clk (net)
                      0.171081    0.000000    0.119996 ^ clkbuf_0_clk/A (sky130_fd_sc_hd__clkbuf_16)
     4    0.070478    0.088456    0.207417    0.327413 ^ clkbuf_0_clk/X (sky130_fd_sc_hd__clkbuf_16)
                                                         clknet_0_clk (net)
                      0.088483    0.001503    0.328915 ^ clkbuf_2_0__f_clk/A (sky130_fd_sc_hd__clkbuf_16)
    11    0.100698    0.116396    0.202967    0.531883 ^ clkbuf_2_0__f_clk/X (sky130_fd_sc_hd__clkbuf_16)
                                                         clknet_2_0__leaf_clk (net)
                      0.116488    0.001627    0.533510 ^ clkbuf_leaf_37_clk/A (sky130_fd_sc_hd__clkbuf_8)
     8    0.028271    0.063723    0.169015    0.702525 ^ clkbuf_leaf_37_clk/X (sky130_fd_sc_hd__clkbuf_8)
                                                         clknet_leaf_37_clk (net)
                      0.063723    0.000032    0.702558 ^ _30430_/CLK (sky130_fd_sc_hd__dfxtp_4)
     3    0.046684    0.080445    0.393705    1.096263 v _30430_/Q (sky130_fd_sc_hd__dfxtp_4)
                                                         mantisaBshift[13] (net)
                      0.080445    0.000143    1.096406 v fanout779/A (sky130_fd_sc_hd__buf_4)
    10    0.053938    0.078693    0.203536    1.299942 v fanout779/X (sky130_fd_sc_hd__buf_4)
                                                         net779 (net)
                      0.078693    0.000010    1.299951 v fanout778/A (sky130_fd_sc_hd__buf_4)
    10    0.055250    0.079525    0.205013    1.504964 v fanout778/X (sky130_fd_sc_hd__buf_4)
                                                         net778 (net)
                      0.079645    0.002731    1.507695 v fanout777/A (sky130_fd_sc_hd__buf_2)
    10    0.030212    0.080681    0.188300    1.695995 v fanout777/X (sky130_fd_sc_hd__buf_2)
                                                         net777 (net)
                      0.080682    0.000448    1.696443 v _16165_/C (sky130_fd_sc_hd__or4_1)
     1    0.001316    0.071586    0.451040    2.147483 v _16165_/X (sky130_fd_sc_hd__or4_1)
                                                         _06295_ (net)
                      0.071586    0.000000    2.147484 v _16166_/D (sky130_fd_sc_hd__or4_2)
     4    0.014813    0.144856    0.615545    2.763029 v _16166_/X (sky130_fd_sc_hd__or4_2)
                                                         _06296_ (net)
                      0.144856    0.000353    2.763382 v _16173_/C (sky130_fd_sc_hd__or4_2)
     3    0.010211    0.132923    0.682433    3.445815 v _16173_/X (sky130_fd_sc_hd__or4_2)
                                                         _06303_ (net)
                      0.132923    0.000031    3.445846 v _16175_/D1 (sky130_fd_sc_hd__a2111o_2)
     4    0.015482    0.100926    0.420237    3.866083 v _16175_/X (sky130_fd_sc_hd__a2111o_2)
                                                         _06305_ (net)
                      0.100926    0.000013    3.866096 v _16185_/C1 (sky130_fd_sc_hd__a211o_1)
     2    0.007853    0.072016    0.270740    4.136836 v _16185_/X (sky130_fd_sc_hd__a211o_1)
                                                         _06315_ (net)
                      0.072016    0.000053    4.136889 v _16187_/A2 (sky130_fd_sc_hd__a21o_1)
     4    0.011659    0.070884    0.221831    4.358719 v _16187_/X (sky130_fd_sc_hd__a21o_1)
                                                         _06317_ (net)
                      0.070884    0.000010    4.358729 v _16193_/A2 (sky130_fd_sc_hd__a21oi_2)
     5    0.016720    0.228129    0.240178    4.598907 ^ _16193_/Y (sky130_fd_sc_hd__a21oi_2)
                                                         _06323_ (net)
                      0.228129    0.000066    4.598973 ^ _16204_/A2 (sky130_fd_sc_hd__o31ai_2)
     5    0.011360    0.086338    0.124704    4.723678 v _16204_/Y (sky130_fd_sc_hd__o31ai_2)
                                                         _06334_ (net)
                      0.086338    0.000044    4.723722 v _16207_/B (sky130_fd_sc_hd__and3_1)
     2    0.004099    0.043973    0.183946    4.907668 v _16207_/X (sky130_fd_sc_hd__and3_1)
                                                         _06337_ (net)
                      0.043973    0.000006    4.907673 v _16228_/A (sky130_fd_sc_hd__or4_1)
     1    0.008364    0.123191    0.564629    5.472302 v _16228_/X (sky130_fd_sc_hd__or4_1)
                                                         _06358_ (net)
                      0.123191    0.000036    5.472338 v _16229_/B2 (sky130_fd_sc_hd__o221ai_4)
     7    0.017022    0.230523    0.216740    5.689078 ^ _16229_/Y (sky130_fd_sc_hd__o221ai_4)
                                                         _06359_ (net)
                      0.230523    0.000047    5.689125 ^ _16238_/A (sky130_fd_sc_hd__nand3_1)
     4    0.009098    0.132428    0.159738    5.848863 v _16238_/Y (sky130_fd_sc_hd__nand3_1)
                                                         _06368_ (net)
                      0.132428    0.000028    5.848891 v _16241_/A2 (sky130_fd_sc_hd__a21o_1)
     2    0.004201    0.040360    0.212569    6.061460 v _16241_/X (sky130_fd_sc_hd__a21o_1)
                                                         _06371_ (net)
                      0.040360    0.000006    6.061466 v _16254_/A2 (sky130_fd_sc_hd__a311o_1)
     1    0.008822    0.082573    0.340735    6.402201 v _16254_/X (sky130_fd_sc_hd__a311o_1)
                                                         _06384_ (net)
                      0.082573    0.000031    6.402232 v _16264_/A1 (sky130_fd_sc_hd__a21oi_4)
     6    0.022975    0.201563    0.214050    6.616282 ^ _16264_/Y (sky130_fd_sc_hd__a21oi_4)
                                                         _06394_ (net)
                      0.201563    0.000065    6.616347 ^ _16265_/S (sky130_fd_sc_hd__mux2_1)
     4    0.010381    0.090435    0.391579    7.007926 v _16265_/X (sky130_fd_sc_hd__mux2_1)
                                                         _06395_ (net)
                      0.090435    0.000081    7.008007 v _16276_/B (sky130_fd_sc_hd__or2_1)
     4    0.008960    0.078281    0.255986    7.263993 v _16276_/X (sky130_fd_sc_hd__or2_1)
                                                         _06406_ (net)
                      0.078281    0.000028    7.264021 v _16280_/A1 (sky130_fd_sc_hd__a211o_1)
     1    0.002945    0.049482    0.262188    7.526210 v _16280_/X (sky130_fd_sc_hd__a211o_1)
                                                         _06410_ (net)
                      0.049482    0.000010    7.526220 v _16288_/A1 (sky130_fd_sc_hd__a31o_1)
     3    0.005939    0.052208    0.186571    7.712790 v _16288_/X (sky130_fd_sc_hd__a31o_1)
                                                         _06418_ (net)
                      0.052208    0.000008    7.712799 v _16290_/A (sky130_fd_sc_hd__and2_1)
     4    0.015684    0.089845    0.187781    7.900580 v _16290_/X (sky130_fd_sc_hd__and2_1)
                                                         _06420_ (net)
                      0.089845    0.000020    7.900600 v _16294_/S (sky130_fd_sc_hd__mux2_1)
     3    0.007588    0.079012    0.353350    8.253951 v _16294_/X (sky130_fd_sc_hd__mux2_1)
                                                         _06424_ (net)
                      0.079012    0.000068    8.254019 v _16301_/B (sky130_fd_sc_hd__and2_1)
     3    0.012989    0.076797    0.209229    8.463248 v _16301_/X (sky130_fd_sc_hd__and2_1)
                                                         _06431_ (net)
                      0.076797    0.000042    8.463290 v _16317_/A2 (sky130_fd_sc_hd__o311ai_4)
     3    0.014130    0.290458    0.326769    8.790059 ^ _16317_/Y (sky130_fd_sc_hd__o311ai_4)
                                                         _06447_ (net)
                      0.290458    0.000081    8.790139 ^ _16328_/A1 (sky130_fd_sc_hd__a221oi_4)
     5    0.013928    0.105425    0.134686    8.924826 v _16328_/Y (sky130_fd_sc_hd__a221oi_4)
                                                         _06458_ (net)
                      0.105425    0.000153    8.924978 v _16361_/C (sky130_fd_sc_hd__or4_1)
     4    0.009775    0.126765    0.543047    9.468025 v _16361_/X (sky130_fd_sc_hd__or4_1)
                                                         _06491_ (net)
                      0.126765    0.000061    9.468086 v _16369_/A3 (sky130_fd_sc_hd__a31o_1)
     1    0.002515    0.036679    0.241150    9.709236 v _16369_/X (sky130_fd_sc_hd__a31o_1)
                                                         _06499_ (net)
                      0.036679    0.000004    9.709240 v _16371_/A2 (sky130_fd_sc_hd__a211o_1)
     2    0.005397    0.061694    0.297447   10.006687 v _16371_/X (sky130_fd_sc_hd__a211o_1)
                                                         _06501_ (net)
                      0.061694    0.000019   10.006706 v _16376_/A1 (sky130_fd_sc_hd__a211o_1)
     4    0.010221    0.081224    0.298461   10.305167 v _16376_/X (sky130_fd_sc_hd__a211o_1)
                                                         _06506_ (net)
                      0.081224    0.000041   10.305207 v _16379_/A2 (sky130_fd_sc_hd__a211o_1)
     5    0.016566    0.107784    0.369313   10.674521 v _16379_/X (sky130_fd_sc_hd__a211o_1)
                                                         _06509_ (net)
                      0.107784    0.000018   10.674539 v _16383_/A1 (sky130_fd_sc_hd__a21oi_1)
     2    0.006804    0.183965    0.199433   10.873972 ^ _16383_/Y (sky130_fd_sc_hd__a21oi_1)
                                                         _06513_ (net)
                      0.183965    0.000000   10.873973 ^ fanout424/A (sky130_fd_sc_hd__buf_2)
    10    0.033255    0.165865    0.240299   11.114272 ^ fanout424/X (sky130_fd_sc_hd__buf_2)
                                                         net424 (net)
                      0.165865    0.000071   11.114344 ^ _16387_/S (sky130_fd_sc_hd__mux2_1)
     4    0.008737    0.086507    0.377637   11.491981 v _16387_/X (sky130_fd_sc_hd__mux2_1)
                                                         _06517_ (net)
                      0.086507    0.000023   11.492003 v _16406_/B (sky130_fd_sc_hd__nor2_1)
     3    0.008215    0.169031    0.163841   11.655845 ^ _16406_/Y (sky130_fd_sc_hd__nor2_1)
                                                         _06536_ (net)
                      0.169031    0.000004   11.655849 ^ _16433_/A1 (sky130_fd_sc_hd__o31ai_1)
     2    0.004800    0.071292    0.114335   11.770184 v _16433_/Y (sky130_fd_sc_hd__o31ai_1)
                                                         _06563_ (net)
                      0.071292    0.000006   11.770189 v _16435_/B1 (sky130_fd_sc_hd__a211o_1)
     3    0.008747    0.075596    0.306806   12.076996 v _16435_/X (sky130_fd_sc_hd__a211o_1)
                                                         _06565_ (net)
                      0.075596    0.000082   12.077078 v _16439_/A3 (sky130_fd_sc_hd__a311o_1)
     1    0.008752    0.085345    0.392488   12.469565 v _16439_/X (sky130_fd_sc_hd__a311o_1)
                                                         _06569_ (net)
                      0.085345    0.000027   12.469592 v _16442_/B2 (sky130_fd_sc_hd__a221oi_4)
     6    0.020073    0.323705    0.361468   12.831060 ^ _16442_/Y (sky130_fd_sc_hd__a221oi_4)
                                                         _06572_ (net)
                      0.323705    0.000123   12.831183 ^ max_cap423/A (sky130_fd_sc_hd__clkbuf_2)
     5    0.021106    0.122460    0.235791   13.066975 ^ max_cap423/X (sky130_fd_sc_hd__clkbuf_2)
                                                         net423 (net)
                      0.122460    0.000258   13.067233 ^ _16464_/S (sky130_fd_sc_hd__mux2_1)
     4    0.012722    0.103573    0.391056   13.458289 v _16464_/X (sky130_fd_sc_hd__mux2_1)
                                                         _06594_ (net)
                      0.103573    0.000027   13.458316 v _16466_/B (sky130_fd_sc_hd__xnor2_1)
     3    0.005743    0.067325    0.159639   13.617954 v _16466_/Y (sky130_fd_sc_hd__xnor2_1)
                                                         _06596_ (net)
                      0.067325    0.000004   13.617958 v _16479_/A (sky130_fd_sc_hd__or4_1)
     2    0.005645    0.104323    0.546275   14.164233 v _16479_/X (sky130_fd_sc_hd__or4_1)
                                                         _06609_ (net)
                      0.104323    0.000028   14.164261 v _16482_/A2 (sky130_fd_sc_hd__a31o_1)
     2    0.005302    0.047755    0.236589   14.400850 v _16482_/X (sky130_fd_sc_hd__a31o_1)
                                                         _06612_ (net)
                      0.047755    0.000041   14.400891 v _16486_/A1 (sky130_fd_sc_hd__a211o_1)
     3    0.012486    0.093062    0.302928   14.703820 v _16486_/X (sky130_fd_sc_hd__a211o_1)
                                                         _06616_ (net)
                      0.093062    0.000024   14.703844 v _16498_/B (sky130_fd_sc_hd__and4_2)
     7    0.016627    0.069746    0.264491   14.968334 v _16498_/X (sky130_fd_sc_hd__and4_2)
                                                         _06628_ (net)
                      0.069746    0.000167   14.968501 v _16561_/A (sky130_fd_sc_hd__or4b_1)
     3    0.006555    0.110431    0.554460   15.522961 v _16561_/X (sky130_fd_sc_hd__or4b_1)
                                                         _06691_ (net)
                      0.110431    0.000012   15.522974 v _16563_/C (sky130_fd_sc_hd__and3_1)
     3    0.005036    0.048009    0.214879   15.737852 v _16563_/X (sky130_fd_sc_hd__and3_1)
                                                         _06693_ (net)
                      0.048009    0.000005   15.737858 v _16566_/C (sky130_fd_sc_hd__or4_1)
     1    0.001526    0.073179    0.444333   16.182190 v _16566_/X (sky130_fd_sc_hd__or4_1)
                                                         _06696_ (net)
                      0.073179    0.000002   16.182192 v _16567_/D (sky130_fd_sc_hd__or4_1)
     2    0.006502    0.106601    0.436069   16.618261 v _16567_/X (sky130_fd_sc_hd__or4_1)
                                                         _06697_ (net)
                      0.106601    0.000060   16.618320 v _16571_/A1 (sky130_fd_sc_hd__a31o_1)
     4    0.010258    0.068516    0.230241   16.848562 v _16571_/X (sky130_fd_sc_hd__a31o_1)
                                                         _06701_ (net)
                      0.068516    0.000036   16.848598 v _16575_/A2 (sky130_fd_sc_hd__a311o_1)
     3    0.007822    0.080843    0.345795   17.194391 v _16575_/X (sky130_fd_sc_hd__a311o_1)
                                                         _06705_ (net)
                      0.080843    0.000027   17.194418 v _16579_/A1 (sky130_fd_sc_hd__a21oi_1)
     3    0.010839    0.261914    0.245118   17.439537 ^ _16579_/Y (sky130_fd_sc_hd__a21oi_1)
                                                         _06709_ (net)
                      0.261914    0.000039   17.439575 ^ fanout421/A (sky130_fd_sc_hd__clkbuf_4)
    10    0.038163    0.124416    0.268789   17.708364 ^ fanout421/X (sky130_fd_sc_hd__clkbuf_4)
                                                         net421 (net)
                      0.124417    0.000668   17.709032 ^ _16606_/S (sky130_fd_sc_hd__mux2_1)
     3    0.008642    0.083780    0.370996   18.080029 v _16606_/X (sky130_fd_sc_hd__mux2_1)
                                                         _06736_ (net)
                      0.083780    0.000039   18.080069 v _16608_/B (sky130_fd_sc_hd__xnor2_1)
     3    0.009647    0.094665    0.172323   18.252390 v _16608_/Y (sky130_fd_sc_hd__xnor2_1)
                                                         _06738_ (net)
                      0.094665    0.000027   18.252417 v _16617_/A1 (sky130_fd_sc_hd__o311a_1)
     2    0.005820    0.065477    0.379274   18.631691 v _16617_/X (sky130_fd_sc_hd__o311a_1)
                                                         _06747_ (net)
                      0.065477    0.000043   18.631733 v _16623_/A2 (sky130_fd_sc_hd__o41a_2)
     4    0.014144    0.094482    0.517995   19.149727 v _16623_/X (sky130_fd_sc_hd__o41a_2)
                                                         _06753_ (net)
                      0.094482    0.000199   19.149927 v _16648_/A2 (sky130_fd_sc_hd__a2111o_1)
     2    0.008904    0.093431    0.461130   19.611057 v _16648_/X (sky130_fd_sc_hd__a2111o_1)
                                                         _06778_ (net)
                      0.093431    0.000011   19.611067 v _16652_/A1 (sky130_fd_sc_hd__a21oi_2)
     4    0.013877    0.197736    0.217879   19.828947 ^ _16652_/Y (sky130_fd_sc_hd__a21oi_2)
                                                         _06782_ (net)
                      0.197736    0.000021   19.828968 ^ fanout420/A (sky130_fd_sc_hd__clkbuf_4)
    10    0.042835    0.136812    0.257092   20.086060 ^ fanout420/X (sky130_fd_sc_hd__clkbuf_4)
                                                         net420 (net)
                      0.136812    0.000206   20.086266 ^ _16692_/S (sky130_fd_sc_hd__mux2_1)
     3    0.012669    0.100098    0.392840   20.479105 v _16692_/X (sky130_fd_sc_hd__mux2_1)
                                                         _06822_ (net)
                      0.100098    0.000115   20.479221 v _16695_/B (sky130_fd_sc_hd__xnor2_1)
     2    0.006669    0.076269    0.163229   20.642450 v _16695_/Y (sky130_fd_sc_hd__xnor2_1)
                                                         _06825_ (net)
                      0.076269    0.000004   20.642454 v _16699_/A (sky130_fd_sc_hd__or2_1)
     2    0.004442    0.057624    0.242391   20.884844 v _16699_/X (sky130_fd_sc_hd__or2_1)
                                                         _06829_ (net)
                      0.057624    0.000014   20.884859 v _16711_/A (sky130_fd_sc_hd__or3_1)
     1    0.002625    0.065309    0.363125   21.247984 v _16711_/X (sky130_fd_sc_hd__or3_1)
                                                         _06841_ (net)
                      0.065309    0.000005   21.247990 v _16715_/A2 (sky130_fd_sc_hd__o21ai_1)
     3    0.009331    0.209242    0.204093   21.452082 ^ _16715_/Y (sky130_fd_sc_hd__o21ai_1)
                                                         _06845_ (net)
                      0.209242    0.000124   21.452206 ^ _16728_/A1 (sky130_fd_sc_hd__a211oi_1)
     2    0.005086    0.089012    0.120501   21.572706 v _16728_/Y (sky130_fd_sc_hd__a211oi_1)
                                                         _06858_ (net)
                      0.089012    0.000012   21.572720 v _16734_/A2 (sky130_fd_sc_hd__o311a_1)
     3    0.012477    0.094017    0.393237   21.965958 v _16734_/X (sky130_fd_sc_hd__o311a_1)
                                                         _06864_ (net)
                      0.094017    0.000384   21.966341 v _16787_/A (sky130_fd_sc_hd__or3_1)
     3    0.006419    0.087869    0.406972   22.373312 v _16787_/X (sky130_fd_sc_hd__or3_1)
                                                         _06917_ (net)
                      0.087869    0.000004   22.373316 v _16792_/C (sky130_fd_sc_hd__and3_1)
     2    0.004065    0.043781    0.199835   22.573151 v _16792_/X (sky130_fd_sc_hd__and3_1)
                                                         _06922_ (net)
                      0.043781    0.000005   22.573156 v _16793_/C (sky130_fd_sc_hd__or3_1)
     3    0.007958    0.096538    0.342071   22.915228 v _16793_/X (sky130_fd_sc_hd__or3_1)
                                                         _06923_ (net)
                      0.096538    0.000028   22.915257 v _16794_/A2 (sky130_fd_sc_hd__a21o_1)
     3    0.007290    0.053313    0.213303   23.128559 v _16794_/X (sky130_fd_sc_hd__a21o_1)
                                                         _06924_ (net)
                      0.053313    0.000014   23.128574 v _16796_/A2 (sky130_fd_sc_hd__a21oi_1)
     3    0.007907    0.205317    0.211433   23.340006 ^ _16796_/Y (sky130_fd_sc_hd__a21oi_1)
                                                         _06926_ (net)
                      0.205317    0.000030   23.340036 ^ _16798_/A2 (sky130_fd_sc_hd__o21ai_1)
     2    0.005815    0.066746    0.105839   23.445875 v _16798_/Y (sky130_fd_sc_hd__o21ai_1)
                                                         _06928_ (net)
                      0.066746    0.000036   23.445911 v _16800_/A2 (sky130_fd_sc_hd__a21o_1)
     3    0.008389    0.057373    0.206706   23.652617 v _16800_/X (sky130_fd_sc_hd__a21o_1)
                                                         _06930_ (net)
                      0.057373    0.000030   23.652647 v _16801_/A2 (sky130_fd_sc_hd__a21oi_2)
     5    0.014718    0.206676    0.219092   23.871738 ^ _16801_/Y (sky130_fd_sc_hd__a21oi_2)
                                                         _06931_ (net)
                      0.206676    0.000064   23.871803 ^ _16805_/A2 (sky130_fd_sc_hd__o311a_1)
     3    0.008383    0.101582    0.229861   24.101664 ^ _16805_/X (sky130_fd_sc_hd__o311a_1)
                                                         _06935_ (net)
                      0.101582    0.000043   24.101706 ^ _16810_/A1 (sky130_fd_sc_hd__o211a_1)
     5    0.016977    0.150531    0.246393   24.348099 ^ _16810_/X (sky130_fd_sc_hd__o211a_1)
                                                         _06940_ (net)
                      0.150531    0.000055   24.348154 ^ _16830_/A1 (sky130_fd_sc_hd__a21oi_2)
     6    0.018465    0.087446    0.116097   24.464252 v _16830_/Y (sky130_fd_sc_hd__a21oi_2)
                                                         _06960_ (net)
                      0.087446    0.000307   24.464560 v _16832_/B (sky130_fd_sc_hd__nor2_1)
     2    0.010343    0.199862    0.190328   24.654886 ^ _16832_/Y (sky130_fd_sc_hd__nor2_1)
                                                         _06962_ (net)
                      0.199862    0.000053   24.654940 ^ fanout417/A (sky130_fd_sc_hd__clkbuf_4)
    10    0.043410    0.138456    0.258879   24.913818 ^ fanout417/X (sky130_fd_sc_hd__clkbuf_4)
                                                         net417 (net)
                      0.138456    0.000218   24.914038 ^ _16887_/S (sky130_fd_sc_hd__mux2_1)
     4    0.012883    0.104229    0.394135   25.308172 v _16887_/X (sky130_fd_sc_hd__mux2_1)
                                                         _07017_ (net)
                      0.104229    0.000037   25.308210 v _16888_/B (sky130_fd_sc_hd__xnor2_1)
     4    0.010551    0.275623    0.266780   25.574989 ^ _16888_/Y (sky130_fd_sc_hd__xnor2_1)
                                                         _07018_ (net)
                      0.275623    0.000039   25.575029 ^ _16920_/B_N (sky130_fd_sc_hd__and4bb_1)
     1    0.002666    0.040961    0.249024   25.824053 v _16920_/X (sky130_fd_sc_hd__and4bb_1)
                                                         _07050_ (net)
                      0.040961    0.000005   25.824059 v _16923_/B1 (sky130_fd_sc_hd__a211o_1)
     4    0.014686    0.099815    0.323048   26.147106 v _16923_/X (sky130_fd_sc_hd__a211o_1)
                                                         _07053_ (net)
                      0.099815    0.000336   26.147442 v _16927_/A2 (sky130_fd_sc_hd__a21oi_2)
     3    0.017942    0.237163    0.261556   26.408998 ^ _16927_/Y (sky130_fd_sc_hd__a21oi_2)
                                                         _07057_ (net)
                      0.237163    0.000119   26.409117 ^ _16929_/A2 (sky130_fd_sc_hd__o211ai_4)
     3    0.014945    0.084369    0.119540   26.528658 v _16929_/Y (sky130_fd_sc_hd__o211ai_4)
                                                         _07059_ (net)
                      0.084370    0.000137   26.528793 v _16936_/A3 (sky130_fd_sc_hd__a31o_2)
     7    0.020909    0.077999    0.307388   26.836182 v _16936_/X (sky130_fd_sc_hd__a31o_2)
                                                         _07066_ (net)
                      0.077999    0.000112   26.836294 v _16974_/A2 (sky130_fd_sc_hd__a21o_1)
     3    0.006569    0.050294    0.202609   27.038904 v _16974_/X (sky130_fd_sc_hd__a21o_1)
                                                         _07104_ (net)
                      0.050294    0.000004   27.038906 v _16978_/B (sky130_fd_sc_hd__and3_1)
     3    0.005625    0.050550    0.175177   27.214085 v _16978_/X (sky130_fd_sc_hd__and3_1)
                                                         _07108_ (net)
                      0.050550    0.000007   27.214092 v _16991_/A (sky130_fd_sc_hd__or4_1)
     2    0.004280    0.095430    0.528614   27.742704 v _16991_/X (sky130_fd_sc_hd__or4_1)
                                                         _07121_ (net)
                      0.095430    0.000009   27.742714 v _17008_/C (sky130_fd_sc_hd__or4_1)
     3    0.009919    0.127452    0.540828   28.283541 v _17008_/X (sky130_fd_sc_hd__or4_1)
                                                         _07138_ (net)
                      0.127452    0.000194   28.283735 v _17030_/A1 (sky130_fd_sc_hd__a21o_1)
     3    0.006540    0.050171    0.201462   28.485197 v _17030_/X (sky130_fd_sc_hd__a21o_1)
                                                         _07160_ (net)
                      0.050171    0.000011   28.485209 v _17055_/A1 (sky130_fd_sc_hd__a21o_1)
     7    0.019403    0.100838    0.218577   28.703785 v _17055_/X (sky130_fd_sc_hd__a21o_1)
                                                         _07185_ (net)
                      0.100838    0.000252   28.704037 v _17096_/A1 (sky130_fd_sc_hd__a2111oi_1)
     2    0.005196    0.412019    0.421505   29.125542 ^ _17096_/Y (sky130_fd_sc_hd__a2111oi_1)
                                                         _07226_ (net)
                      0.412019    0.000007   29.125549 ^ max_cap414/A (sky130_fd_sc_hd__clkbuf_1)
     1    0.002898    0.051139    0.133932   29.259481 ^ max_cap414/X (sky130_fd_sc_hd__clkbuf_1)
                                                         net414 (net)
                      0.051139    0.000004   29.259485 ^ _17098_/B1 (sky130_fd_sc_hd__a211oi_1)
     2    0.003729    0.068270    0.048464   29.307949 v _17098_/Y (sky130_fd_sc_hd__a211oi_1)
                                                         _07228_ (net)
                      0.068270    0.000014   29.307962 v _17158_/A (sky130_fd_sc_hd__or4_1)
     1    0.002715    0.081150    0.516671   29.824635 v _17158_/X (sky130_fd_sc_hd__or4_1)
                                                         _07288_ (net)
                      0.081150    0.000018   29.824652 v _17161_/C (sky130_fd_sc_hd__or4b_1)
     1    0.002894    0.085032    0.470134   30.294786 v _17161_/X (sky130_fd_sc_hd__or4b_1)
                                                         _07291_ (net)
                      0.085032    0.000007   30.294794 v _17163_/A4 (sky130_fd_sc_hd__o41a_1)
     2    0.006350    0.078446    0.340680   30.635473 v _17163_/X (sky130_fd_sc_hd__o41a_1)
                                                         _07293_ (net)
                      0.078446    0.000085   30.635559 v _17169_/A2 (sky130_fd_sc_hd__a21oi_1)
     4    0.011481    0.266622    0.271857   30.907415 ^ _17169_/Y (sky130_fd_sc_hd__a21oi_1)
                                                         _07299_ (net)
                      0.266622    0.000142   30.907558 ^ _17173_/A2 (sky130_fd_sc_hd__a21oi_1)
     3    0.010012    0.109124    0.159716   31.067274 v _17173_/Y (sky130_fd_sc_hd__a21oi_1)
                                                         _07303_ (net)
                      0.109124    0.000050   31.067324 v _17187_/A1 (sky130_fd_sc_hd__o311a_1)
     3    0.012618    0.094752    0.421121   31.488445 v _17187_/X (sky130_fd_sc_hd__o311a_1)
                                                         _07317_ (net)
                      0.094752    0.000099   31.488544 v _17193_/A2 (sky130_fd_sc_hd__o311a_2)
     8    0.022111    0.100937    0.452907   31.941452 v _17193_/X (sky130_fd_sc_hd__o311a_2)
                                                         _07323_ (net)
                      0.100937    0.000323   31.941774 v _17254_/B (sky130_fd_sc_hd__or3_1)
     4    0.009147    0.103443    0.407095   32.348869 v _17254_/X (sky130_fd_sc_hd__or3_1)
                                                         _07384_ (net)
                      0.103443    0.000011   32.348881 v _17258_/C (sky130_fd_sc_hd__and3_1)
     3    0.005739    0.051055    0.215149   32.564030 v _17258_/X (sky130_fd_sc_hd__and3_1)
                                                         _07388_ (net)
                      0.051055    0.000007   32.564037 v _17267_/B (sky130_fd_sc_hd__or4_1)
     2    0.003971    0.093332    0.508518   33.072552 v _17267_/X (sky130_fd_sc_hd__or4_1)
                                                         _07397_ (net)
                      0.093332    0.000007   33.072559 v _17284_/A (sky130_fd_sc_hd__or4_1)
     3    0.008058    0.118042    0.576730   33.649292 v _17284_/X (sky130_fd_sc_hd__or4_1)
                                                         _07414_ (net)
                      0.118042    0.000064   33.649353 v _17288_/A1 (sky130_fd_sc_hd__a211o_1)
     3    0.009256    0.077328    0.315936   33.965290 v _17288_/X (sky130_fd_sc_hd__a211o_1)
                                                         _07418_ (net)
                      0.077328    0.000153   33.965443 v _17293_/A1 (sky130_fd_sc_hd__a211o_1)
     2    0.004231    0.056322    0.270596   34.236038 v _17293_/X (sky130_fd_sc_hd__a211o_1)
                                                         _07423_ (net)
                      0.056322    0.000004   34.236042 v _17298_/A1 (sky130_fd_sc_hd__a21o_1)
     5    0.016582    0.089117    0.211053   34.447094 v _17298_/X (sky130_fd_sc_hd__a21o_1)
                                                         _07428_ (net)
                      0.089117    0.000131   34.447227 v _17315_/A1 (sky130_fd_sc_hd__a21oi_2)
     3    0.013256    0.184604    0.210918   34.658146 ^ _17315_/Y (sky130_fd_sc_hd__a21oi_2)
                                                         _07445_ (net)
                      0.184604    0.000028   34.658173 ^ fanout411/A (sky130_fd_sc_hd__clkbuf_4)
    10    0.041343    0.132618    0.249511   34.907684 ^ fanout411/X (sky130_fd_sc_hd__clkbuf_4)
                                                         net411 (net)
                      0.132618    0.000011   34.907692 ^ fanout410/A (sky130_fd_sc_hd__clkbuf_4)
    10    0.039300    0.126642    0.227633   35.135326 ^ fanout410/X (sky130_fd_sc_hd__clkbuf_4)
                                                         net410 (net)
                      0.126643    0.000647   35.135975 ^ _17357_/S (sky130_fd_sc_hd__mux2_1)
     4    0.012376    0.098835    0.390035   35.526009 v _17357_/X (sky130_fd_sc_hd__mux2_1)
                                                         _07487_ (net)
                      0.098835    0.000032   35.526039 v _17359_/B (sky130_fd_sc_hd__xnor2_1)
     2    0.006057    0.070755    0.159325   35.685364 v _17359_/Y (sky130_fd_sc_hd__xnor2_1)
                                                         _07489_ (net)
                      0.070755    0.000007   35.685371 v _17364_/A (sky130_fd_sc_hd__or2_1)
     2    0.003317    0.052208    0.233559   35.918930 v _17364_/X (sky130_fd_sc_hd__or2_1)
                                                         _07494_ (net)
                      0.052208    0.000007   35.918938 v _17394_/A (sky130_fd_sc_hd__or4_1)
     2    0.005204    0.097958    0.537465   36.456402 v _17394_/X (sky130_fd_sc_hd__or4_1)
                                                         _07524_ (net)
                      0.097958    0.000039   36.456444 v _17403_/A2 (sky130_fd_sc_hd__a41o_1)
     2    0.006797    0.056784    0.244928   36.701370 v _17403_/X (sky130_fd_sc_hd__a41o_1)
                                                         _07533_ (net)
                      0.056784    0.000078   36.701447 v _17426_/A2 (sky130_fd_sc_hd__a21o_1)
     2    0.005815    0.045764    0.190674   36.892124 v _17426_/X (sky130_fd_sc_hd__a21o_1)
                                                         _07556_ (net)
                      0.045764    0.000060   36.892181 v _17441_/A1 (sky130_fd_sc_hd__a311o_1)
     2    0.005093    0.066558    0.272031   37.164215 v _17441_/X (sky130_fd_sc_hd__a311o_1)
                                                         _07571_ (net)
                      0.066558    0.000007   37.164223 v _17444_/A1 (sky130_fd_sc_hd__a21o_1)
     2    0.007443    0.053952    0.180670   37.344891 v _17444_/X (sky130_fd_sc_hd__a21o_1)
                                                         _07574_ (net)
                      0.053952    0.000021   37.344913 v _17448_/A1 (sky130_fd_sc_hd__a21oi_1)
     1    0.002877    0.108228    0.121698   37.466610 ^ _17448_/Y (sky130_fd_sc_hd__a21oi_1)
                                                         _07578_ (net)
                      0.108228    0.000011   37.466621 ^ fanout409/A (sky130_fd_sc_hd__clkbuf_2)
     5    0.022368    0.127035    0.186972   37.653595 ^ fanout409/X (sky130_fd_sc_hd__clkbuf_2)
                                                         net409 (net)
                      0.127035    0.000043   37.653637 ^ fanout408/A (sky130_fd_sc_hd__clkbuf_4)
    10    0.041996    0.134027    0.231651   37.885288 ^ fanout408/X (sky130_fd_sc_hd__clkbuf_4)
                                                         net408 (net)
                      0.134027    0.000114   37.885403 ^ _17539_/S (sky130_fd_sc_hd__mux2_1)
     4    0.011288    0.094215    0.386013   38.271412 v _17539_/X (sky130_fd_sc_hd__mux2_1)
                                                         _07669_ (net)
                      0.094215    0.000110   38.271523 v _17541_/B (sky130_fd_sc_hd__and2_1)
     1    0.002714    0.035685    0.171983   38.443508 v _17541_/X (sky130_fd_sc_hd__and2_1)
                                                         _07671_ (net)
                      0.035685    0.000007   38.443516 v _17542_/B (sky130_fd_sc_hd__nor2_1)
     4    0.008844    0.179541    0.153065   38.596581 ^ _17542_/Y (sky130_fd_sc_hd__nor2_1)
                                                         _07672_ (net)
                      0.179541    0.000000   38.596581 ^ _17547_/A (sky130_fd_sc_hd__and2_1)
     2    0.005112    0.069497    0.165823   38.762402 ^ _17547_/X (sky130_fd_sc_hd__and2_1)
                                                         _07677_ (net)
                      0.069497    0.000025   38.762428 ^ _17558_/C_N (sky130_fd_sc_hd__or4bb_1)
     2    0.003643    0.088660    0.482075   39.244503 v _17558_/X (sky130_fd_sc_hd__or4bb_1)
                                                         _07688_ (net)
                      0.088660    0.000011   39.244514 v _17583_/C (sky130_fd_sc_hd__or4_1)
     1    0.004474    0.096570    0.490914   39.735428 v _17583_/X (sky130_fd_sc_hd__or4_1)
                                                         _07713_ (net)
                      0.096570    0.000007   39.735435 v _17590_/A1 (sky130_fd_sc_hd__a211oi_2)
     3    0.011017    0.271603    0.280039   40.015472 ^ _17590_/Y (sky130_fd_sc_hd__a211oi_2)
                                                         _07720_ (net)
                      0.271603    0.000050   40.015522 ^ fanout406/A (sky130_fd_sc_hd__clkbuf_4)
    10    0.043695    0.139591    0.283773   40.299297 ^ fanout406/X (sky130_fd_sc_hd__clkbuf_4)
                                                         net406 (net)
                      0.139591    0.000238   40.299534 ^ _17600_/S (sky130_fd_sc_hd__mux2_1)
     3    0.008385    0.084759    0.371493   40.671028 v _17600_/X (sky130_fd_sc_hd__mux2_1)
                                                         _07730_ (net)
                      0.084759    0.000011   40.671036 v _17602_/B (sky130_fd_sc_hd__and2_1)
     3    0.005529    0.047785    0.181412   40.852451 v _17602_/X (sky130_fd_sc_hd__and2_1)
                                                         _07732_ (net)
                      0.047785    0.000011   40.852459 v _17604_/A (sky130_fd_sc_hd__or2_1)
     4    0.010503    0.085155    0.264802   41.117260 v _17604_/X (sky130_fd_sc_hd__or2_1)
                                                         _07734_ (net)
                      0.085155    0.000018   41.117279 v _17655_/A (sky130_fd_sc_hd__or4_1)
     1    0.002551    0.082049    0.519972   41.637253 v _17655_/X (sky130_fd_sc_hd__or4_1)
                                                         _07785_ (net)
                      0.082049    0.000004   41.637257 v _17656_/C1 (sky130_fd_sc_hd__o311a_1)
     3    0.007362    0.073341    0.139252   41.776508 v _17656_/X (sky130_fd_sc_hd__o311a_1)
                                                         _07786_ (net)
                      0.073341    0.000043   41.776550 v _17682_/A2 (sky130_fd_sc_hd__a21o_1)
     3    0.009172    0.059407    0.212939   41.989491 v _17682_/X (sky130_fd_sc_hd__a21o_1)
                                                         _07812_ (net)
                      0.059407    0.000107   41.989594 v _17737_/A1 (sky130_fd_sc_hd__a21o_1)
     1    0.002395    0.032277    0.153062   42.142658 v _17737_/X (sky130_fd_sc_hd__a21o_1)
                                                         _07867_ (net)
                      0.032277    0.000000   42.142658 v _17745_/A1 (sky130_fd_sc_hd__a21oi_1)
     1    0.002758    0.106130    0.111331   42.253986 ^ _17745_/Y (sky130_fd_sc_hd__a21oi_1)
                                                         _07875_ (net)
                      0.106130    0.000007   42.253994 ^ fanout403/A (sky130_fd_sc_hd__clkbuf_2)
     6    0.026268    0.147316    0.200394   42.454391 ^ fanout403/X (sky130_fd_sc_hd__clkbuf_2)
                                                         net403 (net)
                      0.147316    0.000149   42.454540 ^ fanout401/A (sky130_fd_sc_hd__clkbuf_4)
    10    0.042778    0.136364    0.239986   42.694523 ^ fanout401/X (sky130_fd_sc_hd__clkbuf_4)
                                                         net401 (net)
                      0.136364    0.000504   42.695030 ^ _17784_/S (sky130_fd_sc_hd__mux2_1)
     3    0.008484    0.085277    0.371688   43.066719 v _17784_/X (sky130_fd_sc_hd__mux2_1)
                                                         _07914_ (net)
                      0.085277    0.000028   43.066746 v _17786_/B (sky130_fd_sc_hd__xnor2_1)
     2    0.004005    0.058861    0.141561   43.208309 v _17786_/Y (sky130_fd_sc_hd__xnor2_1)
                                                         _07916_ (net)
                      0.058861    0.000004   43.208309 v _17789_/A (sky130_fd_sc_hd__or2_1)
     4    0.010427    0.081990    0.268440   43.476749 v _17789_/X (sky130_fd_sc_hd__or2_1)
                                                         _07919_ (net)
                      0.081990    0.000032   43.476784 v _17812_/A2 (sky130_fd_sc_hd__a2111o_1)
     2    0.005329    0.071536    0.431150   43.907932 v _17812_/X (sky130_fd_sc_hd__a2111o_1)
                                                         _07942_ (net)
                      0.071536    0.000043   43.907974 v _17843_/A1 (sky130_fd_sc_hd__a211o_1)
     2    0.008204    0.074007    0.291685   44.199661 v _17843_/X (sky130_fd_sc_hd__a211o_1)
                                                         _07973_ (net)
                      0.074007    0.000075   44.199734 v _17849_/B (sky130_fd_sc_hd__nand3b_2)
     4    0.014179    0.113374    0.120856   44.320591 ^ _17849_/Y (sky130_fd_sc_hd__nand3b_2)
                                                         _07979_ (net)
                      0.113374    0.000167   44.320759 ^ _17873_/A (sky130_fd_sc_hd__nand3_2)
     4    0.017808    0.122739    0.130690   44.451447 v _17873_/Y (sky130_fd_sc_hd__nand3_2)
                                                         _08003_ (net)
                      0.122739    0.000092   44.451542 v _17904_/A1 (sky130_fd_sc_hd__a21o_1)
     6    0.017609    0.093372    0.242011   44.693550 v _17904_/X (sky130_fd_sc_hd__a21o_1)
                                                         _08034_ (net)
                      0.093372    0.000199   44.693752 v _17909_/A1 (sky130_fd_sc_hd__a21oi_1)
     2    0.005735    0.163365    0.178648   44.872398 ^ _17909_/Y (sky130_fd_sc_hd__a21oi_1)
                                                         _08039_ (net)
                      0.163365    0.000004   44.872402 ^ fanout397/A (sky130_fd_sc_hd__buf_2)
    10    0.034825    0.173168    0.239783   45.112186 ^ fanout397/X (sky130_fd_sc_hd__buf_2)
                                                         net397 (net)
                      0.173168    0.000430   45.112614 ^ _17930_/S (sky130_fd_sc_hd__mux2_2)
     4    0.016860    0.086063    0.405496   45.518112 v _17930_/X (sky130_fd_sc_hd__mux2_2)
                                                         _08060_ (net)
                      0.086063    0.000018   45.518127 v _17933_/B (sky130_fd_sc_hd__xnor2_2)
     4    0.010955    0.077939    0.164498   45.682629 v _17933_/Y (sky130_fd_sc_hd__xnor2_2)
                                                         _08063_ (net)
                      0.077939    0.000046   45.682674 v _17961_/A (sky130_fd_sc_hd__or4_1)
     1    0.002464    0.081278    0.516501   46.199173 v _17961_/X (sky130_fd_sc_hd__or4_1)
                                                         _08091_ (net)
                      0.081278    0.000004   46.199177 v _17966_/A3 (sky130_fd_sc_hd__o31a_2)
     6    0.017042    0.084118    0.341441   46.540619 v _17966_/X (sky130_fd_sc_hd__o31a_2)
                                                         _08096_ (net)
                      0.084118    0.000259   46.540878 v _18084_/A2 (sky130_fd_sc_hd__a211o_1)
     2    0.006925    0.068932    0.324221   46.865097 v _18084_/X (sky130_fd_sc_hd__a211o_1)
                                                         _08214_ (net)
                      0.068932    0.000011   46.865108 v _18086_/A1 (sky130_fd_sc_hd__a21oi_2)
     4    0.014287    0.195266    0.211617   47.076725 ^ _18086_/Y (sky130_fd_sc_hd__a21oi_2)
                                                         _08216_ (net)
                      0.195266    0.000053   47.076778 ^ fanout392/A (sky130_fd_sc_hd__clkbuf_4)
    10    0.040347    0.129978    0.250875   47.327656 ^ fanout392/X (sky130_fd_sc_hd__clkbuf_4)
                                                         net392 (net)
                      0.129981    0.000767   47.328423 ^ _18160_/S (sky130_fd_sc_hd__mux2_1)
     3    0.010673    0.091653    0.382567   47.710987 v _18160_/X (sky130_fd_sc_hd__mux2_1)
                                                         _08290_ (net)
                      0.091653    0.000103   47.711090 v _18162_/B (sky130_fd_sc_hd__xnor2_1)
     2    0.010268    0.269882    0.257518   47.968609 ^ _18162_/Y (sky130_fd_sc_hd__xnor2_1)
                                                         _08292_ (net)
                      0.269882    0.000014   47.968624 ^ _18164_/A1 (sky130_fd_sc_hd__o21ai_2)
     3    0.010010    0.078135    0.124089   48.092712 v _18164_/Y (sky130_fd_sc_hd__o21ai_2)
                                                         _08294_ (net)
                      0.078135    0.000025   48.092739 v _18167_/A2 (sky130_fd_sc_hd__a31o_1)
     3    0.007780    0.059503    0.238540   48.331280 v _18167_/X (sky130_fd_sc_hd__a31o_1)
                                                         _08297_ (net)
                      0.059503    0.000046   48.331326 v _18193_/A1 (sky130_fd_sc_hd__a21o_1)
     5    0.013707    0.077355    0.202050   48.533375 v _18193_/X (sky130_fd_sc_hd__a21o_1)
                                                         _08323_ (net)
                      0.077355    0.000167   48.533543 v _18198_/A1 (sky130_fd_sc_hd__a21o_1)
     4    0.013685    0.077199    0.209404   48.742947 v _18198_/X (sky130_fd_sc_hd__a21o_1)
                                                         _08328_ (net)
                      0.077199    0.000032   48.742977 v _18204_/A2 (sky130_fd_sc_hd__a21bo_1)
     4    0.018490    0.098801    0.262723   49.005699 v _18204_/X (sky130_fd_sc_hd__a21bo_1)
                                                         _08334_ (net)
                      0.098801    0.000028   49.005730 v _18259_/A1 (sky130_fd_sc_hd__a21o_1)
     1    0.003502    0.036307    0.175923   49.181652 v _18259_/X (sky130_fd_sc_hd__a21o_1)
                                                         _08389_ (net)
                      0.036307    0.000021   49.181675 v fanout390/A (sky130_fd_sc_hd__clkbuf_2)
     7    0.023940    0.095731    0.156469   49.338142 v fanout390/X (sky130_fd_sc_hd__clkbuf_2)
                                                         net390 (net)
                      0.095731    0.000000   49.338142 v fanout389/A (sky130_fd_sc_hd__buf_2)
    10    0.034904    0.090714    0.204437   49.542580 v fanout389/X (sky130_fd_sc_hd__buf_2)
                                                         net389 (net)
                      0.090715    0.000508   49.543087 v _18284_/B (sky130_fd_sc_hd__or2_1)
     3    0.009607    0.081167    0.259057   49.802143 v _18284_/X (sky130_fd_sc_hd__or2_1)
                                                         _08414_ (net)
                      0.081167    0.000011   49.802155 v _18286_/B (sky130_fd_sc_hd__nand3_2)
     7    0.017543    0.111031    0.130271   49.932426 ^ _18286_/Y (sky130_fd_sc_hd__nand3_2)
                                                         _08416_ (net)
                      0.111031    0.000064   49.932491 ^ _18289_/B (sky130_fd_sc_hd__and3b_1)
     1    0.001927    0.043684    0.153648   50.086136 ^ _18289_/X (sky130_fd_sc_hd__and3b_1)
                                                         _08419_ (net)
                      0.043684    0.000004   50.086140 ^ _18290_/D_N (sky130_fd_sc_hd__or4b_2)
     3    0.010109    0.128964    0.628770   50.714912 v _18290_/X (sky130_fd_sc_hd__or4b_2)
                                                         _08420_ (net)
                      0.128964    0.000085   50.714996 v _18446_/A (sky130_fd_sc_hd__or3b_1)
     2    0.007722    0.093860    0.433015   51.148010 v _18446_/X (sky130_fd_sc_hd__or3b_1)
                                                         _08576_ (net)
                      0.093860    0.000131   51.148144 v _18448_/B1 (sky130_fd_sc_hd__a21o_1)
     3    0.007225    0.053033    0.188230   51.336372 v _18448_/X (sky130_fd_sc_hd__a21o_1)
                                                         _08578_ (net)
                      0.053033    0.000007   51.336380 v fanout385/A (sky130_fd_sc_hd__clkbuf_2)
    10    0.025291    0.100494    0.167400   51.503780 v fanout385/X (sky130_fd_sc_hd__clkbuf_2)
                                                         net385 (net)
                      0.100494    0.000085   51.503864 v _18454_/A (sky130_fd_sc_hd__nand2_1)
     1    0.003084    0.051730    0.078764   51.582630 ^ _18454_/Y (sky130_fd_sc_hd__nand2_1)
                                                         _08584_ (net)
                      0.051730    0.000014   51.582645 ^ fanout381/A (sky130_fd_sc_hd__clkbuf_4)
    10    0.040776    0.130648    0.200323   51.782967 ^ fanout381/X (sky130_fd_sc_hd__clkbuf_4)
                                                         net381 (net)
                      0.130648    0.000004   51.782970 ^ fanout380/A (sky130_fd_sc_hd__buf_2)
     5    0.027305    0.138032    0.206100   51.989071 ^ fanout380/X (sky130_fd_sc_hd__buf_2)
                                                         net380 (net)
                      0.138032    0.000217   51.989288 ^ fanout379/A (sky130_fd_sc_hd__clkbuf_2)
     6    0.020488    0.117409    0.189544   52.178833 ^ fanout379/X (sky130_fd_sc_hd__clkbuf_2)
                                                         net379 (net)
                      0.117409    0.000025   52.178856 ^ fanout378/A (sky130_fd_sc_hd__buf_2)
    10    0.033678    0.167746    0.223043   52.401901 ^ fanout378/X (sky130_fd_sc_hd__buf_2)
                                                         net378 (net)
                      0.167746    0.000259   52.402161 ^ _18526_/S (sky130_fd_sc_hd__mux2_1)
     3    0.012053    0.100642    0.394518   52.796677 v _18526_/X (sky130_fd_sc_hd__mux2_1)
                                                         _08656_ (net)
                      0.100642    0.000032   52.796707 v _18528_/B (sky130_fd_sc_hd__xnor2_2)
     4    0.014191    0.086136    0.181014   52.977722 v _18528_/Y (sky130_fd_sc_hd__xnor2_2)
                                                         _08658_ (net)
                      0.086136    0.000028   52.977753 v _18538_/B (sky130_fd_sc_hd__or3b_1)
     1    0.001883    0.060493    0.345263   53.323013 v _18538_/X (sky130_fd_sc_hd__or3b_1)
                                                         _08668_ (net)
                      0.060493    0.000004   53.323017 v _18539_/B_N (sky130_fd_sc_hd__and4bb_1)
     2    0.011105    0.132340    0.327134   53.650154 ^ _18539_/X (sky130_fd_sc_hd__and4bb_1)
                                                         _08669_ (net)
                      0.132340    0.000021   53.650173 ^ _18646_/C_N (sky130_fd_sc_hd__or3b_2)
     5    0.016251    0.118355    0.520600   54.170773 v _18646_/X (sky130_fd_sc_hd__or3b_2)
                                                         _08776_ (net)
                      0.118355    0.000348   54.171124 v _18648_/A2 (sky130_fd_sc_hd__a21o_1)
     5    0.013791    0.077621    0.247837   54.418961 v _18648_/X (sky130_fd_sc_hd__a21o_1)
                                                         _08778_ (net)
                      0.077621    0.000021   54.418980 v fanout376/A (sky130_fd_sc_hd__buf_2)
    10    0.032749    0.086298    0.191768   54.610748 v fanout376/X (sky130_fd_sc_hd__buf_2)
                                                         net376 (net)
                      0.086311    0.001030   54.611778 v _18657_/A (sky130_fd_sc_hd__nand2_2)
     4    0.021564    0.124641    0.131767   54.743546 ^ _18657_/Y (sky130_fd_sc_hd__nand2_2)
                                                         _08787_ (net)
                      0.124641    0.000050   54.743595 ^ fanout372/A (sky130_fd_sc_hd__buf_4)
    10    0.050101    0.143850    0.214492   54.958088 ^ fanout372/X (sky130_fd_sc_hd__buf_4)
                                                         net372 (net)
                      0.143850    0.000110   54.958199 ^ fanout371/A (sky130_fd_sc_hd__clkbuf_4)
    10    0.042750    0.136253    0.238799   55.196999 ^ fanout371/X (sky130_fd_sc_hd__clkbuf_4)
                                                         net371 (net)
                      0.136253    0.000018   55.197014 ^ _18757_/S (sky130_fd_sc_hd__mux2_1)
     4    0.012742    0.100426    0.393086   55.590099 v _18757_/X (sky130_fd_sc_hd__mux2_1)
                                                         _08887_ (net)
                      0.100426    0.000149   55.590252 v _18758_/B (sky130_fd_sc_hd__xnor2_1)
     3    0.005757    0.072151    0.158337   55.748589 v _18758_/Y (sky130_fd_sc_hd__xnor2_1)
                                                         _08888_ (net)
                      0.072151    0.000000   55.748589 v _18765_/C (sky130_fd_sc_hd__or4_1)
     3    0.006499    0.110413    0.504482   56.253071 v _18765_/X (sky130_fd_sc_hd__or4_1)
                                                         _08895_ (net)
                      0.110413    0.000021   56.253090 v _18857_/C (sky130_fd_sc_hd__or3_1)
     3    0.009487    0.101527    0.374136   56.627228 v _18857_/X (sky130_fd_sc_hd__or3_1)
                                                         _08987_ (net)
                      0.101527    0.000039   56.627266 v _18878_/B1 (sky130_fd_sc_hd__a311o_1)
     5    0.012931    0.102972    0.390575   57.017841 v _18878_/X (sky130_fd_sc_hd__a311o_1)
                                                         _09008_ (net)
                      0.102972    0.000036   57.017876 v _18957_/A3 (sky130_fd_sc_hd__a31o_1)
     3    0.009300    0.064805    0.266869   57.284744 v _18957_/X (sky130_fd_sc_hd__a31o_1)
                                                         _09087_ (net)
                      0.064805    0.000096   57.284843 v _18958_/C (sky130_fd_sc_hd__and3_1)
     4    0.009453    0.066965    0.215078   57.499920 v _18958_/X (sky130_fd_sc_hd__and3_1)
                                                         _09088_ (net)
                      0.066965    0.000014   57.499935 v _18970_/A (sky130_fd_sc_hd__or4_1)
     2    0.007029    0.114091    0.558877   58.058811 v _18970_/X (sky130_fd_sc_hd__or4_1)
                                                         _09100_ (net)
                      0.114091    0.000014   58.058826 v _18989_/A1 (sky130_fd_sc_hd__o311ai_2)
     2    0.008068    0.288253    0.349662   58.408485 ^ _18989_/Y (sky130_fd_sc_hd__o311ai_2)
                                                         _09119_ (net)
                      0.288253    0.000028   58.408516 ^ _18990_/A2 (sky130_fd_sc_hd__a211oi_1)
     3    0.007085    0.104461    0.153221   58.561737 v _18990_/Y (sky130_fd_sc_hd__a211oi_1)
                                                         _09120_ (net)
                      0.104461    0.000032   58.561768 v _19017_/A2 (sky130_fd_sc_hd__a2111o_1)
     3    0.009154    0.091411    0.466621   59.028389 v _19017_/X (sky130_fd_sc_hd__a2111o_1)
                                                         _09147_ (net)
                      0.091411    0.000099   59.028488 v _19018_/A2 (sky130_fd_sc_hd__a21o_1)
     4    0.010286    0.063551    0.224411   59.252899 v _19018_/X (sky130_fd_sc_hd__a21o_1)
                                                         _09148_ (net)
                      0.063551    0.000078   59.252979 v _19054_/A1 (sky130_fd_sc_hd__a21o_1)
     4    0.011542    0.068505    0.196028   59.449005 v _19054_/X (sky130_fd_sc_hd__a21o_1)
                                                         _09184_ (net)
                      0.068505    0.000018   59.449024 v fanout365/A (sky130_fd_sc_hd__buf_2)
    10    0.031743    0.084039    0.185928   59.634953 v fanout365/X (sky130_fd_sc_hd__buf_2)
                                                         net365 (net)
                      0.084040    0.000419   59.635372 v _19072_/A1 (sky130_fd_sc_hd__a211o_1)
     3    0.007753    0.071520    0.293930   59.929302 v _19072_/X (sky130_fd_sc_hd__a211o_1)
                                                         _09202_ (net)
                      0.071520    0.000036   59.929337 v _19074_/A1 (sky130_fd_sc_hd__a21oi_1)
     4    0.010906    0.263004    0.242366   60.171703 ^ _19074_/Y (sky130_fd_sc_hd__a21oi_1)
                                                         _09204_ (net)
                      0.263004    0.000021   60.171722 ^ _19084_/B1 (sky130_fd_sc_hd__a2111o_1)
     3    0.009410    0.098477    0.194255   60.365978 ^ _19084_/X (sky130_fd_sc_hd__a2111o_1)
                                                         _09214_ (net)
                      0.098477    0.000007   60.365986 ^ _19089_/A1_N (sky130_fd_sc_hd__o2bb2a_1)
     4    0.011660    0.092217    0.265018   60.631004 v _19089_/X (sky130_fd_sc_hd__o2bb2a_1)
                                                         _09219_ (net)
                      0.092217    0.000114   60.631119 v _19173_/A1 (sky130_fd_sc_hd__a221o_2)
     4    0.015107    0.085562    0.411461   61.042580 v _19173_/X (sky130_fd_sc_hd__a221o_2)
                                                         _09303_ (net)
                      0.085562    0.000178   61.042755 v _19202_/A1 (sky130_fd_sc_hd__a221o_1)
     4    0.014097    0.105387    0.386578   61.429333 v _19202_/X (sky130_fd_sc_hd__a221o_1)
                                                         _09332_ (net)
                      0.105387    0.000135   61.429470 v _19233_/A1 (sky130_fd_sc_hd__a41o_2)
     8    0.032355    0.108147    0.309548   61.739017 v _19233_/X (sky130_fd_sc_hd__a41o_2)
                                                         _09363_ (net)
                      0.108147    0.000277   61.739296 v _19267_/A1 (sky130_fd_sc_hd__a21o_1)
     1    0.003163    0.034643    0.177735   61.917030 v _19267_/X (sky130_fd_sc_hd__a21o_1)
                                                         _09397_ (net)
                      0.034643    0.000021   61.917049 v fanout360/A (sky130_fd_sc_hd__buf_2)
     8    0.031719    0.083920    0.171234   62.088284 v fanout360/X (sky130_fd_sc_hd__buf_2)
                                                         net360 (net)
                      0.083921    0.000320   62.088604 v fanout358/A (sky130_fd_sc_hd__clkbuf_4)
    10    0.038949    0.087780    0.207407   62.296013 v fanout358/X (sky130_fd_sc_hd__clkbuf_4)
                                                         net358 (net)
                      0.087782    0.000533   62.296543 v _19322_/S (sky130_fd_sc_hd__mux2_1)
     3    0.008509    0.085401    0.358732   62.655277 v _19322_/X (sky130_fd_sc_hd__mux2_1)
                                                         _09452_ (net)
                      0.085401    0.000007   62.655285 v _19325_/B (sky130_fd_sc_hd__and2_1)
     1    0.001553    0.030489    0.161045   62.816330 v _19325_/X (sky130_fd_sc_hd__and2_1)
                                                         _09455_ (net)
                      0.030489    0.000000   62.816330 v _19326_/B (sky130_fd_sc_hd__or2_1)
     4    0.009137    0.076890    0.235374   63.051704 v _19326_/X (sky130_fd_sc_hd__or2_1)
                                                         _09456_ (net)
                      0.076890    0.000028   63.051731 v _19327_/D (sky130_fd_sc_hd__or4_1)
     2    0.005346    0.102566    0.426631   63.478363 v _19327_/X (sky130_fd_sc_hd__or4_1)
                                                         _09457_ (net)
                      0.102566    0.000021   63.478382 v _19355_/C (sky130_fd_sc_hd__or4_2)
     4    0.010918    0.131185    0.673658   64.152039 v _19355_/X (sky130_fd_sc_hd__or4_2)
                                                         _09485_ (net)
                      0.131185    0.000085   64.152130 v _19417_/A1 (sky130_fd_sc_hd__a2111o_1)
     3    0.010159    0.095185    0.435961   64.588089 v _19417_/X (sky130_fd_sc_hd__a2111o_1)
                                                         _09547_ (net)
                      0.095185    0.000142   64.588226 v _19448_/A1 (sky130_fd_sc_hd__a2111o_2)
     7    0.020419    0.108841    0.497614   65.085846 v _19448_/X (sky130_fd_sc_hd__a2111o_2)
                                                         _09578_ (net)
                      0.108841    0.000085   65.085930 v _19461_/A (sky130_fd_sc_hd__nand2_1)
     1    0.002600    0.048145    0.078273   65.164200 ^ _19461_/Y (sky130_fd_sc_hd__nand2_1)
                                                         _09591_ (net)
                      0.048145    0.000007   65.164207 ^ fanout357/A (sky130_fd_sc_hd__buf_2)
     8    0.032244    0.160681    0.192763   65.356972 ^ fanout357/X (sky130_fd_sc_hd__buf_2)
                                                         net357 (net)
                      0.160681    0.000348   65.357323 ^ fanout355/A (sky130_fd_sc_hd__clkbuf_4)
    10    0.042580    0.135952    0.243894   65.601212 ^ fanout355/X (sky130_fd_sc_hd__clkbuf_4)
                                                         net355 (net)
                      0.135953    0.000689   65.601906 ^ _19507_/S (sky130_fd_sc_hd__mux2_1)
     4    0.012447    0.099130    0.391701   65.993607 v _19507_/X (sky130_fd_sc_hd__mux2_1)
                                                         _09637_ (net)
                      0.099130    0.000078   65.993683 v _19510_/B (sky130_fd_sc_hd__xnor2_1)
     3    0.008204    0.085626    0.171198   66.164879 v _19510_/Y (sky130_fd_sc_hd__xnor2_1)
                                                         _09640_ (net)
                      0.085626    0.000028   66.164909 v _19528_/A (sky130_fd_sc_hd__or4_1)
     1    0.002891    0.084927    0.524558   66.689468 v _19528_/X (sky130_fd_sc_hd__or4_1)
                                                         _09658_ (net)
                      0.084927    0.000014   66.689484 v _19529_/B1 (sky130_fd_sc_hd__a211o_1)
     3    0.006627    0.067630    0.299011   66.988495 v _19529_/X (sky130_fd_sc_hd__a211o_1)
                                                         _09659_ (net)
                      0.067630    0.000014   66.988510 v _19562_/A1 (sky130_fd_sc_hd__a2111o_1)
     4    0.012923    0.107611    0.425061   67.413567 v _19562_/X (sky130_fd_sc_hd__a2111o_1)
                                                         _09692_ (net)
                      0.107611    0.000192   67.413757 v _19596_/A1 (sky130_fd_sc_hd__a2111o_1)
     3    0.008488    0.089286    0.417266   67.831024 v _19596_/X (sky130_fd_sc_hd__a2111o_1)
                                                         _09726_ (net)
                      0.089286    0.000043   67.831070 v _19631_/A1 (sky130_fd_sc_hd__a21bo_1)
     3    0.007894    0.056795    0.203784   68.034851 v _19631_/X (sky130_fd_sc_hd__a21bo_1)
                                                         _09761_ (net)
                      0.056795    0.000028   68.034882 v _19642_/A1 (sky130_fd_sc_hd__a21o_1)
     2    0.003624    0.038056    0.159240   68.194122 v _19642_/X (sky130_fd_sc_hd__a21o_1)
                                                         _09772_ (net)
                      0.038056    0.000007   68.194130 v fanout352/A (sky130_fd_sc_hd__buf_2)
    10    0.028983    0.078082    0.167560   68.361687 v fanout352/X (sky130_fd_sc_hd__buf_2)
                                                         net352 (net)
                      0.078082    0.000306   68.361992 v _19690_/A1 (sky130_fd_sc_hd__a211o_1)
     3    0.007040    0.067755    0.287415   68.649406 v _19690_/X (sky130_fd_sc_hd__a211o_1)
                                                         _09820_ (net)
                      0.067755    0.000036   68.649445 v _19692_/C (sky130_fd_sc_hd__and3_1)
     3    0.005825    0.051404    0.199293   68.848740 v _19692_/X (sky130_fd_sc_hd__and3_1)
                                                         _09822_ (net)
                      0.051404    0.000007   68.848747 v _19701_/B (sky130_fd_sc_hd__or4_1)
     2    0.004261    0.095240    0.511250   69.359993 v _19701_/X (sky130_fd_sc_hd__or4_1)
                                                         _09831_ (net)
                      0.095240    0.000007   69.360001 v _19719_/C (sky130_fd_sc_hd__or4_4)
     5    0.072586    0.181828    0.638337   69.998337 v _19719_/X (sky130_fd_sc_hd__or4_4)
                                                         _09849_ (net)
                      0.181828    0.000121   69.998459 v _19723_/B1 (sky130_fd_sc_hd__o2111ai_4)
     5    0.015492    0.225042    0.180208   70.178665 ^ _19723_/Y (sky130_fd_sc_hd__o2111ai_4)
                                                         _09853_ (net)
                      0.225042    0.000071   70.178741 ^ _19783_/A (sky130_fd_sc_hd__nand3_2)
     5    0.018572    0.141712    0.165166   70.343903 v _19783_/Y (sky130_fd_sc_hd__nand3_2)
                                                         _09913_ (net)
                      0.141712    0.000199   70.344101 v _19852_/A1 (sky130_fd_sc_hd__a2111o_2)
     7    0.018806    0.104808    0.510056   70.854156 v _19852_/X (sky130_fd_sc_hd__a2111o_2)
                                                         _09982_ (net)
                      0.104808    0.000128   70.854286 v _19881_/A (sky130_fd_sc_hd__nand2_1)
     4    0.015413    0.150531    0.158934   71.013222 ^ _19881_/Y (sky130_fd_sc_hd__nand2_1)
                                                         _10011_ (net)
                      0.150531    0.000007   71.013229 ^ fanout347/A (sky130_fd_sc_hd__clkbuf_4)
    10    0.042721    0.136231    0.240938   71.254166 ^ fanout347/X (sky130_fd_sc_hd__clkbuf_4)
                                                         net347 (net)
                      0.136231    0.000185   71.254349 ^ _19942_/S (sky130_fd_sc_hd__mux2_2)
     4    0.015922    0.081089    0.396390   71.650742 v _19942_/X (sky130_fd_sc_hd__mux2_2)
                                                         _10072_ (net)
                      0.081089    0.000114   71.650856 v _19943_/B (sky130_fd_sc_hd__xnor2_2)
     4    0.011917    0.080621    0.165443   71.816299 v _19943_/Y (sky130_fd_sc_hd__xnor2_2)
                                                         _10073_ (net)
                      0.080621    0.000043   71.816338 v _19954_/B (sky130_fd_sc_hd__or4_1)
     2    0.006706    0.111813    0.542677   72.359016 v _19954_/X (sky130_fd_sc_hd__or4_1)
                                                         _10084_ (net)
                      0.111813    0.000014   72.359032 v _19958_/A3 (sky130_fd_sc_hd__o31a_1)
     2    0.013537    0.095080    0.311395   72.670425 v _19958_/X (sky130_fd_sc_hd__o31a_1)
                                                         _10088_ (net)
                      0.095080    0.000036   72.670464 v _20023_/A1 (sky130_fd_sc_hd__o2111ai_4)
     6    0.023035    0.268922    0.291962   72.962425 ^ _20023_/Y (sky130_fd_sc_hd__o2111ai_4)
                                                         _10153_ (net)
                      0.268922    0.000362   72.962784 ^ _20056_/B (sky130_fd_sc_hd__nand3_2)
     6    0.013999    0.123453    0.164597   73.127380 v _20056_/Y (sky130_fd_sc_hd__nand3_2)
                                                         _10186_ (net)
                      0.123453    0.000014   73.127396 v _20091_/A (sky130_fd_sc_hd__nand2_1)
     1    0.002538    0.050592    0.083503   73.210899 ^ _20091_/Y (sky130_fd_sc_hd__nand2_1)
                                                         _10221_ (net)
                      0.050592    0.000007   73.210907 ^ fanout343/A (sky130_fd_sc_hd__clkbuf_2)
     6    0.023887    0.134853    0.171248   73.382156 ^ fanout343/X (sky130_fd_sc_hd__clkbuf_2)
                                                         net343 (net)
                      0.134853    0.000185   73.382339 ^ fanout341/A (sky130_fd_sc_hd__clkbuf_4)
    10    0.040394    0.129652    0.230834   73.613174 ^ fanout341/X (sky130_fd_sc_hd__clkbuf_4)
                                                         net341 (net)
                      0.129652    0.000348   73.613525 ^ _20204_/S (sky130_fd_sc_hd__mux2_1)
     3    0.005483    0.070668    0.350681   73.964203 v _20204_/X (sky130_fd_sc_hd__mux2_1)
                                                         _10339_ (net)
                      0.070668    0.000000   73.964203 v _20206_/B (sky130_fd_sc_hd__or2_1)
     1    0.002152    0.045379    0.205581   74.169785 v _20206_/X (sky130_fd_sc_hd__or2_1)
                                                         _10341_ (net)
                      0.045379    0.000007   74.169792 v _20207_/B (sky130_fd_sc_hd__and2_1)
     5    0.012096    0.075151    0.190582   74.360374 v _20207_/X (sky130_fd_sc_hd__and2_1)
                                                         _10342_ (net)
                      0.075151    0.000014   74.360390 v _20208_/C (sky130_fd_sc_hd__and3_1)
     2    0.004332    0.044932    0.195350   74.555740 v _20208_/X (sky130_fd_sc_hd__and3_1)
                                                         _10343_ (net)
                      0.044932    0.000007   74.555748 v _20209_/D (sky130_fd_sc_hd__and4bb_1)
     1    0.004441    0.049220    0.203954   74.759697 v _20209_/X (sky130_fd_sc_hd__and4bb_1)
                                                         _10344_ (net)
                      0.049220    0.000007   74.759705 v _20217_/A2 (sky130_fd_sc_hd__a221o_4)
     8    0.030623    0.094121    0.478444   75.238152 v _20217_/X (sky130_fd_sc_hd__a221o_4)
                                                         _10353_ (net)
                      0.094121    0.000476   75.238625 v _20303_/A1 (sky130_fd_sc_hd__a21o_1)
     2    0.005873    0.045987    0.184862   75.423485 v _20303_/X (sky130_fd_sc_hd__a21o_1)
                                                         _10448_ (net)
                      0.045987    0.000007   75.423492 v fanout339/A (sky130_fd_sc_hd__clkbuf_4)
    10    0.041376    0.092140    0.194255   75.617752 v fanout339/X (sky130_fd_sc_hd__clkbuf_4)
                                                         net339 (net)
                      0.092140    0.000185   75.617935 v fanout338/A (sky130_fd_sc_hd__clkbuf_4)
    10    0.037467    0.085076    0.208928   75.826866 v fanout338/X (sky130_fd_sc_hd__clkbuf_4)
                                                         net338 (net)
                      0.085077    0.000497   75.827362 v _20359_/S (sky130_fd_sc_hd__mux2_1)
     3    0.005805    0.072236    0.339895   76.167259 v _20359_/X (sky130_fd_sc_hd__mux2_1)
                                                         _10509_ (net)
                      0.072236    0.000014   76.167267 v _20361_/B (sky130_fd_sc_hd__and2_1)
     2    0.004254    0.042427    0.169813   76.337082 v _20361_/X (sky130_fd_sc_hd__and2_1)
                                                         _10512_ (net)
                      0.042427    0.000007   76.337090 v _20362_/B (sky130_fd_sc_hd__nor2_1)
     2    0.006548    0.140822    0.127194   76.464287 ^ _20362_/Y (sky130_fd_sc_hd__nor2_1)
                                                         _10513_ (net)
                      0.140822    0.000007   76.464294 ^ _20363_/C_N (sky130_fd_sc_hd__or3b_1)
     1    0.002306    0.063725    0.350894   76.815186 v _20363_/X (sky130_fd_sc_hd__or3b_1)
                                                         _10514_ (net)
                      0.063725    0.000007   76.815193 v _20364_/D (sky130_fd_sc_hd__or4_2)
     5    0.012132    0.136842    0.601240   77.416435 v _20364_/X (sky130_fd_sc_hd__or4_2)
                                                         _10515_ (net)
                      0.136842    0.000064   77.416496 v _20427_/A1 (sky130_fd_sc_hd__a2111o_2)
     5    0.016231    0.098952    0.500506   77.917000 v _20427_/X (sky130_fd_sc_hd__a2111o_2)
                                                         _10584_ (net)
                      0.098952    0.000156   77.917160 v _20485_/A1 (sky130_fd_sc_hd__a2111o_4)
     9    0.027021    0.100530    0.516138   78.433296 v _20485_/X (sky130_fd_sc_hd__a2111o_4)
                                                         _10648_ (net)
                      0.100530    0.000213   78.433510 v _20524_/A (sky130_fd_sc_hd__nand2_1)
     2    0.007306    0.082353    0.106482   78.539993 ^ _20524_/Y (sky130_fd_sc_hd__nand2_1)
                                                         _10691_ (net)
                      0.082353    0.000028   78.540024 ^ fanout332/A (sky130_fd_sc_hd__clkbuf_4)
    10    0.044847    0.141961    0.220709   78.760727 ^ fanout332/X (sky130_fd_sc_hd__clkbuf_4)
                                                         net332 (net)
                      0.141962    0.000682   78.761414 ^ _20574_/S (sky130_fd_sc_hd__mux2_1)
     3    0.012073    0.097540    0.390763   79.152176 v _20574_/X (sky130_fd_sc_hd__mux2_1)
                                                         _10746_ (net)
                      0.097540    0.000192   79.152367 v _20577_/B (sky130_fd_sc_hd__xnor2_1)
     4    0.009184    0.095966    0.175859   79.328224 v _20577_/Y (sky130_fd_sc_hd__xnor2_1)
                                                         _10749_ (net)
                      0.095966    0.000007   79.328232 v _20594_/C (sky130_fd_sc_hd__or4_1)
     2    0.005868    0.102274    0.505978   79.834213 v _20594_/X (sky130_fd_sc_hd__or4_1)
                                                         _10768_ (net)
                      0.102274    0.000043   79.834251 v _20595_/D (sky130_fd_sc_hd__or4_1)
     2    0.004175    0.094553    0.423491   80.257744 v _20595_/X (sky130_fd_sc_hd__or4_1)
                                                         _10769_ (net)
                      0.094553    0.000007   80.257751 v _20675_/A1 (sky130_fd_sc_hd__o221a_1)
     3    0.007025    0.069348    0.295877   80.553627 v _20675_/X (sky130_fd_sc_hd__o221a_1)
                                                         _10857_ (net)
                      0.069348    0.000021   80.553650 v _20704_/A2 (sky130_fd_sc_hd__a211o_2)
    10    0.029812    0.113424    0.419554   80.973206 v _20704_/X (sky130_fd_sc_hd__a211o_2)
                                                         _10889_ (net)
                      0.113424    0.000156   80.973358 v _20765_/A (sky130_fd_sc_hd__nand2_1)
     1    0.003051    0.051771    0.083936   81.057297 ^ _20765_/Y (sky130_fd_sc_hd__nand2_1)
                                                         _10956_ (net)
                      0.051771    0.000014   81.057312 ^ fanout330/A (sky130_fd_sc_hd__clkbuf_4)
    10    0.043473    0.138025    0.206462   81.263771 ^ fanout330/X (sky130_fd_sc_hd__clkbuf_4)
                                                         net330 (net)
                      0.138025    0.000085   81.263855 ^ fanout329/A (sky130_fd_sc_hd__clkbuf_4)
    10    0.042341    0.135112    0.235900   81.499756 ^ fanout329/X (sky130_fd_sc_hd__clkbuf_4)
                                                         net329 (net)
                      0.135112    0.000412   81.500168 ^ fanout328/A (sky130_fd_sc_hd__clkbuf_4)
    10    0.043244    0.137569    0.236923   81.737091 ^ fanout328/X (sky130_fd_sc_hd__clkbuf_4)
                                                         net328 (net)
                      0.137569    0.000057   81.737152 ^ _20912_/S (sky130_fd_sc_hd__mux2_1)
     4    0.012705    0.100264    0.393094   82.130241 v _20912_/X (sky130_fd_sc_hd__mux2_1)
                                                         _11117_ (net)
                      0.100264    0.000149   82.130394 v _20915_/B (sky130_fd_sc_hd__xnor2_1)
     3    0.006812    0.074827    0.164079   82.294472 v _20915_/Y (sky130_fd_sc_hd__xnor2_1)
                                                         _11120_ (net)
                      0.074827    0.000021   82.294495 v _20923_/C (sky130_fd_sc_hd__or4_1)
     2    0.004985    0.100088    0.491369   82.785866 v _20923_/X (sky130_fd_sc_hd__or4_1)
                                                         _11129_ (net)
                      0.100088    0.000021   82.785881 v _20956_/A (sky130_fd_sc_hd__or3_1)
     2    0.006899    0.090442    0.412676   83.198563 v _20956_/X (sky130_fd_sc_hd__or3_1)
                                                         _11165_ (net)
                      0.090442    0.000021   83.198578 v _20966_/A3 (sky130_fd_sc_hd__o31ai_2)
     2    0.009790    0.275172    0.268201   83.466782 ^ _20966_/Y (sky130_fd_sc_hd__o31ai_2)
                                                         _11176_ (net)
                      0.275172    0.000142   83.466927 ^ wire327/A (sky130_fd_sc_hd__buf_2)
     5    0.027124    0.137924    0.244675   83.711601 ^ wire327/X (sky130_fd_sc_hd__buf_2)
                                                         net327 (net)
                      0.137924    0.000135   83.711739 ^ _20973_/A1 (sky130_fd_sc_hd__a21o_1)
     4    0.015955    0.144045    0.205894   83.917625 ^ _20973_/X (sky130_fd_sc_hd__a21o_1)
                                                         _11184_ (net)
                      0.144045    0.000043   83.917671 ^ fanout326/A (sky130_fd_sc_hd__buf_4)
    10    0.049679    0.142744    0.219401   84.137070 ^ fanout326/X (sky130_fd_sc_hd__buf_4)
                                                         net326 (net)
                      0.142745    0.000725   84.137794 ^ _21010_/S (sky130_fd_sc_hd__mux2_1)
     3    0.006329    0.074784    0.358220   84.496017 v _21010_/X (sky130_fd_sc_hd__mux2_1)
                                                         _11224_ (net)
                      0.074784    0.000014   84.496033 v _21011_/B (sky130_fd_sc_hd__nor2_1)
     3    0.007575    0.158254    0.151545   84.647575 ^ _21011_/Y (sky130_fd_sc_hd__nor2_1)
                                                         _11226_ (net)
                      0.158254    0.000021   84.647598 ^ _21013_/A (sky130_fd_sc_hd__nor2_1)
     3    0.006863    0.059089    0.089024   84.736626 v _21013_/Y (sky130_fd_sc_hd__nor2_1)
                                                         _11228_ (net)
                      0.059089    0.000021   84.736641 v _21014_/B (sky130_fd_sc_hd__and2_1)
     2    0.005113    0.046088    0.167667   84.904312 v _21014_/X (sky130_fd_sc_hd__and2_1)
                                                         _11229_ (net)
                      0.046088    0.000007   84.904320 v _21029_/A1 (sky130_fd_sc_hd__a31o_1)
     1    0.002469    0.036370    0.166530   85.070847 v _21029_/X (sky130_fd_sc_hd__a31o_1)
                                                         _11244_ (net)
                      0.036370    0.000000   85.070847 v _21030_/B1 (sky130_fd_sc_hd__a41o_1)
     4    0.015029    0.090740    0.251994   85.322838 v _21030_/X (sky130_fd_sc_hd__a41o_1)
                                                         _11245_ (net)
                      0.090740    0.000220   85.323059 v _21062_/A1 (sky130_fd_sc_hd__a221o_2)
     5    0.021685    0.100883    0.429708   85.752769 v _21062_/X (sky130_fd_sc_hd__a221o_2)
                                                         _11280_ (net)
                      0.100883    0.000121   85.752892 v _21132_/A1 (sky130_fd_sc_hd__a41o_2)
     5    0.028513    0.098993    0.298463   86.051353 v _21132_/X (sky130_fd_sc_hd__a41o_2)
                                                         _11356_ (net)
                      0.098996    0.000696   86.052048 v _21197_/A1 (sky130_fd_sc_hd__a21o_1)
     1    0.001873    0.029793    0.166217   86.218269 v _21197_/X (sky130_fd_sc_hd__a21o_1)
                                                         _11426_ (net)
                      0.029793    0.000000   86.218269 v fanout323/A (sky130_fd_sc_hd__buf_2)
     6    0.025774    0.071296    0.158039   86.376305 v fanout323/X (sky130_fd_sc_hd__buf_2)
                                                         net323 (net)
                      0.071296    0.000007   86.376312 v fanout322/A (sky130_fd_sc_hd__buf_4)
    10    0.049169    0.075870    0.196323   86.572639 v fanout322/X (sky130_fd_sc_hd__buf_4)
                                                         net322 (net)
                      0.075871    0.000369   86.573006 v _21271_/S (sky130_fd_sc_hd__mux2_1)
     4    0.012927    0.101168    0.376509   86.949516 v _21271_/X (sky130_fd_sc_hd__mux2_1)
                                                         _11507_ (net)
                      0.101168    0.000043   86.949554 v _21286_/A2 (sky130_fd_sc_hd__a22o_1)
     2    0.004462    0.049543    0.254971   87.204529 v _21286_/X (sky130_fd_sc_hd__a22o_1)
                                                         _11523_ (net)
                      0.049543    0.000007   87.204536 v _21287_/D (sky130_fd_sc_hd__and4bb_1)
     1    0.002724    0.041277    0.195705   87.400238 v _21287_/X (sky130_fd_sc_hd__and4bb_1)
                                                         _11524_ (net)
                      0.041277    0.000007   87.400246 v _21289_/B1 (sky130_fd_sc_hd__a211o_1)
     3    0.011604    0.086433    0.309811   87.710060 v _21289_/X (sky130_fd_sc_hd__a211o_1)
                                                         _11526_ (net)
                      0.086433    0.000078   87.710136 v _21319_/A1 (sky130_fd_sc_hd__a221o_2)
     4    0.014651    0.084344    0.408107   88.118240 v _21319_/X (sky130_fd_sc_hd__a221o_2)
                                                         _11558_ (net)
                      0.084344    0.000185   88.118431 v _21349_/B2 (sky130_fd_sc_hd__a221o_2)
     6    0.023036    0.104372    0.438057   88.556488 v _21349_/X (sky130_fd_sc_hd__a221o_2)
                                                         _11591_ (net)
                      0.104372    0.000284   88.556770 v _21412_/A1 (sky130_fd_sc_hd__a21o_1)
     3    0.008215    0.056566    0.199748   88.756516 v _21412_/X (sky130_fd_sc_hd__a21o_1)
                                                         _11660_ (net)
                      0.056566    0.000028   88.756546 v _21417_/A2 (sky130_fd_sc_hd__a31o_1)
     1    0.002233    0.035207    0.198916   88.955460 v _21417_/X (sky130_fd_sc_hd__a31o_1)
                                                         _11665_ (net)
                      0.035207    0.000007   88.955467 v fanout318/A (sky130_fd_sc_hd__buf_2)
     6    0.027434    0.074840    0.163368   89.118835 v fanout318/X (sky130_fd_sc_hd__buf_2)
                                                         net318 (net)
                      0.074840    0.000249   89.119087 v fanout315/A (sky130_fd_sc_hd__clkbuf_4)
    10    0.038224    0.086430    0.202320   89.321404 v fanout315/X (sky130_fd_sc_hd__clkbuf_4)
                                                         net315 (net)
                      0.086430    0.000107   89.321510 v _21471_/S (sky130_fd_sc_hd__mux2_1)
     3    0.009719    0.087744    0.365389   89.686905 v _21471_/X (sky130_fd_sc_hd__mux2_1)
                                                         _11724_ (net)
                      0.087744    0.000078   89.686981 v _21473_/B (sky130_fd_sc_hd__and2_1)
     1    0.001678    0.031048    0.162856   89.849838 v _21473_/X (sky130_fd_sc_hd__and2_1)
                                                         _11726_ (net)
                      0.031048    0.000000   89.849838 v _21474_/B (sky130_fd_sc_hd__or2_1)
     4    0.008478    0.076548    0.231793   90.081627 v _21474_/X (sky130_fd_sc_hd__or2_1)
                                                         _11727_ (net)
                      0.076548    0.000007   90.081635 v _21475_/D (sky130_fd_sc_hd__or4_1)
     3    0.008146    0.118615    0.452125   90.533760 v _21475_/X (sky130_fd_sc_hd__or4_1)
                                                         _11728_ (net)
                      0.118615    0.000050   90.533813 v _21476_/D (sky130_fd_sc_hd__nor4_1)
     2    0.005812    0.330735    0.267704   90.801514 ^ _21476_/Y (sky130_fd_sc_hd__nor4_1)
                                                         _11729_ (net)
                      0.330735    0.000021   90.801537 ^ max_cap313/A (sky130_fd_sc_hd__buf_1)
     1    0.009201    0.119602    0.179469   90.981010 ^ max_cap313/X (sky130_fd_sc_hd__buf_1)
                                                         net313 (net)
                      0.119602    0.000014   90.981018 ^ _21638_/A1 (sky130_fd_sc_hd__a21oi_4)
     7    0.024116    0.084630    0.096030   91.077049 v _21638_/Y (sky130_fd_sc_hd__a21oi_4)
                                                         _11902_ (net)
                      0.084630    0.000021   91.077072 v _21668_/C (sky130_fd_sc_hd__or4b_2)
     5    0.016714    0.149940    0.697625   91.774696 v _21668_/X (sky130_fd_sc_hd__or4b_2)
                                                         _11935_ (net)
                      0.149940    0.000483   91.775177 v _21674_/C (sky130_fd_sc_hd__or4b_2)
     4    0.010726    0.130630    0.689418   92.464600 v _21674_/X (sky130_fd_sc_hd__or4b_2)
                                                         _11942_ (net)
                      0.130630    0.000050   92.464645 v _21687_/A3 (sky130_fd_sc_hd__o41a_1)
     1    0.002547    0.059980    0.386315   92.850960 v _21687_/X (sky130_fd_sc_hd__o41a_1)
                                                         _11956_ (net)
                      0.059980    0.000007   92.850967 v _21689_/B1 (sky130_fd_sc_hd__a211o_1)
     3    0.009557    0.078456    0.307324   93.158295 v _21689_/X (sky130_fd_sc_hd__a211o_1)
                                                         _11958_ (net)
                      0.078456    0.000050   93.158340 v _21698_/B_N (sky130_fd_sc_hd__and4bb_1)
     3    0.005203    0.080801    0.289980   93.448326 ^ _21698_/X (sky130_fd_sc_hd__and4bb_1)
                                                         _11968_ (net)
                      0.080801    0.000007   93.448334 ^ _21715_/A (sky130_fd_sc_hd__and3_2)
     5    0.019511    0.115947    0.236867   93.685196 ^ _21715_/X (sky130_fd_sc_hd__and3_2)
                                                         _11987_ (net)
                      0.115947    0.000334   93.685532 ^ _21745_/A (sky130_fd_sc_hd__nand3_4)
     8    0.026965    0.110567    0.122128   93.807663 v _21745_/Y (sky130_fd_sc_hd__nand3_4)
                                                         _12020_ (net)
                      0.110581    0.000959   93.808617 v _21946_/A (sky130_fd_sc_hd__or4_1)
     3    0.005919    0.106404    0.562629   94.371246 v _21946_/X (sky130_fd_sc_hd__or4_1)
                                                         _12241_ (net)
                      0.106404    0.000000   94.371246 v _21952_/B (sky130_fd_sc_hd__and3_1)
     2    0.004715    0.044946    0.196017   94.567268 v _21952_/X (sky130_fd_sc_hd__and3_1)
                                                         _12248_ (net)
                      0.044946    0.000021   94.567284 v _21961_/B (sky130_fd_sc_hd__or4b_1)
     3    0.007407    0.112387    0.538158   95.105446 v _21961_/X (sky130_fd_sc_hd__or4b_1)
                                                         _12258_ (net)
                      0.112387    0.000057   95.105499 v _21976_/A (sky130_fd_sc_hd__or4_1)
     3    0.009016    0.127479    0.591676   95.697174 v _21976_/X (sky130_fd_sc_hd__or4_1)
                                                         _12274_ (net)
                      0.127479    0.000021   95.697197 v _22001_/A1 (sky130_fd_sc_hd__a2111o_1)
     4    0.012435    0.105193    0.445738   96.142937 v _22001_/X (sky130_fd_sc_hd__a2111o_1)
                                                         _12302_ (net)
                      0.105193    0.000043   96.142982 v _22061_/A1 (sky130_fd_sc_hd__a2111o_4)
     7    0.026877    0.100418    0.517844   96.660820 v _22061_/X (sky130_fd_sc_hd__a2111o_4)
                                                         _12368_ (net)
                      0.100419    0.000568   96.661392 v _22173_/A1 (sky130_fd_sc_hd__o21ba_1)
     2    0.005714    0.048219    0.213142   96.874535 v _22173_/X (sky130_fd_sc_hd__o21ba_1)
                                                         _12491_ (net)
                      0.048219    0.000028   96.874557 v fanout296/A (sky130_fd_sc_hd__buf_2)
    10    0.027482    0.074955    0.168917   97.043480 v fanout296/X (sky130_fd_sc_hd__buf_2)
                                                         net296 (net)
                      0.074961    0.000682   97.044159 v _22192_/A (sky130_fd_sc_hd__nand2_1)
     1    0.002730    0.045969    0.065512   97.109673 ^ _22192_/Y (sky130_fd_sc_hd__nand2_1)
                                                         _12512_ (net)
                      0.045969    0.000014   97.109688 ^ fanout294/A (sky130_fd_sc_hd__buf_2)
     9    0.032981    0.164127    0.194355   97.304039 ^ fanout294/X (sky130_fd_sc_hd__buf_2)
                                                         net294 (net)
                      0.164127    0.000007   97.304047 ^ fanout293/A (sky130_fd_sc_hd__clkbuf_4)
    10    0.048158    0.151411    0.256883   97.560928 ^ fanout293/X (sky130_fd_sc_hd__clkbuf_4)
                                                         net293 (net)
                      0.151411    0.000291   97.561226 ^ _22207_/S (sky130_fd_sc_hd__mux2_1)
     4    0.013324    0.102919    0.398018   97.959236 v _22207_/X (sky130_fd_sc_hd__mux2_1)
                                                         _12528_ (net)
                      0.102919    0.000078   97.959320 v _22210_/B (sky130_fd_sc_hd__xnor2_1)
     3    0.009258    0.098490    0.178630   98.137947 v _22210_/Y (sky130_fd_sc_hd__xnor2_1)
                                                         _12531_ (net)
                      0.098490    0.000021   98.137970 v _22225_/A (sky130_fd_sc_hd__or3b_1)
     3    0.008015    0.097576    0.425111   98.563080 v _22225_/X (sky130_fd_sc_hd__or3b_1)
                                                         _12548_ (net)
                      0.097576    0.000007   98.563087 v _22258_/A2 (sky130_fd_sc_hd__o311a_2)
     5    0.021759    0.100020    0.452985   99.016075 v _22258_/X (sky130_fd_sc_hd__o311a_2)
                                                         _12584_ (net)
                      0.100020    0.000369   99.016441 v _22310_/A1 (sky130_fd_sc_hd__o211a_1)
     1    0.003154    0.040534    0.238764   99.255203 v _22310_/X (sky130_fd_sc_hd__o211a_1)
                                                         _12641_ (net)
                      0.040534    0.000014   99.255219 v fanout289/A (sky130_fd_sc_hd__clkbuf_2)
     5    0.018364    0.076035    0.142911   99.398132 v fanout289/X (sky130_fd_sc_hd__clkbuf_2)
                                                         net289 (net)
                      0.076035    0.000036   99.398170 v fanout288/A (sky130_fd_sc_hd__buf_2)
    10    0.033679    0.088256    0.192848   99.591019 v fanout288/X (sky130_fd_sc_hd__buf_2)
                                                         net288 (net)
                      0.088256    0.000156   99.591171 v _22432_/A (sky130_fd_sc_hd__nand2_1)
     2    0.006730    0.077472    0.097380   99.688553 ^ _22432_/Y (sky130_fd_sc_hd__nand2_1)
                                                         _12776_ (net)
                      0.077472    0.000014   99.688568 ^ fanout285/A (sky130_fd_sc_hd__dlymetal6s2s_1)
     5    0.018261    0.198686    0.209241   99.897804 ^ fanout285/X (sky130_fd_sc_hd__dlymetal6s2s_1)
                                                         net285 (net)
                      0.198686    0.000057   99.897865 ^ _22625_/S (sky130_fd_sc_hd__mux2_1)
     4    0.012050    0.100733    0.398991  100.296852 v _22625_/X (sky130_fd_sc_hd__mux2_1)
                                                         _12988_ (net)
                      0.100733    0.000028  100.296883 v _22626_/B (sky130_fd_sc_hd__xnor2_1)
     3    0.005704    0.070494    0.158160  100.455040 v _22626_/Y (sky130_fd_sc_hd__xnor2_1)
                                                         _12989_ (net)
                      0.070494    0.000007  100.455048 v _22627_/B (sky130_fd_sc_hd__or2_1)
     1    0.002485    0.045987    0.208146  100.663193 v _22627_/X (sky130_fd_sc_hd__or2_1)
                                                         _12990_ (net)
                      0.045987    0.000014  100.663208 v _22628_/D (sky130_fd_sc_hd__or4_2)
     4    0.016923    0.149794    0.617902  101.281113 v _22628_/X (sky130_fd_sc_hd__or4_2)
                                                         _12991_ (net)
                      0.149794    0.000121  101.281235 v _22629_/D (sky130_fd_sc_hd__or4_2)
     2    0.010620    0.134660    0.617696  101.898926 v _22629_/X (sky130_fd_sc_hd__or4_2)
                                                         _12992_ (net)
                      0.134660    0.000014  101.898941 v _22643_/A2 (sky130_fd_sc_hd__o221a_1)
     1    0.004208    0.052733    0.278597  102.177544 v _22643_/X (sky130_fd_sc_hd__o221a_1)
                                                         _13008_ (net)
                      0.052733    0.000043  102.177582 v fanout281/A (sky130_fd_sc_hd__clkbuf_2)
     7    0.022847    0.091925    0.160348  102.337929 v fanout281/X (sky130_fd_sc_hd__clkbuf_2)
                                                         net281 (net)
                      0.091928    0.000618  102.338547 v fanout280/A (sky130_fd_sc_hd__buf_2)
    10    0.029427    0.078965    0.192514  102.531067 v fanout280/X (sky130_fd_sc_hd__buf_2)
                                                         net280 (net)
                      0.078965    0.000341  102.531403 v _22851_/B1 (sky130_fd_sc_hd__a2bb2o_1)
     3    0.006623    0.070552    0.307708  102.839111 v _22851_/X (sky130_fd_sc_hd__a2bb2o_1)
                                                         _13237_ (net)
                      0.070552    0.000014  102.839127 v _22853_/C (sky130_fd_sc_hd__and3_1)
     5    0.011756    0.074098    0.226521  103.065651 v _22853_/X (sky130_fd_sc_hd__and3_1)
                                                         _13239_ (net)
                      0.074098    0.000021  103.065666 v _22865_/A (sky130_fd_sc_hd__or4_1)
     1    0.002603    0.082442    0.517076  103.582748 v _22865_/X (sky130_fd_sc_hd__or4_1)
                                                         _13252_ (net)
                      0.082442    0.000007  103.582756 v _22866_/D1 (sky130_fd_sc_hd__a2111o_1)
     3    0.006729    0.079257    0.318892  103.901642 v _22866_/X (sky130_fd_sc_hd__a2111o_1)
                                                         _13253_ (net)
                      0.079257    0.000043  103.901688 v _22870_/B (sky130_fd_sc_hd__and3_1)
     4    0.010153    0.067528    0.208885  104.110573 v _22870_/X (sky130_fd_sc_hd__and3_1)
                                                         _13257_ (net)
                      0.067528    0.000128  104.110703 v _22897_/B (sky130_fd_sc_hd__or3_1)
     3    0.009130    0.099834    0.395467  104.506165 v _22897_/X (sky130_fd_sc_hd__or3_1)
                                                         _13287_ (net)
                      0.099834    0.000092  104.506256 v _22929_/A1 (sky130_fd_sc_hd__a21o_1)
     4    0.011239    0.067357    0.209859  104.716118 v _22929_/X (sky130_fd_sc_hd__a21o_1)
                                                         _13322_ (net)
                      0.067357    0.000107  104.716225 v _22958_/A1 (sky130_fd_sc_hd__a21oi_1)
     1    0.003646    0.119644    0.138236  104.854462 ^ _22958_/Y (sky130_fd_sc_hd__a21oi_1)
                                                         _13354_ (net)
                      0.119644    0.000028  104.854492 ^ fanout271/A (sky130_fd_sc_hd__buf_2)
    10    0.033105    0.165045    0.222094  105.076584 ^ fanout271/X (sky130_fd_sc_hd__buf_2)
                                                         net271 (net)
                      0.165045    0.000249  105.076836 ^ _23358_/A (sky130_fd_sc_hd__or4b_4)
     9    0.030166    0.099028    0.211742  105.288574 ^ _23358_/X (sky130_fd_sc_hd__or4b_4)
                                                         _13794_ (net)
                      0.099040    0.001158  105.289734 ^ _23362_/C (sky130_fd_sc_hd__nor4_1)
     2    0.005806    0.061629    0.071708  105.361443 v _23362_/Y (sky130_fd_sc_hd__nor4_1)
                                                         _13799_ (net)
                      0.061629    0.000014  105.361458 v wire258/A (sky130_fd_sc_hd__clkbuf_1)
     3    0.005881    0.043811    0.109338  105.470795 v wire258/X (sky130_fd_sc_hd__clkbuf_1)
                                                         net258 (net)
                      0.043811    0.000007  105.470802 v _23364_/C (sky130_fd_sc_hd__and3_1)
     3    0.005610    0.050438    0.187541  105.658340 v _23364_/X (sky130_fd_sc_hd__and3_1)
                                                         _13801_ (net)
                      0.050438    0.000007  105.658348 v _23386_/A (sky130_fd_sc_hd__or4b_1)
     2    0.004430    0.096765    0.529106  106.187454 v _23386_/X (sky130_fd_sc_hd__or4b_1)
                                                         _13825_ (net)
                      0.096765    0.000021  106.187477 v _23387_/C (sky130_fd_sc_hd__or3_1)
     3    0.006676    0.089421    0.348955  106.536430 v _23387_/X (sky130_fd_sc_hd__or3_1)
                                                         _13826_ (net)
                      0.089421    0.000021  106.536453 v _23388_/C (sky130_fd_sc_hd__or3_1)
     3    0.008177    0.098017    0.357943  106.894394 v _23388_/X (sky130_fd_sc_hd__or3_1)
                                                         _13827_ (net)
                      0.098017    0.000028  106.894424 v _23395_/A (sky130_fd_sc_hd__or4_2)
     2    0.015093    0.145512    0.746539  107.640961 v _23395_/X (sky130_fd_sc_hd__or4_2)
                                                         _13835_ (net)
                      0.145512    0.000426  107.641388 v _23396_/C1 (sky130_fd_sc_hd__a311o_2)
     4    0.015275    0.085866    0.387566  108.028954 v _23396_/X (sky130_fd_sc_hd__a311o_2)
                                                         _13836_ (net)
                      0.085866    0.000071  108.029022 v fanout256/A (sky130_fd_sc_hd__clkbuf_2)
     8    0.022671    0.091244    0.174921  108.203941 v fanout256/X (sky130_fd_sc_hd__clkbuf_2)
                                                         net256 (net)
                      0.091244    0.000043  108.203987 v _23597_/S (sky130_fd_sc_hd__mux2_2)
     4    0.026371    0.105647    0.360238  108.564224 v _23597_/X (sky130_fd_sc_hd__mux2_2)
                                                         _14057_ (net)
                      0.105647    0.000036  108.564262 v _23599_/A (sky130_fd_sc_hd__or2_1)
     3    0.008937    0.078023    0.279350  108.843613 v _23599_/X (sky130_fd_sc_hd__or2_1)
                                                         _14059_ (net)
                      0.078023    0.000007  108.843620 v _23608_/B (sky130_fd_sc_hd__or4b_1)
     1    0.001476    0.072854    0.485272  109.328888 v _23608_/X (sky130_fd_sc_hd__or4b_1)
                                                         _14069_ (net)
                      0.072854    0.000000  109.328888 v _23609_/D (sky130_fd_sc_hd__or4_2)
     6    0.012884    0.140304    0.607869  109.936760 v _23609_/X (sky130_fd_sc_hd__or4_2)
                                                         _14070_ (net)
                      0.140304    0.000064  109.936821 v _23723_/A (sky130_fd_sc_hd__or4b_1)
     2    0.004344    0.095572    0.556774  110.493599 v _23723_/X (sky130_fd_sc_hd__or4b_1)
                                                         _14196_ (net)
                      0.095572    0.000021  110.493622 v _23725_/C (sky130_fd_sc_hd__or3_1)
     1    0.002648    0.065454    0.315083  110.808701 v _23725_/X (sky130_fd_sc_hd__or3_1)
                                                         _14198_ (net)
                      0.065454    0.000014  110.808716 v fanout249/A (sky130_fd_sc_hd__buf_2)
     8    0.029915    0.080041    0.181295  110.990013 v fanout249/X (sky130_fd_sc_hd__buf_2)
                                                         net249 (net)
                      0.080042    0.000448  110.990456 v fanout247/A (sky130_fd_sc_hd__clkbuf_4)
    10    0.045564    0.099636    0.215842  111.206299 v fanout247/X (sky130_fd_sc_hd__clkbuf_4)
                                                         net247 (net)
                      0.099638    0.000597  111.206894 v _23814_/S (sky130_fd_sc_hd__mux2_1)
     4    0.008928    0.084496    0.365738  111.572632 v _23814_/X (sky130_fd_sc_hd__mux2_1)
                                                         _14296_ (net)
                      0.084496    0.000057  111.572693 v _23816_/B (sky130_fd_sc_hd__or2_1)
     2    0.006860    0.068832    0.241378  111.814072 v _23816_/X (sky130_fd_sc_hd__or2_1)
                                                         _14298_ (net)
                      0.068832    0.000007  111.814079 v _23820_/B1 (sky130_fd_sc_hd__o21a_1)
     2    0.007015    0.055614    0.129070  111.943146 v _23820_/X (sky130_fd_sc_hd__o21a_1)
                                                         _14302_ (net)
                      0.055614    0.000000  111.943146 v _23822_/A2 (sky130_fd_sc_hd__a22o_1)
     2    0.005924    0.054373    0.244455  112.187599 v _23822_/X (sky130_fd_sc_hd__a22o_1)
                                                         _14305_ (net)
                      0.054373    0.000043  112.187645 v _23827_/A2 (sky130_fd_sc_hd__a221o_1)
     1    0.004553    0.062838    0.353445  112.541092 v _23827_/X (sky130_fd_sc_hd__a221o_1)
                                                         _14310_ (net)
                      0.062838    0.000014  112.541107 v _23828_/B1 (sky130_fd_sc_hd__a41o_4)
    10    0.050019    0.097597    0.310742  112.851845 v _23828_/X (sky130_fd_sc_hd__a41o_4)
                                                         _14311_ (net)
                      0.097651    0.002103  112.853951 v _23992_/A1 (sky130_fd_sc_hd__a211o_1)
     1    0.002992    0.049775    0.270212  113.124161 v _23992_/X (sky130_fd_sc_hd__a211o_1)
                                                         _14492_ (net)
                      0.049775    0.000014  113.124176 v fanout244/A (sky130_fd_sc_hd__clkbuf_2)
     5    0.016145    0.068224    0.140801  113.264977 v fanout244/X (sky130_fd_sc_hd__clkbuf_2)
                                                         net244 (net)
                      0.068224    0.000199  113.265175 v fanout242/A (sky130_fd_sc_hd__clkbuf_2)
     5    0.021693    0.087782    0.164299  113.429474 v fanout242/X (sky130_fd_sc_hd__clkbuf_2)
                                                         net242 (net)
                      0.087782    0.000149  113.429626 v fanout241/A (sky130_fd_sc_hd__clkbuf_4)
    10    0.038371    0.086715    0.208310  113.637932 v fanout241/X (sky130_fd_sc_hd__clkbuf_4)
                                                         net241 (net)
                      0.086716    0.000391  113.638329 v _24071_/S (sky130_fd_sc_hd__mux2_1)
     4    0.013909    0.105577    0.384915  114.023239 v _24071_/X (sky130_fd_sc_hd__mux2_1)
                                                         _14579_ (net)
                      0.105577    0.000156  114.023399 v _24093_/B1 (sky130_fd_sc_hd__o2bb2a_1)
     2    0.004166    0.061663    0.315517  114.338913 v _24093_/X (sky130_fd_sc_hd__o2bb2a_1)
                                                         _14603_ (net)
                      0.061663    0.000007  114.338921 v _24094_/B (sky130_fd_sc_hd__or2_1)
     1    0.003468    0.051713    0.212410  114.551331 v _24094_/X (sky130_fd_sc_hd__or2_1)
                                                         _14604_ (net)
                      0.051713    0.000021  114.551353 v _24096_/A3 (sky130_fd_sc_hd__o32a_1)
     3    0.007261    0.074467    0.309207  114.860558 v _24096_/X (sky130_fd_sc_hd__o32a_1)
                                                         _14606_ (net)
                      0.074467    0.000014  114.860573 v _24097_/C (sky130_fd_sc_hd__or3_1)
     3    0.009287    0.100551    0.361069  115.221642 v _24097_/X (sky130_fd_sc_hd__or3_1)
                                                         _14607_ (net)
                      0.100551    0.000099  115.221741 v _24124_/A2 (sky130_fd_sc_hd__a31o_1)
     5    0.015929    0.092574    0.281219  115.502960 v _24124_/X (sky130_fd_sc_hd__a31o_1)
                                                         _14637_ (net)
                      0.092574    0.000242  115.503204 v _24158_/A1 (sky130_fd_sc_hd__a21oi_2)
     3    0.015347    0.206992    0.229846  115.733047 ^ _24158_/Y (sky130_fd_sc_hd__a21oi_2)
                                                         _14674_ (net)
                      0.206992    0.000043  115.733093 ^ fanout239/A (sky130_fd_sc_hd__clkbuf_2)
    10    0.024438    0.138495    0.221895  115.954987 ^ fanout239/X (sky130_fd_sc_hd__clkbuf_2)
                                                         net239 (net)
                      0.138495    0.000270  115.955254 ^ _24242_/A (sky130_fd_sc_hd__nor2_1)
     2    0.008000    0.058735    0.088953  116.044212 v _24242_/Y (sky130_fd_sc_hd__nor2_1)
                                                         _14767_ (net)
                      0.058735    0.000028  116.044235 v fanout237/A (sky130_fd_sc_hd__clkbuf_4)
    10    0.033664    0.078414    0.187896  116.232132 v fanout237/X (sky130_fd_sc_hd__clkbuf_4)
                                                         net237 (net)
                      0.078415    0.000412  116.232544 v _24250_/A2 (sky130_fd_sc_hd__a21oi_1)
     4    0.009229    0.230754    0.240043  116.472588 ^ _24250_/Y (sky130_fd_sc_hd__a21oi_1)
                                                         _14775_ (net)
                      0.230754    0.000028  116.472618 ^ _24252_/C_N (sky130_fd_sc_hd__or3b_1)
     2    0.005260    0.079094    0.390187  116.862801 v _24252_/X (sky130_fd_sc_hd__or3b_1)
                                                         _14778_ (net)
                      0.079094    0.000036  116.862839 v _24274_/A (sky130_fd_sc_hd__or4_1)
     3    0.008737    0.121207    0.578424  117.441261 v _24274_/X (sky130_fd_sc_hd__or4_1)
                                                         _14802_ (net)
                      0.121207    0.000078  117.441345 v _24301_/A1 (sky130_fd_sc_hd__a21o_1)
     4    0.009656    0.061068    0.213035  117.654373 v _24301_/X (sky130_fd_sc_hd__a21o_1)
                                                         _14832_ (net)
                      0.061068    0.000014  117.654388 v _24365_/A1 (sky130_fd_sc_hd__a2111o_2)
     5    0.019415    0.106389    0.481634  118.136024 v _24365_/X (sky130_fd_sc_hd__a2111o_2)
                                                         _14902_ (net)
                      0.106389    0.000171  118.136192 v _24443_/A1 (sky130_fd_sc_hd__a21o_2)
    10    0.027651    0.090367    0.271584  118.407776 v _24443_/X (sky130_fd_sc_hd__a21o_2)
                                                         _14988_ (net)
                      0.090367    0.000199  118.407982 v _24699_/A1 (sky130_fd_sc_hd__a21o_1)
     5    0.017925    0.094784    0.229633  118.637611 v _24699_/X (sky130_fd_sc_hd__a21o_1)
                                                         _00388_ (net)
                      0.094785    0.000476  118.638084 v _24702_/B_N (sky130_fd_sc_hd__and4bb_2)
     6    0.030143    0.192696    0.431001  119.069092 ^ _24702_/X (sky130_fd_sc_hd__and4bb_2)
                                                         _00392_ (net)
                      0.192696    0.000398  119.069489 ^ _24713_/B (sky130_fd_sc_hd__xor2_2)
     6    0.016782    0.237474    0.253124  119.322609 ^ _24713_/X (sky130_fd_sc_hd__xor2_2)
                                                         _00404_ (net)
                      0.237474    0.000043  119.322655 ^ _24769_/B (sky130_fd_sc_hd__nand4_1)
     2    0.005168    0.124494    0.146187  119.468842 v _24769_/Y (sky130_fd_sc_hd__nand4_1)
                                                         _00465_ (net)
                      0.124494    0.000014  119.468857 v _24772_/B (sky130_fd_sc_hd__nor3_1)
     3    0.007182    0.265625    0.277211  119.746063 ^ _24772_/Y (sky130_fd_sc_hd__nor3_1)
                                                         _00469_ (net)
                      0.265625    0.000028  119.746094 ^ _24773_/D_N (sky130_fd_sc_hd__or4b_1)
     2    0.003772    0.091920    0.471346  120.217438 v _24773_/X (sky130_fd_sc_hd__or4b_1)
                                                         _00470_ (net)
                      0.091920    0.000014  120.217453 v _24785_/A (sky130_fd_sc_hd__or3_2)
     5    0.017711    0.121151    0.555133  120.772583 v _24785_/X (sky130_fd_sc_hd__or3_2)
                                                         _00483_ (net)
                      0.121151    0.000242  120.772827 v _24787_/B (sky130_fd_sc_hd__or2_1)
     2    0.007295    0.069011    0.258183  121.031013 v _24787_/X (sky130_fd_sc_hd__or2_1)
                                                         _00485_ (net)
                      0.069011    0.000057  121.031067 v fanout221/A (sky130_fd_sc_hd__clkbuf_2)
    10    0.023748    0.095077    0.170232  121.201302 v fanout221/X (sky130_fd_sc_hd__clkbuf_2)
                                                         net221 (net)
                      0.095077    0.000000  121.201302 v _24811_/C (sky130_fd_sc_hd__or3_1)
     4    0.009920    0.103273    0.371315  121.572617 v _24811_/X (sky130_fd_sc_hd__or3_1)
                                                         _00512_ (net)
                      0.103273    0.000057  121.572670 v _24816_/B (sky130_fd_sc_hd__and3_1)
     3    0.006598    0.054759    0.203812  121.776482 v _24816_/X (sky130_fd_sc_hd__and3_1)
                                                         _00517_ (net)
                      0.054759    0.000014  121.776497 v _24826_/B (sky130_fd_sc_hd__or4_1)
     1    0.002036    0.077666    0.485997  122.262497 v _24826_/X (sky130_fd_sc_hd__or4_1)
                                                         _00528_ (net)
                      0.077666    0.000000  122.262497 v _24827_/D (sky130_fd_sc_hd__or4_1)
     3    0.007276    0.115709    0.444530  122.707024 v _24827_/X (sky130_fd_sc_hd__or4_1)
                                                         _00529_ (net)
                      0.115709    0.000043  122.707069 v _24859_/A (sky130_fd_sc_hd__or3_1)
     2    0.006926    0.090844    0.418126  123.125191 v _24859_/X (sky130_fd_sc_hd__or3_1)
                                                         _00564_ (net)
                      0.090844    0.000014  123.125206 v _24956_/A1 (sky130_fd_sc_hd__o31ai_2)
     3    0.009246    0.274696    0.322132  123.447342 ^ _24956_/Y (sky130_fd_sc_hd__o31ai_2)
                                                         _00671_ (net)
                      0.274696    0.000057  123.447395 ^ max_cap213/A (sky130_fd_sc_hd__clkbuf_2)
     5    0.025164    0.145918    0.242409  123.689804 ^ max_cap213/X (sky130_fd_sc_hd__clkbuf_2)
                                                         net213 (net)
                      0.145918    0.000043  123.689850 ^ _25231_/A1 (sky130_fd_sc_hd__a211o_1)
     1    0.003062    0.042274    0.140943  123.830788 ^ _25231_/X (sky130_fd_sc_hd__a211o_1)
                                                         _00973_ (net)
                      0.042274    0.000014  123.830803 ^ fanout212/A (sky130_fd_sc_hd__clkbuf_2)
     6    0.025374    0.142539    0.173685  124.004494 ^ fanout212/X (sky130_fd_sc_hd__clkbuf_2)
                                                         net212 (net)
                      0.142539    0.000028  124.004517 ^ fanout211/A (sky130_fd_sc_hd__buf_2)
     7    0.027334    0.138241    0.209354  124.213875 ^ fanout211/X (sky130_fd_sc_hd__buf_2)
                                                         net211 (net)
                      0.138241    0.000085  124.213959 ^ fanout210/A (sky130_fd_sc_hd__buf_2)
    10    0.033815    0.168411    0.229718  124.443680 ^ fanout210/X (sky130_fd_sc_hd__buf_2)
                                                         net210 (net)
                      0.168411    0.000014  124.443687 ^ _25273_/S (sky130_fd_sc_hd__mux2_2)
     4    0.016545    0.082520    0.403659  124.847351 v _25273_/X (sky130_fd_sc_hd__mux2_2)
                                                         _01019_ (net)
                      0.082520    0.000355  124.847702 v _25276_/B (sky130_fd_sc_hd__xnor2_1)
     2    0.006415    0.074289    0.154117  125.001823 v _25276_/Y (sky130_fd_sc_hd__xnor2_1)
                                                         _01022_ (net)
                      0.074289    0.000014  125.001839 v _25283_/A (sky130_fd_sc_hd__and2_1)
     2    0.003716    0.038961    0.149612  125.151451 v _25283_/X (sky130_fd_sc_hd__and2_1)
                                                         _01030_ (net)
                      0.038961    0.000014  125.151459 v _25310_/C (sky130_fd_sc_hd__and4_1)
     1    0.002631    0.038771    0.177963  125.329422 v _25310_/X (sky130_fd_sc_hd__and4_1)
                                                         _01059_ (net)
                      0.038771    0.000000  125.329422 v _25317_/A2 (sky130_fd_sc_hd__a221o_2)
     5    0.019022    0.094330    0.435435  125.764862 v _25317_/X (sky130_fd_sc_hd__a221o_2)
                                                         _01067_ (net)
                      0.094330    0.000128  125.764984 v _25382_/A (sky130_fd_sc_hd__nand3_2)
     6    0.018927    0.117655    0.128551  125.893539 ^ _25382_/Y (sky130_fd_sc_hd__nand3_2)
                                                         _01139_ (net)
                      0.117655    0.000128  125.893669 ^ _25449_/A1 (sky130_fd_sc_hd__a21o_2)
     8    0.022208    0.119335    0.201126  126.094795 ^ _25449_/X (sky130_fd_sc_hd__a21o_2)
                                                         _01212_ (net)
                      0.119335    0.000284  126.095078 ^ _25492_/A (sky130_fd_sc_hd__nand2_1)
     1    0.002330    0.054764    0.059373  126.154449 v _25492_/Y (sky130_fd_sc_hd__nand2_1)
                                                         _01260_ (net)
                      0.054764    0.000000  126.154449 v fanout208/A (sky130_fd_sc_hd__clkbuf_4)
     8    0.034005    0.078953    0.186759  126.341209 v fanout208/X (sky130_fd_sc_hd__clkbuf_4)
                                                         net208 (net)
                      0.078953    0.000043  126.341255 v fanout206/A (sky130_fd_sc_hd__clkbuf_4)
    10    0.038447    0.086799    0.204565  126.545815 v fanout206/X (sky130_fd_sc_hd__clkbuf_4)
                                                         net206 (net)
                      0.086799    0.000298  126.546112 v _25565_/A1 (sky130_fd_sc_hd__a21oi_2)
     4    0.015078    0.204027    0.225313  126.771431 ^ _25565_/Y (sky130_fd_sc_hd__a21oi_2)
                                                         _01340_ (net)
                      0.204027    0.000114  126.771545 ^ _25568_/B (sky130_fd_sc_hd__xnor2_1)
     3    0.009542    0.100682    0.135728  126.907272 v _25568_/Y (sky130_fd_sc_hd__xnor2_1)
                                                         _01343_ (net)
                      0.100682    0.000000  126.907272 v _25579_/A1 (sky130_fd_sc_hd__o311a_1)
     1    0.008363    0.080045    0.397804  127.305077 v _25579_/X (sky130_fd_sc_hd__o311a_1)
                                                         _01354_ (net)
                      0.080045    0.000014  127.305092 v _25590_/A1 (sky130_fd_sc_hd__o31ai_4)
     5    0.017444    0.290342    0.336783  127.641869 ^ _25590_/Y (sky130_fd_sc_hd__o31ai_4)
                                                         _01366_ (net)
                      0.290342    0.000085  127.641960 ^ _25626_/A2 (sky130_fd_sc_hd__a31o_2)
     6    0.026223    0.157949    0.300318  127.942276 ^ _25626_/X (sky130_fd_sc_hd__a31o_2)
                                                         _01406_ (net)
                      0.157949    0.000455  127.942734 ^ _25657_/A1 (sky130_fd_sc_hd__a21o_1)
     3    0.015014    0.136294    0.204352  128.147079 ^ _25657_/X (sky130_fd_sc_hd__a21o_1)
                                                         _01440_ (net)
                      0.136294    0.000057  128.147141 ^ _25804_/A2 (sky130_fd_sc_hd__a31o_1)
     1    0.002582    0.044941    0.153065  128.300201 ^ _25804_/X (sky130_fd_sc_hd__a31o_1)
                                                         _01602_ (net)
                      0.044941    0.000000  128.300201 ^ fanout205/A (sky130_fd_sc_hd__clkbuf_2)
     5    0.021899    0.124473    0.162160  128.462372 ^ fanout205/X (sky130_fd_sc_hd__clkbuf_2)
                                                         net205 (net)
                      0.124473    0.000071  128.462433 ^ fanout203/A (sky130_fd_sc_hd__buf_2)
     8    0.033420    0.166546    0.224688  128.687119 ^ fanout203/X (sky130_fd_sc_hd__buf_2)
                                                         net203 (net)
                      0.166546    0.000256  128.687378 ^ fanout202/A (sky130_fd_sc_hd__clkbuf_4)
    10    0.038774    0.125381    0.238074  128.925461 ^ fanout202/X (sky130_fd_sc_hd__clkbuf_4)
                                                         net202 (net)
                      0.125381    0.000369  128.925827 ^ _25815_/S (sky130_fd_sc_hd__mux2_1)
     4    0.014158    0.106668    0.398117  129.323944 v _25815_/X (sky130_fd_sc_hd__mux2_1)
                                                         _01614_ (net)
                      0.106668    0.000099  129.324036 v _25816_/B1 (sky130_fd_sc_hd__a2bb2o_1)
     2    0.004862    0.062412    0.307423  129.631470 v _25816_/X (sky130_fd_sc_hd__a2bb2o_1)
                                                         _01615_ (net)
                      0.062412    0.000000  129.631470 v _25825_/B1 (sky130_fd_sc_hd__a31o_1)
     1    0.002930    0.037322    0.185722  129.817184 v _25825_/X (sky130_fd_sc_hd__a31o_1)
                                                         _01625_ (net)
                      0.037322    0.000014  129.817200 v _25835_/B2 (sky130_fd_sc_hd__a221o_2)
     5    0.019828    0.096280    0.411362  130.228561 v _25835_/X (sky130_fd_sc_hd__a221o_2)
                                                         _01636_ (net)
                      0.096280    0.000171  130.228729 v _25887_/D (sky130_fd_sc_hd__nand4b_2)
     4    0.012185    0.115269    0.142563  130.371292 ^ _25887_/Y (sky130_fd_sc_hd__nand4b_2)
                                                         _01692_ (net)
                      0.115269    0.000099  130.371399 ^ _25948_/A1 (sky130_fd_sc_hd__a311o_1)
     2    0.008195    0.104252    0.208445  130.579834 ^ _25948_/X (sky130_fd_sc_hd__a311o_1)
                                                         _01759_ (net)
                      0.104252    0.000099  130.579941 ^ _26270_/A1 (sky130_fd_sc_hd__a21o_1)
     1    0.002074    0.033549    0.112308  130.692245 ^ _26270_/X (sky130_fd_sc_hd__a21o_1)
                                                         _02112_ (net)
                      0.033549    0.000000  130.692245 ^ fanout196/A (sky130_fd_sc_hd__buf_2)
     7    0.028526    0.143534    0.174424  130.866669 ^ fanout196/X (sky130_fd_sc_hd__buf_2)
                                                         net196 (net)
                      0.143534    0.000085  130.866760 ^ fanout195/A (sky130_fd_sc_hd__clkbuf_2)
     7    0.022423    0.127537    0.197886  131.064636 ^ fanout195/X (sky130_fd_sc_hd__clkbuf_2)
                                                         net195 (net)
                      0.127537    0.000455  131.065094 ^ fanout194/A (sky130_fd_sc_hd__dlymetal6s2s_1)
     5    0.017421    0.190874    0.219629  131.284729 ^ fanout194/X (sky130_fd_sc_hd__dlymetal6s2s_1)
                                                         net194 (net)
                      0.190874    0.000057  131.284775 ^ fanout193/A (sky130_fd_sc_hd__clkbuf_2)
    10    0.025057    0.141563    0.219956  131.504745 ^ fanout193/X (sky130_fd_sc_hd__clkbuf_2)
                                                         net193 (net)
                      0.141563    0.000000  131.504745 ^ _26472_/C_N (sky130_fd_sc_hd__or3b_1)
     3    0.008502    0.097397    0.402608  131.907349 v _26472_/X (sky130_fd_sc_hd__or3b_1)
                                                         _02334_ (net)
                      0.097397    0.000043  131.907394 v _26481_/B (sky130_fd_sc_hd__and3_1)
     3    0.005936    0.051877    0.197929  132.105316 v _26481_/X (sky130_fd_sc_hd__and3_1)
                                                         _02344_ (net)
                      0.051877    0.000014  132.105331 v _26491_/B (sky130_fd_sc_hd__or4_2)
     3    0.012921    0.140391    0.705356  132.810684 v _26491_/X (sky130_fd_sc_hd__or4_2)
                                                         _02355_ (net)
                      0.140391    0.000057  132.810745 v _26506_/A (sky130_fd_sc_hd__or4b_1)
     1    0.002511    0.081756    0.536176  133.346924 v _26506_/X (sky130_fd_sc_hd__or4b_1)
                                                         _02371_ (net)
                      0.081756    0.000000  133.346924 v _26710_/D (sky130_fd_sc_hd__or4_4)
     4    0.032602    0.130206    0.499213  133.846130 v _26710_/X (sky130_fd_sc_hd__or4_4)
                                                         _02594_ (net)
                      0.130212    0.001066  133.847198 v _26803_/A3 (sky130_fd_sc_hd__o311ai_4)
     3    0.010731    0.264665    0.278376  134.125580 ^ _26803_/Y (sky130_fd_sc_hd__o311ai_4)
                                                         _02697_ (net)
                      0.264665    0.000028  134.125610 ^ _26805_/D1 (sky130_fd_sc_hd__a2111o_1)
     1    0.002058    0.039111    0.124757  134.250366 ^ _26805_/X (sky130_fd_sc_hd__a2111o_1)
                                                         _02699_ (net)
                      0.039111    0.000000  134.250366 ^ fanout186/A (sky130_fd_sc_hd__buf_2)
     6    0.027066    0.136555    0.172193  134.422546 ^ fanout186/X (sky130_fd_sc_hd__buf_2)
                                                         net186 (net)
                      0.136555    0.000185  134.422745 ^ fanout184/A (sky130_fd_sc_hd__buf_2)
     7    0.028476    0.143524    0.211571  134.634308 ^ fanout184/X (sky130_fd_sc_hd__buf_2)
                                                         net184 (net)
                      0.143524    0.000242  134.634552 ^ _26875_/S (sky130_fd_sc_hd__mux2_1)
     3    0.008881    0.087211    0.375380  135.009933 v _26875_/X (sky130_fd_sc_hd__mux2_1)
                                                         _02775_ (net)
                      0.087211    0.000014  135.009949 v _26877_/B (sky130_fd_sc_hd__and2_1)
     1    0.001705    0.031171    0.162771  135.172714 v _26877_/X (sky130_fd_sc_hd__and2_1)
                                                         _02777_ (net)
                      0.031171    0.000000  135.172714 v _26878_/B (sky130_fd_sc_hd__or2_1)
     4    0.008585    0.076883    0.232461  135.405182 v _26878_/X (sky130_fd_sc_hd__or2_1)
                                                         _02778_ (net)
                      0.076883    0.000028  135.405212 v _26879_/C (sky130_fd_sc_hd__or4b_2)
     5    0.016354    0.148795    0.693944  136.099152 v _26879_/X (sky130_fd_sc_hd__or4b_2)
                                                         _02779_ (net)
                      0.148795    0.000071  136.099228 v _27070_/C (sky130_fd_sc_hd__nor4_1)
     1    0.004631    0.288153    0.303686  136.402908 ^ _27070_/Y (sky130_fd_sc_hd__nor4_1)
                                                         _02989_ (net)
                      0.288153    0.000028  136.402939 ^ wire178/A (sky130_fd_sc_hd__clkbuf_2)
     3    0.018968    0.111176    0.222542  136.625473 ^ wire178/X (sky130_fd_sc_hd__clkbuf_2)
                                                         net178 (net)
                      0.111176    0.000298  136.625778 ^ _27120_/A3 (sky130_fd_sc_hd__a311oi_4)
     4    0.013255    0.106148    0.122483  136.748260 v _27120_/Y (sky130_fd_sc_hd__a311oi_4)
                                                         _03043_ (net)
                      0.106148    0.000028  136.748291 v _27430_/C (sky130_fd_sc_hd__or4b_2)
     4    0.009481    0.130576    0.666645  137.414932 v _27430_/X (sky130_fd_sc_hd__or4b_2)
                                                         _03381_ (net)
                      0.130576    0.000014  137.414948 v _27456_/C (sky130_fd_sc_hd__or3_1)
     2    0.004254    0.075601    0.342311  137.757263 v _27456_/X (sky130_fd_sc_hd__or3_1)
                                                         _03410_ (net)
                      0.075601    0.000014  137.757278 v _27462_/D (sky130_fd_sc_hd__or4_1)
     1    0.004954    0.099879    0.422659  138.179932 v _27462_/X (sky130_fd_sc_hd__or4_1)
                                                         _03417_ (net)
                      0.099879    0.000014  138.179947 v _27463_/A2 (sky130_fd_sc_hd__a21oi_2)
     3    0.011854    0.170407    0.214428  138.394379 ^ _27463_/Y (sky130_fd_sc_hd__a21oi_2)
                                                         _03418_ (net)
                      0.170407    0.000142  138.394516 ^ _27465_/D_N (sky130_fd_sc_hd__nor4b_1)
     2    0.005232    0.337663    0.318124  138.712646 ^ _27465_/Y (sky130_fd_sc_hd__nor4b_1)
                                                         _03420_ (net)
                      0.337663    0.000014  138.712662 ^ max_cap154/A (sky130_fd_sc_hd__clkbuf_1)
     2    0.004183    0.063965    0.139536  138.852188 ^ max_cap154/X (sky130_fd_sc_hd__clkbuf_1)
                                                         net154 (net)
                      0.063965    0.000000  138.852188 ^ max_cap153/A (sky130_fd_sc_hd__clkbuf_1)
     2    0.004176    0.061330    0.097302  138.949493 ^ max_cap153/X (sky130_fd_sc_hd__clkbuf_1)
                                                         net153 (net)
                      0.061330    0.000014  138.949509 ^ _27509_/D_N (sky130_fd_sc_hd__or4b_1)
     1    0.002179    0.079235    0.420144  139.369644 v _27509_/X (sky130_fd_sc_hd__or4b_1)
                                                         _03467_ (net)
                      0.079235    0.000000  139.369644 v _27510_/C1 (sky130_fd_sc_hd__a211o_2)
     8    0.025579    0.102933    0.347583  139.717239 v _27510_/X (sky130_fd_sc_hd__a211o_2)
                                                         _03468_ (net)
                      0.102934    0.000568  139.717804 v _27512_/C (sky130_fd_sc_hd__or3_2)
     4    0.015948    0.116873    0.488868  140.206665 v _27512_/X (sky130_fd_sc_hd__or3_2)
                                                         _03471_ (net)
                      0.116873    0.000043  140.206711 v fanout150/A (sky130_fd_sc_hd__clkbuf_4)
    10    0.036269    0.082890    0.218293  140.425003 v fanout150/X (sky130_fd_sc_hd__clkbuf_4)
                                                         net150 (net)
                      0.082890    0.000398  140.425400 v _27553_/S (sky130_fd_sc_hd__mux2_1)
     3    0.008897    0.087287    0.359535  140.784943 v _27553_/X (sky130_fd_sc_hd__mux2_1)
                                                         _03516_ (net)
                      0.087287    0.000028  140.784973 v _27555_/B (sky130_fd_sc_hd__xnor2_1)
     4    0.011254    0.289878    0.270617  141.055588 ^ _27555_/Y (sky130_fd_sc_hd__xnor2_1)
                                                         _03518_ (net)
                      0.289878    0.000043  141.055634 ^ _27557_/D_N (sky130_fd_sc_hd__or4b_1)
     2    0.005897    0.105430    0.493699  141.549332 v _27557_/X (sky130_fd_sc_hd__or4b_1)
                                                         _03520_ (net)
                      0.105430    0.000014  141.549347 v _27559_/D (sky130_fd_sc_hd__or4_2)
     3    0.010028    0.132144    0.599186  142.148529 v _27559_/X (sky130_fd_sc_hd__or4_2)
                                                         _03522_ (net)
                      0.132144    0.000043  142.148575 v _27771_/A (sky130_fd_sc_hd__or4_4)
     3    0.023047    0.116525    0.614278  142.762848 v _27771_/X (sky130_fd_sc_hd__or4_4)
                                                         _03754_ (net)
                      0.116525    0.000270  142.763123 v _27782_/D_N (sky130_fd_sc_hd__or4b_1)
     2    0.004429    0.055165    0.197090  142.960205 ^ _27782_/X (sky130_fd_sc_hd__or4b_1)
                                                         _03766_ (net)
                      0.055165    0.000000  142.960205 ^ _27783_/B (sky130_fd_sc_hd__nor2_1)
     2    0.014217    0.076263    0.077137  143.037338 v _27783_/Y (sky130_fd_sc_hd__nor2_1)
                                                         _03767_ (net)
                      0.076263    0.000043  143.037384 v fanout140/A (sky130_fd_sc_hd__buf_2)
     9    0.030333    0.080899    0.187057  143.224442 v fanout140/X (sky130_fd_sc_hd__buf_2)
                                                         net140 (net)
                      0.080900    0.000412  143.224854 v _28192_/A2 (sky130_fd_sc_hd__a2111o_1)
     2    0.004168    0.068060    0.422560  143.647415 v _28192_/X (sky130_fd_sc_hd__a2111o_1)
                                                         _04214_ (net)
                      0.068060    0.000000  143.647415 v _28193_/A2 (sky130_fd_sc_hd__a21bo_1)
     3    0.009045    0.061084    0.223551  143.870972 v _28193_/X (sky130_fd_sc_hd__a21bo_1)
                                                         _04215_ (net)
                      0.061084    0.000043  143.871017 v _28198_/A (sky130_fd_sc_hd__or3_1)
     2    0.004385    0.076288    0.380368  144.251373 v _28198_/X (sky130_fd_sc_hd__or3_1)
                                                         _04220_ (net)
                      0.076288    0.000000  144.251373 v _28207_/B (sky130_fd_sc_hd__or4_2)
     5    0.012156    0.137022    0.708553  144.959930 v _28207_/X (sky130_fd_sc_hd__or4_2)
                                                         _04230_ (net)
                      0.137022    0.000114  144.960037 v _28210_/C (sky130_fd_sc_hd__or4_1)
     1    0.001682    0.074721    0.473904  145.433945 v _28210_/X (sky130_fd_sc_hd__or4_1)
                                                         _04233_ (net)
                      0.074721    0.000000  145.433945 v _28211_/C (sky130_fd_sc_hd__or3_1)
     2    0.006211    0.083797    0.337977  145.771927 v _28211_/X (sky130_fd_sc_hd__or3_1)
                                                         _04235_ (net)
                      0.083797    0.000043  145.771973 v _28212_/A_N (sky130_fd_sc_hd__and4b_1)
     1    0.002519    0.056945    0.246558  146.018524 ^ _28212_/X (sky130_fd_sc_hd__and4b_1)
                                                         _04236_ (net)
                      0.056945    0.000014  146.018539 ^ fanout127/A (sky130_fd_sc_hd__buf_2)
     6    0.029758    0.149155    0.187654  146.206192 ^ fanout127/X (sky130_fd_sc_hd__buf_2)
                                                         net127 (net)
                      0.149155    0.000057  146.206253 ^ fanout126/A (sky130_fd_sc_hd__clkbuf_4)
    10    0.036481    0.118894    0.227431  146.433685 ^ fanout126/X (sky130_fd_sc_hd__clkbuf_4)
                                                         net126 (net)
                      0.118894    0.000213  146.433899 ^ _29053_/D_N (sky130_fd_sc_hd__or4bb_2)
     5    0.017355    0.144107    0.614051  147.047943 v _29053_/X (sky130_fd_sc_hd__or4bb_2)
                                                         _05147_ (net)
                      0.144107    0.000043  147.047989 v _29065_/D (sky130_fd_sc_hd__or4_1)
     1    0.004018    0.093450    0.435932  147.483917 v _29065_/X (sky130_fd_sc_hd__or4_1)
                                                         _05159_ (net)
                      0.093450    0.000000  147.483917 v _29066_/B2 (sky130_fd_sc_hd__a22oi_2)
     3    0.007817    0.171569    0.191818  147.675735 ^ _29066_/Y (sky130_fd_sc_hd__a22oi_2)
                                                         _05160_ (net)
                      0.171569    0.000043  147.675781 ^ _29073_/C_N (sky130_fd_sc_hd__or4bb_1)
     1    0.001831    0.072791    0.479162  148.154938 v _29073_/X (sky130_fd_sc_hd__or4bb_1)
                                                         _05167_ (net)
                      0.072791    0.000000  148.154938 v _29104_/B_N (sky130_fd_sc_hd__and4bb_1)
     1    0.009009    0.109798    0.318067  148.473007 ^ _29104_/X (sky130_fd_sc_hd__and4bb_1)
                                                         _05198_ (net)
                      0.109798    0.000156  148.473160 ^ _29105_/B1 (sky130_fd_sc_hd__o31ai_1)
     3    0.006068    0.073197    0.100897  148.574066 v _29105_/Y (sky130_fd_sc_hd__o31ai_1)
                                                         _05199_ (net)
                      0.073197    0.000028  148.574097 v _29107_/D (sky130_fd_sc_hd__or4_4)
     4    0.026676    0.121266    0.483723  149.057816 v _29107_/X (sky130_fd_sc_hd__or4_4)
                                                         _05201_ (net)
                      0.121266    0.000384  149.058197 v fanout116/A (sky130_fd_sc_hd__clkbuf_4)
    10    0.039115    0.088014    0.224503  149.282700 v fanout116/X (sky130_fd_sc_hd__clkbuf_4)
                                                         net116 (net)
                      0.088017    0.000682  149.283386 v _29346_/S (sky130_fd_sc_hd__mux2_1)
     3    0.011478    0.098325    0.374172  149.657562 v _29346_/X (sky130_fd_sc_hd__mux2_1)
                                                         _05454_ (net)
                      0.098325    0.000014  149.657578 v _29351_/B (sky130_fd_sc_hd__xnor2_1)
     3    0.005999    0.183308    0.195953  149.853531 ^ _29351_/Y (sky130_fd_sc_hd__xnor2_1)
                                                         _05460_ (net)
                      0.183308    0.000014  149.853531 ^ _29352_/C_N (sky130_fd_sc_hd__or3b_1)
     1    0.002744    0.064739    0.361695  150.215240 v _29352_/X (sky130_fd_sc_hd__or3b_1)
                                                         _05461_ (net)
                      0.064739    0.000014  150.215240 v _29353_/D (sky130_fd_sc_hd__or4_1)
     2    0.010004    0.127888    0.463132  150.678375 v _29353_/X (sky130_fd_sc_hd__or4_1)
                                                         _05462_ (net)
                      0.127888    0.000114  150.678497 v _29354_/D (sky130_fd_sc_hd__or4_1)
     2    0.003986    0.093353    0.429736  151.108231 v _29354_/X (sky130_fd_sc_hd__or4_1)
                                                         _05463_ (net)
                      0.093353    0.000000  151.108231 v _29406_/C (sky130_fd_sc_hd__or4_4)
     2    0.019512    0.112181    0.539046  151.647278 v _29406_/X (sky130_fd_sc_hd__or4_4)
                                                         _05520_ (net)
                      0.112181    0.000497  151.647766 v _29471_/B (sky130_fd_sc_hd__and4_1)
     1    0.003397    0.041407    0.201339  151.849106 v _29471_/X (sky130_fd_sc_hd__and4_1)
                                                         _05592_ (net)
                      0.041407    0.000014  151.849121 v fanout114/A (sky130_fd_sc_hd__clkbuf_4)
     6    0.035920    0.082521    0.183604  152.032730 v fanout114/X (sky130_fd_sc_hd__clkbuf_4)
                                                         net114 (net)
                      0.082525    0.000682  152.033417 v fanout113/A (sky130_fd_sc_hd__clkbuf_2)
     5    0.020917    0.085104    0.168455  152.201874 v fanout113/X (sky130_fd_sc_hd__clkbuf_2)
                                                         net113 (net)
                      0.085105    0.000426  152.202301 v _29524_/A (sky130_fd_sc_hd__nand2_1)
     1    0.005306    0.065694    0.086871  152.289169 ^ _29524_/Y (sky130_fd_sc_hd__nand2_1)
                                                         _05650_ (net)
                      0.065694    0.000057  152.289215 ^ fanout108/A (sky130_fd_sc_hd__clkbuf_4)
     9    0.045549    0.144113    0.215124  152.504349 ^ fanout108/X (sky130_fd_sc_hd__clkbuf_4)
                                                         net108 (net)
                      0.144113    0.000071  152.504410 ^ fanout106/A (sky130_fd_sc_hd__clkbuf_4)
    10    0.045304    0.143388    0.244157  152.748581 ^ fanout106/X (sky130_fd_sc_hd__clkbuf_4)
                                                         net106 (net)
                      0.143388    0.000412  152.748993 ^ _29682_/S (sky130_fd_sc_hd__mux2_1)
     3    0.005937    0.072778    0.355698  153.104691 v _29682_/X (sky130_fd_sc_hd__mux2_1)
                                                         _05816_ (net)
                      0.072778    0.000000  153.104691 v _29683_/B (sky130_fd_sc_hd__and2_1)
     3    0.007331    0.055424    0.184116  153.288803 v _29683_/X (sky130_fd_sc_hd__and2_1)
                                                         _05817_ (net)
                      0.055424    0.000014  153.288818 v _29685_/A (sky130_fd_sc_hd__nor2_1)
     4    0.008978    0.181767    0.176570  153.465378 ^ _29685_/Y (sky130_fd_sc_hd__nor2_1)
                                                         _05819_ (net)
                      0.181767    0.000028  153.465408 ^ _29707_/D_N (sky130_fd_sc_hd__or4b_1)
     1    0.004592    0.094094    0.467622  153.933029 v _29707_/X (sky130_fd_sc_hd__or4b_1)
                                                         _05842_ (net)
                      0.094094    0.000057  153.933090 v _29708_/D (sky130_fd_sc_hd__or4_2)
     3    0.013360    0.141441    0.615941  154.549026 v _29708_/X (sky130_fd_sc_hd__or4_2)
                                                         _05843_ (net)
                      0.141441    0.000242  154.549271 v _29726_/B (sky130_fd_sc_hd__or4b_1)
     1    0.001969    0.076959    0.511903  155.061172 v _29726_/X (sky130_fd_sc_hd__or4b_1)
                                                         _05861_ (net)
                      0.076959    0.000000  155.061172 v _29742_/C (sky130_fd_sc_hd__and3b_2)
     7    0.029514    0.097217    0.289020  155.350204 v _29742_/X (sky130_fd_sc_hd__and3b_2)
                                                         _05877_ (net)
                      0.097231    0.001180  155.351379 v _29832_/A (sky130_fd_sc_hd__nand2_1)
     1    0.004188    0.060018    0.085024  155.436401 ^ _29832_/Y (sky130_fd_sc_hd__nand2_1)
                                                         _05967_ (net)
                      0.060018    0.000028  155.436432 ^ fanout100/A (sky130_fd_sc_hd__buf_2)
     5    0.032284    0.161055    0.196764  155.633194 ^ fanout100/X (sky130_fd_sc_hd__buf_2)
                                                         net100 (net)
                      0.161055    0.000014  155.633209 ^ fanout99/A (sky130_fd_sc_hd__clkbuf_2)
     5    0.020656    0.118531    0.196081  155.829285 ^ fanout99/X (sky130_fd_sc_hd__clkbuf_2)
                                                         net99 (net)
                      0.118531    0.000043  155.829330 ^ fanout98/A (sky130_fd_sc_hd__clkbuf_4)
    10    0.038660    0.124728    0.221561  156.050888 ^ fanout98/X (sky130_fd_sc_hd__clkbuf_4)
                                                         net98 (net)
                      0.124729    0.000611  156.051498 ^ _29998_/S (sky130_fd_sc_hd__mux2_1)
     2    0.004548    0.063892    0.343732  156.395233 v _29998_/X (sky130_fd_sc_hd__mux2_1)
                                                         _06133_ (net)
                      0.063892    0.000014  156.395248 v _29999_/B (sky130_fd_sc_hd__and2_1)
     2    0.004222    0.042316    0.165812  156.561066 v _29999_/X (sky130_fd_sc_hd__and2_1)
                                                         _06134_ (net)
                      0.042316    0.000000  156.561066 v _30006_/A_N (sky130_fd_sc_hd__and4bb_1)
     2    0.005896    0.086199    0.262517  156.823578 ^ _30006_/X (sky130_fd_sc_hd__and4bb_1)
                                                         _06141_ (net)
                      0.086199    0.000014  156.823593 ^ _30019_/A (sky130_fd_sc_hd__nand4_1)
     2    0.004370    0.086047    0.093252  156.916840 v _30019_/Y (sky130_fd_sc_hd__nand4_1)
                                                         _06154_ (net)
                      0.086047    0.000014  156.916855 v _30043_/A (sky130_fd_sc_hd__or4bb_1)
     2    0.004843    0.096216    0.522547  157.439407 v _30043_/X (sky130_fd_sc_hd__or4bb_1)
                                                         _06178_ (net)
                      0.096216    0.000014  157.439423 v _30077_/A1 (sky130_fd_sc_hd__o221a_1)
     1    0.004256    0.052951    0.281204  157.720627 v _30077_/X (sky130_fd_sc_hd__o221a_1)
                                                         _06212_ (net)
                      0.052951    0.000057  157.720688 v _30079_/A2_N (sky130_fd_sc_hd__a2bb2o_1)
     1    0.007519    0.085350    0.269196  157.989883 ^ _30079_/X (sky130_fd_sc_hd__a2bb2o_1)
                                                         _06214_ (net)
                      0.085350    0.000071  157.989944 ^ _30082_/A2 (sky130_fd_sc_hd__a22oi_2)
     1    0.010705    0.076017    0.102688  158.092636 v _30082_/Y (sky130_fd_sc_hd__a22oi_2)
                                                         _06217_ (net)
                      0.076017    0.000369  158.093002 v _30139_/B1 (sky130_fd_sc_hd__o22a_1)
     1    0.002188    0.038854    0.177423  158.270432 v _30139_/X (sky130_fd_sc_hd__o22a_1)
                                                         _00170_ (net)
                      0.038854    0.000000  158.270432 v _30453_/D (sky130_fd_sc_hd__dfxtp_4)
                                            158.270432   data arrival time

                                 25.000000   25.000000   clock clk (rise edge)
                                  0.000000   25.000000   clock source latency
     1    0.036820    0.170970    0.119996   25.119995 ^ clk (in)
                                                         clk (net)
                      0.171081    0.000000   25.119995 ^ clkbuf_0_clk/A (sky130_fd_sc_hd__clkbuf_16)
     4    0.070478    0.088456    0.207416   25.327412 ^ clkbuf_0_clk/X (sky130_fd_sc_hd__clkbuf_16)
                                                         clknet_0_clk (net)
                      0.088474    0.001283   25.328695 ^ clkbuf_2_1__f_clk/A (sky130_fd_sc_hd__clkbuf_16)
    12    0.124970    0.138256    0.219528   25.548222 ^ clkbuf_2_1__f_clk/X (sky130_fd_sc_hd__clkbuf_16)
                                                         clknet_2_1__leaf_clk (net)
                      0.138341    0.002769   25.550991 ^ clkbuf_leaf_4_clk/A (sky130_fd_sc_hd__clkbuf_8)
     3    0.007847    0.034054    0.147390   25.698381 ^ clkbuf_leaf_4_clk/X (sky130_fd_sc_hd__clkbuf_8)
                                                         clknet_leaf_4_clk (net)
                      0.034054    0.000009   25.698389 ^ _30453_/CLK (sky130_fd_sc_hd__dfxtp_4)
                                 -0.250000   25.448391   clock uncertainty
                                  0.000000   25.448391   clock reconvergence pessimism
                                 -0.111714   25.336678   library setup time
                                             25.336678   data required time
---------------------------------------------------------------------------------------------
                                             25.336678   data required time
                                           -158.270432   data arrival time
---------------------------------------------------------------------------------------------
                                           -132.933746   slack (VIOLATED)




===========================================================================
 report_check_types -max_slew -max_cap -max_fanout -violators
============================================================================
======================= nom_tt_025C_1v80 Corner ===================================

max fanout

Pin                                   Limit Fanout  Slack
---------------------------------------------------------
clkbuf_leaf_14_clk/X                     10     18     -8 (VIOLATED)
clkbuf_leaf_29_clk/X                     10     17     -7 (VIOLATED)
clkbuf_2_2__f_clk/X                      10     16     -6 (VIOLATED)
clkbuf_leaf_20_clk/X                     10     16     -6 (VIOLATED)
clkbuf_leaf_21_clk/X                     10     16     -6 (VIOLATED)
clkbuf_leaf_24_clk/X                     10     16     -6 (VIOLATED)
clkbuf_leaf_13_clk/X                     10     15     -5 (VIOLATED)
clkbuf_leaf_28_clk/X                     10     15     -5 (VIOLATED)
clkbuf_leaf_15_clk/X                     10     13     -3 (VIOLATED)
clkbuf_leaf_19_clk/X                     10     13     -3 (VIOLATED)
clkbuf_2_1__f_clk/X                      10     12     -2 (VIOLATED)
clkbuf_2_3__f_clk/X                      10     12     -2 (VIOLATED)
clkbuf_2_0__f_clk/X                      10     11        (VIOLATED)
clkbuf_leaf_18_clk/X                     10     11        (VIOLATED)
clkbuf_leaf_22_clk/X                     10     11        (VIOLATED)
clkbuf_leaf_36_clk/X                     10     11        (VIOLATED)



===========================================================================
report_parasitic_annotation -report_unannotated
============================================================================
Found 38 unannotated drivers.
 clkload0/Y
 clkload1/Y
 clkload10/X
 clkload11/X
 clkload12/X
 clkload13/X
 clkload14/X
 clkload15/X
 clkload16/Y
 clkload17/Y
 clkload18/Y
 clkload19/X
 clkload2/Y
 clkload20/X
 clkload21/Y
 clkload22/Y
 clkload23/Y
 clkload24/Y
 clkload25/Y
 clkload26/X
 clkload27/X
 clkload28/Y
 clkload29/Y
 clkload3/Y
 clkload30/Y
 clkload31/Y
 clkload32/Y
 clkload33/Y
 clkload34/Y
 clkload35/Y
 clkload36/Y
 clkload37/Y
 clkload4/Y
 clkload5/X
 clkload6/Y
 clkload7/Y
 clkload8/Y
 clkload9/X
Found 0 partially unannotated drivers.

===========================================================================
max slew violation count 0
Writing metric design__max_slew_violation__count__corner:nom_tt_025C_1v80: 0
max fanout violation count 16
Writing metric design__max_fanout_violation__count__corner:nom_tt_025C_1v80: 16
max cap violation count 0
Writing metric design__max_cap_violation__count__corner:nom_tt_025C_1v80: 0
============================================================================

===========================================================================
check_setup -verbose -unconstrained_endpoints -multiple_clock -no_clock -no_input_delay -loops -generated_clocks
===========================================================================
