
===========================================================================
report_checks -unconstrained
===========================================================================
======================= nom_ff_n40C_1v95 Corner ===================================

Startpoint: _30420_ (rising edge-triggered flip-flop clocked by clk)
Endpoint: _30453_ (rising edge-triggered flip-flop clocked by clk)
Path Group: clk
Path Type: max

Fanout         Cap        Slew       Delay        Time   Description
---------------------------------------------------------------------------------------------
                      0.150000    0.000000    0.000000   clock clk (rise edge)
                                  0.000000    0.000000   clock network delay (ideal)
                      0.150000    0.000000    0.000000 ^ _30420_/CLK (sky130_fd_sc_hd__dfxtp_2)
   113    0.423505    0.649206    0.716033    0.716033 v _30420_/Q (sky130_fd_sc_hd__dfxtp_2)
                                                         mantisaBshift[3] (net)
                      0.649206    0.000000    0.716033 v _16177_/C (sky130_fd_sc_hd__or3_2)
     1    0.001308    0.054579    0.435980    1.152012 v _16177_/X (sky130_fd_sc_hd__or3_2)
                                                         _06307_ (net)
                      0.054579    0.000000    1.152012 v _16178_/D (sky130_fd_sc_hd__or4_2)
     1    0.001308    0.060454    0.289318    1.441331 v _16178_/X (sky130_fd_sc_hd__or4_2)
                                                         _06308_ (net)
                      0.060454    0.000000    1.441331 v _16179_/D (sky130_fd_sc_hd__or4_2)
     2    0.008413    0.083038    0.322683    1.764014 v _16179_/X (sky130_fd_sc_hd__or4_2)
                                                         _06309_ (net)
                      0.083038    0.000000    1.764014 v _16181_/A2 (sky130_fd_sc_hd__o21ai_2)
     4    0.013215    0.174688    0.142242    1.906256 ^ _16181_/Y (sky130_fd_sc_hd__o21ai_2)
                                                         _06311_ (net)
                      0.174688    0.000000    1.906256 ^ _16185_/A1 (sky130_fd_sc_hd__a211o_2)
     2    0.006938    0.046934    0.103516    2.009772 ^ _16185_/X (sky130_fd_sc_hd__a211o_2)
                                                         _06315_ (net)
                      0.046934    0.000000    2.009772 ^ _16187_/A2 (sky130_fd_sc_hd__a21o_2)
     4    0.015924    0.072669    0.108401    2.118172 ^ _16187_/X (sky130_fd_sc_hd__a21o_2)
                                                         _06317_ (net)
                      0.072669    0.000000    2.118172 ^ _16193_/A2 (sky130_fd_sc_hd__a21oi_2)
     5    0.015294    0.051098    0.057269    2.175442 v _16193_/Y (sky130_fd_sc_hd__a21oi_2)
                                                         _06323_ (net)
                      0.051098    0.000000    2.175442 v _16205_/C (sky130_fd_sc_hd__or4_2)
     5    0.012123    0.091869    0.376702    2.552144 v _16205_/X (sky130_fd_sc_hd__or4_2)
                                                         _06335_ (net)
                      0.091869    0.000000    2.552144 v _16207_/C (sky130_fd_sc_hd__and3_2)
     2    0.005608    0.046309    0.158430    2.710574 v _16207_/X (sky130_fd_sc_hd__and3_2)
                                                         _06337_ (net)
                      0.046309    0.000000    2.710574 v _16228_/A (sky130_fd_sc_hd__or4_2)
     1    0.004066    0.069358    0.378342    3.088915 v _16228_/X (sky130_fd_sc_hd__or4_2)
                                                         _06358_ (net)
                      0.069358    0.000000    3.088915 v _16229_/B2 (sky130_fd_sc_hd__o221ai_2)
     7    0.020946    0.271453    0.195692    3.284607 ^ _16229_/Y (sky130_fd_sc_hd__o221ai_2)
                                                         _06359_ (net)
                      0.271453    0.000000    3.284607 ^ _16233_/B (sky130_fd_sc_hd__and3_2)
     3    0.010992    0.059628    0.163455    3.448062 ^ _16233_/X (sky130_fd_sc_hd__and3_2)
                                                         _06363_ (net)
                      0.059628    0.000000    3.448062 ^ _16242_/A2 (sky130_fd_sc_hd__o21ai_2)
     3    0.007984    0.103197    0.040270    3.488332 v _16242_/Y (sky130_fd_sc_hd__o21ai_2)
                                                         _06372_ (net)
                      0.103197    0.000000    3.488332 v _16254_/A3 (sky130_fd_sc_hd__a311o_2)
     1    0.004282    0.042733    0.260920    3.749252 v _16254_/X (sky130_fd_sc_hd__a311o_2)
                                                         _06384_ (net)
                      0.042733    0.000000    3.749252 v _16264_/A1 (sky130_fd_sc_hd__a21oi_2)
     6    0.019388    0.188791    0.176247    3.925499 ^ _16264_/Y (sky130_fd_sc_hd__a21oi_2)
                                                         _06394_ (net)
                      0.188791    0.000000    3.925499 ^ _16265_/S (sky130_fd_sc_hd__mux2_1)
     4    0.009721    0.066443    0.224298    4.149796 v _16265_/X (sky130_fd_sc_hd__mux2_1)
                                                         _06395_ (net)
                      0.066443    0.000000    4.149796 v _16276_/B (sky130_fd_sc_hd__or2_2)
     4    0.009584    0.059830    0.187014    4.336811 v _16276_/X (sky130_fd_sc_hd__or2_2)
                                                         _06406_ (net)
                      0.059830    0.000000    4.336811 v _16280_/A1 (sky130_fd_sc_hd__a211o_2)
     1    0.002304    0.032220    0.182181    4.518992 v _16280_/X (sky130_fd_sc_hd__a211o_2)
                                                         _06410_ (net)
                      0.032220    0.000000    4.518992 v _16288_/A1 (sky130_fd_sc_hd__a31o_2)
     3    0.007332    0.037249    0.132690    4.651682 v _16288_/X (sky130_fd_sc_hd__a31o_2)
                                                         _06418_ (net)
                      0.037249    0.000000    4.651682 v _16290_/A (sky130_fd_sc_hd__and2_2)
     4    0.014605    0.046966    0.129083    4.780765 v _16290_/X (sky130_fd_sc_hd__and2_2)
                                                         _06420_ (net)
                      0.046966    0.000000    4.780765 v _16297_/S (sky130_fd_sc_hd__mux2_1)
     3    0.016510    0.087775    0.237119    5.017884 v _16297_/X (sky130_fd_sc_hd__mux2_1)
                                                         _06427_ (net)
                      0.087775    0.000000    5.017884 v _16300_/B (sky130_fd_sc_hd__xnor2_2)
     3    0.014733    0.143075    0.124242    5.142126 v _16300_/Y (sky130_fd_sc_hd__xnor2_2)
                                                         _06430_ (net)
                      0.143075    0.000000    5.142126 v _16317_/A1 (sky130_fd_sc_hd__o311ai_2)
     3    0.010700    0.241646    0.281570    5.423696 ^ _16317_/Y (sky130_fd_sc_hd__o311ai_2)
                                                         _06447_ (net)
                      0.241646    0.000000    5.423696 ^ _16328_/A1 (sky130_fd_sc_hd__a221oi_2)
     5    0.012893    0.163917    0.072226    5.495921 v _16328_/Y (sky130_fd_sc_hd__a221oi_2)
                                                         _06458_ (net)
                      0.163917    0.000000    5.495921 v _16361_/C (sky130_fd_sc_hd__or4_2)
     4    0.010185    0.086892    0.403716    5.899637 v _16361_/X (sky130_fd_sc_hd__or4_2)
                                                         _06491_ (net)
                      0.086892    0.000000    5.899637 v _16369_/A3 (sky130_fd_sc_hd__a31o_2)
     1    0.002248    0.031417    0.167579    6.067216 v _16369_/X (sky130_fd_sc_hd__a31o_2)
                                                         _06499_ (net)
                      0.031417    0.000000    6.067216 v _16371_/A2 (sky130_fd_sc_hd__a211o_2)
     2    0.004542    0.038274    0.203911    6.271127 v _16371_/X (sky130_fd_sc_hd__a211o_2)
                                                         _06501_ (net)
                      0.038274    0.000000    6.271127 v _16376_/A1 (sky130_fd_sc_hd__a211o_2)
     4    0.012998    0.055914    0.204175    6.475302 v _16376_/X (sky130_fd_sc_hd__a211o_2)
                                                         _06506_ (net)
                      0.055914    0.000000    6.475302 v _16379_/A2 (sky130_fd_sc_hd__a211o_2)
     5    0.015531    0.060657    0.241479    6.716782 v _16379_/X (sky130_fd_sc_hd__a211o_2)
                                                         _06509_ (net)
                      0.060657    0.000000    6.716782 v _16424_/A1 (sky130_fd_sc_hd__a211o_2)
     1    0.007716    0.044979    0.198690    6.915472 v _16424_/X (sky130_fd_sc_hd__a211o_2)
                                                         _06554_ (net)
                      0.044979    0.000000    6.915472 v _16425_/B (sky130_fd_sc_hd__xor2_2)
     4    0.013992    0.056067    0.111496    7.026968 v _16425_/X (sky130_fd_sc_hd__xor2_2)
                                                         _06555_ (net)
                      0.056067    0.000000    7.026968 v _16426_/B (sky130_fd_sc_hd__xnor2_2)
     3    0.008078    0.197529    0.097891    7.124859 v _16426_/Y (sky130_fd_sc_hd__xnor2_2)
                                                         _06556_ (net)
                      0.197529    0.000000    7.124859 v _16432_/A1 (sky130_fd_sc_hd__o31a_2)
     4    0.014694    0.060233    0.290045    7.414905 v _16432_/X (sky130_fd_sc_hd__o31a_2)
                                                         _06562_ (net)
                      0.060233    0.000000    7.414905 v _16435_/A2 (sky130_fd_sc_hd__a211o_2)
     3    0.008696    0.047009    0.225188    7.640092 v _16435_/X (sky130_fd_sc_hd__a211o_2)
                                                         _06565_ (net)
                      0.047009    0.000000    7.640092 v _16439_/A3 (sky130_fd_sc_hd__a311o_2)
     1    0.004511    0.043625    0.241453    7.881546 v _16439_/X (sky130_fd_sc_hd__a311o_2)
                                                         _06569_ (net)
                      0.043625    0.000000    7.881546 v _16442_/B2 (sky130_fd_sc_hd__a221oi_2)
    10    0.034132    0.426357    0.336408    8.217954 ^ _16442_/Y (sky130_fd_sc_hd__a221oi_2)
                                                         _06572_ (net)
                      0.426357    0.000000    8.217954 ^ _16464_/S (sky130_fd_sc_hd__mux2_1)
     4    0.018675    0.094148    0.247699    8.465652 v _16464_/X (sky130_fd_sc_hd__mux2_1)
                                                         _06594_ (net)
                      0.094148    0.000000    8.465652 v _16466_/B (sky130_fd_sc_hd__xnor2_2)
     3    0.007109    0.186399    0.110740    8.576392 v _16466_/Y (sky130_fd_sc_hd__xnor2_2)
                                                         _06596_ (net)
                      0.186399    0.000000    8.576392 v _16479_/A (sky130_fd_sc_hd__or4_2)
     2    0.006604    0.076373    0.425506    9.001898 v _16479_/X (sky130_fd_sc_hd__or4_2)
                                                         _06609_ (net)
                      0.076373    0.000000    9.001898 v _16482_/A2 (sky130_fd_sc_hd__a31o_2)
     2    0.003759    0.030489    0.160994    9.162892 v _16482_/X (sky130_fd_sc_hd__a31o_2)
                                                         _06612_ (net)
                      0.030489    0.000000    9.162892 v _16486_/A1 (sky130_fd_sc_hd__a211o_2)
     3    0.007415    0.044344    0.187324    9.350216 v _16486_/X (sky130_fd_sc_hd__a211o_2)
                                                         _06616_ (net)
                      0.044344    0.000000    9.350216 v _16498_/B (sky130_fd_sc_hd__and4_2)
     7    0.020488    0.058554    0.165329    9.515545 v _16498_/X (sky130_fd_sc_hd__and4_2)
                                                         _06628_ (net)
                      0.058554    0.000000    9.515545 v _16561_/A (sky130_fd_sc_hd__or4b_2)
     3    0.010384    0.087869    0.410573    9.926118 v _16561_/X (sky130_fd_sc_hd__or4b_2)
                                                         _06691_ (net)
                      0.087869    0.000000    9.926118 v _16563_/C (sky130_fd_sc_hd__and3_2)
     3    0.004366    0.041497    0.153520   10.079638 v _16563_/X (sky130_fd_sc_hd__and3_2)
                                                         _06693_ (net)
                      0.041497    0.000000   10.079638 v _16566_/C (sky130_fd_sc_hd__or4_2)
     1    0.001308    0.060339    0.329408   10.409046 v _16566_/X (sky130_fd_sc_hd__or4_2)
                                                         _06696_ (net)
                      0.060339    0.000000   10.409046 v _16567_/D (sky130_fd_sc_hd__or4_2)
     2    0.006591    0.076280    0.315796   10.724843 v _16567_/X (sky130_fd_sc_hd__or4_2)
                                                         _06697_ (net)
                      0.076280    0.000000   10.724843 v _16571_/A1 (sky130_fd_sc_hd__a31o_2)
     4    0.013013    0.047280    0.162068   10.886910 v _16571_/X (sky130_fd_sc_hd__a31o_2)
                                                         _06701_ (net)
                      0.047280    0.000000   10.886910 v _16575_/A2 (sky130_fd_sc_hd__a311o_2)
     3    0.010860    0.056721    0.246677   11.133588 v _16575_/X (sky130_fd_sc_hd__a311o_2)
                                                         _06705_ (net)
                      0.056721    0.000000   11.133588 v _16579_/A1 (sky130_fd_sc_hd__a21oi_2)
    12    0.041363    0.372592    0.313500   11.447088 ^ _16579_/Y (sky130_fd_sc_hd__a21oi_2)
                                                         _06709_ (net)
                      0.372592    0.000000   11.447088 ^ _16606_/S (sky130_fd_sc_hd__mux2_1)
     3    0.010974    0.071217    0.226513   11.673601 v _16606_/X (sky130_fd_sc_hd__mux2_1)
                                                         _06736_ (net)
                      0.071217    0.000000   11.673601 v _16608_/B (sky130_fd_sc_hd__xnor2_2)
     3    0.012723    0.212908    0.113555   11.787155 v _16608_/Y (sky130_fd_sc_hd__xnor2_2)
                                                         _06738_ (net)
                      0.212908    0.000000   11.787155 v _16617_/A1 (sky130_fd_sc_hd__o311a_2)
     2    0.006391    0.048977    0.304247   12.091403 v _16617_/X (sky130_fd_sc_hd__o311a_2)
                                                         _06747_ (net)
                      0.048977    0.000000   12.091403 v _16623_/A2 (sky130_fd_sc_hd__o41a_2)
     4    0.015048    0.071681    0.316351   12.407753 v _16623_/X (sky130_fd_sc_hd__o41a_2)
                                                         _06753_ (net)
                      0.071681    0.000000   12.407753 v _16648_/A2 (sky130_fd_sc_hd__a2111o_2)
     2    0.008529    0.056782    0.307939   12.715692 v _16648_/X (sky130_fd_sc_hd__a2111o_2)
                                                         _06778_ (net)
                      0.056782    0.000000   12.715692 v _16652_/A1 (sky130_fd_sc_hd__a21oi_2)
    13    0.047151    0.420973    0.348072   13.063764 ^ _16652_/Y (sky130_fd_sc_hd__a21oi_2)
                                                         _06782_ (net)
                      0.420973    0.000000   13.063764 ^ _16655_/S (sky130_fd_sc_hd__mux2_1)
     3    0.016432    0.087489    0.241098   13.304862 v _16655_/X (sky130_fd_sc_hd__mux2_1)
                                                         _06785_ (net)
                      0.087489    0.000000   13.304862 v _16697_/B (sky130_fd_sc_hd__xnor2_2)
     3    0.013951    0.205850    0.122531   13.427393 v _16697_/Y (sky130_fd_sc_hd__xnor2_2)
                                                         _06827_ (net)
                      0.205850    0.000000   13.427393 v _16699_/B (sky130_fd_sc_hd__or2_2)
     2    0.003770    0.039863    0.223430   13.650823 v _16699_/X (sky130_fd_sc_hd__or2_2)
                                                         _06829_ (net)
                      0.039863    0.000000   13.650823 v _16711_/A (sky130_fd_sc_hd__or3_2)
     1    0.004128    0.054429    0.273402   13.924225 v _16711_/X (sky130_fd_sc_hd__or3_2)
                                                         _06841_ (net)
                      0.054429    0.000000   13.924225 v _16715_/A2 (sky130_fd_sc_hd__o21ai_2)
     3    0.010713    0.120011    0.117791   14.042016 ^ _16715_/Y (sky130_fd_sc_hd__o21ai_2)
                                                         _06845_ (net)
                      0.120011    0.000000   14.042016 ^ _16728_/A1 (sky130_fd_sc_hd__a211oi_2)
     2    0.006392    0.053487    0.055358   14.097374 v _16728_/Y (sky130_fd_sc_hd__a211oi_2)
                                                         _06858_ (net)
                      0.053487    0.000000   14.097374 v _16734_/A2 (sky130_fd_sc_hd__o311a_2)
     3    0.010338    0.056631    0.250279   14.347653 v _16734_/X (sky130_fd_sc_hd__o311a_2)
                                                         _06864_ (net)
                      0.056631    0.000000   14.347653 v _16787_/A (sky130_fd_sc_hd__or3_2)
     3    0.010384    0.069684    0.298791   14.646444 v _16787_/X (sky130_fd_sc_hd__or3_2)
                                                         _06917_ (net)
                      0.069684    0.000000   14.646444 v _16792_/C (sky130_fd_sc_hd__and3_2)
     2    0.005471    0.046058    0.148821   14.795266 v _16792_/X (sky130_fd_sc_hd__and3_2)
                                                         _06922_ (net)
                      0.046058    0.000000   14.795266 v _16793_/C (sky130_fd_sc_hd__or3_2)
     3    0.008747    0.065755    0.250889   15.046155 v _16793_/X (sky130_fd_sc_hd__or3_2)
                                                         _06923_ (net)
                      0.065755    0.000000   15.046155 v _16794_/A2 (sky130_fd_sc_hd__a21o_2)
     3    0.010482    0.039629    0.159984   15.206139 v _16794_/X (sky130_fd_sc_hd__a21o_2)
                                                         _06924_ (net)
                      0.039629    0.000000   15.206139 v _16796_/A2 (sky130_fd_sc_hd__a21oi_2)
     3    0.011163    0.123276    0.132149   15.338287 ^ _16796_/Y (sky130_fd_sc_hd__a21oi_2)
                                                         _06926_ (net)
                      0.123276    0.000000   15.338287 ^ _16798_/A2 (sky130_fd_sc_hd__o21ai_2)
     2    0.006549    0.045547    0.041087   15.379375 v _16798_/Y (sky130_fd_sc_hd__o21ai_2)
                                                         _06928_ (net)
                      0.045547    0.000000   15.379375 v _16800_/A2 (sky130_fd_sc_hd__a21o_2)
     3    0.007662    0.034653    0.146334   15.525709 v _16800_/X (sky130_fd_sc_hd__a21o_2)
                                                         _06930_ (net)
                      0.034653    0.000000   15.525709 v _16801_/A2 (sky130_fd_sc_hd__a21oi_2)
     5    0.014766    0.152121    0.149958   15.675668 ^ _16801_/Y (sky130_fd_sc_hd__a21oi_2)
                                                         _06931_ (net)
                      0.152121    0.000000   15.675668 ^ _16805_/A2 (sky130_fd_sc_hd__o311a_2)
     3    0.009767    0.052701    0.133625   15.809292 ^ _16805_/X (sky130_fd_sc_hd__o311a_2)
                                                         _06935_ (net)
                      0.052701    0.000000   15.809292 ^ _16810_/A1 (sky130_fd_sc_hd__o211a_2)
     5    0.016864    0.085926    0.145615   15.954907 ^ _16810_/X (sky130_fd_sc_hd__o211a_2)
                                                         _06940_ (net)
                      0.085926    0.000000   15.954907 ^ _16830_/A1 (sky130_fd_sc_hd__a21oi_2)
     6    0.016292    0.053580    0.057277   16.012184 v _16830_/Y (sky130_fd_sc_hd__a21oi_2)
                                                         _06960_ (net)
                      0.053580    0.000000   16.012184 v _16832_/B (sky130_fd_sc_hd__nor2_2)
    11    0.039964    0.320970    0.252216   16.264400 ^ _16832_/Y (sky130_fd_sc_hd__nor2_2)
                                                         _06962_ (net)
                      0.320970    0.000000   16.264400 ^ _16881_/S (sky130_fd_sc_hd__mux2_1)
     5    0.024776    0.112311    0.270562   16.534962 v _16881_/X (sky130_fd_sc_hd__mux2_1)
                                                         _07011_ (net)
                      0.112311    0.000000   16.534962 v _16884_/B (sky130_fd_sc_hd__xnor2_2)
     2    0.012412    0.160935    0.129258   16.664221 v _16884_/Y (sky130_fd_sc_hd__xnor2_2)
                                                         _07014_ (net)
                      0.160935    0.000000   16.664221 v _16900_/A (sky130_fd_sc_hd__nor4_2)
     1    0.002487    0.135204    0.203535   16.867756 ^ _16900_/Y (sky130_fd_sc_hd__nor4_2)
                                                         _07030_ (net)
                      0.135204    0.000000   16.867756 ^ _16923_/A1 (sky130_fd_sc_hd__a211o_2)
     4    0.016325    0.066299    0.124352   16.992107 ^ _16923_/X (sky130_fd_sc_hd__a211o_2)
                                                         _07053_ (net)
                      0.066299    0.000000   16.992107 ^ _16927_/A2 (sky130_fd_sc_hd__a21oi_2)
     3    0.014313    0.044551    0.054509   17.046618 v _16927_/Y (sky130_fd_sc_hd__a21oi_2)
                                                         _07057_ (net)
                      0.044551    0.000000   17.046618 v _16929_/A2 (sky130_fd_sc_hd__o211ai_2)
     3    0.011784    0.151991    0.141137   17.187754 ^ _16929_/Y (sky130_fd_sc_hd__o211ai_2)
                                                         _07059_ (net)
                      0.151991    0.000000   17.187754 ^ _16935_/A3 (sky130_fd_sc_hd__a31oi_2)
     9    0.019695    0.098513    0.106176   17.293930 v _16935_/Y (sky130_fd_sc_hd__a31oi_2)
                                                         _07065_ (net)
                      0.098513    0.000000   17.293930 v _16986_/B (sky130_fd_sc_hd__or4b_2)
     3    0.007656    0.080310    0.392177   17.686108 v _16986_/X (sky130_fd_sc_hd__or4b_2)
                                                         _07116_ (net)
                      0.080310    0.000000   17.686108 v _16988_/C (sky130_fd_sc_hd__and3_2)
     3    0.007116    0.048762    0.157124   17.843231 v _16988_/X (sky130_fd_sc_hd__and3_2)
                                                         _07118_ (net)
                      0.048762    0.000000   17.843231 v _16991_/C (sky130_fd_sc_hd__or4_2)
     2    0.003704    0.068296    0.343460   18.186691 v _16991_/X (sky130_fd_sc_hd__or4_2)
                                                         _07121_ (net)
                      0.068296    0.000000   18.186691 v _17008_/C (sky130_fd_sc_hd__or4_2)
     3    0.008061    0.080031    0.366407   18.553099 v _17008_/X (sky130_fd_sc_hd__or4_2)
                                                         _07138_ (net)
                      0.080031    0.000000   18.553099 v _17030_/A1 (sky130_fd_sc_hd__a21o_2)
     3    0.008061    0.035358    0.144073   18.697172 v _17030_/X (sky130_fd_sc_hd__a21o_2)
                                                         _07160_ (net)
                      0.035358    0.000000   18.697172 v _17055_/A1 (sky130_fd_sc_hd__a21o_2)
     7    0.020269    0.055036    0.149763   18.846935 v _17055_/X (sky130_fd_sc_hd__a21o_2)
                                                         _07185_ (net)
                      0.055036    0.000000   18.846935 v _17060_/A1 (sky130_fd_sc_hd__a21oi_2)
    17    0.053169    0.471329    0.383427   19.230362 ^ _17060_/Y (sky130_fd_sc_hd__a21oi_2)
                                                         _07190_ (net)
                      0.471329    0.000000   19.230362 ^ _17109_/S (sky130_fd_sc_hd__mux2_1)
     6    0.023155    0.107490    0.259485   19.489847 v _17109_/X (sky130_fd_sc_hd__mux2_1)
                                                         _07239_ (net)
                      0.107490    0.000000   19.489847 v _17150_/B (sky130_fd_sc_hd__xnor2_2)
     1    0.001487    0.138528    0.102439   19.592285 v _17150_/Y (sky130_fd_sc_hd__xnor2_2)
                                                         _07280_ (net)
                      0.138528    0.000000   19.592285 v _17161_/B (sky130_fd_sc_hd__or4b_2)
     1    0.002119    0.063391    0.378478   19.970764 v _17161_/X (sky130_fd_sc_hd__or4b_2)
                                                         _07291_ (net)
                      0.063391    0.000000   19.970764 v _17163_/A4 (sky130_fd_sc_hd__o41a_2)
     2    0.006162    0.053011    0.233248   20.204012 v _17163_/X (sky130_fd_sc_hd__o41a_2)
                                                         _07293_ (net)
                      0.053011    0.000000   20.204012 v _17169_/A2 (sky130_fd_sc_hd__a21oi_2)
     4    0.010924    0.121345    0.136097   20.340109 ^ _17169_/Y (sky130_fd_sc_hd__a21oi_2)
                                                         _07299_ (net)
                      0.121345    0.000000   20.340109 ^ _17173_/A2 (sky130_fd_sc_hd__a21oi_2)
     3    0.012778    0.050927    0.060952   20.401060 v _17173_/Y (sky130_fd_sc_hd__a21oi_2)
                                                         _07303_ (net)
                      0.050927    0.000000   20.401060 v _17187_/A1 (sky130_fd_sc_hd__o311a_2)
     3    0.014263    0.064156    0.273698   20.674759 v _17187_/X (sky130_fd_sc_hd__o311a_2)
                                                         _07317_ (net)
                      0.064156    0.000000   20.674759 v _17193_/A2 (sky130_fd_sc_hd__o311a_2)
     8    0.021590    0.074827    0.279332   20.954090 v _17193_/X (sky130_fd_sc_hd__o311a_2)
                                                         _07323_ (net)
                      0.074827    0.000000   20.954090 v _17254_/B (sky130_fd_sc_hd__or3_2)
     4    0.012591    0.074866    0.296842   21.250933 v _17254_/X (sky130_fd_sc_hd__or3_2)
                                                         _07384_ (net)
                      0.074866    0.000000   21.250933 v _17258_/C (sky130_fd_sc_hd__and3_2)
     3    0.005288    0.042552    0.150562   21.401495 v _17258_/X (sky130_fd_sc_hd__and3_2)
                                                         _07388_ (net)
                      0.042552    0.000000   21.401495 v _17267_/B (sky130_fd_sc_hd__or4_2)
     2    0.003667    0.068106    0.364132   21.765627 v _17267_/X (sky130_fd_sc_hd__or4_2)
                                                         _07397_ (net)
                      0.068106    0.000000   21.765627 v _17284_/A (sky130_fd_sc_hd__or4_2)
     3    0.008089    0.080250    0.399847   22.165474 v _17284_/X (sky130_fd_sc_hd__or4_2)
                                                         _07414_ (net)
                      0.080250    0.000000   22.165474 v _17288_/A1 (sky130_fd_sc_hd__a211o_2)
     3    0.008089    0.045752    0.206581   22.372055 v _17288_/X (sky130_fd_sc_hd__a211o_2)
                                                         _07418_ (net)
                      0.045752    0.000000   22.372055 v _17293_/A1 (sky130_fd_sc_hd__a211o_2)
     2    0.003785    0.036296    0.182498   22.554552 v _17293_/X (sky130_fd_sc_hd__a211o_2)
                                                         _07423_ (net)
                      0.036296    0.000000   22.554552 v _17298_/A1 (sky130_fd_sc_hd__a21o_2)
     5    0.015418    0.047949    0.142855   22.697407 v _17298_/X (sky130_fd_sc_hd__a21o_2)
                                                         _07428_ (net)
                      0.047949    0.000000   22.697407 v _17315_/A1 (sky130_fd_sc_hd__a21oi_2)
    21    0.074373    0.647404    0.506231   23.203638 ^ _17315_/Y (sky130_fd_sc_hd__a21oi_2)
                                                         _07445_ (net)
                      0.647404    0.000000   23.203638 ^ _17357_/S (sky130_fd_sc_hd__mux2_1)
     4    0.017930    0.091945    0.236312   23.439951 v _17357_/X (sky130_fd_sc_hd__mux2_1)
                                                         _07487_ (net)
                      0.091945    0.000000   23.439951 v _17359_/B (sky130_fd_sc_hd__xnor2_2)
     2    0.010068    0.156570    0.116374   23.556326 v _17359_/Y (sky130_fd_sc_hd__xnor2_2)
                                                         _07489_ (net)
                      0.156570    0.000000   23.556326 v _17364_/A (sky130_fd_sc_hd__or2_2)
     2    0.002921    0.037509    0.208848   23.765173 v _17364_/X (sky130_fd_sc_hd__or2_2)
                                                         _07494_ (net)
                      0.037509    0.000000   23.765173 v _17394_/A (sky130_fd_sc_hd__or4_2)
     2    0.003842    0.068528    0.375364   24.140537 v _17394_/X (sky130_fd_sc_hd__or4_2)
                                                         _07524_ (net)
                      0.068528    0.000000   24.140537 v _17403_/A2 (sky130_fd_sc_hd__a41o_2)
     2    0.006430    0.036452    0.171877   24.312414 v _17403_/X (sky130_fd_sc_hd__a41o_2)
                                                         _07533_ (net)
                      0.036452    0.000000   24.312414 v _17426_/A2 (sky130_fd_sc_hd__a21o_2)
     2    0.003704    0.027154    0.132925   24.445339 v _17426_/X (sky130_fd_sc_hd__a21o_2)
                                                         _07556_ (net)
                      0.027154    0.000000   24.445339 v _17441_/A1 (sky130_fd_sc_hd__a311o_2)
     2    0.006626    0.047896    0.197236   24.642574 v _17441_/X (sky130_fd_sc_hd__a311o_2)
                                                         _07571_ (net)
                      0.047896    0.000000   24.642574 v _17444_/A1 (sky130_fd_sc_hd__a21o_2)
     2    0.008637    0.036362    0.133364   24.775938 v _17444_/X (sky130_fd_sc_hd__a21o_2)
                                                         _07574_ (net)
                      0.036362    0.000000   24.775938 v _17448_/A1 (sky130_fd_sc_hd__a21oi_2)
    23    0.085238    0.735921    0.564722   25.340660 ^ _17448_/Y (sky130_fd_sc_hd__a21oi_2)
                                                         _07578_ (net)
                      0.735921    0.000000   25.340660 ^ _17539_/S (sky130_fd_sc_hd__mux2_1)
     4    0.012053    0.074462    0.211415   25.552074 v _17539_/X (sky130_fd_sc_hd__mux2_1)
                                                         _07669_ (net)
                      0.074462    0.000000   25.552074 v _17541_/B (sky130_fd_sc_hd__and2_2)
     1    0.004145    0.037538    0.134404   25.686480 v _17541_/X (sky130_fd_sc_hd__and2_2)
                                                         _07671_ (net)
                      0.037538    0.000000   25.686480 v _17542_/B (sky130_fd_sc_hd__nor2_2)
     4    0.012455    0.120120    0.101078   25.787558 ^ _17542_/Y (sky130_fd_sc_hd__nor2_2)
                                                         _07672_ (net)
                      0.120120    0.000000   25.787558 ^ _17547_/A (sky130_fd_sc_hd__and2_2)
     2    0.006292    0.039455    0.108800   25.896358 ^ _17547_/X (sky130_fd_sc_hd__and2_2)
                                                         _07677_ (net)
                      0.039455    0.000000   25.896358 ^ _17558_/C_N (sky130_fd_sc_hd__or4bb_2)
     2    0.003285    0.063156    0.338583   26.234940 v _17558_/X (sky130_fd_sc_hd__or4bb_2)
                                                         _07688_ (net)
                      0.063156    0.000000   26.234940 v _17583_/C (sky130_fd_sc_hd__or4_2)
     1    0.004247    0.069963    0.350065   26.585005 v _17583_/X (sky130_fd_sc_hd__or4_2)
                                                         _07713_ (net)
                      0.069963    0.000000   26.585005 v _17590_/A1 (sky130_fd_sc_hd__a211oi_2)
    25    0.085954    1.026446    0.795847   27.380852 ^ _17590_/Y (sky130_fd_sc_hd__a211oi_2)
                                                         _07720_ (net)
                      1.026446    0.000000   27.380852 ^ _17600_/S (sky130_fd_sc_hd__mux2_1)
     3    0.009925    0.067233    0.180604   27.561457 v _17600_/X (sky130_fd_sc_hd__mux2_1)
                                                         _07730_ (net)
                      0.067233    0.000000   27.561457 v _17602_/B (sky130_fd_sc_hd__and2_2)
     3    0.007179    0.049328    0.138535   27.699991 v _17602_/X (sky130_fd_sc_hd__and2_2)
                                                         _07732_ (net)
                      0.049328    0.000000   27.699991 v _17604_/A (sky130_fd_sc_hd__or2_2)
     4    0.013476    0.059640    0.204436   27.904427 v _17604_/X (sky130_fd_sc_hd__or2_2)
                                                         _07734_ (net)
                      0.059640    0.000000   27.904427 v _17655_/A (sky130_fd_sc_hd__or4_2)
     1    0.002325    0.063857    0.372662   28.277088 v _17655_/X (sky130_fd_sc_hd__or4_2)
                                                         _07785_ (net)
                      0.063857    0.000000   28.277088 v _17656_/C1 (sky130_fd_sc_hd__o311a_2)
     3    0.008369    0.052767    0.093461   28.370550 v _17656_/X (sky130_fd_sc_hd__o311a_2)
                                                         _07786_ (net)
                      0.052767    0.000000   28.370550 v _17682_/A2 (sky130_fd_sc_hd__a21o_2)
     3    0.008888    0.036820    0.151815   28.522364 v _17682_/X (sky130_fd_sc_hd__a21o_2)
                                                         _07812_ (net)
                      0.036820    0.000000   28.522364 v _17737_/A1 (sky130_fd_sc_hd__a21o_2)
     1    0.004282    0.028497    0.119442   28.641806 v _17737_/X (sky130_fd_sc_hd__a21o_2)
                                                         _07867_ (net)
                      0.028497    0.000000   28.641806 v _17745_/A1 (sky130_fd_sc_hd__a21oi_2)
    24    0.087674    0.755118    0.575383   29.217190 ^ _17745_/Y (sky130_fd_sc_hd__a21oi_2)
                                                         _07875_ (net)
                      0.755118    0.000000   29.217190 ^ _17784_/S (sky130_fd_sc_hd__mux2_1)
     3    0.010974    0.071140    0.206581   29.423771 v _17784_/X (sky130_fd_sc_hd__mux2_1)
                                                         _07914_ (net)
                      0.071140    0.000000   29.423771 v _17786_/B (sky130_fd_sc_hd__xnor2_2)
     2    0.005826    0.184791    0.098760   29.522532 v _17786_/Y (sky130_fd_sc_hd__xnor2_2)
                                                         _07916_ (net)
                      0.184791    0.000000   29.522532 v _17789_/A (sky130_fd_sc_hd__or2_2)
     4    0.013155    0.059119    0.248010   29.770540 v _17789_/X (sky130_fd_sc_hd__or2_2)
                                                         _07919_ (net)
                      0.059119    0.000000   29.770540 v _17812_/A2 (sky130_fd_sc_hd__a2111o_2)
     2    0.003759    0.045707    0.287969   30.058510 v _17812_/X (sky130_fd_sc_hd__a2111o_2)
                                                         _07942_ (net)
                      0.045707    0.000000   30.058510 v _17843_/A1 (sky130_fd_sc_hd__a211o_2)
     2    0.008684    0.046969    0.195865   30.254374 v _17843_/X (sky130_fd_sc_hd__a211o_2)
                                                         _07973_ (net)
                      0.046969    0.000000   30.254374 v _17849_/B (sky130_fd_sc_hd__nand3b_2)
     4    0.013852    0.088609    0.083979   30.338352 ^ _17849_/Y (sky130_fd_sc_hd__nand3b_2)
                                                         _07979_ (net)
                      0.088609    0.000000   30.338352 ^ _17873_/A (sky130_fd_sc_hd__nand3_2)
     4    0.012343    0.064687    0.064063   30.402416 v _17873_/Y (sky130_fd_sc_hd__nand3_2)
                                                         _08003_ (net)
                      0.064687    0.000000   30.402416 v _17904_/A1 (sky130_fd_sc_hd__a21o_2)
     6    0.015598    0.048240    0.153744   30.556160 v _17904_/X (sky130_fd_sc_hd__a21o_2)
                                                         _08034_ (net)
                      0.048240    0.000000   30.556160 v _17909_/A1 (sky130_fd_sc_hd__a21oi_2)
    18    0.059842    0.526746    0.420400   30.976559 ^ _17909_/Y (sky130_fd_sc_hd__a21oi_2)
                                                         _08039_ (net)
                      0.526746    0.000000   30.976559 ^ _17930_/S (sky130_fd_sc_hd__mux2_1)
     4    0.018270    0.093071    0.242327   31.218885 v _17930_/X (sky130_fd_sc_hd__mux2_1)
                                                         _08060_ (net)
                      0.093071    0.000000   31.218885 v _17933_/B (sky130_fd_sc_hd__xnor2_2)
     4    0.013353    0.164326    0.123531   31.342417 v _17933_/Y (sky130_fd_sc_hd__xnor2_2)
                                                         _08063_ (net)
                      0.164326    0.000000   31.342417 v _17961_/A (sky130_fd_sc_hd__or4_2)
     1    0.002147    0.063194    0.399574   31.741991 v _17961_/X (sky130_fd_sc_hd__or4_2)
                                                         _08091_ (net)
                      0.063194    0.000000   31.741991 v _17966_/A3 (sky130_fd_sc_hd__o31a_2)
     6    0.015031    0.060906    0.208459   31.950451 v _17966_/X (sky130_fd_sc_hd__o31a_2)
                                                         _08096_ (net)
                      0.060906    0.000000   31.950451 v _18084_/A2 (sky130_fd_sc_hd__a211o_2)
     2    0.006566    0.042587    0.219625   32.170074 v _18084_/X (sky130_fd_sc_hd__a211o_2)
                                                         _08214_ (net)
                      0.042587    0.000000   32.170074 v _18086_/A1 (sky130_fd_sc_hd__a21oi_2)
    26    0.085183    0.736189    0.567304   32.737381 ^ _18086_/Y (sky130_fd_sc_hd__a21oi_2)
                                                         _08216_ (net)
                      0.736189    0.000000   32.737381 ^ _18177_/S (sky130_fd_sc_hd__mux2_1)
     4    0.015955    0.086107    0.223324   32.960705 v _18177_/X (sky130_fd_sc_hd__mux2_1)
                                                         _08307_ (net)
                      0.086107    0.000000   32.960705 v _18178_/B (sky130_fd_sc_hd__xnor2_2)
     2    0.009819    0.136477    0.113552   33.074257 v _18178_/Y (sky130_fd_sc_hd__xnor2_2)
                                                         _08308_ (net)
                      0.136477    0.000000   33.074257 v _18179_/C (sky130_fd_sc_hd__and3_2)
     2    0.003799    0.030654    0.171926   33.246181 v _18179_/X (sky130_fd_sc_hd__and3_2)
                                                         _08309_ (net)
                      0.030654    0.000000   33.246181 v _18188_/A (sky130_fd_sc_hd__and3_2)
     1    0.002207    0.027156    0.101334   33.347515 v _18188_/X (sky130_fd_sc_hd__and3_2)
                                                         _08318_ (net)
                      0.027156    0.000000   33.347515 v _18193_/A2 (sky130_fd_sc_hd__a21o_2)
     5    0.016602    0.049599    0.158327   33.505844 v _18193_/X (sky130_fd_sc_hd__a21o_2)
                                                         _08323_ (net)
                      0.049599    0.000000   33.505844 v _18198_/A1 (sky130_fd_sc_hd__a21o_2)
     4    0.014734    0.046907    0.146834   33.652676 v _18198_/X (sky130_fd_sc_hd__a21o_2)
                                                         _08328_ (net)
                      0.046907    0.000000   33.652676 v _18204_/A2 (sky130_fd_sc_hd__a21bo_2)
     4    0.017095    0.050455    0.167642   33.820316 v _18204_/X (sky130_fd_sc_hd__a21bo_2)
                                                         _08334_ (net)
                      0.050455    0.000000   33.820316 v _18259_/A1 (sky130_fd_sc_hd__a21o_2)
    29    0.092869    0.160892    0.249749   34.070068 v _18259_/X (sky130_fd_sc_hd__a21o_2)
                                                         _08389_ (net)
                      0.160892    0.000000   34.070068 v _18284_/B (sky130_fd_sc_hd__or2_2)
     3    0.010891    0.054363    0.226272   34.296341 v _18284_/X (sky130_fd_sc_hd__or2_2)
                                                         _08414_ (net)
                      0.054363    0.000000   34.296341 v _18286_/B (sky130_fd_sc_hd__nand3_2)
     7    0.023285    0.166694    0.107089   34.403427 ^ _18286_/Y (sky130_fd_sc_hd__nand3_2)
                                                         _08416_ (net)
                      0.166694    0.000000   34.403427 ^ _18289_/B (sky130_fd_sc_hd__and3b_2)
     1    0.001592    0.025273    0.116675   34.520103 ^ _18289_/X (sky130_fd_sc_hd__and3b_2)
                                                         _08419_ (net)
                      0.025273    0.000000   34.520103 ^ _18290_/D_N (sky130_fd_sc_hd__or4b_2)
     3    0.007183    0.079045    0.337440   34.857544 v _18290_/X (sky130_fd_sc_hd__or4b_2)
                                                         _08420_ (net)
                      0.079045    0.000000   34.857544 v _18446_/A (sky130_fd_sc_hd__or3b_2)
     2    0.006504    0.060949    0.288864   35.146408 v _18446_/X (sky130_fd_sc_hd__or3b_2)
                                                         _08576_ (net)
                      0.060949    0.000000   35.146408 v _18448_/B1 (sky130_fd_sc_hd__a21o_2)
    12    0.031125    0.070922    0.138886   35.285294 v _18448_/X (sky130_fd_sc_hd__a21o_2)
                                                         _08578_ (net)
                      0.070922    0.000000   35.285294 v _18454_/A (sky130_fd_sc_hd__nand2_2)
    28    0.093581    0.362437    0.285954   35.571247 ^ _18454_/Y (sky130_fd_sc_hd__nand2_2)
                                                         _08584_ (net)
                      0.362437    0.000000   35.571247 ^ _18498_/S (sky130_fd_sc_hd__mux2_1)
     3    0.010848    0.070877    0.226553   35.797802 v _18498_/X (sky130_fd_sc_hd__mux2_1)
                                                         _08628_ (net)
                      0.070877    0.000000   35.797802 v _18500_/B (sky130_fd_sc_hd__xnor2_2)
     3    0.007897    0.124282    0.103338   35.901138 v _18500_/Y (sky130_fd_sc_hd__xnor2_2)
                                                         _08630_ (net)
                      0.124282    0.000000   35.901138 v _18501_/C (sky130_fd_sc_hd__or3_2)
     1    0.001308    0.045872    0.247557   36.148697 v _18501_/X (sky130_fd_sc_hd__or3_2)
                                                         _08631_ (net)
                      0.045872    0.000000   36.148697 v _18502_/D (sky130_fd_sc_hd__or4_2)
     2    0.003738    0.068197    0.299995   36.448692 v _18502_/X (sky130_fd_sc_hd__or4_2)
                                                         _08632_ (net)
                      0.068197    0.000000   36.448692 v _18507_/C (sky130_fd_sc_hd__or4b_2)
     2    0.006504    0.077191    0.361407   36.810097 v _18507_/X (sky130_fd_sc_hd__or4b_2)
                                                         _08637_ (net)
                      0.077191    0.000000   36.810097 v _18648_/B1 (sky130_fd_sc_hd__a21o_2)
    14    0.031376    0.071290    0.145853   36.955952 v _18648_/X (sky130_fd_sc_hd__a21o_2)
                                                         _08778_ (net)
                      0.071290    0.000000   36.955952 v _18657_/A (sky130_fd_sc_hd__nand2_2)
    22    0.073269    0.287427    0.233381   37.189331 ^ _18657_/Y (sky130_fd_sc_hd__nand2_2)
                                                         _08787_ (net)
                      0.287427    0.000000   37.189331 ^ _18757_/S (sky130_fd_sc_hd__mux2_1)
     4    0.014131    0.080643    0.239638   37.428970 v _18757_/X (sky130_fd_sc_hd__mux2_1)
                                                         _08887_ (net)
                      0.080643    0.000000   37.428970 v _18758_/B (sky130_fd_sc_hd__xnor2_2)
     3    0.007175    0.145815    0.105562   37.534531 v _18758_/Y (sky130_fd_sc_hd__xnor2_2)
                                                         _08888_ (net)
                      0.145815    0.000000   37.534531 v _18765_/C (sky130_fd_sc_hd__or4_2)
     3    0.007631    0.079131    0.388248   37.922779 v _18765_/X (sky130_fd_sc_hd__or4_2)
                                                         _08895_ (net)
                      0.079131    0.000000   37.922779 v _18857_/C (sky130_fd_sc_hd__or3_2)
     3    0.008620    0.065262    0.260805   38.183582 v _18857_/X (sky130_fd_sc_hd__or3_2)
                                                         _08987_ (net)
                      0.065262    0.000000   38.183582 v _18878_/B1 (sky130_fd_sc_hd__a311o_2)
     5    0.010588    0.056166    0.167674   38.351257 v _18878_/X (sky130_fd_sc_hd__a311o_2)
                                                         _09008_ (net)
                      0.056166    0.000000   38.351257 v _18957_/A3 (sky130_fd_sc_hd__a31o_2)
     3    0.008409    0.039123    0.173568   38.524826 v _18957_/X (sky130_fd_sc_hd__a31o_2)
                                                         _09087_ (net)
                      0.039123    0.000000   38.524826 v _18958_/C (sky130_fd_sc_hd__and3_2)
     4    0.012259    0.058431    0.152507   38.677334 v _18958_/X (sky130_fd_sc_hd__and3_2)
                                                         _09088_ (net)
                      0.058431    0.000000   38.677334 v _18970_/A (sky130_fd_sc_hd__or4_2)
     2    0.005684    0.073920    0.388127   39.065460 v _18970_/X (sky130_fd_sc_hd__or4_2)
                                                         _09100_ (net)
                      0.073920    0.000000   39.065460 v _18989_/A1 (sky130_fd_sc_hd__o311ai_2)
     2    0.009338    0.225811    0.248640   39.314098 ^ _18989_/Y (sky130_fd_sc_hd__o311ai_2)
                                                         _09119_ (net)
                      0.225811    0.000000   39.314098 ^ _18990_/A2 (sky130_fd_sc_hd__a211oi_2)
     3    0.008448    0.069527    0.070781   39.384880 v _18990_/Y (sky130_fd_sc_hd__a211oi_2)
                                                         _09120_ (net)
                      0.069527    0.000000   39.384880 v _19017_/A2 (sky130_fd_sc_hd__a2111o_2)
     3    0.008323    0.056334    0.306606   39.691486 v _19017_/X (sky130_fd_sc_hd__a2111o_2)
                                                         _09147_ (net)
                      0.056334    0.000000   39.691486 v _19018_/A2 (sky130_fd_sc_hd__a21o_2)
     4    0.012343    0.042919    0.161013   39.852501 v _19018_/X (sky130_fd_sc_hd__a21o_2)
                                                         _09148_ (net)
                      0.042919    0.000000   39.852501 v _19054_/A1 (sky130_fd_sc_hd__a21o_2)
    13    0.032906    0.073521    0.171511   40.024010 v _19054_/X (sky130_fd_sc_hd__a21o_2)
                                                         _09184_ (net)
                      0.073521    0.000000   40.024010 v _19103_/A1 (sky130_fd_sc_hd__a211o_2)
     3    0.005250    0.039861    0.197016   40.221027 v _19103_/X (sky130_fd_sc_hd__a211o_2)
                                                         _09233_ (net)
                      0.039861    0.000000   40.221027 v _19105_/C (sky130_fd_sc_hd__and3_2)
     3    0.005327    0.045155    0.136538   40.357563 v _19105_/X (sky130_fd_sc_hd__and3_2)
                                                         _09235_ (net)
                      0.045155    0.000000   40.357563 v _19108_/C (sky130_fd_sc_hd__or4b_2)
     2    0.008334    0.082235    0.362611   40.720177 v _19108_/X (sky130_fd_sc_hd__or4b_2)
                                                         _09238_ (net)
                      0.082235    0.000000   40.720177 v _19166_/A (sky130_fd_sc_hd__nor4_2)
     1    0.002516    0.127650    0.180005   40.900181 ^ _19166_/Y (sky130_fd_sc_hd__nor4_2)
                                                         _09296_ (net)
                      0.127650    0.000000   40.900181 ^ _19173_/A2 (sky130_fd_sc_hd__a221o_2)
     4    0.018539    0.080481    0.143682   41.043861 ^ _19173_/X (sky130_fd_sc_hd__a221o_2)
                                                         _09303_ (net)
                      0.080481    0.000000   41.043861 ^ _19202_/A1 (sky130_fd_sc_hd__a221o_2)
     4    0.020598    0.088166    0.137845   41.181709 ^ _19202_/X (sky130_fd_sc_hd__a221o_2)
                                                         _09332_ (net)
                      0.088166    0.000000   41.181709 ^ _19233_/A1 (sky130_fd_sc_hd__a41o_2)
     8    0.039053    0.146680    0.198817   41.380524 ^ _19233_/X (sky130_fd_sc_hd__a41o_2)
                                                         _09363_ (net)
                      0.146680    0.000000   41.380524 ^ _19267_/A1 (sky130_fd_sc_hd__a21o_2)
    26    0.094466    0.356484    0.319854   41.700378 ^ _19267_/X (sky130_fd_sc_hd__a21o_2)
                                                         _09397_ (net)
                      0.356484    0.000000   41.700378 ^ _19322_/S (sky130_fd_sc_hd__mux2_1)
     3    0.009925    0.067340    0.222929   41.923309 v _19322_/X (sky130_fd_sc_hd__mux2_1)
                                                         _09452_ (net)
                      0.067340    0.000000   41.923309 v _19325_/B (sky130_fd_sc_hd__and2_2)
     1    0.001395    0.032897    0.122654   42.045963 v _19325_/X (sky130_fd_sc_hd__and2_2)
                                                         _09455_ (net)
                      0.032897    0.000000   42.045963 v _19326_/B (sky130_fd_sc_hd__or2_2)
     4    0.013983    0.060607    0.187896   42.233860 v _19326_/X (sky130_fd_sc_hd__or2_2)
                                                         _09456_ (net)
                      0.060607    0.000000   42.233860 v _19327_/D (sky130_fd_sc_hd__or4_2)
     2    0.003729    0.068224    0.303832   42.537689 v _19327_/X (sky130_fd_sc_hd__or4_2)
                                                         _09457_ (net)
                      0.068224    0.000000   42.537689 v _19355_/C (sky130_fd_sc_hd__or4_2)
     4    0.010439    0.086573    0.375270   42.912960 v _19355_/X (sky130_fd_sc_hd__or4_2)
                                                         _09485_ (net)
                      0.086573    0.000000   42.912960 v _19417_/A1 (sky130_fd_sc_hd__a2111o_2)
     3    0.008155    0.056041    0.281545   43.194504 v _19417_/X (sky130_fd_sc_hd__a2111o_2)
                                                         _09547_ (net)
                      0.056041    0.000000   43.194504 v _19448_/A1 (sky130_fd_sc_hd__a2111o_2)
     7    0.017739    0.075382    0.295206   43.489712 v _19448_/X (sky130_fd_sc_hd__a2111o_2)
                                                         _09578_ (net)
                      0.075382    0.000000   43.489712 v _19461_/A (sky130_fd_sc_hd__nand2_2)
    26    0.092928    0.359942    0.286022   43.775734 ^ _19461_/Y (sky130_fd_sc_hd__nand2_2)
                                                         _09591_ (net)
                      0.359942    0.000000   43.775734 ^ _19507_/S (sky130_fd_sc_hd__mux2_1)
     4    0.017947    0.092023    0.248225   44.023956 v _19507_/X (sky130_fd_sc_hd__mux2_1)
                                                         _09637_ (net)
                      0.092023    0.000000   44.023956 v _19510_/B (sky130_fd_sc_hd__xnor2_2)
     3    0.011483    0.194404    0.119297   44.143253 v _19510_/Y (sky130_fd_sc_hd__xnor2_2)
                                                         _09640_ (net)
                      0.194404    0.000000   44.143253 v _19528_/A (sky130_fd_sc_hd__or4_2)
     1    0.002261    0.063611    0.407887   44.551140 v _19528_/X (sky130_fd_sc_hd__or4_2)
                                                         _09658_ (net)
                      0.063611    0.000000   44.551140 v _19529_/B1 (sky130_fd_sc_hd__a211o_2)
     3    0.008155    0.045872    0.162544   44.713684 v _19529_/X (sky130_fd_sc_hd__a211o_2)
                                                         _09659_ (net)
                      0.045872    0.000000   44.713684 v _19562_/A1 (sky130_fd_sc_hd__a2111o_2)
     4    0.010439    0.061041    0.273946   44.987633 v _19562_/X (sky130_fd_sc_hd__a2111o_2)
                                                         _09692_ (net)
                      0.061041    0.000000   44.987633 v _19596_/A1 (sky130_fd_sc_hd__a2111o_2)
     3    0.010920    0.062098    0.280480   45.268112 v _19596_/X (sky130_fd_sc_hd__a2111o_2)
                                                         _09726_ (net)
                      0.062098    0.000000   45.268112 v _19631_/A1 (sky130_fd_sc_hd__a21bo_2)
     3    0.008775    0.037076    0.141423   45.409534 v _19631_/X (sky130_fd_sc_hd__a21bo_2)
                                                         _09761_ (net)
                      0.037076    0.000000   45.409534 v _19642_/A1 (sky130_fd_sc_hd__a21o_2)
    11    0.028326    0.066821    0.162466   45.571999 v _19642_/X (sky130_fd_sc_hd__a21o_2)
                                                         _09772_ (net)
                      0.066821    0.000000   45.571999 v _19690_/A1 (sky130_fd_sc_hd__a211o_2)
     3    0.008409    0.046416    0.202629   45.774628 v _19690_/X (sky130_fd_sc_hd__a211o_2)
                                                         _09820_ (net)
                      0.046416    0.000000   45.774628 v _19692_/C (sky130_fd_sc_hd__and3_2)
     3    0.007276    0.050402    0.143586   45.918213 v _19692_/X (sky130_fd_sc_hd__and3_2)
                                                         _09822_ (net)
                      0.050402    0.000000   45.918213 v _19701_/B (sky130_fd_sc_hd__or4_2)
     2    0.002860    0.065312    0.361723   46.279938 v _19701_/X (sky130_fd_sc_hd__or4_2)
                                                         _09831_ (net)
                      0.065312    0.000000   46.279938 v _19719_/C (sky130_fd_sc_hd__or4_2)
     5    0.018285    0.104565    0.399030   46.678967 v _19719_/X (sky130_fd_sc_hd__or4_2)
                                                         _09849_ (net)
                      0.104565    0.000000   46.678967 v _19723_/B1 (sky130_fd_sc_hd__o2111ai_2)
     5    0.017705    0.222836    0.125741   46.804710 ^ _19723_/Y (sky130_fd_sc_hd__o2111ai_2)
                                                         _09853_ (net)
                      0.222836    0.000000   46.804710 ^ _19783_/A (sky130_fd_sc_hd__nand3_2)
     5    0.015110    0.099030    0.088669   46.893379 v _19783_/Y (sky130_fd_sc_hd__nand3_2)
                                                         _09913_ (net)
                      0.099030    0.000000   46.893379 v _19852_/A1 (sky130_fd_sc_hd__a2111o_2)
     7    0.016456    0.073069    0.307725   47.201103 v _19852_/X (sky130_fd_sc_hd__a2111o_2)
                                                         _09982_ (net)
                      0.073069    0.000000   47.201103 v _19881_/A (sky130_fd_sc_hd__nand2_2)
    22    0.083629    0.325609    0.260979   47.462082 ^ _19881_/Y (sky130_fd_sc_hd__nand2_2)
                                                         _10011_ (net)
                      0.325609    0.000000   47.462082 ^ _19942_/S (sky130_fd_sc_hd__mux2_1)
     4    0.015854    0.085786    0.243286   47.705368 v _19942_/X (sky130_fd_sc_hd__mux2_1)
                                                         _10072_ (net)
                      0.085786    0.000000   47.705368 v _19943_/B (sky130_fd_sc_hd__xnor2_2)
     4    0.014466    0.207976    0.122906   47.828274 v _19943_/Y (sky130_fd_sc_hd__xnor2_2)
                                                         _10073_ (net)
                      0.207976    0.000000   47.828274 v _19954_/B (sky130_fd_sc_hd__or4_2)
     2    0.006086    0.075132    0.420499   48.248772 v _19954_/X (sky130_fd_sc_hd__or4_2)
                                                         _10084_ (net)
                      0.075132    0.000000   48.248772 v _19958_/A3 (sky130_fd_sc_hd__o31a_2)
     2    0.012386    0.056410    0.206736   48.455509 v _19958_/X (sky130_fd_sc_hd__o31a_2)
                                                         _10088_ (net)
                      0.056410    0.000000   48.455509 v _20023_/A1 (sky130_fd_sc_hd__o2111ai_2)
     6    0.020018    0.240947    0.227988   48.683498 ^ _20023_/Y (sky130_fd_sc_hd__o2111ai_2)
                                                         _10153_ (net)
                      0.240947    0.000000   48.683498 ^ _20056_/B (sky130_fd_sc_hd__nand3_2)
     6    0.013510    0.091631    0.091450   48.774948 v _20056_/Y (sky130_fd_sc_hd__nand3_2)
                                                         _10186_ (net)
                      0.091631    0.000000   48.774948 v _20091_/A (sky130_fd_sc_hd__nand2_2)
    24    0.088904    0.345008    0.282018   49.056965 ^ _20091_/Y (sky130_fd_sc_hd__nand2_2)
                                                         _10221_ (net)
                      0.345008    0.000000   49.056965 ^ _20128_/S (sky130_fd_sc_hd__mux2_1)
     4    0.015383    0.084374    0.241052   49.298019 v _20128_/X (sky130_fd_sc_hd__mux2_1)
                                                         _10258_ (net)
                      0.084374    0.000000   49.298019 v _20131_/B (sky130_fd_sc_hd__xnor2_2)
     2    0.010063    0.188566    0.113360   49.411377 v _20131_/Y (sky130_fd_sc_hd__xnor2_2)
                                                         _10261_ (net)
                      0.188566    0.000000   49.411377 v _20136_/A (sky130_fd_sc_hd__and2_2)
     2    0.003756    0.029705    0.164743   49.576122 v _20136_/X (sky130_fd_sc_hd__and2_2)
                                                         _10266_ (net)
                      0.029705    0.000000   49.576122 v _20151_/A (sky130_fd_sc_hd__and3_2)
     2    0.006404    0.035435    0.112546   49.688667 v _20151_/X (sky130_fd_sc_hd__and3_2)
                                                         _10281_ (net)
                      0.035435    0.000000   49.688667 v _20156_/A3 (sky130_fd_sc_hd__a31o_2)
     3    0.012820    0.047003    0.176364   49.865032 v _20156_/X (sky130_fd_sc_hd__a31o_2)
                                                         _10286_ (net)
                      0.047003    0.000000   49.865032 v _20217_/A1 (sky130_fd_sc_hd__a221o_2)
     8    0.027427    0.076426    0.236984   50.102016 v _20217_/X (sky130_fd_sc_hd__a221o_2)
                                                         _10353_ (net)
                      0.076426    0.000000   50.102016 v _20303_/A1 (sky130_fd_sc_hd__a21o_2)
    24    0.075077    0.135031    0.237950   50.339966 v _20303_/X (sky130_fd_sc_hd__a21o_2)
                                                         _10448_ (net)
                      0.135031    0.000000   50.339966 v _20359_/S (sky130_fd_sc_hd__mux2_1)
     3    0.007217    0.056665    0.232081   50.572044 v _20359_/X (sky130_fd_sc_hd__mux2_1)
                                                         _10509_ (net)
                      0.056665    0.000000   50.572044 v _20361_/B (sky130_fd_sc_hd__and2_2)
     2    0.005540    0.046926    0.130498   50.702545 v _20361_/X (sky130_fd_sc_hd__and2_2)
                                                         _10512_ (net)
                      0.046926    0.000000   50.702545 v _20362_/B (sky130_fd_sc_hd__nor2_2)
     2    0.010639    0.105692    0.094559   50.797104 ^ _20362_/Y (sky130_fd_sc_hd__nor2_2)
                                                         _10513_ (net)
                      0.105692    0.000000   50.797104 ^ _20363_/C_N (sky130_fd_sc_hd__or3b_2)
     1    0.001308    0.046066    0.243201   51.040302 v _20363_/X (sky130_fd_sc_hd__or3b_2)
                                                         _10514_ (net)
                      0.046066    0.000000   51.040302 v _20364_/D (sky130_fd_sc_hd__or4_2)
     5    0.012723    0.092550    0.335064   51.375366 v _20364_/X (sky130_fd_sc_hd__or4_2)
                                                         _10515_ (net)
                      0.092550    0.000000   51.375366 v _20427_/A1 (sky130_fd_sc_hd__a2111o_2)
     5    0.017108    0.074097    0.306720   51.682087 v _20427_/X (sky130_fd_sc_hd__a2111o_2)
                                                         _10584_ (net)
                      0.074097    0.000000   51.682087 v _20484_/A1 (sky130_fd_sc_hd__a2111oi_2)
    11    0.025976    0.562568    0.473420   52.155510 ^ _20484_/Y (sky130_fd_sc_hd__a2111oi_2)
                                                         _10647_ (net)
                      0.562568    0.000000   52.155510 ^ _20523_/A (sky130_fd_sc_hd__nor2_2)
    11    0.032391    0.154099    0.095280   52.250790 v _20523_/Y (sky130_fd_sc_hd__nor2_2)
                                                         _10690_ (net)
                      0.154099    0.000000   52.250790 v _20553_/A1 (sky130_fd_sc_hd__o31a_2)
     4    0.015987    0.062109    0.278419   52.529209 v _20553_/X (sky130_fd_sc_hd__o31a_2)
                                                         _10723_ (net)
                      0.062109    0.000000   52.529209 v _20554_/B (sky130_fd_sc_hd__xnor2_2)
     3    0.007175    0.146415    0.098247   52.627453 v _20554_/Y (sky130_fd_sc_hd__xnor2_2)
                                                         _10724_ (net)
                      0.146415    0.000000   52.627453 v _20560_/C (sky130_fd_sc_hd__or4_2)
     2    0.002808    0.065410    0.367752   52.995205 v _20560_/X (sky130_fd_sc_hd__or4_2)
                                                         _10730_ (net)
                      0.065410    0.000000   52.995205 v _20595_/C (sky130_fd_sc_hd__or4_2)
     2    0.003770    0.068384    0.348290   53.343498 v _20595_/X (sky130_fd_sc_hd__or4_2)
                                                         _10769_ (net)
                      0.068384    0.000000   53.343498 v _20675_/A1 (sky130_fd_sc_hd__o221a_2)
     3    0.006004    0.038944    0.188567   53.532063 v _20675_/X (sky130_fd_sc_hd__o221a_2)
                                                         _10857_ (net)
                      0.038944    0.000000   53.532063 v _20704_/A2 (sky130_fd_sc_hd__a211o_2)
    10    0.025180    0.074708    0.253031   53.785095 v _20704_/X (sky130_fd_sc_hd__a211o_2)
                                                         _10889_ (net)
                      0.074708    0.000000   53.785095 v _20765_/A (sky130_fd_sc_hd__nand2_2)
    28    0.100496    0.387989    0.305388   54.090485 ^ _20765_/Y (sky130_fd_sc_hd__nand2_2)
                                                         _10956_ (net)
                      0.387989    0.000000   54.090485 ^ _20908_/S (sky130_fd_sc_hd__mux2_1)
     4    0.016474    0.087644    0.242590   54.333073 v _20908_/X (sky130_fd_sc_hd__mux2_1)
                                                         _11113_ (net)
                      0.087644    0.000000   54.333073 v _20909_/B (sky130_fd_sc_hd__xnor2_2)
     4    0.016395    0.158659    0.127582   54.460655 v _20909_/Y (sky130_fd_sc_hd__xnor2_2)
                                                         _11114_ (net)
                      0.158659    0.000000   54.460655 v _20923_/B (sky130_fd_sc_hd__or4_2)
     2    0.003848    0.068565    0.396962   54.857616 v _20923_/X (sky130_fd_sc_hd__or4_2)
                                                         _11129_ (net)
                      0.068565    0.000000   54.857616 v _20956_/A (sky130_fd_sc_hd__or3_2)
     2    0.006086    0.059467    0.288050   55.145668 v _20956_/X (sky130_fd_sc_hd__or3_2)
                                                         _11165_ (net)
                      0.059467    0.000000   55.145668 v _20966_/A3 (sky130_fd_sc_hd__o31ai_2)
     6    0.029795    0.455020    0.365208   55.510876 ^ _20966_/Y (sky130_fd_sc_hd__o31ai_2)
                                                         _11176_ (net)
                      0.455020    0.000000   55.510876 ^ _20973_/A1 (sky130_fd_sc_hd__a21o_2)
    27    0.105156    0.396392    0.351196   55.862072 ^ _20973_/X (sky130_fd_sc_hd__a21o_2)
                                                         _11184_ (net)
                      0.396392    0.000000   55.862072 ^ _20982_/B2 (sky130_fd_sc_hd__a22oi_2)
     1    0.008002    0.093640    0.043524   55.905598 v _20982_/Y (sky130_fd_sc_hd__a22oi_2)
                                                         _11194_ (net)
                      0.093640    0.000000   55.905598 v _20986_/B (sky130_fd_sc_hd__xnor2_2)
     2    0.010149    0.201857    0.117211   56.022808 v _20986_/Y (sky130_fd_sc_hd__xnor2_2)
                                                         _11198_ (net)
                      0.201857    0.000000   56.022808 v _20987_/A3 (sky130_fd_sc_hd__o31a_2)
     2    0.010555    0.057536    0.250779   56.273586 v _20987_/X (sky130_fd_sc_hd__o31a_2)
                                                         _11199_ (net)
                      0.057536    0.000000   56.273586 v _20989_/A1 (sky130_fd_sc_hd__o21ba_2)
     3    0.009927    0.039020    0.153427   56.427013 v _20989_/X (sky130_fd_sc_hd__o21ba_2)
                                                         _11201_ (net)
                      0.039020    0.000000   56.427013 v _20999_/A1 (sky130_fd_sc_hd__o22ai_2)
     3    0.008564    0.117130    0.127923   56.554935 ^ _20999_/Y (sky130_fd_sc_hd__o22ai_2)
                                                         _11212_ (net)
                      0.117130    0.000000   56.554935 ^ _21030_/A1 (sky130_fd_sc_hd__a41o_2)
     4    0.021025    0.086603    0.160849   56.715786 ^ _21030_/X (sky130_fd_sc_hd__a41o_2)
                                                         _11245_ (net)
                      0.086603    0.000000   56.715786 ^ _21062_/A1 (sky130_fd_sc_hd__a221o_2)
     5    0.025044    0.104511    0.150923   56.866707 ^ _21062_/X (sky130_fd_sc_hd__a221o_2)
                                                         _11280_ (net)
                      0.104511    0.000000   56.866707 ^ _21132_/A1 (sky130_fd_sc_hd__a41o_2)
     5    0.025214    0.101390    0.168299   57.035007 ^ _21132_/X (sky130_fd_sc_hd__a41o_2)
                                                         _11356_ (net)
                      0.101390    0.000000   57.035007 ^ _21197_/A1 (sky130_fd_sc_hd__a21o_2)
    29    0.097362    0.367005    0.321755   57.356762 ^ _21197_/X (sky130_fd_sc_hd__a21o_2)
                                                         _11426_ (net)
                      0.367005    0.000000   57.356762 ^ _21203_/S (sky130_fd_sc_hd__mux2_1)
     5    0.022019    0.104099    0.260304   57.617065 v _21203_/X (sky130_fd_sc_hd__mux2_1)
                                                         _11433_ (net)
                      0.104099    0.000000   57.617065 v _21262_/B (sky130_fd_sc_hd__xnor2_2)
     3    0.015597    0.223845    0.180361   57.797428 ^ _21262_/Y (sky130_fd_sc_hd__xnor2_2)
                                                         _11497_ (net)
                      0.223845    0.000000   57.797428 ^ _21287_/A_N (sky130_fd_sc_hd__and4bb_2)
     1    0.002261    0.028883    0.143473   57.940899 v _21287_/X (sky130_fd_sc_hd__and4bb_2)
                                                         _11524_ (net)
                      0.028883    0.000000   57.940899 v _21289_/B1 (sky130_fd_sc_hd__a211o_2)
     3    0.014798    0.059146    0.166054   58.106953 v _21289_/X (sky130_fd_sc_hd__a211o_2)
                                                         _11526_ (net)
                      0.059146    0.000000   58.106953 v _21319_/A1 (sky130_fd_sc_hd__a221o_2)
     4    0.019066    0.063587    0.226436   58.333389 v _21319_/X (sky130_fd_sc_hd__a221o_2)
                                                         _11558_ (net)
                      0.063587    0.000000   58.333389 v _21349_/B2 (sky130_fd_sc_hd__a221o_2)
     6    0.025705    0.076987    0.230870   58.564259 v _21349_/X (sky130_fd_sc_hd__a221o_2)
                                                         _11591_ (net)
                      0.076987    0.000000   58.564259 v _21412_/A1 (sky130_fd_sc_hd__a21o_2)
     3    0.008663    0.036407    0.144244   58.708504 v _21412_/X (sky130_fd_sc_hd__a21o_2)
                                                         _11660_ (net)
                      0.036407    0.000000   58.708504 v _21417_/A2 (sky130_fd_sc_hd__a31o_2)
    28    0.090691    0.158589    0.276295   58.984798 v _21417_/X (sky130_fd_sc_hd__a31o_2)
                                                         _11665_ (net)
                      0.158589    0.000000   58.984798 v _21481_/S (sky130_fd_sc_hd__mux2_1)
     3    0.013717    0.079409    0.264166   59.248962 v _21481_/X (sky130_fd_sc_hd__mux2_1)
                                                         _11734_ (net)
                      0.079409    0.000000   59.248962 v _21483_/B (sky130_fd_sc_hd__xnor2_2)
     4    0.009475    0.160818    0.110195   59.359158 v _21483_/Y (sky130_fd_sc_hd__xnor2_2)
                                                         _11736_ (net)
                      0.160818    0.000000   59.359158 v _21504_/A (sky130_fd_sc_hd__or4_2)
     2    0.003770    0.068532    0.407031   59.766190 v _21504_/X (sky130_fd_sc_hd__or4_2)
                                                         _11759_ (net)
                      0.068532    0.000000   59.766190 v _21530_/A (sky130_fd_sc_hd__or2_2)
     2    0.006434    0.045278    0.191356   59.957546 v _21530_/X (sky130_fd_sc_hd__or2_2)
                                                         _11787_ (net)
                      0.045278    0.000000   59.957546 v _21589_/B (sky130_fd_sc_hd__nor2_2)
     2    0.007487    0.081608    0.077101   60.034645 ^ _21589_/Y (sky130_fd_sc_hd__nor2_2)
                                                         _11849_ (net)
                      0.081608    0.000000   60.034645 ^ _21638_/A2 (sky130_fd_sc_hd__a21oi_2)
     7    0.015495    0.073685    0.059202   60.093849 v _21638_/Y (sky130_fd_sc_hd__a21oi_2)
                                                         _11902_ (net)
                      0.073685    0.000000   60.093849 v _21668_/C (sky130_fd_sc_hd__or4b_2)
     5    0.015350    0.099816    0.395239   60.489086 v _21668_/X (sky130_fd_sc_hd__or4b_2)
                                                         _11935_ (net)
                      0.099816    0.000000   60.489086 v _21674_/C (sky130_fd_sc_hd__or4b_2)
     4    0.012191    0.093051    0.393143   60.882229 v _21674_/X (sky130_fd_sc_hd__or4b_2)
                                                         _11942_ (net)
                      0.093051    0.000000   60.882229 v _21687_/A3 (sky130_fd_sc_hd__o41a_2)
     1    0.002261    0.042434    0.265075   61.147305 v _21687_/X (sky130_fd_sc_hd__o41a_2)
                                                         _11956_ (net)
                      0.042434    0.000000   61.147305 v _21689_/B1 (sky130_fd_sc_hd__a211o_2)
     3    0.011387    0.052600    0.162736   61.310043 v _21689_/X (sky130_fd_sc_hd__a211o_2)
                                                         _11958_ (net)
                      0.052600    0.000000   61.310043 v _21698_/B_N (sky130_fd_sc_hd__and4bb_2)
     3    0.004960    0.042942    0.184698   61.494740 ^ _21698_/X (sky130_fd_sc_hd__and4bb_2)
                                                         _11968_ (net)
                      0.042942    0.000000   61.494740 ^ _21715_/A (sky130_fd_sc_hd__and3_2)
     5    0.010705    0.056514    0.117808   61.612549 ^ _21715_/X (sky130_fd_sc_hd__and3_2)
                                                         _11987_ (net)
                      0.056514    0.000000   61.612549 ^ _21745_/A (sky130_fd_sc_hd__nand3_2)
     8    0.014179    0.068667    0.062201   61.674747 v _21745_/Y (sky130_fd_sc_hd__nand3_2)
                                                         _12020_ (net)
                      0.068667    0.000000   61.674747 v _21946_/A (sky130_fd_sc_hd__or4_2)
     3    0.007332    0.078233    0.397144   62.071892 v _21946_/X (sky130_fd_sc_hd__or4_2)
                                                         _12241_ (net)
                      0.078233    0.000000   62.071892 v _21952_/B (sky130_fd_sc_hd__and3_2)
     2    0.005632    0.045567    0.143380   62.215275 v _21952_/X (sky130_fd_sc_hd__and3_2)
                                                         _12248_ (net)
                      0.045567    0.000000   62.215275 v _21961_/B (sky130_fd_sc_hd__or4b_2)
     3    0.007689    0.080417    0.377185   62.592457 v _21961_/X (sky130_fd_sc_hd__or4b_2)
                                                         _12258_ (net)
                      0.080417    0.000000   62.592457 v _21976_/A (sky130_fd_sc_hd__or4_2)
     3    0.008155    0.080389    0.403446   62.995903 v _21976_/X (sky130_fd_sc_hd__or4_2)
                                                         _12274_ (net)
                      0.080389    0.000000   62.995903 v _22001_/A1 (sky130_fd_sc_hd__a2111o_2)
     4    0.011211    0.062754    0.288047   63.283951 v _22001_/X (sky130_fd_sc_hd__a2111o_2)
                                                         _12302_ (net)
                      0.062754    0.000000   63.283951 v _22061_/A1 (sky130_fd_sc_hd__a2111o_2)
     7    0.019043    0.077131    0.300048   63.584000 v _22061_/X (sky130_fd_sc_hd__a2111o_2)
                                                         _12368_ (net)
                      0.077131    0.000000   63.584000 v _22173_/A1 (sky130_fd_sc_hd__o21ba_2)
    11    0.029646    0.068467    0.194063   63.778061 v _22173_/X (sky130_fd_sc_hd__o21ba_2)
                                                         _12491_ (net)
                      0.068467    0.000000   63.778061 v _22350_/A1 (sky130_fd_sc_hd__a211o_2)
     3    0.008409    0.046392    0.203208   63.981270 v _22350_/X (sky130_fd_sc_hd__a211o_2)
                                                         _12685_ (net)
                      0.046392    0.000000   63.981270 v _22352_/C (sky130_fd_sc_hd__and3_2)
     2    0.003083    0.041451    0.132061   64.113335 v _22352_/X (sky130_fd_sc_hd__and3_2)
                                                         _12688_ (net)
                      0.041451    0.000000   64.113335 v _22363_/B (sky130_fd_sc_hd__or4_2)
     2    0.002808    0.065200    0.359442   64.472771 v _22363_/X (sky130_fd_sc_hd__or4_2)
                                                         _12700_ (net)
                      0.065200    0.000000   64.472771 v _22373_/C (sky130_fd_sc_hd__or4_2)
     3    0.008115    0.080221    0.365702   64.838478 v _22373_/X (sky130_fd_sc_hd__or4_2)
                                                         _12711_ (net)
                      0.080221    0.000000   64.838478 v _22377_/A1 (sky130_fd_sc_hd__a21o_2)
     5    0.015971    0.048764    0.160071   64.998550 v _22377_/X (sky130_fd_sc_hd__a21o_2)
                                                         _12715_ (net)
                      0.048764    0.000000   64.998550 v _22387_/A1 (sky130_fd_sc_hd__a2111oi_2)
     2    0.007095    0.254562    0.244498   65.243042 ^ _22387_/Y (sky130_fd_sc_hd__a2111oi_2)
                                                         _12726_ (net)
                      0.254562    0.000000   65.243042 ^ _22429_/A1 (sky130_fd_sc_hd__a21oi_2)
    11    0.032360    0.116971    0.109658   65.352699 v _22429_/Y (sky130_fd_sc_hd__a21oi_2)
                                                         _12772_ (net)
                      0.116971    0.000000   65.352699 v _22528_/C (sky130_fd_sc_hd__and3_2)
     3    0.010469    0.042449    0.180314   65.533020 v _22528_/X (sky130_fd_sc_hd__and3_2)
                                                         _12881_ (net)
                      0.042449    0.000000   65.533020 v _22533_/A1 (sky130_fd_sc_hd__o21a_2)
     4    0.008645    0.039655    0.144382   65.677399 v _22533_/X (sky130_fd_sc_hd__o21a_2)
                                                         _12887_ (net)
                      0.039655    0.000000   65.677399 v _22542_/B (sky130_fd_sc_hd__or4_2)
     1    0.001478    0.060863    0.352109   66.029510 v _22542_/X (sky130_fd_sc_hd__or4_2)
                                                         _12897_ (net)
                      0.060863    0.000000   66.029510 v _22543_/A (sky130_fd_sc_hd__or4bb_2)
     3    0.008115    0.076514    0.381043   66.410553 v _22543_/X (sky130_fd_sc_hd__or4bb_2)
                                                         _12898_ (net)
                      0.076514    0.000000   66.410553 v _22547_/A1 (sky130_fd_sc_hd__a21o_2)
     4    0.010319    0.039345    0.147644   66.558197 v _22547_/X (sky130_fd_sc_hd__a21o_2)
                                                         _12902_ (net)
                      0.039345    0.000000   66.558197 v _22582_/A1 (sky130_fd_sc_hd__a211o_2)
     5    0.014093    0.058226    0.207315   66.765511 v _22582_/X (sky130_fd_sc_hd__a211o_2)
                                                         _12941_ (net)
                      0.058226    0.000000   66.765511 v _22643_/A1 (sky130_fd_sc_hd__o221a_2)
    16    0.039452    0.088040    0.247979   67.013489 v _22643_/X (sky130_fd_sc_hd__o221a_2)
                                                         _13008_ (net)
                      0.088040    0.000000   67.013489 v _22773_/A (sky130_fd_sc_hd__nand2_2)
    18    0.062140    0.246346    0.211301   67.224792 ^ _22773_/Y (sky130_fd_sc_hd__nand2_2)
                                                         _13151_ (net)
                      0.246346    0.000000   67.224792 ^ _22886_/S (sky130_fd_sc_hd__mux2_1)
     3    0.007095    0.056197    0.213376   67.438164 v _22886_/X (sky130_fd_sc_hd__mux2_1)
                                                         _13275_ (net)
                      0.056197    0.000000   67.438164 v _22887_/B (sky130_fd_sc_hd__and2_2)
     5    0.013363    0.053617    0.147523   67.585693 v _22887_/X (sky130_fd_sc_hd__and2_2)
                                                         _13276_ (net)
                      0.053617    0.000000   67.585693 v _22890_/A (sky130_fd_sc_hd__or2_2)
     1    0.001465    0.033367    0.169592   67.755280 v _22890_/X (sky130_fd_sc_hd__or2_2)
                                                         _13279_ (net)
                      0.033367    0.000000   67.755280 v _22896_/C (sky130_fd_sc_hd__or4_2)
     1    0.001343    0.060539    0.327887   68.083168 v _22896_/X (sky130_fd_sc_hd__or4_2)
                                                         _13286_ (net)
                      0.060539    0.000000   68.083168 v _22897_/C (sky130_fd_sc_hd__or3_2)
     3    0.008833    0.065885    0.255355   68.338524 v _22897_/X (sky130_fd_sc_hd__or3_2)
                                                         _13287_ (net)
                      0.065885    0.000000   68.338524 v _22929_/A1 (sky130_fd_sc_hd__a21o_2)
     4    0.013115    0.044241    0.149740   68.488266 v _22929_/X (sky130_fd_sc_hd__a21o_2)
                                                         _13322_ (net)
                      0.044241    0.000000   68.488266 v _22958_/A1 (sky130_fd_sc_hd__a21oi_2)
    19    0.045355    0.405453    0.332193   68.820457 ^ _22958_/Y (sky130_fd_sc_hd__a21oi_2)
                                                         _13354_ (net)
                      0.405453    0.000000   68.820457 ^ _23358_/A (sky130_fd_sc_hd__or4b_2)
     9    0.032538    0.153036    0.208459   69.028915 ^ _23358_/X (sky130_fd_sc_hd__or4b_2)
                                                         _13794_ (net)
                      0.153036    0.000000   69.028915 ^ _23362_/C (sky130_fd_sc_hd__nor4_2)
     4    0.011954    0.054694    0.053198   69.082115 v _23362_/Y (sky130_fd_sc_hd__nor4_2)
                                                         _13799_ (net)
                      0.054694    0.000000   69.082115 v _23364_/C (sky130_fd_sc_hd__and3_2)
     3    0.007136    0.036728    0.146450   69.228561 v _23364_/X (sky130_fd_sc_hd__and3_2)
                                                         _13801_ (net)
                      0.036728    0.000000   69.228561 v _23386_/A (sky130_fd_sc_hd__or4b_2)
     2    0.005536    0.074522    0.386365   69.614929 v _23386_/X (sky130_fd_sc_hd__or4b_2)
                                                         _13825_ (net)
                      0.074522    0.000000   69.614929 v _23387_/C (sky130_fd_sc_hd__or3_2)
     3    0.007683    0.063085    0.256200   69.871132 v _23387_/X (sky130_fd_sc_hd__or3_2)
                                                         _13826_ (net)
                      0.063085    0.000000   69.871132 v _23388_/C (sky130_fd_sc_hd__or3_2)
     3    0.007831    0.063598    0.252889   70.124016 v _23388_/X (sky130_fd_sc_hd__or3_2)
                                                         _13827_ (net)
                      0.063598    0.000000   70.124016 v _23395_/A (sky130_fd_sc_hd__or4_2)
     2    0.006335    0.075625    0.391999   70.516022 v _23395_/X (sky130_fd_sc_hd__or4_2)
                                                         _13835_ (net)
                      0.075625    0.000000   70.516022 v _23396_/C1 (sky130_fd_sc_hd__a311o_2)
    35    0.110972    0.197089    0.290377   70.806396 v _23396_/X (sky130_fd_sc_hd__a311o_2)
                                                         _13836_ (net)
                      0.197089    0.000000   70.806396 v _23597_/S (sky130_fd_sc_hd__mux2_1)
     4    0.019886    0.097764    0.295508   71.101906 v _23597_/X (sky130_fd_sc_hd__mux2_1)
                                                         _14057_ (net)
                      0.097764    0.000000   71.101906 v _23599_/A (sky130_fd_sc_hd__or2_2)
     3    0.007348    0.047107    0.203322   71.305222 v _23599_/X (sky130_fd_sc_hd__or2_2)
                                                         _14059_ (net)
                      0.047107    0.000000   71.305222 v _23608_/B (sky130_fd_sc_hd__or4b_2)
     1    0.001308    0.060759    0.347590   71.652817 v _23608_/X (sky130_fd_sc_hd__or4b_2)
                                                         _14069_ (net)
                      0.060759    0.000000   71.652817 v _23609_/D (sky130_fd_sc_hd__or4_2)
     6    0.014122    0.096067    0.344244   71.997063 v _23609_/X (sky130_fd_sc_hd__or4_2)
                                                         _14070_ (net)
                      0.096067    0.000000   71.997063 v _23723_/A (sky130_fd_sc_hd__or4b_2)
     2    0.003465    0.068096    0.391978   72.389038 v _23723_/X (sky130_fd_sc_hd__or4b_2)
                                                         _14196_ (net)
                      0.068096    0.000000   72.389038 v _23725_/C (sky130_fd_sc_hd__or3_2)
    26    0.080456    0.182091    0.395339   72.784378 v _23725_/X (sky130_fd_sc_hd__or3_2)
                                                         _14198_ (net)
                      0.182091    0.000000   72.784378 v _23733_/A2 (sky130_fd_sc_hd__a32oi_2)
     3    0.014863    0.160479    0.213426   72.997803 ^ _23733_/Y (sky130_fd_sc_hd__a32oi_2)
                                                         _14207_ (net)
                      0.160479    0.000000   72.997803 ^ _23735_/B (sky130_fd_sc_hd__xnor2_2)
     2    0.010555    0.127105    0.058925   73.056725 v _23735_/Y (sky130_fd_sc_hd__xnor2_2)
                                                         _14209_ (net)
                      0.127105    0.000000   73.056725 v _23737_/A1 (sky130_fd_sc_hd__a21o_2)
     2    0.010478    0.040731    0.166580   73.223305 v _23737_/X (sky130_fd_sc_hd__a21o_2)
                                                         _14211_ (net)
                      0.040731    0.000000   73.223305 v _23738_/A2 (sky130_fd_sc_hd__a21o_2)
     4    0.019357    0.053685    0.167582   73.390892 v _23738_/X (sky130_fd_sc_hd__a21o_2)
                                                         _14212_ (net)
                      0.053685    0.000000   73.390892 v _23770_/A1 (sky130_fd_sc_hd__a41o_2)
     5    0.021443    0.061050    0.176009   73.566895 v _23770_/X (sky130_fd_sc_hd__a41o_2)
                                                         _14247_ (net)
                      0.061050    0.000000   73.566895 v _23828_/A1 (sky130_fd_sc_hd__a41o_2)
    10    0.038981    0.086618    0.205880   73.772774 v _23828_/X (sky130_fd_sc_hd__a41o_2)
                                                         _14311_ (net)
                      0.086618    0.000000   73.772774 v _23992_/A1 (sky130_fd_sc_hd__a211o_2)
    27    0.081717    0.152764    0.323411   74.096184 v _23992_/X (sky130_fd_sc_hd__a211o_2)
                                                         _14492_ (net)
                      0.152764    0.000000   74.096184 v _24200_/B1 (sky130_fd_sc_hd__o211a_2)
     2    0.009264    0.042990    0.144489   74.240677 v _24200_/X (sky130_fd_sc_hd__o211a_2)
                                                         _14720_ (net)
                      0.042990    0.000000   74.240677 v _24207_/C (sky130_fd_sc_hd__and3_2)
     9    0.032318    0.073689    0.186610   74.427284 v _24207_/X (sky130_fd_sc_hd__and3_2)
                                                         _14728_ (net)
                      0.073689    0.000000   74.427284 v _24212_/B1 (sky130_fd_sc_hd__a21o_2)
     2    0.005593    0.030999    0.103718   74.531006 v _24212_/X (sky130_fd_sc_hd__a21o_2)
                                                         _14734_ (net)
                      0.030999    0.000000   74.531006 v _24214_/D (sky130_fd_sc_hd__or4_2)
     3    0.007446    0.078419    0.311964   74.842964 v _24214_/X (sky130_fd_sc_hd__or4_2)
                                                         _14736_ (net)
                      0.078419    0.000000   74.842964 v _24239_/B (sky130_fd_sc_hd__or4_2)
     2    0.006069    0.074954    0.384006   75.226974 v _24239_/X (sky130_fd_sc_hd__or4_2)
                                                         _14763_ (net)
                      0.074954    0.000000   75.226974 v _24240_/D (sky130_fd_sc_hd__nor4_2)
     9    0.026827    0.490554    0.359300   75.586273 ^ _24240_/Y (sky130_fd_sc_hd__nor4_2)
                                                         _14764_ (net)
                      0.490554    0.000000   75.586273 ^ _24241_/A (sky130_fd_sc_hd__inv_2)
    11    0.026044    0.122975    0.067701   75.653976 v _24241_/Y (sky130_fd_sc_hd__inv_2)
                                                         _14766_ (net)
                      0.122975    0.000000   75.653976 v _24244_/D (sky130_fd_sc_hd__or4_2)
     3    0.008089    0.081668    0.340727   75.994698 v _24244_/X (sky130_fd_sc_hd__or4_2)
                                                         _14769_ (net)
                      0.081668    0.000000   75.994698 v _24248_/B (sky130_fd_sc_hd__and3_2)
     2    0.005687    0.045575    0.144937   76.139641 v _24248_/X (sky130_fd_sc_hd__and3_2)
                                                         _14773_ (net)
                      0.045575    0.000000   76.139641 v _24252_/B (sky130_fd_sc_hd__or3b_2)
     2    0.005697    0.058991    0.261835   76.401474 v _24252_/X (sky130_fd_sc_hd__or3b_2)
                                                         _14778_ (net)
                      0.058991    0.000000   76.401474 v _24274_/A (sky130_fd_sc_hd__or4_2)
     3    0.008061    0.080261    0.397264   76.798737 v _24274_/X (sky130_fd_sc_hd__or4_2)
                                                         _14802_ (net)
                      0.080261    0.000000   76.798737 v _24301_/A1 (sky130_fd_sc_hd__a21o_2)
     4    0.010439    0.039557    0.149292   76.948029 v _24301_/X (sky130_fd_sc_hd__a21o_2)
                                                         _14832_ (net)
                      0.039557    0.000000   76.948029 v _24365_/A1 (sky130_fd_sc_hd__a2111o_2)
     5    0.015399    0.071397    0.285219   77.233246 v _24365_/X (sky130_fd_sc_hd__a2111o_2)
                                                         _14902_ (net)
                      0.071397    0.000000   77.233246 v _24443_/A1 (sky130_fd_sc_hd__a21o_2)
    10    0.024156    0.060743    0.169038   77.402283 v _24443_/X (sky130_fd_sc_hd__a21o_2)
                                                         _14988_ (net)
                      0.060743    0.000000   77.402283 v _24699_/A1 (sky130_fd_sc_hd__a21o_2)
     5    0.015164    0.047548    0.151630   77.553917 v _24699_/X (sky130_fd_sc_hd__a21o_2)
                                                         _00388_ (net)
                      0.047548    0.000000   77.553917 v _24735_/C (sky130_fd_sc_hd__nor4b_2)
     5    0.012166    0.269782    0.240206   77.794121 ^ _24735_/Y (sky130_fd_sc_hd__nor4b_2)
                                                         _00428_ (net)
                      0.269782    0.000000   77.794121 ^ _24737_/D (sky130_fd_sc_hd__and4_2)
     2    0.013457    0.072226    0.185011   77.979134 ^ _24737_/X (sky130_fd_sc_hd__and4_2)
                                                         _00430_ (net)
                      0.072226    0.000000   77.979134 ^ _24765_/A2 (sky130_fd_sc_hd__a21oi_2)
     1    0.001395    0.040037    0.029594   78.008728 v _24765_/Y (sky130_fd_sc_hd__a21oi_2)
                                                         _00461_ (net)
                      0.040037    0.000000   78.008728 v _24766_/B (sky130_fd_sc_hd__or2_2)
     4    0.012550    0.057862    0.186176   78.194901 v _24766_/X (sky130_fd_sc_hd__or2_2)
                                                         _00462_ (net)
                      0.057862    0.000000   78.194901 v _24773_/C (sky130_fd_sc_hd__or4b_2)
     2    0.003136    0.066977    0.343292   78.538193 v _24773_/X (sky130_fd_sc_hd__or4b_2)
                                                         _00470_ (net)
                      0.066977    0.000000   78.538193 v _24785_/A (sky130_fd_sc_hd__or3_2)
     5    0.012591    0.074929    0.308987   78.847183 v _24785_/X (sky130_fd_sc_hd__or3_2)
                                                         _00483_ (net)
                      0.074929    0.000000   78.847183 v _24787_/B (sky130_fd_sc_hd__or2_2)
    15    0.028568    0.083415    0.228887   79.076065 v _24787_/X (sky130_fd_sc_hd__or2_2)
                                                         _00485_ (net)
                      0.083415    0.000000   79.076065 v _24811_/C (sky130_fd_sc_hd__or3_2)
     4    0.012457    0.074378    0.274767   79.350838 v _24811_/X (sky130_fd_sc_hd__or3_2)
                                                         _00512_ (net)
                      0.074378    0.000000   79.350838 v _24816_/B (sky130_fd_sc_hd__and3_2)
     3    0.005344    0.035328    0.141107   79.491943 v _24816_/X (sky130_fd_sc_hd__and3_2)
                                                         _00517_ (net)
                      0.035328    0.000000   79.491943 v _24826_/B (sky130_fd_sc_hd__or4_2)
     1    0.001308    0.060322    0.350077   79.842018 v _24826_/X (sky130_fd_sc_hd__or4_2)
                                                         _00528_ (net)
                      0.060322    0.000000   79.842018 v _24827_/D (sky130_fd_sc_hd__or4_2)
     3    0.007952    0.079735    0.320910   80.162926 v _24827_/X (sky130_fd_sc_hd__or4_2)
                                                         _00529_ (net)
                      0.079735    0.000000   80.162926 v _24859_/A (sky130_fd_sc_hd__or3_2)
     2    0.006501    0.060305    0.292573   80.455505 v _24859_/X (sky130_fd_sc_hd__or3_2)
                                                         _00564_ (net)
                      0.060305    0.000000   80.455505 v _24956_/A1 (sky130_fd_sc_hd__o31ai_2)
     7    0.032493    0.488052    0.429672   80.885178 ^ _24956_/Y (sky130_fd_sc_hd__o31ai_2)
                                                         _00671_ (net)
                      0.488052    0.000000   80.885178 ^ _25231_/A1 (sky130_fd_sc_hd__a211o_2)
    30    0.092473    0.330918    0.315687   81.200859 ^ _25231_/X (sky130_fd_sc_hd__a211o_2)
                                                         _00973_ (net)
                      0.330918    0.000000   81.200859 ^ _25306_/S (sky130_fd_sc_hd__mux2_1)
     4    0.015418    0.084485    0.241741   81.442604 v _25306_/X (sky130_fd_sc_hd__mux2_1)
                                                         _01055_ (net)
                      0.084485    0.000000   81.442604 v _25308_/B (sky130_fd_sc_hd__xnor2_2)
     4    0.018745    0.183758    0.131116   81.573715 v _25308_/Y (sky130_fd_sc_hd__xnor2_2)
                                                         _01057_ (net)
                      0.183758    0.000000   81.573715 v _25309_/D (sky130_fd_sc_hd__and4_2)
     2    0.003762    0.032596    0.206747   81.780464 v _25309_/X (sky130_fd_sc_hd__and4_2)
                                                         _01058_ (net)
                      0.032596    0.000000   81.780464 v _25310_/D (sky130_fd_sc_hd__and4_2)
     1    0.002219    0.028480    0.137760   81.918228 v _25310_/X (sky130_fd_sc_hd__and4_2)
                                                         _01059_ (net)
                      0.028480    0.000000   81.918228 v _25317_/A2 (sky130_fd_sc_hd__a221o_2)
     5    0.023404    0.070251    0.240249   82.158478 v _25317_/X (sky130_fd_sc_hd__a221o_2)
                                                         _01067_ (net)
                      0.070251    0.000000   82.158478 v _25382_/A (sky130_fd_sc_hd__nand3_2)
     6    0.020348    0.096667    0.096705   82.255180 ^ _25382_/Y (sky130_fd_sc_hd__nand3_2)
                                                         _01139_ (net)
                      0.096667    0.000000   82.255180 ^ _25449_/A1 (sky130_fd_sc_hd__a21o_2)
     8    0.019556    0.082299    0.123663   82.378845 ^ _25449_/X (sky130_fd_sc_hd__a21o_2)
                                                         _01212_ (net)
                      0.082299    0.000000   82.378845 ^ _25492_/A (sky130_fd_sc_hd__nand2_2)
    26    0.088624    0.227023    0.186787   82.565628 v _25492_/Y (sky130_fd_sc_hd__nand2_2)
                                                         _01260_ (net)
                      0.227023    0.000000   82.565628 v _25565_/A1 (sky130_fd_sc_hd__a21oi_2)
     4    0.017190    0.177120    0.227246   82.792877 ^ _25565_/Y (sky130_fd_sc_hd__a21oi_2)
                                                         _01340_ (net)
                      0.177120    0.000000   82.792877 ^ _25568_/B (sky130_fd_sc_hd__xnor2_2)
     3    0.012641    0.212556    0.064844   82.857719 v _25568_/Y (sky130_fd_sc_hd__xnor2_2)
                                                         _01343_ (net)
                      0.212556    0.000000   82.857719 v _25579_/A1 (sky130_fd_sc_hd__o311a_2)
     1    0.004249    0.044447    0.297312   83.155029 v _25579_/X (sky130_fd_sc_hd__o311a_2)
                                                         _01354_ (net)
                      0.044447    0.000000   83.155029 v _25590_/A1 (sky130_fd_sc_hd__o31ai_2)
     5    0.025277    0.399707    0.359847   83.514877 ^ _25590_/Y (sky130_fd_sc_hd__o31ai_2)
                                                         _01366_ (net)
                      0.399707    0.000000   83.514877 ^ _25626_/A2 (sky130_fd_sc_hd__a31o_2)
     6    0.029956    0.138492    0.194198   83.709076 ^ _25626_/X (sky130_fd_sc_hd__a31o_2)
                                                         _01406_ (net)
                      0.138492    0.000000   83.709076 ^ _25657_/A1 (sky130_fd_sc_hd__a21o_2)
     3    0.009354    0.045261    0.102496   83.811577 ^ _25657_/X (sky130_fd_sc_hd__a21o_2)
                                                         _01440_ (net)
                      0.045261    0.000000   83.811577 ^ _25804_/A2 (sky130_fd_sc_hd__a31o_2)
    30    0.101895    0.439117    0.366725   84.178299 ^ _25804_/X (sky130_fd_sc_hd__a31o_2)
                                                         _01602_ (net)
                      0.439117    0.000000   84.178299 ^ _25852_/S (sky130_fd_sc_hd__mux2_1)
     5    0.020044    0.098413    0.251340   84.429642 v _25852_/X (sky130_fd_sc_hd__mux2_1)
                                                         _01655_ (net)
                      0.098413    0.000000   84.429642 v _25857_/B (sky130_fd_sc_hd__xnor2_2)
     2    0.003689    0.156187    0.104606   84.534248 v _25857_/Y (sky130_fd_sc_hd__xnor2_2)
                                                         _01660_ (net)
                      0.156187    0.000000   84.534248 v _25891_/A (sky130_fd_sc_hd__or4b_2)
     2    0.006604    0.077450    0.421579   84.955826 v _25891_/X (sky130_fd_sc_hd__or4b_2)
                                                         _01697_ (net)
                      0.077450    0.000000   84.955826 v _25894_/A1 (sky130_fd_sc_hd__a21o_2)
     1    0.002207    0.023652    0.128331   85.084152 v _25894_/X (sky130_fd_sc_hd__a21o_2)
                                                         _01700_ (net)
                      0.023652    0.000000   85.084152 v _25895_/A2 (sky130_fd_sc_hd__a21o_2)
     4    0.010965    0.040415    0.145867   85.230026 v _25895_/X (sky130_fd_sc_hd__a21o_2)
                                                         _01701_ (net)
                      0.040415    0.000000   85.230026 v _25948_/A2 (sky130_fd_sc_hd__a311o_2)
     2    0.003785    0.041221    0.222776   85.452797 v _25948_/X (sky130_fd_sc_hd__a311o_2)
                                                         _01759_ (net)
                      0.041221    0.000000   85.452797 v _26270_/A1 (sky130_fd_sc_hd__a21o_2)
    26    0.056412    0.107761    0.202292   85.655090 v _26270_/X (sky130_fd_sc_hd__a21o_2)
                                                         _02112_ (net)
                      0.107761    0.000000   85.655090 v _26477_/A1 (sky130_fd_sc_hd__a21o_2)
     3    0.007656    0.034634    0.153491   85.808578 v _26477_/X (sky130_fd_sc_hd__a21o_2)
                                                         _02339_ (net)
                      0.034634    0.000000   85.808578 v _26481_/C (sky130_fd_sc_hd__and3_2)
     3    0.007276    0.047072    0.139131   85.947716 v _26481_/X (sky130_fd_sc_hd__and3_2)
                                                         _02344_ (net)
                      0.047072    0.000000   85.947716 v _26491_/B (sky130_fd_sc_hd__or4_2)
     3    0.007165    0.077677    0.379750   86.327461 v _26491_/X (sky130_fd_sc_hd__or4_2)
                                                         _02355_ (net)
                      0.077677    0.000000   86.327461 v _26506_/A (sky130_fd_sc_hd__or4b_2)
     1    0.001308    0.060602    0.375074   86.702538 v _26506_/X (sky130_fd_sc_hd__or4b_2)
                                                         _02371_ (net)
                      0.060602    0.000000   86.702538 v _26710_/D (sky130_fd_sc_hd__or4_2)
     4    0.014269    0.096407    0.344748   87.047287 v _26710_/X (sky130_fd_sc_hd__or4_2)
                                                         _02594_ (net)
                      0.096407    0.000000   87.047287 v _26803_/A3 (sky130_fd_sc_hd__o311ai_2)
     3    0.009983    0.233027    0.221959   87.269241 ^ _26803_/Y (sky130_fd_sc_hd__o311ai_2)
                                                         _02697_ (net)
                      0.233027    0.000000   87.269241 ^ _26805_/D1 (sky130_fd_sc_hd__a2111o_2)
    30    0.098195    0.351407    0.297455   87.566696 ^ _26805_/X (sky130_fd_sc_hd__a2111o_2)
                                                         _02699_ (net)
                      0.351407    0.000000   87.566696 ^ _26875_/S (sky130_fd_sc_hd__mux2_1)
     3    0.009922    0.067318    0.223132   87.789833 v _26875_/X (sky130_fd_sc_hd__mux2_1)
                                                         _02775_ (net)
                      0.067318    0.000000   87.789833 v _26877_/B (sky130_fd_sc_hd__and2_2)
     1    0.001395    0.033239    0.122647   87.912476 v _26877_/X (sky130_fd_sc_hd__and2_2)
                                                         _02777_ (net)
                      0.033239    0.000000   87.912476 v _26878_/B (sky130_fd_sc_hd__or2_2)
     4    0.009354    0.051527    0.175284   88.087761 v _26878_/X (sky130_fd_sc_hd__or2_2)
                                                         _02778_ (net)
                      0.051527    0.000000   88.087761 v _26879_/C (sky130_fd_sc_hd__or4b_2)
     5    0.016385    0.102001    0.391729   88.479492 v _26879_/X (sky130_fd_sc_hd__or4b_2)
                                                         _02779_ (net)
                      0.102001    0.000000   88.479492 v _27070_/C (sky130_fd_sc_hd__nor4_2)
     4    0.016285    0.333066    0.302023   88.781517 ^ _27070_/Y (sky130_fd_sc_hd__nor4_2)
                                                         _02989_ (net)
                      0.333066    0.000000   88.781517 ^ _27120_/A3 (sky130_fd_sc_hd__a311oi_2)
     9    0.018940    0.187931    0.126526   88.908043 v _27120_/Y (sky130_fd_sc_hd__a311oi_2)
                                                         _03043_ (net)
                      0.187931    0.000000   88.908043 v _27430_/C (sky130_fd_sc_hd__or4b_2)
     4    0.009021    0.084145    0.408392   89.316429 v _27430_/X (sky130_fd_sc_hd__or4b_2)
                                                         _03381_ (net)
                      0.084145    0.000000   89.316429 v _27456_/C (sky130_fd_sc_hd__or3_2)
     2    0.005453    0.057832    0.252115   89.568550 v _27456_/X (sky130_fd_sc_hd__or3_2)
                                                         _03410_ (net)
                      0.057832    0.000000   89.568550 v _27462_/D (sky130_fd_sc_hd__or4_2)
     1    0.004613    0.071198    0.307494   89.876045 v _27462_/X (sky130_fd_sc_hd__or4_2)
                                                         _03417_ (net)
                      0.071198    0.000000   89.876045 v _27463_/A2 (sky130_fd_sc_hd__a21oi_2)
     3    0.013052    0.137722    0.154536   90.030579 ^ _27463_/Y (sky130_fd_sc_hd__a21oi_2)
                                                         _03418_ (net)
                      0.137722    0.000000   90.030579 ^ _27465_/D_N (sky130_fd_sc_hd__nor4b_2)
     4    0.009502    0.230196    0.206789   90.237366 ^ _27465_/Y (sky130_fd_sc_hd__nor4b_2)
                                                         _03420_ (net)
                      0.230196    0.000000   90.237366 ^ _27509_/D_N (sky130_fd_sc_hd__or4b_2)
     1    0.002195    0.063871    0.321421   90.558784 v _27509_/X (sky130_fd_sc_hd__or4b_2)
                                                         _03467_ (net)
                      0.063871    0.000000   90.558784 v _27510_/C1 (sky130_fd_sc_hd__a211o_2)
     8    0.013873    0.057726    0.156824   90.715614 v _27510_/X (sky130_fd_sc_hd__a211o_2)
                                                         _03468_ (net)
                      0.057726    0.000000   90.715614 v _27512_/C (sky130_fd_sc_hd__or3_2)
    22    0.066915    0.162967    0.371855   91.087471 v _27512_/X (sky130_fd_sc_hd__or3_2)
                                                         _03471_ (net)
                      0.162967    0.000000   91.087471 v _27553_/S (sky130_fd_sc_hd__mux2_1)
     3    0.013679    0.079301    0.265480   91.352951 v _27553_/X (sky130_fd_sc_hd__mux2_1)
                                                         _03516_ (net)
                      0.079301    0.000000   91.352951 v _27555_/B (sky130_fd_sc_hd__xnor2_2)
     4    0.012559    0.200535    0.152546   91.505493 ^ _27555_/Y (sky130_fd_sc_hd__xnor2_2)
                                                         _03518_ (net)
                      0.200535    0.000000   91.505493 ^ _27557_/D_N (sky130_fd_sc_hd__or4b_2)
     2    0.005307    0.073786    0.337202   91.842697 v _27557_/X (sky130_fd_sc_hd__or4b_2)
                                                         _03520_ (net)
                      0.073786    0.000000   91.842697 v _27559_/D (sky130_fd_sc_hd__or4_2)
     3    0.005861    0.074458    0.317201   92.159897 v _27559_/X (sky130_fd_sc_hd__or4_2)
                                                         _03522_ (net)
                      0.074458    0.000000   92.159897 v _27771_/A (sky130_fd_sc_hd__or4_2)
     3    0.004523    0.070902    0.387914   92.547813 v _27771_/X (sky130_fd_sc_hd__or4_2)
                                                         _03754_ (net)
                      0.070902    0.000000   92.547813 v _27782_/D_N (sky130_fd_sc_hd__or4b_2)
     2    0.006360    0.039464    0.153790   92.701599 ^ _27782_/X (sky130_fd_sc_hd__or4b_2)
                                                         _03766_ (net)
                      0.039464    0.000000   92.701599 ^ _27783_/B (sky130_fd_sc_hd__nor2_2)
    19    0.056551    0.096191    0.083745   92.785347 v _27783_/Y (sky130_fd_sc_hd__nor2_2)
                                                         _03767_ (net)
                      0.096191    0.000000   92.785347 v _28192_/A2 (sky130_fd_sc_hd__a2111o_2)
     2    0.003766    0.045667    0.300048   93.085396 v _28192_/X (sky130_fd_sc_hd__a2111o_2)
                                                         _04214_ (net)
                      0.045667    0.000000   93.085396 v _28193_/A2 (sky130_fd_sc_hd__a21bo_2)
     3    0.009773    0.038833    0.152895   93.238289 v _28193_/X (sky130_fd_sc_hd__a21bo_2)
                                                         _04215_ (net)
                      0.038833    0.000000   93.238289 v _28198_/A (sky130_fd_sc_hd__or3_2)
     2    0.003998    0.054054    0.272564   93.510849 v _28198_/X (sky130_fd_sc_hd__or3_2)
                                                         _04220_ (net)
                      0.054054    0.000000   93.510849 v _28207_/B (sky130_fd_sc_hd__or4_2)
     5    0.009090    0.082973    0.388603   93.899452 v _28207_/X (sky130_fd_sc_hd__or4_2)
                                                         _04230_ (net)
                      0.082973    0.000000   93.899452 v _28210_/C (sky130_fd_sc_hd__or4_2)
     1    0.001343    0.060489    0.340791   94.240242 v _28210_/X (sky130_fd_sc_hd__or4_2)
                                                         _04233_ (net)
                      0.060489    0.000000   94.240242 v _28211_/C (sky130_fd_sc_hd__or3_2)
     2    0.002873    0.050499    0.233484   94.473732 v _28211_/X (sky130_fd_sc_hd__or3_2)
                                                         _04235_ (net)
                      0.050499    0.000000   94.473732 v _28213_/D (sky130_fd_sc_hd__or4_2)
    10    0.026234    0.120039    0.372339   94.846069 v _28213_/X (sky130_fd_sc_hd__or4_2)
                                                         _04237_ (net)
                      0.120039    0.000000   94.846069 v _28890_/B (sky130_fd_sc_hd__or3_2)
     3    0.008115    0.064275    0.296097   95.142166 v _28890_/X (sky130_fd_sc_hd__or3_2)
                                                         _04976_ (net)
                      0.064275    0.000000   95.142166 v _28901_/B (sky130_fd_sc_hd__and3_2)
     4    0.011118    0.054520    0.150266   95.292427 v _28901_/X (sky130_fd_sc_hd__and3_2)
                                                         _04989_ (net)
                      0.054520    0.000000   95.292427 v _29003_/C (sky130_fd_sc_hd__or4_2)
     1    0.001343    0.060355    0.332527   95.624954 v _29003_/X (sky130_fd_sc_hd__or4_2)
                                                         _05097_ (net)
                      0.060355    0.000000   95.624954 v _29004_/C (sky130_fd_sc_hd__or3_2)
     2    0.003597    0.052786    0.236696   95.861656 v _29004_/X (sky130_fd_sc_hd__or3_2)
                                                         _05098_ (net)
                      0.052786    0.000000   95.861656 v _29005_/D (sky130_fd_sc_hd__or4_2)
     4    0.012060    0.090803    0.334076   96.195732 v _29005_/X (sky130_fd_sc_hd__or4_2)
                                                         _05099_ (net)
                      0.090803    0.000000   96.195732 v _29105_/A2 (sky130_fd_sc_hd__o31ai_2)
     3    0.004890    0.149242    0.175817   96.371544 ^ _29105_/Y (sky130_fd_sc_hd__o31ai_2)
                                                         _05199_ (net)
                      0.149242    0.000000   96.371544 ^ _29107_/D (sky130_fd_sc_hd__or4_2)
    28    0.097845    0.363973    0.332122   96.703667 ^ _29107_/X (sky130_fd_sc_hd__or4_2)
                                                         _05201_ (net)
                      0.363973    0.000000   96.703667 ^ _29346_/S (sky130_fd_sc_hd__mux2_1)
     3    0.016432    0.087511    0.243453   96.947121 v _29346_/X (sky130_fd_sc_hd__mux2_1)
                                                         _05454_ (net)
                      0.087511    0.000000   96.947121 v _29351_/B (sky130_fd_sc_hd__xnor2_2)
     3    0.005169    0.147662    0.110418   97.057541 ^ _29351_/Y (sky130_fd_sc_hd__xnor2_2)
                                                         _05460_ (net)
                      0.147662    0.000000   97.057541 ^ _29352_/C_N (sky130_fd_sc_hd__or3b_2)
     1    0.001308    0.046060    0.244469   97.302010 v _29352_/X (sky130_fd_sc_hd__or3b_2)
                                                         _05461_ (net)
                      0.046060    0.000000   97.302010 v _29353_/D (sky130_fd_sc_hd__or4_2)
     2    0.005470    0.073376    0.307828   97.609840 v _29353_/X (sky130_fd_sc_hd__or4_2)
                                                         _05462_ (net)
                      0.073376    0.000000   97.609840 v _29354_/D (sky130_fd_sc_hd__or4_2)
     2    0.002808    0.065185    0.303082   97.912918 v _29354_/X (sky130_fd_sc_hd__or4_2)
                                                         _05463_ (net)
                      0.065185    0.000000   97.912918 v _29406_/C (sky130_fd_sc_hd__or4_2)
     2    0.003034    0.065881    0.344471   98.257393 v _29406_/X (sky130_fd_sc_hd__or4_2)
                                                         _05520_ (net)
                      0.065881    0.000000   98.257393 v _29471_/B (sky130_fd_sc_hd__and4_2)
    19    0.055001    0.103912    0.222265   98.479652 v _29471_/X (sky130_fd_sc_hd__and4_2)
                                                         _05592_ (net)
                      0.103912    0.000000   98.479652 v _29524_/A (sky130_fd_sc_hd__nand2_2)
    23    0.074111    0.290582    0.248669   98.728325 ^ _29524_/Y (sky130_fd_sc_hd__nand2_2)
                                                         _05650_ (net)
                      0.290582    0.000000   98.728325 ^ _29682_/S (sky130_fd_sc_hd__mux2_1)
     3    0.007135    0.056341    0.213568   98.941895 v _29682_/X (sky130_fd_sc_hd__mux2_1)
                                                         _05816_ (net)
                      0.056341    0.000000   98.941895 v _29683_/B (sky130_fd_sc_hd__and2_2)
     3    0.012601    0.056275    0.145910   99.087799 v _29683_/X (sky130_fd_sc_hd__and2_2)
                                                         _05817_ (net)
                      0.056275    0.000000   99.087799 v _29685_/A (sky130_fd_sc_hd__nor2_2)
     4    0.012855    0.121453    0.125723   99.213524 ^ _29685_/Y (sky130_fd_sc_hd__nor2_2)
                                                         _05819_ (net)
                      0.121453    0.000000   99.213524 ^ _29707_/D_N (sky130_fd_sc_hd__or4b_2)
     1    0.001308    0.060567    0.316696   99.530220 v _29707_/X (sky130_fd_sc_hd__or4b_2)
                                                         _05842_ (net)
                      0.060567    0.000000   99.530220 v _29708_/D (sky130_fd_sc_hd__or4_2)
     3    0.007237    0.077997    0.318295   99.848518 v _29708_/X (sky130_fd_sc_hd__or4_2)
                                                         _05843_ (net)
                      0.077997    0.000000   99.848518 v _29726_/B (sky130_fd_sc_hd__or4b_2)
     1    0.001541    0.061606    0.357822  100.206337 v _29726_/X (sky130_fd_sc_hd__or4b_2)
                                                         _05861_ (net)
                      0.061606    0.000000  100.206337 v _29742_/C (sky130_fd_sc_hd__and3b_2)
     7    0.020588    0.057894    0.175845  100.382187 v _29742_/X (sky130_fd_sc_hd__and3b_2)
                                                         _05877_ (net)
                      0.057894    0.000000  100.382187 v _29832_/A (sky130_fd_sc_hd__nand2_2)
    27    0.088135    0.342323    0.266652  100.648834 ^ _29832_/Y (sky130_fd_sc_hd__nand2_2)
                                                         _05967_ (net)
                      0.342323    0.000000  100.648834 ^ _29998_/S (sky130_fd_sc_hd__mux2_1)
     2    0.005640    0.050388    0.204899  100.853737 v _29998_/X (sky130_fd_sc_hd__mux2_1)
                                                         _06133_ (net)
                      0.050388    0.000000  100.853737 v _29999_/B (sky130_fd_sc_hd__and2_2)
     2    0.005721    0.044518    0.128360  100.982094 v _29999_/X (sky130_fd_sc_hd__and2_2)
                                                         _06134_ (net)
                      0.044518    0.000000  100.982094 v _30006_/A_N (sky130_fd_sc_hd__and4bb_2)
     2    0.008862    0.058231    0.191790  101.173882 ^ _30006_/X (sky130_fd_sc_hd__and4bb_2)
                                                         _06141_ (net)
                      0.058231    0.000000  101.173882 ^ _30019_/A (sky130_fd_sc_hd__nand4_2)
     2    0.003714    0.046630    0.041688  101.215569 v _30019_/Y (sky130_fd_sc_hd__nand4_2)
                                                         _06154_ (net)
                      0.046630    0.000000  101.215569 v _30043_/A (sky130_fd_sc_hd__or4bb_2)
     2    0.006263    0.071776    0.370811  101.586380 v _30043_/X (sky130_fd_sc_hd__or4bb_2)
                                                         _06178_ (net)
                      0.071776    0.000000  101.586380 v _30077_/A1 (sky130_fd_sc_hd__o221a_2)
     1    0.001643    0.028920    0.174943  101.761322 v _30077_/X (sky130_fd_sc_hd__o221a_2)
                                                         _06212_ (net)
                      0.028920    0.000000  101.761322 v _30079_/A2_N (sky130_fd_sc_hd__a2bb2o_2)
     1    0.004570    0.031319    0.139124  101.900452 ^ _30079_/X (sky130_fd_sc_hd__a2bb2o_2)
                                                         _06214_ (net)
                      0.031319    0.000000  101.900452 ^ _30082_/A2 (sky130_fd_sc_hd__a22oi_2)
     1    0.002337    0.027452    0.033893  101.934341 v _30082_/Y (sky130_fd_sc_hd__a22oi_2)
                                                         _06217_ (net)
                      0.027452    0.000000  101.934341 v _30139_/B1 (sky130_fd_sc_hd__o22a_2)
     1    0.001783    0.029318    0.110489  102.044830 v _30139_/X (sky130_fd_sc_hd__o22a_2)
                                                         _00170_ (net)
                      0.029318    0.000000  102.044830 v _30453_/D (sky130_fd_sc_hd__dfxtp_2)
                                            102.044830   data arrival time

                      0.150000   25.000000   25.000000   clock clk (rise edge)
                                  0.000000   25.000000   clock network delay (ideal)
                                 -0.250000   24.750000   clock uncertainty
                                  0.000000   24.750000   clock reconvergence pessimism
                                             24.750000 ^ _30453_/CLK (sky130_fd_sc_hd__dfxtp_2)
                                 -0.058915   24.691086   library setup time
                                             24.691086   data required time
---------------------------------------------------------------------------------------------
                                             24.691086   data required time
                                           -102.044830   data arrival time
---------------------------------------------------------------------------------------------
                                            -77.353752   slack (VIOLATED)




===========================================================================
report_checks --slack_max -0.01
============================================================================
======================= nom_ff_n40C_1v95 Corner ===================================

Startpoint: _30420_ (rising edge-triggered flip-flop clocked by clk)
Endpoint: _30453_ (rising edge-triggered flip-flop clocked by clk)
Path Group: clk
Path Type: max

Fanout         Cap        Slew       Delay        Time   Description
---------------------------------------------------------------------------------------------
                      0.150000    0.000000    0.000000   clock clk (rise edge)
                                  0.000000    0.000000   clock network delay (ideal)
                      0.150000    0.000000    0.000000 ^ _30420_/CLK (sky130_fd_sc_hd__dfxtp_2)
   113    0.423505    0.649206    0.716033    0.716033 v _30420_/Q (sky130_fd_sc_hd__dfxtp_2)
                                                         mantisaBshift[3] (net)
                      0.649206    0.000000    0.716033 v _16177_/C (sky130_fd_sc_hd__or3_2)
     1    0.001308    0.054579    0.435980    1.152012 v _16177_/X (sky130_fd_sc_hd__or3_2)
                                                         _06307_ (net)
                      0.054579    0.000000    1.152012 v _16178_/D (sky130_fd_sc_hd__or4_2)
     1    0.001308    0.060454    0.289318    1.441331 v _16178_/X (sky130_fd_sc_hd__or4_2)
                                                         _06308_ (net)
                      0.060454    0.000000    1.441331 v _16179_/D (sky130_fd_sc_hd__or4_2)
     2    0.008413    0.083038    0.322683    1.764014 v _16179_/X (sky130_fd_sc_hd__or4_2)
                                                         _06309_ (net)
                      0.083038    0.000000    1.764014 v _16181_/A2 (sky130_fd_sc_hd__o21ai_2)
     4    0.013215    0.174688    0.142242    1.906256 ^ _16181_/Y (sky130_fd_sc_hd__o21ai_2)
                                                         _06311_ (net)
                      0.174688    0.000000    1.906256 ^ _16185_/A1 (sky130_fd_sc_hd__a211o_2)
     2    0.006938    0.046934    0.103516    2.009772 ^ _16185_/X (sky130_fd_sc_hd__a211o_2)
                                                         _06315_ (net)
                      0.046934    0.000000    2.009772 ^ _16187_/A2 (sky130_fd_sc_hd__a21o_2)
     4    0.015924    0.072669    0.108401    2.118172 ^ _16187_/X (sky130_fd_sc_hd__a21o_2)
                                                         _06317_ (net)
                      0.072669    0.000000    2.118172 ^ _16193_/A2 (sky130_fd_sc_hd__a21oi_2)
     5    0.015294    0.051098    0.057269    2.175442 v _16193_/Y (sky130_fd_sc_hd__a21oi_2)
                                                         _06323_ (net)
                      0.051098    0.000000    2.175442 v _16205_/C (sky130_fd_sc_hd__or4_2)
     5    0.012123    0.091869    0.376702    2.552144 v _16205_/X (sky130_fd_sc_hd__or4_2)
                                                         _06335_ (net)
                      0.091869    0.000000    2.552144 v _16207_/C (sky130_fd_sc_hd__and3_2)
     2    0.005608    0.046309    0.158430    2.710574 v _16207_/X (sky130_fd_sc_hd__and3_2)
                                                         _06337_ (net)
                      0.046309    0.000000    2.710574 v _16228_/A (sky130_fd_sc_hd__or4_2)
     1    0.004066    0.069358    0.378342    3.088915 v _16228_/X (sky130_fd_sc_hd__or4_2)
                                                         _06358_ (net)
                      0.069358    0.000000    3.088915 v _16229_/B2 (sky130_fd_sc_hd__o221ai_2)
     7    0.020946    0.271453    0.195692    3.284607 ^ _16229_/Y (sky130_fd_sc_hd__o221ai_2)
                                                         _06359_ (net)
                      0.271453    0.000000    3.284607 ^ _16233_/B (sky130_fd_sc_hd__and3_2)
     3    0.010992    0.059628    0.163455    3.448062 ^ _16233_/X (sky130_fd_sc_hd__and3_2)
                                                         _06363_ (net)
                      0.059628    0.000000    3.448062 ^ _16242_/A2 (sky130_fd_sc_hd__o21ai_2)
     3    0.007984    0.103197    0.040270    3.488332 v _16242_/Y (sky130_fd_sc_hd__o21ai_2)
                                                         _06372_ (net)
                      0.103197    0.000000    3.488332 v _16254_/A3 (sky130_fd_sc_hd__a311o_2)
     1    0.004282    0.042733    0.260920    3.749252 v _16254_/X (sky130_fd_sc_hd__a311o_2)
                                                         _06384_ (net)
                      0.042733    0.000000    3.749252 v _16264_/A1 (sky130_fd_sc_hd__a21oi_2)
     6    0.019388    0.188791    0.176247    3.925499 ^ _16264_/Y (sky130_fd_sc_hd__a21oi_2)
                                                         _06394_ (net)
                      0.188791    0.000000    3.925499 ^ _16265_/S (sky130_fd_sc_hd__mux2_1)
     4    0.009721    0.066443    0.224298    4.149796 v _16265_/X (sky130_fd_sc_hd__mux2_1)
                                                         _06395_ (net)
                      0.066443    0.000000    4.149796 v _16276_/B (sky130_fd_sc_hd__or2_2)
     4    0.009584    0.059830    0.187014    4.336811 v _16276_/X (sky130_fd_sc_hd__or2_2)
                                                         _06406_ (net)
                      0.059830    0.000000    4.336811 v _16280_/A1 (sky130_fd_sc_hd__a211o_2)
     1    0.002304    0.032220    0.182181    4.518992 v _16280_/X (sky130_fd_sc_hd__a211o_2)
                                                         _06410_ (net)
                      0.032220    0.000000    4.518992 v _16288_/A1 (sky130_fd_sc_hd__a31o_2)
     3    0.007332    0.037249    0.132690    4.651682 v _16288_/X (sky130_fd_sc_hd__a31o_2)
                                                         _06418_ (net)
                      0.037249    0.000000    4.651682 v _16290_/A (sky130_fd_sc_hd__and2_2)
     4    0.014605    0.046966    0.129083    4.780765 v _16290_/X (sky130_fd_sc_hd__and2_2)
                                                         _06420_ (net)
                      0.046966    0.000000    4.780765 v _16297_/S (sky130_fd_sc_hd__mux2_1)
     3    0.016510    0.087775    0.237119    5.017884 v _16297_/X (sky130_fd_sc_hd__mux2_1)
                                                         _06427_ (net)
                      0.087775    0.000000    5.017884 v _16300_/B (sky130_fd_sc_hd__xnor2_2)
     3    0.014733    0.143075    0.124242    5.142126 v _16300_/Y (sky130_fd_sc_hd__xnor2_2)
                                                         _06430_ (net)
                      0.143075    0.000000    5.142126 v _16317_/A1 (sky130_fd_sc_hd__o311ai_2)
     3    0.010700    0.241646    0.281570    5.423696 ^ _16317_/Y (sky130_fd_sc_hd__o311ai_2)
                                                         _06447_ (net)
                      0.241646    0.000000    5.423696 ^ _16328_/A1 (sky130_fd_sc_hd__a221oi_2)
     5    0.012893    0.163917    0.072226    5.495921 v _16328_/Y (sky130_fd_sc_hd__a221oi_2)
                                                         _06458_ (net)
                      0.163917    0.000000    5.495921 v _16361_/C (sky130_fd_sc_hd__or4_2)
     4    0.010185    0.086892    0.403716    5.899637 v _16361_/X (sky130_fd_sc_hd__or4_2)
                                                         _06491_ (net)
                      0.086892    0.000000    5.899637 v _16369_/A3 (sky130_fd_sc_hd__a31o_2)
     1    0.002248    0.031417    0.167579    6.067216 v _16369_/X (sky130_fd_sc_hd__a31o_2)
                                                         _06499_ (net)
                      0.031417    0.000000    6.067216 v _16371_/A2 (sky130_fd_sc_hd__a211o_2)
     2    0.004542    0.038274    0.203911    6.271127 v _16371_/X (sky130_fd_sc_hd__a211o_2)
                                                         _06501_ (net)
                      0.038274    0.000000    6.271127 v _16376_/A1 (sky130_fd_sc_hd__a211o_2)
     4    0.012998    0.055914    0.204175    6.475302 v _16376_/X (sky130_fd_sc_hd__a211o_2)
                                                         _06506_ (net)
                      0.055914    0.000000    6.475302 v _16379_/A2 (sky130_fd_sc_hd__a211o_2)
     5    0.015531    0.060657    0.241479    6.716782 v _16379_/X (sky130_fd_sc_hd__a211o_2)
                                                         _06509_ (net)
                      0.060657    0.000000    6.716782 v _16424_/A1 (sky130_fd_sc_hd__a211o_2)
     1    0.007716    0.044979    0.198690    6.915472 v _16424_/X (sky130_fd_sc_hd__a211o_2)
                                                         _06554_ (net)
                      0.044979    0.000000    6.915472 v _16425_/B (sky130_fd_sc_hd__xor2_2)
     4    0.013992    0.056067    0.111496    7.026968 v _16425_/X (sky130_fd_sc_hd__xor2_2)
                                                         _06555_ (net)
                      0.056067    0.000000    7.026968 v _16426_/B (sky130_fd_sc_hd__xnor2_2)
     3    0.008078    0.197529    0.097891    7.124859 v _16426_/Y (sky130_fd_sc_hd__xnor2_2)
                                                         _06556_ (net)
                      0.197529    0.000000    7.124859 v _16432_/A1 (sky130_fd_sc_hd__o31a_2)
     4    0.014694    0.060233    0.290045    7.414905 v _16432_/X (sky130_fd_sc_hd__o31a_2)
                                                         _06562_ (net)
                      0.060233    0.000000    7.414905 v _16435_/A2 (sky130_fd_sc_hd__a211o_2)
     3    0.008696    0.047009    0.225188    7.640092 v _16435_/X (sky130_fd_sc_hd__a211o_2)
                                                         _06565_ (net)
                      0.047009    0.000000    7.640092 v _16439_/A3 (sky130_fd_sc_hd__a311o_2)
     1    0.004511    0.043625    0.241453    7.881546 v _16439_/X (sky130_fd_sc_hd__a311o_2)
                                                         _06569_ (net)
                      0.043625    0.000000    7.881546 v _16442_/B2 (sky130_fd_sc_hd__a221oi_2)
    10    0.034132    0.426357    0.336408    8.217954 ^ _16442_/Y (sky130_fd_sc_hd__a221oi_2)
                                                         _06572_ (net)
                      0.426357    0.000000    8.217954 ^ _16464_/S (sky130_fd_sc_hd__mux2_1)
     4    0.018675    0.094148    0.247699    8.465652 v _16464_/X (sky130_fd_sc_hd__mux2_1)
                                                         _06594_ (net)
                      0.094148    0.000000    8.465652 v _16466_/B (sky130_fd_sc_hd__xnor2_2)
     3    0.007109    0.186399    0.110740    8.576392 v _16466_/Y (sky130_fd_sc_hd__xnor2_2)
                                                         _06596_ (net)
                      0.186399    0.000000    8.576392 v _16479_/A (sky130_fd_sc_hd__or4_2)
     2    0.006604    0.076373    0.425506    9.001898 v _16479_/X (sky130_fd_sc_hd__or4_2)
                                                         _06609_ (net)
                      0.076373    0.000000    9.001898 v _16482_/A2 (sky130_fd_sc_hd__a31o_2)
     2    0.003759    0.030489    0.160994    9.162892 v _16482_/X (sky130_fd_sc_hd__a31o_2)
                                                         _06612_ (net)
                      0.030489    0.000000    9.162892 v _16486_/A1 (sky130_fd_sc_hd__a211o_2)
     3    0.007415    0.044344    0.187324    9.350216 v _16486_/X (sky130_fd_sc_hd__a211o_2)
                                                         _06616_ (net)
                      0.044344    0.000000    9.350216 v _16498_/B (sky130_fd_sc_hd__and4_2)
     7    0.020488    0.058554    0.165329    9.515545 v _16498_/X (sky130_fd_sc_hd__and4_2)
                                                         _06628_ (net)
                      0.058554    0.000000    9.515545 v _16561_/A (sky130_fd_sc_hd__or4b_2)
     3    0.010384    0.087869    0.410573    9.926118 v _16561_/X (sky130_fd_sc_hd__or4b_2)
                                                         _06691_ (net)
                      0.087869    0.000000    9.926118 v _16563_/C (sky130_fd_sc_hd__and3_2)
     3    0.004366    0.041497    0.153520   10.079638 v _16563_/X (sky130_fd_sc_hd__and3_2)
                                                         _06693_ (net)
                      0.041497    0.000000   10.079638 v _16566_/C (sky130_fd_sc_hd__or4_2)
     1    0.001308    0.060339    0.329408   10.409046 v _16566_/X (sky130_fd_sc_hd__or4_2)
                                                         _06696_ (net)
                      0.060339    0.000000   10.409046 v _16567_/D (sky130_fd_sc_hd__or4_2)
     2    0.006591    0.076280    0.315796   10.724843 v _16567_/X (sky130_fd_sc_hd__or4_2)
                                                         _06697_ (net)
                      0.076280    0.000000   10.724843 v _16571_/A1 (sky130_fd_sc_hd__a31o_2)
     4    0.013013    0.047280    0.162068   10.886910 v _16571_/X (sky130_fd_sc_hd__a31o_2)
                                                         _06701_ (net)
                      0.047280    0.000000   10.886910 v _16575_/A2 (sky130_fd_sc_hd__a311o_2)
     3    0.010860    0.056721    0.246677   11.133588 v _16575_/X (sky130_fd_sc_hd__a311o_2)
                                                         _06705_ (net)
                      0.056721    0.000000   11.133588 v _16579_/A1 (sky130_fd_sc_hd__a21oi_2)
    12    0.041363    0.372592    0.313500   11.447088 ^ _16579_/Y (sky130_fd_sc_hd__a21oi_2)
                                                         _06709_ (net)
                      0.372592    0.000000   11.447088 ^ _16606_/S (sky130_fd_sc_hd__mux2_1)
     3    0.010974    0.071217    0.226513   11.673601 v _16606_/X (sky130_fd_sc_hd__mux2_1)
                                                         _06736_ (net)
                      0.071217    0.000000   11.673601 v _16608_/B (sky130_fd_sc_hd__xnor2_2)
     3    0.012723    0.212908    0.113555   11.787155 v _16608_/Y (sky130_fd_sc_hd__xnor2_2)
                                                         _06738_ (net)
                      0.212908    0.000000   11.787155 v _16617_/A1 (sky130_fd_sc_hd__o311a_2)
     2    0.006391    0.048977    0.304247   12.091403 v _16617_/X (sky130_fd_sc_hd__o311a_2)
                                                         _06747_ (net)
                      0.048977    0.000000   12.091403 v _16623_/A2 (sky130_fd_sc_hd__o41a_2)
     4    0.015048    0.071681    0.316351   12.407753 v _16623_/X (sky130_fd_sc_hd__o41a_2)
                                                         _06753_ (net)
                      0.071681    0.000000   12.407753 v _16648_/A2 (sky130_fd_sc_hd__a2111o_2)
     2    0.008529    0.056782    0.307939   12.715692 v _16648_/X (sky130_fd_sc_hd__a2111o_2)
                                                         _06778_ (net)
                      0.056782    0.000000   12.715692 v _16652_/A1 (sky130_fd_sc_hd__a21oi_2)
    13    0.047151    0.420973    0.348072   13.063764 ^ _16652_/Y (sky130_fd_sc_hd__a21oi_2)
                                                         _06782_ (net)
                      0.420973    0.000000   13.063764 ^ _16655_/S (sky130_fd_sc_hd__mux2_1)
     3    0.016432    0.087489    0.241098   13.304862 v _16655_/X (sky130_fd_sc_hd__mux2_1)
                                                         _06785_ (net)
                      0.087489    0.000000   13.304862 v _16697_/B (sky130_fd_sc_hd__xnor2_2)
     3    0.013951    0.205850    0.122531   13.427393 v _16697_/Y (sky130_fd_sc_hd__xnor2_2)
                                                         _06827_ (net)
                      0.205850    0.000000   13.427393 v _16699_/B (sky130_fd_sc_hd__or2_2)
     2    0.003770    0.039863    0.223430   13.650823 v _16699_/X (sky130_fd_sc_hd__or2_2)
                                                         _06829_ (net)
                      0.039863    0.000000   13.650823 v _16711_/A (sky130_fd_sc_hd__or3_2)
     1    0.004128    0.054429    0.273402   13.924225 v _16711_/X (sky130_fd_sc_hd__or3_2)
                                                         _06841_ (net)
                      0.054429    0.000000   13.924225 v _16715_/A2 (sky130_fd_sc_hd__o21ai_2)
     3    0.010713    0.120011    0.117791   14.042016 ^ _16715_/Y (sky130_fd_sc_hd__o21ai_2)
                                                         _06845_ (net)
                      0.120011    0.000000   14.042016 ^ _16728_/A1 (sky130_fd_sc_hd__a211oi_2)
     2    0.006392    0.053487    0.055358   14.097374 v _16728_/Y (sky130_fd_sc_hd__a211oi_2)
                                                         _06858_ (net)
                      0.053487    0.000000   14.097374 v _16734_/A2 (sky130_fd_sc_hd__o311a_2)
     3    0.010338    0.056631    0.250279   14.347653 v _16734_/X (sky130_fd_sc_hd__o311a_2)
                                                         _06864_ (net)
                      0.056631    0.000000   14.347653 v _16787_/A (sky130_fd_sc_hd__or3_2)
     3    0.010384    0.069684    0.298791   14.646444 v _16787_/X (sky130_fd_sc_hd__or3_2)
                                                         _06917_ (net)
                      0.069684    0.000000   14.646444 v _16792_/C (sky130_fd_sc_hd__and3_2)
     2    0.005471    0.046058    0.148821   14.795266 v _16792_/X (sky130_fd_sc_hd__and3_2)
                                                         _06922_ (net)
                      0.046058    0.000000   14.795266 v _16793_/C (sky130_fd_sc_hd__or3_2)
     3    0.008747    0.065755    0.250889   15.046155 v _16793_/X (sky130_fd_sc_hd__or3_2)
                                                         _06923_ (net)
                      0.065755    0.000000   15.046155 v _16794_/A2 (sky130_fd_sc_hd__a21o_2)
     3    0.010482    0.039629    0.159984   15.206139 v _16794_/X (sky130_fd_sc_hd__a21o_2)
                                                         _06924_ (net)
                      0.039629    0.000000   15.206139 v _16796_/A2 (sky130_fd_sc_hd__a21oi_2)
     3    0.011163    0.123276    0.132149   15.338287 ^ _16796_/Y (sky130_fd_sc_hd__a21oi_2)
                                                         _06926_ (net)
                      0.123276    0.000000   15.338287 ^ _16798_/A2 (sky130_fd_sc_hd__o21ai_2)
     2    0.006549    0.045547    0.041087   15.379375 v _16798_/Y (sky130_fd_sc_hd__o21ai_2)
                                                         _06928_ (net)
                      0.045547    0.000000   15.379375 v _16800_/A2 (sky130_fd_sc_hd__a21o_2)
     3    0.007662    0.034653    0.146334   15.525709 v _16800_/X (sky130_fd_sc_hd__a21o_2)
                                                         _06930_ (net)
                      0.034653    0.000000   15.525709 v _16801_/A2 (sky130_fd_sc_hd__a21oi_2)
     5    0.014766    0.152121    0.149958   15.675668 ^ _16801_/Y (sky130_fd_sc_hd__a21oi_2)
                                                         _06931_ (net)
                      0.152121    0.000000   15.675668 ^ _16805_/A2 (sky130_fd_sc_hd__o311a_2)
     3    0.009767    0.052701    0.133625   15.809292 ^ _16805_/X (sky130_fd_sc_hd__o311a_2)
                                                         _06935_ (net)
                      0.052701    0.000000   15.809292 ^ _16810_/A1 (sky130_fd_sc_hd__o211a_2)
     5    0.016864    0.085926    0.145615   15.954907 ^ _16810_/X (sky130_fd_sc_hd__o211a_2)
                                                         _06940_ (net)
                      0.085926    0.000000   15.954907 ^ _16830_/A1 (sky130_fd_sc_hd__a21oi_2)
     6    0.016292    0.053580    0.057277   16.012184 v _16830_/Y (sky130_fd_sc_hd__a21oi_2)
                                                         _06960_ (net)
                      0.053580    0.000000   16.012184 v _16832_/B (sky130_fd_sc_hd__nor2_2)
    11    0.039964    0.320970    0.252216   16.264400 ^ _16832_/Y (sky130_fd_sc_hd__nor2_2)
                                                         _06962_ (net)
                      0.320970    0.000000   16.264400 ^ _16881_/S (sky130_fd_sc_hd__mux2_1)
     5    0.024776    0.112311    0.270562   16.534962 v _16881_/X (sky130_fd_sc_hd__mux2_1)
                                                         _07011_ (net)
                      0.112311    0.000000   16.534962 v _16884_/B (sky130_fd_sc_hd__xnor2_2)
     2    0.012412    0.160935    0.129258   16.664221 v _16884_/Y (sky130_fd_sc_hd__xnor2_2)
                                                         _07014_ (net)
                      0.160935    0.000000   16.664221 v _16900_/A (sky130_fd_sc_hd__nor4_2)
     1    0.002487    0.135204    0.203535   16.867756 ^ _16900_/Y (sky130_fd_sc_hd__nor4_2)
                                                         _07030_ (net)
                      0.135204    0.000000   16.867756 ^ _16923_/A1 (sky130_fd_sc_hd__a211o_2)
     4    0.016325    0.066299    0.124352   16.992107 ^ _16923_/X (sky130_fd_sc_hd__a211o_2)
                                                         _07053_ (net)
                      0.066299    0.000000   16.992107 ^ _16927_/A2 (sky130_fd_sc_hd__a21oi_2)
     3    0.014313    0.044551    0.054509   17.046618 v _16927_/Y (sky130_fd_sc_hd__a21oi_2)
                                                         _07057_ (net)
                      0.044551    0.000000   17.046618 v _16929_/A2 (sky130_fd_sc_hd__o211ai_2)
     3    0.011784    0.151991    0.141137   17.187754 ^ _16929_/Y (sky130_fd_sc_hd__o211ai_2)
                                                         _07059_ (net)
                      0.151991    0.000000   17.187754 ^ _16935_/A3 (sky130_fd_sc_hd__a31oi_2)
     9    0.019695    0.098513    0.106176   17.293930 v _16935_/Y (sky130_fd_sc_hd__a31oi_2)
                                                         _07065_ (net)
                      0.098513    0.000000   17.293930 v _16986_/B (sky130_fd_sc_hd__or4b_2)
     3    0.007656    0.080310    0.392177   17.686108 v _16986_/X (sky130_fd_sc_hd__or4b_2)
                                                         _07116_ (net)
                      0.080310    0.000000   17.686108 v _16988_/C (sky130_fd_sc_hd__and3_2)
     3    0.007116    0.048762    0.157124   17.843231 v _16988_/X (sky130_fd_sc_hd__and3_2)
                                                         _07118_ (net)
                      0.048762    0.000000   17.843231 v _16991_/C (sky130_fd_sc_hd__or4_2)
     2    0.003704    0.068296    0.343460   18.186691 v _16991_/X (sky130_fd_sc_hd__or4_2)
                                                         _07121_ (net)
                      0.068296    0.000000   18.186691 v _17008_/C (sky130_fd_sc_hd__or4_2)
     3    0.008061    0.080031    0.366407   18.553099 v _17008_/X (sky130_fd_sc_hd__or4_2)
                                                         _07138_ (net)
                      0.080031    0.000000   18.553099 v _17030_/A1 (sky130_fd_sc_hd__a21o_2)
     3    0.008061    0.035358    0.144073   18.697172 v _17030_/X (sky130_fd_sc_hd__a21o_2)
                                                         _07160_ (net)
                      0.035358    0.000000   18.697172 v _17055_/A1 (sky130_fd_sc_hd__a21o_2)
     7    0.020269    0.055036    0.149763   18.846935 v _17055_/X (sky130_fd_sc_hd__a21o_2)
                                                         _07185_ (net)
                      0.055036    0.000000   18.846935 v _17060_/A1 (sky130_fd_sc_hd__a21oi_2)
    17    0.053169    0.471329    0.383427   19.230362 ^ _17060_/Y (sky130_fd_sc_hd__a21oi_2)
                                                         _07190_ (net)
                      0.471329    0.000000   19.230362 ^ _17109_/S (sky130_fd_sc_hd__mux2_1)
     6    0.023155    0.107490    0.259485   19.489847 v _17109_/X (sky130_fd_sc_hd__mux2_1)
                                                         _07239_ (net)
                      0.107490    0.000000   19.489847 v _17150_/B (sky130_fd_sc_hd__xnor2_2)
     1    0.001487    0.138528    0.102439   19.592285 v _17150_/Y (sky130_fd_sc_hd__xnor2_2)
                                                         _07280_ (net)
                      0.138528    0.000000   19.592285 v _17161_/B (sky130_fd_sc_hd__or4b_2)
     1    0.002119    0.063391    0.378478   19.970764 v _17161_/X (sky130_fd_sc_hd__or4b_2)
                                                         _07291_ (net)
                      0.063391    0.000000   19.970764 v _17163_/A4 (sky130_fd_sc_hd__o41a_2)
     2    0.006162    0.053011    0.233248   20.204012 v _17163_/X (sky130_fd_sc_hd__o41a_2)
                                                         _07293_ (net)
                      0.053011    0.000000   20.204012 v _17169_/A2 (sky130_fd_sc_hd__a21oi_2)
     4    0.010924    0.121345    0.136097   20.340109 ^ _17169_/Y (sky130_fd_sc_hd__a21oi_2)
                                                         _07299_ (net)
                      0.121345    0.000000   20.340109 ^ _17173_/A2 (sky130_fd_sc_hd__a21oi_2)
     3    0.012778    0.050927    0.060952   20.401060 v _17173_/Y (sky130_fd_sc_hd__a21oi_2)
                                                         _07303_ (net)
                      0.050927    0.000000   20.401060 v _17187_/A1 (sky130_fd_sc_hd__o311a_2)
     3    0.014263    0.064156    0.273698   20.674759 v _17187_/X (sky130_fd_sc_hd__o311a_2)
                                                         _07317_ (net)
                      0.064156    0.000000   20.674759 v _17193_/A2 (sky130_fd_sc_hd__o311a_2)
     8    0.021590    0.074827    0.279332   20.954090 v _17193_/X (sky130_fd_sc_hd__o311a_2)
                                                         _07323_ (net)
                      0.074827    0.000000   20.954090 v _17254_/B (sky130_fd_sc_hd__or3_2)
     4    0.012591    0.074866    0.296842   21.250933 v _17254_/X (sky130_fd_sc_hd__or3_2)
                                                         _07384_ (net)
                      0.074866    0.000000   21.250933 v _17258_/C (sky130_fd_sc_hd__and3_2)
     3    0.005288    0.042552    0.150562   21.401495 v _17258_/X (sky130_fd_sc_hd__and3_2)
                                                         _07388_ (net)
                      0.042552    0.000000   21.401495 v _17267_/B (sky130_fd_sc_hd__or4_2)
     2    0.003667    0.068106    0.364132   21.765627 v _17267_/X (sky130_fd_sc_hd__or4_2)
                                                         _07397_ (net)
                      0.068106    0.000000   21.765627 v _17284_/A (sky130_fd_sc_hd__or4_2)
     3    0.008089    0.080250    0.399847   22.165474 v _17284_/X (sky130_fd_sc_hd__or4_2)
                                                         _07414_ (net)
                      0.080250    0.000000   22.165474 v _17288_/A1 (sky130_fd_sc_hd__a211o_2)
     3    0.008089    0.045752    0.206581   22.372055 v _17288_/X (sky130_fd_sc_hd__a211o_2)
                                                         _07418_ (net)
                      0.045752    0.000000   22.372055 v _17293_/A1 (sky130_fd_sc_hd__a211o_2)
     2    0.003785    0.036296    0.182498   22.554552 v _17293_/X (sky130_fd_sc_hd__a211o_2)
                                                         _07423_ (net)
                      0.036296    0.000000   22.554552 v _17298_/A1 (sky130_fd_sc_hd__a21o_2)
     5    0.015418    0.047949    0.142855   22.697407 v _17298_/X (sky130_fd_sc_hd__a21o_2)
                                                         _07428_ (net)
                      0.047949    0.000000   22.697407 v _17315_/A1 (sky130_fd_sc_hd__a21oi_2)
    21    0.074373    0.647404    0.506231   23.203638 ^ _17315_/Y (sky130_fd_sc_hd__a21oi_2)
                                                         _07445_ (net)
                      0.647404    0.000000   23.203638 ^ _17357_/S (sky130_fd_sc_hd__mux2_1)
     4    0.017930    0.091945    0.236312   23.439951 v _17357_/X (sky130_fd_sc_hd__mux2_1)
                                                         _07487_ (net)
                      0.091945    0.000000   23.439951 v _17359_/B (sky130_fd_sc_hd__xnor2_2)
     2    0.010068    0.156570    0.116374   23.556326 v _17359_/Y (sky130_fd_sc_hd__xnor2_2)
                                                         _07489_ (net)
                      0.156570    0.000000   23.556326 v _17364_/A (sky130_fd_sc_hd__or2_2)
     2    0.002921    0.037509    0.208848   23.765173 v _17364_/X (sky130_fd_sc_hd__or2_2)
                                                         _07494_ (net)
                      0.037509    0.000000   23.765173 v _17394_/A (sky130_fd_sc_hd__or4_2)
     2    0.003842    0.068528    0.375364   24.140537 v _17394_/X (sky130_fd_sc_hd__or4_2)
                                                         _07524_ (net)
                      0.068528    0.000000   24.140537 v _17403_/A2 (sky130_fd_sc_hd__a41o_2)
     2    0.006430    0.036452    0.171877   24.312414 v _17403_/X (sky130_fd_sc_hd__a41o_2)
                                                         _07533_ (net)
                      0.036452    0.000000   24.312414 v _17426_/A2 (sky130_fd_sc_hd__a21o_2)
     2    0.003704    0.027154    0.132925   24.445339 v _17426_/X (sky130_fd_sc_hd__a21o_2)
                                                         _07556_ (net)
                      0.027154    0.000000   24.445339 v _17441_/A1 (sky130_fd_sc_hd__a311o_2)
     2    0.006626    0.047896    0.197236   24.642574 v _17441_/X (sky130_fd_sc_hd__a311o_2)
                                                         _07571_ (net)
                      0.047896    0.000000   24.642574 v _17444_/A1 (sky130_fd_sc_hd__a21o_2)
     2    0.008637    0.036362    0.133364   24.775938 v _17444_/X (sky130_fd_sc_hd__a21o_2)
                                                         _07574_ (net)
                      0.036362    0.000000   24.775938 v _17448_/A1 (sky130_fd_sc_hd__a21oi_2)
    23    0.085238    0.735921    0.564722   25.340660 ^ _17448_/Y (sky130_fd_sc_hd__a21oi_2)
                                                         _07578_ (net)
                      0.735921    0.000000   25.340660 ^ _17539_/S (sky130_fd_sc_hd__mux2_1)
     4    0.012053    0.074462    0.211415   25.552074 v _17539_/X (sky130_fd_sc_hd__mux2_1)
                                                         _07669_ (net)
                      0.074462    0.000000   25.552074 v _17541_/B (sky130_fd_sc_hd__and2_2)
     1    0.004145    0.037538    0.134404   25.686480 v _17541_/X (sky130_fd_sc_hd__and2_2)
                                                         _07671_ (net)
                      0.037538    0.000000   25.686480 v _17542_/B (sky130_fd_sc_hd__nor2_2)
     4    0.012455    0.120120    0.101078   25.787558 ^ _17542_/Y (sky130_fd_sc_hd__nor2_2)
                                                         _07672_ (net)
                      0.120120    0.000000   25.787558 ^ _17547_/A (sky130_fd_sc_hd__and2_2)
     2    0.006292    0.039455    0.108800   25.896358 ^ _17547_/X (sky130_fd_sc_hd__and2_2)
                                                         _07677_ (net)
                      0.039455    0.000000   25.896358 ^ _17558_/C_N (sky130_fd_sc_hd__or4bb_2)
     2    0.003285    0.063156    0.338583   26.234940 v _17558_/X (sky130_fd_sc_hd__or4bb_2)
                                                         _07688_ (net)
                      0.063156    0.000000   26.234940 v _17583_/C (sky130_fd_sc_hd__or4_2)
     1    0.004247    0.069963    0.350065   26.585005 v _17583_/X (sky130_fd_sc_hd__or4_2)
                                                         _07713_ (net)
                      0.069963    0.000000   26.585005 v _17590_/A1 (sky130_fd_sc_hd__a211oi_2)
    25    0.085954    1.026446    0.795847   27.380852 ^ _17590_/Y (sky130_fd_sc_hd__a211oi_2)
                                                         _07720_ (net)
                      1.026446    0.000000   27.380852 ^ _17600_/S (sky130_fd_sc_hd__mux2_1)
     3    0.009925    0.067233    0.180604   27.561457 v _17600_/X (sky130_fd_sc_hd__mux2_1)
                                                         _07730_ (net)
                      0.067233    0.000000   27.561457 v _17602_/B (sky130_fd_sc_hd__and2_2)
     3    0.007179    0.049328    0.138535   27.699991 v _17602_/X (sky130_fd_sc_hd__and2_2)
                                                         _07732_ (net)
                      0.049328    0.000000   27.699991 v _17604_/A (sky130_fd_sc_hd__or2_2)
     4    0.013476    0.059640    0.204436   27.904427 v _17604_/X (sky130_fd_sc_hd__or2_2)
                                                         _07734_ (net)
                      0.059640    0.000000   27.904427 v _17655_/A (sky130_fd_sc_hd__or4_2)
     1    0.002325    0.063857    0.372662   28.277088 v _17655_/X (sky130_fd_sc_hd__or4_2)
                                                         _07785_ (net)
                      0.063857    0.000000   28.277088 v _17656_/C1 (sky130_fd_sc_hd__o311a_2)
     3    0.008369    0.052767    0.093461   28.370550 v _17656_/X (sky130_fd_sc_hd__o311a_2)
                                                         _07786_ (net)
                      0.052767    0.000000   28.370550 v _17682_/A2 (sky130_fd_sc_hd__a21o_2)
     3    0.008888    0.036820    0.151815   28.522364 v _17682_/X (sky130_fd_sc_hd__a21o_2)
                                                         _07812_ (net)
                      0.036820    0.000000   28.522364 v _17737_/A1 (sky130_fd_sc_hd__a21o_2)
     1    0.004282    0.028497    0.119442   28.641806 v _17737_/X (sky130_fd_sc_hd__a21o_2)
                                                         _07867_ (net)
                      0.028497    0.000000   28.641806 v _17745_/A1 (sky130_fd_sc_hd__a21oi_2)
    24    0.087674    0.755118    0.575383   29.217190 ^ _17745_/Y (sky130_fd_sc_hd__a21oi_2)
                                                         _07875_ (net)
                      0.755118    0.000000   29.217190 ^ _17784_/S (sky130_fd_sc_hd__mux2_1)
     3    0.010974    0.071140    0.206581   29.423771 v _17784_/X (sky130_fd_sc_hd__mux2_1)
                                                         _07914_ (net)
                      0.071140    0.000000   29.423771 v _17786_/B (sky130_fd_sc_hd__xnor2_2)
     2    0.005826    0.184791    0.098760   29.522532 v _17786_/Y (sky130_fd_sc_hd__xnor2_2)
                                                         _07916_ (net)
                      0.184791    0.000000   29.522532 v _17789_/A (sky130_fd_sc_hd__or2_2)
     4    0.013155    0.059119    0.248010   29.770540 v _17789_/X (sky130_fd_sc_hd__or2_2)
                                                         _07919_ (net)
                      0.059119    0.000000   29.770540 v _17812_/A2 (sky130_fd_sc_hd__a2111o_2)
     2    0.003759    0.045707    0.287969   30.058510 v _17812_/X (sky130_fd_sc_hd__a2111o_2)
                                                         _07942_ (net)
                      0.045707    0.000000   30.058510 v _17843_/A1 (sky130_fd_sc_hd__a211o_2)
     2    0.008684    0.046969    0.195865   30.254374 v _17843_/X (sky130_fd_sc_hd__a211o_2)
                                                         _07973_ (net)
                      0.046969    0.000000   30.254374 v _17849_/B (sky130_fd_sc_hd__nand3b_2)
     4    0.013852    0.088609    0.083979   30.338352 ^ _17849_/Y (sky130_fd_sc_hd__nand3b_2)
                                                         _07979_ (net)
                      0.088609    0.000000   30.338352 ^ _17873_/A (sky130_fd_sc_hd__nand3_2)
     4    0.012343    0.064687    0.064063   30.402416 v _17873_/Y (sky130_fd_sc_hd__nand3_2)
                                                         _08003_ (net)
                      0.064687    0.000000   30.402416 v _17904_/A1 (sky130_fd_sc_hd__a21o_2)
     6    0.015598    0.048240    0.153744   30.556160 v _17904_/X (sky130_fd_sc_hd__a21o_2)
                                                         _08034_ (net)
                      0.048240    0.000000   30.556160 v _17909_/A1 (sky130_fd_sc_hd__a21oi_2)
    18    0.059842    0.526746    0.420400   30.976559 ^ _17909_/Y (sky130_fd_sc_hd__a21oi_2)
                                                         _08039_ (net)
                      0.526746    0.000000   30.976559 ^ _17930_/S (sky130_fd_sc_hd__mux2_1)
     4    0.018270    0.093071    0.242327   31.218885 v _17930_/X (sky130_fd_sc_hd__mux2_1)
                                                         _08060_ (net)
                      0.093071    0.000000   31.218885 v _17933_/B (sky130_fd_sc_hd__xnor2_2)
     4    0.013353    0.164326    0.123531   31.342417 v _17933_/Y (sky130_fd_sc_hd__xnor2_2)
                                                         _08063_ (net)
                      0.164326    0.000000   31.342417 v _17961_/A (sky130_fd_sc_hd__or4_2)
     1    0.002147    0.063194    0.399574   31.741991 v _17961_/X (sky130_fd_sc_hd__or4_2)
                                                         _08091_ (net)
                      0.063194    0.000000   31.741991 v _17966_/A3 (sky130_fd_sc_hd__o31a_2)
     6    0.015031    0.060906    0.208459   31.950451 v _17966_/X (sky130_fd_sc_hd__o31a_2)
                                                         _08096_ (net)
                      0.060906    0.000000   31.950451 v _18084_/A2 (sky130_fd_sc_hd__a211o_2)
     2    0.006566    0.042587    0.219625   32.170074 v _18084_/X (sky130_fd_sc_hd__a211o_2)
                                                         _08214_ (net)
                      0.042587    0.000000   32.170074 v _18086_/A1 (sky130_fd_sc_hd__a21oi_2)
    26    0.085183    0.736189    0.567304   32.737381 ^ _18086_/Y (sky130_fd_sc_hd__a21oi_2)
                                                         _08216_ (net)
                      0.736189    0.000000   32.737381 ^ _18177_/S (sky130_fd_sc_hd__mux2_1)
     4    0.015955    0.086107    0.223324   32.960705 v _18177_/X (sky130_fd_sc_hd__mux2_1)
                                                         _08307_ (net)
                      0.086107    0.000000   32.960705 v _18178_/B (sky130_fd_sc_hd__xnor2_2)
     2    0.009819    0.136477    0.113552   33.074257 v _18178_/Y (sky130_fd_sc_hd__xnor2_2)
                                                         _08308_ (net)
                      0.136477    0.000000   33.074257 v _18179_/C (sky130_fd_sc_hd__and3_2)
     2    0.003799    0.030654    0.171926   33.246181 v _18179_/X (sky130_fd_sc_hd__and3_2)
                                                         _08309_ (net)
                      0.030654    0.000000   33.246181 v _18188_/A (sky130_fd_sc_hd__and3_2)
     1    0.002207    0.027156    0.101334   33.347515 v _18188_/X (sky130_fd_sc_hd__and3_2)
                                                         _08318_ (net)
                      0.027156    0.000000   33.347515 v _18193_/A2 (sky130_fd_sc_hd__a21o_2)
     5    0.016602    0.049599    0.158327   33.505844 v _18193_/X (sky130_fd_sc_hd__a21o_2)
                                                         _08323_ (net)
                      0.049599    0.000000   33.505844 v _18198_/A1 (sky130_fd_sc_hd__a21o_2)
     4    0.014734    0.046907    0.146834   33.652676 v _18198_/X (sky130_fd_sc_hd__a21o_2)
                                                         _08328_ (net)
                      0.046907    0.000000   33.652676 v _18204_/A2 (sky130_fd_sc_hd__a21bo_2)
     4    0.017095    0.050455    0.167642   33.820316 v _18204_/X (sky130_fd_sc_hd__a21bo_2)
                                                         _08334_ (net)
                      0.050455    0.000000   33.820316 v _18259_/A1 (sky130_fd_sc_hd__a21o_2)
    29    0.092869    0.160892    0.249749   34.070068 v _18259_/X (sky130_fd_sc_hd__a21o_2)
                                                         _08389_ (net)
                      0.160892    0.000000   34.070068 v _18284_/B (sky130_fd_sc_hd__or2_2)
     3    0.010891    0.054363    0.226272   34.296341 v _18284_/X (sky130_fd_sc_hd__or2_2)
                                                         _08414_ (net)
                      0.054363    0.000000   34.296341 v _18286_/B (sky130_fd_sc_hd__nand3_2)
     7    0.023285    0.166694    0.107089   34.403427 ^ _18286_/Y (sky130_fd_sc_hd__nand3_2)
                                                         _08416_ (net)
                      0.166694    0.000000   34.403427 ^ _18289_/B (sky130_fd_sc_hd__and3b_2)
     1    0.001592    0.025273    0.116675   34.520103 ^ _18289_/X (sky130_fd_sc_hd__and3b_2)
                                                         _08419_ (net)
                      0.025273    0.000000   34.520103 ^ _18290_/D_N (sky130_fd_sc_hd__or4b_2)
     3    0.007183    0.079045    0.337440   34.857544 v _18290_/X (sky130_fd_sc_hd__or4b_2)
                                                         _08420_ (net)
                      0.079045    0.000000   34.857544 v _18446_/A (sky130_fd_sc_hd__or3b_2)
     2    0.006504    0.060949    0.288864   35.146408 v _18446_/X (sky130_fd_sc_hd__or3b_2)
                                                         _08576_ (net)
                      0.060949    0.000000   35.146408 v _18448_/B1 (sky130_fd_sc_hd__a21o_2)
    12    0.031125    0.070922    0.138886   35.285294 v _18448_/X (sky130_fd_sc_hd__a21o_2)
                                                         _08578_ (net)
                      0.070922    0.000000   35.285294 v _18454_/A (sky130_fd_sc_hd__nand2_2)
    28    0.093581    0.362437    0.285954   35.571247 ^ _18454_/Y (sky130_fd_sc_hd__nand2_2)
                                                         _08584_ (net)
                      0.362437    0.000000   35.571247 ^ _18498_/S (sky130_fd_sc_hd__mux2_1)
     3    0.010848    0.070877    0.226553   35.797802 v _18498_/X (sky130_fd_sc_hd__mux2_1)
                                                         _08628_ (net)
                      0.070877    0.000000   35.797802 v _18500_/B (sky130_fd_sc_hd__xnor2_2)
     3    0.007897    0.124282    0.103338   35.901138 v _18500_/Y (sky130_fd_sc_hd__xnor2_2)
                                                         _08630_ (net)
                      0.124282    0.000000   35.901138 v _18501_/C (sky130_fd_sc_hd__or3_2)
     1    0.001308    0.045872    0.247557   36.148697 v _18501_/X (sky130_fd_sc_hd__or3_2)
                                                         _08631_ (net)
                      0.045872    0.000000   36.148697 v _18502_/D (sky130_fd_sc_hd__or4_2)
     2    0.003738    0.068197    0.299995   36.448692 v _18502_/X (sky130_fd_sc_hd__or4_2)
                                                         _08632_ (net)
                      0.068197    0.000000   36.448692 v _18507_/C (sky130_fd_sc_hd__or4b_2)
     2    0.006504    0.077191    0.361407   36.810097 v _18507_/X (sky130_fd_sc_hd__or4b_2)
                                                         _08637_ (net)
                      0.077191    0.000000   36.810097 v _18648_/B1 (sky130_fd_sc_hd__a21o_2)
    14    0.031376    0.071290    0.145853   36.955952 v _18648_/X (sky130_fd_sc_hd__a21o_2)
                                                         _08778_ (net)
                      0.071290    0.000000   36.955952 v _18657_/A (sky130_fd_sc_hd__nand2_2)
    22    0.073269    0.287427    0.233381   37.189331 ^ _18657_/Y (sky130_fd_sc_hd__nand2_2)
                                                         _08787_ (net)
                      0.287427    0.000000   37.189331 ^ _18757_/S (sky130_fd_sc_hd__mux2_1)
     4    0.014131    0.080643    0.239638   37.428970 v _18757_/X (sky130_fd_sc_hd__mux2_1)
                                                         _08887_ (net)
                      0.080643    0.000000   37.428970 v _18758_/B (sky130_fd_sc_hd__xnor2_2)
     3    0.007175    0.145815    0.105562   37.534531 v _18758_/Y (sky130_fd_sc_hd__xnor2_2)
                                                         _08888_ (net)
                      0.145815    0.000000   37.534531 v _18765_/C (sky130_fd_sc_hd__or4_2)
     3    0.007631    0.079131    0.388248   37.922779 v _18765_/X (sky130_fd_sc_hd__or4_2)
                                                         _08895_ (net)
                      0.079131    0.000000   37.922779 v _18857_/C (sky130_fd_sc_hd__or3_2)
     3    0.008620    0.065262    0.260805   38.183582 v _18857_/X (sky130_fd_sc_hd__or3_2)
                                                         _08987_ (net)
                      0.065262    0.000000   38.183582 v _18878_/B1 (sky130_fd_sc_hd__a311o_2)
     5    0.010588    0.056166    0.167674   38.351257 v _18878_/X (sky130_fd_sc_hd__a311o_2)
                                                         _09008_ (net)
                      0.056166    0.000000   38.351257 v _18957_/A3 (sky130_fd_sc_hd__a31o_2)
     3    0.008409    0.039123    0.173568   38.524826 v _18957_/X (sky130_fd_sc_hd__a31o_2)
                                                         _09087_ (net)
                      0.039123    0.000000   38.524826 v _18958_/C (sky130_fd_sc_hd__and3_2)
     4    0.012259    0.058431    0.152507   38.677334 v _18958_/X (sky130_fd_sc_hd__and3_2)
                                                         _09088_ (net)
                      0.058431    0.000000   38.677334 v _18970_/A (sky130_fd_sc_hd__or4_2)
     2    0.005684    0.073920    0.388127   39.065460 v _18970_/X (sky130_fd_sc_hd__or4_2)
                                                         _09100_ (net)
                      0.073920    0.000000   39.065460 v _18989_/A1 (sky130_fd_sc_hd__o311ai_2)
     2    0.009338    0.225811    0.248640   39.314098 ^ _18989_/Y (sky130_fd_sc_hd__o311ai_2)
                                                         _09119_ (net)
                      0.225811    0.000000   39.314098 ^ _18990_/A2 (sky130_fd_sc_hd__a211oi_2)
     3    0.008448    0.069527    0.070781   39.384880 v _18990_/Y (sky130_fd_sc_hd__a211oi_2)
                                                         _09120_ (net)
                      0.069527    0.000000   39.384880 v _19017_/A2 (sky130_fd_sc_hd__a2111o_2)
     3    0.008323    0.056334    0.306606   39.691486 v _19017_/X (sky130_fd_sc_hd__a2111o_2)
                                                         _09147_ (net)
                      0.056334    0.000000   39.691486 v _19018_/A2 (sky130_fd_sc_hd__a21o_2)
     4    0.012343    0.042919    0.161013   39.852501 v _19018_/X (sky130_fd_sc_hd__a21o_2)
                                                         _09148_ (net)
                      0.042919    0.000000   39.852501 v _19054_/A1 (sky130_fd_sc_hd__a21o_2)
    13    0.032906    0.073521    0.171511   40.024010 v _19054_/X (sky130_fd_sc_hd__a21o_2)
                                                         _09184_ (net)
                      0.073521    0.000000   40.024010 v _19103_/A1 (sky130_fd_sc_hd__a211o_2)
     3    0.005250    0.039861    0.197016   40.221027 v _19103_/X (sky130_fd_sc_hd__a211o_2)
                                                         _09233_ (net)
                      0.039861    0.000000   40.221027 v _19105_/C (sky130_fd_sc_hd__and3_2)
     3    0.005327    0.045155    0.136538   40.357563 v _19105_/X (sky130_fd_sc_hd__and3_2)
                                                         _09235_ (net)
                      0.045155    0.000000   40.357563 v _19108_/C (sky130_fd_sc_hd__or4b_2)
     2    0.008334    0.082235    0.362611   40.720177 v _19108_/X (sky130_fd_sc_hd__or4b_2)
                                                         _09238_ (net)
                      0.082235    0.000000   40.720177 v _19166_/A (sky130_fd_sc_hd__nor4_2)
     1    0.002516    0.127650    0.180005   40.900181 ^ _19166_/Y (sky130_fd_sc_hd__nor4_2)
                                                         _09296_ (net)
                      0.127650    0.000000   40.900181 ^ _19173_/A2 (sky130_fd_sc_hd__a221o_2)
     4    0.018539    0.080481    0.143682   41.043861 ^ _19173_/X (sky130_fd_sc_hd__a221o_2)
                                                         _09303_ (net)
                      0.080481    0.000000   41.043861 ^ _19202_/A1 (sky130_fd_sc_hd__a221o_2)
     4    0.020598    0.088166    0.137845   41.181709 ^ _19202_/X (sky130_fd_sc_hd__a221o_2)
                                                         _09332_ (net)
                      0.088166    0.000000   41.181709 ^ _19233_/A1 (sky130_fd_sc_hd__a41o_2)
     8    0.039053    0.146680    0.198817   41.380524 ^ _19233_/X (sky130_fd_sc_hd__a41o_2)
                                                         _09363_ (net)
                      0.146680    0.000000   41.380524 ^ _19267_/A1 (sky130_fd_sc_hd__a21o_2)
    26    0.094466    0.356484    0.319854   41.700378 ^ _19267_/X (sky130_fd_sc_hd__a21o_2)
                                                         _09397_ (net)
                      0.356484    0.000000   41.700378 ^ _19322_/S (sky130_fd_sc_hd__mux2_1)
     3    0.009925    0.067340    0.222929   41.923309 v _19322_/X (sky130_fd_sc_hd__mux2_1)
                                                         _09452_ (net)
                      0.067340    0.000000   41.923309 v _19325_/B (sky130_fd_sc_hd__and2_2)
     1    0.001395    0.032897    0.122654   42.045963 v _19325_/X (sky130_fd_sc_hd__and2_2)
                                                         _09455_ (net)
                      0.032897    0.000000   42.045963 v _19326_/B (sky130_fd_sc_hd__or2_2)
     4    0.013983    0.060607    0.187896   42.233860 v _19326_/X (sky130_fd_sc_hd__or2_2)
                                                         _09456_ (net)
                      0.060607    0.000000   42.233860 v _19327_/D (sky130_fd_sc_hd__or4_2)
     2    0.003729    0.068224    0.303832   42.537689 v _19327_/X (sky130_fd_sc_hd__or4_2)
                                                         _09457_ (net)
                      0.068224    0.000000   42.537689 v _19355_/C (sky130_fd_sc_hd__or4_2)
     4    0.010439    0.086573    0.375270   42.912960 v _19355_/X (sky130_fd_sc_hd__or4_2)
                                                         _09485_ (net)
                      0.086573    0.000000   42.912960 v _19417_/A1 (sky130_fd_sc_hd__a2111o_2)
     3    0.008155    0.056041    0.281545   43.194504 v _19417_/X (sky130_fd_sc_hd__a2111o_2)
                                                         _09547_ (net)
                      0.056041    0.000000   43.194504 v _19448_/A1 (sky130_fd_sc_hd__a2111o_2)
     7    0.017739    0.075382    0.295206   43.489712 v _19448_/X (sky130_fd_sc_hd__a2111o_2)
                                                         _09578_ (net)
                      0.075382    0.000000   43.489712 v _19461_/A (sky130_fd_sc_hd__nand2_2)
    26    0.092928    0.359942    0.286022   43.775734 ^ _19461_/Y (sky130_fd_sc_hd__nand2_2)
                                                         _09591_ (net)
                      0.359942    0.000000   43.775734 ^ _19507_/S (sky130_fd_sc_hd__mux2_1)
     4    0.017947    0.092023    0.248225   44.023956 v _19507_/X (sky130_fd_sc_hd__mux2_1)
                                                         _09637_ (net)
                      0.092023    0.000000   44.023956 v _19510_/B (sky130_fd_sc_hd__xnor2_2)
     3    0.011483    0.194404    0.119297   44.143253 v _19510_/Y (sky130_fd_sc_hd__xnor2_2)
                                                         _09640_ (net)
                      0.194404    0.000000   44.143253 v _19528_/A (sky130_fd_sc_hd__or4_2)
     1    0.002261    0.063611    0.407887   44.551140 v _19528_/X (sky130_fd_sc_hd__or4_2)
                                                         _09658_ (net)
                      0.063611    0.000000   44.551140 v _19529_/B1 (sky130_fd_sc_hd__a211o_2)
     3    0.008155    0.045872    0.162544   44.713684 v _19529_/X (sky130_fd_sc_hd__a211o_2)
                                                         _09659_ (net)
                      0.045872    0.000000   44.713684 v _19562_/A1 (sky130_fd_sc_hd__a2111o_2)
     4    0.010439    0.061041    0.273946   44.987633 v _19562_/X (sky130_fd_sc_hd__a2111o_2)
                                                         _09692_ (net)
                      0.061041    0.000000   44.987633 v _19596_/A1 (sky130_fd_sc_hd__a2111o_2)
     3    0.010920    0.062098    0.280480   45.268112 v _19596_/X (sky130_fd_sc_hd__a2111o_2)
                                                         _09726_ (net)
                      0.062098    0.000000   45.268112 v _19631_/A1 (sky130_fd_sc_hd__a21bo_2)
     3    0.008775    0.037076    0.141423   45.409534 v _19631_/X (sky130_fd_sc_hd__a21bo_2)
                                                         _09761_ (net)
                      0.037076    0.000000   45.409534 v _19642_/A1 (sky130_fd_sc_hd__a21o_2)
    11    0.028326    0.066821    0.162466   45.571999 v _19642_/X (sky130_fd_sc_hd__a21o_2)
                                                         _09772_ (net)
                      0.066821    0.000000   45.571999 v _19690_/A1 (sky130_fd_sc_hd__a211o_2)
     3    0.008409    0.046416    0.202629   45.774628 v _19690_/X (sky130_fd_sc_hd__a211o_2)
                                                         _09820_ (net)
                      0.046416    0.000000   45.774628 v _19692_/C (sky130_fd_sc_hd__and3_2)
     3    0.007276    0.050402    0.143586   45.918213 v _19692_/X (sky130_fd_sc_hd__and3_2)
                                                         _09822_ (net)
                      0.050402    0.000000   45.918213 v _19701_/B (sky130_fd_sc_hd__or4_2)
     2    0.002860    0.065312    0.361723   46.279938 v _19701_/X (sky130_fd_sc_hd__or4_2)
                                                         _09831_ (net)
                      0.065312    0.000000   46.279938 v _19719_/C (sky130_fd_sc_hd__or4_2)
     5    0.018285    0.104565    0.399030   46.678967 v _19719_/X (sky130_fd_sc_hd__or4_2)
                                                         _09849_ (net)
                      0.104565    0.000000   46.678967 v _19723_/B1 (sky130_fd_sc_hd__o2111ai_2)
     5    0.017705    0.222836    0.125741   46.804710 ^ _19723_/Y (sky130_fd_sc_hd__o2111ai_2)
                                                         _09853_ (net)
                      0.222836    0.000000   46.804710 ^ _19783_/A (sky130_fd_sc_hd__nand3_2)
     5    0.015110    0.099030    0.088669   46.893379 v _19783_/Y (sky130_fd_sc_hd__nand3_2)
                                                         _09913_ (net)
                      0.099030    0.000000   46.893379 v _19852_/A1 (sky130_fd_sc_hd__a2111o_2)
     7    0.016456    0.073069    0.307725   47.201103 v _19852_/X (sky130_fd_sc_hd__a2111o_2)
                                                         _09982_ (net)
                      0.073069    0.000000   47.201103 v _19881_/A (sky130_fd_sc_hd__nand2_2)
    22    0.083629    0.325609    0.260979   47.462082 ^ _19881_/Y (sky130_fd_sc_hd__nand2_2)
                                                         _10011_ (net)
                      0.325609    0.000000   47.462082 ^ _19942_/S (sky130_fd_sc_hd__mux2_1)
     4    0.015854    0.085786    0.243286   47.705368 v _19942_/X (sky130_fd_sc_hd__mux2_1)
                                                         _10072_ (net)
                      0.085786    0.000000   47.705368 v _19943_/B (sky130_fd_sc_hd__xnor2_2)
     4    0.014466    0.207976    0.122906   47.828274 v _19943_/Y (sky130_fd_sc_hd__xnor2_2)
                                                         _10073_ (net)
                      0.207976    0.000000   47.828274 v _19954_/B (sky130_fd_sc_hd__or4_2)
     2    0.006086    0.075132    0.420499   48.248772 v _19954_/X (sky130_fd_sc_hd__or4_2)
                                                         _10084_ (net)
                      0.075132    0.000000   48.248772 v _19958_/A3 (sky130_fd_sc_hd__o31a_2)
     2    0.012386    0.056410    0.206736   48.455509 v _19958_/X (sky130_fd_sc_hd__o31a_2)
                                                         _10088_ (net)
                      0.056410    0.000000   48.455509 v _20023_/A1 (sky130_fd_sc_hd__o2111ai_2)
     6    0.020018    0.240947    0.227988   48.683498 ^ _20023_/Y (sky130_fd_sc_hd__o2111ai_2)
                                                         _10153_ (net)
                      0.240947    0.000000   48.683498 ^ _20056_/B (sky130_fd_sc_hd__nand3_2)
     6    0.013510    0.091631    0.091450   48.774948 v _20056_/Y (sky130_fd_sc_hd__nand3_2)
                                                         _10186_ (net)
                      0.091631    0.000000   48.774948 v _20091_/A (sky130_fd_sc_hd__nand2_2)
    24    0.088904    0.345008    0.282018   49.056965 ^ _20091_/Y (sky130_fd_sc_hd__nand2_2)
                                                         _10221_ (net)
                      0.345008    0.000000   49.056965 ^ _20128_/S (sky130_fd_sc_hd__mux2_1)
     4    0.015383    0.084374    0.241052   49.298019 v _20128_/X (sky130_fd_sc_hd__mux2_1)
                                                         _10258_ (net)
                      0.084374    0.000000   49.298019 v _20131_/B (sky130_fd_sc_hd__xnor2_2)
     2    0.010063    0.188566    0.113360   49.411377 v _20131_/Y (sky130_fd_sc_hd__xnor2_2)
                                                         _10261_ (net)
                      0.188566    0.000000   49.411377 v _20136_/A (sky130_fd_sc_hd__and2_2)
     2    0.003756    0.029705    0.164743   49.576122 v _20136_/X (sky130_fd_sc_hd__and2_2)
                                                         _10266_ (net)
                      0.029705    0.000000   49.576122 v _20151_/A (sky130_fd_sc_hd__and3_2)
     2    0.006404    0.035435    0.112546   49.688667 v _20151_/X (sky130_fd_sc_hd__and3_2)
                                                         _10281_ (net)
                      0.035435    0.000000   49.688667 v _20156_/A3 (sky130_fd_sc_hd__a31o_2)
     3    0.012820    0.047003    0.176364   49.865032 v _20156_/X (sky130_fd_sc_hd__a31o_2)
                                                         _10286_ (net)
                      0.047003    0.000000   49.865032 v _20217_/A1 (sky130_fd_sc_hd__a221o_2)
     8    0.027427    0.076426    0.236984   50.102016 v _20217_/X (sky130_fd_sc_hd__a221o_2)
                                                         _10353_ (net)
                      0.076426    0.000000   50.102016 v _20303_/A1 (sky130_fd_sc_hd__a21o_2)
    24    0.075077    0.135031    0.237950   50.339966 v _20303_/X (sky130_fd_sc_hd__a21o_2)
                                                         _10448_ (net)
                      0.135031    0.000000   50.339966 v _20359_/S (sky130_fd_sc_hd__mux2_1)
     3    0.007217    0.056665    0.232081   50.572044 v _20359_/X (sky130_fd_sc_hd__mux2_1)
                                                         _10509_ (net)
                      0.056665    0.000000   50.572044 v _20361_/B (sky130_fd_sc_hd__and2_2)
     2    0.005540    0.046926    0.130498   50.702545 v _20361_/X (sky130_fd_sc_hd__and2_2)
                                                         _10512_ (net)
                      0.046926    0.000000   50.702545 v _20362_/B (sky130_fd_sc_hd__nor2_2)
     2    0.010639    0.105692    0.094559   50.797104 ^ _20362_/Y (sky130_fd_sc_hd__nor2_2)
                                                         _10513_ (net)
                      0.105692    0.000000   50.797104 ^ _20363_/C_N (sky130_fd_sc_hd__or3b_2)
     1    0.001308    0.046066    0.243201   51.040302 v _20363_/X (sky130_fd_sc_hd__or3b_2)
                                                         _10514_ (net)
                      0.046066    0.000000   51.040302 v _20364_/D (sky130_fd_sc_hd__or4_2)
     5    0.012723    0.092550    0.335064   51.375366 v _20364_/X (sky130_fd_sc_hd__or4_2)
                                                         _10515_ (net)
                      0.092550    0.000000   51.375366 v _20427_/A1 (sky130_fd_sc_hd__a2111o_2)
     5    0.017108    0.074097    0.306720   51.682087 v _20427_/X (sky130_fd_sc_hd__a2111o_2)
                                                         _10584_ (net)
                      0.074097    0.000000   51.682087 v _20484_/A1 (sky130_fd_sc_hd__a2111oi_2)
    11    0.025976    0.562568    0.473420   52.155510 ^ _20484_/Y (sky130_fd_sc_hd__a2111oi_2)
                                                         _10647_ (net)
                      0.562568    0.000000   52.155510 ^ _20523_/A (sky130_fd_sc_hd__nor2_2)
    11    0.032391    0.154099    0.095280   52.250790 v _20523_/Y (sky130_fd_sc_hd__nor2_2)
                                                         _10690_ (net)
                      0.154099    0.000000   52.250790 v _20553_/A1 (sky130_fd_sc_hd__o31a_2)
     4    0.015987    0.062109    0.278419   52.529209 v _20553_/X (sky130_fd_sc_hd__o31a_2)
                                                         _10723_ (net)
                      0.062109    0.000000   52.529209 v _20554_/B (sky130_fd_sc_hd__xnor2_2)
     3    0.007175    0.146415    0.098247   52.627453 v _20554_/Y (sky130_fd_sc_hd__xnor2_2)
                                                         _10724_ (net)
                      0.146415    0.000000   52.627453 v _20560_/C (sky130_fd_sc_hd__or4_2)
     2    0.002808    0.065410    0.367752   52.995205 v _20560_/X (sky130_fd_sc_hd__or4_2)
                                                         _10730_ (net)
                      0.065410    0.000000   52.995205 v _20595_/C (sky130_fd_sc_hd__or4_2)
     2    0.003770    0.068384    0.348290   53.343498 v _20595_/X (sky130_fd_sc_hd__or4_2)
                                                         _10769_ (net)
                      0.068384    0.000000   53.343498 v _20675_/A1 (sky130_fd_sc_hd__o221a_2)
     3    0.006004    0.038944    0.188567   53.532063 v _20675_/X (sky130_fd_sc_hd__o221a_2)
                                                         _10857_ (net)
                      0.038944    0.000000   53.532063 v _20704_/A2 (sky130_fd_sc_hd__a211o_2)
    10    0.025180    0.074708    0.253031   53.785095 v _20704_/X (sky130_fd_sc_hd__a211o_2)
                                                         _10889_ (net)
                      0.074708    0.000000   53.785095 v _20765_/A (sky130_fd_sc_hd__nand2_2)
    28    0.100496    0.387989    0.305388   54.090485 ^ _20765_/Y (sky130_fd_sc_hd__nand2_2)
                                                         _10956_ (net)
                      0.387989    0.000000   54.090485 ^ _20908_/S (sky130_fd_sc_hd__mux2_1)
     4    0.016474    0.087644    0.242590   54.333073 v _20908_/X (sky130_fd_sc_hd__mux2_1)
                                                         _11113_ (net)
                      0.087644    0.000000   54.333073 v _20909_/B (sky130_fd_sc_hd__xnor2_2)
     4    0.016395    0.158659    0.127582   54.460655 v _20909_/Y (sky130_fd_sc_hd__xnor2_2)
                                                         _11114_ (net)
                      0.158659    0.000000   54.460655 v _20923_/B (sky130_fd_sc_hd__or4_2)
     2    0.003848    0.068565    0.396962   54.857616 v _20923_/X (sky130_fd_sc_hd__or4_2)
                                                         _11129_ (net)
                      0.068565    0.000000   54.857616 v _20956_/A (sky130_fd_sc_hd__or3_2)
     2    0.006086    0.059467    0.288050   55.145668 v _20956_/X (sky130_fd_sc_hd__or3_2)
                                                         _11165_ (net)
                      0.059467    0.000000   55.145668 v _20966_/A3 (sky130_fd_sc_hd__o31ai_2)
     6    0.029795    0.455020    0.365208   55.510876 ^ _20966_/Y (sky130_fd_sc_hd__o31ai_2)
                                                         _11176_ (net)
                      0.455020    0.000000   55.510876 ^ _20973_/A1 (sky130_fd_sc_hd__a21o_2)
    27    0.105156    0.396392    0.351196   55.862072 ^ _20973_/X (sky130_fd_sc_hd__a21o_2)
                                                         _11184_ (net)
                      0.396392    0.000000   55.862072 ^ _20982_/B2 (sky130_fd_sc_hd__a22oi_2)
     1    0.008002    0.093640    0.043524   55.905598 v _20982_/Y (sky130_fd_sc_hd__a22oi_2)
                                                         _11194_ (net)
                      0.093640    0.000000   55.905598 v _20986_/B (sky130_fd_sc_hd__xnor2_2)
     2    0.010149    0.201857    0.117211   56.022808 v _20986_/Y (sky130_fd_sc_hd__xnor2_2)
                                                         _11198_ (net)
                      0.201857    0.000000   56.022808 v _20987_/A3 (sky130_fd_sc_hd__o31a_2)
     2    0.010555    0.057536    0.250779   56.273586 v _20987_/X (sky130_fd_sc_hd__o31a_2)
                                                         _11199_ (net)
                      0.057536    0.000000   56.273586 v _20989_/A1 (sky130_fd_sc_hd__o21ba_2)
     3    0.009927    0.039020    0.153427   56.427013 v _20989_/X (sky130_fd_sc_hd__o21ba_2)
                                                         _11201_ (net)
                      0.039020    0.000000   56.427013 v _20999_/A1 (sky130_fd_sc_hd__o22ai_2)
     3    0.008564    0.117130    0.127923   56.554935 ^ _20999_/Y (sky130_fd_sc_hd__o22ai_2)
                                                         _11212_ (net)
                      0.117130    0.000000   56.554935 ^ _21030_/A1 (sky130_fd_sc_hd__a41o_2)
     4    0.021025    0.086603    0.160849   56.715786 ^ _21030_/X (sky130_fd_sc_hd__a41o_2)
                                                         _11245_ (net)
                      0.086603    0.000000   56.715786 ^ _21062_/A1 (sky130_fd_sc_hd__a221o_2)
     5    0.025044    0.104511    0.150923   56.866707 ^ _21062_/X (sky130_fd_sc_hd__a221o_2)
                                                         _11280_ (net)
                      0.104511    0.000000   56.866707 ^ _21132_/A1 (sky130_fd_sc_hd__a41o_2)
     5    0.025214    0.101390    0.168299   57.035007 ^ _21132_/X (sky130_fd_sc_hd__a41o_2)
                                                         _11356_ (net)
                      0.101390    0.000000   57.035007 ^ _21197_/A1 (sky130_fd_sc_hd__a21o_2)
    29    0.097362    0.367005    0.321755   57.356762 ^ _21197_/X (sky130_fd_sc_hd__a21o_2)
                                                         _11426_ (net)
                      0.367005    0.000000   57.356762 ^ _21203_/S (sky130_fd_sc_hd__mux2_1)
     5    0.022019    0.104099    0.260304   57.617065 v _21203_/X (sky130_fd_sc_hd__mux2_1)
                                                         _11433_ (net)
                      0.104099    0.000000   57.617065 v _21262_/B (sky130_fd_sc_hd__xnor2_2)
     3    0.015597    0.223845    0.180361   57.797428 ^ _21262_/Y (sky130_fd_sc_hd__xnor2_2)
                                                         _11497_ (net)
                      0.223845    0.000000   57.797428 ^ _21287_/A_N (sky130_fd_sc_hd__and4bb_2)
     1    0.002261    0.028883    0.143473   57.940899 v _21287_/X (sky130_fd_sc_hd__and4bb_2)
                                                         _11524_ (net)
                      0.028883    0.000000   57.940899 v _21289_/B1 (sky130_fd_sc_hd__a211o_2)
     3    0.014798    0.059146    0.166054   58.106953 v _21289_/X (sky130_fd_sc_hd__a211o_2)
                                                         _11526_ (net)
                      0.059146    0.000000   58.106953 v _21319_/A1 (sky130_fd_sc_hd__a221o_2)
     4    0.019066    0.063587    0.226436   58.333389 v _21319_/X (sky130_fd_sc_hd__a221o_2)
                                                         _11558_ (net)
                      0.063587    0.000000   58.333389 v _21349_/B2 (sky130_fd_sc_hd__a221o_2)
     6    0.025705    0.076987    0.230870   58.564259 v _21349_/X (sky130_fd_sc_hd__a221o_2)
                                                         _11591_ (net)
                      0.076987    0.000000   58.564259 v _21412_/A1 (sky130_fd_sc_hd__a21o_2)
     3    0.008663    0.036407    0.144244   58.708504 v _21412_/X (sky130_fd_sc_hd__a21o_2)
                                                         _11660_ (net)
                      0.036407    0.000000   58.708504 v _21417_/A2 (sky130_fd_sc_hd__a31o_2)
    28    0.090691    0.158589    0.276295   58.984798 v _21417_/X (sky130_fd_sc_hd__a31o_2)
                                                         _11665_ (net)
                      0.158589    0.000000   58.984798 v _21481_/S (sky130_fd_sc_hd__mux2_1)
     3    0.013717    0.079409    0.264166   59.248962 v _21481_/X (sky130_fd_sc_hd__mux2_1)
                                                         _11734_ (net)
                      0.079409    0.000000   59.248962 v _21483_/B (sky130_fd_sc_hd__xnor2_2)
     4    0.009475    0.160818    0.110195   59.359158 v _21483_/Y (sky130_fd_sc_hd__xnor2_2)
                                                         _11736_ (net)
                      0.160818    0.000000   59.359158 v _21504_/A (sky130_fd_sc_hd__or4_2)
     2    0.003770    0.068532    0.407031   59.766190 v _21504_/X (sky130_fd_sc_hd__or4_2)
                                                         _11759_ (net)
                      0.068532    0.000000   59.766190 v _21530_/A (sky130_fd_sc_hd__or2_2)
     2    0.006434    0.045278    0.191356   59.957546 v _21530_/X (sky130_fd_sc_hd__or2_2)
                                                         _11787_ (net)
                      0.045278    0.000000   59.957546 v _21589_/B (sky130_fd_sc_hd__nor2_2)
     2    0.007487    0.081608    0.077101   60.034645 ^ _21589_/Y (sky130_fd_sc_hd__nor2_2)
                                                         _11849_ (net)
                      0.081608    0.000000   60.034645 ^ _21638_/A2 (sky130_fd_sc_hd__a21oi_2)
     7    0.015495    0.073685    0.059202   60.093849 v _21638_/Y (sky130_fd_sc_hd__a21oi_2)
                                                         _11902_ (net)
                      0.073685    0.000000   60.093849 v _21668_/C (sky130_fd_sc_hd__or4b_2)
     5    0.015350    0.099816    0.395239   60.489086 v _21668_/X (sky130_fd_sc_hd__or4b_2)
                                                         _11935_ (net)
                      0.099816    0.000000   60.489086 v _21674_/C (sky130_fd_sc_hd__or4b_2)
     4    0.012191    0.093051    0.393143   60.882229 v _21674_/X (sky130_fd_sc_hd__or4b_2)
                                                         _11942_ (net)
                      0.093051    0.000000   60.882229 v _21687_/A3 (sky130_fd_sc_hd__o41a_2)
     1    0.002261    0.042434    0.265075   61.147305 v _21687_/X (sky130_fd_sc_hd__o41a_2)
                                                         _11956_ (net)
                      0.042434    0.000000   61.147305 v _21689_/B1 (sky130_fd_sc_hd__a211o_2)
     3    0.011387    0.052600    0.162736   61.310043 v _21689_/X (sky130_fd_sc_hd__a211o_2)
                                                         _11958_ (net)
                      0.052600    0.000000   61.310043 v _21698_/B_N (sky130_fd_sc_hd__and4bb_2)
     3    0.004960    0.042942    0.184698   61.494740 ^ _21698_/X (sky130_fd_sc_hd__and4bb_2)
                                                         _11968_ (net)
                      0.042942    0.000000   61.494740 ^ _21715_/A (sky130_fd_sc_hd__and3_2)
     5    0.010705    0.056514    0.117808   61.612549 ^ _21715_/X (sky130_fd_sc_hd__and3_2)
                                                         _11987_ (net)
                      0.056514    0.000000   61.612549 ^ _21745_/A (sky130_fd_sc_hd__nand3_2)
     8    0.014179    0.068667    0.062201   61.674747 v _21745_/Y (sky130_fd_sc_hd__nand3_2)
                                                         _12020_ (net)
                      0.068667    0.000000   61.674747 v _21946_/A (sky130_fd_sc_hd__or4_2)
     3    0.007332    0.078233    0.397144   62.071892 v _21946_/X (sky130_fd_sc_hd__or4_2)
                                                         _12241_ (net)
                      0.078233    0.000000   62.071892 v _21952_/B (sky130_fd_sc_hd__and3_2)
     2    0.005632    0.045567    0.143380   62.215275 v _21952_/X (sky130_fd_sc_hd__and3_2)
                                                         _12248_ (net)
                      0.045567    0.000000   62.215275 v _21961_/B (sky130_fd_sc_hd__or4b_2)
     3    0.007689    0.080417    0.377185   62.592457 v _21961_/X (sky130_fd_sc_hd__or4b_2)
                                                         _12258_ (net)
                      0.080417    0.000000   62.592457 v _21976_/A (sky130_fd_sc_hd__or4_2)
     3    0.008155    0.080389    0.403446   62.995903 v _21976_/X (sky130_fd_sc_hd__or4_2)
                                                         _12274_ (net)
                      0.080389    0.000000   62.995903 v _22001_/A1 (sky130_fd_sc_hd__a2111o_2)
     4    0.011211    0.062754    0.288047   63.283951 v _22001_/X (sky130_fd_sc_hd__a2111o_2)
                                                         _12302_ (net)
                      0.062754    0.000000   63.283951 v _22061_/A1 (sky130_fd_sc_hd__a2111o_2)
     7    0.019043    0.077131    0.300048   63.584000 v _22061_/X (sky130_fd_sc_hd__a2111o_2)
                                                         _12368_ (net)
                      0.077131    0.000000   63.584000 v _22173_/A1 (sky130_fd_sc_hd__o21ba_2)
    11    0.029646    0.068467    0.194063   63.778061 v _22173_/X (sky130_fd_sc_hd__o21ba_2)
                                                         _12491_ (net)
                      0.068467    0.000000   63.778061 v _22350_/A1 (sky130_fd_sc_hd__a211o_2)
     3    0.008409    0.046392    0.203208   63.981270 v _22350_/X (sky130_fd_sc_hd__a211o_2)
                                                         _12685_ (net)
                      0.046392    0.000000   63.981270 v _22352_/C (sky130_fd_sc_hd__and3_2)
     2    0.003083    0.041451    0.132061   64.113335 v _22352_/X (sky130_fd_sc_hd__and3_2)
                                                         _12688_ (net)
                      0.041451    0.000000   64.113335 v _22363_/B (sky130_fd_sc_hd__or4_2)
     2    0.002808    0.065200    0.359442   64.472771 v _22363_/X (sky130_fd_sc_hd__or4_2)
                                                         _12700_ (net)
                      0.065200    0.000000   64.472771 v _22373_/C (sky130_fd_sc_hd__or4_2)
     3    0.008115    0.080221    0.365702   64.838478 v _22373_/X (sky130_fd_sc_hd__or4_2)
                                                         _12711_ (net)
                      0.080221    0.000000   64.838478 v _22377_/A1 (sky130_fd_sc_hd__a21o_2)
     5    0.015971    0.048764    0.160071   64.998550 v _22377_/X (sky130_fd_sc_hd__a21o_2)
                                                         _12715_ (net)
                      0.048764    0.000000   64.998550 v _22387_/A1 (sky130_fd_sc_hd__a2111oi_2)
     2    0.007095    0.254562    0.244498   65.243042 ^ _22387_/Y (sky130_fd_sc_hd__a2111oi_2)
                                                         _12726_ (net)
                      0.254562    0.000000   65.243042 ^ _22429_/A1 (sky130_fd_sc_hd__a21oi_2)
    11    0.032360    0.116971    0.109658   65.352699 v _22429_/Y (sky130_fd_sc_hd__a21oi_2)
                                                         _12772_ (net)
                      0.116971    0.000000   65.352699 v _22528_/C (sky130_fd_sc_hd__and3_2)
     3    0.010469    0.042449    0.180314   65.533020 v _22528_/X (sky130_fd_sc_hd__and3_2)
                                                         _12881_ (net)
                      0.042449    0.000000   65.533020 v _22533_/A1 (sky130_fd_sc_hd__o21a_2)
     4    0.008645    0.039655    0.144382   65.677399 v _22533_/X (sky130_fd_sc_hd__o21a_2)
                                                         _12887_ (net)
                      0.039655    0.000000   65.677399 v _22542_/B (sky130_fd_sc_hd__or4_2)
     1    0.001478    0.060863    0.352109   66.029510 v _22542_/X (sky130_fd_sc_hd__or4_2)
                                                         _12897_ (net)
                      0.060863    0.000000   66.029510 v _22543_/A (sky130_fd_sc_hd__or4bb_2)
     3    0.008115    0.076514    0.381043   66.410553 v _22543_/X (sky130_fd_sc_hd__or4bb_2)
                                                         _12898_ (net)
                      0.076514    0.000000   66.410553 v _22547_/A1 (sky130_fd_sc_hd__a21o_2)
     4    0.010319    0.039345    0.147644   66.558197 v _22547_/X (sky130_fd_sc_hd__a21o_2)
                                                         _12902_ (net)
                      0.039345    0.000000   66.558197 v _22582_/A1 (sky130_fd_sc_hd__a211o_2)
     5    0.014093    0.058226    0.207315   66.765511 v _22582_/X (sky130_fd_sc_hd__a211o_2)
                                                         _12941_ (net)
                      0.058226    0.000000   66.765511 v _22643_/A1 (sky130_fd_sc_hd__o221a_2)
    16    0.039452    0.088040    0.247979   67.013489 v _22643_/X (sky130_fd_sc_hd__o221a_2)
                                                         _13008_ (net)
                      0.088040    0.000000   67.013489 v _22773_/A (sky130_fd_sc_hd__nand2_2)
    18    0.062140    0.246346    0.211301   67.224792 ^ _22773_/Y (sky130_fd_sc_hd__nand2_2)
                                                         _13151_ (net)
                      0.246346    0.000000   67.224792 ^ _22886_/S (sky130_fd_sc_hd__mux2_1)
     3    0.007095    0.056197    0.213376   67.438164 v _22886_/X (sky130_fd_sc_hd__mux2_1)
                                                         _13275_ (net)
                      0.056197    0.000000   67.438164 v _22887_/B (sky130_fd_sc_hd__and2_2)
     5    0.013363    0.053617    0.147523   67.585693 v _22887_/X (sky130_fd_sc_hd__and2_2)
                                                         _13276_ (net)
                      0.053617    0.000000   67.585693 v _22890_/A (sky130_fd_sc_hd__or2_2)
     1    0.001465    0.033367    0.169592   67.755280 v _22890_/X (sky130_fd_sc_hd__or2_2)
                                                         _13279_ (net)
                      0.033367    0.000000   67.755280 v _22896_/C (sky130_fd_sc_hd__or4_2)
     1    0.001343    0.060539    0.327887   68.083168 v _22896_/X (sky130_fd_sc_hd__or4_2)
                                                         _13286_ (net)
                      0.060539    0.000000   68.083168 v _22897_/C (sky130_fd_sc_hd__or3_2)
     3    0.008833    0.065885    0.255355   68.338524 v _22897_/X (sky130_fd_sc_hd__or3_2)
                                                         _13287_ (net)
                      0.065885    0.000000   68.338524 v _22929_/A1 (sky130_fd_sc_hd__a21o_2)
     4    0.013115    0.044241    0.149740   68.488266 v _22929_/X (sky130_fd_sc_hd__a21o_2)
                                                         _13322_ (net)
                      0.044241    0.000000   68.488266 v _22958_/A1 (sky130_fd_sc_hd__a21oi_2)
    19    0.045355    0.405453    0.332193   68.820457 ^ _22958_/Y (sky130_fd_sc_hd__a21oi_2)
                                                         _13354_ (net)
                      0.405453    0.000000   68.820457 ^ _23358_/A (sky130_fd_sc_hd__or4b_2)
     9    0.032538    0.153036    0.208459   69.028915 ^ _23358_/X (sky130_fd_sc_hd__or4b_2)
                                                         _13794_ (net)
                      0.153036    0.000000   69.028915 ^ _23362_/C (sky130_fd_sc_hd__nor4_2)
     4    0.011954    0.054694    0.053198   69.082115 v _23362_/Y (sky130_fd_sc_hd__nor4_2)
                                                         _13799_ (net)
                      0.054694    0.000000   69.082115 v _23364_/C (sky130_fd_sc_hd__and3_2)
     3    0.007136    0.036728    0.146450   69.228561 v _23364_/X (sky130_fd_sc_hd__and3_2)
                                                         _13801_ (net)
                      0.036728    0.000000   69.228561 v _23386_/A (sky130_fd_sc_hd__or4b_2)
     2    0.005536    0.074522    0.386365   69.614929 v _23386_/X (sky130_fd_sc_hd__or4b_2)
                                                         _13825_ (net)
                      0.074522    0.000000   69.614929 v _23387_/C (sky130_fd_sc_hd__or3_2)
     3    0.007683    0.063085    0.256200   69.871132 v _23387_/X (sky130_fd_sc_hd__or3_2)
                                                         _13826_ (net)
                      0.063085    0.000000   69.871132 v _23388_/C (sky130_fd_sc_hd__or3_2)
     3    0.007831    0.063598    0.252889   70.124016 v _23388_/X (sky130_fd_sc_hd__or3_2)
                                                         _13827_ (net)
                      0.063598    0.000000   70.124016 v _23395_/A (sky130_fd_sc_hd__or4_2)
     2    0.006335    0.075625    0.391999   70.516022 v _23395_/X (sky130_fd_sc_hd__or4_2)
                                                         _13835_ (net)
                      0.075625    0.000000   70.516022 v _23396_/C1 (sky130_fd_sc_hd__a311o_2)
    35    0.110972    0.197089    0.290377   70.806396 v _23396_/X (sky130_fd_sc_hd__a311o_2)
                                                         _13836_ (net)
                      0.197089    0.000000   70.806396 v _23597_/S (sky130_fd_sc_hd__mux2_1)
     4    0.019886    0.097764    0.295508   71.101906 v _23597_/X (sky130_fd_sc_hd__mux2_1)
                                                         _14057_ (net)
                      0.097764    0.000000   71.101906 v _23599_/A (sky130_fd_sc_hd__or2_2)
     3    0.007348    0.047107    0.203322   71.305222 v _23599_/X (sky130_fd_sc_hd__or2_2)
                                                         _14059_ (net)
                      0.047107    0.000000   71.305222 v _23608_/B (sky130_fd_sc_hd__or4b_2)
     1    0.001308    0.060759    0.347590   71.652817 v _23608_/X (sky130_fd_sc_hd__or4b_2)
                                                         _14069_ (net)
                      0.060759    0.000000   71.652817 v _23609_/D (sky130_fd_sc_hd__or4_2)
     6    0.014122    0.096067    0.344244   71.997063 v _23609_/X (sky130_fd_sc_hd__or4_2)
                                                         _14070_ (net)
                      0.096067    0.000000   71.997063 v _23723_/A (sky130_fd_sc_hd__or4b_2)
     2    0.003465    0.068096    0.391978   72.389038 v _23723_/X (sky130_fd_sc_hd__or4b_2)
                                                         _14196_ (net)
                      0.068096    0.000000   72.389038 v _23725_/C (sky130_fd_sc_hd__or3_2)
    26    0.080456    0.182091    0.395339   72.784378 v _23725_/X (sky130_fd_sc_hd__or3_2)
                                                         _14198_ (net)
                      0.182091    0.000000   72.784378 v _23733_/A2 (sky130_fd_sc_hd__a32oi_2)
     3    0.014863    0.160479    0.213426   72.997803 ^ _23733_/Y (sky130_fd_sc_hd__a32oi_2)
                                                         _14207_ (net)
                      0.160479    0.000000   72.997803 ^ _23735_/B (sky130_fd_sc_hd__xnor2_2)
     2    0.010555    0.127105    0.058925   73.056725 v _23735_/Y (sky130_fd_sc_hd__xnor2_2)
                                                         _14209_ (net)
                      0.127105    0.000000   73.056725 v _23737_/A1 (sky130_fd_sc_hd__a21o_2)
     2    0.010478    0.040731    0.166580   73.223305 v _23737_/X (sky130_fd_sc_hd__a21o_2)
                                                         _14211_ (net)
                      0.040731    0.000000   73.223305 v _23738_/A2 (sky130_fd_sc_hd__a21o_2)
     4    0.019357    0.053685    0.167582   73.390892 v _23738_/X (sky130_fd_sc_hd__a21o_2)
                                                         _14212_ (net)
                      0.053685    0.000000   73.390892 v _23770_/A1 (sky130_fd_sc_hd__a41o_2)
     5    0.021443    0.061050    0.176009   73.566895 v _23770_/X (sky130_fd_sc_hd__a41o_2)
                                                         _14247_ (net)
                      0.061050    0.000000   73.566895 v _23828_/A1 (sky130_fd_sc_hd__a41o_2)
    10    0.038981    0.086618    0.205880   73.772774 v _23828_/X (sky130_fd_sc_hd__a41o_2)
                                                         _14311_ (net)
                      0.086618    0.000000   73.772774 v _23992_/A1 (sky130_fd_sc_hd__a211o_2)
    27    0.081717    0.152764    0.323411   74.096184 v _23992_/X (sky130_fd_sc_hd__a211o_2)
                                                         _14492_ (net)
                      0.152764    0.000000   74.096184 v _24200_/B1 (sky130_fd_sc_hd__o211a_2)
     2    0.009264    0.042990    0.144489   74.240677 v _24200_/X (sky130_fd_sc_hd__o211a_2)
                                                         _14720_ (net)
                      0.042990    0.000000   74.240677 v _24207_/C (sky130_fd_sc_hd__and3_2)
     9    0.032318    0.073689    0.186610   74.427284 v _24207_/X (sky130_fd_sc_hd__and3_2)
                                                         _14728_ (net)
                      0.073689    0.000000   74.427284 v _24212_/B1 (sky130_fd_sc_hd__a21o_2)
     2    0.005593    0.030999    0.103718   74.531006 v _24212_/X (sky130_fd_sc_hd__a21o_2)
                                                         _14734_ (net)
                      0.030999    0.000000   74.531006 v _24214_/D (sky130_fd_sc_hd__or4_2)
     3    0.007446    0.078419    0.311964   74.842964 v _24214_/X (sky130_fd_sc_hd__or4_2)
                                                         _14736_ (net)
                      0.078419    0.000000   74.842964 v _24239_/B (sky130_fd_sc_hd__or4_2)
     2    0.006069    0.074954    0.384006   75.226974 v _24239_/X (sky130_fd_sc_hd__or4_2)
                                                         _14763_ (net)
                      0.074954    0.000000   75.226974 v _24240_/D (sky130_fd_sc_hd__nor4_2)
     9    0.026827    0.490554    0.359300   75.586273 ^ _24240_/Y (sky130_fd_sc_hd__nor4_2)
                                                         _14764_ (net)
                      0.490554    0.000000   75.586273 ^ _24241_/A (sky130_fd_sc_hd__inv_2)
    11    0.026044    0.122975    0.067701   75.653976 v _24241_/Y (sky130_fd_sc_hd__inv_2)
                                                         _14766_ (net)
                      0.122975    0.000000   75.653976 v _24244_/D (sky130_fd_sc_hd__or4_2)
     3    0.008089    0.081668    0.340727   75.994698 v _24244_/X (sky130_fd_sc_hd__or4_2)
                                                         _14769_ (net)
                      0.081668    0.000000   75.994698 v _24248_/B (sky130_fd_sc_hd__and3_2)
     2    0.005687    0.045575    0.144937   76.139641 v _24248_/X (sky130_fd_sc_hd__and3_2)
                                                         _14773_ (net)
                      0.045575    0.000000   76.139641 v _24252_/B (sky130_fd_sc_hd__or3b_2)
     2    0.005697    0.058991    0.261835   76.401474 v _24252_/X (sky130_fd_sc_hd__or3b_2)
                                                         _14778_ (net)
                      0.058991    0.000000   76.401474 v _24274_/A (sky130_fd_sc_hd__or4_2)
     3    0.008061    0.080261    0.397264   76.798737 v _24274_/X (sky130_fd_sc_hd__or4_2)
                                                         _14802_ (net)
                      0.080261    0.000000   76.798737 v _24301_/A1 (sky130_fd_sc_hd__a21o_2)
     4    0.010439    0.039557    0.149292   76.948029 v _24301_/X (sky130_fd_sc_hd__a21o_2)
                                                         _14832_ (net)
                      0.039557    0.000000   76.948029 v _24365_/A1 (sky130_fd_sc_hd__a2111o_2)
     5    0.015399    0.071397    0.285219   77.233246 v _24365_/X (sky130_fd_sc_hd__a2111o_2)
                                                         _14902_ (net)
                      0.071397    0.000000   77.233246 v _24443_/A1 (sky130_fd_sc_hd__a21o_2)
    10    0.024156    0.060743    0.169038   77.402283 v _24443_/X (sky130_fd_sc_hd__a21o_2)
                                                         _14988_ (net)
                      0.060743    0.000000   77.402283 v _24699_/A1 (sky130_fd_sc_hd__a21o_2)
     5    0.015164    0.047548    0.151630   77.553917 v _24699_/X (sky130_fd_sc_hd__a21o_2)
                                                         _00388_ (net)
                      0.047548    0.000000   77.553917 v _24735_/C (sky130_fd_sc_hd__nor4b_2)
     5    0.012166    0.269782    0.240206   77.794121 ^ _24735_/Y (sky130_fd_sc_hd__nor4b_2)
                                                         _00428_ (net)
                      0.269782    0.000000   77.794121 ^ _24737_/D (sky130_fd_sc_hd__and4_2)
     2    0.013457    0.072226    0.185011   77.979134 ^ _24737_/X (sky130_fd_sc_hd__and4_2)
                                                         _00430_ (net)
                      0.072226    0.000000   77.979134 ^ _24765_/A2 (sky130_fd_sc_hd__a21oi_2)
     1    0.001395    0.040037    0.029594   78.008728 v _24765_/Y (sky130_fd_sc_hd__a21oi_2)
                                                         _00461_ (net)
                      0.040037    0.000000   78.008728 v _24766_/B (sky130_fd_sc_hd__or2_2)
     4    0.012550    0.057862    0.186176   78.194901 v _24766_/X (sky130_fd_sc_hd__or2_2)
                                                         _00462_ (net)
                      0.057862    0.000000   78.194901 v _24773_/C (sky130_fd_sc_hd__or4b_2)
     2    0.003136    0.066977    0.343292   78.538193 v _24773_/X (sky130_fd_sc_hd__or4b_2)
                                                         _00470_ (net)
                      0.066977    0.000000   78.538193 v _24785_/A (sky130_fd_sc_hd__or3_2)
     5    0.012591    0.074929    0.308987   78.847183 v _24785_/X (sky130_fd_sc_hd__or3_2)
                                                         _00483_ (net)
                      0.074929    0.000000   78.847183 v _24787_/B (sky130_fd_sc_hd__or2_2)
    15    0.028568    0.083415    0.228887   79.076065 v _24787_/X (sky130_fd_sc_hd__or2_2)
                                                         _00485_ (net)
                      0.083415    0.000000   79.076065 v _24811_/C (sky130_fd_sc_hd__or3_2)
     4    0.012457    0.074378    0.274767   79.350838 v _24811_/X (sky130_fd_sc_hd__or3_2)
                                                         _00512_ (net)
                      0.074378    0.000000   79.350838 v _24816_/B (sky130_fd_sc_hd__and3_2)
     3    0.005344    0.035328    0.141107   79.491943 v _24816_/X (sky130_fd_sc_hd__and3_2)
                                                         _00517_ (net)
                      0.035328    0.000000   79.491943 v _24826_/B (sky130_fd_sc_hd__or4_2)
     1    0.001308    0.060322    0.350077   79.842018 v _24826_/X (sky130_fd_sc_hd__or4_2)
                                                         _00528_ (net)
                      0.060322    0.000000   79.842018 v _24827_/D (sky130_fd_sc_hd__or4_2)
     3    0.007952    0.079735    0.320910   80.162926 v _24827_/X (sky130_fd_sc_hd__or4_2)
                                                         _00529_ (net)
                      0.079735    0.000000   80.162926 v _24859_/A (sky130_fd_sc_hd__or3_2)
     2    0.006501    0.060305    0.292573   80.455505 v _24859_/X (sky130_fd_sc_hd__or3_2)
                                                         _00564_ (net)
                      0.060305    0.000000   80.455505 v _24956_/A1 (sky130_fd_sc_hd__o31ai_2)
     7    0.032493    0.488052    0.429672   80.885178 ^ _24956_/Y (sky130_fd_sc_hd__o31ai_2)
                                                         _00671_ (net)
                      0.488052    0.000000   80.885178 ^ _25231_/A1 (sky130_fd_sc_hd__a211o_2)
    30    0.092473    0.330918    0.315687   81.200859 ^ _25231_/X (sky130_fd_sc_hd__a211o_2)
                                                         _00973_ (net)
                      0.330918    0.000000   81.200859 ^ _25306_/S (sky130_fd_sc_hd__mux2_1)
     4    0.015418    0.084485    0.241741   81.442604 v _25306_/X (sky130_fd_sc_hd__mux2_1)
                                                         _01055_ (net)
                      0.084485    0.000000   81.442604 v _25308_/B (sky130_fd_sc_hd__xnor2_2)
     4    0.018745    0.183758    0.131116   81.573715 v _25308_/Y (sky130_fd_sc_hd__xnor2_2)
                                                         _01057_ (net)
                      0.183758    0.000000   81.573715 v _25309_/D (sky130_fd_sc_hd__and4_2)
     2    0.003762    0.032596    0.206747   81.780464 v _25309_/X (sky130_fd_sc_hd__and4_2)
                                                         _01058_ (net)
                      0.032596    0.000000   81.780464 v _25310_/D (sky130_fd_sc_hd__and4_2)
     1    0.002219    0.028480    0.137760   81.918228 v _25310_/X (sky130_fd_sc_hd__and4_2)
                                                         _01059_ (net)
                      0.028480    0.000000   81.918228 v _25317_/A2 (sky130_fd_sc_hd__a221o_2)
     5    0.023404    0.070251    0.240249   82.158478 v _25317_/X (sky130_fd_sc_hd__a221o_2)
                                                         _01067_ (net)
                      0.070251    0.000000   82.158478 v _25382_/A (sky130_fd_sc_hd__nand3_2)
     6    0.020348    0.096667    0.096705   82.255180 ^ _25382_/Y (sky130_fd_sc_hd__nand3_2)
                                                         _01139_ (net)
                      0.096667    0.000000   82.255180 ^ _25449_/A1 (sky130_fd_sc_hd__a21o_2)
     8    0.019556    0.082299    0.123663   82.378845 ^ _25449_/X (sky130_fd_sc_hd__a21o_2)
                                                         _01212_ (net)
                      0.082299    0.000000   82.378845 ^ _25492_/A (sky130_fd_sc_hd__nand2_2)
    26    0.088624    0.227023    0.186787   82.565628 v _25492_/Y (sky130_fd_sc_hd__nand2_2)
                                                         _01260_ (net)
                      0.227023    0.000000   82.565628 v _25565_/A1 (sky130_fd_sc_hd__a21oi_2)
     4    0.017190    0.177120    0.227246   82.792877 ^ _25565_/Y (sky130_fd_sc_hd__a21oi_2)
                                                         _01340_ (net)
                      0.177120    0.000000   82.792877 ^ _25568_/B (sky130_fd_sc_hd__xnor2_2)
     3    0.012641    0.212556    0.064844   82.857719 v _25568_/Y (sky130_fd_sc_hd__xnor2_2)
                                                         _01343_ (net)
                      0.212556    0.000000   82.857719 v _25579_/A1 (sky130_fd_sc_hd__o311a_2)
     1    0.004249    0.044447    0.297312   83.155029 v _25579_/X (sky130_fd_sc_hd__o311a_2)
                                                         _01354_ (net)
                      0.044447    0.000000   83.155029 v _25590_/A1 (sky130_fd_sc_hd__o31ai_2)
     5    0.025277    0.399707    0.359847   83.514877 ^ _25590_/Y (sky130_fd_sc_hd__o31ai_2)
                                                         _01366_ (net)
                      0.399707    0.000000   83.514877 ^ _25626_/A2 (sky130_fd_sc_hd__a31o_2)
     6    0.029956    0.138492    0.194198   83.709076 ^ _25626_/X (sky130_fd_sc_hd__a31o_2)
                                                         _01406_ (net)
                      0.138492    0.000000   83.709076 ^ _25657_/A1 (sky130_fd_sc_hd__a21o_2)
     3    0.009354    0.045261    0.102496   83.811577 ^ _25657_/X (sky130_fd_sc_hd__a21o_2)
                                                         _01440_ (net)
                      0.045261    0.000000   83.811577 ^ _25804_/A2 (sky130_fd_sc_hd__a31o_2)
    30    0.101895    0.439117    0.366725   84.178299 ^ _25804_/X (sky130_fd_sc_hd__a31o_2)
                                                         _01602_ (net)
                      0.439117    0.000000   84.178299 ^ _25852_/S (sky130_fd_sc_hd__mux2_1)
     5    0.020044    0.098413    0.251340   84.429642 v _25852_/X (sky130_fd_sc_hd__mux2_1)
                                                         _01655_ (net)
                      0.098413    0.000000   84.429642 v _25857_/B (sky130_fd_sc_hd__xnor2_2)
     2    0.003689    0.156187    0.104606   84.534248 v _25857_/Y (sky130_fd_sc_hd__xnor2_2)
                                                         _01660_ (net)
                      0.156187    0.000000   84.534248 v _25891_/A (sky130_fd_sc_hd__or4b_2)
     2    0.006604    0.077450    0.421579   84.955826 v _25891_/X (sky130_fd_sc_hd__or4b_2)
                                                         _01697_ (net)
                      0.077450    0.000000   84.955826 v _25894_/A1 (sky130_fd_sc_hd__a21o_2)
     1    0.002207    0.023652    0.128331   85.084152 v _25894_/X (sky130_fd_sc_hd__a21o_2)
                                                         _01700_ (net)
                      0.023652    0.000000   85.084152 v _25895_/A2 (sky130_fd_sc_hd__a21o_2)
     4    0.010965    0.040415    0.145867   85.230026 v _25895_/X (sky130_fd_sc_hd__a21o_2)
                                                         _01701_ (net)
                      0.040415    0.000000   85.230026 v _25948_/A2 (sky130_fd_sc_hd__a311o_2)
     2    0.003785    0.041221    0.222776   85.452797 v _25948_/X (sky130_fd_sc_hd__a311o_2)
                                                         _01759_ (net)
                      0.041221    0.000000   85.452797 v _26270_/A1 (sky130_fd_sc_hd__a21o_2)
    26    0.056412    0.107761    0.202292   85.655090 v _26270_/X (sky130_fd_sc_hd__a21o_2)
                                                         _02112_ (net)
                      0.107761    0.000000   85.655090 v _26477_/A1 (sky130_fd_sc_hd__a21o_2)
     3    0.007656    0.034634    0.153491   85.808578 v _26477_/X (sky130_fd_sc_hd__a21o_2)
                                                         _02339_ (net)
                      0.034634    0.000000   85.808578 v _26481_/C (sky130_fd_sc_hd__and3_2)
     3    0.007276    0.047072    0.139131   85.947716 v _26481_/X (sky130_fd_sc_hd__and3_2)
                                                         _02344_ (net)
                      0.047072    0.000000   85.947716 v _26491_/B (sky130_fd_sc_hd__or4_2)
     3    0.007165    0.077677    0.379750   86.327461 v _26491_/X (sky130_fd_sc_hd__or4_2)
                                                         _02355_ (net)
                      0.077677    0.000000   86.327461 v _26506_/A (sky130_fd_sc_hd__or4b_2)
     1    0.001308    0.060602    0.375074   86.702538 v _26506_/X (sky130_fd_sc_hd__or4b_2)
                                                         _02371_ (net)
                      0.060602    0.000000   86.702538 v _26710_/D (sky130_fd_sc_hd__or4_2)
     4    0.014269    0.096407    0.344748   87.047287 v _26710_/X (sky130_fd_sc_hd__or4_2)
                                                         _02594_ (net)
                      0.096407    0.000000   87.047287 v _26803_/A3 (sky130_fd_sc_hd__o311ai_2)
     3    0.009983    0.233027    0.221959   87.269241 ^ _26803_/Y (sky130_fd_sc_hd__o311ai_2)
                                                         _02697_ (net)
                      0.233027    0.000000   87.269241 ^ _26805_/D1 (sky130_fd_sc_hd__a2111o_2)
    30    0.098195    0.351407    0.297455   87.566696 ^ _26805_/X (sky130_fd_sc_hd__a2111o_2)
                                                         _02699_ (net)
                      0.351407    0.000000   87.566696 ^ _26875_/S (sky130_fd_sc_hd__mux2_1)
     3    0.009922    0.067318    0.223132   87.789833 v _26875_/X (sky130_fd_sc_hd__mux2_1)
                                                         _02775_ (net)
                      0.067318    0.000000   87.789833 v _26877_/B (sky130_fd_sc_hd__and2_2)
     1    0.001395    0.033239    0.122647   87.912476 v _26877_/X (sky130_fd_sc_hd__and2_2)
                                                         _02777_ (net)
                      0.033239    0.000000   87.912476 v _26878_/B (sky130_fd_sc_hd__or2_2)
     4    0.009354    0.051527    0.175284   88.087761 v _26878_/X (sky130_fd_sc_hd__or2_2)
                                                         _02778_ (net)
                      0.051527    0.000000   88.087761 v _26879_/C (sky130_fd_sc_hd__or4b_2)
     5    0.016385    0.102001    0.391729   88.479492 v _26879_/X (sky130_fd_sc_hd__or4b_2)
                                                         _02779_ (net)
                      0.102001    0.000000   88.479492 v _27070_/C (sky130_fd_sc_hd__nor4_2)
     4    0.016285    0.333066    0.302023   88.781517 ^ _27070_/Y (sky130_fd_sc_hd__nor4_2)
                                                         _02989_ (net)
                      0.333066    0.000000   88.781517 ^ _27120_/A3 (sky130_fd_sc_hd__a311oi_2)
     9    0.018940    0.187931    0.126526   88.908043 v _27120_/Y (sky130_fd_sc_hd__a311oi_2)
                                                         _03043_ (net)
                      0.187931    0.000000   88.908043 v _27430_/C (sky130_fd_sc_hd__or4b_2)
     4    0.009021    0.084145    0.408392   89.316429 v _27430_/X (sky130_fd_sc_hd__or4b_2)
                                                         _03381_ (net)
                      0.084145    0.000000   89.316429 v _27456_/C (sky130_fd_sc_hd__or3_2)
     2    0.005453    0.057832    0.252115   89.568550 v _27456_/X (sky130_fd_sc_hd__or3_2)
                                                         _03410_ (net)
                      0.057832    0.000000   89.568550 v _27462_/D (sky130_fd_sc_hd__or4_2)
     1    0.004613    0.071198    0.307494   89.876045 v _27462_/X (sky130_fd_sc_hd__or4_2)
                                                         _03417_ (net)
                      0.071198    0.000000   89.876045 v _27463_/A2 (sky130_fd_sc_hd__a21oi_2)
     3    0.013052    0.137722    0.154536   90.030579 ^ _27463_/Y (sky130_fd_sc_hd__a21oi_2)
                                                         _03418_ (net)
                      0.137722    0.000000   90.030579 ^ _27465_/D_N (sky130_fd_sc_hd__nor4b_2)
     4    0.009502    0.230196    0.206789   90.237366 ^ _27465_/Y (sky130_fd_sc_hd__nor4b_2)
                                                         _03420_ (net)
                      0.230196    0.000000   90.237366 ^ _27509_/D_N (sky130_fd_sc_hd__or4b_2)
     1    0.002195    0.063871    0.321421   90.558784 v _27509_/X (sky130_fd_sc_hd__or4b_2)
                                                         _03467_ (net)
                      0.063871    0.000000   90.558784 v _27510_/C1 (sky130_fd_sc_hd__a211o_2)
     8    0.013873    0.057726    0.156824   90.715614 v _27510_/X (sky130_fd_sc_hd__a211o_2)
                                                         _03468_ (net)
                      0.057726    0.000000   90.715614 v _27512_/C (sky130_fd_sc_hd__or3_2)
    22    0.066915    0.162967    0.371855   91.087471 v _27512_/X (sky130_fd_sc_hd__or3_2)
                                                         _03471_ (net)
                      0.162967    0.000000   91.087471 v _27553_/S (sky130_fd_sc_hd__mux2_1)
     3    0.013679    0.079301    0.265480   91.352951 v _27553_/X (sky130_fd_sc_hd__mux2_1)
                                                         _03516_ (net)
                      0.079301    0.000000   91.352951 v _27555_/B (sky130_fd_sc_hd__xnor2_2)
     4    0.012559    0.200535    0.152546   91.505493 ^ _27555_/Y (sky130_fd_sc_hd__xnor2_2)
                                                         _03518_ (net)
                      0.200535    0.000000   91.505493 ^ _27557_/D_N (sky130_fd_sc_hd__or4b_2)
     2    0.005307    0.073786    0.337202   91.842697 v _27557_/X (sky130_fd_sc_hd__or4b_2)
                                                         _03520_ (net)
                      0.073786    0.000000   91.842697 v _27559_/D (sky130_fd_sc_hd__or4_2)
     3    0.005861    0.074458    0.317201   92.159897 v _27559_/X (sky130_fd_sc_hd__or4_2)
                                                         _03522_ (net)
                      0.074458    0.000000   92.159897 v _27771_/A (sky130_fd_sc_hd__or4_2)
     3    0.004523    0.070902    0.387914   92.547813 v _27771_/X (sky130_fd_sc_hd__or4_2)
                                                         _03754_ (net)
                      0.070902    0.000000   92.547813 v _27782_/D_N (sky130_fd_sc_hd__or4b_2)
     2    0.006360    0.039464    0.153790   92.701599 ^ _27782_/X (sky130_fd_sc_hd__or4b_2)
                                                         _03766_ (net)
                      0.039464    0.000000   92.701599 ^ _27783_/B (sky130_fd_sc_hd__nor2_2)
    19    0.056551    0.096191    0.083745   92.785347 v _27783_/Y (sky130_fd_sc_hd__nor2_2)
                                                         _03767_ (net)
                      0.096191    0.000000   92.785347 v _28192_/A2 (sky130_fd_sc_hd__a2111o_2)
     2    0.003766    0.045667    0.300048   93.085396 v _28192_/X (sky130_fd_sc_hd__a2111o_2)
                                                         _04214_ (net)
                      0.045667    0.000000   93.085396 v _28193_/A2 (sky130_fd_sc_hd__a21bo_2)
     3    0.009773    0.038833    0.152895   93.238289 v _28193_/X (sky130_fd_sc_hd__a21bo_2)
                                                         _04215_ (net)
                      0.038833    0.000000   93.238289 v _28198_/A (sky130_fd_sc_hd__or3_2)
     2    0.003998    0.054054    0.272564   93.510849 v _28198_/X (sky130_fd_sc_hd__or3_2)
                                                         _04220_ (net)
                      0.054054    0.000000   93.510849 v _28207_/B (sky130_fd_sc_hd__or4_2)
     5    0.009090    0.082973    0.388603   93.899452 v _28207_/X (sky130_fd_sc_hd__or4_2)
                                                         _04230_ (net)
                      0.082973    0.000000   93.899452 v _28210_/C (sky130_fd_sc_hd__or4_2)
     1    0.001343    0.060489    0.340791   94.240242 v _28210_/X (sky130_fd_sc_hd__or4_2)
                                                         _04233_ (net)
                      0.060489    0.000000   94.240242 v _28211_/C (sky130_fd_sc_hd__or3_2)
     2    0.002873    0.050499    0.233484   94.473732 v _28211_/X (sky130_fd_sc_hd__or3_2)
                                                         _04235_ (net)
                      0.050499    0.000000   94.473732 v _28213_/D (sky130_fd_sc_hd__or4_2)
    10    0.026234    0.120039    0.372339   94.846069 v _28213_/X (sky130_fd_sc_hd__or4_2)
                                                         _04237_ (net)
                      0.120039    0.000000   94.846069 v _28890_/B (sky130_fd_sc_hd__or3_2)
     3    0.008115    0.064275    0.296097   95.142166 v _28890_/X (sky130_fd_sc_hd__or3_2)
                                                         _04976_ (net)
                      0.064275    0.000000   95.142166 v _28901_/B (sky130_fd_sc_hd__and3_2)
     4    0.011118    0.054520    0.150266   95.292427 v _28901_/X (sky130_fd_sc_hd__and3_2)
                                                         _04989_ (net)
                      0.054520    0.000000   95.292427 v _29003_/C (sky130_fd_sc_hd__or4_2)
     1    0.001343    0.060355    0.332527   95.624954 v _29003_/X (sky130_fd_sc_hd__or4_2)
                                                         _05097_ (net)
                      0.060355    0.000000   95.624954 v _29004_/C (sky130_fd_sc_hd__or3_2)
     2    0.003597    0.052786    0.236696   95.861656 v _29004_/X (sky130_fd_sc_hd__or3_2)
                                                         _05098_ (net)
                      0.052786    0.000000   95.861656 v _29005_/D (sky130_fd_sc_hd__or4_2)
     4    0.012060    0.090803    0.334076   96.195732 v _29005_/X (sky130_fd_sc_hd__or4_2)
                                                         _05099_ (net)
                      0.090803    0.000000   96.195732 v _29105_/A2 (sky130_fd_sc_hd__o31ai_2)
     3    0.004890    0.149242    0.175817   96.371544 ^ _29105_/Y (sky130_fd_sc_hd__o31ai_2)
                                                         _05199_ (net)
                      0.149242    0.000000   96.371544 ^ _29107_/D (sky130_fd_sc_hd__or4_2)
    28    0.097845    0.363973    0.332122   96.703667 ^ _29107_/X (sky130_fd_sc_hd__or4_2)
                                                         _05201_ (net)
                      0.363973    0.000000   96.703667 ^ _29346_/S (sky130_fd_sc_hd__mux2_1)
     3    0.016432    0.087511    0.243453   96.947121 v _29346_/X (sky130_fd_sc_hd__mux2_1)
                                                         _05454_ (net)
                      0.087511    0.000000   96.947121 v _29351_/B (sky130_fd_sc_hd__xnor2_2)
     3    0.005169    0.147662    0.110418   97.057541 ^ _29351_/Y (sky130_fd_sc_hd__xnor2_2)
                                                         _05460_ (net)
                      0.147662    0.000000   97.057541 ^ _29352_/C_N (sky130_fd_sc_hd__or3b_2)
     1    0.001308    0.046060    0.244469   97.302010 v _29352_/X (sky130_fd_sc_hd__or3b_2)
                                                         _05461_ (net)
                      0.046060    0.000000   97.302010 v _29353_/D (sky130_fd_sc_hd__or4_2)
     2    0.005470    0.073376    0.307828   97.609840 v _29353_/X (sky130_fd_sc_hd__or4_2)
                                                         _05462_ (net)
                      0.073376    0.000000   97.609840 v _29354_/D (sky130_fd_sc_hd__or4_2)
     2    0.002808    0.065185    0.303082   97.912918 v _29354_/X (sky130_fd_sc_hd__or4_2)
                                                         _05463_ (net)
                      0.065185    0.000000   97.912918 v _29406_/C (sky130_fd_sc_hd__or4_2)
     2    0.003034    0.065881    0.344471   98.257393 v _29406_/X (sky130_fd_sc_hd__or4_2)
                                                         _05520_ (net)
                      0.065881    0.000000   98.257393 v _29471_/B (sky130_fd_sc_hd__and4_2)
    19    0.055001    0.103912    0.222265   98.479652 v _29471_/X (sky130_fd_sc_hd__and4_2)
                                                         _05592_ (net)
                      0.103912    0.000000   98.479652 v _29524_/A (sky130_fd_sc_hd__nand2_2)
    23    0.074111    0.290582    0.248669   98.728325 ^ _29524_/Y (sky130_fd_sc_hd__nand2_2)
                                                         _05650_ (net)
                      0.290582    0.000000   98.728325 ^ _29682_/S (sky130_fd_sc_hd__mux2_1)
     3    0.007135    0.056341    0.213568   98.941895 v _29682_/X (sky130_fd_sc_hd__mux2_1)
                                                         _05816_ (net)
                      0.056341    0.000000   98.941895 v _29683_/B (sky130_fd_sc_hd__and2_2)
     3    0.012601    0.056275    0.145910   99.087799 v _29683_/X (sky130_fd_sc_hd__and2_2)
                                                         _05817_ (net)
                      0.056275    0.000000   99.087799 v _29685_/A (sky130_fd_sc_hd__nor2_2)
     4    0.012855    0.121453    0.125723   99.213524 ^ _29685_/Y (sky130_fd_sc_hd__nor2_2)
                                                         _05819_ (net)
                      0.121453    0.000000   99.213524 ^ _29707_/D_N (sky130_fd_sc_hd__or4b_2)
     1    0.001308    0.060567    0.316696   99.530220 v _29707_/X (sky130_fd_sc_hd__or4b_2)
                                                         _05842_ (net)
                      0.060567    0.000000   99.530220 v _29708_/D (sky130_fd_sc_hd__or4_2)
     3    0.007237    0.077997    0.318295   99.848518 v _29708_/X (sky130_fd_sc_hd__or4_2)
                                                         _05843_ (net)
                      0.077997    0.000000   99.848518 v _29726_/B (sky130_fd_sc_hd__or4b_2)
     1    0.001541    0.061606    0.357822  100.206337 v _29726_/X (sky130_fd_sc_hd__or4b_2)
                                                         _05861_ (net)
                      0.061606    0.000000  100.206337 v _29742_/C (sky130_fd_sc_hd__and3b_2)
     7    0.020588    0.057894    0.175845  100.382187 v _29742_/X (sky130_fd_sc_hd__and3b_2)
                                                         _05877_ (net)
                      0.057894    0.000000  100.382187 v _29832_/A (sky130_fd_sc_hd__nand2_2)
    27    0.088135    0.342323    0.266652  100.648834 ^ _29832_/Y (sky130_fd_sc_hd__nand2_2)
                                                         _05967_ (net)
                      0.342323    0.000000  100.648834 ^ _29998_/S (sky130_fd_sc_hd__mux2_1)
     2    0.005640    0.050388    0.204899  100.853737 v _29998_/X (sky130_fd_sc_hd__mux2_1)
                                                         _06133_ (net)
                      0.050388    0.000000  100.853737 v _29999_/B (sky130_fd_sc_hd__and2_2)
     2    0.005721    0.044518    0.128360  100.982094 v _29999_/X (sky130_fd_sc_hd__and2_2)
                                                         _06134_ (net)
                      0.044518    0.000000  100.982094 v _30006_/A_N (sky130_fd_sc_hd__and4bb_2)
     2    0.008862    0.058231    0.191790  101.173882 ^ _30006_/X (sky130_fd_sc_hd__and4bb_2)
                                                         _06141_ (net)
                      0.058231    0.000000  101.173882 ^ _30019_/A (sky130_fd_sc_hd__nand4_2)
     2    0.003714    0.046630    0.041688  101.215569 v _30019_/Y (sky130_fd_sc_hd__nand4_2)
                                                         _06154_ (net)
                      0.046630    0.000000  101.215569 v _30043_/A (sky130_fd_sc_hd__or4bb_2)
     2    0.006263    0.071776    0.370811  101.586380 v _30043_/X (sky130_fd_sc_hd__or4bb_2)
                                                         _06178_ (net)
                      0.071776    0.000000  101.586380 v _30077_/A1 (sky130_fd_sc_hd__o221a_2)
     1    0.001643    0.028920    0.174943  101.761322 v _30077_/X (sky130_fd_sc_hd__o221a_2)
                                                         _06212_ (net)
                      0.028920    0.000000  101.761322 v _30079_/A2_N (sky130_fd_sc_hd__a2bb2o_2)
     1    0.004570    0.031319    0.139124  101.900452 ^ _30079_/X (sky130_fd_sc_hd__a2bb2o_2)
                                                         _06214_ (net)
                      0.031319    0.000000  101.900452 ^ _30082_/A2 (sky130_fd_sc_hd__a22oi_2)
     1    0.002337    0.027452    0.033893  101.934341 v _30082_/Y (sky130_fd_sc_hd__a22oi_2)
                                                         _06217_ (net)
                      0.027452    0.000000  101.934341 v _30139_/B1 (sky130_fd_sc_hd__o22a_2)
     1    0.001783    0.029318    0.110489  102.044830 v _30139_/X (sky130_fd_sc_hd__o22a_2)
                                                         _00170_ (net)
                      0.029318    0.000000  102.044830 v _30453_/D (sky130_fd_sc_hd__dfxtp_2)
                                            102.044830   data arrival time

                      0.150000   25.000000   25.000000   clock clk (rise edge)
                                  0.000000   25.000000   clock network delay (ideal)
                                 -0.250000   24.750000   clock uncertainty
                                  0.000000   24.750000   clock reconvergence pessimism
                                             24.750000 ^ _30453_/CLK (sky130_fd_sc_hd__dfxtp_2)
                                 -0.058915   24.691086   library setup time
                                             24.691086   data required time
---------------------------------------------------------------------------------------------
                                             24.691086   data required time
                                           -102.044830   data arrival time
---------------------------------------------------------------------------------------------
                                            -77.353752   slack (VIOLATED)




===========================================================================
 report_check_types -max_slew -max_cap -max_fanout -violators
============================================================================
======================= nom_ff_n40C_1v95 Corner ===================================

max slew

Pin                                        Limit        Slew       Slack
------------------------------------------------------------------------
_16141_/Y                               0.750000    2.968282   -2.218282 (VIOLATED)
_30139_/A2                              0.750000    2.968282   -2.218282 (VIOLATED)
_30140_/S                               0.750000    2.968282   -2.218282 (VIOLATED)
_30141_/S                               0.750000    2.968282   -2.218282 (VIOLATED)
_30142_/S                               0.750000    2.968282   -2.218282 (VIOLATED)
_30144_/S                               0.750000    2.968282   -2.218282 (VIOLATED)
_30145_/S                               0.750000    2.968282   -2.218282 (VIOLATED)
_30146_/S                               0.750000    2.968282   -2.218282 (VIOLATED)
_30148_/S                               0.750000    2.968282   -2.218282 (VIOLATED)
_30149_/S                               0.750000    2.968282   -2.218282 (VIOLATED)
_30150_/S                               0.750000    2.968282   -2.218282 (VIOLATED)
_30151_/S                               0.750000    2.968282   -2.218282 (VIOLATED)
_30152_/S                               0.750000    2.968282   -2.218282 (VIOLATED)
_30153_/S                               0.750000    2.968282   -2.218282 (VIOLATED)
_30154_/S                               0.750000    2.968282   -2.218282 (VIOLATED)
_30155_/S                               0.750000    2.968282   -2.218282 (VIOLATED)
_30156_/S                               0.750000    2.968282   -2.218282 (VIOLATED)
_30157_/S                               0.750000    2.968282   -2.218282 (VIOLATED)
_30158_/S                               0.750000    2.968282   -2.218282 (VIOLATED)
_30159_/S                               0.750000    2.968282   -2.218282 (VIOLATED)
_30160_/S                               0.750000    2.968282   -2.218282 (VIOLATED)
_30161_/S                               0.750000    2.968282   -2.218282 (VIOLATED)
_30162_/S                               0.750000    2.968282   -2.218282 (VIOLATED)
_30163_/S                               0.750000    2.968282   -2.218282 (VIOLATED)
_30164_/S                               0.750000    2.968282   -2.218282 (VIOLATED)
_30165_/S                               0.750000    2.968282   -2.218282 (VIOLATED)
_30166_/S                               0.750000    2.968282   -2.218282 (VIOLATED)
_30167_/S                               0.750000    2.968282   -2.218282 (VIOLATED)
_30168_/S                               0.750000    2.968282   -2.218282 (VIOLATED)
_30169_/S                               0.750000    2.968282   -2.218282 (VIOLATED)
_30170_/S                               0.750000    2.968282   -2.218282 (VIOLATED)
_30171_/S                               0.750000    2.968282   -2.218282 (VIOLATED)
_30172_/S                               0.750000    2.968282   -2.218282 (VIOLATED)
_30173_/S                               0.750000    2.968282   -2.218282 (VIOLATED)
_30174_/S                               0.750000    2.968282   -2.218282 (VIOLATED)
_30175_/S                               0.750000    2.968282   -2.218282 (VIOLATED)
_30176_/S                               0.750000    2.968282   -2.218282 (VIOLATED)
_30177_/S                               0.750000    2.968282   -2.218282 (VIOLATED)
_30178_/S                               0.750000    2.968282   -2.218282 (VIOLATED)
_30179_/S                               0.750000    2.968282   -2.218282 (VIOLATED)
_30180_/S                               0.750000    2.968282   -2.218282 (VIOLATED)
_30181_/S                               0.750000    2.968282   -2.218282 (VIOLATED)
_30182_/S                               0.750000    2.968282   -2.218282 (VIOLATED)
_30183_/S                               0.750000    2.968282   -2.218282 (VIOLATED)
_30184_/S                               0.750000    2.968282   -2.218282 (VIOLATED)
_30185_/S                               0.750000    2.968282   -2.218282 (VIOLATED)
_30186_/S                               0.750000    2.968282   -2.218282 (VIOLATED)
_30187_/S                               0.750000    2.968282   -2.218282 (VIOLATED)
_30188_/S                               0.750000    2.968282   -2.218282 (VIOLATED)
_30189_/S                               0.750000    2.968282   -2.218282 (VIOLATED)
_30190_/S                               0.750000    2.968282   -2.218282 (VIOLATED)
_30191_/S                               0.750000    2.968282   -2.218282 (VIOLATED)
_30192_/S                               0.750000    2.968282   -2.218282 (VIOLATED)
_30193_/S                               0.750000    2.968282   -2.218282 (VIOLATED)
_30194_/S                               0.750000    2.968282   -2.218282 (VIOLATED)
_30195_/S                               0.750000    2.968282   -2.218282 (VIOLATED)
_30196_/S                               0.750000    2.968282   -2.218282 (VIOLATED)
_30197_/S                               0.750000    2.968282   -2.218282 (VIOLATED)
_30198_/B                               0.750000    2.968282   -2.218282 (VIOLATED)
_30199_/A1                              0.750000    2.968282   -2.218282 (VIOLATED)
_30200_/S                               0.750000    2.968282   -2.218282 (VIOLATED)
_30201_/S                               0.750000    2.968282   -2.218282 (VIOLATED)
_30202_/S                               0.750000    2.968282   -2.218282 (VIOLATED)
_30203_/S                               0.750000    2.968282   -2.218282 (VIOLATED)
_30204_/S                               0.750000    2.968282   -2.218282 (VIOLATED)
_30205_/S                               0.750000    2.968282   -2.218282 (VIOLATED)
_30224_/S                               0.750000    2.968282   -2.218282 (VIOLATED)
_30225_/S                               0.750000    2.968282   -2.218282 (VIOLATED)
_30226_/S                               0.750000    2.968282   -2.218282 (VIOLATED)
_30227_/S                               0.750000    2.968282   -2.218282 (VIOLATED)
_30228_/S                               0.750000    2.968282   -2.218282 (VIOLATED)
_30229_/S                               0.750000    2.968282   -2.218282 (VIOLATED)
_30230_/S                               0.750000    2.968282   -2.218282 (VIOLATED)
_30231_/S                               0.750000    2.968282   -2.218282 (VIOLATED)
_15145_/A                               0.750000    1.724555   -0.974555 (VIOLATED)
_16120_/A1                              0.750000    1.724555   -0.974555 (VIOLATED)
_16175_/B1                              0.750000    1.724555   -0.974555 (VIOLATED)
_16177_/C                               0.750000    1.724555   -0.974555 (VIOLATED)
_16195_/A                               0.750000    1.724555   -0.974555 (VIOLATED)
_16229_/A1                              0.750000    1.724555   -0.974555 (VIOLATED)
_16230_/A1                              0.750000    1.724555   -0.974555 (VIOLATED)
_16251_/B1                              0.750000    1.724555   -0.974555 (VIOLATED)
_16255_/A                               0.750000    1.724555   -0.974555 (VIOLATED)
_16257_/A1                              0.750000    1.724555   -0.974555 (VIOLATED)
_16268_/A                               0.750000    1.724555   -0.974555 (VIOLATED)
_16269_/A                               0.750000    1.724555   -0.974555 (VIOLATED)
_16270_/A                               0.750000    1.724555   -0.974555 (VIOLATED)
_16372_/A                               0.750000    1.724555   -0.974555 (VIOLATED)
_16373_/A1                              0.750000    1.724555   -0.974555 (VIOLATED)
_16374_/A                               0.750000    1.724555   -0.974555 (VIOLATED)
_16410_/A                               0.750000    1.724555   -0.974555 (VIOLATED)
_16413_/A                               0.750000    1.724555   -0.974555 (VIOLATED)
_16469_/A                               0.750000    1.724555   -0.974555 (VIOLATED)
_16470_/A                               0.750000    1.724555   -0.974555 (VIOLATED)
_16480_/A1                              0.750000    1.724555   -0.974555 (VIOLATED)
_16603_/A                               0.750000    1.724555   -0.974555 (VIOLATED)
_16604_/A                               0.750000    1.724555   -0.974555 (VIOLATED)
_16667_/A                               0.750000    1.724555   -0.974555 (VIOLATED)
_16685_/C1                              0.750000    1.724555   -0.974555 (VIOLATED)
_16764_/A1                              0.750000    1.724555   -0.974555 (VIOLATED)
_16779_/A                               0.750000    1.724555   -0.974555 (VIOLATED)
_16898_/A                               0.750000    1.724555   -0.974555 (VIOLATED)
_16899_/A                               0.750000    1.724555   -0.974555 (VIOLATED)
_16919_/B2                              0.750000    1.724555   -0.974555 (VIOLATED)
_17123_/A                               0.750000    1.724555   -0.974555 (VIOLATED)
_17389_/A                               0.750000    1.724555   -0.974555 (VIOLATED)
_17390_/A                               0.750000    1.724555   -0.974555 (VIOLATED)
_17391_/A                               0.750000    1.724555   -0.974555 (VIOLATED)
_17497_/A                               0.750000    1.724555   -0.974555 (VIOLATED)
_17498_/A                               0.750000    1.724555   -0.974555 (VIOLATED)
_17620_/A                               0.750000    1.724555   -0.974555 (VIOLATED)
_17960_/A                               0.750000    1.724555   -0.974555 (VIOLATED)
_17962_/B2                              0.750000    1.724555   -0.974555 (VIOLATED)
_18156_/A1                              0.750000    1.724555   -0.974555 (VIOLATED)
_18165_/A1                              0.750000    1.724555   -0.974555 (VIOLATED)
_18183_/B2                              0.750000    1.724555   -0.974555 (VIOLATED)
_18426_/A                               0.750000    1.724555   -0.974555 (VIOLATED)
_18431_/A                               0.750000    1.724555   -0.974555 (VIOLATED)
_18432_/A                               0.750000    1.724555   -0.974555 (VIOLATED)
_18826_/B1                              0.750000    1.724555   -0.974555 (VIOLATED)
_18827_/A                               0.750000    1.724555   -0.974555 (VIOLATED)
_19074_/B1                              0.750000    1.724555   -0.974555 (VIOLATED)
_19075_/A                               0.750000    1.724555   -0.974555 (VIOLATED)
_19273_/A                               0.750000    1.724555   -0.974555 (VIOLATED)
_19281_/A                               0.750000    1.724555   -0.974555 (VIOLATED)
_19487_/B1                              0.750000    1.724555   -0.974555 (VIOLATED)
_19488_/A                               0.750000    1.724555   -0.974555 (VIOLATED)
_19703_/B1                              0.750000    1.724555   -0.974555 (VIOLATED)
_19704_/A                               0.750000    1.724555   -0.974555 (VIOLATED)
_19923_/A                               0.750000    1.724555   -0.974555 (VIOLATED)
_20106_/A                               0.750000    1.724555   -0.974555 (VIOLATED)
_20107_/A                               0.750000    1.724555   -0.974555 (VIOLATED)
_20324_/A                               0.750000    1.724555   -0.974555 (VIOLATED)
_20325_/A                               0.750000    1.724555   -0.974555 (VIOLATED)
_20629_/A                               0.750000    1.724555   -0.974555 (VIOLATED)
_20630_/A                               0.750000    1.724555   -0.974555 (VIOLATED)
_20857_/A                               0.750000    1.724555   -0.974555 (VIOLATED)
_20979_/A                               0.750000    1.724555   -0.974555 (VIOLATED)
_21541_/A                               0.750000    1.724555   -0.974555 (VIOLATED)
_21966_/A                               0.750000    1.724555   -0.974555 (VIOLATED)
_21967_/A                               0.750000    1.724555   -0.974555 (VIOLATED)
_21977_/A1                              0.750000    1.724555   -0.974555 (VIOLATED)
_22351_/B1                              0.750000    1.724555   -0.974555 (VIOLATED)
_22352_/A                               0.750000    1.724555   -0.974555 (VIOLATED)
_22504_/A                               0.750000    1.724555   -0.974555 (VIOLATED)
_22505_/B2                              0.750000    1.724555   -0.974555 (VIOLATED)
_22506_/A                               0.750000    1.724555   -0.974555 (VIOLATED)
_22507_/A                               0.750000    1.724555   -0.974555 (VIOLATED)
_22811_/B1                              0.750000    1.724555   -0.974555 (VIOLATED)
_22812_/A                               0.750000    1.724555   -0.974555 (VIOLATED)
_23207_/B1                              0.750000    1.724555   -0.974555 (VIOLATED)
_23208_/A                               0.750000    1.724555   -0.974555 (VIOLATED)
_23211_/A1                              0.750000    1.724555   -0.974555 (VIOLATED)
_23406_/A                               0.750000    1.724555   -0.974555 (VIOLATED)
_23429_/A1                              0.750000    1.724555   -0.974555 (VIOLATED)
_23729_/A                               0.750000    1.724555   -0.974555 (VIOLATED)
_23730_/A                               0.750000    1.724555   -0.974555 (VIOLATED)
_23753_/A1                              0.750000    1.724555   -0.974555 (VIOLATED)
_23999_/A                               0.750000    1.724555   -0.974555 (VIOLATED)
_24000_/A                               0.750000    1.724555   -0.974555 (VIOLATED)
_24495_/B1                              0.750000    1.724555   -0.974555 (VIOLATED)
_24496_/A                               0.750000    1.724555   -0.974555 (VIOLATED)
_24905_/A                               0.750000    1.724555   -0.974555 (VIOLATED)
_24906_/A1                              0.750000    1.724555   -0.974555 (VIOLATED)
_24907_/A                               0.750000    1.724555   -0.974555 (VIOLATED)
_25240_/A                               0.750000    1.724555   -0.974555 (VIOLATED)
_25241_/A                               0.750000    1.724555   -0.974555 (VIOLATED)
_25573_/A                               0.750000    1.724555   -0.974555 (VIOLATED)
_25574_/A                               0.750000    1.724555   -0.974555 (VIOLATED)
_25575_/A                               0.750000    1.724555   -0.974555 (VIOLATED)
_25578_/A1                              0.750000    1.724555   -0.974555 (VIOLATED)
_25817_/A                               0.750000    1.724555   -0.974555 (VIOLATED)
_26513_/A                               0.750000    1.724555   -0.974555 (VIOLATED)
_26514_/A                               0.750000    1.724555   -0.974555 (VIOLATED)
_26817_/A                               0.750000    1.724555   -0.974555 (VIOLATED)
_26818_/A                               0.750000    1.724555   -0.974555 (VIOLATED)
_26824_/C1                              0.750000    1.724555   -0.974555 (VIOLATED)
_27225_/A                               0.750000    1.724555   -0.974555 (VIOLATED)
_27235_/A                               0.750000    1.724555   -0.974555 (VIOLATED)
_27236_/A1                              0.750000    1.724555   -0.974555 (VIOLATED)
_27622_/A1                              0.750000    1.724555   -0.974555 (VIOLATED)
_27797_/A                               0.750000    1.724555   -0.974555 (VIOLATED)
_27798_/A                               0.750000    1.724555   -0.974555 (VIOLATED)
_27858_/A1                              0.750000    1.724555   -0.974555 (VIOLATED)
_29599_/A                               0.750000    1.724555   -0.974555 (VIOLATED)
_30062_/A1                              0.750000    1.724555   -0.974555 (VIOLATED)
_30066_/A1                              0.750000    1.724555   -0.974555 (VIOLATED)
_30420_/Q                               0.750000    1.724555   -0.974555 (VIOLATED)
_15143_/A                               0.750000    1.665793   -0.915793 (VIOLATED)
_16118_/A1                              0.750000    1.665793   -0.915793 (VIOLATED)
_16175_/A1                              0.750000    1.665793   -0.915793 (VIOLATED)
_16177_/B                               0.750000    1.665793   -0.915793 (VIOLATED)
_16182_/A                               0.750000    1.665793   -0.915793 (VIOLATED)
_16207_/A                               0.750000    1.665793   -0.915793 (VIOLATED)
_16208_/B1                              0.750000    1.665793   -0.915793 (VIOLATED)
_16209_/B1                              0.750000    1.665793   -0.915793 (VIOLATED)
_16211_/A1                              0.750000    1.665793   -0.915793 (VIOLATED)
_16275_/A                               0.750000    1.665793   -0.915793 (VIOLATED)
_16276_/A                               0.750000    1.665793   -0.915793 (VIOLATED)
_16278_/A1                              0.750000    1.665793   -0.915793 (VIOLATED)
_16305_/A                               0.750000    1.665793   -0.915793 (VIOLATED)
_16364_/A                               0.750000    1.665793   -0.915793 (VIOLATED)
_16365_/B1                              0.750000    1.665793   -0.915793 (VIOLATED)
_16369_/A1                              0.750000    1.665793   -0.915793 (VIOLATED)
_16415_/A                               0.750000    1.665793   -0.915793 (VIOLATED)
_16426_/A                               0.750000    1.665793   -0.915793 (VIOLATED)
_16429_/A1                              0.750000    1.665793   -0.915793 (VIOLATED)
_16430_/A1                              0.750000    1.665793   -0.915793 (VIOLATED)
_16474_/A                               0.750000    1.665793   -0.915793 (VIOLATED)
_16475_/A                               0.750000    1.665793   -0.915793 (VIOLATED)
_16477_/A1                              0.750000    1.665793   -0.915793 (VIOLATED)
_16533_/A                               0.750000    1.665793   -0.915793 (VIOLATED)
_16611_/A                               0.750000    1.665793   -0.915793 (VIOLATED)
_16612_/A                               0.750000    1.665793   -0.915793 (VIOLATED)
_16614_/A1                              0.750000    1.665793   -0.915793 (VIOLATED)
_16680_/A                               0.750000    1.665793   -0.915793 (VIOLATED)
_16682_/A                               0.750000    1.665793   -0.915793 (VIOLATED)
_16789_/B1                              0.750000    1.665793   -0.915793 (VIOLATED)
_16792_/A                               0.750000    1.665793   -0.915793 (VIOLATED)
_16910_/B1                              0.750000    1.665793   -0.915793 (VIOLATED)
_16912_/A                               0.750000    1.665793   -0.915793 (VIOLATED)
_17134_/A                               0.750000    1.665793   -0.915793 (VIOLATED)
_17380_/C1                              0.750000    1.665793   -0.915793 (VIOLATED)
_17631_/A                               0.750000    1.665793   -0.915793 (VIOLATED)
_17785_/A                               0.750000    1.665793   -0.915793 (VIOLATED)
_17786_/A                               0.750000    1.665793   -0.915793 (VIOLATED)
_17951_/A                               0.750000    1.665793   -0.915793 (VIOLATED)
_18161_/A                               0.750000    1.665793   -0.915793 (VIOLATED)
_18162_/A                               0.750000    1.665793   -0.915793 (VIOLATED)
_18416_/B1                              0.750000    1.665793   -0.915793 (VIOLATED)
_18417_/A                               0.750000    1.665793   -0.915793 (VIOLATED)
_18429_/A1                              0.750000    1.665793   -0.915793 (VIOLATED)
_18635_/B1                              0.750000    1.665793   -0.915793 (VIOLATED)
_18642_/A                               0.750000    1.665793   -0.915793 (VIOLATED)
_18643_/A                               0.750000    1.665793   -0.915793 (VIOLATED)
_18830_/A                               0.750000    1.665793   -0.915793 (VIOLATED)
_18833_/B1                              0.750000    1.665793   -0.915793 (VIOLATED)
_18836_/B                               0.750000    1.665793   -0.915793 (VIOLATED)
_18837_/C1                              0.750000    1.665793   -0.915793 (VIOLATED)
_18918_/A                               0.750000    1.665793   -0.915793 (VIOLATED)
_18922_/B1                              0.750000    1.665793   -0.915793 (VIOLATED)
_19077_/A                               0.750000    1.665793   -0.915793 (VIOLATED)
_19082_/B1                              0.750000    1.665793   -0.915793 (VIOLATED)
_19279_/A                               0.750000    1.665793   -0.915793 (VIOLATED)
_19465_/A                               0.750000    1.665793   -0.915793 (VIOLATED)
_19492_/A                               0.750000    1.665793   -0.915793 (VIOLATED)
_19493_/B1                              0.750000    1.665793   -0.915793 (VIOLATED)
_19708_/A                               0.750000    1.665793   -0.915793 (VIOLATED)
_19882_/A                               0.750000    1.665793   -0.915793 (VIOLATED)
_19913_/A                               0.750000    1.665793   -0.915793 (VIOLATED)
_19918_/A                               0.750000    1.665793   -0.915793 (VIOLATED)
_20110_/A                               0.750000    1.665793   -0.915793 (VIOLATED)
_20117_/A                               0.750000    1.665793   -0.915793 (VIOLATED)
_20316_/A                               0.750000    1.665793   -0.915793 (VIOLATED)
_20320_/A                               0.750000    1.665793   -0.915793 (VIOLATED)
_20527_/A                               0.750000    1.665793   -0.915793 (VIOLATED)
_20635_/A                               0.750000    1.665793   -0.915793 (VIOLATED)
_20636_/A1                              0.750000    1.665793   -0.915793 (VIOLATED)
_20860_/A                               0.750000    1.665793   -0.915793 (VIOLATED)
_20866_/A                               0.750000    1.665793   -0.915793 (VIOLATED)
_20985_/A                               0.750000    1.665793   -0.915793 (VIOLATED)
_20987_/A1                              0.750000    1.665793   -0.915793 (VIOLATED)
_21280_/A                               0.750000    1.665793   -0.915793 (VIOLATED)
_21283_/A                               0.750000    1.665793   -0.915793 (VIOLATED)
_21536_/A                               0.750000    1.665793   -0.915793 (VIOLATED)
_21816_/A                               0.750000    1.665793   -0.915793 (VIOLATED)
_21819_/C1                              0.750000    1.665793   -0.915793 (VIOLATED)
_21962_/A                               0.750000    1.665793   -0.915793 (VIOLATED)
_21969_/A                               0.750000    1.665793   -0.915793 (VIOLATED)
_21974_/A                               0.750000    1.665793   -0.915793 (VIOLATED)
_21975_/A                               0.750000    1.665793   -0.915793 (VIOLATED)
_22366_/A                               0.750000    1.665793   -0.915793 (VIOLATED)
_22371_/B1                              0.750000    1.665793   -0.915793 (VIOLATED)
_22499_/B1                              0.750000    1.665793   -0.915793 (VIOLATED)
_22819_/B1                              0.750000    1.665793   -0.915793 (VIOLATED)
_23399_/A                               0.750000    1.665793   -0.915793 (VIOLATED)
_23400_/A                               0.750000    1.665793   -0.915793 (VIOLATED)
_23409_/A                               0.750000    1.665793   -0.915793 (VIOLATED)
_23732_/A                               0.750000    1.665793   -0.915793 (VIOLATED)
_23736_/A                               0.750000    1.665793   -0.915793 (VIOLATED)
_24003_/A                               0.750000    1.665793   -0.915793 (VIOLATED)
_24009_/A                               0.750000    1.665793   -0.915793 (VIOLATED)
_24010_/C1                              0.750000    1.665793   -0.915793 (VIOLATED)
_24245_/A                               0.750000    1.665793   -0.915793 (VIOLATED)
_24250_/B1                              0.750000    1.665793   -0.915793 (VIOLATED)
_24489_/A                               0.750000    1.665793   -0.915793 (VIOLATED)
_24500_/B1                              0.750000    1.665793   -0.915793 (VIOLATED)
_24895_/B1                              0.750000    1.665793   -0.915793 (VIOLATED)
_24896_/B1                              0.750000    1.665793   -0.915793 (VIOLATED)
_25244_/A                               0.750000    1.665793   -0.915793 (VIOLATED)
_25250_/A                               0.750000    1.665793   -0.915793 (VIOLATED)
_25563_/A                               0.750000    1.665793   -0.915793 (VIOLATED)
_25805_/A                               0.750000    1.665793   -0.915793 (VIOLATED)
_25806_/A1                              0.750000    1.665793   -0.915793 (VIOLATED)
_26509_/A                               0.750000    1.665793   -0.915793 (VIOLATED)
_26517_/A                               0.750000    1.665793   -0.915793 (VIOLATED)
_26524_/A                               0.750000    1.665793   -0.915793 (VIOLATED)
_26525_/A1                              0.750000    1.665793   -0.915793 (VIOLATED)
_26807_/A                               0.750000    1.665793   -0.915793 (VIOLATED)
_26813_/A                               0.750000    1.665793   -0.915793 (VIOLATED)
_27221_/B1                              0.750000    1.665793   -0.915793 (VIOLATED)
_27227_/A                               0.750000    1.665793   -0.915793 (VIOLATED)
_27234_/B1                              0.750000    1.665793   -0.915793 (VIOLATED)
_27601_/A                               0.750000    1.665793   -0.915793 (VIOLATED)
_27801_/A                               0.750000    1.665793   -0.915793 (VIOLATED)
_27808_/A                               0.750000    1.665793   -0.915793 (VIOLATED)
_27809_/A1                              0.750000    1.665793   -0.915793 (VIOLATED)
_28983_/A                               0.750000    1.665793   -0.915793 (VIOLATED)
_28987_/A                               0.750000    1.665793   -0.915793 (VIOLATED)
_28988_/C1                              0.750000    1.665793   -0.915793 (VIOLATED)
_29491_/A                               0.750000    1.665793   -0.915793 (VIOLATED)
_29497_/A                               0.750000    1.665793   -0.915793 (VIOLATED)
_29603_/A                               0.750000    1.665793   -0.915793 (VIOLATED)
_29608_/A                               0.750000    1.665793   -0.915793 (VIOLATED)
_29609_/C1                              0.750000    1.665793   -0.915793 (VIOLATED)
_30060_/A1                              0.750000    1.665793   -0.915793 (VIOLATED)
_30418_/Q                               0.750000    1.665793   -0.915793 (VIOLATED)
_15142_/A                               0.750000    1.598696   -0.848696 (VIOLATED)
_16119_/A1                              0.750000    1.598696   -0.848696 (VIOLATED)
_16175_/C1                              0.750000    1.598696   -0.848696 (VIOLATED)
_16177_/A                               0.750000    1.598696   -0.848696 (VIOLATED)
_16190_/A                               0.750000    1.598696   -0.848696 (VIOLATED)
_16192_/A1                              0.750000    1.598696   -0.848696 (VIOLATED)
_16194_/A                               0.750000    1.598696   -0.848696 (VIOLATED)
_16202_/A                               0.750000    1.598696   -0.848696 (VIOLATED)
_16203_/B1                              0.750000    1.598696   -0.848696 (VIOLATED)
_16240_/B1                              0.750000    1.598696   -0.848696 (VIOLATED)
_16241_/B1                              0.750000    1.598696   -0.848696 (VIOLATED)
_16252_/A                               0.750000    1.598696   -0.848696 (VIOLATED)
_16301_/A                               0.750000    1.598696   -0.848696 (VIOLATED)
_16302_/A                               0.750000    1.598696   -0.848696 (VIOLATED)
_16357_/B1                              0.750000    1.598696   -0.848696 (VIOLATED)
_16358_/A                               0.750000    1.598696   -0.848696 (VIOLATED)
_16422_/C1                              0.750000    1.598696   -0.848696 (VIOLATED)
_16465_/A                               0.750000    1.598696   -0.848696 (VIOLATED)
_16466_/A                               0.750000    1.598696   -0.848696 (VIOLATED)
_16480_/C1                              0.750000    1.598696   -0.848696 (VIOLATED)
_16526_/A                               0.750000    1.598696   -0.848696 (VIOLATED)
_16527_/A                               0.750000    1.598696   -0.848696 (VIOLATED)
_16537_/A1                              0.750000    1.598696   -0.848696 (VIOLATED)
_16607_/A                               0.750000    1.598696   -0.848696 (VIOLATED)
_16608_/A                               0.750000    1.598696   -0.848696 (VIOLATED)
_16681_/A                               0.750000    1.598696   -0.848696 (VIOLATED)
_16782_/A                               0.750000    1.598696   -0.848696 (VIOLATED)
_16783_/A                               0.750000    1.598696   -0.848696 (VIOLATED)
_17130_/A                               0.750000    1.598696   -0.848696 (VIOLATED)
_17131_/B2                              0.750000    1.598696   -0.848696 (VIOLATED)
_17138_/A                               0.750000    1.598696   -0.848696 (VIOLATED)
_17276_/A                               0.750000    1.598696   -0.848696 (VIOLATED)
_17285_/B2                              0.750000    1.598696   -0.848696 (VIOLATED)
_17365_/A1                              0.750000    1.598696   -0.848696 (VIOLATED)
_17384_/A                               0.750000    1.598696   -0.848696 (VIOLATED)
_17483_/A                               0.750000    1.598696   -0.848696 (VIOLATED)
_17484_/A                               0.750000    1.598696   -0.848696 (VIOLATED)
_17947_/A                               0.750000    1.598696   -0.848696 (VIOLATED)
_17948_/A                               0.750000    1.598696   -0.848696 (VIOLATED)
_18155_/A                               0.750000    1.598696   -0.848696 (VIOLATED)
_18156_/B2                              0.750000    1.598696   -0.848696 (VIOLATED)
_18157_/A                               0.750000    1.598696   -0.848696 (VIOLATED)
_18409_/A                               0.750000    1.598696   -0.848696 (VIOLATED)
_18410_/A                               0.750000    1.598696   -0.848696 (VIOLATED)
_18429_/B2                              0.750000    1.598696   -0.848696 (VIOLATED)
_18836_/A                               0.750000    1.598696   -0.848696 (VIOLATED)
_18837_/A1                              0.750000    1.598696   -0.848696 (VIOLATED)
_18838_/A1                              0.750000    1.598696   -0.848696 (VIOLATED)
_18839_/A1                              0.750000    1.598696   -0.848696 (VIOLATED)
_18920_/A                               0.750000    1.598696   -0.848696 (VIOLATED)
_19080_/A                               0.750000    1.598696   -0.848696 (VIOLATED)
_19081_/B1                              0.750000    1.598696   -0.848696 (VIOLATED)
_19277_/A                               0.750000    1.598696   -0.848696 (VIOLATED)
_19711_/B1                              0.750000    1.598696   -0.848696 (VIOLATED)
_19712_/A                               0.750000    1.598696   -0.848696 (VIOLATED)
_19915_/B1                              0.750000    1.598696   -0.848696 (VIOLATED)
_19916_/A                               0.750000    1.598696   -0.848696 (VIOLATED)
_20113_/A                               0.750000    1.598696   -0.848696 (VIOLATED)
_20114_/B1                              0.750000    1.598696   -0.848696 (VIOLATED)
_20115_/A                               0.750000    1.598696   -0.848696 (VIOLATED)
_20318_/A                               0.750000    1.598696   -0.848696 (VIOLATED)
_20631_/A                               0.750000    1.598696   -0.848696 (VIOLATED)
_20986_/A                               0.750000    1.598696   -0.848696 (VIOLATED)
_21284_/A1                              0.750000    1.598696   -0.848696 (VIOLATED)
_21285_/A1                              0.750000    1.598696   -0.848696 (VIOLATED)
_21534_/A                               0.750000    1.598696   -0.848696 (VIOLATED)
_21537_/A                               0.750000    1.598696   -0.848696 (VIOLATED)
_21819_/A1                              0.750000    1.598696   -0.848696 (VIOLATED)
_21820_/A1                              0.750000    1.598696   -0.848696 (VIOLATED)
_21972_/A                               0.750000    1.598696   -0.848696 (VIOLATED)
_21973_/A                               0.750000    1.598696   -0.848696 (VIOLATED)
_21977_/B2                              0.750000    1.598696   -0.848696 (VIOLATED)
_22369_/A                               0.750000    1.598696   -0.848696 (VIOLATED)
_22370_/B1                              0.750000    1.598696   -0.848696 (VIOLATED)
_22494_/A                               0.750000    1.598696   -0.848696 (VIOLATED)
_22495_/B1                              0.750000    1.598696   -0.848696 (VIOLATED)
_22496_/A                               0.750000    1.598696   -0.848696 (VIOLATED)
_22817_/A                               0.750000    1.598696   -0.848696 (VIOLATED)
_22818_/B1                              0.750000    1.598696   -0.848696 (VIOLATED)
_23200_/A                               0.750000    1.598696   -0.848696 (VIOLATED)
_23211_/C1                              0.750000    1.598696   -0.848696 (VIOLATED)
_23407_/A                               0.750000    1.598696   -0.848696 (VIOLATED)
_23408_/B1                              0.750000    1.598696   -0.848696 (VIOLATED)
_23734_/A                               0.750000    1.598696   -0.848696 (VIOLATED)
_24007_/B1                              0.750000    1.598696   -0.848696 (VIOLATED)
_24008_/A                               0.750000    1.598696   -0.848696 (VIOLATED)
_24010_/A1                              0.750000    1.598696   -0.848696 (VIOLATED)
_24247_/B1                              0.750000    1.598696   -0.848696 (VIOLATED)
_24248_/A                               0.750000    1.598696   -0.848696 (VIOLATED)
_24497_/A                               0.750000    1.598696   -0.848696 (VIOLATED)
_24498_/B1                              0.750000    1.598696   -0.848696 (VIOLATED)
_24901_/A                               0.750000    1.598696   -0.848696 (VIOLATED)
_24902_/B1                              0.750000    1.598696   -0.848696 (VIOLATED)
_24903_/A                               0.750000    1.598696   -0.848696 (VIOLATED)
_25248_/A                               0.750000    1.598696   -0.848696 (VIOLATED)
_25567_/A                               0.750000    1.598696   -0.848696 (VIOLATED)
_25568_/A                               0.750000    1.598696   -0.848696 (VIOLATED)
_25578_/C1                              0.750000    1.598696   -0.848696 (VIOLATED)
_26520_/A                               0.750000    1.598696   -0.848696 (VIOLATED)
_26810_/A                               0.750000    1.598696   -0.848696 (VIOLATED)
_26811_/B1                              0.750000    1.598696   -0.848696 (VIOLATED)
_27230_/B1                              0.750000    1.598696   -0.848696 (VIOLATED)
_27231_/A                               0.750000    1.598696   -0.848696 (VIOLATED)
_27232_/A                               0.750000    1.598696   -0.848696 (VIOLATED)
_27804_/A                               0.750000    1.598696   -0.848696 (VIOLATED)
_27805_/B1                              0.750000    1.598696   -0.848696 (VIOLATED)
_27806_/A                               0.750000    1.598696   -0.848696 (VIOLATED)
_28986_/B1                              0.750000    1.598696   -0.848696 (VIOLATED)
_28988_/B2                              0.750000    1.598696   -0.848696 (VIOLATED)
_29483_/A                               0.750000    1.598696   -0.848696 (VIOLATED)
_29493_/B1                              0.750000    1.598696   -0.848696 (VIOLATED)
_29494_/B1                              0.750000    1.598696   -0.848696 (VIOLATED)
_29495_/A                               0.750000    1.598696   -0.848696 (VIOLATED)
_29607_/B1                              0.750000    1.598696   -0.848696 (VIOLATED)
_29609_/A1                              0.750000    1.598696   -0.848696 (VIOLATED)
_30058_/A                               0.750000    1.598696   -0.848696 (VIOLATED)
_30419_/Q                               0.750000    1.598696   -0.848696 (VIOLATED)
_15144_/A                               0.750000    1.596974   -0.846974 (VIOLATED)
_16121_/A1                              0.750000    1.596974   -0.846974 (VIOLATED)
_16169_/A                               0.750000    1.596974   -0.846974 (VIOLATED)
_16257_/B2                              0.750000    1.596974   -0.846974 (VIOLATED)
_16263_/A1                              0.750000    1.596974   -0.846974 (VIOLATED)
_16284_/A                               0.750000    1.596974   -0.846974 (VIOLATED)
_16286_/A                               0.750000    1.596974   -0.846974 (VIOLATED)
_16287_/A1                              0.750000    1.596974   -0.846974 (VIOLATED)
_16316_/A                               0.750000    1.596974   -0.846974 (VIOLATED)
_16318_/A                               0.750000    1.596974   -0.846974 (VIOLATED)
_16324_/A1                              0.750000    1.596974   -0.846974 (VIOLATED)
_16349_/A                               0.750000    1.596974   -0.846974 (VIOLATED)
_16352_/A                               0.750000    1.596974   -0.846974 (VIOLATED)
_16404_/A                               0.750000    1.596974   -0.846974 (VIOLATED)
_16405_/A                               0.750000    1.596974   -0.846974 (VIOLATED)
_16406_/A                               0.750000    1.596974   -0.846974 (VIOLATED)
_16459_/A                               0.750000    1.596974   -0.846974 (VIOLATED)
_16598_/A                               0.750000    1.596974   -0.846974 (VIOLATED)
_16620_/A                               0.750000    1.596974   -0.846974 (VIOLATED)
_16671_/A                               0.750000    1.596974   -0.846974 (VIOLATED)
_16685_/A1                              0.750000    1.596974   -0.846974 (VIOLATED)
_16686_/A1                              0.750000    1.596974   -0.846974 (VIOLATED)
_16892_/A                               0.750000    1.596974   -0.846974 (VIOLATED)
_16893_/A                               0.750000    1.596974   -0.846974 (VIOLATED)
_16894_/A                               0.750000    1.596974   -0.846974 (VIOLATED)
_16919_/A1                              0.750000    1.596974   -0.846974 (VIOLATED)
_17004_/B1                              0.750000    1.596974   -0.846974 (VIOLATED)
_17005_/A                               0.750000    1.596974   -0.846974 (VIOLATED)
_17110_/B2                              0.750000    1.596974   -0.846974 (VIOLATED)
_17143_/A                               0.750000    1.596974   -0.846974 (VIOLATED)
_17286_/A1                              0.750000    1.596974   -0.846974 (VIOLATED)
_17515_/A                               0.750000    1.596974   -0.846974 (VIOLATED)
_17615_/A                               0.750000    1.596974   -0.846974 (VIOLATED)
_17805_/A                               0.750000    1.596974   -0.846974 (VIOLATED)
_17809_/A                               0.750000    1.596974   -0.846974 (VIOLATED)
_17942_/A                               0.750000    1.596974   -0.846974 (VIOLATED)
_17943_/A                               0.750000    1.596974   -0.846974 (VIOLATED)
_17962_/A1                              0.750000    1.596974   -0.846974 (VIOLATED)
_18189_/A1                              0.750000    1.596974   -0.846974 (VIOLATED)
_18400_/A1                              0.750000    1.596974   -0.846974 (VIOLATED)
_18423_/A                               0.750000    1.596974   -0.846974 (VIOLATED)
_18427_/A                               0.750000    1.596974   -0.846974 (VIOLATED)
_18433_/A                               0.750000    1.596974   -0.846974 (VIOLATED)
_18608_/A                               0.750000    1.596974   -0.846974 (VIOLATED)
_18609_/B1                              0.750000    1.596974   -0.846974 (VIOLATED)
_18987_/B2                              0.750000    1.596974   -0.846974 (VIOLATED)
_19129_/A1                              0.750000    1.596974   -0.846974 (VIOLATED)
_19283_/A                               0.750000    1.596974   -0.846974 (VIOLATED)
_19292_/A                               0.750000    1.596974   -0.846974 (VIOLATED)
_19295_/A                               0.750000    1.596974   -0.846974 (VIOLATED)
_19470_/A1                              0.750000    1.596974   -0.846974 (VIOLATED)
_19698_/B1                              0.750000    1.596974   -0.846974 (VIOLATED)
_19699_/A                               0.750000    1.596974   -0.846974 (VIOLATED)
_19925_/A                               0.750000    1.596974   -0.846974 (VIOLATED)
_20099_/A                               0.750000    1.596974   -0.846974 (VIOLATED)
_20100_/A                               0.750000    1.596974   -0.846974 (VIOLATED)
_20623_/B1                              0.750000    1.596974   -0.846974 (VIOLATED)
_20624_/A                               0.750000    1.596974   -0.846974 (VIOLATED)
_20855_/A                               0.750000    1.596974   -0.846974 (VIOLATED)
_20856_/A                               0.750000    1.596974   -0.846974 (VIOLATED)
_20996_/A1                              0.750000    1.596974   -0.846974 (VIOLATED)
_20998_/A1                              0.750000    1.596974   -0.846974 (VIOLATED)
_21264_/A1                              0.750000    1.596974   -0.846974 (VIOLATED)
_21563_/A                               0.750000    1.596974   -0.846974 (VIOLATED)
_21567_/B2                              0.750000    1.596974   -0.846974 (VIOLATED)
_21790_/A1                              0.750000    1.596974   -0.846974 (VIOLATED)
_21814_/A                               0.750000    1.596974   -0.846974 (VIOLATED)
_21951_/B1                              0.750000    1.596974   -0.846974 (VIOLATED)
_21952_/A                               0.750000    1.596974   -0.846974 (VIOLATED)
_22360_/A                               0.750000    1.596974   -0.846974 (VIOLATED)
_22539_/B1                              0.750000    1.596974   -0.846974 (VIOLATED)
_22540_/A                               0.750000    1.596974   -0.846974 (VIOLATED)
_22828_/A                               0.750000    1.596974   -0.846974 (VIOLATED)
_22829_/A1                              0.750000    1.596974   -0.846974 (VIOLATED)
_22830_/A                               0.750000    1.596974   -0.846974 (VIOLATED)
_23216_/A                               0.750000    1.596974   -0.846974 (VIOLATED)
_23217_/A                               0.750000    1.596974   -0.846974 (VIOLATED)
_23426_/A                               0.750000    1.596974   -0.846974 (VIOLATED)
_23427_/A                               0.750000    1.596974   -0.846974 (VIOLATED)
_23429_/B2                              0.750000    1.596974   -0.846974 (VIOLATED)
_23764_/A                               0.750000    1.596974   -0.846974 (VIOLATED)
_23996_/A                               0.750000    1.596974   -0.846974 (VIOLATED)
_24012_/A                               0.750000    1.596974   -0.846974 (VIOLATED)
_24257_/B1                              0.750000    1.596974   -0.846974 (VIOLATED)
_24258_/A                               0.750000    1.596974   -0.846974 (VIOLATED)
_24523_/B1                              0.750000    1.596974   -0.846974 (VIOLATED)
_24524_/A                               0.750000    1.596974   -0.846974 (VIOLATED)
_24940_/B1                              0.750000    1.596974   -0.846974 (VIOLATED)
_24941_/A                               0.750000    1.596974   -0.846974 (VIOLATED)
_25236_/A                               0.750000    1.596974   -0.846974 (VIOLATED)
_25237_/A                               0.750000    1.596974   -0.846974 (VIOLATED)
_25582_/A                               0.750000    1.596974   -0.846974 (VIOLATED)
_25583_/A                               0.750000    1.596974   -0.846974 (VIOLATED)
_25813_/A                               0.750000    1.596974   -0.846974 (VIOLATED)
_25816_/A1_N                            0.750000    1.596974   -0.846974 (VIOLATED)
_25828_/A                               0.750000    1.596974   -0.846974 (VIOLATED)
_26551_/A                               0.750000    1.596974   -0.846974 (VIOLATED)
_26552_/B1                              0.750000    1.596974   -0.846974 (VIOLATED)
_26553_/A                               0.750000    1.596974   -0.846974 (VIOLATED)
_26822_/A                               0.750000    1.596974   -0.846974 (VIOLATED)
_26824_/A1                              0.750000    1.596974   -0.846974 (VIOLATED)
_26825_/A1                              0.750000    1.596974   -0.846974 (VIOLATED)
_27253_/B1                              0.750000    1.596974   -0.846974 (VIOLATED)
_27254_/B1                              0.750000    1.596974   -0.846974 (VIOLATED)
_27255_/A                               0.750000    1.596974   -0.846974 (VIOLATED)
_27609_/A                               0.750000    1.596974   -0.846974 (VIOLATED)
_27620_/A                               0.750000    1.596974   -0.846974 (VIOLATED)
_27622_/B2                              0.750000    1.596974   -0.846974 (VIOLATED)
_28970_/A                               0.750000    1.596974   -0.846974 (VIOLATED)
_28972_/A                               0.750000    1.596974   -0.846974 (VIOLATED)
_29480_/A                               0.750000    1.596974   -0.846974 (VIOLATED)
_29481_/A                               0.750000    1.596974   -0.846974 (VIOLATED)
_30066_/B2                              0.750000    1.596974   -0.846974 (VIOLATED)
_30068_/A1                              0.750000    1.596974   -0.846974 (VIOLATED)
_30421_/Q                               0.750000    1.596974   -0.846974 (VIOLATED)
_15147_/A                               0.750000    1.467440   -0.717440 (VIOLATED)
_16124_/A1                              0.750000    1.467440   -0.717440 (VIOLATED)
_16170_/A                               0.750000    1.467440   -0.717440 (VIOLATED)
_16172_/B                               0.750000    1.467440   -0.717440 (VIOLATED)
_16381_/B2                              0.750000    1.467440   -0.717440 (VIOLATED)
_16382_/A1                              0.750000    1.467440   -0.717440 (VIOLATED)
_16391_/A                               0.750000    1.467440   -0.717440 (VIOLATED)
_16441_/A1                              0.750000    1.467440   -0.717440 (VIOLATED)
_16448_/A                               0.750000    1.467440   -0.717440 (VIOLATED)
_16449_/A                               0.750000    1.467440   -0.717440 (VIOLATED)
_16521_/A                               0.750000    1.467440   -0.717440 (VIOLATED)
_16522_/A                               0.750000    1.467440   -0.717440 (VIOLATED)
_16584_/A                               0.750000    1.467440   -0.717440 (VIOLATED)
_16585_/A                               0.750000    1.467440   -0.717440 (VIOLATED)
_16696_/A                               0.750000    1.467440   -0.717440 (VIOLATED)
_16697_/A                               0.750000    1.467440   -0.717440 (VIOLATED)
_16755_/A                               0.750000    1.467440   -0.717440 (VIOLATED)
_16802_/A                               0.750000    1.467440   -0.717440 (VIOLATED)
_16803_/A                               0.750000    1.467440   -0.717440 (VIOLATED)
_16868_/A                               0.750000    1.467440   -0.717440 (VIOLATED)
_16869_/A                               0.750000    1.467440   -0.717440 (VIOLATED)
_17154_/C1                              0.750000    1.467440   -0.717440 (VIOLATED)
_17246_/A                               0.750000    1.467440   -0.717440 (VIOLATED)
_17348_/A                               0.750000    1.467440   -0.717440 (VIOLATED)
_17399_/A                               0.750000    1.467440   -0.717440 (VIOLATED)
_17504_/A                               0.750000    1.467440   -0.717440 (VIOLATED)
_17818_/A                               0.750000    1.467440   -0.717440 (VIOLATED)
_17986_/A                               0.750000    1.467440   -0.717440 (VIOLATED)
_18190_/A1                              0.750000    1.467440   -0.717440 (VIOLATED)
_18191_/A1                              0.750000    1.467440   -0.717440 (VIOLATED)
_18390_/A                               0.750000    1.467440   -0.717440 (VIOLATED)
_18391_/A                               0.750000    1.467440   -0.717440 (VIOLATED)
_18593_/A                               0.750000    1.467440   -0.717440 (VIOLATED)
_18597_/A1_N                            0.750000    1.467440   -0.717440 (VIOLATED)
_18793_/A                               0.750000    1.467440   -0.717440 (VIOLATED)
_18966_/B1                              0.750000    1.467440   -0.717440 (VIOLATED)
_18968_/A                               0.750000    1.467440   -0.717440 (VIOLATED)
_19526_/A                               0.750000    1.467440   -0.717440 (VIOLATED)
_19527_/A                               0.750000    1.467440   -0.717440 (VIOLATED)
_19943_/A                               0.750000    1.467440   -0.717440 (VIOLATED)
_19956_/A1                              0.750000    1.467440   -0.717440 (VIOLATED)
_20126_/A1                              0.750000    1.467440   -0.717440 (VIOLATED)
_20306_/A                               0.750000    1.467440   -0.717440 (VIOLATED)
_20307_/A                               0.750000    1.467440   -0.717440 (VIOLATED)
_20883_/A                               0.750000    1.467440   -0.717440 (VIOLATED)
_21312_/A                               0.750000    1.467440   -0.717440 (VIOLATED)
_21313_/A                               0.750000    1.467440   -0.717440 (VIOLATED)
_21779_/A                               0.750000    1.467440   -0.717440 (VIOLATED)
_21996_/A                               0.750000    1.467440   -0.717440 (VIOLATED)
_21997_/A                               0.750000    1.467440   -0.717440 (VIOLATED)
_21998_/A                               0.750000    1.467440   -0.717440 (VIOLATED)
_22331_/A                               0.750000    1.467440   -0.717440 (VIOLATED)
_22378_/B2                              0.750000    1.467440   -0.717440 (VIOLATED)
_22483_/A1                              0.750000    1.467440   -0.717440 (VIOLATED)
_22524_/A                               0.750000    1.467440   -0.717440 (VIOLATED)
_22525_/B1                              0.750000    1.467440   -0.717440 (VIOLATED)
_22837_/B1                              0.750000    1.467440   -0.717440 (VIOLATED)
_22838_/A                               0.750000    1.467440   -0.717440 (VIOLATED)
_23138_/A                               0.750000    1.467440   -0.717440 (VIOLATED)
_23151_/A                               0.750000    1.467440   -0.717440 (VIOLATED)
_23481_/A                               0.750000    1.467440   -0.717440 (VIOLATED)
_23750_/A                               0.750000    1.467440   -0.717440 (VIOLATED)
_24019_/A                               0.750000    1.467440   -0.717440 (VIOLATED)
_24299_/A                               0.750000    1.467440   -0.717440 (VIOLATED)
_24552_/A                               0.750000    1.467440   -0.717440 (VIOLATED)
_24553_/A                               0.750000    1.467440   -0.717440 (VIOLATED)
_25289_/A                               0.750000    1.467440   -0.717440 (VIOLATED)
_25291_/A                               0.750000    1.467440   -0.717440 (VIOLATED)
_25872_/A                               0.750000    1.467440   -0.717440 (VIOLATED)
_25873_/A                               0.750000    1.467440   -0.717440 (VIOLATED)
_25890_/B2                              0.750000    1.467440   -0.717440 (VIOLATED)
_26828_/A                               0.750000    1.467440   -0.717440 (VIOLATED)
_26829_/A                               0.750000    1.467440   -0.717440 (VIOLATED)
_27214_/A                               0.750000    1.467440   -0.717440 (VIOLATED)
_27638_/A                               0.750000    1.467440   -0.717440 (VIOLATED)
_27639_/A                               0.750000    1.467440   -0.717440 (VIOLATED)
_27648_/A1_N                            0.750000    1.467440   -0.717440 (VIOLATED)
_28948_/A                               0.750000    1.467440   -0.717440 (VIOLATED)
_28950_/A                               0.750000    1.467440   -0.717440 (VIOLATED)
_28994_/C1                              0.750000    1.467440   -0.717440 (VIOLATED)
_29568_/B1                              0.750000    1.467440   -0.717440 (VIOLATED)
_29569_/A                               0.750000    1.467440   -0.717440 (VIOLATED)
_30070_/A1                              0.750000    1.467440   -0.717440 (VIOLATED)
_30071_/A1                              0.750000    1.467440   -0.717440 (VIOLATED)
_30424_/Q                               0.750000    1.467440   -0.717440 (VIOLATED)
_15150_/A                               0.750000    1.453614   -0.703614 (VIOLATED)
_16126_/A1                              0.750000    1.453614   -0.703614 (VIOLATED)
_16168_/A                               0.750000    1.453614   -0.703614 (VIOLATED)
_16173_/A                               0.750000    1.453614   -0.703614 (VIOLATED)
_16179_/A                               0.750000    1.453614   -0.703614 (VIOLATED)
_16490_/A                               0.750000    1.453614   -0.703614 (VIOLATED)
_16491_/A                               0.750000    1.453614   -0.703614 (VIOLATED)
_16577_/A1                              0.750000    1.453614   -0.703614 (VIOLATED)
_16638_/A                               0.750000    1.453614   -0.703614 (VIOLATED)
_16639_/A                               0.750000    1.453614   -0.703614 (VIOLATED)
_16720_/A                               0.750000    1.453614   -0.703614 (VIOLATED)
_16863_/A                               0.750000    1.453614   -0.703614 (VIOLATED)
_17012_/B1                              0.750000    1.453614   -0.703614 (VIOLATED)
_17027_/A                               0.750000    1.453614   -0.703614 (VIOLATED)
_17028_/A                               0.750000    1.453614   -0.703614 (VIOLATED)
_17031_/A2_N                            0.750000    1.453614   -0.703614 (VIOLATED)
_17170_/A1                              0.750000    1.453614   -0.703614 (VIOLATED)
_17225_/A1                              0.750000    1.453614   -0.703614 (VIOLATED)
_17238_/A                               0.750000    1.453614   -0.703614 (VIOLATED)
_17336_/A                               0.750000    1.453614   -0.703614 (VIOLATED)
_17352_/A1                              0.750000    1.453614   -0.703614 (VIOLATED)
_17470_/A                               0.750000    1.453614   -0.703614 (VIOLATED)
_17471_/A                               0.750000    1.453614   -0.703614 (VIOLATED)
_17472_/A                               0.750000    1.453614   -0.703614 (VIOLATED)
_17673_/A                               0.750000    1.453614   -0.703614 (VIOLATED)
_17683_/A1                              0.750000    1.453614   -0.703614 (VIOLATED)
_17831_/A                               0.750000    1.453614   -0.703614 (VIOLATED)
_17971_/C1                              0.750000    1.453614   -0.703614 (VIOLATED)
_17973_/A                               0.750000    1.453614   -0.703614 (VIOLATED)
_18369_/A                               0.750000    1.453614   -0.703614 (VIOLATED)
_18381_/A                               0.750000    1.453614   -0.703614 (VIOLATED)
_18587_/A                               0.750000    1.453614   -0.703614 (VIOLATED)
_18588_/A                               0.750000    1.453614   -0.703614 (VIOLATED)
_18942_/A                               0.750000    1.453614   -0.703614 (VIOLATED)
_18943_/A                               0.750000    1.453614   -0.703614 (VIOLATED)
_19122_/B1                              0.750000    1.453614   -0.703614 (VIOLATED)
_19123_/A                               0.750000    1.453614   -0.703614 (VIOLATED)
_19508_/A                               0.750000    1.453614   -0.703614 (VIOLATED)
_19509_/A                               0.750000    1.453614   -0.703614 (VIOLATED)
_19510_/A                               0.750000    1.453614   -0.703614 (VIOLATED)
_20011_/B1                              0.750000    1.453614   -0.703614 (VIOLATED)
_20012_/A                               0.750000    1.453614   -0.703614 (VIOLATED)
_20131_/A                               0.750000    1.453614   -0.703614 (VIOLATED)
_20355_/A                               0.750000    1.453614   -0.703614 (VIOLATED)
_20356_/A                               0.750000    1.453614   -0.703614 (VIOLATED)
_20607_/A                               0.750000    1.453614   -0.703614 (VIOLATED)
_21027_/A1                              0.750000    1.453614   -0.703614 (VIOLATED)
_21028_/A1                              0.750000    1.453614   -0.703614 (VIOLATED)
_21300_/A                               0.750000    1.453614   -0.703614 (VIOLATED)
_21317_/B2                              0.750000    1.453614   -0.703614 (VIOLATED)
_21833_/A                               0.750000    1.453614   -0.703614 (VIOLATED)
_21834_/A                               0.750000    1.453614   -0.703614 (VIOLATED)
_22312_/A                               0.750000    1.453614   -0.703614 (VIOLATED)
_22487_/A                               0.750000    1.453614   -0.703614 (VIOLATED)
_22799_/A                               0.750000    1.453614   -0.703614 (VIOLATED)
_22800_/B1                              0.750000    1.453614   -0.703614 (VIOLATED)
_22801_/A                               0.750000    1.453614   -0.703614 (VIOLATED)
_23143_/A                               0.750000    1.453614   -0.703614 (VIOLATED)
_23464_/A                               0.750000    1.453614   -0.703614 (VIOLATED)
_24072_/A                               0.750000    1.453614   -0.703614 (VIOLATED)
_24093_/B2                              0.750000    1.453614   -0.703614 (VIOLATED)
_24353_/A1                              0.750000    1.453614   -0.703614 (VIOLATED)
_24535_/A                               0.750000    1.453614   -0.703614 (VIOLATED)
_24536_/A                               0.750000    1.453614   -0.703614 (VIOLATED)
_24557_/A1                              0.750000    1.453614   -0.703614 (VIOLATED)
_24883_/A                               0.750000    1.453614   -0.703614 (VIOLATED)
_24887_/A                               0.750000    1.453614   -0.703614 (VIOLATED)
_25281_/A                               0.750000    1.453614   -0.703614 (VIOLATED)
_25853_/A                               0.750000    1.453614   -0.703614 (VIOLATED)
_25855_/A                               0.750000    1.453614   -0.703614 (VIOLATED)
_25857_/A                               0.750000    1.453614   -0.703614 (VIOLATED)
_25892_/A1                              0.750000    1.453614   -0.703614 (VIOLATED)
_26497_/A                               0.750000    1.453614   -0.703614 (VIOLATED)
_26899_/A                               0.750000    1.453614   -0.703614 (VIOLATED)
_26900_/A                               0.750000    1.453614   -0.703614 (VIOLATED)
_27632_/A                               0.750000    1.453614   -0.703614 (VIOLATED)
_27633_/A                               0.750000    1.453614   -0.703614 (VIOLATED)
_28931_/B1                              0.750000    1.453614   -0.703614 (VIOLATED)
_28932_/A                               0.750000    1.453614   -0.703614 (VIOLATED)
_29383_/A                               0.750000    1.453614   -0.703614 (VIOLATED)
_29509_/A1                              0.750000    1.453614   -0.703614 (VIOLATED)
_29560_/A                               0.750000    1.453614   -0.703614 (VIOLATED)
_29562_/A                               0.750000    1.453614   -0.703614 (VIOLATED)
_29619_/C1                              0.750000    1.453614   -0.703614 (VIOLATED)
_30041_/A                               0.750000    1.453614   -0.703614 (VIOLATED)
_30042_/A1                              0.750000    1.453614   -0.703614 (VIOLATED)
_30426_/Q                               0.750000    1.453614   -0.703614 (VIOLATED)
_15149_/A                               0.750000    1.398810   -0.648810 (VIOLATED)
_16122_/A1                              0.750000    1.398810   -0.648810 (VIOLATED)
_16170_/C                               0.750000    1.398810   -0.648810 (VIOLATED)
_16262_/A                               0.750000    1.398810   -0.648810 (VIOLATED)
_16287_/B2                              0.750000    1.398810   -0.648810 (VIOLATED)
_16323_/A                               0.750000    1.398810   -0.648810 (VIOLATED)
_16327_/A                               0.750000    1.398810   -0.648810 (VIOLATED)
_16345_/A                               0.750000    1.398810   -0.648810 (VIOLATED)
_16350_/A                               0.750000    1.398810   -0.648810 (VIOLATED)
_16401_/A                               0.750000    1.398810   -0.648810 (VIOLATED)
_16402_/A                               0.750000    1.398810   -0.648810 (VIOLATED)
_16483_/A1                              0.750000    1.398810   -0.648810 (VIOLATED)
_16484_/A1                              0.750000    1.398810   -0.648810 (VIOLATED)
_16594_/A                               0.750000    1.398810   -0.648810 (VIOLATED)
_16595_/A                               0.750000    1.398810   -0.648810 (VIOLATED)
_16708_/A                               0.750000    1.398810   -0.648810 (VIOLATED)
_16709_/A                               0.750000    1.398810   -0.648810 (VIOLATED)
_16883_/A                               0.750000    1.398810   -0.648810 (VIOLATED)
_17113_/B2                              0.750000    1.398810   -0.648810 (VIOLATED)
_17114_/A1_N                            0.750000    1.398810   -0.648810 (VIOLATED)
_17150_/A                               0.750000    1.398810   -0.648810 (VIOLATED)
_17233_/A1                              0.750000    1.398810   -0.648810 (VIOLATED)
_17256_/B1                              0.750000    1.398810   -0.648810 (VIOLATED)
_17257_/B1                              0.750000    1.398810   -0.648810 (VIOLATED)
_17258_/A                               0.750000    1.398810   -0.648810 (VIOLATED)
_17362_/A                               0.750000    1.398810   -0.648810 (VIOLATED)
_17363_/A                               0.750000    1.398810   -0.648810 (VIOLATED)
_17523_/A                               0.750000    1.398810   -0.648810 (VIOLATED)
_18186_/A                               0.750000    1.398810   -0.648810 (VIOLATED)
_18189_/B2                              0.750000    1.398810   -0.648810 (VIOLATED)
_18399_/A                               0.750000    1.398810   -0.648810 (VIOLATED)
_18438_/A1                              0.750000    1.398810   -0.648810 (VIOLATED)
_18577_/A1                              0.750000    1.398810   -0.648810 (VIOLATED)
_18616_/B1                              0.750000    1.398810   -0.648810 (VIOLATED)
_18617_/A                               0.750000    1.398810   -0.648810 (VIOLATED)
_18806_/A                               0.750000    1.398810   -0.648810 (VIOLATED)
_18808_/A                               0.750000    1.398810   -0.648810 (VIOLATED)
_18848_/C1                              0.750000    1.398810   -0.648810 (VIOLATED)
_18980_/A                               0.750000    1.398810   -0.648810 (VIOLATED)
_19161_/B1                              0.750000    1.398810   -0.648810 (VIOLATED)
_19162_/A                               0.750000    1.398810   -0.648810 (VIOLATED)
_19477_/A                               0.750000    1.398810   -0.648810 (VIOLATED)
_19478_/A                               0.750000    1.398810   -0.648810 (VIOLATED)
_19947_/A                               0.750000    1.398810   -0.648810 (VIOLATED)
_19955_/B2                              0.750000    1.398810   -0.648810 (VIOLATED)
_20144_/A1                              0.750000    1.398810   -0.648810 (VIOLATED)
_20340_/A                               0.750000    1.398810   -0.648810 (VIOLATED)
_20342_/A                               0.750000    1.398810   -0.648810 (VIOLATED)
_20893_/A                               0.750000    1.398810   -0.648810 (VIOLATED)
_20895_/A1                              0.750000    1.398810   -0.648810 (VIOLATED)
_21020_/A1                              0.750000    1.398810   -0.648810 (VIOLATED)
_21260_/A                               0.750000    1.398810   -0.648810 (VIOLATED)
_21261_/A                               0.750000    1.398810   -0.648810 (VIOLATED)
_21262_/A                               0.750000    1.398810   -0.648810 (VIOLATED)
_21288_/A1                              0.750000    1.398810   -0.648810 (VIOLATED)
_21567_/A1                              0.750000    1.398810   -0.648810 (VIOLATED)
_22338_/A                               0.750000    1.398810   -0.648810 (VIOLATED)
_22340_/A                               0.750000    1.398810   -0.648810 (VIOLATED)
_22375_/A                               0.750000    1.398810   -0.648810 (VIOLATED)
_22532_/A                               0.750000    1.398810   -0.648810 (VIOLATED)
_22533_/B1                              0.750000    1.398810   -0.648810 (VIOLATED)
_23417_/A                               0.750000    1.398810   -0.648810 (VIOLATED)
_23418_/A                               0.750000    1.398810   -0.648810 (VIOLATED)
_23431_/A1_N                            0.750000    1.398810   -0.648810 (VIOLATED)
_23757_/A                               0.750000    1.398810   -0.648810 (VIOLATED)
_23758_/A                               0.750000    1.398810   -0.648810 (VIOLATED)
_23767_/A1                              0.750000    1.398810   -0.648810 (VIOLATED)
_24029_/A                               0.750000    1.398810   -0.648810 (VIOLATED)
_24507_/B1                              0.750000    1.398810   -0.648810 (VIOLATED)
_24508_/A                               0.750000    1.398810   -0.648810 (VIOLATED)
_24932_/A                               0.750000    1.398810   -0.648810 (VIOLATED)
_24933_/A                               0.750000    1.398810   -0.648810 (VIOLATED)
_24934_/B1                              0.750000    1.398810   -0.648810 (VIOLATED)
_25307_/A                               0.750000    1.398810   -0.648810 (VIOLATED)
_25311_/B2                              0.750000    1.398810   -0.648810 (VIOLATED)
_25831_/A                               0.750000    1.398810   -0.648810 (VIOLATED)
_26543_/A                               0.750000    1.398810   -0.648810 (VIOLATED)
_26544_/B1                              0.750000    1.398810   -0.648810 (VIOLATED)
_26836_/A                               0.750000    1.398810   -0.648810 (VIOLATED)
_26837_/A                               0.750000    1.398810   -0.648810 (VIOLATED)
_27246_/B1                              0.750000    1.398810   -0.648810 (VIOLATED)
_27247_/A                               0.750000    1.398810   -0.648810 (VIOLATED)
_27624_/A1                              0.750000    1.398810   -0.648810 (VIOLATED)
_27841_/A1                              0.750000    1.398810   -0.648810 (VIOLATED)
_28955_/B1                              0.750000    1.398810   -0.648810 (VIOLATED)
_28956_/A                               0.750000    1.398810   -0.648810 (VIOLATED)
_29587_/A                               0.750000    1.398810   -0.648810 (VIOLATED)
_29588_/A                               0.750000    1.398810   -0.648810 (VIOLATED)
_30422_/Q                               0.750000    1.398810   -0.648810 (VIOLATED)
_15156_/A                               0.750000    1.272290   -0.522290 (VIOLATED)
_16130_/A1                              0.750000    1.272290   -0.522290 (VIOLATED)
_16163_/B                               0.750000    1.272290   -0.522290 (VIOLATED)
_16165_/C                               0.750000    1.272290   -0.522290 (VIOLATED)
_16735_/C1                              0.750000    1.272290   -0.522290 (VIOLATED)
_16816_/A                               0.750000    1.272290   -0.522290 (VIOLATED)
_16825_/A                               0.750000    1.272290   -0.522290 (VIOLATED)
_16841_/A                               0.750000    1.272290   -0.522290 (VIOLATED)
_16842_/A                               0.750000    1.272290   -0.522290 (VIOLATED)
_17177_/A                               0.750000    1.272290   -0.522290 (VIOLATED)
_17178_/A                               0.750000    1.272290   -0.522290 (VIOLATED)
_17214_/A                               0.750000    1.272290   -0.522290 (VIOLATED)
_17215_/A                               0.750000    1.272290   -0.522290 (VIOLATED)
_17409_/A                               0.750000    1.272290   -0.522290 (VIOLATED)
_17410_/A                               0.750000    1.272290   -0.522290 (VIOLATED)
_17731_/A                               0.750000    1.272290   -0.522290 (VIOLATED)
_17732_/A                               0.750000    1.272290   -0.522290 (VIOLATED)
_17762_/A                               0.750000    1.272290   -0.522290 (VIOLATED)
_18001_/A                               0.750000    1.272290   -0.522290 (VIOLATED)
_18002_/A                               0.750000    1.272290   -0.522290 (VIOLATED)
_18037_/C1                              0.750000    1.272290   -0.522290 (VIOLATED)
_18111_/A                               0.750000    1.272290   -0.522290 (VIOLATED)
_18112_/A                               0.750000    1.272290   -0.522290 (VIOLATED)
_18339_/A                               0.750000    1.272290   -0.522290 (VIOLATED)
_18340_/A                               0.750000    1.272290   -0.522290 (VIOLATED)
_18553_/C1                              0.750000    1.272290   -0.522290 (VIOLATED)
_18745_/B1                              0.750000    1.272290   -0.522290 (VIOLATED)
_18746_/A                               0.750000    1.272290   -0.522290 (VIOLATED)
_18911_/A                               0.750000    1.272290   -0.522290 (VIOLATED)
_19011_/A1                              0.750000    1.272290   -0.522290 (VIOLATED)
_19012_/A1                              0.750000    1.272290   -0.522290 (VIOLATED)
_19189_/A                               0.750000    1.272290   -0.522290 (VIOLATED)
_19190_/A                               0.750000    1.272290   -0.522290 (VIOLATED)
_19541_/A                               0.750000    1.272290   -0.522290 (VIOLATED)
_19771_/A                               0.750000    1.272290   -0.522290 (VIOLATED)
_19772_/A                               0.750000    1.272290   -0.522290 (VIOLATED)
_19981_/A                               0.750000    1.272290   -0.522290 (VIOLATED)
_20175_/A                               0.750000    1.272290   -0.522290 (VIOLATED)
_20212_/A1                              0.750000    1.272290   -0.522290 (VIOLATED)
_20213_/A1                              0.750000    1.272290   -0.522290 (VIOLATED)
_20952_/A                               0.750000    1.272290   -0.522290 (VIOLATED)
_20953_/A                               0.750000    1.272290   -0.522290 (VIOLATED)
_21039_/A                               0.750000    1.272290   -0.522290 (VIOLATED)
_21335_/A                               0.750000    1.272290   -0.522290 (VIOLATED)
_21336_/A                               0.750000    1.272290   -0.522290 (VIOLATED)
_21337_/A                               0.750000    1.272290   -0.522290 (VIOLATED)
_21774_/A                               0.750000    1.272290   -0.522290 (VIOLATED)
_21775_/A                               0.750000    1.272290   -0.522290 (VIOLATED)
_22019_/A                               0.750000    1.272290   -0.522290 (VIOLATED)
_22020_/A                               0.750000    1.272290   -0.522290 (VIOLATED)
_22182_/A1                              0.750000    1.272290   -0.522290 (VIOLATED)
_22233_/A                               0.750000    1.272290   -0.522290 (VIOLATED)
_22234_/A                               0.750000    1.272290   -0.522290 (VIOLATED)
_22571_/A                               0.750000    1.272290   -0.522290 (VIOLATED)
_22572_/A                               0.750000    1.272290   -0.522290 (VIOLATED)
_22573_/A                               0.750000    1.272290   -0.522290 (VIOLATED)
_23292_/A1                              0.750000    1.272290   -0.522290 (VIOLATED)
_23439_/A                               0.750000    1.272290   -0.522290 (VIOLATED)
_23791_/A                               0.750000    1.272290   -0.522290 (VIOLATED)
_23792_/A                               0.750000    1.272290   -0.522290 (VIOLATED)
_24058_/A                               0.750000    1.272290   -0.522290 (VIOLATED)
_24059_/A                               0.750000    1.272290   -0.522290 (VIOLATED)
_24350_/A                               0.750000    1.272290   -0.522290 (VIOLATED)
_24367_/A1                              0.750000    1.272290   -0.522290 (VIOLATED)
_24853_/A                               0.750000    1.272290   -0.522290 (VIOLATED)
_25378_/A                               0.750000    1.272290   -0.522290 (VIOLATED)
_25379_/A                               0.750000    1.272290   -0.522290 (VIOLATED)
_25545_/A                               0.750000    1.272290   -0.522290 (VIOLATED)
_26462_/A                               0.750000    1.272290   -0.522290 (VIOLATED)
_26876_/A                               0.750000    1.272290   -0.522290 (VIOLATED)
_26877_/A                               0.750000    1.272290   -0.522290 (VIOLATED)
_27662_/A                               0.750000    1.272290   -0.522290 (VIOLATED)
_28900_/B1                              0.750000    1.272290   -0.522290 (VIOLATED)
_29001_/A                               0.750000    1.272290   -0.522290 (VIOLATED)
_29356_/B1                              0.750000    1.272290   -0.522290 (VIOLATED)
_29357_/A                               0.750000    1.272290   -0.522290 (VIOLATED)
_29535_/A                               0.750000    1.272290   -0.522290 (VIOLATED)
_29536_/A                               0.750000    1.272290   -0.522290 (VIOLATED)
_30011_/A                               0.750000    1.272290   -0.522290 (VIOLATED)
_30012_/A                               0.750000    1.272290   -0.522290 (VIOLATED)
_30430_/Q                               0.750000    1.272290   -0.522290 (VIOLATED)
_15146_/A                               0.750000    1.251307   -0.501307 (VIOLATED)
_16125_/A1                              0.750000    1.251307   -0.501307 (VIOLATED)
_16169_/B                               0.750000    1.251307   -0.501307 (VIOLATED)
_16172_/A                               0.750000    1.251307   -0.501307 (VIOLATED)
_16382_/C1                              0.750000    1.251307   -0.501307 (VIOLATED)
_16441_/B2                              0.750000    1.251307   -0.501307 (VIOLATED)
_16442_/A1                              0.750000    1.251307   -0.501307 (VIOLATED)
_16495_/A1                              0.750000    1.251307   -0.501307 (VIOLATED)
_16500_/A1                              0.750000    1.251307   -0.501307 (VIOLATED)
_16502_/A                               0.750000    1.251307   -0.501307 (VIOLATED)
_16518_/A                               0.750000    1.251307   -0.501307 (VIOLATED)
_16572_/A                               0.750000    1.251307   -0.501307 (VIOLATED)
_16644_/A                               0.750000    1.251307   -0.501307 (VIOLATED)
_16645_/A                               0.750000    1.251307   -0.501307 (VIOLATED)
_16694_/A                               0.750000    1.251307   -0.501307 (VIOLATED)
_16695_/A                               0.750000    1.251307   -0.501307 (VIOLATED)
_17241_/A                               0.750000    1.251307   -0.501307 (VIOLATED)
_17834_/A                               0.750000    1.251307   -0.501307 (VIOLATED)
_17839_/A                               0.750000    1.251307   -0.501307 (VIOLATED)
_18143_/A                               0.750000    1.251307   -0.501307 (VIOLATED)
_18195_/A                               0.750000    1.251307   -0.501307 (VIOLATED)
_18395_/A                               0.750000    1.251307   -0.501307 (VIOLATED)
_18440_/A1                              0.750000    1.251307   -0.501307 (VIOLATED)
_18441_/A1                              0.750000    1.251307   -0.501307 (VIOLATED)
_18583_/A                               0.750000    1.251307   -0.501307 (VIOLATED)
_18800_/A                               0.750000    1.251307   -0.501307 (VIOLATED)
_18949_/A                               0.750000    1.251307   -0.501307 (VIOLATED)
_18950_/A                               0.750000    1.251307   -0.501307 (VIOLATED)
_19332_/A                               0.750000    1.251307   -0.501307 (VIOLATED)
_19333_/A                               0.750000    1.251307   -0.501307 (VIOLATED)
_19750_/A                               0.750000    1.251307   -0.501307 (VIOLATED)
_19751_/A                               0.750000    1.251307   -0.501307 (VIOLATED)
_19785_/A1_N                            0.750000    1.251307   -0.501307 (VIOLATED)
_20153_/A1_N                            0.750000    1.251307   -0.501307 (VIOLATED)
_20348_/A1                              0.750000    1.251307   -0.501307 (VIOLATED)
_20665_/A1_N                            0.750000    1.251307   -0.501307 (VIOLATED)
_20878_/A                               0.750000    1.251307   -0.501307 (VIOLATED)
_21011_/A                               0.750000    1.251307   -0.501307 (VIOLATED)
_21012_/A                               0.750000    1.251307   -0.501307 (VIOLATED)
_21527_/A                               0.750000    1.251307   -0.501307 (VIOLATED)
_21528_/A                               0.750000    1.251307   -0.501307 (VIOLATED)
_21786_/A                               0.750000    1.251307   -0.501307 (VIOLATED)
_21788_/A                               0.750000    1.251307   -0.501307 (VIOLATED)
_21980_/A                               0.750000    1.251307   -0.501307 (VIOLATED)
_21981_/A                               0.750000    1.251307   -0.501307 (VIOLATED)
_22004_/A1_N                            0.750000    1.251307   -0.501307 (VIOLATED)
_22325_/A                               0.750000    1.251307   -0.501307 (VIOLATED)
_22378_/A1                              0.750000    1.251307   -0.501307 (VIOLATED)
_22475_/A                               0.750000    1.251307   -0.501307 (VIOLATED)
_22476_/A                               0.750000    1.251307   -0.501307 (VIOLATED)
_22548_/A1_N                            0.750000    1.251307   -0.501307 (VIOLATED)
_23148_/B1                              0.750000    1.251307   -0.501307 (VIOLATED)
_23149_/A                               0.750000    1.251307   -0.501307 (VIOLATED)
_23478_/A                               0.750000    1.251307   -0.501307 (VIOLATED)
_23797_/A                               0.750000    1.251307   -0.501307 (VIOLATED)
_23798_/A                               0.750000    1.251307   -0.501307 (VIOLATED)
_24026_/A                               0.750000    1.251307   -0.501307 (VIOLATED)
_24284_/A                               0.750000    1.251307   -0.501307 (VIOLATED)
_24888_/A1_N                            0.750000    1.251307   -0.501307 (VIOLATED)
_24891_/A                               0.750000    1.251307   -0.501307 (VIOLATED)
_25271_/A1                              0.750000    1.251307   -0.501307 (VIOLATED)
_25298_/A                               0.750000    1.251307   -0.501307 (VIOLATED)
_25595_/A                               0.750000    1.251307   -0.501307 (VIOLATED)
_25619_/A1                              0.750000    1.251307   -0.501307 (VIOLATED)
_26502_/B1                              0.750000    1.251307   -0.501307 (VIOLATED)
_26503_/A                               0.750000    1.251307   -0.501307 (VIOLATED)
_27207_/B1                              0.750000    1.251307   -0.501307 (VIOLATED)
_27208_/A                               0.750000    1.251307   -0.501307 (VIOLATED)
_27262_/A1                              0.750000    1.251307   -0.501307 (VIOLATED)
_27833_/B1                              0.750000    1.251307   -0.501307 (VIOLATED)
_27834_/A                               0.750000    1.251307   -0.501307 (VIOLATED)
_28942_/A                               0.750000    1.251307   -0.501307 (VIOLATED)
_28943_/A                               0.750000    1.251307   -0.501307 (VIOLATED)
_28944_/A                               0.750000    1.251307   -0.501307 (VIOLATED)
_28994_/A1                              0.750000    1.251307   -0.501307 (VIOLATED)
_29387_/A                               0.750000    1.251307   -0.501307 (VIOLATED)
_29388_/A                               0.750000    1.251307   -0.501307 (VIOLATED)
_30040_/A1_N                            0.750000    1.251307   -0.501307 (VIOLATED)
_30042_/B2                              0.750000    1.251307   -0.501307 (VIOLATED)
_30425_/Q                               0.750000    1.251307   -0.501307 (VIOLATED)
_15151_/A                               0.750000    1.244611   -0.494611 (VIOLATED)
_16127_/A1                              0.750000    1.244611   -0.494611 (VIOLATED)
_16167_/A                               0.750000    1.244611   -0.494611 (VIOLATED)
_16173_/B                               0.750000    1.244611   -0.494611 (VIOLATED)
_16179_/B                               0.750000    1.244611   -0.494611 (VIOLATED)
_16577_/B2                              0.750000    1.244611   -0.494611 (VIOLATED)
_16578_/A1                              0.750000    1.244611   -0.494611 (VIOLATED)
_16630_/A                               0.750000    1.244611   -0.494611 (VIOLATED)
_16650_/A                               0.750000    1.244611   -0.494611 (VIOLATED)
_16727_/A                               0.750000    1.244611   -0.494611 (VIOLATED)
_16729_/A                               0.750000    1.244611   -0.494611 (VIOLATED)
_16744_/A                               0.750000    1.244611   -0.494611 (VIOLATED)
_16862_/A                               0.750000    1.244611   -0.494611 (VIOLATED)
_17017_/A                               0.750000    1.244611   -0.494611 (VIOLATED)
_17018_/A                               0.750000    1.244611   -0.494611 (VIOLATED)
_17020_/A                               0.750000    1.244611   -0.494611 (VIOLATED)
_17085_/A                               0.750000    1.244611   -0.494611 (VIOLATED)
_17086_/A                               0.750000    1.244611   -0.494611 (VIOLATED)
_17223_/A                               0.750000    1.244611   -0.494611 (VIOLATED)
_17224_/A                               0.750000    1.244611   -0.494611 (VIOLATED)
_17332_/A                               0.750000    1.244611   -0.494611 (VIOLATED)
_17464_/A                               0.750000    1.244611   -0.494611 (VIOLATED)
_17465_/A                               0.750000    1.244611   -0.494611 (VIOLATED)
_17478_/A                               0.750000    1.244611   -0.494611 (VIOLATED)
_17678_/A                               0.750000    1.244611   -0.494611 (VIOLATED)
_17679_/A                               0.750000    1.244611   -0.494611 (VIOLATED)
_17774_/A                               0.750000    1.244611   -0.494611 (VIOLATED)
_17978_/C1                              0.750000    1.244611   -0.494611 (VIOLATED)
_17979_/C1                              0.750000    1.244611   -0.494611 (VIOLATED)
_18128_/A                               0.750000    1.244611   -0.494611 (VIOLATED)
_18129_/A                               0.750000    1.244611   -0.494611 (VIOLATED)
_18146_/A1_N                            0.750000    1.244611   -0.494611 (VIOLATED)
_18562_/A                               0.750000    1.244611   -0.494611 (VIOLATED)
_18933_/A                               0.750000    1.244611   -0.494611 (VIOLATED)
_19114_/A                               0.750000    1.244611   -0.494611 (VIOLATED)
_19115_/A                               0.750000    1.244611   -0.494611 (VIOLATED)
_19116_/B1                              0.750000    1.244611   -0.494611 (VIOLATED)
_19324_/A                               0.750000    1.244611   -0.494611 (VIOLATED)
_19325_/A                               0.750000    1.244611   -0.494611 (VIOLATED)
_19728_/A                               0.750000    1.244611   -0.494611 (VIOLATED)
_19786_/A1                              0.750000    1.244611   -0.494611 (VIOLATED)
_20007_/A                               0.750000    1.244611   -0.494611 (VIOLATED)
_20192_/A                               0.750000    1.244611   -0.494611 (VIOLATED)
_20193_/A                               0.750000    1.244611   -0.494611 (VIOLATED)
_20351_/A                               0.750000    1.244611   -0.494611 (VIOLATED)
_20367_/A1                              0.750000    1.244611   -0.494611 (VIOLATED)
_20368_/A1                              0.750000    1.244611   -0.494611 (VIOLATED)
_20610_/A                               0.750000    1.244611   -0.494611 (VIOLATED)
_20667_/B2                              0.750000    1.244611   -0.494611 (VIOLATED)
_21317_/A1                              0.750000    1.244611   -0.494611 (VIOLATED)
_21318_/A1                              0.750000    1.244611   -0.494611 (VIOLATED)
_21510_/A                               0.750000    1.244611   -0.494611 (VIOLATED)
_21511_/A                               0.750000    1.244611   -0.494611 (VIOLATED)
_22318_/A                               0.750000    1.244611   -0.494611 (VIOLATED)
_22319_/A                               0.750000    1.244611   -0.494611 (VIOLATED)
_22477_/A                               0.750000    1.244611   -0.494611 (VIOLATED)
_22550_/C1                              0.750000    1.244611   -0.494611 (VIOLATED)
_23192_/B1                              0.750000    1.244611   -0.494611 (VIOLATED)
_23193_/A                               0.750000    1.244611   -0.494611 (VIOLATED)
_23469_/A                               0.750000    1.244611   -0.494611 (VIOLATED)
_24362_/A                               0.750000    1.244611   -0.494611 (VIOLATED)
_24366_/A1_N                            0.750000    1.244611   -0.494611 (VIOLATED)
_24573_/A1                              0.750000    1.244611   -0.494611 (VIOLATED)
_24867_/B1                              0.750000    1.244611   -0.494611 (VIOLATED)
_24868_/A                               0.750000    1.244611   -0.494611 (VIOLATED)
_25276_/A                               0.750000    1.244611   -0.494611 (VIOLATED)
_25863_/A                               0.750000    1.244611   -0.494611 (VIOLATED)
_26487_/B1                              0.750000    1.244611   -0.494611 (VIOLATED)
_26488_/A                               0.750000    1.244611   -0.494611 (VIOLATED)
_27196_/A                               0.750000    1.244611   -0.494611 (VIOLATED)
_27819_/B1                              0.750000    1.244611   -0.494611 (VIOLATED)
_27820_/A                               0.750000    1.244611   -0.494611 (VIOLATED)
_29555_/A                               0.750000    1.244611   -0.494611 (VIOLATED)
_29556_/A                               0.750000    1.244611   -0.494611 (VIOLATED)
_29557_/A                               0.750000    1.244611   -0.494611 (VIOLATED)
_29619_/A1                              0.750000    1.244611   -0.494611 (VIOLATED)
_30427_/Q                               0.750000    1.244611   -0.494611 (VIOLATED)
_15163_/Y                               0.750000    1.219916   -0.469916 (VIOLATED)
_17713_/A                               0.750000    1.219916   -0.469916 (VIOLATED)
_17898_/A                               0.750000    1.219916   -0.469916 (VIOLATED)
_17899_/A                               0.750000    1.219916   -0.469916 (VIOLATED)
_18048_/A                               0.750000    1.219916   -0.469916 (VIOLATED)
_18324_/A                               0.750000    1.219916   -0.469916 (VIOLATED)
_18722_/A                               0.750000    1.219916   -0.469916 (VIOLATED)
_18723_/C1                              0.750000    1.219916   -0.469916 (VIOLATED)
_18724_/C1                              0.750000    1.219916   -0.469916 (VIOLATED)
_18892_/A                               0.750000    1.219916   -0.469916 (VIOLATED)
_19227_/A                               0.750000    1.219916   -0.469916 (VIOLATED)
_19228_/A                               0.750000    1.219916   -0.469916 (VIOLATED)
_19574_/A                               0.750000    1.219916   -0.469916 (VIOLATED)
_19575_/A                               0.750000    1.219916   -0.469916 (VIOLATED)
_19598_/A1                              0.750000    1.219916   -0.469916 (VIOLATED)
_19800_/A                               0.750000    1.219916   -0.469916 (VIOLATED)
_19855_/C1                              0.750000    1.219916   -0.469916 (VIOLATED)
_20043_/A                               0.750000    1.219916   -0.469916 (VIOLATED)
_20044_/A                               0.750000    1.219916   -0.469916 (VIOLATED)
_20045_/A                               0.750000    1.219916   -0.469916 (VIOLATED)
_20220_/A1                              0.750000    1.219916   -0.469916 (VIOLATED)
_20376_/A                               0.750000    1.219916   -0.469916 (VIOLATED)
_20377_/A                               0.750000    1.219916   -0.469916 (VIOLATED)
_20546_/A                               0.750000    1.219916   -0.469916 (VIOLATED)
_20547_/A                               0.750000    1.219916   -0.469916 (VIOLATED)
_20548_/B1                              0.750000    1.219916   -0.469916 (VIOLATED)
_20549_/A                               0.750000    1.219916   -0.469916 (VIOLATED)
_20913_/A                               0.750000    1.219916   -0.469916 (VIOLATED)
_20914_/A                               0.750000    1.219916   -0.469916 (VIOLATED)
_20915_/A                               0.750000    1.219916   -0.469916 (VIOLATED)
_21089_/A                               0.750000    1.219916   -0.469916 (VIOLATED)
_21090_/A                               0.750000    1.219916   -0.469916 (VIOLATED)
_21392_/A                               0.750000    1.219916   -0.469916 (VIOLATED)
_21393_/A                               0.750000    1.219916   -0.469916 (VIOLATED)
_21394_/A                               0.750000    1.219916   -0.469916 (VIOLATED)
_21881_/A                               0.750000    1.219916   -0.469916 (VIOLATED)
_21882_/B1                              0.750000    1.219916   -0.469916 (VIOLATED)
_22451_/A                               0.750000    1.219916   -0.469916 (VIOLATED)
_22452_/A                               0.750000    1.219916   -0.469916 (VIOLATED)
_22453_/A                               0.750000    1.219916   -0.469916 (VIOLATED)
_22635_/A1                              0.750000    1.219916   -0.469916 (VIOLATED)
_22918_/A                               0.750000    1.219916   -0.469916 (VIOLATED)
_22919_/A                               0.750000    1.219916   -0.469916 (VIOLATED)
_22920_/A                               0.750000    1.219916   -0.469916 (VIOLATED)
_23533_/A                               0.750000    1.219916   -0.469916 (VIOLATED)
_23907_/A                               0.750000    1.219916   -0.469916 (VIOLATED)
_23908_/A                               0.750000    1.219916   -0.469916 (VIOLATED)
_24114_/A                               0.750000    1.219916   -0.469916 (VIOLATED)
_24115_/A                               0.750000    1.219916   -0.469916 (VIOLATED)
_24402_/A                               0.750000    1.219916   -0.469916 (VIOLATED)
_24403_/A                               0.750000    1.219916   -0.469916 (VIOLATED)
_24444_/A1                              0.750000    1.219916   -0.469916 (VIOLATED)
_24624_/A1                              0.750000    1.219916   -0.469916 (VIOLATED)
_24625_/A1                              0.750000    1.219916   -0.469916 (VIOLATED)
_24807_/A                               0.750000    1.219916   -0.469916 (VIOLATED)
_24809_/A                               0.750000    1.219916   -0.469916 (VIOLATED)
_24810_/A                               0.750000    1.219916   -0.469916 (VIOLATED)
_25518_/A                               0.750000    1.219916   -0.469916 (VIOLATED)
_25526_/A                               0.750000    1.219916   -0.469916 (VIOLATED)
_25937_/A                               0.750000    1.219916   -0.469916 (VIOLATED)
_25950_/A1                              0.750000    1.219916   -0.469916 (VIOLATED)
_26425_/A                               0.750000    1.219916   -0.469916 (VIOLATED)
_26426_/A                               0.750000    1.219916   -0.469916 (VIOLATED)
_26958_/A                               0.750000    1.219916   -0.469916 (VIOLATED)
_26970_/A1                              0.750000    1.219916   -0.469916 (VIOLATED)
_27412_/A                               0.750000    1.219916   -0.469916 (VIOLATED)
_27413_/A                               0.750000    1.219916   -0.469916 (VIOLATED)
_27565_/A                               0.750000    1.219916   -0.469916 (VIOLATED)
_27566_/A                               0.750000    1.219916   -0.469916 (VIOLATED)
_27589_/A1                              0.750000    1.219916   -0.469916 (VIOLATED)
_28862_/A                               0.750000    1.219916   -0.469916 (VIOLATED)
_28866_/A1                              0.750000    1.219916   -0.469916 (VIOLATED)
_28872_/A                               0.750000    1.219916   -0.469916 (VIOLATED)
_29191_/A                               0.750000    1.219916   -0.469916 (VIOLATED)
_15148_/A                               0.750000    1.169747   -0.419747 (VIOLATED)
_16123_/A1                              0.750000    1.169747   -0.419747 (VIOLATED)
_16170_/B                               0.750000    1.169747   -0.419747 (VIOLATED)
_16261_/A                               0.750000    1.169747   -0.419747 (VIOLATED)
_16329_/A1                              0.750000    1.169747   -0.419747 (VIOLATED)
_16381_/A1                              0.750000    1.169747   -0.419747 (VIOLATED)
_16395_/A                               0.750000    1.169747   -0.419747 (VIOLATED)
_16396_/A                               0.750000    1.169747   -0.419747 (VIOLATED)
_16453_/A                               0.750000    1.169747   -0.419747 (VIOLATED)
_16454_/A                               0.750000    1.169747   -0.419747 (VIOLATED)
_16548_/B1                              0.750000    1.169747   -0.419747 (VIOLATED)
_16549_/A                               0.750000    1.169747   -0.419747 (VIOLATED)
_16589_/A                               0.750000    1.169747   -0.419747 (VIOLATED)
_16624_/A                               0.750000    1.169747   -0.419747 (VIOLATED)
_16703_/A                               0.750000    1.169747   -0.419747 (VIOLATED)
_16704_/A                               0.750000    1.169747   -0.419747 (VIOLATED)
_16759_/A                               0.750000    1.169747   -0.419747 (VIOLATED)
_16760_/A                               0.750000    1.169747   -0.419747 (VIOLATED)
_16979_/A                               0.750000    1.169747   -0.419747 (VIOLATED)
_17159_/A                               0.750000    1.169747   -0.419747 (VIOLATED)
_17250_/A                               0.750000    1.169747   -0.419747 (VIOLATED)
_17289_/A1_N                            0.750000    1.169747   -0.419747 (VIOLATED)
_17339_/A1                              0.750000    1.169747   -0.419747 (VIOLATED)
_17508_/A                               0.750000    1.169747   -0.419747 (VIOLATED)
_17822_/A                               0.750000    1.169747   -0.419747 (VIOLATED)
_17824_/A                               0.750000    1.169747   -0.419747 (VIOLATED)
_17937_/A                               0.750000    1.169747   -0.419747 (VIOLATED)
_17964_/B2                              0.750000    1.169747   -0.419747 (VIOLATED)
_17965_/A1                              0.750000    1.169747   -0.419747 (VIOLATED)
_18172_/A                               0.750000    1.169747   -0.419747 (VIOLATED)
_18173_/A                               0.750000    1.169747   -0.419747 (VIOLATED)
_18190_/C1                              0.750000    1.169747   -0.419747 (VIOLATED)
_18403_/A                               0.750000    1.169747   -0.419747 (VIOLATED)
_18438_/B2                              0.750000    1.169747   -0.419747 (VIOLATED)
_18600_/A                               0.750000    1.169747   -0.419747 (VIOLATED)
_18811_/A                               0.750000    1.169747   -0.419747 (VIOLATED)
_18813_/A                               0.750000    1.169747   -0.419747 (VIOLATED)
_18848_/A1                              0.750000    1.169747   -0.419747 (VIOLATED)
_19673_/B1                              0.750000    1.169747   -0.419747 (VIOLATED)
_19674_/A                               0.750000    1.169747   -0.419747 (VIOLATED)
_20140_/A                               0.750000    1.169747   -0.419747 (VIOLATED)
_20141_/A                               0.750000    1.169747   -0.419747 (VIOLATED)
_21017_/A                               0.750000    1.169747   -0.419747 (VIOLATED)
_21018_/A                               0.750000    1.169747   -0.419747 (VIOLATED)
_21544_/A                               0.750000    1.169747   -0.419747 (VIOLATED)
_21546_/A                               0.750000    1.169747   -0.419747 (VIOLATED)
_21794_/A                               0.750000    1.169747   -0.419747 (VIOLATED)
_21795_/B1                              0.750000    1.169747   -0.419747 (VIOLATED)
_21991_/A                               0.750000    1.169747   -0.419747 (VIOLATED)
_21992_/A                               0.750000    1.169747   -0.419747 (VIOLATED)
_22514_/A                               0.750000    1.169747   -0.419747 (VIOLATED)
_22862_/A                               0.750000    1.169747   -0.419747 (VIOLATED)
_23158_/A                               0.750000    1.169747   -0.419747 (VIOLATED)
_23159_/A                               0.750000    1.169747   -0.419747 (VIOLATED)
_23743_/A                               0.750000    1.169747   -0.419747 (VIOLATED)
_24034_/A                               0.750000    1.169747   -0.419747 (VIOLATED)
_24294_/A                               0.750000    1.169747   -0.419747 (VIOLATED)
_24302_/A1_N                            0.750000    1.169747   -0.419747 (VIOLATED)
_24543_/A1                              0.750000    1.169747   -0.419747 (VIOLATED)
_24914_/B1                              0.750000    1.169747   -0.419747 (VIOLATED)
_24915_/A                               0.750000    1.169747   -0.419747 (VIOLATED)
_25303_/A                               0.750000    1.169747   -0.419747 (VIOLATED)
_25618_/A1_N                            0.750000    1.169747   -0.419747 (VIOLATED)
_25827_/A                               0.750000    1.169747   -0.419747 (VIOLATED)
_25864_/A1                              0.750000    1.169747   -0.419747 (VIOLATED)
_26531_/B1                              0.750000    1.169747   -0.419747 (VIOLATED)
_26532_/A                               0.750000    1.169747   -0.419747 (VIOLATED)
_27219_/A                               0.750000    1.169747   -0.419747 (VIOLATED)
_27615_/A                               0.750000    1.169747   -0.419747 (VIOLATED)
_27852_/B1                              0.750000    1.169747   -0.419747 (VIOLATED)
_27853_/A                               0.750000    1.169747   -0.419747 (VIOLATED)
_29393_/A                               0.750000    1.169747   -0.419747 (VIOLATED)
_29394_/A                               0.750000    1.169747   -0.419747 (VIOLATED)
_29584_/A                               0.750000    1.169747   -0.419747 (VIOLATED)
_29614_/A                               0.750000    1.169747   -0.419747 (VIOLATED)
_30069_/A1                              0.750000    1.169747   -0.419747 (VIOLATED)
_30070_/B2                              0.750000    1.169747   -0.419747 (VIOLATED)
_30423_/Q                               0.750000    1.169747   -0.419747 (VIOLATED)
_15157_/A                               0.750000    1.166857   -0.416857 (VIOLATED)
_16131_/A1                              0.750000    1.166857   -0.416857 (VIOLATED)
_16161_/A                               0.750000    1.166857   -0.416857 (VIOLATED)
_16165_/D                               0.750000    1.166857   -0.416857 (VIOLATED)
_16837_/A                               0.750000    1.166857   -0.416857 (VIOLATED)
_17043_/A                               0.750000    1.166857   -0.416857 (VIOLATED)
_17058_/A1                              0.750000    1.166857   -0.416857 (VIOLATED)
_17201_/A                               0.750000    1.166857   -0.416857 (VIOLATED)
_17202_/A                               0.750000    1.166857   -0.416857 (VIOLATED)
_17559_/A                               0.750000    1.166857   -0.416857 (VIOLATED)
_17560_/A                               0.750000    1.166857   -0.416857 (VIOLATED)
_17702_/A                               0.750000    1.166857   -0.416857 (VIOLATED)
_18007_/A                               0.750000    1.166857   -0.416857 (VIOLATED)
_18037_/A1                              0.750000    1.166857   -0.416857 (VIOLATED)
_18104_/A                               0.750000    1.166857   -0.416857 (VIOLATED)
_18343_/A                               0.750000    1.166857   -0.416857 (VIOLATED)
_18344_/A                               0.750000    1.166857   -0.416857 (VIOLATED)
_18345_/A                               0.750000    1.166857   -0.416857 (VIOLATED)
_18527_/A                               0.750000    1.166857   -0.416857 (VIOLATED)
_18528_/A                               0.750000    1.166857   -0.416857 (VIOLATED)
_19391_/A                               0.750000    1.166857   -0.416857 (VIOLATED)
_19392_/A                               0.750000    1.166857   -0.416857 (VIOLATED)
_19566_/A1                              0.750000    1.166857   -0.416857 (VIOLATED)
_19759_/A                               0.750000    1.166857   -0.416857 (VIOLATED)
_19760_/A                               0.750000    1.166857   -0.416857 (VIOLATED)
_19976_/A                               0.750000    1.166857   -0.416857 (VIOLATED)
_20020_/A1                              0.750000    1.166857   -0.416857 (VIOLATED)
_20406_/A                               0.750000    1.166857   -0.416857 (VIOLATED)
_20407_/A                               0.750000    1.166857   -0.416857 (VIOLATED)
_21098_/A                               0.750000    1.166857   -0.416857 (VIOLATED)
_21100_/A                               0.750000    1.166857   -0.416857 (VIOLATED)
_21482_/A                               0.750000    1.166857   -0.416857 (VIOLATED)
_21483_/A                               0.750000    1.166857   -0.416857 (VIOLATED)
_21769_/A                               0.750000    1.166857   -0.416857 (VIOLATED)
_22051_/A                               0.750000    1.166857   -0.416857 (VIOLATED)
_22052_/A                               0.750000    1.166857   -0.416857 (VIOLATED)
_22557_/A                               0.750000    1.166857   -0.416857 (VIOLATED)
_22558_/A                               0.750000    1.166857   -0.416857 (VIOLATED)
_22887_/A                               0.750000    1.166857   -0.416857 (VIOLATED)
_22888_/A                               0.750000    1.166857   -0.416857 (VIOLATED)
_23304_/B1                              0.750000    1.166857   -0.416857 (VIOLATED)
_23305_/A                               0.750000    1.166857   -0.416857 (VIOLATED)
_23445_/A                               0.750000    1.166857   -0.416857 (VIOLATED)
_23446_/A                               0.750000    1.166857   -0.416857 (VIOLATED)
_23489_/A1                              0.750000    1.166857   -0.416857 (VIOLATED)
_24326_/A                               0.750000    1.166857   -0.416857 (VIOLATED)
_24328_/A                               0.750000    1.166857   -0.416857 (VIOLATED)
_24566_/A                               0.750000    1.166857   -0.416857 (VIOLATED)
_24589_/A1                              0.750000    1.166857   -0.416857 (VIOLATED)
_24590_/A1                              0.750000    1.166857   -0.416857 (VIOLATED)
_24834_/B1                              0.750000    1.166857   -0.416857 (VIOLATED)
_24836_/A                               0.750000    1.166857   -0.416857 (VIOLATED)
_25641_/A                               0.750000    1.166857   -0.416857 (VIOLATED)
_25642_/A                               0.750000    1.166857   -0.416857 (VIOLATED)
_25846_/A                               0.750000    1.166857   -0.416857 (VIOLATED)
_26450_/A                               0.750000    1.166857   -0.416857 (VIOLATED)
_27156_/A                               0.750000    1.166857   -0.416857 (VIOLATED)
_27659_/A                               0.750000    1.166857   -0.416857 (VIOLATED)
_28128_/A                               0.750000    1.166857   -0.416857 (VIOLATED)
_28150_/C1                              0.750000    1.166857   -0.416857 (VIOLATED)
_29348_/A                               0.750000    1.166857   -0.416857 (VIOLATED)
_29531_/A                               0.750000    1.166857   -0.416857 (VIOLATED)
_29623_/A1                              0.750000    1.166857   -0.416857 (VIOLATED)
_30004_/A                               0.750000    1.166857   -0.416857 (VIOLATED)
_30005_/B1                              0.750000    1.166857   -0.416857 (VIOLATED)
_30431_/Q                               0.750000    1.166857   -0.416857 (VIOLATED)
_15152_/A                               0.750000    1.123124   -0.373124 (VIOLATED)
_16129_/A1                              0.750000    1.123124   -0.373124 (VIOLATED)
_16163_/A                               0.750000    1.123124   -0.373124 (VIOLATED)
_16165_/A                               0.750000    1.123124   -0.373124 (VIOLATED)
_16733_/A                               0.750000    1.123124   -0.373124 (VIOLATED)
_16735_/A1                              0.750000    1.123124   -0.373124 (VIOLATED)
_16814_/A                               0.750000    1.123124   -0.373124 (VIOLATED)
_17051_/A                               0.750000    1.123124   -0.373124 (VIOLATED)
_17052_/A                               0.750000    1.123124   -0.373124 (VIOLATED)
_17075_/A                               0.750000    1.123124   -0.373124 (VIOLATED)
_17076_/A                               0.750000    1.123124   -0.373124 (VIOLATED)
_17217_/A                               0.750000    1.123124   -0.373124 (VIOLATED)
_17423_/A                               0.750000    1.123124   -0.373124 (VIOLATED)
_17571_/A                               0.750000    1.123124   -0.373124 (VIOLATED)
_17572_/A                               0.750000    1.123124   -0.373124 (VIOLATED)
_17755_/A                               0.750000    1.123124   -0.373124 (VIOLATED)
_17756_/A                               0.750000    1.123124   -0.373124 (VIOLATED)
_18018_/A                               0.750000    1.123124   -0.373124 (VIOLATED)
_18117_/A                               0.750000    1.123124   -0.373124 (VIOLATED)
_18118_/A                               0.750000    1.123124   -0.373124 (VIOLATED)
_18359_/A                               0.750000    1.123124   -0.373124 (VIOLATED)
_18544_/A                               0.750000    1.123124   -0.373124 (VIOLATED)
_18994_/A                               0.750000    1.123124   -0.373124 (VIOLATED)
_18996_/A                               0.750000    1.123124   -0.373124 (VIOLATED)
_19305_/A                               0.750000    1.123124   -0.373124 (VIOLATED)
_19307_/A                               0.750000    1.123124   -0.373124 (VIOLATED)
_19553_/A                               0.750000    1.123124   -0.373124 (VIOLATED)
_19554_/A                               0.750000    1.123124   -0.373124 (VIOLATED)
_19992_/A                               0.750000    1.123124   -0.373124 (VIOLATED)
_20582_/B1                              0.750000    1.123124   -0.373124 (VIOLATED)
_20583_/A                               0.750000    1.123124   -0.373124 (VIOLATED)
_21042_/A                               0.750000    1.123124   -0.373124 (VIOLATED)
_21043_/A                               0.750000    1.123124   -0.373124 (VIOLATED)
_21502_/A                               0.750000    1.123124   -0.373124 (VIOLATED)
_21503_/A                               0.750000    1.123124   -0.373124 (VIOLATED)
_21851_/A                               0.750000    1.123124   -0.373124 (VIOLATED)
_22015_/A                               0.750000    1.123124   -0.373124 (VIOLATED)
_22182_/C1                              0.750000    1.123124   -0.373124 (VIOLATED)
_22785_/A                               0.750000    1.123124   -0.373124 (VIOLATED)
_22805_/A1                              0.750000    1.123124   -0.373124 (VIOLATED)
_23167_/B1                              0.750000    1.123124   -0.373124 (VIOLATED)
_23168_/A                               0.750000    1.123124   -0.373124 (VIOLATED)
_23450_/A                               0.750000    1.123124   -0.373124 (VIOLATED)
_23451_/A                               0.750000    1.123124   -0.373124 (VIOLATED)
_23785_/A                               0.750000    1.123124   -0.373124 (VIOLATED)
_23786_/A                               0.750000    1.123124   -0.373124 (VIOLATED)
_24344_/A                               0.750000    1.123124   -0.373124 (VIOLATED)
_24345_/A                               0.750000    1.123124   -0.373124 (VIOLATED)
_24576_/A                               0.750000    1.123124   -0.373124 (VIOLATED)
_24577_/A                               0.750000    1.123124   -0.373124 (VIOLATED)
_24858_/A                               0.750000    1.123124   -0.373124 (VIOLATED)
_24949_/B2                              0.750000    1.123124   -0.373124 (VIOLATED)
_25368_/A1                              0.750000    1.123124   -0.373124 (VIOLATED)
_25540_/A                               0.750000    1.123124   -0.373124 (VIOLATED)
_25880_/A                               0.750000    1.123124   -0.373124 (VIOLATED)
_26468_/A                               0.750000    1.123124   -0.373124 (VIOLATED)
_26884_/A                               0.750000    1.123124   -0.373124 (VIOLATED)
_26906_/A1                              0.750000    1.123124   -0.373124 (VIOLATED)
_27671_/A                               0.750000    1.123124   -0.373124 (VIOLATED)
_28910_/A                               0.750000    1.123124   -0.373124 (VIOLATED)
_28997_/A1                              0.750000    1.123124   -0.373124 (VIOLATED)
_28999_/A1                              0.750000    1.123124   -0.373124 (VIOLATED)
_29362_/A                               0.750000    1.123124   -0.373124 (VIOLATED)
_30016_/A                               0.750000    1.123124   -0.373124 (VIOLATED)
_30017_/B1                              0.750000    1.123124   -0.373124 (VIOLATED)
_30429_/Q                               0.750000    1.123124   -0.373124 (VIOLATED)
_15155_/A                               0.750000    1.120155   -0.370155 (VIOLATED)
_16133_/A1                              0.750000    1.120155   -0.370155 (VIOLATED)
_16158_/B                               0.750000    1.120155   -0.370155 (VIOLATED)
_17306_/C1                              0.750000    1.120155   -0.370155 (VIOLATED)
_17314_/A1                              0.750000    1.120155   -0.370155 (VIOLATED)
_17440_/A                               0.750000    1.120155   -0.370155 (VIOLATED)
_17442_/A1                              0.750000    1.120155   -0.370155 (VIOLATED)
_17443_/A1                              0.750000    1.120155   -0.370155 (VIOLATED)
_17540_/A                               0.750000    1.120155   -0.370155 (VIOLATED)
_17541_/A                               0.750000    1.120155   -0.370155 (VIOLATED)
_17586_/A1                              0.750000    1.120155   -0.370155 (VIOLATED)
_17695_/A                               0.750000    1.120155   -0.370155 (VIOLATED)
_17740_/A1                              0.750000    1.120155   -0.370155 (VIOLATED)
_17856_/A                               0.750000    1.120155   -0.370155 (VIOLATED)
_17857_/A                               0.750000    1.120155   -0.370155 (VIOLATED)
_17876_/C1                              0.750000    1.120155   -0.370155 (VIOLATED)
_17919_/A                               0.750000    1.120155   -0.370155 (VIOLATED)
_17923_/A                               0.750000    1.120155   -0.370155 (VIOLATED)
_18240_/A                               0.750000    1.120155   -0.370155 (VIOLATED)
_18241_/A                               0.750000    1.120155   -0.370155 (VIOLATED)
_18376_/A1                              0.750000    1.120155   -0.370155 (VIOLATED)
_18377_/A1                              0.750000    1.120155   -0.370155 (VIOLATED)
_18730_/A                               0.750000    1.120155   -0.370155 (VIOLATED)
_18731_/A                               0.750000    1.120155   -0.370155 (VIOLATED)
_18732_/A                               0.750000    1.120155   -0.370155 (VIOLATED)
_18882_/A1                              0.750000    1.120155   -0.370155 (VIOLATED)
_18896_/A                               0.750000    1.120155   -0.370155 (VIOLATED)
_18897_/A                               0.750000    1.120155   -0.370155 (VIOLATED)
_19399_/A                               0.750000    1.120155   -0.370155 (VIOLATED)
_19400_/A                               0.750000    1.120155   -0.370155 (VIOLATED)
_19819_/B1                              0.750000    1.120155   -0.370155 (VIOLATED)
_19820_/A                               0.750000    1.120155   -0.370155 (VIOLATED)
_19966_/A                               0.750000    1.120155   -0.370155 (VIOLATED)
_19967_/A                               0.750000    1.120155   -0.370155 (VIOLATED)
_19968_/A                               0.750000    1.120155   -0.370155 (VIOLATED)
_20167_/A                               0.750000    1.120155   -0.370155 (VIOLATED)
_20390_/A                               0.750000    1.120155   -0.370155 (VIOLATED)
_20391_/A                               0.750000    1.120155   -0.370155 (VIOLATED)
_20554_/A                               0.750000    1.120155   -0.370155 (VIOLATED)
_20672_/A1_N                            0.750000    1.120155   -0.370155 (VIOLATED)
_20910_/A1                              0.750000    1.120155   -0.370155 (VIOLATED)
_21113_/A                               0.750000    1.120155   -0.370155 (VIOLATED)
_21115_/A                               0.750000    1.120155   -0.370155 (VIOLATED)
_21472_/A                               0.750000    1.120155   -0.370155 (VIOLATED)
_21473_/A                               0.750000    1.120155   -0.370155 (VIOLATED)
_22458_/B1                              0.750000    1.120155   -0.370155 (VIOLATED)
_22459_/A                               0.750000    1.120155   -0.370155 (VIOLATED)
_22460_/A                               0.750000    1.120155   -0.370155 (VIOLATED)
_23279_/B1                              0.750000    1.120155   -0.370155 (VIOLATED)
_23280_/A                               0.750000    1.120155   -0.370155 (VIOLATED)
_23927_/A                               0.750000    1.120155   -0.370155 (VIOLATED)
_23928_/A                               0.750000    1.120155   -0.370155 (VIOLATED)
_23979_/B2                              0.750000    1.120155   -0.370155 (VIOLATED)
_24046_/A                               0.750000    1.120155   -0.370155 (VIOLATED)
_24047_/A                               0.750000    1.120155   -0.370155 (VIOLATED)
_24048_/A                               0.750000    1.120155   -0.370155 (VIOLATED)
_24609_/A                               0.750000    1.120155   -0.370155 (VIOLATED)
_24610_/A                               0.750000    1.120155   -0.370155 (VIOLATED)
_24622_/A1                              0.750000    1.120155   -0.370155 (VIOLATED)
_24823_/B1                              0.750000    1.120155   -0.370155 (VIOLATED)
_24824_/A                               0.750000    1.120155   -0.370155 (VIOLATED)
_25366_/A                               0.750000    1.120155   -0.370155 (VIOLATED)
_26438_/A                               0.750000    1.120155   -0.370155 (VIOLATED)
_26439_/A                               0.750000    1.120155   -0.370155 (VIOLATED)
_26569_/A1_N                            0.750000    1.120155   -0.370155 (VIOLATED)
_27147_/A                               0.750000    1.120155   -0.370155 (VIOLATED)
_27148_/A                               0.750000    1.120155   -0.370155 (VIOLATED)
_27149_/A                               0.750000    1.120155   -0.370155 (VIOLATED)
_28111_/A                               0.750000    1.120155   -0.370155 (VIOLATED)
_29691_/A                               0.750000    1.120155   -0.370155 (VIOLATED)
_29705_/A                               0.750000    1.120155   -0.370155 (VIOLATED)
_29988_/B2                              0.750000    1.120155   -0.370155 (VIOLATED)
_29989_/A1                              0.750000    1.120155   -0.370155 (VIOLATED)
_30433_/Q                               0.750000    1.120155   -0.370155 (VIOLATED)
_15153_/A                               0.750000    1.113043   -0.363043 (VIOLATED)
_16128_/A1                              0.750000    1.113043   -0.363043 (VIOLATED)
_16165_/B                               0.750000    1.113043   -0.363043 (VIOLATED)
_16632_/A                               0.750000    1.113043   -0.363043 (VIOLATED)
_16633_/A                               0.750000    1.113043   -0.363043 (VIOLATED)
_16662_/A                               0.750000    1.113043   -0.363043 (VIOLATED)
_16663_/A                               0.750000    1.113043   -0.363043 (VIOLATED)
_16822_/A                               0.750000    1.113043   -0.363043 (VIOLATED)
_16823_/A                               0.750000    1.113043   -0.363043 (VIOLATED)
_16854_/A                               0.750000    1.113043   -0.363043 (VIOLATED)
_16855_/A                               0.750000    1.113043   -0.363043 (VIOLATED)
_17034_/A1                              0.750000    1.113043   -0.363043 (VIOLATED)
_17078_/A                               0.750000    1.113043   -0.363043 (VIOLATED)
_17079_/A                               0.750000    1.113043   -0.363043 (VIOLATED)
_17415_/A                               0.750000    1.113043   -0.363043 (VIOLATED)
_17416_/A                               0.750000    1.113043   -0.363043 (VIOLATED)
_17666_/A                               0.750000    1.113043   -0.363043 (VIOLATED)
_17667_/A                               0.750000    1.113043   -0.363043 (VIOLATED)
_18024_/A                               0.750000    1.113043   -0.363043 (VIOLATED)
_18134_/A                               0.750000    1.113043   -0.363043 (VIOLATED)
_18353_/A                               0.750000    1.113043   -0.363043 (VIOLATED)
_18559_/A                               0.750000    1.113043   -0.363043 (VIOLATED)
_18563_/A                               0.750000    1.113043   -0.363043 (VIOLATED)
_18758_/A                               0.750000    1.113043   -0.363043 (VIOLATED)
_18865_/A1_N                            0.750000    1.113043   -0.363043 (VIOLATED)
_18907_/A1                              0.750000    1.113043   -0.363043 (VIOLATED)
_18938_/A                               0.750000    1.113043   -0.363043 (VIOLATED)
_19096_/B1                              0.750000    1.113043   -0.363043 (VIOLATED)
_19097_/A                               0.750000    1.113043   -0.363043 (VIOLATED)
_19318_/A                               0.750000    1.113043   -0.363043 (VIOLATED)
_19319_/A                               0.750000    1.113043   -0.363043 (VIOLATED)
_19359_/A1                              0.750000    1.113043   -0.363043 (VIOLATED)
_19997_/A                               0.750000    1.113043   -0.363043 (VIOLATED)
_20421_/A                               0.750000    1.113043   -0.363043 (VIOLATED)
_20422_/A                               0.750000    1.113043   -0.363043 (VIOLATED)
_20601_/A                               0.750000    1.113043   -0.363043 (VIOLATED)
_20667_/A1                              0.750000    1.113043   -0.363043 (VIOLATED)
_20833_/A                               0.750000    1.113043   -0.363043 (VIOLATED)
_20834_/A                               0.750000    1.113043   -0.363043 (VIOLATED)
_21330_/A                               0.750000    1.113043   -0.363043 (VIOLATED)
_21516_/A                               0.750000    1.113043   -0.363043 (VIOLATED)
_21517_/A                               0.750000    1.113043   -0.363043 (VIOLATED)
_21519_/A                               0.750000    1.113043   -0.363043 (VIOLATED)
_21844_/A                               0.750000    1.113043   -0.363043 (VIOLATED)
_22383_/A                               0.750000    1.113043   -0.363043 (VIOLATED)
_22550_/A1                              0.750000    1.113043   -0.363043 (VIOLATED)
_22551_/A1                              0.750000    1.113043   -0.363043 (VIOLATED)
_22780_/B1                              0.750000    1.113043   -0.363043 (VIOLATED)
_23455_/A                               0.750000    1.113043   -0.363043 (VIOLATED)
_24081_/A                               0.750000    1.113043   -0.363043 (VIOLATED)
_24082_/A                               0.750000    1.113043   -0.363043 (VIOLATED)
_24582_/A                               0.750000    1.113043   -0.363043 (VIOLATED)
_24583_/A                               0.750000    1.113043   -0.363043 (VIOLATED)
_25268_/A                               0.750000    1.113043   -0.363043 (VIOLATED)
_25269_/A                               0.750000    1.113043   -0.363043 (VIOLATED)
_25883_/A                               0.750000    1.113043   -0.363043 (VIOLATED)
_26888_/A                               0.750000    1.113043   -0.363043 (VIOLATED)
_26889_/A                               0.750000    1.113043   -0.363043 (VIOLATED)
_27193_/A                               0.750000    1.113043   -0.363043 (VIOLATED)
_27674_/A                               0.750000    1.113043   -0.363043 (VIOLATED)
_27675_/A                               0.750000    1.113043   -0.363043 (VIOLATED)
_28914_/A                               0.750000    1.113043   -0.363043 (VIOLATED)
_28915_/A                               0.750000    1.113043   -0.363043 (VIOLATED)
_28916_/A                               0.750000    1.113043   -0.363043 (VIOLATED)
_28997_/B2                              0.750000    1.113043   -0.363043 (VIOLATED)
_29369_/A                               0.750000    1.113043   -0.363043 (VIOLATED)
_29547_/A                               0.750000    1.113043   -0.363043 (VIOLATED)
_29548_/A                               0.750000    1.113043   -0.363043 (VIOLATED)
_30026_/B1                              0.750000    1.113043   -0.363043 (VIOLATED)
_30027_/A                               0.750000    1.113043   -0.363043 (VIOLATED)
_30428_/Q                               0.750000    1.113043   -0.363043 (VIOLATED)
_15578_/X                               0.750000    1.108138   -0.358138 (VIOLATED)
_15596_/S                               0.750000    1.108138   -0.358138 (VIOLATED)
_15606_/S                               0.750000    1.108138   -0.358138 (VIOLATED)
_15610_/A_N                             0.750000    1.108138   -0.358138 (VIOLATED)
_15664_/S                               0.750000    1.108138   -0.358138 (VIOLATED)
_15672_/S                               0.750000    1.108138   -0.358138 (VIOLATED)
_15677_/A                               0.750000    1.108138   -0.358138 (VIOLATED)
_15700_/S                               0.750000    1.108138   -0.358138 (VIOLATED)
_15704_/S                               0.750000    1.108138   -0.358138 (VIOLATED)
_15708_/A                               0.750000    1.108138   -0.358138 (VIOLATED)
_15732_/S                               0.750000    1.108138   -0.358138 (VIOLATED)
_15739_/S                               0.750000    1.108138   -0.358138 (VIOLATED)
_15741_/C_N                             0.750000    1.108138   -0.358138 (VIOLATED)
_15743_/A1                              0.750000    1.108138   -0.358138 (VIOLATED)
_15756_/A_N                             0.750000    1.108138   -0.358138 (VIOLATED)
_15757_/A1                              0.750000    1.108138   -0.358138 (VIOLATED)
_15760_/A_N                             0.750000    1.108138   -0.358138 (VIOLATED)
_15761_/A1                              0.750000    1.108138   -0.358138 (VIOLATED)
_15763_/S                               0.750000    1.108138   -0.358138 (VIOLATED)
_15777_/A_N                             0.750000    1.108138   -0.358138 (VIOLATED)
_15778_/A1                              0.750000    1.108138   -0.358138 (VIOLATED)
_15783_/S                               0.750000    1.108138   -0.358138 (VIOLATED)
_15785_/S                               0.750000    1.108138   -0.358138 (VIOLATED)
_15799_/A_N                             0.750000    1.108138   -0.358138 (VIOLATED)
_15800_/A1                              0.750000    1.108138   -0.358138 (VIOLATED)
_15804_/S                               0.750000    1.108138   -0.358138 (VIOLATED)
_15807_/S                               0.750000    1.108138   -0.358138 (VIOLATED)
_15811_/S                               0.750000    1.108138   -0.358138 (VIOLATED)
_15812_/A                               0.750000    1.108138   -0.358138 (VIOLATED)
_15819_/S                               0.750000    1.108138   -0.358138 (VIOLATED)
_15822_/S                               0.750000    1.108138   -0.358138 (VIOLATED)
_15838_/S                               0.750000    1.108138   -0.358138 (VIOLATED)
_15847_/S                               0.750000    1.108138   -0.358138 (VIOLATED)
_15857_/S                               0.750000    1.108138   -0.358138 (VIOLATED)
_15865_/S                               0.750000    1.108138   -0.358138 (VIOLATED)
_15874_/S                               0.750000    1.108138   -0.358138 (VIOLATED)
_15888_/S                               0.750000    1.108138   -0.358138 (VIOLATED)
_15897_/S                               0.750000    1.108138   -0.358138 (VIOLATED)
_15913_/A                               0.750000    1.108138   -0.358138 (VIOLATED)
_15914_/A1                              0.750000    1.108138   -0.358138 (VIOLATED)
_15931_/A                               0.750000    1.108138   -0.358138 (VIOLATED)
_15932_/A1                              0.750000    1.108138   -0.358138 (VIOLATED)
_15945_/A                               0.750000    1.108138   -0.358138 (VIOLATED)
_15946_/A1                              0.750000    1.108138   -0.358138 (VIOLATED)
_15958_/A                               0.750000    1.108138   -0.358138 (VIOLATED)
_15959_/A1                              0.750000    1.108138   -0.358138 (VIOLATED)
_15974_/S                               0.750000    1.108138   -0.358138 (VIOLATED)
_15988_/S                               0.750000    1.108138   -0.358138 (VIOLATED)
_16001_/S                               0.750000    1.108138   -0.358138 (VIOLATED)
_16013_/S                               0.750000    1.108138   -0.358138 (VIOLATED)
_15148_/Y                               0.750000    1.094187   -0.344187 (VIOLATED)
_16328_/B2                              0.750000    1.094187   -0.344187 (VIOLATED)
_16339_/A                               0.750000    1.094187   -0.344187 (VIOLATED)
_16888_/A                               0.750000    1.094187   -0.344187 (VIOLATED)
_16921_/B2                              0.750000    1.094187   -0.344187 (VIOLATED)
_16922_/A1                              0.750000    1.094187   -0.344187 (VIOLATED)
_16978_/A                               0.750000    1.094187   -0.344187 (VIOLATED)
_16980_/B1                              0.750000    1.094187   -0.344187 (VIOLATED)
_17113_/A1_N                            0.750000    1.094187   -0.344187 (VIOLATED)
_17114_/B2                              0.750000    1.094187   -0.344187 (VIOLATED)
_17153_/A                               0.750000    1.094187   -0.344187 (VIOLATED)
_17358_/A                               0.750000    1.094187   -0.344187 (VIOLATED)
_17359_/A                               0.750000    1.094187   -0.344187 (VIOLATED)
_17397_/A1                              0.750000    1.094187   -0.344187 (VIOLATED)
_17509_/A                               0.750000    1.094187   -0.344187 (VIOLATED)
_17528_/B2                              0.750000    1.094187   -0.344187 (VIOLATED)
_17642_/A                               0.750000    1.094187   -0.344187 (VIOLATED)
_17643_/A                               0.750000    1.094187   -0.344187 (VIOLATED)
_17652_/A1                              0.750000    1.094187   -0.344187 (VIOLATED)
_17823_/A                               0.750000    1.094187   -0.344187 (VIOLATED)
_18404_/A                               0.750000    1.094187   -0.344187 (VIOLATED)
_18597_/B2                              0.750000    1.094187   -0.344187 (VIOLATED)
_18767_/A1                              0.750000    1.094187   -0.344187 (VIOLATED)
_18812_/A                               0.750000    1.094187   -0.344187 (VIOLATED)
_18958_/A                               0.750000    1.094187   -0.344187 (VIOLATED)
_18959_/B1                              0.750000    1.094187   -0.344187 (VIOLATED)
_19152_/A                               0.750000    1.094187   -0.344187 (VIOLATED)
_19153_/B1                              0.750000    1.094187   -0.344187 (VIOLATED)
_19154_/A                               0.750000    1.094187   -0.344187 (VIOLATED)
_19351_/A                               0.750000    1.094187   -0.344187 (VIOLATED)
_19352_/A                               0.750000    1.094187   -0.344187 (VIOLATED)
_19473_/A                               0.750000    1.094187   -0.344187 (VIOLATED)
_19500_/A                               0.750000    1.094187   -0.344187 (VIOLATED)
_19952_/A                               0.750000    1.094187   -0.344187 (VIOLATED)
_19953_/A                               0.750000    1.094187   -0.344187 (VIOLATED)
_19955_/A1_N                            0.750000    1.094187   -0.344187 (VIOLATED)
_20335_/A                               0.750000    1.094187   -0.344187 (VIOLATED)
_20336_/A                               0.750000    1.094187   -0.344187 (VIOLATED)
_20649_/A                               0.750000    1.094187   -0.344187 (VIOLATED)
_20650_/A                               0.750000    1.094187   -0.344187 (VIOLATED)
_20663_/C1                              0.750000    1.094187   -0.344187 (VIOLATED)
_20887_/A                               0.750000    1.094187   -0.344187 (VIOLATED)
_20888_/A                               0.750000    1.094187   -0.344187 (VIOLATED)
_21267_/A                               0.750000    1.094187   -0.344187 (VIOLATED)
_21268_/A                               0.750000    1.094187   -0.344187 (VIOLATED)
_21269_/A                               0.750000    1.094187   -0.344187 (VIOLATED)
_22345_/A                               0.750000    1.094187   -0.344187 (VIOLATED)
_22346_/B1                              0.750000    1.094187   -0.344187 (VIOLATED)
_22515_/B1                              0.750000    1.094187   -0.344187 (VIOLATED)
_22516_/A                               0.750000    1.094187   -0.344187 (VIOLATED)
_22861_/B1                              0.750000    1.094187   -0.344187 (VIOLATED)
_22863_/A                               0.750000    1.094187   -0.344187 (VIOLATED)
_23422_/A                               0.750000    1.094187   -0.344187 (VIOLATED)
_23431_/B2                              0.750000    1.094187   -0.344187 (VIOLATED)
_23432_/A1                              0.750000    1.094187   -0.344187 (VIOLATED)
_23744_/A                               0.750000    1.094187   -0.344187 (VIOLATED)
_24033_/A                               0.750000    1.094187   -0.344187 (VIOLATED)
_24037_/B2                              0.750000    1.094187   -0.344187 (VIOLATED)
_24514_/A                               0.750000    1.094187   -0.344187 (VIOLATED)
_24515_/B1                              0.750000    1.094187   -0.344187 (VIOLATED)
_25302_/A                               0.750000    1.094187   -0.344187 (VIOLATED)
_25311_/A1_N                            0.750000    1.094187   -0.344187 (VIOLATED)
_25609_/A                               0.750000    1.094187   -0.344187 (VIOLATED)
_25826_/A                               0.750000    1.094187   -0.344187 (VIOLATED)
_25834_/B2                              0.750000    1.094187   -0.344187 (VIOLATED)
_26842_/A                               0.750000    1.094187   -0.344187 (VIOLATED)
_26843_/A                               0.750000    1.094187   -0.344187 (VIOLATED)
_27260_/B2                              0.750000    1.094187   -0.344187 (VIOLATED)
_27613_/A                               0.750000    1.094187   -0.344187 (VIOLATED)
_27614_/A                               0.750000    1.094187   -0.344187 (VIOLATED)
_27641_/A1                              0.750000    1.094187   -0.344187 (VIOLATED)
_27873_/A                               0.750000    1.094187   -0.344187 (VIOLATED)
_28962_/B1                              0.750000    1.094187   -0.344187 (VIOLATED)
_28963_/A                               0.750000    1.094187   -0.344187 (VIOLATED)
_15150_/Y                               0.750000    1.069504   -0.319504 (VIOLATED)
_16513_/A                               0.750000    1.069504   -0.319504 (VIOLATED)
_16721_/A                               0.750000    1.069504   -0.319504 (VIOLATED)
_16748_/A                               0.750000    1.069504   -0.319504 (VIOLATED)
_16806_/A                               0.750000    1.069504   -0.319504 (VIOLATED)
_16807_/B2                              0.750000    1.069504   -0.319504 (VIOLATED)
_16925_/A1                              0.750000    1.069504   -0.319504 (VIOLATED)
_17167_/A                               0.750000    1.069504   -0.319504 (VIOLATED)
_17291_/A1                              0.750000    1.069504   -0.319504 (VIOLATED)
_17292_/A1                              0.750000    1.069504   -0.319504 (VIOLATED)
_17337_/A                               0.750000    1.069504   -0.319504 (VIOLATED)
_17674_/A                               0.750000    1.069504   -0.319504 (VIOLATED)
_17835_/A                               0.750000    1.069504   -0.319504 (VIOLATED)
_17972_/A                               0.750000    1.069504   -0.319504 (VIOLATED)
_18138_/A                               0.750000    1.069504   -0.319504 (VIOLATED)
_18144_/A                               0.750000    1.069504   -0.319504 (VIOLATED)
_18145_/A1                              0.750000    1.069504   -0.319504 (VIOLATED)
_18589_/A                               0.750000    1.069504   -0.319504 (VIOLATED)
_18785_/A                               0.750000    1.069504   -0.319504 (VIOLATED)
_18786_/B1                              0.750000    1.069504   -0.319504 (VIOLATED)
_18944_/A                               0.750000    1.069504   -0.319504 (VIOLATED)
_19338_/A                               0.750000    1.069504   -0.319504 (VIOLATED)
_19339_/A                               0.750000    1.069504   -0.319504 (VIOLATED)
_19743_/A                               0.750000    1.069504   -0.319504 (VIOLATED)
_19745_/A                               0.750000    1.069504   -0.319504 (VIOLATED)
_19785_/B2                              0.750000    1.069504   -0.319504 (VIOLATED)
_20130_/A                               0.750000    1.069504   -0.319504 (VIOLATED)
_20153_/B2                              0.750000    1.069504   -0.319504 (VIOLATED)
_20606_/A                               0.750000    1.069504   -0.319504 (VIOLATED)
_20665_/B2                              0.750000    1.069504   -0.319504 (VIOLATED)
_20844_/A                               0.750000    1.069504   -0.319504 (VIOLATED)
_20848_/A                               0.750000    1.069504   -0.319504 (VIOLATED)
_21007_/A                               0.750000    1.069504   -0.319504 (VIOLATED)
_21046_/A1                              0.750000    1.069504   -0.319504 (VIOLATED)
_21301_/A                               0.750000    1.069504   -0.319504 (VIOLATED)
_21522_/A                               0.750000    1.069504   -0.319504 (VIOLATED)
_21523_/A                               0.750000    1.069504   -0.319504 (VIOLATED)
_21524_/A                               0.750000    1.069504   -0.319504 (VIOLATED)
_21987_/A                               0.750000    1.069504   -0.319504 (VIOLATED)
_22004_/B2                              0.750000    1.069504   -0.319504 (VIOLATED)
_22005_/A1                              0.750000    1.069504   -0.319504 (VIOLATED)
_22313_/A                               0.750000    1.069504   -0.319504 (VIOLATED)
_22486_/A                               0.750000    1.069504   -0.319504 (VIOLATED)
_22548_/B2                              0.750000    1.069504   -0.319504 (VIOLATED)
_23230_/A1                              0.750000    1.069504   -0.319504 (VIOLATED)
_23231_/A1                              0.750000    1.069504   -0.319504 (VIOLATED)
_23465_/A                               0.750000    1.069504   -0.319504 (VIOLATED)
_23815_/A                               0.750000    1.069504   -0.319504 (VIOLATED)
_23816_/A                               0.750000    1.069504   -0.319504 (VIOLATED)
_23817_/A                               0.750000    1.069504   -0.319504 (VIOLATED)
_24289_/A                               0.750000    1.069504   -0.319504 (VIOLATED)
_24290_/A                               0.750000    1.069504   -0.319504 (VIOLATED)
_24304_/A1                              0.750000    1.069504   -0.319504 (VIOLATED)
_24882_/A                               0.750000    1.069504   -0.319504 (VIOLATED)
_24888_/B2                              0.750000    1.069504   -0.319504 (VIOLATED)
_25282_/A                               0.750000    1.069504   -0.319504 (VIOLATED)
_25603_/A                               0.750000    1.069504   -0.319504 (VIOLATED)
_25604_/A                               0.750000    1.069504   -0.319504 (VIOLATED)
_25605_/B1                              0.750000    1.069504   -0.319504 (VIOLATED)
_26495_/A                               0.750000    1.069504   -0.319504 (VIOLATED)
_26496_/A                               0.750000    1.069504   -0.319504 (VIOLATED)
_26560_/A1                              0.750000    1.069504   -0.319504 (VIOLATED)
_27200_/A                               0.750000    1.069504   -0.319504 (VIOLATED)
_27201_/B1                              0.750000    1.069504   -0.319504 (VIOLATED)
_27827_/B1                              0.750000    1.069504   -0.319504 (VIOLATED)
_27828_/A                               0.750000    1.069504   -0.319504 (VIOLATED)
_29384_/A                               0.750000    1.069504   -0.319504 (VIOLATED)
_29561_/A                               0.750000    1.069504   -0.319504 (VIOLATED)
_30040_/B1                              0.750000    1.069504   -0.319504 (VIOLATED)
_15152_/Y                               0.750000    1.065680   -0.315680 (VIOLATED)
_16829_/A1                              0.750000    1.065680   -0.315680 (VIOLATED)
_16848_/A                               0.750000    1.065680   -0.315680 (VIOLATED)
_16849_/A                               0.750000    1.065680   -0.315680 (VIOLATED)
_17077_/A                               0.750000    1.065680   -0.315680 (VIOLATED)
_17218_/A                               0.750000    1.065680   -0.315680 (VIOLATED)
_17422_/A                               0.750000    1.065680   -0.315680 (VIOLATED)
_17662_/A                               0.750000    1.065680   -0.315680 (VIOLATED)
_17663_/A                               0.750000    1.065680   -0.315680 (VIOLATED)
_17685_/A1                              0.750000    1.065680   -0.315680 (VIOLATED)
_18015_/A                               0.750000    1.065680   -0.315680 (VIOLATED)
_18016_/C1                              0.750000    1.065680   -0.315680 (VIOLATED)
_18017_/C1                              0.750000    1.065680   -0.315680 (VIOLATED)
_18358_/A                               0.750000    1.065680   -0.315680 (VIOLATED)
_18374_/A1                              0.750000    1.065680   -0.315680 (VIOLATED)
_18545_/A                               0.750000    1.065680   -0.315680 (VIOLATED)
_18763_/A                               0.750000    1.065680   -0.315680 (VIOLATED)
_18764_/A                               0.750000    1.065680   -0.315680 (VIOLATED)
_18865_/B2                              0.750000    1.065680   -0.315680 (VIOLATED)
_19105_/A                               0.750000    1.065680   -0.315680 (VIOLATED)
_19106_/B1                              0.750000    1.065680   -0.315680 (VIOLATED)
_19779_/A                               0.750000    1.065680   -0.315680 (VIOLATED)
_19780_/A                               0.750000    1.065680   -0.315680 (VIOLATED)
_19991_/A                               0.750000    1.065680   -0.315680 (VIOLATED)
_20017_/A1                              0.750000    1.065680   -0.315680 (VIOLATED)
_20179_/A                               0.750000    1.065680   -0.315680 (VIOLATED)
_20180_/A                               0.750000    1.065680   -0.315680 (VIOLATED)
_20416_/A                               0.750000    1.065680   -0.315680 (VIOLATED)
_20417_/A                               0.750000    1.065680   -0.315680 (VIOLATED)
_20566_/A1                              0.750000    1.065680   -0.315680 (VIOLATED)
_20828_/A                               0.750000    1.065680   -0.315680 (VIOLATED)
_20829_/A                               0.750000    1.065680   -0.315680 (VIOLATED)
_20830_/A                               0.750000    1.065680   -0.315680 (VIOLATED)
_21342_/A                               0.750000    1.065680   -0.315680 (VIOLATED)
_21343_/A                               0.750000    1.065680   -0.315680 (VIOLATED)
_21919_/A1                              0.750000    1.065680   -0.315680 (VIOLATED)
_21920_/A1                              0.750000    1.065680   -0.315680 (VIOLATED)
_22014_/A                               0.750000    1.065680   -0.315680 (VIOLATED)
_22245_/A                               0.750000    1.065680   -0.315680 (VIOLATED)
_22246_/A                               0.750000    1.065680   -0.315680 (VIOLATED)
_22247_/A                               0.750000    1.065680   -0.315680 (VIOLATED)
_22577_/A                               0.750000    1.065680   -0.315680 (VIOLATED)
_22578_/A                               0.750000    1.065680   -0.315680 (VIOLATED)
_22786_/A                               0.750000    1.065680   -0.315680 (VIOLATED)
_22884_/A1                              0.750000    1.065680   -0.315680 (VIOLATED)
_23452_/A                               0.750000    1.065680   -0.315680 (VIOLATED)
_24077_/A                               0.750000    1.065680   -0.315680 (VIOLATED)
_24078_/A                               0.750000    1.065680   -0.315680 (VIOLATED)
_24095_/A1                              0.750000    1.065680   -0.315680 (VIOLATED)
_25263_/B1                              0.750000    1.065680   -0.315680 (VIOLATED)
_25264_/A                               0.750000    1.065680   -0.315680 (VIOLATED)
_25538_/A                               0.750000    1.065680   -0.315680 (VIOLATED)
_25539_/A                               0.750000    1.065680   -0.315680 (VIOLATED)
_25623_/C1                              0.750000    1.065680   -0.315680 (VIOLATED)
_25878_/A                               0.750000    1.065680   -0.315680 (VIOLATED)
_25879_/A                               0.750000    1.065680   -0.315680 (VIOLATED)
_26467_/A                               0.750000    1.065680   -0.315680 (VIOLATED)
_26885_/A                               0.750000    1.065680   -0.315680 (VIOLATED)
_27185_/A                               0.750000    1.065680   -0.315680 (VIOLATED)
_27186_/A                               0.750000    1.065680   -0.315680 (VIOLATED)
_27669_/A                               0.750000    1.065680   -0.315680 (VIOLATED)
_27678_/A1                              0.750000    1.065680   -0.315680 (VIOLATED)
_28142_/A                               0.750000    1.065680   -0.315680 (VIOLATED)
_28143_/B1                              0.750000    1.065680   -0.315680 (VIOLATED)
_29363_/A                               0.750000    1.065680   -0.315680 (VIOLATED)
_29542_/A                               0.750000    1.065680   -0.315680 (VIOLATED)
_29543_/A                               0.750000    1.065680   -0.315680 (VIOLATED)
_29544_/A                               0.750000    1.065680   -0.315680 (VIOLATED)
_15162_/A                               0.750000    1.063020   -0.313020 (VIOLATED)
_16137_/A1                              0.750000    1.063020   -0.313020 (VIOLATED)
_16155_/B                               0.750000    1.063020   -0.313020 (VIOLATED)
_17312_/B                               0.750000    1.063020   -0.313020 (VIOLATED)
_17590_/B1                              0.750000    1.063020   -0.313020 (VIOLATED)
_17726_/A                               0.750000    1.063020   -0.313020 (VIOLATED)
_17727_/A                               0.750000    1.063020   -0.313020 (VIOLATED)
_17885_/A                               0.750000    1.063020   -0.313020 (VIOLATED)
_17906_/A                               0.750000    1.063020   -0.313020 (VIOLATED)
_18065_/A                               0.750000    1.063020   -0.313020 (VIOLATED)
_18303_/A                               0.750000    1.063020   -0.313020 (VIOLATED)
_18681_/C1                              0.750000    1.063020   -0.313020 (VIOLATED)
_18682_/A                               0.750000    1.063020   -0.313020 (VIOLATED)
_18683_/C1                              0.750000    1.063020   -0.313020 (VIOLATED)
_19042_/A                               0.750000    1.063020   -0.313020 (VIOLATED)
_19043_/A                               0.750000    1.063020   -0.313020 (VIOLATED)
_19210_/A                               0.750000    1.063020   -0.313020 (VIOLATED)
_19211_/A                               0.750000    1.063020   -0.313020 (VIOLATED)
_19212_/A                               0.750000    1.063020   -0.313020 (VIOLATED)
_19374_/A                               0.750000    1.063020   -0.313020 (VIOLATED)
_19847_/A                               0.750000    1.063020   -0.313020 (VIOLATED)
_19853_/B2                              0.750000    1.063020   -0.313020 (VIOLATED)
_20037_/A                               0.750000    1.063020   -0.313020 (VIOLATED)
_20038_/B1                              0.750000    1.063020   -0.313020 (VIOLATED)
_20058_/A1                              0.750000    1.063020   -0.313020 (VIOLATED)
_20226_/A                               0.750000    1.063020   -0.313020 (VIOLATED)
_20680_/A                               0.750000    1.063020   -0.313020 (VIOLATED)
_20681_/A                               0.750000    1.063020   -0.313020 (VIOLATED)
_21372_/A                               0.750000    1.063020   -0.313020 (VIOLATED)
_21373_/A                               0.750000    1.063020   -0.313020 (VIOLATED)
_21437_/A                               0.750000    1.063020   -0.313020 (VIOLATED)
_21438_/A                               0.750000    1.063020   -0.313020 (VIOLATED)
_21876_/A                               0.750000    1.063020   -0.313020 (VIOLATED)
_22626_/A                               0.750000    1.063020   -0.313020 (VIOLATED)
_22638_/B2                              0.750000    1.063020   -0.313020 (VIOLATED)
_22908_/A                               0.750000    1.063020   -0.313020 (VIOLATED)
_22931_/A1                              0.750000    1.063020   -0.313020 (VIOLATED)
_22932_/A1                              0.750000    1.063020   -0.313020 (VIOLATED)
_22944_/A1                              0.750000    1.063020   -0.313020 (VIOLATED)
_23242_/A                               0.750000    1.063020   -0.313020 (VIOLATED)
_23516_/A                               0.750000    1.063020   -0.313020 (VIOLATED)
_23617_/A1                              0.750000    1.063020   -0.313020 (VIOLATED)
_23845_/A                               0.750000    1.063020   -0.313020 (VIOLATED)
_23846_/A                               0.750000    1.063020   -0.313020 (VIOLATED)
_24110_/A                               0.750000    1.063020   -0.313020 (VIOLATED)
_24127_/A1                              0.750000    1.063020   -0.313020 (VIOLATED)
_24128_/A1                              0.750000    1.063020   -0.313020 (VIOLATED)
_24379_/C1                              0.750000    1.063020   -0.313020 (VIOLATED)
_24995_/A                               0.750000    1.063020   -0.313020 (VIOLATED)
_24996_/A                               0.750000    1.063020   -0.313020 (VIOLATED)
_25002_/B2                              0.750000    1.063020   -0.313020 (VIOLATED)
_25913_/A                               0.750000    1.063020   -0.313020 (VIOLATED)
_25914_/A                               0.750000    1.063020   -0.313020 (VIOLATED)
_25915_/A                               0.750000    1.063020   -0.313020 (VIOLATED)
_26408_/A                               0.750000    1.063020   -0.313020 (VIOLATED)
_26949_/A                               0.750000    1.063020   -0.313020 (VIOLATED)
_27306_/A                               0.750000    1.063020   -0.313020 (VIOLATED)
_28084_/A                               0.750000    1.063020   -0.313020 (VIOLATED)
_29177_/A                               0.750000    1.063020   -0.313020 (VIOLATED)
_29672_/A                               0.750000    1.063020   -0.313020 (VIOLATED)
_29966_/A                               0.750000    1.063020   -0.313020 (VIOLATED)
_30437_/Q                               0.750000    1.063020   -0.313020 (VIOLATED)
_15146_/Y                               0.750000    1.057050   -0.307050 (VIOLATED)
_16713_/A1                              0.750000    1.057050   -0.307050 (VIOLATED)
_16749_/A                               0.750000    1.057050   -0.307050 (VIOLATED)
_16807_/A1                              0.750000    1.057050   -0.307050 (VIOLATED)
_16858_/A1                              0.750000    1.057050   -0.307050 (VIOLATED)
_16876_/A                               0.750000    1.057050   -0.307050 (VIOLATED)
_16877_/A                               0.750000    1.057050   -0.307050 (VIOLATED)
_17024_/A                               0.750000    1.057050   -0.307050 (VIOLATED)
_17031_/B1                              0.750000    1.057050   -0.307050 (VIOLATED)
_17081_/A1                              0.750000    1.057050   -0.307050 (VIOLATED)
_17098_/C1                              0.750000    1.057050   -0.307050 (VIOLATED)
_17099_/C1                              0.750000    1.057050   -0.307050 (VIOLATED)
_17100_/C1                              0.750000    1.057050   -0.307050 (VIOLATED)
_17242_/A                               0.750000    1.057050   -0.307050 (VIOLATED)
_17343_/A                               0.750000    1.057050   -0.307050 (VIOLATED)
_17349_/A                               0.750000    1.057050   -0.307050 (VIOLATED)
_17476_/A                               0.750000    1.057050   -0.307050 (VIOLATED)
_17532_/A                               0.750000    1.057050   -0.307050 (VIOLATED)
_17608_/A                               0.750000    1.057050   -0.307050 (VIOLATED)
_17609_/A                               0.750000    1.057050   -0.307050 (VIOLATED)
_17654_/A1                              0.750000    1.057050   -0.307050 (VIOLATED)
_17992_/A                               0.750000    1.057050   -0.307050 (VIOLATED)
_17993_/C1                              0.750000    1.057050   -0.307050 (VIOLATED)
_17994_/C1                              0.750000    1.057050   -0.307050 (VIOLATED)
_17995_/A                               0.750000    1.057050   -0.307050 (VIOLATED)
_18582_/A                               0.750000    1.057050   -0.307050 (VIOLATED)
_18599_/A1                              0.750000    1.057050   -0.307050 (VIOLATED)
_18798_/B1                              0.750000    1.057050   -0.307050 (VIOLATED)
_18799_/A                               0.750000    1.057050   -0.307050 (VIOLATED)
_18951_/A                               0.750000    1.057050   -0.307050 (VIOLATED)
_19144_/A                               0.750000    1.057050   -0.307050 (VIOLATED)
_19145_/B1                              0.750000    1.057050   -0.307050 (VIOLATED)
_19520_/A                               0.750000    1.057050   -0.307050 (VIOLATED)
_19521_/A                               0.750000    1.057050   -0.307050 (VIOLATED)
_19522_/A                               0.750000    1.057050   -0.307050 (VIOLATED)
_19936_/A                               0.750000    1.057050   -0.307050 (VIOLATED)
_19937_/A                               0.750000    1.057050   -0.307050 (VIOLATED)
_19938_/B1                              0.750000    1.057050   -0.307050 (VIOLATED)
_20135_/A                               0.750000    1.057050   -0.307050 (VIOLATED)
_20360_/A                               0.750000    1.057050   -0.307050 (VIOLATED)
_20361_/A                               0.750000    1.057050   -0.307050 (VIOLATED)
_20616_/A                               0.750000    1.057050   -0.307050 (VIOLATED)
_20836_/A1                              0.750000    1.057050   -0.307050 (VIOLATED)
_20877_/A                               0.750000    1.057050   -0.307050 (VIOLATED)
_20896_/A1                              0.750000    1.057050   -0.307050 (VIOLATED)
_21306_/A                               0.750000    1.057050   -0.307050 (VIOLATED)
_21307_/A                               0.750000    1.057050   -0.307050 (VIOLATED)
_21787_/B1                              0.750000    1.057050   -0.307050 (VIOLATED)
_22326_/A                               0.750000    1.057050   -0.307050 (VIOLATED)
_22845_/A                               0.750000    1.057050   -0.307050 (VIOLATED)
_22846_/B1                              0.750000    1.057050   -0.307050 (VIOLATED)
_23475_/A                               0.750000    1.057050   -0.307050 (VIOLATED)
_23477_/A                               0.750000    1.057050   -0.307050 (VIOLATED)
_24024_/A                               0.750000    1.057050   -0.307050 (VIOLATED)
_24025_/A                               0.750000    1.057050   -0.307050 (VIOLATED)
_24283_/A                               0.750000    1.057050   -0.307050 (VIOLATED)
_24285_/A                               0.750000    1.057050   -0.307050 (VIOLATED)
_24546_/A                               0.750000    1.057050   -0.307050 (VIOLATED)
_24547_/A                               0.750000    1.057050   -0.307050 (VIOLATED)
_25296_/A                               0.750000    1.057050   -0.307050 (VIOLATED)
_25297_/A                               0.750000    1.057050   -0.307050 (VIOLATED)
_25596_/A                               0.750000    1.057050   -0.307050 (VIOLATED)
_25867_/A                               0.750000    1.057050   -0.307050 (VIOLATED)
_25868_/A                               0.750000    1.057050   -0.307050 (VIOLATED)
_25890_/A1_N                            0.750000    1.057050   -0.307050 (VIOLATED)
_26830_/A                               0.750000    1.057050   -0.307050 (VIOLATED)
_26831_/A                               0.750000    1.057050   -0.307050 (VIOLATED)
_26850_/A1                              0.750000    1.057050   -0.307050 (VIOLATED)
_27644_/A                               0.750000    1.057050   -0.307050 (VIOLATED)
_27646_/A                               0.750000    1.057050   -0.307050 (VIOLATED)
_27648_/B2                              0.750000    1.057050   -0.307050 (VIOLATED)
_29575_/B1                              0.750000    1.057050   -0.307050 (VIOLATED)
_29576_/A                               0.750000    1.057050   -0.307050 (VIOLATED)
_15161_/A                               0.750000    1.051979   -0.301979 (VIOLATED)
_16136_/A1                              0.750000    1.051979   -0.301979 (VIOLATED)
_16155_/A                               0.750000    1.051979   -0.301979 (VIOLATED)
_17312_/A                               0.750000    1.051979   -0.301979 (VIOLATED)
_17556_/A                               0.750000    1.051979   -0.301979 (VIOLATED)
_17557_/A                               0.750000    1.051979   -0.301979 (VIOLATED)
_17743_/A1                              0.750000    1.051979   -0.301979 (VIOLATED)
_17892_/A                               0.750000    1.051979   -0.301979 (VIOLATED)
_17893_/A                               0.750000    1.051979   -0.301979 (VIOLATED)
_17894_/A                               0.750000    1.051979   -0.301979 (VIOLATED)
_18073_/A                               0.750000    1.051979   -0.301979 (VIOLATED)
_18074_/A                               0.750000    1.051979   -0.301979 (VIOLATED)
_18235_/A                               0.750000    1.051979   -0.301979 (VIOLATED)
_18255_/A1                              0.750000    1.051979   -0.301979 (VIOLATED)
_18256_/A1                              0.750000    1.051979   -0.301979 (VIOLATED)
_18292_/A                               0.750000    1.051979   -0.301979 (VIOLATED)
_18493_/C1                              0.750000    1.051979   -0.301979 (VIOLATED)
_18494_/A                               0.750000    1.051979   -0.301979 (VIOLATED)
_18495_/C1                              0.750000    1.051979   -0.301979 (VIOLATED)
_18690_/A                               0.750000    1.051979   -0.301979 (VIOLATED)
_18887_/A                               0.750000    1.051979   -0.301979 (VIOLATED)
_19021_/A1                              0.750000    1.051979   -0.301979 (VIOLATED)
_19022_/A1                              0.750000    1.051979   -0.301979 (VIOLATED)
_19627_/A                               0.750000    1.051979   -0.301979 (VIOLATED)
_19628_/A                               0.750000    1.051979   -0.301979 (VIOLATED)
_19805_/A                               0.750000    1.051979   -0.301979 (VIOLATED)
_20030_/C1                              0.750000    1.051979   -0.301979 (VIOLATED)
_20238_/A                               0.750000    1.051979   -0.301979 (VIOLATED)
_20239_/A                               0.750000    1.051979   -0.301979 (VIOLATED)
_20294_/A1                              0.750000    1.051979   -0.301979 (VIOLATED)
_20453_/A                               0.750000    1.051979   -0.301979 (VIOLATED)
_20454_/A                               0.750000    1.051979   -0.301979 (VIOLATED)
_21083_/A                               0.750000    1.051979   -0.301979 (VIOLATED)
_21084_/A                               0.750000    1.051979   -0.301979 (VIOLATED)
_21085_/A                               0.750000    1.051979   -0.301979 (VIOLATED)
_21366_/A                               0.750000    1.051979   -0.301979 (VIOLATED)
_21871_/A                               0.750000    1.051979   -0.301979 (VIOLATED)
_22291_/A                               0.750000    1.051979   -0.301979 (VIOLATED)
_22292_/A                               0.750000    1.051979   -0.301979 (VIOLATED)
_22293_/A                               0.750000    1.051979   -0.301979 (VIOLATED)
_23259_/A                               0.750000    1.051979   -0.301979 (VIOLATED)
_23260_/B1                              0.750000    1.051979   -0.301979 (VIOLATED)
_23261_/A                               0.750000    1.051979   -0.301979 (VIOLATED)
_23509_/A                               0.750000    1.051979   -0.301979 (VIOLATED)
_23510_/A                               0.750000    1.051979   -0.301979 (VIOLATED)
_23914_/A                               0.750000    1.051979   -0.301979 (VIOLATED)
_23915_/A                               0.750000    1.051979   -0.301979 (VIOLATED)
_23981_/A1                              0.750000    1.051979   -0.301979 (VIOLATED)
_24650_/A                               0.750000    1.051979   -0.301979 (VIOLATED)
_24651_/A                               0.750000    1.051979   -0.301979 (VIOLATED)
_24729_/B2                              0.750000    1.051979   -0.301979 (VIOLATED)
_25327_/A                               0.750000    1.051979   -0.301979 (VIOLATED)
_25514_/A                               0.750000    1.051979   -0.301979 (VIOLATED)
_25520_/A                               0.750000    1.051979   -0.301979 (VIOLATED)
_25521_/A                               0.750000    1.051979   -0.301979 (VIOLATED)
_25900_/A1                              0.750000    1.051979   -0.301979 (VIOLATED)
_26954_/A                               0.750000    1.051979   -0.301979 (VIOLATED)
_27314_/A                               0.750000    1.051979   -0.301979 (VIOLATED)
_27414_/A                               0.750000    1.051979   -0.301979 (VIOLATED)
_27419_/A1                              0.750000    1.051979   -0.301979 (VIOLATED)
_27554_/A                               0.750000    1.051979   -0.301979 (VIOLATED)
_28095_/A                               0.750000    1.051979   -0.301979 (VIOLATED)
_28096_/A                               0.750000    1.051979   -0.301979 (VIOLATED)
_28154_/A1                              0.750000    1.051979   -0.301979 (VIOLATED)
_28855_/A                               0.750000    1.051979   -0.301979 (VIOLATED)
_28857_/A                               0.750000    1.051979   -0.301979 (VIOLATED)
_29676_/A                               0.750000    1.051979   -0.301979 (VIOLATED)
_29977_/A1                              0.750000    1.051979   -0.301979 (VIOLATED)
_29984_/A                               0.750000    1.051979   -0.301979 (VIOLATED)
_30436_/Q                               0.750000    1.051979   -0.301979 (VIOLATED)
_15149_/Y                               0.750000    1.048358   -0.298358 (VIOLATED)
_16456_/A                               0.750000    1.048358   -0.298358 (VIOLATED)
_16554_/A                               0.750000    1.048358   -0.298358 (VIOLATED)
_16555_/B1                              0.750000    1.048358   -0.298358 (VIOLATED)
_16768_/A                               0.750000    1.048358   -0.298358 (VIOLATED)
_16799_/A                               0.750000    1.048358   -0.298358 (VIOLATED)
_16882_/A                               0.750000    1.048358   -0.298358 (VIOLATED)
_16884_/A                               0.750000    1.048358   -0.298358 (VIOLATED)
_16921_/A1                              0.750000    1.048358   -0.298358 (VIOLATED)
_16997_/A                               0.750000    1.048358   -0.298358 (VIOLATED)
_16998_/B1                              0.750000    1.048358   -0.298358 (VIOLATED)
_17149_/A                               0.750000    1.048358   -0.298358 (VIOLATED)
_17522_/A                               0.750000    1.048358   -0.298358 (VIOLATED)
_17526_/A1                              0.750000    1.048358   -0.298358 (VIOLATED)
_17648_/A                               0.750000    1.048358   -0.298358 (VIOLATED)
_17649_/A                               0.750000    1.048358   -0.298358 (VIOLATED)
_17800_/A                               0.750000    1.048358   -0.298358 (VIOLATED)
_17806_/A1                              0.750000    1.048358   -0.298358 (VIOLATED)
_17810_/A                               0.750000    1.048358   -0.298358 (VIOLATED)
_17932_/A                               0.750000    1.048358   -0.298358 (VIOLATED)
_17933_/A                               0.750000    1.048358   -0.298358 (VIOLATED)
_17964_/A1_N                            0.750000    1.048358   -0.298358 (VIOLATED)
_18187_/A                               0.750000    1.048358   -0.298358 (VIOLATED)
_18807_/A                               0.750000    1.048358   -0.298358 (VIOLATED)
_18979_/A                               0.750000    1.048358   -0.298358 (VIOLATED)
_18987_/A1_N                            0.750000    1.048358   -0.298358 (VIOLATED)
_19287_/A                               0.750000    1.048358   -0.298358 (VIOLATED)
_19288_/A                               0.750000    1.048358   -0.298358 (VIOLATED)
_19691_/B1                              0.750000    1.048358   -0.298358 (VIOLATED)
_19692_/A                               0.750000    1.048358   -0.298358 (VIOLATED)
_20096_/A                               0.750000    1.048358   -0.298358 (VIOLATED)
_20120_/A                               0.750000    1.048358   -0.298358 (VIOLATED)
_20656_/B1                              0.750000    1.048358   -0.298358 (VIOLATED)
_20657_/A                               0.750000    1.048358   -0.298358 (VIOLATED)
_20658_/A                               0.750000    1.048358   -0.298358 (VIOLATED)
_20995_/A                               0.750000    1.048358   -0.298358 (VIOLATED)
_20997_/A                               0.750000    1.048358   -0.298358 (VIOLATED)
_21558_/A                               0.750000    1.048358   -0.298358 (VIOLATED)
_21559_/A                               0.750000    1.048358   -0.298358 (VIOLATED)
_21800_/C1                              0.750000    1.048358   -0.298358 (VIOLATED)
_21801_/A                               0.750000    1.048358   -0.298358 (VIOLATED)
_21958_/A                               0.750000    1.048358   -0.298358 (VIOLATED)
_21959_/B1                              0.750000    1.048358   -0.298358 (VIOLATED)
_22339_/A                               0.750000    1.048358   -0.298358 (VIOLATED)
_22853_/A                               0.750000    1.048358   -0.298358 (VIOLATED)
_22854_/B1                              0.750000    1.048358   -0.298358 (VIOLATED)
_23222_/A                               0.750000    1.048358   -0.298358 (VIOLATED)
_23224_/A1                              0.750000    1.048358   -0.298358 (VIOLATED)
_23227_/A1                              0.750000    1.048358   -0.298358 (VIOLATED)
_24037_/A1                              0.750000    1.048358   -0.298358 (VIOLATED)
_24266_/A                               0.750000    1.048358   -0.298358 (VIOLATED)
_24267_/B1                              0.750000    1.048358   -0.298358 (VIOLATED)
_24295_/A1                              0.750000    1.048358   -0.298358 (VIOLATED)
_25308_/A                               0.750000    1.048358   -0.298358 (VIOLATED)
_25585_/A                               0.750000    1.048358   -0.298358 (VIOLATED)
_25586_/A                               0.750000    1.048358   -0.298358 (VIOLATED)
_25587_/A                               0.750000    1.048358   -0.298358 (VIOLATED)
_25832_/A                               0.750000    1.048358   -0.298358 (VIOLATED)
_26749_/A1                              0.750000    1.048358   -0.298358 (VIOLATED)
_27618_/A                               0.750000    1.048358   -0.298358 (VIOLATED)
_27861_/B1                              0.750000    1.048358   -0.298358 (VIOLATED)
_27862_/A                               0.750000    1.048358   -0.298358 (VIOLATED)
_29476_/A                               0.750000    1.048358   -0.298358 (VIOLATED)
_29501_/A                               0.750000    1.048358   -0.298358 (VIOLATED)
_30054_/A                               0.750000    1.048358   -0.298358 (VIOLATED)
_30067_/A                               0.750000    1.048358   -0.298358 (VIOLATED)
_15151_/Y                               0.750000    1.042799   -0.292799 (VIOLATED)
_16827_/A1                              0.750000    1.042799   -0.292799 (VIOLATED)
_16845_/A1                              0.750000    1.042799   -0.292799 (VIOLATED)
_16861_/A                               0.750000    1.042799   -0.292799 (VIOLATED)
_16925_/B2                              0.750000    1.042799   -0.292799 (VIOLATED)
_17330_/A                               0.750000    1.042799   -0.292799 (VIOLATED)
_17331_/A                               0.750000    1.042799   -0.292799 (VIOLATED)
_17847_/A                               0.750000    1.042799   -0.292799 (VIOLATED)
_18365_/A                               0.750000    1.042799   -0.292799 (VIOLATED)
_18370_/A                               0.750000    1.042799   -0.292799 (VIOLATED)
_18571_/A                               0.750000    1.042799   -0.292799 (VIOLATED)
_18776_/A                               0.750000    1.042799   -0.292799 (VIOLATED)
_18777_/B1                              0.750000    1.042799   -0.292799 (VIOLATED)
_18931_/A                               0.750000    1.042799   -0.292799 (VIOLATED)
_18932_/A                               0.750000    1.042799   -0.292799 (VIOLATED)
_18985_/C1                              0.750000    1.042799   -0.292799 (VIOLATED)
_19514_/A                               0.750000    1.042799   -0.292799 (VIOLATED)
_19515_/A                               0.750000    1.042799   -0.292799 (VIOLATED)
_19532_/A1                              0.750000    1.042799   -0.292799 (VIOLATED)
_19729_/A                               0.750000    1.042799   -0.292799 (VIOLATED)
_20004_/A                               0.750000    1.042799   -0.292799 (VIOLATED)
_20005_/B1                              0.750000    1.042799   -0.292799 (VIOLATED)
_20006_/A                               0.750000    1.042799   -0.292799 (VIOLATED)
_20611_/A                               0.750000    1.042799   -0.292799 (VIOLATED)
_20839_/A                               0.750000    1.042799   -0.292799 (VIOLATED)
_20840_/A                               0.750000    1.042799   -0.292799 (VIOLATED)
_21055_/A                               0.750000    1.042799   -0.292799 (VIOLATED)
_21056_/A                               0.750000    1.042799   -0.292799 (VIOLATED)
_21296_/A                               0.750000    1.042799   -0.292799 (VIOLATED)
_21857_/A                               0.750000    1.042799   -0.292799 (VIOLATED)
_21858_/A                               0.750000    1.042799   -0.292799 (VIOLATED)
_22034_/A                               0.750000    1.042799   -0.292799 (VIOLATED)
_22035_/A                               0.750000    1.042799   -0.292799 (VIOLATED)
_22181_/A1                              0.750000    1.042799   -0.292799 (VIOLATED)
_22320_/A                               0.750000    1.042799   -0.292799 (VIOLATED)
_22478_/A                               0.750000    1.042799   -0.292799 (VIOLATED)
_22792_/B1                              0.750000    1.042799   -0.292799 (VIOLATED)
_22793_/A                               0.750000    1.042799   -0.292799 (VIOLATED)
_23486_/A1                              0.750000    1.042799   -0.292799 (VIOLATED)
_23487_/A1                              0.750000    1.042799   -0.292799 (VIOLATED)
_23804_/A                               0.750000    1.042799   -0.292799 (VIOLATED)
_23805_/A                               0.750000    1.042799   -0.292799 (VIOLATED)
_24087_/A                               0.750000    1.042799   -0.292799 (VIOLATED)
_24088_/A                               0.750000    1.042799   -0.292799 (VIOLATED)
_24093_/A1_N                            0.750000    1.042799   -0.292799 (VIOLATED)
_24540_/A                               0.750000    1.042799   -0.292799 (VIOLATED)
_24541_/A                               0.750000    1.042799   -0.292799 (VIOLATED)
_24542_/A                               0.750000    1.042799   -0.292799 (VIOLATED)
_25274_/A                               0.750000    1.042799   -0.292799 (VIOLATED)
_25314_/A1                              0.750000    1.042799   -0.292799 (VIOLATED)
_25557_/C1                              0.750000    1.042799   -0.292799 (VIOLATED)
_25558_/A                               0.750000    1.042799   -0.292799 (VIOLATED)
_25861_/A                               0.750000    1.042799   -0.292799 (VIOLATED)
_25862_/A                               0.750000    1.042799   -0.292799 (VIOLATED)
_26894_/A                               0.750000    1.042799   -0.292799 (VIOLATED)
_26895_/A                               0.750000    1.042799   -0.292799 (VIOLATED)
_27197_/A                               0.750000    1.042799   -0.292799 (VIOLATED)
_27626_/A                               0.750000    1.042799   -0.292799 (VIOLATED)
_27627_/A                               0.750000    1.042799   -0.292799 (VIOLATED)
_27628_/A                               0.750000    1.042799   -0.292799 (VIOLATED)
_28922_/A                               0.750000    1.042799   -0.292799 (VIOLATED)
_28923_/B1                              0.750000    1.042799   -0.292799 (VIOLATED)
_29374_/A                               0.750000    1.042799   -0.292799 (VIOLATED)
_29375_/A                               0.750000    1.042799   -0.292799 (VIOLATED)
_30031_/A                               0.750000    1.042799   -0.292799 (VIOLATED)
_30032_/A                               0.750000    1.042799   -0.292799 (VIOLATED)
_15164_/Y                               0.750000    1.041391   -0.291391 (VIOLATED)
_17546_/A                               0.750000    1.041391   -0.291391 (VIOLATED)
_17717_/A                               0.750000    1.041391   -0.291391 (VIOLATED)
_17718_/A                               0.750000    1.041391   -0.291391 (VIOLATED)
_17855_/A                               0.750000    1.041391   -0.291391 (VIOLATED)
_17916_/A                               0.750000    1.041391   -0.291391 (VIOLATED)
_18523_/C1                              0.750000    1.041391   -0.291391 (VIOLATED)
_18714_/A                               0.750000    1.041391   -0.291391 (VIOLATED)
_18715_/A                               0.750000    1.041391   -0.291391 (VIOLATED)
_18904_/A                               0.750000    1.041391   -0.291391 (VIOLATED)
_19405_/A                               0.750000    1.041391   -0.291391 (VIOLATED)
_19406_/A                               0.750000    1.041391   -0.291391 (VIOLATED)
_19581_/A                               0.750000    1.041391   -0.291391 (VIOLATED)
_19811_/B1                              0.750000    1.041391   -0.291391 (VIOLATED)
_19812_/A                               0.750000    1.041391   -0.291391 (VIOLATED)
_20163_/A                               0.750000    1.041391   -0.291391 (VIOLATED)
_20382_/A                               0.750000    1.041391   -0.291391 (VIOLATED)
_20383_/A                               0.750000    1.041391   -0.291391 (VIOLATED)
_20558_/A                               0.750000    1.041391   -0.291391 (VIOLATED)
_20559_/A                               0.750000    1.041391   -0.291391 (VIOLATED)
_20672_/B2                              0.750000    1.041391   -0.291391 (VIOLATED)
_21108_/A                               0.750000    1.041391   -0.291391 (VIOLATED)
_21125_/A1                              0.750000    1.041391   -0.291391 (VIOLATED)
_21126_/A1                              0.750000    1.041391   -0.291391 (VIOLATED)
_21387_/A                               0.750000    1.041391   -0.291391 (VIOLATED)
_21388_/A                               0.750000    1.041391   -0.291391 (VIOLATED)
_21459_/A                               0.750000    1.041391   -0.291391 (VIOLATED)
_21461_/A                               0.750000    1.041391   -0.291391 (VIOLATED)
_21462_/A                               0.750000    1.041391   -0.291391 (VIOLATED)
_21888_/A                               0.750000    1.041391   -0.291391 (VIOLATED)
_21889_/A                               0.750000    1.041391   -0.291391 (VIOLATED)
_22208_/A                               0.750000    1.041391   -0.291391 (VIOLATED)
_22209_/A                               0.750000    1.041391   -0.291391 (VIOLATED)
_22210_/A                               0.750000    1.041391   -0.291391 (VIOLATED)
_22467_/A                               0.750000    1.041391   -0.291391 (VIOLATED)
_22468_/B1                              0.750000    1.041391   -0.291391 (VIOLATED)
_22634_/A1                              0.750000    1.041391   -0.291391 (VIOLATED)
_22925_/A                               0.750000    1.041391   -0.291391 (VIOLATED)
_23527_/A                               0.750000    1.041391   -0.291391 (VIOLATED)
_24319_/A                               0.750000    1.041391   -0.291391 (VIOLATED)
_24320_/A                               0.750000    1.041391   -0.291391 (VIOLATED)
_24370_/A1                              0.750000    1.041391   -0.291391 (VIOLATED)
_24602_/A                               0.750000    1.041391   -0.291391 (VIOLATED)
_24603_/A                               0.750000    1.041391   -0.291391 (VIOLATED)
_24624_/B2                              0.750000    1.041391   -0.291391 (VIOLATED)
_25350_/A                               0.750000    1.041391   -0.291391 (VIOLATED)
_25351_/A                               0.750000    1.041391   -0.291391 (VIOLATED)
_25931_/A                               0.750000    1.041391   -0.291391 (VIOLATED)
_25932_/A                               0.750000    1.041391   -0.291391 (VIOLATED)
_26431_/A                               0.750000    1.041391   -0.291391 (VIOLATED)
_26432_/A                               0.750000    1.041391   -0.291391 (VIOLATED)
_26569_/B2                              0.750000    1.041391   -0.291391 (VIOLATED)
_26963_/A                               0.750000    1.041391   -0.291391 (VIOLATED)
_26964_/A                               0.750000    1.041391   -0.291391 (VIOLATED)
_27141_/A                               0.750000    1.041391   -0.291391 (VIOLATED)
_27142_/B1                              0.750000    1.041391   -0.291391 (VIOLATED)
_28105_/A                               0.750000    1.041391   -0.291391 (VIOLATED)
_28106_/A                               0.750000    1.041391   -0.291391 (VIOLATED)
_28865_/A                               0.750000    1.041391   -0.291391 (VIOLATED)
_28866_/B2                              0.750000    1.041391   -0.291391 (VIOLATED)
_28871_/A                               0.750000    1.041391   -0.291391 (VIOLATED)
_29328_/B1                              0.750000    1.041391   -0.291391 (VIOLATED)
_29329_/A                               0.750000    1.041391   -0.291391 (VIOLATED)
_29704_/A                               0.750000    1.041391   -0.291391 (VIOLATED)
_17590_/Y                               0.750000    1.026446   -0.276446 (VIOLATED)
_17595_/B                               0.750000    1.026446   -0.276446 (VIOLATED)
_17596_/A1                              0.750000    1.026446   -0.276446 (VIOLATED)
_17600_/S                               0.750000    1.026446   -0.276446 (VIOLATED)
_17607_/S                               0.750000    1.026446   -0.276446 (VIOLATED)
_17614_/S                               0.750000    1.026446   -0.276446 (VIOLATED)
_17618_/S                               0.750000    1.026446   -0.276446 (VIOLATED)
_17624_/S                               0.750000    1.026446   -0.276446 (VIOLATED)
_17628_/S                               0.750000    1.026446   -0.276446 (VIOLATED)
_17641_/S                               0.750000    1.026446   -0.276446 (VIOLATED)
_17646_/S                               0.750000    1.026446   -0.276446 (VIOLATED)
_17661_/S                               0.750000    1.026446   -0.276446 (VIOLATED)
_17665_/S                               0.750000    1.026446   -0.276446 (VIOLATED)
_17671_/S                               0.750000    1.026446   -0.276446 (VIOLATED)
_17677_/S                               0.750000    1.026446   -0.276446 (VIOLATED)
_17693_/B                               0.750000    1.026446   -0.276446 (VIOLATED)
_17694_/A1                              0.750000    1.026446   -0.276446 (VIOLATED)
_17699_/S                               0.750000    1.026446   -0.276446 (VIOLATED)
_17709_/A_N                             0.750000    1.026446   -0.276446 (VIOLATED)
_17710_/A1                              0.750000    1.026446   -0.276446 (VIOLATED)
_17715_/B                               0.750000    1.026446   -0.276446 (VIOLATED)
_17716_/A1                              0.750000    1.026446   -0.276446 (VIOLATED)
_17723_/S                               0.750000    1.026446   -0.276446 (VIOLATED)
_17725_/A2                              0.750000    1.026446   -0.276446 (VIOLATED)
_17730_/S                               0.750000    1.026446   -0.276446 (VIOLATED)
_30185_/A1                              0.750000    1.026446   -0.276446 (VIOLATED)
_15283_/Y                               0.750000    0.994330   -0.244330 (VIOLATED)
_15625_/S                               0.750000    0.994330   -0.244330 (VIOLATED)
_15679_/C1                              0.750000    0.994330   -0.244330 (VIOLATED)
_15680_/A2                              0.750000    0.994330   -0.244330 (VIOLATED)
_15711_/S                               0.750000    0.994330   -0.244330 (VIOLATED)
_15746_/A2                              0.750000    0.994330   -0.244330 (VIOLATED)
_15766_/S                               0.750000    0.994330   -0.244330 (VIOLATED)
_15788_/A2                              0.750000    0.994330   -0.244330 (VIOLATED)
_15810_/A2                              0.750000    0.994330   -0.244330 (VIOLATED)
_15831_/S                               0.750000    0.994330   -0.244330 (VIOLATED)
_15841_/A2                              0.750000    0.994330   -0.244330 (VIOLATED)
_15851_/B2                              0.750000    0.994330   -0.244330 (VIOLATED)
_15861_/S                               0.750000    0.994330   -0.244330 (VIOLATED)
_15871_/S                               0.750000    0.994330   -0.244330 (VIOLATED)
_15880_/C1                              0.750000    0.994330   -0.244330 (VIOLATED)
_15881_/A2                              0.750000    0.994330   -0.244330 (VIOLATED)
_15893_/S                               0.750000    0.994330   -0.244330 (VIOLATED)
_15903_/S                               0.750000    0.994330   -0.244330 (VIOLATED)
_15922_/A2                              0.750000    0.994330   -0.244330 (VIOLATED)
_15937_/A2                              0.750000    0.994330   -0.244330 (VIOLATED)
_15951_/A2                              0.750000    0.994330   -0.244330 (VIOLATED)
_15964_/A2                              0.750000    0.994330   -0.244330 (VIOLATED)
_15979_/B2                              0.750000    0.994330   -0.244330 (VIOLATED)
_15984_/A                               0.750000    0.994330   -0.244330 (VIOLATED)
_15993_/A2                              0.750000    0.994330   -0.244330 (VIOLATED)
_15998_/A                               0.750000    0.994330   -0.244330 (VIOLATED)
_16006_/A2                              0.750000    0.994330   -0.244330 (VIOLATED)
_16018_/A2                              0.750000    0.994330   -0.244330 (VIOLATED)
_30218_/S                               0.750000    0.994330   -0.244330 (VIOLATED)
_30221_/A1                              0.750000    0.994330   -0.244330 (VIOLATED)
_15154_/A                               0.750000    0.988456   -0.238456 (VIOLATED)
_16132_/A1                              0.750000    0.988456   -0.238456 (VIOLATED)
_16158_/A                               0.750000    0.988456   -0.238456 (VIOLATED)
_17192_/A                               0.750000    0.988456   -0.238456 (VIOLATED)
_17208_/A                               0.750000    0.988456   -0.238456 (VIOLATED)
_17299_/A1                              0.750000    0.988456   -0.238456 (VIOLATED)
_17434_/A                               0.750000    0.988456   -0.238456 (VIOLATED)
_17435_/A                               0.750000    0.988456   -0.238456 (VIOLATED)
_17567_/A                               0.750000    0.988456   -0.238456 (VIOLATED)
_17870_/A                               0.750000    0.988456   -0.238456 (VIOLATED)
_17926_/A                               0.750000    0.988456   -0.238456 (VIOLATED)
_18098_/A                               0.750000    0.988456   -0.238456 (VIOLATED)
_18099_/A                               0.750000    0.988456   -0.238456 (VIOLATED)
_18202_/A1                              0.750000    0.988456   -0.238456 (VIOLATED)
_18534_/C1                              0.750000    0.988456   -0.238456 (VIOLATED)
_18535_/C1                              0.750000    0.988456   -0.238456 (VIOLATED)
_18536_/A                               0.750000    0.988456   -0.238456 (VIOLATED)
_18735_/A                               0.750000    0.988456   -0.238456 (VIOLATED)
_18736_/A                               0.750000    0.988456   -0.238456 (VIOLATED)
_19183_/A                               0.750000    0.988456   -0.238456 (VIOLATED)
_19184_/A                               0.750000    0.988456   -0.238456 (VIOLATED)
_19593_/A                               0.750000    0.988456   -0.238456 (VIOLATED)
_19594_/A                               0.750000    0.988456   -0.238456 (VIOLATED)
_19789_/A1                              0.750000    0.988456   -0.238456 (VIOLATED)
_20200_/A                               0.750000    0.988456   -0.238456 (VIOLATED)
_20201_/A                               0.750000    0.988456   -0.238456 (VIOLATED)
_20396_/A                               0.750000    0.988456   -0.238456 (VIOLATED)
_20397_/A                               0.750000    0.988456   -0.238456 (VIOLATED)
_20937_/A                               0.750000    0.988456   -0.238456 (VIOLATED)
_20939_/A                               0.750000    0.988456   -0.238456 (VIOLATED)
_21378_/A                               0.750000    0.988456   -0.238456 (VIOLATED)
_21379_/A                               0.750000    0.988456   -0.238456 (VIOLATED)
_21754_/A                               0.750000    0.988456   -0.238456 (VIOLATED)
_22056_/A                               0.750000    0.988456   -0.238456 (VIOLATED)
_22058_/A                               0.750000    0.988456   -0.238456 (VIOLATED)
_22214_/B1                              0.750000    0.988456   -0.238456 (VIOLATED)
_22215_/A                               0.750000    0.988456   -0.238456 (VIOLATED)
_22875_/A                               0.750000    0.988456   -0.238456 (VIOLATED)
_22876_/A                               0.750000    0.988456   -0.238456 (VIOLATED)
_23543_/A                               0.750000    0.988456   -0.238456 (VIOLATED)
_23544_/A                               0.750000    0.988456   -0.238456 (VIOLATED)
_24053_/A                               0.750000    0.988456   -0.238456 (VIOLATED)
_24054_/A                               0.750000    0.988456   -0.238456 (VIOLATED)
_24055_/A                               0.750000    0.988456   -0.238456 (VIOLATED)
_24615_/A                               0.750000    0.988456   -0.238456 (VIOLATED)
_24617_/A                               0.750000    0.988456   -0.238456 (VIOLATED)
_25360_/A                               0.750000    0.988456   -0.238456 (VIOLATED)
_25924_/A                               0.750000    0.988456   -0.238456 (VIOLATED)
_25925_/A                               0.750000    0.988456   -0.238456 (VIOLATED)
_26454_/A                               0.750000    0.988456   -0.238456 (VIOLATED)
_27583_/A                               0.750000    0.988456   -0.238456 (VIOLATED)
_27584_/A                               0.750000    0.988456   -0.238456 (VIOLATED)
_28124_/A                               0.750000    0.988456   -0.238456 (VIOLATED)
_28125_/A                               0.750000    0.988456   -0.238456 (VIOLATED)
_28150_/A1                              0.750000    0.988456   -0.238456 (VIOLATED)
_28888_/B1                              0.750000    0.988456   -0.238456 (VIOLATED)
_28889_/A                               0.750000    0.988456   -0.238456 (VIOLATED)
_29692_/A1                              0.750000    0.988456   -0.238456 (VIOLATED)
_30432_/Q                               0.750000    0.988456   -0.238456 (VIOLATED)
_15154_/Y                               0.750000    0.981588   -0.231588 (VIOLATED)
_17036_/A                               0.750000    0.981588   -0.231588 (VIOLATED)
_17037_/A                               0.750000    0.981588   -0.231588 (VIOLATED)
_17038_/A                               0.750000    0.981588   -0.231588 (VIOLATED)
_17071_/A                               0.750000    0.981588   -0.231588 (VIOLATED)
_17300_/A1                              0.750000    0.981588   -0.231588 (VIOLATED)
_17565_/A                               0.750000    0.981588   -0.231588 (VIOLATED)
_17566_/A                               0.750000    0.981588   -0.231588 (VIOLATED)
_17688_/A                               0.750000    0.981588   -0.231588 (VIOLATED)
_17689_/A                               0.750000    0.981588   -0.231588 (VIOLATED)
_17868_/A                               0.750000    0.981588   -0.231588 (VIOLATED)
_17922_/A                               0.750000    0.981588   -0.231588 (VIOLATED)
_17925_/A                               0.750000    0.981588   -0.231588 (VIOLATED)
_18041_/A1                              0.750000    0.981588   -0.231588 (VIOLATED)
_18330_/A                               0.750000    0.981588   -0.231588 (VIOLATED)
_18331_/A                               0.750000    0.981588   -0.231588 (VIOLATED)
_19006_/A                               0.750000    0.981588   -0.231588 (VIOLATED)
_19010_/A                               0.750000    0.981588   -0.231588 (VIOLATED)
_19013_/A                               0.750000    0.981588   -0.231588 (VIOLATED)
_19413_/A                               0.750000    0.981588   -0.231588 (VIOLATED)
_19414_/A                               0.750000    0.981588   -0.231588 (VIOLATED)
_19418_/A1                              0.750000    0.981588   -0.231588 (VIOLATED)
_19765_/A                               0.750000    0.981588   -0.231588 (VIOLATED)
_19766_/A                               0.750000    0.981588   -0.231588 (VIOLATED)
_19971_/A                               0.750000    0.981588   -0.231588 (VIOLATED)
_19972_/A                               0.750000    0.981588   -0.231588 (VIOLATED)
_20570_/A                               0.750000    0.981588   -0.231588 (VIOLATED)
_20571_/B1                              0.750000    0.981588   -0.231588 (VIOLATED)
_21120_/A                               0.750000    0.981588   -0.231588 (VIOLATED)
_21121_/A                               0.750000    0.981588   -0.231588 (VIOLATED)
_21487_/A                               0.750000    0.981588   -0.231588 (VIOLATED)
_21488_/A                               0.750000    0.981588   -0.231588 (VIOLATED)
_21489_/A                               0.750000    0.981588   -0.231588 (VIOLATED)
_21491_/A                               0.750000    0.981588   -0.231588 (VIOLATED)
_21923_/C1                              0.750000    0.981588   -0.231588 (VIOLATED)
_22040_/A1                              0.750000    0.981588   -0.231588 (VIOLATED)
_22564_/A                               0.750000    0.981588   -0.231588 (VIOLATED)
_22565_/A                               0.750000    0.981588   -0.231588 (VIOLATED)
_22632_/A1                              0.750000    0.981588   -0.231588 (VIOLATED)
_23296_/B1                              0.750000    0.981588   -0.231588 (VIOLATED)
_23297_/A                               0.750000    0.981588   -0.231588 (VIOLATED)
_23781_/A                               0.750000    0.981588   -0.231588 (VIOLATED)
_23825_/A1                              0.750000    0.981588   -0.231588 (VIOLATED)
_23826_/A1                              0.750000    0.981588   -0.231588 (VIOLATED)
_24333_/A                               0.750000    0.981588   -0.231588 (VIOLATED)
_24334_/A                               0.750000    0.981588   -0.231588 (VIOLATED)
_24335_/A                               0.750000    0.981588   -0.231588 (VIOLATED)
_24843_/B1                              0.750000    0.981588   -0.231588 (VIOLATED)
_24844_/B1                              0.750000    0.981588   -0.231588 (VIOLATED)
_24845_/A                               0.750000    0.981588   -0.231588 (VIOLATED)
_25361_/A                               0.750000    0.981588   -0.231588 (VIOLATED)
_25647_/A                               0.750000    0.981588   -0.231588 (VIOLATED)
_25649_/A                               0.750000    0.981588   -0.231588 (VIOLATED)
_25652_/A1                              0.750000    0.981588   -0.231588 (VIOLATED)
_26565_/A1                              0.750000    0.981588   -0.231588 (VIOLATED)
_26566_/A1                              0.750000    0.981588   -0.231588 (VIOLATED)
_26863_/A                               0.750000    0.981588   -0.231588 (VIOLATED)
_26865_/A                               0.750000    0.981588   -0.231588 (VIOLATED)
_26866_/A                               0.750000    0.981588   -0.231588 (VIOLATED)
_27162_/A                               0.750000    0.981588   -0.231588 (VIOLATED)
_27163_/A                               0.750000    0.981588   -0.231588 (VIOLATED)
_27164_/B1                              0.750000    0.981588   -0.231588 (VIOLATED)
_29341_/A                               0.750000    0.981588   -0.231588 (VIOLATED)
_29342_/B1                              0.750000    0.981588   -0.231588 (VIOLATED)
_29683_/A                               0.750000    0.981588   -0.231588 (VIOLATED)
_29684_/A                               0.750000    0.981588   -0.231588 (VIOLATED)
_29999_/A                               0.750000    0.981588   -0.231588 (VIOLATED)
_30000_/A                               0.750000    0.981588   -0.231588 (VIOLATED)
_15157_/Y                               0.750000    0.940391   -0.190391 (VIOLATED)
_16162_/A                               0.750000    0.940391   -0.190391 (VIOLATED)
_16931_/A1                              0.750000    0.940391   -0.190391 (VIOLATED)
_16932_/A1                              0.750000    0.940391   -0.190391 (VIOLATED)
_17183_/A                               0.750000    0.940391   -0.190391 (VIOLATED)
_17184_/A                               0.750000    0.940391   -0.190391 (VIOLATED)
_17186_/A1                              0.750000    0.940391   -0.190391 (VIOLATED)
_17300_/B2                              0.750000    0.940391   -0.190391 (VIOLATED)
_17408_/A                               0.750000    0.940391   -0.190391 (VIOLATED)
_17429_/A1                              0.750000    0.940391   -0.190391 (VIOLATED)
_17430_/A1                              0.750000    0.940391   -0.190391 (VIOLATED)
_17701_/A                               0.750000    0.940391   -0.190391 (VIOLATED)
_17861_/A                               0.750000    0.940391   -0.190391 (VIOLATED)
_17862_/A                               0.750000    0.940391   -0.190391 (VIOLATED)
_18008_/A                               0.750000    0.940391   -0.190391 (VIOLATED)
_18105_/A                               0.750000    0.940391   -0.190391 (VIOLATED)
_18752_/C1                              0.750000    0.940391   -0.190391 (VIOLATED)
_18753_/C1                              0.750000    0.940391   -0.190391 (VIOLATED)
_19009_/A                               0.750000    0.940391   -0.190391 (VIOLATED)
_19014_/A                               0.750000    0.940391   -0.190391 (VIOLATED)
_19195_/A                               0.750000    0.940391   -0.190391 (VIOLATED)
_19196_/A                               0.750000    0.940391   -0.190391 (VIOLATED)
_19548_/A                               0.750000    0.940391   -0.190391 (VIOLATED)
_19565_/A1                              0.750000    0.940391   -0.190391 (VIOLATED)
_19977_/A                               0.750000    0.940391   -0.190391 (VIOLATED)
_20205_/A                               0.750000    0.940391   -0.190391 (VIOLATED)
_20206_/A                               0.750000    0.940391   -0.190391 (VIOLATED)
_20575_/A                               0.750000    0.940391   -0.190391 (VIOLATED)
_20577_/A                               0.750000    0.940391   -0.190391 (VIOLATED)
_20946_/A                               0.750000    0.940391   -0.190391 (VIOLATED)
_20947_/A                               0.750000    0.940391   -0.190391 (VIOLATED)
_20957_/A1                              0.750000    0.940391   -0.190391 (VIOLATED)
_21326_/A                               0.750000    0.940391   -0.190391 (VIOLATED)
_21348_/A1                              0.750000    0.940391   -0.190391 (VIOLATED)
_21349_/A1                              0.750000    0.940391   -0.190391 (VIOLATED)
_21921_/A1                              0.750000    0.940391   -0.190391 (VIOLATED)
_21922_/A1                              0.750000    0.940391   -0.190391 (VIOLATED)
_22240_/A                               0.750000    0.940391   -0.190391 (VIOLATED)
_22241_/B1                              0.750000    0.940391   -0.190391 (VIOLATED)
_23775_/A                               0.750000    0.940391   -0.190391 (VIOLATED)
_23776_/A                               0.750000    0.940391   -0.190391 (VIOLATED)
_24066_/A                               0.750000    0.940391   -0.190391 (VIOLATED)
_24067_/B1                              0.750000    0.940391   -0.190391 (VIOLATED)
_24565_/A                               0.750000    0.940391   -0.190391 (VIOLATED)
_24835_/A                               0.750000    0.940391   -0.190391 (VIOLATED)
_25371_/A                               0.750000    0.940391   -0.190391 (VIOLATED)
_25373_/A                               0.750000    0.940391   -0.190391 (VIOLATED)
_25896_/A1                              0.750000    0.940391   -0.190391 (VIOLATED)
_25897_/A1                              0.750000    0.940391   -0.190391 (VIOLATED)
_26449_/A                               0.750000    0.940391   -0.190391 (VIOLATED)
_26870_/A                               0.750000    0.940391   -0.190391 (VIOLATED)
_26871_/A                               0.750000    0.940391   -0.190391 (VIOLATED)
_27155_/A                               0.750000    0.940391   -0.190391 (VIOLATED)
_27657_/A                               0.750000    0.940391   -0.190391 (VIOLATED)
_27658_/A                               0.750000    0.940391   -0.190391 (VIOLATED)
_28129_/A                               0.750000    0.940391   -0.190391 (VIOLATED)
_28895_/B1                              0.750000    0.940391   -0.190391 (VIOLATED)
_28901_/A                               0.750000    0.940391   -0.190391 (VIOLATED)
_29350_/A                               0.750000    0.940391   -0.190391 (VIOLATED)
_29351_/A                               0.750000    0.940391   -0.190391 (VIOLATED)
_29622_/A1                              0.750000    0.940391   -0.190391 (VIOLATED)
_15153_/Y                               0.750000    0.926102   -0.176102 (VIOLATED)
_17016_/A                               0.750000    0.926102   -0.176102 (VIOLATED)
_17033_/A1                              0.750000    0.926102   -0.176102 (VIOLATED)
_17229_/A                               0.750000    0.926102   -0.176102 (VIOLATED)
_17230_/A                               0.750000    0.926102   -0.176102 (VIOLATED)
_17294_/A1                              0.750000    0.926102   -0.176102 (VIOLATED)
_17459_/A                               0.750000    0.926102   -0.176102 (VIOLATED)
_17460_/A                               0.750000    0.926102   -0.176102 (VIOLATED)
_17767_/A                               0.750000    0.926102   -0.176102 (VIOLATED)
_17768_/A                               0.750000    0.926102   -0.176102 (VIOLATED)
_17775_/A1                              0.750000    0.926102   -0.176102 (VIOLATED)
_18023_/A                               0.750000    0.926102   -0.176102 (VIOLATED)
_18025_/A                               0.750000    0.926102   -0.176102 (VIOLATED)
_18030_/A1                              0.750000    0.926102   -0.176102 (VIOLATED)
_18031_/A1                              0.750000    0.926102   -0.176102 (VIOLATED)
_18146_/B2                              0.750000    0.926102   -0.176102 (VIOLATED)
_18147_/A1                              0.750000    0.926102   -0.176102 (VIOLATED)
_18354_/A                               0.750000    0.926102   -0.176102 (VIOLATED)
_18985_/A1                              0.750000    0.926102   -0.176102 (VIOLATED)
_18986_/A1                              0.750000    0.926102   -0.176102 (VIOLATED)
_19559_/A                               0.750000    0.926102   -0.176102 (VIOLATED)
_19560_/A                               0.750000    0.926102   -0.176102 (VIOLATED)
_19736_/A                               0.750000    0.926102   -0.176102 (VIOLATED)
_19737_/A                               0.750000    0.926102   -0.176102 (VIOLATED)
_19738_/B1                              0.750000    0.926102   -0.176102 (VIOLATED)
_19996_/A                               0.750000    0.926102   -0.176102 (VIOLATED)
_20017_/C1                              0.750000    0.926102   -0.176102 (VIOLATED)
_20184_/A                               0.750000    0.926102   -0.176102 (VIOLATED)
_20185_/A                               0.750000    0.926102   -0.176102 (VIOLATED)
_20602_/A                               0.750000    0.926102   -0.176102 (VIOLATED)
_21049_/A                               0.750000    0.926102   -0.176102 (VIOLATED)
_21050_/A                               0.750000    0.926102   -0.176102 (VIOLATED)
_21331_/A                               0.750000    0.926102   -0.176102 (VIOLATED)
_21842_/A                               0.750000    0.926102   -0.176102 (VIOLATED)
_22026_/A                               0.750000    0.926102   -0.176102 (VIOLATED)
_22027_/A                               0.750000    0.926102   -0.176102 (VIOLATED)
_22028_/A                               0.750000    0.926102   -0.176102 (VIOLATED)
_22029_/B1                              0.750000    0.926102   -0.176102 (VIOLATED)
_22251_/A                               0.750000    0.926102   -0.176102 (VIOLATED)
_22482_/A                               0.750000    0.926102   -0.176102 (VIOLATED)
_22781_/A                               0.750000    0.926102   -0.176102 (VIOLATED)
_23184_/A                               0.750000    0.926102   -0.176102 (VIOLATED)
_23185_/A                               0.750000    0.926102   -0.176102 (VIOLATED)
_23186_/A                               0.750000    0.926102   -0.176102 (VIOLATED)
_23456_/A                               0.750000    0.926102   -0.176102 (VIOLATED)
_23809_/A                               0.750000    0.926102   -0.176102 (VIOLATED)
_23810_/A                               0.750000    0.926102   -0.176102 (VIOLATED)
_23821_/A1                              0.750000    0.926102   -0.176102 (VIOLATED)
_24357_/A                               0.750000    0.926102   -0.176102 (VIOLATED)
_24358_/A                               0.750000    0.926102   -0.176102 (VIOLATED)
_24366_/B2                              0.750000    0.926102   -0.176102 (VIOLATED)
_24874_/B1                              0.750000    0.926102   -0.176102 (VIOLATED)
_24875_/A                               0.750000    0.926102   -0.176102 (VIOLATED)
_25551_/B1                              0.750000    0.926102   -0.176102 (VIOLATED)
_25552_/A                               0.750000    0.926102   -0.176102 (VIOLATED)
_25884_/A                               0.750000    0.926102   -0.176102 (VIOLATED)
_26480_/B1                              0.750000    0.926102   -0.176102 (VIOLATED)
_26481_/A                               0.750000    0.926102   -0.176102 (VIOLATED)
_27190_/A                               0.750000    0.926102   -0.176102 (VIOLATED)
_27192_/A                               0.750000    0.926102   -0.176102 (VIOLATED)
_27811_/A                               0.750000    0.926102   -0.176102 (VIOLATED)
_27812_/B1                              0.750000    0.926102   -0.176102 (VIOLATED)
_27813_/B1                              0.750000    0.926102   -0.176102 (VIOLATED)
_29368_/A                               0.750000    0.926102   -0.176102 (VIOLATED)
_29505_/A1                              0.750000    0.926102   -0.176102 (VIOLATED)
_29506_/A1                              0.750000    0.926102   -0.176102 (VIOLATED)
_15159_/A                               0.750000    0.918372   -0.168372 (VIOLATED)
_16139_/A1                              0.750000    0.918372   -0.168372 (VIOLATED)
_16152_/B                               0.750000    0.918372   -0.168372 (VIOLATED)
_16153_/B                               0.750000    0.918372   -0.168372 (VIOLATED)
_16154_/B                               0.750000    0.918372   -0.168372 (VIOLATED)
_18058_/A                               0.750000    0.918372   -0.168372 (VIOLATED)
_18069_/A                               0.750000    0.918372   -0.168372 (VIOLATED)
_18280_/A                               0.750000    0.918372   -0.168372 (VIOLATED)
_18281_/A                               0.750000    0.918372   -0.168372 (VIOLATED)
_18318_/A1                              0.750000    0.918372   -0.168372 (VIOLATED)
_18464_/A                               0.750000    0.918372   -0.168372 (VIOLATED)
_18465_/A                               0.750000    0.918372   -0.168372 (VIOLATED)
_18671_/C1                              0.750000    0.918372   -0.168372 (VIOLATED)
_19247_/A                               0.750000    0.918372   -0.168372 (VIOLATED)
_19249_/A                               0.750000    0.918372   -0.168372 (VIOLATED)
_19445_/A                               0.750000    0.918372   -0.168372 (VIOLATED)
_19446_/A                               0.750000    0.918372   -0.168372 (VIOLATED)
_19611_/A                               0.750000    0.918372   -0.168372 (VIOLATED)
_19908_/A                               0.750000    0.918372   -0.168372 (VIOLATED)
_20246_/A                               0.750000    0.918372   -0.168372 (VIOLATED)
_20247_/A                               0.750000    0.918372   -0.168372 (VIOLATED)
_20448_/A                               0.750000    0.918372   -0.168372 (VIOLATED)
_20967_/A                               0.750000    0.918372   -0.168372 (VIOLATED)
_21159_/A                               0.750000    0.918372   -0.168372 (VIOLATED)
_21160_/A                               0.750000    0.918372   -0.168372 (VIOLATED)
_21356_/A                               0.750000    0.918372   -0.168372 (VIOLATED)
_21408_/A1                              0.750000    0.918372   -0.168372 (VIOLATED)
_21906_/A                               0.750000    0.918372   -0.168372 (VIOLATED)
_21907_/A                               0.750000    0.918372   -0.168372 (VIOLATED)
_21931_/A1_N                            0.750000    0.918372   -0.168372 (VIOLATED)
_22270_/A                               0.750000    0.918372   -0.168372 (VIOLATED)
_22271_/B1                              0.750000    0.918372   -0.168372 (VIOLATED)
_22607_/A                               0.750000    0.918372   -0.168372 (VIOLATED)
_22608_/A                               0.750000    0.918372   -0.168372 (VIOLATED)
_23126_/A1_N                            0.750000    0.918372   -0.168372 (VIOLATED)
_23127_/A1                              0.750000    0.918372   -0.168372 (VIOLATED)
_23322_/A                               0.750000    0.918372   -0.168372 (VIOLATED)
_23505_/A                               0.750000    0.918372   -0.168372 (VIOLATED)
_23506_/A                               0.750000    0.918372   -0.168372 (VIOLATED)
_23619_/A1                              0.750000    0.918372   -0.168372 (VIOLATED)
_24149_/A                               0.750000    0.918372   -0.168372 (VIOLATED)
_24431_/A                               0.750000    0.918372   -0.168372 (VIOLATED)
_24432_/A                               0.750000    0.918372   -0.168372 (VIOLATED)
_24638_/B1                              0.750000    0.918372   -0.168372 (VIOLATED)
_24639_/A                               0.750000    0.918372   -0.168372 (VIOLATED)
_25395_/A                               0.750000    0.918372   -0.168372 (VIOLATED)
_25396_/A                               0.750000    0.918372   -0.168372 (VIOLATED)
_25450_/A1                              0.750000    0.918372   -0.168372 (VIOLATED)
_27288_/A                               0.750000    0.918372   -0.168372 (VIOLATED)
_27289_/A                               0.750000    0.918372   -0.168372 (VIOLATED)
_27892_/A                               0.750000    0.918372   -0.168372 (VIOLATED)
_27893_/A                               0.750000    0.918372   -0.168372 (VIOLATED)
_29313_/A                               0.750000    0.918372   -0.168372 (VIOLATED)
_30439_/Q                               0.750000    0.918372   -0.168372 (VIOLATED)
_15159_/Y                               0.750000    0.899295   -0.149295 (VIOLATED)
_18214_/A                               0.750000    0.899295   -0.149295 (VIOLATED)
_18215_/B2                              0.750000    0.899295   -0.149295 (VIOLATED)
_18670_/B1                              0.750000    0.899295   -0.149295 (VIOLATED)
_19030_/A                               0.750000    0.899295   -0.149295 (VIOLATED)
_19031_/A                               0.750000    0.899295   -0.149295 (VIOLATED)
_19609_/A                               0.750000    0.899295   -0.149295 (VIOLATED)
_19610_/A                               0.750000    0.899295   -0.149295 (VIOLATED)
_19828_/A                               0.750000    0.899295   -0.149295 (VIOLATED)
_19829_/A                               0.750000    0.899295   -0.149295 (VIOLATED)
_19906_/A                               0.750000    0.899295   -0.149295 (VIOLATED)
_19907_/A                               0.750000    0.899295   -0.149295 (VIOLATED)
_20061_/B2                              0.750000    0.899295   -0.149295 (VIOLATED)
_20447_/A                               0.750000    0.899295   -0.149295 (VIOLATED)
_20488_/A1                              0.750000    0.899295   -0.149295 (VIOLATED)
_20688_/A                               0.750000    0.899295   -0.149295 (VIOLATED)
_20689_/A                               0.750000    0.899295   -0.149295 (VIOLATED)
_20807_/A1                              0.750000    0.899295   -0.149295 (VIOLATED)
_20810_/A                               0.750000    0.899295   -0.149295 (VIOLATED)
_21357_/A                               0.750000    0.899295   -0.149295 (VIOLATED)
_21427_/A                               0.750000    0.899295   -0.149295 (VIOLATED)
_21428_/A                               0.750000    0.899295   -0.149295 (VIOLATED)
_22090_/A                               0.750000    0.899295   -0.149295 (VIOLATED)
_22091_/A                               0.750000    0.899295   -0.149295 (VIOLATED)
_22178_/A1_N                            0.750000    0.899295   -0.149295 (VIOLATED)
_22948_/A                               0.750000    0.899295   -0.149295 (VIOLATED)
_22956_/A                               0.750000    0.899295   -0.149295 (VIOLATED)
_23323_/A                               0.750000    0.899295   -0.149295 (VIOLATED)
_23834_/A                               0.750000    0.899295   -0.149295 (VIOLATED)
_23835_/A                               0.750000    0.899295   -0.149295 (VIOLATED)
_23986_/C1                              0.750000    0.899295   -0.149295 (VIOLATED)
_24148_/A                               0.750000    0.899295   -0.149295 (VIOLATED)
_24175_/A1                              0.750000    0.899295   -0.149295 (VIOLATED)
_24962_/A                               0.750000    0.899295   -0.149295 (VIOLATED)
_24963_/A                               0.750000    0.899295   -0.149295 (VIOLATED)
_25750_/A                               0.750000    0.899295   -0.149295 (VIOLATED)
_25751_/A                               0.750000    0.899295   -0.149295 (VIOLATED)
_25909_/A                               0.750000    0.899295   -0.149295 (VIOLATED)
_25910_/A                               0.750000    0.899295   -0.149295 (VIOLATED)
_25954_/A1                              0.750000    0.899295   -0.149295 (VIOLATED)
_26392_/A                               0.750000    0.899295   -0.149295 (VIOLATED)
_26393_/A                               0.750000    0.899295   -0.149295 (VIOLATED)
_26394_/A                               0.750000    0.899295   -0.149295 (VIOLATED)
_26572_/A1                              0.750000    0.899295   -0.149295 (VIOLATED)
_26939_/A                               0.750000    0.899295   -0.149295 (VIOLATED)
_26940_/A                               0.750000    0.899295   -0.149295 (VIOLATED)
_26941_/A                               0.750000    0.899295   -0.149295 (VIOLATED)
_26975_/A1                              0.750000    0.899295   -0.149295 (VIOLATED)
_26976_/A1                              0.750000    0.899295   -0.149295 (VIOLATED)
_27534_/B1                              0.750000    0.899295   -0.149295 (VIOLATED)
_27535_/A                               0.750000    0.899295   -0.149295 (VIOLATED)
_28274_/A                               0.750000    0.899295   -0.149295 (VIOLATED)
_28275_/A                               0.750000    0.899295   -0.149295 (VIOLATED)
_28276_/A                               0.750000    0.899295   -0.149295 (VIOLATED)
_29314_/A                               0.750000    0.899295   -0.149295 (VIOLATED)
_29665_/A                               0.750000    0.899295   -0.149295 (VIOLATED)
_29666_/A                               0.750000    0.899295   -0.149295 (VIOLATED)
_29732_/A1                              0.750000    0.899295   -0.149295 (VIOLATED)
_29954_/B2                              0.750000    0.899295   -0.149295 (VIOLATED)
_29956_/A                               0.750000    0.899295   -0.149295 (VIOLATED)
_15147_/Y                               0.750000    0.878090   -0.128090 (VIOLATED)
_16988_/A                               0.750000    0.878090   -0.128090 (VIOLATED)
_16989_/B1                              0.750000    0.878090   -0.128090 (VIOLATED)
_17106_/C1                              0.750000    0.878090   -0.128090 (VIOLATED)
_17245_/A                               0.750000    0.878090   -0.128090 (VIOLATED)
_17289_/B2                              0.750000    0.878090   -0.128090 (VIOLATED)
_17527_/A1                              0.750000    0.878090   -0.128090 (VIOLATED)
_17528_/A1                              0.750000    0.878090   -0.128090 (VIOLATED)
_17602_/A                               0.750000    0.878090   -0.128090 (VIOLATED)
_17603_/A                               0.750000    0.878090   -0.128090 (VIOLATED)
_17837_/A1                              0.750000    0.878090   -0.128090 (VIOLATED)
_17838_/A1                              0.750000    0.878090   -0.128090 (VIOLATED)
_17985_/C1                              0.750000    0.878090   -0.128090 (VIOLATED)
_18178_/A                               0.750000    0.878090   -0.128090 (VIOLATED)
_18601_/A                               0.750000    0.878090   -0.128090 (VIOLATED)
_18792_/C1                              0.750000    0.878090   -0.128090 (VIOLATED)
_18967_/A                               0.750000    0.878090   -0.128090 (VIOLATED)
_19136_/A                               0.750000    0.878090   -0.128090 (VIOLATED)
_19137_/B1                              0.750000    0.878090   -0.128090 (VIOLATED)
_19344_/A                               0.750000    0.878090   -0.128090 (VIOLATED)
_19345_/A                               0.750000    0.878090   -0.128090 (VIOLATED)
_19681_/A                               0.750000    0.878090   -0.128090 (VIOLATED)
_19682_/B1                              0.750000    0.878090   -0.128090 (VIOLATED)
_20147_/A                               0.750000    0.878090   -0.128090 (VIOLATED)
_20148_/A                               0.750000    0.878090   -0.128090 (VIOLATED)
_20149_/A                               0.750000    0.878090   -0.128090 (VIOLATED)
_20644_/A                               0.750000    0.878090   -0.128090 (VIOLATED)
_20645_/A                               0.750000    0.878090   -0.128090 (VIOLATED)
_20663_/A1                              0.750000    0.878090   -0.128090 (VIOLATED)
_20882_/A                               0.750000    0.878090   -0.128090 (VIOLATED)
_21023_/A                               0.750000    0.878090   -0.128090 (VIOLATED)
_21024_/A                               0.750000    0.878090   -0.128090 (VIOLATED)
_21550_/A                               0.750000    0.878090   -0.128090 (VIOLATED)
_21551_/A                               0.750000    0.878090   -0.128090 (VIOLATED)
_21552_/A                               0.750000    0.878090   -0.128090 (VIOLATED)
_21778_/A                               0.750000    0.878090   -0.128090 (VIOLATED)
_21780_/A                               0.750000    0.878090   -0.128090 (VIOLATED)
_21825_/A                               0.750000    0.878090   -0.128090 (VIOLATED)
_22330_/A                               0.750000    0.878090   -0.128090 (VIOLATED)
_22523_/A                               0.750000    0.878090   -0.128090 (VIOLATED)
_23482_/A                               0.750000    0.878090   -0.128090 (VIOLATED)
_23749_/A                               0.750000    0.878090   -0.128090 (VIOLATED)
_23768_/A1                              0.750000    0.878090   -0.128090 (VIOLATED)
_24020_/A                               0.750000    0.878090   -0.128090 (VIOLATED)
_24298_/A                               0.750000    0.878090   -0.128090 (VIOLATED)
_24302_/B2                              0.750000    0.878090   -0.128090 (VIOLATED)
_24922_/B1                              0.750000    0.878090   -0.128090 (VIOLATED)
_24923_/A                               0.750000    0.878090   -0.128090 (VIOLATED)
_25292_/A                               0.750000    0.878090   -0.128090 (VIOLATED)
_25613_/A                               0.750000    0.878090   -0.128090 (VIOLATED)
_25614_/A                               0.750000    0.878090   -0.128090 (VIOLATED)
_25615_/A                               0.750000    0.878090   -0.128090 (VIOLATED)
_25618_/B2                              0.750000    0.878090   -0.128090 (VIOLATED)
_26533_/A                               0.750000    0.878090   -0.128090 (VIOLATED)
_26534_/A                               0.750000    0.878090   -0.128090 (VIOLATED)
_26556_/A1                              0.750000    0.878090   -0.128090 (VIOLATED)
_27213_/A                               0.750000    0.878090   -0.128090 (VIOLATED)
_27260_/A1                              0.750000    0.878090   -0.128090 (VIOLATED)
_27845_/B1                              0.750000    0.878090   -0.128090 (VIOLATED)
_27846_/A                               0.750000    0.878090   -0.128090 (VIOLATED)
_27874_/A1                              0.750000    0.878090   -0.128090 (VIOLATED)
_28949_/A                               0.750000    0.878090   -0.128090 (VIOLATED)
_29400_/A                               0.750000    0.878090   -0.128090 (VIOLATED)
_29401_/A                               0.750000    0.878090   -0.128090 (VIOLATED)
_15173_/Y                               0.750000    0.877609   -0.127609 (VIOLATED)
_16174_/B                               0.750000    0.877609   -0.127609 (VIOLATED)
_16181_/A1                              0.750000    0.877609   -0.127609 (VIOLATED)
_16185_/B1                              0.750000    0.877609   -0.127609 (VIOLATED)
_16186_/B                               0.750000    0.877609   -0.127609 (VIOLATED)
_16191_/A1                              0.750000    0.877609   -0.127609 (VIOLATED)
_16204_/A1                              0.750000    0.877609   -0.127609 (VIOLATED)
_16205_/B                               0.750000    0.877609   -0.127609 (VIOLATED)
_16210_/B                               0.750000    0.877609   -0.127609 (VIOLATED)
_16223_/B                               0.750000    0.877609   -0.127609 (VIOLATED)
_16277_/B                               0.750000    0.877609   -0.127609 (VIOLATED)
_16303_/B1                              0.750000    0.877609   -0.127609 (VIOLATED)
_16307_/B                               0.750000    0.877609   -0.127609 (VIOLATED)
_16360_/A1                              0.750000    0.877609   -0.127609 (VIOLATED)
_16361_/B                               0.750000    0.877609   -0.127609 (VIOLATED)
_16366_/B                               0.750000    0.877609   -0.127609 (VIOLATED)
_16367_/B                               0.750000    0.877609   -0.127609 (VIOLATED)
_16424_/C1                              0.750000    0.877609   -0.127609 (VIOLATED)
_16427_/B                               0.750000    0.877609   -0.127609 (VIOLATED)
_16535_/B                               0.750000    0.877609   -0.127609 (VIOLATED)
_16609_/C1                              0.750000    0.877609   -0.127609 (VIOLATED)
_16613_/B                               0.750000    0.877609   -0.127609 (VIOLATED)
_16678_/B1                              0.750000    0.877609   -0.127609 (VIOLATED)
_16683_/B                               0.750000    0.877609   -0.127609 (VIOLATED)
_16785_/B                               0.750000    0.877609   -0.127609 (VIOLATED)
_16791_/B                               0.750000    0.877609   -0.127609 (VIOLATED)
_16908_/B                               0.750000    0.877609   -0.127609 (VIOLATED)
_16915_/B                               0.750000    0.877609   -0.127609 (VIOLATED)
_16916_/B                               0.750000    0.877609   -0.127609 (VIOLATED)
_16917_/A2                              0.750000    0.877609   -0.127609 (VIOLATED)
_16965_/B                               0.750000    0.877609   -0.127609 (VIOLATED)
_17125_/C1                              0.750000    0.877609   -0.127609 (VIOLATED)
_17132_/B                               0.750000    0.877609   -0.127609 (VIOLATED)
_17308_/B                               0.750000    0.877609   -0.127609 (VIOLATED)
_17382_/B                               0.750000    0.877609   -0.127609 (VIOLATED)
_17490_/B                               0.750000    0.877609   -0.127609 (VIOLATED)
_17626_/B                               0.750000    0.877609   -0.127609 (VIOLATED)
_17787_/B                               0.750000    0.877609   -0.127609 (VIOLATED)
_18163_/B                               0.750000    0.877609   -0.127609 (VIOLATED)
_18411_/B                               0.750000    0.877609   -0.127609 (VIOLATED)
_18412_/A1                              0.750000    0.877609   -0.127609 (VIOLATED)
_18642_/B                               0.750000    0.877609   -0.127609 (VIOLATED)
_18829_/A                               0.750000    0.877609   -0.127609 (VIOLATED)
_18835_/C                               0.750000    0.877609   -0.127609 (VIOLATED)
_18837_/D1                              0.750000    0.877609   -0.127609 (VIOLATED)
_19076_/A                               0.750000    0.877609   -0.127609 (VIOLATED)
_19274_/C1                              0.750000    0.877609   -0.127609 (VIOLATED)
_19275_/B                               0.750000    0.877609   -0.127609 (VIOLATED)
_19463_/A                               0.750000    0.877609   -0.127609 (VIOLATED)
_19706_/A                               0.750000    0.877609   -0.127609 (VIOLATED)
_19707_/A                               0.750000    0.877609   -0.127609 (VIOLATED)
_19912_/A                               0.750000    0.877609   -0.127609 (VIOLATED)
_20109_/A                               0.750000    0.877609   -0.127609 (VIOLATED)
_20315_/C1                              0.750000    0.877609   -0.127609 (VIOLATED)
_20525_/A                               0.750000    0.877609   -0.127609 (VIOLATED)
_20980_/B1                              0.750000    0.877609   -0.127609 (VIOLATED)
_21279_/C1                              0.750000    0.877609   -0.127609 (VIOLATED)
_21819_/D1                              0.750000    0.877609   -0.127609 (VIOLATED)
_22365_/A                               0.750000    0.877609   -0.127609 (VIOLATED)
_22490_/A                               0.750000    0.877609   -0.127609 (VIOLATED)
_22491_/B                               0.750000    0.877609   -0.127609 (VIOLATED)
_22814_/A                               0.750000    0.877609   -0.127609 (VIOLATED)
_23198_/B                               0.750000    0.877609   -0.127609 (VIOLATED)
_23397_/A                               0.750000    0.877609   -0.127609 (VIOLATED)
_23398_/A                               0.750000    0.877609   -0.127609 (VIOLATED)
_24001_/A                               0.750000    0.877609   -0.127609 (VIOLATED)
_24002_/A                               0.750000    0.877609   -0.127609 (VIOLATED)
_24244_/A                               0.750000    0.877609   -0.127609 (VIOLATED)
_24488_/A                               0.750000    0.877609   -0.127609 (VIOLATED)
_24897_/A                               0.750000    0.877609   -0.127609 (VIOLATED)
_25561_/A                               0.750000    0.877609   -0.127609 (VIOLATED)
_25818_/C1                              0.750000    0.877609   -0.127609 (VIOLATED)
_26515_/A                               0.750000    0.877609   -0.127609 (VIOLATED)
_26806_/A                               0.750000    0.877609   -0.127609 (VIOLATED)
_27596_/A                               0.750000    0.877609   -0.127609 (VIOLATED)
_27597_/B                               0.750000    0.877609   -0.127609 (VIOLATED)
_27602_/A1                              0.750000    0.877609   -0.127609 (VIOLATED)
_27799_/A                               0.750000    0.877609   -0.127609 (VIOLATED)
_27800_/A                               0.750000    0.877609   -0.127609 (VIOLATED)
_28981_/A                               0.750000    0.877609   -0.127609 (VIOLATED)
_28982_/A                               0.750000    0.877609   -0.127609 (VIOLATED)
_29489_/A                               0.750000    0.877609   -0.127609 (VIOLATED)
_29490_/A                               0.750000    0.877609   -0.127609 (VIOLATED)
_30058_/B                               0.750000    0.877609   -0.127609 (VIOLATED)
_15161_/Y                               0.750000    0.876921   -0.126921 (VIOLATED)
_17724_/A                               0.750000    0.876921   -0.126921 (VIOLATED)
_18291_/A                               0.750000    0.876921   -0.126921 (VIOLATED)
_18293_/A                               0.750000    0.876921   -0.126921 (VIOLATED)
_18316_/A1                              0.750000    0.876921   -0.126921 (VIOLATED)
_18689_/B1                              0.750000    0.876921   -0.126921 (VIOLATED)
_19215_/A                               0.750000    0.876921   -0.126921 (VIOLATED)
_19217_/A                               0.750000    0.876921   -0.126921 (VIOLATED)
_19379_/A                               0.750000    0.876921   -0.126921 (VIOLATED)
_19380_/A                               0.750000    0.876921   -0.126921 (VIOLATED)
_19422_/A1                              0.750000    0.876921   -0.126921 (VIOLATED)
_19804_/A                               0.750000    0.876921   -0.126921 (VIOLATED)
_19855_/A1                              0.750000    0.876921   -0.126921 (VIOLATED)
_20031_/A                               0.750000    0.876921   -0.126921 (VIOLATED)
_20538_/A                               0.750000    0.876921   -0.126921 (VIOLATED)
_20539_/B1                              0.750000    0.876921   -0.126921 (VIOLATED)
_20540_/B1                              0.750000    0.876921   -0.126921 (VIOLATED)
_20909_/A                               0.750000    0.876921   -0.126921 (VIOLATED)
_20962_/C1                              0.750000    0.876921   -0.126921 (VIOLATED)
_21070_/A1                              0.750000    0.876921   -0.126921 (VIOLATED)
_21367_/A                               0.750000    0.876921   -0.126921 (VIOLATED)
_21452_/A                               0.750000    0.876921   -0.126921 (VIOLATED)
_21453_/A                               0.750000    0.876921   -0.126921 (VIOLATED)
_21455_/A                               0.750000    0.876921   -0.126921 (VIOLATED)
_21869_/A                               0.750000    0.876921   -0.126921 (VIOLATED)
_21929_/C1                              0.750000    0.876921   -0.126921 (VIOLATED)
_22110_/A                               0.750000    0.876921   -0.126921 (VIOLATED)
_22111_/A                               0.750000    0.876921   -0.126921 (VIOLATED)
_22112_/A                               0.750000    0.876921   -0.126921 (VIOLATED)
_22446_/A                               0.750000    0.876921   -0.126921 (VIOLATED)
_22447_/B1                              0.750000    0.876921   -0.126921 (VIOLATED)
_22912_/A                               0.750000    0.876921   -0.126921 (VIOLATED)
_22913_/A                               0.750000    0.876921   -0.126921 (VIOLATED)
_22914_/A                               0.750000    0.876921   -0.126921 (VIOLATED)
_24105_/A                               0.750000    0.876921   -0.126921 (VIOLATED)
_24106_/A                               0.750000    0.876921   -0.126921 (VIOLATED)
_24394_/A                               0.750000    0.876921   -0.126921 (VIOLATED)
_24395_/A                               0.750000    0.876921   -0.126921 (VIOLATED)
_24396_/A                               0.750000    0.876921   -0.126921 (VIOLATED)
_24397_/B1                              0.750000    0.876921   -0.126921 (VIOLATED)
_24801_/A                               0.750000    0.876921   -0.126921 (VIOLATED)
_24802_/A                               0.750000    0.876921   -0.126921 (VIOLATED)
_24803_/B1                              0.750000    0.876921   -0.126921 (VIOLATED)
_25328_/A                               0.750000    0.876921   -0.126921 (VIOLATED)
_25919_/A                               0.750000    0.876921   -0.126921 (VIOLATED)
_25920_/A                               0.750000    0.876921   -0.126921 (VIOLATED)
_26418_/A                               0.750000    0.876921   -0.126921 (VIOLATED)
_26419_/A                               0.750000    0.876921   -0.126921 (VIOLATED)
_26420_/B1                              0.750000    0.876921   -0.126921 (VIOLATED)
_26952_/A                               0.750000    0.876921   -0.126921 (VIOLATED)
_26953_/A                               0.750000    0.876921   -0.126921 (VIOLATED)
_26972_/C1                              0.750000    0.876921   -0.126921 (VIOLATED)
_27555_/A                               0.750000    0.876921   -0.126921 (VIOLATED)
_29183_/B1                              0.750000    0.876921   -0.126921 (VIOLATED)
_29184_/B1                              0.750000    0.876921   -0.126921 (VIOLATED)
_29185_/A                               0.750000    0.876921   -0.126921 (VIOLATED)
_29677_/A                               0.750000    0.876921   -0.126921 (VIOLATED)
_15160_/Y                               0.750000    0.866671   -0.116671 (VIOLATED)
_17887_/A                               0.750000    0.866671   -0.116671 (VIOLATED)
_17888_/A                               0.750000    0.866671   -0.116671 (VIOLATED)
_18059_/A1                              0.750000    0.866671   -0.116671 (VIOLATED)
_18075_/A                               0.750000    0.866671   -0.116671 (VIOLATED)
_18080_/A1                              0.750000    0.866671   -0.116671 (VIOLATED)
_18226_/A                               0.750000    0.866671   -0.116671 (VIOLATED)
_18227_/A                               0.750000    0.866671   -0.116671 (VIOLATED)
_18286_/A                               0.750000    0.866671   -0.116671 (VIOLATED)
_18287_/B1                              0.750000    0.866671   -0.116671 (VIOLATED)
_18663_/A                               0.750000    0.866671   -0.116671 (VIOLATED)
_18664_/A                               0.750000    0.866671   -0.116671 (VIOLATED)
_19049_/A                               0.750000    0.866671   -0.116671 (VIOLATED)
_19050_/A                               0.750000    0.866671   -0.116671 (VIOLATED)
_19055_/A1                              0.750000    0.866671   -0.116671 (VIOLATED)
_19614_/A                               0.750000    0.866671   -0.116671 (VIOLATED)
_19615_/A                               0.750000    0.866671   -0.116671 (VIOLATED)
_19842_/A                               0.750000    0.866671   -0.116671 (VIOLATED)
_19853_/A1_N                            0.750000    0.866671   -0.116671 (VIOLATED)
_19901_/A                               0.750000    0.866671   -0.116671 (VIOLATED)
_20233_/A                               0.750000    0.866671   -0.116671 (VIOLATED)
_20442_/A                               0.750000    0.866671   -0.116671 (VIOLATED)
_21073_/A                               0.750000    0.866671   -0.116671 (VIOLATED)
_21128_/A1                              0.750000    0.866671   -0.116671 (VIOLATED)
_21129_/A1                              0.750000    0.866671   -0.116671 (VIOLATED)
_21360_/A                               0.750000    0.866671   -0.116671 (VIOLATED)
_21361_/A                               0.750000    0.866671   -0.116671 (VIOLATED)
_21912_/A                               0.750000    0.866671   -0.116671 (VIOLATED)
_21913_/A                               0.750000    0.866671   -0.116671 (VIOLATED)
_21931_/B2                              0.750000    0.866671   -0.116671 (VIOLATED)
_22075_/B1                              0.750000    0.866671   -0.116671 (VIOLATED)
_22076_/A                               0.750000    0.866671   -0.116671 (VIOLATED)
_22077_/A                               0.750000    0.866671   -0.116671 (VIOLATED)
_22264_/A                               0.750000    0.866671   -0.116671 (VIOLATED)
_22265_/A                               0.750000    0.866671   -0.116671 (VIOLATED)
_22621_/A                               0.750000    0.866671   -0.116671 (VIOLATED)
_22622_/A                               0.750000    0.866671   -0.116671 (VIOLATED)
_22638_/A1_N                            0.750000    0.866671   -0.116671 (VIOLATED)
_23250_/A                               0.750000    0.866671   -0.116671 (VIOLATED)
_23251_/B1                              0.750000    0.866671   -0.116671 (VIOLATED)
_23852_/A                               0.750000    0.866671   -0.116671 (VIOLATED)
_24632_/A                               0.750000    0.866671   -0.116671 (VIOLATED)
_24633_/A                               0.750000    0.866671   -0.116671 (VIOLATED)
_25508_/A                               0.750000    0.866671   -0.116671 (VIOLATED)
_25509_/A                               0.750000    0.866671   -0.116671 (VIOLATED)
_25523_/A1                              0.750000    0.866671   -0.116671 (VIOLATED)
_25904_/A                               0.750000    0.866671   -0.116671 (VIOLATED)
_25905_/A                               0.750000    0.866671   -0.116671 (VIOLATED)
_26401_/B1                              0.750000    0.866671   -0.116671 (VIOLATED)
_26402_/B1                              0.750000    0.866671   -0.116671 (VIOLATED)
_26403_/A                               0.750000    0.866671   -0.116671 (VIOLATED)
_27299_/A                               0.750000    0.866671   -0.116671 (VIOLATED)
_27300_/A                               0.750000    0.866671   -0.116671 (VIOLATED)
_27301_/B1                              0.750000    0.866671   -0.116671 (VIOLATED)
_28078_/A                               0.750000    0.866671   -0.116671 (VIOLATED)
_29960_/A                               0.750000    0.866671   -0.116671 (VIOLATED)
_29961_/A                               0.750000    0.866671   -0.116671 (VIOLATED)
_15158_/A                               0.750000    0.854619   -0.104619 (VIOLATED)
_16140_/A1                              0.750000    0.854619   -0.104619 (VIOLATED)
_16152_/A                               0.750000    0.854619   -0.104619 (VIOLATED)
_16153_/A                               0.750000    0.854619   -0.104619 (VIOLATED)
_16154_/A                               0.750000    0.854619   -0.104619 (VIOLATED)
_18086_/B1                              0.750000    0.854619   -0.104619 (VIOLATED)
_18087_/B1                              0.750000    0.854619   -0.104619 (VIOLATED)
_18205_/A                               0.750000    0.854619   -0.104619 (VIOLATED)
_18207_/A1                              0.750000    0.854619   -0.104619 (VIOLATED)
_18215_/A1_N                            0.750000    0.854619   -0.104619 (VIOLATED)
_18474_/C1                              0.750000    0.854619   -0.104619 (VIOLATED)
_18704_/A                               0.750000    0.854619   -0.104619 (VIOLATED)
_18864_/A1                              0.750000    0.854619   -0.104619 (VIOLATED)
_19037_/A                               0.750000    0.854619   -0.104619 (VIOLATED)
_19038_/A                               0.750000    0.854619   -0.104619 (VIOLATED)
_19440_/A                               0.750000    0.854619   -0.104619 (VIOLATED)
_19441_/A                               0.750000    0.854619   -0.104619 (VIOLATED)
_19638_/A                               0.750000    0.854619   -0.104619 (VIOLATED)
_19639_/A                               0.750000    0.854619   -0.104619 (VIOLATED)
_20471_/A                               0.750000    0.854619   -0.104619 (VIOLATED)
_20476_/A                               0.750000    0.854619   -0.104619 (VIOLATED)
_20695_/A                               0.750000    0.854619   -0.104619 (VIOLATED)
_20696_/A                               0.750000    0.854619   -0.104619 (VIOLATED)
_20762_/A1                              0.750000    0.854619   -0.104619 (VIOLATED)
_21243_/A                               0.750000    0.854619   -0.104619 (VIOLATED)
_21413_/A                               0.750000    0.854619   -0.104619 (VIOLATED)
_21433_/A                               0.750000    0.854619   -0.104619 (VIOLATED)
_21585_/A1                              0.750000    0.854619   -0.104619 (VIOLATED)
_21586_/A1                              0.750000    0.854619   -0.104619 (VIOLATED)
_21914_/A1                              0.750000    0.854619   -0.104619 (VIOLATED)
_22086_/A                               0.750000    0.854619   -0.104619 (VIOLATED)
_22094_/A                               0.750000    0.854619   -0.104619 (VIOLATED)
_22178_/B2                              0.750000    0.854619   -0.104619 (VIOLATED)
_22179_/A1                              0.750000    0.854619   -0.104619 (VIOLATED)
_22278_/A                               0.750000    0.854619   -0.104619 (VIOLATED)
_22299_/A                               0.750000    0.854619   -0.104619 (VIOLATED)
_23338_/A                               0.750000    0.854619   -0.104619 (VIOLATED)
_24969_/A                               0.750000    0.854619   -0.104619 (VIOLATED)
_24970_/B1                              0.750000    0.854619   -0.104619 (VIOLATED)
_25402_/A                               0.750000    0.854619   -0.104619 (VIOLATED)
_25422_/A                               0.750000    0.854619   -0.104619 (VIOLATED)
_25757_/A                               0.750000    0.854619   -0.104619 (VIOLATED)
_25758_/A                               0.750000    0.854619   -0.104619 (VIOLATED)
_25961_/A                               0.750000    0.854619   -0.104619 (VIOLATED)
_25962_/A                               0.750000    0.854619   -0.104619 (VIOLATED)
_26258_/A                               0.750000    0.854619   -0.104619 (VIOLATED)
_26259_/A1                              0.750000    0.854619   -0.104619 (VIOLATED)
_26922_/A                               0.750000    0.854619   -0.104619 (VIOLATED)
_26923_/A                               0.750000    0.854619   -0.104619 (VIOLATED)
_26924_/A                               0.750000    0.854619   -0.104619 (VIOLATED)
_26925_/A                               0.750000    0.854619   -0.104619 (VIOLATED)
_27543_/C1                              0.750000    0.854619   -0.104619 (VIOLATED)
_27694_/A                               0.750000    0.854619   -0.104619 (VIOLATED)
_27885_/A                               0.750000    0.854619   -0.104619 (VIOLATED)
_27886_/A                               0.750000    0.854619   -0.104619 (VIOLATED)
_27888_/A                               0.750000    0.854619   -0.104619 (VIOLATED)
_28268_/A                               0.750000    0.854619   -0.104619 (VIOLATED)
_28269_/A                               0.750000    0.854619   -0.104619 (VIOLATED)
_29021_/A1                              0.750000    0.854619   -0.104619 (VIOLATED)
_30440_/Q                               0.750000    0.854619   -0.104619 (VIOLATED)
_15160_/A                               0.750000    0.828756   -0.078756 (VIOLATED)
_16138_/A1                              0.750000    0.828756   -0.078756 (VIOLATED)
_16154_/C                               0.750000    0.828756   -0.078756 (VIOLATED)
_18484_/C1                              0.750000    0.828756   -0.078756 (VIOLATED)
_18485_/C1                              0.750000    0.828756   -0.078756 (VIOLATED)
_19252_/A                               0.750000    0.828756   -0.078756 (VIOLATED)
_19253_/A                               0.750000    0.828756   -0.078756 (VIOLATED)
_19369_/A                               0.750000    0.828756   -0.078756 (VIOLATED)
_19424_/A1                              0.750000    0.828756   -0.078756 (VIOLATED)
_19425_/A1                              0.750000    0.828756   -0.078756 (VIOLATED)
_19843_/A                               0.750000    0.828756   -0.078756 (VIOLATED)
_19900_/A                               0.750000    0.828756   -0.078756 (VIOLATED)
_20061_/A1_N                            0.750000    0.828756   -0.078756 (VIOLATED)
_20232_/A                               0.750000    0.828756   -0.078756 (VIOLATED)
_20296_/A1                              0.750000    0.828756   -0.078756 (VIOLATED)
_20443_/A                               0.750000    0.828756   -0.078756 (VIOLATED)
_20700_/A                               0.750000    0.828756   -0.078756 (VIOLATED)
_20701_/A                               0.750000    0.828756   -0.078756 (VIOLATED)
_20760_/A1                              0.750000    0.828756   -0.078756 (VIOLATED)
_20802_/A                               0.750000    0.828756   -0.078756 (VIOLATED)
_20968_/A                               0.750000    0.828756   -0.078756 (VIOLATED)
_21443_/A                               0.750000    0.828756   -0.078756 (VIOLATED)
_21444_/A                               0.750000    0.828756   -0.078756 (VIOLATED)
_21583_/A1                              0.750000    0.828756   -0.078756 (VIOLATED)
_22953_/A                               0.750000    0.828756   -0.078756 (VIOLATED)
_22954_/A                               0.750000    0.828756   -0.078756 (VIOLATED)
_23499_/A                               0.750000    0.828756   -0.078756 (VIOLATED)
_23500_/A                               0.750000    0.828756   -0.078756 (VIOLATED)
_23851_/A                               0.750000    0.828756   -0.078756 (VIOLATED)
_23984_/A1                              0.750000    0.828756   -0.078756 (VIOLATED)
_24153_/A                               0.750000    0.828756   -0.078756 (VIOLATED)
_24154_/A                               0.750000    0.828756   -0.078756 (VIOLATED)
_24385_/B1                              0.750000    0.828756   -0.078756 (VIOLATED)
_24386_/B1                              0.750000    0.828756   -0.078756 (VIOLATED)
_24387_/A                               0.750000    0.828756   -0.078756 (VIOLATED)
_24445_/A1                              0.750000    0.828756   -0.078756 (VIOLATED)
_24975_/A                               0.750000    0.828756   -0.078756 (VIOLATED)
_24976_/A                               0.750000    0.828756   -0.078756 (VIOLATED)
_25002_/A1                              0.750000    0.828756   -0.078756 (VIOLATED)
_25406_/A                               0.750000    0.828756   -0.078756 (VIOLATED)
_25407_/A                               0.750000    0.828756   -0.078756 (VIOLATED)
_26932_/A                               0.750000    0.828756   -0.078756 (VIOLATED)
_26934_/A                               0.750000    0.828756   -0.078756 (VIOLATED)
_27526_/A                               0.750000    0.828756   -0.078756 (VIOLATED)
_27527_/A                               0.750000    0.828756   -0.078756 (VIOLATED)
_28079_/A                               0.750000    0.828756   -0.078756 (VIOLATED)
_28159_/A1                              0.750000    0.828756   -0.078756 (VIOLATED)
_28280_/A                               0.750000    0.828756   -0.078756 (VIOLATED)
_28281_/A                               0.750000    0.828756   -0.078756 (VIOLATED)
_29140_/B1                              0.750000    0.828756   -0.078756 (VIOLATED)
_29141_/B1                              0.750000    0.828756   -0.078756 (VIOLATED)
_29142_/A                               0.750000    0.828756   -0.078756 (VIOLATED)
_29143_/A                               0.750000    0.828756   -0.078756 (VIOLATED)
_29659_/A                               0.750000    0.828756   -0.078756 (VIOLATED)
_29660_/A                               0.750000    0.828756   -0.078756 (VIOLATED)
_30438_/Q                               0.750000    0.828756   -0.078756 (VIOLATED)
_15155_/Y                               0.750000    0.822987   -0.072987 (VIOLATED)
_17059_/A                               0.750000    0.822987   -0.072987 (VIOLATED)
_17190_/A                               0.750000    0.822987   -0.072987 (VIOLATED)
_17191_/A                               0.750000    0.822987   -0.072987 (VIOLATED)
_17320_/A                               0.750000    0.822987   -0.072987 (VIOLATED)
_17696_/A                               0.750000    0.822987   -0.072987 (VIOLATED)
_18050_/A                               0.750000    0.822987   -0.072987 (VIOLATED)
_18336_/A                               0.750000    0.822987   -0.072987 (VIOLATED)
_18512_/A                               0.750000    0.822987   -0.072987 (VIOLATED)
_18513_/A                               0.750000    0.822987   -0.072987 (VIOLATED)
_18515_/A                               0.750000    0.822987   -0.072987 (VIOLATED)
_19178_/A                               0.750000    0.822987   -0.072987 (VIOLATED)
_19179_/A                               0.750000    0.822987   -0.072987 (VIOLATED)
_19201_/A1                              0.750000    0.822987   -0.072987 (VIOLATED)
_19587_/A                               0.750000    0.822987   -0.072987 (VIOLATED)
_19588_/A                               0.750000    0.822987   -0.072987 (VIOLATED)
_20166_/A                               0.750000    0.822987   -0.072987 (VIOLATED)
_20931_/A                               0.750000    0.822987   -0.072987 (VIOLATED)
_20932_/B1                              0.750000    0.822987   -0.072987 (VIOLATED)
_21398_/A                               0.750000    0.822987   -0.072987 (VIOLATED)
_21400_/A                               0.750000    0.822987   -0.072987 (VIOLATED)
_21761_/B1                              0.750000    0.822987   -0.072987 (VIOLATED)
_21762_/A                               0.750000    0.822987   -0.072987 (VIOLATED)
_21923_/A1                              0.750000    0.822987   -0.072987 (VIOLATED)
_22046_/A                               0.750000    0.822987   -0.072987 (VIOLATED)
_22047_/A                               0.750000    0.822987   -0.072987 (VIOLATED)
_22048_/A                               0.750000    0.822987   -0.072987 (VIOLATED)
_22221_/A                               0.750000    0.822987   -0.072987 (VIOLATED)
_22222_/B1                              0.750000    0.822987   -0.072987 (VIOLATED)
_22881_/A                               0.750000    0.822987   -0.072987 (VIOLATED)
_22882_/A                               0.750000    0.822987   -0.072987 (VIOLATED)
_22883_/A                               0.750000    0.822987   -0.072987 (VIOLATED)
_23537_/A                               0.750000    0.822987   -0.072987 (VIOLATED)
_23539_/A                               0.750000    0.822987   -0.072987 (VIOLATED)
_24312_/A                               0.750000    0.822987   -0.072987 (VIOLATED)
_24313_/A                               0.750000    0.822987   -0.072987 (VIOLATED)
_25365_/A                               0.750000    0.822987   -0.072987 (VIOLATED)
_25384_/A1                              0.750000    0.822987   -0.072987 (VIOLATED)
_25630_/A                               0.750000    0.822987   -0.072987 (VIOLATED)
_25631_/A                               0.750000    0.822987   -0.072987 (VIOLATED)
_25943_/A                               0.750000    0.822987   -0.072987 (VIOLATED)
_25944_/A                               0.750000    0.822987   -0.072987 (VIOLATED)
_26858_/A                               0.750000    0.822987   -0.072987 (VIOLATED)
_26859_/A                               0.750000    0.822987   -0.072987 (VIOLATED)
_26860_/A                               0.750000    0.822987   -0.072987 (VIOLATED)
_27577_/A                               0.750000    0.822987   -0.072987 (VIOLATED)
_27578_/A                               0.750000    0.822987   -0.072987 (VIOLATED)
_27579_/A                               0.750000    0.822987   -0.072987 (VIOLATED)
_28112_/A                               0.750000    0.822987   -0.072987 (VIOLATED)
_28881_/A                               0.750000    0.822987   -0.072987 (VIOLATED)
_28882_/A                               0.750000    0.822987   -0.072987 (VIOLATED)
_28905_/A1                              0.750000    0.822987   -0.072987 (VIOLATED)
_29333_/A                               0.750000    0.822987   -0.072987 (VIOLATED)
_29334_/A                               0.750000    0.822987   -0.072987 (VIOLATED)
_15163_/A                               0.750000    0.822625   -0.072625 (VIOLATED)
_16135_/A1                              0.750000    0.822625   -0.072625 (VIOLATED)
_16155_/C                               0.750000    0.822625   -0.072625 (VIOLATED)
_17313_/C1                              0.750000    0.822625   -0.072625 (VIOLATED)
_17446_/B2                              0.750000    0.822625   -0.072625 (VIOLATED)
_17447_/A1                              0.750000    0.822625   -0.072625 (VIOLATED)
_17551_/A                               0.750000    0.822625   -0.072625 (VIOLATED)
_17552_/A                               0.750000    0.822625   -0.072625 (VIOLATED)
_17553_/A                               0.750000    0.822625   -0.072625 (VIOLATED)
_17711_/A                               0.750000    0.822625   -0.072625 (VIOLATED)
_17712_/A                               0.750000    0.822625   -0.072625 (VIOLATED)
_18082_/A1                              0.750000    0.822625   -0.072625 (VIOLATED)
_18083_/A1                              0.750000    0.822625   -0.072625 (VIOLATED)
_18230_/A                               0.750000    0.822625   -0.072625 (VIOLATED)
_18231_/A                               0.750000    0.822625   -0.072625 (VIOLATED)
_18314_/A1                              0.750000    0.822625   -0.072625 (VIOLATED)
_18315_/A1                              0.750000    0.822625   -0.072625 (VIOLATED)
_18499_/A                               0.750000    0.822625   -0.072625 (VIOLATED)
_18500_/A                               0.750000    0.822625   -0.072625 (VIOLATED)
_19021_/C1                              0.750000    0.822625   -0.072625 (VIOLATED)
_19207_/B2                              0.750000    0.822625   -0.072625 (VIOLATED)
_19384_/A                               0.750000    0.822625   -0.072625 (VIOLATED)
_19385_/A                               0.750000    0.822625   -0.072625 (VIOLATED)
_19798_/A                               0.750000    0.822625   -0.072625 (VIOLATED)
_20258_/A                               0.750000    0.822625   -0.072625 (VIOLATED)
_20259_/A                               0.750000    0.822625   -0.072625 (VIOLATED)
_20294_/B2                              0.750000    0.822625   -0.072625 (VIOLATED)
_20434_/A1                              0.750000    0.822625   -0.072625 (VIOLATED)
_21468_/A                               0.750000    0.822625   -0.072625 (VIOLATED)
_21469_/A                               0.750000    0.822625   -0.072625 (VIOLATED)
_21581_/A1                              0.750000    0.822625   -0.072625 (VIOLATED)
_22104_/A                               0.750000    0.822625   -0.072625 (VIOLATED)
_22105_/A                               0.750000    0.822625   -0.072625 (VIOLATED)
_22204_/A                               0.750000    0.822625   -0.072625 (VIOLATED)
_22205_/A                               0.750000    0.822625   -0.072625 (VIOLATED)
_22257_/A1                              0.750000    0.822625   -0.072625 (VIOLATED)
_23267_/B1                              0.750000    0.822625   -0.072625 (VIOLATED)
_23268_/A                               0.750000    0.822625   -0.072625 (VIOLATED)
_23309_/A                               0.750000    0.822625   -0.072625 (VIOLATED)
_23531_/A                               0.750000    0.822625   -0.072625 (VIOLATED)
_23532_/A                               0.750000    0.822625   -0.072625 (VIOLATED)
_23614_/B2                              0.750000    0.822625   -0.072625 (VIOLATED)
_24598_/A                               0.750000    0.822625   -0.072625 (VIOLATED)
_25343_/A                               0.750000    0.822625   -0.072625 (VIOLATED)
_25344_/B1                              0.750000    0.822625   -0.072625 (VIOLATED)
_25345_/A                               0.750000    0.822625   -0.072625 (VIOLATED)
_25938_/A                               0.750000    0.822625   -0.072625 (VIOLATED)
_26959_/A                               0.750000    0.822625   -0.072625 (VIOLATED)
_28099_/A                               0.750000    0.822625   -0.072625 (VIOLATED)
_28100_/A                               0.750000    0.822625   -0.072625 (VIOLATED)
_29190_/A                               0.750000    0.822625   -0.072625 (VIOLATED)
_29697_/A                               0.750000    0.822625   -0.072625 (VIOLATED)
_29698_/A                               0.750000    0.822625   -0.072625 (VIOLATED)
_29728_/A1                              0.750000    0.822625   -0.072625 (VIOLATED)
_29977_/B2                              0.750000    0.822625   -0.072625 (VIOLATED)
_29983_/A1                              0.750000    0.822625   -0.072625 (VIOLATED)
_30435_/Q                               0.750000    0.822625   -0.072625 (VIOLATED)
_15173_/A                               0.750000    0.819155   -0.069155 (VIOLATED)
_16117_/A1                              0.750000    0.819155   -0.069155 (VIOLATED)
_16164_/B                               0.750000    0.819155   -0.069155 (VIOLATED)
_16176_/B                               0.750000    0.819155   -0.069155 (VIOLATED)
_16260_/B                               0.750000    0.819155   -0.069155 (VIOLATED)
_16471_/B                               0.750000    0.819155   -0.069155 (VIOLATED)
_16476_/B                               0.750000    0.819155   -0.069155 (VIOLATED)
_16496_/B                               0.750000    0.819155   -0.069155 (VIOLATED)
_16907_/A1                              0.750000    0.819155   -0.069155 (VIOLATED)
_17133_/B                               0.750000    0.819155   -0.069155 (VIOLATED)
_17278_/B                               0.750000    0.819155   -0.069155 (VIOLATED)
_17282_/B                               0.750000    0.819155   -0.069155 (VIOLATED)
_17485_/A1                              0.750000    0.819155   -0.069155 (VIOLATED)
_17486_/B                               0.750000    0.819155   -0.069155 (VIOLATED)
_17632_/B                               0.750000    0.819155   -0.069155 (VIOLATED)
_17783_/B                               0.750000    0.819155   -0.069155 (VIOLATED)
_17949_/B1                              0.750000    0.819155   -0.069155 (VIOLATED)
_17953_/B                               0.750000    0.819155   -0.069155 (VIOLATED)
_18159_/B                               0.750000    0.819155   -0.069155 (VIOLATED)
_18413_/A1                              0.750000    0.819155   -0.069155 (VIOLATED)
_18414_/B                               0.750000    0.819155   -0.069155 (VIOLATED)
_18418_/A                               0.750000    0.819155   -0.069155 (VIOLATED)
_18419_/A                               0.750000    0.819155   -0.069155 (VIOLATED)
_18627_/B1                              0.750000    0.819155   -0.069155 (VIOLATED)
_18635_/A1                              0.750000    0.819155   -0.069155 (VIOLATED)
_18643_/B                               0.750000    0.819155   -0.069155 (VIOLATED)
_18830_/B                               0.750000    0.819155   -0.069155 (VIOLATED)
_18832_/A                               0.750000    0.819155   -0.069155 (VIOLATED)
_18833_/A1                              0.750000    0.819155   -0.069155 (VIOLATED)
_18836_/C                               0.750000    0.819155   -0.069155 (VIOLATED)
_18918_/B                               0.750000    0.819155   -0.069155 (VIOLATED)
_18922_/A1                              0.750000    0.819155   -0.069155 (VIOLATED)
_19077_/B                               0.750000    0.819155   -0.069155 (VIOLATED)
_19082_/A1                              0.750000    0.819155   -0.069155 (VIOLATED)
_19464_/A                               0.750000    0.819155   -0.069155 (VIOLATED)
_19493_/A1                              0.750000    0.819155   -0.069155 (VIOLATED)
_19911_/A                               0.750000    0.819155   -0.069155 (VIOLATED)
_20108_/A                               0.750000    0.819155   -0.069155 (VIOLATED)
_20526_/A                               0.750000    0.819155   -0.069155 (VIOLATED)
_20858_/A                               0.750000    0.819155   -0.069155 (VIOLATED)
_20859_/A                               0.750000    0.819155   -0.069155 (VIOLATED)
_20860_/B                               0.750000    0.819155   -0.069155 (VIOLATED)
_21531_/C1                              0.750000    0.819155   -0.069155 (VIOLATED)
_21815_/A                               0.750000    0.819155   -0.069155 (VIOLATED)
_21968_/A                               0.750000    0.819155   -0.069155 (VIOLATED)
_22371_/A1                              0.750000    0.819155   -0.069155 (VIOLATED)
_22489_/A                               0.750000    0.819155   -0.069155 (VIOLATED)
_22499_/A1                              0.750000    0.819155   -0.069155 (VIOLATED)
_22819_/A1                              0.750000    0.819155   -0.069155 (VIOLATED)
_23197_/A                               0.750000    0.819155   -0.069155 (VIOLATED)
_23731_/A                               0.750000    0.819155   -0.069155 (VIOLATED)
_24250_/A1                              0.750000    0.819155   -0.069155 (VIOLATED)
_24487_/A                               0.750000    0.819155   -0.069155 (VIOLATED)
_24489_/B                               0.750000    0.819155   -0.069155 (VIOLATED)
_24500_/A1                              0.750000    0.819155   -0.069155 (VIOLATED)
_24895_/A1                              0.750000    0.819155   -0.069155 (VIOLATED)
_24896_/A1                              0.750000    0.819155   -0.069155 (VIOLATED)
_25243_/D1                              0.750000    0.819155   -0.069155 (VIOLATED)
_25244_/B                               0.750000    0.819155   -0.069155 (VIOLATED)
_25562_/A                               0.750000    0.819155   -0.069155 (VIOLATED)
_26516_/A                               0.750000    0.819155   -0.069155 (VIOLATED)
_26812_/A                               0.750000    0.819155   -0.069155 (VIOLATED)
_27221_/A1                              0.750000    0.819155   -0.069155 (VIOLATED)
_27227_/B                               0.750000    0.819155   -0.069155 (VIOLATED)
_27234_/A1                              0.750000    0.819155   -0.069155 (VIOLATED)
_27600_/A1                              0.750000    0.819155   -0.069155 (VIOLATED)
_28983_/B                               0.750000    0.819155   -0.069155 (VIOLATED)
_28988_/A1                              0.750000    0.819155   -0.069155 (VIOLATED)
_29601_/A                               0.750000    0.819155   -0.069155 (VIOLATED)
_29602_/A                               0.750000    0.819155   -0.069155 (VIOLATED)
_30417_/Q                               0.750000    0.819155   -0.069155 (VIOLATED)
_15162_/Y                               0.750000    0.813070   -0.063070 (VIOLATED)
_18066_/B1                              0.750000    0.813070   -0.063070 (VIOLATED)
_18067_/A                               0.750000    0.813070   -0.063070 (VIOLATED)
_18219_/A                               0.750000    0.813070   -0.063070 (VIOLATED)
_18220_/A                               0.750000    0.813070   -0.063070 (VIOLATED)
_18301_/C1                              0.750000    0.813070   -0.063070 (VIOLATED)
_18302_/C1                              0.750000    0.813070   -0.063070 (VIOLATED)
_18304_/A                               0.750000    0.813070   -0.063070 (VIOLATED)
_18477_/A                               0.750000    0.813070   -0.063070 (VIOLATED)
_18478_/A                               0.750000    0.813070   -0.063070 (VIOLATED)
_19372_/A                               0.750000    0.813070   -0.063070 (VIOLATED)
_19620_/A                               0.750000    0.813070   -0.063070 (VIOLATED)
_19621_/A                               0.750000    0.813070   -0.063070 (VIOLATED)
_19632_/A1                              0.750000    0.813070   -0.063070 (VIOLATED)
_19848_/A                               0.750000    0.813070   -0.063070 (VIOLATED)
_20224_/C1                              0.750000    0.813070   -0.063070 (VIOLATED)
_20225_/A                               0.750000    0.813070   -0.063070 (VIOLATED)
_20460_/A                               0.750000    0.813070   -0.063070 (VIOLATED)
_20461_/A                               0.750000    0.813070   -0.063070 (VIOLATED)
_20906_/A                               0.750000    0.813070   -0.063070 (VIOLATED)
_20962_/A1                              0.750000    0.813070   -0.063070 (VIOLATED)
_20963_/A1                              0.750000    0.813070   -0.063070 (VIOLATED)
_21076_/A                               0.750000    0.813070   -0.063070 (VIOLATED)
_21077_/A                               0.750000    0.813070   -0.063070 (VIOLATED)
_21875_/A                               0.750000    0.813070   -0.063070 (VIOLATED)
_21929_/A1                              0.750000    0.813070   -0.063070 (VIOLATED)
_22068_/A                               0.750000    0.813070   -0.063070 (VIOLATED)
_22069_/A                               0.750000    0.813070   -0.063070 (VIOLATED)
_22285_/B1                              0.750000    0.813070   -0.063070 (VIOLATED)
_22286_/A                               0.750000    0.813070   -0.063070 (VIOLATED)
_23243_/A                               0.750000    0.813070   -0.063070 (VIOLATED)
_23517_/A                               0.750000    0.813070   -0.063070 (VIOLATED)
_24380_/A                               0.750000    0.813070   -0.063070 (VIOLATED)
_24645_/A                               0.750000    0.813070   -0.063070 (VIOLATED)
_24646_/A                               0.750000    0.813070   -0.063070 (VIOLATED)
_24729_/A1_N                            0.750000    0.813070   -0.063070 (VIOLATED)
_25334_/A                               0.750000    0.813070   -0.063070 (VIOLATED)
_25335_/B1                              0.750000    0.813070   -0.063070 (VIOLATED)
_25502_/A                               0.750000    0.813070   -0.063070 (VIOLATED)
_25503_/A                               0.750000    0.813070   -0.063070 (VIOLATED)
_26409_/A                               0.750000    0.813070   -0.063070 (VIOLATED)
_26948_/A                               0.750000    0.813070   -0.063070 (VIOLATED)
_26972_/A1                              0.750000    0.813070   -0.063070 (VIOLATED)
_27308_/A                               0.750000    0.813070   -0.063070 (VIOLATED)
_27548_/B1                              0.750000    0.813070   -0.063070 (VIOLATED)
_27549_/A                               0.750000    0.813070   -0.063070 (VIOLATED)
_28083_/A                               0.750000    0.813070   -0.063070 (VIOLATED)
_28769_/A                               0.750000    0.813070   -0.063070 (VIOLATED)
_28770_/A                               0.750000    0.813070   -0.063070 (VIOLATED)
_28869_/A1                              0.750000    0.813070   -0.063070 (VIOLATED)
_29176_/A                               0.750000    0.813070   -0.063070 (VIOLATED)
_29670_/A                               0.750000    0.813070   -0.063070 (VIOLATED)
_29671_/A                               0.750000    0.813070   -0.063070 (VIOLATED)
_29965_/A                               0.750000    0.813070   -0.063070 (VIOLATED)
_15158_/Y                               0.750000    0.808033   -0.058033 (VIOLATED)
_18274_/A                               0.750000    0.808033   -0.058033 (VIOLATED)
_18275_/B1                              0.750000    0.808033   -0.058033 (VIOLATED)
_18473_/C1                              0.750000    0.808033   -0.058033 (VIOLATED)
_18705_/A                               0.750000    0.808033   -0.058033 (VIOLATED)
_19238_/A                               0.750000    0.808033   -0.058033 (VIOLATED)
_19243_/A                               0.750000    0.808033   -0.058033 (VIOLATED)
_19248_/A1                              0.750000    0.808033   -0.058033 (VIOLATED)
_19835_/A                               0.750000    0.808033   -0.058033 (VIOLATED)
_19836_/A                               0.750000    0.808033   -0.058033 (VIOLATED)
_19892_/A                               0.750000    0.808033   -0.058033 (VIOLATED)
_19893_/A                               0.750000    0.808033   -0.058033 (VIOLATED)
_20062_/A1                              0.750000    0.808033   -0.058033 (VIOLATED)
_20252_/A                               0.750000    0.808033   -0.058033 (VIOLATED)
_20253_/A                               0.750000    0.808033   -0.058033 (VIOLATED)
_20265_/A1                              0.750000    0.808033   -0.058033 (VIOLATED)
_20298_/A1                              0.750000    0.808033   -0.058033 (VIOLATED)
_20794_/A                               0.750000    0.808033   -0.058033 (VIOLATED)
_20799_/A1                              0.750000    0.808033   -0.058033 (VIOLATED)
_20808_/A                               0.750000    0.808033   -0.058033 (VIOLATED)
_21165_/A                               0.750000    0.808033   -0.058033 (VIOLATED)
_21166_/A                               0.750000    0.808033   -0.058033 (VIOLATED)
_21169_/A1                              0.750000    0.808033   -0.058033 (VIOLATED)
_21899_/A                               0.750000    0.808033   -0.058033 (VIOLATED)
_21933_/A1                              0.750000    0.808033   -0.058033 (VIOLATED)
_22098_/A1                              0.750000    0.808033   -0.058033 (VIOLATED)
_22614_/A                               0.750000    0.808033   -0.058033 (VIOLATED)
_22615_/B1                              0.750000    0.808033   -0.058033 (VIOLATED)
_22616_/B1                              0.750000    0.808033   -0.058033 (VIOLATED)
_22939_/A                               0.750000    0.808033   -0.058033 (VIOLATED)
_22949_/A1                              0.750000    0.808033   -0.058033 (VIOLATED)
_23129_/A                               0.750000    0.808033   -0.058033 (VIOLATED)
_23130_/A                               0.750000    0.808033   -0.058033 (VIOLATED)
_23131_/A                               0.750000    0.808033   -0.058033 (VIOLATED)
_23603_/A                               0.750000    0.808033   -0.058033 (VIOLATED)
_23610_/A                               0.750000    0.808033   -0.058033 (VIOLATED)
_23840_/A                               0.750000    0.808033   -0.058033 (VIOLATED)
_23841_/A                               0.750000    0.808033   -0.058033 (VIOLATED)
_23986_/A1                              0.750000    0.808033   -0.058033 (VIOLATED)
_24141_/A                               0.750000    0.808033   -0.058033 (VIOLATED)
_24142_/B1                              0.750000    0.808033   -0.058033 (VIOLATED)
_24436_/A                               0.750000    0.808033   -0.058033 (VIOLATED)
_24437_/A                               0.750000    0.808033   -0.058033 (VIOLATED)
_24438_/A                               0.750000    0.808033   -0.058033 (VIOLATED)
_24667_/A                               0.750000    0.808033   -0.058033 (VIOLATED)
_24669_/A                               0.750000    0.808033   -0.058033 (VIOLATED)
_26386_/A                               0.750000    0.808033   -0.058033 (VIOLATED)
_26387_/B1                              0.750000    0.808033   -0.058033 (VIOLATED)
_27281_/A                               0.750000    0.808033   -0.058033 (VIOLATED)
_27282_/B1                              0.750000    0.808033   -0.058033 (VIOLATED)
_27283_/A                               0.750000    0.808033   -0.058033 (VIOLATED)
_29307_/B1                              0.750000    0.808033   -0.058033 (VIOLATED)
_29308_/A                               0.750000    0.808033   -0.058033 (VIOLATED)
_29653_/A                               0.750000    0.808033   -0.058033 (VIOLATED)
_29721_/A                               0.750000    0.808033   -0.058033 (VIOLATED)
_29722_/A1                              0.750000    0.808033   -0.058033 (VIOLATED)
_29954_/A1                              0.750000    0.808033   -0.058033 (VIOLATED)
_29955_/A                               0.750000    0.808033   -0.058033 (VIOLATED)
_30105_/A1                              0.750000    0.808033   -0.058033 (VIOLATED)
_15164_/A                               0.750000    0.788028   -0.038028 (VIOLATED)
_16134_/A1                              0.750000    0.788028   -0.038028 (VIOLATED)
_16155_/D                               0.750000    0.788028   -0.038028 (VIOLATED)
_17303_/A                               0.750000    0.788028   -0.038028 (VIOLATED)
_17306_/A1                              0.750000    0.788028   -0.038028 (VIOLATED)
_17313_/A1                              0.750000    0.788028   -0.038028 (VIOLATED)
_17323_/A                               0.750000    0.788028   -0.038028 (VIOLATED)
_17446_/A1                              0.750000    0.788028   -0.038028 (VIOLATED)
_17586_/B2                              0.750000    0.788028   -0.038028 (VIOLATED)
_17587_/A1                              0.750000    0.788028   -0.038028 (VIOLATED)
_17876_/A1                              0.750000    0.788028   -0.038028 (VIOLATED)
_17877_/A1                              0.750000    0.788028   -0.038028 (VIOLATED)
_17915_/A                               0.750000    0.788028   -0.038028 (VIOLATED)
_18246_/A                               0.750000    0.788028   -0.038028 (VIOLATED)
_18247_/A                               0.750000    0.788028   -0.038028 (VIOLATED)
_18313_/A                               0.750000    0.788028   -0.038028 (VIOLATED)
_18315_/B2                              0.750000    0.788028   -0.038028 (VIOLATED)
_18322_/A                               0.750000    0.788028   -0.038028 (VIOLATED)
_18522_/C1                              0.750000    0.788028   -0.038028 (VIOLATED)
_18903_/A                               0.750000    0.788028   -0.038028 (VIOLATED)
_19019_/A1                              0.750000    0.788028   -0.038028 (VIOLATED)
_19222_/A                               0.750000    0.788028   -0.038028 (VIOLATED)
_19223_/A                               0.750000    0.788028   -0.038028 (VIOLATED)
_19580_/A                               0.750000    0.788028   -0.038028 (VIOLATED)
_20050_/A                               0.750000    0.788028   -0.038028 (VIOLATED)
_20051_/A                               0.750000    0.788028   -0.038028 (VIOLATED)
_20052_/A                               0.750000    0.788028   -0.038028 (VIOLATED)
_20215_/A1                              0.750000    0.788028   -0.038028 (VIOLATED)
_20216_/A1                              0.750000    0.788028   -0.038028 (VIOLATED)
_20920_/A                               0.750000    0.788028   -0.038028 (VIOLATED)
_20921_/A                               0.750000    0.788028   -0.038028 (VIOLATED)
_22043_/A                               0.750000    0.788028   -0.038028 (VIOLATED)
_22187_/A1                              0.750000    0.788028   -0.038028 (VIOLATED)
_22188_/A1                              0.750000    0.788028   -0.038028 (VIOLATED)
_22924_/A                               0.750000    0.788028   -0.038028 (VIOLATED)
_23287_/B1                              0.750000    0.788028   -0.038028 (VIOLATED)
_23288_/A                               0.750000    0.788028   -0.038028 (VIOLATED)
_23526_/A                               0.750000    0.788028   -0.038028 (VIOLATED)
_23614_/A1                              0.750000    0.788028   -0.038028 (VIOLATED)
_23921_/A                               0.750000    0.788028   -0.038028 (VIOLATED)
_23922_/A                               0.750000    0.788028   -0.038028 (VIOLATED)
_23979_/A1                              0.750000    0.788028   -0.038028 (VIOLATED)
_24119_/A                               0.750000    0.788028   -0.038028 (VIOLATED)
_24120_/A                               0.750000    0.788028   -0.038028 (VIOLATED)
_24321_/A                               0.750000    0.788028   -0.038028 (VIOLATED)
_24815_/B1                              0.750000    0.788028   -0.038028 (VIOLATED)
_24816_/A                               0.750000    0.788028   -0.038028 (VIOLATED)
_24817_/A                               0.750000    0.788028   -0.038028 (VIOLATED)
_25636_/A                               0.750000    0.788028   -0.038028 (VIOLATED)
_25637_/A                               0.750000    0.788028   -0.038028 (VIOLATED)
_25653_/A1                              0.750000    0.788028   -0.038028 (VIOLATED)
_27570_/A                               0.750000    0.788028   -0.038028 (VIOLATED)
_27571_/A                               0.750000    0.788028   -0.038028 (VIOLATED)
_28107_/A                               0.750000    0.788028   -0.038028 (VIOLATED)
_29702_/A                               0.750000    0.788028   -0.038028 (VIOLATED)
_29983_/B2                              0.750000    0.788028   -0.038028 (VIOLATED)
_29988_/A1                              0.750000    0.788028   -0.038028 (VIOLATED)
_30434_/Q                               0.750000    0.788028   -0.038028 (VIOLATED)
_15145_/Y                               0.750000    0.772073   -0.022073 (VIOLATED)
_16299_/A                               0.750000    0.772073   -0.022073 (VIOLATED)
_16300_/A                               0.750000    0.772073   -0.022073 (VIOLATED)
_16544_/A                               0.750000    0.772073   -0.022073 (VIOLATED)
_16545_/B1                              0.750000    0.772073   -0.022073 (VIOLATED)
_16795_/A                               0.750000    0.772073   -0.022073 (VIOLATED)
_16949_/C1                              0.750000    0.772073   -0.022073 (VIOLATED)
_16950_/A                               0.750000    0.772073   -0.022073 (VIOLATED)
_17139_/A                               0.750000    0.772073   -0.022073 (VIOLATED)
_17271_/A                               0.750000    0.772073   -0.022073 (VIOLATED)
_17272_/A                               0.750000    0.772073   -0.022073 (VIOLATED)
_17285_/A1_N                            0.750000    0.772073   -0.022073 (VIOLATED)
_17635_/C1                              0.750000    0.772073   -0.022073 (VIOLATED)
_17782_/A                               0.750000    0.772073   -0.022073 (VIOLATED)
_17796_/A1                              0.750000    0.772073   -0.022073 (VIOLATED)
_17807_/A1                              0.750000    0.772073   -0.022073 (VIOLATED)
_17808_/A1                              0.750000    0.772073   -0.022073 (VIOLATED)
_18166_/A                               0.750000    0.772073   -0.022073 (VIOLATED)
_18625_/A                               0.750000    0.772073   -0.022073 (VIOLATED)
_18626_/A                               0.750000    0.772073   -0.022073 (VIOLATED)
_18631_/C1                              0.750000    0.772073   -0.022073 (VIOLATED)
_18915_/A                               0.750000    0.772073   -0.022073 (VIOLATED)
_18916_/A                               0.750000    0.772073   -0.022073 (VIOLATED)
_19272_/A                               0.750000    0.772073   -0.022073 (VIOLATED)
_19924_/A                               0.750000    0.772073   -0.022073 (VIOLATED)
_20868_/A                               0.750000    0.772073   -0.022073 (VIOLATED)
_20988_/A                               0.750000    0.772073   -0.022073 (VIOLATED)
_21272_/A                               0.750000    0.772073   -0.022073 (VIOLATED)
_21286_/A1                              0.750000    0.772073   -0.022073 (VIOLATED)
_21543_/A                               0.750000    0.772073   -0.022073 (VIOLATED)
_21554_/A1                              0.750000    0.772073   -0.022073 (VIOLATED)
_21808_/A                               0.750000    0.772073   -0.022073 (VIOLATED)
_21821_/C1                              0.750000    0.772073   -0.022073 (VIOLATED)
_21955_/A1                              0.750000    0.772073   -0.022073 (VIOLATED)
_24272_/A                               0.750000    0.772073   -0.022073 (VIOLATED)
_24273_/A                               0.750000    0.772073   -0.022073 (VIOLATED)
_24275_/A1                              0.750000    0.772073   -0.022073 (VIOLATED)
_25816_/B2                              0.750000    0.772073   -0.022073 (VIOLATED)
_26538_/A1                              0.750000    0.772073   -0.022073 (VIOLATED)
_27595_/A                               0.750000    0.772073   -0.022073 (VIOLATED)
_28978_/A                               0.750000    0.772073   -0.022073 (VIOLATED)
_28979_/A                               0.750000    0.772073   -0.022073 (VIOLATED)
_28980_/B1                              0.750000    0.772073   -0.022073 (VIOLATED)
_29486_/A                               0.750000    0.772073   -0.022073 (VIOLATED)
_29488_/A                               0.750000    0.772073   -0.022073 (VIOLATED)
_29598_/A                               0.750000    0.772073   -0.022073 (VIOLATED)
_29600_/B1                              0.750000    0.772073   -0.022073 (VIOLATED)
_17745_/Y                               0.750000    0.755118   -0.005118 (VIOLATED)
_17749_/S                               0.750000    0.755118   -0.005118 (VIOLATED)
_17754_/S                               0.750000    0.755118   -0.005118 (VIOLATED)
_17760_/S                               0.750000    0.755118   -0.005118 (VIOLATED)
_17765_/B                               0.750000    0.755118   -0.005118 (VIOLATED)
_17766_/A1                              0.750000    0.755118   -0.005118 (VIOLATED)
_17772_/S                               0.750000    0.755118   -0.005118 (VIOLATED)
_17781_/S                               0.750000    0.755118   -0.005118 (VIOLATED)
_17784_/S                               0.750000    0.755118   -0.005118 (VIOLATED)
_17792_/S                               0.750000    0.755118   -0.005118 (VIOLATED)
_17798_/S                               0.750000    0.755118   -0.005118 (VIOLATED)
_17803_/S                               0.750000    0.755118   -0.005118 (VIOLATED)
_17817_/S                               0.750000    0.755118   -0.005118 (VIOLATED)
_17820_/S                               0.750000    0.755118   -0.005118 (VIOLATED)
_17829_/S                               0.750000    0.755118   -0.005118 (VIOLATED)
_17833_/S                               0.750000    0.755118   -0.005118 (VIOLATED)
_17854_/S                               0.750000    0.755118   -0.005118 (VIOLATED)
_17859_/B                               0.750000    0.755118   -0.005118 (VIOLATED)
_17860_/A1                              0.750000    0.755118   -0.005118 (VIOLATED)
_17866_/S                               0.750000    0.755118   -0.005118 (VIOLATED)
_17884_/S                               0.750000    0.755118   -0.005118 (VIOLATED)
_17886_/A2                              0.750000    0.755118   -0.005118 (VIOLATED)
_17891_/S                               0.750000    0.755118   -0.005118 (VIOLATED)
_17897_/S                               0.750000    0.755118   -0.005118 (VIOLATED)
_30184_/A1                              0.750000    0.755118   -0.005118 (VIOLATED)

max fanout

Pin                                   Limit Fanout  Slack
---------------------------------------------------------
_30418_/Q                                10    128   -118 (VIOLATED)
_30419_/Q                                10    116   -106 (VIOLATED)
_30421_/Q                                10    114   -104 (VIOLATED)
_30420_/Q                                10    113   -103 (VIOLATED)
_30422_/Q                                10     88    -78 (VIOLATED)
_30426_/Q                                10     86    -76 (VIOLATED)
_30424_/Q                                10     84    -74 (VIOLATED)
_15173_/Y                                10     83    -73 (VIOLATED)
_30430_/Q                                10     80    -70 (VIOLATED)
_30425_/Q                                10     79    -69 (VIOLATED)
_30423_/Q                                10     77    -67 (VIOLATED)
_30427_/Q                                10     76    -66 (VIOLATED)
_15148_/Y                                10     73    -63 (VIOLATED)
_15163_/Y                                10     73    -63 (VIOLATED)
_16141_/Y                                10     73    -63 (VIOLATED)
_30433_/Q                                10     73    -63 (VIOLATED)
_15146_/Y                                10     72    -62 (VIOLATED)
_30417_/Q                                10     70    -60 (VIOLATED)
_30428_/Q                                10     70    -60 (VIOLATED)
_30436_/Q                                10     69    -59 (VIOLATED)
_15150_/Y                                10     68    -58 (VIOLATED)
_15152_/Y                                10     67    -57 (VIOLATED)
_15154_/Y                                10     67    -57 (VIOLATED)
_15149_/Y                                10     65    -55 (VIOLATED)
_15151_/Y                                10     65    -55 (VIOLATED)
_15153_/Y                                10     65    -55 (VIOLATED)
_30429_/Q                                10     65    -55 (VIOLATED)
_30431_/Q                                10     65    -55 (VIOLATED)
_15147_/Y                                10     63    -53 (VIOLATED)
_15164_/Y                                10     63    -53 (VIOLATED)
_30437_/Q                                10     61    -51 (VIOLATED)
_15157_/Y                                10     60    -50 (VIOLATED)
_15159_/Y                                10     59    -49 (VIOLATED)
_30440_/Q                                10     59    -49 (VIOLATED)
_15158_/Y                                10     58    -48 (VIOLATED)
_30432_/Q                                10     58    -48 (VIOLATED)
_30434_/Q                                10     57    -47 (VIOLATED)
_15160_/Y                                10     56    -46 (VIOLATED)
_15161_/Y                                10     56    -46 (VIOLATED)
_30435_/Q                                10     56    -46 (VIOLATED)
_30438_/Q                                10     55    -45 (VIOLATED)
_15155_/Y                                10     53    -43 (VIOLATED)
_15162_/Y                                10     53    -43 (VIOLATED)
_30439_/Q                                10     53    -43 (VIOLATED)
_15156_/Y                                10     50    -40 (VIOLATED)
_15492_/X                                10     49    -39 (VIOLATED)
_15578_/X                                10     49    -39 (VIOLATED)
_16092_/X                                10     49    -39 (VIOLATED)
_15145_/Y                                10     46    -36 (VIOLATED)
_15142_/Y                                10     45    -35 (VIOLATED)
_15144_/Y                                10     42    -32 (VIOLATED)
_15474_/X                                10     41    -31 (VIOLATED)
_15143_/Y                                10     38    -28 (VIOLATED)
_15580_/Y                                10     35    -25 (VIOLATED)
_23396_/X                                10     35    -25 (VIOLATED)
_16020_/Y                                10     30    -20 (VIOLATED)
_16215_/X                                10     30    -20 (VIOLATED)
_25231_/X                                10     30    -20 (VIOLATED)
_25804_/X                                10     30    -20 (VIOLATED)
_26805_/X                                10     30    -20 (VIOLATED)
_15283_/Y                                10     29    -19 (VIOLATED)
_18259_/X                                10     29    -19 (VIOLATED)
_21197_/X                                10     29    -19 (VIOLATED)
_15459_/Y                                10     28    -18 (VIOLATED)
_18454_/Y                                10     28    -18 (VIOLATED)
_20765_/Y                                10     28    -18 (VIOLATED)
_21417_/X                                10     28    -18 (VIOLATED)
_28212_/X                                10     28    -18 (VIOLATED)
_29107_/X                                10     28    -18 (VIOLATED)
_15284_/X                                10     27    -17 (VIOLATED)
_20973_/X                                10     27    -17 (VIOLATED)
_23992_/X                                10     27    -17 (VIOLATED)
_29832_/Y                                10     27    -17 (VIOLATED)
_15584_/X                                10     26    -16 (VIOLATED)
_18086_/Y                                10     26    -16 (VIOLATED)
_19267_/X                                10     26    -16 (VIOLATED)
_19461_/Y                                10     26    -16 (VIOLATED)
_23725_/X                                10     26    -16 (VIOLATED)
_25492_/Y                                10     26    -16 (VIOLATED)
_26270_/X                                10     26    -16 (VIOLATED)
_15592_/X                                10     25    -15 (VIOLATED)
_17590_/Y                                10     25    -15 (VIOLATED)
_17745_/Y                                10     24    -14 (VIOLATED)
_20091_/Y                                10     24    -14 (VIOLATED)
_20303_/X                                10     24    -14 (VIOLATED)
_28248_/Y                                10     24    -14 (VIOLATED)
_17448_/Y                                10     23    -13 (VIOLATED)
_29524_/Y                                10     23    -13 (VIOLATED)
_18657_/Y                                10     22    -12 (VIOLATED)
_19881_/Y                                10     22    -12 (VIOLATED)
_27512_/X                                10     22    -12 (VIOLATED)
_17315_/Y                                10     21    -11 (VIOLATED)
_26979_/X                                10     21    -11 (VIOLATED)
_18453_/Y                                10     20    -10 (VIOLATED)
_27122_/X                                10     20    -10 (VIOLATED)
_27743_/X                                10     20    -10 (VIOLATED)
_29523_/X                                10     20    -10 (VIOLATED)
_19663_/Y                                10     19     -9 (VIOLATED)
_22958_/Y                                10     19     -9 (VIOLATED)
_22959_/X                                10     19     -9 (VIOLATED)
_23081_/X                                10     19     -9 (VIOLATED)
_26371_/Y                                10     19     -9 (VIOLATED)
_26968_/X                                10     19     -9 (VIOLATED)
_27783_/Y                                10     19     -9 (VIOLATED)
_29471_/X                                10     19     -9 (VIOLATED)
_15307_/X                                10     18     -8 (VIOLATED)
_15458_/Y                                10     18     -8 (VIOLATED)
_17909_/Y                                10     18     -8 (VIOLATED)
_18880_/X                                10     18     -8 (VIOLATED)
_21640_/X                                10     18     -8 (VIOLATED)
_21939_/X                                10     18     -8 (VIOLATED)
_22192_/Y                                10     18     -8 (VIOLATED)
_22773_/Y                                10     18     -8 (VIOLATED)
_22971_/Y                                10     18     -8 (VIOLATED)
_27784_/X                                10     18     -8 (VIOLATED)
_15583_/X                                10     17     -7 (VIOLATED)
_16214_/Y                                10     17     -7 (VIOLATED)
_17060_/Y                                10     17     -7 (VIOLATED)
_21641_/X                                10     17     -7 (VIOLATED)
_27742_/Y                                10     17     -7 (VIOLATED)
_15579_/X                                10     16     -6 (VIOLATED)
_15581_/X                                10     16     -6 (VIOLATED)
_15582_/X                                10     16     -6 (VIOLATED)
_16736_/Y                                10     16     -6 (VIOLATED)
_22643_/X                                10     16     -6 (VIOLATED)
_22970_/Y                                10     16     -6 (VIOLATED)
_24243_/Y                                10     16     -6 (VIOLATED)
_24486_/Y                                10     16     -6 (VIOLATED)
_26368_/X                                10     16     -6 (VIOLATED)
_15442_/Y                                10     15     -5 (VIOLATED)
_15577_/X                                10     15     -5 (VIOLATED)
_17195_/Y                                10     15     -5 (VIOLATED)
_17910_/X                                10     15     -5 (VIOLATED)
_19070_/Y                                10     15     -5 (VIOLATED)
_20524_/Y                                10     15     -5 (VIOLATED)
_22432_/Y                                10     15     -5 (VIOLATED)
_24726_/Y                                10     15     -5 (VIOLATED)
_24727_/X                                10     15     -5 (VIOLATED)
_24786_/Y                                10     15     -5 (VIOLATED)
_24787_/X                                10     15     -5 (VIOLATED)
_24789_/Y                                10     15     -5 (VIOLATED)
_26576_/Y                                10     15     -5 (VIOLATED)
_28251_/Y                                10     15     -5 (VIOLATED)
_18648_/X                                10     14     -4 (VIOLATED)
_18654_/X                                10     14     -4 (VIOLATED)
_18879_/X                                10     14     -4 (VIOLATED)
_22310_/X                                10     14     -4 (VIOLATED)
_22770_/X                                10     14     -4 (VIOLATED)
_27702_/X                                10     14     -4 (VIOLATED)
_28249_/X                                10     14     -4 (VIOLATED)
_30206_/Y                                10     14     -4 (VIOLATED)
_15306_/Y                                10     13     -3 (VIOLATED)
_15619_/Y                                10     13     -3 (VIOLATED)
_16652_/Y                                10     13     -3 (VIOLATED)
_18655_/Y                                10     13     -3 (VIOLATED)
_18656_/Y                                10     13     -3 (VIOLATED)
_19053_/Y                                10     13     -3 (VIOLATED)
_19054_/X                                10     13     -3 (VIOLATED)
_19067_/X                                10     13     -3 (VIOLATED)
_19068_/Y                                10     13     -3 (VIOLATED)
_22189_/X                                10     13     -3 (VIOLATED)
_24485_/Y                                10     13     -3 (VIOLATED)
_24987_/X                                10     13     -3 (VIOLATED)
_27121_/X                                10     13     -3 (VIOLATED)
_27511_/X                                10     13     -3 (VIOLATED)
_27786_/Y                                10     13     -3 (VIOLATED)
_15352_/X                                10     12     -2 (VIOLATED)
_15444_/X                                10     12     -2 (VIOLATED)
_15576_/X                                10     12     -2 (VIOLATED)
_15821_/Y                                10     12     -2 (VIOLATED)
_16579_/Y                                10     12     -2 (VIOLATED)
_18448_/X                                10     12     -2 (VIOLATED)
_18451_/Y                                10     12     -2 (VIOLATED)
_18647_/Y                                10     12     -2 (VIOLATED)
_19661_/Y                                10     12     -2 (VIOLATED)
_22431_/Y                                10     12     -2 (VIOLATED)
_22771_/Y                                10     12     -2 (VIOLATED)
_23080_/Y                                10     12     -2 (VIOLATED)
_23083_/X                                10     12     -2 (VIOLATED)
_24158_/Y                                10     12     -2 (VIOLATED)
_15475_/Y                                10     11        (VIOLATED)
_15618_/Y                                10     11        (VIOLATED)
_16383_/Y                                10     11        (VIOLATED)
_16832_/Y                                10     11        (VIOLATED)
_19641_/Y                                10     11        (VIOLATED)
_19642_/X                                10     11        (VIOLATED)
_20484_/Y                                10     11        (VIOLATED)
_20523_/Y                                10     11        (VIOLATED)
_21639_/X                                10     11        (VIOLATED)
_21744_/X                                10     11        (VIOLATED)
_21917_/Y                                10     11        (VIOLATED)
_21935_/Y                                10     11        (VIOLATED)
_21938_/X                                10     11        (VIOLATED)
_22173_/X                                10     11        (VIOLATED)
_22429_/Y                                10     11        (VIOLATED)
_23932_/X                                10     11        (VIOLATED)
_23991_/Y                                10     11        (VIOLATED)
_24241_/Y                                10     11        (VIOLATED)
_24242_/Y                                10     11        (VIOLATED)
_25020_/X                                10     11        (VIOLATED)
_27123_/Y                                10     11        (VIOLATED)
_30485_/Q                                10     11        (VIOLATED)
_30491_/Q                                10     11        (VIOLATED)

max capacitance

Pin                                        Limit         Cap       Slack
------------------------------------------------------------------------
_30420_/Q                               0.200000    0.461688   -0.261688 (VIOLATED)
_30418_/Q                               0.200000    0.445891   -0.245891 (VIOLATED)
_30419_/Q                               0.200000    0.427853   -0.227853 (VIOLATED)
_30421_/Q                               0.200000    0.427390   -0.227390 (VIOLATED)
_30424_/Q                               0.200000    0.392567   -0.192567 (VIOLATED)
_30426_/Q                               0.200000    0.388850   -0.188850 (VIOLATED)
_30422_/Q                               0.200000    0.374117   -0.174117 (VIOLATED)
_15163_/Y                               0.200000    0.360465   -0.160465 (VIOLATED)
_30430_/Q                               0.200000    0.340104   -0.140104 (VIOLATED)
_16141_/Y                               0.130930    0.269945   -0.139015 (VIOLATED)
_30425_/Q                               0.200000    0.334463   -0.134463 (VIOLATED)
_30427_/Q                               0.200000    0.332663   -0.132663 (VIOLATED)
_15148_/Y                               0.200000    0.322227   -0.122227 (VIOLATED)
_15150_/Y                               0.200000    0.314027   -0.114027 (VIOLATED)
_15152_/Y                               0.200000    0.313765   -0.113765 (VIOLATED)
_30423_/Q                               0.200000    0.312537   -0.112537 (VIOLATED)
_30431_/Q                               0.200000    0.311760   -0.111760 (VIOLATED)
_15146_/Y                               0.200000    0.310802   -0.110802 (VIOLATED)
_15149_/Y                               0.200000    0.307757   -0.107757 (VIOLATED)
_15164_/Y                               0.200000    0.307451   -0.107451 (VIOLATED)
_15151_/Y                               0.200000    0.306525   -0.106525 (VIOLATED)
_30429_/Q                               0.200000    0.300003   -0.100003 (VIOLATED)
_30433_/Q                               0.200000    0.299205   -0.099205 (VIOLATED)
_30428_/Q                               0.200000    0.297293   -0.097293 (VIOLATED)
_15154_/Y                               0.200000    0.288949   -0.088949 (VIOLATED)
_30437_/Q                               0.200000    0.283845   -0.083845 (VIOLATED)
_30436_/Q                               0.200000    0.280877   -0.080877 (VIOLATED)
_15157_/Y                               0.200000    0.275903   -0.075903 (VIOLATED)
_15153_/Y                               0.200000    0.271820   -0.071820 (VIOLATED)
_15159_/Y                               0.200000    0.264644   -0.064644 (VIOLATED)
_30432_/Q                               0.200000    0.263800   -0.063800 (VIOLATED)
_15173_/Y                               0.200000    0.258582   -0.058582 (VIOLATED)
_15161_/Y                               0.200000    0.257338   -0.057338 (VIOLATED)
_15147_/Y                               0.200000    0.255684   -0.055684 (VIOLATED)
_15160_/Y                               0.200000    0.255332   -0.055332 (VIOLATED)
_30439_/Q                               0.200000    0.244959   -0.044959 (VIOLATED)
_15155_/Y                               0.200000    0.240794   -0.040794 (VIOLATED)
_15162_/Y                               0.200000    0.238120   -0.038120 (VIOLATED)
_15158_/Y                               0.200000    0.237740   -0.037740 (VIOLATED)
_30440_/Q                               0.200000    0.227820   -0.027820 (VIOLATED)
_15145_/Y                               0.200000    0.221824   -0.021824 (VIOLATED)
_30438_/Q                               0.200000    0.220867   -0.020867 (VIOLATED)
_30435_/Q                               0.200000    0.219219   -0.019219 (VIOLATED)
_30417_/Q                               0.200000    0.218286   -0.018286 (VIOLATED)
_15156_/Y                               0.200000    0.217425   -0.017425 (VIOLATED)
_15142_/Y                               0.200000    0.214624   -0.014624 (VIOLATED)
_30434_/Q                               0.200000    0.209918   -0.009918 (VIOLATED)



===========================================================================
report_parasitic_annotation -report_unannotated
============================================================================
Found 15475 unannotated drivers.
 clk
 expa[0]
 expa[1]
 expa[2]
 expa[3]
 expa[4]
 expa[5]
 expa[6]
 expa[7]
 expb[0]
 expb[1]
 expb[2]
 expb[3]
 expb[4]
 expb[5]
 expb[6]
 expb[7]
 mantisaA[0]
 mantisaA[10]
 mantisaA[11]
 mantisaA[12]
 mantisaA[13]
 mantisaA[14]
 mantisaA[15]
 mantisaA[16]
 mantisaA[17]
 mantisaA[18]
 mantisaA[19]
 mantisaA[1]
 mantisaA[20]
 mantisaA[21]
 mantisaA[22]
 mantisaA[2]
 mantisaA[3]
 mantisaA[4]
 mantisaA[5]
 mantisaA[6]
 mantisaA[7]
 mantisaA[8]
 mantisaA[9]
 mantisaB[0]
 mantisaB[10]
 mantisaB[11]
 mantisaB[12]
 mantisaB[13]
 mantisaB[14]
 mantisaB[15]
 mantisaB[16]
 mantisaB[17]
 mantisaB[18]
 mantisaB[19]
 mantisaB[1]
 mantisaB[20]
 mantisaB[21]
 mantisaB[22]
 mantisaB[2]
 mantisaB[3]
 mantisaB[4]
 mantisaB[5]
 mantisaB[6]
 mantisaB[7]
 mantisaB[8]
 mantisaB[9]
 signa
 signb
 _15139_/Y
 _15140_/Y
 _15141_/Y
 _15142_/Y
 _15143_/Y
 _15144_/Y
 _15145_/Y
 _15146_/Y
 _15147_/Y
 _15148_/Y
 _15149_/Y
 _15150_/Y
 _15151_/Y
 _15152_/Y
 _15153_/Y
 _15154_/Y
 _15155_/Y
 _15156_/Y
 _15157_/Y
 _15158_/Y
 _15159_/Y
 _15160_/Y
 _15161_/Y
 _15162_/Y
 _15163_/Y
 _15164_/Y
 _15165_/Y
 _15166_/Y
 _15167_/Y
 _15168_/Y
 _15169_/Y
 _15170_/Y
 _15171_/Y
 _15172_/Y
 _15173_/Y
 _15174_/Y
 _15175_/Y
 _15176_/Y
 _15177_/Y
 _15178_/Y
 _15179_/Y
 _15180_/Y
 _15181_/Y
 _15182_/Y
 _15183_/Y
 _15184_/Y
 _15185_/Y
 _15186_/Y
 _15187_/Y
 _15188_/Y
 _15189_/Y
 _15190_/Y
 _15191_/Y
 _15192_/Y
 _15193_/Y
 _15194_/Y
 _15195_/Y
 _15196_/Y
 _15197_/Y
 _15198_/Y
 _15199_/Y
 _15200_/Y
 _15201_/Y
 _15202_/Y
 _15203_/Y
 _15204_/X
 _15205_/X
 _15206_/X
 _15207_/X
 _15208_/X
 _15209_/X
 _15210_/X
 _15211_/X
 _15212_/X
 _15213_/X
 _15214_/X
 _15215_/Y
 _15216_/X
 _15217_/X
 _15218_/X
 _15219_/X
 _15220_/X
 _15221_/X
 _15222_/X
 _15223_/X
 _15224_/X
 _15225_/X
 _15226_/Y
 _15227_/Y
 _15228_/Y
 _15229_/Y
 _15230_/X
 _15231_/Y
 _15232_/X
 _15233_/X
 _15234_/X
 _15235_/X
 _15236_/Y
 _15237_/X
 _15238_/Y
 _15239_/X
 _15240_/X
 _15241_/Y
 _15242_/Y
 _15243_/X
 _15244_/X
 _15245_/X
 _15246_/X
 _15247_/X
 _15248_/X
 _15249_/Y
 _15250_/X
 _15251_/Y
 _15252_/X
 _15253_/Y
 _15254_/Y
 _15255_/X
 _15256_/Y
 _15257_/X
 _15258_/Y
 _15259_/X
 _15260_/Y
 _15261_/X
 _15262_/X
 _15263_/Y
 _15264_/Y
 _15265_/X
 _15266_/Y
 _15267_/Y
 _15268_/X
 _15269_/X
 _15270_/Y
 _15271_/Y
 _15272_/Y
 _15273_/X
 _15274_/X
 _15275_/X
 _15276_/X
 _15277_/X
 _15278_/Y
 _15279_/Y
 _15280_/X
 _15281_/Y
 _15282_/X
 _15283_/Y
 _15284_/X
 _15285_/X
 _15286_/X
 _15287_/Y
 _15288_/X
 _15289_/X
 _15290_/Y
 _15291_/X
 _15292_/X
 _15293_/Y
 _15294_/X
 _15295_/X
 _15296_/X
 _15297_/X
 _15298_/X
 _15299_/X
 _15300_/X
 _15301_/X
 _15302_/X
 _15303_/X
 _15304_/X
 _15305_/X
 _15306_/Y
 _15307_/X
 _15308_/Y
 _15309_/X
 _15310_/X
 _15311_/X
 _15312_/X
 _15313_/Y
 _15314_/X
 _15315_/Y
 _15316_/X
 _15317_/X
 _15318_/Y
 _15319_/X
 _15320_/X
 _15321_/X
 _15322_/X
 _15323_/X
 _15324_/X
 _15325_/X
 _15326_/X
 _15327_/X
 _15328_/X
 _15329_/X
 _15330_/X
 _15331_/Y
 _15332_/X
 _15333_/X
 _15334_/X
 _15335_/Y
 _15336_/X
 _15337_/X
 _15338_/X
 _15339_/Y
 _15340_/Y
 _15341_/X
 _15342_/X
 _15343_/X
 _15344_/X
 _15345_/X
 _15346_/X
 _15347_/X
 _15348_/X
 _15349_/X
 _15350_/X
 _15351_/X
 _15352_/X
 _15353_/Y
 _15354_/X
 _15355_/X
 _15356_/X
 _15357_/X
 _15358_/X
 _15359_/Y
 _15360_/X
 _15361_/X
 _15362_/X
 _15363_/Y
 _15364_/X
 _15365_/X
 _15366_/X
 _15367_/X
 _15368_/X
 _15369_/X
 _15370_/Y
 _15371_/Y
 _15372_/X
 _15373_/Y
 _15374_/X
 _15375_/X
 _15376_/Y
 _15377_/X
 _15378_/X
 _15379_/X
 _15380_/X
 _15381_/Y
 _15382_/X
 _15383_/X
 _15384_/Y
 _15385_/X
 _15386_/X
 _15387_/X
 _15388_/Y
 _15389_/Y
 _15390_/X
 _15391_/X
 _15392_/Y
 _15393_/X
 _15394_/X
 _15395_/X
 _15396_/X
 _15397_/X
 _15398_/X
 _15399_/X
 _15400_/X
 _15401_/X
 _15402_/X
 _15403_/X
 _15404_/Y
 _15405_/Y
 _15406_/X
 _15407_/Y
 _15408_/X
 _15409_/X
 _15410_/X
 _15411_/X
 _15412_/Y
 _15413_/X
 _15414_/X
 _15415_/X
 _15416_/X
 _15417_/X
 _15418_/X
 _15419_/X
 _15420_/Y
 _15421_/X
 _15422_/X
 _15423_/X
 _15424_/X
 _15425_/X
 _15426_/Y
 _15427_/X
 _15428_/X
 _15429_/X
 _15430_/X
 _15431_/X
 _15432_/X
 _15433_/X
 _15434_/Y
 _15435_/X
 _15436_/X
 _15437_/X
 _15438_/Y
 _15439_/X
 _15440_/X
 _15441_/X
 _15442_/Y
 _15443_/Y
 _15444_/X
 _15445_/Y
 _15446_/Y
 _15447_/X
 _15448_/X
 _15449_/X
 _15450_/Y
 _15451_/Y
 _15452_/X
 _15453_/X
 _15454_/X
 _15455_/Y
 _15456_/X
 _15457_/X
 _15458_/Y
 _15459_/Y
 _15460_/X
 _15461_/X
 _15462_/X
 _15463_/Y
 _15464_/X
 _15465_/Y
 _15466_/X
 _15467_/X
 _15468_/X
 _15469_/X
 _15470_/X
 _15471_/X
 _15472_/X
 _15473_/X
 _15474_/X
 _15475_/Y
 _15476_/Y
 _15477_/X
 _15478_/Y
 _15479_/X
 _15480_/X
 _15481_/X
 _15482_/X
 _15483_/X
 _15484_/X
 _15485_/X
 _15486_/X
 _15487_/X
 _15488_/X
 _15489_/X
 _15490_/X
 _15491_/X
 _15492_/X
 _15493_/Y
 _15494_/Y
 _15495_/X
 _15496_/X
 _15497_/Y
 _15498_/X
 _15499_/X
 _15500_/X
 _15501_/X
 _15502_/X
 _15503_/X
 _15504_/Y
 _15505_/X
 _15506_/X
 _15507_/X
 _15508_/X
 _15509_/X
 _15510_/X
 _15511_/X
 _15512_/X
 _15513_/X
 _15514_/X
 _15515_/X
 _15516_/X
 _15517_/X
 _15518_/Y
 _15519_/Y
 _15520_/X
 _15521_/X
 _15522_/Y
 _15523_/Y
 _15524_/X
 _15525_/Y
 _15526_/X
 _15527_/X
 _15528_/X
 _15529_/X
 _15530_/Y
 _15531_/X
 _15532_/X
 _15533_/Y
 _15534_/X
 _15535_/X
 _15536_/Y
 _15537_/X
 _15538_/X
 _15539_/X
 _15540_/X
 _15541_/X
 _15542_/X
 _15543_/X
 _15544_/Y
 _15545_/Y
 _15546_/Y
 _15547_/Y
 _15548_/Y
 _15549_/X
 _15550_/X
 _15551_/Y
 _15552_/X
 _15553_/X
 _15554_/Y
 _15555_/Y
 _15556_/X
 _15557_/Y
 _15558_/X
 _15559_/X
 _15560_/X
 _15561_/Y
 _15562_/Y
 _15563_/X
 _15564_/X
 _15565_/X
 _15566_/X
 _15567_/Y
 _15568_/X
 _15569_/Y
 _15570_/Y
 _15571_/X
 _15572_/X
 _15573_/Y
 _15574_/X
 _15575_/X
 _15576_/X
 _15577_/X
 _15578_/X
 _15579_/X
 _15580_/Y
 _15581_/X
 _15582_/X
 _15583_/X
 _15584_/X
 _15585_/X
 _15586_/X
 _15587_/X
 _15588_/X
 _15589_/X
 _15590_/X
 _15591_/X
 _15592_/X
 _15593_/X
 _15594_/X
 _15595_/X
 _15596_/X
 _15597_/X
 _15598_/X
 _15599_/X
 _15600_/X
 _15601_/X
 _15602_/X
 _15603_/X
 _15604_/X
 _15605_/X
 _15606_/X
 _15607_/X
 _15608_/Y
 _15609_/Y
 _15610_/X
 _15611_/Y
 _15612_/X
 _15613_/X
 _15614_/X
 _15615_/X
 _15616_/X
 _15617_/X
 _15618_/Y
 _15619_/Y
 _15620_/Y
 _15621_/Y
 _15622_/X
 _15623_/X
 _15624_/X
 _15625_/X
 _15626_/X
 _15627_/X
 _15628_/X
 _15629_/X
 _15630_/X
 _15631_/X
 _15632_/X
 _15633_/X
 _15634_/X
 _15635_/X
 _15636_/X
 _15637_/X
 _15638_/X
 _15639_/X
 _15640_/X
 _15641_/X
 _15642_/X
 _15643_/X
 _15644_/X
 _15645_/X
 _15646_/X
 _15647_/X
 _15648_/X
 _15649_/X
 _15650_/X
 _15651_/X
 _15652_/X
 _15653_/X
 _15654_/X
 _15655_/X
 _15656_/X
 _15657_/Y
 _15658_/Y
 _15659_/Y
 _15660_/X
 _15661_/Y
 _15662_/Y
 _15663_/X
 _15664_/X
 _15665_/Y
 _15666_/Y
 _15667_/X
 _15668_/Y
 _15669_/Y
 _15670_/X
 _15671_/X
 _15672_/X
 _15673_/X
 _15674_/Y
 _15675_/Y
 _15676_/X
 _15677_/X
 _15678_/X
 _15679_/X
 _15680_/X
 _15681_/X
 _15682_/X
 _15683_/X
 _15684_/X
 _15685_/X
 _15686_/X
 _15687_/X
 _15688_/X
 _15689_/X
 _15690_/X
 _15691_/X
 _15692_/X
 _15693_/X
 _15694_/X
 _15695_/X
 _15696_/X
 _15697_/X
 _15698_/Y
 _15699_/X
 _15700_/X
 _15701_/X
 _15702_/X
 _15703_/X
 _15704_/X
 _15705_/X
 _15706_/Y
 _15707_/Y
 _15708_/X
 _15709_/X
 _15710_/X
 _15711_/X
 _15712_/X
 _15713_/X
 _15714_/X
 _15715_/X
 _15716_/X
 _15717_/X
 _15718_/X
 _15719_/X
 _15720_/X
 _15721_/X
 _15722_/X
 _15723_/X
 _15724_/X
 _15725_/X
 _15726_/X
 _15727_/X
 _15728_/X
 _15729_/Y
 _15730_/X
 _15731_/Y
 _15732_/X
 _15733_/X
 _15734_/Y
 _15735_/X
 _15736_/X
 _15737_/Y
 _15738_/Y
 _15739_/X
 _15740_/X
 _15741_/X
 _15742_/X
 _15743_/Y
 _15744_/X
 _15745_/X
 _15746_/X
 _15747_/X
 _15748_/X
 _15749_/X
 _15750_/X
 _15751_/X
 _15752_/X
 _15753_/X
 _15754_/X
 _15755_/X
 _15756_/X
 _15757_/Y
 _15758_/X
 _15759_/X
 _15760_/X
 _15761_/Y
 _15762_/X
 _15763_/X
 _15764_/X
 _15765_/X
 _15766_/X
 _15767_/X
 _15768_/X
 _15769_/X
 _15770_/X
 _15771_/X
 _15772_/X
 _15773_/X
 _15774_/X
 _15775_/X
 _15776_/X
 _15777_/X
 _15778_/Y
 _15779_/Y
 _15780_/X
 _15781_/X
 _15782_/Y
 _15783_/X
 _15784_/X
 _15785_/X
 _15786_/X
 _15787_/Y
 _15788_/X
 _15789_/X
 _15790_/X
 _15791_/X
 _15792_/X
 _15793_/X
 _15794_/X
 _15795_/X
 _15796_/X
 _15797_/X
 _15798_/X
 _15799_/X
 _15800_/Y
 _15801_/X
 _15802_/X
 _15803_/X
 _15804_/X
 _15805_/Y
 _15806_/X
 _15807_/X
 _15808_/X
 _15809_/Y
 _15810_/X
 _15811_/X
 _15812_/Y
 _15813_/X
 _15814_/Y
 _15815_/Y
 _15816_/X
 _15817_/X
 _15818_/X
 _15819_/X
 _15820_/X
 _15821_/Y
 _15822_/X
 _15823_/X
 _15824_/X
 _15825_/X
 _15826_/X
 _15827_/X
 _15828_/X
 _15829_/X
 _15830_/X
 _15831_/X
 _15832_/X
 _15833_/X
 _15834_/X
 _15835_/X
 _15836_/X
 _15837_/X
 _15838_/X
 _15839_/X
 _15840_/X
 _15841_/X
 _15842_/X
 _15843_/X
 _15844_/Y
 _15845_/X
 _15846_/X
 _15847_/X
 _15848_/Y
 _15849_/X
 _15850_/X
 _15851_/X
 _15852_/X
 _15853_/X
 _15854_/X
 _15855_/X
 _15856_/X
 _15857_/X
 _15858_/X
 _15859_/X
 _15860_/X
 _15861_/X
 _15862_/X
 _15863_/X
 _15864_/X
 _15865_/X
 _15866_/X
 _15867_/X
 _15868_/X
 _15869_/X
 _15870_/X
 _15871_/X
 _15872_/X
 _15873_/X
 _15874_/X
 _15875_/Y
 _15876_/X
 _15877_/Y
 _15878_/Y
 _15879_/X
 _15880_/X
 _15881_/X
 _15882_/X
 _15883_/X
 _15884_/Y
 _15885_/X
 _15886_/Y
 _15887_/X
 _15888_/X
 _15889_/Y
 _15890_/X
 _15891_/Y
 _15892_/X
 _15893_/X
 _15894_/Y
 _15895_/X
 _15896_/X
 _15897_/X
 _15898_/X
 _15899_/X
 _15900_/X
 _15901_/X
 _15902_/X
 _15903_/X
 _15904_/X
 _15905_/X
 _15906_/Y
 _15907_/Y
 _15908_/Y
 _15909_/X
 _15910_/X
 _15911_/Y
 _15912_/X
 _15913_/Y
 _15914_/X
 _15915_/Y
 _15916_/X
 _15917_/X
 _15918_/Y
 _15919_/Y
 _15920_/X
 _15921_/X
 _15922_/X
 _15923_/X
 _15924_/X
 _15925_/X
 _15926_/X
 _15927_/Y
 _15928_/X
 _15929_/Y
 _15930_/Y
 _15931_/Y
 _15932_/X
 _15933_/X
 _15934_/X
 _15935_/X
 _15936_/X
 _15937_/X
 _15938_/X
 _15939_/X
 _15940_/X
 _15941_/X
 _15942_/X
 _15943_/X
 _15944_/Y
 _15945_/Y
 _15946_/X
 _15947_/X
 _15948_/Y
 _15949_/Y
 _15950_/X
 _15951_/X
 _15952_/X
 _15953_/X
 _15954_/X
 _15955_/X
 _15956_/X
 _15957_/X
 _15958_/Y
 _15959_/X
 _15960_/X
 _15961_/Y
 _15962_/Y
 _15963_/X
 _15964_/X
 _15965_/X
 _15966_/X
 _15967_/X
 _15968_/X
 _15969_/Y
 _15970_/X
 _15971_/X
 _15972_/Y
 _15973_/Y
 _15974_/X
 _15975_/X
 _15976_/X
 _15977_/Y
 _15978_/X
 _15979_/X
 _15980_/X
 _15981_/X
 _15982_/X
 _15983_/Y
 _15984_/Y
 _15985_/X
 _15986_/X
 _15987_/Y
 _15988_/X
 _15989_/X
 _15990_/X
 _15991_/Y
 _15992_/Y
 _15993_/X
 _15994_/X
 _15995_/X
 _15996_/X
 _15997_/Y
 _15998_/Y
 _15999_/X
 _16000_/X
 _16001_/X
 _16002_/X
 _16003_/X
 _16004_/X
 _16005_/Y
 _16006_/X
 _16007_/X
 _16008_/X
 _16009_/X
 _16010_/X
 _16011_/X
 _16012_/Y
 _16013_/X
 _16014_/X
 _16015_/X
 _16016_/X
 _16017_/Y
 _16018_/X
 _16019_/X
 _16020_/Y
 _16021_/X
 _16022_/X
 _16023_/X
 _16024_/X
 _16025_/X
 _16026_/X
 _16027_/X
 _16028_/X
 _16029_/X
 _16030_/X
 _16031_/X
 _16032_/X
 _16033_/X
 _16034_/X
 _16035_/X
 _16036_/X
 _16037_/X
 _16038_/X
 _16039_/X
 _16040_/X
 _16041_/X
 _16042_/X
 _16043_/X
 _16044_/X
 _16045_/Y
 _16046_/Y
 _16047_/X
 _16048_/Y
 _16049_/Y
 _16050_/X
 _16051_/Y
 _16052_/Y
 _16053_/X
 _16054_/Y
 _16055_/X
 _16056_/Y
 _16057_/Y
 _16058_/X
 _16059_/X
 _16060_/Y
 _16061_/Y
 _16062_/X
 _16063_/Y
 _16064_/Y
 _16065_/X
 _16066_/X
 _16067_/Y
 _16068_/Y
 _16069_/X
 _16070_/Y
 _16071_/Y
 _16072_/X
 _16073_/Y
 _16074_/Y
 _16075_/Y
 _16076_/X
 _16077_/Y
 _16078_/X
 _16079_/X
 _16080_/X
 _16081_/X
 _16082_/X
 _16083_/X
 _16084_/X
 _16085_/X
 _16086_/X
 _16087_/X
 _16088_/X
 _16089_/X
 _16090_/X
 _16091_/X
 _16092_/X
 _16093_/X
 _16094_/X
 _16095_/X
 _16096_/X
 _16097_/X
 _16098_/X
 _16099_/X
 _16100_/X
 _16101_/X
 _16102_/X
 _16103_/X
 _16104_/X
 _16105_/X
 _16106_/X
 _16107_/X
 _16108_/X
 _16109_/X
 _16110_/X
 _16111_/X
 _16112_/X
 _16113_/X
 _16114_/X
 _16115_/X
 _16116_/X
 _16117_/X
 _16118_/X
 _16119_/X
 _16120_/X
 _16121_/X
 _16122_/X
 _16123_/X
 _16124_/X
 _16125_/X
 _16126_/X
 _16127_/X
 _16128_/X
 _16129_/X
 _16130_/X
 _16131_/X
 _16132_/X
 _16133_/X
 _16134_/X
 _16135_/X
 _16136_/X
 _16137_/X
 _16138_/X
 _16139_/X
 _16140_/X
 _16141_/Y
 _16142_/X
 _16143_/Y
 _16144_/X
 _16145_/X
 _16146_/X
 _16147_/X
 _16148_/X
 _16149_/X
 _16150_/X
 _16151_/X
 _16152_/Y
 _16153_/X
 _16154_/X
 _16155_/X
 _16156_/Y
 _16157_/X
 _16158_/X
 _16159_/Y
 _16160_/X
 _16161_/Y
 _16162_/Y
 _16163_/X
 _16164_/Y
 _16165_/X
 _16166_/X
 _16167_/X
 _16168_/X
 _16169_/X
 _16170_/X
 _16171_/X
 _16172_/X
 _16173_/X
 _16174_/Y
 _16175_/X
 _16176_/X
 _16177_/X
 _16178_/X
 _16179_/X
 _16180_/Y
 _16181_/Y
 _16182_/X
 _16183_/Y
 _16184_/Y
 _16185_/X
 _16186_/X
 _16187_/X
 _16188_/Y
 _16189_/Y
 _16190_/X
 _16191_/Y
 _16192_/Y
 _16193_/Y
 _16194_/Y
 _16195_/X
 _16196_/Y
 _16197_/X
 _16198_/Y
 _16199_/X
 _16200_/Y
 _16201_/Y
 _16202_/X
 _16203_/X
 _16204_/Y
 _16205_/X
 _16206_/X
 _16207_/X
 _16208_/Y
 _16209_/X
 _16210_/Y
 _16211_/X
 _16212_/Y
 _16213_/X
 _16214_/Y
 _16215_/X
 _16216_/X
 _16217_/Y
 _16218_/Y
 _16219_/X
 _16220_/X
 _16221_/X
 _16222_/X
 _16223_/X
 _16224_/X
 _16225_/X
 _16226_/X
 _16227_/X
 _16228_/X
 _16229_/Y
 _16230_/Y
 _16231_/X
 _16232_/Y
 _16233_/X
 _16234_/X
 _16235_/Y
 _16236_/X
 _16237_/Y
 _16238_/Y
 _16239_/X
 _16240_/Y
 _16241_/X
 _16242_/Y
 _16243_/Y
 _16244_/Y
 _16245_/X
 _16246_/Y
 _16247_/Y
 _16248_/X
 _16249_/X
 _16250_/X
 _16251_/X
 _16252_/X
 _16253_/Y
 _16254_/X
 _16255_/Y
 _16256_/X
 _16257_/X
 _16258_/Y
 _16259_/Y
 _16260_/Y
 _16261_/X
 _16262_/X
 _16263_/X
 _16264_/Y
 _16265_/X
 _16266_/Y
 _16267_/X
 _16268_/Y
 _16269_/Y
 _16270_/Y
 _16271_/Y
 _16272_/X
 _16273_/X
 _16274_/Y
 _16275_/Y
 _16276_/X
 _16277_/Y
 _16278_/X
 _16279_/Y
 _16280_/X
 _16281_/Y
 _16282_/Y
 _16283_/X
 _16284_/X
 _16285_/X
 _16286_/Y
 _16287_/X
 _16288_/X
 _16289_/X
 _16290_/X
 _16291_/Y
 _16292_/X
 _16293_/X
 _16294_/X
 _16295_/X
 _16296_/Y
 _16297_/X
 _16298_/Y
 _16299_/Y
 _16300_/Y
 _16301_/X
 _16302_/Y
 _16303_/Y
 _16304_/Y
 _16305_/Y
 _16306_/Y
 _16307_/X
 _16308_/X
 _16309_/X
 _16310_/Y
 _16311_/X
 _16312_/X
 _16313_/Y
 _16314_/X
 _16315_/X
 _16316_/X
 _16317_/Y
 _16318_/Y
 _16319_/X
 _16320_/X
 _16321_/Y
 _16322_/X
 _16323_/X
 _16324_/Y
 _16325_/X
 _16326_/Y
 _16327_/Y
 _16328_/Y
 _16329_/X
 _16330_/X
 _16331_/Y
 _16332_/Y
 _16333_/X
 _16334_/Y
 _16335_/X
 _16336_/Y
 _16337_/X
 _16338_/X
 _16339_/Y
 _16340_/Y
 _16341_/X
 _16342_/Y
 _16343_/Y
 _16344_/X
 _16345_/Y
 _16346_/Y
 _16347_/Y
 _16348_/X
 _16349_/X
 _16350_/X
 _16351_/X
 _16352_/Y
 _16353_/Y
 _16354_/Y
 _16355_/X
 _16356_/X
 _16357_/Y
 _16358_/X
 _16359_/Y
 _16360_/Y
 _16361_/X
 _16362_/X
 _16363_/Y
 _16364_/Y
 _16365_/X
 _16366_/Y
 _16367_/X
 _16368_/Y
 _16369_/X
 _16370_/X
 _16371_/X
 _16372_/Y
 _16373_/X
 _16374_/X
 _16375_/X
 _16376_/X
 _16377_/Y
 _16378_/X
 _16379_/X
 _16380_/Y
 _16381_/X
 _16382_/X
 _16383_/Y
 _16384_/Y
 _16385_/X
 _16386_/Y
 _16387_/X
 _16388_/Y
 _16389_/Y
 _16390_/Y
 _16391_/Y
 _16392_/Y
 _16393_/X
 _16394_/X
 _16395_/X
 _16396_/Y
 _16397_/Y
 _16398_/Y
 _16399_/Y
 _16400_/X
 _16401_/X
 _16402_/Y
 _16403_/Y
 _16404_/X
 _16405_/Y
 _16406_/Y
 _16407_/Y
 _16408_/X
 _16409_/X
 _16410_/Y
 _16411_/Y
 _16412_/Y
 _16413_/Y
 _16414_/Y
 _16415_/Y
 _16416_/Y
 _16417_/X
 _16418_/Y
 _16419_/X
 _16420_/X
 _16421_/X
 _16422_/X
 _16423_/Y
 _16424_/X
 _16425_/X
 _16426_/Y
 _16427_/Y
 _16428_/X
 _16429_/X
 _16430_/X
 _16431_/Y
 _16432_/X
 _16433_/Y
 _16434_/X
 _16435_/X
 _16436_/Y
 _16437_/Y
 _16438_/X
 _16439_/X
 _16440_/X
 _16441_/X
 _16442_/Y
 _16443_/X
 _16444_/X
 _16445_/X
 _16446_/Y
 _16447_/X
 _16448_/Y
 _16449_/X
 _16450_/Y
 _16451_/Y
 _16452_/X
 _16453_/Y
 _16454_/X
 _16455_/X
 _16456_/Y
 _16457_/Y
 _16458_/X
 _16459_/X
 _16460_/Y
 _16461_/Y
 _16462_/Y
 _16463_/Y
 _16464_/X
 _16465_/Y
 _16466_/Y
 _16467_/Y
 _16468_/X
 _16469_/X
 _16470_/Y
 _16471_/Y
 _16472_/Y
 _16473_/X
 _16474_/Y
 _16475_/X
 _16476_/Y
 _16477_/X
 _16478_/X
 _16479_/X
 _16480_/X
 _16481_/Y
 _16482_/X
 _16483_/X
 _16484_/X
 _16485_/X
 _16486_/X
 _16487_/Y
 _16488_/X
 _16489_/X
 _16490_/X
 _16491_/Y
 _16492_/Y
 _16493_/Y
 _16494_/X
 _16495_/X
 _16496_/Y
 _16497_/X
 _16498_/X
 _16499_/Y
 _16500_/Y
 _16501_/Y
 _16502_/Y
 _16503_/Y
 _16504_/Y
 _16505_/Y
 _16506_/X
 _16507_/Y
 _16508_/X
 _16509_/X
 _16510_/X
 _16511_/Y
 _16512_/X
 _16513_/Y
 _16514_/Y
 _16515_/X
 _16516_/Y
 _16517_/X
 _16518_/X
 _16519_/Y
 _16520_/X
 _16521_/X
 _16522_/Y
 _16523_/Y
 _16524_/X
 _16525_/X
 _16526_/X
 _16527_/Y
 _16528_/X
 _16529_/X
 _16530_/Y
 _16531_/Y
 _16532_/Y
 _16533_/Y
 _16534_/Y
 _16535_/Y
 _16536_/Y
 _16537_/X
 _16538_/Y
 _16539_/Y
 _16540_/X
 _16541_/Y
 _16542_/Y
 _16543_/Y
 _16544_/X
 _16545_/Y
 _16546_/X
 _16547_/Y
 _16548_/Y
 _16549_/X
 _16550_/X
 _16551_/X
 _16552_/Y
 _16553_/X
 _16554_/X
 _16555_/X
 _16556_/Y
 _16557_/X
 _16558_/X
 _16559_/X
 _16560_/Y
 _16561_/X
 _16562_/Y
 _16563_/X
 _16564_/Y
 _16565_/X
 _16566_/X
 _16567_/X
 _16568_/X
 _16569_/X
 _16570_/Y
 _16571_/X
 _16572_/X
 _16573_/X
 _16574_/X
 _16575_/X
 _16576_/X
 _16577_/X
 _16578_/X
 _16579_/Y
 _16580_/Y
 _16581_/X
 _16582_/Y
 _16583_/X
 _16584_/Y
 _16585_/Y
 _16586_/Y
 _16587_/Y
 _16588_/X
 _16589_/Y
 _16590_/Y
 _16591_/Y
 _16592_/Y
 _16593_/X
 _16594_/Y
 _16595_/Y
 _16596_/X
 _16597_/X
 _16598_/Y
 _16599_/Y
 _16600_/Y
 _16601_/Y
 _16602_/X
 _16603_/X
 _16604_/X
 _16605_/Y
 _16606_/X
 _16607_/X
 _16608_/Y
 _16609_/X
 _16610_/X
 _16611_/X
 _16612_/Y
 _16613_/X
 _16614_/X
 _16615_/X
 _16616_/X
 _16617_/X
 _16618_/Y
 _16619_/Y
 _16620_/X
 _16621_/X
 _16622_/Y
 _16623_/X
 _16624_/Y
 _16625_/Y
 _16626_/X
 _16627_/Y
 _16628_/Y
 _16629_/X
 _16630_/Y
 _16631_/X
 _16632_/X
 _16633_/X
 _16634_/X
 _16635_/Y
 _16636_/Y
 _16637_/X
 _16638_/X
 _16639_/Y
 _16640_/X
 _16641_/Y
 _16642_/Y
 _16643_/X
 _16644_/Y
 _16645_/X
 _16646_/X
 _16647_/X
 _16648_/X
 _16649_/Y
 _16650_/X
 _16651_/X
 _16652_/Y
 _16653_/Y
 _16654_/Y
 _16655_/X
 _16656_/Y
 _16657_/X
 _16658_/X
 _16659_/Y
 _16660_/X
 _16661_/Y
 _16662_/X
 _16663_/Y
 _16664_/Y
 _16665_/Y
 _16666_/X
 _16667_/Y
 _16668_/Y
 _16669_/Y
 _16670_/X
 _16671_/Y
 _16672_/X
 _16673_/Y
 _16674_/Y
 _16675_/X
 _16676_/Y
 _16677_/Y
 _16678_/Y
 _16679_/Y
 _16680_/X
 _16681_/X
 _16682_/Y
 _16683_/Y
 _16684_/X
 _16685_/X
 _16686_/X
 _16687_/X
 _16688_/X
 _16689_/Y
 _16690_/X
 _16691_/Y
 _16692_/X
 _16693_/Y
 _16694_/X
 _16695_/Y
 _16696_/Y
 _16697_/Y
 _16698_/Y
 _16699_/X
 _16700_/Y
 _16701_/Y
 _16702_/X
 _16703_/X
 _16704_/Y
 _16705_/X
 _16706_/Y
 _16707_/X
 _16708_/X
 _16709_/Y
 _16710_/Y
 _16711_/X
 _16712_/X
 _16713_/Y
 _16714_/X
 _16715_/Y
 _16716_/Y
 _16717_/Y
 _16718_/Y
 _16719_/Y
 _16720_/Y
 _16721_/Y
 _16722_/Y
 _16723_/X
 _16724_/X
 _16725_/Y
 _16726_/X
 _16727_/Y
 _16728_/Y
 _16729_/Y
 _16730_/Y
 _16731_/Y
 _16732_/X
 _16733_/X
 _16734_/X
 _16735_/X
 _16736_/Y
 _16737_/X
 _16738_/Y
 _16739_/Y
 _16740_/X
 _16741_/Y
 _16742_/Y
 _16743_/X
 _16744_/Y
 _16745_/X
 _16746_/Y
 _16747_/X
 _16748_/X
 _16749_/Y
 _16750_/Y
 _16751_/Y
 _16752_/X
 _16753_/X
 _16754_/Y
 _16755_/Y
 _16756_/Y
 _16757_/Y
 _16758_/Y
 _16759_/Y
 _16760_/X
 _16761_/X
 _16762_/Y
 _16763_/X
 _16764_/X
 _16765_/Y
 _16766_/X
 _16767_/X
 _16768_/Y
 _16769_/Y
 _16770_/Y
 _16771_/X
 _16772_/Y
 _16773_/X
 _16774_/X
 _16775_/X
 _16776_/Y
 _16777_/X
 _16778_/Y
 _16779_/Y
 _16780_/Y
 _16781_/X
 _16782_/X
 _16783_/Y
 _16784_/Y
 _16785_/X
 _16786_/Y
 _16787_/X
 _16788_/Y
 _16789_/Y
 _16790_/Y
 _16791_/Y
 _16792_/X
 _16793_/X
 _16794_/X
 _16795_/Y
 _16796_/Y
 _16797_/Y
 _16798_/Y
 _16799_/Y
 _16800_/X
 _16801_/Y
 _16802_/Y
 _16803_/X
 _16804_/X
 _16805_/X
 _16806_/Y
 _16807_/X
 _16808_/X
 _16809_/X
 _16810_/X
 _16811_/Y
 _16812_/X
 _16813_/Y
 _16814_/Y
 _16815_/X
 _16816_/Y
 _16817_/Y
 _16818_/X
 _16819_/Y
 _16820_/X
 _16821_/Y
 _16822_/Y
 _16823_/Y
 _16824_/X
 _16825_/Y
 _16826_/X
 _16827_/X
 _16828_/X
 _16829_/X
 _16830_/Y
 _16831_/X
 _16832_/Y
 _16833_/Y
 _16834_/X
 _16835_/Y
 _16836_/Y
 _16837_/Y
 _16838_/X
 _16839_/Y
 _16840_/X
 _16841_/Y
 _16842_/X
 _16843_/Y
 _16844_/X
 _16845_/Y
 _16846_/Y
 _16847_/X
 _16848_/Y
 _16849_/Y
 _16850_/Y
 _16851_/Y
 _16852_/Y
 _16853_/X
 _16854_/X
 _16855_/Y
 _16856_/X
 _16857_/Y
 _16858_/Y
 _16859_/Y
 _16860_/X
 _16861_/X
 _16862_/Y
 _16863_/Y
 _16864_/X
 _16865_/X
 _16866_/X
 _16867_/X
 _16868_/Y
 _16869_/Y
 _16870_/X
 _16871_/Y
 _16872_/X
 _16873_/Y
 _16874_/X
 _16875_/Y
 _16876_/Y
 _16877_/X
 _16878_/Y
 _16879_/X
 _16880_/Y
 _16881_/X
 _16882_/Y
 _16883_/Y
 _16884_/Y
 _16885_/Y
 _16886_/X
 _16887_/X
 _16888_/Y
 _16889_/X
 _16890_/X
 _16891_/X
 _16892_/Y
 _16893_/Y
 _16894_/Y
 _16895_/Y
 _16896_/Y
 _16897_/X
 _16898_/Y
 _16899_/Y
 _16900_/Y
 _16901_/Y
 _16902_/X
 _16903_/X
 _16904_/X
 _16905_/X
 _16906_/Y
 _16907_/X
 _16908_/X
 _16909_/Y
 _16910_/X
 _16911_/Y
 _16912_/Y
 _16913_/Y
 _16914_/Y
 _16915_/X
 _16916_/Y
 _16917_/X
 _16918_/X
 _16919_/X
 _16920_/X
 _16921_/X
 _16922_/X
 _16923_/X
 _16924_/X
 _16925_/X
 _16926_/X
 _16927_/Y
 _16928_/X
 _16929_/Y
 _16930_/Y
 _16931_/X
 _16932_/Y
 _16933_/Y
 _16934_/X
 _16935_/Y
 _16936_/X
 _16937_/Y
 _16938_/Y
 _16939_/Y
 _16940_/Y
 _16941_/Y
 _16942_/Y
 _16943_/X
 _16944_/X
 _16945_/X
 _16946_/Y
 _16947_/X
 _16948_/X
 _16949_/X
 _16950_/Y
 _16951_/Y
 _16952_/X
 _16953_/X
 _16954_/X
 _16955_/Y
 _16956_/X
 _16957_/X
 _16958_/X
 _16959_/X
 _16960_/X
 _16961_/X
 _16962_/Y
 _16963_/X
 _16964_/Y
 _16965_/X
 _16966_/X
 _16967_/X
 _16968_/X
 _16969_/Y
 _16970_/X
 _16971_/X
 _16972_/X
 _16973_/Y
 _16974_/X
 _16975_/X
 _16976_/Y
 _16977_/Y
 _16978_/X
 _16979_/X
 _16980_/Y
 _16981_/X
 _16982_/X
 _16983_/X
 _16984_/Y
 _16985_/Y
 _16986_/X
 _16987_/X
 _16988_/X
 _16989_/Y
 _16990_/X
 _16991_/X
 _16992_/Y
 _16993_/Y
 _16994_/X
 _16995_/X
 _16996_/X
 _16997_/X
 _16998_/Y
 _16999_/Y
 _17000_/X
 _17001_/X
 _17002_/X
 _17003_/X
 _17004_/Y
 _17005_/X
 _17006_/X
 _17007_/X
 _17008_/X
 _17009_/Y
 _17010_/Y
 _17011_/X
 _17012_/X
 _17013_/Y
 _17014_/X
 _17015_/Y
 _17016_/Y
 _17017_/Y
 _17018_/X
 _17019_/Y
 _17020_/Y
 _17021_/X
 _17022_/Y
 _17023_/X
 _17024_/Y
 _17025_/X
 _17026_/X
 _17027_/Y
 _17028_/Y
 _17029_/X
 _17030_/X
 _17031_/X
 _17032_/X
 _17033_/Y
 _17034_/X
 _17035_/X
 _17036_/X
 _17037_/Y
 _17038_/Y
 _17039_/X
 _17040_/X
 _17041_/X
 _17042_/Y
 _17043_/Y
 _17044_/Y
 _17045_/X
 _17046_/Y
 _17047_/X
 _17048_/Y
 _17049_/Y
 _17050_/X
 _17051_/Y
 _17052_/X
 _17053_/X
 _17054_/X
 _17055_/X
 _17056_/X
 _17057_/X
 _17058_/X
 _17059_/Y
 _17060_/Y
 _17061_/X
 _17062_/Y
 _17063_/X
 _17064_/Y
 _17065_/X
 _17066_/Y
 _17067_/X
 _17068_/Y
 _17069_/X
 _17070_/Y
 _17071_/Y
 _17072_/Y
 _17073_/Y
 _17074_/X
 _17075_/Y
 _17076_/Y
 _17077_/Y
 _17078_/Y
 _17079_/X
 _17080_/Y
 _17081_/Y
 _17082_/Y
 _17083_/X
 _17084_/Y
 _17085_/Y
 _17086_/X
 _17087_/Y
 _17088_/X
 _17089_/X
 _17090_/Y
 _17091_/X
 _17092_/X
 _17093_/Y
 _17094_/X
 _17095_/X
 _17096_/Y
 _17097_/X
 _17098_/Y
 _17099_/X
 _17100_/X
 _17101_/Y
 _17102_/X
 _17103_/X
 _17104_/X
 _17105_/X
 _17106_/X
 _17107_/Y
 _17108_/Y
 _17109_/X
 _17110_/X
 _17111_/Y
 _17112_/X
 _17113_/X
 _17114_/X
 _17115_/Y
 _17116_/X
 _17117_/X
 _17118_/X
 _17119_/Y
 _17120_/Y
 _17121_/X
 _17122_/X
 _17123_/Y
 _17124_/X
 _17125_/X
 _17126_/Y
 _17127_/Y
 _17128_/X
 _17129_/X
 _17130_/X
 _17131_/Y
 _17132_/Y
 _17133_/Y
 _17134_/Y
 _17135_/Y
 _17136_/Y
 _17137_/X
 _17138_/Y
 _17139_/Y
 _17140_/X
 _17141_/Y
 _17142_/Y
 _17143_/Y
 _17144_/Y
 _17145_/X
 _17146_/Y
 _17147_/Y
 _17148_/Y
 _17149_/Y
 _17150_/Y
 _17151_/X
 _17152_/X
 _17153_/Y
 _17154_/X
 _17155_/Y
 _17156_/X
 _17157_/Y
 _17158_/X
 _17159_/Y
 _17160_/Y
 _17161_/X
 _17162_/X
 _17163_/X
 _17164_/Y
 _17165_/X
 _17166_/X
 _17167_/Y
 _17168_/Y
 _17169_/Y
 _17170_/Y
 _17171_/X
 _17172_/X
 _17173_/Y
 _17174_/X
 _17175_/X
 _17176_/X
 _17177_/Y
 _17178_/X
 _17179_/X
 _17180_/X
 _17181_/Y
 _17182_/X
 _17183_/X
 _17184_/Y
 _17185_/Y
 _17186_/Y
 _17187_/X
 _17188_/X
 _17189_/Y
 _17190_/Y
 _17191_/Y
 _17192_/X
 _17193_/X
 _17194_/Y
 _17195_/Y
 _17196_/X
 _17197_/Y
 _17198_/X
 _17199_/Y
 _17200_/X
 _17201_/X
 _17202_/Y
 _17203_/Y
 _17204_/X
 _17205_/X
 _17206_/X
 _17207_/Y
 _17208_/Y
 _17209_/Y
 _17210_/Y
 _17211_/X
 _17212_/X
 _17213_/Y
 _17214_/Y
 _17215_/Y
 _17216_/Y
 _17217_/Y
 _17218_/Y
 _17219_/Y
 _17220_/X
 _17221_/X
 _17222_/X
 _17223_/Y
 _17224_/Y
 _17225_/X
 _17226_/X
 _17227_/X
 _17228_/Y
 _17229_/Y
 _17230_/X
 _17231_/Y
 _17232_/X
 _17233_/X
 _17234_/X
 _17235_/X
 _17236_/Y
 _17237_/X
 _17238_/Y
 _17239_/Y
 _17240_/X
 _17241_/Y
 _17242_/Y
 _17243_/Y
 _17244_/X
 _17245_/X
 _17246_/Y
 _17247_/Y
 _17248_/X
 _17249_/X
 _17250_/Y
 _17251_/Y
 _17252_/X
 _17253_/Y
 _17254_/X
 _17255_/Y
 _17256_/Y
 _17257_/X
 _17258_/X
 _17259_/X
 _17260_/X
 _17261_/Y
 _17262_/X
 _17263_/Y
 _17264_/X
 _17265_/Y
 _17266_/Y
 _17267_/X
 _17268_/Y
 _17269_/X
 _17270_/Y
 _17271_/Y
 _17272_/Y
 _17273_/Y
 _17274_/X
 _17275_/Y
 _17276_/Y
 _17277_/Y
 _17278_/Y
 _17279_/X
 _17280_/X
 _17281_/X
 _17282_/Y
 _17283_/Y
 _17284_/X
 _17285_/X
 _17286_/X
 _17287_/X
 _17288_/X
 _17289_/X
 _17290_/X
 _17291_/X
 _17292_/Y
 _17293_/X
 _17294_/X
 _17295_/X
 _17296_/Y
 _17297_/X
 _17298_/X
 _17299_/Y
 _17300_/X
 _17301_/Y
 _17302_/X
 _17303_/X
 _17304_/Y
 _17305_/X
 _17306_/X
 _17307_/Y
 _17308_/Y
 _17309_/X
 _17310_/Y
 _17311_/X
 _17312_/X
 _17313_/X
 _17314_/X
 _17315_/Y
 _17316_/Y
 _17317_/X
 _17318_/Y
 _17319_/X
 _17320_/Y
 _17321_/Y
 _17322_/X
 _17323_/Y
 _17324_/Y
 _17325_/X
 _17326_/X
 _17327_/Y
 _17328_/Y
 _17329_/X
 _17330_/Y
 _17331_/Y
 _17332_/Y
 _17333_/Y
 _17334_/X
 _17335_/X
 _17336_/Y
 _17337_/Y
 _17338_/Y
 _17339_/X
 _17340_/Y
 _17341_/X
 _17342_/Y
 _17343_/Y
 _17344_/X
 _17345_/X
 _17346_/X
 _17347_/Y
 _17348_/Y
 _17349_/X
 _17350_/Y
 _17351_/X
 _17352_/X
 _17353_/X
 _17354_/Y
 _17355_/X
 _17356_/Y
 _17357_/X
 _17358_/Y
 _17359_/Y
 _17360_/Y
 _17361_/X
 _17362_/Y
 _17363_/Y
 _17364_/X
 _17365_/X
 _17366_/X
 _17367_/X
 _17368_/Y
 _17369_/X
 _17370_/Y
 _17371_/Y
 _17372_/X
 _17373_/X
 _17374_/X
 _17375_/X
 _17376_/X
 _17377_/Y
 _17378_/Y
 _17379_/X
 _17380_/Y
 _17381_/X
 _17382_/X
 _17383_/X
 _17384_/Y
 _17385_/Y
 _17386_/Y
 _17387_/Y
 _17388_/X
 _17389_/Y
 _17390_/X
 _17391_/Y
 _17392_/Y
 _17393_/Y
 _17394_/X
 _17395_/X
 _17396_/X
 _17397_/Y
 _17398_/X
 _17399_/X
 _17400_/X
 _17401_/X
 _17402_/X
 _17403_/X
 _17404_/Y
 _17405_/Y
 _17406_/Y
 _17407_/X
 _17408_/Y
 _17409_/X
 _17410_/Y
 _17411_/Y
 _17412_/X
 _17413_/X
 _17414_/X
 _17415_/Y
 _17416_/X
 _17417_/Y
 _17418_/Y
 _17419_/Y
 _17420_/X
 _17421_/Y
 _17422_/Y
 _17423_/Y
 _17424_/Y
 _17425_/X
 _17426_/X
 _17427_/Y
 _17428_/X
 _17429_/X
 _17430_/Y
 _17431_/X
 _17432_/Y
 _17433_/X
 _17434_/X
 _17435_/Y
 _17436_/Y
 _17437_/Y
 _17438_/Y
 _17439_/X
 _17440_/Y
 _17441_/X
 _17442_/X
 _17443_/X
 _17444_/X
 _17445_/X
 _17446_/X
 _17447_/X
 _17448_/Y
 _17449_/Y
 _17450_/Y
 _17451_/X
 _17452_/X
 _17453_/Y
 _17454_/X
 _17455_/Y
 _17456_/Y
 _17457_/Y
 _17458_/X
 _17459_/Y
 _17460_/Y
 _17461_/Y
 _17462_/Y
 _17463_/X
 _17464_/Y
 _17465_/X
 _17466_/X
 _17467_/Y
 _17468_/Y
 _17469_/X
 _17470_/Y
 _17471_/X
 _17472_/Y
 _17473_/X
 _17474_/Y
 _17475_/X
 _17476_/X
 _17477_/Y
 _17478_/X
 _17479_/X
 _17480_/Y
 _17481_/X
 _17482_/Y
 _17483_/Y
 _17484_/Y
 _17485_/Y
 _17486_/X
 _17487_/X
 _17488_/Y
 _17489_/Y
 _17490_/X
 _17491_/Y
 _17492_/Y
 _17493_/Y
 _17494_/Y
 _17495_/Y
 _17496_/Y
 _17497_/Y
 _17498_/Y
 _17499_/Y
 _17500_/X
 _17501_/X
 _17502_/X
 _17503_/X
 _17504_/Y
 _17505_/Y
 _17506_/X
 _17507_/Y
 _17508_/Y
 _17509_/Y
 _17510_/X
 _17511_/X
 _17512_/X
 _17513_/X
 _17514_/Y
 _17515_/Y
 _17516_/Y
 _17517_/Y
 _17518_/X
 _17519_/Y
 _17520_/X
 _17521_/X
 _17522_/X
 _17523_/Y
 _17524_/X
 _17525_/Y
 _17526_/X
 _17527_/X
 _17528_/X
 _17529_/Y
 _17530_/Y
 _17531_/Y
 _17532_/Y
 _17533_/X
 _17534_/Y
 _17535_/X
 _17536_/X
 _17537_/X
 _17538_/Y
 _17539_/X
 _17540_/Y
 _17541_/X
 _17542_/Y
 _17543_/X
 _17544_/Y
 _17545_/X
 _17546_/Y
 _17547_/X
 _17548_/Y
 _17549_/Y
 _17550_/Y
 _17551_/Y
 _17552_/Y
 _17553_/X
 _17554_/Y
 _17555_/X
 _17556_/Y
 _17557_/Y
 _17558_/X
 _17559_/X
 _17560_/Y
 _17561_/Y
 _17562_/Y
 _17563_/X
 _17564_/X
 _17565_/Y
 _17566_/Y
 _17567_/Y
 _17568_/Y
 _17569_/Y
 _17570_/X
 _17571_/X
 _17572_/Y
 _17573_/Y
 _17574_/X
 _17575_/Y
 _17576_/Y
 _17577_/X
 _17578_/Y
 _17579_/Y
 _17580_/Y
 _17581_/Y
 _17582_/X
 _17583_/X
 _17584_/X
 _17585_/X
 _17586_/X
 _17587_/Y
 _17588_/X
 _17589_/X
 _17590_/Y
 _17591_/X
 _17592_/X
 _17593_/Y
 _17594_/X
 _17595_/Y
 _17596_/X
 _17597_/Y
 _17598_/X
 _17599_/X
 _17600_/X
 _17601_/Y
 _17602_/X
 _17603_/Y
 _17604_/X
 _17605_/Y
 _17606_/Y
 _17607_/X
 _17608_/Y
 _17609_/Y
 _17610_/X
 _17611_/X
 _17612_/Y
 _17613_/Y
 _17614_/X
 _17615_/Y
 _17616_/X
 _17617_/Y
 _17618_/X
 _17619_/Y
 _17620_/Y
 _17621_/X
 _17622_/X
 _17623_/X
 _17624_/X
 _17625_/X
 _17626_/Y
 _17627_/Y
 _17628_/X
 _17629_/Y
 _17630_/X
 _17631_/Y
 _17632_/Y
 _17633_/X
 _17634_/X
 _17635_/X
 _17636_/X
 _17637_/X
 _17638_/Y
 _17639_/Y
 _17640_/Y
 _17641_/X
 _17642_/Y
 _17643_/Y
 _17644_/X
 _17645_/Y
 _17646_/X
 _17647_/Y
 _17648_/X
 _17649_/Y
 _17650_/Y
 _17651_/Y
 _17652_/Y
 _17653_/X
 _17654_/Y
 _17655_/X
 _17656_/X
 _17657_/Y
 _17658_/X
 _17659_/X
 _17660_/X
 _17661_/X
 _17662_/Y
 _17663_/Y
 _17664_/Y
 _17665_/X
 _17666_/X
 _17667_/Y
 _17668_/X
 _17669_/Y
 _17670_/Y
 _17671_/X
 _17672_/Y
 _17673_/Y
 _17674_/Y
 _17675_/X
 _17676_/Y
 _17677_/X
 _17678_/Y
 _17679_/X
 _17680_/X
 _17681_/X
 _17682_/X
 _17683_/Y
 _17684_/X
 _17685_/Y
 _17686_/X
 _17687_/Y
 _17688_/Y
 _17689_/Y
 _17690_/Y
 _17691_/Y
 _17692_/X
 _17693_/Y
 _17694_/X
 _17695_/X
 _17696_/Y
 _17697_/Y
 _17698_/Y
 _17699_/X
 _17700_/Y
 _17701_/Y
 _17702_/Y
 _17703_/Y
 _17704_/Y
 _17705_/Y
 _17706_/Y
 _17707_/Y
 _17708_/X
 _17709_/X
 _17710_/X
 _17711_/Y
 _17712_/Y
 _17713_/Y
 _17714_/X
 _17715_/Y
 _17716_/X
 _17717_/X
 _17718_/Y
 _17719_/Y
 _17720_/Y
 _17721_/Y
 _17722_/Y
 _17723_/X
 _17724_/Y
 _17725_/X
 _17726_/X
 _17727_/Y
 _17728_/X
 _17729_/Y
 _17730_/X
 _17731_/Y
 _17732_/Y
 _17733_/Y
 _17734_/Y
 _17735_/X
 _17736_/X
 _17737_/X
 _17738_/Y
 _17739_/Y
 _17740_/X
 _17741_/X
 _17742_/X
 _17743_/X
 _17744_/X
 _17745_/Y
 _17746_/Y
 _17747_/Y
 _17748_/Y
 _17749_/X
 _17750_/Y
 _17751_/Y
 _17752_/X
 _17753_/Y
 _17754_/X
 _17755_/Y
 _17756_/X
 _17757_/Y
 _17758_/X
 _17759_/Y
 _17760_/X
 _17761_/Y
 _17762_/Y
 _17763_/X
 _17764_/Y
 _17765_/Y
 _17766_/X
 _17767_/X
 _17768_/Y
 _17769_/X
 _17770_/Y
 _17771_/Y
 _17772_/X
 _17773_/Y
 _17774_/Y
 _17775_/X
 _17776_/X
 _17777_/X
 _17778_/X
 _17779_/Y
 _17780_/Y
 _17781_/X
 _17782_/Y
 _17783_/Y
 _17784_/X
 _17785_/X
 _17786_/Y
 _17787_/X
 _17788_/Y
 _17789_/X
 _17790_/Y
 _17791_/Y
 _17792_/X
 _17793_/Y
 _17794_/X
 _17795_/X
 _17796_/X
 _17797_/X
 _17798_/X
 _17799_/Y
 _17800_/Y
 _17801_/Y
 _17802_/X
 _17803_/X
 _17804_/Y
 _17805_/Y
 _17806_/Y
 _17807_/X
 _17808_/Y
 _17809_/Y
 _17810_/Y
 _17811_/X
 _17812_/X
 _17813_/X
 _17814_/X
 _17815_/X
 _17816_/X
 _17817_/X
 _17818_/Y
 _17819_/Y
 _17820_/X
 _17821_/Y
 _17822_/X
 _17823_/Y
 _17824_/Y
 _17825_/X
 _17826_/Y
 _17827_/X
 _17828_/X
 _17829_/X
 _17830_/Y
 _17831_/Y
 _17832_/Y
 _17833_/X
 _17834_/X
 _17835_/Y
 _17836_/Y
 _17837_/X
 _17838_/Y
 _17839_/Y
 _17840_/Y
 _17841_/Y
 _17842_/X
 _17843_/X
 _17844_/X
 _17845_/Y
 _17846_/X
 _17847_/Y
 _17848_/Y
 _17849_/Y
 _17850_/X
 _17851_/Y
 _17852_/X
 _17853_/Y
 _17854_/X
 _17855_/Y
 _17856_/Y
 _17857_/Y
 _17858_/X
 _17859_/Y
 _17860_/X
 _17861_/X
 _17862_/Y
 _17863_/Y
 _17864_/Y
 _17865_/Y
 _17866_/X
 _17867_/Y
 _17868_/Y
 _17869_/Y
 _17870_/Y
 _17871_/Y
 _17872_/X
 _17873_/Y
 _17874_/X
 _17875_/Y
 _17876_/X
 _17877_/X
 _17878_/X
 _17879_/Y
 _17880_/Y
 _17881_/Y
 _17882_/Y
 _17883_/X
 _17884_/X
 _17885_/Y
 _17886_/Y
 _17887_/Y
 _17888_/X
 _17889_/Y
 _17890_/X
 _17891_/X
 _17892_/X
 _17893_/Y
 _17894_/Y
 _17895_/Y
 _17896_/X
 _17897_/X
 _17898_/X
 _17899_/Y
 _17900_/X
 _17901_/X
 _17902_/X
 _17903_/Y
 _17904_/X
 _17905_/X
 _17906_/Y
 _17907_/Y
 _17908_/X
 _17909_/Y
 _17910_/X
 _17911_/X
 _17912_/X
 _17913_/Y
 _17914_/X
 _17915_/X
 _17916_/Y
 _17917_/Y
 _17918_/X
 _17919_/Y
 _17920_/Y
 _17921_/X
 _17922_/Y
 _17923_/X
 _17924_/Y
 _17925_/X
 _17926_/Y
 _17927_/Y
 _17928_/X
 _17929_/X
 _17930_/X
 _17931_/Y
 _17932_/Y
 _17933_/Y
 _17934_/X
 _17935_/Y
 _17936_/X
 _17937_/Y
 _17938_/X
 _17939_/Y
 _17940_/X
 _17941_/Y
 _17942_/X
 _17943_/Y
 _17944_/Y
 _17945_/Y
 _17946_/X
 _17947_/Y
 _17948_/X
 _17949_/X
 _17950_/Y
 _17951_/Y
 _17952_/Y
 _17953_/Y
 _17954_/Y
 _17955_/Y
 _17956_/X
 _17957_/Y
 _17958_/X
 _17959_/Y
 _17960_/Y
 _17961_/X
 _17962_/X
 _17963_/X
 _17964_/X
 _17965_/X
 _17966_/X
 _17967_/X
 _17968_/Y
 _17969_/X
 _17970_/X
 _17971_/X
 _17972_/Y
 _17973_/Y
 _17974_/Y
 _17975_/Y
 _17976_/X
 _17977_/X
 _17978_/X
 _17979_/X
 _17980_/X
 _17981_/Y
 _17982_/Y
 _17983_/X
 _17984_/Y
 _17985_/X
 _17986_/Y
 _17987_/Y
 _17988_/X
 _17989_/X
 _17990_/X
 _17991_/X
 _17992_/Y
 _17993_/X
 _17994_/X
 _17995_/Y
 _17996_/X
 _17997_/X
 _17998_/Y
 _17999_/X
 _18000_/X
 _18001_/Y
 _18002_/X
 _18003_/Y
 _18004_/X
 _18005_/Y
 _18006_/X
 _18007_/Y
 _18008_/Y
 _18009_/Y
 _18010_/Y
 _18011_/Y
 _18012_/X
 _18013_/X
 _18014_/X
 _18015_/Y
 _18016_/X
 _18017_/X
 _18018_/Y
 _18019_/X
 _18020_/X
 _18021_/Y
 _18022_/X
 _18023_/Y
 _18024_/Y
 _18025_/Y
 _18026_/Y
 _18027_/X
 _18028_/Y
 _18029_/X
 _18030_/Y
 _18031_/X
 _18032_/Y
 _18033_/X
 _18034_/Y
 _18035_/Y
 _18036_/X
 _18037_/Y
 _18038_/X
 _18039_/Y
 _18040_/Y
 _18041_/X
 _18042_/X
 _18043_/X
 _18044_/Y
 _18045_/X
 _18046_/Y
 _18047_/X
 _18048_/Y
 _18049_/Y
 _18050_/Y
 _18051_/Y
 _18052_/Y
 _18053_/Y
 _18054_/X
 _18055_/Y
 _18056_/X
 _18057_/Y
 _18058_/Y
 _18059_/X
 _18060_/Y
 _18061_/X
 _18062_/Y
 _18063_/X
 _18064_/Y
 _18065_/X
 _18066_/X
 _18067_/X
 _18068_/Y
 _18069_/Y
 _18070_/X
 _18071_/X
 _18072_/Y
 _18073_/Y
 _18074_/Y
 _18075_/Y
 _18076_/Y
 _18077_/X
 _18078_/X
 _18079_/X
 _18080_/X
 _18081_/Y
 _18082_/X
 _18083_/X
 _18084_/X
 _18085_/X
 _18086_/Y
 _18087_/X
 _18088_/X
 _18089_/X
 _18090_/Y
 _18091_/X
 _18092_/X
 _18093_/Y
 _18094_/Y
 _18095_/Y
 _18096_/X
 _18097_/X
 _18098_/Y
 _18099_/Y
 _18100_/Y
 _18101_/X
 _18102_/X
 _18103_/Y
 _18104_/Y
 _18105_/Y
 _18106_/X
 _18107_/Y
 _18108_/X
 _18109_/X
 _18110_/Y
 _18111_/Y
 _18112_/Y
 _18113_/Y
 _18114_/X
 _18115_/Y
 _18116_/X
 _18117_/Y
 _18118_/Y
 _18119_/X
 _18120_/X
 _18121_/Y
 _18122_/X
 _18123_/Y
 _18124_/Y
 _18125_/X
 _18126_/Y
 _18127_/X
 _18128_/X
 _18129_/Y
 _18130_/Y
 _18131_/X
 _18132_/Y
 _18133_/X
 _18134_/Y
 _18135_/X
 _18136_/X
 _18137_/X
 _18138_/X
 _18139_/Y
 _18140_/X
 _18141_/X
 _18142_/X
 _18143_/Y
 _18144_/Y
 _18145_/X
 _18146_/X
 _18147_/X
 _18148_/X
 _18149_/Y
 _18150_/Y
 _18151_/Y
 _18152_/X
 _18153_/Y
 _18154_/X
 _18155_/Y
 _18156_/X
 _18157_/Y
 _18158_/Y
 _18159_/Y
 _18160_/X
 _18161_/X
 _18162_/Y
 _18163_/Y
 _18164_/Y
 _18165_/Y
 _18166_/Y
 _18167_/X
 _18168_/X
 _18169_/X
 _18170_/Y
 _18171_/X
 _18172_/X
 _18173_/Y
 _18174_/Y
 _18175_/X
 _18176_/Y
 _18177_/X
 _18178_/Y
 _18179_/X
 _18180_/Y
 _18181_/X
 _18182_/Y
 _18183_/X
 _18184_/Y
 _18185_/X
 _18186_/Y
 _18187_/Y
 _18188_/X
 _18189_/Y
 _18190_/X
 _18191_/Y
 _18192_/X
 _18193_/X
 _18194_/X
 _18195_/Y
 _18196_/X
 _18197_/X
 _18198_/X
 _18199_/Y
 _18200_/Y
 _18201_/X
 _18202_/Y
 _18203_/Y
 _18204_/X
 _18205_/Y
 _18206_/X
 _18207_/Y
 _18208_/X
 _18209_/Y
 _18210_/X
 _18211_/Y
 _18212_/X
 _18213_/X
 _18214_/Y
 _18215_/X
 _18216_/X
 _18217_/X
 _18218_/Y
 _18219_/Y
 _18220_/X
 _18221_/Y
 _18222_/X
 _18223_/Y
 _18224_/Y
 _18225_/X
 _18226_/Y
 _18227_/Y
 _18228_/Y
 _18229_/X
 _18230_/X
 _18231_/Y
 _18232_/Y
 _18233_/X
 _18234_/X
 _18235_/Y
 _18236_/X
 _18237_/X
 _18238_/Y
 _18239_/X
 _18240_/X
 _18241_/Y
 _18242_/X
 _18243_/Y
 _18244_/Y
 _18245_/X
 _18246_/X
 _18247_/X
 _18248_/X
 _18249_/X
 _18250_/Y
 _18251_/X
 _18252_/X
 _18253_/X
 _18254_/Y
 _18255_/X
 _18256_/X
 _18257_/Y
 _18258_/Y
 _18259_/X
 _18260_/X
 _18261_/X
 _18262_/X
 _18263_/X
 _18264_/X
 _18265_/X
 _18266_/X
 _18267_/Y
 _18268_/X
 _18269_/X
 _18270_/X
 _18271_/Y
 _18272_/Y
 _18273_/Y
 _18274_/X
 _18275_/Y
 _18276_/Y
 _18277_/Y
 _18278_/X
 _18279_/X
 _18280_/Y
 _18281_/Y
 _18282_/Y
 _18283_/X
 _18284_/X
 _18285_/Y
 _18286_/Y
 _18287_/X
 _18288_/Y
 _18289_/X
 _18290_/X
 _18291_/X
 _18292_/Y
 _18293_/Y
 _18294_/Y
 _18295_/X
 _18296_/Y
 _18297_/X
 _18298_/Y
 _18299_/Y
 _18300_/X
 _18301_/X
 _18302_/X
 _18303_/Y
 _18304_/Y
 _18305_/Y
 _18306_/X
 _18307_/X
 _18308_/Y
 _18309_/Y
 _18310_/X
 _18311_/Y
 _18312_/X
 _18313_/Y
 _18314_/X
 _18315_/X
 _18316_/Y
 _18317_/X
 _18318_/Y
 _18319_/Y
 _18320_/Y
 _18321_/Y
 _18322_/Y
 _18323_/X
 _18324_/Y
 _18325_/X
 _18326_/X
 _18327_/X
 _18328_/X
 _18329_/X
 _18330_/X
 _18331_/Y
 _18332_/Y
 _18333_/Y
 _18334_/Y
 _18335_/X
 _18336_/Y
 _18337_/Y
 _18338_/X
 _18339_/X
 _18340_/Y
 _18341_/Y
 _18342_/X
 _18343_/X
 _18344_/X
 _18345_/Y
 _18346_/Y
 _18347_/X
 _18348_/X
 _18349_/Y
 _18350_/Y
 _18351_/X
 _18352_/X
 _18353_/Y
 _18354_/Y
 _18355_/X
 _18356_/Y
 _18357_/X
 _18358_/Y
 _18359_/Y
 _18360_/Y
 _18361_/Y
 _18362_/Y
 _18363_/X
 _18364_/Y
 _18365_/X
 _18366_/Y
 _18367_/X
 _18368_/X
 _18369_/Y
 _18370_/Y
 _18371_/Y
 _18372_/Y
 _18373_/Y
 _18374_/Y
 _18375_/Y
 _18376_/X
 _18377_/Y
 _18378_/X
 _18379_/X
 _18380_/Y
 _18381_/Y
 _18382_/X
 _18383_/Y
 _18384_/X
 _18385_/X
 _18386_/X
 _18387_/X
 _18388_/X
 _18389_/X
 _18390_/X
 _18391_/Y
 _18392_/X
 _18393_/Y
 _18394_/X
 _18395_/Y
 _18396_/Y
 _18397_/X
 _18398_/X
 _18399_/Y
 _18400_/X
 _18401_/X
 _18402_/X
 _18403_/X
 _18404_/Y
 _18405_/X
 _18406_/Y
 _18407_/Y
 _18408_/X
 _18409_/X
 _18410_/Y
 _18411_/X
 _18412_/Y
 _18413_/Y
 _18414_/X
 _18415_/X
 _18416_/Y
 _18417_/X
 _18418_/X
 _18419_/X
 _18420_/Y
 _18421_/X
 _18422_/X
 _18423_/Y
 _18424_/Y
 _18425_/X
 _18426_/Y
 _18427_/Y
 _18428_/Y
 _18429_/X
 _18430_/X
 _18431_/Y
 _18432_/Y
 _18433_/Y
 _18434_/Y
 _18435_/X
 _18436_/Y
 _18437_/Y
 _18438_/X
 _18439_/Y
 _18440_/X
 _18441_/Y
 _18442_/Y
 _18443_/X
 _18444_/X
 _18445_/X
 _18446_/X
 _18447_/Y
 _18448_/X
 _18449_/Y
 _18450_/X
 _18451_/Y
 _18452_/X
 _18453_/Y
 _18454_/Y
 _18455_/Y
 _18456_/Y
 _18457_/X
 _18458_/Y
 _18459_/Y
 _18460_/X
 _18461_/Y
 _18462_/X
 _18463_/X
 _18464_/Y
 _18465_/Y
 _18466_/X
 _18467_/X
 _18468_/Y
 _18469_/Y
 _18470_/X
 _18471_/Y
 _18472_/X
 _18473_/X
 _18474_/X
 _18475_/X
 _18476_/X
 _18477_/Y
 _18478_/Y
 _18479_/X
 _18480_/Y
 _18481_/Y
 _18482_/Y
 _18483_/X
 _18484_/X
 _18485_/Y
 _18486_/Y
 _18487_/X
 _18488_/X
 _18489_/X
 _18490_/Y
 _18491_/X
 _18492_/X
 _18493_/Y
 _18494_/X
 _18495_/X
 _18496_/X
 _18497_/Y
 _18498_/X
 _18499_/X
 _18500_/Y
 _18501_/X
 _18502_/X
 _18503_/X
 _18504_/Y
 _18505_/X
 _18506_/X
 _18507_/X
 _18508_/Y
 _18509_/X
 _18510_/Y
 _18511_/X
 _18512_/X
 _18513_/Y
 _18514_/Y
 _18515_/Y
 _18516_/X
 _18517_/X
 _18518_/Y
 _18519_/Y
 _18520_/Y
 _18521_/X
 _18522_/X
 _18523_/X
 _18524_/X
 _18525_/Y
 _18526_/X
 _18527_/X
 _18528_/Y
 _18529_/X
 _18530_/X
 _18531_/Y
 _18532_/X
 _18533_/X
 _18534_/X
 _18535_/X
 _18536_/Y
 _18537_/Y
 _18538_/X
 _18539_/X
 _18540_/X
 _18541_/X
 _18542_/Y
 _18543_/X
 _18544_/Y
 _18545_/Y
 _18546_/Y
 _18547_/Y
 _18548_/X
 _18549_/Y
 _18550_/X
 _18551_/Y
 _18552_/X
 _18553_/X
 _18554_/X
 _18555_/X
 _18556_/X
 _18557_/Y
 _18558_/X
 _18559_/Y
 _18560_/Y
 _18561_/X
 _18562_/Y
 _18563_/Y
 _18564_/X
 _18565_/X
 _18566_/X
 _18567_/X
 _18568_/X
 _18569_/X
 _18570_/Y
 _18571_/Y
 _18572_/Y
 _18573_/Y
 _18574_/X
 _18575_/X
 _18576_/X
 _18577_/X
 _18578_/Y
 _18579_/X
 _18580_/X
 _18581_/Y
 _18582_/Y
 _18583_/Y
 _18584_/Y
 _18585_/X
 _18586_/X
 _18587_/Y
 _18588_/Y
 _18589_/Y
 _18590_/Y
 _18591_/Y
 _18592_/X
 _18593_/Y
 _18594_/X
 _18595_/X
 _18596_/Y
 _18597_/X
 _18598_/X
 _18599_/X
 _18600_/Y
 _18601_/Y
 _18602_/X
 _18603_/Y
 _18604_/Y
 _18605_/X
 _18606_/Y
 _18607_/Y
 _18608_/X
 _18609_/Y
 _18610_/Y
 _18611_/Y
 _18612_/Y
 _18613_/X
 _18614_/X
 _18615_/X
 _18616_/X
 _18617_/Y
 _18618_/Y
 _18619_/X
 _18620_/Y
 _18621_/X
 _18622_/Y
 _18623_/Y
 _18624_/X
 _18625_/Y
 _18626_/X
 _18627_/Y
 _18628_/X
 _18629_/Y
 _18630_/X
 _18631_/X
 _18632_/Y
 _18633_/X
 _18634_/Y
 _18635_/Y
 _18636_/Y
 _18637_/X
 _18638_/X
 _18639_/Y
 _18640_/X
 _18641_/X
 _18642_/Y
 _18643_/X
 _18644_/Y
 _18645_/X
 _18646_/X
 _18647_/Y
 _18648_/X
 _18649_/X
 _18650_/X
 _18651_/X
 _18652_/Y
 _18653_/X
 _18654_/X
 _18655_/Y
 _18656_/Y
 _18657_/Y
 _18658_/X
 _18659_/Y
 _18660_/X
 _18661_/X
 _18662_/X
 _18663_/Y
 _18664_/Y
 _18665_/Y
 _18666_/X
 _18667_/Y
 _18668_/Y
 _18669_/X
 _18670_/X
 _18671_/X
 _18672_/X
 _18673_/X
 _18674_/Y
 _18675_/X
 _18676_/Y
 _18677_/X
 _18678_/X
 _18679_/X
 _18680_/X
 _18681_/X
 _18682_/Y
 _18683_/X
 _18684_/Y
 _18685_/X
 _18686_/Y
 _18687_/X
 _18688_/Y
 _18689_/Y
 _18690_/Y
 _18691_/Y
 _18692_/X
 _18693_/X
 _18694_/Y
 _18695_/Y
 _18696_/X
 _18697_/X
 _18698_/X
 _18699_/X
 _18700_/X
 _18701_/X
 _18702_/X
 _18703_/X
 _18704_/X
 _18705_/Y
 _18706_/Y
 _18707_/X
 _18708_/Y
 _18709_/X
 _18710_/X
 _18711_/Y
 _18712_/Y
 _18713_/X
 _18714_/Y
 _18715_/Y
 _18716_/Y
 _18717_/Y
 _18718_/X
 _18719_/X
 _18720_/Y
 _18721_/X
 _18722_/X
 _18723_/Y
 _18724_/Y
 _18725_/X
 _18726_/X
 _18727_/X
 _18728_/Y
 _18729_/X
 _18730_/Y
 _18731_/Y
 _18732_/Y
 _18733_/Y
 _18734_/X
 _18735_/Y
 _18736_/Y
 _18737_/X
 _18738_/Y
 _18739_/X
 _18740_/X
 _18741_/Y
 _18742_/X
 _18743_/X
 _18744_/Y
 _18745_/X
 _18746_/Y
 _18747_/Y
 _18748_/X
 _18749_/Y
 _18750_/Y
 _18751_/X
 _18752_/Y
 _18753_/X
 _18754_/Y
 _18755_/X
 _18756_/Y
 _18757_/X
 _18758_/Y
 _18759_/X
 _18760_/Y
 _18761_/Y
 _18762_/Y
 _18763_/X
 _18764_/Y
 _18765_/X
 _18766_/Y
 _18767_/Y
 _18768_/X
 _18769_/Y
 _18770_/Y
 _18771_/Y
 _18772_/X
 _18773_/X
 _18774_/X
 _18775_/Y
 _18776_/X
 _18777_/X
 _18778_/X
 _18779_/Y
 _18780_/Y
 _18781_/X
 _18782_/X
 _18783_/Y
 _18784_/Y
 _18785_/X
 _18786_/Y
 _18787_/Y
 _18788_/X
 _18789_/X
 _18790_/X
 _18791_/Y
 _18792_/X
 _18793_/Y
 _18794_/Y
 _18795_/X
 _18796_/X
 _18797_/Y
 _18798_/X
 _18799_/X
 _18800_/Y
 _18801_/X
 _18802_/Y
 _18803_/Y
 _18804_/Y
 _18805_/X
 _18806_/Y
 _18807_/Y
 _18808_/Y
 _18809_/Y
 _18810_/X
 _18811_/Y
 _18812_/Y
 _18813_/Y
 _18814_/X
 _18815_/X
 _18816_/Y
 _18817_/X
 _18818_/X
 _18819_/Y
 _18820_/X
 _18821_/X
 _18822_/Y
 _18823_/Y
 _18824_/Y
 _18825_/X
 _18826_/Y
 _18827_/X
 _18828_/Y
 _18829_/X
 _18830_/X
 _18831_/X
 _18832_/Y
 _18833_/Y
 _18834_/Y
 _18835_/X
 _18836_/X
 _18837_/X
 _18838_/X
 _18839_/X
 _18840_/X
 _18841_/X
 _18842_/Y
 _18843_/X
 _18844_/X
 _18845_/X
 _18846_/Y
 _18847_/X
 _18848_/Y
 _18849_/Y
 _18850_/X
 _18851_/X
 _18852_/X
 _18853_/X
 _18854_/Y
 _18855_/X
 _18856_/Y
 _18857_/X
 _18858_/X
 _18859_/Y
 _18860_/X
 _18861_/X
 _18862_/X
 _18863_/X
 _18864_/Y
 _18865_/X
 _18866_/Y
 _18867_/Y
 _18868_/X
 _18869_/Y
 _18870_/Y
 _18871_/X
 _18872_/X
 _18873_/X
 _18874_/Y
 _18875_/X
 _18876_/X
 _18877_/Y
 _18878_/X
 _18879_/X
 _18880_/X
 _18881_/X
 _18882_/X
 _18883_/Y
 _18884_/X
 _18885_/Y
 _18886_/X
 _18887_/Y
 _18888_/Y
 _18889_/X
 _18890_/X
 _18891_/Y
 _18892_/Y
 _18893_/Y
 _18894_/X
 _18895_/X
 _18896_/Y
 _18897_/Y
 _18898_/X
 _18899_/X
 _18900_/Y
 _18901_/X
 _18902_/Y
 _18903_/X
 _18904_/Y
 _18905_/X
 _18906_/Y
 _18907_/X
 _18908_/Y
 _18909_/X
 _18910_/Y
 _18911_/Y
 _18912_/Y
 _18913_/X
 _18914_/Y
 _18915_/X
 _18916_/X
 _18917_/X
 _18918_/X
 _18919_/X
 _18920_/Y
 _18921_/Y
 _18922_/Y
 _18923_/X
 _18924_/Y
 _18925_/X
 _18926_/Y
 _18927_/Y
 _18928_/X
 _18929_/Y
 _18930_/X
 _18931_/Y
 _18932_/Y
 _18933_/Y
 _18934_/X
 _18935_/Y
 _18936_/Y
 _18937_/X
 _18938_/Y
 _18939_/Y
 _18940_/Y
 _18941_/X
 _18942_/Y
 _18943_/Y
 _18944_/Y
 _18945_/Y
 _18946_/X
 _18947_/X
 _18948_/X
 _18949_/Y
 _18950_/X
 _18951_/Y
 _18952_/X
 _18953_/X
 _18954_/Y
 _18955_/Y
 _18956_/X
 _18957_/X
 _18958_/X
 _18959_/Y
 _18960_/Y
 _18961_/Y
 _18962_/Y
 _18963_/X
 _18964_/X
 _18965_/Y
 _18966_/Y
 _18967_/Y
 _18968_/X
 _18969_/Y
 _18970_/X
 _18971_/Y
 _18972_/Y
 _18973_/X
 _18974_/Y
 _18975_/X
 _18976_/Y
 _18977_/Y
 _18978_/X
 _18979_/Y
 _18980_/Y
 _18981_/X
 _18982_/Y
 _18983_/Y
 _18984_/X
 _18985_/X
 _18986_/X
 _18987_/X
 _18988_/Y
 _18989_/Y
 _18990_/Y
 _18991_/X
 _18992_/X
 _18993_/X
 _18994_/X
 _18995_/Y
 _18996_/Y
 _18997_/Y
 _18998_/Y
 _18999_/Y
 _19000_/X
 _19001_/Y
 _19002_/Y
 _19003_/X
 _19004_/X
 _19005_/X
 _19006_/Y
 _19007_/Y
 _19008_/X
 _19009_/Y
 _19010_/Y
 _19011_/X
 _19012_/X
 _19013_/Y
 _19014_/Y
 _19015_/X
 _19016_/X
 _19017_/X
 _19018_/X
 _19019_/Y
 _19020_/X
 _19021_/X
 _19022_/X
 _19023_/X
 _19024_/X
 _19025_/X
 _19026_/Y
 _19027_/X
 _19028_/X
 _19029_/X
 _19030_/X
 _19031_/Y
 _19032_/X
 _19033_/X
 _19034_/Y
 _19035_/Y
 _19036_/X
 _19037_/Y
 _19038_/Y
 _19039_/Y
 _19040_/Y
 _19041_/X
 _19042_/Y
 _19043_/Y
 _19044_/Y
 _19045_/Y
 _19046_/X
 _19047_/X
 _19048_/Y
 _19049_/X
 _19050_/Y
 _19051_/Y
 _19052_/X
 _19053_/Y
 _19054_/X
 _19055_/X
 _19056_/Y
 _19057_/Y
 _19058_/X
 _19059_/Y
 _19060_/Y
 _19061_/X
 _19062_/X
 _19063_/Y
 _19064_/Y
 _19065_/Y
 _19066_/Y
 _19067_/X
 _19068_/Y
 _19069_/Y
 _19070_/Y
 _19071_/Y
 _19072_/X
 _19073_/X
 _19074_/Y
 _19075_/X
 _19076_/X
 _19077_/X
 _19078_/X
 _19079_/X
 _19080_/X
 _19081_/X
 _19082_/X
 _19083_/X
 _19084_/X
 _19085_/X
 _19086_/Y
 _19087_/X
 _19088_/Y
 _19089_/X
 _19090_/X
 _19091_/Y
 _19092_/X
 _19093_/X
 _19094_/X
 _19095_/X
 _19096_/Y
 _19097_/X
 _19098_/Y
 _19099_/X
 _19100_/X
 _19101_/X
 _19102_/Y
 _19103_/X
 _19104_/X
 _19105_/X
 _19106_/X
 _19107_/X
 _19108_/X
 _19109_/X
 _19110_/X
 _19111_/Y
 _19112_/X
 _19113_/X
 _19114_/X
 _19115_/Y
 _19116_/Y
 _19117_/Y
 _19118_/X
 _19119_/Y
 _19120_/X
 _19121_/X
 _19122_/Y
 _19123_/X
 _19124_/X
 _19125_/X
 _19126_/Y
 _19127_/X
 _19128_/Y
 _19129_/Y
 _19130_/Y
 _19131_/Y
 _19132_/X
 _19133_/X
 _19134_/X
 _19135_/Y
 _19136_/X
 _19137_/Y
 _19138_/Y
 _19139_/X
 _19140_/X
 _19141_/X
 _19142_/X
 _19143_/X
 _19144_/X
 _19145_/Y
 _19146_/Y
 _19147_/X
 _19148_/X
 _19149_/X
 _19150_/X
 _19151_/X
 _19152_/X
 _19153_/Y
 _19154_/X
 _19155_/Y
 _19156_/X
 _19157_/X
 _19158_/Y
 _19159_/X
 _19160_/Y
 _19161_/Y
 _19162_/X
 _19163_/Y
 _19164_/X
 _19165_/Y
 _19166_/Y
 _19167_/X
 _19168_/X
 _19169_/X
 _19170_/X
 _19171_/X
 _19172_/X
 _19173_/X
 _19174_/X
 _19175_/Y
 _19176_/Y
 _19177_/X
 _19178_/X
 _19179_/Y
 _19180_/X
 _19181_/Y
 _19182_/Y
 _19183_/X
 _19184_/Y
 _19185_/Y
 _19186_/X
 _19187_/X
 _19188_/X
 _19189_/Y
 _19190_/Y
 _19191_/X
 _19192_/X
 _19193_/Y
 _19194_/X
 _19195_/Y
 _19196_/X
 _19197_/Y
 _19198_/X
 _19199_/Y
 _19200_/Y
 _19201_/X
 _19202_/X
 _19203_/Y
 _19204_/Y
 _19205_/Y
 _19206_/Y
 _19207_/X
 _19208_/Y
 _19209_/X
 _19210_/Y
 _19211_/Y
 _19212_/Y
 _19213_/Y
 _19214_/X
 _19215_/X
 _19216_/Y
 _19217_/Y
 _19218_/Y
 _19219_/X
 _19220_/X
 _19221_/X
 _19222_/Y
 _19223_/Y
 _19224_/X
 _19225_/Y
 _19226_/X
 _19227_/Y
 _19228_/X
 _19229_/Y
 _19230_/Y
 _19231_/Y
 _19232_/X
 _19233_/X
 _19234_/Y
 _19235_/Y
 _19236_/X
 _19237_/X
 _19238_/Y
 _19239_/X
 _19240_/Y
 _19241_/X
 _19242_/Y
 _19243_/X
 _19244_/Y
 _19245_/Y
 _19246_/X
 _19247_/X
 _19248_/X
 _19249_/Y
 _19250_/X
 _19251_/X
 _19252_/Y
 _19253_/Y
 _19254_/X
 _19255_/X
 _19256_/X
 _19257_/Y
 _19258_/Y
 _19259_/X
 _19260_/Y
 _19261_/X
 _19262_/X
 _19263_/Y
 _19264_/X
 _19265_/Y
 _19266_/Y
 _19267_/X
 _19268_/Y
 _19269_/Y
 _19270_/X
 _19271_/Y
 _19272_/Y
 _19273_/Y
 _19274_/Y
 _19275_/X
 _19276_/Y
 _19277_/Y
 _19278_/Y
 _19279_/Y
 _19280_/X
 _19281_/Y
 _19282_/X
 _19283_/Y
 _19284_/X
 _19285_/Y
 _19286_/X
 _19287_/X
 _19288_/Y
 _19289_/Y
 _19290_/Y
 _19291_/Y
 _19292_/X
 _19293_/Y
 _19294_/Y
 _19295_/Y
 _19296_/X
 _19297_/Y
 _19298_/X
 _19299_/Y
 _19300_/Y
 _19301_/X
 _19302_/Y
 _19303_/X
 _19304_/Y
 _19305_/X
 _19306_/Y
 _19307_/Y
 _19308_/Y
 _19309_/Y
 _19310_/Y
 _19311_/Y
 _19312_/X
 _19313_/Y
 _19314_/X
 _19315_/Y
 _19316_/X
 _19317_/X
 _19318_/Y
 _19319_/X
 _19320_/Y
 _19321_/Y
 _19322_/X
 _19323_/Y
 _19324_/Y
 _19325_/X
 _19326_/X
 _19327_/X
 _19328_/X
 _19329_/X
 _19330_/Y
 _19331_/X
 _19332_/X
 _19333_/Y
 _19334_/Y
 _19335_/Y
 _19336_/Y
 _19337_/X
 _19338_/Y
 _19339_/Y
 _19340_/Y
 _19341_/X
 _19342_/X
 _19343_/X
 _19344_/X
 _19345_/Y
 _19346_/X
 _19347_/Y
 _19348_/Y
 _19349_/X
 _19350_/Y
 _19351_/X
 _19352_/Y
 _19353_/X
 _19354_/X
 _19355_/X
 _19356_/Y
 _19357_/X
 _19358_/X
 _19359_/Y
 _19360_/Y
 _19361_/X
 _19362_/Y
 _19363_/X
 _19364_/Y
 _19365_/Y
 _19366_/X
 _19367_/Y
 _19368_/X
 _19369_/Y
 _19370_/Y
 _19371_/X
 _19372_/Y
 _19373_/Y
 _19374_/Y
 _19375_/Y
 _19376_/Y
 _19377_/Y
 _19378_/X
 _19379_/X
 _19380_/Y
 _19381_/X
 _19382_/Y
 _19383_/X
 _19384_/Y
 _19385_/X
 _19386_/Y
 _19387_/Y
 _19388_/Y
 _19389_/Y
 _19390_/X
 _19391_/Y
 _19392_/Y
 _19393_/Y
 _19394_/Y
 _19395_/Y
 _19396_/X
 _19397_/X
 _19398_/Y
 _19399_/X
 _19400_/Y
 _19401_/Y
 _19402_/X
 _19403_/X
 _19404_/X
 _19405_/Y
 _19406_/Y
 _19407_/Y
 _19408_/Y
 _19409_/X
 _19410_/Y
 _19411_/Y
 _19412_/X
 _19413_/Y
 _19414_/X
 _19415_/Y
 _19416_/Y
 _19417_/X
 _19418_/Y
 _19419_/Y
 _19420_/Y
 _19421_/Y
 _19422_/X
 _19423_/Y
 _19424_/X
 _19425_/X
 _19426_/X
 _19427_/Y
 _19428_/X
 _19429_/Y
 _19430_/Y
 _19431_/Y
 _19432_/Y
 _19433_/X
 _19434_/X
 _19435_/Y
 _19436_/X
 _19437_/Y
 _19438_/Y
 _19439_/X
 _19440_/X
 _19441_/Y
 _19442_/X
 _19443_/Y
 _19444_/X
 _19445_/Y
 _19446_/X
 _19447_/X
 _19448_/X
 _19449_/Y
 _19450_/Y
 _19451_/Y
 _19452_/Y
 _19453_/Y
 _19454_/X
 _19455_/X
 _19456_/Y
 _19457_/Y
 _19458_/X
 _19459_/Y
 _19460_/Y
 _19461_/Y
 _19462_/Y
 _19463_/Y
 _19464_/X
 _19465_/X
 _19466_/Y
 _19467_/Y
 _19468_/X
 _19469_/X
 _19470_/X
 _19471_/Y
 _19472_/X
 _19473_/Y
 _19474_/Y
 _19475_/X
 _19476_/X
 _19477_/Y
 _19478_/Y
 _19479_/Y
 _19480_/Y
 _19481_/Y
 _19482_/X
 _19483_/Y
 _19484_/X
 _19485_/Y
 _19486_/X
 _19487_/Y
 _19488_/X
 _19489_/X
 _19490_/Y
 _19491_/Y
 _19492_/Y
 _19493_/X
 _19494_/Y
 _19495_/X
 _19496_/X
 _19497_/Y
 _19498_/X
 _19499_/X
 _19500_/Y
 _19501_/X
 _19502_/X
 _19503_/Y
 _19504_/X
 _19505_/Y
 _19506_/X
 _19507_/X
 _19508_/Y
 _19509_/Y
 _19510_/Y
 _19511_/X
 _19512_/X
 _19513_/X
 _19514_/Y
 _19515_/Y
 _19516_/X
 _19517_/Y
 _19518_/X
 _19519_/X
 _19520_/X
 _19521_/Y
 _19522_/Y
 _19523_/X
 _19524_/X
 _19525_/X
 _19526_/Y
 _19527_/Y
 _19528_/X
 _19529_/X
 _19530_/Y
 _19531_/X
 _19532_/Y
 _19533_/X
 _19534_/X
 _19535_/Y
 _19536_/Y
 _19537_/Y
 _19538_/Y
 _19539_/X
 _19540_/Y
 _19541_/Y
 _19542_/Y
 _19543_/Y
 _19544_/X
 _19545_/Y
 _19546_/X
 _19547_/Y
 _19548_/Y
 _19549_/X
 _19550_/Y
 _19551_/Y
 _19552_/X
 _19553_/Y
 _19554_/X
 _19555_/X
 _19556_/Y
 _19557_/X
 _19558_/X
 _19559_/X
 _19560_/Y
 _19561_/X
 _19562_/X
 _19563_/X
 _19564_/X
 _19565_/Y
 _19566_/X
 _19567_/Y
 _19568_/X
 _19569_/X
 _19570_/Y
 _19571_/X
 _19572_/X
 _19573_/X
 _19574_/Y
 _19575_/X
 _19576_/Y
 _19577_/Y
 _19578_/X
 _19579_/Y
 _19580_/Y
 _19581_/X
 _19582_/Y
 _19583_/X
 _19584_/Y
 _19585_/Y
 _19586_/X
 _19587_/Y
 _19588_/X
 _19589_/X
 _19590_/X
 _19591_/X
 _19592_/X
 _19593_/Y
 _19594_/X
 _19595_/X
 _19596_/X
 _19597_/Y
 _19598_/Y
 _19599_/X
 _19600_/Y
 _19601_/X
 _19602_/Y
 _19603_/Y
 _19604_/X
 _19605_/X
 _19606_/Y
 _19607_/Y
 _19608_/Y
 _19609_/Y
 _19610_/Y
 _19611_/Y
 _19612_/X
 _19613_/X
 _19614_/X
 _19615_/Y
 _19616_/Y
 _19617_/Y
 _19618_/Y
 _19619_/X
 _19620_/X
 _19621_/Y
 _19622_/Y
 _19623_/Y
 _19624_/Y
 _19625_/Y
 _19626_/X
 _19627_/Y
 _19628_/Y
 _19629_/X
 _19630_/X
 _19631_/X
 _19632_/X
 _19633_/Y
 _19634_/X
 _19635_/Y
 _19636_/X
 _19637_/X
 _19638_/Y
 _19639_/X
 _19640_/X
 _19641_/Y
 _19642_/X
 _19643_/Y
 _19644_/Y
 _19645_/X
 _19646_/Y
 _19647_/X
 _19648_/X
 _19649_/X
 _19650_/Y
 _19651_/X
 _19652_/X
 _19653_/X
 _19654_/Y
 _19655_/Y
 _19656_/Y
 _19657_/Y
 _19658_/Y
 _19659_/Y
 _19660_/X
 _19661_/Y
 _19662_/Y
 _19663_/Y
 _19664_/Y
 _19665_/X
 _19666_/Y
 _19667_/X
 _19668_/X
 _19669_/Y
 _19670_/Y
 _19671_/X
 _19672_/X
 _19673_/Y
 _19674_/X
 _19675_/X
 _19676_/X
 _19677_/X
 _19678_/X
 _19679_/Y
 _19680_/X
 _19681_/X
 _19682_/Y
 _19683_/Y
 _19684_/X
 _19685_/X
 _19686_/Y
 _19687_/X
 _19688_/X
 _19689_/Y
 _19690_/X
 _19691_/Y
 _19692_/X
 _19693_/X
 _19694_/X
 _19695_/X
 _19696_/X
 _19697_/X
 _19698_/Y
 _19699_/X
 _19700_/X
 _19701_/X
 _19702_/X
 _19703_/Y
 _19704_/X
 _19705_/X
 _19706_/Y
 _19707_/X
 _19708_/X
 _19709_/X
 _19710_/X
 _19711_/Y
 _19712_/X
 _19713_/Y
 _19714_/X
 _19715_/Y
 _19716_/Y
 _19717_/X
 _19718_/X
 _19719_/X
 _19720_/Y
 _19721_/X
 _19722_/Y
 _19723_/Y
 _19724_/Y
 _19725_/X
 _19726_/X
 _19727_/X
 _19728_/X
 _19729_/Y
 _19730_/Y
 _19731_/X
 _19732_/Y
 _19733_/X
 _19734_/X
 _19735_/X
 _19736_/X
 _19737_/Y
 _19738_/Y
 _19739_/Y
 _19740_/Y
 _19741_/X
 _19742_/X
 _19743_/X
 _19744_/Y
 _19745_/Y
 _19746_/X
 _19747_/X
 _19748_/X
 _19749_/X
 _19750_/Y
 _19751_/X
 _19752_/Y
 _19753_/X
 _19754_/Y
 _19755_/X
 _19756_/Y
 _19757_/X
 _19758_/Y
 _19759_/X
 _19760_/Y
 _19761_/Y
 _19762_/X
 _19763_/X
 _19764_/Y
 _19765_/Y
 _19766_/Y
 _19767_/Y
 _19768_/Y
 _19769_/Y
 _19770_/X
 _19771_/Y
 _19772_/X
 _19773_/Y
 _19774_/Y
 _19775_/X
 _19776_/Y
 _19777_/X
 _19778_/Y
 _19779_/X
 _19780_/Y
 _19781_/Y
 _19782_/X
 _19783_/Y
 _19784_/X
 _19785_/X
 _19786_/Y
 _19787_/X
 _19788_/X
 _19789_/X
 _19790_/X
 _19791_/Y
 _19792_/X
 _19793_/Y
 _19794_/X
 _19795_/Y
 _19796_/X
 _19797_/X
 _19798_/Y
 _19799_/Y
 _19800_/Y
 _19801_/Y
 _19802_/X
 _19803_/X
 _19804_/X
 _19805_/Y
 _19806_/Y
 _19807_/X
 _19808_/Y
 _19809_/X
 _19810_/X
 _19811_/X
 _19812_/X
 _19813_/Y
 _19814_/Y
 _19815_/Y
 _19816_/X
 _19817_/X
 _19818_/X
 _19819_/Y
 _19820_/X
 _19821_/X
 _19822_/X
 _19823_/X
 _19824_/Y
 _19825_/X
 _19826_/X
 _19827_/X
 _19828_/Y
 _19829_/X
 _19830_/Y
 _19831_/Y
 _19832_/Y
 _19833_/Y
 _19834_/X
 _19835_/Y
 _19836_/X
 _19837_/X
 _19838_/Y
 _19839_/Y
 _19840_/Y
 _19841_/X
 _19842_/Y
 _19843_/Y
 _19844_/Y
 _19845_/X
 _19846_/X
 _19847_/X
 _19848_/Y
 _19849_/Y
 _19850_/Y
 _19851_/Y
 _19852_/X
 _19853_/X
 _19854_/X
 _19855_/X
 _19856_/Y
 _19857_/Y
 _19858_/Y
 _19859_/Y
 _19860_/X
 _19861_/Y
 _19862_/Y
 _19863_/Y
 _19864_/Y
 _19865_/Y
 _19866_/X
 _19867_/X
 _19868_/Y
 _19869_/Y
 _19870_/X
 _19871_/X
 _19872_/X
 _19873_/X
 _19874_/Y
 _19875_/X
 _19876_/X
 _19877_/X
 _19878_/X
 _19879_/Y
 _19880_/Y
 _19881_/Y
 _19882_/Y
 _19883_/Y
 _19884_/Y
 _19885_/X
 _19886_/Y
 _19887_/X
 _19888_/Y
 _19889_/X
 _19890_/Y
 _19891_/X
 _19892_/X
 _19893_/Y
 _19894_/Y
 _19895_/X
 _19896_/X
 _19897_/X
 _19898_/Y
 _19899_/X
 _19900_/Y
 _19901_/Y
 _19902_/Y
 _19903_/Y
 _19904_/X
 _19905_/Y
 _19906_/Y
 _19907_/X
 _19908_/Y
 _19909_/Y
 _19910_/Y
 _19911_/X
 _19912_/X
 _19913_/X
 _19914_/X
 _19915_/Y
 _19916_/Y
 _19917_/X
 _19918_/Y
 _19919_/Y
 _19920_/X
 _19921_/Y
 _19922_/X
 _19923_/Y
 _19924_/Y
 _19925_/Y
 _19926_/Y
 _19927_/Y
 _19928_/X
 _19929_/X
 _19930_/X
 _19931_/Y
 _19932_/Y
 _19933_/X
 _19934_/X
 _19935_/X
 _19936_/X
 _19937_/Y
 _19938_/Y
 _19939_/X
 _19940_/X
 _19941_/X
 _19942_/X
 _19943_/Y
 _19944_/Y
 _19945_/Y
 _19946_/X
 _19947_/Y
 _19948_/X
 _19949_/X
 _19950_/Y
 _19951_/Y
 _19952_/Y
 _19953_/Y
 _19954_/X
 _19955_/X
 _19956_/X
 _19957_/X
 _19958_/X
 _19959_/Y
 _19960_/X
 _19961_/Y
 _19962_/Y
 _19963_/X
 _19964_/Y
 _19965_/X
 _19966_/X
 _19967_/X
 _19968_/Y
 _19969_/Y
 _19970_/X
 _19971_/Y
 _19972_/Y
 _19973_/X
 _19974_/Y
 _19975_/X
 _19976_/X
 _19977_/Y
 _19978_/Y
 _19979_/X
 _19980_/Y
 _19981_/Y
 _19982_/Y
 _19983_/Y
 _19984_/X
 _19985_/Y
 _19986_/Y
 _19987_/X
 _19988_/Y
 _19989_/X
 _19990_/Y
 _19991_/X
 _19992_/Y
 _19993_/X
 _19994_/Y
 _19995_/Y
 _19996_/Y
 _19997_/Y
 _19998_/Y
 _19999_/X
 _20000_/Y
 _20001_/X
 _20002_/X
 _20003_/X
 _20004_/Y
 _20005_/X
 _20006_/X
 _20007_/Y
 _20008_/Y
 _20009_/X
 _20010_/X
 _20011_/Y
 _20012_/X
 _20013_/Y
 _20014_/X
 _20015_/X
 _20016_/X
 _20017_/X
 _20018_/X
 _20019_/X
 _20020_/Y
 _20021_/X
 _20022_/X
 _20023_/Y
 _20024_/Y
 _20025_/Y
 _20026_/Y
 _20027_/X
 _20028_/Y
 _20029_/Y
 _20030_/X
 _20031_/Y
 _20032_/X
 _20033_/Y
 _20034_/Y
 _20035_/Y
 _20036_/X
 _20037_/X
 _20038_/X
 _20039_/Y
 _20040_/Y
 _20041_/X
 _20042_/X
 _20043_/X
 _20044_/Y
 _20045_/Y
 _20046_/X
 _20047_/X
 _20048_/X
 _20049_/X
 _20050_/Y
 _20051_/X
 _20052_/Y
 _20053_/X
 _20054_/Y
 _20055_/X
 _20056_/Y
 _20057_/X
 _20058_/X
 _20059_/Y
 _20060_/X
 _20061_/X
 _20062_/X
 _20063_/Y
 _20064_/Y
 _20065_/Y
 _20066_/X
 _20067_/X
 _20068_/Y
 _20069_/Y
 _20070_/Y
 _20071_/Y
 _20072_/X
 _20073_/Y
 _20074_/Y
 _20075_/X
 _20076_/Y
 _20077_/Y
 _20078_/Y
 _20079_/X
 _20080_/X
 _20081_/Y
 _20082_/X
 _20083_/Y
 _20084_/X
 _20085_/X
 _20086_/X
 _20087_/Y
 _20088_/X
 _20089_/Y
 _20090_/Y
 _20091_/Y
 _20092_/Y
 _20093_/Y
 _20094_/Y
 _20095_/X
 _20096_/X
 _20097_/Y
 _20098_/X
 _20099_/Y
 _20100_/X
 _20101_/Y
 _20102_/Y
 _20103_/Y
 _20104_/X
 _20105_/Y
 _20106_/Y
 _20107_/Y
 _20108_/X
 _20109_/X
 _20110_/X
 _20111_/X
 _20112_/X
 _20113_/Y
 _20114_/X
 _20115_/X
 _20116_/Y
 _20117_/X
 _20118_/Y
 _20119_/Y
 _20120_/Y
 _20121_/Y
 _20122_/Y
 _20123_/X
 _20124_/Y
 _20125_/X
 _20126_/Y
 _20127_/Y
 _20128_/X
 _20129_/Y
 _20130_/X
 _20131_/Y
 _20132_/Y
 _20133_/Y
 _20134_/X
 _20135_/Y
 _20136_/X
 _20137_/Y
 _20138_/Y
 _20139_/X
 _20140_/Y
 _20141_/X
 _20142_/Y
 _20143_/X
 _20144_/X
 _20145_/Y
 _20146_/Y
 _20147_/Y
 _20148_/X
 _20149_/X
 _20150_/Y
 _20151_/X
 _20152_/X
 _20153_/X
 _20154_/X
 _20155_/Y
 _20156_/X
 _20157_/X
 _20158_/Y
 _20159_/Y
 _20160_/X
 _20161_/Y
 _20162_/X
 _20163_/Y
 _20164_/Y
 _20165_/X
 _20166_/X
 _20167_/Y
 _20168_/X
 _20169_/Y
 _20170_/Y
 _20171_/Y
 _20172_/X
 _20173_/X
 _20174_/X
 _20175_/Y
 _20176_/Y
 _20177_/X
 _20178_/X
 _20179_/Y
 _20180_/Y
 _20181_/X
 _20182_/Y
 _20183_/X
 _20184_/Y
 _20185_/Y
 _20186_/X
 _20187_/Y
 _20188_/Y
 _20189_/Y
 _20190_/Y
 _20191_/Y
 _20192_/X
 _20193_/Y
 _20194_/X
 _20195_/Y
 _20196_/Y
 _20197_/Y
 _20198_/Y
 _20199_/X
 _20200_/X
 _20201_/Y
 _20202_/X
 _20203_/X
 _20204_/X
 _20205_/Y
 _20206_/X
 _20207_/X
 _20208_/X
 _20209_/X
 _20210_/Y
 _20211_/X
 _20212_/X
 _20213_/Y
 _20214_/X
 _20215_/X
 _20216_/Y
 _20217_/X
 _20218_/X
 _20219_/Y
 _20220_/Y
 _20221_/Y
 _20222_/Y
 _20223_/X
 _20224_/Y
 _20225_/X
 _20226_/Y
 _20227_/Y
 _20228_/X
 _20229_/Y
 _20230_/X
 _20231_/Y
 _20232_/Y
 _20233_/Y
 _20234_/X
 _20235_/X
 _20236_/Y
 _20237_/Y
 _20238_/Y
 _20239_/X
 _20240_/X
 _20241_/X
 _20242_/X
 _20243_/Y
 _20244_/X
 _20245_/X
 _20246_/Y
 _20247_/Y
 _20248_/Y
 _20249_/Y
 _20250_/Y
 _20251_/X
 _20252_/X
 _20253_/Y
 _20254_/Y
 _20255_/X
 _20256_/Y
 _20257_/X
 _20258_/X
 _20259_/Y
 _20260_/X
 _20261_/Y
 _20262_/Y
 _20263_/X
 _20264_/X
 _20265_/Y
 _20266_/X
 _20267_/Y
 _20268_/X
 _20269_/X
 _20270_/Y
 _20271_/X
 _20272_/X
 _20273_/Y
 _20274_/Y
 _20275_/X
 _20276_/X
 _20277_/Y
 _20278_/Y
 _20279_/Y
 _20280_/X
 _20281_/X
 _20282_/X
 _20283_/Y
 _20284_/Y
 _20285_/X
 _20286_/X
 _20287_/X
 _20288_/Y
 _20289_/Y
 _20290_/Y
 _20291_/X
 _20292_/X
 _20293_/X
 _20294_/Y
 _20295_/X
 _20296_/Y
 _20297_/X
 _20298_/X
 _20299_/X
 _20300_/Y
 _20301_/Y
 _20302_/Y
 _20303_/X
 _20304_/X
 _20305_/X
 _20306_/Y
 _20307_/X
 _20308_/X
 _20309_/X
 _20310_/Y
 _20311_/X
 _20312_/X
 _20313_/Y
 _20314_/X
 _20315_/Y
 _20316_/Y
 _20317_/Y
 _20318_/Y
 _20319_/Y
 _20320_/Y
 _20321_/X
 _20322_/X
 _20323_/X
 _20324_/Y
 _20325_/Y
 _20326_/X
 _20327_/X
 _20328_/Y
 _20329_/X
 _20330_/X
 _20331_/X
 _20332_/X
 _20333_/Y
 _20334_/X
 _20335_/X
 _20336_/Y
 _20337_/Y
 _20338_/Y
 _20339_/X
 _20340_/Y
 _20341_/Y
 _20342_/X
 _20343_/X
 _20344_/Y
 _20345_/X
 _20346_/X
 _20347_/Y
 _20348_/X
 _20349_/X
 _20350_/X
 _20351_/Y
 _20352_/X
 _20353_/X
 _20354_/X
 _20355_/X
 _20356_/Y
 _20357_/Y
 _20358_/X
 _20359_/X
 _20360_/Y
 _20361_/X
 _20362_/Y
 _20363_/X
 _20364_/X
 _20365_/X
 _20366_/X
 _20367_/X
 _20368_/X
 _20369_/X
 _20370_/X
 _20371_/Y
 _20372_/Y
 _20373_/X
 _20374_/X
 _20375_/Y
 _20376_/X
 _20377_/Y
 _20378_/Y
 _20379_/Y
 _20380_/Y
 _20381_/Y
 _20382_/Y
 _20383_/X
 _20384_/X
 _20385_/X
 _20386_/Y
 _20387_/Y
 _20388_/X
 _20389_/X
 _20390_/Y
 _20391_/Y
 _20392_/Y
 _20393_/Y
 _20394_/X
 _20395_/X
 _20396_/Y
 _20397_/Y
 _20398_/Y
 _20399_/X
 _20400_/X
 _20401_/X
 _20402_/Y
 _20403_/X
 _20404_/Y
 _20405_/X
 _20406_/Y
 _20407_/Y
 _20408_/X
 _20409_/Y
 _20410_/X
 _20411_/X
 _20412_/Y
 _20413_/Y
 _20414_/Y
 _20415_/X
 _20416_/Y
 _20417_/Y
 _20418_/X
 _20419_/Y
 _20420_/X
 _20421_/X
 _20422_/Y
 _20423_/X
 _20424_/Y
 _20425_/X
 _20426_/Y
 _20427_/X
 _20428_/X
 _20429_/Y
 _20430_/Y
 _20431_/X
 _20432_/Y
 _20433_/Y
 _20434_/X
 _20435_/X
 _20436_/X
 _20437_/Y
 _20438_/Y
 _20439_/Y
 _20440_/Y
 _20441_/X
 _20442_/X
 _20443_/Y
 _20444_/X
 _20445_/Y
 _20446_/X
 _20447_/X
 _20448_/Y
 _20449_/Y
 _20450_/Y
 _20451_/X
 _20452_/X
 _20453_/Y
 _20454_/X
 _20455_/X
 _20456_/Y
 _20457_/X
 _20458_/Y
 _20459_/Y
 _20460_/Y
 _20461_/Y
 _20462_/Y
 _20463_/Y
 _20464_/X
 _20465_/Y
 _20466_/Y
 _20467_/Y
 _20468_/Y
 _20469_/Y
 _20470_/X
 _20471_/X
 _20472_/Y
 _20473_/Y
 _20474_/X
 _20475_/X
 _20476_/Y
 _20477_/X
 _20478_/X
 _20479_/X
 _20480_/Y
 _20481_/X
 _20482_/Y
 _20483_/X
 _20484_/Y
 _20485_/X
 _20486_/Y
 _20487_/Y
 _20488_/X
 _20489_/X
 _20490_/Y
 _20491_/Y
 _20492_/X
 _20493_/X
 _20494_/X
 _20495_/X
 _20496_/X
 _20497_/Y
 _20498_/X
 _20499_/X
 _20500_/X
 _20501_/X
 _20502_/Y
 _20503_/X
 _20504_/X
 _20505_/X
 _20506_/Y
 _20507_/Y
 _20508_/Y
 _20509_/X
 _20510_/X
 _20511_/Y
 _20512_/Y
 _20513_/X
 _20514_/X
 _20515_/X
 _20516_/X
 _20517_/X
 _20518_/X
 _20519_/Y
 _20520_/Y
 _20521_/X
 _20522_/Y
 _20523_/Y
 _20524_/Y
 _20525_/Y
 _20526_/X
 _20527_/X
 _20528_/Y
 _20529_/Y
 _20530_/X
 _20531_/Y
 _20532_/Y
 _20533_/X
 _20534_/Y
 _20535_/X
 _20536_/Y
 _20537_/X
 _20538_/X
 _20539_/Y
 _20540_/X
 _20541_/Y
 _20542_/X
 _20543_/X
 _20544_/X
 _20545_/X
 _20546_/X
 _20547_/Y
 _20548_/Y
 _20549_/X
 _20550_/Y
 _20551_/X
 _20552_/X
 _20553_/X
 _20554_/Y
 _20555_/Y
 _20556_/X
 _20557_/Y
 _20558_/X
 _20559_/Y
 _20560_/X
 _20561_/X
 _20562_/Y
 _20563_/Y
 _20564_/X
 _20565_/X
 _20566_/X
 _20567_/Y
 _20568_/X
 _20569_/X
 _20570_/X
 _20571_/Y
 _20572_/X
 _20573_/Y
 _20574_/X
 _20575_/X
 _20576_/Y
 _20577_/Y
 _20578_/X
 _20579_/X
 _20580_/X
 _20581_/X
 _20582_/Y
 _20583_/X
 _20584_/X
 _20585_/X
 _20586_/X
 _20587_/Y
 _20588_/X
 _20589_/X
 _20590_/Y
 _20591_/Y
 _20592_/Y
 _20593_/X
 _20594_/X
 _20595_/X
 _20596_/Y
 _20597_/X
 _20598_/Y
 _20599_/X
 _20600_/Y
 _20601_/X
 _20602_/Y
 _20603_/Y
 _20604_/Y
 _20605_/X
 _20606_/X
 _20607_/Y
 _20608_/Y
 _20609_/X
 _20610_/Y
 _20611_/Y
 _20612_/X
 _20613_/X
 _20614_/X
 _20615_/Y
 _20616_/Y
 _20617_/Y
 _20618_/Y
 _20619_/X
 _20620_/X
 _20621_/X
 _20622_/Y
 _20623_/Y
 _20624_/X
 _20625_/X
 _20626_/Y
 _20627_/Y
 _20628_/X
 _20629_/Y
 _20630_/Y
 _20631_/Y
 _20632_/Y
 _20633_/Y
 _20634_/Y
 _20635_/Y
 _20636_/Y
 _20637_/Y
 _20638_/X
 _20639_/X
 _20640_/Y
 _20641_/X
 _20642_/Y
 _20643_/X
 _20644_/Y
 _20645_/Y
 _20646_/Y
 _20647_/X
 _20648_/Y
 _20649_/Y
 _20650_/Y
 _20651_/X
 _20652_/Y
 _20653_/X
 _20654_/X
 _20655_/X
 _20656_/X
 _20657_/X
 _20658_/Y
 _20659_/X
 _20660_/X
 _20661_/X
 _20662_/Y
 _20663_/Y
 _20664_/X
 _20665_/X
 _20666_/Y
 _20667_/X
 _20668_/X
 _20669_/X
 _20670_/Y
 _20671_/X
 _20672_/X
 _20673_/X
 _20674_/Y
 _20675_/X
 _20676_/Y
 _20677_/X
 _20678_/X
 _20679_/X
 _20680_/Y
 _20681_/Y
 _20682_/Y
 _20683_/X
 _20684_/Y
 _20685_/X
 _20686_/X
 _20687_/X
 _20688_/Y
 _20689_/X
 _20690_/Y
 _20691_/Y
 _20692_/Y
 _20693_/X
 _20694_/Y
 _20695_/X
 _20696_/Y
 _20697_/Y
 _20698_/Y
 _20699_/X
 _20700_/X
 _20701_/Y
 _20702_/X
 _20703_/X
 _20704_/X
 _20705_/Y
 _20706_/X
 _20707_/X
 _20708_/Y
 _20709_/X
 _20710_/X
 _20711_/X
 _20712_/Y
 _20713_/X
 _20714_/Y
 _20715_/Y
 _20716_/Y
 _20717_/X
 _20718_/X
 _20719_/Y
 _20720_/Y
 _20721_/Y
 _20722_/X
 _20723_/X
 _20724_/Y
 _20725_/Y
 _20726_/Y
 _20727_/Y
 _20728_/X
 _20729_/Y
 _20730_/Y
 _20731_/Y
 _20732_/Y
 _20733_/X
 _20734_/X
 _20735_/X
 _20736_/Y
 _20737_/Y
 _20738_/X
 _20739_/Y
 _20740_/Y
 _20741_/X
 _20742_/Y
 _20743_/Y
 _20744_/Y
 _20745_/Y
 _20746_/X
 _20747_/Y
 _20748_/Y
 _20749_/X
 _20750_/Y
 _20751_/Y
 _20752_/X
 _20753_/Y
 _20754_/Y
 _20755_/X
 _20756_/X
 _20757_/Y
 _20758_/X
 _20759_/X
 _20760_/X
 _20761_/X
 _20762_/X
 _20763_/X
 _20764_/X
 _20765_/Y
 _20766_/Y
 _20767_/X
 _20768_/X
 _20769_/X
 _20770_/X
 _20771_/Y
 _20772_/Y
 _20773_/X
 _20774_/X
 _20775_/X
 _20776_/Y
 _20777_/Y
 _20778_/Y
 _20779_/Y
 _20780_/X
 _20781_/X
 _20782_/Y
 _20783_/Y
 _20784_/X
 _20785_/X
 _20786_/X
 _20787_/X
 _20788_/Y
 _20789_/Y
 _20790_/Y
 _20791_/X
 _20792_/Y
 _20793_/X
 _20794_/Y
 _20795_/Y
 _20796_/Y
 _20797_/Y
 _20798_/X
 _20799_/Y
 _20800_/X
 _20801_/X
 _20802_/Y
 _20803_/X
 _20804_/Y
 _20805_/X
 _20806_/Y
 _20807_/Y
 _20808_/Y
 _20809_/Y
 _20810_/Y
 _20811_/Y
 _20812_/Y
 _20813_/Y
 _20814_/Y
 _20815_/X
 _20816_/X
 _20817_/X
 _20818_/X
 _20819_/X
 _20820_/X
 _20821_/Y
 _20822_/X
 _20823_/X
 _20824_/X
 _20825_/X
 _20826_/X
 _20827_/X
 _20828_/Y
 _20829_/Y
 _20830_/Y
 _20831_/Y
 _20832_/X
 _20833_/X
 _20834_/Y
 _20835_/Y
 _20836_/Y
 _20837_/Y
 _20838_/X
 _20839_/X
 _20840_/Y
 _20841_/Y
 _20842_/Y
 _20843_/X
 _20844_/Y
 _20845_/Y
 _20846_/Y
 _20847_/X
 _20848_/X
 _20849_/X
 _20850_/X
 _20851_/Y
 _20852_/X
 _20853_/Y
 _20854_/X
 _20855_/Y
 _20856_/Y
 _20857_/Y
 _20858_/X
 _20859_/X
 _20860_/X
 _20861_/Y
 _20862_/Y
 _20863_/Y
 _20864_/X
 _20865_/X
 _20866_/Y
 _20867_/X
 _20868_/Y
 _20869_/X
 _20870_/X
 _20871_/Y
 _20872_/X
 _20873_/Y
 _20874_/X
 _20875_/X
 _20876_/X
 _20877_/X
 _20878_/Y
 _20879_/X
 _20880_/X
 _20881_/Y
 _20882_/X
 _20883_/Y
 _20884_/X
 _20885_/X
 _20886_/X
 _20887_/Y
 _20888_/X
 _20889_/X
 _20890_/Y
 _20891_/X
 _20892_/Y
 _20893_/Y
 _20894_/X
 _20895_/Y
 _20896_/X
 _20897_/X
 _20898_/Y
 _20899_/X
 _20900_/Y
 _20901_/X
 _20902_/Y
 _20903_/Y
 _20904_/X
 _20905_/X
 _20906_/Y
 _20907_/X
 _20908_/X
 _20909_/Y
 _20910_/Y
 _20911_/Y
 _20912_/X
 _20913_/Y
 _20914_/Y
 _20915_/Y
 _20916_/X
 _20917_/X
 _20918_/X
 _20919_/Y
 _20920_/X
 _20921_/Y
 _20922_/Y
 _20923_/X
 _20924_/X
 _20925_/X
 _20926_/X
 _20927_/Y
 _20928_/X
 _20929_/Y
 _20930_/X
 _20931_/X
 _20932_/X
 _20933_/Y
 _20934_/X
 _20935_/Y
 _20936_/Y
 _20937_/Y
 _20938_/Y
 _20939_/Y
 _20940_/Y
 _20941_/X
 _20942_/X
 _20943_/Y
 _20944_/Y
 _20945_/X
 _20946_/Y
 _20947_/Y
 _20948_/X
 _20949_/Y
 _20950_/Y
 _20951_/X
 _20952_/Y
 _20953_/X
 _20954_/Y
 _20955_/Y
 _20956_/X
 _20957_/Y
 _20958_/Y
 _20959_/X
 _20960_/X
 _20961_/X
 _20962_/X
 _20963_/Y
 _20964_/X
 _20965_/X
 _20966_/Y
 _20967_/Y
 _20968_/X
 _20969_/Y
 _20970_/X
 _20971_/Y
 _20972_/Y
 _20973_/X
 _20974_/Y
 _20975_/X
 _20976_/Y
 _20977_/X
 _20978_/Y
 _20979_/Y
 _20980_/Y
 _20981_/Y
 _20982_/Y
 _20983_/X
 _20984_/Y
 _20985_/Y
 _20986_/Y
 _20987_/X
 _20988_/Y
 _20989_/X
 _20990_/X
 _20991_/Y
 _20992_/X
 _20993_/X
 _20994_/Y
 _20995_/Y
 _20996_/X
 _20997_/X
 _20998_/X
 _20999_/Y
 _21000_/X
 _21001_/Y
 _21002_/X
 _21003_/X
 _21004_/Y
 _21005_/Y
 _21006_/Y
 _21007_/Y
 _21008_/Y
 _21009_/X
 _21010_/X
 _21011_/Y
 _21012_/X
 _21013_/Y
 _21014_/X
 _21015_/Y
 _21016_/X
 _21017_/Y
 _21018_/X
 _21019_/Y
 _21020_/X
 _21021_/Y
 _21022_/X
 _21023_/X
 _21024_/Y
 _21025_/X
 _21026_/Y
 _21027_/X
 _21028_/Y
 _21029_/X
 _21030_/X
 _21031_/X
 _21032_/X
 _21033_/Y
 _21034_/X
 _21035_/Y
 _21036_/Y
 _21037_/Y
 _21038_/X
 _21039_/Y
 _21040_/Y
 _21041_/X
 _21042_/X
 _21043_/Y
 _21044_/Y
 _21045_/Y
 _21046_/Y
 _21047_/Y
 _21048_/X
 _21049_/X
 _21050_/Y
 _21051_/Y
 _21052_/Y
 _21053_/Y
 _21054_/X
 _21055_/X
 _21056_/Y
 _21057_/Y
 _21058_/X
 _21059_/Y
 _21060_/X
 _21061_/X
 _21062_/X
 _21063_/Y
 _21064_/Y
 _21065_/X
 _21066_/Y
 _21067_/X
 _21068_/Y
 _21069_/Y
 _21070_/Y
 _21071_/Y
 _21072_/Y
 _21073_/Y
 _21074_/Y
 _21075_/X
 _21076_/X
 _21077_/Y
 _21078_/Y
 _21079_/X
 _21080_/Y
 _21081_/X
 _21082_/X
 _21083_/X
 _21084_/X
 _21085_/Y
 _21086_/Y
 _21087_/Y
 _21088_/X
 _21089_/Y
 _21090_/X
 _21091_/Y
 _21092_/X
 _21093_/X
 _21094_/Y
 _21095_/X
 _21096_/X
 _21097_/X
 _21098_/Y
 _21099_/Y
 _21100_/X
 _21101_/Y
 _21102_/X
 _21103_/Y
 _21104_/X
 _21105_/Y
 _21106_/Y
 _21107_/Y
 _21108_/Y
 _21109_/Y
 _21110_/X
 _21111_/X
 _21112_/Y
 _21113_/Y
 _21114_/Y
 _21115_/Y
 _21116_/Y
 _21117_/X
 _21118_/Y
 _21119_/X
 _21120_/Y
 _21121_/X
 _21122_/Y
 _21123_/X
 _21124_/Y
 _21125_/X
 _21126_/X
 _21127_/Y
 _21128_/X
 _21129_/Y
 _21130_/X
 _21131_/Y
 _21132_/X
 _21133_/Y
 _21134_/X
 _21135_/Y
 _21136_/Y
 _21137_/X
 _21138_/Y
 _21139_/X
 _21140_/X
 _21141_/X
 _21142_/X
 _21143_/Y
 _21144_/Y
 _21145_/Y
 _21146_/Y
 _21147_/Y
 _21148_/Y
 _21149_/X
 _21150_/Y
 _21151_/X
 _21152_/X
 _21153_/Y
 _21154_/Y
 _21155_/Y
 _21156_/X
 _21157_/Y
 _21158_/X
 _21159_/Y
 _21160_/X
 _21161_/Y
 _21162_/Y
 _21163_/Y
 _21164_/X
 _21165_/Y
 _21166_/Y
 _21167_/Y
 _21168_/X
 _21169_/Y
 _21170_/Y
 _21171_/X
 _21172_/Y
 _21173_/Y
 _21174_/Y
 _21175_/Y
 _21176_/Y
 _21177_/X
 _21178_/Y
 _21179_/Y
 _21180_/X
 _21181_/Y
 _21182_/X
 _21183_/Y
 _21184_/Y
 _21185_/Y
 _21186_/Y
 _21187_/Y
 _21188_/Y
 _21189_/X
 _21190_/X
 _21191_/Y
 _21192_/Y
 _21193_/X
 _21194_/Y
 _21195_/X
 _21196_/Y
 _21197_/X
 _21198_/Y
 _21199_/Y
 _21200_/Y
 _21201_/Y
 _21202_/Y
 _21203_/X
 _21204_/Y
 _21205_/X
 _21206_/X
 _21207_/Y
 _21208_/Y
 _21209_/X
 _21210_/X
 _21211_/Y
 _21212_/Y
 _21213_/Y
 _21214_/X
 _21215_/X
 _21216_/Y
 _21217_/X
 _21218_/Y
 _21219_/Y
 _21220_/Y
 _21221_/X
 _21222_/Y
 _21223_/Y
 _21224_/X
 _21225_/X
 _21226_/Y
 _21227_/Y
 _21228_/Y
 _21229_/Y
 _21230_/Y
 _21231_/Y
 _21232_/X
 _21233_/X
 _21234_/X
 _21235_/Y
 _21236_/Y
 _21237_/X
 _21238_/Y
 _21239_/Y
 _21240_/Y
 _21241_/Y
 _21242_/X
 _21243_/X
 _21244_/Y
 _21245_/Y
 _21246_/X
 _21247_/Y
 _21248_/X
 _21249_/X
 _21250_/Y
 _21251_/Y
 _21252_/Y
 _21253_/Y
 _21254_/Y
 _21255_/Y
 _21256_/X
 _21257_/Y
 _21258_/Y
 _21259_/X
 _21260_/Y
 _21261_/Y
 _21262_/Y
 _21263_/Y
 _21264_/X
 _21265_/Y
 _21266_/X
 _21267_/Y
 _21268_/Y
 _21269_/Y
 _21270_/Y
 _21271_/X
 _21272_/Y
 _21273_/Y
 _21274_/Y
 _21275_/X
 _21276_/X
 _21277_/Y
 _21278_/Y
 _21279_/Y
 _21280_/X
 _21281_/Y
 _21282_/Y
 _21283_/X
 _21284_/Y
 _21285_/Y
 _21286_/X
 _21287_/X
 _21288_/Y
 _21289_/X
 _21290_/X
 _21291_/X
 _21292_/X
 _21293_/Y
 _21294_/X
 _21295_/X
 _21296_/Y
 _21297_/Y
 _21298_/X
 _21299_/X
 _21300_/Y
 _21301_/Y
 _21302_/X
 _21303_/Y
 _21304_/Y
 _21305_/X
 _21306_/Y
 _21307_/X
 _21308_/X
 _21309_/Y
 _21310_/X
 _21311_/X
 _21312_/Y
 _21313_/X
 _21314_/Y
 _21315_/X
 _21316_/X
 _21317_/X
 _21318_/Y
 _21319_/X
 _21320_/Y
 _21321_/Y
 _21322_/Y
 _21323_/Y
 _21324_/X
 _21325_/X
 _21326_/Y
 _21327_/X
 _21328_/X
 _21329_/Y
 _21330_/X
 _21331_/Y
 _21332_/Y
 _21333_/Y
 _21334_/X
 _21335_/Y
 _21336_/X
 _21337_/Y
 _21338_/Y
 _21339_/Y
 _21340_/Y
 _21341_/X
 _21342_/Y
 _21343_/Y
 _21344_/Y
 _21345_/Y
 _21346_/Y
 _21347_/Y
 _21348_/X
 _21349_/X
 _21350_/Y
 _21351_/Y
 _21352_/X
 _21353_/Y
 _21354_/X
 _21355_/X
 _21356_/Y
 _21357_/Y
 _21358_/X
 _21359_/X
 _21360_/X
 _21361_/Y
 _21362_/Y
 _21363_/X
 _21364_/X
 _21365_/Y
 _21366_/Y
 _21367_/Y
 _21368_/Y
 _21369_/X
 _21370_/Y
 _21371_/X
 _21372_/Y
 _21373_/Y
 _21374_/X
 _21375_/X
 _21376_/Y
 _21377_/X
 _21378_/Y
 _21379_/X
 _21380_/Y
 _21381_/Y
 _21382_/Y
 _21383_/Y
 _21384_/Y
 _21385_/X
 _21386_/Y
 _21387_/Y
 _21388_/Y
 _21389_/X
 _21390_/X
 _21391_/X
 _21392_/Y
 _21393_/Y
 _21394_/Y
 _21395_/Y
 _21396_/Y
 _21397_/X
 _21398_/X
 _21399_/Y
 _21400_/Y
 _21401_/X
 _21402_/X
 _21403_/X
 _21404_/Y
 _21405_/Y
 _21406_/X
 _21407_/X
 _21408_/Y
 _21409_/X
 _21410_/X
 _21411_/Y
 _21412_/X
 _21413_/Y
 _21414_/X
 _21415_/Y
 _21416_/Y
 _21417_/X
 _21418_/X
 _21419_/X
 _21420_/X
 _21421_/X
 _21422_/X
 _21423_/X
 _21424_/X
 _21425_/X
 _21426_/X
 _21427_/X
 _21428_/X
 _21429_/Y
 _21430_/X
 _21431_/Y
 _21432_/X
 _21433_/Y
 _21434_/X
 _21435_/Y
 _21436_/X
 _21437_/X
 _21438_/Y
 _21439_/Y
 _21440_/Y
 _21441_/X
 _21442_/X
 _21443_/X
 _21444_/Y
 _21445_/X
 _21446_/X
 _21447_/Y
 _21448_/Y
 _21449_/X
 _21450_/X
 _21451_/X
 _21452_/Y
 _21453_/Y
 _21454_/X
 _21455_/Y
 _21456_/Y
 _21457_/Y
 _21458_/X
 _21459_/X
 _21460_/Y
 _21461_/X
 _21462_/Y
 _21463_/Y
 _21464_/Y
 _21465_/Y
 _21466_/Y
 _21467_/Y
 _21468_/X
 _21469_/Y
 _21470_/Y
 _21471_/X
 _21472_/Y
 _21473_/X
 _21474_/X
 _21475_/X
 _21476_/Y
 _21477_/X
 _21478_/Y
 _21479_/Y
 _21480_/X
 _21481_/X
 _21482_/X
 _21483_/Y
 _21484_/X
 _21485_/X
 _21486_/X
 _21487_/X
 _21488_/Y
 _21489_/Y
 _21490_/Y
 _21491_/Y
 _21492_/X
 _21493_/Y
 _21494_/X
 _21495_/X
 _21496_/X
 _21497_/Y
 _21498_/Y
 _21499_/Y
 _21500_/Y
 _21501_/X
 _21502_/X
 _21503_/Y
 _21504_/X
 _21505_/Y
 _21506_/Y
 _21507_/Y
 _21508_/X
 _21509_/Y
 _21510_/X
 _21511_/Y
 _21512_/X
 _21513_/Y
 _21514_/Y
 _21515_/Y
 _21516_/Y
 _21517_/X
 _21518_/X
 _21519_/Y
 _21520_/Y
 _21521_/X
 _21522_/Y
 _21523_/Y
 _21524_/Y
 _21525_/Y
 _21526_/X
 _21527_/X
 _21528_/Y
 _21529_/X
 _21530_/X
 _21531_/X
 _21532_/Y
 _21533_/Y
 _21534_/Y
 _21535_/Y
 _21536_/Y
 _21537_/Y
 _21538_/Y
 _21539_/X
 _21540_/Y
 _21541_/Y
 _21542_/Y
 _21543_/Y
 _21544_/Y
 _21545_/Y
 _21546_/Y
 _21547_/Y
 _21548_/X
 _21549_/X
 _21550_/X
 _21551_/X
 _21552_/Y
 _21553_/X
 _21554_/X
 _21555_/Y
 _21556_/X
 _21557_/Y
 _21558_/Y
 _21559_/Y
 _21560_/Y
 _21561_/X
 _21562_/Y
 _21563_/Y
 _21564_/Y
 _21565_/X
 _21566_/X
 _21567_/X
 _21568_/Y
 _21569_/X
 _21570_/X
 _21571_/X
 _21572_/Y
 _21573_/X
 _21574_/X
 _21575_/X
 _21576_/X
 _21577_/Y
 _21578_/X
 _21579_/X
 _21580_/Y
 _21581_/X
 _21582_/X
 _21583_/X
 _21584_/X
 _21585_/X
 _21586_/X
 _21587_/X
 _21588_/Y
 _21589_/Y
 _21590_/X
 _21591_/X
 _21592_/X
 _21593_/X
 _21594_/X
 _21595_/Y
 _21596_/Y
 _21597_/Y
 _21598_/Y
 _21599_/X
 _21600_/Y
 _21601_/Y
 _21602_/X
 _21603_/Y
 _21604_/Y
 _21605_/Y
 _21606_/X
 _21607_/Y
 _21608_/Y
 _21609_/X
 _21610_/Y
 _21611_/X
 _21612_/X
 _21613_/Y
 _21614_/Y
 _21615_/Y
 _21616_/X
 _21617_/Y
 _21618_/Y
 _21619_/Y
 _21620_/X
 _21621_/Y
 _21622_/X
 _21623_/X
 _21624_/Y
 _21625_/Y
 _21626_/X
 _21627_/Y
 _21628_/X
 _21629_/Y
 _21630_/Y
 _21631_/X
 _21632_/X
 _21633_/Y
 _21634_/Y
 _21635_/Y
 _21636_/X
 _21637_/X
 _21638_/Y
 _21639_/X
 _21640_/X
 _21641_/X
 _21642_/X
 _21643_/X
 _21644_/X
 _21645_/Y
 _21646_/X
 _21647_/Y
 _21648_/X
 _21649_/Y
 _21650_/Y
 _21651_/Y
 _21652_/X
 _21653_/X
 _21654_/X
 _21655_/X
 _21656_/Y
 _21657_/X
 _21658_/X
 _21659_/X
 _21660_/Y
 _21661_/Y
 _21662_/X
 _21663_/Y
 _21664_/Y
 _21665_/Y
 _21666_/X
 _21667_/X
 _21668_/X
 _21669_/Y
 _21670_/X
 _21671_/X
 _21672_/Y
 _21673_/X
 _21674_/X
 _21675_/Y
 _21676_/Y
 _21677_/Y
 _21678_/Y
 _21679_/X
 _21680_/Y
 _21681_/X
 _21682_/Y
 _21683_/Y
 _21684_/X
 _21685_/Y
 _21686_/Y
 _21687_/X
 _21688_/X
 _21689_/X
 _21690_/X
 _21691_/Y
 _21692_/X
 _21693_/Y
 _21694_/X
 _21695_/Y
 _21696_/X
 _21697_/Y
 _21698_/X
 _21699_/X
 _21700_/X
 _21701_/X
 _21702_/X
 _21703_/Y
 _21704_/X
 _21705_/X
 _21706_/Y
 _21707_/Y
 _21708_/Y
 _21709_/X
 _21710_/Y
 _21711_/Y
 _21712_/Y
 _21713_/X
 _21714_/Y
 _21715_/X
 _21716_/Y
 _21717_/X
 _21718_/Y
 _21719_/X
 _21720_/X
 _21721_/X
 _21722_/X
 _21723_/Y
 _21724_/Y
 _21725_/X
 _21726_/Y
 _21727_/X
 _21728_/X
 _21729_/X
 _21730_/Y
 _21731_/X
 _21732_/Y
 _21733_/X
 _21734_/X
 _21735_/Y
 _21736_/X
 _21737_/Y
 _21738_/Y
 _21739_/Y
 _21740_/Y
 _21741_/X
 _21742_/X
 _21743_/X
 _21744_/X
 _21745_/Y
 _21746_/Y
 _21747_/X
 _21748_/X
 _21749_/X
 _21750_/Y
 _21751_/X
 _21752_/X
 _21753_/X
 _21754_/Y
 _21755_/Y
 _21756_/Y
 _21757_/X
 _21758_/Y
 _21759_/X
 _21760_/Y
 _21761_/X
 _21762_/X
 _21763_/Y
 _21764_/X
 _21765_/Y
 _21766_/X
 _21767_/X
 _21768_/Y
 _21769_/Y
 _21770_/Y
 _21771_/Y
 _21772_/Y
 _21773_/Y
 _21774_/Y
 _21775_/Y
 _21776_/X
 _21777_/X
 _21778_/Y
 _21779_/Y
 _21780_/Y
 _21781_/X
 _21782_/X
 _21783_/Y
 _21784_/Y
 _21785_/Y
 _21786_/Y
 _21787_/X
 _21788_/Y
 _21789_/X
 _21790_/X
 _21791_/Y
 _21792_/X
 _21793_/X
 _21794_/X
 _21795_/X
 _21796_/Y
 _21797_/Y
 _21798_/X
 _21799_/X
 _21800_/Y
 _21801_/Y
 _21802_/Y
 _21803_/Y
 _21804_/Y
 _21805_/X
 _21806_/X
 _21807_/Y
 _21808_/Y
 _21809_/Y
 _21810_/Y
 _21811_/Y
 _21812_/X
 _21813_/X
 _21814_/Y
 _21815_/X
 _21816_/Y
 _21817_/Y
 _21818_/X
 _21819_/X
 _21820_/Y
 _21821_/X
 _21822_/X
 _21823_/Y
 _21824_/Y
 _21825_/X
 _21826_/X
 _21827_/Y
 _21828_/X
 _21829_/X
 _21830_/Y
 _21831_/Y
 _21832_/X
 _21833_/X
 _21834_/Y
 _21835_/X
 _21836_/Y
 _21837_/Y
 _21838_/X
 _21839_/Y
 _21840_/X
 _21841_/X
 _21842_/X
 _21843_/Y
 _21844_/Y
 _21845_/Y
 _21846_/X
 _21847_/Y
 _21848_/X
 _21849_/X
 _21850_/Y
 _21851_/Y
 _21852_/X
 _21853_/Y
 _21854_/X
 _21855_/X
 _21856_/X
 _21857_/Y
 _21858_/Y
 _21859_/X
 _21860_/X
 _21861_/Y
 _21862_/Y
 _21863_/X
 _21864_/Y
 _21865_/X
 _21866_/X
 _21867_/X
 _21868_/Y
 _21869_/X
 _21870_/Y
 _21871_/Y
 _21872_/Y
 _21873_/X
 _21874_/X
 _21875_/X
 _21876_/Y
 _21877_/X
 _21878_/Y
 _21879_/X
 _21880_/X
 _21881_/X
 _21882_/X
 _21883_/Y
 _21884_/X
 _21885_/X
 _21886_/X
 _21887_/Y
 _21888_/X
 _21889_/Y
 _21890_/Y
 _21891_/Y
 _21892_/X
 _21893_/X
 _21894_/X
 _21895_/Y
 _21896_/Y
 _21897_/X
 _21898_/Y
 _21899_/Y
 _21900_/Y
 _21901_/Y
 _21902_/X
 _21903_/Y
 _21904_/X
 _21905_/X
 _21906_/Y
 _21907_/Y
 _21908_/Y
 _21909_/Y
 _21910_/X
 _21911_/X
 _21912_/Y
 _21913_/Y
 _21914_/X
 _21915_/X
 _21916_/X
 _21917_/Y
 _21918_/Y
 _21919_/X
 _21920_/X
 _21921_/X
 _21922_/X
 _21923_/X
 _21924_/X
 _21925_/Y
 _21926_/X
 _21927_/X
 _21928_/Y
 _21929_/X
 _21930_/Y
 _21931_/X
 _21932_/Y
 _21933_/Y
 _21934_/Y
 _21935_/Y
 _21936_/X
 _21937_/Y
 _21938_/X
 _21939_/X
 _21940_/Y
 _21941_/Y
 _21942_/Y
 _21943_/Y
 _21944_/X
 _21945_/Y
 _21946_/X
 _21947_/X
 _21948_/Y
 _21949_/X
 _21950_/X
 _21951_/Y
 _21952_/X
 _21953_/Y
 _21954_/X
 _21955_/Y
 _21956_/Y
 _21957_/X
 _21958_/X
 _21959_/X
 _21960_/Y
 _21961_/X
 _21962_/Y
 _21963_/Y
 _21964_/Y
 _21965_/X
 _21966_/X
 _21967_/Y
 _21968_/X
 _21969_/X
 _21970_/X
 _21971_/X
 _21972_/X
 _21973_/Y
 _21974_/Y
 _21975_/X
 _21976_/X
 _21977_/X
 _21978_/Y
 _21979_/X
 _21980_/X
 _21981_/Y
 _21982_/Y
 _21983_/X
 _21984_/Y
 _21985_/X
 _21986_/Y
 _21987_/Y
 _21988_/X
 _21989_/X
 _21990_/Y
 _21991_/Y
 _21992_/Y
 _21993_/Y
 _21994_/X
 _21995_/X
 _21996_/X
 _21997_/Y
 _21998_/Y
 _21999_/Y
 _22000_/X
 _22001_/X
 _22002_/Y
 _22003_/X
 _22004_/X
 _22005_/Y
 _22006_/X
 _22007_/X
 _22008_/X
 _22009_/X
 _22010_/Y
 _22011_/Y
 _22012_/Y
 _22013_/X
 _22014_/Y
 _22015_/Y
 _22016_/X
 _22017_/X
 _22018_/X
 _22019_/X
 _22020_/Y
 _22021_/X
 _22022_/X
 _22023_/Y
 _22024_/X
 _22025_/X
 _22026_/X
 _22027_/Y
 _22028_/Y
 _22029_/X
 _22030_/Y
 _22031_/Y
 _22032_/X
 _22033_/Y
 _22034_/Y
 _22035_/Y
 _22036_/X
 _22037_/X
 _22038_/X
 _22039_/X
 _22040_/Y
 _22041_/Y
 _22042_/X
 _22043_/Y
 _22044_/X
 _22045_/X
 _22046_/X
 _22047_/X
 _22048_/Y
 _22049_/Y
 _22050_/X
 _22051_/Y
 _22052_/Y
 _22053_/X
 _22054_/Y
 _22055_/X
 _22056_/Y
 _22057_/Y
 _22058_/Y
 _22059_/Y
 _22060_/X
 _22061_/X
 _22062_/Y
 _22063_/X
 _22064_/X
 _22065_/X
 _22066_/X
 _22067_/X
 _22068_/X
 _22069_/Y
 _22070_/X
 _22071_/X
 _22072_/X
 _22073_/X
 _22074_/X
 _22075_/X
 _22076_/X
 _22077_/Y
 _22078_/Y
 _22079_/X
 _22080_/X
 _22081_/X
 _22082_/Y
 _22083_/X
 _22084_/X
 _22085_/Y
 _22086_/Y
 _22087_/Y
 _22088_/X
 _22089_/X
 _22090_/Y
 _22091_/Y
 _22092_/X
 _22093_/Y
 _22094_/Y
 _22095_/X
 _22096_/Y
 _22097_/X
 _22098_/X
 _22099_/X
 _22100_/X
 _22101_/Y
 _22102_/X
 _22103_/X
 _22104_/X
 _22105_/Y
 _22106_/Y
 _22107_/X
 _22108_/Y
 _22109_/Y
 _22110_/Y
 _22111_/Y
 _22112_/Y
 _22113_/X
 _22114_/X
 _22115_/X
 _22116_/Y
 _22117_/X
 _22118_/Y
 _22119_/X
 _22120_/X
 _22121_/X
 _22122_/Y
 _22123_/Y
 _22124_/X
 _22125_/Y
 _22126_/Y
 _22127_/X
 _22128_/Y
 _22129_/X
 _22130_/X
 _22131_/X
 _22132_/Y
 _22133_/X
 _22134_/X
 _22135_/Y
 _22136_/X
 _22137_/Y
 _22138_/X
 _22139_/X
 _22140_/X
 _22141_/Y
 _22142_/Y
 _22143_/X
 _22144_/Y
 _22145_/X
 _22146_/Y
 _22147_/X
 _22148_/X
 _22149_/X
 _22150_/X
 _22151_/Y
 _22152_/Y
 _22153_/Y
 _22154_/X
 _22155_/Y
 _22156_/X
 _22157_/Y
 _22158_/X
 _22159_/Y
 _22160_/Y
 _22161_/X
 _22162_/X
 _22163_/Y
 _22164_/X
 _22165_/Y
 _22166_/Y
 _22167_/X
 _22168_/Y
 _22169_/X
 _22170_/Y
 _22171_/Y
 _22172_/X
 _22173_/X
 _22174_/Y
 _22175_/X
 _22176_/Y
 _22177_/X
 _22178_/X
 _22179_/Y
 _22180_/Y
 _22181_/Y
 _22182_/X
 _22183_/X
 _22184_/X
 _22185_/X
 _22186_/Y
 _22187_/X
 _22188_/X
 _22189_/X
 _22190_/Y
 _22191_/Y
 _22192_/Y
 _22193_/Y
 _22194_/Y
 _22195_/Y
 _22196_/Y
 _22197_/Y
 _22198_/X
 _22199_/Y
 _22200_/X
 _22201_/Y
 _22202_/Y
 _22203_/X
 _22204_/X
 _22205_/Y
 _22206_/Y
 _22207_/X
 _22208_/Y
 _22209_/Y
 _22210_/Y
 _22211_/X
 _22212_/X
 _22213_/X
 _22214_/Y
 _22215_/X
 _22216_/X
 _22217_/Y
 _22218_/Y
 _22219_/X
 _22220_/X
 _22221_/X
 _22222_/X
 _22223_/Y
 _22224_/X
 _22225_/X
 _22226_/X
 _22227_/Y
 _22228_/X
 _22229_/Y
 _22230_/X
 _22231_/X
 _22232_/Y
 _22233_/Y
 _22234_/Y
 _22235_/Y
 _22236_/Y
 _22237_/Y
 _22238_/X
 _22239_/Y
 _22240_/X
 _22241_/Y
 _22242_/Y
 _22243_/X
 _22244_/X
 _22245_/X
 _22246_/Y
 _22247_/Y
 _22248_/Y
 _22249_/X
 _22250_/X
 _22251_/Y
 _22252_/Y
 _22253_/X
 _22254_/Y
 _22255_/Y
 _22256_/Y
 _22257_/X
 _22258_/X
 _22259_/X
 _22260_/X
 _22261_/Y
 _22262_/Y
 _22263_/X
 _22264_/X
 _22265_/Y
 _22266_/X
 _22267_/Y
 _22268_/X
 _22269_/Y
 _22270_/X
 _22271_/Y
 _22272_/Y
 _22273_/X
 _22274_/X
 _22275_/Y
 _22276_/X
 _22277_/Y
 _22278_/X
 _22279_/X
 _22280_/X
 _22281_/X
 _22282_/Y
 _22283_/Y
 _22284_/X
 _22285_/Y
 _22286_/X
 _22287_/X
 _22288_/Y
 _22289_/Y
 _22290_/X
 _22291_/Y
 _22292_/X
 _22293_/Y
 _22294_/X
 _22295_/X
 _22296_/Y
 _22297_/Y
 _22298_/X
 _22299_/Y
 _22300_/X
 _22301_/Y
 _22302_/Y
 _22303_/X
 _22304_/Y
 _22305_/X
 _22306_/Y
 _22307_/X
 _22308_/Y
 _22309_/X
 _22310_/X
 _22311_/Y
 _22312_/Y
 _22313_/Y
 _22314_/X
 _22315_/Y
 _22316_/X
 _22317_/Y
 _22318_/Y
 _22319_/Y
 _22320_/Y
 _22321_/X
 _22322_/Y
 _22323_/X
 _22324_/Y
 _22325_/Y
 _22326_/Y
 _22327_/X
 _22328_/X
 _22329_/X
 _22330_/Y
 _22331_/Y
 _22332_/Y
 _22333_/Y
 _22334_/X
 _22335_/Y
 _22336_/Y
 _22337_/X
 _22338_/Y
 _22339_/Y
 _22340_/Y
 _22341_/X
 _22342_/X
 _22343_/Y
 _22344_/X
 _22345_/X
 _22346_/X
 _22347_/Y
 _22348_/X
 _22349_/X
 _22350_/X
 _22351_/Y
 _22352_/X
 _22353_/X
 _22354_/Y
 _22355_/Y
 _22356_/Y
 _22357_/X
 _22358_/Y
 _22359_/Y
 _22360_/Y
 _22361_/X
 _22362_/X
 _22363_/X
 _22364_/X
 _22365_/X
 _22366_/X
 _22367_/X
 _22368_/X
 _22369_/X
 _22370_/X
 _22371_/X
 _22372_/X
 _22373_/X
 _22374_/X
 _22375_/Y
 _22376_/Y
 _22377_/X
 _22378_/Y
 _22379_/X
 _22380_/X
 _22381_/Y
 _22382_/Y
 _22383_/Y
 _22384_/Y
 _22385_/Y
 _22386_/X
 _22387_/Y
 _22388_/X
 _22389_/Y
 _22390_/X
 _22391_/X
 _22392_/X
 _22393_/X
 _22394_/Y
 _22395_/Y
 _22396_/Y
 _22397_/X
 _22398_/X
 _22399_/Y
 _22400_/X
 _22401_/Y
 _22402_/X
 _22403_/Y
 _22404_/Y
 _22405_/X
 _22406_/X
 _22407_/X
 _22408_/X
 _22409_/X
 _22410_/X
 _22411_/Y
 _22412_/X
 _22413_/X
 _22414_/X
 _22415_/Y
 _22416_/X
 _22417_/X
 _22418_/X
 _22419_/Y
 _22420_/Y
 _22421_/Y
 _22422_/Y
 _22423_/X
 _22424_/Y
 _22425_/Y
 _22426_/X
 _22427_/X
 _22428_/Y
 _22429_/Y
 _22430_/X
 _22431_/Y
 _22432_/Y
 _22433_/Y
 _22434_/X
 _22435_/Y
 _22436_/X
 _22437_/Y
 _22438_/X
 _22439_/Y
 _22440_/X
 _22441_/Y
 _22442_/X
 _22443_/Y
 _22444_/Y
 _22445_/X
 _22446_/X
 _22447_/X
 _22448_/X
 _22449_/Y
 _22450_/X
 _22451_/Y
 _22452_/X
 _22453_/Y
 _22454_/X
 _22455_/X
 _22456_/X
 _22457_/X
 _22458_/Y
 _22459_/X
 _22460_/X
 _22461_/X
 _22462_/X
 _22463_/Y
 _22464_/X
 _22465_/X
 _22466_/X
 _22467_/X
 _22468_/X
 _22469_/X
 _22470_/X
 _22471_/X
 _22472_/X
 _22473_/X
 _22474_/X
 _22475_/Y
 _22476_/Y
 _22477_/Y
 _22478_/Y
 _22479_/Y
 _22480_/X
 _22481_/X
 _22482_/Y
 _22483_/X
 _22484_/Y
 _22485_/X
 _22486_/X
 _22487_/Y
 _22488_/Y
 _22489_/Y
 _22490_/X
 _22491_/X
 _22492_/Y
 _22493_/X
 _22494_/Y
 _22495_/X
 _22496_/X
 _22497_/Y
 _22498_/X
 _22499_/X
 _22500_/X
 _22501_/Y
 _22502_/Y
 _22503_/X
 _22504_/Y
 _22505_/Y
 _22506_/X
 _22507_/Y
 _22508_/Y
 _22509_/X
 _22510_/Y
 _22511_/Y
 _22512_/X
 _22513_/Y
 _22514_/Y
 _22515_/Y
 _22516_/X
 _22517_/X
 _22518_/Y
 _22519_/Y
 _22520_/X
 _22521_/Y
 _22522_/Y
 _22523_/X
 _22524_/X
 _22525_/Y
 _22526_/X
 _22527_/X
 _22528_/X
 _22529_/Y
 _22530_/X
 _22531_/Y
 _22532_/Y
 _22533_/X
 _22534_/Y
 _22535_/X
 _22536_/Y
 _22537_/Y
 _22538_/X
 _22539_/Y
 _22540_/X
 _22541_/Y
 _22542_/X
 _22543_/X
 _22544_/X
 _22545_/X
 _22546_/Y
 _22547_/X
 _22548_/X
 _22549_/Y
 _22550_/X
 _22551_/X
 _22552_/X
 _22553_/X
 _22554_/Y
 _22555_/Y
 _22556_/X
 _22557_/Y
 _22558_/Y
 _22559_/Y
 _22560_/Y
 _22561_/Y
 _22562_/X
 _22563_/Y
 _22564_/Y
 _22565_/Y
 _22566_/X
 _22567_/X
 _22568_/Y
 _22569_/X
 _22570_/Y
 _22571_/X
 _22572_/Y
 _22573_/X
 _22574_/Y
 _22575_/X
 _22576_/X
 _22577_/Y
 _22578_/X
 _22579_/Y
 _22580_/X
 _22581_/X
 _22582_/X
 _22583_/X
 _22584_/X
 _22585_/X
 _22586_/Y
 _22587_/X
 _22588_/Y
 _22589_/Y
 _22590_/Y
 _22591_/X
 _22592_/X
 _22593_/X
 _22594_/Y
 _22595_/X
 _22596_/X
 _22597_/Y
 _22598_/X
 _22599_/X
 _22600_/X
 _22601_/Y
 _22602_/Y
 _22603_/Y
 _22604_/X
 _22605_/X
 _22606_/Y
 _22607_/Y
 _22608_/Y
 _22609_/Y
 _22610_/X
 _22611_/X
 _22612_/Y
 _22613_/Y
 _22614_/X
 _22615_/Y
 _22616_/X
 _22617_/X
 _22618_/Y
 _22619_/X
 _22620_/X
 _22621_/X
 _22622_/Y
 _22623_/Y
 _22624_/Y
 _22625_/X
 _22626_/Y
 _22627_/X
 _22628_/X
 _22629_/X
 _22630_/X
 _22631_/Y
 _22632_/Y
 _22633_/X
 _22634_/X
 _22635_/X
 _22636_/X
 _22637_/X
 _22638_/Y
 _22639_/Y
 _22640_/X
 _22641_/Y
 _22642_/X
 _22643_/X
 _22644_/Y
 _22645_/X
 _22646_/X
 _22647_/Y
 _22648_/Y
 _22649_/Y
 _22650_/Y
 _22651_/X
 _22652_/X
 _22653_/Y
 _22654_/Y
 _22655_/X
 _22656_/X
 _22657_/Y
 _22658_/Y
 _22659_/X
 _22660_/Y
 _22661_/Y
 _22662_/Y
 _22663_/X
 _22664_/Y
 _22665_/Y
 _22666_/Y
 _22667_/X
 _22668_/Y
 _22669_/Y
 _22670_/Y
 _22671_/Y
 _22672_/X
 _22673_/X
 _22674_/Y
 _22675_/X
 _22676_/X
 _22677_/X
 _22678_/Y
 _22679_/X
 _22680_/X
 _22681_/Y
 _22682_/X
 _22683_/X
 _22684_/Y
 _22685_/X
 _22686_/Y
 _22687_/X
 _22688_/X
 _22689_/Y
 _22690_/Y
 _22691_/X
 _22692_/X
 _22693_/Y
 _22694_/X
 _22695_/X
 _22696_/Y
 _22697_/X
 _22698_/X
 _22699_/Y
 _22700_/Y
 _22701_/X
 _22702_/X
 _22703_/X
 _22704_/Y
 _22705_/Y
 _22706_/X
 _22707_/X
 _22708_/Y
 _22709_/Y
 _22710_/X
 _22711_/Y
 _22712_/Y
 _22713_/Y
 _22714_/X
 _22715_/Y
 _22716_/Y
 _22717_/X
 _22718_/Y
 _22719_/X
 _22720_/Y
 _22721_/Y
 _22722_/Y
 _22723_/Y
 _22724_/Y
 _22725_/X
 _22726_/Y
 _22727_/Y
 _22728_/X
 _22729_/X
 _22730_/X
 _22731_/Y
 _22732_/Y
 _22733_/Y
 _22734_/X
 _22735_/X
 _22736_/Y
 _22737_/X
 _22738_/Y
 _22739_/X
 _22740_/X
 _22741_/X
 _22742_/X
 _22743_/Y
 _22744_/Y
 _22745_/Y
 _22746_/X
 _22747_/Y
 _22748_/X
 _22749_/Y
 _22750_/Y
 _22751_/X
 _22752_/Y
 _22753_/Y
 _22754_/X
 _22755_/X
 _22756_/Y
 _22757_/Y
 _22758_/X
 _22759_/Y
 _22760_/Y
 _22761_/Y
 _22762_/X
 _22763_/Y
 _22764_/Y
 _22765_/Y
 _22766_/X
 _22767_/Y
 _22768_/X
 _22769_/X
 _22770_/X
 _22771_/Y
 _22772_/Y
 _22773_/Y
 _22774_/X
 _22775_/Y
 _22776_/X
 _22777_/Y
 _22778_/X
 _22779_/X
 _22780_/X
 _22781_/Y
 _22782_/Y
 _22783_/X
 _22784_/X
 _22785_/Y
 _22786_/Y
 _22787_/Y
 _22788_/X
 _22789_/X
 _22790_/Y
 _22791_/X
 _22792_/Y
 _22793_/Y
 _22794_/Y
 _22795_/X
 _22796_/X
 _22797_/X
 _22798_/X
 _22799_/Y
 _22800_/X
 _22801_/Y
 _22802_/Y
 _22803_/Y
 _22804_/Y
 _22805_/Y
 _22806_/Y
 _22807_/X
 _22808_/X
 _22809_/Y
 _22810_/X
 _22811_/Y
 _22812_/X
 _22813_/X
 _22814_/X
 _22815_/Y
 _22816_/X
 _22817_/X
 _22818_/X
 _22819_/X
 _22820_/X
 _22821_/Y
 _22822_/X
 _22823_/Y
 _22824_/Y
 _22825_/Y
 _22826_/X
 _22827_/Y
 _22828_/Y
 _22829_/X
 _22830_/X
 _22831_/Y
 _22832_/X
 _22833_/X
 _22834_/X
 _22835_/Y
 _22836_/X
 _22837_/Y
 _22838_/X
 _22839_/Y
 _22840_/X
 _22841_/Y
 _22842_/Y
 _22843_/X
 _22844_/X
 _22845_/X
 _22846_/X
 _22847_/Y
 _22848_/X
 _22849_/Y
 _22850_/Y
 _22851_/X
 _22852_/Y
 _22853_/X
 _22854_/Y
 _22855_/Y
 _22856_/Y
 _22857_/X
 _22858_/X
 _22859_/X
 _22860_/Y
 _22861_/Y
 _22862_/Y
 _22863_/X
 _22864_/X
 _22865_/X
 _22866_/X
 _22867_/Y
 _22868_/Y
 _22869_/X
 _22870_/X
 _22871_/Y
 _22872_/X
 _22873_/Y
 _22874_/X
 _22875_/X
 _22876_/Y
 _22877_/Y
 _22878_/Y
 _22879_/X
 _22880_/X
 _22881_/Y
 _22882_/Y
 _22883_/Y
 _22884_/Y
 _22885_/Y
 _22886_/X
 _22887_/X
 _22888_/Y
 _22889_/Y
 _22890_/X
 _22891_/X
 _22892_/Y
 _22893_/X
 _22894_/Y
 _22895_/Y
 _22896_/X
 _22897_/X
 _22898_/Y
 _22899_/X
 _22900_/X
 _22901_/Y
 _22902_/X
 _22903_/Y
 _22904_/X
 _22905_/Y
 _22906_/X
 _22907_/Y
 _22908_/Y
 _22909_/X
 _22910_/X
 _22911_/Y
 _22912_/Y
 _22913_/Y
 _22914_/Y
 _22915_/Y
 _22916_/X
 _22917_/X
 _22918_/Y
 _22919_/Y
 _22920_/Y
 _22921_/X
 _22922_/X
 _22923_/X
 _22924_/X
 _22925_/Y
 _22926_/Y
 _22927_/Y
 _22928_/Y
 _22929_/X
 _22930_/X
 _22931_/X
 _22932_/X
 _22933_/X
 _22934_/Y
 _22935_/X
 _22936_/X
 _22937_/Y
 _22938_/X
 _22939_/Y
 _22940_/Y
 _22941_/X
 _22942_/X
 _22943_/Y
 _22944_/X
 _22945_/Y
 _22946_/Y
 _22947_/Y
 _22948_/Y
 _22949_/Y
 _22950_/X
 _22951_/X
 _22952_/X
 _22953_/Y
 _22954_/Y
 _22955_/Y
 _22956_/X
 _22957_/X
 _22958_/Y
 _22959_/X
 _22960_/Y
 _22961_/X
 _22962_/Y
 _22963_/Y
 _22964_/Y
 _22965_/X
 _22966_/X
 _22967_/Y
 _22968_/X
 _22969_/Y
 _22970_/Y
 _22971_/Y
 _22972_/Y
 _22973_/Y
 _22974_/X
 _22975_/X
 _22976_/Y
 _22977_/Y
 _22978_/Y
 _22979_/Y
 _22980_/X
 _22981_/X
 _22982_/X
 _22983_/Y
 _22984_/Y
 _22985_/X
 _22986_/X
 _22987_/X
 _22988_/Y
 _22989_/Y
 _22990_/Y
 _22991_/X
 _22992_/X
 _22993_/X
 _22994_/Y
 _22995_/X
 _22996_/X
 _22997_/X
 _22998_/X
 _22999_/X
 _23000_/X
 _23001_/Y
 _23002_/X
 _23003_/X
 _23004_/X
 _23005_/Y
 _23006_/X
 _23007_/X
 _23008_/Y
 _23009_/Y
 _23010_/Y
 _23011_/X
 _23012_/Y
 _23013_/Y
 _23014_/Y
 _23015_/X
 _23016_/Y
 _23017_/X
 _23018_/X
 _23019_/X
 _23020_/Y
 _23021_/X
 _23022_/Y
 _23023_/Y
 _23024_/Y
 _23025_/Y
 _23026_/X
 _23027_/Y
 _23028_/X
 _23029_/X
 _23030_/Y
 _23031_/X
 _23032_/Y
 _23033_/X
 _23034_/Y
 _23035_/X
 _23036_/X
 _23037_/X
 _23038_/X
 _23039_/Y
 _23040_/Y
 _23041_/X
 _23042_/Y
 _23043_/X
 _23044_/Y
 _23045_/X
 _23046_/X
 _23047_/X
 _23048_/Y
 _23049_/Y
 _23050_/X
 _23051_/Y
 _23052_/Y
 _23053_/X
 _23054_/Y
 _23055_/Y
 _23056_/Y
 _23057_/Y
 _23058_/X
 _23059_/Y
 _23060_/X
 _23061_/X
 _23062_/Y
 _23063_/X
 _23064_/X
 _23065_/X
 _23066_/Y
 _23067_/X
 _23068_/X
 _23069_/Y
 _23070_/X
 _23071_/X
 _23072_/Y
 _23073_/Y
 _23074_/X
 _23075_/X
 _23076_/X
 _23077_/Y
 _23078_/X
 _23079_/X
 _23080_/Y
 _23081_/X
 _23082_/X
 _23083_/X
 _23084_/X
 _23085_/X
 _23086_/X
 _23087_/Y
 _23088_/X
 _23089_/Y
 _23090_/X
 _23091_/X
 _23092_/X
 _23093_/X
 _23094_/Y
 _23095_/X
 _23096_/X
 _23097_/Y
 _23098_/Y
 _23099_/X
 _23100_/X
 _23101_/X
 _23102_/X
 _23103_/Y
 _23104_/Y
 _23105_/Y
 _23106_/Y
 _23107_/Y
 _23108_/X
 _23109_/Y
 _23110_/Y
 _23111_/Y
 _23112_/Y
 _23113_/Y
 _23114_/Y
 _23115_/Y
 _23116_/X
 _23117_/Y
 _23118_/X
 _23119_/Y
 _23120_/X
 _23121_/X
 _23122_/X
 _23123_/Y
 _23124_/Y
 _23125_/Y
 _23126_/X
 _23127_/X
 _23128_/X
 _23129_/Y
 _23130_/Y
 _23131_/Y
 _23132_/Y
 _23133_/X
 _23134_/Y
 _23135_/Y
 _23136_/X
 _23137_/Y
 _23138_/Y
 _23139_/X
 _23140_/Y
 _23141_/X
 _23142_/X
 _23143_/Y
 _23144_/X
 _23145_/Y
 _23146_/X
 _23147_/X
 _23148_/Y
 _23149_/X
 _23150_/Y
 _23151_/Y
 _23152_/X
 _23153_/X
 _23154_/X
 _23155_/Y
 _23156_/X
 _23157_/X
 _23158_/Y
 _23159_/X
 _23160_/Y
 _23161_/X
 _23162_/Y
 _23163_/X
 _23164_/Y
 _23165_/X
 _23166_/Y
 _23167_/Y
 _23168_/X
 _23169_/Y
 _23170_/X
 _23171_/Y
 _23172_/Y
 _23173_/X
 _23174_/X
 _23175_/X
 _23176_/Y
 _23177_/X
 _23178_/X
 _23179_/X
 _23180_/Y
 _23181_/X
 _23182_/X
 _23183_/Y
 _23184_/Y
 _23185_/X
 _23186_/X
 _23187_/Y
 _23188_/X
 _23189_/X
 _23190_/X
 _23191_/X
 _23192_/Y
 _23193_/X
 _23194_/X
 _23195_/Y
 _23196_/X
 _23197_/X
 _23198_/X
 _23199_/Y
 _23200_/Y
 _23201_/Y
 _23202_/X
 _23203_/X
 _23204_/Y
 _23205_/Y
 _23206_/X
 _23207_/Y
 _23208_/Y
 _23209_/X
 _23210_/X
 _23211_/Y
 _23212_/X
 _23213_/X
 _23214_/X
 _23215_/X
 _23216_/X
 _23217_/Y
 _23218_/Y
 _23219_/Y
 _23220_/Y
 _23221_/X
 _23222_/Y
 _23223_/Y
 _23224_/X
 _23225_/Y
 _23226_/Y
 _23227_/X
 _23228_/X
 _23229_/X
 _23230_/X
 _23231_/X
 _23232_/X
 _23233_/Y
 _23234_/Y
 _23235_/Y
 _23236_/X
 _23237_/X
 _23238_/X
 _23239_/Y
 _23240_/Y
 _23241_/X
 _23242_/Y
 _23243_/Y
 _23244_/Y
 _23245_/Y
 _23246_/X
 _23247_/X
 _23248_/X
 _23249_/Y
 _23250_/X
 _23251_/Y
 _23252_/Y
 _23253_/X
 _23254_/X
 _23255_/X
 _23256_/Y
 _23257_/X
 _23258_/X
 _23259_/X
 _23260_/Y
 _23261_/X
 _23262_/Y
 _23263_/Y
 _23264_/Y
 _23265_/X
 _23266_/X
 _23267_/Y
 _23268_/X
 _23269_/Y
 _23270_/Y
 _23271_/Y
 _23272_/X
 _23273_/X
 _23274_/X
 _23275_/X
 _23276_/Y
 _23277_/Y
 _23278_/X
 _23279_/Y
 _23280_/X
 _23281_/Y
 _23282_/X
 _23283_/X
 _23284_/Y
 _23285_/X
 _23286_/X
 _23287_/Y
 _23288_/X
 _23289_/Y
 _23290_/X
 _23291_/X
 _23292_/X
 _23293_/Y
 _23294_/X
 _23295_/X
 _23296_/X
 _23297_/X
 _23298_/Y
 _23299_/X
 _23300_/X
 _23301_/Y
 _23302_/Y
 _23303_/X
 _23304_/Y
 _23305_/X
 _23306_/Y
 _23307_/X
 _23308_/X
 _23309_/X
 _23310_/Y
 _23311_/X
 _23312_/X
 _23313_/X
 _23314_/X
 _23315_/X
 _23316_/X
 _23317_/Y
 _23318_/X
 _23319_/Y
 _23320_/Y
 _23321_/X
 _23322_/X
 _23323_/Y
 _23324_/Y
 _23325_/Y
 _23326_/X
 _23327_/X
 _23328_/Y
 _23329_/X
 _23330_/X
 _23331_/X
 _23332_/Y
 _23333_/X
 _23334_/X
 _23335_/X
 _23336_/X
 _23337_/Y
 _23338_/Y
 _23339_/Y
 _23340_/Y
 _23341_/X
 _23342_/Y
 _23343_/X
 _23344_/X
 _23345_/Y
 _23346_/X
 _23347_/Y
 _23348_/Y
 _23349_/Y
 _23350_/Y
 _23351_/X
 _23352_/Y
 _23353_/X
 _23354_/X
 _23355_/Y
 _23356_/X
 _23357_/X
 _23358_/X
 _23359_/X
 _23360_/Y
 _23361_/X
 _23362_/Y
 _23363_/X
 _23364_/X
 _23365_/X
 _23366_/X
 _23367_/X
 _23368_/Y
 _23369_/X
 _23370_/X
 _23371_/X
 _23372_/Y
 _23373_/Y
 _23374_/Y
 _23375_/X
 _23376_/X
 _23377_/Y
 _23378_/X
 _23379_/Y
 _23380_/X
 _23381_/Y
 _23382_/X
 _23383_/Y
 _23384_/Y
 _23385_/X
 _23386_/X
 _23387_/X
 _23388_/X
 _23389_/X
 _23390_/X
 _23391_/Y
 _23392_/X
 _23393_/X
 _23394_/X
 _23395_/X
 _23396_/X
 _23397_/Y
 _23398_/X
 _23399_/Y
 _23400_/X
 _23401_/Y
 _23402_/Y
 _23403_/X
 _23404_/Y
 _23405_/X
 _23406_/Y
 _23407_/X
 _23408_/X
 _23409_/X
 _23410_/X
 _23411_/Y
 _23412_/X
 _23413_/X
 _23414_/Y
 _23415_/Y
 _23416_/X
 _23417_/X
 _23418_/Y
 _23419_/Y
 _23420_/Y
 _23421_/X
 _23422_/Y
 _23423_/Y
 _23424_/Y
 _23425_/X
 _23426_/Y
 _23427_/X
 _23428_/Y
 _23429_/X
 _23430_/Y
 _23431_/X
 _23432_/X
 _23433_/X
 _23434_/Y
 _23435_/X
 _23436_/Y
 _23437_/X
 _23438_/Y
 _23439_/Y
 _23440_/Y
 _23441_/X
 _23442_/Y
 _23443_/Y
 _23444_/X
 _23445_/Y
 _23446_/Y
 _23447_/Y
 _23448_/Y
 _23449_/X
 _23450_/Y
 _23451_/Y
 _23452_/Y
 _23453_/Y
 _23454_/X
 _23455_/Y
 _23456_/Y
 _23457_/X
 _23458_/X
 _23459_/X
 _23460_/Y
 _23461_/X
 _23462_/X
 _23463_/Y
 _23464_/Y
 _23465_/Y
 _23466_/Y
 _23467_/Y
 _23468_/X
 _23469_/Y
 _23470_/X
 _23471_/X
 _23472_/Y
 _23473_/Y
 _23474_/X
 _23475_/Y
 _23476_/Y
 _23477_/Y
 _23478_/Y
 _23479_/Y
 _23480_/X
 _23481_/X
 _23482_/Y
 _23483_/X
 _23484_/X
 _23485_/Y
 _23486_/X
 _23487_/X
 _23488_/X
 _23489_/Y
 _23490_/X
 _23491_/Y
 _23492_/X
 _23493_/Y
 _23494_/Y
 _23495_/Y
 _23496_/X
 _23497_/X
 _23498_/Y
 _23499_/X
 _23500_/Y
 _23501_/Y
 _23502_/X
 _23503_/Y
 _23504_/X
 _23505_/X
 _23506_/Y
 _23507_/Y
 _23508_/X
 _23509_/Y
 _23510_/X
 _23511_/Y
 _23512_/Y
 _23513_/Y
 _23514_/X
 _23515_/Y
 _23516_/X
 _23517_/Y
 _23518_/Y
 _23519_/Y
 _23520_/X
 _23521_/Y
 _23522_/X
 _23523_/X
 _23524_/X
 _23525_/Y
 _23526_/Y
 _23527_/Y
 _23528_/X
 _23529_/Y
 _23530_/X
 _23531_/X
 _23532_/Y
 _23533_/Y
 _23534_/Y
 _23535_/Y
 _23536_/X
 _23537_/Y
 _23538_/Y
 _23539_/Y
 _23540_/X
 _23541_/Y
 _23542_/X
 _23543_/X
 _23544_/Y
 _23545_/X
 _23546_/X
 _23547_/X
 _23548_/Y
 _23549_/X
 _23550_/X
 _23551_/X
 _23552_/X
 _23553_/Y
 _23554_/Y
 _23555_/X
 _23556_/X
 _23557_/Y
 _23558_/X
 _23559_/X
 _23560_/Y
 _23561_/X
 _23562_/X
 _23563_/Y
 _23564_/X
 _23565_/X
 _23566_/X
 _23567_/X
 _23568_/X
 _23569_/X
 _23570_/X
 _23571_/X
 _23572_/Y
 _23573_/Y
 _23574_/Y
 _23575_/X
 _23576_/Y
 _23577_/X
 _23578_/X
 _23579_/Y
 _23580_/X
 _23581_/X
 _23582_/X
 _23583_/Y
 _23584_/X
 _23585_/Y
 _23586_/X
 _23587_/X
 _23588_/X
 _23589_/X
 _23590_/X
 _23591_/Y
 _23592_/Y
 _23593_/X
 _23594_/Y
 _23595_/X
 _23596_/Y
 _23597_/X
 _23598_/Y
 _23599_/X
 _23600_/Y
 _23601_/Y
 _23602_/X
 _23603_/X
 _23604_/X
 _23605_/X
 _23606_/Y
 _23607_/Y
 _23608_/X
 _23609_/X
 _23610_/Y
 _23611_/Y
 _23612_/X
 _23613_/Y
 _23614_/Y
 _23615_/X
 _23616_/X
 _23617_/Y
 _23618_/Y
 _23619_/X
 _23620_/X
 _23621_/Y
 _23622_/X
 _23623_/X
 _23624_/X
 _23625_/Y
 _23626_/X
 _23627_/X
 _23628_/Y
 _23629_/X
 _23630_/X
 _23631_/Y
 _23632_/Y
 _23633_/X
 _23634_/X
 _23635_/Y
 _23636_/Y
 _23637_/X
 _23638_/Y
 _23639_/X
 _23640_/Y
 _23641_/X
 _23642_/X
 _23643_/Y
 _23644_/X
 _23645_/Y
 _23646_/X
 _23647_/X
 _23648_/X
 _23649_/X
 _23650_/Y
 _23651_/Y
 _23652_/X
 _23653_/X
 _23654_/X
 _23655_/Y
 _23656_/X
 _23657_/X
 _23658_/X
 _23659_/X
 _23660_/Y
 _23661_/Y
 _23662_/X
 _23663_/X
 _23664_/Y
 _23665_/Y
 _23666_/Y
 _23667_/Y
 _23668_/X
 _23669_/Y
 _23670_/X
 _23671_/Y
 _23672_/X
 _23673_/Y
 _23674_/Y
 _23675_/X
 _23676_/Y
 _23677_/X
 _23678_/X
 _23679_/X
 _23680_/Y
 _23681_/Y
 _23682_/X
 _23683_/Y
 _23684_/X
 _23685_/Y
 _23686_/Y
 _23687_/X
 _23688_/Y
 _23689_/X
 _23690_/Y
 _23691_/Y
 _23692_/Y
 _23693_/Y
 _23694_/Y
 _23695_/X
 _23696_/Y
 _23697_/X
 _23698_/Y
 _23699_/X
 _23700_/X
 _23701_/X
 _23702_/Y
 _23703_/Y
 _23704_/Y
 _23705_/X
 _23706_/Y
 _23707_/X
 _23708_/X
 _23709_/Y
 _23710_/Y
 _23711_/Y
 _23712_/X
 _23713_/X
 _23714_/X
 _23715_/Y
 _23716_/Y
 _23717_/X
 _23718_/Y
 _23719_/Y
 _23720_/X
 _23721_/Y
 _23722_/Y
 _23723_/X
 _23724_/X
 _23725_/X
 _23726_/X
 _23727_/X
 _23728_/X
 _23729_/Y
 _23730_/Y
 _23731_/X
 _23732_/Y
 _23733_/Y
 _23734_/Y
 _23735_/Y
 _23736_/Y
 _23737_/X
 _23738_/X
 _23739_/Y
 _23740_/Y
 _23741_/X
 _23742_/X
 _23743_/X
 _23744_/Y
 _23745_/Y
 _23746_/Y
 _23747_/Y
 _23748_/X
 _23749_/Y
 _23750_/Y
 _23751_/Y
 _23752_/Y
 _23753_/X
 _23754_/X
 _23755_/X
 _23756_/Y
 _23757_/Y
 _23758_/X
 _23759_/Y
 _23760_/Y
 _23761_/Y
 _23762_/X
 _23763_/Y
 _23764_/Y
 _23765_/Y
 _23766_/Y
 _23767_/X
 _23768_/Y
 _23769_/Y
 _23770_/X
 _23771_/X
 _23772_/X
 _23773_/X
 _23774_/X
 _23775_/Y
 _23776_/X
 _23777_/Y
 _23778_/X
 _23779_/X
 _23780_/X
 _23781_/Y
 _23782_/Y
 _23783_/Y
 _23784_/X
 _23785_/Y
 _23786_/X
 _23787_/Y
 _23788_/X
 _23789_/Y
 _23790_/X
 _23791_/X
 _23792_/Y
 _23793_/Y
 _23794_/X
 _23795_/Y
 _23796_/X
 _23797_/Y
 _23798_/X
 _23799_/Y
 _23800_/X
 _23801_/X
 _23802_/X
 _23803_/Y
 _23804_/X
 _23805_/Y
 _23806_/Y
 _23807_/Y
 _23808_/X
 _23809_/X
 _23810_/Y
 _23811_/Y
 _23812_/X
 _23813_/X
 _23814_/X
 _23815_/Y
 _23816_/X
 _23817_/X
 _23818_/Y
 _23819_/X
 _23820_/X
 _23821_/X
 _23822_/X
 _23823_/X
 _23824_/X
 _23825_/X
 _23826_/X
 _23827_/X
 _23828_/X
 _23829_/X
 _23830_/Y
 _23831_/Y
 _23832_/Y
 _23833_/X
 _23834_/Y
 _23835_/Y
 _23836_/X
 _23837_/Y
 _23838_/X
 _23839_/Y
 _23840_/Y
 _23841_/Y
 _23842_/Y
 _23843_/X
 _23844_/X
 _23845_/Y
 _23846_/Y
 _23847_/X
 _23848_/X
 _23849_/Y
 _23850_/X
 _23851_/X
 _23852_/Y
 _23853_/Y
 _23854_/X
 _23855_/Y
 _23856_/X
 _23857_/X
 _23858_/X
 _23859_/X
 _23860_/Y
 _23861_/X
 _23862_/X
 _23863_/Y
 _23864_/Y
 _23865_/Y
 _23866_/X
 _23867_/Y
 _23868_/X
 _23869_/X
 _23870_/Y
 _23871_/Y
 _23872_/X
 _23873_/X
 _23874_/X
 _23875_/X
 _23876_/X
 _23877_/X
 _23878_/Y
 _23879_/X
 _23880_/X
 _23881_/Y
 _23882_/X
 _23883_/X
 _23884_/Y
 _23885_/Y
 _23886_/Y
 _23887_/Y
 _23888_/Y
 _23889_/Y
 _23890_/X
 _23891_/X
 _23892_/Y
 _23893_/Y
 _23894_/Y
 _23895_/Y
 _23896_/X
 _23897_/Y
 _23898_/Y
 _23899_/Y
 _23900_/X
 _23901_/Y
 _23902_/X
 _23903_/Y
 _23904_/X
 _23905_/X
 _23906_/X
 _23907_/Y
 _23908_/X
 _23909_/Y
 _23910_/Y
 _23911_/Y
 _23912_/X
 _23913_/X
 _23914_/X
 _23915_/Y
 _23916_/X
 _23917_/Y
 _23918_/X
 _23919_/Y
 _23920_/Y
 _23921_/Y
 _23922_/X
 _23923_/Y
 _23924_/Y
 _23925_/Y
 _23926_/X
 _23927_/Y
 _23928_/Y
 _23929_/X
 _23930_/X
 _23931_/Y
 _23932_/X
 _23933_/Y
 _23934_/Y
 _23935_/X
 _23936_/Y
 _23937_/Y
 _23938_/X
 _23939_/Y
 _23940_/Y
 _23941_/Y
 _23942_/X
 _23943_/X
 _23944_/X
 _23945_/X
 _23946_/X
 _23947_/Y
 _23948_/Y
 _23949_/X
 _23950_/Y
 _23951_/Y
 _23952_/X
 _23953_/X
 _23954_/X
 _23955_/X
 _23956_/Y
 _23957_/X
 _23958_/Y
 _23959_/Y
 _23960_/Y
 _23961_/Y
 _23962_/Y
 _23963_/X
 _23964_/Y
 _23965_/Y
 _23966_/Y
 _23967_/X
 _23968_/X
 _23969_/Y
 _23970_/Y
 _23971_/X
 _23972_/Y
 _23973_/Y
 _23974_/Y
 _23975_/Y
 _23976_/X
 _23977_/Y
 _23978_/X
 _23979_/Y
 _23980_/Y
 _23981_/X
 _23982_/Y
 _23983_/X
 _23984_/Y
 _23985_/Y
 _23986_/Y
 _23987_/X
 _23988_/Y
 _23989_/X
 _23990_/Y
 _23991_/Y
 _23992_/X
 _23993_/X
 _23994_/Y
 _23995_/X
 _23996_/X
 _23997_/Y
 _23998_/X
 _23999_/X
 _24000_/Y
 _24001_/Y
 _24002_/X
 _24003_/Y
 _24004_/X
 _24005_/X
 _24006_/Y
 _24007_/X
 _24008_/Y
 _24009_/X
 _24010_/X
 _24011_/X
 _24012_/X
 _24013_/X
 _24014_/Y
 _24015_/Y
 _24016_/Y
 _24017_/Y
 _24018_/X
 _24019_/Y
 _24020_/Y
 _24021_/X
 _24022_/Y
 _24023_/X
 _24024_/X
 _24025_/X
 _24026_/Y
 _24027_/X
 _24028_/X
 _24029_/Y
 _24030_/Y
 _24031_/Y
 _24032_/X
 _24033_/Y
 _24034_/Y
 _24035_/Y
 _24036_/X
 _24037_/X
 _24038_/X
 _24039_/Y
 _24040_/X
 _24041_/Y
 _24042_/X
 _24043_/Y
 _24044_/Y
 _24045_/X
 _24046_/Y
 _24047_/Y
 _24048_/Y
 _24049_/Y
 _24050_/X
 _24051_/Y
 _24052_/Y
 _24053_/Y
 _24054_/Y
 _24055_/Y
 _24056_/Y
 _24057_/X
 _24058_/X
 _24059_/Y
 _24060_/Y
 _24061_/Y
 _24062_/X
 _24063_/Y
 _24064_/Y
 _24065_/X
 _24066_/X
 _24067_/Y
 _24068_/X
 _24069_/X
 _24070_/Y
 _24071_/X
 _24072_/Y
 _24073_/Y
 _24074_/X
 _24075_/X
 _24076_/X
 _24077_/Y
 _24078_/Y
 _24079_/Y
 _24080_/X
 _24081_/X
 _24082_/Y
 _24083_/Y
 _24084_/Y
 _24085_/Y
 _24086_/X
 _24087_/Y
 _24088_/Y
 _24089_/X
 _24090_/X
 _24091_/X
 _24092_/X
 _24093_/X
 _24094_/X
 _24095_/Y
 _24096_/X
 _24097_/X
 _24098_/Y
 _24099_/X
 _24100_/Y
 _24101_/Y
 _24102_/Y
 _24103_/Y
 _24104_/X
 _24105_/X
 _24106_/Y
 _24107_/X
 _24108_/Y
 _24109_/X
 _24110_/Y
 _24111_/Y
 _24112_/Y
 _24113_/X
 _24114_/Y
 _24115_/Y
 _24116_/X
 _24117_/Y
 _24118_/X
 _24119_/X
 _24120_/Y
 _24121_/X
 _24122_/Y
 _24123_/X
 _24124_/X
 _24125_/X
 _24126_/X
 _24127_/X
 _24128_/X
 _24129_/X
 _24130_/Y
 _24131_/X
 _24132_/Y
 _24133_/X
 _24134_/X
 _24135_/Y
 _24136_/Y
 _24137_/X
 _24138_/X
 _24139_/Y
 _24140_/X
 _24141_/X
 _24142_/X
 _24143_/X
 _24144_/Y
 _24145_/Y
 _24146_/X
 _24147_/X
 _24148_/X
 _24149_/Y
 _24150_/Y
 _24151_/X
 _24152_/X
 _24153_/X
 _24154_/Y
 _24155_/Y
 _24156_/Y
 _24157_/Y
 _24158_/Y
 _24159_/X
 _24160_/X
 _24161_/X
 _24162_/Y
 _24163_/Y
 _24164_/Y
 _24165_/X
 _24166_/X
 _24167_/X
 _24168_/X
 _24169_/X
 _24170_/X
 _24171_/Y
 _24172_/X
 _24173_/Y
 _24174_/Y
 _24175_/X
 _24176_/X
 _24177_/Y
 _24178_/X
 _24179_/Y
 _24180_/X
 _24181_/Y
 _24182_/X
 _24183_/X
 _24184_/X
 _24185_/X
 _24186_/Y
 _24187_/Y
 _24188_/X
 _24189_/X
 _24190_/Y
 _24191_/Y
 _24192_/X
 _24193_/X
 _24194_/Y
 _24195_/Y
 _24196_/Y
 _24197_/Y
 _24198_/Y
 _24199_/Y
 _24200_/X
 _24201_/X
 _24202_/X
 _24203_/Y
 _24204_/Y
 _24205_/Y
 _24206_/Y
 _24207_/X
 _24208_/X
 _24209_/X
 _24210_/X
 _24211_/Y
 _24212_/X
 _24213_/Y
 _24214_/X
 _24215_/Y
 _24216_/Y
 _24217_/Y
 _24218_/X
 _24219_/Y
 _24220_/X
 _24221_/X
 _24222_/X
 _24223_/Y
 _24224_/X
 _24225_/Y
 _24226_/Y
 _24227_/Y
 _24228_/Y
 _24229_/X
 _24230_/X
 _24231_/Y
 _24232_/X
 _24233_/Y
 _24234_/X
 _24235_/Y
 _24236_/Y
 _24237_/X
 _24238_/X
 _24239_/X
 _24240_/Y
 _24241_/Y
 _24242_/Y
 _24243_/Y
 _24244_/X
 _24245_/Y
 _24246_/Y
 _24247_/Y
 _24248_/X
 _24249_/Y
 _24250_/Y
 _24251_/X
 _24252_/X
 _24253_/X
 _24254_/Y
 _24255_/Y
 _24256_/X
 _24257_/Y
 _24258_/X
 _24259_/Y
 _24260_/X
 _24261_/X
 _24262_/Y
 _24263_/Y
 _24264_/X
 _24265_/X
 _24266_/X
 _24267_/X
 _24268_/Y
 _24269_/X
 _24270_/Y
 _24271_/X
 _24272_/Y
 _24273_/Y
 _24274_/X
 _24275_/Y
 _24276_/Y
 _24277_/X
 _24278_/X
 _24279_/X
 _24280_/X
 _24281_/Y
 _24282_/Y
 _24283_/Y
 _24284_/Y
 _24285_/Y
 _24286_/Y
 _24287_/Y
 _24288_/X
 _24289_/Y
 _24290_/Y
 _24291_/Y
 _24292_/X
 _24293_/X
 _24294_/Y
 _24295_/Y
 _24296_/Y
 _24297_/X
 _24298_/X
 _24299_/Y
 _24300_/X
 _24301_/X
 _24302_/X
 _24303_/Y
 _24304_/Y
 _24305_/X
 _24306_/X
 _24307_/X
 _24308_/X
 _24309_/Y
 _24310_/Y
 _24311_/X
 _24312_/X
 _24313_/Y
 _24314_/X
 _24315_/Y
 _24316_/Y
 _24317_/X
 _24318_/Y
 _24319_/Y
 _24320_/Y
 _24321_/Y
 _24322_/Y
 _24323_/Y
 _24324_/Y
 _24325_/X
 _24326_/X
 _24327_/Y
 _24328_/Y
 _24329_/Y
 _24330_/Y
 _24331_/Y
 _24332_/X
 _24333_/Y
 _24334_/Y
 _24335_/Y
 _24336_/Y
 _24337_/X
 _24338_/X
 _24339_/X
 _24340_/Y
 _24341_/Y
 _24342_/X
 _24343_/Y
 _24344_/X
 _24345_/Y
 _24346_/Y
 _24347_/Y
 _24348_/X
 _24349_/X
 _24350_/Y
 _24351_/Y
 _24352_/X
 _24353_/X
 _24354_/Y
 _24355_/X
 _24356_/Y
 _24357_/X
 _24358_/Y
 _24359_/Y
 _24360_/Y
 _24361_/X
 _24362_/Y
 _24363_/Y
 _24364_/Y
 _24365_/X
 _24366_/X
 _24367_/Y
 _24368_/Y
 _24369_/X
 _24370_/Y
 _24371_/X
 _24372_/X
 _24373_/X
 _24374_/X
 _24375_/Y
 _24376_/X
 _24377_/X
 _24378_/Y
 _24379_/X
 _24380_/Y
 _24381_/X
 _24382_/Y
 _24383_/X
 _24384_/X
 _24385_/Y
 _24386_/X
 _24387_/X
 _24388_/Y
 _24389_/X
 _24390_/X
 _24391_/Y
 _24392_/X
 _24393_/X
 _24394_/X
 _24395_/Y
 _24396_/Y
 _24397_/X
 _24398_/Y
 _24399_/Y
 _24400_/Y
 _24401_/Y
 _24402_/Y
 _24403_/Y
 _24404_/Y
 _24405_/Y
 _24406_/Y
 _24407_/X
 _24408_/X
 _24409_/Y
 _24410_/X
 _24411_/Y
 _24412_/Y
 _24413_/Y
 _24414_/Y
 _24415_/Y
 _24416_/Y
 _24417_/X
 _24418_/Y
 _24419_/Y
 _24420_/X
 _24421_/X
 _24422_/X
 _24423_/Y
 _24424_/X
 _24425_/X
 _24426_/Y
 _24427_/Y
 _24428_/X
 _24429_/X
 _24430_/X
 _24431_/X
 _24432_/Y
 _24433_/Y
 _24434_/X
 _24435_/X
 _24436_/Y
 _24437_/Y
 _24438_/Y
 _24439_/X
 _24440_/X
 _24441_/X
 _24442_/Y
 _24443_/X
 _24444_/Y
 _24445_/X
 _24446_/X
 _24447_/Y
 _24448_/Y
 _24449_/X
 _24450_/X
 _24451_/X
 _24452_/Y
 _24453_/X
 _24454_/X
 _24455_/X
 _24456_/X
 _24457_/X
 _24458_/Y
 _24459_/Y
 _24460_/X
 _24461_/X
 _24462_/X
 _24463_/X
 _24464_/Y
 _24465_/X
 _24466_/Y
 _24467_/X
 _24468_/Y
 _24469_/X
 _24470_/Y
 _24471_/Y
 _24472_/X
 _24473_/Y
 _24474_/Y
 _24475_/Y
 _24476_/Y
 _24477_/Y
 _24478_/Y
 _24479_/X
 _24480_/X
 _24481_/X
 _24482_/Y
 _24483_/X
 _24484_/Y
 _24485_/Y
 _24486_/Y
 _24487_/Y
 _24488_/X
 _24489_/X
 _24490_/X
 _24491_/X
 _24492_/X
 _24493_/Y
 _24494_/X
 _24495_/Y
 _24496_/X
 _24497_/X
 _24498_/X
 _24499_/X
 _24500_/X
 _24501_/X
 _24502_/X
 _24503_/X
 _24504_/Y
 _24505_/Y
 _24506_/X
 _24507_/Y
 _24508_/X
 _24509_/Y
 _24510_/X
 _24511_/X
 _24512_/Y
 _24513_/X
 _24514_/X
 _24515_/Y
 _24516_/Y
 _24517_/X
 _24518_/X
 _24519_/Y
 _24520_/Y
 _24521_/X
 _24522_/X
 _24523_/Y
 _24524_/X
 _24525_/X
 _24526_/X
 _24527_/Y
 _24528_/Y
 _24529_/X
 _24530_/Y
 _24531_/X
 _24532_/Y
 _24533_/Y
 _24534_/Y
 _24535_/X
 _24536_/Y
 _24537_/X
 _24538_/Y
 _24539_/X
 _24540_/Y
 _24541_/Y
 _24542_/Y
 _24543_/X
 _24544_/Y
 _24545_/X
 _24546_/Y
 _24547_/X
 _24548_/Y
 _24549_/X
 _24550_/X
 _24551_/X
 _24552_/Y
 _24553_/Y
 _24554_/X
 _24555_/X
 _24556_/Y
 _24557_/X
 _24558_/X
 _24559_/Y
 _24560_/X
 _24561_/X
 _24562_/X
 _24563_/Y
 _24564_/X
 _24565_/Y
 _24566_/Y
 _24567_/Y
 _24568_/X
 _24569_/X
 _24570_/Y
 _24571_/X
 _24572_/Y
 _24573_/X
 _24574_/Y
 _24575_/X
 _24576_/Y
 _24577_/Y
 _24578_/Y
 _24579_/X
 _24580_/X
 _24581_/X
 _24582_/Y
 _24583_/X
 _24584_/X
 _24585_/X
 _24586_/X
 _24587_/X
 _24588_/Y
 _24589_/X
 _24590_/X
 _24591_/X
 _24592_/Y
 _24593_/Y
 _24594_/X
 _24595_/Y
 _24596_/X
 _24597_/Y
 _24598_/Y
 _24599_/Y
 _24600_/Y
 _24601_/Y
 _24602_/X
 _24603_/Y
 _24604_/Y
 _24605_/X
 _24606_/Y
 _24607_/X
 _24608_/Y
 _24609_/Y
 _24610_/Y
 _24611_/X
 _24612_/X
 _24613_/X
 _24614_/X
 _24615_/X
 _24616_/Y
 _24617_/Y
 _24618_/Y
 _24619_/Y
 _24620_/X
 _24621_/X
 _24622_/Y
 _24623_/X
 _24624_/X
 _24625_/Y
 _24626_/X
 _24627_/X
 _24628_/X
 _24629_/X
 _24630_/X
 _24631_/X
 _24632_/Y
 _24633_/Y
 _24634_/Y
 _24635_/X
 _24636_/Y
 _24637_/X
 _24638_/Y
 _24639_/X
 _24640_/Y
 _24641_/X
 _24642_/Y
 _24643_/X
 _24644_/X
 _24645_/Y
 _24646_/Y
 _24647_/Y
 _24648_/X
 _24649_/Y
 _24650_/X
 _24651_/Y
 _24652_/X
 _24653_/X
 _24654_/X
 _24655_/X
 _24656_/X
 _24657_/Y
 _24658_/X
 _24659_/X
 _24660_/X
 _24661_/X
 _24662_/Y
 _24663_/Y
 _24664_/Y
 _24665_/X
 _24666_/X
 _24667_/Y
 _24668_/Y
 _24669_/Y
 _24670_/Y
 _24671_/X
 _24672_/X
 _24673_/Y
 _24674_/Y
 _24675_/Y
 _24676_/Y
 _24677_/X
 _24678_/Y
 _24679_/X
 _24680_/Y
 _24681_/X
 _24682_/Y
 _24683_/Y
 _24684_/X
 _24685_/X
 _24686_/X
 _24687_/Y
 _24688_/Y
 _24689_/X
 _24690_/Y
 _24691_/X
 _24692_/X
 _24693_/X
 _24694_/Y
 _24695_/Y
 _24696_/Y
 _24697_/Y
 _24698_/Y
 _24699_/X
 _24700_/Y
 _24701_/Y
 _24702_/X
 _24703_/Y
 _24704_/X
 _24705_/X
 _24706_/X
 _24707_/Y
 _24708_/Y
 _24709_/X
 _24710_/Y
 _24711_/Y
 _24712_/X
 _24713_/X
 _24714_/Y
 _24715_/X
 _24716_/X
 _24717_/Y
 _24718_/X
 _24719_/X
 _24720_/Y
 _24721_/Y
 _24722_/X
 _24723_/X
 _24724_/X
 _24725_/X
 _24726_/Y
 _24727_/X
 _24728_/Y
 _24729_/X
 _24730_/X
 _24731_/X
 _24732_/X
 _24733_/Y
 _24734_/Y
 _24735_/Y
 _24736_/X
 _24737_/X
 _24738_/Y
 _24739_/X
 _24740_/X
 _24741_/Y
 _24742_/X
 _24743_/Y
 _24744_/X
 _24745_/Y
 _24746_/X
 _24747_/Y
 _24748_/X
 _24749_/Y
 _24750_/X
 _24751_/Y
 _24752_/Y
 _24753_/Y
 _24754_/X
 _24755_/Y
 _24756_/X
 _24757_/X
 _24758_/X
 _24759_/Y
 _24760_/Y
 _24761_/Y
 _24762_/X
 _24763_/Y
 _24764_/X
 _24765_/Y
 _24766_/X
 _24767_/Y
 _24768_/X
 _24769_/Y
 _24770_/X
 _24771_/Y
 _24772_/Y
 _24773_/X
 _24774_/X
 _24775_/X
 _24776_/Y
 _24777_/Y
 _24778_/Y
 _24779_/Y
 _24780_/X
 _24781_/X
 _24782_/X
 _24783_/Y
 _24784_/Y
 _24785_/X
 _24786_/Y
 _24787_/X
 _24788_/Y
 _24789_/Y
 _24790_/X
 _24791_/Y
 _24792_/X
 _24793_/Y
 _24794_/Y
 _24795_/X
 _24796_/X
 _24797_/Y
 _24798_/X
 _24799_/Y
 _24800_/X
 _24801_/X
 _24802_/Y
 _24803_/Y
 _24804_/X
 _24805_/Y
 _24806_/X
 _24807_/X
 _24808_/Y
 _24809_/Y
 _24810_/Y
 _24811_/X
 _24812_/X
 _24813_/Y
 _24814_/X
 _24815_/Y
 _24816_/X
 _24817_/Y
 _24818_/X
 _24819_/X
 _24820_/X
 _24821_/X
 _24822_/X
 _24823_/Y
 _24824_/X
 _24825_/X
 _24826_/X
 _24827_/X
 _24828_/X
 _24829_/Y
 _24830_/X
 _24831_/Y
 _24832_/X
 _24833_/Y
 _24834_/Y
 _24835_/Y
 _24836_/X
 _24837_/Y
 _24838_/X
 _24839_/Y
 _24840_/X
 _24841_/X
 _24842_/X
 _24843_/Y
 _24844_/X
 _24845_/X
 _24846_/Y
 _24847_/X
 _24848_/X
 _24849_/Y
 _24850_/Y
 _24851_/Y
 _24852_/Y
 _24853_/Y
 _24854_/Y
 _24855_/X
 _24856_/X
 _24857_/X
 _24858_/Y
 _24859_/X
 _24860_/X
 _24861_/Y
 _24862_/X
 _24863_/Y
 _24864_/X
 _24865_/X
 _24866_/X
 _24867_/Y
 _24868_/X
 _24869_/Y
 _24870_/X
 _24871_/X
 _24872_/X
 _24873_/X
 _24874_/Y
 _24875_/X
 _24876_/Y
 _24877_/X
 _24878_/Y
 _24879_/X
 _24880_/X
 _24881_/Y
 _24882_/Y
 _24883_/Y
 _24884_/X
 _24885_/X
 _24886_/X
 _24887_/Y
 _24888_/X
 _24889_/X
 _24890_/X
 _24891_/Y
 _24892_/Y
 _24893_/Y
 _24894_/Y
 _24895_/Y
 _24896_/X
 _24897_/X
 _24898_/Y
 _24899_/X
 _24900_/X
 _24901_/Y
 _24902_/X
 _24903_/X
 _24904_/Y
 _24905_/X
 _24906_/Y
 _24907_/Y
 _24908_/X
 _24909_/Y
 _24910_/X
 _24911_/Y
 _24912_/X
 _24913_/X
 _24914_/Y
 _24915_/X
 _24916_/Y
 _24917_/X
 _24918_/X
 _24919_/X
 _24920_/X
 _24921_/X
 _24922_/X
 _24923_/Y
 _24924_/X
 _24925_/X
 _24926_/X
 _24927_/X
 _24928_/Y
 _24929_/X
 _24930_/X
 _24931_/Y
 _24932_/X
 _24933_/Y
 _24934_/Y
 _24935_/Y
 _24936_/X
 _24937_/Y
 _24938_/Y
 _24939_/X
 _24940_/Y
 _24941_/X
 _24942_/Y
 _24943_/X
 _24944_/Y
 _24945_/X
 _24946_/X
 _24947_/Y
 _24948_/X
 _24949_/X
 _24950_/Y
 _24951_/X
 _24952_/Y
 _24953_/X
 _24954_/X
 _24955_/X
 _24956_/Y
 _24957_/X
 _24958_/Y
 _24959_/X
 _24960_/Y
 _24961_/X
 _24962_/Y
 _24963_/Y
 _24964_/X
 _24965_/X
 _24966_/Y
 _24967_/Y
 _24968_/Y
 _24969_/X
 _24970_/X
 _24971_/X
 _24972_/Y
 _24973_/X
 _24974_/X
 _24975_/X
 _24976_/Y
 _24977_/X
 _24978_/Y
 _24979_/X
 _24980_/X
 _24981_/Y
 _24982_/X
 _24983_/Y
 _24984_/X
 _24985_/Y
 _24986_/X
 _24987_/X
 _24988_/Y
 _24989_/X
 _24990_/X
 _24991_/X
 _24992_/X
 _24993_/Y
 _24994_/X
 _24995_/Y
 _24996_/Y
 _24997_/X
 _24998_/X
 _24999_/X
 _25000_/Y
 _25001_/X
 _25002_/Y
 _25003_/Y
 _25004_/X
 _25005_/Y
 _25006_/X
 _25007_/Y
 _25008_/X
 _25009_/Y
 _25010_/X
 _25011_/X
 _25012_/Y
 _25013_/X
 _25014_/X
 _25015_/X
 _25016_/Y
 _25017_/Y
 _25018_/Y
 _25019_/Y
 _25020_/X
 _25021_/X
 _25022_/X
 _25023_/Y
 _25024_/Y
 _25025_/X
 _25026_/Y
 _25027_/X
 _25028_/X
 _25029_/X
 _25030_/X
 _25031_/Y
 _25032_/Y
 _25033_/Y
 _25034_/Y
 _25035_/Y
 _25036_/X
 _25037_/Y
 _25038_/Y
 _25039_/X
 _25040_/X
 _25041_/X
 _25042_/Y
 _25043_/X
 _25044_/X
 _25045_/Y
 _25046_/Y
 _25047_/Y
 _25048_/X
 _25049_/Y
 _25050_/Y
 _25051_/X
 _25052_/Y
 _25053_/Y
 _25054_/X
 _25055_/X
 _25056_/X
 _25057_/Y
 _25058_/X
 _25059_/X
 _25060_/X
 _25061_/Y
 _25062_/X
 _25063_/Y
 _25064_/Y
 _25065_/Y
 _25066_/Y
 _25067_/Y
 _25068_/Y
 _25069_/Y
 _25070_/X
 _25071_/Y
 _25072_/X
 _25073_/Y
 _25074_/X
 _25075_/Y
 _25076_/X
 _25077_/X
 _25078_/X
 _25079_/Y
 _25080_/X
 _25081_/X
 _25082_/Y
 _25083_/Y
 _25084_/Y
 _25085_/Y
 _25086_/X
 _25087_/Y
 _25088_/Y
 _25089_/Y
 _25090_/Y
 _25091_/Y
 _25092_/X
 _25093_/Y
 _25094_/Y
 _25095_/Y
 _25096_/X
 _25097_/Y
 _25098_/Y
 _25099_/X
 _25100_/X
 _25101_/Y
 _25102_/Y
 _25103_/X
 _25104_/Y
 _25105_/X
 _25106_/X
 _25107_/X
 _25108_/X
 _25109_/X
 _25110_/X
 _25111_/X
 _25112_/Y
 _25113_/Y
 _25114_/X
 _25115_/Y
 _25116_/X
 _25117_/Y
 _25118_/X
 _25119_/Y
 _25120_/X
 _25121_/X
 _25122_/Y
 _25123_/X
 _25124_/Y
 _25125_/Y
 _25126_/Y
 _25127_/X
 _25128_/Y
 _25129_/Y
 _25130_/Y
 _25131_/X
 _25132_/Y
 _25133_/X
 _25134_/Y
 _25135_/Y
 _25136_/Y
 _25137_/Y
 _25138_/X
 _25139_/Y
 _25140_/Y
 _25141_/Y
 _25142_/Y
 _25143_/X
 _25144_/X
 _25145_/X
 _25146_/X
 _25147_/X
 _25148_/X
 _25149_/Y
 _25150_/X
 _25151_/Y
 _25152_/Y
 _25153_/X
 _25154_/X
 _25155_/X
 _25156_/Y
 _25157_/Y
 _25158_/X
 _25159_/X
 _25160_/X
 _25161_/Y
 _25162_/X
 _25163_/X
 _25164_/X
 _25165_/X
 _25166_/X
 _25167_/X
 _25168_/Y
 _25169_/X
 _25170_/X
 _25171_/X
 _25172_/X
 _25173_/X
 _25174_/X
 _25175_/X
 _25176_/Y
 _25177_/X
 _25178_/X
 _25179_/X
 _25180_/X
 _25181_/Y
 _25182_/X
 _25183_/Y
 _25184_/X
 _25185_/X
 _25186_/X
 _25187_/X
 _25188_/Y
 _25189_/X
 _25190_/X
 _25191_/X
 _25192_/X
 _25193_/X
 _25194_/Y
 _25195_/Y
 _25196_/X
 _25197_/X
 _25198_/X
 _25199_/X
 _25200_/X
 _25201_/X
 _25202_/X
 _25203_/X
 _25204_/X
 _25205_/Y
 _25206_/Y
 _25207_/Y
 _25208_/Y
 _25209_/Y
 _25210_/Y
 _25211_/Y
 _25212_/Y
 _25213_/Y
 _25214_/X
 _25215_/X
 _25216_/X
 _25217_/X
 _25218_/Y
 _25219_/Y
 _25220_/Y
 _25221_/Y
 _25222_/Y
 _25223_/Y
 _25224_/Y
 _25225_/X
 _25226_/X
 _25227_/Y
 _25228_/Y
 _25229_/X
 _25230_/X
 _25231_/X
 _25232_/Y
 _25233_/X
 _25234_/Y
 _25235_/X
 _25236_/Y
 _25237_/Y
 _25238_/Y
 _25239_/X
 _25240_/Y
 _25241_/Y
 _25242_/X
 _25243_/X
 _25244_/X
 _25245_/Y
 _25246_/Y
 _25247_/X
 _25248_/Y
 _25249_/Y
 _25250_/Y
 _25251_/X
 _25252_/X
 _25253_/X
 _25254_/X
 _25255_/X
 _25256_/Y
 _25257_/X
 _25258_/X
 _25259_/X
 _25260_/Y
 _25261_/X
 _25262_/X
 _25263_/Y
 _25264_/X
 _25265_/Y
 _25266_/Y
 _25267_/X
 _25268_/Y
 _25269_/X
 _25270_/Y
 _25271_/X
 _25272_/Y
 _25273_/X
 _25274_/Y
 _25275_/Y
 _25276_/Y
 _25277_/X
 _25278_/X
 _25279_/X
 _25280_/Y
 _25281_/Y
 _25282_/Y
 _25283_/X
 _25284_/X
 _25285_/X
 _25286_/X
 _25287_/Y
 _25288_/X
 _25289_/Y
 _25290_/Y
 _25291_/X
 _25292_/Y
 _25293_/Y
 _25294_/Y
 _25295_/X
 _25296_/X
 _25297_/X
 _25298_/Y
 _25299_/X
 _25300_/X
 _25301_/X
 _25302_/Y
 _25303_/Y
 _25304_/Y
 _25305_/X
 _25306_/X
 _25307_/Y
 _25308_/Y
 _25309_/X
 _25310_/X
 _25311_/X
 _25312_/X
 _25313_/X
 _25314_/X
 _25315_/X
 _25316_/X
 _25317_/X
 _25318_/Y
 _25319_/X
 _25320_/Y
 _25321_/X
 _25322_/X
 _25323_/X
 _25324_/Y
 _25325_/X
 _25326_/Y
 _25327_/Y
 _25328_/Y
 _25329_/X
 _25330_/X
 _25331_/Y
 _25332_/Y
 _25333_/X
 _25334_/Y
 _25335_/X
 _25336_/X
 _25337_/X
 _25338_/X
 _25339_/X
 _25340_/Y
 _25341_/X
 _25342_/X
 _25343_/Y
 _25344_/X
 _25345_/X
 _25346_/Y
 _25347_/X
 _25348_/X
 _25349_/Y
 _25350_/Y
 _25351_/Y
 _25352_/Y
 _25353_/X
 _25354_/Y
 _25355_/X
 _25356_/Y
 _25357_/Y
 _25358_/X
 _25359_/Y
 _25360_/Y
 _25361_/Y
 _25362_/X
 _25363_/Y
 _25364_/X
 _25365_/X
 _25366_/Y
 _25367_/X
 _25368_/Y
 _25369_/X
 _25370_/X
 _25371_/Y
 _25372_/Y
 _25373_/Y
 _25374_/X
 _25375_/X
 _25376_/X
 _25377_/X
 _25378_/X
 _25379_/Y
 _25380_/X
 _25381_/X
 _25382_/Y
 _25383_/Y
 _25384_/X
 _25385_/X
 _25386_/X
 _25387_/Y
 _25388_/X
 _25389_/Y
 _25390_/X
 _25391_/Y
 _25392_/Y
 _25393_/Y
 _25394_/X
 _25395_/X
 _25396_/Y
 _25397_/Y
 _25398_/Y
 _25399_/Y
 _25400_/X
 _25401_/Y
 _25402_/X
 _25403_/Y
 _25404_/X
 _25405_/Y
 _25406_/X
 _25407_/Y
 _25408_/Y
 _25409_/X
 _25410_/Y
 _25411_/X
 _25412_/X
 _25413_/X
 _25414_/Y
 _25415_/Y
 _25416_/X
 _25417_/X
 _25418_/X
 _25419_/X
 _25420_/X
 _25421_/X
 _25422_/Y
 _25423_/Y
 _25424_/X
 _25425_/Y
 _25426_/X
 _25427_/Y
 _25428_/Y
 _25429_/Y
 _25430_/X
 _25431_/X
 _25432_/X
 _25433_/X
 _25434_/X
 _25435_/X
 _25436_/Y
 _25437_/Y
 _25438_/Y
 _25439_/Y
 _25440_/Y
 _25441_/Y
 _25442_/Y
 _25443_/Y
 _25444_/X
 _25445_/X
 _25446_/X
 _25447_/Y
 _25448_/Y
 _25449_/X
 _25450_/X
 _25451_/X
 _25452_/Y
 _25453_/X
 _25454_/X
 _25455_/Y
 _25456_/X
 _25457_/X
 _25458_/Y
 _25459_/Y
 _25460_/Y
 _25461_/X
 _25462_/Y
 _25463_/Y
 _25464_/Y
 _25465_/X
 _25466_/Y
 _25467_/X
 _25468_/Y
 _25469_/X
 _25470_/X
 _25471_/Y
 _25472_/X
 _25473_/Y
 _25474_/Y
 _25475_/X
 _25476_/X
 _25477_/Y
 _25478_/Y
 _25479_/X
 _25480_/X
 _25481_/Y
 _25482_/X
 _25483_/X
 _25484_/Y
 _25485_/X
 _25486_/X
 _25487_/Y
 _25488_/Y
 _25489_/Y
 _25490_/X
 _25491_/Y
 _25492_/Y
 _25493_/X
 _25494_/X
 _25495_/Y
 _25496_/Y
 _25497_/Y
 _25498_/X
 _25499_/Y
 _25500_/X
 _25501_/X
 _25502_/Y
 _25503_/X
 _25504_/Y
 _25505_/Y
 _25506_/Y
 _25507_/X
 _25508_/Y
 _25509_/Y
 _25510_/Y
 _25511_/Y
 _25512_/X
 _25513_/X
 _25514_/Y
 _25515_/Y
 _25516_/X
 _25517_/X
 _25518_/X
 _25519_/Y
 _25520_/X
 _25521_/Y
 _25522_/Y
 _25523_/Y
 _25524_/X
 _25525_/Y
 _25526_/Y
 _25527_/Y
 _25528_/Y
 _25529_/Y
 _25530_/Y
 _25531_/X
 _25532_/X
 _25533_/X
 _25534_/X
 _25535_/Y
 _25536_/X
 _25537_/Y
 _25538_/Y
 _25539_/Y
 _25540_/Y
 _25541_/X
 _25542_/X
 _25543_/X
 _25544_/X
 _25545_/Y
 _25546_/X
 _25547_/Y
 _25548_/Y
 _25549_/X
 _25550_/X
 _25551_/Y
 _25552_/Y
 _25553_/X
 _25554_/X
 _25555_/X
 _25556_/Y
 _25557_/Y
 _25558_/Y
 _25559_/Y
 _25560_/X
 _25561_/Y
 _25562_/X
 _25563_/Y
 _25564_/X
 _25565_/Y
 _25566_/Y
 _25567_/X
 _25568_/Y
 _25569_/X
 _25570_/X
 _25571_/Y
 _25572_/X
 _25573_/X
 _25574_/X
 _25575_/Y
 _25576_/Y
 _25577_/Y
 _25578_/X
 _25579_/X
 _25580_/Y
 _25581_/X
 _25582_/X
 _25583_/Y
 _25584_/Y
 _25585_/Y
 _25586_/Y
 _25587_/X
 _25588_/Y
 _25589_/X
 _25590_/Y
 _25591_/Y
 _25592_/Y
 _25593_/Y
 _25594_/X
 _25595_/X
 _25596_/Y
 _25597_/Y
 _25598_/X
 _25599_/X
 _25600_/Y
 _25601_/X
 _25602_/X
 _25603_/X
 _25604_/Y
 _25605_/Y
 _25606_/Y
 _25607_/Y
 _25608_/X
 _25609_/Y
 _25610_/Y
 _25611_/Y
 _25612_/X
 _25613_/Y
 _25614_/X
 _25615_/Y
 _25616_/X
 _25617_/X
 _25618_/X
 _25619_/Y
 _25620_/X
 _25621_/Y
 _25622_/X
 _25623_/X
 _25624_/X
 _25625_/X
 _25626_/X
 _25627_/X
 _25628_/X
 _25629_/X
 _25630_/Y
 _25631_/Y
 _25632_/Y
 _25633_/Y
 _25634_/X
 _25635_/Y
 _25636_/Y
 _25637_/Y
 _25638_/Y
 _25639_/Y
 _25640_/X
 _25641_/Y
 _25642_/X
 _25643_/Y
 _25644_/Y
 _25645_/Y
 _25646_/X
 _25647_/Y
 _25648_/Y
 _25649_/X
 _25650_/Y
 _25651_/X
 _25652_/X
 _25653_/Y
 _25654_/Y
 _25655_/Y
 _25656_/Y
 _25657_/X
 _25658_/Y
 _25659_/X
 _25660_/X
 _25661_/X
 _25662_/X
 _25663_/X
 _25664_/Y
 _25665_/X
 _25666_/X
 _25667_/Y
 _25668_/Y
 _25669_/X
 _25670_/Y
 _25671_/Y
 _25672_/Y
 _25673_/Y
 _25674_/X
 _25675_/Y
 _25676_/Y
 _25677_/X
 _25678_/X
 _25679_/X
 _25680_/X
 _25681_/X
 _25682_/Y
 _25683_/X
 _25684_/X
 _25685_/X
 _25686_/X
 _25687_/X
 _25688_/X
 _25689_/Y
 _25690_/X
 _25691_/X
 _25692_/Y
 _25693_/Y
 _25694_/Y
 _25695_/X
 _25696_/Y
 _25697_/Y
 _25698_/X
 _25699_/Y
 _25700_/X
 _25701_/Y
 _25702_/X
 _25703_/Y
 _25704_/X
 _25705_/Y
 _25706_/X
 _25707_/X
 _25708_/X
 _25709_/X
 _25710_/X
 _25711_/X
 _25712_/X
 _25713_/X
 _25714_/X
 _25715_/Y
 _25716_/X
 _25717_/X
 _25718_/Y
 _25719_/Y
 _25720_/X
 _25721_/Y
 _25722_/Y
 _25723_/Y
 _25724_/Y
 _25725_/Y
 _25726_/Y
 _25727_/Y
 _25728_/X
 _25729_/Y
 _25730_/X
 _25731_/Y
 _25732_/Y
 _25733_/Y
 _25734_/X
 _25735_/X
 _25736_/X
 _25737_/Y
 _25738_/X
 _25739_/X
 _25740_/X
 _25741_/X
 _25742_/Y
 _25743_/Y
 _25744_/Y
 _25745_/Y
 _25746_/X
 _25747_/X
 _25748_/Y
 _25749_/X
 _25750_/Y
 _25751_/X
 _25752_/X
 _25753_/Y
 _25754_/Y
 _25755_/Y
 _25756_/X
 _25757_/Y
 _25758_/X
 _25759_/Y
 _25760_/X
 _25761_/X
 _25762_/X
 _25763_/X
 _25764_/Y
 _25765_/X
 _25766_/X
 _25767_/X
 _25768_/Y
 _25769_/X
 _25770_/X
 _25771_/Y
 _25772_/X
 _25773_/X
 _25774_/X
 _25775_/Y
 _25776_/X
 _25777_/X
 _25778_/X
 _25779_/X
 _25780_/Y
 _25781_/X
 _25782_/X
 _25783_/X
 _25784_/Y
 _25785_/Y
 _25786_/Y
 _25787_/Y
 _25788_/X
 _25789_/X
 _25790_/Y
 _25791_/X
 _25792_/X
 _25793_/Y
 _25794_/X
 _25795_/Y
 _25796_/X
 _25797_/Y
 _25798_/X
 _25799_/X
 _25800_/X
 _25801_/X
 _25802_/X
 _25803_/Y
 _25804_/X
 _25805_/Y
 _25806_/X
 _25807_/X
 _25808_/X
 _25809_/X
 _25810_/X
 _25811_/Y
 _25812_/X
 _25813_/X
 _25814_/Y
 _25815_/X
 _25816_/X
 _25817_/Y
 _25818_/Y
 _25819_/Y
 _25820_/X
 _25821_/X
 _25822_/Y
 _25823_/X
 _25824_/Y
 _25825_/X
 _25826_/X
 _25827_/Y
 _25828_/Y
 _25829_/Y
 _25830_/X
 _25831_/Y
 _25832_/Y
 _25833_/X
 _25834_/X
 _25835_/X
 _25836_/Y
 _25837_/X
 _25838_/Y
 _25839_/X
 _25840_/X
 _25841_/Y
 _25842_/Y
 _25843_/X
 _25844_/Y
 _25845_/X
 _25846_/Y
 _25847_/Y
 _25848_/Y
 _25849_/Y
 _25850_/Y
 _25851_/Y
 _25852_/X
 _25853_/Y
 _25854_/Y
 _25855_/Y
 _25856_/X
 _25857_/Y
 _25858_/X
 _25859_/Y
 _25860_/X
 _25861_/Y
 _25862_/Y
 _25863_/Y
 _25864_/X
 _25865_/Y
 _25866_/X
 _25867_/Y
 _25868_/Y
 _25869_/X
 _25870_/Y
 _25871_/X
 _25872_/X
 _25873_/Y
 _25874_/X
 _25875_/X
 _25876_/Y
 _25877_/X
 _25878_/X
 _25879_/X
 _25880_/Y
 _25881_/Y
 _25882_/X
 _25883_/Y
 _25884_/Y
 _25885_/Y
 _25886_/X
 _25887_/Y
 _25888_/Y
 _25889_/Y
 _25890_/X
 _25891_/X
 _25892_/X
 _25893_/Y
 _25894_/X
 _25895_/X
 _25896_/X
 _25897_/Y
 _25898_/Y
 _25899_/X
 _25900_/X
 _25901_/Y
 _25902_/Y
 _25903_/X
 _25904_/Y
 _25905_/Y
 _25906_/X
 _25907_/X
 _25908_/X
 _25909_/Y
 _25910_/Y
 _25911_/X
 _25912_/X
 _25913_/X
 _25914_/X
 _25915_/Y
 _25916_/Y
 _25917_/Y
 _25918_/X
 _25919_/Y
 _25920_/Y
 _25921_/X
 _25922_/Y
 _25923_/X
 _25924_/X
 _25925_/Y
 _25926_/Y
 _25927_/Y
 _25928_/Y
 _25929_/Y
 _25930_/X
 _25931_/X
 _25932_/Y
 _25933_/X
 _25934_/Y
 _25935_/X
 _25936_/Y
 _25937_/Y
 _25938_/Y
 _25939_/Y
 _25940_/Y
 _25941_/Y
 _25942_/X
 _25943_/Y
 _25944_/Y
 _25945_/Y
 _25946_/X
 _25947_/X
 _25948_/X
 _25949_/X
 _25950_/Y
 _25951_/X
 _25952_/X
 _25953_/X
 _25954_/Y
 _25955_/X
 _25956_/X
 _25957_/X
 _25958_/X
 _25959_/X
 _25960_/Y
 _25961_/X
 _25962_/Y
 _25963_/Y
 _25964_/X
 _25965_/Y
 _25966_/X
 _25967_/Y
 _25968_/X
 _25969_/Y
 _25970_/Y
 _25971_/Y
 _25972_/X
 _25973_/Y
 _25974_/Y
 _25975_/Y
 _25976_/Y
 _25977_/X
 _25978_/Y
 _25979_/X
 _25980_/X
 _25981_/Y
 _25982_/Y
 _25983_/X
 _25984_/Y
 _25985_/X
 _25986_/Y
 _25987_/X
 _25988_/X
 _25989_/X
 _25990_/X
 _25991_/X
 _25992_/Y
 _25993_/X
 _25994_/Y
 _25995_/Y
 _25996_/Y
 _25997_/X
 _25998_/X
 _25999_/Y
 _26000_/X
 _26001_/X
 _26002_/X
 _26003_/Y
 _26004_/Y
 _26005_/X
 _26006_/X
 _26007_/Y
 _26008_/Y
 _26009_/X
 _26010_/X
 _26011_/X
 _26012_/Y
 _26013_/Y
 _26014_/Y
 _26015_/X
 _26016_/Y
 _26017_/X
 _26018_/X
 _26019_/Y
 _26020_/X
 _26021_/Y
 _26022_/X
 _26023_/Y
 _26024_/Y
 _26025_/X
 _26026_/Y
 _26027_/Y
 _26028_/Y
 _26029_/X
 _26030_/X
 _26031_/X
 _26032_/X
 _26033_/Y
 _26034_/Y
 _26035_/X
 _26036_/Y
 _26037_/Y
 _26038_/X
 _26039_/X
 _26040_/Y
 _26041_/X
 _26042_/X
 _26043_/X
 _26044_/Y
 _26045_/Y
 _26046_/X
 _26047_/Y
 _26048_/Y
 _26049_/X
 _26050_/X
 _26051_/Y
 _26052_/Y
 _26053_/X
 _26054_/Y
 _26055_/X
 _26056_/X
 _26057_/Y
 _26058_/Y
 _26059_/Y
 _26060_/Y
 _26061_/X
 _26062_/X
 _26063_/Y
 _26064_/X
 _26065_/X
 _26066_/Y
 _26067_/Y
 _26068_/Y
 _26069_/Y
 _26070_/Y
 _26071_/Y
 _26072_/Y
 _26073_/X
 _26074_/Y
 _26075_/Y
 _26076_/Y
 _26077_/X
 _26078_/X
 _26079_/Y
 _26080_/X
 _26081_/Y
 _26082_/Y
 _26083_/X
 _26084_/X
 _26085_/X
 _26086_/X
 _26087_/X
 _26088_/Y
 _26089_/Y
 _26090_/Y
 _26091_/X
 _26092_/Y
 _26093_/Y
 _26094_/X
 _26095_/X
 _26096_/Y
 _26097_/Y
 _26098_/Y
 _26099_/Y
 _26100_/X
 _26101_/Y
 _26102_/Y
 _26103_/Y
 _26104_/X
 _26105_/Y
 _26106_/Y
 _26107_/X
 _26108_/Y
 _26109_/X
 _26110_/Y
 _26111_/Y
 _26112_/X
 _26113_/Y
 _26114_/X
 _26115_/X
 _26116_/X
 _26117_/X
 _26118_/Y
 _26119_/Y
 _26120_/X
 _26121_/X
 _26122_/X
 _26123_/Y
 _26124_/Y
 _26125_/Y
 _26126_/X
 _26127_/Y
 _26128_/Y
 _26129_/Y
 _26130_/Y
 _26131_/Y
 _26132_/Y
 _26133_/Y
 _26134_/X
 _26135_/X
 _26136_/X
 _26137_/X
 _26138_/X
 _26139_/Y
 _26140_/Y
 _26141_/X
 _26142_/X
 _26143_/Y
 _26144_/Y
 _26145_/Y
 _26146_/X
 _26147_/X
 _26148_/Y
 _26149_/X
 _26150_/Y
 _26151_/Y
 _26152_/X
 _26153_/Y
 _26154_/X
 _26155_/X
 _26156_/Y
 _26157_/Y
 _26158_/Y
 _26159_/Y
 _26160_/X
 _26161_/Y
 _26162_/X
 _26163_/X
 _26164_/X
 _26165_/Y
 _26166_/Y
 _26167_/Y
 _26168_/X
 _26169_/Y
 _26170_/Y
 _26171_/Y
 _26172_/Y
 _26173_/Y
 _26174_/X
 _26175_/X
 _26176_/Y
 _26177_/X
 _26178_/Y
 _26179_/Y
 _26180_/Y
 _26181_/X
 _26182_/X
 _26183_/Y
 _26184_/X
 _26185_/X
 _26186_/Y
 _26187_/Y
 _26188_/Y
 _26189_/X
 _26190_/X
 _26191_/X
 _26192_/X
 _26193_/Y
 _26194_/Y
 _26195_/Y
 _26196_/X
 _26197_/Y
 _26198_/Y
 _26199_/X
 _26200_/X
 _26201_/Y
 _26202_/X
 _26203_/X
 _26204_/X
 _26205_/X
 _26206_/Y
 _26207_/X
 _26208_/X
 _26209_/X
 _26210_/Y
 _26211_/Y
 _26212_/X
 _26213_/X
 _26214_/Y
 _26215_/X
 _26216_/X
 _26217_/Y
 _26218_/Y
 _26219_/Y
 _26220_/X
 _26221_/Y
 _26222_/Y
 _26223_/X
 _26224_/X
 _26225_/Y
 _26226_/X
 _26227_/X
 _26228_/Y
 _26229_/Y
 _26230_/X
 _26231_/Y
 _26232_/Y
 _26233_/X
 _26234_/Y
 _26235_/X
 _26236_/X
 _26237_/X
 _26238_/X
 _26239_/Y
 _26240_/X
 _26241_/X
 _26242_/X
 _26243_/X
 _26244_/Y
 _26245_/X
 _26246_/X
 _26247_/X
 _26248_/Y
 _26249_/Y
 _26250_/Y
 _26251_/X
 _26252_/X
 _26253_/X
 _26254_/Y
 _26255_/X
 _26256_/X
 _26257_/X
 _26258_/X
 _26259_/X
 _26260_/Y
 _26261_/X
 _26262_/Y
 _26263_/X
 _26264_/Y
 _26265_/Y
 _26266_/X
 _26267_/Y
 _26268_/X
 _26269_/Y
 _26270_/X
 _26271_/X
 _26272_/X
 _26273_/X
 _26274_/X
 _26275_/Y
 _26276_/X
 _26277_/Y
 _26278_/Y
 _26279_/X
 _26280_/Y
 _26281_/X
 _26282_/Y
 _26283_/X
 _26284_/X
 _26285_/X
 _26286_/X
 _26287_/Y
 _26288_/Y
 _26289_/Y
 _26290_/X
 _26291_/Y
 _26292_/X
 _26293_/Y
 _26294_/X
 _26295_/X
 _26296_/Y
 _26297_/Y
 _26298_/X
 _26299_/X
 _26300_/X
 _26301_/X
 _26302_/X
 _26303_/Y
 _26304_/Y
 _26305_/X
 _26306_/X
 _26307_/Y
 _26308_/Y
 _26309_/Y
 _26310_/Y
 _26311_/X
 _26312_/Y
 _26313_/Y
 _26314_/X
 _26315_/Y
 _26316_/X
 _26317_/X
 _26318_/X
 _26319_/X
 _26320_/Y
 _26321_/X
 _26322_/X
 _26323_/Y
 _26324_/Y
 _26325_/Y
 _26326_/Y
 _26327_/Y
 _26328_/X
 _26329_/X
 _26330_/X
 _26331_/X
 _26332_/Y
 _26333_/Y
 _26334_/X
 _26335_/Y
 _26336_/X
 _26337_/X
 _26338_/X
 _26339_/X
 _26340_/Y
 _26341_/Y
 _26342_/X
 _26343_/X
 _26344_/X
 _26345_/Y
 _26346_/X
 _26347_/X
 _26348_/X
 _26349_/X
 _26350_/X
 _26351_/Y
 _26352_/X
 _26353_/X
 _26354_/Y
 _26355_/Y
 _26356_/X
 _26357_/Y
 _26358_/Y
 _26359_/Y
 _26360_/X
 _26361_/X
 _26362_/X
 _26363_/Y
 _26364_/X
 _26365_/Y
 _26366_/X
 _26367_/X
 _26368_/X
 _26369_/Y
 _26370_/X
 _26371_/Y
 _26372_/Y
 _26373_/X
 _26374_/Y
 _26375_/Y
 _26376_/X
 _26377_/X
 _26378_/X
 _26379_/X
 _26380_/X
 _26381_/X
 _26382_/Y
 _26383_/Y
 _26384_/X
 _26385_/X
 _26386_/X
 _26387_/Y
 _26388_/Y
 _26389_/Y
 _26390_/X
 _26391_/X
 _26392_/Y
 _26393_/X
 _26394_/Y
 _26395_/Y
 _26396_/Y
 _26397_/X
 _26398_/Y
 _26399_/Y
 _26400_/X
 _26401_/Y
 _26402_/X
 _26403_/X
 _26404_/Y
 _26405_/X
 _26406_/Y
 _26407_/Y
 _26408_/Y
 _26409_/Y
 _26410_/X
 _26411_/X
 _26412_/Y
 _26413_/X
 _26414_/Y
 _26415_/X
 _26416_/X
 _26417_/X
 _26418_/X
 _26419_/Y
 _26420_/Y
 _26421_/Y
 _26422_/X
 _26423_/Y
 _26424_/X
 _26425_/Y
 _26426_/Y
 _26427_/X
 _26428_/Y
 _26429_/Y
 _26430_/X
 _26431_/Y
 _26432_/Y
 _26433_/X
 _26434_/Y
 _26435_/Y
 _26436_/X
 _26437_/Y
 _26438_/Y
 _26439_/X
 _26440_/Y
 _26441_/Y
 _26442_/Y
 _26443_/X
 _26444_/X
 _26445_/X
 _26446_/X
 _26447_/X
 _26448_/X
 _26449_/X
 _26450_/Y
 _26451_/Y
 _26452_/Y
 _26453_/X
 _26454_/Y
 _26455_/X
 _26456_/Y
 _26457_/Y
 _26458_/Y
 _26459_/X
 _26460_/Y
 _26461_/Y
 _26462_/Y
 _26463_/Y
 _26464_/X
 _26465_/Y
 _26466_/Y
 _26467_/Y
 _26468_/Y
 _26469_/Y
 _26470_/X
 _26471_/Y
 _26472_/X
 _26473_/Y
 _26474_/Y
 _26475_/X
 _26476_/Y
 _26477_/X
 _26478_/X
 _26479_/Y
 _26480_/Y
 _26481_/X
 _26482_/X
 _26483_/X
 _26484_/Y
 _26485_/X
 _26486_/X
 _26487_/Y
 _26488_/X
 _26489_/Y
 _26490_/Y
 _26491_/X
 _26492_/X
 _26493_/Y
 _26494_/X
 _26495_/Y
 _26496_/X
 _26497_/Y
 _26498_/Y
 _26499_/X
 _26500_/X
 _26501_/X
 _26502_/Y
 _26503_/X
 _26504_/Y
 _26505_/X
 _26506_/X
 _26507_/X
 _26508_/Y
 _26509_/Y
 _26510_/X
 _26511_/Y
 _26512_/X
 _26513_/Y
 _26514_/Y
 _26515_/Y
 _26516_/X
 _26517_/X
 _26518_/Y
 _26519_/Y
 _26520_/Y
 _26521_/Y
 _26522_/Y
 _26523_/Y
 _26524_/Y
 _26525_/Y
 _26526_/X
 _26527_/X
 _26528_/Y
 _26529_/X
 _26530_/X
 _26531_/X
 _26532_/Y
 _26533_/Y
 _26534_/Y
 _26535_/Y
 _26536_/X
 _26537_/Y
 _26538_/Y
 _26539_/Y
 _26540_/X
 _26541_/X
 _26542_/Y
 _26543_/X
 _26544_/X
 _26545_/X
 _26546_/Y
 _26547_/X
 _26548_/Y
 _26549_/X
 _26550_/X
 _26551_/Y
 _26552_/X
 _26553_/X
 _26554_/Y
 _26555_/X
 _26556_/Y
 _26557_/Y
 _26558_/X
 _26559_/X
 _26560_/Y
 _26561_/Y
 _26562_/Y
 _26563_/Y
 _26564_/X
 _26565_/X
 _26566_/X
 _26567_/Y
 _26568_/X
 _26569_/X
 _26570_/Y
 _26571_/X
 _26572_/X
 _26573_/Y
 _26574_/X
 _26575_/Y
 _26576_/Y
 _26577_/X
 _26578_/X
 _26579_/X
 _26580_/X
 _26581_/Y
 _26582_/Y
 _26583_/Y
 _26584_/Y
 _26585_/X
 _26586_/Y
 _26587_/Y
 _26588_/Y
 _26589_/Y
 _26590_/Y
 _26591_/Y
 _26592_/X
 _26593_/Y
 _26594_/Y
 _26595_/X
 _26596_/X
 _26597_/X
 _26598_/X
 _26599_/X
 _26600_/X
 _26601_/X
 _26602_/Y
 _26603_/Y
 _26604_/Y
 _26605_/X
 _26606_/Y
 _26607_/Y
 _26608_/Y
 _26609_/Y
 _26610_/Y
 _26611_/Y
 _26612_/X
 _26613_/Y
 _26614_/X
 _26615_/Y
 _26616_/Y
 _26617_/X
 _26618_/X
 _26619_/Y
 _26620_/X
 _26621_/Y
 _26622_/Y
 _26623_/X
 _26624_/Y
 _26625_/X
 _26626_/X
 _26627_/X
 _26628_/Y
 _26629_/X
 _26630_/X
 _26631_/X
 _26632_/Y
 _26633_/X
 _26634_/X
 _26635_/Y
 _26636_/Y
 _26637_/X
 _26638_/X
 _26639_/Y
 _26640_/Y
 _26641_/Y
 _26642_/X
 _26643_/X
 _26644_/Y
 _26645_/X
 _26646_/X
 _26647_/Y
 _26648_/X
 _26649_/Y
 _26650_/Y
 _26651_/Y
 _26652_/Y
 _26653_/X
 _26654_/Y
 _26655_/Y
 _26656_/Y
 _26657_/Y
 _26658_/X
 _26659_/Y
 _26660_/X
 _26661_/X
 _26662_/X
 _26663_/Y
 _26664_/Y
 _26665_/X
 _26666_/X
 _26667_/X
 _26668_/Y
 _26669_/Y
 _26670_/X
 _26671_/Y
 _26672_/Y
 _26673_/Y
 _26674_/Y
 _26675_/Y
 _26676_/X
 _26677_/X
 _26678_/X
 _26679_/Y
 _26680_/X
 _26681_/Y
 _26682_/Y
 _26683_/X
 _26684_/X
 _26685_/Y
 _26686_/X
 _26687_/X
 _26688_/Y
 _26689_/X
 _26690_/Y
 _26691_/X
 _26692_/Y
 _26693_/Y
 _26694_/X
 _26695_/Y
 _26696_/X
 _26697_/X
 _26698_/Y
 _26699_/X
 _26700_/X
 _26701_/X
 _26702_/Y
 _26703_/X
 _26704_/Y
 _26705_/Y
 _26706_/Y
 _26707_/X
 _26708_/X
 _26709_/Y
 _26710_/X
 _26711_/X
 _26712_/Y
 _26713_/X
 _26714_/X
 _26715_/X
 _26716_/Y
 _26717_/X
 _26718_/X
 _26719_/X
 _26720_/Y
 _26721_/X
 _26722_/X
 _26723_/X
 _26724_/X
 _26725_/X
 _26726_/X
 _26727_/X
 _26728_/X
 _26729_/X
 _26730_/X
 _26731_/X
 _26732_/X
 _26733_/X
 _26734_/X
 _26735_/Y
 _26736_/Y
 _26737_/Y
 _26738_/Y
 _26739_/Y
 _26740_/Y
 _26741_/X
 _26742_/X
 _26743_/X
 _26744_/X
 _26745_/X
 _26746_/X
 _26747_/Y
 _26748_/X
 _26749_/Y
 _26750_/Y
 _26751_/X
 _26752_/X
 _26753_/X
 _26754_/X
 _26755_/X
 _26756_/X
 _26757_/Y
 _26758_/X
 _26759_/X
 _26760_/X
 _26761_/Y
 _26762_/Y
 _26763_/X
 _26764_/Y
 _26765_/Y
 _26766_/Y
 _26767_/Y
 _26768_/Y
 _26769_/Y
 _26770_/X
 _26771_/X
 _26772_/Y
 _26773_/X
 _26774_/X
 _26775_/X
 _26776_/X
 _26777_/X
 _26778_/Y
 _26779_/X
 _26780_/X
 _26781_/Y
 _26782_/X
 _26783_/Y
 _26784_/Y
 _26785_/X
 _26786_/X
 _26787_/X
 _26788_/X
 _26789_/X
 _26790_/X
 _26791_/Y
 _26792_/X
 _26793_/Y
 _26794_/Y
 _26795_/X
 _26796_/X
 _26797_/X
 _26798_/X
 _26799_/Y
 _26800_/X
 _26801_/X
 _26802_/X
 _26803_/Y
 _26804_/Y
 _26805_/X
 _26806_/X
 _26807_/Y
 _26808_/X
 _26809_/X
 _26810_/X
 _26811_/X
 _26812_/Y
 _26813_/X
 _26814_/Y
 _26815_/Y
 _26816_/X
 _26817_/Y
 _26818_/Y
 _26819_/X
 _26820_/Y
 _26821_/X
 _26822_/Y
 _26823_/X
 _26824_/X
 _26825_/X
 _26826_/X
 _26827_/X
 _26828_/X
 _26829_/Y
 _26830_/Y
 _26831_/Y
 _26832_/X
 _26833_/Y
 _26834_/X
 _26835_/Y
 _26836_/X
 _26837_/Y
 _26838_/Y
 _26839_/X
 _26840_/X
 _26841_/X
 _26842_/Y
 _26843_/Y
 _26844_/Y
 _26845_/X
 _26846_/X
 _26847_/Y
 _26848_/X
 _26849_/Y
 _26850_/Y
 _26851_/X
 _26852_/Y
 _26853_/Y
 _26854_/Y
 _26855_/Y
 _26856_/Y
 _26857_/X
 _26858_/X
 _26859_/X
 _26860_/Y
 _26861_/X
 _26862_/X
 _26863_/X
 _26864_/Y
 _26865_/X
 _26866_/Y
 _26867_/X
 _26868_/Y
 _26869_/X
 _26870_/X
 _26871_/X
 _26872_/Y
 _26873_/Y
 _26874_/Y
 _26875_/X
 _26876_/Y
 _26877_/X
 _26878_/X
 _26879_/X
 _26880_/Y
 _26881_/X
 _26882_/Y
 _26883_/X
 _26884_/Y
 _26885_/Y
 _26886_/Y
 _26887_/X
 _26888_/Y
 _26889_/Y
 _26890_/Y
 _26891_/Y
 _26892_/Y
 _26893_/X
 _26894_/Y
 _26895_/Y
 _26896_/X
 _26897_/Y
 _26898_/X
 _26899_/X
 _26900_/Y
 _26901_/X
 _26902_/Y
 _26903_/Y
 _26904_/X
 _26905_/Y
 _26906_/Y
 _26907_/Y
 _26908_/Y
 _26909_/X
 _26910_/Y
 _26911_/X
 _26912_/Y
 _26913_/X
 _26914_/Y
 _26915_/X
 _26916_/Y
 _26917_/Y
 _26918_/X
 _26919_/Y
 _26920_/X
 _26921_/X
 _26922_/Y
 _26923_/X
 _26924_/Y
 _26925_/Y
 _26926_/X
 _26927_/Y
 _26928_/X
 _26929_/X
 _26930_/Y
 _26931_/X
 _26932_/Y
 _26933_/Y
 _26934_/Y
 _26935_/Y
 _26936_/X
 _26937_/Y
 _26938_/X
 _26939_/Y
 _26940_/X
 _26941_/Y
 _26942_/Y
 _26943_/Y
 _26944_/Y
 _26945_/X
 _26946_/Y
 _26947_/X
 _26948_/X
 _26949_/Y
 _26950_/Y
 _26951_/X
 _26952_/X
 _26953_/Y
 _26954_/Y
 _26955_/Y
 _26956_/Y
 _26957_/X
 _26958_/Y
 _26959_/Y
 _26960_/X
 _26961_/Y
 _26962_/X
 _26963_/Y
 _26964_/X
 _26965_/X
 _26966_/Y
 _26967_/X
 _26968_/X
 _26969_/Y
 _26970_/Y
 _26971_/Y
 _26972_/X
 _26973_/Y
 _26974_/X
 _26975_/Y
 _26976_/X
 _26977_/X
 _26978_/Y
 _26979_/X
 _26980_/Y
 _26981_/X
 _26982_/X
 _26983_/Y
 _26984_/Y
 _26985_/X
 _26986_/Y
 _26987_/Y
 _26988_/Y
 _26989_/Y
 _26990_/Y
 _26991_/X
 _26992_/Y
 _26993_/X
 _26994_/Y
 _26995_/X
 _26996_/Y
 _26997_/X
 _26998_/Y
 _26999_/Y
 _27000_/X
 _27001_/X
 _27002_/X
 _27003_/X
 _27004_/X
 _27005_/X
 _27006_/Y
 _27007_/Y
 _27008_/X
 _27009_/Y
 _27010_/Y
 _27011_/X
 _27012_/X
 _27013_/Y
 _27014_/X
 _27015_/Y
 _27016_/X
 _27017_/X
 _27018_/Y
 _27019_/X
 _27020_/X
 _27021_/Y
 _27022_/Y
 _27023_/X
 _27024_/Y
 _27025_/X
 _27026_/Y
 _27027_/X
 _27028_/Y
 _27029_/Y
 _27030_/Y
 _27031_/Y
 _27032_/Y
 _27033_/X
 _27034_/X
 _27035_/X
 _27036_/X
 _27037_/X
 _27038_/Y
 _27039_/Y
 _27040_/X
 _27041_/Y
 _27042_/X
 _27043_/X
 _27044_/X
 _27045_/X
 _27046_/Y
 _27047_/X
 _27048_/X
 _27049_/Y
 _27050_/Y
 _27051_/Y
 _27052_/Y
 _27053_/Y
 _27054_/X
 _27055_/Y
 _27056_/Y
 _27057_/Y
 _27058_/Y
 _27059_/Y
 _27060_/X
 _27061_/Y
 _27062_/X
 _27063_/Y
 _27064_/Y
 _27065_/Y
 _27066_/X
 _27067_/Y
 _27068_/X
 _27069_/Y
 _27070_/Y
 _27071_/Y
 _27072_/Y
 _27073_/Y
 _27074_/X
 _27075_/Y
 _27076_/X
 _27077_/X
 _27078_/Y
 _27079_/Y
 _27080_/X
 _27081_/Y
 _27082_/X
 _27083_/X
 _27084_/Y
 _27085_/Y
 _27086_/X
 _27087_/X
 _27088_/Y
 _27089_/Y
 _27090_/Y
 _27091_/X
 _27092_/X
 _27093_/Y
 _27094_/X
 _27095_/X
 _27096_/X
 _27097_/X
 _27098_/Y
 _27099_/Y
 _27100_/X
 _27101_/Y
 _27102_/Y
 _27103_/Y
 _27104_/Y
 _27105_/X
 _27106_/X
 _27107_/X
 _27108_/X
 _27109_/X
 _27110_/Y
 _27111_/Y
 _27112_/X
 _27113_/Y
 _27114_/Y
 _27115_/Y
 _27116_/X
 _27117_/Y
 _27118_/X
 _27119_/Y
 _27120_/Y
 _27121_/X
 _27122_/X
 _27123_/Y
 _27124_/X
 _27125_/X
 _27126_/Y
 _27127_/X
 _27128_/X
 _27129_/X
 _27130_/Y
 _27131_/X
 _27132_/X
 _27133_/X
 _27134_/Y
 _27135_/X
 _27136_/X
 _27137_/Y
 _27138_/X
 _27139_/Y
 _27140_/X
 _27141_/X
 _27142_/Y
 _27143_/Y
 _27144_/X
 _27145_/Y
 _27146_/X
 _27147_/Y
 _27148_/X
 _27149_/Y
 _27150_/X
 _27151_/X
 _27152_/X
 _27153_/Y
 _27154_/Y
 _27155_/Y
 _27156_/Y
 _27157_/X
 _27158_/X
 _27159_/Y
 _27160_/X
 _27161_/X
 _27162_/Y
 _27163_/Y
 _27164_/X
 _27165_/X
 _27166_/X
 _27167_/X
 _27168_/Y
 _27169_/X
 _27170_/Y
 _27171_/X
 _27172_/Y
 _27173_/X
 _27174_/Y
 _27175_/X
 _27176_/X
 _27177_/X
 _27178_/Y
 _27179_/Y
 _27180_/Y
 _27181_/X
 _27182_/Y
 _27183_/X
 _27184_/Y
 _27185_/Y
 _27186_/Y
 _27187_/X
 _27188_/X
 _27189_/X
 _27190_/X
 _27191_/Y
 _27192_/Y
 _27193_/Y
 _27194_/Y
 _27195_/X
 _27196_/X
 _27197_/Y
 _27198_/Y
 _27199_/Y
 _27200_/Y
 _27201_/X
 _27202_/Y
 _27203_/Y
 _27204_/Y
 _27205_/X
 _27206_/X
 _27207_/Y
 _27208_/X
 _27209_/X
 _27210_/Y
 _27211_/Y
 _27212_/X
 _27213_/X
 _27214_/Y
 _27215_/Y
 _27216_/Y
 _27217_/Y
 _27218_/X
 _27219_/Y
 _27220_/X
 _27221_/Y
 _27222_/X
 _27223_/Y
 _27224_/X
 _27225_/X
 _27226_/X
 _27227_/X
 _27228_/X
 _27229_/X
 _27230_/X
 _27231_/X
 _27232_/Y
 _27233_/Y
 _27234_/X
 _27235_/Y
 _27236_/X
 _27237_/Y
 _27238_/X
 _27239_/Y
 _27240_/Y
 _27241_/X
 _27242_/Y
 _27243_/X
 _27244_/X
 _27245_/Y
 _27246_/Y
 _27247_/X
 _27248_/Y
 _27249_/X
 _27250_/Y
 _27251_/X
 _27252_/X
 _27253_/Y
 _27254_/X
 _27255_/X
 _27256_/Y
 _27257_/X
 _27258_/X
 _27259_/Y
 _27260_/X
 _27261_/X
 _27262_/Y
 _27263_/X
 _27264_/X
 _27265_/Y
 _27266_/X
 _27267_/X
 _27268_/Y
 _27269_/X
 _27270_/X
 _27271_/X
 _27272_/X
 _27273_/X
 _27274_/Y
 _27275_/Y
 _27276_/X
 _27277_/X
 _27278_/Y
 _27279_/Y
 _27280_/X
 _27281_/Y
 _27282_/X
 _27283_/X
 _27284_/Y
 _27285_/X
 _27286_/X
 _27287_/X
 _27288_/Y
 _27289_/Y
 _27290_/Y
 _27291_/Y
 _27292_/X
 _27293_/Y
 _27294_/Y
 _27295_/X
 _27296_/Y
 _27297_/X
 _27298_/X
 _27299_/X
 _27300_/Y
 _27301_/Y
 _27302_/Y
 _27303_/Y
 _27304_/Y
 _27305_/X
 _27306_/X
 _27307_/Y
 _27308_/Y
 _27309_/Y
 _27310_/X
 _27311_/Y
 _27312_/X
 _27313_/Y
 _27314_/X
 _27315_/Y
 _27316_/X
 _27317_/X
 _27318_/X
 _27319_/Y
 _27320_/X
 _27321_/X
 _27322_/Y
 _27323_/X
 _27324_/X
 _27325_/X
 _27326_/X
 _27327_/Y
 _27328_/Y
 _27329_/X
 _27330_/Y
 _27331_/X
 _27332_/Y
 _27333_/X
 _27334_/Y
 _27335_/Y
 _27336_/X
 _27337_/X
 _27338_/Y
 _27339_/X
 _27340_/Y
 _27341_/X
 _27342_/X
 _27343_/Y
 _27344_/Y
 _27345_/X
 _27346_/X
 _27347_/Y
 _27348_/X
 _27349_/Y
 _27350_/Y
 _27351_/X
 _27352_/Y
 _27353_/Y
 _27354_/X
 _27355_/Y
 _27356_/Y
 _27357_/X
 _27358_/X
 _27359_/Y
 _27360_/X
 _27361_/X
 _27362_/X
 _27363_/X
 _27364_/X
 _27365_/Y
 _27366_/X
 _27367_/X
 _27368_/X
 _27369_/X
 _27370_/Y
 _27371_/Y
 _27372_/Y
 _27373_/X
 _27374_/X
 _27375_/X
 _27376_/X
 _27377_/X
 _27378_/Y
 _27379_/X
 _27380_/Y
 _27381_/X
 _27382_/Y
 _27383_/Y
 _27384_/X
 _27385_/X
 _27386_/X
 _27387_/X
 _27388_/X
 _27389_/Y
 _27390_/X
 _27391_/Y
 _27392_/X
 _27393_/Y
 _27394_/Y
 _27395_/Y
 _27396_/X
 _27397_/X
 _27398_/Y
 _27399_/Y
 _27400_/X
 _27401_/X
 _27402_/Y
 _27403_/X
 _27404_/X
 _27405_/Y
 _27406_/X
 _27407_/X
 _27408_/X
 _27409_/X
 _27410_/X
 _27411_/Y
 _27412_/Y
 _27413_/Y
 _27414_/Y
 _27415_/Y
 _27416_/X
 _27417_/Y
 _27418_/X
 _27419_/Y
 _27420_/Y
 _27421_/Y
 _27422_/X
 _27423_/X
 _27424_/X
 _27425_/Y
 _27426_/X
 _27427_/X
 _27428_/X
 _27429_/X
 _27430_/X
 _27431_/Y
 _27432_/X
 _27433_/X
 _27434_/X
 _27435_/Y
 _27436_/Y
 _27437_/X
 _27438_/X
 _27439_/Y
 _27440_/Y
 _27441_/X
 _27442_/X
 _27443_/X
 _27444_/Y
 _27445_/Y
 _27446_/X
 _27447_/Y
 _27448_/X
 _27449_/Y
 _27450_/X
 _27451_/Y
 _27452_/X
 _27453_/X
 _27454_/X
 _27455_/X
 _27456_/X
 _27457_/X
 _27458_/Y
 _27459_/X
 _27460_/Y
 _27461_/Y
 _27462_/X
 _27463_/Y
 _27464_/Y
 _27465_/Y
 _27466_/X
 _27467_/Y
 _27468_/Y
 _27469_/Y
 _27470_/X
 _27471_/Y
 _27472_/Y
 _27473_/X
 _27474_/Y
 _27475_/X
 _27476_/X
 _27477_/X
 _27478_/X
 _27479_/Y
 _27480_/X
 _27481_/Y
 _27482_/Y
 _27483_/Y
 _27484_/X
 _27485_/X
 _27486_/X
 _27487_/Y
 _27488_/Y
 _27489_/X
 _27490_/Y
 _27491_/X
 _27492_/X
 _27493_/X
 _27494_/X
 _27495_/X
 _27496_/Y
 _27497_/Y
 _27498_/X
 _27499_/Y
 _27500_/Y
 _27501_/Y
 _27502_/X
 _27503_/X
 _27504_/X
 _27505_/X
 _27506_/X
 _27507_/X
 _27508_/Y
 _27509_/X
 _27510_/X
 _27511_/X
 _27512_/X
 _27513_/X
 _27514_/X
 _27515_/X
 _27516_/X
 _27517_/Y
 _27518_/Y
 _27519_/Y
 _27520_/X
 _27521_/Y
 _27522_/Y
 _27523_/Y
 _27524_/X
 _27525_/X
 _27526_/X
 _27527_/Y
 _27528_/Y
 _27529_/X
 _27530_/X
 _27531_/Y
 _27532_/X
 _27533_/Y
 _27534_/Y
 _27535_/X
 _27536_/X
 _27537_/Y
 _27538_/X
 _27539_/X
 _27540_/X
 _27541_/Y
 _27542_/X
 _27543_/X
 _27544_/Y
 _27545_/Y
 _27546_/X
 _27547_/X
 _27548_/Y
 _27549_/X
 _27550_/X
 _27551_/Y
 _27552_/Y
 _27553_/X
 _27554_/X
 _27555_/Y
 _27556_/Y
 _27557_/X
 _27558_/Y
 _27559_/X
 _27560_/X
 _27561_/Y
 _27562_/X
 _27563_/Y
 _27564_/X
 _27565_/Y
 _27566_/Y
 _27567_/Y
 _27568_/X
 _27569_/X
 _27570_/Y
 _27571_/X
 _27572_/X
 _27573_/Y
 _27574_/Y
 _27575_/Y
 _27576_/X
 _27577_/Y
 _27578_/X
 _27579_/X
 _27580_/Y
 _27581_/Y
 _27582_/X
 _27583_/Y
 _27584_/X
 _27585_/Y
 _27586_/X
 _27587_/Y
 _27588_/X
 _27589_/Y
 _27590_/X
 _27591_/Y
 _27592_/Y
 _27593_/Y
 _27594_/X
 _27595_/Y
 _27596_/Y
 _27597_/X
 _27598_/X
 _27599_/Y
 _27600_/X
 _27601_/X
 _27602_/X
 _27603_/X
 _27604_/Y
 _27605_/X
 _27606_/X
 _27607_/Y
 _27608_/X
 _27609_/Y
 _27610_/Y
 _27611_/Y
 _27612_/X
 _27613_/Y
 _27614_/Y
 _27615_/Y
 _27616_/Y
 _27617_/X
 _27618_/Y
 _27619_/Y
 _27620_/X
 _27621_/X
 _27622_/X
 _27623_/X
 _27624_/X
 _27625_/Y
 _27626_/Y
 _27627_/Y
 _27628_/Y
 _27629_/Y
 _27630_/X
 _27631_/X
 _27632_/X
 _27633_/Y
 _27634_/Y
 _27635_/Y
 _27636_/Y
 _27637_/X
 _27638_/Y
 _27639_/X
 _27640_/Y
 _27641_/Y
 _27642_/Y
 _27643_/X
 _27644_/X
 _27645_/Y
 _27646_/X
 _27647_/Y
 _27648_/X
 _27649_/Y
 _27650_/X
 _27651_/X
 _27652_/Y
 _27653_/Y
 _27654_/X
 _27655_/Y
 _27656_/X
 _27657_/Y
 _27658_/Y
 _27659_/Y
 _27660_/X
 _27661_/X
 _27662_/X
 _27663_/Y
 _27664_/Y
 _27665_/X
 _27666_/Y
 _27667_/Y
 _27668_/X
 _27669_/X
 _27670_/Y
 _27671_/Y
 _27672_/Y
 _27673_/X
 _27674_/Y
 _27675_/X
 _27676_/Y
 _27677_/X
 _27678_/X
 _27679_/X
 _27680_/Y
 _27681_/X
 _27682_/Y
 _27683_/X
 _27684_/X
 _27685_/X
 _27686_/Y
 _27687_/X
 _27688_/X
 _27689_/Y
 _27690_/X
 _27691_/Y
 _27692_/Y
 _27693_/X
 _27694_/Y
 _27695_/X
 _27696_/X
 _27697_/X
 _27698_/X
 _27699_/Y
 _27700_/Y
 _27701_/X
 _27702_/X
 _27703_/X
 _27704_/X
 _27705_/X
 _27706_/Y
 _27707_/X
 _27708_/X
 _27709_/Y
 _27710_/X
 _27711_/X
 _27712_/Y
 _27713_/Y
 _27714_/X
 _27715_/X
 _27716_/X
 _27717_/Y
 _27718_/X
 _27719_/Y
 _27720_/Y
 _27721_/Y
 _27722_/X
 _27723_/Y
 _27724_/Y
 _27725_/X
 _27726_/Y
 _27727_/Y
 _27728_/Y
 _27729_/X
 _27730_/Y
 _27731_/Y
 _27732_/X
 _27733_/X
 _27734_/Y
 _27735_/Y
 _27736_/Y
 _27737_/Y
 _27738_/X
 _27739_/Y
 _27740_/X
 _27741_/Y
 _27742_/Y
 _27743_/X
 _27744_/Y
 _27745_/X
 _27746_/X
 _27747_/X
 _27748_/X
 _27749_/X
 _27750_/X
 _27751_/X
 _27752_/X
 _27753_/X
 _27754_/X
 _27755_/Y
 _27756_/X
 _27757_/Y
 _27758_/Y
 _27759_/X
 _27760_/Y
 _27761_/Y
 _27762_/X
 _27763_/Y
 _27764_/Y
 _27765_/X
 _27766_/Y
 _27767_/Y
 _27768_/Y
 _27769_/Y
 _27770_/Y
 _27771_/X
 _27772_/X
 _27773_/X
 _27774_/Y
 _27775_/Y
 _27776_/X
 _27777_/X
 _27778_/Y
 _27779_/Y
 _27780_/Y
 _27781_/Y
 _27782_/X
 _27783_/Y
 _27784_/X
 _27785_/Y
 _27786_/Y
 _27787_/X
 _27788_/X
 _27789_/Y
 _27790_/Y
 _27791_/X
 _27792_/Y
 _27793_/Y
 _27794_/Y
 _27795_/Y
 _27796_/X
 _27797_/Y
 _27798_/Y
 _27799_/Y
 _27800_/X
 _27801_/Y
 _27802_/Y
 _27803_/X
 _27804_/Y
 _27805_/X
 _27806_/X
 _27807_/Y
 _27808_/Y
 _27809_/Y
 _27810_/X
 _27811_/X
 _27812_/Y
 _27813_/X
 _27814_/Y
 _27815_/X
 _27816_/Y
 _27817_/Y
 _27818_/X
 _27819_/Y
 _27820_/X
 _27821_/Y
 _27822_/X
 _27823_/X
 _27824_/X
 _27825_/Y
 _27826_/X
 _27827_/Y
 _27828_/Y
 _27829_/X
 _27830_/Y
 _27831_/X
 _27832_/X
 _27833_/X
 _27834_/Y
 _27835_/Y
 _27836_/X
 _27837_/X
 _27838_/X
 _27839_/X
 _27840_/X
 _27841_/X
 _27842_/Y
 _27843_/X
 _27844_/X
 _27845_/X
 _27846_/Y
 _27847_/Y
 _27848_/X
 _27849_/Y
 _27850_/Y
 _27851_/Y
 _27852_/X
 _27853_/Y
 _27854_/Y
 _27855_/X
 _27856_/X
 _27857_/Y
 _27858_/X
 _27859_/Y
 _27860_/X
 _27861_/Y
 _27862_/Y
 _27863_/X
 _27864_/Y
 _27865_/X
 _27866_/X
 _27867_/Y
 _27868_/X
 _27869_/X
 _27870_/X
 _27871_/X
 _27872_/Y
 _27873_/X
 _27874_/X
 _27875_/X
 _27876_/Y
 _27877_/Y
 _27878_/X
 _27879_/X
 _27880_/Y
 _27881_/X
 _27882_/Y
 _27883_/X
 _27884_/X
 _27885_/X
 _27886_/Y
 _27887_/Y
 _27888_/Y
 _27889_/Y
 _27890_/X
 _27891_/X
 _27892_/X
 _27893_/Y
 _27894_/Y
 _27895_/Y
 _27896_/X
 _27897_/Y
 _27898_/Y
 _27899_/Y
 _27900_/Y
 _27901_/X
 _27902_/Y
 _27903_/X
 _27904_/X
 _27905_/Y
 _27906_/X
 _27907_/X
 _27908_/Y
 _27909_/X
 _27910_/X
 _27911_/Y
 _27912_/Y
 _27913_/X
 _27914_/Y
 _27915_/Y
 _27916_/X
 _27917_/Y
 _27918_/X
 _27919_/X
 _27920_/Y
 _27921_/X
 _27922_/Y
 _27923_/X
 _27924_/Y
 _27925_/Y
 _27926_/X
 _27927_/X
 _27928_/X
 _27929_/X
 _27930_/X
 _27931_/Y
 _27932_/Y
 _27933_/X
 _27934_/Y
 _27935_/Y
 _27936_/Y
 _27937_/X
 _27938_/Y
 _27939_/Y
 _27940_/X
 _27941_/X
 _27942_/X
 _27943_/Y
 _27944_/X
 _27945_/Y
 _27946_/Y
 _27947_/X
 _27948_/Y
 _27949_/Y
 _27950_/X
 _27951_/X
 _27952_/Y
 _27953_/Y
 _27954_/X
 _27955_/X
 _27956_/Y
 _27957_/Y
 _27958_/X
 _27959_/Y
 _27960_/Y
 _27961_/Y
 _27962_/Y
 _27963_/X
 _27964_/X
 _27965_/Y
 _27966_/Y
 _27967_/X
 _27968_/X
 _27969_/Y
 _27970_/Y
 _27971_/X
 _27972_/X
 _27973_/Y
 _27974_/Y
 _27975_/Y
 _27976_/X
 _27977_/X
 _27978_/Y
 _27979_/Y
 _27980_/Y
 _27981_/X
 _27982_/X
 _27983_/X
 _27984_/X
 _27985_/X
 _27986_/Y
 _27987_/Y
 _27988_/X
 _27989_/X
 _27990_/X
 _27991_/X
 _27992_/X
 _27993_/Y
 _27994_/X
 _27995_/Y
 _27996_/X
 _27997_/X
 _27998_/X
 _27999_/X
 _28000_/X
 _28001_/Y
 _28002_/Y
 _28003_/X
 _28004_/Y
 _28005_/Y
 _28006_/X
 _28007_/Y
 _28008_/Y
 _28009_/Y
 _28010_/Y
 _28011_/X
 _28012_/Y
 _28013_/Y
 _28014_/Y
 _28015_/X
 _28016_/Y
 _28017_/X
 _28018_/Y
 _28019_/Y
 _28020_/X
 _28021_/Y
 _28022_/Y
 _28023_/Y
 _28024_/X
 _28025_/X
 _28026_/X
 _28027_/X
 _28028_/X
 _28029_/Y
 _28030_/X
 _28031_/X
 _28032_/X
 _28033_/X
 _28034_/X
 _28035_/Y
 _28036_/X
 _28037_/Y
 _28038_/X
 _28039_/X
 _28040_/Y
 _28041_/Y
 _28042_/X
 _28043_/Y
 _28044_/Y
 _28045_/Y
 _28046_/X
 _28047_/Y
 _28048_/X
 _28049_/X
 _28050_/X
 _28051_/X
 _28052_/X
 _28053_/Y
 _28054_/Y
 _28055_/X
 _28056_/Y
 _28057_/Y
 _28058_/X
 _28059_/X
 _28060_/X
 _28061_/X
 _28062_/X
 _28063_/Y
 _28064_/X
 _28065_/Y
 _28066_/Y
 _28067_/X
 _28068_/Y
 _28069_/Y
 _28070_/Y
 _28071_/Y
 _28072_/Y
 _28073_/X
 _28074_/X
 _28075_/Y
 _28076_/Y
 _28077_/Y
 _28078_/Y
 _28079_/Y
 _28080_/Y
 _28081_/X
 _28082_/Y
 _28083_/Y
 _28084_/Y
 _28085_/Y
 _28086_/Y
 _28087_/X
 _28088_/X
 _28089_/X
 _28090_/Y
 _28091_/Y
 _28092_/Y
 _28093_/X
 _28094_/Y
 _28095_/X
 _28096_/Y
 _28097_/Y
 _28098_/X
 _28099_/X
 _28100_/Y
 _28101_/Y
 _28102_/Y
 _28103_/Y
 _28104_/X
 _28105_/Y
 _28106_/Y
 _28107_/Y
 _28108_/Y
 _28109_/X
 _28110_/Y
 _28111_/X
 _28112_/Y
 _28113_/Y
 _28114_/Y
 _28115_/X
 _28116_/X
 _28117_/Y
 _28118_/Y
 _28119_/Y
 _28120_/X
 _28121_/X
 _28122_/Y
 _28123_/X
 _28124_/Y
 _28125_/Y
 _28126_/Y
 _28127_/X
 _28128_/Y
 _28129_/Y
 _28130_/X
 _28131_/Y
 _28132_/Y
 _28133_/X
 _28134_/X
 _28135_/Y
 _28136_/X
 _28137_/X
 _28138_/Y
 _28139_/Y
 _28140_/X
 _28141_/X
 _28142_/X
 _28143_/Y
 _28144_/Y
 _28145_/X
 _28146_/Y
 _28147_/X
 _28148_/Y
 _28149_/X
 _28150_/Y
 _28151_/X
 _28152_/X
 _28153_/X
 _28154_/X
 _28155_/X
 _28156_/X
 _28157_/Y
 _28158_/X
 _28159_/X
 _28160_/Y
 _28161_/Y
 _28162_/Y
 _28163_/Y
 _28164_/X
 _28165_/X
 _28166_/Y
 _28167_/Y
 _28168_/X
 _28169_/X
 _28170_/Y
 _28171_/Y
 _28172_/Y
 _28173_/X
 _28174_/X
 _28175_/X
 _28176_/X
 _28177_/X
 _28178_/X
 _28179_/Y
 _28180_/X
 _28181_/X
 _28182_/Y
 _28183_/Y
 _28184_/Y
 _28185_/Y
 _28186_/X
 _28187_/Y
 _28188_/Y
 _28189_/X
 _28190_/X
 _28191_/X
 _28192_/X
 _28193_/X
 _28194_/Y
 _28195_/X
 _28196_/X
 _28197_/Y
 _28198_/X
 _28199_/X
 _28200_/Y
 _28201_/Y
 _28202_/Y
 _28203_/Y
 _28204_/Y
 _28205_/X
 _28206_/Y
 _28207_/X
 _28208_/X
 _28209_/Y
 _28210_/X
 _28211_/X
 _28212_/X
 _28213_/X
 _28214_/Y
 _28215_/Y
 _28216_/X
 _28217_/X
 _28218_/Y
 _28219_/X
 _28220_/Y
 _28221_/X
 _28222_/Y
 _28223_/X
 _28224_/Y
 _28225_/Y
 _28226_/Y
 _28227_/X
 _28228_/X
 _28229_/Y
 _28230_/X
 _28231_/X
 _28232_/X
 _28233_/X
 _28234_/X
 _28235_/X
 _28236_/Y
 _28237_/X
 _28238_/X
 _28239_/X
 _28240_/X
 _28241_/X
 _28242_/X
 _28243_/Y
 _28244_/Y
 _28245_/Y
 _28246_/X
 _28247_/Y
 _28248_/Y
 _28249_/X
 _28250_/Y
 _28251_/Y
 _28252_/Y
 _28253_/Y
 _28254_/X
 _28255_/Y
 _28256_/X
 _28257_/Y
 _28258_/Y
 _28259_/X
 _28260_/X
 _28261_/X
 _28262_/Y
 _28263_/X
 _28264_/X
 _28265_/X
 _28266_/Y
 _28267_/X
 _28268_/X
 _28269_/Y
 _28270_/X
 _28271_/Y
 _28272_/X
 _28273_/Y
 _28274_/Y
 _28275_/Y
 _28276_/Y
 _28277_/X
 _28278_/Y
 _28279_/Y
 _28280_/X
 _28281_/Y
 _28282_/X
 _28283_/X
 _28284_/X
 _28285_/Y
 _28286_/Y
 _28287_/X
 _28288_/Y
 _28289_/Y
 _28290_/Y
 _28291_/Y
 _28292_/X
 _28293_/Y
 _28294_/X
 _28295_/X
 _28296_/Y
 _28297_/Y
 _28298_/X
 _28299_/X
 _28300_/Y
 _28301_/X
 _28302_/Y
 _28303_/X
 _28304_/Y
 _28305_/Y
 _28306_/X
 _28307_/Y
 _28308_/Y
 _28309_/Y
 _28310_/X
 _28311_/Y
 _28312_/X
 _28313_/Y
 _28314_/Y
 _28315_/X
 _28316_/Y
 _28317_/Y
 _28318_/Y
 _28319_/X
 _28320_/X
 _28321_/Y
 _28322_/Y
 _28323_/Y
 _28324_/X
 _28325_/X
 _28326_/Y
 _28327_/X
 _28328_/Y
 _28329_/Y
 _28330_/X
 _28331_/Y
 _28332_/X
 _28333_/Y
 _28334_/Y
 _28335_/Y
 _28336_/X
 _28337_/X
 _28338_/X
 _28339_/X
 _28340_/Y
 _28341_/Y
 _28342_/Y
 _28343_/X
 _28344_/X
 _28345_/X
 _28346_/Y
 _28347_/Y
 _28348_/X
 _28349_/Y
 _28350_/Y
 _28351_/X
 _28352_/X
 _28353_/Y
 _28354_/Y
 _28355_/Y
 _28356_/X
 _28357_/X
 _28358_/Y
 _28359_/X
 _28360_/X
 _28361_/X
 _28362_/Y
 _28363_/X
 _28364_/X
 _28365_/Y
 _28366_/X
 _28367_/X
 _28368_/Y
 _28369_/X
 _28370_/X
 _28371_/X
 _28372_/Y
 _28373_/X
 _28374_/Y
 _28375_/X
 _28376_/X
 _28377_/X
 _28378_/X
 _28379_/Y
 _28380_/Y
 _28381_/X
 _28382_/X
 _28383_/Y
 _28384_/Y
 _28385_/Y
 _28386_/X
 _28387_/X
 _28388_/Y
 _28389_/Y
 _28390_/Y
 _28391_/X
 _28392_/X
 _28393_/X
 _28394_/Y
 _28395_/X
 _28396_/X
 _28397_/X
 _28398_/Y
 _28399_/X
 _28400_/Y
 _28401_/Y
 _28402_/Y
 _28403_/X
 _28404_/X
 _28405_/Y
 _28406_/Y
 _28407_/Y
 _28408_/X
 _28409_/X
 _28410_/X
 _28411_/Y
 _28412_/X
 _28413_/X
 _28414_/X
 _28415_/X
 _28416_/Y
 _28417_/Y
 _28418_/Y
 _28419_/X
 _28420_/X
 _28421_/Y
 _28422_/Y
 _28423_/X
 _28424_/X
 _28425_/Y
 _28426_/Y
 _28427_/X
 _28428_/Y
 _28429_/X
 _28430_/Y
 _28431_/Y
 _28432_/X
 _28433_/X
 _28434_/X
 _28435_/X
 _28436_/Y
 _28437_/Y
 _28438_/Y
 _28439_/X
 _28440_/Y
 _28441_/X
 _28442_/X
 _28443_/X
 _28444_/X
 _28445_/Y
 _28446_/Y
 _28447_/Y
 _28448_/X
 _28449_/Y
 _28450_/X
 _28451_/Y
 _28452_/X
 _28453_/Y
 _28454_/X
 _28455_/Y
 _28456_/Y
 _28457_/Y
 _28458_/X
 _28459_/X
 _28460_/Y
 _28461_/X
 _28462_/X
 _28463_/X
 _28464_/Y
 _28465_/Y
 _28466_/X
 _28467_/X
 _28468_/X
 _28469_/X
 _28470_/Y
 _28471_/Y
 _28472_/Y
 _28473_/X
 _28474_/X
 _28475_/X
 _28476_/X
 _28477_/X
 _28478_/Y
 _28479_/Y
 _28480_/X
 _28481_/X
 _28482_/Y
 _28483_/Y
 _28484_/Y
 _28485_/X
 _28486_/Y
 _28487_/X
 _28488_/Y
 _28489_/X
 _28490_/X
 _28491_/X
 _28492_/Y
 _28493_/X
 _28494_/Y
 _28495_/Y
 _28496_/X
 _28497_/X
 _28498_/Y
 _28499_/Y
 _28500_/Y
 _28501_/Y
 _28502_/X
 _28503_/X
 _28504_/Y
 _28505_/X
 _28506_/X
 _28507_/X
 _28508_/X
 _28509_/Y
 _28510_/X
 _28511_/Y
 _28512_/X
 _28513_/X
 _28514_/X
 _28515_/Y
 _28516_/Y
 _28517_/X
 _28518_/X
 _28519_/X
 _28520_/Y
 _28521_/Y
 _28522_/Y
 _28523_/X
 _28524_/X
 _28525_/X
 _28526_/X
 _28527_/Y
 _28528_/X
 _28529_/Y
 _28530_/X
 _28531_/Y
 _28532_/Y
 _28533_/X
 _28534_/Y
 _28535_/Y
 _28536_/Y
 _28537_/X
 _28538_/X
 _28539_/X
 _28540_/Y
 _28541_/Y
 _28542_/Y
 _28543_/X
 _28544_/X
 _28545_/X
 _28546_/Y
 _28547_/X
 _28548_/Y
 _28549_/Y
 _28550_/Y
 _28551_/Y
 _28552_/X
 _28553_/Y
 _28554_/Y
 _28555_/X
 _28556_/X
 _28557_/X
 _28558_/X
 _28559_/Y
 _28560_/Y
 _28561_/Y
 _28562_/X
 _28563_/X
 _28564_/Y
 _28565_/X
 _28566_/X
 _28567_/Y
 _28568_/Y
 _28569_/X
 _28570_/X
 _28571_/Y
 _28572_/Y
 _28573_/X
 _28574_/Y
 _28575_/X
 _28576_/X
 _28577_/Y
 _28578_/Y
 _28579_/X
 _28580_/X
 _28581_/Y
 _28582_/X
 _28583_/Y
 _28584_/Y
 _28585_/X
 _28586_/X
 _28587_/X
 _28588_/X
 _28589_/X
 _28590_/X
 _28591_/X
 _28592_/X
 _28593_/Y
 _28594_/X
 _28595_/X
 _28596_/X
 _28597_/X
 _28598_/Y
 _28599_/Y
 _28600_/Y
 _28601_/X
 _28602_/Y
 _28603_/X
 _28604_/Y
 _28605_/Y
 _28606_/X
 _28607_/X
 _28608_/X
 _28609_/X
 _28610_/X
 _28611_/X
 _28612_/X
 _28613_/Y
 _28614_/Y
 _28615_/Y
 _28616_/Y
 _28617_/Y
 _28618_/Y
 _28619_/X
 _28620_/Y
 _28621_/X
 _28622_/Y
 _28623_/Y
 _28624_/X
 _28625_/Y
 _28626_/Y
 _28627_/Y
 _28628_/Y
 _28629_/X
 _28630_/Y
 _28631_/X
 _28632_/X
 _28633_/Y
 _28634_/X
 _28635_/X
 _28636_/X
 _28637_/Y
 _28638_/X
 _28639_/X
 _28640_/Y
 _28641_/Y
 _28642_/X
 _28643_/Y
 _28644_/X
 _28645_/X
 _28646_/X
 _28647_/Y
 _28648_/X
 _28649_/X
 _28650_/X
 _28651_/Y
 _28652_/Y
 _28653_/Y
 _28654_/X
 _28655_/Y
 _28656_/X
 _28657_/Y
 _28658_/Y
 _28659_/X
 _28660_/X
 _28661_/Y
 _28662_/X
 _28663_/Y
 _28664_/Y
 _28665_/Y
 _28666_/Y
 _28667_/Y
 _28668_/X
 _28669_/X
 _28670_/X
 _28671_/Y
 _28672_/Y
 _28673_/X
 _28674_/Y
 _28675_/X
 _28676_/Y
 _28677_/Y
 _28678_/X
 _28679_/Y
 _28680_/X
 _28681_/X
 _28682_/X
 _28683_/X
 _28684_/X
 _28685_/Y
 _28686_/X
 _28687_/Y
 _28688_/X
 _28689_/X
 _28690_/X
 _28691_/Y
 _28692_/X
 _28693_/X
 _28694_/Y
 _28695_/X
 _28696_/Y
 _28697_/Y
 _28698_/Y
 _28699_/X
 _28700_/Y
 _28701_/X
 _28702_/Y
 _28703_/Y
 _28704_/X
 _28705_/Y
 _28706_/X
 _28707_/X
 _28708_/X
 _28709_/Y
 _28710_/X
 _28711_/Y
 _28712_/X
 _28713_/X
 _28714_/Y
 _28715_/X
 _28716_/X
 _28717_/Y
 _28718_/Y
 _28719_/X
 _28720_/X
 _28721_/X
 _28722_/X
 _28723_/Y
 _28724_/X
 _28725_/X
 _28726_/X
 _28727_/Y
 _28728_/Y
 _28729_/X
 _28730_/Y
 _28731_/Y
 _28732_/Y
 _28733_/Y
 _28734_/X
 _28735_/X
 _28736_/Y
 _28737_/Y
 _28738_/Y
 _28739_/X
 _28740_/X
 _28741_/X
 _28742_/Y
 _28743_/X
 _28744_/X
 _28745_/X
 _28746_/X
 _28747_/Y
 _28748_/X
 _28749_/Y
 _28750_/X
 _28751_/X
 _28752_/Y
 _28753_/Y
 _28754_/X
 _28755_/Y
 _28756_/X
 _28757_/Y
 _28758_/Y
 _28759_/Y
 _28760_/X
 _28761_/Y
 _28762_/X
 _28763_/X
 _28764_/Y
 _28765_/X
 _28766_/Y
 _28767_/Y
 _28768_/X
 _28769_/Y
 _28770_/Y
 _28771_/Y
 _28772_/Y
 _28773_/Y
 _28774_/X
 _28775_/X
 _28776_/X
 _28777_/Y
 _28778_/Y
 _28779_/Y
 _28780_/Y
 _28781_/X
 _28782_/X
 _28783_/Y
 _28784_/X
 _28785_/Y
 _28786_/Y
 _28787_/X
 _28788_/Y
 _28789_/Y
 _28790_/Y
 _28791_/X
 _28792_/Y
 _28793_/Y
 _28794_/X
 _28795_/Y
 _28796_/Y
 _28797_/X
 _28798_/X
 _28799_/X
 _28800_/Y
 _28801_/X
 _28802_/X
 _28803_/Y
 _28804_/Y
 _28805_/X
 _28806_/Y
 _28807_/X
 _28808_/X
 _28809_/Y
 _28810_/Y
 _28811_/Y
 _28812_/X
 _28813_/X
 _28814_/X
 _28815_/Y
 _28816_/Y
 _28817_/X
 _28818_/X
 _28819_/X
 _28820_/Y
 _28821_/X
 _28822_/Y
 _28823_/X
 _28824_/X
 _28825_/Y
 _28826_/X
 _28827_/Y
 _28828_/X
 _28829_/Y
 _28830_/X
 _28831_/Y
 _28832_/Y
 _28833_/X
 _28834_/X
 _28835_/Y
 _28836_/Y
 _28837_/X
 _28838_/Y
 _28839_/X
 _28840_/X
 _28841_/X
 _28842_/Y
 _28843_/X
 _28844_/Y
 _28845_/Y
 _28846_/X
 _28847_/X
 _28848_/X
 _28849_/X
 _28850_/X
 _28851_/Y
 _28852_/X
 _28853_/X
 _28854_/Y
 _28855_/Y
 _28856_/Y
 _28857_/X
 _28858_/X
 _28859_/Y
 _28860_/X
 _28861_/X
 _28862_/Y
 _28863_/Y
 _28864_/X
 _28865_/Y
 _28866_/Y
 _28867_/X
 _28868_/X
 _28869_/Y
 _28870_/X
 _28871_/Y
 _28872_/Y
 _28873_/X
 _28874_/X
 _28875_/X
 _28876_/X
 _28877_/X
 _28878_/Y
 _28879_/Y
 _28880_/X
 _28881_/Y
 _28882_/Y
 _28883_/X
 _28884_/Y
 _28885_/X
 _28886_/X
 _28887_/Y
 _28888_/X
 _28889_/Y
 _28890_/X
 _28891_/X
 _28892_/Y
 _28893_/X
 _28894_/X
 _28895_/Y
 _28896_/Y
 _28897_/X
 _28898_/Y
 _28899_/X
 _28900_/Y
 _28901_/X
 _28902_/X
 _28903_/Y
 _28904_/Y
 _28905_/Y
 _28906_/X
 _28907_/X
 _28908_/Y
 _28909_/X
 _28910_/Y
 _28911_/Y
 _28912_/X
 _28913_/X
 _28914_/Y
 _28915_/X
 _28916_/Y
 _28917_/X
 _28918_/X
 _28919_/Y
 _28920_/X
 _28921_/X
 _28922_/X
 _28923_/Y
 _28924_/Y
 _28925_/X
 _28926_/X
 _28927_/Y
 _28928_/X
 _28929_/X
 _28930_/Y
 _28931_/Y
 _28932_/X
 _28933_/X
 _28934_/X
 _28935_/Y
 _28936_/X
 _28937_/Y
 _28938_/X
 _28939_/Y
 _28940_/X
 _28941_/X
 _28942_/Y
 _28943_/Y
 _28944_/Y
 _28945_/X
 _28946_/Y
 _28947_/Y
 _28948_/Y
 _28949_/Y
 _28950_/Y
 _28951_/Y
 _28952_/X
 _28953_/Y
 _28954_/X
 _28955_/X
 _28956_/Y
 _28957_/X
 _28958_/Y
 _28959_/X
 _28960_/X
 _28961_/X
 _28962_/Y
 _28963_/Y
 _28964_/Y
 _28965_/X
 _28966_/X
 _28967_/Y
 _28968_/X
 _28969_/Y
 _28970_/X
 _28971_/Y
 _28972_/X
 _28973_/Y
 _28974_/X
 _28975_/X
 _28976_/X
 _28977_/Y
 _28978_/X
 _28979_/Y
 _28980_/Y
 _28981_/Y
 _28982_/X
 _28983_/X
 _28984_/X
 _28985_/Y
 _28986_/X
 _28987_/X
 _28988_/X
 _28989_/X
 _28990_/X
 _28991_/X
 _28992_/X
 _28993_/Y
 _28994_/Y
 _28995_/Y
 _28996_/Y
 _28997_/X
 _28998_/X
 _28999_/X
 _29000_/Y
 _29001_/X
 _29002_/X
 _29003_/X
 _29004_/X
 _29005_/X
 _29006_/Y
 _29007_/X
 _29008_/Y
 _29009_/Y
 _29010_/X
 _29011_/Y
 _29012_/X
 _29013_/X
 _29014_/Y
 _29015_/X
 _29016_/X
 _29017_/X
 _29018_/X
 _29019_/Y
 _29020_/X
 _29021_/X
 _29022_/X
 _29023_/X
 _29024_/Y
 _29025_/X
 _29026_/X
 _29027_/X
 _29028_/Y
 _29029_/X
 _29030_/Y
 _29031_/X
 _29032_/X
 _29033_/Y
 _29034_/Y
 _29035_/X
 _29036_/X
 _29037_/Y
 _29038_/X
 _29039_/X
 _29040_/X
 _29041_/X
 _29042_/Y
 _29043_/Y
 _29044_/X
 _29045_/X
 _29046_/X
 _29047_/X
 _29048_/X
 _29049_/Y
 _29050_/Y
 _29051_/X
 _29052_/X
 _29053_/X
 _29054_/Y
 _29055_/Y
 _29056_/Y
 _29057_/Y
 _29058_/X
 _29059_/X
 _29060_/X
 _29061_/X
 _29062_/Y
 _29063_/X
 _29064_/Y
 _29065_/X
 _29066_/Y
 _29067_/Y
 _29068_/X
 _29069_/X
 _29070_/Y
 _29071_/Y
 _29072_/X
 _29073_/X
 _29074_/X
 _29075_/Y
 _29076_/X
 _29077_/X
 _29078_/Y
 _29079_/Y
 _29080_/Y
 _29081_/X
 _29082_/Y
 _29083_/X
 _29084_/Y
 _29085_/X
 _29086_/X
 _29087_/X
 _29088_/X
 _29089_/X
 _29090_/Y
 _29091_/X
 _29092_/Y
 _29093_/X
 _29094_/Y
 _29095_/X
 _29096_/X
 _29097_/Y
 _29098_/Y
 _29099_/Y
 _29100_/X
 _29101_/X
 _29102_/X
 _29103_/X
 _29104_/X
 _29105_/Y
 _29106_/X
 _29107_/X
 _29108_/X
 _29109_/X
 _29110_/Y
 _29111_/X
 _29112_/Y
 _29113_/X
 _29114_/Y
 _29115_/X
 _29116_/X
 _29117_/X
 _29118_/X
 _29119_/X
 _29120_/X
 _29121_/X
 _29122_/X
 _29123_/X
 _29124_/Y
 _29125_/Y
 _29126_/X
 _29127_/Y
 _29128_/Y
 _29129_/Y
 _29130_/Y
 _29131_/X
 _29132_/X
 _29133_/Y
 _29134_/X
 _29135_/X
 _29136_/X
 _29137_/X
 _29138_/X
 _29139_/Y
 _29140_/Y
 _29141_/X
 _29142_/X
 _29143_/Y
 _29144_/Y
 _29145_/X
 _29146_/X
 _29147_/Y
 _29148_/X
 _29149_/X
 _29150_/Y
 _29151_/Y
 _29152_/X
 _29153_/Y
 _29154_/Y
 _29155_/X
 _29156_/X
 _29157_/X
 _29158_/Y
 _29159_/Y
 _29160_/X
 _29161_/X
 _29162_/X
 _29163_/X
 _29164_/X
 _29165_/X
 _29166_/Y
 _29167_/X
 _29168_/X
 _29169_/X
 _29170_/X
 _29171_/X
 _29172_/X
 _29173_/Y
 _29174_/X
 _29175_/Y
 _29176_/Y
 _29177_/Y
 _29178_/X
 _29179_/X
 _29180_/Y
 _29181_/Y
 _29182_/X
 _29183_/Y
 _29184_/X
 _29185_/X
 _29186_/Y
 _29187_/X
 _29188_/Y
 _29189_/Y
 _29190_/Y
 _29191_/Y
 _29192_/X
 _29193_/X
 _29194_/X
 _29195_/X
 _29196_/X
 _29197_/X
 _29198_/X
 _29199_/X
 _29200_/Y
 _29201_/Y
 _29202_/Y
 _29203_/Y
 _29204_/X
 _29205_/Y
 _29206_/X
 _29207_/X
 _29208_/X
 _29209_/X
 _29210_/X
 _29211_/Y
 _29212_/Y
 _29213_/X
 _29214_/Y
 _29215_/Y
 _29216_/Y
 _29217_/X
 _29218_/Y
 _29219_/X
 _29220_/Y
 _29221_/X
 _29222_/X
 _29223_/X
 _29224_/X
 _29225_/X
 _29226_/Y
 _29227_/Y
 _29228_/X
 _29229_/X
 _29230_/X
 _29231_/X
 _29232_/Y
 _29233_/Y
 _29234_/X
 _29235_/X
 _29236_/Y
 _29237_/Y
 _29238_/Y
 _29239_/Y
 _29240_/X
 _29241_/Y
 _29242_/Y
 _29243_/X
 _29244_/X
 _29245_/X
 _29246_/X
 _29247_/Y
 _29248_/X
 _29249_/Y
 _29250_/X
 _29251_/X
 _29252_/Y
 _29253_/X
 _29254_/Y
 _29255_/X
 _29256_/X
 _29257_/Y
 _29258_/X
 _29259_/Y
 _29260_/X
 _29261_/X
 _29262_/X
 _29263_/Y
 _29264_/X
 _29265_/Y
 _29266_/X
 _29267_/X
 _29268_/Y
 _29269_/Y
 _29270_/Y
 _29271_/Y
 _29272_/Y
 _29273_/X
 _29274_/Y
 _29275_/Y
 _29276_/Y
 _29277_/Y
 _29278_/X
 _29279_/X
 _29280_/Y
 _29281_/X
 _29282_/Y
 _29283_/Y
 _29284_/Y
 _29285_/Y
 _29286_/Y
 _29287_/Y
 _29288_/Y
 _29289_/X
 _29290_/X
 _29291_/Y
 _29292_/X
 _29293_/X
 _29294_/Y
 _29295_/X
 _29296_/Y
 _29297_/X
 _29298_/Y
 _29299_/Y
 _29300_/Y
 _29301_/X
 _29302_/X
 _29303_/Y
 _29304_/X
 _29305_/Y
 _29306_/X
 _29307_/Y
 _29308_/X
 _29309_/Y
 _29310_/Y
 _29311_/Y
 _29312_/Y
 _29313_/Y
 _29314_/Y
 _29315_/Y
 _29316_/X
 _29317_/Y
 _29318_/X
 _29319_/Y
 _29320_/X
 _29321_/Y
 _29322_/X
 _29323_/X
 _29324_/Y
 _29325_/Y
 _29326_/X
 _29327_/Y
 _29328_/Y
 _29329_/X
 _29330_/X
 _29331_/Y
 _29332_/X
 _29333_/Y
 _29334_/Y
 _29335_/X
 _29336_/X
 _29337_/Y
 _29338_/X
 _29339_/X
 _29340_/Y
 _29341_/X
 _29342_/Y
 _29343_/X
 _29344_/X
 _29345_/X
 _29346_/X
 _29347_/Y
 _29348_/Y
 _29349_/Y
 _29350_/Y
 _29351_/Y
 _29352_/X
 _29353_/X
 _29354_/X
 _29355_/X
 _29356_/Y
 _29357_/X
 _29358_/X
 _29359_/X
 _29360_/X
 _29361_/X
 _29362_/Y
 _29363_/Y
 _29364_/X
 _29365_/Y
 _29366_/Y
 _29367_/X
 _29368_/X
 _29369_/Y
 _29370_/X
 _29371_/Y
 _29372_/X
 _29373_/Y
 _29374_/X
 _29375_/Y
 _29376_/Y
 _29377_/Y
 _29378_/X
 _29379_/Y
 _29380_/Y
 _29381_/Y
 _29382_/X
 _29383_/Y
 _29384_/Y
 _29385_/Y
 _29386_/X
 _29387_/X
 _29388_/Y
 _29389_/X
 _29390_/Y
 _29391_/Y
 _29392_/X
 _29393_/Y
 _29394_/X
 _29395_/Y
 _29396_/Y
 _29397_/Y
 _29398_/Y
 _29399_/X
 _29400_/Y
 _29401_/X
 _29402_/Y
 _29403_/Y
 _29404_/X
 _29405_/X
 _29406_/X
 _29407_/X
 _29408_/Y
 _29409_/X
 _29410_/X
 _29411_/Y
 _29412_/Y
 _29413_/Y
 _29414_/X
 _29415_/X
 _29416_/X
 _29417_/X
 _29418_/X
 _29419_/X
 _29420_/X
 _29421_/Y
 _29422_/X
 _29423_/X
 _29424_/X
 _29425_/X
 _29426_/X
 _29427_/X
 _29428_/X
 _29429_/Y
 _29430_/X
 _29431_/X
 _29432_/Y
 _29433_/Y
 _29434_/Y
 _29435_/X
 _29436_/Y
 _29437_/X
 _29438_/Y
 _29439_/X
 _29440_/Y
 _29441_/X
 _29442_/X
 _29443_/Y
 _29444_/X
 _29445_/Y
 _29446_/Y
 _29447_/X
 _29448_/X
 _29449_/X
 _29450_/Y
 _29451_/X
 _29452_/Y
 _29453_/X
 _29454_/X
 _29455_/Y
 _29456_/X
 _29457_/X
 _29458_/X
 _29459_/X
 _29460_/X
 _29461_/X
 _29462_/X
 _29463_/X
 _29464_/Y
 _29465_/Y
 _29466_/Y
 _29467_/Y
 _29468_/X
 _29469_/X
 _29470_/X
 _29471_/X
 _29472_/Y
 _29473_/Y
 _29474_/X
 _29475_/Y
 _29476_/Y
 _29477_/Y
 _29478_/Y
 _29479_/X
 _29480_/Y
 _29481_/X
 _29482_/X
 _29483_/Y
 _29484_/Y
 _29485_/X
 _29486_/X
 _29487_/Y
 _29488_/Y
 _29489_/Y
 _29490_/X
 _29491_/Y
 _29492_/Y
 _29493_/Y
 _29494_/X
 _29495_/X
 _29496_/Y
 _29497_/X
 _29498_/X
 _29499_/X
 _29500_/X
 _29501_/X
 _29502_/Y
 _29503_/X
 _29504_/X
 _29505_/Y
 _29506_/X
 _29507_/Y
 _29508_/X
 _29509_/Y
 _29510_/Y
 _29511_/X
 _29512_/Y
 _29513_/X
 _29514_/X
 _29515_/X
 _29516_/Y
 _29517_/X
 _29518_/X
 _29519_/Y
 _29520_/Y
 _29521_/X
 _29522_/Y
 _29523_/X
 _29524_/Y
 _29525_/Y
 _29526_/X
 _29527_/Y
 _29528_/Y
 _29529_/X
 _29530_/Y
 _29531_/Y
 _29532_/X
 _29533_/Y
 _29534_/X
 _29535_/Y
 _29536_/Y
 _29537_/Y
 _29538_/Y
 _29539_/Y
 _29540_/Y
 _29541_/X
 _29542_/Y
 _29543_/Y
 _29544_/Y
 _29545_/Y
 _29546_/X
 _29547_/X
 _29548_/Y
 _29549_/X
 _29550_/X
 _29551_/Y
 _29552_/X
 _29553_/Y
 _29554_/X
 _29555_/Y
 _29556_/Y
 _29557_/Y
 _29558_/Y
 _29559_/X
 _29560_/Y
 _29561_/Y
 _29562_/Y
 _29563_/Y
 _29564_/Y
 _29565_/Y
 _29566_/X
 _29567_/X
 _29568_/X
 _29569_/Y
 _29570_/Y
 _29571_/X
 _29572_/Y
 _29573_/X
 _29574_/X
 _29575_/Y
 _29576_/Y
 _29577_/Y
 _29578_/X
 _29579_/Y
 _29580_/Y
 _29581_/X
 _29582_/X
 _29583_/X
 _29584_/X
 _29585_/Y
 _29586_/X
 _29587_/X
 _29588_/Y
 _29589_/X
 _29590_/Y
 _29591_/X
 _29592_/Y
 _29593_/Y
 _29594_/Y
 _29595_/Y
 _29596_/X
 _29597_/Y
 _29598_/X
 _29599_/X
 _29600_/Y
 _29601_/X
 _29602_/Y
 _29603_/Y
 _29604_/Y
 _29605_/X
 _29606_/X
 _29607_/X
 _29608_/Y
 _29609_/X
 _29610_/X
 _29611_/X
 _29612_/X
 _29613_/X
 _29614_/X
 _29615_/X
 _29616_/Y
 _29617_/X
 _29618_/Y
 _29619_/Y
 _29620_/Y
 _29621_/Y
 _29622_/Y
 _29623_/Y
 _29624_/X
 _29625_/Y
 _29626_/X
 _29627_/Y
 _29628_/Y
 _29629_/Y
 _29630_/Y
 _29631_/Y
 _29632_/Y
 _29633_/X
 _29634_/X
 _29635_/X
 _29636_/X
 _29637_/Y
 _29638_/X
 _29639_/Y
 _29640_/Y
 _29641_/Y
 _29642_/X
 _29643_/Y
 _29644_/Y
 _29645_/X
 _29646_/X
 _29647_/X
 _29648_/Y
 _29649_/Y
 _29650_/X
 _29651_/X
 _29652_/X
 _29653_/Y
 _29654_/X
 _29655_/X
 _29656_/Y
 _29657_/X
 _29658_/Y
 _29659_/Y
 _29660_/Y
 _29661_/Y
 _29662_/Y
 _29663_/Y
 _29664_/X
 _29665_/Y
 _29666_/Y
 _29667_/Y
 _29668_/Y
 _29669_/X
 _29670_/X
 _29671_/X
 _29672_/Y
 _29673_/Y
 _29674_/X
 _29675_/X
 _29676_/Y
 _29677_/Y
 _29678_/Y
 _29679_/X
 _29680_/X
 _29681_/Y
 _29682_/X
 _29683_/X
 _29684_/Y
 _29685_/Y
 _29686_/X
 _29687_/Y
 _29688_/X
 _29689_/X
 _29690_/Y
 _29691_/Y
 _29692_/X
 _29693_/X
 _29694_/X
 _29695_/Y
 _29696_/X
 _29697_/X
 _29698_/Y
 _29699_/Y
 _29700_/X
 _29701_/Y
 _29702_/X
 _29703_/Y
 _29704_/Y
 _29705_/Y
 _29706_/Y
 _29707_/X
 _29708_/X
 _29709_/Y
 _29710_/X
 _29711_/Y
 _29712_/X
 _29713_/X
 _29714_/X
 _29715_/X
 _29716_/X
 _29717_/X
 _29718_/X
 _29719_/Y
 _29720_/Y
 _29721_/Y
 _29722_/X
 _29723_/Y
 _29724_/X
 _29725_/X
 _29726_/X
 _29727_/Y
 _29728_/X
 _29729_/X
 _29730_/X
 _29731_/Y
 _29732_/Y
 _29733_/X
 _29734_/X
 _29735_/Y
 _29736_/Y
 _29737_/X
 _29738_/X
 _29739_/X
 _29740_/X
 _29741_/X
 _29742_/X
 _29743_/X
 _29744_/Y
 _29745_/Y
 _29746_/Y
 _29747_/X
 _29748_/X
 _29749_/X
 _29750_/X
 _29751_/Y
 _29752_/X
 _29753_/X
 _29754_/Y
 _29755_/Y
 _29756_/Y
 _29757_/X
 _29758_/X
 _29759_/X
 _29760_/Y
 _29761_/X
 _29762_/X
 _29763_/X
 _29764_/X
 _29765_/Y
 _29766_/Y
 _29767_/Y
 _29768_/X
 _29769_/X
 _29770_/X
 _29771_/X
 _29772_/Y
 _29773_/Y
 _29774_/X
 _29775_/Y
 _29776_/Y
 _29777_/X
 _29778_/Y
 _29779_/X
 _29780_/Y
 _29781_/X
 _29782_/Y
 _29783_/X
 _29784_/Y
 _29785_/X
 _29786_/Y
 _29787_/Y
 _29788_/Y
 _29789_/Y
 _29790_/Y
 _29791_/X
 _29792_/X
 _29793_/X
 _29794_/Y
 _29795_/Y
 _29796_/Y
 _29797_/X
 _29798_/X
 _29799_/Y
 _29800_/X
 _29801_/Y
 _29802_/Y
 _29803_/X
 _29804_/Y
 _29805_/X
 _29806_/Y
 _29807_/Y
 _29808_/Y
 _29809_/X
 _29810_/X
 _29811_/X
 _29812_/X
 _29813_/Y
 _29814_/Y
 _29815_/Y
 _29816_/X
 _29817_/Y
 _29818_/X
 _29819_/Y
 _29820_/X
 _29821_/X
 _29822_/X
 _29823_/Y
 _29824_/X
 _29825_/X
 _29826_/X
 _29827_/Y
 _29828_/Y
 _29829_/X
 _29830_/X
 _29831_/X
 _29832_/Y
 _29833_/Y
 _29834_/X
 _29835_/Y
 _29836_/X
 _29837_/Y
 _29838_/X
 _29839_/X
 _29840_/X
 _29841_/X
 _29842_/X
 _29843_/Y
 _29844_/Y
 _29845_/X
 _29846_/X
 _29847_/X
 _29848_/X
 _29849_/X
 _29850_/Y
 _29851_/Y
 _29852_/Y
 _29853_/Y
 _29854_/X
 _29855_/Y
 _29856_/Y
 _29857_/Y
 _29858_/X
 _29859_/X
 _29860_/X
 _29861_/X
 _29862_/Y
 _29863_/X
 _29864_/Y
 _29865_/X
 _29866_/Y
 _29867_/X
 _29868_/Y
 _29869_/Y
 _29870_/Y
 _29871_/X
 _29872_/Y
 _29873_/Y
 _29874_/Y
 _29875_/X
 _29876_/X
 _29877_/X
 _29878_/Y
 _29879_/X
 _29880_/Y
 _29881_/X
 _29882_/X
 _29883_/Y
 _29884_/X
 _29885_/Y
 _29886_/X
 _29887_/X
 _29888_/Y
 _29889_/Y
 _29890_/Y
 _29891_/Y
 _29892_/Y
 _29893_/X
 _29894_/Y
 _29895_/Y
 _29896_/X
 _29897_/X
 _29898_/X
 _29899_/X
 _29900_/Y
 _29901_/Y
 _29902_/Y
 _29903_/X
 _29904_/Y
 _29905_/Y
 _29906_/X
 _29907_/Y
 _29908_/X
 _29909_/Y
 _29910_/Y
 _29911_/Y
 _29912_/X
 _29913_/X
 _29914_/X
 _29915_/Y
 _29916_/X
 _29917_/Y
 _29918_/Y
 _29919_/Y
 _29920_/X
 _29921_/Y
 _29922_/X
 _29923_/Y
 _29924_/X
 _29925_/Y
 _29926_/X
 _29927_/Y
 _29928_/X
 _29929_/X
 _29930_/Y
 _29931_/X
 _29932_/X
 _29933_/X
 _29934_/Y
 _29935_/X
 _29936_/X
 _29937_/X
 _29938_/Y
 _29939_/X
 _29940_/Y
 _29941_/Y
 _29942_/X
 _29943_/X
 _29944_/Y
 _29945_/X
 _29946_/X
 _29947_/X
 _29948_/X
 _29949_/Y
 _29950_/X
 _29951_/X
 _29952_/X
 _29953_/X
 _29954_/X
 _29955_/Y
 _29956_/Y
 _29957_/Y
 _29958_/Y
 _29959_/X
 _29960_/X
 _29961_/Y
 _29962_/X
 _29963_/Y
 _29964_/X
 _29965_/Y
 _29966_/Y
 _29967_/X
 _29968_/X
 _29969_/Y
 _29970_/X
 _29971_/Y
 _29972_/Y
 _29973_/X
 _29974_/X
 _29975_/Y
 _29976_/X
 _29977_/Y
 _29978_/X
 _29979_/Y
 _29980_/Y
 _29981_/X
 _29982_/Y
 _29983_/X
 _29984_/X
 _29985_/X
 _29986_/X
 _29987_/Y
 _29988_/X
 _29989_/X
 _29990_/Y
 _29991_/X
 _29992_/Y
 _29993_/X
 _29994_/X
 _29995_/Y
 _29996_/X
 _29997_/Y
 _29998_/X
 _29999_/X
 _30000_/Y
 _30001_/X
 _30002_/X
 _30003_/X
 _30004_/Y
 _30005_/X
 _30006_/X
 _30007_/X
 _30008_/Y
 _30009_/Y
 _30010_/Y
 _30011_/X
 _30012_/Y
 _30013_/X
 _30014_/X
 _30015_/X
 _30016_/X
 _30017_/Y
 _30018_/Y
 _30019_/Y
 _30020_/X
 _30021_/Y
 _30022_/X
 _30023_/Y
 _30024_/Y
 _30025_/Y
 _30026_/Y
 _30027_/Y
 _30028_/Y
 _30029_/Y
 _30030_/X
 _30031_/Y
 _30032_/X
 _30033_/Y
 _30034_/Y
 _30035_/Y
 _30036_/X
 _30037_/Y
 _30038_/X
 _30039_/X
 _30040_/X
 _30041_/Y
 _30042_/X
 _30043_/X
 _30044_/X
 _30045_/Y
 _30046_/Y
 _30047_/X
 _30048_/Y
 _30049_/Y
 _30050_/X
 _30051_/X
 _30052_/Y
 _30053_/X
 _30054_/Y
 _30055_/Y
 _30056_/Y
 _30057_/X
 _30058_/X
 _30059_/Y
 _30060_/X
 _30061_/X
 _30062_/X
 _30063_/Y
 _30064_/Y
 _30065_/X
 _30066_/X
 _30067_/Y
 _30068_/X
 _30069_/X
 _30070_/X
 _30071_/Y
 _30072_/X
 _30073_/X
 _30074_/X
 _30075_/Y
 _30076_/Y
 _30077_/X
 _30078_/X
 _30079_/X
 _30080_/X
 _30081_/X
 _30082_/Y
 _30083_/Y
 _30084_/Y
 _30085_/X
 _30086_/X
 _30087_/X
 _30088_/X
 _30089_/X
 _30090_/Y
 _30091_/X
 _30092_/X
 _30093_/Y
 _30094_/X
 _30095_/Y
 _30096_/X
 _30097_/X
 _30098_/X
 _30099_/X
 _30100_/Y
 _30101_/X
 _30102_/Y
 _30103_/X
 _30104_/X
 _30105_/X
 _30106_/X
 _30107_/X
 _30108_/X
 _30109_/X
 _30110_/X
 _30111_/X
 _30112_/Y
 _30113_/Y
 _30114_/X
 _30115_/X
 _30116_/X
 _30117_/X
 _30118_/X
 _30119_/Y
 _30120_/Y
 _30121_/X
 _30122_/Y
 _30123_/X
 _30124_/Y
 _30125_/X
 _30126_/X
 _30127_/Y
 _30128_/X
 _30129_/X
 _30130_/X
 _30131_/Y
 _30132_/X
 _30133_/Y
 _30134_/X
 _30135_/Y
 _30136_/X
 _30137_/X
 _30138_/X
 _30139_/X
 _30140_/X
 _30141_/X
 _30142_/X
 _30143_/Y
 _30144_/X
 _30145_/X
 _30146_/X
 _30147_/Y
 _30148_/X
 _30149_/X
 _30150_/X
 _30151_/X
 _30152_/X
 _30153_/X
 _30154_/X
 _30155_/X
 _30156_/X
 _30157_/X
 _30158_/X
 _30159_/X
 _30160_/X
 _30161_/X
 _30162_/X
 _30163_/X
 _30164_/X
 _30165_/X
 _30166_/X
 _30167_/X
 _30168_/X
 _30169_/X
 _30170_/X
 _30171_/X
 _30172_/X
 _30173_/X
 _30174_/X
 _30175_/X
 _30176_/X
 _30177_/X
 _30178_/X
 _30179_/X
 _30180_/X
 _30181_/X
 _30182_/X
 _30183_/X
 _30184_/X
 _30185_/X
 _30186_/X
 _30187_/X
 _30188_/X
 _30189_/X
 _30190_/X
 _30191_/X
 _30192_/X
 _30193_/X
 _30194_/X
 _30195_/X
 _30196_/X
 _30197_/X
 _30198_/Y
 _30199_/Y
 _30200_/X
 _30201_/X
 _30202_/X
 _30203_/X
 _30204_/X
 _30205_/X
 _30206_/Y
 _30207_/X
 _30208_/X
 _30209_/X
 _30210_/X
 _30211_/X
 _30212_/X
 _30213_/X
 _30214_/X
 _30215_/X
 _30216_/X
 _30217_/X
 _30218_/X
 _30219_/X
 _30220_/X
 _30221_/X
 _30222_/X
 _30223_/X
 _30224_/X
 _30225_/X
 _30226_/X
 _30227_/X
 _30228_/X
 _30229_/X
 _30230_/X
 _30231_/X
 _30232_/X
 _30233_/X
 _30234_/X
 _30235_/X
 _30236_/X
 _30237_/X
 _30238_/X
 _30239_/X
 _30240_/X
 _30241_/X
 _30242_/X
 _30243_/X
 _30244_/X
 _30245_/X
 _30246_/X
 _30247_/X
 _30248_/X
 _30249_/X
 _30250_/X
 _30251_/X
 _30252_/X
 _30253_/X
 _30254_/X
 _30255_/X
 _30256_/X
 _30257_/X
 _30258_/X
 _30259_/X
 _30260_/X
 _30261_/X
 _30262_/X
 _30263_/X
 _30264_/X
 _30265_/X
 _30266_/X
 _30267_/X
 _30268_/X
 _30269_/X
 _30270_/X
 _30271_/X
 _30272_/X
 _30273_/X
 _30274_/X
 _30275_/X
 _30276_/X
 _30277_/X
 _30278_/Q
 _30279_/Q
 _30280_/Q
 _30281_/Q
 _30282_/Q
 _30283_/Q
 _30284_/Q
 _30285_/Q
 _30286_/Q
 _30287_/Q
 _30288_/Q
 _30289_/Q
 _30290_/Q
 _30291_/Q
 _30292_/Q
 _30293_/Q
 _30294_/Q
 _30295_/Q
 _30296_/Q
 _30297_/Q
 _30298_/Q
 _30299_/Q
 _30300_/Q
 _30301_/Q
 _30302_/Q
 _30303_/Q
 _30304_/Q
 _30305_/Q
 _30306_/Q
 _30307_/Q
 _30308_/Q
 _30309_/Q
 _30310_/Q
 _30311_/Q
 _30312_/Q
 _30313_/Q
 _30314_/Q
 _30315_/Q
 _30316_/Q
 _30317_/Q
 _30318_/Q
 _30319_/Q
 _30320_/Q
 _30321_/Q
 _30322_/Q
 _30323_/Q
 _30324_/Q
 _30325_/Q
 _30326_/Q
 _30327_/Q
 _30328_/Q
 _30329_/Q
 _30330_/Q
 _30331_/Q
 _30332_/Q
 _30333_/Q
 _30334_/Q
 _30335_/Q
 _30336_/Q
 _30337_/Q
 _30338_/Q
 _30339_/Q
 _30340_/Q
 _30341_/Q
 _30342_/Q
 _30343_/Q
 _30344_/Q
 _30345_/Q
 _30346_/Q
 _30347_/Q
 _30348_/Q
 _30349_/Q
 _30350_/Q
 _30351_/Q
 _30352_/Q
 _30353_/Q
 _30354_/Q
 _30355_/Q
 _30356_/Q
 _30357_/Q
 _30358_/Q
 _30359_/Q
 _30360_/Q
 _30361_/Q
 _30362_/Q
 _30363_/Q
 _30364_/Q
 _30365_/Q
 _30366_/Q
 _30367_/Q
 _30368_/Q
 _30369_/Q
 _30370_/Q
 _30371_/Q
 _30372_/Q
 _30373_/Q
 _30374_/Q
 _30375_/Q
 _30376_/Q
 _30377_/Q
 _30378_/Q
 _30379_/Q
 _30380_/Q
 _30381_/Q
 _30382_/Q
 _30383_/Q
 _30384_/Q
 _30385_/Q
 _30386_/Q
 _30387_/Q
 _30388_/Q
 _30389_/Q
 _30390_/Q
 _30391_/Q
 _30392_/Q
 _30393_/Q
 _30394_/Q
 _30395_/Q
 _30396_/Q
 _30397_/Q
 _30398_/Q
 _30399_/Q
 _30400_/Q
 _30401_/Q
 _30402_/Q
 _30403_/Q
 _30404_/Q
 _30405_/Q
 _30406_/Q
 _30407_/Q
 _30408_/Q
 _30409_/Q
 _30410_/Q
 _30411_/Q
 _30412_/Q
 _30413_/Q
 _30414_/Q
 _30415_/Q
 _30416_/Q
 _30417_/Q
 _30418_/Q
 _30419_/Q
 _30420_/Q
 _30421_/Q
 _30422_/Q
 _30423_/Q
 _30424_/Q
 _30425_/Q
 _30426_/Q
 _30427_/Q
 _30428_/Q
 _30429_/Q
 _30430_/Q
 _30431_/Q
 _30432_/Q
 _30433_/Q
 _30434_/Q
 _30435_/Q
 _30436_/Q
 _30437_/Q
 _30438_/Q
 _30439_/Q
 _30440_/Q
 _30441_/Q
 _30442_/Q
 _30443_/Q
 _30444_/Q
 _30445_/Q
 _30446_/Q
 _30447_/Q
 _30448_/Q
 _30449_/Q
 _30450_/Q
 _30451_/Q
 _30452_/Q
 _30453_/Q
 _30454_/Q
 _30455_/Q
 _30456_/Q
 _30457_/Q
 _30458_/Q
 _30459_/Q
 _30460_/Q
 _30461_/Q
 _30462_/Q
 _30463_/Q
 _30464_/Q
 _30465_/Q
 _30466_/Q
 _30467_/Q
 _30468_/Q
 _30469_/Q
 _30470_/Q
 _30471_/Q
 _30472_/Q
 _30473_/Q
 _30474_/Q
 _30475_/Q
 _30476_/Q
 _30477_/Q
 _30478_/Q
 _30479_/Q
 _30480_/Q
 _30481_/Q
 _30482_/Q
 _30483_/Q
 _30484_/Q
 _30485_/Q
 _30486_/Q
 _30487_/Q
 _30488_/Q
 _30489_/Q
 _30490_/Q
 _30491_/Q
 _30492_/Q
 _30493_/Q
 _30494_/Q
 _30495_/Q
 _30496_/Q
 _30497_/Q
 _30498_/Q
 _30499_/Q
 _30500_/Q
 _30501_/Q
 _30502_/Q
 _30503_/Q
 _30504_/Q
 _30505_/Q
 _30506_/Q
 _30507_/Q
 _30508_/Q
 _30509_/Q
 _30510_/Q
 _30511_/Q
 _30512_/Q
 _30513_/Q
 _30514_/Q
 _30515_/Q
 _30516_/Q
 _30517_/Q
 _30518_/Q
 _30519_/Q
 _30520_/Q
 _30521_/Q
 _30522_/Q
 _30523_/Q
 _30524_/Q
 _30525_/Q
 _30526_/Q
 _30527_/Q
 _30528_/Q
 _30529_/Q
 _30530_/Q
 _30531_/Q
 _30532_/Q
 _30533_/Q
 _30534_/Q
 _30535_/Q
 _30536_/Q
 _30537_/Q
 _30538_/Q
 _30539_/Q
 _30540_/Q
 _30541_/Q
 _30542_/Q
 _30543_/Q
 _30544_/Q
 _30545_/Q
 _30546_/Q
 _30547_/Q
 _30548_/Q
Found 0 partially unannotated drivers.

===========================================================================
max slew violation count 3366
max fanout violation count 203
max cap violation count 47
============================================================================

===========================================================================
check_setup -verbose -unconstrained_endpoints -multiple_clock -no_clock -no_input_delay -loops -generated_clocks
===========================================================================
