net,length_um
net662,1.10915mm
net773,1.01452mm
net499,1.00006mm
net790,912.84µm
net559,866.71µm
net529,865.44µm
net740,828.26µm
net482,820.495µm
mantisaBshift\[17\],813.63µm
_10445_,796.12µm
net689,794.94µm
net799,794.26µm
net331,792.2µm
mantisaBshift\[20\],789.97µm
net723,784.72µm
_10423_,775.37µm
net825,773.59µm
net483,743.87µm
mantisaBshift\[21\],729.11µm
net747,727.87µm
net692,723.33µm
net906,712.67µm
net672,708.03µm
net862,689.385µm
_11488_,680.47µm
net676,677.53µm
net684,676.89µm
clknet_2_2__leaf_clk,669.935µm
mantisaBshift\[22\],664.23µm
net891,663.36µm
net924,661.68µm
clknet_2_1__leaf_clk,661.64µm
net789,658.59µm
net703,655.08µm
_10478_,652.18µm
net617,647.64µm
net649,632.67µm
net819,632.44µm
net604,631.09µm
net765,631.02µm
net581,629.06µm
mantisaBshift\[4\],619.93µm
net709,616.33µm
_10500_,612.82µm
net808,609.53µm
_08965_,609.51µm
net678,608.6µm
net521,602.51µm
net933,599.83µm
net835,598.01µm
net733,597.96µm
net818,592.3µm
_09849_,588.82µm
net782,580.54µm
net587,574.5µm
net764,572.09µm
net843,568.87µm
net478,565.67µm
clknet_2_3__leaf_clk,563.33µm
net834,561.88µm
net792,559.86µm
net810,557.45µm
net550,554.3µm
net905,549.7µm
net766,547.435µm
net635,543.28µm
_10511_,541.73µm
net543,537.945µm
net840,537.28µm
net498,536.09µm
mantisaresult\[29\],530.455µm
net824,526.885µm
mantisaBshift\[6\],525.97µm
net771,524.16µm
net634,518.66µm
net563,511.5µm
net566,511.35µm
net602,510.73µm
net610,508µm
net670,507.82µm
net722,507.24µm
mantisaresult\[28\],506.78µm
mantisaresult\[26\],506.15µm
net493,505.56µm
mantisaresult\[27\],505.21µm
net931,504.61µm
net515,503.625µm
mantisaBshift\[13\],502.96µm
net828,501.81µm
net770,494.93µm
net857,494.46µm
net524,490.46µm
mantisaBshift\[0\],488.11µm
_06277_,485.16µm
mantisaresult\[30\],481.42µm
net729,481.15µm
clknet_0_clk,480.9µm
net758,477.81µm
net923,477.56µm
net928,476.75µm
_10555_,475.24µm
net552,474.26µm
net557,473.55µm
mantisaresult\[31\],473.54µm
net798,471.8µm
_08772_,461.85µm
net578,460.06µm
_10434_,459.83µm
mantisaBshift\[8\],457.08µm
net696,456.53µm
_10368_,454.22µm
net853,454.06µm
_08966_,452.34µm
net654,450.27µm
net607,448.17µm
net608,445.4µm
net582,445.17µm
net574,444.89µm
net806,443.66µm
net851,442.99µm
net812,439.98µm
net562,439.78µm
net890,438.88µm
_13023_,438.82µm
net525,438.15µm
mantisaBshift\[10\],437.23µm
net884,435.1µm
mantisaresult\[34\],433.93µm
net593,433.7µm
net876,432.73µm
_13649_,430.75µm
net677,430.295µm
net693,429.37µm
net821,427.94µm
_11203_,425.9µm
net754,424.57µm
_11170_,424.48µm
net943,424.48µm
net783,422.855µm
net801,422.51µm
mantisaresult\[37\],422.49µm
net717,421.09µm
net513,420.36µm
net685,419.48µm
_10324_,418.89µm
net695,417.01µm
net736,416.91µm
net700,414.87µm
net927,413.66µm
net646,413.24µm
net796,411.14µm
net732,410.9µm
net584,410.48µm
mantisaresult\[36\],410.45µm
net691,408.54µm
net573,408.39µm
net757,407.92µm
net614,407.62µm
net640,407.29µm
mantisaresult\[35\],405.07µm
net856,402.98µm
_06345_,400.63µm
mantisaBshift\[5\],400.29µm
net875,399.72µm
net663,399.19µm
net832,398.215µm
net690,397.62µm
net885,397.47µm
net800,396.69µm
net708,395.96µm
net780,395.76µm
net653,394.56µm
net619,394.385µm
clknet_2_0__leaf_clk,394.33µm
mantisaBshift\[18\],393.19µm
net795,391.09µm
net590,388.54µm
net613,388.52µm
mantisaresult\[0\],388.08µm
net512,387.35µm
net899,387.01µm
net772,385.53µm
_10533_,383.97µm
_13024_,383.25µm
net739,383.17µm
net726,383.15µm
_05825_,383µm
net673,381.96µm
net542,381.81µm
_10665_,381.72µm
net532,381.6µm
mantisaresult\[38\],380.15µm
net788,378.94µm
net481,378.715µm
mantisaresult\[25\],375.2µm
mantisaresult\[39\],372.26µm
net549,371.87µm
net746,369.49µm
_10335_,367.31µm
net930,366.31µm
clk,365.45µm
_10456_,365.11µm
mantisaresult\[24\],364.2µm
_14690_,363.98µm
mantisaresult\[33\],363.06µm
net805,362.02µm
net669,360.69µm
net528,359.88µm
mantisaresult\[32\],359.535µm
net599,359.295µm
net627,357.54µm
net629,356.58µm
_13022_,356.17µm
net522,354µm
net877,351.8µm
net829,348.13µm
net545,347.16µm
net775,346.68µm
mantisaBshift\[16\],346.4µm
net622,344.55µm
net866,344.44µm
net637,343.98µm
net682,343.4µm
net601,343.16µm
net644,342.115µm
net492,341.3µm
net895,341µm
_10357_,340.43µm
net652,339.16µm
net516,336.69µm
net863,336.09µm
net748,336µm
net909,335.86µm
net916,335.86µm
net743,335.3µm
net741,333.66µm
mantisaresult\[2\],332.67µm
net580,331.86µm
net859,331.71µm
_08773_,330.28µm
net820,329.87µm
net655,328.69µm
net781,327.94µm
_10401_,326.95µm
_00756_,326.57µm
net583,324.88µm
net531,322.92µm
net816,322.12µm
net595,321.56µm
net592,321.28µm
net759,320.53µm
net539,320.4µm
net804,319.04µm
_03769_,317.345µm
net624,317.06µm
mantisaresult\[1\],316.835µm
net291,315.88µm
net911,315.45µm
net761,314.25µm
mantisaresult\[40\],314.075µm
net538,312.3µm
net679,311.58µm
net594,310.925µm
net660,310.64µm
net546,309.98µm
net586,309.935µm
net687,309.82µm
net869,309.42µm
net589,308.24µm
net719,307.8µm
net823,307.57µm
net615,306.89µm
net779,306.58µm
mantisaresult\[22\],306.3µm
_04277_,305.52µm
net632,304.95µm
net612,304.85µm
_14691_,304.48µm
net504,303.44µm
net776,303.17µm
net898,302.2µm
net900,299.79µm
net625,298.16µm
_04932_,297.76µm
net929,296.91µm
net680,295.79µm
net778,295.64µm
net514,294.98µm
_02636_,294.56µm
_02745_,292.82µm
net575,292.72µm
net881,292.13µm
net114,291.48µm
net668,289.18µm
net636,287.145µm
mantisaresult\[41\],287.05µm
_02746_,287µm
mantisaresult\[4\],286.78µm
net711,286.78µm
net707,286.14µm
net497,286µm
net846,285.38µm
net706,283.8µm
net817,283.31µm
net572,283.18µm
net547,282.34µm
mantisaBshift\[7\],281.98µm
mantisaresult\[18\],281.11µm
mantisaresult\[21\],280.69µm
net699,280.66µm
net850,280.37µm
net569,280.21µm
net768,280.07µm
net845,280.05µm
net671,279.26µm
net870,279.095µm
net724,277.93µm
mantisaresult\[23\],277.695µm
net588,277.07µm
net794,275.94µm
net645,275.74µm
net880,275.7µm
mantisaresult\[7\],275.66µm
net847,274.89µm
net753,274.52µm
net714,273.7µm
net836,272.71µm
net786,272.24µm
net535,272.16µm
net658,270.36µm
_04072_,269.96µm
net659,269.74µm
_04036_,268.575µm
net609,268.47µm
net744,268.175µm
net479,268.12µm
net533,267.51µm
net809,266.55µm
net618,266.17µm
net551,266.05µm
net647,265.985µm
net198,265.93µm
net100,265.55µm
net830,265.51µm
net491,264.83µm
mantisaresult\[42\],264.52µm
net797,263.94µm
net720,263.82µm
net910,263.63µm
net643,263.08µm
net716,262.84µm
_00758_,260.82µm
net697,259.7µm
net915,259.5µm
net807,259.4µm
net565,258.9µm
net755,258.04µm
net932,257.16µm
_11061_,256.87µm
net702,255.72µm
net623,255.075µm
net120,254.68µm
_10489_,254µm
net480,252.11µm
net922,252.08µm
net756,252.055µm
net631,251.62µm
net1082,251.08µm
_01555_,250.68µm
net784,250.51µm
net541,250.03µm
net762,248.8µm
net568,248.42µm
_11159_,248.39µm
net763,248.26µm
net638,246.33µm
net556,245.89µm
net769,245.61µm
net118,244.4µm
net864,244.38µm
_02029_,243.94µm
net123,243.52µm
mantisaresult\[20\],243.51µm
net675,243.24µm
net628,242.09µm
net579,240.8µm
net570,240.38µm
net560,240.1µm
net135,239.98µm
net737,239.73µm
net791,239.35µm
net731,239.02µm
net760,238.9µm
net530,238.44µm
_03368_,238.26µm
net852,235.92µm
net657,235.82µm
net503,234.9µm
_03366_,234.85µm
net603,234.12µm
_03678_,233.97µm
net904,233.5µm
net621,232.83µm
mantisaresult\[19\],232.37µm
net127,231.89µm
net728,231.805µm
net892,231.54µm
mantisaresult\[17\],230.915µm
_04035_,229.8µm
net889,229.19µm
net484,228.85µm
net688,226.92µm
net318,226.635µm
net611,226.28µm
net713,225.81µm
mantisaBshift\[23\],225.03µm
net605,224.94µm
_02599_,223.64µm
net774,223.45µm
_00747_,223.26µm
net526,223.2µm
net220,223.18µm
_10544_,223.11µm
net734,222.2µm
net170,222.17µm
net537,221.93µm
net501,221.38µm
net907,221.02µm
net527,220.88µm
net871,220.68µm
net553,220.5µm
net600,219.38µm
net633,218.67µm
net540,218.49µm
net577,218.47µm
net681,218.04µm
_04238_,216.87µm
_02176_,216.75µm
net841,216.43µm
_02022_,215.56µm
_05267_,214.48µm
net767,214.3µm
net368,214.11µm
_01896_,213.87µm
mantisaresult\[44\],212.6µm
net299,212.04µm
net548,211.91µm
_01901_,209.91µm
net151,209.34µm
_01999_,208.56µm
net802,208.2µm
_02007_,208.14µm
net598,207.64µm
net849,206.74µm
net596,206.72µm
_02598_,206.315µm
_01908_,205.82µm
net742,205.47µm
_02618_,205.38µm
_04838_,205.34µm
net496,205.24µm
_10522_,205.2µm
net952,204.82µm
mantisaresult\[10\],204.79µm
mantisaresult\[43\],204.64µm
net666,204.44µm
_01899_,204.435µm
net642,203.65µm
net597,203.54µm
net196,203.405µm
_02888_,203.285µm
net111,203.18µm
_03258_,202.52µm
net908,202µm
net813,201.54µm
net162,201.33µm
_05520_,201.18µm
_10390_,201.02µm
_01904_,200.295µm
_01964_,200µm
mantisaresult\[5\],199.45µm
net698,199.22µm
net730,198.92µm
net626,198.35µm
_13491_,198.25µm
net591,198.18µm
net500,197.96µm
_04427_,197.5µm
net236,196.23µm
net585,196.22µm
_01959_,195.845µm
_01981_,195.78µm
_03272_,194.94µm
_01958_,194.74µm
net558,194.56µm
net738,193.68µm
_12492_,193.46µm
net1042,193.41µm
net661,193µm
net620,192.245µm
net303,191.26µm
net751,191.1µm
net883,190.66µm
net259,190.51µm
net494,190.04µm
_02221_,189.98µm
net301,189.61µm
mantisaAshift\[40\],188.62µm
net271,188.1µm
net208,188.08µm
net332,187.96µm
_01974_,187.935µm
net651,187.86µm
net837,187.86µm
_01963_,187.52µm
_01895_,187.19µm
_05966_,187.015µm
net912,186.94µm
net842,186.52µm
_01898_,186.14µm
_11083_,185µm
_01893_,184.94µm
net934,184.94µm
net536,184.76µm
net665,183.94µm
net350,183.6µm
net518,183.58µm
net785,183.2µm
net302,182.92µm
_06085_,182.6µm
net369,182.46µm
mantisaresult\[9\],182.32µm
net903,182.28µm
net109,181.615µm
net998,181.565µm
net555,181.565µm
net921,181.23µm
net374,180.68µm
_01976_,180.59µm
net749,180.31µm
net143,180.12µm
_00726_,180µm
net811,179.44µm
_05877_,179.26µm
net616,178.06µm
net925,177.92µm
_01992_,177.74µm
net606,177.68µm
net175,177.51µm
net860,177.32µm
_00743_,177.135µm
_01917_,176.77µm
net893,176.5µm
net519,175.59µm
_01972_,175.565µm
_12020_,175.22µm
net815,175.2µm
net108,175.06µm
net701,174.86µm
_12208_,174.365µm
net727,174.34µm
mantisaresult\[8\],174.25µm
net544,173.82µm
net844,173.8µm
net173,173.48µm
_05266_,173.46µm
_04709_,173.24µm
net138,173.23µm
net868,173.02µm
net119,172.91µm
net1079,172.65µm
_12230_,172.48µm
net192,172.32µm
_02143_,171.64µm
_04893_,170.755µm
_13490_,170.28µm
_00432_,170.05µm
net894,169.55µm
net872,169.34µm
net372,169.2µm
net814,167.89µm
net874,167.85µm
_04184_,167.78µm
_03870_,167.575µm
net233,166.795µm
net735,166.34µm
net926,164.54µm
net848,164.5µm
_12511_,164.17µm
_11602_,163.87µm
net110,163.705µm
net412,163.14µm
_02222_,163.04µm
net507,161.53µm
net1075,161.22µm
net902,160.46µm
net648,160.28µm
mantisaresult\[45\],159.92µm
net281,159.86µm
_14960_,159.81µm
_12209_,159.66µm
_11598_,159.36µm
net274,159.22µm
_12508_,158.8µm
_12771_,158.07µm
_05755_,157.56µm
net277,157.12µm
net361,157.1µm
net86,157µm
net152,156.12µm
net567,155.78µm
net641,155.72µm
net750,155.5µm
_01558_,155.41µm
_00486_,154.88µm
net956,154.6µm
net211,154.58µm
net918,154.16µm
_00480_,154.04µm
_08787_,153.96µm
net383,153.815µm
_13793_,153.34µm
net854,153.3µm
net858,153.285µm
_11072_,153.04µm
_01914_,152.69µm
net520,152.19µm
net712,152.02µm
mantisaresult\[11\],152.01µm
net787,151.99µm
net887,151.68µm
net888,151.52µm
_04416_,151.22µm
net373,151.055µm
_00407_,150.32µm
net172,150.28µm
net827,150.24µm
_07067_,150.04µm
expmiddlec\[7\],149.96µm
net879,149.56µm
_02576_,149.45µm
net630,149.14µm
net725,148.86µm
_14675_,148.74µm
_05211_,148.71µm
_06272_,148.71µm
_05243_,148.7µm
_11789_,148.31µm
net300,148.28µm
_05200_,148.25µm
net377,148.17µm
_11808_,147.68µm
net176,147µm
_15033_,146.5µm
_11821_,146.32µm
net351,146.22µm
_03752_,146.015µm
_04892_,145.86µm
net686,145.8µm
net205,145.58µm
net777,145.115µm
_03468_,145.02µm
net914,144.21µm
net237,143.94µm
_00457_,143.84µm
_04448_,143.36µm
_12229_,143.12µm
net897,142.7µm
_12114_,142.65µm
_03722_,142.48µm
_14969_,142.355µm
_11183_,142.28µm
_14423_,141.97µm
net87,141.88µm
_10009_,141.32µm
_06280_,140.71µm
net186,140.65µm
net390,140.28µm
_06284_,139.22µm
net307,139.18µm
net99,138.98µm
net718,138.73µm
_03346_,138.5µm
net235,138.24µm
_05121_,138.22µm
net490,138.16µm
net298,137.88µm
_12427_,137.8µm
net683,137.44µm
_14747_,137.4µm
net316,137.4µm
net288,137.36µm
net650,137.15µm
net919,137.08µm
_00599_,137.04µm
_15027_,136.46µm
_15010_,136.26µm
net60,135.7µm
net1033,135.53µm
_02634_,135.48µm
_14745_,135.25µm
mantisaAshift\[41\],135.16µm
net286,134.62µm
net191,134.24µm
net212,134.06µm
_14987_,133.95µm
_02142_,133.865µm
net882,133.74µm
net293,133.66µm
net204,133.635µm
_04370_,133.54µm
net320,133.4µm
_15023_,132.89µm
net375,132.82µm
net457,132.805µm
_10671_,132.6µm
net366,132.53µm
_04436_,132.48µm
net793,132.37µm
_04440_,132.3µm
_05119_,132.23µm
_11078_,132.13µm
_13833_,132.075µm
net721,131.94µm
_15021_,131.26µm
net255,131.24µm
_04374_,131.15µm
_00001_,131.045µm
_11670_,130.94µm
_02177_,130.92µm
net471,130.9µm
_00410_,130.87µm
net323,130.6µm
net364,130.44µm
_06350_,130.38µm
net878,130.35µm
net289,130.08µm
net231,130.035µm
_05650_,129.84µm
net502,129.76µm
_01891_,129.745µm
net715,129.72µm
net704,129.315µm
net113,129.31µm
_13577_,129.15µm
_15011_,128.92µm
net656,128.68µm
_04394_,128.53µm
_05380_,128.32µm
_02594_,127.32µm
net149,127.02µm
net474,126.98µm
net324,126.7µm
_14247_,126.42µm
_13009_,126.38µm
net486,126.33µm
_04237_,126.29µm
net245,126.22µm
_05519_,125.885µm
net402,125.82µm
_05086_,125.8µm
_15020_,125.8µm
_14472_,125.74µm
_15025_,125.7µm
mantisaresult\[56\],125.59µm
mantisaresult\[15\],125.35µm
net376,125.155µm
_11082_,124.48µm
net185,124.35µm
_02592_,124.32µm
_14759_,124.2µm
mantisaresult\[16\],124.14µm
_01257_,123.92µm
_13313_,123.84µm
net248,123.83µm
_11615_,123.8µm
net329,123.66µm
net745,123.635µm
_05112_,123.52µm
_05638_,123.48µm
mantisaresult\[46\],123.46µm
net710,123.43µm
net962,123.03µm
net363,122.94µm
net112,122.7µm
_14311_,122.3µm
net294,122.28µm
net865,122.04µm
_00464_,122µm
_04511_,121.98µm
_15121_,121.98µm
_03377_,121.94µm
net253,121.7µm
net218,121.64µm
net961,121.64µm
_02593_,121.615µm
_13390_,121.54µm
net359,121.46µm
_11749_,121.4µm
net822,121.34µm
_04384_,121.28µm
clknet_leaf_14_clk,121.26µm
net576,120.98µm
_15009_,120.96µm
net263,120.94µm
net168,120.88µm
_11739_,120.62µm
_15034_,120.62µm
net1077,120.4µm
net171,120.08µm
net246,119.96µm
_02439_,119.84µm
net694,119.77µm
net260,119.38µm
_05053_,119.28µm
_00387_,119.17µm
_00968_,119.16µm
mantisaresult\[55\],119.1µm
net564,119µm
_00386_,118.92µm
net206,118.88µm
expmiddlec\[6\],118.78µm
net367,118.7µm
net1002,118.66µm
_00964_,118.64µm
_06287_,118.38µm
net988,118.27µm
net339,118.19µm
_03345_,118.18µm
_03972_,118.14µm
mantisaAshift\[47\],118.08µm
_04429_,118.06µm
_10958_,117.82µm
_14953_,117.75µm
_00703_,117.74µm
net505,117.58µm
_01199_,117.45µm
_00708_,117.29µm
_11637_,117.04µm
net342,117.02µm
_06279_,116.82µm
_04753_,116.18µm
_11791_,116.09µm
clknet_leaf_13_clk,116.06µm
net270,116.03µm
net838,115.97µm
net219,115.72µm
_10447_,115.62µm
_05993_,115.54µm
_08388_,115.46µm
mantisaAshift\[62\],115.2µm
_14279_,115.06µm
_08482_,115.02µm
net365,114.7µm
_00977_,114.66µm
net343,114.64µm
_08726_,114.56µm
_10566_,114.48µm
_05992_,114.47µm
_08038_,114.44µm
_02569_,114.38µm
_14301_,113.94µm
net896,113.565µm
_00388_,113.46µm
_13792_,113.14µm
_04708_,112.96µm
_03367_,112.81µm
_08940_,112.59µm
mantisaresult\[47\],112.53µm
_08711_,112.37µm
net957,112.18µm
net371,112µm
net833,111.98µm
net752,111.94µm
net963,111.66µm
_11816_,111.275µm
_12202_,111.24µm
net195,111.04µm
_06292_,110.94µm
net97,110.84µm
net279,110.84µm
_02878_,110.81µm
_06217_,110.7µm
mantisaresult\[48\],110.66µm
net901,110.6µm
_13835_,110.54µm
_03567_,110.5µm
net210,110.5µm
net188,110.445µm
_15002_,110.16µm
_10955_,109.97µm
net451,109.86µm
net268,109.83µm
_03404_,109.68µm
net207,109.66µm
clknet_leaf_29_clk,109.64µm
_00621_,109.41µm
_00443_,109.27µm
_14426_,109.21µm
_11621_,109.16µm
_13760_,109.11µm
net1013,109.11µm
_00392_,109µm
_04381_,108.92µm
_00705_,108.86µm
_03378_,108.855µm
net403,108.82µm
net272,108.56µm
net425,108.56µm
_02833_,108.54µm
_00037_,108.405µm
_02110_,108.24µm
_14373_,108.19µm
net987,108.14µm
_11054_,108.08µm
_11039_,108.04µm
net867,107.92µm
_04182_,107.815µm
_00971_,107.79µm
_14995_,107.63µm
clknet_leaf_24_clk,107.48µm
net488,107.08µm
_10011_,106.8µm
expmiddlec\[0\],106.52µm
_00038_,106.185µm
_06282_,106.05µm
_00455_,106.01µm
_05245_,105.92µm
mantisaAshift\[59\],105.84µm
_00065_,105.8µm
net382,105.79µm
net116,105.54µm
_08771_,105.47µm
net831,105.45µm
_06229_,105.3µm
_00755_,105.24µm
net511,105.06µm
net960,105.04µm
net266,104.98µm
_12490_,104.9µm
_00907_,104.78µm
net190,104.78µm
net426,104.78µm
_11643_,104.77µm
_15125_,104.73µm
net55,104.56µm
_05093_,104.44µm
_11608_,104.36µm
mantisaAshift\[60\],104.3µm
_08033_,104.19µm
_14160_,104.12µm
mantisaAshift\[42\],104.08µm
net340,104.02µm
net308,103.97µm
net174,103.88µm
net115,103.75µm
_00295_,103.65µm
_11778_,103.56µm
_13643_,103.56µm
net311,103.56µm
_04487_,103.43µm
_11734_,103.36µm
net913,103.3µm
_01012_,103.28µm
_00436_,103.14µm
_04501_,103.135µm
_00364_,103.02µm
_11042_,103.02µm
net639,102.975µm
net197,102.82µm
_11356_,102.8µm
_12050_,102.76µm
_02574_,102.32µm
_01920_,102.28µm
_12662_,102.22µm
_00981_,102.1µm
_11062_,101.995µm
net411,101.96µm
_15093_,101.74µm
_04568_,101.63µm
_02889_,101.55µm
_01617_,101.49µm
_11089_,101.34µm
net475,101.21µm
_00731_,101µm
net326,100.98µm
_06296_,100.87µm
net427,100.85µm
expmiddlec\[5\],100.72µm
net102,100.72µm
_08778_,100.7µm
_14274_,100.45µm
_10889_,100.37µm
_00288_,100.34µm
net243,100.26µm
clknet_leaf_15_clk,100.2µm
net456,100.16µm
_04372_,100.105µm
net357,100.1µm
mantisaresult\[14\],99.99µm
_01055_,99.82µm
_03464_,99.82µm
_12262_,99.8µm
_08498_,99.58µm
_00440_,99.44µm
net442,99.24µm
_00398_,99.2µm
clknet_leaf_28_clk,99.16µm
_13371_,99.095µm
_00588_,99.07µm
net917,99.06µm
net509,99.04µm
net309,98.97µm
net144,98.94µm
_11797_,98.92µm
_02876_,98.76µm
_04478_,98.76µm
_14197_,98.7µm
mantisaB0\[21\],98.7µm
_00377_,98.62µm
_00383_,98.595µm
_01217_,98.34µm
_00746_,98.24µm
net460,98.13µm
_11532_,98.08µm
net98,98.06µm
_11935_,98µm
_13482_,97.98µm
_11756_,97.82µm
_14310_,97.8µm
_15019_,97.63µm
_15133_,97.5µm
net284,97.5µm
net136,97.26µm
_08716_,97.21µm
net938,97.2µm
_03471_,97.015µm
_02428_,96.88µm
net356,96.68µm
net124,96.67µm
_01194_,96.64µm
_12780_,96.56µm
_06237_,96.52µm
_00562_,96.42µm
net674,96.345µm
_13836_,96.25µm
_14959_,96.25µm
_02836_,96.18µm
net394,96.06µm
net187,96.02µm
net409,96µm
net265,95.98µm
_13011_,95.96µm
_15003_,95.86µm
_03038_,95.84µm
_13616_,95.78µm
_15073_,95.7µm
_12081_,95.66µm
_11783_,95.56µm
net873,95.52µm
_13794_,95.48µm
net346,95.42µm
net664,95.4µm
_10198_,95.3µm
net1047,95.24µm
net1006,95.22µm
net241,95.17µm
_09564_,95.15µm
clknet_leaf_21_clk,95.04µm
_08216_,95µm
_03751_,94.92µm
_10900_,94.9µm
_00933_,94.8µm
_12671_,94.7µm
_12656_,94.68µm
mantisaAshift\[61\],94.66µm
net141,94.66µm
_11059_,94.64µm
_08573_,94.62µm
_04379_,94.56µm
_03344_,94.54µm
_14142_,94.48µm
net981,94.38µm
net999,94.32µm
mantisaresult\[49\],94.16µm
_08777_,93.9µm
net381,93.86µm
_10689_,93.66µm
_12507_,93.605µm
_14708_,93.33µm
_04279_,93.32µm
net334,93.32µm
_14682_,93.26µm
_00738_,93.14µm
_12134_,93.075µm
clknet_leaf_19_clk,93.02µm
_05120_,93µm
_11934_,92.96µm
_11630_,92.94µm
net227,92.88µm
_00754_,92.84µm
net398,92.81µm
_04371_,92.68µm
net389,92.51µm
_02568_,92.46µm
_11036_,92.44µm
net667,92.44µm
_14728_,92.26µm
net335,91.94µm
_12126_,91.88µm
clknet_leaf_37_clk,91.84µm
_01043_,91.82µm
_02300_,91.82µm
net495,91.78µm
_13509_,91.75µm
net297,91.7µm
net244,91.68µm
_01647_,91.52µm
_04671_,91.48µm
_14716_,91.34µm
_11895_,91.32µm
net276,91.26µm
_06356_,91.2µm
_10682_,91.17µm
_08934_,91.1µm
_03564_,91.04µm
_12044_,91.02µm
_00702_,91µm
net121,90.97µm
net360,90.84µm
_04399_,90.79µm
net395,90.73µm
_06864_,90.6µm
net401,90.52µm
_04176_,90.4µm
mantisaAshift\[55\],90.36µm
net150,90.3µm
net184,90.04µm
_02049_,89.98µm
_02825_,89.81µm
_00556_,89.8µm
net561,89.735µm
_10258_,89.62µm
_00986_,89.585µm
_14147_,89.57µm
_00594_,89.5µm
net476,89.44µm
net826,89.34µm
mantisaresult\[53\],89.06µm
_12755_,88.875µm
net510,88.84µm
_00710_,88.78µm
net217,88.62µm
net945,88.62µm
net223,88.6µm
net466,88.58µm
_11137_,88.5µm
net534,88.475µm
_09009_,88.32µm
_11514_,88.2µm
_03429_,88.14µm
_13149_,88.11µm
net1014,88.09µm
_13010_,88.04µm
net397,88.02µm
_12543_,87.86µm
_02109_,87.74µm
_00962_,87.7µm
net994,87.68µm
_00333_,87.66µm
_08935_,87.6µm
_08722_,87.52µm
_10185_,87.52µm
_09135_,87.4µm
_07323_,87.28µm
_11369_,87.26µm
_03681_,87.18µm
_03795_,87.16µm
_01406_,87.1µm
_12350_,87.1µm
clknet_leaf_20_clk,86.9µm
_11861_,86.88µm
_06344_,86.76µm
_05239_,86.68µm
_13528_,86.68µm
_00909_,86.66µm
net234,86.64µm
_03669_,86.6µm
_12295_,86.6µm
_05064_,86.28µm
_02571_,86.19µm
_00691_,86.15µm
_10560_,86.14µm
net438,86.13µm
net407,86.11µm
net1052,86.08µm
_11184_,86.06µm
net169,86.04µm
_11420_,86µm
_14764_,85.83µm
net447,85.685µm
net1015,85.62µm
net980,85.48µm
_10220_,85.26µm
_12439_,85.14µm
_13660_,85.1µm
_04383_,84.89µm
_00352_,84.87µm
_00281_,84.74µm
net287,84.65µm
clknet_leaf_18_clk,84.6µm
_06460_,84.54µm
_08217_,84.54µm
_14680_,84.48µm
mantisaAshift\[56\],84.4µm
net408,84.36µm
_06960_,84.28µm
_02319_,84.26µm
_12630_,84.17µm
_02387_,84.14µm
_04380_,84.1µm
_11095_,84.06µm
_08487_,83.95µm
_00002_,83.82µm
_14955_,83.74µm
_01093_,83.66µm
net249,83.64µm
_10407_,83.62µm
_03045_,83.6µm
net387,83.575µm
_04165_,83.57µm
_06633_,83.54µm
net242,83.54µm
_11859_,83.425µm
_09400_,83.41µm
net967,83.34µm
_09406_,83.32µm
_00373_,83.2µm
_02979_,83.18µm
_03657_,83.16µm
net225,83.025µm
net330,83.02µm
net472,83.02µm
net417,82.98µm
_08493_,82.84µm
_12830_,82.68µm
_01753_,82.66µm
net275,82.58µm
_12620_,82.52µm
_10008_,82.47µm
_00999_,82.44µm
_09108_,82.39µm
net517,82.38µm
_09792_,82.32µm
net1046,82.3µm
_01019_,82.08µm
net295,82.06µm
_07720_,82.045µm
_06126_,82µm
net886,81.91µm
_10919_,81.78µm
net285,81.76µm
net354,81.66µm
_05763_,81.6µm
net985,81.6µm
_04389_,81.51µm
_10413_,81.48µm
_12355_,81.44µm
_04997_,81.36µm
_00485_,81.31µm
net333,81.12µm
_08786_,80.83µm
_06289_,80.58µm
_10353_,80.48µm
net319,80.46µm
_01371_,80.33µm
_15117_,80.28µm
_03033_,80.26µm
_00946_,80.235µm
net247,80µm
net839,79.92µm
_12449_,79.86µm
_03502_,79.82µm
_11763_,79.82µm
_11390_,79.6µm
net473,79.58µm
_05747_,79.575µm
net353,79.56µm
_12409_,79.46µm
_08784_,79.43µm
_02803_,79.41µm
_12775_,79.28µm
_10688_,79.22µm
_11591_,79.2µm
_02063_,79.18µm
mantisaresult\[54\],79.14µm
_14967_,79.08µm
_05843_,78.98µm
_10549_,78.96µm
expmiddlec\[1\],78.96µm
_05142_,78.78µm
_00988_,78.76µm
_12142_,78.75µm
_10264_,78.74µm
_11362_,78.66µm
net463,78.64µm
_08552_,78.62µm
_05707_,78.54µm
_02665_,78.52µm
_09590_,78.52µm
_03043_,78.38µm
_12956_,78.34µm
net449,78.24µm
clknet_leaf_26_clk,78.18µm
net392,77.84µm
_10430_,77.74µm
_14973_,77.74µm
_03967_,77.64µm
net421,77.62µm
_00275_,77.58µm
_09363_,77.53µm
_05199_,77.52µm
_02073_,77.5µm
net969,77.44µm
_12643_,77.42µm
net973,77.41µm
net278,77.4µm
_10415_,77.26µm
_00066_,77.245µm
_12162_,77.21µm
net117,77.2µm
_10153_,77.13µm
_01710_,77.08µm
net315,77.08µm
_05085_,77.04µm
_06273_,76.94µm
net954,76.9µm
_12092_,76.86µm
_14979_,76.86µm
_14429_,76.855µm
_05117_,76.84µm
_10219_,76.84µm
net459,76.78µm
net935,76.68µm
net440,76.67µm
_06961_,76.5µm
_12458_,76.46µm
_12158_,76.34µm
_00921_,76.32µm
_10100_,76.24µm
_10095_,76.22µm
_03353_,76.2µm
net1045,76.17µm
net997,76.12µm
_00402_,76.1µm
net455,75.96µm
_00901_,75.88µm
_05101_,75.86µm
_12116_,75.74µm
_04594_,75.72µm
net355,75.6µm
_09138_,75.56µm
net142,75.56µm
_10897_,75.52µm
_05244_,75.46µm
net1072,75.32µm
_12941_,75.17µm
net296,75.16µm
_08130_,75.12µm
_11847_,75.08µm
_02577_,75.06µm
_10669_,74.94µm
net920,74.94µm
_02051_,74.88µm
_11536_,74.82µm
_09872_,74.8µm
net328,74.76µm
_00328_,74.62µm
clknet_leaf_36_clk,74.62µm
_01050_,74.54µm
_13941_,74.52µm
_08583_,74.37µm
_03721_,74.28µm
clknet_leaf_22_clk,74.28µm
_09614_,74.18µm
_12837_,74.14µm
_14674_,74.1µm
net415,74.1µm
net470,74.06µm
_04362_,73.94µm
_12873_,73.86µm
_15032_,73.82µm
net477,73.82µm
_12285_,73.78µm
_01212_,73.76µm
_03919_,73.57µm
_00403_,73.52µm
_09060_,73.52µm
_11836_,73.51µm
net239,73.51µm
net485,73.48µm
_04750_,73.38µm
net103,73.34µm
_10035_,73.3µm
net312,73.3µm
net322,73.17µm
net338,73.02µm
_03658_,72.92µm
_12524_,72.845µm
_10784_,72.83µm
_12445_,72.8µm
_11333_,72.79µm
_09578_,72.78µm
_02679_,72.76µm
_14187_,72.695µm
_09920_,72.6µm
_11848_,72.58µm
_11470_,72.555µm
_04434_,72.5µm
_01687_,72.48µm
_12368_,72.34µm
_13637_,72.24µm
net358,72.22µm
_12676_,72.17µm
_00067_,72.145µm
net232,72.14µm
_00937_,72.08µm
_04201_,72.04µm
_04170_,72.02µm
_05058_,71.92µm
net508,71.85µm
_08827_,71.78µm
net489,71.74µm
net416,71.58µm
_12491_,71.52µm
_02692_,71.48µm
_03742_,71.41µm
_00483_,71.34µm
net222,71.34µm
net1005,71.34µm
net106,71.18µm
net1009,71.08µm
_12393_,71.06µm
_02168_,71.04µm
_05063_,71.02µm
_07963_,70.98µm
_01025_,70.96µm
_03939_,70.94µm
_05963_,70.88µm
net145,70.82µm
_02206_,70.81µm
_03743_,70.74µm
_08754_,70.7µm
_13492_,70.59µm
_01642_,70.52µm
_01746_,70.43µm
_00603_,70.4µm
_02082_,70.34µm
_14727_,70.3µm
_12203_,70.19µm
net107,70.16µm
_11191_,70.105µm
_00880_,70.1µm
_12468_,70.08µm
_03168_,70.04µm
net16,70.04µm
_04479_,69.94µm
_02685_,69.89µm
clknet_leaf_23_clk,69.86µm
_00259_,69.82µm
net406,69.82µm
net194,69.64µm
net453,69.62µm
_10631_,69.4µm
_07066_,69.38µm
_12176_,69.2µm
_00856_,69.19µm
_02175_,69.14µm
net380,69.1µm
_10010_,68.92µm
_05201_,68.87µm
_07896_,68.86µm
_01534_,68.82µm
_14189_,68.8µm
_11422_,68.77µm
net202,68.76µm
_02941_,68.72µm
_10780_,68.72µm
_00396_,68.68µm
_12742_,68.68µm
net450,68.64µm
net264,68.56µm
net183,68.5µm
_08785_,68.44µm
_00662_,68.42µm
_04567_,68.42µm
_02053_,68.4µm
_14048_,68.4µm
_12710_,68.285µm
expmiddlec\[4\],68.24µm
_05531_,68.225µm
_00711_,68.16µm
_09933_,68.06µm
_06865_,67.98µm
_15088_,67.94µm
_03456_,67.88µm
net203,67.74µm
_12381_,67.66µm
_15007_,67.66µm
net282,67.62µm
net705,67.58µm
net378,67.54µm
mantisaB0\[20\],67.52µm
_08451_,67.44µm
net454,67.38µm
_10005_,67.36µm
_05198_,67.32µm
_11058_,67.32µm
_12920_,67.26µm
_00658_,67.24µm
net362,67.12µm
_11328_,67.09µm
_08776_,67.06µm
_05961_,67.02µm
_10542_,67.02µm
net430,67.015µm
_01867_,66.96µm
_10685_,66.94µm
net465,66.94µm
_06290_,66.92µm
_13001_,66.86µm
_11682_,66.84µm
_12111_,66.84µm
_12854_,66.84µm
_08528_,66.8µm
_01204_,66.78µm
_12240_,66.76µm
_12436_,66.755µm
_14422_,66.7µm
_00735_,66.66µm
_05089_,66.66µm
_10437_,66.66µm
_03580_,66.62µm
_12484_,66.62µm
mantisaresult\[52\],66.54µm
_02662_,66.38µm
_14205_,66.34µm
_13367_,66.22µm
net984,66.12µm
_14732_,66.09µm
_11962_,66.04µm
net228,65.99µm
_07053_,65.96µm
_09067_,65.92µm
_14526_,65.92µm
_04263_,65.91µm
net325,65.9µm
net948,65.885µm
_14942_,65.78µm
_01715_,65.72µm
_14212_,65.68µm
_11050_,65.6µm
_15062_,65.58µm
net1008,65.56µm
_08584_,65.44µm
_01006_,65.4µm
_12361_,65.38µm
_04901_,65.28µm
_11009_,65.275µm
_00380_,65.2µm
_02642_,65.11µm
_11024_,65.1µm
_13973_,65.04µm
net209,64.98µm
_07059_,64.96µm
net349,64.9µm
_02844_,64.89µm
_15100_,64.88µm
_08532_,64.87µm
_13538_,64.84µm
_11902_,64.78µm
_14340_,64.78µm
_03317_,64.74µm
_04462_,64.72µm
net571,64.7µm
_00320_,64.67µm
net1043,64.6µm
_12094_,64.59µm
_10822_,64.56µm
_00853_,64.5µm
_14186_,64.49µm
mantisaresult\[12\],64.47µm
net256,64.44µm
net1078,64.44µm
_12103_,64.32µm
_11830_,64.3µm
_12727_,64.28µm
mantisaresult\[13\],64.28µm
_04557_,64.2µm
net467,64.17µm
_00344_,64.15µm
_08465_,64.11µm
_03376_,64.095µm
_04246_,64.06µm
_01608_,64.05µm
_01640_,64µm
_03289_,63.98µm
_09788_,63.98µm
_04537_,63.91µm
_06980_,63.88µm
_02098_,63.86µm
net444,63.86µm
clknet_leaf_38_clk,63.825µm
_06286_,63.82µm
_06808_,63.82µm
_01211_,63.72µm
_02566_,63.72µm
_12110_,63.72µm
_10215_,63.68µm
_07191_,63.62µm
_08014_,63.62µm
_14358_,63.54µm
net947,63.54µm
_05916_,63.52µm
_04173_,63.44µm
_12498_,63.44µm
_06739_,63.34µm
_10000_,63.34µm
net347,63.34µm
_07911_,63.22µm
_08635_,63.22µm
_02180_,63.2µm
_04079_,63.18µm
_11675_,63.16µm
_02081_,63.12µm
_03047_,63.1µm
_04426_,63.06µm
_14531_,63.04µm
_11373_,63.02µm
_12683_,62.98µm
_03470_,62.9µm
_10526_,62.88µm
_00925_,62.81µm
_06866_,62.8µm
_10961_,62.75µm
_06291_,62.74µm
_06962_,62.72µm
_12196_,62.72µm
_05786_,62.685µm
_08037_,62.685µm
_02953_,62.66µm
net140,62.66µm
_00852_,62.64µm
_10310_,62.64µm
_03008_,62.62µm
net410,62.62µm
_00406_,62.58µm
_00759_,62.58µm
net1000,62.56µm
_02052_,62.54µm
_02784_,62.42µm
mantisaAshift\[44\],62.42µm
net554,62.42µm
_13302_,62.34µm
_13907_,62.3µm
mantisaAshift\[46\],62.3µm
_10674_,62.28µm
_12407_,62.28µm
_04561_,62.27µm
_09775_,62.26µm
net137,62.18µm
_05751_,62.16µm
_12518_,62.14µm
_10211_,62.11µm
_12744_,62.06µm
_02036_,62.04µm
_04635_,62.04µm
_04718_,61.98µm
_13470_,61.96µm
_11071_,61.94µm
_09198_,61.92µm
_09184_,61.88µm
_13632_,61.86µm
_00348_,61.82µm
_01169_,61.795µm
_10428_,61.76µm
_12733_,61.74µm
_14536_,61.69µm
net461,61.68µm
net855,61.56µm
_09584_,61.54µm
_09982_,61.54µm
_14731_,61.52µm
_01922_,61.48µm
_12374_,61.48µm
net1017,61.48µm
_11933_,61.46µm
_14645_,61.46µm
_10109_,61.44µm
_12389_,61.44µm
_00258_,61.405µm
_05560_,61.38µm
mantisaB0\[18\],61.36µm
net379,61.36µm
_03943_,61.34µm
_02378_,61.3µm
_02443_,61.3µm
_01682_,61.28µm
_10433_,61.22µm
_05183_,61.16µm
_00998_,61.14µm
_15061_,60.92µm
_00903_,60.9µm
_14248_,60.88µm
_14460_,60.84µm
_09421_,60.72µm
_10565_,60.72µm
net178,60.66µm
_01530_,60.655µm
_08859_,60.52µm
_09031_,60.5µm
_10021_,60.5µm
_10179_,60.48µm
_01259_,60.44µm
_09416_,60.44µm
_04609_,60.37µm
_01200_,60.3µm
net352,60.28µm
_10584_,60.27µm
_00728_,60.24µm
_14767_,60.24µm
_11709_,60.16µm
_08472_,60.12µm
_03717_,60.1µm
_01247_,60.08µm
_09197_,60.04µm
_09995_,60.04µm
_05990_,60.02µm
_04353_,59.98µm
_07445_,59.96µm
_11302_,59.9µm
_12420_,59.9µm
_04619_,59.87µm
_14376_,59.86µm
net58,59.78µm
net433,59.47µm
_14850_,59.46µm
_13150_,59.44µm
_09562_,59.42µm
_02326_,59.34µm
net446,59.32µm
_04553_,59.28µm
_13915_,59.22µm
_02948_,59.18µm
_10746_,59.12µm
_01768_,59.11µm
net126,59.1µm
_01596_,59.08µm
net803,59.02µm
_01636_,59µm
_10411_,59µm
_10827_,59µm
_09857_,58.95µm
_14314_,58.94µm
net419,58.94µm
_10534_,58.92µm
_05641_,58.9µm
_04025_,58.84µm
net420,58.82µm
net431,58.77µm
_11885_,58.76µm
_12822_,58.74µm
net487,58.72µm
_00687_,58.71µm
expmiddlec\[3\],58.71µm
_10727_,58.7µm
_14520_,58.7µm
_09696_,58.62µm
_08096_,58.56µm
_12747_,58.56µm
_11912_,58.52µm
net434,58.515µm
_04606_,58.5µm
_11987_,58.44µm
_13019_,58.44µm
net989,58.44µm
_05523_,58.4µm
_12398_,58.3µm
_09385_,58.26µm
_11030_,58.22µm
_01255_,58.16µm
_11271_,58.16µm
_10172_,58.1µm
_06247_,58.08µm
_01035_,58.04µm
_14988_,58.04µm
net437,58.02µm
_04451_,58µm
_04655_,58µm
_13041_,57.99µm
_14392_,57.92µm
_13145_,57.9µm
net384,57.9µm
clknet_leaf_12_clk,57.86µm
_11113_,57.83µm
mantisaAshift\[43\],57.8µm
_14949_,57.78µm
_00680_,57.76µm
net317,57.76µm
_09078_,57.68µm
_04339_,57.56µm
_14910_,57.54µm
mantisaresult\[58\],57.54µm
_00587_,57.48µm
_03112_,57.48µm
_10571_,57.48µm
_05213_,57.46µm
_02826_,57.34µm
_10212_,57.34µm
_08574_,57.32µm
_02723_,57.3µm
_11421_,57.24µm
_07771_,57.22µm
_14923_,57.16µm
_01630_,57µm
_14858_,56.92µm
_01160_,56.9µm
_11404_,56.89µm
_05868_,56.88µm
_11383_,56.84µm
net979,56.84µm
_07185_,56.82µm
net458,56.8µm
_10648_,56.78µm
_05687_,56.72µm
_03702_,56.66µm
_05237_,56.66µm
net146,56.66µm
_01256_,56.63µm
_01759_,56.58µm
net341,56.5µm
_09692_,56.48µm
_12347_,56.46µm
_11175_,56.44µm
_11771_,56.36µm
_01119_,56.34µm
net986,56.34µm
_12180_,56.32µm
_14087_,56.3µm
_09324_,56.29µm
_01871_,56.28µm
_01739_,56.26µm
_03623_,56.26µm
_05032_,56.22µm
_04241_,56.2µm
_00898_,56.18µm
_04520_,56.18µm
_10576_,56.18µm
net50,56.14µm
_11833_,56.12µm
_09879_,56.1µm
_01549_,56.08µm
net280,56.07µm
net983,55.96µm
_10029_,55.94µm
clknet_leaf_17_clk,55.94µm
net314,55.89µm
_08440_,55.84µm
net991,55.82µm
_11341_,55.8µm
net977,55.8µm
_01187_,55.76µm
_09547_,55.76µm
_14843_,55.74µm
_04902_,55.7µm
_01720_,55.69µm
_06966_,55.68µm
_13054_,55.68µm
_13525_,55.68µm
_03909_,55.66µm
_04044_,55.6µm
_01102_,55.58µm
_10883_,55.58µm
_00833_,55.54µm
_14443_,55.54µm
_07947_,55.52µm
net193,55.52µm
_13573_,55.5µm
_05853_,55.495µm
_01347_,55.48µm
_01875_,55.46µm
_03280_,55.46µm
_08952_,55.44µm
mantisaAshift\[54\],55.44µm
net1195,55.44µm
_14579_,55.42µm
_00899_,55.4µm
_02630_,55.4µm
_10346_,55.38µm
net321,55.38µm
_14194_,55.3µm
_04293_,55.29µm
_02891_,55.28µm
_11838_,55.28µm
_02743_,55.24µm
_00060_,55.225µm
_05103_,55.225µm
_00677_,55.22µm
_01492_,55.22µm
_05900_,55.18µm
_03118_,55.14µm
_11882_,55.12µm
_12289_,55.12µm
_08555_,55.02µm
_02687_,55µm
_03395_,54.96µm
_04060_,54.94µm
_12348_,54.91µm
_14866_,54.9µm
mantisaresult\[51\],54.86µm
_06421_,54.84µm
net1040,54.8µm
_11367_,54.795µm
_02453_,54.78µm
_14588_,54.76µm
_12720_,54.75µm
_06355_,54.72µm
_09981_,54.7µm
_02911_,54.68µm
_06103_,54.68µm
_06964_,54.68µm
_06394_,54.64µm
net936,54.62µm
clknet_leaf_25_clk,54.6µm
_14471_,54.58µm
_12087_,54.56µm
net240,54.56µm
_08051_,54.52µm
_01781_,54.48µm
_06629_,54.46µm
_12834_,54.46µm
_13877_,54.46µm
_12584_,54.34µm
_01732_,54.3µm
_08700_,54.24µm
net429,54.225µm
_05462_,54.22µm
_14584_,54.205µm
_08468_,54.16µm
_10296_,54.09µm
_14113_,54.08µm
_10805_,54.06µm
_00474_,54.04µm
_09976_,54.04µm
_03431_,54.02µm
_13770_,54.02µm
_01675_,54µm
net992,54µm
_01527_,53.92µm
_13036_,53.84µm
_08202_,53.79µm
_04329_,53.72µm
_14703_,53.72µm
_00716_,53.7µm
_03977_,53.66µm
net422,53.64µm
_02660_,53.63µm
_01445_,53.62µm
_11850_,53.58µm
_01496_,53.54µm
_07791_,53.52µm
net443,53.52µm
_02750_,53.4µm
_03730_,53.4µm
_13209_,53.4µm
_01391_,53.36µm
_14099_,53.36µm
_09016_,53.32µm
_03380_,53.31µm
_06970_,53.3µm
_11427_,53.29µm
_14169_,53.27µm
_05865_,53.24µm
_14119_,53.195µm
_02934_,53.14µm
_00347_,53.12µm
_00044_,53.1µm
_05383_,53.08µm
_00399_,53.06µm
_10026_,53.06µm
_04162_,53µm
_11405_,52.98µm
_12213_,52.98µm
net5,52.96µm
net506,52.94µm
_15107_,52.92µm
_04303_,52.89µm
_12912_,52.86µm
_02532_,52.84µm
_13868_,52.82µm
_14707_,52.805µm
_12934_,52.8µm
_14371_,52.8µm
_04454_,52.78µm
_05977_,52.78µm
_06270_,52.76µm
_15084_,52.76µm
net439,52.69µm
_02689_,52.68µm
_01614_,52.63µm
_10773_,52.63µm
_10419_,52.6µm
_12575_,52.6µm
_04230_,52.57µm
_10405_,52.57µm
_03403_,52.56µm
_05098_,52.535µm
_03628_,52.52µm
_04570_,52.52µm
_12927_,52.52µm
_08387_,52.5µm
net267,52.5µm
_10987_,52.43µm
_11245_,52.425µm
_11889_,52.42µm
_11985_,52.42µm
_14683_,52.42µm
_02526_,52.4µm
_14231_,52.4µm
_10945_,52.38µm
net959,52.37µm
_10333_,52.34µm
net388,52.34µm
_03733_,52.33µm
_14346_,52.315µm
_04275_,52.29µm
_02090_,52.22µm
_10276_,52.22µm
_04467_,52.16µm
mantisaAshift\[49\],52.14µm
_07840_,52.12µm
expmiddlec\[2\],52.09µm
_03046_,52.08µm
net468,52.06µm
_08093_,52.04µm
clknet_leaf_41_clk,52.04µm
_05627_,51.96µm
_02521_,51.86µm
_01570_,51.82µm
_02990_,51.82µm
_11375_,51.82µm
net310,51.82µm
_08505_,51.8µm
_01772_,51.76µm
_03012_,51.76µm
_04222_,51.76µm
net4,51.76µm
_00376_,51.74µm
_06459_,51.73µm
_06086_,51.72µm
_04640_,51.68µm
_09303_,51.68µm
_11799_,51.68µm
_00269_,51.66µm
_06990_,51.66µm
_12649_,51.66µm
_06511_,51.52µm
_02607_,51.5µm
_08034_,51.5µm
_11454_,51.5µm
_05172_,51.48µm
_13372_,51.48µm
_13942_,51.445µm
_10968_,51.38µm
_11452_,51.36µm
_02657_,51.34µm
_04589_,51.34µm
_01203_,51.24µm
_13522_,51.215µm
_02962_,51.2µm
_09493_,51.195µm
_01076_,51.12µm
_04349_,51.12µm
_07255_,51.12µm
_12596_,51.12µm
_03594_,51.1µm
net949,51.1µm
_09447_,51.08µm
_00661_,51.02µm
_09971_,50.98µm
_12224_,50.98µm
_12715_,50.98µm
_12907_,50.98µm
_01670_,50.96µm
_11257_,50.94µm
_01495_,50.92µm
_07138_,50.91µm
_06782_,50.82µm
_13527_,50.8µm
_12527_,50.78µm
_09071_,50.74µm
_00404_,50.73µm
_00713_,50.7µm
_14375_,50.68µm
net31,50.68µm
net404,50.66µm
_05109_,50.605µm
_04864_,50.6µm
_04673_,50.58µm
_10196_,50.56µm
mantisaresult\[50\],50.56µm
_09123_,50.54µm
_14595_,50.53µm
_12590_,50.52µm
_00375_,50.48µm
_04773_,50.46µm
_13035_,50.455µm
_06727_,50.44µm
_08688_,50.44µm
_01730_,50.4µm
_07435_,50.36µm
_10878_,50.34µm
_04646_,50.32µm
_08955_,50.32µm
_08076_,50.3µm
_03422_,50.26µm
net413,50.235µm
_03314_,50.19µm
_13151_,50.18µm
_10015_,50.16µm
_12169_,50.16µm
_02229_,50.14µm
_12795_,50.11µm
_12443_,50.08µm
_05537_,50µm
_12728_,50µm
net393,50µm
_00732_,49.98µm
_05332_,49.98µm
_13355_,49.96µm
_01532_,49.94µm
_14391_,49.94µm
_13599_,49.86µm
_08823_,49.8µm
_14008_,49.8µm
_09405_,49.78µm
_10367_,49.78µm
_12690_,49.76µm
_14096_,49.76µm
_10228_,49.74µm
_10982_,49.74µm
_13503_,49.74µm
_01861_,49.73µm
_04783_,49.71µm
_13648_,49.7µm
_09586_,49.66µm
_14012_,49.62µm
_03551_,49.6µm
_14898_,49.56µm
net1001,49.56µm
_04163_,49.54µm
_05597_,49.54µm
_04358_,49.52µm
_03187_,49.515µm
_02093_,49.5µm
_03954_,49.5µm
_04069_,49.5µm
_05721_,49.5µm
_08680_,49.5µm
_01067_,49.48µm
_12400_,49.4µm
_02092_,49.38µm
net1193,49.38µm
_14105_,49.335µm
_04611_,49.3µm
_08514_,49.3µm
_10861_,49.3µm
_14620_,49.3µm
_06718_,49.28µm
net428,49.28µm
_09177_,49.26µm
_06233_,49.24µm
_10470_,49.24µm
_13283_,49.2µm
net1016,49.2µm
_14692_,49.18µm
clknet_leaf_30_clk,49.16µm
_02877_,49.1µm
_04945_,49.1µm
_14109_,49.04µm
_12542_,49.03µm
_02384_,49µm
_03195_,49µm
_03080_,48.96µm
_04367_,48.96µm
_06206_,48.96µm
_13909_,48.96µm
net269,48.94µm
_11954_,48.92µm
_00319_,48.86µm
net125,48.84µm
_06512_,48.76µm
_13427_,48.74µm
_14643_,48.72µm
_05339_,48.7µm
_08396_,48.7µm
_09643_,48.7µm
_05541_,48.665µm
_02854_,48.66µm
_02984_,48.62µm
_08323_,48.6µm
_05180_,48.52µm
_07296_,48.52µm
_10203_,48.52µm
_07299_,48.46µm
_03563_,48.44µm
_10637_,48.44µm
_01655_,48.36µm
_11842_,48.34µm
_04822_,48.32µm
_15095_,48.32µm
_09767_,48.28µm
_00904_,48.26µm
_10969_,48.26µm
_10605_,48.24µm
mantisaAshift\[45\],48.22µm
_12366_,48.2µm
_03302_,48.18µm
_02698_,48.16µm
_04223_,48.14µm
_07141_,48.14µm
_04936_,48.08µm
_14090_,48.08µm
_01168_,48.04µm
_05771_,48.04µm
_12454_,47.96µm
_01557_,47.94µm
_13068_,47.93µm
_05797_,47.91µm
_13761_,47.9µm
net1081,47.9µm
_02207_,47.86µm
_05766_,47.86µm
_10723_,47.86µm
_05785_,47.84µm
_04827_,47.82µm
_03385_,47.785µm
_11123_,47.76µm
_04715_,47.74µm
_10461_,47.7µm
_03729_,47.68µm
_11017_,47.66µm
_12463_,47.66µm
_08759_,47.64µm
_09913_,47.64µm
_00914_,47.58µm
_05320_,47.56µm
net953,47.52µm
_01159_,47.51µm
_11160_,47.5µm
_12414_,47.48µm
_03240_,47.41µm
_04039_,47.4µm
_14463_,47.39µm
_03997_,47.38µm
_00665_,47.37µm
_14428_,47.35µm
_11919_,47.34µm
_11558_,47.32µm
_08040_,47.3µm
_03861_,47.295µm
_02976_,47.22µm
_02762_,47.2µm
_14718_,47.2µm
_01182_,47.18µm
_08976_,47.18µm
_10849_,47.14µm
_03225_,47.02µm
_05655_,47µm
_06325_,46.995µm
_12642_,46.96µm
_11826_,46.92µm
_09007_,46.84µm
_12619_,46.84µm
net441,46.84µm
_03125_,46.82µm
_07611_,46.82µm
_11659_,46.8µm
_03426_,46.78µm
_01209_,46.76µm
_10870_,46.72µm
net254,46.69µm
_01112_,46.64µm
_05061_,46.64µm
_04276_,46.62µm
_13408_,46.62µm
_14217_,46.58µm
_02210_,46.56µm
_03142_,46.535µm
_14351_,46.52µm
_14902_,46.52µm
_03386_,46.5µm
_08977_,46.48µm
_11766_,46.48µm
_00303_,46.47µm
_11442_,46.46µm
_08979_,46.42µm
_09588_,46.42µm
_05405_,46.38µm
net993,46.38µm
_08355_,46.37µm
_12731_,46.36µm
_11477_,46.32µm
_13541_,46.32µm
_08416_,46.26µm
_03992_,46.22µm
_00411_,46.18µm
_05544_,46.18µm
_08240_,46.18µm
_14263_,46.18µm
_14100_,46.15µm
_04037_,46.14µm
_12636_,46.12µm
_01836_,46.08µm
_00741_,46.02µm
_12315_,46µm
_12509_,45.96µm
clknet_leaf_27_clk,45.96µm
_04817_,45.94µm
_11913_,45.9µm
_12762_,45.9µm
_14329_,45.9µm
net224,45.87µm
_04067_,45.86µm
_06753_,45.86µm
_02542_,45.78µm
_14041_,45.76µm
_10293_,45.755µm
mantisaresult\[57\],45.75µm
_14114_,45.74µm
_14430_,45.74µm
_10645_,45.73µm
_04359_,45.72µm
_04509_,45.68µm
_04856_,45.68µm
_14998_,45.68µm
_03900_,45.64µm
_01126_,45.62µm
_08182_,45.58µm
_13534_,45.57µm
_01366_,45.56µm
net122,45.52µm
_03200_,45.48µm
_04719_,45.48µm
_11692_,45.475µm
_11148_,45.46µm
_00525_,45.455µm
_06214_,45.44µm
_13520_,45.44µm
net423,45.44µm
_08969_,45.435µm
_05356_,45.4µm
_00062_,45.385µm
_04580_,45.38µm
_04685_,45.38µm
_14766_,45.36µm
_12447_,45.26µm
_09404_,45.24µm
_12635_,45.24µm
_14694_,45.24µm
_08524_,45.22µm
_04525_,45.2µm
_04528_,45.19µm
_08961_,45.18µm
_08984_,45.18µm
_03340_,45.12µm
_04261_,45.12µm
_13414_,45.08µm
_14827_,45.08µm
net273,45.08µm
_10941_,45.02µm
_12865_,45.02µm
_04818_,44.98µm
_08246_,44.94µm
_08263_,44.9µm
_09200_,44.9µm
_11207_,44.9µm
net436,44.88µm
_06628_,44.86µm
_11866_,44.86µm
_05879_,44.84µm
_12563_,44.81µm
_10731_,44.8µm
_12337_,44.765µm
_03697_,44.76µm
_11264_,44.76µm
_14932_,44.72µm
_09006_,44.7µm
_03152_,44.68µm
_09964_,44.68µm
_11110_,44.68µm
_09183_,44.62µm
_14239_,44.62µm
_02186_,44.6µm
_02896_,44.6µm
_07065_,44.6µm
_05337_,44.59µm
net1206,44.58µm
_00824_,44.54µm
_07256_,44.52µm
_11317_,44.52µm
_01000_,44.48µm
_01611_,44.46µm
_07922_,44.46µm
_09087_,44.46µm
_04014_,44.45µm
_14475_,44.44µm
_10703_,44.43µm
_14891_,44.42µm
_04391_,44.38µm
_06458_,44.34µm
_08921_,44.34µm
_09039_,44.3µm
_14051_,44.29µm
_03757_,44.26µm
_12693_,44.25µm
_01215_,44.22µm
_04710_,44.22µm
_11678_,44.22µm
_14164_,44.22µm
_04586_,44.2µm
_13779_,44.2µm
_03663_,44.18µm
_07449_,44.18µm
_14223_,44.16µm
_14637_,44.16µm
_14469_,44.14µm
_07643_,44.12µm
_09779_,44.12µm
_01463_,44.1µm
_09738_,44.1µm
_07737_,44.08µm
_04249_,44.06µm
_12471_,44.06µm
_02031_,44.055µm
_01763_,44.04µm
_04699_,44.01µm
_07048_,44µm
_04377_,43.98µm
_10120_,43.98µm
_14381_,43.98µm
_14823_,43.96µm
_12342_,43.94µm
_09994_,43.935µm
_12320_,43.92µm
_01228_,43.86µm
_05842_,43.805µm
_04694_,43.8µm
_04251_,43.78µm
_07063_,43.76µm
_08765_,43.76µm
_01493_,43.71µm
_01526_,43.7µm
_02102_,43.68µm
_06520_,43.68µm
_10956_,43.68µm
_02677_,43.66µm
_12473_,43.64µm
net13,43.6µm
_01309_,43.56µm
_09395_,43.53µm
net161,43.48µm
net995,43.48µm
_01515_,43.44µm
_01581_,43.42µm
_07004_,43.42µm
_04190_,43.41µm
_11252_,43.4µm
_12685_,43.4µm
net94,43.4µm
mantisaAshift\[51\],43.39µm
_10659_,43.36µm
_13021_,43.36µm
_04789_,43.32µm
_12734_,43.32µm
_02967_,43.3µm
_05334_,43.3µm
_08071_,43.26µm
net452,43.26µm
_12595_,43.2µm
_10641_,43.18µm
_11583_,43.18µm
_12097_,43.18µm
_00412_,43.175µm
_01416_,43.16µm
_10753_,43.16µm
_09351_,43.14µm
_15054_,43.14µm
_00676_,43.12µm
_12534_,43.12µm
zero3,43.12µm
_05123_,43.095µm
_10761_,43.08µm
_03585_,43.06µm
net238,43.06µm
_02268_,43.04µm
_06977_,43.04µm
_05628_,43.02µm
_07276_,43.02µm
_12889_,43.02µm
_02930_,43µm
_08430_,43µm
_14365_,43µm
_14495_,43µm
_09046_,42.995µm
_08442_,42.98µm
_01090_,42.96µm
_02756_,42.96µm
_03463_,42.94µm
_04526_,42.94µm
_13977_,42.92µm
_06883_,42.9µm
_03083_,42.88µm
_11179_,42.88µm
_09147_,42.84µm
net180,42.82µm
_12772_,42.81µm
_08758_,42.8µm
_10905_,42.8µm
_05913_,42.78µm
_02497_,42.75µm
_08587_,42.74µm
_09688_,42.74µm
_01276_,42.7µm
_04268_,42.7µm
_09592_,42.7µm
_10600_,42.66µm
_05155_,42.64µm
_08136_,42.63µm
_04795_,42.62µm
_10903_,42.62µm
_01283_,42.6µm
_10325_,42.56µm
_06845_,42.54µm
_11901_,42.52µm
_13082_,42.5µm
_05532_,42.46µm
_13786_,42.46µm
_00467_,42.42µm
_08576_,42.42µm
_13217_,42.42µm
_09602_,42.4µm
_05772_,42.38µm
clknet_leaf_33_clk,42.38µm
_02212_,42.36µm
_10733_,42.36µm
_08016_,42.32µm
_00314_,42.3µm
_10400_,42.3µm
_02994_,42.26µm
_10205_,42.26µm
_11186_,42.24µm
_13788_,42.22µm
_00280_,42.18µm
_04446_,42.18µm
_03039_,42.155µm
_12014_,42.14µm
_12773_,42.14µm
net469,42.14µm
_04552_,42.12µm
_14817_,42.12µm
_15017_,42.12µm
_00745_,42.1µm
_04473_,42.1µm
_06509_,42.1µm
_13074_,42.1µm
_08931_,42.08µm
_13738_,42.075µm
_09219_,42.05µm
_04796_,42.04µm
_14543_,42.015µm
_11448_,42µm
_13644_,41.98µm
_03131_,41.94µm
_05675_,41.93µm
_01556_,41.89µm
_01316_,41.88µm
_10081_,41.88µm
_02614_,41.84µm
_02954_,41.835µm
_01689_,41.82µm
_12191_,41.81µm
_08774_,41.76µm
net1044,41.76µm
_04016_,41.72µm
_12341_,41.72µm
_14725_,41.72µm
_13846_,41.715µm
_00418_,41.62µm
_00462_,41.62µm
_03028_,41.62µm
_04771_,41.62µm
_08864_,41.62µm
_03998_,41.58µm
_01676_,41.56µm
_03445_,41.56µm
mantisaresult\[59\],41.54µm
_10269_,41.515µm
_10463_,41.48µm
_02805_,41.46µm
_13301_,41.46µm
_13275_,41.45µm
_07418_,41.42µm
_08761_,41.42µm
_10105_,41.42µm
_11719_,41.42µm
_05883_,41.415µm
_08628_,41.415µm
net990,41.38µm
_04716_,41.36µm
_08420_,41.36µm
_11424_,41.35µm
_06873_,41.34µm
_02931_,41.3µm
_05305_,41.3µm
_10704_,41.3µm
_02096_,41.29µm
net189,41.28µm
_00800_,41.26µm
_09159_,41.24µm
_12185_,41.24µm
_09980_,41.22µm
_14370_,41.22µm
_01180_,41.2µm
_03668_,41.2µm
_11906_,41.2µm
_02684_,41.18µm
_04054_,41.18µm
_00915_,41.14µm
_07265_,41.12µm
_10790_,41.12µm
_01885_,41.1µm
_02904_,41.08µm
_08836_,41.08µm
_10235_,41.08µm
mantisaAshift\[57\],41.08µm
_02075_,41.04µm
_06974_,41.04µm
_03322_,41µm
_06445_,41µm
inf1,41µm
_04007_,40.98µm
_14928_,40.98µm
_12021_,40.96µm
_04808_,40.92µm
_03557_,40.91µm
_13316_,40.9µm
_07537_,40.88µm
net964,40.88µm
_03035_,40.86µm
_12438_,40.86µm
_03947_,40.84µm
_12105_,40.82µm
_00451_,40.78µm
_12269_,40.78µm
_00424_,40.77µm
_03157_,40.76µm
_04692_,40.76µm
_05223_,40.72µm
net6,40.71µm
_07754_,40.7µm
net348,40.7µm
clknet_leaf_6_clk,40.7µm
_13464_,40.63µm
_08359_,40.62µm
_10740_,40.62µm
_05363_,40.615µm
_14723_,40.6µm
_04029_,40.58µm
_00061_,40.565µm
_08144_,40.56µm
_00577_,40.54µm
_00307_,40.515µm
_07428_,40.515µm
_02667_,40.5µm
_03164_,40.48µm
_04118_,40.48µm
_05359_,40.46µm
_09344_,40.44µm
_02905_,40.42µm
_09703_,40.4µm
_11490_,40.4µm
_13559_,40.4µm
_13588_,40.38µm
_05122_,40.35µm
_09498_,40.35µm
_09676_,40.35µm
_03951_,40.34µm
_02912_,40.32µm
_08227_,40.305µm
net226,40.3µm
_04285_,40.28µm
_05141_,40.28µm
_09722_,40.28µm
_10001_,40.22µm
_14957_,40.22µm
_03355_,40.195µm
_04216_,40.16µm
_12743_,40.16µm
_05893_,40.12µm
_07633_,40.12µm
_12807_,40.12µm
mantisaresult\[60\],40.12µm
net27,40.1µm
_09083_,40.08µm
_15053_,40.08µm
_01146_,40.01µm
_00291_,40µm
_03418_,40µm
expmiddlea\[1\],40µm
_01240_,39.98µm
_03775_,39.98µm
_02739_,39.96µm
_09094_,39.96µm
_10742_,39.96µm
_13094_,39.96µm
_05216_,39.94µm
_06478_,39.9µm
_10593_,39.9µm
_03695_,39.86µm
_06212_,39.86µm
_08169_,39.84µm
_09958_,39.84µm
_04354_,39.82µm
_14068_,39.82µm
_10691_,39.81µm
_06360_,39.8µm
_01452_,39.78µm
_12378_,39.78µm
net1011,39.775µm
_01232_,39.76µm
_01179_,39.68µm
_12560_,39.68µm
net1012,39.68µm
_00895_,39.66µm
_13111_,39.66µm
clknet_leaf_39_clk,39.66µm
_07328_,39.6µm
_02981_,39.59µm
_11982_,39.58µm
_03040_,39.54µm
_10186_,39.54µm
_05165_,39.5µm
_05584_,39.5µm
_09780_,39.48µm
_08048_,39.47µm
_05864_,39.44µm
_09005_,39.42µm
_10052_,39.42µm
mantisaresult\[3\],39.42µm
_04994_,39.4µm
_14884_,39.4µm
_07379_,39.38µm
_10218_,39.38µm
_11728_,39.36µm
_06997_,39.34µm
net221,39.34µm
_00589_,39.3µm
_07156_,39.3µm
_13994_,39.3µm
_05151_,39.28µm
_13502_,39.28µm
_12776_,39.26µm
_03901_,39.24µm
_09957_,39.24µm
_03453_,39.23µm
_12526_,39.2µm
_13201_,39.18µm
_08311_,39.16µm
_00717_,39.14µm
_03680_,39.12µm
_13797_,39.12µm
_03936_,39.08µm
_06298_,39.08µm
_14486_,39.08µm
_12462_,39.06µm
_04469_,39.04µm
_04941_,39.04µm
_09332_,39.04µm
_13479_,38.98µm
_12265_,38.94µm
_03965_,38.92µm
_04588_,38.92µm
_07413_,38.92µm
_08637_,38.9µm
_11376_,38.9µm
net958,38.9µm
_02928_,38.88µm
_02038_,38.86µm
_14434_,38.86µm
_08290_,38.84µm
_08080_,38.82µm
_10420_,38.82µm
_13430_,38.82µm
net12,38.82µm
_10058_,38.78µm
_14811_,38.76µm
net3,38.76µm
_11888_,38.73µm
_03454_,38.7µm
_08989_,38.68µm
_12028_,38.66µm
_13458_,38.66µm
_09020_,38.65µm
_03950_,38.64µm
_08386_,38.64µm
_14045_,38.64µm
_02649_,38.62µm
_07655_,38.62µm
net435,38.62µm
_11565_,38.605µm
_12809_,38.58µm
_02028_,38.56µm
_07318_,38.54µm
_13829_,38.5µm
_04554_,38.49µm
_13354_,38.48µm
_05517_,38.46µm
_02915_,38.44µm
_03421_,38.44µm
_06033_,38.44µm
_10840_,38.44µm
_07979_,38.42µm
_09004_,38.42µm
_11994_,38.42µm
_02059_,38.4µm
_02849_,38.4µm
_10972_,38.4µm
_10459_,38.39µm
_05836_,38.38µm
_07282_,38.38µm
_01172_,38.36µm
_03066_,38.28µm
_09927_,38.28µm
_12035_,38.28µm
_08039_,38.24µm
_11231_,38.24µm
_03304_,38.22µm
_07106_,38.22µm
_02590_,38.2µm
_00730_,38.17µm
_10644_,38.16µm
_13922_,38.16µm
_06759_,38.14µm
_02795_,38.12µm
_10618_,38.12µm
net201,38.12µm
_07831_,38.1µm
_09606_,38.1µm
_11575_,38.1µm
_00563_,38.08µm
_01139_,38.08µm
_06424_,38.08µm
_09682_,38.08µm
_12290_,38.04µm
_13368_,38.02µm
_01245_,38.01µm
_00522_,38µm
_08411_,37.99µm
_06634_,37.98µm
net464,37.965µm
_01441_,37.96µm
_04460_,37.92µm
_00618_,37.9µm
_07293_,37.86µm
_07582_,37.86µm
_13423_,37.86µm
_14335_,37.835µm
_00484_,37.82µm
_08549_,37.82µm
_13136_,37.81µm
_03754_,37.8µm
_11526_,37.785µm
_07497_,37.74µm
_08839_,37.74µm
_11176_,37.74µm
_04457_,37.73µm
_06219_,37.72µm
_06228_,37.7µm
_12536_,37.7µm
_13098_,37.7µm
net30,37.7µm
_07669_,37.66µm
_04161_,37.64µm
_06048_,37.64µm
_06463_,37.64µm
_08121_,37.64µm
_08343_,37.64µm
_13962_,37.64µm
_14822_,37.64µm
_12325_,37.62µm
_02800_,37.6µm
_04357_,37.6µm
_11592_,37.58µm
_11153_,37.57µm
_07039_,37.56µm
_06125_,37.54µm
_11770_,37.52µm
net861,37.52µm
_03339_,37.48µm
_14408_,37.48µm
_02448_,37.46µm
_14269_,37.46µm
_12148_,37.42µm
net26,37.42µm
_05528_,37.38µm
_04296_,37.365µm
_01541_,37.36µm
_02083_,37.36µm
_03326_,37.36µm
_07188_,37.36µm
_12286_,37.36µm
zero1,37.33µm
_00750_,37.32µm
_01726_,37.32µm
_04064_,37.32µm
_11683_,37.32µm
_02859_,37.3µm
_07262_,37.3µm
_09103_,37.28µm
_04664_,37.24µm
_04202_,37.22µm
_13661_,37.22µm
_13673_,37.2µm
_14915_,37.2µm
_03907_,37.18µm
_10076_,37.18µm
_10159_,37.16µm
_13153_,37.16µm
_14742_,37.15µm
_03491_,37.14µm
_14805_,37.14µm
_05286_,37.13µm
_13363_,37.08µm
_07880_,37.04µm
_04483_,37.02µm
_04744_,37.02µm
_14806_,37.02µm
_02358_,37µm
_05535_,37µm
_01924_,36.98µm
_04815_,36.98µm
_05176_,36.98µm
_12724_,36.98µm
_05272_,36.965µm
_14685_,36.95µm
mantisaresult\[61\],36.9µm
_03505_,36.88µm
_08575_,36.88µm
_02556_,36.86µm
_02908_,36.86µm
net445,36.86µm
_09869_,36.84µm
_11758_,36.84µm
_06252_,36.82µm
_07503_,36.82µm
_12673_,36.81µm
_14171_,36.8µm
_10925_,36.72µm
_15106_,36.72µm
_11475_,36.68µm
_04309_,36.62µm
_04959_,36.62µm
_11686_,36.62µm
_11924_,36.62µm
_11865_,36.615µm
_04858_,36.6µm
_04914_,36.6µm
_08833_,36.6µm
_01191_,36.58µm
_01502_,36.57µm
_02200_,36.56µm
_10003_,36.56µm
_10758_,36.56µm
_14178_,36.56µm
_00683_,36.555µm
_12629_,36.55µm
_12875_,36.54µm
_11398_,36.52µm
_06088_,36.5µm
_12939_,36.5µm
_13073_,36.5µm
_01600_,36.48µm
_06870_,36.48µm
_01792_,36.44µm
_04147_,36.44µm
_04290_,36.44µm
_10125_,36.42µm
_08788_,36.41µm
_03359_,36.4µm
_08209_,36.4µm
_14602_,36.4µm
_03432_,36.38µm
_04828_,36.36µm
_14710_,36.36µm
_06773_,36.28µm
_14481_,36.28µm
_08954_,36.255µm
_10209_,36.24µm
_11650_,36.24µm
_12902_,36.24µm
_08632_,36.22µm
_13448_,36.2µm
net937,36.2µm
_03450_,36.18µm
_09055_,36.18µm
_12961_,36.14µm
_01386_,36.12µm
_07290_,36.12µm
_02898_,36.1µm
_04062_,36.1µm
_08222_,36.1µm
_13617_,36.08µm
_13932_,36.08µm
_01554_,36.06µm
_02674_,36.045µm
_05163_,36.04µm
_09204_,36.04µm
net418,36.04µm
_02451_,36.02µm
_08922_,36.02µm
_02943_,36µm
_14702_,36µm
_11007_,35.98µm
_14729_,35.96µm
_03711_,35.94µm
_13947_,35.94µm
net29,35.94µm
_14447_,35.92µm
_11759_,35.9µm
_05025_,35.855µm
_10629_,35.82µm
_11829_,35.82µm
_01173_,35.805µm
_08409_,35.8µm
_02721_,35.79µm
_08519_,35.79µm
_02731_,35.78µm
_07593_,35.77µm
_09381_,35.76µm
_13484_,35.76µm
_14513_,35.72µm
_10090_,35.68µm
_14417_,35.68µm
_04235_,35.66µm
_08947_,35.66µm
_04645_,35.64µm
_13125_,35.64µm
_13619_,35.64µm
_11436_,35.62µm
_14411_,35.62µm
_01428_,35.58µm
_13332_,35.58µm
_02307_,35.56µm
_06283_,35.56µm
_14539_,35.56µm
_14557_,35.56µm
_11931_,35.55µm
_05149_,35.54µm
_05381_,35.54µm
_09146_,35.54µm
_13955_,35.53µm
_10133_,35.52µm
_13531_,35.48µm
_01246_,35.46µm
_04908_,35.46µm
_07984_,35.44µm
_09025_,35.44µm
_06395_,35.42µm
_00535_,35.4µm
_02617_,35.4µm
_07324_,35.4µm
_14276_,35.36µm
_04056_,35.34µm
_06386_,35.28µm
_06631_,35.24µm
_14071_,35.24µm
_14180_,35.24µm
mantisaAshift\[58\],35.23µm
_11407_,35.22µm
_08307_,35.2µm
_02397_,35.18µm
_03178_,35.18µm
_05965_,35.18µm
_10933_,35.18µm
_12729_,35.18µm
net43,35.18µm
_02037_,35.16µm
_13025_,35.16µm
_03745_,35.14µm
_00666_,35.12µm
_12005_,35.12µm
_02103_,35.1µm
_04441_,35.1µm
_09907_,35.1µm
_08477_,35.08µm
_09716_,35.06µm
_14319_,35.06µm
_10017_,35.04µm
_12893_,35.015µm
_07414_,35µm
_08078_,35µm
_02449_,34.98µm
_06402_,34.98µm
_08821_,34.98µm
_01510_,34.96µm
_03414_,34.96µm
_13698_,34.96µm
_11695_,34.95µm
_14098_,34.94µm
_02668_,34.92µm
_05985_,34.92µm
_02814_,34.91µm
_04916_,34.9µm
_06218_,34.9µm
_08970_,34.9µm
_08988_,34.9µm
_14744_,34.88µm
_07491_,34.84µm
_11837_,34.84µm
_04026_,34.82µm
_09837_,34.815µm
_02369_,34.8µm
_10210_,34.8µm
_13227_,34.8µm
_13550_,34.8µm
_00555_,34.78µm
_01298_,34.78µm
mantisaresult\[62\],34.78µm
_01589_,34.76µm
_02856_,34.76µm
_12147_,34.76µm
_10550_,34.74µm
_08691_,34.73µm
_03478_,34.72µm
_13219_,34.72µm
_07011_,34.7µm
_00468_,34.68µm
_00628_,34.64µm
_04115_,34.64µm
_13858_,34.64µm
_12709_,34.6µm
clknet_leaf_8_clk,34.6µm
_09393_,34.565µm
_07846_,34.55µm
_04522_,34.54µm
_00063_,34.525µm
_03201_,34.52µm
_09743_,34.52µm
_13790_,34.52µm
_02446_,34.5µm
_03013_,34.48µm
_09086_,34.48µm
_04089_,34.46µm
net944,34.46µm
_03971_,34.44µm
_04099_,34.44µm
_01508_,34.42µm
_03419_,34.42µm
_13309_,34.42µm
_02116_,34.4µm
_00515_,34.39µm
_09068_,34.38µm
_11016_,34.38µm
_01434_,34.36µm
_11894_,34.34µm
_00739_,34.32µm
_15082_,34.32µm
_00419_,34.3µm
_07950_,34.3µm
_05298_,34.265µm
_00416_,34.26µm
_14704_,34.26µm
_04736_,34.24µm
net385,34.24µm
_10633_,34.22µm
_13257_,34.2µm
_01439_,34.19µm
_02064_,34.18µm
_03449_,34.18µm
_04047_,34.18µm
_05980_,34.18µm
_07903_,34.18µm
_08232_,34.18µm
_12528_,34.17µm
_00134_,34.165µm
_04094_,34.16µm
_02140_,34.14µm
_04860_,34.12µm
net1083,34.12µm
_02892_,34.1µm
_04077_,34.1µm
_08641_,34.1µm
_00346_,34.06µm
_02959_,34.06µm
mantisaresult\[6\],34.06µm
_05906_,34.05µm
_04814_,34.02µm
_02525_,34.015µm
net42,34.01µm
_09949_,34µm
_01490_,33.98µm
_09056_,33.98µm
_11900_,33.96µm
_03855_,33.94µm
_06234_,33.94µm
_10797_,33.94µm
_05526_,33.9µm
_05787_,33.9µm
_13361_,33.9µm
_04189_,33.86µm
_04952_,33.84µm
_12917_,33.84µm
_02016_,33.82µm
_12892_,33.82µm
_14607_,33.82µm
_07951_,33.8µm
_08186_,33.8µm
_11550_,33.76µm
_14719_,33.76µm
_01663_,33.75µm
_02438_,33.72µm
net448,33.72µm
_00499_,33.68µm
_02087_,33.68µm
_02759_,33.68µm
_03555_,33.66µm
_07701_,33.66µm
_07928_,33.65µm
_10577_,33.64µm
_12974_,33.64µm
_01251_,33.62µm
_06059_,33.62µm
_15083_,33.58µm
_00929_,33.57µm
_01104_,33.56µm
_08750_,33.54µm
net523,33.54µm
_03716_,33.52µm
_07465_,33.52µm
_01389_,33.5µm
_04681_,33.5µm
_13382_,33.485µm
net261,33.48µm
_10815_,33.475µm
_12164_,33.47µm
_01471_,33.46µm
_01990_,33.46µm
_05850_,33.46µm
_10467_,33.46µm
_13936_,33.46µm
_13475_,33.44µm
_06709_,33.43µm
_08021_,33.41µm
_04642_,33.4µm
_07680_,33.4µm
_09307_,33.4µm
_10709_,33.4µm
_14550_,33.4µm
_02973_,33.38µm
_03469_,33.38µm
_04743_,33.36µm
_12167_,33.36µm
_13856_,33.36µm
_03650_,33.34µm
_10842_,33.34µm
_11437_,33.34µm
_01531_,33.32µm
_03996_,33.32µm
_08466_,33.3µm
_12800_,33.24µm
_02217_,33.22µm
_03558_,33.21µm
_03245_,33.2µm
_00798_,33.18µm
_04169_,33.18µm
_05290_,33.18µm
_07342_,33.17µm
_03305_,33.16µm
_07117_,33.14µm
_10971_,33.14µm
_07726_,33.1µm
_07744_,33.08µm
_08028_,33.08µm
_04551_,33.06µm
_15004_,33.06µm
_07357_,33.04µm
_12155_,33.04µm
_13467_,33.02µm
net25,33µm
net64,33µm
_14070_,32.985µm
_11805_,32.98µm
_05894_,32.975µm
_14498_,32.93µm
_04492_,32.92µm
_07824_,32.92µm
_05439_,32.9µm
_06642_,32.9µm
_13163_,32.89µm
_14735_,32.88µm
mantisaB0\[22\],32.88µm
_07569_,32.86µm
_13020_,32.84µm
_04765_,32.74µm
mantisaAshift\[50\],32.74µm
_05708_,32.73µm
_07247_,32.72µm
_10714_,32.72µm
_11930_,32.72µm
_12268_,32.72µm
_12767_,32.72µm
_07834_,32.71µm
_01380_,32.7µm
clknet_leaf_0_clk,32.7µm
_02265_,32.68µm
_05589_,32.68µm
_09212_,32.68µm
_02211_,32.64µm
_13881_,32.64µm
_14296_,32.64µm
_02231_,32.63µm
_12008_,32.62µm
net424,32.6µm
_02945_,32.58µm
_05556_,32.54µm
_10677_,32.54µm
_14131_,32.5µm
_00384_,32.46µm
_12022_,32.46µm
_04926_,32.44µm
_05450_,32.44µm
_10662_,32.44µm
_03959_,32.42µm
_14996_,32.395µm
_01057_,32.38µm
_08927_,32.38µm
_13864_,32.38µm
_12957_,32.375µm
_05924_,32.36µm
_07073_,32.36µm
_07210_,32.36µm
_04217_,32.34µm
_09520_,32.34µm
_14063_,32.33µm
_10225_,32.32µm
_12031_,32.32µm
_12569_,32.32µm
_01599_,32.3µm
_02111_,32.3µm
_02366_,32.3µm
_12687_,32.3µm
_02473_,32.28µm
_10960_,32.26µm
_14799_,32.26µm
_08187_,32.25µm
_08781_,32.24µm
_14802_,32.24µm
_05494_,32.22µm
_12737_,32.22µm
_10979_,32.205µm
_03433_,32.2µm
_06655_,32.16µm
_14590_,32.16µm
_07317_,32.14µm
_14458_,32.14µm
_01443_,32.125µm
_00565_,32.12µm
_10612_,32.12µm
_04055_,32.1µm
_09312_,32.1µm
_13081_,32.095µm
_05765_,32.08µm
_14271_,32.08µm
_05231_,32.06µm
_03979_,32.04µm
_05970_,32.04µm
_11898_,32.04µm
_13188_,32.04µm
net11,32µm
_00952_,31.98µm
_01593_,31.98µm
_02546_,31.98µm
_04480_,31.97µm
_07985_,31.96µm
_08742_,31.96µm
_10504_,31.96µm
_07325_,31.92µm
_08629_,31.92µm
_11464_,31.9µm
_11274_,31.89µm
_00277_,31.88µm
_01473_,31.88µm
_13495_,31.88µm
_04678_,31.875µm
_07978_,31.86µm
_13754_,31.86µm
_05931_,31.84µm
_10057_,31.84µm
_04228_,31.82µm
_08626_,31.82µm
_02680_,31.8µm
_06351_,31.8µm
_08622_,31.8µm
_12244_,31.8µm
_13235_,31.8µm
_05441_,31.79µm
_00751_,31.78µm
_08348_,31.78µm
_13044_,31.78µm
_04767_,31.76µm
_09587_,31.76µm
_10699_,31.76µm
mantisaAshift\[48\],31.74µm
_03611_,31.7µm
_06572_,31.7µm
_04265_,31.69µm
_01779_,31.68µm
_08593_,31.68µm
_05487_,31.66µm
_09893_,31.66µm
_11953_,31.66µm
clknet_leaf_16_clk,31.66µm
_10751_,31.64µm
_11280_,31.64µm
_14586_,31.64µm
_03440_,31.62µm
_05377_,31.62µm
_06588_,31.62µm
_01579_,31.6µm
_05113_,31.6µm
_07544_,31.6µm
_08548_,31.6µm
_08829_,31.6µm
_12218_,31.6µm
_14032_,31.6µm
_07768_,31.59µm
_03857_,31.58µm
_12730_,31.58µm
_06265_,31.56µm
_08219_,31.54µm
_02644_,31.52µm
_04183_,31.5µm
_14540_,31.5µm
_10305_,31.48µm
_14912_,31.47µm
_04647_,31.46µm
_02958_,31.45µm
_03902_,31.44µm
_08089_,31.44µm
_12679_,31.435µm
_05197_,31.4µm
_05477_,31.4µm
_11117_,31.395µm
_07432_,31.39µm
_01679_,31.38µm
_03887_,31.38µm
_04143_,31.38µm
_07959_,31.38µm
_09542_,31.38µm
_10853_,31.38µm
_10384_,31.36µm
_10713_,31.36µm
_11101_,31.36µm
_09011_,31.345µm
_00801_,31.29µm
_00583_,31.28µm
_07099_,31.28µm
_10239_,31.26µm
_03583_,31.24µm
_05362_,31.24µm
_13014_,31.24µm
_14289_,31.24µm
_03770_,31.2µm
_04106_,31.2µm
_07152_,31.2µm
_05308_,31.18µm
_05328_,31.18µm
_05911_,31.18µm
_08994_,31.18µm
_14102_,31.18µm
_01313_,31.17µm
_02460_,31.16µm
_05417_,31.16µm
_04328_,31.15µm
_01692_,31.14µm
_03550_,31.14µm
_03692_,31.14µm
_14760_,31.13µm
_06174_,31.12µm
_09629_,31.12µm
_04074_,31.1µm
_06650_,31.1µm
_03293_,31.08µm
_10935_,31.08µm
_03161_,31.06µm
_12442_,31.06µm
_12486_,31.06µm
_00828_,31.04µm
_14317_,31.04µm
_04221_,31.02µm
_10155_,31.02µm
_12756_,31.02µm
_00923_,30.98µm
_08589_,30.98µm
_14491_,30.98µm
_04225_,30.97µm
_05794_,30.96µm
_10181_,30.96µm
_02553_,30.94µm
_02302_,30.92µm
_05049_,30.92µm
_12983_,30.92µm
_09008_,30.9µm
_07441_,30.86µm
_09865_,30.86µm
_11098_,30.86µm
_05191_,30.82µm
_10391_,30.82µm
_13696_,30.82µm
_02961_,30.8µm
_08470_,30.8µm
_09887_,30.8µm
_13765_,30.77µm
_03986_,30.76µm
_04231_,30.74µm
_09243_,30.74µm
_10656_,30.74µm
_11220_,30.74µm
_03452_,30.73µm
_14991_,30.72µm
_02124_,30.7µm
_04622_,30.7µm
_07575_,30.7µm
_01522_,30.68µm
_07476_,30.68µm
_03465_,30.66µm
_04545_,30.66µm
_04772_,30.66µm
_02554_,30.65µm
_03089_,30.64µm
_00264_,30.62µm
_07426_,30.62µm
_08621_,30.62µm
_14400_,30.62µm
_01367_,30.615µm
_05396_,30.6µm
_00623_,30.57µm
_01876_,30.54µm
_04477_,30.54µm
_05415_,30.54µm
_08336_,30.54µm
_11294_,30.54µm
_05033_,30.52µm
_07454_,30.52µm
_09318_,30.52µm
_03560_,30.51µm
_02935_,30.5µm
_12064_,30.5µm
_14916_,30.5µm
_01825_,30.48µm
_03479_,30.48µm
_09664_,30.48µm
_04504_,30.46µm
_07890_,30.46µm
_14397_,30.46µm
_01791_,30.455µm
_14191_,30.44µm
net405,30.435µm
_08102_,30.42µm
_11136_,30.42µm
_12334_,30.42µm
_12954_,30.4µm
_13157_,30.4µm
net1192,30.4µm
_07444_,30.38µm
_10519_,30.38µm
_11879_,30.38µm
_13287_,30.38µm
net216,30.38µm
net306,30.38µm
_04500_,30.37µm
_11444_,30.36µm
_11969_,30.36µm
_14488_,30.36µm
_14918_,30.36µm
_07538_,30.34µm
_03980_,30.32µm
_05995_,30.3µm
_12870_,30.3µm
_09827_,30.28µm
_09859_,30.25µm
_03975_,30.24µm
_10763_,30.24µm
_10792_,30.24µm
_00654_,30.22µm
_06889_,30.22µm
net396,30.22µm
_01932_,30.2µm
_04898_,30.2µm
_02669_,30.195µm
_08205_,30.18µm
_09448_,30.18µm
_11897_,30.18µm
_05448_,30.14µm
_05572_,30.14µm
_02817_,30.12µm
_14183_,30.12µm
_00942_,30.1µm
_14651_,30.1µm
_13192_,30.08µm
_14701_,30.08µm
_14243_,30.07µm
_02133_,30.06µm
_03601_,30.06µm
_06701_,30.06µm
_00575_,30.04µm
_03897_,30.04µm
_07405_,30.04µm
_09787_,30.04µm
_00491_,30.02µm
_02999_,30.02µm
_12253_,30.02µm
_03451_,30µm
_12291_,30µm
_01195_,29.98µm
_06901_,29.98µm
_13385_,29.98µm
_14025_,29.98µm
_10915_,29.97µm
_03342_,29.95µm
_08394_,29.94µm
_09596_,29.92µm
_04356_,29.9µm
_07471_,29.9µm
_12886_,29.9µm
_02199_,29.885µm
_02040_,29.88µm
_08284_,29.865µm
_00610_,29.86µm
_03523_,29.86µm
_04690_,29.86µm
_04336_,29.84µm
_05002_,29.84µm
_02927_,29.82µm
_03866_,29.82µm
_14061_,29.82µm
_01847_,29.8µm
_01919_,29.8µm
_13008_,29.8µm
_05096_,29.75µm
_02294_,29.74µm
_09900_,29.74µm
_10316_,29.74µm
_10427_,29.74µm
_12258_,29.74µm
_13262_,29.74µm
_13634_,29.74µm
_05664_,29.72µm
net128,29.72µm
_03184_,29.705µm
_00271_,29.7µm
_00309_,29.7µm
_02079_,29.7µm
_02838_,29.7µm
_06492_,29.7µm
_14083_,29.7µm
_08887_,29.66µm
_14405_,29.66µm
_01425_,29.64µm
_03277_,29.64µm
_09397_,29.64µm
_10857_,29.64µm
_00308_,29.62µm
_00671_,29.62µm
_00679_,29.62µm
net1191,29.62µm
_02415_,29.6µm
_04599_,29.6µm
_11097_,29.6µm
_08958_,29.58µm
_09221_,29.58µm
_06660_,29.56µm
_08891_,29.56µm
_02263_,29.535µm
_00734_,29.52µm
_03255_,29.52µm
_10397_,29.52µm
_12308_,29.52µm
_07400_,29.5µm
_09142_,29.5µm
_09063_,29.48µm
_11940_,29.475µm
_03930_,29.46µm
_07853_,29.45µm
_05661_,29.44µm
_08138_,29.44µm
_13084_,29.44µm
_01280_,29.42µm
_03487_,29.42µm
_06856_,29.42µm
_10253_,29.42µm
net1187,29.42µm
_00672_,29.4µm
_04471_,29.4µm
_05195_,29.4µm
_14641_,29.4µm
_14030_,29.39µm
_03714_,29.38µm
_11168_,29.38µm
_01291_,29.34µm
net974,29.33µm
_04023_,29.32µm
_04330_,29.32µm
_05953_,29.32µm
_06818_,29.32µm
_01105_,29.3µm
_14986_,29.3µm
_04310_,29.285µm
_01458_,29.28µm
_07171_,29.28µm
_08159_,29.28µm
net9,29.28µm
_03890_,29.275µm
_13415_,29.275µm
_08066_,29.26µm
_09594_,29.26µm
_13234_,29.24µm
_01223_,29.22µm
_01422_,29.22µm
_03036_,29.22µm
_07330_,29.22µm
_06562_,29.2µm
_07636_,29.2µm
_09371_,29.2µm
_10795_,29.2µm
_04205_,29.18µm
_05804_,29.18µm
_09182_,29.18µm
_12760_,29.18µm
_03462_,29.16µm
_04786_,29.16µm
_05016_,29.16µm
_06079_,29.16µm
_00450_,29.14µm
_02100_,29.14µm
_04965_,29.14µm
_12962_,29.135µm
_12048_,29.12µm
_13940_,29.12µm
_02610_,29.1µm
_09616_,29.1µm
_09663_,29.1µm
_12997_,29.1µm
_13358_,29.1µm
_05039_,29.09µm
_14168_,29.09µm
_04018_,29.06µm
_14512_,29.06µm
undefined1,29.06µm
_03254_,29.04µm
_07748_,29.03µm
_10143_,29.02µm
_07175_,29µm
_14662_,29µm
_02557_,28.98µm
_02788_,28.98µm
_02865_,28.98µm
_00919_,28.96µm
_05546_,28.96µm
_07550_,28.96µm
_11295_,28.96µm
_04784_,28.955µm
_02631_,28.94µm
_04406_,28.94µm
_09802_,28.94µm
_03020_,28.9µm
_11511_,28.9µm
_12317_,28.9µm
_15075_,28.9µm
net1186,28.9µm
_01576_,28.88µm
_05325_,28.88µm
_13220_,28.88µm
_00506_,28.87µm
_11876_,28.86µm
_00803_,28.84µm
_01202_,28.84µm
_05311_,28.84µm
_09485_,28.84µm
_12328_,28.84µm
_14057_,28.84µm
_00965_,28.82µm
_04751_,28.82µm
_12193_,28.82µm
_10865_,28.8µm
_03485_,28.78µm
_08370_,28.78µm
_04337_,28.775µm
_07588_,28.76µm
_04083_,28.745µm
_01926_,28.74µm
_03274_,28.74µm
_07190_,28.74µm
_08153_,28.74µm
_08215_,28.74µm
_09467_,28.74µm
_13854_,28.74µm
_01264_,28.72µm
_03852_,28.72µm
_01464_,28.71µm
_02900_,28.7µm
_04495_,28.7µm
_14088_,28.7µm
clknet_leaf_1_clk,28.7µm
_12027_,28.68µm
_01882_,28.66µm
_06323_,28.66µm
_01583_,28.64µm
_04954_,28.64µm
_02810_,28.62µm
_04670_,28.62µm
_06017_,28.62µm
_07855_,28.62µm
_12881_,28.62µm
_02486_,28.6µm
_04921_,28.6µm
_14014_,28.6µm
_01483_,28.58µm
_04581_,28.58µm
_09917_,28.58µm
_14897_,28.58µm
_05802_,28.56µm
_13900_,28.56µm
_06434_,28.52µm
_08100_,28.52µm
_12547_,28.52µm
_05565_,28.5µm
_09876_,28.5µm
_14454_,28.5µm
_09339_,28.48µm
_09803_,28.48µm
_13033_,28.48µm
_03872_,28.46µm
_04298_,28.46µm
_05330_,28.46µm
_09470_,28.46µm
_08365_,28.44µm
_11569_,28.44µm
net14,28.44µm
_08177_,28.42µm
_12777_,28.42µm
_06047_,28.41µm
_11702_,28.4µm
_12991_,28.4µm
_13768_,28.4µm
_13827_,28.4µm
_04000_,28.39µm
_00260_,28.38µm
_02367_,28.38µm
_03504_,28.34µm
_03641_,28.34µm
_04857_,28.34µm
_13158_,28.34µm
_08328_,28.32µm
_12885_,28.32µm
_01470_,28.3µm
_02412_,28.3µm
_07164_,28.3µm
_10802_,28.3µm
_02202_,28.295µm
_00817_,28.28µm
_03286_,28.28µm
_08097_,28.26µm
_04505_,28.24µm
_07146_,28.24µm
_10578_,28.24µm
_10914_,28.24µm
_10975_,28.24µm
_03494_,28.22µm
_05996_,28.22µm
_08315_,28.22µm
_06647_,28.2µm
_10711_,28.2µm
_12070_,28.2µm
_12159_,28.2µm
_10251_,28.18µm
_02670_,28.16µm
_10845_,28.16µm
_13038_,28.16µm
_01147_,28.15µm
_02818_,28.14µm
_13335_,28.13µm
_14625_,28.12µm
net946,28.12µm
_07663_,28.11µm
_01242_,28.08µm
_05986_,28.08µm
_11001_,28.08µm
_13878_,28.08µm
net1182,28.08µm
_01489_,28.06µm
_07665_,28.06µm
_10137_,28.06µm
_13322_,28.04µm
_01024_,28.02µm
_04531_,28.02µm
_07801_,28.02µm
_07996_,28.02µm
_09937_,28.02µm
_03349_,28µm
_08734_,28µm
_11724_,28µm
_13493_,28µm
_01206_,27.98µm
_09044_,27.98µm
_05143_,27.96µm
_13178_,27.96µm
_01300_,27.955µm
_01845_,27.94µm
_10412_,27.94µm
_10978_,27.94µm
_11102_,27.94µm
_13513_,27.94µm
_03320_,27.92µm
_08349_,27.92µm
_09548_,27.92µm
_03821_,27.9µm
_06090_,27.9µm
_08862_,27.9µm
_11657_,27.9µm
_01015_,27.88µm
_02264_,27.88µm
_02600_,27.88µm
_05939_,27.875µm
net61,27.86µm
_08024_,27.84µm
_12634_,27.84µm
_01084_,27.82µm
_01514_,27.82µm
_02641_,27.82µm
_07417_,27.82µm
_07556_,27.82µm
_13312_,27.82µm
_14118_,27.81µm
_13104_,27.8µm
_10031_,27.78µm
_09841_,27.77µm
_00692_,27.74µm
_03263_,27.74µm
_03401_,27.74µm
_14516_,27.74µm
_12519_,27.73µm
_07919_,27.725µm
_04123_,27.72µm
_05922_,27.72µm
_09356_,27.72µm
_13567_,27.72µm
_05144_,27.66µm
_06565_,27.66µm
_07694_,27.66µm
_11322_,27.66µm
_01136_,27.64µm
_06575_,27.64µm
_09203_,27.64µm
_00842_,27.62µm
_04873_,27.62µm
_12495_,27.61µm
_05226_,27.6µm
_10450_,27.6µm
_13967_,27.6µm
_15042_,27.6µm
_01421_,27.58µm
_13815_,27.58µm
_14441_,27.58µm
net213,27.58µm
_11291_,27.57µm
_02950_,27.56µm
_08538_,27.56µm
_10424_,27.56µm
_12215_,27.56µm
_13216_,27.56µm
_00924_,27.54µm
_09258_,27.54µm
_12017_,27.54µm
_15008_,27.54µm
net129,27.54µm
_04208_,27.535µm
_04741_,27.52µm
_08512_,27.52µm
_13400_,27.52µm
_13032_,27.505µm
_01816_,27.48µm
_03095_,27.48µm
_07412_,27.48µm
_14869_,27.48µm
_11515_,27.47µm
_02955_,27.46µm
_03767_,27.46µm
_08877_,27.46µm
_10226_,27.46µm
_12448_,27.46µm
_02074_,27.44µm
_04512_,27.44µm
_06359_,27.44µm
_12678_,27.44µm
_13687_,27.44µm
_14001_,27.44µm
_14074_,27.44µm
_09191_,27.43µm
_03144_,27.42µm
_04878_,27.42µm
_07887_,27.42µm
_10706_,27.42µm
_11323_,27.42µm
_14323_,27.42µm
_01673_,27.4µm
_05496_,27.4µm
_06732_,27.4µm
_08257_,27.4µm
_09217_,27.4µm
_10672_,27.4µm
_13693_,27.38µm
_11237_,27.37µm
_03369_,27.365µm
_09840_,27.36µm
_07021_,27.34µm
_08856_,27.34µm
_12843_,27.34µm
_01167_,27.32µm
_02588_,27.32µm
_07080_,27.32µm
_13623_,27.32µm
_13997_,27.32µm
_01086_,27.3µm
_02023_,27.3µm
_11671_,27.28µm
_13888_,27.28µm
_02069_,27.27µm
_00780_,27.25µm
_04100_,27.24µm
_06354_,27.24µm
_06940_,27.24µm
_10834_,27.24µm
_11958_,27.22µm
_10422_,27.21µm
_12187_,27.205µm
_05668_,27.2µm
_08447_,27.2µm
_12847_,27.2µm
_00736_,27.18µm
_03294_,27.18µm
_13666_,27.18µm
_02332_,27.16µm
_06822_,27.16µm
_07195_,27.16µm
_10499_,27.16µm
_08580_,27.155µm
_03989_,27.14µm
_04948_,27.14µm
_06150_,27.14µm
_08938_,27.14µm
_09265_,27.14µm
_09442_,27.14µm
_13894_,27.14µm
_09527_,27.12µm
_03365_,27.1µm
_05302_,27.1µm
_06767_,27.1µm
_14705_,27.1µm
net148,27.1µm
_02867_,27.08µm
_10127_,27.08µm
_13707_,27.08µm
_05764_,27.06µm
_10102_,27.06µm
_14332_,27.06µm
_05622_,27.055µm
_01551_,27.04µm
_02165_,27µm
_02776_,27µm
_03750_,27µm
_14419_,26.995µm
_02382_,26.98µm
_05132_,26.98µm
net327,26.98µm
_11721_,26.975µm
mantisaAshift\[53\],26.96µm
_05217_,26.955µm
_10977_,26.95µm
_01718_,26.94µm
_04559_,26.94µm
_05152_,26.94µm
_03724_,26.925µm
_07758_,26.92µm
_10974_,26.92µm
_14402_,26.92µm
_14621_,26.92µm
_01568_,26.9µm
_02278_,26.9µm
_03497_,26.9µm
_08803_,26.9µm
_09036_,26.9µm
_05412_,26.88µm
_05744_,26.88µm
_13205_,26.88µm
_15090_,26.88µm
_04109_,26.86µm
_06025_,26.86µm
_06761_,26.86µm
_12390_,26.86µm
net1179,26.86µm
_01701_,26.84µm
_01985_,26.84µm
expmiddled\[0\],26.84µm
_01966_,26.82µm
_02209_,26.82µm
_03670_,26.82µm
_04656_,26.82µm
_04768_,26.82µm
_09376_,26.82µm
_10431_,26.82µm
_11802_,26.82µm
_10520_,26.8µm
_13242_,26.8µm
_10873_,26.78µm
_14372_,26.78µm
_02535_,26.77µm
expadd\[0\],26.76µm
net24,26.76µm
_03762_,26.75µm
_12580_,26.735µm
_07518_,26.725µm
_05419_,26.72µm
_06397_,26.72µm
_08783_,26.7µm
_13348_,26.7µm
_14503_,26.7µm
_00667_,26.68µm
_03133_,26.68µm
_04654_,26.68µm
_03503_,26.66µm
_04720_,26.66µm
_04760_,26.66µm
_02760_,26.64µm
_02874_,26.64µm
_06931_,26.64µm
_02404_,26.62µm
_07987_,26.62µm
_10793_,26.62µm
_11471_,26.62µm
_13963_,26.62µm
_00818_,26.58µm
_02216_,26.58µm
_07204_,26.58µm
_02259_,26.565µm
_02077_,26.56µm
_09708_,26.56µm
_06656_,26.54µm
_08607_,26.54µm
_14097_,26.54µm
_03851_,26.53µm
_02309_,26.52µm
_03004_,26.52µm
_06594_,26.52µm
_12612_,26.52µm
_14410_,26.52µm
_03760_,26.515µm
_13983_,26.51µm
_00822_,26.5µm
_00503_,26.48µm
_08706_,26.48µm
_12982_,26.48µm
_07533_,26.46µm
_11966_,26.46µm
_01301_,26.45µm
_07639_,26.44µm
_09968_,26.44µm
_00740_,26.42µm
_01913_,26.42µm
_02185_,26.42µm
_04442_,26.42µm
_14153_,26.42µm
_13132_,26.4µm
_04038_,26.38µm
_10294_,26.38µm
_01115_,26.36µm
_03607_,26.36µm
_13110_,26.36µm
_13576_,26.36µm
_09821_,26.34µm
_13672_,26.34µm
_03204_,26.33µm
_03150_,26.32µm
_04769_,26.32µm
_10208_,26.32µm
_09461_,26.3µm
_01459_,26.28µm
_03881_,26.28µm
_11891_,26.28µm
_14730_,26.28µm
_02105_,26.26µm
_11942_,26.26µm
_12640_,26.26µm
_06624_,26.24µm
_09612_,26.22µm
_14439_,26.22µm
_06015_,26.2µm
_07189_,26.2µm
_11051_,26.2µm
_01447_,26.18µm
_03241_,26.18µm
_03511_,26.18µm
_03884_,26.18µm
_12513_,26.18µm
_08151_,26.16µm
_13409_,26.16µm
_03683_,26.15µm
_02171_,26.14µm
_05041_,26.14µm
_06420_,26.14µm
_13272_,26.14µm
net7,26.14µm
_10089_,26.135µm
clknet_leaf_44_clk,26.12µm
_00879_,26.105µm
_11610_,26.1µm
_13298_,26.09µm
_02005_,26.08µm
_07534_,26.08µm
_14836_,26.08µm
_00531_,26.055µm
_04792_,26.04µm
_07960_,26.04µm
_10695_,26.04µm
_06108_,26.035µm
_05301_,26.02µm
_05845_,26.02µm
_15044_,26.02µm
net1188,26.02µm
_12271_,26.015µm
_01564_,26µm
_09772_,26µm
_12003_,26µm
_13446_,26µm
_03845_,25.98µm
_12840_,25.98µm
clknet_leaf_42_clk,25.98µm
_07980_,25.97µm
_09234_,25.96µm
_11612_,25.96µm
_01821_,25.94µm
_03072_,25.94µm
_05876_,25.94µm
_06911_,25.94µm
_04813_,25.92µm
_09266_,25.92µm
_01214_,25.9µm
_01234_,25.9µm
_10375_,25.9µm
_10680_,25.9µm
_02659_,25.88µm
_03438_,25.88µm
_10078_,25.88µm
net157,25.88µm
_12232_,25.875µm
_08682_,25.87µm
_10012_,25.86µm
_11449_,25.86µm
_13421_,25.86µm
_14819_,25.86µm
_01960_,25.84µm
_05355_,25.84µm
_10148_,25.84µm
_13377_,25.84µm
_01852_,25.82µm
_04533_,25.82µm
_13096_,25.82µm
_13684_,25.82µm
_03443_,25.8µm
_05138_,25.8µm
_09951_,25.8µm
_12267_,25.8µm
_09828_,25.79µm
_03049_,25.78µm
_02030_,25.76µm
_02288_,25.76µm
_13641_,25.76µm
_04211_,25.74µm
_04871_,25.74µm
_05833_,25.74µm
_09791_,25.74µm
_03397_,25.72µm
_04281_,25.72µm
_05826_,25.72µm
_06138_,25.72µm
_10591_,25.72µm
_12826_,25.72µm
_15056_,25.72µm
_07860_,25.7µm
_13795_,25.7µm
_07505_,25.68µm
_02104_,25.675µm
_07651_,25.66µm
_12637_,25.64µm
net165,25.64µm
_03737_,25.63µm
_02872_,25.62µm
_14348_,25.62µm
_14917_,25.62µm
_01219_,25.6µm
_02399_,25.6µm
_06867_,25.6µm
_07703_,25.6µm
_08638_,25.6µm
_14360_,25.6µm
_14356_,25.59µm
_00559_,25.56µm
_02544_,25.56µm
_04600_,25.56µm
_05299_,25.56µm
_12402_,25.56µm
_13601_,25.56µm
_14234_,25.56µm
_14622_,25.56µm
_12901_,25.54µm
_13853_,25.52µm
_00420_,25.5µm
_01762_,25.5µm
_13726_,25.5µm
_12599_,25.485µm
_01476_,25.48µm
_06242_,25.48µm
_08160_,25.48µm
_09148_,25.48µm
_13449_,25.48µm
_07812_,25.47µm
_00606_,25.46µm
_06486_,25.46µm
_07625_,25.46µm
_13180_,25.46µm
_01125_,25.44µm
_10417_,25.44µm
_14444_,25.43µm
_01638_,25.42µm
_05567_,25.42µm
_03212_,25.4µm
_06531_,25.4µm
_10213_,25.4µm
_13250_,25.4µm
_10768_,25.395µm
_11844_,25.395µm
_00441_,25.38µm
_03991_,25.38µm
_05388_,25.38µm
_06723_,25.38µm
_08148_,25.36µm
_08578_,25.36µm
_02837_,25.34µm
_00783_,25.32µm
_07522_,25.32µm
_08915_,25.32µm
_10460_,25.32µm
_10646_,25.32µm
_13268_,25.32µm
_00813_,25.3µm
_03371_,25.3µm
_04198_,25.3µm
_05013_,25.3µm
_05379_,25.3µm
_12682_,25.3µm
_04861_,25.28µm
_04444_,25.26µm
_11143_,25.26µm
_03437_,25.22µm
_07427_,25.22µm
_04041_,25.2µm
_10381_,25.19µm
_02215_,25.18µm
_06249_,25.18µm
_06807_,25.18µm
_06862_,25.18µm
_07554_,25.18µm
_11978_,25.18µm
_09154_,25.16µm
_08459_,25.14µm
_11853_,25.14µm
_14085_,25.14µm
_14631_,25.14µm
_14722_,25.14µm
_05573_,25.135µm
_08301_,25.12µm
_11507_,25.09µm
_01469_,25.08µm
_02648_,25.08µm
_07897_,25.08µm
_09095_,25.08µm
_03473_,25.06µm
_04593_,25.04µm
_09518_,25.04µm
_12686_,25.04µm
_01327_,25.02µm
_03705_,25.02µm
_04806_,25.02µm
_12754_,25.02µm
_13596_,25.02µm
_09853_,25µm
_04800_,24.98µm
_06667_,24.98µm
_02303_,24.96µm
_07236_,24.95µm
_13086_,24.94µm
_14982_,24.94µm
_04620_,24.92µm
_07242_,24.91µm
_00757_,24.9µm
_02513_,24.9µm
_08997_,24.9µm
_10287_,24.9µm
_10996_,24.9µm
net1053,24.9µm
_02241_,24.885µm
_03634_,24.88µm
_03735_,24.88µm
_04850_,24.88µm
_07707_,24.88µm
_09911_,24.88µm
_11543_,24.88µm
_13162_,24.88µm
_14198_,24.88µm
_03214_,24.86µm
_03925_,24.86µm
_06315_,24.86µm
_09093_,24.86µm
_03956_,24.84µm
_04863_,24.84µm
_04888_,24.84µm
_08126_,24.84µm
_11493_,24.84µm
_00808_,24.82µm
_03800_,24.82µm
_12988_,24.82µm
_14911_,24.82µm
net2,24.81µm
_02512_,24.8µm
_06611_,24.8µm
_08085_,24.8µm
_09655_,24.8µm
_05397_,24.78µm
_13256_,24.78µm
_02225_,24.76µm
_02230_,24.76µm
_12117_,24.76µm
_04907_,24.74µm
_13668_,24.74µm
_04098_,24.72µm
_04287_,24.72µm
_10762_,24.72µm
_15101_,24.72µm
_07685_,24.7µm
_13229_,24.7µm
_05284_,24.68µm
_08162_,24.68µm
_14615_,24.68µm
_14111_,24.66µm
_13291_,24.65µm
_00431_,24.64µm
_05740_,24.64µm
_04596_,24.62µm
_13146_,24.62µm
_00752_,24.6µm
_06809_,24.6µm
_12119_,24.6µm
_03993_,24.58µm
_07884_,24.58µm
_07912_,24.58µm
_13980_,24.58µm
net18,24.58µm
_05006_,24.56µm
_08364_,24.56µm
net462,24.56µm
_10530_,24.555µm
_09192_,24.55µm
_02862_,24.54µm
_04259_,24.54µm
_11761_,24.54µm
_00498_,24.52µm
_09781_,24.52µm
_05137_,24.5µm
_07993_,24.5µm
_14668_,24.5µm
_03052_,24.48µm
_01248_,24.465µm
_01437_,24.46µm
_04807_,24.46µm
_06998_,24.46µm
_14015_,24.46µm
_03938_,24.455µm
_12301_,24.45µm
_02289_,24.44µm
_02711_,24.44µm
_09162_,24.44µm
_14630_,24.44µm
_13080_,24.435µm
_00336_,24.42µm
_03270_,24.42µm
_05823_,24.41µm
_06490_,24.41µm
_05543_,24.4µm
_00640_,24.38µm
_04782_,24.38µm
_06341_,24.38µm
_09729_,24.38µm
_11387_,24.38µm
net1190,24.38µm
_13783_,24.365µm
_01261_,24.36µm
_13650_,24.36µm
_00284_,24.34µm
_00444_,24.34µm
_00616_,24.34µm
_01357_,24.34µm
_01506_,24.34µm
_04178_,24.34µm
mantisaresult\[63\],24.34µm
_06697_,24.32µm
_07547_,24.32µm
_08360_,24.32µm
_08581_,24.32µm
_10019_,24.32µm
_10734_,24.32µm
_14258_,24.32µm
_14505_,24.32µm
_04548_,24.315µm
_04306_,24.31µm
_01590_,24.3µm
_01774_,24.3µm
_08282_,24.3µm
_10993_,24.3µm
_14037_,24.3µm
clknet_leaf_4_clk,24.3µm
_12836_,24.28µm
_13155_,24.28µm
_02062_,24.26µm
_11469_,24.26µm
_11784_,24.26µm
_13775_,24.26µm
_05188_,24.25µm
_01273_,24.24µm
_04470_,24.24µm
_04929_,24.24µm
_07739_,24.24µm
net1031,24.24µm
_10318_,24.22µm
_06261_,24.2µm
_06366_,24.2µm
_07829_,24.2µm
_02012_,24.18µm
_04610_,24.18µm
_04649_,24.18µm
_07367_,24.18µm
_00358_,24.16µm
_04239_,24.16µm
_12887_,24.16µm
_03932_,24.15µm
_12972_,24.15µm
_00769_,24.14µm
_02256_,24.14µm
_05276_,24.14µm
_02584_,24.1µm
_05809_,24.1µm
_07599_,24.1µm
_08971_,24.1µm
_14545_,24.1µm
_08193_,24.095µm
_04171_,24.08µm
_06848_,24.08µm
_10661_,24.08µm
_12084_,24.08µm
_00536_,24.06µm
_03488_,24.06µm
_11238_,24.06µm
_00608_,24.05µm
_00449_,24.04µm
_05164_,24.04µm
_07783_,24.03µm
_09384_,24.02µm
_10122_,24.01µm
_01455_,24µm
_03237_,24µm
_03614_,24µm
_07843_,24µm
_09508_,24µm
_13802_,24µm
_15065_,24µm
_13860_,23.985µm
_04597_,23.98µm
_08673_,23.98µm
_14837_,23.98µm
_00475_,23.96µm
_02645_,23.96µm
_10908_,23.96µm
_13380_,23.96µm
_05048_,23.955µm
_01152_,23.95µm
_00335_,23.94µm
_03889_,23.94µm
_05490_,23.94µm
_06491_,23.94µm
_07018_,23.94µm
_10929_,23.94µm
_13337_,23.93µm
_01637_,23.92µm
_11480_,23.92µm
_01467_,23.9µm
_04155_,23.9µm
_14043_,23.9µm
_00573_,23.88µm
_04894_,23.88µm
_05079_,23.88µm
_08719_,23.88µm
mantisaAshift\[52\],23.88µm
_02985_,23.86µm
_04447_,23.86µm
_05920_,23.86µm
_13063_,23.86µm
_14438_,23.86µm
_03285_,23.84µm
_03409_,23.84µm
_03940_,23.84µm
_06336_,23.84µm
_07352_,23.84µm
_08818_,23.84µm
_09424_,23.84µm
_13905_,23.84µm
_00446_,23.82µm
_00742_,23.82µm
_14470_,23.82µm
_02518_,23.8µm
_07634_,23.8µm
_09823_,23.8µm
_10248_,23.8µm
_10448_,23.8µm
_11767_,23.76µm
_12339_,23.76µm
_11412_,23.75µm
_01411_,23.74µm
net70,23.74µm
_02691_,23.72µm
_04923_,23.72µm
_14961_,23.72µm
_12625_,23.71µm
_02313_,23.7µm
_03679_,23.7µm
_07659_,23.7µm
_10563_,23.7µm
_01819_,23.68µm
_09166_,23.68µm
_11794_,23.68µm
_12752_,23.68µm
_13246_,23.68µm
_14873_,23.68µm
_00329_,23.66µm
_01302_,23.66µm
_04637_,23.66µm
_08653_,23.66µm
_13374_,23.66µm
_01862_,23.64µm
_08115_,23.64µm
_14592_,23.64µm
_02088_,23.62µm
_04924_,23.62µm
_07446_,23.62µm
_09829_,23.62µm
_03217_,23.6µm
_03533_,23.6µm
_12860_,23.6µm
_01717_,23.58µm
_02447_,23.58µm
_07027_,23.58µm
_10510_,23.58µm
_11835_,23.58µm
_00686_,23.56µm
_09114_,23.56µm
_03528_,23.54µm
_06812_,23.54µm
_09480_,23.54µm
_09509_,23.54µm
_11725_,23.54µm
_12697_,23.54µm
_07802_,23.53µm
_07239_,23.52µm
_07336_,23.52µm
_08339_,23.52µm
_10041_,23.52µm
_01651_,23.5µm
_04186_,23.5µm
_04195_,23.5µm
_13560_,23.48µm
_13565_,23.48µm
_03381_,23.46µm
_12532_,23.46µm
_12556_,23.46µm
_14466_,23.45µm
_11392_,23.445µm
_04766_,23.44µm
_11337_,23.44µm
_11399_,23.44µm
_05620_,23.42µm
_05652_,23.42µm
_08166_,23.42µm
_08735_,23.42µm
_11096_,23.42µm
_02880_,23.405µm
_02942_,23.4µm
_03262_,23.4µm
_04957_,23.4µm
_14312_,23.39µm
_05389_,23.38µm
_06741_,23.38µm
_12880_,23.38µm
_15064_,23.38µm
_15045_,23.375µm
_03808_,23.37µm
_01364_,23.36µm
_01507_,23.34µm
_05967_,23.34µm
_08540_,23.34µm
_11855_,23.34µm
_06468_,23.32µm
_05335_,23.3µm
_06705_,23.3µm
_07180_,23.3µm
_12029_,23.3µm
_08455_,23.295µm
_03877_,23.29µm
_01566_,23.28µm
_06011_,23.28µm
_08819_,23.28µm
_11364_,23.28µm
_11874_,23.28µm
_02246_,23.26µm
_03328_,23.26µm
_11727_,23.26µm
_12327_,23.26µm
_12426_,23.26µm
_12602_,23.26µm
_12030_,23.245µm
_00492_,23.24µm
_03023_,23.24µm
_05168_,23.24µm
_07093_,23.24µm
_11846_,23.24µm
_01095_,23.22µm
_07620_,23.22µm
_11993_,23.22µm
_12019_,23.22µm
_05401_,23.215µm
_01181_,23.2µm
_02696_,23.2µm
_02801_,23.2µm
_06055_,23.2µm
_06814_,23.2µm
_13106_,23.195µm
_05634_,23.18µm
_14126_,23.18µm
_09991_,23.16µm
_08973_,23.15µm
_09157_,23.15µm
_07622_,23.14µm
_11827_,23.14µm
_13651_,23.14µm
_03248_,23.12µm
_08801_,23.12µm
_08830_,23.12µm
_00812_,23.1µm
_02314_,23.1µm
_05224_,23.1µm
_12558_,23.1µm
_13397_,23.1µm
_14156_,23.1µm
net15,23.1µm
_05552_,23.08µm
_09488_,23.08µm
_05840_,23.06µm
_11593_,23.06µm
_00883_,23.04µm
_01226_,23.04µm
_03312_,23.04µm
_03841_,23.04µm
_07349_,23.04µm
_14778_,23.04µm
_11254_,23.02µm
_12012_,23.02µm
_00532_,23µm
_03586_,23µm
_06950_,22.98µm
_03005_,22.96µm
_08737_,22.96µm
_10556_,22.96µm
_10831_,22.96µm
_12746_,22.96µm
_13224_,22.96µm
_03999_,22.935µm
_09649_,22.92µm
_11434_,22.92µm
_12815_,22.92µm
_13806_,22.92µm
_14521_,22.92µm
_02811_,22.9µm
_14462_,22.9µm
_08297_,22.88µm
_08545_,22.88µm
_09171_,22.88µm
_10139_,22.88µm
_13883_,22.87µm
_00764_,22.86µm
_10098_,22.86µm
_14385_,22.86µm
four_man\[36\],22.86µm
_04317_,22.84µm
_04885_,22.84µm
_04996_,22.84µm
_06945_,22.84µm
_09473_,22.84µm
_09761_,22.82µm
_00947_,22.8µm
_01192_,22.8µm
_01561_,22.8µm
_02393_,22.8µm
_03571_,22.8µm
_12803_,22.8µm
_13580_,22.8µm
_08824_,22.79µm
_01323_,22.76µm
_09996_,22.76µm
_10359_,22.76µm
_07545_,22.75µm
_05885_,22.74µm
_07734_,22.735µm
_04343_,22.72µm
_11461_,22.72µm
_11949_,22.72µm
_00448_,22.7µm
_08114_,22.7µm
_11941_,22.7µm
_03153_,22.68µm
_03778_,22.68µm
_04987_,22.68µm
_10796_,22.68µm
_11501_,22.68µm
_02257_,22.66µm
_05516_,22.66µm
_06553_,22.66µm
_06907_,22.66µm
_09967_,22.66µm
_13928_,22.66µm
_03271_,22.64µm
_04297_,22.64µm
_05696_,22.64µm
_05905_,22.64µm
_09357_,22.64µm
_09492_,22.64µm
_09863_,22.64µm
_13912_,22.64µm
_15115_,22.64µm
_02442_,22.62µm
_11977_,22.62µm
_06346_,22.6µm
_11002_,22.6µm
_14553_,22.6µm
_02350_,22.595µm
_02605_,22.58µm
_02769_,22.58µm
_02548_,22.56µm
_04311_,22.56µm
_05586_,22.56µm
_12969_,22.56µm
_11522_,22.55µm
_01528_,22.54µm
_03333_,22.54µm
_10800_,22.53µm
_00064_,22.525µm
_00685_,22.52µm
_02606_,22.52µm
_02798_,22.52µm
_03441_,22.52µm
_05682_,22.52µm
_08790_,22.52µm
_13196_,22.52µm
_13665_,22.52µm
_10515_,22.5µm
_11463_,22.5µm
_11892_,22.5µm
_12567_,22.5µm
_14398_,22.5µm
_10858_,22.48µm
_13276_,22.48µm
_09012_,22.46µm
_09251_,22.46µm
_12054_,22.46µm
_13896_,22.46µm
_05386_,22.44µm
_06877_,22.42µm
_12928_,22.42µm
_13248_,22.415µm
_02989_,22.4µm
_09325_,22.4µm
_09434_,22.4µm
_10136_,22.4µm
_12247_,22.39µm
_06684_,22.38µm
_07666_,22.38µm
_14905_,22.38µm
_02027_,22.36µm
_02298_,22.36µm
_05300_,22.36µm
_08023_,22.36µm
_12184_,22.36µm
_12465_,22.36µm
_12592_,22.36µm
_14919_,22.36µm
_01735_,22.34µm
_05569_,22.34µm
_08326_,22.34µm
_08652_,22.34µm
_11476_,22.34µm
_12554_,22.34µm
_14464_,22.34µm
net37,22.34µm
_01563_,22.32µm
_13160_,22.32µm
_14305_,22.32µm
_01653_,22.315µm
_14353_,22.315µm
mantisa[18],22.31µm
_05975_,22.3µm
_10535_,22.3µm
_10814_,22.3µm
_14253_,22.3µm
_11730_,22.295µm
_05289_,22.29µm
_11354_,22.28µm
_12425_,22.28µm
_07990_,22.26µm
_10328_,22.26µm
_12968_,22.26µm
_14807_,22.26µm
_14948_,22.26µm
_04489_,22.24µm
_09202_,22.24µm
_10377_,22.24µm
_12757_,22.24µm
_07782_,22.235µm
_03707_,22.225µm
_09685_,22.22µm
_09884_,22.22µm
_11945_,22.22µm
_12666_,22.22µm
_14000_,22.22µm
_06790_,22.21µm
_00544_,22.2µm
_05581_,22.2µm
_07661_,22.2µm
_08874_,22.2µm
_09556_,22.2µm
_13165_,22.2µm
_02115_,22.18µm
_04327_,22.18µm
_04717_,22.18µm
_01815_,22.16µm
_09281_,22.16µm
_12273_,22.16µm
_00454_,22.14µm
_01384_,22.14µm
_00521_,22.12µm
_02923_,22.12µm
_03698_,22.12µm
_04938_,22.11µm
_10176_,22.08µm
_10569_,22.08µm
_03922_,22.06µm
_08744_,22.06µm
_13952_,22.06µm
_11018_,22.05µm
_05393_,22.04µm
_07409_,22.04µm
_08083_,22.04µm
_09513_,22.04µm
net432,22.04µm
_04867_,22.02µm
_08197_,22.02µm
_01087_,22µm
_02969_,22µm
_04210_,22µm
_07057_,22µm
_09940_,22µm
_09409_,21.99µm
_05506_,21.98µm
_06619_,21.98µm
_02719_,21.96µm
_04605_,21.96µm
_04922_,21.96µm
_05090_,21.95µm
_01826_,21.94µm
_01934_,21.94µm
_03562_,21.94µm
_08800_,21.94µm
_12652_,21.94µm
_08272_,21.93µm
_11834_,21.925µm
_01387_,21.92µm
_02189_,21.92µm
_04272_,21.92µm
_06406_,21.92µm
_08753_,21.92µm
_11786_,21.92µm
_14696_,21.92µm
_14999_,21.92µm
_00512_,21.9µm
_00848_,21.9µm
_01840_,21.9µm
_01925_,21.9µm
_02041_,21.9µm
_07407_,21.9µm
_08608_,21.9µm
_08854_,21.9µm
_09252_,21.885µm
_01494_,21.88µm
_03151_,21.88µm
_06216_,21.88µm
_11046_,21.88µm
_11261_,21.88µm
_02282_,21.86µm
_04725_,21.86µm
_10755_,21.86µm
net139,21.86µm
_07153_,21.84µm
_09997_,21.84µm
_11150_,21.84µm
_11950_,21.84µm
_00302_,21.835µm
_02926_,21.82µm
_03025_,21.82µm
_03713_,21.82µm
_10866_,21.82µm
_01016_,21.8µm
_06019_,21.8µm
clknet_leaf_11_clk,21.8µm
_03858_,21.78µm
_04982_,21.78µm
_05576_,21.78µm
_05651_,21.78µm
_07303_,21.78µm
_09679_,21.78µm
_15041_,21.78µm
_07422_,21.77µm
_01559_,21.76µm
_03019_,21.76µm
_08007_,21.76µm
_12606_,21.76µm
_13787_,21.76µm
_14250_,21.76µm
_04419_,21.74µm
_10161_,21.74µm
_13546_,21.74µm
_04425_,21.72µm
_08743_,21.72µm
_10735_,21.72µm
_10777_,21.72µm
_00479_,21.7µm
_05387_,21.7µm
_09002_,21.7µm
_09412_,21.7µm
_10342_,21.7µm
_01010_,21.68µm
_01865_,21.68µm
_05394_,21.68µm
_05608_,21.68µm
_08613_,21.68µm
_09354_,21.68µm
_08956_,21.67µm
_02742_,21.66µm
_03282_,21.66µm
_05253_,21.66µm
_05391_,21.66µm
_11525_,21.66µm
_01183_,21.64µm
_11527_,21.64µm
_11851_,21.64µm
_13129_,21.64µm
_00888_,21.63µm
_03521_,21.62µm
_04491_,21.62µm
_08445_,21.62µm
_14561_,21.62µm
_00316_,21.6µm
_01539_,21.6µm
net132,21.6µm
_08967_,21.58µm
_10241_,21.58µm
_12053_,21.58µm
_14077_,21.58µm
net23,21.58µm
_01848_,21.56µm
_07111_,21.56µm
_11918_,21.56µm
_09028_,21.55µm
_00720_,21.54µm
_00835_,21.54µm
_01598_,21.54µm
_05399_,21.54µm
_07353_,21.54µm
_09246_,21.54µm
_10286_,21.54µm
_14174_,21.53µm
_02364_,21.52µm
_05715_,21.52µm
_08045_,21.52µm
_09269_,21.52µm
_14522_,21.52µm
_12004_,21.51µm
_12628_,21.5µm
_00737_,21.48µm
_09855_,21.48µm
_01373_,21.46µm
_05442_,21.46µm
_05727_,21.46µm
_08713_,21.46µm
_00425_,21.44µm
_02987_,21.44µm
_05130_,21.44µm
_14207_,21.44µm
_15079_,21.44µm
_00829_,21.42µm
_04729_,21.42µm
_08025_,21.42µm
_08090_,21.42µm
_10113_,21.42µm
_10207_,21.42µm
_11011_,21.42µm
net57,21.42µm
_13529_,21.4µm
_14266_,21.4µm
_01098_,21.39µm
_01360_,21.38µm
_01518_,21.38µm
_01945_,21.38µm
_06699_,21.38µm
_08170_,21.38µm
_10164_,21.38µm
mantisaB0\[0\],21.38µm
_04884_,21.375µm
_04975_,21.375µm
_11296_,21.37µm
_02014_,21.36µm
_07606_,21.36µm
_08577_,21.36µm
_13710_,21.36µm
four_man\[23\],21.36µm
_01733_,21.35µm
_02613_,21.34µm
_03510_,21.34µm
_07684_,21.34µm
_12431_,21.34µm
_12112_,21.33µm
_00292_,21.32µm
_03412_,21.32µm
_03791_,21.32µm
_05860_,21.32µm
_06868_,21.32µm
_07934_,21.32µm
_10217_,21.32µm
_10429_,21.32µm
_12037_,21.32µm
_14244_,21.32µm
_01252_,21.3µm
_06706_,21.3µm
_10613_,21.3µm
_14326_,21.3µm
_07515_,21.29µm
_00421_,21.28µm
_00567_,21.28µm
_02510_,21.28µm
_02806_,21.28µm
_08312_,21.28µm
_10056_,21.28µm
_00543_,21.26µm
_00918_,21.26µm
_04180_,21.26µm
_05367_,21.26µm
_09585_,21.26µm
_10385_,21.26µm
_13609_,21.26µm
_06897_,21.24µm
_08604_,21.24µm
_10238_,21.24µm
_13088_,21.24µm
net51,21.24µm
_08460_,21.22µm
_11729_,21.22µm
_12748_,21.22µm
_02232_,21.21µm
_01340_,21.2µm
_04177_,21.2µm
_06157_,21.2µm
_07755_,21.2µm
_09174_,21.2µm
_10835_,21.2µm
_13379_,21.2µm
_14532_,21.2µm
_02091_,21.18µm
_10112_,21.18µm
_15058_,21.18µm
_02355_,21.17µm
_03055_,21.16µm
_06339_,21.16µm
_08972_,21.16µm
_14453_,21.16µm
_05731_,21.14µm
_10707_,21.14µm
_12322_,21.14µm
_12597_,21.14µm
_14255_,21.14µm
_00391_,21.12µm
_01337_,21.12µm
_01521_,21.12µm
_03982_,21.12µm
_04881_,21.12µm
_11572_,21.12µm
_03075_,21.1µm
_10965_,21.1µm
_13733_,21.09µm
_02139_,21.08µm
_02173_,21.08µm
_06045_,21.08µm
_11519_,21.08µm
_11667_,21.08µm
_13236_,21.08µm
_01271_,21.075µm
_05473_,21.06µm
_14846_,21.06µm
_05022_,21.05µm
_02507_,21.04µm
_04859_,21.04µm
_08894_,21.04µm
_10361_,21.04µm
_14284_,21.04µm
_04046_,21.03µm
_04758_,21.02µm
_02024_,21µm
_05607_,21µm
_08725_,21µm
_12478_,21µm
four_man\[29\],21µm
net1197,21µm
_09022_,20.98µm
_01243_,20.96µm
_01486_,20.96µm
_13306_,20.96µm
_09188_,20.95µm
_00442_,20.94µm
_12100_,20.94µm
net34,20.94µm
_05529_,20.92µm
_05671_,20.92µm
_06796_,20.92µm
_09129_,20.92µm
_09637_,20.92µm
_12307_,20.92µm
net1026,20.92µm
net164,20.905µm
_14654_,20.9µm
_04300_,20.88µm
_06413_,20.88µm
_13212_,20.88µm
_14920_,20.88µm
net305,20.88µm
_03447_,20.86µm
_05047_,20.86µm
_06517_,20.86µm
_06740_,20.86µm
_06316_,20.85µm
_00557_,20.84µm
_07786_,20.84µm
_13069_,20.84µm
_13297_,20.84µm
_14598_,20.84µm
net41,20.84µm
_00724_,20.82µm
_08592_,20.82µm
_01703_,20.8µm
_03814_,20.8µm
_06800_,20.8µm
_12181_,20.8µm
_02224_,20.78µm
_04326_,20.78µm
_04560_,20.78µm
_06232_,20.78µm
_06577_,20.78µm
_07942_,20.78µm
_13357_,20.78µm
_02733_,20.76µm
_03589_,20.76µm
_04248_,20.76µm
_04889_,20.76µm
_11775_,20.76µm
_13394_,20.76µm
_13584_,20.76µm
_14018_,20.76µm
_03741_,20.74µm
_04269_,20.74µm
_04351_,20.74µm
_10141_,20.74µm
_11212_,20.74µm
_04232_,20.72µm
_06942_,20.72µm
_01696_,20.7µm
_05078_,20.7µm
_07196_,20.7µm
_14927_,20.7µm
_02190_,20.685µm
_01021_,20.68µm
_02628_,20.68µm
_05404_,20.68µm
_11104_,20.68µm
_12089_,20.68µm
_01133_,20.66µm
_01850_,20.66µm
_02789_,20.66µm
_04482_,20.66µm
_07973_,20.66µm
_09003_,20.66µm
_11513_,20.66µm
_14093_,20.66µm
_14508_,20.66µm
_01802_,20.64µm
_02583_,20.64µm
_02847_,20.64µm
_09543_,20.64µm
_10911_,20.64µm
_00991_,20.62µm
_02666_,20.62µm
_08405_,20.61µm
_08793_,20.6µm
_09990_,20.6µm
_08278_,20.58µm
_02402_,20.56µm
_04585_,20.56µm
_06049_,20.56µm
_09052_,20.555µm
_02766_,20.54µm
_04910_,20.54µm
_07128_,20.54µm
_07509_,20.54µm
_11125_,20.54µm
_11595_,20.54µm
_13159_,20.54µm
_14044_,20.54µm
_14361_,20.54µm
_10590_,20.52µm
_14803_,20.52µm
_06715_,20.505µm
_01751_,20.5µm
_03815_,20.5µm
_06768_,20.5µm
_12856_,20.5µm
_03115_,20.49µm
_00360_,20.48µm
_15067_,20.465µm
_02468_,20.46µm
_08813_,20.46µm
_04845_,20.44µm
_05440_,20.44µm
_01453_,20.42µm
_04995_,20.42µm
_07484_,20.42µm
_09475_,20.42µm
_10349_,20.42µm
_14159_,20.42µm
_03647_,20.4µm
_14633_,20.4µm
_13500_,20.385µm
_07261_,20.38µm
_04507_,20.375µm
_13113_,20.375µm
_01379_,20.37µm
_02924_,20.36µm
_11467_,20.36µm
_06419_,20.34µm
_08814_,20.34µm
_12217_,20.34µm
_13957_,20.34µm
_01537_,20.32µm
_03308_,20.32µm
_08926_,20.32µm
_06303_,20.3µm
_06600_,20.3µm
_08213_,20.3µm
_09733_,20.3µm
_13891_,20.3µm
_14671_,20.3µm
_05712_,20.28µm
_08082_,20.26µm
_10729_,20.26µm
_11812_,20.26µm
_13621_,20.26µm
_12937_,20.255µm
_05673_,20.24µm
_07819_,20.24µm
_07991_,20.24µm
_08063_,20.24µm
_13342_,20.24µm
expb[7],20.23µm
_02830_,20.22µm
_06923_,20.22µm
_08875_,20.22µm
_00600_,20.2µm
_01621_,20.2µm
_07306_,20.2µm
_00706_,20.18µm
_03727_,20.18µm
_12461_,20.165µm
_01456_,20.16µm
_07914_,20.16µm
_09427_,20.16µm
_12068_,20.16µm
_13198_,20.16µm
_14581_,20.16µm
_05287_,20.14µm
_06311_,20.14µm
_06748_,20.14µm
_12276_,20.14µm
_03209_,20.12µm
_06747_,20.12µm
_08840_,20.12µm
_09930_,20.12µm
_10072_,20.12µm
_10962_,20.12µm
_09134_,20.1µm
_13612_,20.1µm
_01218_,20.08µm
_03128_,20.08µm
_03329_,20.08µm
_07944_,20.08µm
_08344_,20.08µm
_09439_,20.08µm
_09929_,20.08µm
_14787_,20.08µm
_00526_,20.06µm
_03541_,20.06µm
_09726_,20.06µm
_03575_,20.04µm
_05178_,20.04µm
_07017_,20.04µm
_08639_,20.04µm
clknet_leaf_2_clk,20.04µm
_03547_,20.02µm
_09904_,20.02µm
_10938_,20.02µm
_12549_,20.02µm
_02727_,20µm
_07368_,20µm
_10720_,20µm
_10932_,20µm
_11180_,20µm
_12781_,20µm
_08044_,19.99µm
_13605_,19.99µm
_01375_,19.98µm
_07881_,19.98µm
_15014_,19.98µm
_05024_,19.97µm
_03483_,19.96µm
_09749_,19.96µm
_12698_,19.96µm
_13052_,19.96µm
_05600_,19.94µm
_06430_,19.94µm
_07393_,19.94µm
_09759_,19.94µm
_11091_,19.92µm
_13253_,19.92µm
_04006_,19.91µm
_08841_,19.905µm
_01879_,19.9µm
_03210_,19.9µm
_03885_,19.9µm
_05186_,19.9µm
_05632_,19.9µm
_07974_,19.9µm
_15097_,19.9µm
_01477_,19.89µm
_06230_,19.89µm
_05896_,19.88µm
_08382_,19.88µm
_07902_,19.87µm
_02608_,19.86µm
_08905_,19.86µm
_10073_,19.86µm
_12375_,19.86µm
_07615_,19.85µm
_08775_,19.84µm
_10521_,19.84µm
_11948_,19.84µm
_13991_,19.84µm
_14106_,19.84µm
_00797_,19.82µm
_02284_,19.82µm
_04977_,19.82µm
_06455_,19.82µm
_07526_,19.82µm
_08558_,19.81µm
_07374_,19.8µm
_08490_,19.8µm
_09079_,19.8µm
_12376_,19.8µm
_07192_,19.795µm
_11648_,19.79µm
_00055_,19.785µm
_00651_,19.78µm
_01407_,19.78µm
_02562_,19.78µm
_02579_,19.78µm
_02951_,19.78µm
_03017_,19.78µm
_03781_,19.78µm
_05100_,19.78µm
_05929_,19.78µm
_07727_,19.78µm
_08525_,19.78µm
_08811_,19.78µm
_04515_,19.76µm
_09260_,19.76µm
_11114_,19.76µm
_09214_,19.755µm
_00625_,19.74µm
_04428_,19.74µm
_04493_,19.74µm
_06094_,19.74µm
_10893_,19.74µm
_04020_,19.72µm
_01601_,19.7µm
_02469_,19.7µm
_04779_,19.7µm
_06053_,19.7µm
_08837_,19.7µm
_09999_,19.7µm
_11006_,19.7µm
_11860_,19.7µm
_14700_,19.7µm
_14753_,19.69µm
_05897_,19.68µm
_10261_,19.68µm
_00605_,19.66µm
_02299_,19.66µm
_03327_,19.66µm
_11433_,19.65µm
_02516_,19.64µm
_05316_,19.64µm
_07779_,19.64µm
_02651_,19.62µm
_03056_,19.62µm
_14086_,19.62µm
net39,19.62µm
_08866_,19.58µm
_10647_,19.58µm
_13293_,19.58µm
_13677_,19.58µm
expmiddleb\[4\],19.58µm
_03892_,19.545µm
_00315_,19.54µm
_00694_,19.54µm
_02705_,19.54µm
_03163_,19.54µm
_05773_,19.54µm
_05890_,19.54µm
_13518_,19.54µm
_06083_,19.52µm
_08375_,19.52µm
_09551_,19.52µm
_11903_,19.52µm
_14064_,19.52µm
_07539_,19.5µm
_10183_,19.5µm
_10787_,19.5µm
_03296_,19.49µm
_00653_,19.48µm
_01799_,19.48µm
_02055_,19.48µm
_04866_,19.48µm
_05461_,19.48µm
_09768_,19.48µm
_10441_,19.48µm
net67,19.48µm
_01305_,19.475µm
_01947_,19.46µm
_08334_,19.46µm
_08738_,19.46µm
_09247_,19.46µm
_04131_,19.44µm
_05108_,19.44µm
_06694_,19.44µm
_10338_,19.44µm
_01331_,19.42µm
_01773_,19.42µm
_05736_,19.42µm
_05831_,19.42µm
_06330_,19.4µm
_07531_,19.4µm
_10425_,19.4µm
_12485_,19.4µm
_13725_,19.4µm
_14656_,19.4µm
_13173_,19.395µm
_01818_,19.38µm
_02752_,19.38µm
_03211_,19.38µm
_06606_,19.38µm
_11247_,19.38µm
_11916_,19.38µm
_14004_,19.38µm
_08249_,19.375µm
_08740_,19.36µm
_00649_,19.34µm
_03720_,19.34µm
_11438_,19.34µm
_13807_,19.34µm
_00941_,19.32µm
_03298_,19.32µm
_05571_,19.32µm
_06956_,19.32µm
_08560_,19.32µm
_10487_,19.32µm
_11553_,19.32µm
_14154_,19.32µm
_07267_,19.3µm
_13821_,19.3µm
_00579_,19.28µm
_01137_,19.28µm
_05508_,19.28µm
_09364_,19.28µm
_14013_,19.28µm
expadd\[1\],19.28µm
_11899_,19.275µm
_10892_,19.27µm
_01429_,19.26µm
_01505_,19.26µm
_06329_,19.26µm
_13317_,19.26µm
net1174,19.26µm
_02301_,19.24µm
_02381_,19.24µm
_02541_,19.24µm
_09017_,19.24µm
_10838_,19.24µm
_10888_,19.24µm
_12096_,19.24µm
_13818_,19.24µm
_14092_,19.23µm
_00890_,19.22µm
_06813_,19.22µm
_07383_,19.22µm
_01817_,19.2µm
_03689_,19.2µm
_08059_,19.2µm
_11937_,19.2µm
net52,19.2µm
_01287_,19.18µm
_07500_,19.18µm
_09457_,19.18µm
_10819_,19.18µm
_01333_,19.16µm
_01806_,19.16µm
_02237_,19.16µm
_12383_,19.16µm
_12738_,19.16µm
_13757_,19.16µm
_05945_,19.15µm
_07524_,19.15µm
_06590_,19.14µm
_09226_,19.125µm
_03496_,19.12µm
_05411_,19.12µm
_02488_,19.1µm
_06625_,19.1µm
_08520_,19.1µm
_14887_,19.1µm
_00949_,19.08µm
_01358_,19.08µm
_02457_,19.08µm
_03077_,19.08µm
_04280_,19.08µm
_11793_,19.08µm
_12078_,19.08µm
_13285_,19.08µm
_14416_,19.08µm
_11243_,19.06µm
_00006_,19.045µm
_11936_,19.04µm
_12739_,19.04µm
_13675_,19.04µm
_14738_,19.04µm
_03108_,19.02µm
_08042_,19.02µm
_04848_,19.005µm
_02421_,19µm
_05997_,19µm
_01094_,18.98µm
_01325_,18.98µm
_03455_,18.98µm
_04919_,18.98µm
_08563_,18.98µm
_09120_,18.98µm
_09764_,18.98µm
_11201_,18.97µm
_09088_,18.965µm
_02455_,18.96µm
_10312_,18.96µm
_13506_,18.96µm
net1166,18.96µm
_00524_,18.94µm
_04159_,18.94µm
_10666_,18.94µm
_11504_,18.94µm
_13496_,18.94µm
_00268_,18.92µm
_00296_,18.92µm
_03000_,18.92µm
_06334_,18.92µm
_12813_,18.92µm
_07326_,18.9µm
_08925_,18.9µm
_14775_,18.9µm
_00840_,18.895µm
_14023_,18.89µm
_01460_,18.88µm
_03566_,18.88µm
_05398_,18.88µm
_11857_,18.88µm
_12812_,18.88µm
_13517_,18.88µm
_14022_,18.865µm
_00972_,18.86µm
_06797_,18.86µm
_08730_,18.86µm
_10189_,18.86µm
_12819_,18.86µm
_00570_,18.82µm
_03862_,18.82µm
_06959_,18.82µm
_09225_,18.82µm
_11455_,18.82µm
_12356_,18.82µm
expadd\[2\],18.82µm
_14798_,18.81µm
_00265_,18.8µm
_04839_,18.8µm
_05918_,18.8µm
_01334_,18.78µm
_01440_,18.78µm
_06774_,18.78µm
_09075_,18.78µm
_11329_,18.78µm
_07558_,18.74µm
_10693_,18.74µm
_13193_,18.74µm
_13579_,18.74µm
_00321_,18.72µm
_04630_,18.72µm
_05018_,18.72µm
_07268_,18.72µm
_02338_,18.7µm
_02391_,18.7µm
_03610_,18.7µm
_06342_,18.7µm
_07252_,18.7µm
_11292_,18.7µm
_14810_,18.7µm
_02549_,18.68µm
_06555_,18.68µm
_08595_,18.68µm
_04956_,18.66µm
_05153_,18.66µm
_11318_,18.66µm
_01916_,18.64µm
_06299_,18.64µm
_10191_,18.64µm
_11967_,18.64µm
_12277_,18.64µm
_00838_,18.62µm
_04422_,18.62µm
_06043_,18.62µm
_07570_,18.62µm
_09034_,18.62µm
_14359_,18.62µm
_14788_,18.61µm
_01378_,18.6µm
_01466_,18.6µm
_07551_,18.6µm
_12788_,18.6µm
_03457_,18.58µm
_03984_,18.58µm
_10193_,18.58µm
_11311_,18.58µm
_14604_,18.58µm
_06754_,18.57µm
_08018_,18.565µm
net134,18.565µm
_02255_,18.56µm
_02595_,18.56µm
_05110_,18.56µm
_05329_,18.56µm
_07102_,18.56µm
_07483_,18.55µm
_04747_,18.54µm
_06736_,18.54µm
_12645_,18.54µm
_03259_,18.53µm
_06994_,18.53µm
_03921_,18.52µm
_06039_,18.52µm
_06056_,18.52µm
_09153_,18.52µm
_09954_,18.52µm
_11984_,18.52µm
_02612_,18.5µm
_03820_,18.5µm
_13870_,18.5µm
_09897_,18.495µm
net1098,18.485µm
_01810_,18.48µm
_02025_,18.48µm
_02586_,18.48µm
_04912_,18.48µm
_08101_,18.48µm
_09935_,18.48µm
_11164_,18.48µm
_11998_,18.48µm
_01356_,18.46µm
_01833_,18.46µm
_02260_,18.46µm
_02365_,18.46µm
_09379_,18.46µm
_13442_,18.45µm
_03266_,18.44µm
_05729_,18.44µm
_07776_,18.44µm
_09160_,18.44µm
_12943_,18.44µm
_00469_,18.42µm
_03067_,18.42µm
_06032_,18.42µm
_10326_,18.42µm
_15077_,18.42µm
_13376_,18.41µm
_01082_,18.4µm
_03435_,18.4µm
_04127_,18.4µm
_05635_,18.4µm
_06319_,18.4µm
_06878_,18.4µm
_08402_,18.4µm
_11736_,18.4µm
_12073_,18.4µm
_14854_,18.385µm
_01727_,18.38µm
_05158_,18.38µm
_06902_,18.38µm
_07029_,18.38µm
_14772_,18.38µm
_00957_,18.36µm
_03818_,18.36µm
_04388_,18.36µm
_06297_,18.36µm
_00517_,18.34µm
_06267_,18.34µm
_08392_,18.34µm
_09534_,18.34µm
_11890_,18.34µm
_14024_,18.34µm
_03093_,18.32µm
_04925_,18.32µm
_06224_,18.32µm
_12345_,18.32µm
_13403_,18.31µm
_04009_,18.3µm
_10140_,18.3µm
_11111_,18.3µm
_06022_,18.28µm
_10539_,18.28µm
_12281_,18.28µm
_14354_,18.275µm
_02056_,18.27µm
_03242_,18.27µm
_09443_,18.27µm
_02717_,18.26µm
_02841_,18.26µm
_11308_,18.26µm
net82,18.26µm
_13561_,18.25µm
_14133_,18.245µm
_02499_,18.24µm
_02871_,18.24µm
_06294_,18.24µm
_06579_,18.24µm
_07119_,18.24µm
_11391_,18.24µm
_00539_,18.22µm
_01220_,18.22µm
_01863_,18.22µm
_03351_,18.22µm
_04240_,18.22µm
_07970_,18.22µm
_08123_,18.22µm
_13685_,18.22µm
_03819_,18.2µm
_04145_,18.2µm
_05131_,18.2µm
_05978_,18.2µm
_10317_,18.2µm
_12264_,18.2µm
_09483_,18.19µm
_01032_,18.18µm
_07394_,18.18µm
_13365_,18.18µm
_07181_,18.16µm
_10007_,18.16µm
_11130_,18.16µm
_14801_,18.16µm
_04244_,18.155µm
_13221_,18.155µm
_13077_,18.15µm
_09315_,18.14µm
_09912_,18.14µm
_11192_,18.14µm
_13583_,18.14µm
_04665_,18.12µm
_12331_,18.12µm
_13865_,18.12µm
_14617_,18.12µm
_02408_,18.1µm
_03064_,18.1µm
_07348_,18.1µm
_07502_,18.1µm
_07918_,18.1µm
_08250_,18.1µm
_12714_,18.1µm
_14795_,18.095µm
expmiddleb\[3\],18.09µm
_01079_,18.08µm
_03652_,18.08µm
_10752_,18.08µm
_12102_,18.08µm
_13799_,18.08µm
_14125_,18.08µm
_12433_,18.065µm
_02113_,18.06µm
_02797_,18.06µm
_05409_,18.06µm
_01754_,18.05µm
_01524_,18.04µm
_02345_,18.04µm
_07347_,18.04µm
_07487_,18.04µm
_10083_,18.04µm
_11539_,18.04µm
_00478_,18.02µm
_02626_,18.02µm
_05175_,18.02µm
_08517_,18.02µm
_09902_,18.02µm
_07406_,18.015µm
_08351_,18.015µm
_06598_,18µm
_10129_,18µm
_14277_,18µm
_03990_,17.98µm
_06171_,17.98µm
_07689_,17.98µm
_07916_,17.98µm
_08704_,17.98µm
_09580_,17.98µm
_10476_,17.98µm
_12816_,17.98µm
_14839_,17.98µm
net20,17.98µm
_10392_,17.975µm
_03659_,17.96µm
_11450_,17.96µm
_13820_,17.96µm
_00642_,17.94µm
_02602_,17.94µm
_03458_,17.94µm
_04523_,17.94µm
_09321_,17.94µm
_11497_,17.94µm
_11819_,17.94µm
_13233_,17.94µm
_00619_,17.92µm
_02431_,17.92µm
_15108_,17.92µm
_03300_,17.91µm
_12302_,17.91µm
_05045_,17.9µm
_05281_,17.9µm
_05465_,17.9µm
_07952_,17.9µm
_09843_,17.9µm
_14393_,17.9µm
_14580_,17.9µm
net40,17.9µm
_05456_,17.88µm
_06484_,17.88µm
_12074_,17.88µm
_13120_,17.88µm
_13499_,17.88µm
_07402_,17.86µm
_11466_,17.86µm
_11641_,17.86µm
_12080_,17.86µm
_01748_,17.85µm
_11174_,17.85µm
_04319_,17.84µm
_08415_,17.84µm
_08579_,17.84µm
_09489_,17.84µm
_01760_,17.83µm
_08333_,17.825µm
_03048_,17.82µm
_05385_,17.82µm
_05433_,17.82µm
_05649_,17.82µm
_08067_,17.82µm
_09273_,17.82µm
_09294_,17.82µm
_09453_,17.82µm
_09833_,17.82µm
_10247_,17.82µm
_13042_,17.82µm
net251,17.82µm
_04146_,17.8µm
_05460_,17.8µm
_12857_,17.8µm
_13428_,17.8µm
_00701_,17.79µm
_04985_,17.78µm
_08046_,17.78µm
_08867_,17.78µm
_09723_,17.78µm
_10615_,17.78µm
_11660_,17.78µm
_12122_,17.78µm
_13061_,17.78µm
_13440_,17.78µm
_14151_,17.78µm
_07787_,17.775µm
_10997_,17.775µm
_03384_,17.76µm
_03645_,17.76µm
_04869_,17.76µm
_10928_,17.76µm
_14664_,17.76µm
_10625_,17.74µm
_13328_,17.74µm
_13552_,17.74µm
_01033_,17.72µm
_04410_,17.72µm
_10363_,17.72µm
_12150_,17.72µm
_07805_,17.71µm
_11451_,17.71µm
_08662_,17.7µm
_09302_,17.7µm
_09923_,17.7µm
_12576_,17.7µm
_01829_,17.68µm
_05827_,17.68µm
_13425_,17.68µm
_13292_,17.67µm
_04840_,17.66µm
_08998_,17.66µm
_09953_,17.66µm
_14110_,17.66µm
_00928_,17.64µm
_04031_,17.64µm
_04989_,17.64µm
_09620_,17.64µm
_09844_,17.625µm
_07675_,17.62µm
_10175_,17.62µm
_12018_,17.62µm
_06612_,17.6µm
_11342_,17.6µm
_13750_,17.6µm
_05384_,17.59µm
_08529_,17.58µm
_09223_,17.58µm
_09572_,17.58µm
_09972_,17.58µm
_13850_,17.58µm
_14473_,17.58µm
_01616_,17.56µm
_01907_,17.56µm
_02563_,17.56µm
_04315_,17.56µm
_13299_,17.56µm
_00678_,17.54µm
_05269_,17.54µm
_06888_,17.54µm
_10992_,17.54µm
_11506_,17.53µm
_01729_,17.52µm
_02550_,17.52µm
_03803_,17.52µm
_04138_,17.52µm
_07133_,17.52µm
_11970_,17.52µm
_12026_,17.52µm
_13260_,17.52µm
_13481_,17.52µm
_04042_,17.5µm
_04653_,17.5µm
_04976_,17.5µm
_07165_,17.5µm
_07312_,17.5µm
_11486_,17.5µm
_02779_,17.48µm
_03693_,17.48µm
_04475_,17.48µm
_04703_,17.48µm
_05160_,17.48µm
_06409_,17.48µm
_11863_,17.48µm
_12502_,17.48µm
_14933_,17.48µm
net1204,17.48µm
_03853_,17.46µm
_04546_,17.46µm
_07193_,17.46µm
_12736_,17.46µm
_13091_,17.46µm
_13258_,17.45µm
_02017_,17.44µm
_05991_,17.44µm
_08654_,17.44µm
_11999_,17.44µm
_12623_,17.44µm
net62,17.44µm
net230,17.44µm
_03671_,17.435µm
_05293_,17.43µm
_05958_,17.42µm
_06785_,17.42µm
_09486_,17.42µm
_10069_,17.415µm
_02204_,17.41µm
_06710_,17.4µm
_07221_,17.4µm
_09545_,17.4µm
_11156_,17.4µm
_13259_,17.4µm
_14888_,17.4µm
_10249_,17.38µm
_12616_,17.38µm
_00551_,17.36µm
_01071_,17.36µm
_05370_,17.36µm
_07566_,17.36µm
_08335_,17.36µm
_04368_,17.355µm
_01970_,17.34µm
_04629_,17.34µm
_08651_,17.34µm
_11757_,17.34µm
_14825_,17.34µm
_14529_,17.325µm
_05542_,17.32µm
_05799_,17.32µm
_06165_,17.32µm
_07269_,17.32µm
_10114_,17.32µm
_11720_,17.32µm
_12831_,17.32µm
_14029_,17.32µm
expmiddled\[5\],17.32µm
_07933_,17.315µm
_03363_,17.31µm
_03929_,17.3µm
_08630_,17.3µm
_10567_,17.3µm
_12430_,17.3µm
_12440_,17.3µm
_13181_,17.3µm
_14158_,17.3µm
_14292_,17.3µm
_07832_,17.29µm
_14669_,17.29µm
_04832_,17.28µm
_06987_,17.28µm
_07096_,17.28µm
_08916_,17.28µm
_12058_,17.28µm
_08174_,17.275µm
_02983_,17.26µm
_05264_,17.26µm
_07364_,17.26µm
_11349_,17.26µm
_13480_,17.26µm
_14758_,17.26µm
_03154_,17.25µm
_02226_,17.24µm
_02434_,17.24µm
_02725_,17.24µm
_03221_,17.24µm
_07264_,17.24µm
_12944_,17.24µm
_13545_,17.24µm
_14755_,17.24µm
_07086_,17.23µm
_02419_,17.22µm
_03748_,17.22µm
_13059_,17.22µm
_13614_,17.22µm
_13735_,17.21µm
_07745_,17.2µm
_08591_,17.2µm
_08890_,17.2µm
_10320_,17.2µm
_01153_,17.18µm
_10280_,17.18µm
_11561_,17.18µm
_13610_,17.18µm
_14681_,17.18µm
_14901_,17.18µm
net44,17.18µm
_09531_,17.16µm
_13174_,17.16µm
_00527_,17.155µm
_02424_,17.14µm
_04667_,17.14µm
_09254_,17.14µm
_09874_,17.14µm
_02778_,17.12µm
_02937_,17.12µm
_12523_,17.12µm
_14337_,17.12µm
_11870_,17.11µm
_02099_,17.1µm
_05292_,17.1µm
_05315_,17.1µm
_07616_,17.1µm
_12859_,17.1µm
_02481_,17.08µm
_07861_,17.08µm
_08331_,17.08µm
_08428_,17.08µm
_09238_,17.08µm
_12358_,17.08µm
_01950_,17.06µm
_04040_,17.06µm
_08125_,17.06µm
_12088_,17.06µm
_12245_,17.06µm
_08015_,17.045µm
_00456_,17.04µm
_07315_,17.04µm
_12694_,17.04µm
_12791_,17.04µm
_12136_,17.035µm
_04164_,17.02µm
_04459_,17.02µm
_05946_,17.02µm
_07430_,17.02µm
_07854_,17.02µm
_11785_,17.02µm
_12055_,17.02µm
_12784_,17.02µm
_13404_,17.02µm
_13715_,17.02µm
_13782_,17.02µm
_14894_,17.02µm
_04674_,17µm
_08865_,17µm
_12009_,17µm
_13118_,17µm
_00961_,16.98µm
_01103_,16.98µm
_01312_,16.98µm
_02661_,16.98µm
_05046_,16.98µm
_06050_,16.98µm
_11087_,16.98µm
_11883_,16.98µm
_13391_,16.98µm
_15102_,16.98µm
_07762_,16.96µm
_14260_,16.955µm
_00917_,16.94µm
_02149_,16.94µm
_03220_,16.94µm
_05317_,16.94µm
_06570_,16.94µm
_07139_,16.94µm
_11669_,16.94µm
_13916_,16.94µm
_13944_,16.93µm
_06368_,16.92µm
_06557_,16.92µm
_10023_,16.92µm
_11909_,16.92µm
_13714_,16.92µm
_00696_,16.9µm
_01712_,16.9µm
_06674_,16.9µm
_08061_,16.9µm
_10829_,16.9µm
_11849_,16.9µm
_13107_,16.9µm
_13533_,16.9µm
_14143_,16.9µm
_14938_,16.9µm
_03805_,16.88µm
_08131_,16.88µm
_12493_,16.88µm
_04755_,16.865µm
_01854_,16.86µm
_04534_,16.86µm
_13360_,16.86µm
_13717_,16.86µm
_13926_,16.86µm
_00516_,16.84µm
_00638_,16.84µm
_07354_,16.84µm
_07827_,16.84µm
_08027_,16.84µm
_13239_,16.84µm
_13898_,16.84µm
net1027,16.84µm
_13737_,16.835µm
_07144_,16.83µm
_12789_,16.83µm
_08072_,16.825µm
_07333_,16.82µm
_07955_,16.82µm
_11132_,16.82µm
_14686_,16.82µm
_14172_,16.815µm
_07976_,16.8µm
_09464_,16.8µm
net950,16.8µm
_01161_,16.795µm
_02266_,16.78µm
_04700_,16.78µm
_05909_,16.78µm
_05976_,16.78µm
_06066_,16.78µm
_06431_,16.78µm
_07289_,16.78µm
_14783_,16.78µm
_02019_,16.775µm
_00414_,16.76µm
_02821_,16.76µm
_06744_,16.76µm
_10278_,16.76µm
_10356_,16.76µm
_12219_,16.76µm
_13469_,16.76µm
_03097_,16.75µm
_00700_,16.74µm
_06914_,16.74µm
_08376_,16.74µm
_09941_,16.74µm
_13497_,16.74µm
_00633_,16.72µm
_00970_,16.72µm
_04684_,16.72µm
_06640_,16.72µm
_07810_,16.72µm
_10894_,16.72µm
_14658_,16.72µm
_15035_,16.72µm
inf2,16.72µm
_00729_,16.7µm
_01307_,16.7µm
_01525_,16.7µm
_02203_,16.7µm
_04998_,16.7µm
_07281_,16.7µm
_14112_,16.7µm
_14997_,16.7µm
_05705_,16.695µm
_01318_,16.68µm
_01604_,16.68µm
_05170_,16.68µm
expmiddleb\[2\],16.68µm
_01595_,16.66µm
_03920_,16.66µm
_05382_,16.66µm
_06926_,16.66µm
_08645_,16.66µm
_08658_,16.66µm
_12223_,16.66µm
_01975_,16.64µm
_03690_,16.64µm
_03873_,16.64µm
_06130_,16.64µm
_09753_,16.64µm
_10169_,16.64µm
_11020_,16.64µm
_14666_,16.64µm
_14945_,16.64µm
_15057_,16.64µm
inf0,16.64µm
_05203_,16.63µm
_03364_,16.61µm
_06498_,16.6µm
_06609_,16.6µm
_06968_,16.6µm
_07215_,16.6µm
_10306_,16.6µm
_02219_,16.58µm
_06918_,16.58µm
_07459_,16.58µm
_00721_,16.57µm
_02881_,16.56µm
_03323_,16.56µm
_03703_,16.56µm
_04199_,16.56µm
_04776_,16.56µm
_05994_,16.56µm
_06052_,16.56µm
_10410_,16.56µm
_13903_,16.56µm
_15049_,16.56µm
net156,16.56µm
clknet_leaf_32_clk,16.56µm
_01728_,16.54µm
_11705_,16.54µm
_12577_,16.54µm
_13171_,16.54µm
_02191_,16.52µm
_04627_,16.52µm
_05592_,16.52µm
_10158_,16.52µm
_11487_,16.52µm
_12946_,16.52µm
_02770_,16.5µm
_04212_,16.5µm
_06036_,16.5µm
_08377_,16.5µm
_02323_,16.48µm
_02740_,16.48µm
_04344_,16.48µm
_05562_,16.48µm
_05689_,16.48µm
_06539_,16.48µm
_06954_,16.48µm
_08521_,16.48µm
_08838_,16.48µm
_09220_,16.48µm
_09640_,16.48µm
_11991_,16.48µm
_12765_,16.48µm
_13558_,16.48µm
_13691_,16.475µm
_00423_,16.46µm
_01156_,16.46µm
_07288_,16.46µm
_09122_,16.46µm
_14367_,16.46µm
_12292_,16.45µm
_06944_,16.445µm
_00744_,16.44µm
_00778_,16.44µm
_01267_,16.44µm
_02340_,16.44µm
_05076_,16.44µm
_09456_,16.44µm
_11406_,16.44µm
_14002_,16.44µm
_14762_,16.44µm
_05674_,16.42µm
_12452_,16.42µm
_05420_,16.405µm
_01790_,16.4µm
_01812_,16.4µm
_05133_,16.4µm
_05147_,16.4µm
_06928_,16.4µm
_07525_,16.4µm
_09347_,16.4µm
_10050_,16.4µm
_14838_,16.4µm
_12512_,16.39µm
_04066_,16.38µm
_05102_,16.38µm
_11981_,16.365µm
_01432_,16.36µm
_02918_,16.36µm
_02997_,16.36µm
_04376_,16.36µm
_07619_,16.36µm
_09145_,16.36µm
_11904_,16.36µm
_14544_,16.36µm
_04203_,16.34µm
_08567_,16.33µm
_00807_,16.32µm
_06651_,16.32µm
_07150_,16.32µm
_07850_,16.32µm
_11992_,16.32µm
_12648_,16.32µm
_13087_,16.32µm
four_man\[37\],16.32µm
_01800_,16.3µm
_04542_,16.3µm
_05525_,16.3µm
_06364_,16.3µm
_08702_,16.3µm
_00617_,16.28µm
_02786_,16.28µm
_06714_,16.28µm
_11880_,16.28µm
_13436_,16.28µm
_14120_,16.28µm
_09794_,16.275µm
_03068_,16.26µm
_03196_,16.26µm
_05344_,16.26µm
_09523_,16.26µm
_09890_,16.26µm
_01442_,16.24µm
_09998_,16.24µm
_10199_,16.24µm
_10545_,16.225µm
_01672_,16.22µm
_02182_,16.22µm
_02781_,16.22µm
_02940_,16.22µm
_04961_,16.22µm
_06203_,16.22µm
_06485_,16.22µm
_06558_,16.22µm
_09680_,16.22µm
_10942_,16.22µm
_12588_,16.22µm
_13791_,16.22µm
_14792_,16.22µm
_14016_,16.215µm
_01142_,16.2µm
_04252_,16.2µm
_03822_,16.185µm
_02158_,16.18µm
_05956_,16.18µm
_11161_,16.18µm
_11687_,16.18µm
_13872_,16.18µm
_14226_,16.18µm
_14572_,16.18µm
clknet_leaf_43_clk,16.18µm
_08390_,16.175µm
_00471_,16.16µm
_02771_,16.16µm
_08731_,16.16µm
_09582_,16.16µm
_09704_,16.16µm
_09814_,16.16µm
_10891_,16.16µm
_13701_,16.16µm
_14574_,16.16µm
_08810_,16.145µm
_14121_,16.145µm
_02343_,16.14µm
_05693_,16.14µm
_08294_,16.14µm
_11352_,16.14µm
_11983_,16.14µm
_15031_,16.14µm
_13189_,16.12µm
_04262_,16.1µm
_04900_,16.1µm
_05524_,16.1µm
_07938_,16.1µm
_09873_,16.1µm
_10038_,16.1µm
_10653_,16.1µm
_12296_,16.1µm
_13154_,16.1µm
_13931_,16.1µm
_14309_,16.1µm
_06692_,16.08µm
_08500_,16.08µm
_09291_,16.08µm
_08073_,16.075µm
_00916_,16.06µm
_01580_,16.06µm
_01797_,16.06µm
_01858_,16.06µm
_02004_,16.06µm
_02328_,16.06µm
_04571_,16.06µm
_05492_,16.06µm
_06112_,16.06µm
_06687_,16.06µm
_08087_,16.06µm
_08665_,16.06µm
_09433_,16.06µm
_12763_,16.06µm
_14388_,16.06µm
_05914_,16.04µm
_07808_,16.04µm
_08917_,16.04µm
_09952_,16.04µm
_13730_,16.04µm
_05566_,16.03µm
_09861_,16.03µm
_13662_,16.03µm
_05371_,16.02µm
_05898_,16.02µm
_07361_,16.02µm
_11482_,16.02µm
_11689_,16.02µm
_12145_,16.02µm
_08675_,16µm
_10493_,16µm
expadd\[3\],16µm
_00401_,15.98µm
_01697_,15.98µm
_02938_,15.98µm
_03664_,15.98µm
_04411_,15.98µm
_06063_,15.98µm
_11508_,15.98µm
_12722_,15.98µm
_13689_,15.98µm
_13706_,15.98µm
_15005_,15.98µm
_14606_,15.97µm
_04644_,15.96µm
_09501_,15.96µm
_10371_,15.96µm
_10895_,15.96µm
_11584_,15.96µm
_13167_,15.96µm
_01221_,15.955µm
_00834_,15.94µm
_07940_,15.94µm
_11884_,15.94µm
_15060_,15.94µm
_09450_,15.93µm
_00794_,15.925µm
_01660_,15.92µm
_04084_,15.92µm
_06340_,15.92µm
_06487_,15.92µm
_08003_,15.92µm
_08316_,15.92µm
_08721_,15.92µm
_13131_,15.92µm
mantisaB0\[23\],15.92µm
_01236_,15.9µm
_03570_,15.9µm
_05427_,15.9µm
_07071_,15.9µm
_08140_,15.9µm
_09084_,15.9µm
_10594_,15.9µm
_11456_,15.9µm
_01461_,15.88µm
_02269_,15.88µm
_02418_,15.88µm
_08243_,15.88µm
_08995_,15.88µm
_09798_,15.88µm
_10285_,15.88µm
_10667_,15.88µm
_10754_,15.88µm
zero2,15.88µm
_00558_,15.87µm
_02465_,15.86µm
_02738_,15.86µm
_07307_,15.86µm
_10471_,15.86µm
_11927_,15.86µm
_14877_,15.86µm
_15013_,15.86µm
four_man\[30\],15.86µm
_02334_,15.84µm
_03823_,15.84µm
_05695_,15.84µm
_07183_,15.84µm
_12613_,15.84µm
net1168,15.84µm
net1183,15.84µm
_12632_,15.835µm
_03495_,15.82µm
_05679_,15.82µm
_07564_,15.82µm
_08116_,15.82µm
_10921_,15.82µm
_12723_,15.82µm
_13969_,15.82µm
_08366_,15.805µm
_01409_,15.8µm
_02072_,15.8µm
_02330_,15.8µm
_02514_,15.8µm
_05474_,15.785µm
_13263_,15.78µm
_13343_,15.78µm
_05697_,15.775µm
_00697_,15.76µm
_04366_,15.76µm
_07173_,15.76µm
_10583_,15.76µm
_10766_,15.76µm
_12067_,15.76µm
_13445_,15.76µm
_14994_,15.76µm
_01170_,15.745µm
_03868_,15.74µm
_03923_,15.74µm
_04059_,15.74µm
_04341_,15.74µm
_07277_,15.74µm
_09710_,15.74µm
_09986_,15.74µm
_12023_,15.74µm
_12207_,15.74µm
_12718_,15.74µm
_12940_,15.74µm
_13039_,15.74µm
_14342_,15.735µm
_00481_,15.72µm
_03087_,15.72µm
_03927_,15.72µm
_03928_,15.72µm
_04414_,15.72µm
_06524_,15.72µm
_06827_,15.72µm
_07672_,15.72µm
_09670_,15.72µm
_10360_,15.72µm
_13844_,15.72µm
_14589_,15.72µm
_03138_,15.7µm
_06504_,15.7µm
_08118_,15.7µm
_13089_,15.7µm
_14075_,15.7µm
_04103_,15.69µm
_02310_,15.68µm
_05933_,15.68µm
_06046_,15.68µm
_09511_,15.68µm
_10501_,15.68µm
_10951_,15.68µm
_12614_,15.68µm
_00669_,15.66µm
_00815_,15.66µm
_03316_,15.66µm
_14831_,15.65µm
_03003_,15.64µm
_03021_,15.64µm
_03588_,15.64µm
_04538_,15.64µm
_04810_,15.64µm
_05437_,15.64µm
_05590_,15.64µm
_08779_,15.64µm
_13990_,15.64µm
_14128_,15.64µm
_01058_,15.62µm
_06122_,15.62µm
_07178_,15.62µm
_07924_,15.62µm
_08317_,15.62µm
_08736_,15.62µm
_14213_,15.61µm
_00938_,15.6µm
_03031_,15.6µm
_03489_,15.6µm
_04826_,15.6µm
_09229_,15.6µm
_09257_,15.6µm
_13244_,15.6µm
_04129_,15.58µm
_05944_,15.58µm
_09770_,15.58µm
_12608_,15.58µm
_03434_,15.575µm
_03140_,15.56µm
_03924_,15.56µm
_04909_,15.56µm
_06743_,15.56µm
_09403_,15.56µm
_14582_,15.56µm
_13629_,15.54µm
_13703_,15.54µm
_04756_,15.525µm
_09569_,15.52µm
_09960_,15.52µm
net1003,15.52µm
_09408_,15.51µm
_14542_,15.5µm
_00322_,15.495µm
_01700_,15.48µm
_02493_,15.48µm
_04707_,15.48µm
_05612_,15.48µm
_06188_,15.48µm
_06530_,15.48µm
_08845_,15.48µm
_09820_,15.48µm
_10700_,15.48µm
_12220_,15.48µm
_14538_,15.48µm
_15126_,15.48µm
_02351_,15.46µm
_03029_,15.46µm
_07279_,15.46µm
_09757_,15.46µm
_10523_,15.46µm
_12553_,15.46µm
_14054_,15.46µm
_14235_,15.46µm
_02169_,15.44µm
_03518_,15.44µm
_00282_,15.42µm
_03535_,15.42µm
_04529_,15.42µm
_05319_,15.42µm
_06924_,15.42µm
_08625_,15.42µm
_10507_,15.42µm
_10880_,15.42µm
_02363_,15.41µm
_02450_,15.4µm
_02491_,15.4µm
_07372_,15.4µm
_08671_,15.4µm
net1059,15.4µm
_00368_,15.38µm
_02718_,15.38µm
_03500_,15.38µm
_07036_,15.38µm
_08696_,15.38µm
_09359_,15.38µm
_09756_,15.38µm
_12910_,15.38µm
_02815_,15.36µm
_08656_,15.36µm
_10546_,15.36µm
_11485_,15.36µm
_14699_,15.36µm
_06321_,15.34µm
_07225_,15.34µm
_11129_,15.34µm
_11234_,15.34µm
_11744_,15.34µm
_12362_,15.34µm
_13656_,15.34µm
mantisaB0\[12\],15.34µm
_13237_,15.325µm
_00310_,15.32µm
_05942_,15.32µm
_08646_,15.32µm
_10279_,15.32µm
_10393_,15.32µm
_11663_,15.32µm
_06693_,15.315µm
_02804_,15.3µm
_02863_,15.3µm
_06833_,15.3µm
_09271_,15.3µm
_09365_,15.3µm
_09438_,15.3µm
_04974_,15.28µm
_06335_,15.28µm
_10585_,15.28µm
_12531_,15.28µm
_12695_,15.27µm
_02167_,15.26µm
_03765_,15.26µm
_04011_,15.26µm
_11801_,15.26µm
_11839_,15.26µm
_12515_,15.26µm
expmiddlea\[4\],15.26µm
_01269_,15.24µm
_03171_,15.24µm
_03522_,15.24µm
_07136_,15.24µm
_07772_,15.24µm
_08974_,15.24µm
_09150_,15.24µm
_12758_,15.24µm
_14252_,15.24µm
_08204_,15.235µm
_01063_,15.225µm
_00753_,15.22µm
_03988_,15.22µm
_07447_,15.22µm
_08030_,15.22µm
_12377_,15.22µm
_13776_,15.22µm
_11425_,15.21µm
_09785_,15.2µm
_14739_,15.2µm
_08330_,15.19µm
_02728_,15.18µm
_03636_,15.18µm
_03712_,15.18µm
_09104_,15.18µm
_10119_,15.18µm
_10850_,15.18µm
_13265_,15.18µm
_14184_,15.18µm
_14964_,15.18µm
_15118_,15.18µm
_03543_,15.16µm
_06285_,15.16µm
_08614_,15.16µm
_13117_,15.16µm
_13432_,15.16µm
_13884_,15.16µm
net28,15.16µm
_02132_,15.14µm
_02254_,15.14µm
_02791_,15.14µm
_02895_,15.14µm
_04727_,15.14µm
_08229_,15.14µm
_10602_,15.14µm
expadd\[4\],15.14µm
_03256_,15.12µm
_03839_,15.12µm
_05940_,15.12µm
_12985_,15.12µm
_13574_,15.12µm
_13615_,15.12µm
_13800_,15.12µm
_01755_,15.105µm
_05057_,15.1µm
_05848_,15.1µm
_06381_,15.1µm
_08594_,15.1µm
_13122_,15.1µm
_13622_,15.1µm
net153,15.1µm
_05205_,15.08µm
_05957_,15.08µm
_07965_,15.08µm
_08156_,15.08µm
_08235_,15.08µm
_12072_,15.08µm
_03226_,15.06µm
_03761_,15.04µm
_08273_,15.04µm
_09277_,15.04µm
_12482_,15.04µm
net304,15.04µm
_01072_,15.02µm
_05483_,15.02µm
_05882_,15.02µm
_07201_,15.02µm
_08489_,15.02µm
_08880_,15.02µm
_11440_,15.02µm
_12274_,15.02µm
_13393_,15.02µm
_14389_,15.02µm
_05488_,15.015µm
_00862_,15.01µm
net1099,15.005µm
_00613_,15µm
_02321_,15µm
_03472_,15µm
_07709_,15µm
_08893_,15µm
_12805_,15µm
_08546_,14.99µm
_01118_,14.98µm
_01628_,14.98µm
_03297_,14.98µm
_08499_,14.98µm
_10772_,14.98µm
_11128_,14.98µm
_11397_,14.98µm
_13143_,14.98µm
_10446_,14.975µm
mantisaB[0],14.97µm
_02697_,14.96µm
_11520_,14.96µm
_13280_,14.96µm
_14958_,14.96µm
_13593_,14.945µm
_01993_,14.94µm
_02144_,14.94µm
_04413_,14.94µm
_04819_,14.94µm
_07490_,14.94µm
_01330_,14.92µm
_05014_,14.92µm
_11673_,14.92µm
_09000_,14.915µm
_08615_,14.905µm
_12930_,14.905µm
_01213_,14.9µm
_02902_,14.9µm
_02991_,14.9µm
_03318_,14.9µm
_08535_,14.9µm
_10150_,14.9µm
_12639_,14.9µm
_13277_,14.9µm
_13463_,14.9µm
_14832_,14.9µm
_01304_,14.88µm
_01519_,14.88µm
_03603_,14.88µm
_04175_,14.88µm
_05767_,14.88µm
_06326_,14.88µm
_06735_,14.88µm
_08001_,14.88µm
_12403_,14.88µm
_12424_,14.88µm
expmiddleb\[7\],14.88µm
net1164,14.88µm
_14546_,14.87µm
_02523_,14.86µm
_03763_,14.86µm
_04312_,14.86µm
_08060_,14.86µm
_08684_,14.86µm
_09909_,14.86µm
_11105_,14.86µm
_11355_,14.86µm
_02581_,14.84µm
_12504_,14.84µm
_13819_,14.84µm
_01841_,14.82µm
_06347_,14.82µm
_07024_,14.82µm
mantisa[7],14.81µm
_01571_,14.8µm
_05376_,14.8µm
_09413_,14.8µm
_11189_,14.8µm
_04150_,14.79µm
_00994_,14.78µm
_01793_,14.78µm
_02118_,14.78µm
_08484_,14.78µm
_09267_,14.78µm
_09514_,14.78µm
_11353_,14.78µm
_12702_,14.78µm
_05036_,14.77µm
_00497_,14.76µm
_01116_,14.76µm
_02907_,14.76µm
_03931_,14.76µm
_04825_,14.76µm
_05185_,14.76µm
_06832_,14.76µm
_08358_,14.76µm
_10482_,14.76µm
_11731_,14.76µm
_13133_,14.76µm
net1128,14.76µm
_07677_,14.75µm
_05758_,14.74µm
_05783_,14.74µm
_06702_,14.74µm
_08165_,14.74µm
_08687_,14.74µm
_10314_,14.74µm
_11138_,14.73µm
_00647_,14.72µm
_00695_,14.72µm
_02122_,14.72µm
_02238_,14.72µm
_03784_,14.72µm
_04731_,14.72µm
_07235_,14.72µm
_07863_,14.72µm
_10623_,14.72µm
_02724_,14.7µm
_02982_,14.7µm
_06080_,14.7µm
_07877_,14.7µm
_10654_,14.7µm
_15039_,14.7µm
_01509_,14.68µm
_06984_,14.68µm
_07395_,14.68µm
clknet_leaf_45_clk,14.68µm
_08562_,14.665µm
_04805_,14.66µm
_06362_,14.66µm
_09617_,14.66µm
_13095_,14.66µm
_05095_,14.645µm
_00507_,14.64µm
_02392_,14.64µm
_03101_,14.64µm
_04192_,14.64µm
_04968_,14.64µm
_05265_,14.64µm
_05485_,14.64µm
_06302_,14.64µm
_07208_,14.64µm
_07961_,14.64µm
_09790_,14.64µm
_10398_,14.64µm
_02741_,14.625µm
_02850_,14.62µm
_05295_,14.62µm
_09684_,14.62µm
_14264_,14.62µm
_14564_,14.62µm
_01412_,14.61µm
_01225_,14.6µm
_02107_,14.6µm
_03279_,14.6µm
_04830_,14.6µm
_08606_,14.6µm
_09348_,14.6µm
_09987_,14.6µm
_12250_,14.6µm
_13568_,14.6µm
net59,14.6µm
_05238_,14.58µm
_12548_,14.58µm
net10,14.565µm
_05350_,14.56µm
_05512_,14.56µm
_07580_,14.56µm
_12120_,14.56µm
_04141_,14.55µm
_03856_,14.54µm
_05862_,14.54µm
_06145_,14.54µm
_10516_,14.54µm
mantisaA0\[3\],14.54µm
_01983_,14.52µm
_02394_,14.52µm
_03974_,14.52µm
_04837_,14.52µm
_05435_,14.52µm
_10995_,14.52µm
_11947_,14.52µm
_12198_,14.52µm
_07384_,14.5µm
_14338_,14.5µm
_02249_,14.485µm
_01811_,14.48µm
_03284_,14.48µm
_04065_,14.48µm
_06457_,14.48µm
_07069_,14.48µm
_08904_,14.48µm
_10190_,14.48µm
_11149_,14.48µm
_11624_,14.48µm
_13214_,14.48µm
_13438_,14.48µm
_14144_,14.48µm
_14726_,14.48µm
_14829_,14.48µm
_05145_,14.475µm
_01771_,14.46µm
_03391_,14.46µm
_03416_,14.46µm
_08041_,14.46µm
_08853_,14.46µm
_12416_,14.46µm
_00983_,14.44µm
_02487_,14.44µm
_05908_,14.44µm
_08949_,14.44µm
_09815_,14.44µm
_10340_,14.44µm
_10868_,14.44µm
_11606_,14.44µm
_13607_,14.44µm
_14201_,14.44µm
net158,14.44µm
_03387_,14.42µm
_06724_,14.42µm
_07287_,14.42µm
_07892_,14.42µm
_08882_,14.42µm
_10303_,14.42µm
_13304_,14.42µm
_01619_,14.415µm
_08794_,14.415µm
_03676_,14.41µm
_00340_,14.4µm
_01306_,14.4µm
_05303_,14.4µm
_08259_,14.4µm
_08943_,14.4µm
_08981_,14.4µm
_14610_,14.4µm
_04669_,14.38µm
_07101_,14.38µm
_08389_,14.38µm
_12932_,14.38µm
_13191_,14.38µm
_13420_,14.38µm
_14499_,14.38µm
_01887_,14.36µm
_02848_,14.36µm
_04008_,14.36µm
_04981_,14.36µm
_05104_,14.36µm
_05513_,14.36µm
_06493_,14.36µm
_11381_,14.36µm
_02117_,14.35µm
_00417_,14.345µm
_00846_,14.34µm
_02722_,14.34µm
_04258_,14.34µm
_05369_,14.34µm
_05578_,14.34µm
_05819_,14.34µm
_06226_,14.34µm
_12049_,14.34µm
_12178_,14.34µm
_13720_,14.34µm
_13966_,14.34µm
_14693_,14.34µm
_00960_,14.32µm
_01831_,14.32µm
_04112_,14.32µm
_05690_,14.32µm
_06719_,14.32µm
_08422_,14.32µm
_10697_,14.32µm
_11384_,14.32µm
_12878_,14.32µm
_13742_,14.32µm
_14824_,14.32µm
_14879_,14.32µm
_01376_,14.3µm
_02042_,14.3µm
_07563_,14.3µm
_09047_,14.3µm
_11033_,14.3µm
_13075_,14.3µm
_02704_,14.28µm
_06755_,14.28µm
_12254_,14.28µm
_13981_,14.28µm
net1155,14.28µm
_14913_,14.275µm
_03136_,14.265µm
_01553_,14.26µm
_01776_,14.26µm
_02385_,14.26µm
_06885_,14.26µm
_08792_,14.26µm
_09051_,14.26µm
_09864_,14.26µm
_11560_,14.26µm
_12862_,14.26µm
_13902_,14.25µm
_01609_,14.24µm
_01886_,14.24µm
_06506_,14.24µm
_12535_,14.24µm
_14947_,14.24µm
_00395_,14.22µm
_03545_,14.22µm
_04587_,14.22µm
_05323_,14.22µm
_05499_,14.22µm
_05778_,14.22µm
_09237_,14.22µm
_09885_,14.22µm
_12557_,14.22µm
_13553_,14.22µm
_01029_,14.2µm
_01982_,14.2µm
_02411_,14.2µm
_05140_,14.2µm
_06823_,14.2µm
_07609_,14.2µm
_07687_,14.2µm
_15129_,14.2µm
net56,14.2µm
_14781_,14.19µm
_00353_,14.18µm
_00529_,14.18µm
_01003_,14.18µm
_04682_,14.18µm
_05769_,14.18µm
_06860_,14.18µm
_09583_,14.18µm
_12572_,14.18µm
_12952_,14.18µm
_14880_,14.18µm
_00953_,14.16µm
_01074_,14.16µm
_03534_,14.16µm
_04002_,14.16µm
_06675_,14.16µm
_12945_,14.16µm
_14415_,14.16µm
_01270_,14.14µm
_02643_,14.14µm
_03734_,14.14µm
_05236_,14.14µm
_07419_,14.14µm
_07560_,14.14µm
_08009_,14.14µm
_10468_,14.14µm
_03771_,14.135µm
_04332_,14.135µm
_05533_,14.12µm
_06680_,14.12µm
_09947_,14.12µm
_12990_,14.12µm
_01423_,14.1µm
_01910_,14.1µm
_02694_,14.1µm
_03801_,14.1µm
_04027_,14.1µm
_06930_,14.1µm
_07034_,14.1µm
_07908_,14.1µm
_08111_,14.1µm
_10091_,14.1µm
_11195_,14.1µm
_11268_,14.1µm
_11460_,14.1µm
_12799_,14.1µm
_13501_,14.1µm
_14476_,14.1µm
mantisaAshift\[63\],14.1µm
_01884_,14.095µm
_00858_,14.08µm
_01830_,14.08µm
_03696_,14.08µm
_04803_,14.08µm
_05070_,14.08µm
_08843_,14.08µm
_14150_,14.08µm
mantisaB0\[17\],14.08µm
_01030_,14.06µm
_03162_,14.06µm
_05471_,14.06µm
_08056_,14.06µm
_09744_,14.06µm
_13338_,14.06µm
_01724_,14.04µm
_05271_,14.04µm
_14943_,14.04µm
net73,14.04µm
_06014_,14.02µm
_10537_,14.02µm
_11697_,14.02µm
_12149_,14.02µm
_14479_,14.02µm
_15116_,14.02µm
_02240_,14.01µm
_01542_,14µm
_01940_,14µm
_03723_,14µm
_03915_,14µm
_08914_,14µm
_08937_,14µm
_09239_,14µm
_12848_,14µm
_02490_,13.98µm
_09110_,13.98µm
_11961_,13.98µm
_14394_,13.98µm
_15114_,13.98µm
mantisaA0\[8\],13.98µm
_08693_,13.97µm
_00338_,13.96µm
_00530_,13.96µm
_02578_,13.96µm
_03686_,13.96µm
_03796_,13.96µm
_05146_,13.96µm
_05813_,13.96µm
_09065_,13.96µm
_09842_,13.96µm
_10178_,13.96µm
_11063_,13.96µm
_12313_,13.96µm
_13824_,13.96µm
_13839_,13.96µm
_14954_,13.96µm
_02008_,13.94µm
_02653_,13.94µm
_03651_,13.94µm
_05273_,13.94µm
_08369_,13.94µm
_08992_,13.94µm
_10352_,13.94µm
_10553_,13.94µm
_12304_,13.94µm
_13705_,13.94µm
_14240_,13.94µm
_14496_,13.94µm
_03374_,13.935µm
_02858_,13.92µm
_03604_,13.92µm
_04004_,13.92µm
_09589_,13.92µm
_10046_,13.92µm
_12371_,13.92µm
_05011_,13.9µm
_05206_,13.9µm
_05968_,13.9µm
_06480_,13.9µm
_07882_,13.9µm
_09983_,13.9µm
_11932_,13.9µm
_13330_,13.9µm
_14468_,13.9µm
_14720_,13.9µm
four_man\[28\],13.9µm
_00796_,13.88µm
_01148_,13.88µm
_02675_,13.88µm
_06546_,13.88µm
_06861_,13.88µm
_07667_,13.88µm
_09268_,13.88µm
_10298_,13.88µm
_11458_,13.88µm
_12188_,13.88µm
_03864_,13.865µm
_01227_,13.86µm
_02646_,13.86µm
_03398_,13.86µm
_06440_,13.86µm
_09771_,13.86µm
_01704_,13.84µm
_04658_,13.84µm
_05193_,13.84µm
_05574_,13.84µm
_07807_,13.84µm
_08876_,13.84µm
_09431_,13.84µm
_10004_,13.84µm
_10949_,13.84µm
_11225_,13.84µm
_11618_,13.84µm
_14010_,13.84µm
_05212_,13.82µm
_06525_,13.82µm
_08846_,13.82µm
_10156_,13.82µm
_12931_,13.82µm
exp[3],13.81µm
_01685_,13.8µm
_04577_,13.8µm
_05129_,13.8µm
_07452_,13.8µm
_08697_,13.8µm
_13749_,13.8µm
_09989_,13.795µm
_01648_,13.78µm
_07541_,13.78µm
_08884_,13.78µm
_10765_,13.78µm
_05215_,13.765µm
_02370_,13.76µm
_03408_,13.76µm
_04804_,13.76µm
_07114_,13.76µm
_07796_,13.76µm
_08569_,13.76µm
_10736_,13.76µm
_13156_,13.76µm
_06993_,13.755µm
_06603_,13.74µm
_09689_,13.74µm
_09698_,13.74µm
_10686_,13.74µm
_12814_,13.74µm
_00365_,13.72µm
_00488_,13.72µm
_00851_,13.72µm
_02637_,13.72µm
_04097_,13.72µm
_05501_,13.72µm
_05658_,13.72µm
_06446_,13.72µm
_06825_,13.72µm
_13018_,13.72µm
net33,13.72µm
_11781_,13.715µm
_04728_,13.71µm
_09834_,13.71µm
mantisa[1],13.71µm
_08745_,13.7µm
_10741_,13.7µm
_13130_,13.7µm
_12681_,13.695µm
_15135_,13.69µm
_00458_,13.68µm
_00843_,13.68µm
_02956_,13.68µm
_08661_,13.68µm
_09610_,13.68µm
_13591_,13.68µm
net1145,13.68µm
_00489_,13.66µm
_04063_,13.66µm
net147,13.66µm
_00990_,13.64µm
_02086_,13.64µm
_05026_,13.64µm
_06293_,13.64µm
_06447_,13.64µm
_09181_,13.64µm
_09309_,13.64µm
_10923_,13.64µm
_14295_,13.64µm
_02683_,13.62µm
_05027_,13.62µm
_05595_,13.62µm
_06211_,13.62µm
_11644_,13.62µm
_12976_,13.62µm
_08907_,13.605µm
_00547_,13.6µm
_03725_,13.6µm
_03846_,13.6µm
_04111_,13.6µm
_05648_,13.6µm
_05724_,13.6µm
_06556_,13.6µm
_06857_,13.6µm
_07130_,13.6µm
_09210_,13.6µm
_13135_,13.6µm
_14241_,13.6µm
_06305_,13.58µm
_06616_,13.58µm
_07273_,13.58µm
_10608_,13.58µm
mantisaA0\[11\],13.58µm
_03233_,13.56µm
_04899_,13.56µm
_08623_,13.56µm
_09127_,13.56µm
_09658_,13.56µm
_10319_,13.56µm
_12924_,13.56µm
_13269_,13.56µm
net1177,13.56µm
_00792_,13.545µm
_03358_,13.54µm
_03675_,13.54µm
_04057_,13.54µm
_04421_,13.54µm
_04563_,13.54µm
_04740_,13.54µm
_04933_,13.54µm
_07035_,13.54µm
_08133_,13.54µm
_10160_,13.54µm
_13147_,13.54µm
net1162,13.54µm
_01929_,13.52µm
_05941_,13.52µm
_06983_,13.52µm
_07972_,13.52µm
_12353_,13.52µm
_13053_,13.52µm
_13949_,13.515µm
_01623_,13.5µm
_01633_,13.5µm
_02417_,13.5µm
_04726_,13.5µm
_05983_,13.5µm
_06777_,13.5µm
_08439_,13.5µm
_10086_,13.5µm
_10301_,13.5µm
_11248_,13.5µm
_13745_,13.5µm
_14446_,13.5µm
_00262_,13.49µm
_02796_,13.485µm
_08694_,13.485µm
_03291_,13.48µm
_05424_,13.48µm
_07284_,13.48µm
_08214_,13.48µm
_09235_,13.48µm
_11197_,13.48µm
_14299_,13.48µm
_00635_,13.46µm
_02822_,13.46µm
_03785_,13.46µm
_03918_,13.46µm
_06617_,13.46µm
_07512_,13.46µm
_11208_,13.46µm
_11694_,13.46µm
_12669_,13.46µm
_13123_,13.46µm
_13434_,13.46µm
_14975_,13.46µm
net179,13.46µm
_01293_,13.44µm
_04874_,13.44µm
_06988_,13.44µm
_09206_,13.44µm
_13232_,13.44µm
_01069_,13.43µm
_03833_,13.43µm
_00927_,13.42µm
_01649_,13.42µm
_01988_,13.42µm
_04350_,13.42µm
_05254_,13.42µm
_07481_,13.42µm
_08585_,13.42µm
_09499_,13.42µm
_10372_,13.42µm
_12076_,13.42µm
_12701_,13.42µm
_13595_,13.42µm
_09367_,13.41µm
_00627_,13.4µm
_01872_,13.4µm
_03116_,13.4µm
_04080_,13.4µm
_06317_,13.4µm
_14626_,13.4µm
net229,13.4µm
_14401_,13.385µm
_00630_,13.38µm
_01742_,13.38µm
_06105_,13.38µm
_06583_,13.38µm
_07275_,13.38µm
_08610_,13.38µm
_09169_,13.38µm
_09289_,13.38µm
_10846_,13.38µm
_13043_,13.38µm
_14763_,13.38µm
_06540_,13.37µm
_13356_,13.365µm
_07000_,13.36µm
_07605_,13.36µm
_08908_,13.36µm
_13826_,13.36µm
_14369_,13.36µm
_14646_,13.36µm
_00993_,13.355µm
_00545_,13.34µm
_01336_,13.34µm
_06794_,13.34µm
_09806_,13.34µm
_10044_,13.34µm
_13028_,13.34µm
_13627_,13.34µm
_00042_,13.32µm
_00773_,13.32µm
_04846_,13.32µm
_11167_,13.32µm
_00272_,13.3µm
_01401_,13.3µm
_02234_,13.3µm
_03608_,13.3µm
_05327_,13.3µm
_05347_,13.3µm
_06324_,13.3µm
_06580_,13.3µm
_08113_,13.3µm
_08264_,13.3µm
_08667_,13.3µm
_08993_,13.3µm
_09360_,13.3µm
_10451_,13.3µm
net1171,13.3µm
_07259_,13.29µm
_02258_,13.28µm
_12792_,13.28µm
_12975_,13.28µm
_00299_,13.26µm
_03836_,13.26µm
_05351_,13.26µm
_05837_,13.26µm
_06801_,13.26µm
_07083_,13.26µm
_11938_,13.26µm
_12329_,13.26µm
_14033_,13.26µm
_01177_,13.25µm
_00511_,13.24µm
_03708_,13.24µm
_04722_,13.24µm
_09847_,13.24µm
_00013_,13.225µm
_03006_,13.22µm
_05005_,13.22µm
_06758_,13.22µm
_06787_,13.22µm
_08180_,13.22µm
_08497_,13.22µm
_08705_,13.22µm
_09236_,13.22µm
_12641_,13.22µm
_13937_,13.22µm
_14249_,13.22µm
_02480_,13.2µm
_04334_,13.2µm
_05615_,13.2µm
_06630_,13.2µm
_12782_,13.2µm
_14619_,13.2µm
_00363_,13.195µm
_06685_,13.195µm
_00158_,13.18µm
_02359_,13.18µm
_03356_,13.18µm
_04158_,13.18µm
_05220_,13.18µm
_05951_,13.18µm
_08303_,13.18µm
_08869_,13.18µm
_10466_,13.18µm
_13756_,13.18µm
_14578_,13.18µm
expadd\[6\],13.18µm
_10206_,13.17µm
_02971_,13.16µm
_06474_,13.16µm
_09253_,13.16µm
_10061_,13.16µm
_10749_,13.16µm
_10954_,13.16µm
_13453_,13.16µm
_13557_,13.16µm
mantisaB0\[13\],13.16µm
net68,13.16µm
_05540_,13.14µm
_05841_,13.14µm
_06332_,13.14µm
_09041_,13.14µm
_11080_,13.14µm
_11468_,13.14µm
_13183_,13.14µm
_13777_,13.14µm
_14286_,13.14µm
_02463_,13.135µm
_12278_,13.12µm
_13874_,13.12µm
net1173,13.12µm
_12455_,13.105µm
_01265_,13.1µm
_02172_,13.1µm
_02308_,13.1µm
_03616_,13.1µm
_03666_,13.1µm
_03787_,13.1µm
_04393_,13.1µm
_04532_,13.1µm
_04797_,13.1µm
_05255_,13.1µm
_06104_,13.1µm
_07415_,13.1µm
_07711_,13.1µm
_10064_,13.1µm
_11266_,13.1µm
_11640_,13.1µm
_14245_,13.1µm
_14757_,13.1µm
_02713_,13.08µm
_02860_,13.08µm
_04342_,13.08µm
_05466_,13.08µm
_06713_,13.08µm
_10778_,13.08µm
_11256_,13.08µm
_11401_,13.08µm
_13353_,13.08µm
net133,13.08µm
_02622_,13.06µm
_03050_,13.06µm
_06018_,13.06µm
_08288_,13.06µm
_08434_,13.06µm
_09854_,13.06µm
_12388_,13.06µm
_01635_,13.04µm
_02155_,13.04µm
_02537_,13.04µm
_03099_,13.04µm
_05189_,13.04µm
_05361_,13.04µm
_06367_,13.04µm
_06426_,13.04µm
_06671_,13.04µm
_07381_,13.04µm
_09334_,13.04µm
_09719_,13.04µm
_10323_,13.04µm
_12384_,13.04µm
_14146_,13.04µm
_14566_,13.04µm
_14779_,13.04µm
_14980_,13.04µm
_02253_,13.02µm
_06852_,13.02µm
_09313_,13.02µm
_11228_,13.02µm
_03788_,13µm
_05366_,13µm
_08510_,13µm
_10364_,13µm
_12212_,13µm
_12578_,13µm
net105,13µm
_10514_,12.99µm
_01869_,12.98µm
_03319_,12.98µm
_08513_,12.98µm
_09706_,12.98µm
_00427_,12.96µm
_02071_,12.96µm
_03430_,12.96µm
_04733_,12.96µm
_08099_,12.96µm
_08134_,12.96µm
_10483_,12.96µm
_11005_,12.96µm
_13016_,12.96µm
_13504_,12.96µm
_13676_,12.96µm
clknet_leaf_31_clk,12.96µm
_09593_,12.95µm
_00434_,12.94µm
_00460_,12.94µm
_02560_,12.94µm
_07797_,12.94µm
_14652_,12.94µm
_07089_,12.935µm
_00339_,12.92µm
_00586_,12.92µm
_01216_,12.92µm
_02414_,12.92µm
_02972_,12.92µm
_06400_,12.92µm
_09428_,12.92µm
_09481_,12.92µm
_11358_,12.92µm
_11359_,12.92µm
_11792_,12.92µm
_11917_,12.92µm
_03189_,12.915µm
_08329_,12.91µm
_01348_,12.9µm
_02136_,12.9µm
_03591_,12.9µm
_04886_,12.9µm
_06382_,12.9µm
_09810_,12.9µm
_10059_,12.9µm
_11545_,12.9µm
_11779_,12.9µm
_00650_,12.88µm
_01303_,12.88µm
_03123_,12.88µm
_03530_,12.88µm
_04437_,12.88µm
_05285_,12.88µm
_05981_,12.88µm
_07915_,12.88µm
_09666_,12.88µm
_10884_,12.88µm
_08196_,12.875µm
_00129_,12.865µm
_00873_,12.86µm
_05739_,12.86µm
_05859_,12.86µm
_05972_,12.86µm
_08004_,12.86µm
_11032_,12.86µm
_11099_,12.86µm
_01474_,12.855µm
_01040_,12.84µm
_01080_,12.84µm
_02884_,12.84µm
_04714_,12.84µm
_05912_,12.84µm
_06133_,12.84µm
_06151_,12.84µm
_07596_,12.84µm
_07935_,12.84µm
_09377_,12.84µm
_09632_,12.84µm
_11822_,12.84µm
_13587_,12.84µm
_14219_,12.84µm
_14523_,12.84µm
_03060_,12.83µm
_10710_,12.825µm
_00805_,12.82µm
_03208_,12.82µm
_10272_,12.82µm
_13849_,12.82µm
_03059_,12.8µm
_05545_,12.8µm
_06596_,12.8µm
_08036_,12.8µm
_08906_,12.8µm
_09625_,12.8µm
_09731_,12.8µm
_11633_,12.8µm
_11946_,12.8µm
_13603_,12.8µm
_14293_,12.8µm
_09128_,12.795µm
_00121_,12.785µm
_02060_,12.78µm
_06720_,12.78µm
_12908_,12.775µm
net337,12.77µm
_00881_,12.76µm
_03090_,12.76µm
_03899_,12.76µm
_08207_,12.76µm
_09521_,12.76µm
_09801_,12.76µm
_00332_,12.74µm
_01052_,12.74µm
_02879_,12.74µm
_03961_,12.74µm
_06361_,12.74µm
_09195_,12.74µm
_10756_,12.74µm
_12039_,12.73µm
_01641_,12.72µm
_02160_,12.72µm
_02286_,12.72µm
_03182_,12.72µm
_03548_,12.72µm
_05127_,12.72µm
_05204_,12.72µm
_06192_,12.72µm
_07207_,12.72µm
_07226_,12.72µm
_09598_,12.72µm
_14608_,12.72µm
_13863_,12.71µm
_00409_,12.7µm
_01237_,12.7µm
_02708_,12.7µm
_04843_,12.7µm
_07888_,12.7µm
_14563_,12.7µm
_14752_,12.7µm
expmiddleb\[6\],12.7µm
_01853_,12.68µm
_09193_,12.68µm
_02582_,12.66µm
_04896_,12.66µm
_07386_,12.66µm
_08175_,12.66µm
_09824_,12.66µm
_10214_,12.66µm
_12977_,12.655µm
_00963_,12.64µm
_04270_,12.64µm
_04584_,12.64µm
_06076_,12.64µm
_07513_,12.64µm
_09608_,12.64µm
_11166_,12.64µm
_12446_,12.64µm
_03520_,12.635µm
_00012_,12.625µm
_03619_,12.62µm
_03644_,12.62µm
_05174_,12.62µm
_05642_,12.62µm
_06417_,12.62µm
_08032_,12.62µm
_08475_,12.62µm
_13444_,12.62µm
_13960_,12.62µm
_14339_,12.62µm
net163,12.62µm
_00290_,12.6µm
_00766_,12.6µm
_01713_,12.6µm
_04761_,12.6µm
_07645_,12.6µm
_08911_,12.6µm
_13721_,12.6µm
_11285_,12.59µm
_09623_,12.58µm
_09862_,12.58µm
_10573_,12.58µm
_12062_,12.58µm
_12401_,12.58µm
_13004_,12.58µm
net75,12.58µm
_00581_,12.56µm
_00767_,12.56µm
_06678_,12.56µm
_06783_,12.56µm
_07370_,12.56µm
_07698_,12.56µm
_09418_,12.56µm
_10115_,12.56µm
_11960_,12.56µm
mantisaB[1],12.55µm
_11585_,12.545µm
_04133_,12.54µm
_07842_,12.54µm
_08677_,12.54µm
_09276_,12.54µm
_09454_,12.54µm
_09805_,12.54µm
_08664_,12.52µm
_10744_,12.52µm
_12828_,12.52µm
_13739_,12.52µm
_01545_,12.5µm
_01942_,12.5µm
_05969_,12.5µm
_06159_,12.5µm
_06552_,12.5µm
_13841_,12.5µm
_15078_,12.5µm
net1161,12.5µm
_06288_,12.495µm
_02174_,12.48µm
_05505_,12.48µm
_06312_,12.48µm
_09380_,12.48µm
_11173_,12.48µm
_11289_,12.48µm
_09286_,12.47µm
_01503_,12.465µm
_04882_,12.46µm
_08268_,12.46µm
_08309_,12.46µm
_08457_,12.46µm
_08883_,12.46µm
_08990_,12.46µm
_11622_,12.46µm
_14325_,12.46µm
_03835_,12.44µm
_08361_,12.44µm
_10077_,12.44µm
_10134_,12.44µm
_11068_,12.44µm
_12598_,12.44µm
_13346_,12.44µm
_00576_,12.42µm
_00637_,12.42µm
_01839_,12.42µm
_04156_,12.42µm
_06513_,12.42µm
_07585_,12.42µm
_09244_,12.42µm
_10336_,12.42µm
_10486_,12.42µm
_10824_,12.42µm
_11193_,12.42µm
_11418_,12.42µm
_14576_,12.42µm
_05888_,12.405µm
_01008_,12.4µm
_04213_,12.4µm
_06168_,12.4µm
_08255_,12.4µm
_11764_,12.4µm
mantisaA[3],12.4µm
mantisaB[15],12.4µm
net1185,12.4µm
_00537_,12.38µm
_02044_,12.38µm
_02354_,12.38µm
_03288_,12.38µm
_06489_,12.38µm
_07793_,12.38µm
_08657_,12.38µm
_14152_,12.38µm
_01279_,12.37µm
_12622_,12.365µm
_02277_,12.36µm
_04794_,12.36µm
_05601_,12.36µm
net1111,12.36µm
_01671_,12.34µm
_05618_,12.34µm
_07964_,12.34µm
_08010_,12.34µm
_08178_,12.34µm
_09275_,12.34µm
_09390_,12.34µm
_10053_,12.34µm
_10854_,12.34µm
_12973_,12.34µm
_13798_,12.34µm
_15081_,12.34µm
_01721_,12.32µm
_07274_,12.32µm
_11410_,12.32µm
_12979_,12.32µm
_13288_,12.32µm
_06605_,12.31µm
_13045_,12.31µm
_00609_,12.3µm
_02477_,12.3µm
_03411_,12.3µm
_03914_,12.3µm
_07112_,12.3µm
_09839_,12.3µm
_13134_,12.3µm
_14571_,12.3µm
_02336_,12.28µm
_03137_,12.28µm
_04634_,12.28µm
_06227_,12.28µm
_07194_,12.28µm
_00428_,12.26µm
_03512_,12.26µm
_05447_,12.26µm
_06738_,12.26µm
_08367_,12.26µm
_11346_,12.26µm
_13200_,12.26µm
_14627_,12.26µm
four_man\[22\],12.26µm
_10165_,12.25µm
_01383_,12.24µm
_04385_,12.24µm
_04496_,12.24µm
_05291_,12.24µm
_05792_,12.24µm
_07127_,12.24µm
_13187_,12.24µm
_14058_,12.24µm
_03410_,12.225µm
_01937_,12.22µm
_08380_,12.22µm
_10128_,12.22µm
_10638_,12.22µm
_12417_,12.22µm
_12808_,12.22µm
net1021,12.22µm
_06042_,12.2µm
_06978_,12.2µm
_09152_,12.2µm
_13148_,12.2µm
_15037_,12.2µm
mantisaA0\[4\],12.2µm
_00787_,12.18µm
_02400_,12.18µm
_03934_,12.18µm
_03952_,12.18µm
_06776_,12.18µm
_07132_,12.18µm
_08300_,12.18µm
_08432_,12.18µm
_11124_,12.18µm
_12559_,12.18µm
_14204_,12.18µm
_05704_,12.17µm
_05368_,12.16µm
_05866_,12.16µm
_06349_,12.16µm
_06683_,12.16µm
_07126_,12.16µm
_07145_,12.16µm
_07722_,12.16µm
_07943_,12.16µm
_08008_,12.16µm
_09394_,12.16µm
_09574_,12.16µm
_10696_,12.16µm
_11551_,12.16µm
net38,12.16µm
_01013_,12.14µm
_01138_,12.14µm
_01722_,12.14µm
_03618_,12.14µm
_10512_,12.14µm
_11854_,12.14µm
_13411_,12.14µm
_01897_,12.12µm
_02700_,12.12µm
_03084_,12.12µm
_03506_,12.12µm
_05067_,12.12µm
_05099_,12.12µm
_05588_,12.12µm
_06711_,12.12µm
_07591_,12.12µm
_08146_,12.12µm
_08950_,12.12µm
_09082_,12.12µm
_10492_,12.12µm
_11283_,12.12µm
_13680_,12.12µm
_14899_,12.12µm
_15059_,12.12µm
_05624_,12.115µm
_00861_,12.1µm
_05817_,12.1µm
_05954_,12.1µm
_06585_,12.1µm
_06779_,12.1µm
_09517_,12.1µm
_09575_,12.1µm
_10265_,12.1µm
_14137_,12.1µm
_14733_,12.1µm
_11908_,12.09µm
net1097,12.085µm
_01295_,12.08µm
_01462_,12.08µm
_02528_,12.08µm
_02887_,12.08µm
_05455_,12.08µm
_05577_,12.08µm
_06392_,12.08µm
_06770_,12.08µm
_06850_,12.08µm
_07253_,12.08µm
_03372_,12.06µm
_04613_,12.06µm
_07033_,12.06µm
_08000_,12.06µm
_09462_,12.06µm
_11806_,12.06µm
_03886_,12.05µm
_00330_,12.04µm
_00779_,12.04µm
_01591_,12.04µm
_03338_,12.04µm
_03622_,12.04µm
_03674_,12.04µm
_04151_,12.04µm
_04721_,12.04µm
_06843_,12.04µm
_08298_,12.04µm
_09429_,12.04µm
_12659_,12.04µm
_13468_,12.04µm
expmiddled\[4\],12.04µm
_02233_,12.035µm
_03624_,12.02µm
_07154_,12.02µm
_07552_,12.02µm
_09725_,12.02µm
_10402_,12.02µm
_01552_,12.005µm
_00788_,12µm
_02187_,12µm
_02529_,12µm
_06996_,12µm
_08536_,12µm
_14506_,12µm
_02120_,11.99µm
_07613_,11.98µm
_08379_,11.98µm
_12040_,11.98µm
_12711_,11.98µm
_13803_,11.98µm
_03362_,11.975µm
_00645_,11.96µm
_01794_,11.96µm
_04704_,11.96µm
_05209_,11.96µm
_07228_,11.96µm
_13764_,11.96µm
_13972_,11.96µm
_14130_,11.96µm
_02342_,11.94µm
_03267_,11.94µm
_13987_,11.94µm
mantisaA[22],11.94µm
_02076_,11.92µm
_04092_,11.92µm
_08547_,11.92µm
_09797_,11.92µm
_10197_,11.92µm
_12998_,11.92µm
_14059_,11.92µm
_14282_,11.92µm
_01400_,11.9µm
_02753_,11.9µm
_04598_,11.9µm
_13199_,11.9µm
_13848_,11.9µm
_01480_,11.88µm
_03597_,11.88µm
_03682_,11.88µm
_05732_,11.88µm
_07014_,11.88µm
_08835_,11.88µm
_09669_,11.88µm
_09712_,11.88µm
_10088_,11.88µm
_11915_,11.88µm
_04321_,11.86µm
_04984_,11.86µm
_06838_,11.86µm
_08462_,11.86µm
_09645_,11.86µm
_10167_,11.86µm
_10505_,11.86µm
_13398_,11.86µm
_09222_,11.85µm
_03439_,11.84µm
_03516_,11.84µm
_07971_,11.84µm
_08733_,11.84µm
_09372_,11.84µm
_11652_,11.84µm
_12842_,11.84µm
_13349_,11.84µm
_14210_,11.84µm
_00670_,11.83µm
_01395_,11.82µm
_02108_,11.82µm
_06221_,11.82µm
_08602_,11.82µm
_10273_,11.82µm
_14567_,11.82µm
_14847_,11.82µm
_01254_,11.8µm
_01961_,11.8µm
_02458_,11.8µm
_03015_,11.8µm
_05582_,11.8µm
_06737_,11.8µm
_07147_,11.8µm
_11107_,11.8µm
net1073,11.8µm
net1160,11.8µm
_03082_,11.78µm
_03130_,11.78µm
_03994_,11.78µm
_04666_,11.78µm
_05757_,11.78µm
_08308_,11.78µm
_08986_,11.78µm
_09469_,11.78µm
_09647_,11.78µm
_09882_,11.78µm
_11070_,11.78µm
_11345_,11.78µm
_11959_,11.78µm
_13207_,11.78µm
_14280_,11.78µm
_14601_,11.78µm
net1025,11.78µm
mantisaB[6],11.77µm
_00911_,11.76µm
_11048_,11.76µm
_11707_,11.76µm
_12450_,11.76µm
_12538_,11.76µm
_13843_,11.76µm
mantisaA0\[12\],11.76µm
_08763_,11.75µm
_01667_,11.745µm
_00868_,11.74µm
_00973_,11.74µm
_04648_,11.74µm
_05314_,11.74µm
_06887_,11.74µm
_07468_,11.74µm
_15068_,11.74µm
expmiddled\[7\],11.74µm
_06068_,11.72µm
_08203_,11.72µm
_09139_,11.72µm
_09984_,11.72µm
_12170_,11.72µm
_12228_,11.72µm
_12257_,11.72µm
_12804_,11.72µm
_13664_,11.72µm
_13323_,11.705µm
_01062_,11.7µm
_02676_,11.7µm
_03109_,11.7µm
_03228_,11.7µm
_03335_,11.7µm
_04215_,11.7µm
_07129_,11.7µm
_07237_,11.7µm
_08663_,11.7µm
_09121_,11.7µm
_09524_,11.7µm
_09687_,11.7µm
_09804_,11.7µm
_12343_,11.7µm
_13876_,11.7µm
_14362_,11.7µm
mantisaA[14],11.7µm
mantisaA[2],11.7µm
_10670_,11.69µm
_01708_,11.68µm
_04404_,11.68µm
_06231_,11.68µm
_06769_,11.68µm
_06973_,11.68µm
_09591_,11.68µm
_11662_,11.68µm
_11957_,11.68µm
_12404_,11.68µm
_12674_,11.68µm
_13913_,11.68µm
_13943_,11.68µm
_14006_,11.68µm
_15050_,11.68µm
_07710_,11.665µm
_00631_,11.66µm
_02635_,11.66µm
_03350_,11.66µm
_05116_,11.66µm
_08588_,11.66µm
_12947_,11.66µm
_13101_,11.66µm
_13127_,11.66µm
_03444_,11.64µm
_04602_,11.64µm
_07298_,11.64µm
_08944_,11.64µm
_10151_,11.64µm
_12024_,11.64µm
_12861_,11.64µm
expmiddled\[6\],11.64µm
undefined2,11.64µm
_00519_,11.62µm
_00540_,11.62µm
_03057_,11.62µm
_04032_,11.62µm
_04787_,11.62µm
_05874_,11.62µm
_06318_,11.62µm
_10087_,11.62µm
_13459_,11.62µm
_14711_,11.62µm
_09263_,11.61µm
_00510_,11.605µm
_07750_,11.6µm
_09319_,11.6µm
_10223_,11.6µm
_04514_,11.59µm
_01399_,11.58µm
_01783_,11.58µm
_02706_,11.58µm
_04090_,11.58µm
_04652_,11.58µm
_05029_,11.58µm
_06547_,11.58µm
_08850_,11.58µm
_09672_,11.58µm
_11411_,11.58µm
_12036_,11.58µm
_12310_,11.58µm
_12785_,11.58µm
net21,11.58µm
_00426_,11.56µm
_00940_,11.56µm
_01550_,11.56µm
_04498_,11.56µm
_09098_,11.56µm
_10040_,11.56µm
_13697_,11.56µm
_14313_,11.56µm
_07697_,11.545µm
_02483_,11.54µm
_02504_,11.54µm
_03373_,11.54µm
_03834_,11.54µm
_06427_,11.54µm
_07747_,11.54µm
_08603_,11.54µm
_10552_,11.54µm
_12298_,11.53µm
_09850_,11.52µm
_10409_,11.52µm
_12768_,11.52µm
_13718_,11.52µm
_02505_,11.5µm
_03667_,11.5µm
_04574_,11.5µm
_06538_,11.5µm
_06764_,11.5µm
_07090_,11.5µm
_07220_,11.5µm
_08683_,11.5µm
_09800_,11.5µm
_13290_,11.5µm
_14067_,11.5µm
_14166_,11.5µm
_14502_,11.5µm
_14644_,11.5µm
net1032,11.5µm
net1178,11.5µm
_09345_,11.49µm
_01130_,11.48µm
_04087_,11.48µm
_04181_,11.48µm
_08822_,11.48µm
_13801_,11.48µm
mantisaB[13],11.48µm
net181,11.48µm
_00865_,11.46µm
_04802_,11.46µm
_06327_,11.46µm
_06935_,11.46µm
_07764_,11.46µm
_11081_,11.46µm
_13734_,11.46µm
_00894_,11.45µm
_03904_,11.44µm
_07700_,11.44µm
_11144_,11.44µm
_12387_,11.44µm
_13329_,11.44µm
_14049_,11.44µm
net8,11.44µm
_04705_,11.435µm
_05749_,11.435µm
_01114_,11.42µm
_03273_,11.42µm
_06792_,11.42µm
_08895_,11.42µm
_09565_,11.42µm
_10387_,11.42µm
_10649_,11.42µm
_10980_,11.42µm
_11600_,11.42µm
_12444_,11.42µm
_12818_,11.42µm
_13901_,11.42µm
_14575_,11.42µm
net54,11.41µm
_06328_,11.405µm
_03058_,11.4µm
_06034_,11.4µm
_05423_,11.39µm
_00242_,11.385µm
_02201_,11.38µm
_03236_,11.38µm
_04137_,11.38µm
_07245_,11.38µm
_09233_,11.38µm
_12138_,11.38µm
_15136_,11.38µm
_12582_,11.365µm
_00826_,11.36µm
_04474_,11.36µm
_04951_,11.36µm
_06245_,11.36µm
_07385_,11.36µm
_11790_,11.36µm
net71,11.36µm
_14748_,11.355µm
_01584_,11.35µm
_01905_,11.34µm
_06745_,11.34µm
_09621_,11.34µm
_11118_,11.34µm
_13727_,11.34µm
_14273_,11.34µm
_14687_,11.34µm
_15018_,11.34µm
_15134_,11.34µm
_04762_,11.325µm
_00304_,11.32µm
_00487_,11.32µm
_00906_,11.32µm
_02866_,11.32µm
_05357_,11.32µm
_06665_,11.32µm
_07678_,11.32µm
_08247_,11.32µm
_09208_,11.32µm
_09961_,11.32µm
_11696_,11.32µm
_14237_,11.32µm
_05662_,11.3µm
_05746_,11.3µm
_09892_,11.3µm
_11760_,11.3µm
_13556_,11.3µm
_11394_,11.29µm
_12925_,11.285µm
_01046_,11.28µm
_02456_,11.28µm
_02580_,11.28µm
_04659_,11.28µm
_05340_,11.28µm
_09751_,11.28µm
_12032_,11.28µm
_03370_,11.275µm
_01051_,11.27µm
_00857_,11.26µm
_01404_,11.26µm
_01410_,11.26µm
_01952_,11.26µm
_02066_,11.26µm
_07158_,11.26µm
_07278_,11.26µm
_07962_,11.26µm
_08152_,11.26µm
_09746_,11.26µm
_11939_,11.26µm
_13592_,11.26µm
_14196_,11.26µm
_14300_,11.26µm
net101,11.26µm
_00674_,11.24µm
_00727_,11.24µm
_01106_,11.24µm
_01286_,11.24µm
_01335_,11.24µm
_03106_,11.24µm
_03726_,11.24µm
_05054_,11.24µm
_06077_,11.24µm
_07292_,11.24µm
_08035_,11.24µm
_08399_,11.24µm
_10719_,11.24µm
_12627_,11.24µm
_12967_,11.24µm
_13241_,11.24µm
net971,11.24µm
_01657_,11.22µm
_05515_,11.22µm
_08108_,11.22µm
_09387_,11.22µm
_11299_,11.22µm
_12565_,11.22µm
_14135_,11.22µm
_01813_,11.2µm
_02153_,11.2µm
_05321_,11.2µm
_06908_,11.2µm
_10730_,11.2µm
_13058_,11.2µm
_14492_,11.2µm
_01627_,11.18µm
_01711_,11.18µm
_05083_,11.18µm
_05579_,11.18µm
_05677_,11.18µm
_06118_,11.18µm
_11963_,11.18µm
_02147_,11.17µm
_00997_,11.16µm
_01140_,11.16µm
_01339_,11.16µm
_03229_,11.16µm
_03908_,11.16µm
_04423_,11.16µm
_05777_,11.16µm
_05887_,11.16µm
_06438_,11.16µm
_07478_,11.16µm
_07767_,11.16µm
_09119_,11.16µm
_10601_,11.16µm
_12210_,11.16µm
_12293_,11.16µm
_13326_,11.16µm
_13748_,11.16µm
_08017_,11.15µm
_14084_,11.15µm
_00473_,11.14µm
_12894_,11.14µm
_13585_,11.14µm
_14034_,11.14µm
_06919_,11.13µm
_02349_,11.12µm
_02897_,11.12µm
_03002_,11.12µm
_04506_,11.12µm
_04820_,11.12µm
_06041_,11.12µm
_07115_,11.12µm
_07493_,11.12µm
_08910_,11.12µm
_09624_,11.12µm
_09926_,11.12µm
_11664_,11.12µm
_12719_,11.12µm
_13951_,11.12µm
_14628_,11.12µm
_14970_,11.12µm
_14107_,11.105µm
_00354_,11.1µm
_02474_,11.1µm
_02503_,11.1µm
_05360_,11.1µm
_06523_,11.1µm
_10782_,11.1µm
_11272_,11.1µm
_12849_,11.1µm
_13626_,11.1µm
_13838_,11.1µm
_14283_,11.1µm
_00934_,11.08µm
_01078_,11.08µm
_01107_,11.08µm
_02496_,11.08µm
_03181_,11.08µm
_04778_,11.08µm
_06278_,11.08µm
_06608_,11.08µm
_08689_,11.08µm
_10490_,11.08µm
_10513_,11.08µm
_11258_,11.08µm
_11735_,11.08µm
_12235_,11.08µm
_12456_,11.08µm
_14066_,11.08µm
_14828_,11.08µm
zero0,11.08µm
_07388_,11.06µm
_04260_,11.055µm
_07233_,11.05µm
_01698_,11.04µm
_02792_,11.04µm
_03311_,11.04µm
_05575_,11.04µm
_05899_,11.04µm
_09049_,11.04µm
_11765_,11.04µm
_14320_,11.04µm
net1157,11.04µm
_08302_,11.03µm
_11250_,11.03µm
_06746_,11.02µm
mantisaB[16],11.02µm
mantisaB[22],11.02µm
mantisaB[9],11.02µm
net1156,11.02µm
_00854_,11µm
_00905_,11µm
_00948_,11µm
_04831_,11µm
_05451_,11µm
_05639_,11µm
_06932_,11µm
_07480_,11µm
_09288_,11µm
_10048_,11µm
_11147_,11µm
_02552_,10.98µm
_03257_,10.98µm
_04463_,10.98µm
_07467_,10.98µm
_13230_,10.98µm
net1107,10.98µm
_01197_,10.96µm
_01288_,10.96µm
_01322_,10.96µm
_02283_,10.96µm
_02672_,10.96µm
_04706_,10.96µm
_05839_,10.96µm
_05936_,10.96µm
_05971_,10.96µm
_06403_,10.96µm
_06749_,10.96µm
_08963_,10.96µm
_10775_,10.96µm
_11241_,10.96µm
_11818_,10.96µm
_13847_,10.96µm
_14285_,10.96µm
_14765_,10.96µm
_15016_,10.96µm
expmiddleb\[0\],10.96µm
net167,10.96µm
_01319_,10.94µm
_03832_,10.94µm
_05097_,10.94µm
_00452_,10.92µm
_01707_,10.92µm
_02183_,10.92µm
_03348_,10.92µm
_03672_,10.92µm
_04749_,10.92µm
_05374_,10.92µm
_10715_,10.92µm
_10813_,10.92µm
_11221_,10.92µm
_13611_,10.92µm
_08338_,10.91µm
_00855_,10.9µm
_01789_,10.9µm
_02623_,10.9µm
_03278_,10.9µm
_03292_,10.9µm
_04432_,10.9µm
_06075_,10.9µm
_06505_,10.9µm
_08327_,10.9µm
_13780_,10.9µm
_14511_,10.9µm
_15111_,10.9µm
_15113_,10.9µm
_06543_,10.89µm
_09388_,10.89µm
_04033_,10.88µm
_04081_,10.88µm
_05774_,10.88µm
_05938_,10.88µm
_06257_,10.88µm
_09505_,10.88µm
_11306_,10.88µm
_12845_,10.875µm
_09124_,10.865µm
_00954_,10.86µm
_01935_,10.86µm
_02374_,10.86µm
_02615_,10.86µm
_05759_,10.86µm
_05816_,10.86µm
_07530_,10.86µm
_10085_,10.86µm
_10106_,10.86µm
_10909_,10.86µm
_14736_,10.855µm
_03843_,10.84µm
_04494_,10.84µm
_07321_,10.84µm
_07492_,10.84µm
_12171_,10.84µm
_12922_,10.84µm
_13311_,10.84µm
_13441_,10.84µm
_00355_,10.82µm
_03809_,10.82µm
_03966_,10.82µm
_05548_,10.82µm
_06007_,10.82µm
_07420_,10.82µm
_08878_,10.82µm
_08957_,10.82µm
_09979_,10.82µm
_10818_,10.82µm
_11529_,10.82µm
_11579_,10.82µm
_11710_,10.82µm
_07761_,10.81µm
_02832_,10.8µm
_05643_,10.8µm
_09090_,10.8µm
_09609_,10.8µm
_12144_,10.8µm
_12911_,10.8µm
_13457_,10.8µm
_14638_,10.8µm
_14663_,10.8µm
_04877_,10.79µm
_08206_,10.79µm
_00597_,10.78µm
_01028_,10.78µm
_03331_,10.78µm
_04022_,10.78µm
_05436_,10.78µm
_06357_,10.78µm
_06407_,10.78µm
_07040_,10.78µm
_07816_,10.78µm
_08058_,10.78µm
_09064_,10.78µm
_10118_,10.78µm
_10770_,10.78µm
_11031_,10.78µm
_11314_,10.78µm
_11439_,10.78µm
_11647_,10.78µm
_12340_,10.78µm
_12790_,10.78µm
_12846_,10.78µm
_13822_,10.78µm
net1023,10.78µm
net1028,10.78µm
_01824_,10.76µm
_03653_,10.76µm
_06536_,10.76µm
_06658_,10.76µm
_12539_,10.76µm
_03493_,10.75µm
_01070_,10.745µm
_01244_,10.74µm
_01987_,10.74µm
_02433_,10.74µm
_04527_,10.74µm
_07391_,10.74µm
_08324_,10.74µm
_08412_,10.74µm
_08747_,10.74µm
_09506_,10.74µm
_12993_,10.74µm
_03268_,10.73µm
_02272_,10.72µm
_05790_,10.72µm
_07948_,10.72µm
_11419_,10.72µm
_13099_,10.72µm
_14871_,10.72µm
_02245_,10.7µm
_02790_,10.7µm
_03427_,10.7µm
_04906_,10.7µm
_05333_,10.7µm
_06450_,10.7µm
_07013_,10.7µm
_07376_,10.7µm
_07401_,10.7µm
_07528_,10.7µm
_08372_,10.7µm
_10484_,10.7µm
_11199_,10.7µm
_11871_,10.7µm
_00793_,10.68µm
_13658_,10.68µm
net17,10.68µm
_08534_,10.67µm
_01068_,10.66µm
_01263_,10.66µm
_02389_,10.66µm
_03732_,10.66µm
_04513_,10.66µm
_04578_,10.66µm
_10660_,10.66µm
_11224_,10.66µm
_11699_,10.66µm
_14713_,10.66µm
_03944_,10.64µm
_05107_,10.64µm
_06661_,10.64µm
_06999_,10.64µm
_07380_,10.64µm
_08723_,10.64µm
_09852_,10.64µm
_11616_,10.64µm
_12082_,10.64µm
_13452_,10.64µm
_13578_,10.64µm
_02361_,10.625µm
_01855_,10.62µm
_02134_,10.62µm
_02333_,10.62µm
_03813_,10.62µm
_04304_,10.62µm
_05647_,10.62µm
_05702_,10.62µm
_09327_,10.62µm
_11379_,10.62µm
_13433_,10.62µm
_14330_,10.62µm
net1207,10.62µm
_01565_,10.6µm
_03501_,10.6µm
_10453_,10.6µm
_12566_,10.6µm
_13683_,10.595µm
_00580_,10.58µm
_01328_,10.58µm
_05234_,10.58µm
_06365_,10.58µm
_06781_,10.58µm
_06829_,10.58µm
_07496_,10.58µm
_07632_,10.58µm
_07788_,10.58µm
_09100_,10.58µm
_12460_,10.58µm
_13624_,10.58µm
_13638_,10.58µm
_14840_,10.58µm
_03602_,10.56µm
_05353_,10.56µm
_11226_,10.56µm
_13040_,10.56µm
_14336_,10.56µm
_15047_,10.56µm
mantisaB[12],10.56µm
mantisaB[21],10.56µm
_07118_,10.555µm
_07433_,10.54µm
_07803_,10.54µm
_08404_,10.54µm
_08418_,10.54µm
_08898_,10.54µm
_11154_,10.54µm
_12457_,10.54µm
_12555_,10.54µm
_12604_,10.54µm
_12615_,10.54µm
_00549_,10.52µm
_01605_,10.52µm
_07213_,10.52µm
_08221_,10.52µm
_10396_,10.52µm
_11282_,10.52µm
_12898_,10.52µm
_14944_,10.52µm
_02335_,10.51µm
_00935_,10.5µm
_01873_,10.5µm
_06437_,10.5µm
_07120_,10.5µm
_08479_,10.5µm
_08650_,10.5µm
_10781_,10.5µm
_13319_,10.5µm
_13351_,10.5µm
_13402_,10.5µm
clknet_leaf_46_clk,10.5µm
_00571_,10.49µm
_12665_,10.49µm
net1096,10.485µm
_00501_,10.48µm
_05498_,10.48µm
_06004_,10.48µm
_09112_,10.48µm
_11840_,10.48µm
_13228_,10.48µm
_00718_,10.475µm
_01586_,10.46µm
_03354_,10.46µm
_03357_,10.46µm
_03509_,10.46µm
_04468_,10.46µm
_05157_,10.46µm
_07957_,10.46µm
_08987_,10.46µm
_09915_,10.46µm
_11347_,10.46µm
_12469_,10.46µm
_14103_,10.455µm
_02629_,10.44µm
_11680_,10.44µm
_12953_,10.44µm
_14906_,10.44µm
_15109_,10.44µm
net1167,10.44µm
_11473_,10.43µm
_00313_,10.42µm
_01165_,10.42µm
_01266_,10.42µm
_03222_,10.42µm
_04730_,10.42µm
_04978_,10.42µm
_05454_,10.42µm
_07360_,10.42µm
_12874_,10.42µm
four_man\[21\],10.42µm
_04073_,10.41µm
_00877_,10.4µm
_01481_,10.4µm
_02430_,10.4µm
_03685_,10.4µm
_04050_,10.4µm
_05406_,10.4µm
_05413_,10.4µm
_06452_,10.4µm
_07091_,10.4µm
_08378_,10.4µm
_08812_,10.4µm
_13294_,10.4µm
_13395_,10.4µm
mantisaB0\[9\],10.4µm
net1022,10.4µm
_14079_,10.39µm
_02311_,10.38µm
_04346_,10.38µm
_05434_,10.38µm
_13724_,10.38µm
net1169,10.38µm
_01026_,10.36µm
_01780_,10.36µm
_03827_,10.36µm
_05979_,10.36µm
_06698_,10.36µm
_09337_,10.36µm
_09622_,10.36µm
_11996_,10.36µm
_14007_,10.36µm
_14028_,10.36µm
_11073_,10.35µm
_01061_,10.34µm
_01856_,10.34µm
_02423_,10.34µm
_03844_,10.34µm
_06760_,10.34µm
_07941_,10.34µm
_09101_,10.34µm
_10257_,10.34µm
_10580_,10.34µm
_11146_,10.34µm
_12866_,10.34µm
_00652_,10.32µm
_00874_,10.32µm
_01851_,10.32µm
_02470_,10.32µm
_03269_,10.32µm
_05043_,10.32µm
_05644_,10.32µm
_06762_,10.32µm
_07561_,10.32µm
_09600_,10.32µm
_12333_,10.32µm
_12661_,10.32µm
_12732_,10.32µm
_12833_,10.32µm
_13255_,10.32µm
_13488_,10.32µm
_13523_,10.32µm
net93,10.32µm
_00795_,10.31µm
_03127_,10.3µm
_03172_,10.3µm
_05055_,10.3µm
_07795_,10.3µm
_12428_,10.3µm
_13930_,10.3µm
_14407_,10.3µm
_10200_,10.29µm
_01332_,10.28µm
_03963_,10.28µm
_04010_,10.28µm
_04536_,10.28µm
_04662_,10.28µm
_06062_,10.28µm
_06451_,10.28µm
_10201_,10.28µm
_10728_,10.28µm
_11973_,10.28µm
_12222_,10.28µm
_13934_,10.28µm
_14750_,10.28µm
_02329_,10.26µm
_07437_,10.26µm
_07602_,10.26µm
_09671_,10.26µm
_13547_,10.26µm
_07717_,10.255µm
_00470_,10.24µm
_01787_,10.24µm
_02663_,10.24µm
_02775_,10.24µm
_02780_,10.24µm
_03700_,10.24µm
_03773_,10.24µm
_04680_,10.24µm
_05260_,10.24µm
_06454_,10.24µm
_07056_,10.24µm
_08618_,10.24µm
_10132_,10.24µm
_10184_,10.24µm
_11544_,10.24µm
_12249_,10.24µm
_12411_,10.24µm
_12712_,10.24µm
_13526_,10.24µm
_13825_,10.24µm
_13879_,10.24µm
_00799_,10.22µm
_05227_,10.22µm
_06275_,10.22µm
_10250_,10.22µm
_13266_,10.22µm
_13811_,10.22µm
_01870_,10.2µm
_02978_,10.2µm
_03393_,10.2µm
_03593_,10.2µm
_03850_,10.2µm
_06380_,10.2µm
_08631_,10.2µm
_09335_,10.2µm
_10799_,10.2µm
_13728_,10.2µm
_14859_,10.2µm
net1165,10.2µm
_09529_,10.195µm
_00041_,10.18µm
_00884_,10.18µm
_03096_,10.18µm
_07177_,10.18µm
_08454_,10.18µm
_11886_,10.18µm
_12838_,10.18µm
_00841_,10.16µm
_02339_,10.16µm
_05698_,10.16µm
_06842_,10.16µm
_06955_,10.16µm
_07688_,10.16µm
_08928_,10.16µm
_11344_,10.16µm
_11617_,10.16µm
_12177_,10.16µm
_12206_,10.16µm
_14165_,10.16µm
expmiddled\[3\],10.16µm
net155,10.155µm
_15066_,10.145µm
_01662_,10.14µm
_02813_,10.14µm
_05003_,10.14µm
_06495_,10.14µm
_06510_,10.14µm
_08516_,10.14µm
_09089_,10.14µm
_12863_,10.14µm
_13494_,10.14µm
_01803_,10.12µm
_02920_,10.12µm
_03246_,10.12µm
_06304_,10.12µm
_08672_,10.12µm
_10242_,10.12µm
_12314_,10.12µm
_15076_,10.12µm
_00533_,10.1µm
_07647_,10.1µm
mantisaA[10],10.1µm
mantisaA[6],10.1µm
_08119_,10.095µm
_08642_,10.09µm
_03186_,10.085µm
_12255_,10.085µm
_00572_,10.08µm
_01189_,10.08µm
_02452_,10.08µm
_04612_,10.08µm
_05610_,10.08µm
_06672_,10.08µm
_09657_,10.08µm
_10474_,10.08µm
_11922_,10.08µm
_12051_,10.08µm
_14091_,10.08µm
_01162_,10.06µm
_07527_,10.06µm
_09010_,10.06µm
_11360_,10.06µm
mantisa[3],10.05µm
_13213_,10.045µm
_00789_,10.04µm
_02119_,10.04µm
_02154_,10.04µm
_02565_,10.04µm
_04253_,10.04µm
_04601_,10.04µm
_04851_,10.04µm
_05349_,10.04µm
_05735_,10.04µm
_06728_,10.04µm
_06810_,10.04µm
_07956_,10.04µm
_09741_,10.04µm
_11309_,10.04µm
_11577_,10.04µm
_12364_,10.04µm
_12864_,10.04µm
_12948_,10.04µm
undefined0,10.04µm
_00133_,10.025µm
_01099_,10.02µm
_06119_,10.02µm
_10380_,10.02µm
_10743_,10.02µm
_02690_,10µm
_02702_,10µm
_03203_,10µm
_03347_,10µm
_05625_,10µm
_06404_,10µm
_06435_,10µm
_07078_,10µm
_08230_,10µm
_08495_,10µm
_09328_,10µm
_14556_,10µm
_13889_,9.99µm
_00381_,9.98µm
_01967_,9.98µm
_03933_,9.98µm
_06639_,9.98µm
_08305_,9.98µm
_08817_,9.98µm
_13238_,9.98µm
_14740_,9.98µm
mantisaB0\[14\],9.98µm
_00429_,9.96µm
_00500_,9.96µm
_04950_,9.96µm
_06992_,9.96µm
_07263_,9.96µm
_08403_,9.96µm
_08942_,9.96µm
_10054_,9.96µm
_11019_,9.96µm
_11632_,9.96µm
_11703_,9.96µm
_11877_,9.96µm
_12644_,9.96µm
_13177_,9.96µm
_13521_,9.96µm
_03206_,9.955µm
_09211_,9.945µm
_00598_,9.94µm
_00955_,9.94µm
_02432_,9.94µm
_02478_,9.94µm
_03041_,9.94µm
_03620_,9.94µm
_04790_,9.94µm
_05118_,9.94µm
_06627_,9.94µm
_09880_,9.94µm
_10930_,9.94µm
_13998_,9.94µm
expa[4],9.93µm
_06826_,9.92µm
_07375_,9.92µm
_08991_,9.92µm
_10836_,9.92µm
_10862_,9.92µm
_11075_,9.92µm
_12046_,9.92µm
_12778_,9.92µm
_13231_,9.92µm
_14721_,9.92µm
_03859_,9.905µm
_09256_,9.905µm
_00634_,9.9µm
_01064_,9.9µm
_03482_,9.9µm
_04166_,9.9µm
_04271_,9.9µm
_05449_,9.9µm
_06522_,9.9µm
_06586_,9.9µm
_07724_,9.9µm
_08092_,9.9µm
_08172_,9.9µm
_09228_,9.9µm
_10232_,9.9µm
_10820_,9.9µm
_10871_,9.9µm
_11952_,9.9µm
_01007_,9.88µm
_01343_,9.88µm
_05775_,9.88µm
_08930_,9.88µm
_09001_,9.88µm
_11119_,9.88µm
_11378_,9.88µm
_13185_,9.88µm
_13758_,9.88µm
_00528_,9.86µm
_00648_,9.86µm
_01684_,9.86µm
_01994_,9.86µm
_03147_,9.86µm
_03247_,9.86µm
_06765_,9.86µm
_07159_,9.86µm
_07692_,9.86µm
_08064_,9.86µm
_08617_,9.86µm
_09430_,9.86µm
_09883_,9.86µm
_10233_,9.86µm
_11706_,9.86µm
four_man\[26\],9.86µm
_12989_,9.855µm
_01278_,9.84µm
_01296_,9.84µm
_02627_,9.84µm
_05854_,9.84µm
_06363_,9.84µm
_08267_,9.84µm
_08768_,9.84µm
_09627_,9.84µm
_10237_,9.84µm
_10922_,9.84µm
_12571_,9.84µm
_14374_,9.84µm
_14455_,9.84µm
net19,9.84µm
_12479_,9.83µm
_01128_,9.82µm
_01938_,9.82µm
_03105_,9.82µm
_05105_,9.82µm
_05844_,9.82µm
_06236_,9.82µm
_06597_,9.82µm
_06648_,9.82µm
_07482_,9.82µm
_07799_,9.82µm
_09329_,9.82µm
_09713_,9.82µm
_09835_,9.82µm
_11483_,9.82µm
_14078_,9.82µm
_14175_,9.82µm
_09274_,9.805µm
_00844_,9.8µm
_06408_,9.8µm
_08903_,9.8µm
_11393_,9.8µm
net258,9.8µm
_04958_,9.79µm
_14483_,9.785µm
_00664_,9.78µm
_01757_,9.78µm
_02317_,9.78µm
_02807_,9.78µm
_04134_,9.78µm
_04168_,9.78µm
_04833_,9.78µm
_05748_,9.78µm
_05811_,9.78µm
_07337_,9.78µm
_07555_,9.78µm
_07738_,9.78µm
_08127_,9.78µm
_09512_,9.78µm
_09825_,9.78µm
_10045_,9.78µm
_11495_,9.78µm
_13126_,9.78µm
_13855_,9.78µm
_00518_,9.76µm
_01451_,9.76µm
_05884_,9.76µm
_11722_,9.76µm
_14035_,9.76µm
net1051,9.76µm
_03798_,9.75µm
_00821_,9.74µm
_01948_,9.74µm
_03579_,9.74µm
_05134_,9.74µm
_05713_,9.74µm
_05903_,9.74µm
_06238_,9.74µm
_07968_,9.74µm
_08198_,9.74µm
_08269_,9.74µm
_10082_,9.74µm
_11216_,9.74µm
_11798_,9.74µm
_11896_,9.74µm
_12700_,9.74µm
_14833_,9.74µm
_00719_,9.72µm
_02883_,9.72µm
_07732_,9.72µm
_08797_,9.72µm
_08912_,9.72µm
_12011_,9.72µm
_12205_,9.72µm
_09504_,9.71µm
_00504_,9.7µm
_00839_,9.7µm
_02010_,9.7µm
_02114_,9.7µm
_02198_,9.7µm
_02624_,9.7µm
_03218_,9.7µm
_04572_,9.7µm
_05551_,9.7µm
_05999_,9.7µm
_07219_,9.7µm
_07266_,9.7µm
_08077_,9.7µm
_08620_,9.7µm
_11566_,9.7µm
_12236_,9.7µm
_12545_,9.7µm
_12824_,9.7µm
_12994_,9.7µm
_13505_,9.7µm
expmiddled\[2\],9.7µm
_00655_,9.68µm
_00944_,9.68µm
_03392_,9.68µm
_06117_,9.68µm
_12942_,9.68µm
net1189,9.68µm
_10627_,9.67µm
_02655_,9.66µm
_05192_,9.66µm
_07453_,9.66µm
_14478_,9.66µm
_14814_,9.66µm
_11139_,9.655µm
_09652_,9.645µm
_03400_,9.64µm
_07729_,9.64µm
_09654_,9.64µm
_10300_,9.64µm
mantisaA[11],9.64µm
mantisaA[13],9.64µm
mantisaA[7],9.64µm
mantisaA[8],9.64µm
_06734_,9.635µm
_03912_,9.63µm
_00847_,9.62µm
_01253_,9.62µm
_01846_,9.62µm
_02097_,9.62µm
_03126_,9.62µm
_03648_,9.62µm
_07876_,9.62µm
_12581_,9.62µm
_13195_,9.62µm
_13711_,9.62µm
_14306_,9.62µm
_12132_,9.61µm
_03810_,9.6µm
_12680_,9.59µm
_00582_,9.58µm
_02396_,9.58µm
_03677_,9.58µm
_04582_,9.58µm
_04626_,9.58µm
_05489_,9.58µm
_06009_,9.58µm
_06448_,9.58µm
_08760_,9.58µm
_09248_,9.58µm
_09386_,9.58µm
_09745_,9.58µm
_09948_,9.58µm
_10574_,9.58µm
_12338_,9.58µm
_14225_,9.58µm
_14862_,9.58µm
_14936_,9.58µm
_15000_,9.58µm
net1,9.58µm
_12472_,9.56µm
_12537_,9.56µm
_13692_,9.56µm
_03869_,9.54µm
_05710_,9.54µm
_06006_,9.54µm
_07309_,9.54µm
_07814_,9.54µm
_07945_,9.54µm
_11733_,9.54µm
_12779_,9.54µm
_13093_,9.54µm
_13422_,9.54µm
_14161_,9.54µm
_14173_,9.54µm
_03665_,9.53µm
_06582_,9.53µm
_08659_,9.53µm
_00864_,9.52µm
_02018_,9.52µm
_04286_,9.52µm
_04340_,9.52µm
_13532_,9.52µm
_14440_,9.52µm
expmiddlea\[3\],9.52µm
_08879_,9.515µm
_07590_,9.505µm
_03420_,9.5µm
_04085_,9.5µm
_04313_,9.5µm
_09651_,9.5µm
_09691_,9.5µm
_10378_,9.5µm
_10488_,9.5µm
_10808_,9.5µm
_13678_,9.5µm
_14853_,9.5µm
net32,9.5µm
mantisa[6],9.49µm
_01143_,9.48µm
_01163_,9.48µm
_06396_,9.48µm
_06610_,9.48µm
_06638_,9.48µm
_07392_,9.48µm
_09921_,9.48µm
_10509_,9.48µm
_12938_,9.48µm
_13240_,9.48µm
_13511_,9.48µm
_12066_,9.47µm
_03578_,9.46µm
_05202_,9.46µm
_06441_,9.46µm
_07340_,9.46µm
_07691_,9.46µm
_07994_,9.46µm
_08414_,9.46µm
_09924_,9.46µm
_10786_,9.46µm
_10837_,9.46µm
_11155_,9.46µm
_10652_,9.45µm
_01419_,9.44µm
_03662_,9.44µm
_04188_,9.44µm
_04732_,9.44µm
_06135_,9.44µm
_06429_,9.44µm
_06708_,9.44µm
_10684_,9.44µm
_11872_,9.44µm
_12318_,9.44µm
_07123_,9.43µm
_02046_,9.42µm
_03755_,9.42µm
_06763_,9.42µm
_09035_,9.42µm
_09763_,9.42µm
_10270_,9.42µm
_11712_,9.42µm
_12152_,9.42µm
_13805_,9.42µm
_14587_,9.42µm
_03874_,9.4µm
_04986_,9.4µm
_08798_,9.4µm
_09066_,9.4µm
_11338_,9.4µm
_11914_,9.4µm
_12750_,9.4µm
_13031_,9.4µm
net1120,9.4µm
_09292_,9.38µm
_09889_,9.38µm
_10068_,9.38µm
_10194_,9.38µm
_10988_,9.38µm
_11092_,9.38µm
_11546_,9.38µm
_12163_,9.38µm
_14167_,9.38µm
_00270_,9.36µm
_00415_,9.36µm
_00614_,9.36µm
_01009_,9.36µm
_05706_,9.36µm
_05716_,9.36µm
_06095_,9.36µm
_07074_,9.36µm
_07885_,9.36µm
_09673_,9.36µm
_10147_,9.36µm
_10650_,9.36µm
_10927_,9.36µm
_11177_,9.36µm
_11698_,9.36µm
_11824_,9.36µm
_12146_,9.36µm
_14047_,9.36µm
_14303_,9.36µm
_14510_,9.36µm
_15122_,9.36µm
net1175,9.36µm
_12704_,9.35µm
_03942_,9.34µm
_07925_,9.34µm
_09179_,9.34µm
_12935_,9.34µm
_14642_,9.33µm
_01085_,9.32µm
_01625_,9.32µm
_02126_,9.32µm
_02305_,9.32µm
_02869_,9.32µm
_03325_,9.32µm
_03524_,9.32µm
_04256_,9.32µm
_04407_,9.32µm
_06141_,9.32µm
_07217_,9.32µm
_08201_,9.32µm
_08391_,9.32µm
_08453_,9.32µm
_09374_,9.32µm
_09646_,9.32µm
_09799_,9.32µm
_09817_,9.32µm
_10075_,9.32µm
_11276_,9.32µm
_12705_,9.32µm
_13006_,9.315µm
net46,9.305µm
_00871_,9.3µm
_05250_,9.3µm
_12476_,9.3µm
_01475_,9.28µm
_02695_,9.28µm
_05012_,9.28µm
_05904_,9.28µm
_06372_,9.28µm
_06917_,9.28µm
_07043_,9.28µm
_07442_,9.28µm
_10355_,9.28µm
_10950_,9.28µm
_11038_,9.28µm
_11232_,9.28µm
_12344_,9.28µm
_14227_,9.28µm
_14684_,9.28µm
net1199,9.28µm
_01516_,9.275µm
_09484_,9.275µm
_12075_,9.27µm
_00435_,9.26µm
_01049_,9.26µm
_01484_,9.26µm
_01644_,9.26µm
_01784_,9.26µm
_01954_,9.26µm
_02539_,9.26µm
_04345_,9.26µm
_09474_,9.26µm
_12386_,9.26µm
_02597_,9.25µm
_02039_,9.24µm
_02348_,9.24µm
_03638_,9.24µm
_04701_,9.24µm
_05857_,9.24µm
_06840_,9.24µm
_07125_,9.24µm
_09571_,9.24µm
_09942_,9.24µm
_11751_,9.24µm
expadd\[5\],9.24µm
_07826_,9.235µm
_05081_,9.22µm
_05259_,9.22µm
_05395_,9.22µm
_07116_,9.22µm
_07836_,9.22µm
_11240_,9.22µm
_07007_,9.205µm
_03794_,9.2µm
_03891_,9.2µm
_06462_,9.2µm
_06733_,9.2µm
_08681_,9.2µm
_09368_,9.2µm
_13049_,9.2µm
_14459_,9.2µm
_14976_,9.2µm
_00791_,9.18µm
_01290_,9.18µm
_05730_,9.18µm
_06268_,9.18µm
_06690_,9.18µm
_07216_,9.18µm
_07718_,9.18µm
_08770_,9.18µm
_11402_,9.18µm
mantisaA[9],9.18µm
mantisaB[20],9.18µm
_13405_,9.17µm
_03135_,9.165µm
_11428_,9.165µm
_00596_,9.16µm
_00882_,9.16µm
_00893_,9.16µm
_03499_,9.16µm
_04323_,9.16µm
_06752_,9.16µm
_08049_,9.16µm
_08057_,9.16µm
_08802_,9.16µm
_11415_,9.16µm
_12605_,9.16µm
_12906_,9.16µm
_13103_,9.16µm
_14363_,9.16µm
_14449_,9.16µm
_01889_,9.14µm
_02538_,9.14µm
_08239_,9.14µm
_11135_,9.14µm
_14983_,9.14µm
_02006_,9.12µm
_02291_,9.12µm
_02551_,9.12µm
_03170_,9.12µm
_03525_,9.12µm
_06185_,9.12µm
_07494_,9.12µm
_07849_,9.12µm
_08228_,9.12µm
_08502_,9.12µm
_09021_,9.12µm
_11043_,9.12µm
_11429_,9.12µm
_12079_,9.12µm
_13366_,9.12µm
_13373_,9.12µm
_14176_,9.12µm
_00845_,9.115µm
_07105_,9.11µm
_10690_,9.11µm
_00394_,9.1µm
_14366_,9.09µm
_03568_,9.08µm
_04254_,9.08µm
_07932_,9.08µm
_08179_,9.08µm
_08254_,9.08µm
_08530_,9.08µm
_10767_,9.08µm
_11045_,9.08µm
_11787_,9.08µm
_13137_,9.08µm
mantisaA0\[23\],9.08µm
_02084_,9.075µm
_02250_,9.07µm
_00413_,9.06µm
_06653_,9.06µm
_06795_,9.06µm
_11586_,9.06µm
_11989_,9.06µm
expmiddlea\[2\],9.06µm
mantisaA0\[1\],9.06µm
_01174_,9.04µm
_01188_,9.04µm
_01693_,9.04µm
_05431_,9.04µm
_06003_,9.04µm
_07583_,9.04µm
_07847_,9.04µm
_09656_,9.04µm
_09868_,9.04µm
_12038_,9.04µm
_13759_,9.04µm
_14082_,9.04µm
_02125_,9.02µm
_05564_,9.02µm
_05723_,9.02µm
_05915_,9.02µm
_06162_,9.02µm
_07334_,9.02µm
_07977_,9.02µm
_08142_,9.02µm
_08435_,9.02µm
_08769_,9.02µm
_11570_,9.02µm
_11651_,9.02µm
_11943_,9.02µm
_12156_,9.02µm
_12241_,9.02µm
_14445_,9.02µm
mantisaA0\[0\],9.02µm
mantisaA0\[20\],9.02µm
mantisaA0\[5\],9.02µm
net215,9.02µm
_00494_,9µm
_00663_,9µm
_01594_,9µm
_02996_,9µm
_03158_,9µm
_06111_,9µm
_06384_,9µm
_07121_,9µm
_11968_,9µm
_12432_,9µm
_09813_,8.995µm
_10496_,8.99µm
_04314_,8.985µm
_00836_,8.98µm
_01065_,8.98µm
_01398_,8.98µm
_03459_,8.98µm
_05125_,8.98µm
_05418_,8.98µm
_05445_,8.98µm
_06707_,8.98µm
_07365_,8.98µm
_07506_,8.98µm
_09272_,8.98µm
_09459_,8.98µm
_09478_,8.98µm
_09778_,8.98µm
_10101_,8.98µm
_11014_,8.98µm
_13746_,8.98µm
mantisaB0\[19\],8.98µm
net84,8.98µm
_00601_,8.96µm
_04307_,8.96µm
_07592_,8.96µm
_08791_,8.96µm
_09245_,8.96µm
_10724_,8.96µm
_12326_,8.96µm
_14344_,8.96µm
_14634_,8.96µm
_14689_,8.96µm
_07227_,8.94µm
_07310_,8.94µm
_09458_,8.94µm
_10282_,8.94µm
_11573_,8.94µm
_12564_,8.94µm
_14157_,8.94µm
_14874_,8.94µm
net1214,8.94µm
_00114_,8.925µm
_00081_,8.92µm
_03103_,8.92µm
_06024_,8.92µm
_06669_,8.92µm
_07837_,8.92µm
_08568_,8.92µm
_10806_,8.92µm
_11321_,8.92µm
_11605_,8.92µm
_13753_,8.92µm
_07601_,8.91µm
_00602_,8.9µm
_01674_,8.9µm
_02758_,8.9µm
_02936_,8.9µm
_03656_,8.9µm
_03826_,8.9µm
_04402_,8.9µm
_04711_,8.9µm
_05114_,8.9µm
_06645_,8.9µm
_06686_,8.9µm
_08074_,8.9µm
_08107_,8.9µm
_08277_,8.9µm
_09278_,8.9µm
_09826_,8.9µm
_13076_,8.9µm
_13097_,8.9µm
_13959_,8.9µm
_13968_,8.9µm
_14386_,8.9µm
_15048_,8.9µm
net89,8.9µm
_00393_,8.88µm
_01109_,8.88µm
_07001_,8.88µm
_09283_,8.88µm
_13364_,8.88µm
_00546_,8.86µm
_00626_,8.86µm
_01433_,8.86µm
_03475_,8.86µm
_06383_,8.86µm
_08265_,8.86µm
_08279_,8.86µm
_09577_,8.86µm
_09636_,8.86µm
_09641_,8.86µm
_10039_,8.86µm
_10624_,8.86µm
_11142_,8.86µm
_12306_,8.86µm
_14636_,8.86µm
_02318_,8.84µm
_07763_,8.84µm
_11022_,8.84µm
net1148,8.84µm
_01808_,8.82µm
_03709_,8.82µm
_04049_,8.82µm
_05457_,8.82µm
_05469_,8.82µm
_06837_,8.82µm
_07028_,8.82µm
_07162_,8.82µm
_08746_,8.82µm
_10284_,8.82µm
_11004_,8.82µm
_11653_,8.82µm
_12655_,8.82µm
net199,8.82µm
_00564_,8.8µm
_00950_,8.8µm
_02009_,8.8µm
_04417_,8.8µm
_04842_,8.8µm
_06494_,8.8µm
_07628_,8.8µm
_08164_,8.8µm
_01645_,8.78µm
_04849_,8.78µm
_05810_,8.78µm
_05948_,8.78µm
_06264_,8.78µm
_08533_,8.78µm
_09516_,8.78µm
_09762_,8.78µm
_10596_,8.78µm
_10610_,8.78µm
_13507_,8.78µm
_14860_,8.78µm
_06925_,8.77µm
_03309_,8.76µm
_07871_,8.76µm
_08310_,8.76µm
_11370_,8.76µm
mantisa[13],8.75µm
_01997_,8.74µm
_04521_,8.74µm
_05166_,8.74µm
_05279_,8.74µm
_06073_,8.74µm
_06074_,8.74µm
_06834_,8.74µm
_11049_,8.74µm
_13709_,8.74µm
_13784_,8.74µm
_13789_,8.74µm
net1158,8.74µm
_01632_,8.725µm
_07473_,8.72µm
_10807_,8.72µm
_11492_,8.72µm
_11562_,8.72µm
_13012_,8.72µm
mantisaA[0],8.72µm
mantisaA[12],8.72µm
mantisaA[15],8.72µm
mantisaA[1],8.72µm
mantisaA[20],8.72µm
mantisaA[21],8.72µm
mantisaA[4],8.72µm
mantisaA[5],8.72µm
mantisaB[10],8.72µm
mantisaB[11],8.72µm
mantisaB[14],8.72µm
mantisaB[17],8.72µm
mantisaB[18],8.72µm
mantisaB[19],8.72µm
mantisaB[8],8.72µm
net1221,8.72µm
_00995_,8.7µm
_02138_,8.7µm
_02425_,8.7µm
_03146_,8.7µm
_06072_,8.7µm
_06467_,8.7µm
_09435_,8.7µm
_10811_,8.7µm
_12323_,8.7µm
_13027_,8.7µm
_14382_,8.7µm
_04946_,8.68µm
_05150_,8.68µm
_07230_,8.68µm
_07557_,8.68µm
_08799_,8.68µm
_01978_,8.675µm
_09811_,8.67µm
_03537_,8.66µm
_03894_,8.66µm
_05514_,8.66µm
_05656_,8.66µm
_06035_,8.66µm
_07079_,8.66µm
_10144_,8.66µm
_10307_,8.66µm
_12903_,8.66µm
_14768_,8.66µm
_02625_,8.655µm
_01122_,8.64µm
_03244_,8.64µm
_05222_,8.64µm
_13003_,8.64µm
_14134_,8.64µm
_14940_,8.64µm
_00445_,8.62µm
_00875_,8.62µm
_05156_,8.62µm
_06067_,8.62µm
_07589_,8.62µm
_11287_,8.62µm
_14149_,8.62µm
_14593_,8.62µm
_03026_,8.6µm
_03706_,8.6µm
_05806_,8.6µm
_06250_,8.6µm
_07975_,8.6µm
_08184_,8.6µm
_10331_,8.6µm
_12801_,8.6µm
_00765_,8.58µm
_01842_,8.58µm
_04121_,8.58µm
_05066_,8.58µm
_05964_,8.58µm
_07813_,8.58µm
_08139_,8.58µm
_08295_,8.58µm
_09683_,8.58µm
_12429_,8.58µm
_12529_,8.58µm
_12959_,8.58µm
_13657_,8.58µm
_14148_,8.58µm
_14490_,8.58µm
_14676_,8.58µm
_14679_,8.58µm
_06912_,8.57µm
_00341_,8.56µm
_00926_,8.56µm
_00989_,8.56µm
_01238_,8.56µm
_01933_,8.56µm
_02462_,8.56µm
_04185_,8.56µm
_04242_,8.56µm
_05902_,8.56µm
_06376_,8.56µm
_06415_,8.56µm
_07631_,8.56µm
_08897_,8.56µm
_10094_,8.56µm
_11171_,8.56µm
_12573_,8.56µm
_13589_,8.56µm
mantisaBshift\[15\],8.56µm
net1135,8.56µm
_07134_,8.55µm
_01210_,8.54µm
_03009_,8.54µm
_06436_,8.54µm
_06756_,8.54µm
_06957_,8.54µm
_09765_,8.54µm
_10890_,8.54µm
_11873_,8.54µm
_04220_,8.535µm
_00592_,8.52µm
_01097_,8.52µm
_01620_,8.52µm
_01888_,8.52µm
_04395_,8.52µm
_07629_,8.52µm
_07630_,8.52µm
_07869_,8.52µm
_07906_,8.52µm
_08508_,8.52µm
_09301_,8.52µm
_12015_,8.52µm
_14989_,8.52µm
undefined3,8.52µm
net1029,8.52µm
_00860_,8.5µm
_01045_,8.5µm
_02476_,8.5µm
_03027_,8.5µm
_05676_,8.5µm
_05927_,8.5µm
_08669_,8.5µm
_08924_,8.5µm
_11223_,8.5µm
_11741_,8.5µm
_11869_,8.5µm
_13808_,8.5µm
_14773_,8.5µm
_14830_,8.5µm
mantisa[21],8.5µm
mantisa[22],8.5µm
_10388_,8.495µm
_02403_,8.48µm
_04058_,8.48µm
_06057_,8.48µm
_06092_,8.48µm
_06258_,8.48µm
_07741_,8.48µm
_09300_,8.48µm
_09660_,8.48µm
_10262_,8.48µm
_11745_,8.48µm
_12466_,8.48µm
_14549_,8.48µm
_08109_,8.465µm
_10843_,8.465µm
_01903_,8.46µm
_03165_,8.46µm
_04458_,8.46µm
_08117_,8.46µm
_08557_,8.46µm
_11198_,8.46µm
_11609_,8.46µm
_13708_,8.46µm
_15055_,8.46µm
_02197_,8.44µm
_02279_,8.44µm
_02315_,8.44µm
_03486_,8.44µm
_05613_,8.44µm
_06337_,8.44µm
_07169_,8.44µm
_07202_,8.44µm
_07777_,8.44µm
_08449_,8.44µm
_09304_,8.44µm
_09342_,8.44µm
_09382_,8.44µm
_11313_,8.44µm
_11845_,8.44µm
_11881_,8.44µm
_12189_,8.44µm
_13161_,8.44µm
_13461_,8.44µm
net283,8.44µm
_09250_,8.435µm
_01321_,8.42µm
_02032_,8.42µm
_02346_,8.42µm
_04401_,8.42µm
_05309_,8.42µm
_08551_,8.42µm
_09143_,8.42µm
_09732_,8.42µm
_10149_,8.42µm
_13628_,8.42µm
_00311_,8.4µm
_00827_,8.4µm
_01498_,8.4µm
_02011_,8.4µm
_02545_,8.4µm
_06391_,8.4µm
_06894_,8.4µm
_07135_,8.4µm
_07302_,8.4µm
_08809_,8.4µm
_10138_,8.4µm
_10383_,8.4µm
_12500_,8.4µm
_13631_,8.4µm
_14129_,8.4µm
_08417_,8.395µm
_02933_,8.38µm
_04518_,8.38µm
_05685_,8.38µm
_10540_,8.38µm
_10657_,8.38µm
_10816_,8.38µm
_14215_,8.38µm
_14624_,8.38µm
_06314_,8.375µm
_00523_,8.37µm
_01955_,8.36µm
_02316_,8.36µm
_02445_,8.36µm
_04453_,8.36µm
_07291_,8.36µm
_07818_,8.36µm
_08054_,8.36µm
_08855_,8.36µm
_09333_,8.36µm
_09631_,8.36µm
_13208_,8.36µm
_13639_,8.36µm
_13842_,8.36µm
_14377_,8.36µm
_01740_,8.34µm
_01956_,8.34µm
_02894_,8.34µm
_03797_,8.34µm
_05280_,8.34µm
_05881_,8.34µm
_09392_,8.34µm
_11086_,8.34µm
_11825_,8.34µm
_12010_,8.34µm
_13007_,8.34µm
_13563_,8.34µm
_13812_,8.34µm
_14108_,8.34µm
_14612_,8.34µm
_11133_,8.33µm
_02151_,8.32µm
_03011_,8.32µm
_03287_,8.32µm
_04712_,8.32µm
_06210_,8.32µm
_07095_,8.32µm
_07872_,8.32µm
_09230_,8.32µm
_11403_,8.32µm
_11929_,8.32µm
_12520_,8.32µm
_13471_,8.32µm
_14751_,8.32µm
_08199_,8.315µm
_08542_,8.31µm
_00956_,8.3µm
_01479_,8.3µm
net1076,8.29µm
_03978_,8.28µm
_10589_,8.28µm
_12692_,8.28µm
_13562_,8.28µm
_13635_,8.28µm
mantisa[10],8.27µm
_07523_,8.26µm
_08872_,8.26µm
_12918_,8.26µm
_14162_,8.26µm
_03532_,8.245µm
_00591_,8.24µm
_01577_,8.24µm
_02489_,8.24µm
_02500_,8.24µm
_04101_,8.24µm
_04438_,8.24µm
_04624_,8.24µm
_08605_,8.24µm
_08679_,8.24µm
_08728_,8.24µm
_10963_,8.24µm
_12000_,8.24µm
_12839_,8.24µm
_13002_,8.24µm
_14195_,8.24µm
_14230_,8.24µm
_14380_,8.24µm
net978,8.24µm
net1172,8.24µm
_00357_,8.225µm
_01857_,8.22µm
_06731_,8.22µm
_07122_,8.22µm
_08868_,8.22µm
_08896_,8.22µm
_10620_,8.205µm
_00920_,8.2µm
_01446_,8.2µm
_03141_,8.2µm
_06544_,8.2µm
_06805_,8.2µm
_07520_,8.2µm
_08105_,8.2µm
_09282_,8.2µm
_10062_,8.2µm
_11465_,8.2µm
_12137_,8.2µm
_12499_,8.2µm
_13929_,8.2µm
_15080_,8.2µm
net1170,8.2µm
_08888_,8.175µm
_00967_,8.16µm
_01944_,8.16µm
_02782_,8.16µm
_04676_,8.16µm
_06134_,8.16µm
_06670_,8.16µm
_07019_,8.16µm
_08150_,8.16µm
_08469_,8.16µm
_09261_,8.16µm
_09550_,8.16µm
_11335_,8.16µm
_12360_,8.16µm
_13066_,8.16µm
_14437_,8.16µm
_02729_,8.155µm
_08873_,8.15µm
_00165_,8.14µm
_01472_,8.14µm
_02376_,8.14µm
_03854_,8.14µm
_04283_,8.14µm
_06549_,8.14µm
_07637_,8.14µm
_07989_,8.14µm
_07998_,8.14µm
_09793_,8.14µm
_11672_,8.14µm
_12487_,8.14µm
_13305_,8.14µm
_13971_,8.14µm
_14904_,8.14µm
_14963_,8.14µm
mantisaA0\[14\],8.14µm
mantisaA0\[21\],8.14µm
_08804_,8.125µm
_00723_,8.12µm
_01370_,8.12µm
_01512_,8.12µm
_01786_,8.12µm
_01788_,8.12µm
_05812_,8.12µm
_06082_,8.12µm
_06729_,8.12µm
_07006_,8.12µm
_07614_,8.12µm
_08561_,8.12µm
_12544_,8.12µm
_13218_,8.12µm
_13645_,8.12µm
_14754_,8.12µm
_14844_,8.12µm
_14946_,8.12µm
_00200_,8.1µm
_00240_,8.1µm
_01688_,8.1µm
_01695_,8.1µm
_02901_,8.1µm
_03230_,8.1µm
_04015_,8.1µm
_04207_,8.1µm
_05803_,8.1µm
_07568_,8.1µm
_07904_,8.1µm
_08019_,8.1µm
_08319_,8.1µm
_08748_,8.1µm
_09503_,8.1µm
_10771_,8.1µm
_12950_,8.1µm
_14893_,8.1µm
mantisaA0\[22\],8.1µm
_05947_,8.09µm
_11239_,8.085µm
_01022_,8.08µm
_05069_,8.08µm
_06533_,8.08µm
_06676_,8.08µm
_09172_,8.08µm
_10717_,8.08µm
_11443_,8.08µm
_12783_,8.08µm
_00009_,8.065µm
_01002_,8.06µm
_05365_,8.06µm
_05666_,8.06µm
_06615_,8.06µm
_07574_,8.06µm
_09209_,8.06µm
_09451_,8.06µm
_10705_,8.06µm
_11325_,8.06µm
_11361_,8.06µm
_13289_,8.06µm
_13743_,8.06µm
_13920_,8.06µm
_14101_,8.06µm
_03863_,8.04µm
_06144_,8.04µm
_09396_,8.04µm
_11611_,8.04µm
_14291_,8.04µm
_14786_,8.04µm
mantisaA0\[10\],8.04µm
_07023_,8.03µm
mantisaB[2],8.03µm
_00116_,8.025µm
_00969_,8.02µm
_01178_,8.02µm
_02567_,8.02µm
_03848_,8.02µm
_04824_,8.02µm
_05019_,8.02µm
_06414_,8.02µm
_06803_,8.02µm
_07879_,8.02µm
_08699_,8.02µm
_09297_,8.02µm
_13251_,8.02µm
_14541_,8.02µm
_05056_,8.005µm
_01578_,8µm
_01860_,8µm
_01936_,8µm
_03276_,8µm
_06266_,8µm
_07108_,8µm
_08292_,8µm
_08571_,8µm
_10769_,8µm
_12868_,8µm
_14259_,8µm
_14349_,8µm
_14357_,8µm
_15127_,8µm
_02591_,7.99µm
_13582_,7.99µm
_00709_,7.985µm
_11540_,7.985µm
_00985_,7.98µm
_01706_,7.98µm
_02080_,7.98µm
_02162_,7.98µm
_02498_,7.98µm
_02808_,7.98µm
_03424_,7.98µm
_03517_,7.98µm
_04320_,7.98µm
_04631_,7.98µm
_04880_,7.98µm
_05008_,7.98µm
_06121_,7.98µm
_06476_,7.98µm
_06518_,7.98µm
_06677_,7.98µm
_07371_,7.98µm
_07486_,7.98µm
_07781_,7.98µm
_08110_,7.98µm
_09058_,7.98µm
_09417_,7.98µm
_09445_,7.98µm
_09962_,7.98µm
_10442_,7.98µm
_10599_,7.98µm
_11371_,7.98µm
_12453_,7.98µm
_13702_,7.98µm
_13970_,7.98µm
_14140_,7.98µm
_14302_,7.98µm
_14813_,7.98µm
net177,7.98µm
_02251_,7.96µm
_03783_,7.96µm
_12707_,7.96µm
_00712_,7.94µm
_00784_,7.94µm
_01444_,7.94µm
_03065_,7.94µm
_04068_,7.94µm
_04236_,7.94µm
_05470_,7.94µm
_08920_,7.94µm
_09116_,7.94µm
_09215_,7.94µm
_09539_,7.94µm
_11752_,7.94µm
_11828_,7.94µm
_14524_,7.94µm
net1152,7.94µm
_03544_,7.93µm
_00370_,7.92µm
_05686_,7.92µm
_06662_,7.92µm
_07084_,7.92µm
_08703_,7.92µm
_09727_,7.92µm
_10266_,7.92µm
_12725_,7.92µm
_12869_,7.92µm
_13887_,7.92µm
_14501_,7.92µm
_00566_,7.9µm
_00568_,7.9µm
_03061_,7.9µm
_03875_,7.9µm
_05421_,7.9µm
_05934_,7.9µm
_06123_,7.9µm
_06482_,7.9µm
_08106_,7.9µm
_09144_,7.9µm
_09607_,7.9µm
_11704_,7.9µm
_11980_,7.9µm
_11986_,7.9µm
_13215_,7.9µm
_14017_,7.9µm
_08923_,7.895µm
expb[4],7.89µm
mantisaA[16],7.89µm
signb,7.89µm
_02372_,7.88µm
_04870_,7.88µm
_06096_,7.88µm
_06147_,7.88µm
_07730_,7.88µm
_08192_,7.88µm
_08599_,7.88µm
_10394_,7.88µm
_11217_,7.88µm
_13172_,7.88µm
_04590_,7.875µm
_01396_,7.86µm
_03710_,7.86µm
_04688_,7.86µm
_08848_,7.86µm
_09784_,7.86µm
_10973_,7.86µm
_11395_,7.86µm
_12168_,7.86µm
net36,7.86µm
_14514_,7.855µm
_12231_,7.85µm
_09224_,7.845µm
_03307_,7.84µm
_06091_,7.84µm
_08283_,7.84µm
_09070_,7.84µm
_09648_,7.84µm
_10334_,7.84µm
_11417_,7.84µm
_12851_,7.84µm
_06913_,7.825µm
_00170_,7.82µm
_01190_,7.82µm
_09317_,7.82µm
_09796_,7.82µm
_13885_,7.82µm
net1210,7.82µm
_03768_,7.8µm
_04918_,7.8µm
_06682_,7.8µm
_09502_,7.8µm
_04632_,7.795µm
sign,7.79µm
_00659_,7.78µm
_00943_,7.78µm
_01969_,7.78µm
_02043_,7.78µm
_02196_,7.78µm
_03704_,7.78µm
_06109_,7.78µm
_07715_,7.78µm
_07864_,7.78µm
_08234_,7.78µm
_10438_,7.78µm
_10943_,7.78µm
_13451_,7.78µm
_13654_,7.78µm
_14281_,7.78µm
_14347_,7.78µm
_00235_,7.765µm
_01031_,7.76µm
_03507_,7.76µm
_08892_,7.76µm
_11413_,7.76µm
_11988_,7.76µm
net1213,7.76µm
_01397_,7.74µm
_02909_,7.74µm
_03145_,7.74µm
_03576_,7.74µm
_03945_,7.74µm
_04386_,7.74µm
_05304_,7.74µm
_05722_,7.74µm
_06874_,7.74µm
_07865_,7.74µm
_08052_,7.74µm
_08141_,7.74µm
_10581_,7.74µm
net955,7.74µm
_08929_,7.72µm
_10959_,7.72µm
_14709_,7.72µm
expa[7],7.71µm
_00053_,7.705µm
_00197_,7.7µm
_00646_,7.7µm
_07064_,7.7µm
_07789_,7.7µm
_07851_,7.7µm
_08274_,7.7µm
_14448_,7.7µm
_00110_,7.695µm
_01353_,7.68µm
_04174_,7.68µm
_04855_,7.68µm
_04927_,7.68µm
_07218_,7.68µm
_07389_,7.68µm
_09391_,7.68µm
_10187_,7.68µm
_12494_,7.68µm
_12522_,7.68µm
four_man\[31\],7.68µm
_02435_,7.66µm
_03828_,7.66µm
_04154_,7.66µm
_05479_,7.66µm
_05630_,7.66µm
_07627_,7.66µm
_07923_,7.66µm
_08767_,7.66µm
_09326_,7.66µm
_11210_,7.66µm
_12225_,7.66µm
_13060_,7.66µm
_13988_,7.66µm
_14052_,7.66µm
_14089_,7.66µm
_14209_,7.66µm
_14477_,7.645µm
_01018_,7.64µm
_01235_,7.64µm
_01392_,7.64µm
_03446_,7.64µm
_03573_,7.64µm
_03842_,7.64µm
_03955_,7.64µm
_05891_,7.64µm
_06182_,7.64µm
_07098_,7.64µm
_07285_,7.64µm
_07644_,7.64µm
_08968_,7.64µm
_09170_,7.64µm
_10042_,7.64µm
_10245_,7.64µm
_10494_,7.64µm
_10527_,7.64µm
_10621_,7.64µm
_13344_,7.64µm
_13388_,7.64µm
_14005_,7.64µm
_15070_,7.64µm
expmiddleb\[5\],7.64µm
net391,7.64µm
_03772_,7.62µm
_06098_,7.62µm
_06578_,7.62µm
_09389_,7.62µm
_11619_,7.62µm
mantisaB0\[10\],7.62µm
_00109_,7.605µm
_07686_,7.605µm
_01004_,7.6µm
_01341_,7.6µm
_03937_,7.6µm
_04734_,7.6µm
_04764_,7.6µm
_06411_,7.6µm
_07501_,7.6µm
_08154_,7.6µm
_08764_,7.6µm
_09115_,7.6µm
_09285_,7.6µm
_10517_,7.6µm
_11350_,7.6µm
_12373_,7.6µm
_12568_,7.6µm
_12583_,7.6µm
_11034_,7.59µm
mantisa[19],7.59µm
_00361_,7.58µm
_01877_,7.58µm
_10917_,7.58µm
_13555_,7.58µm
_13890_,7.58µm
_14368_,7.58µm
net1091,7.565µm
_00771_,7.56µm
_00974_,7.56µm
_02441_,7.56µm
_02820_,7.56µm
_05235_,7.56µm
_05754_,7.56µm
_09635_,7.56µm
_09783_,7.56µm
_11196_,7.56µm
_11921_,7.56µm
_12086_,7.56µm
_12600_,7.56µm
_12923_,7.56µm
_14596_,7.55µm
_01741_,7.545µm
_00785_,7.54µm
_02459_,7.54µm
_02763_,7.54µm
_04396_,7.54µm
_05072_,7.54µm
_06849_,7.54µm
_09033_,7.54µm
_12173_,7.54µm
_12966_,7.54µm
_13223_,7.54µm
_03030_,7.53µm
_01088_,7.52µm
_01365_,7.52µm
_01613_,7.52µm
_01878_,7.52µm
_03731_,7.52µm
_04431_,7.52µm
_05458_,7.52µm
_05538_,7.52µm
_06139_,7.52µm
_06333_,7.52µm
_07010_,7.52µm
_08081_,7.52µm
_08426_,7.52µm
_08686_,7.52µm
_09476_,7.52µm
_09537_,7.52µm
_09735_,7.52µm
_10202_,7.52µm
_10737_,7.52µm
_10825_,7.52µm
_11003_,7.52µm
_11409_,7.52µm
_12060_,7.52µm
_12109_,7.52µm
_13882_,7.52µm
_14406_,7.52µm
_14724_,7.52µm
_14782_,7.52µm
_14863_,7.52µm
net53,7.52µm
_11120_,7.515µm
_04841_,7.5µm
_10876_,7.5µm
_13307_,7.5µm
_14019_,7.5µm
expa[0],7.49µm
_01377_,7.48µm
_01849_,7.48µm
_02188_,7.48µm
_02540_,7.48µm
_03107_,7.48µm
_03776_,7.48µm
_04053_,7.48µm
_05770_,7.48µm
_07254_,7.48µm
_09795_,7.48µm
_10152_,7.48µm
_12550_,7.48µm
_12909_,7.48µm
_13418_,7.48µm
_13809_,7.48µm
_14046_,7.48µm
net370,7.48µm
net1149,7.48µm
_00776_,7.46µm
_00979_,7.46µm
_02276_,7.46µm
_07229_,7.46µm
_12603_,7.46µm
_13078_,7.46µm
_14851_,7.46µm
net1126,7.46µm
_01450_,7.44µm
_02992_,7.44µm
_06065_,7.44µm
_06313_,7.44µm
_06909_,7.44µm
_08145_,7.44µm
_08181_,7.44µm
_08224_,7.44µm
_08275_,7.44µm
_10084_,7.44µm
_10099_,7.44µm
_10121_,7.44µm
_10803_,7.44µm
_13487_,7.44µm
_13519_,7.44µm
_14413_,7.44µm
_14517_,7.44µm
_15040_,7.44µm
_15085_,7.44µm
_01546_,7.43µm
_01798_,7.43µm
_00939_,7.42µm
_01258_,7.42µm
_10896_,7.42µm
_11106_,7.42µm
_11603_,7.42µm
_11800_,7.42µm
_11817_,7.42µm
_12083_,7.42µm
_13284_,7.42µm
net941,7.415µm
_00405_,7.4µm
_00825_,7.4µm
_01764_,7.4µm
_01939_,7.4µm
_02647_,7.4µm
_04625_,7.4µm
_04969_,7.4µm
_05472_,7.4µm
_06607_,7.4µm
_07097_,7.4µm
_07424_,7.4µm
_07456_,7.4µm
_11594_,7.4µm
_12006_,7.4µm
_12415_,7.4µm
_12726_,7.4µm
expmiddled\[1\],7.4µm
net45,7.4µm
_00453_,7.395µm
_00238_,7.385µm
_00684_,7.38µm
_02429_,7.38µm
_08640_,7.38µm
_12817_,7.38µm
_14570_,7.38µm
_05257_,7.36µm
_05343_,7.36µm
_05373_,7.36µm
_10408_,7.36µm
_10480_,7.36µm
_08900_,7.345µm
_00867_,7.34µm
_05606_,7.34µm
_05728_,7.34µm
_06900_,7.34µm
_14568_,7.34µm
exp[6],7.33µm
_02344_,7.32µm
_02437_,7.32µm
_02475_,7.32µm
_03261_,7.32µm
_03880_,7.32µm
_05094_,7.32µm
_06156_,7.32µm
_06432_,7.32µm
_06527_,7.32µm
_06679_,7.32µm
_06835_,7.32µm
_06937_,7.32µm
_07046_,7.32µm
_08188_,7.32µm
_08443_,7.32µm
_08805_,7.32µm
_09898_,7.32µm
_11491_,7.32µm
_12143_,7.32µm
_12759_,7.32µm
_12823_,7.32µm
_14611_,7.32µm
_01501_,7.3µm
_03001_,7.3µm
_04809_,7.3µm
_06352_,7.3µm
_10016_,7.3µm
_12059_,7.3µm
_12496_,7.3µm
_14603_,7.3µm
_14800_,7.3µm
_01121_,7.28µm
_03913_,7.28µm
_07314_,7.28µm
_15069_,7.28µm
net35,7.28µm
_14872_,7.275µm
_05550_,7.26µm
_14761_,7.26µm
_01769_,7.24µm
_02058_,7.24µm
_03802_,7.24µm
_05714_,7.24µm
_07032_,7.24µm
_07794_,7.24µm
_08616_,7.24µm
_09284_,7.24µm
_10635_,7.24µm
_10964_,7.24µm
_11509_,7.24µm
_11627_,7.24µm
_14352_,7.24µm
_02128_,7.22µm
_02519_,7.22µm
_03513_,7.22µm
_03538_,7.22µm
_04403_,7.22µm
_05621_,7.22µm
_05680_,7.22µm
_06898_,7.22µm
_07041_,7.22µm
_07149_,7.22µm
_07344_,7.22µm
_09410_,7.22µm
_09546_,7.22µm
_09906_,7.22µm
_10554_,7.22µm
_11832_,7.22µm
_13278_,7.22µm
net83,7.22µm
_00786_,7.2µm
_01222_,7.2µm
_02533_,7.2µm
_03205_,7.2µm
_03728_,7.2µm
_04464_,7.2µm
_05604_,7.2µm
_06541_,7.2µm
_07082_,7.2µm
_07087_,7.2µm
_07199_,7.2µm
_07676_,7.2µm
_09054_,7.2µm
_09187_,7.2µm
_09452_,7.2µm
_09613_,7.2µm
_10281_,7.2µm
_10345_,7.2µm
_11578_,7.2µm
_11676_,7.2µm
_13667_,7.2µm
_13716_,7.2µm
_14632_,7.2µm
_14737_,7.2µm
net942,7.2µm
_01562_,7.18µm
_01669_,7.18µm
_01736_,7.18µm
_02159_,7.18µm
_05555_,7.18µm
_05984_,7.18µm
_06132_,7.18µm
_06177_,7.18µm
_07440_,7.18µm
_08406_,7.18µm
_09472_,7.18µm
_09570_,7.18µm
_10297_,7.18µm
_12248_,7.18µm
_12708_,7.18µm
mantisaB0\[8\],7.18µm
signA1,7.18µm
_01175_,7.16µm
_01592_,7.16µm
_03191_,7.16µm
_11435_,7.16µm
_00297_,7.15µm
_00135_,7.145µm
_02261_,7.14µm
_02274_,7.14µm
_02751_,7.14µm
_03804_,7.14µm
_06358_,7.14µm
_07735_,7.14µm
_08564_,7.14µm
_09091_,7.14µm
_09242_,7.14µm
_11246_,7.14µm
_00408_,7.12µm
_00887_,7.12µm
_02395_,7.12µm
_02845_,7.12µm
_05959_,7.12µm
_06521_,7.12µm
_07773_,7.12µm
_11567_,7.12µm
_12057_,7.12µm
_12591_,7.12µm
_13085_,7.12µm
_08157_,7.105µm
_01782_,7.1µm
_02536_,7.1µm
_02785_,7.1µm
_03777_,7.1µm
_04013_,7.1µm
_05210_,7.1µm
_05583_,7.1µm
_06172_,7.1µm
_06811_,7.1µm
_06922_,7.1µm
_07662_,7.1µm
_09109_,7.1µm
_09343_,7.1µm
_09717_,7.1µm
_09894_,7.1µm
_09945_,7.1µm
_10002_,7.1µm
_11202_,7.1µm
_11654_,7.1µm
_12633_,7.1µm
_12740_,7.1µm
_14784_,7.1µm
net1218,7.1µm
_00043_,7.095µm
_09096_,7.09µm
_00003_,7.085µm
_00178_,7.085µm
_01923_,7.08µm
_04488_,7.08µm
_05598_,7.08µm
_05602_,7.08µm
_06561_,7.08µm
_07320_,7.08µm
_08701_,7.08µm
_10595_,7.08µm
_11064_,7.08µm
_12299_,7.08µm
_13939_,7.08µm
_11253_,7.065µm
_00305_,7.06µm
_01680_,7.06µm
_01921_,7.06µm
_02094_,7.06µm
_03104_,7.06µm
_03213_,7.06µm
_03303_,7.06µm
_03379_,7.06µm
_03436_,7.06µm
_03519_,7.06µm
_03739_,7.06µm
_03747_,7.06µm
_04430_,7.06µm
_05372_,7.06µm
_05426_,7.06µm
_06175_,7.06µm
_06700_,7.06µm
_08708_,7.06µm
_09194_,7.06µm
_09350_,7.06µm
_09870_,7.06µm
_09992_,7.06µm
_10107_,7.06µm
_10910_,7.06µm
_11157_,7.06µm
_11181_,7.06µm
_11665_,7.06µm
_13142_,7.06µm
_13324_,7.06µm
_13984_,7.06µm
_07489_,7.04µm
_11864_,7.04µm
_12139_,7.04µm
_13804_,7.03µm
_05753_,7.025µm
_10339_,7.025µm
_00371_,7µm
_08749_,7µm
_09901_,7µm
_10288_,7µm
_13121_,7µm
_14155_,7µm
_01587_,6.98µm
_02531_,6.98µm
_02735_,6.98µm
_02772_,6.98µm
_03476_,6.98µm
_05225_,6.98µm
_06167_,6.98µm
_07077_,6.98µm
_08373_,6.98µm
_08446_,6.98µm
_10851_,6.98µm
_10887_,6.98µm
_11088_,6.98µm
_11165_,6.98µm
_12877_,6.98µm
_13659_,6.98µm
_13993_,6.98µm
_14145_,6.98µm
_14436_,6.98µm
_14616_,6.98µm
_14741_,6.98µm
_14855_,6.98µm
net345,6.98µm
_03299_,6.97µm
_01868_,6.96µm
_02146_,6.96µm
_02275_,6.96µm
_03888_,6.96µm
_04152_,6.96µm
_04799_,6.96µm
_05169_,6.96µm
_11843_,6.96µm
_15130_,6.96µm
_05009_,6.955µm
_12802_,6.955µm
_00896_,6.94µm
_03782_,6.94µm
_06589_,6.94µm
_07008_,6.94µm
_09579_,6.94µm
_09965_,6.94µm
_14115_,6.94µm
_14298_,6.94µm
_14812_,6.94µm
_00191_,6.925µm
_00574_,6.92µm
_03129_,6.92µm
_11777_,6.92µm
_12749_,6.92µm
exp[4],6.91µm
_00171_,6.905µm
_00722_,6.905µm
_02744_,6.9µm
_03044_,6.9µm
_05410_,6.9µm
_06568_,6.9µm
_08506_,6.9µm
_09532_,6.9µm
_09936_,6.9µm
_13378_,6.9µm
net1129,6.9µm
_03132_,6.88µm
_07499_,6.88µm
_09316_,6.88µm
_12987_,6.88µm
_13512_,6.88µm
_06051_,6.87µm
_10055_,6.87µm
_14076_,6.87µm
_01361_,6.86µm
_03159_,6.86µm
_03968_,6.86µm
_05080_,6.86µm
_05190_,6.86µm
_05338_,6.86µm
_06622_,6.86µm
_07003_,6.86µm
_08851_,6.86µm
_12234_,6.86µm
_13406_,6.86µm
_13642_,6.86µm
_13669_,6.86µm
_14808_,6.86µm
_05403_,6.84µm
_12829_,6.84µm
_13424_,6.84µm
_14304_,6.84µm
_00077_,6.825µm
_00117_,6.825µm
_00641_,6.82µm
_00760_,6.82µm
_02890_,6.82µm
_03425_,6.82µm
_04193_,6.82µm
_04324_,6.82µm
_07939_,6.82µm
_09280_,6.82µm
_09697_,6.82µm
_10111_,6.82µm
_10311_,6.82µm
_10692_,6.82µm
_12369_,6.82µm
_12607_,6.82µm
_12835_,6.82µm
_12999_,6.82µm
_13202_,6.82µm
_13450_,6.82µm
_14211_,6.82µm
_00072_,6.815µm
_00008_,6.805µm
_07049_,6.8µm
_08909_,6.8µm
_00982_,6.78µm
_01658_,6.78µm
_03552_,6.78µm
_05341_,6.78µm
_06271_,6.78µm
_06456_,6.78µm
_06560_,6.78µm
_06921_,6.78µm
_09378_,6.78µm
_09552_,6.78µm
_09638_,6.78µm
_10985_,6.78µm
_11462_,6.78µm
_11589_,6.78µm
_13051_,6.78µm
_14009_,6.78µm
_14457_,6.78µm
four_man\[18\],6.78µm
net1146,6.78µm
_00078_,6.765µm
_01176_,6.76µm
_01299_,6.76µm
_01314_,6.76µm
_02130_,6.76µm
_02163_,6.76µm
_02218_,6.76µm
_04096_,6.76µm
_05375_,6.76µm
_06071_,6.76µm
_06601_,6.76µm
_06958_,6.76µm
_07652_,6.76µm
_08815_,6.76µm
_08857_,6.76µm
_12239_,6.76µm
_12243_,6.76µm
_12365_,6.76µm
_12395_,6.76µm
_12751_,6.76µm
_13079_,6.76µm
_13340_,6.76µm
_14181_,6.76µm
_14290_,6.76µm
expmiddleb\[1\],6.76µm
net940,6.76µm
_09711_,6.745µm
_00809_,6.74µm
_01326_,6.74µm
_02048_,6.74µm
_02494_,6.74µm
_02620_,6.74µm
_02974_,6.74µm
_03958_,6.74µm
_04061_,6.74µm
_04196_,6.74µm
_05930_,6.74µm
_06481_,6.74µm
_07270_,6.74µm
_08296_,6.74µm
_08340_,6.74µm
_09425_,6.74µm
_10639_,6.74µm
_10839_,6.74µm
_11396_,6.74µm
_12107_,6.74µm
_13771_,6.74µm
_14500_,6.74µm
_00194_,6.72µm
_00345_,6.72µm
_01001_,6.72µm
_01020_,6.72µm
_01807_,6.72µm
_01823_,6.72µm
_01912_,6.72µm
_02828_,6.72µm
_03197_,6.72µm
_03405_,6.72µm
_03600_,6.72µm
_04160_,6.72µm
_04519_,6.72µm
_04558_,6.72µm
_04616_,6.72µm
_04638_,6.72µm
_05481_,6.72µm
_06155_,6.72µm
_06161_,6.72µm
_06191_,6.72µm
_06410_,6.72µm
_06526_,6.72µm
_07868_,6.72µm
_07907_,6.72µm
_08727_,6.72µm
_10116_,6.72µm
_10764_,6.72µm
_11524_,6.72µm
_11656_,6.72µm
_12949_,6.72µm
_13535_,6.72µm
_15091_,6.72µm
expmiddlea\[7\],6.72µm
signA3,6.72µm
net1184,6.72µm
_06725_,6.715µm
_00244_,6.705µm
_10967_,6.7µm
_13245_,6.7µm
_00213_,6.685µm
_02148_,6.67µm
_05278_,6.67µm
_00325_,6.66µm
_02835_,6.66µm
_03635_,6.66µm
_03694_,6.66µm
_05855_,6.66µm
_06751_,6.66µm
_08732_,6.66µm
_10348_,6.66µm
_10607_,6.66µm
_11200_,6.66µm
_11339_,6.66µm
_11750_,6.66µm
_13785_,6.66µm
_13945_,6.66µm
_14706_,6.66µm
net344,6.66µm
_00059_,6.645µm
_01193_,6.64µm
_01478_,6.64µm
_01949_,6.64µm
_02506_,6.64µm
_02632_,6.64µm
_03124_,6.64µm
_03167_,6.64µm
_03590_,6.64µm
_04107_,6.64µm
_04363_,6.64µm
_04777_,6.64µm
_04812_,6.64µm
_04960_,6.64µm
_05246_,6.64µm
_05521_,6.64µm
_05974_,6.64µm
_06178_,6.64µm
_06981_,6.64µm
_07042_,6.64µm
_07103_,6.64µm
_08236_,6.64µm
_08941_,6.64µm
_09437_,6.64µm
_09510_,6.64µm
_09563_,6.64µm
_09822_,6.64µm
_10145_,6.64µm
_10785_,6.64µm
_10852_,6.64µm
_11067_,6.64µm
_11275_,6.64µm
_11357_,6.64µm
_11755_,6.64µm
_12279_,6.64µm
_13530_,6.64µm
_13652_,6.64µm
_01413_,6.62µm
_02484_,6.62µm
_04126_,6.62µm
_07025_,6.62µm
_07160_,6.62µm
_08211_,6.62µm
_09479_,6.62µm
_09891_,6.62µm
_10013_,6.62µm
_10926_,6.62µm
_13310_,6.62µm
_14038_,6.62µm
_14560_,6.62µm
_14939_,6.62µm
_00975_,6.6µm
_03183_,6.6µm
_03626_,6.6µm
_03661_,6.6µm
_04114_,6.6µm
_04355_,6.6µm
_04942_,6.6µm
_04992_,6.6µm
_05247_,6.6µm
_05743_,6.6µm
_06058_,6.6µm
_06154_,6.6µm
_07068_,6.6µm
_07322_,6.6µm
_07511_,6.6µm
_07705_,6.6µm
_08103_,6.6µm
_08104_,6.6µm
_09026_,6.6µm
_09597_,6.6µm
_10404_,6.6µm
_10634_,6.6µm
_11804_,6.6µm
_12199_,6.6µm
_12689_,6.6µm
_12716_,6.6µm
_13030_,6.6µm
_13474_,6.6µm
_14170_,6.6µm
_14442_,6.6µm
_14547_,6.6µm
_14635_,6.6µm
_14926_,6.6µm
net69,6.6µm
_03983_,6.58µm
_05087_,6.58µm
_07931_,6.58µm
_10664_,6.58µm
_10994_,6.58µm
_13485_,6.58µm
_13719_,6.58µm
_14261_,6.575µm
_02194_,6.57µm
_00125_,6.54µm
_01597_,6.54µm
_02755_,6.54µm
_05218_,6.54µm
_06929_,6.54µm
_12521_,6.54µm
_00359_,6.52µm
_00390_,6.52µm
_00437_,6.52µm
_01338_,6.52µm
_01560_,6.52µm
_01977_,6.52µm
_02939_,6.52µm
_03275_,6.52µm
_05052_,6.52µm
_05228_,6.52µm
_06099_,6.52µm
_06176_,6.52µm
_06379_,6.52µm
_06496_,6.52µm
_06689_,6.52µm
_07396_,6.52µm
_07431_,6.52µm
_07800_,6.52µm
_08241_,6.52µm
_08395_,6.52µm
_09358_,6.52µm
_09603_,6.52µm
_09955_,6.52µm
_10354_,6.52µm
_10472_,6.52µm
_10747_,6.52µm
_10991_,6.52µm
_11085_,6.52µm
_12546_,6.52µm
_13383_,6.52µm
_14657_,6.52µm
net200,6.52µm
_01533_,6.515µm
_00476_,6.5µm
_03867_,6.5µm
_04412_,6.5µm
_04592_,6.5µm
_05711_,6.5µm
_13194_,6.5µm
_14992_,6.5µm
_05430_,6.495µm
_00035_,6.485µm
_00459_,6.48µm
_01393_,6.48µm
_02401_,6.48µm
_03793_,6.48µm
_04614_,6.48µm
_05139_,6.48µm
_05554_,6.48µm
_06010_,6.48µm
_08844_,6.48µm
_13417_,6.48µm
_00188_,6.465µm
_01930_,6.46µm
net1092,6.445µm
_05050_,6.44µm
_06515_,6.44µm
_06890_,6.44µm
_07457_,6.44µm
_09161_,6.44µm
_09925_,6.44µm
_10603_,6.44µm
_13655_,6.44µm
_14534_,6.44µm
_14688_,6.44µm
_00252_,6.425µm
_04988_,6.42µm
_13700_,6.42µm
_06659_,6.405µm
_00869_,6.4µm
_01134_,6.4µm
_02054_,6.4µm
_04119_,6.4µm
_04675_,6.4µm
_04752_,6.4µm
_07780_,6.4µm
_08522_,6.4µm
_08624_,6.4µm
_09944_,6.4µm
_11037_,6.4µm
_11831_,6.4µm
_12197_,6.4µm
_12330_,6.4µm
_12352_,6.4µm
_13109_,6.4µm
_13510_,6.4µm
_00279_,6.39µm
_04200_,6.38µm
_07740_,6.38µm
_08985_,6.38µm
_09561_,6.38µm
_10020_,6.38µm
_10343_,6.38µm
_11472_,6.38µm
_12405_,6.38µm
_13948_,6.38µm
_14914_,6.38µm
_00028_,6.365µm
_00186_,6.365µm
_07338_,6.365µm
_10632_,6.36µm
_11625_,6.36µm
_11711_,6.36µm
_13498_,6.36µm
_13767_,6.36µm
_15074_,6.34µm
_03198_,6.33µm
_11772_,6.325µm
_01037_,6.32µm
_01346_,6.32µm
_02422_,6.32µm
_04187_,6.32µm
_04650_,6.32µm
_06027_,6.32µm
_06100_,6.32µm
_06477_,6.32µm
_07304_,6.32µm
_07999_,6.32µm
_08341_,6.32µm
_08347_,6.32µm
_08964_,6.32µm
_09535_,6.32µm
_11631_,6.32µm
_11677_,6.32µm
_12996_,6.32µm
_14027_,6.32µm
_14177_,6.32µm
_14364_,6.32µm
_02765_,6.305µm
_02917_,6.3µm
_03756_,6.3µm
_05510_,6.3µm
_06124_,6.3µm
_06551_,6.3µm
_06892_,6.3µm
_07072_,6.3µm
_09099_,6.3µm
_09117_,6.3µm
_09766_,6.3µm
_10622_,6.3µm
_10918_,6.3µm
_10920_,6.3µm
_11035_,6.3µm
_11040_,6.3µm
_11219_,6.3µm
_12204_,6.3µm
_13197_,6.3µm
_13554_,6.3µm
_13620_,6.3µm
_14229_,6.3µm
_14600_,6.3µm
four_man\[34\],6.3µm
mantisaA0\[2\],6.3µm
net250,6.3µm
_02440_,6.285µm
_03631_,6.28µm
_03876_,6.28µm
_03964_,6.28µm
_04424_,6.28µm
_04435_,6.28µm
_04853_,6.28µm
_05248_,6.28µm
_05591_,6.28µm
_05923_,6.28µm
_08559_,6.28µm
_09401_,6.28µm
_11108_,6.28µm
_12631_,6.28µm
_12761_,6.28µm
_13140_,6.28µm
_14790_,6.27µm
_00123_,6.265µm
_11386_,6.265µm
_00958_,6.26µm
_01352_,6.26µm
_01622_,6.26µm
_01743_,6.26µm
_02390_,6.26µm
_03238_,6.26µm
_03442_,6.26µm
_04759_,6.26µm
_04791_,6.26µm
_04943_,6.26µm
_05068_,6.26µm
_05179_,6.26µm
_05464_,6.26µm
_05720_,6.26µm
_06023_,6.26µm
_06195_,6.26µm
_07248_,6.26µm
_07594_,6.26µm
_08433_,6.26µm
_09295_,6.26µm
_09323_,6.26µm
_09812_,6.26µm
_10395_,6.26µm
_11343_,6.26µm
_11666_,6.26µm
_12324_,6.26µm
_12667_,6.26µm
_13548_,6.26µm
_14804_,6.26µm
four_man\[38\],6.26µm
_03042_,6.24µm
_09700_,6.24µm
_09931_,6.24µm
mantisa[9],6.23µm
_00011_,6.225µm
_00093_,6.225µm
_00096_,6.225µm
_00215_,6.225µm
_00372_,6.2µm
_01390_,6.2µm
_01998_,6.2µm
_02331_,6.2µm
_02380_,6.2µm
_02794_,6.2µm
_04071_,6.2µm
_04541_,6.2µm
_04829_,6.2µm
_05159_,6.2µm
_06879_,6.2µm
_07536_,6.2µm
_08065_,6.2µm
_11604_,6.2µm
_11780_,6.2µm
_12175_,6.2µm
_12506_,6.2µm
_13318_,6.2µm
_13437_,6.2µm
_14065_,6.2µm
_00774_,6.18µm
_01184_,6.18µm
_01224_,6.18µm
_02995_,6.18µm
_03022_,6.18µm
_03098_,6.18µm
_03134_,6.18µm
_03207_,6.18µm
_03231_,6.18µm
_03490_,6.18µm
_04113_,6.18µm
_04128_,6.18µm
_04135_,6.18µm
_05889_,6.18µm
_05928_,6.18µm
_06370_,6.18µm
_06374_,6.18µm
_06976_,6.18µm
_07200_,6.18µm
_09037_,6.18µm
_09618_,6.18µm
_09678_,6.18µm
_10093_,6.18µm
_10475_,6.18µm
_10936_,6.18µm
_10940_,6.18µm
_11010_,6.18µm
_11320_,6.18µm
_11478_,6.18µm
_11925_,6.18µm
_11975_,6.18µm
_12357_,6.18µm
_12394_,6.18µm
_12501_,6.18µm
_12688_,6.18µm
_13203_,6.18µm
_13352_,6.18µm
_13489_,6.18µm
_14395_,6.18µm
_15024_,6.18µm
net130,6.18µm
net252,6.18µm
_05015_,6.175µm
_00350_,6.16µm
_07104_,6.16µm
_08556_,6.16µm
_09156_,6.16µm
_12190_,6.16µm
_01201_,6.14µm
_01575_,6.14µm
_01654_,6.14µm
_02273_,6.14µm
_03113_,6.14µm
_03173_,6.14µm
_04052_,6.14µm
_04628_,6.14µm
_04763_,6.14µm
_04972_,6.14µm
_05331_,6.14µm
_05422_,6.14µm
_05637_,6.14µm
_05717_,6.14µm
_06310_,6.14µm
_06948_,6.14µm
_07286_,6.14µm
_07608_,6.14µm
_08194_,6.14µm
_08507_,6.14µm
_09241_,6.14µm
_09296_,6.14µm
_09538_,6.14µm
_09836_,6.14µm
_10063_,6.14µm
_10403_,6.14µm
_10712_,6.14µm
_10812_,6.14µm
_11990_,6.14µm
_12123_,6.14µm
_13029_,6.14µm
_13851_,6.14µm
_14974_,6.14µm
_15131_,6.14µm
net1118,6.14µm
_01822_,6.12µm
_02910_,6.12µm
_11649_,6.12µm
_13774_,6.12µm
_03352_,6.11µm
_06129_,6.1µm
_13694_,6.085µm
_00173_,6.08µm
_02633_,6.08µm
_02857_,6.08µm
_06102_,6.08µm
_06872_,6.08µm
_07571_,6.08µm
_07857_,6.08µm
_10495_,6.08µm
_10559_,6.08µm
_12201_,6.08µm
_12470_,6.08µm
_12855_,6.08µm
_13026_,6.08µm
_14537_,6.08µm
net1219,6.08µm
_00000_,6.065µm
_01229_,6.06µm
_01382_,6.06µm
_01941_,6.06µm
_02737_,6.06µm
_03114_,6.06µm
_05745_,6.06µm
_06637_,6.06µm
_07249_,6.06µm
_07921_,6.06µm
_08122_,6.06µm
_09149_,6.06µm
_09411_,6.06µm
_12275_,6.06µm
_12280_,6.06µm
_13057_,6.06µm
_14769_,6.06µm
_14981_,6.06µm
_02123_,6.04µm
_03981_,6.04µm
_04005_,6.04µm
_04657_,6.04µm
_04780_,6.04µm
_06140_,6.04µm
_10619_,6.04µm
_14583_,6.04µm
net47,6.035µm
_01320_,6.02µm
_06274_,6.02µm
_06910_,6.02µm
_10295_,6.02µm
_12585_,6.02µm
_14272_,6.02µm
_14771_,6.02µm
_07498_,6.01µm
_00187_,6.005µm
_00223_,6.005µm
net1121,6.005µm
_01349_,5.98µm
_02356_,5.98µm
_04686_,5.98µm
_07124_,5.98µm
_09690_,5.98µm
_11512_,5.98µm
_15063_,5.98µm
net414,5.98µm
_01005_,5.96µm
_04735_,5.96µm
_07573_,5.96µm
_08543_,5.96µm
_12896_,5.96µm
_14834_,5.96µm
_00885_,5.94µm
_01027_,5.94µm
_01449_,5.94µm
_02353_,5.94µm
_03336_,5.94µm
_03673_,5.94µm
_06143_,5.94µm
_06479_,5.94µm
_08398_,5.94µm
_08427_,5.94µm
_09053_,5.94µm
_10195_,5.94µm
_12183_,5.94µm
_12872_,5.94µm
_13911_,5.94µm
_14698_,5.94µm
net1151,5.935µm
_01141_,5.92µm
_01196_,5.92µm
_04093_,5.92µm
_06906_,5.92µm
_10130_,5.92µm
_06574_,5.9µm
_09050_,5.9µm
_09699_,5.9µm
_13871_,5.9µm
_06464_,5.88µm
_02444_,5.86µm
_05901_,5.86µm
_06507_,5.86µm
_06664_,5.86µm
_06936_,5.86µm
_07725_,5.86µm
_08450_,5.86µm
_08478_,5.86µm
_08509_,5.86µm
_08511_,5.86µm
_09201_,5.86µm
_10096_,5.86µm
_10828_,5.86µm
_11190_,5.86µm
_11319_,5.86µm
_11862_,5.86µm
_12370_,5.86µm
_12876_,5.86µm
_13647_,5.86µm
_14021_,5.86µm
_14909_,5.86µm
_08596_,5.855µm
mantisaA[19],5.85µm
signa,5.85µm
_02285_,5.845µm
_13447_,5.845µm
_01683_,5.84µm
_02656_,5.84µm
_03759_,5.84µm
_03825_,5.84µm
_04418_,5.84µm
_04562_,5.84µm
_04603_,5.84µm
_04745_,5.84µm
_04879_,5.84µm
_05741_,5.84µm
_06160_,5.84µm
_06240_,5.84µm
_06348_,5.84µm
_06502_,5.84µm
_06620_,5.84µm
_06688_,5.84µm
_06895_,5.84µm
_06982_,5.84µm
_07830_,5.84µm
_08407_,5.84µm
_09346_,5.84µm
_09695_,5.84µm
_10255_,5.84µm
_10462_,5.84µm
_10497_,5.84µm
_10572_,5.84µm
_11116_,5.84µm
_11523_,5.84µm
_12915_,5.84µm
_14714_,5.84µm
_14848_,5.84µm
net1150,5.84µm
_11646_,5.825µm
_02427_,5.82µm
_04142_,5.82µm
_13108_,5.82µm
_13688_,5.82µm
_13740_,5.82µm
_13906_,5.82µm
_14117_,5.82µm
_14677_,5.82µm
net131,5.82µm
net160,5.82µm
_00160_,5.8µm
_01573_,5.8µm
_02047_,5.8µm
_02916_,5.8µm
_02998_,5.8µm
_04140_,5.8µm
_04801_,5.8µm
_04844_,5.8µm
_05726_,5.8µm
_05808_,5.8µm
_06146_,5.8µm
_06244_,5.8µm
_06375_,5.8µm
_06666_,5.8µm
_06820_,5.8µm
_07231_,5.8µm
_07451_,5.8µm
_07714_,5.8µm
_07719_,5.8µm
_07839_,5.8µm
_08474_,5.8µm
_08483_,5.8µm
_08600_,5.8µm
_09137_,5.8µm
_09213_,5.8µm
_09279_,5.8µm
_09420_,5.8µm
_10071_,5.8µm
_11115_,5.8µm
_11628_,5.8µm
_11642_,5.8µm
_12063_,5.8µm
_12668_,5.8µm
_13762_,5.8µm
_14136_,5.8µm
_14206_,5.8µm
_14328_,5.8µm
_14796_,5.8µm
_00079_,5.78µm
_02406_,5.78µm
_08668_,5.78µm
mantisaA0\[9\],5.78µm
_14743_,5.77µm
_00124_,5.765µm
mantisa[11],5.75µm
mantisa[20],5.75µm
_00604_,5.74µm
_01250_,5.74µm
_02067_,5.74µm
_03091_,5.74µm
_03324_,5.74µm
_03789_,5.74µm
_04305_,5.74µm
_05182_,5.74µm
_07462_,5.74µm
_08692_,5.74µm
_09073_,5.74µm
_09111_,5.74µm
_09830_,5.74µm
_10416_,5.74µm
_13226_,5.74µm
_13817_,5.74µm
_14993_,5.74µm
_14789_,5.725µm
_00331_,5.72µm
_00508_,5.72µm
_01804_,5.72µm
_02589_,5.72µm
_02652_,5.72µm
_02963_,5.72µm
_03360_,5.72µm
_03388_,5.72µm
_03492_,5.72µm
_03941_,5.72µm
_04048_,5.72µm
_04433_,5.72µm
_05214_,5.72µm
_05478_,5.72µm
_05623_,5.72µm
_05631_,5.72µm
_05683_,5.72µm
_06220_,5.72µm
_06514_,5.72µm
_06649_,5.72µm
_06875_,5.72µm
_07015_,5.72µm
_07058_,5.72µm
_07769_,5.72µm
_08062_,5.72µm
_08252_,5.72µm
_08293_,5.72µm
_08337_,5.72µm
_08410_,5.72µm
_08714_,5.72µm
_09132_,5.72µm
_09199_,5.72µm
_09560_,5.72µm
_09599_,5.72µm
_09659_,5.72µm
_09974_,5.72µm
_10341_,5.72µm
_10561_,5.72µm
_10642_,5.72µm
_10776_,5.72µm
_10937_,5.72µm
_11414_,5.72µm
_11743_,5.72µm
_12309_,5.72µm
_14055_,5.72µm
_14179_,5.72µm
net77,5.72µm
_14202_,5.715µm
_00144_,5.7µm
_01047_,5.7µm
_01843_,5.7µm
_06891_,5.7µm
_07742_,5.7µm
_09440_,5.7µm
_09728_,5.7µm
_11023_,5.7µm
_11416_,5.7µm
_11803_,5.7µm
_00560_,5.68µm
_00673_,5.68µm
_00733_,5.68µm
_00987_,5.68µm
_01664_,5.68µm
_02131_,5.68µm
_02407_,5.68µm
_02621_,5.68µm
_02712_,5.68µm
_02921_,5.68µm
_03110_,5.68µm
_03903_,5.68µm
_03906_,5.68µm
_04045_,5.68µm
_04095_,5.68µm
_04288_,5.68µm
_04524_,5.68µm
_04576_,5.68µm
_04636_,5.68µm
_04679_,5.68µm
_04723_,5.68µm
_05653_,5.68µm
_05703_,5.68µm
_05725_,5.68µm
_05768_,5.68µm
_05818_,5.68µm
_05847_,5.68µm
_06963_,5.68µm
_07076_,5.68µm
_07187_,5.68µm
_07578_,5.68µm
_07937_,5.68µm
_08480_,5.68µm
_08537_,5.68µm
_08739_,5.68µm
_08756_,5.68µm
_08933_,5.68µm
_10485_,5.68µm
_11218_,5.68µm
_11518_,5.68µm
_11701_,5.68µm
_12041_,5.68µm
_12879_,5.68µm
_14214_,5.68µm
_14270_,5.68µm
_14785_,5.68µm
_15072_,5.68µm
_15086_,5.68µm
_11852_,5.675µm
_02213_,5.64µm
_03701_,5.625µm
_00502_,5.62µm
_00707_,5.62µm
_01607_,5.62µm
_05761_,5.62µm
_07817_,5.62µm
_11614_,5.62µm
net1123,5.62µm
net1216,5.62µm
_00830_,5.6µm
_00870_,5.6µm
_01077_,5.6µm
_01124_,5.6µm
_01207_,5.6µm
_01351_,5.6µm
_01363_,5.6µm
_01615_,5.6µm
_03069_,5.6µm
_03174_,5.6µm
_03192_,5.6µm
_03389_,5.6µm
_03812_,5.6µm
_03911_,5.6µm
_04713_,5.6µm
_05568_,5.6µm
_05737_,5.6µm
_06691_,5.6µm
_07186_,5.6µm
_07346_,5.6µm
_08112_,5.6µm
_09059_,5.6µm
_09352_,5.6µm
_09422_,5.6µm
_09888_,5.6µm
_11015_,5.6µm
_11658_,5.6µm
_12127_,5.6µm
_13514_,5.6µm
_13755_,5.6µm
_14777_,5.6µm
_14903_,5.6µm
_14962_,5.6µm
_15071_,5.6µm
_13600_,5.59µm
_01164_,5.58µm
_03987_,5.58µm
_04257_,5.58µm
_04369_,5.58µm
_09633_,5.58µm
_12025_,5.58µm
_12658_,5.58µm
_15052_,5.58µm
_13933_,5.57µm
_00656_,5.56µm
_03092_,5.56µm
_04677_,5.56µm
_04774_,5.56µm
_06858_,5.56µm
_06953_,5.56µm
_09789_,5.56µm
_00216_,5.545µm
_00389_,5.53µm
_00461_,5.53µm
_05378_,5.525µm
_00034_,5.52µm
_01874_,5.52µm
_04788_,5.52µm
_05594_,5.52µm
_05700_,5.52µm
_05861_,5.52µm
_06246_,5.52µm
_10990_,5.52µm
_11674_,5.52µm
_15029_,5.52µm
_09914_,5.51µm
net1116,5.505µm
_00324_,5.5µm
_01775_,5.5µm
_06148_,5.5µm
_09355_,5.5µm
_10444_,5.5µm
_13477_,5.5µm
_13813_,5.5µm
net975,5.5µm
_14794_,5.485µm
_00714_,5.48µm
_00980_,5.48µm
_02026_,5.48µm
_02068_,5.48µm
_02638_,5.48µm
_03010_,5.48µm
_03281_,5.48µm
_04003_,5.48µm
_04247_,5.48µm
_06470_,5.48µm
_07798_,5.48µm
_08158_,5.48µm
_08436_,5.48µm
_08565_,5.48µm
_10047_,5.48µm
_10473_,5.48µm
_10588_,5.48µm
_10668_,5.48µm
_10830_,5.48µm
_12984_,5.48µm
_13473_,5.48µm
_14073_,5.48µm
_14515_,5.48µm
_05665_,5.475µm
_02220_,5.46µm
_02341_,5.46µm
_04643_,5.46µm
_06300_,5.46µm
_10177_,5.46µm
_01260_,5.44µm
_01523_,5.44µm
_02178_,5.44µm
_11336_,5.44µm
_12992_,5.44µm
_00071_,5.435µm
_00153_,5.435µm
_07411_,5.435µm
mantisa[17],5.41µm
_01041_,5.4µm
_01359_,5.4µm
_03399_,5.4µm
_04980_,5.4µm
_05000_,5.4µm
_05065_,5.4µm
_05453_,5.4µm
_05784_,5.4µm
_06198_,5.4µm
_06243_,5.4µm
_06798_,5.4µm
_06806_,5.4µm
_07785_,5.4µm
_08371_,5.4µm
_08996_,5.4µm
_09463_,5.4µm
_11330_,5.4µm
_11813_,5.4µm
_11920_,5.4µm
_11951_,5.4µm
_13116_,5.4µm
_13179_,5.4µm
_13566_,5.4µm
_13741_,5.4µm
_14297_,5.4µm
_14908_,5.4µm
_00166_,5.38µm
_01277_,5.38µm
_01618_,5.38µm
_02050_,5.38µm
_02137_,5.38µm
_02812_,5.38µm
_02816_,5.38µm
_03094_,5.38µm
_03111_,5.38µm
_03498_,5.38µm
_03780_,5.38µm
_04088_,5.38µm
_04179_,5.38µm
_04352_,5.38µm
_05038_,5.38µm
_05475_,5.38µm
_05691_,5.38µm
_05832_,5.38µm
_06251_,5.38µm
_06602_,5.38µm
_07107_,5.38µm
_07535_,5.38µm
_07751_,5.38µm
_07886_,5.38µm
_07917_,5.38µm
_08005_,5.38µm
_09085_,5.38µm
_09419_,5.38µm
_10952_,5.38µm
_11301_,5.38µm
_11714_,5.38µm
_12085_,5.38µm
_12691_,5.38µm
_12905_,5.38µm
_13570_,5.38µm
_13625_,5.38µm
_14122_,5.38µm
_14242_,5.38µm
_14665_,5.38µm
_14673_,5.38µm
_14809_,5.38µm
_14856_,5.38µm
net65,5.38µm
net85,5.38µm
net96,5.38µm
net1024,5.38µm
_04449_,5.375µm
_11222_,5.37µm
_00048_,5.365µm
_00056_,5.365µm
_00058_,5.365µm
_00561_,5.36µm
_01198_,5.36µm
_05136_,5.36µm
_05425_,5.36µm
_05463_,5.36µm
_05895_,5.36µm
_07240_,5.36µm
_07681_,5.36µm
_07905_,5.36µm
_08147_,5.36µm
_09782_,5.36µm
_10748_,5.36µm
_11069_,5.36µm
_12130_,5.36µm
net49,5.36µm
_11582_,5.35µm
_00107_,5.345µm
_00162_,5.34µm
_00204_,5.34µm
_00343_,5.34µm
_01205_,5.34µm
_01574_,5.34µm
_02522_,5.34µm
_02681_,5.34µm
_02855_,5.34µm
_02919_,5.34µm
_03024_,5.34µm
_03295_,5.34µm
_03542_,5.34µm
_03654_,5.34µm
_04409_,5.34µm
_04737_,5.34µm
_05073_,5.34µm
_06127_,5.34µm
_06501_,5.34µm
_07339_,5.34µm
_07416_,5.34µm
_07532_,5.34µm
_07540_,5.34µm
_07874_,5.34µm
_08256_,5.34µm
_08381_,5.34µm
_08619_,5.34µm
_09249_,5.34µm
_09287_,5.34µm
_09487_,5.34µm
_09737_,5.34µm
_09838_,5.34µm
_09919_,5.34µm
_09946_,5.34µm
_10547_,5.34µm
_10558_,5.34µm
_10587_,5.34µm
_12052_,5.34µm
_12951_,5.34µm
_13345_,5.34µm
_13472_,5.34µm
_13524_,5.34µm
_13995_,5.34µm
_14793_,5.34µm
_14842_,5.34µm
_15112_,5.34µm
mantisaB0\[15\],5.34µm
_15001_,5.33µm
mantisaB[5],5.31µm
_00174_,5.305µm
_00212_,5.305µm
_09557_,5.305µm
_10036_,5.29µm
mantisa[2],5.29µm
_00004_,5.285µm
_08357_,5.285µm
_00866_,5.28µm
_01468_,5.28µm
_02686_,5.28µm
_04785_,5.28µm
_05858_,5.28µm
_06821_,5.28µm
_06965_,5.28µm
_08098_,5.28µm
_09299_,5.28µm
_10066_,5.28µm
_10998_,5.28µm
_11027_,5.28µm
_11441_,5.28µm
_12129_,5.28µm
_12200_,5.28µm
_13572_,5.28µm
net154,5.28µm
_00051_,5.265µm
_00930_,5.26µm
_00984_,5.26µm
_01127_,5.26µm
_01268_,5.26µm
_01765_,5.26µm
_01881_,5.26µm
_01962_,5.26µm
_02033_,5.26µm
_02057_,5.26µm
_02121_,5.26µm
_02304_,5.26µm
_02671_,5.26µm
_02701_,5.26µm
_02851_,5.26µm
_03417_,5.26µm
_03643_,5.26µm
_03684_,5.26µm
_03865_,5.26µm
_04955_,5.26µm
_04971_,5.26µm
_05310_,5.26µm
_06193_,5.26µm
_06204_,5.26µm
_06343_,5.26µm
_06695_,5.26µm
_06816_,5.26µm
_07161_,5.26µm
_07455_,5.26µm
_07660_,5.26µm
_07704_,5.26µm
_07986_,5.26µm
_08068_,5.26µm
_08190_,5.26µm
_08541_,5.26µm
_08849_,5.26µm
_09097_,5.26µm
_09232_,5.26µm
_09816_,5.26µm
_10049_,5.26µm
_10256_,5.26µm
_10976_,5.26µm
_11044_,5.26µm
_11713_,5.26µm
_11718_,5.26µm
_12435_,5.26µm
_12810_,5.26µm
_12913_,5.26µm
_13828_,5.26µm
_13859_,5.26µm
_13893_,5.26µm
_14094_,5.26µm
_14341_,5.26µm
_14384_,5.26µm
_14573_,5.26µm
_14734_,5.26µm
_15046_,5.26µm
net1007,5.26µm
_00772_,5.24µm
_02471_,5.24µm
_03383_,5.24µm
_03642_,5.24µm
_04102_,5.24µm
_04991_,5.24µm
_09074_,5.24µm
_09567_,5.24µm
_11732_,5.24µm
_13837_,5.24µm
_02371_,5.235µm
_00366_,5.22µm
_00379_,5.22µm
_01544_,5.22µm
_02001_,5.22µm
_02658_,5.22µm
_03188_,5.22µm
_03514_,5.22µm
_03625_,5.22µm
_03639_,5.22µm
_04051_,5.22µm
_04754_,5.22µm
_05432_,5.22µm
_05756_,5.22µm
_06322_,5.22µm
_06422_,5.22µm
_06564_,5.22µm
_06569_,5.22µm
_07052_,5.22µm
_07350_,5.22µm
_07398_,5.22µm
_07926_,5.22µm
_08463_,5.22µm
_08572_,5.22µm
_08685_,5.22µm
_09131_,5.22µm
_09227_,5.22µm
_09362_,5.22µm
_09809_,5.22µm
_10350_,5.22µm
_10676_,5.22µm
_11279_,5.22µm
_11623_,5.22µm
_11626_,5.22µm
_11747_,5.22µm
_12118_,5.22µm
_12256_,5.22µm
_12488_,5.22µm
_12769_,5.22µm
_12797_,5.22µm
_13295_,5.22µm
_13814_,5.22µm
_14246_,5.22µm
_14618_,5.22µm
_14648_,5.22µm
mantisaBshift\[14\],5.22µm
net1060,5.22µm
net1127,5.22µm
_07137_,5.215µm
_07778_,5.21µm
_04897_,5.2µm
_13904_,5.2µm
_07712_,5.195µm
_01610_,5.16µm
_05408_,5.16µm
_05780_,5.16µm
_07470_,5.16µm
_09774_,5.16µm
_10051_,5.16µm
_10779_,5.16µm
_11481_,5.16µm
_12477_,5.16µm
_12561_,5.16µm
_13769_,5.16µm
_13810_,5.16µm
_13999_,5.16µm
_14562_,5.16µm
_00293_,5.14µm
_00595_,5.14µm
_00910_,5.14µm
_01042_,5.14µm
_01979_,5.14µm
_02228_,5.14µm
_03587_,5.14µm
_04420_,5.14µm
_06497_,5.14µm
_06893_,5.14µm
_07168_,5.14µm
_07243_,5.14µm
_07438_,5.14µm
_08013_,5.14µm
_08539_,5.14µm
_08649_,5.14µm
_09494_,5.14µm
_09559_,5.14µm
_09693_,5.14µm
_09966_,5.14µm
_10529_,5.14µm
_10626_,5.14µm
_11093_,5.14µm
_11233_,5.14µm
_11431_,5.14µm
_11588_,5.14µm
_11684_,5.14µm
_11742_,5.14µm
_12182_,5.14µm
_12311_,5.14µm
_12382_,5.14µm
_13056_,5.14µm
_13679_,5.14µm
_14060_,5.14µm
_14925_,5.14µm
_13569_,5.135µm
_00300_,5.12µm
_00334_,5.12µm
_01418_,5.12µm
_04485_,5.12µm
_06786_,5.12µm
_09366_,5.12µm
net22,5.12µm
_03969_,5.115µm
_12980_,5.11µm
_00704_,5.1µm
_05878_,5.1µm
_13699_,5.1µm
_14712_,5.1µm
_00251_,5.085µm
_14451_,5.07µm
exp[1],5.07µm
mantisaB[7],5.07µm
mantisa[12],5.07µm
mantisa[15],5.07µm
mantisa[4],5.07µm
_03100_,5.06µm
_03251_,5.06µm
_04579_,5.06µm
_05336_,5.06µm
_06253_,5.06µm
_06295_,5.06µm
_06946_,5.06µm
_08999_,5.06µm
_09630_,5.06µm
_11012_,5.06µm
_11715_,5.06µm
_12960_,5.06µm
_13796_,5.06µm
_14883_,5.06µm
_00054_,5.045µm
_00057_,5.045µm
_05106_,5.045µm
_02413_,5.04µm
_05277_,5.04µm
_05495_,5.04µm
_07731_,5.04µm
_08075_,5.04µm
_09167_,5.04µm
_09831_,5.04µm
_11867_,5.04µm
_13362_,5.04µm
_00433_,5.02µm
_00472_,5.02µm
_00831_,5.02µm
_00992_,5.02µm
_01171_,5.02µm
_01582_,5.02µm
_01785_,5.02µm
_01928_,5.02µm
_02195_,5.02µm
_03037_,5.02µm
_03088_,5.02µm
_03879_,5.02µm
_04001_,5.02µm
_04274_,5.02µm
_05346_,5.02µm
_06563_,5.02µm
_06726_,5.02µm
_07356_,5.02µm
_07653_,5.02µm
_08419_,5.02µm
_08611_,5.02µm
_08932_,5.02µm
_09718_,5.02µm
_11065_,5.02µm
_11858_,5.02µm
_11964_,5.02µm
_12263_,5.02µm
_12706_,5.02µm
_12764_,5.02µm
_12858_,5.02µm
_14193_,5.02µm
_14867_,5.02µm
net1080,5.02µm
_13832_,5.005µm
_00936_,5µm
_01900_,5µm
_02558_,5µm
_02768_,5µm
_06089_,5µm
_06722_,5µm
_07670_,5µm
_12133_,5µm
mantisaBshift\[3\],5µm
mantisaBshift\[9\],5µm
_01059_,4.965µm
mantisa[8],4.95µm
_00369_,4.94µm
_02003_,4.94µm
_03122_,4.94µm
_03375_,4.94µm
_04229_,4.94µm
_04398_,4.94µm
_04641_,4.94µm
_04852_,4.94µm
_06078_,4.94µm
_06393_,4.94µm
_07020_,4.94µm
_07094_,4.94µm
_07901_,4.94µm
_08438_,4.94µm
_08504_,4.94µm
_08899_,4.94µm
_09526_,4.94µm
_09628_,4.94µm
_10163_,4.94µm
_10848_,4.94µm
_11127_,4.94µm
_13267_,4.94µm
_01144_,4.92µm
_01282_,4.92µm
_01435_,4.92µm
_01438_,4.92µm
_01734_,4.92µm
_01767_,4.92µm
_02767_,4.92µm
_02809_,4.92µm
_02868_,4.92µm
_03074_,4.92µm
_03807_,4.92µm
_03816_,4.92µm
_03953_,4.92µm
_04255_,4.92µm
_04484_,4.92µm
_04565_,4.92µm
_04904_,4.92µm
_04964_,4.92µm
_05154_,4.92µm
_05609_,4.92µm
_05820_,4.92µm
_05856_,4.92µm
_06170_,4.92µm
_06207_,4.92µm
_06208_,4.92µm
_07030_,4.92µm
_07366_,4.92µm
_07425_,4.92µm
_07774_,4.92µm
_07821_,4.92µm
_08095_,4.92µm
_08171_,4.92µm
_08200_,4.92µm
_08919_,4.92µm
_08975_,4.92µm
_09185_,4.92µm
_09189_,4.92µm
_09875_,4.92µm
_10698_,4.92µm
_11134_,4.92µm
_11169_,4.92µm
_11693_,4.92µm
_11823_,4.92µm
_12503_,4.92µm
_12617_,4.92µm
_12677_,4.92µm
_12971_,4.92µm
_12981_,4.92µm
_13315_,4.92µm
_13880_,4.92µm
_14123_,4.92µm
_14427_,4.92µm
_14650_,4.92µm
_14746_,4.92µm
_14895_,4.92µm
expmiddlea\[5\],4.92µm
net290,4.92µm
net939,4.92µm
_00761_,4.9µm
_00770_,4.9µm
_01624_,4.9µm
_01834_,4.9µm
_05196_,4.9µm
_06853_,4.9µm
_07062_,4.9µm
_08423_,4.9µm
_10760_,4.9µm
_11557_,4.9µm
_13772_,4.9µm
_13938_,4.9µm
_14288_,4.9µm
_14659_,4.9µm
_00017_,4.885µm
_12497_,4.885µm
_00164_,4.88µm
_00206_,4.88µm
_00688_,4.88µm
_01381_,4.88µm
_01415_,4.88µm
_01744_,4.88µm
_02145_,4.88µm
_02373_,4.88µm
_02492_,4.88µm
_02714_,4.88µm
_03553_,4.88µm
_03615_,4.88µm
_03847_,4.88µm
_03917_,4.88µm
_03973_,4.88µm
_04043_,4.88µm
_04282_,4.88µm
_04452_,4.88µm
_04661_,4.88µm
_04931_,4.88µm
_05171_,4.88µm
_05184_,4.88µm
_05282_,4.88µm
_05527_,4.88µm
_05917_,4.88µm
_05998_,4.88µm
_06320_,4.88µm
_06388_,4.88µm
_06508_,4.88µm
_07197_,4.88µm
_07443_,4.88µm
_07997_,4.88µm
_08345_,4.88µm
_08918_,4.88µm
_08948_,4.88µm
_09298_,4.88µm
_09554_,4.88µm
_09581_,4.88µm
_09807_,4.88µm
_09916_,4.88µm
_09922_,4.88µm
_09985_,4.88µm
_10204_,4.88µm
_10222_,4.88µm
_10464_,4.88µm
_10722_,4.88µm
_10856_,4.88µm
_11517_,4.88µm
_11679_,4.88µm
_12140_,4.88µm
_12227_,4.88µm
_12516_,4.88µm
_12841_,4.88µm
_13435_,4.88µm
_13646_,4.88µm
_13886_,4.88µm
_14489_,4.88µm
net313,4.88µm
net951,4.88µm
net968,4.88µm
net976,4.88µm
net1030,4.88µm
net1122,4.88µm
_02379_,4.86µm
_05907_,4.85µm
expa[6],4.85µm
_00112_,4.845µm
_00118_,4.845µm
_00182_,4.845µm
_00217_,4.845µm
_06830_,4.835µm
_05789_,4.83µm
expa[3],4.83µm
expb[1],4.83µm
expb[3],4.83µm
mantisaA[18],4.83µm
mantisaB[4],4.83µm
_03565_,4.82µm
_05502_,4.82µm
_06399_,4.82µm
_06532_,4.82µm
_07382_,4.82µm
_07514_,4.82µm
_08208_,4.82µm
_08712_,4.82µm
_09018_,4.82µm
_09490_,4.82µm
_09634_,4.82µm
_11887_,4.82µm
_12408_,4.82µm
_12481_,4.82µm
_12965_,4.82µm
net81,4.82µm
net159,4.82µm
_00367_,4.8µm
_01023_,4.8µm
_01154_,4.8µm
_01272_,4.8µm
_01668_,4.8µm
_01796_,4.8µm
_01832_,4.8µm
_01890_,4.8µm
_01915_,4.8µm
_02070_,4.8µm
_02306_,4.8µm
_02420_,4.8µm
_04481_,4.8µm
_04595_,4.8µm
_04604_,4.8µm
_05851_,4.8µm
_05872_,4.8µm
_06054_,4.8µm
_06418_,4.8µm
_06471_,4.8µm
_06644_,4.8µm
_06704_,4.8µm
_06839_,4.8µm
_07026_,4.8µm
_07244_,4.8µm
_07272_,4.8µm
_07283_,4.8µm
_07638_,4.8µm
_08086_,4.8µm
_08212_,4.8µm
_08271_,4.8µm
_08448_,4.8µm
_08946_,4.8µm
_08953_,4.8µm
_09045_,4.8µm
_09709_,4.8µm
_09832_,4.8µm
_09860_,4.8µm
_10327_,4.8µm
_10329_,4.8µm
_10347_,4.8µm
_10432_,4.8µm
_10791_,4.8µm
_10939_,4.8µm
_11100_,4.8µm
_11297_,4.8µm
_11300_,4.8µm
_11447_,4.8µm
_11496_,4.8µm
_11723_,4.8µm
_11926_,4.8µm
_11928_,4.8µm
_11944_,4.8µm
_12238_,4.8µm
_12312_,4.8µm
_12510_,4.8µm
_12525_,4.8µm
_12663_,4.8µm
_12904_,4.8µm
_13359_,4.8µm
_13640_,4.8µm
_13921_,4.8µm
_13925_,4.8µm
_14042_,4.8µm
_14968_,4.8µm
_15036_,4.8µm
net48,4.8µm
net1106,4.8µm
_14931_,4.79µm
_00636_,4.78µm
_08550_,4.78µm
_08861_,4.78µm
_10924_,4.78µm
_13013_,4.78µm
_13144_,4.78µm
_01117_,4.76µm
_02347_,4.76µm
_02596_,4.76µm
_02777_,4.76µm
_03155_,4.76µm
_04191_,4.76µm
_04443_,4.76µm
_04887_,4.76µm
_05161_,4.76µm
_05173_,4.76µm
_05229_,4.76µm
_05491_,4.76µm
_05960_,4.76µm
_06276_,4.76µm
_06554_,4.76µm
_07345_,4.76µm
_07474_,4.76µm
_07607_,4.76µm
_07866_,4.76µm
_07875_,4.76µm
_09262_,4.76µm
_11552_,4.76µm
_12233_,4.76µm
_12237_,4.76µm
net92,4.76µm
net182,4.76µm
_02368_,4.71µm
_00490_,4.7µm
_00781_,4.7µm
_02827_,4.7µm
_03249_,4.7µm
_03561_,4.7µm
_03962_,4.7µm
_04365_,4.7µm
_06529_,4.7µm
_07373_,4.7µm
_10874_,4.7µm
_11079_,4.7µm
_11549_,4.7µm
_12259_,4.7µm
_14182_,4.7µm
_14525_,4.7µm
net1180,4.7µm
_00849_,4.68µm
_00932_,4.68µm
_01129_,4.68µm
_01795_,4.68µm
_01953_,4.68µm
_02320_,4.68µm
_02839_,4.68µm
_02964_,4.68µm
_03738_,4.68µm
_04204_,4.68µm
_04322_,4.68µm
_04687_,4.68µm
_05042_,4.68µm
_05694_,4.68µm
_06453_,4.68µm
_07037_,4.68µm
_08233_,4.68µm
_08306_,4.68µm
_09118_,4.68µm
_09752_,4.68µm
_09848_,4.68µm
_09932_,4.68µm
_10757_,4.68µm
_10841_,4.68µm
_11056_,4.68µm
_11211_,4.68µm
_11229_,4.68µm
_12093_,4.68µm
_13478_,4.68µm
_14203_,4.68µm
_14218_,4.68µm
_14257_,4.68µm
_14864_,4.68µm
_14934_,4.68µm
_14984_,4.68µm
net1102,4.68µm
_11856_,4.67µm
_05892_,4.66µm
_06239_,4.66µm
_08210_,4.66µm
_08281_,4.66µm
_09500_,4.66µm
_09754_,4.66µm
_13386_,4.66µm
_13508_,4.66µm
_11408_,4.61µm
exp[7],4.61µm
mantisa[14],4.61µm
mantisa[5],4.61µm
_01311_,4.6µm
_02913_,4.6µm
_03014_,4.6µm
_04651_,4.6µm
_05312_,4.6µm
_05561_,4.6µm
_06020_,4.6µm
_08612_,4.6µm
_09975_,4.6µm
_09977_,4.6µm
_11293_,4.6µm
_12821_,4.6µm
_13102_,4.6µm
_13781_,4.6µm
_06920_,4.59µm
_07110_,4.59µm
_08149_,4.59µm
_00090_,4.585µm
_00111_,4.585µm
_00119_,4.585µm
_04836_,4.585µm
net1130,4.585µm
_01233_,4.58µm
_02290_,4.58µm
_04224_,4.58µm
_07760_,4.58µm
_09081_,4.58µm
_13401_,4.58µm
_14921_,4.58µm
net1140,4.58µm
_01864_,4.56µm
_01880_,4.56µm
_02150_,4.56µm
_03121_,4.56µm
_03531_,4.56µm
_03976_,4.56µm
_04034_,4.56µm
_04530_,4.56µm
_04757_,4.56µm
_05252_,4.56µm
_07045_,4.56µm
_07113_,4.56µm
_07728_,4.56µm
_08320_,4.56µm
_08356_,4.56µm
_08674_,4.56µm
_09190_,4.56µm
_10188_,4.56µm
_10376_,4.56µm
_10418_,4.56µm
_11535_,4.56µm
_12895_,4.56µm
_13175_,4.56µm
_13274_,4.56µm
_13296_,4.56µm
_13897_,4.56µm
_14026_,4.56µm
_14251_,4.56µm
_14519_,4.56µm
_00045_,4.555µm
_04075_,4.54µm
_04748_,4.54µm
_05128_,4.54µm
_06037_,4.54µm
_06128_,4.54µm
_06604_,4.54µm
_08492_,4.54µm
_10283_,4.54µm
_10679_,4.54µm
_13914_,4.54µm
_13974_,4.54µm
_14080_,4.54µm
_14484_,4.54µm
expa[2],4.49µm
_00629_,4.48µm
_00891_,4.48µm
_01083_,4.48µm
_01135_,4.48µm
_01362_,4.48µm
_01511_,4.48µm
_02734_,4.48µm
_04318_,4.48µm
_04397_,4.48µm
_04566_,4.48µm
_05232_,4.48µm
_05509_,4.48µm
_05633_,4.48µm
_05709_,4.48µm
_05926_,4.48µm
_06044_,4.48µm
_06070_,4.48µm
_06548_,4.48µm
_06635_,4.48µm
_07044_,4.48µm
_07157_,4.48µm
_07174_,4.48µm
_07332_,4.48µm
_07521_,4.48µm
_07809_,4.48µm
_07823_,4.48µm
_07833_,4.48µm
_08029_,4.48µm
_09530_,4.48µm
_09665_,4.48µm
_09740_,4.48µm
_10655_,4.48µm
_11564_,4.48µm
_11811_,4.48µm
_12419_,4.48µm
_13336_,4.48µm
_13598_,4.48µm
_13958_,4.48µm
_14404_,4.48µm
_14717_,4.48µm
_15028_,4.48µm
_00520_,4.46µm
_00554_,4.46µm
_00607_,4.46µm
_00762_,4.46µm
_00859_,4.46µm
_00959_,4.46µm
_01155_,4.46µm
_01691_,4.46µm
_02547_,4.46µm
_03076_,4.46µm
_03837_,4.46µm
_03838_,4.46µm
_03910_,4.46µm
_04854_,4.46µm
_04937_,4.46µm
_05034_,4.46µm
_05444_,4.46µm
_05875_,4.46µm
_06405_,4.46µm
_06519_,4.46µm
_06576_,4.46µm
_06681_,4.46µm
_07565_,4.46µm
_07587_,4.46µm
_07597_,4.46µm
_08161_,4.46µm
_08163_,4.46µm
_08304_,4.46µm
_08710_,4.46µm
_09015_,4.46µm
_09973_,4.46µm
_10104_,4.46µm
_10597_,4.46µm
_10907_,4.46µm
_10999_,4.46µm
_11025_,4.46µm
_11182_,4.46µm
_11230_,4.46µm
_11324_,4.46µm
_11498_,4.46µm
_11746_,4.46µm
_11995_,4.46µm
_12372_,4.46µm
_12850_,4.46µm
_13321_,4.46µm
_13608_,4.46µm
_13731_,4.46µm
_13985_,4.46µm
_14343_,4.46µm
_14509_,4.46µm
_14971_,4.46µm
_15123_,4.46µm
expmiddlea\[6\],4.46µm
four_man\[24\],4.46µm
mantisaB0\[7\],4.46µm
_01911_,4.44µm
_05824_,4.44µm
_06475_,4.44µm
_07576_,4.44µm
_08461_,4.44µm
_08582_,4.44µm
_11304_,4.44µm
_12065_,4.44µm
_13204_,4.44µm
_13686_,4.44µm
expadd\[7\],4.44µm
_00010_,4.425µm
_00247_,4.425µm
_00069_,4.42µm
_00073_,4.42µm
_00273_,4.42µm
_01465_,4.42µm
_01909_,4.42µm
_02065_,4.42µm
_03224_,4.42µm
_03764_,4.42µm
_04076_,4.42µm
_04108_,4.42µm
_04299_,4.42µm
_04486_,4.42µm
_04517_,4.42µm
_04967_,4.42µm
_05798_,4.42µm
_05989_,4.42µm
_06331_,4.42µm
_06433_,4.42µm
_06618_,4.42µm
_06742_,4.42µm
_06881_,4.42µm
_06934_,4.42µm
_07507_,4.42µm
_07577_,4.42µm
_08847_,4.42µm
_09077_,4.42µm
_09619_,4.42µm
_10259_,4.42µm
_10289_,4.42µm
_10414_,4.42µm
_11094_,4.42µm
_11121_,4.42µm
_12252_,4.42µm
_12609_,4.42µm
_12621_,4.42µm
_12832_,4.42µm
_13544_,4.42µm
_13965_,4.42µm
_14452_,4.42µm
_14569_,4.42µm
mantisaBshift\[12\],4.42µm
net76,4.42µm
net336,4.42µm
exp[0],4.39µm
mantisa[16],4.39µm
_00172_,4.385µm
net1088,4.385µm
_10875_,4.375µm
_11878_,4.375µm
_02885_,4.37µm
_01034_,4.36µm
_01661_,4.36µm
_02975_,4.36µm
_03871_,4.36µm
_04516_,4.36µm
_05262_,4.36µm
_05275_,4.36µm
_05659_,4.36µm
_06084_,4.36µm
_06179_,4.36µm
_06255_,4.36µm
_07351_,4.36µm
_07648_,4.36µm
_07668_,4.36µm
_07966_,4.36µm
_08289_,4.36µm
_08842_,4.36µm
_10532_,4.36µm
_10673_,4.36µm
_11635_,4.36µm
_12391_,4.36µm
_13048_,4.36µm
_13176_,4.36µm
_13431_,4.36µm
_13460_,4.36µm
_13597_,4.36µm
_14050_,4.36µm
_14062_,4.36µm
_14139_,4.36µm
_14530_,4.36µm
_14640_,4.36µm
_14649_,4.36µm
_00668_,4.34µm
_00698_,4.34µm
_00889_,4.34µm
_01048_,4.34µm
_01100_,4.34µm
_01111_,4.34µm
_01368_,4.34µm
_01536_,4.34µm
_01606_,4.34µm
_01820_,4.34µm
_01902_,4.34µm
_01995_,4.34µm
_02573_,4.34µm
_02601_,4.34µm
_02654_,4.34µm
_02707_,4.34µm
_02922_,4.34µm
_05241_,4.34µm
_05684_,4.34µm
_05776_,4.34µm
_06194_,4.34µm
_06307_,4.34µm
_06469_,4.34µm
_06641_,4.34µm
_06717_,4.34µm
_06831_,4.34µm
_07054_,4.34µm
_07258_,4.34µm
_07479_,4.34µm
_07510_,4.34µm
_07519_,4.34µm
_07649_,4.34µm
_07848_,4.34µm
_08352_,4.34µm
_08647_,4.34µm
_09375_,4.34µm
_09432_,4.34µm
_09496_,4.34µm
_09694_,4.34µm
_09896_,4.34µm
_10246_,4.34µm
_10304_,4.34µm
_10313_,4.34µm
_10389_,4.34µm
_10564_,4.34µm
_11112_,4.34µm
_11298_,4.34µm
_11312_,4.34µm
_11668_,4.34µm
_11737_,4.34µm
_11907_,4.34µm
_12001_,4.34µm
_12699_,4.34µm
_13037_,4.34µm
_13115_,4.34µm
_13152_,4.34µm
_13466_,4.34µm
_13540_,4.34µm
_13551_,4.34µm
_13653_,4.34µm
_14420_,4.34µm
_14485_,4.34µm
_14695_,4.34µm
_14774_,4.34µm
mantisaB0\[1\],4.34µm
mantisaBshift\[19\],4.34µm
_01572_,4.32µm
_05242_,4.32µm
_05459_,4.32µm
_08831_,4.32µm
_10989_,4.32µm
_13333_,4.32µm
_01538_,4.3µm
_03824_,4.28µm
_00141_,4.265µm
_00229_,4.265µm
_00978_,4.24µm
_02157_,4.24µm
_06087_,4.24µm
_08401_,4.24µm
_09895_,4.24µm
_10604_,4.24µm
_12172_,4.24µm
_12186_,4.24µm
_14655_,4.24µm
net1119,4.24µm
_11655_,4.235µm
_01262_,4.22µm
_01289_,4.22µm
_02089_,4.22µm
_02466_,4.22µm
_02570_,4.22µm
_03878_,4.22µm
_04214_,4.22µm
_04696_,4.22µm
_05031_,4.22µm
_05075_,4.22µm
_05268_,4.22µm
_05326_,4.22µm
_05558_,4.22µm
_05762_,4.22µm
_06599_,4.22µm
_06771_,4.22µm
_06778_,4.22µm
_07910_,4.22µm
_08124_,4.22µm
_08251_,4.22µm
_08554_,4.22µm
_09107_,4.22µm
_09293_,4.22µm
_09468_,4.22µm
_10454_,4.22µm
_10543_,4.22µm
_11738_,4.22µm
_11754_,4.22µm
_13168_,4.22µm
_15043_,4.22µm
_02035_,4.205µm
_00763_,4.2µm
_05004_,4.2µm
_05060_,4.2µm
_05645_,4.2µm
_06378_,4.2µm
_07475_,4.2µm
_07858_,4.2µm
_09441_,4.2µm
_09702_,4.2µm
_10449_,4.2µm
_14355_,4.2µm
net1215,4.2µm
_00120_,4.165µm
_01737_,4.14µm
_04124_,4.14µm
_04316_,4.14µm
_04618_,4.14µm
_05256_,4.14µm
_05943_,4.14µm
_07155_,4.14µm
_08627_,4.14µm
_08707_,4.14µm
_09566_,4.14µm
_09701_,4.14µm
_10274_,4.14µm
_10365_,4.14µm
_10531_,4.14µm
_12367_,4.14µm
_12672_,4.14µm
_13370_,4.14µm
_13476_,4.14µm
_14594_,4.14µm
_14647_,4.14µm
_14749_,4.14µm
net982,4.14µm
net1203,4.14µm
_02101_,4.12µm
_03916_,4.12µm
_05021_,4.12µm
_05752_,4.12µm
_06545_,4.12µm
_08526_,4.12µm
_09615_,4.12µm
net1202,4.12µm
_06200_,4.11µm
_10168_,4.105µm
_01329_,4.1µm
_02988_,4.1µm
_04243_,4.1µm
_05669_,4.1µm
_05921_,4.1µm
_06000_,4.1µm
_07423_,4.1µm
_08043_,4.1µm
_12422_,4.1µm
_14262_,4.1µm
_14797_,4.1µm
_05522_,4.08µm
_08678_,4.08µm
_10166_,4.08µm
_13252_,4.08µm
_14482_,4.08µm
_05660_,4.045µm
_12474_,4.045µm
_11587_,4.04µm
_10146_,4.03µm
_00236_,4.02µm
_00362_,4.02µm
_01716_,4.02µm
_01814_,4.02µm
_03529_,4.02µm
_03605_,4.02µm
_03736_,4.02µm
_04405_,4.02µm
_05814_,4.02µm
_05973_,4.02µm
_06173_,4.02µm
_06535_,4.02µm
_06991_,4.02µm
_07131_,4.02µm
_07893_,4.02µm
_08353_,4.02µm
_09141_,4.02µm
_09541_,4.02µm
_10524_,4.02µm
_11307_,4.02µm
_11326_,4.02µm
_11893_,4.02µm
_12421_,4.02µm
_12955_,4.02µm
_13261_,4.02µm
_14396_,4.02µm
_14409_,4.02µm
_00080_,4µm
_00138_,4µm
_00163_,4µm
_00192_,4µm
_00400_,4µm
_01132_,4µm
_01275_,4µm
_01430_,4µm
_01547_,4µm
_01678_,4µm
_01690_,4µm
_01705_,4µm
_01801_,4µm
_02141_,4µm
_02509_,4µm
_02559_,4µm
_02970_,4µm
_02986_,4µm
_03054_,4µm
_03086_,4µm
_03527_,4µm
_03840_,4µm
_04219_,4µm
_04273_,4µm
_04621_,4µm
_04781_,4µm
_04834_,4µm
_04999_,4µm
_05428_,4µm
_05822_,4µm
_06002_,4µm
_06097_,4µm
_06269_,4µm
_07397_,4µm
_07838_,4µm
_07844_,4µm
_07949_,4µm
_07981_,4µm
_08789_,4µm
_08863_,4µm
_09048_,4µm
_09136_,4µm
_09155_,4µm
_09611_,4µm
_09714_,4µm
_09899_,4µm
_09956_,4µm
_10018_,4µm
_10110_,4µm
_10124_,4µm
_10716_,4µm
_11060_,4µm
_11188_,4µm
_11270_,4µm
_11559_,4µm
_11700_,4µm
_11956_,4µm
_12108_,4µm
_12505_,4µm
_12514_,4µm
_13083_,4µm
_13281_,4µm
_13454_,4µm
_13581_,4µm
_13773_,4µm
_13873_,4µm
_14095_,4µm
_14238_,4µm
_14497_,4µm
_14629_,4µm
_14780_,4µm
_15110_,4µm
mantisaA0\[17\],4µm
mantisaA0\[18\],4µm
mantisaB0\[16\],4µm
signA2,4µm
net292,4µm
net1217,4µm
_00465_,3.98µm
_00590_,3.98µm
_01761_,3.98µm
_03216_,3.98µm
_03957_,3.98µm
_04139_,3.98µm
_05074_,3.98µm
_06423_,3.98µm
_06971_,3.98µm
_07488_,3.98µm
_09668_,3.98µm
_09978_,3.98µm
_10426_,3.98µm
_10899_,3.98µm
_11327_,3.98µm
_14559_,3.98µm
_00239_,3.965µm
_08901_,3.965µm
_07621_,3.96µm
_11122_,3.94µm
exp[2],3.93µm
exp[5],3.93µm
mantisa[0],3.93µm
_00024_,3.925µm
_00027_,3.925µm
_00039_,3.925µm
_00137_,3.925µm
_00177_,3.925µm
_00931_,3.91µm
_02416_,3.905µm
_00169_,3.9µm
_02205_,3.9µm
_02843_,3.9µm
_03407_,3.9µm
_05670_,3.9µm
_06001_,3.9µm
_10024_,3.9µm
_10491_,3.9µm
_11332_,3.9µm
_12914_,3.9µm
_12986_,3.9µm
_13633_,3.9µm
_11580_,3.895µm
_00612_,3.88µm
_01394_,3.88µm
_01436_,3.88µm
_01714_,3.88µm
_01805_,3.88µm
_01866_,3.88µm
_01918_,3.88µm
_02386_,3.88µm
_02757_,3.88µm
_02764_,3.88µm
_02993_,3.88µm
_03148_,3.88µm
_03799_,3.88µm
_03806_,3.88µm
_03893_,3.88µm
_04110_,3.88µm
_04373_,3.88µm
_04508_,3.88µm
_04535_,3.88µm
_04660_,3.88µm
_04698_,3.88µm
_05307_,3.88µm
_05313_,3.88µm
_05626_,3.88µm
_05733_,3.88µm
_05871_,3.88µm
_05952_,3.88µm
_05955_,3.88µm
_06338_,3.88µm
_06500_,3.88µm
_06528_,3.88µm
_06863_,3.88µm
_06927_,3.88µm
_06933_,3.88µm
_06985_,3.88µm
_07081_,3.88µm
_07429_,3.88µm
_07654_,3.88µm
_07683_,3.88µm
_07756_,3.88µm
_08129_,3.88µm
_08137_,3.88µm
_08231_,3.88µm
_08544_,3.88µm
_08666_,3.88µm
_08752_,3.88µm
_08766_,3.88µm
_09196_,3.88µm
_09336_,3.88µm
_09398_,3.88µm
_09477_,3.88µm
_09519_,3.88µm
_09642_,3.88µm
_09674_,3.88µm
_09851_,3.88µm
_10479_,3.88µm
_10617_,3.88µm
_10833_,3.88µm
_10931_,3.88µm
_11634_,3.88µm
_11868_,3.88µm
_12113_,3.88µm
_12587_,3.88µm
_12766_,3.88µm
_12787_,3.88µm
_12933_,3.88µm
_13050_,3.88µm
_13618_,3.88µm
_13834_,3.88µm
_13979_,3.88µm
_14003_,3.88µm
_14056_,3.88µm
_14188_,3.88µm
_14345_,3.88µm
_14474_,3.88µm
_14770_,3.88µm
_14835_,3.88µm
_14935_,3.88µm
_15089_,3.88µm
_15103_,3.88µm
net72,3.88µm
_00397_,3.86µm
_03406_,3.86µm
_10330_,3.86µm
_11141_,3.86µm
_00026_,3.855µm
_14185_,3.84µm
expb[2],3.81µm
mantisaA[17],3.81µm
_05869_,3.805µm
_03227_,3.785µm
_00029_,3.78µm
_00033_,3.78µm
_00068_,3.78µm
_00243_,3.78µm
_03970_,3.78µm
_05719_,3.78µm
_06254_,3.78µm
_07448_,3.78µm
_07983_,3.78µm
_08318_,3.78µm
_08408_,3.78µm
_08962_,3.78µm
_11029_,3.78µm
_11380_,3.78µm
_11581_,3.78µm
_11796_,3.78µm
_12794_,3.78µm
_12970_,3.78µm
_00283_,3.76µm
_00285_,3.76µm
_00569_,3.76µm
_00768_,3.76µm
_00876_,3.76µm
_01036_,3.76µm
_01766_,3.76µm
_02485_,3.76µm
_02616_,3.76µm
_03428_,3.76µm
_04233_,3.76µm
_04364_,3.76µm
_04400_,3.76µm
_05051_,3.76µm
_05324_,3.76µm
_05493_,3.76µm
_05699_,3.76µm
_06215_,3.76µm
_06503_,3.76µm
_06614_,3.76µm
_06952_,3.76µm
_07038_,3.76µm
_07410_,3.76µm
_07856_,3.76µm
_08053_,3.76µm
_09019_,3.76µm
_09255_,3.76µm
_10006_,3.76µm
_11432_,3.76µm
_11748_,3.76µm
_11773_,3.76µm
_12042_,3.76µm
_14597_,3.76µm
_02252_,3.74µm
_02295_,3.74µm
_02703_,3.74µm
_03613_,3.74µm
_06260_,3.74µm
net1137,3.74µm
_14116_,3.72µm
_00145_,3.705µm
_00682_,3.68µm
_00897_,3.68µm
_01110_,3.68µm
_01426_,3.68µm
_02000_,3.68µm
_03018_,3.68µm
_04895_,3.68µm
_05162_,3.68µm
_05467_,3.68µm
_06259_,3.68µm
_06721_,3.68µm
_07179_,3.68µm
_07363_,3.68µm
_07642_,3.68µm
_07859_,3.68µm
_08262_,3.68µm
_08553_,3.68µm
_09553_,3.68µm
_09558_,3.68µm
_09639_,3.68µm
_09845_,3.68µm
_11041_,3.68µm
_11363_,3.68µm
_11503_,3.68µm
_13455_,3.68µm
_13515_,3.68µm
_13823_,3.68µm
_14487_,3.68µm
_14551_,3.68µm
_14776_,3.68µm
_14816_,3.68µm
_14876_,3.68µm
_14878_,3.68µm
net1115,3.68µm
_05852_,3.66µm
_06235_,3.66µm
_07646_,3.66µm
_09218_,3.66µm
_09777_,3.66µm
_10173_,3.66µm
_10606_,3.66µm
_12194_,3.66µm
net1212,3.66µm
_01053_,3.64µm
_02223_,3.64µm
_05126_,3.64µm
_05596_,3.64µm
_06256_,3.64µm
_06466_,3.64µm
_06804_,3.64µm
_09399_,3.64µm
_10221_,3.64µm
_10678_,3.64µm
_11055_,3.64µm
_11194_,3.64µm
_11260_,3.64µm
_11533_,3.64µm
_11690_,3.64µm
_13396_,3.6µm
_11774_,3.59µm
_11090_,3.585µm
_09536_,3.57µm
_06197_,3.565µm
_09168_,3.565µm
_00167_,3.56µm
_00168_,3.56µm
_00312_,3.56µm
_00912_,3.56µm
_01014_,3.56µm
_01123_,3.56µm
_01629_,3.56µm
_02247_,3.56µm
_02944_,3.56µm
_02966_,3.56µm
_03032_,3.56µm
_03264_,3.56µm
_03581_,3.56µm
_03592_,3.56µm
_03596_,3.56µm
_03792_,3.56µm
_04575_,3.56µm
_05263_,3.56µm
_06114_,3.56µm
_06398_,3.56µm
_06573_,3.56µm
_06581_,3.56µm
_06967_,3.56µm
_07271_,3.56µm
_07517_,3.56µm
_08020_,3.56µm
_08871_,3.56µm
_09013_,3.56µm
_10725_,3.56µm
_10879_,3.56µm
_10934_,3.56µm
_11074_,3.56µm
_11305_,3.56µm
_11516_,3.56µm
_11576_,3.56µm
_11645_,3.56µm
_11661_,3.56µm
_11769_,3.56µm
_12104_,3.56µm
_12128_,3.56µm
_12272_,3.56µm
_12806_,3.56µm
_13112_,3.56µm
_13744_,3.56µm
_13956_,3.56µm
_13976_,3.56µm
_14318_,3.56µm
mantisaA0\[15\],3.56µm
mantisaB0\[11\],3.56µm
mantisaB0\[6\],3.56µm
_09308_,3.555µm
_00091_,3.54µm
_00196_,3.54µm
_00278_,3.54µm
_00790_,3.54µm
_00878_,3.54µm
_00892_,3.54µm
_00900_,3.54µm
_00966_,3.54µm
_01166_,3.54µm
_01284_,3.54µm
_01315_,3.54µm
_01758_,3.54µm
_01986_,3.54µm
_02243_,3.54µm
_02271_,3.54µm
_02293_,3.54µm
_02501_,3.54µm
_02609_,3.54µm
_02893_,3.54µm
_03078_,3.54µm
_03177_,3.54µm
_03540_,3.54µm
_03715_,3.54µm
_04206_,3.54µm
_04333_,3.54µm
_04823_,3.54µm
_05035_,3.54µm
_05091_,3.54µm
_05270_,3.54µm
_05654_,3.54µm
_06029_,3.54µm
_06113_,3.54µm
_06225_,3.54µm
_06550_,3.54µm
_06593_,3.54µm
_06788_,3.54µm
_06855_,3.54µm
_06916_,3.54µm
_07070_,3.54µm
_07140_,3.54µm
_07305_,3.54µm
_07313_,3.54µm
_07543_,3.54µm
_07617_,3.54µm
_07721_,3.54µm
_07841_,3.54µm
_07873_,3.54µm
_08069_,3.54µm
_08670_,3.54µm
_08709_,3.54µm
_09092_,3.54µm
_09113_,3.54µm
_09721_,3.54µm
_09786_,3.54µm
_09819_,3.54µm
_09878_,3.54µm
_09963_,3.54µm
_09969_,3.54µm
_09970_,3.54µm
_09993_,3.54µm
_10074_,3.54µm
_10739_,3.54µm
_10774_,3.54µm
_11000_,3.54µm
_11021_,3.54µm
_11814_,3.54µm
_13462_,3.54µm
_13606_,3.54µm
_13732_,3.54µm
_13766_,3.54µm
_14221_,3.54µm
_14315_,3.54µm
_14322_,3.54µm
_14518_,3.54µm
_14826_,3.54µm
mantisaA0\[6\],3.54µm
mantisaA0\[7\],3.54µm
mantisaB0\[5\],3.54µm
net95,3.54µm
_00689_,3.52µm
_03481_,3.52µm
_04250_,3.52µm
_04408_,3.52µm
_13186_,3.52µm
_13682_,3.52µm
_15105_,3.52µm
_02106_,3.51µm
net1087,3.505µm
_04672_,3.5µm
_11103_,3.5µm
_02823_,3.49µm
expa[1],3.47µm
expa[5],3.47µm
expb[0],3.47µm
expb[5],3.47µm
expb[6],3.47µm
mantisaB[3],3.47µm
_00030_,3.465µm
_00100_,3.465µm
_00139_,3.465µm
_00190_,3.465µm
_00214_,3.465µm
net1200,3.465µm
_04935_,3.455µm
_03053_,3.45µm
_00482_,3.44µm
_01344_,3.44µm
_02517_,3.44µm
_03817_,3.44µm
_05614_,3.44µm
_06248_,3.44µm
_07203_,3.44µm
_07250_,3.44µm
_08481_,3.44µm
_08518_,3.44µm
_08634_,3.44µm
_09207_,3.44µm
_09867_,3.44µm
_11236_,3.44µm
_11244_,3.44µm
_11265_,3.44µm
_11607_,3.44µm
_11629_,3.44µm
_13090_,3.44µm
_13690_,3.44µm
_15138_,3.44µm
net399,3.44µm
_00146_,3.42µm
_00159_,3.42µm
_00323_,3.42µm
_00493_,3.42µm
_00550_,3.42µm
_00976_,3.42µm
_01054_,3.42µm
_01060_,3.42µm
_01157_,3.42µm
_01208_,3.42µm
_01892_,3.42µm
_01894_,3.42µm
_02020_,3.42µm
_02095_,3.42µm
_02129_,3.42µm
_02426_,3.42µm
_02575_,3.42µm
_02774_,3.42µm
_03250_,3.42µm
_03477_,3.42µm
_03569_,3.42µm
_03660_,3.42µm
_03749_,3.42µm
_03766_,3.42µm
_03946_,3.42µm
_04378_,3.42µm
_04415_,3.42µm
_04490_,3.42µm
_04510_,3.42µm
_04547_,3.42µm
_04617_,3.42µm
_04668_,3.42µm
_04775_,3.42µm
_04875_,3.42µm
_05020_,3.42µm
_05084_,3.42µm
_05088_,3.42µm
_05306_,3.42µm
_05452_,3.42µm
_05616_,3.42µm
_05617_,3.42µm
_05937_,3.42µm
_06064_,3.42µm
_06371_,3.42µm
_06534_,3.42µm
_06904_,3.42µm
_07031_,3.42µm
_07251_,3.42µm
_07301_,3.42µm
_07553_,3.42µm
_07913_,3.42µm
_08120_,3.42µm
_08155_,3.42µm
_08342_,3.42µm
_08383_,3.42µm
_08609_,3.42µm
_08660_,3.42µm
_08729_,3.42µm
_08886_,3.42µm
_09029_,3.42µm
_09072_,3.42µm
_09369_,3.42µm
_09414_,3.42µm
_09495_,3.42µm
_09540_,3.42µm
_09650_,3.42µm
_09939_,3.42µm
_09950_,3.42µm
_10025_,3.42µm
_10291_,3.42µm
_10292_,3.42µm
_10506_,3.42µm
_10541_,3.42µm
_10810_,3.42µm
_10826_,3.42µm
_10867_,3.42µm
_11209_,3.42µm
_11278_,3.42µm
_11505_,3.42µm
_11716_,3.42µm
_12216_,3.42µm
_12242_,3.42µm
_12441_,3.42µm
_12464_,3.42µm
_12684_,3.42µm
_12867_,3.42µm
_12964_,3.42µm
_13064_,3.42µm
_13114_,3.42µm
_13222_,3.42µm
_13602_,3.42µm
_14233_,3.42µm
_14431_,3.42µm
_14841_,3.42µm
mantisaA0\[16\],3.42µm
net1010,3.42µm
net1112,3.42µm
net1113,3.42µm
_00234_,3.415µm
_00199_,3.4µm
_02932_,3.4µm
_09057_,3.4µm
_12827_,3.4µm
_13273_,3.4µm
_01414_,3.33µm
_00085_,3.32µm
_00106_,3.32µm
_00136_,3.32µm
_00147_,3.32µm
_02322_,3.32µm
_03102_,3.32µm
_04245_,3.32µm
_04930_,3.32µm
_05468_,3.32µm
_05667_,3.32µm
_06199_,3.32µm
_06473_,3.32µm
_06587_,3.32µm
_07434_,3.32µm
_07878_,3.32µm
_10108_,3.32µm
_10986_,3.32µm
_12002_,3.32µm
_12261_,3.32µm
_13670_,3.32µm
net1114,3.32µm
net1176,3.32µm
_00749_,3.3µm
_01957_,3.3µm
_02730_,3.3µm
_02747_,3.3µm
_02882_,3.3µm
_03301_,3.3µm
_03343_,3.3µm
_03640_,3.3µm
_03849_,3.3µm
_05082_,3.3µm
_06309_,3.3µm
_07088_,3.3µm
_07241_,3.3µm
_08011_,3.3µm
_09407_,3.3µm
_10154_,3.3µm
_10562_,3.3µm
_12517_,3.3µm
_12574_,3.3µm
_13419_,3.3µm
_05536_,3.26µm
_12098_,3.25µm
_10630_,3.245µm
_00086_,3.225µm
_00102_,3.225µm
_02085_,3.225µm
_10947_,3.225µm
net1147,3.225µm
_00287_,3.22µm
_01011_,3.22µm
_01686_,3.22µm
_01694_,3.22µm
_01752_,3.22µm
_02853_,3.22µm
_03169_,3.22µm
_03582_,3.22µm
_03627_,3.22µm
_03985_,3.22µm
_05438_,3.22µm
_05482_,3.22µm
_05796_,3.22µm
_06181_,3.22µm
_06369_,3.22µm
_06595_,3.22µm
_06772_,3.22µm
_06847_,3.22µm
_07377_,3.22µm
_07604_,3.22µm
_07929_,3.22µm
_08047_,3.22µm
_08050_,3.22µm
_08176_,3.22µm
_08220_,3.22µm
_08485_,3.22µm
_09030_,3.22µm
_09076_,3.22µm
_09176_,3.22µm
_09306_,3.22µm
_09497_,3.22µm
_09715_,3.22µm
_09769_,3.22µm
_10455_,3.22µm
_11008_,3.22µm
_11423_,3.22µm
_11453_,3.22µm
_11555_,3.22µm
_11810_,3.22µm
_11820_,3.22µm
_12047_,3.22µm
_12294_,3.22µm
_13831_,3.22µm
_13862_,3.22µm
_13908_,3.22µm
_14334_,3.22µm
_14535_,3.22µm
_14845_,3.22µm
_14857_,3.22µm
_14865_,3.22µm
net1108,3.22µm
_04476_,3.205µm
_00514_,3.2µm
_01639_,3.2µm
_02829_,3.2µm
_04104_,3.2µm
_05001_,3.2µm
_06136_,3.2µm
_06951_,3.2µm
_07295_,3.2µm
_07624_,3.2µm
_07792_,3.2µm
_09186_,3.2µm
_10801_,3.2µm
_05342_,3.19µm
_01385_,3.18µm
_01500_,3.18µm
_01709_,3.18µm
_02357_,3.18µm
_02603_,3.18µm
_03253_,3.18µm
_05718_,3.18µm
_07331_,3.18µm
_08218_,3.18µm
_08362_,3.18µm
_08633_,3.18µm
_12884_,3.18µm
_14216_,3.18µm
_14254_,3.18µm
_14966_,3.18µm
_00047_,3.175µm
_00088_,3.175µm
_00115_,3.165µm
_10536_,3.16µm
_00256_,3.145µm
_13975_,3.14µm
_06915_,3.13µm
_01457_,3.11µm
_00585_,3.1µm
_00823_,3.1µm
_01274_,3.1µm
_01681_,3.1µm
_02166_,3.1µm
_02181_,3.1µm
_02242_,3.1µm
_02534_,3.1µm
_02673_,3.1µm
_03474_,3.1µm
_03546_,3.1µm
_03621_,3.1µm
_03687_,3.1µm
_03860_,3.1µm
_03895_,3.1µm
_04746_,3.1µm
_04970_,3.1µm
_04979_,3.1µm
_05028_,3.1µm
_05208_,3.1µm
_05738_,3.1µm
_05800_,3.1µm
_05880_,3.1µm
_06107_,3.1µm
_06712_,3.1µm
_06947_,3.1µm
_07022_,3.1µm
_07222_,3.1µm
_07327_,3.1µm
_07335_,3.1µm
_07586_,3.1µm
_07603_,3.1µm
_07806_,3.1µm
_07835_,3.1µm
_07852_,3.1µm
_08055_,3.1µm
_08168_,3.1µm
_08586_,3.1µm
_08834_,3.1µm
_09402_,3.1µm
_09677_,3.1µm
_10224_,3.1µm
_10379_,3.1µm
_10382_,3.1µm
_10582_,3.1µm
_10912_,3.1µm
_11290_,3.1µm
_11782_,3.1µm
_11974_,3.1µm
_12056_,3.1µm
_12154_,3.1µm
_12251_,3.1µm
_12351_,3.1µm
_12721_,3.1µm
_13065_,3.1µm
_13071_,3.1µm
_13138_,3.1µm
_13206_,3.1µm
_13225_,3.1µm
_13516_,3.1µm
_13537_,3.1µm
_14433_,3.1µm
_14467_,3.1µm
_14820_,3.1µm
_14950_,3.1µm
_14990_,3.1µm
net1020,3.1µm
_10844_,3.095µm
_05779_,3.085µm
_00143_,3.08µm
_00195_,3.08µm
_00207_,3.08µm
_00210_,3.08µm
_00263_,3.08µm
_00447_,3.08µm
_00902_,3.08µm
_01285_,3.08µm
_01308_,3.08µm
_01487_,3.08µm
_02164_,3.08µm
_02292_,3.08µm
_02799_,3.08µm
_02977_,3.08µm
_03051_,3.08µm
_03179_,3.08µm
_03185_,3.08µm
_03306_,3.08µm
_03337_,3.08µm
_03526_,3.08µm
_04149_,3.08µm
_04278_,3.08µm
_04338_,3.08µm
_04392_,3.08µm
_04835_,3.08µm
_04939_,3.08µm
_05297_,3.08µm
_05734_,3.08µm
_05795_,3.08µm
_05807_,3.08µm
_06061_,3.08µm
_06149_,3.08µm
_06158_,3.08µm
_06186_,3.08µm
_06196_,3.08µm
_06444_,3.08µm
_06591_,3.08µm
_06757_,3.08µm
_06896_,3.08µm
_06986_,3.08µm
_07211_,3.08µm
_07300_,3.08µm
_07355_,3.08µm
_07387_,3.08µm
_07403_,3.08µm
_07464_,3.08µm
_07612_,3.08µm
_07623_,3.08µm
_07635_,3.08µm
_07752_,3.08µm
_07753_,3.08µm
_07765_,3.08µm
_07784_,3.08µm
_07811_,3.08µm
_07828_,3.08µm
_07895_,3.08µm
_08173_,3.08µm
_08191_,3.08µm
_08951_,3.08µm
_09014_,3.08µm
_09069_,3.08µm
_09175_,3.08µm
_09259_,3.08µm
_09290_,3.08µm
_09322_,3.08µm
_09436_,3.08µm
_09644_,3.08µm
_09730_,3.08µm
_09760_,3.08µm
_09858_,3.08µm
_09928_,3.08µm
_10033_,3.08µm
_10142_,3.08µm
_10240_,3.08µm
_10373_,3.08µm
_10465_,3.08µm
_10548_,3.08µm
_10794_,3.08µm
_11368_,3.08µm
_11474_,3.08µm
_11499_,3.08µm
_11521_,3.08µm
_11717_,3.08µm
_12071_,3.08µm
_12221_,3.08µm
_12335_,3.08µm
_12380_,3.08µm
_12397_,3.08µm
_12963_,3.08µm
_13017_,3.08µm
_13100_,3.08µm
_13286_,3.08µm
_13539_,3.08µm
_13549_,3.08µm
_13723_,3.08µm
_13910_,3.08µm
_14228_,3.08µm
_14321_,3.08µm
four_man\[32\],3.08µm
four_man\[39\],3.08µm
mantisaA0\[13\],3.08µm
mantisaB0\[3\],3.08µm
signA0,3.08µm
net1004,3.08µm
net1074,3.08µm
_02709_,3.06µm
_04091_,3.06µm
_06026_,3.06µm
_08806_,3.06µm
_10406_,3.06µm
_12013_,3.06µm
_12611_,3.06µm
_12647_,3.06µm
_13564_,3.06µm
net1101,3.055µm
_14977_,3.05µm
_00132_,3.045µm
_00224_,3.045µm
_09330_,3.025µm
_00098_,3.005µm
_00183_,3.005µm
_00211_,3.005µm
_00219_,3.005µm
_00222_,3.005µm
_00230_,3.005µm
_00250_,3.005µm
net1095,3.005µm
_00083_,2.98µm
_00149_,2.98µm
_01096_,2.98µm
_02235_,2.98µm
_04499_,2.98µm
_05950_,2.98µm
_06390_,2.98µm
_08084_,2.98µm
_08261_,2.98µm
_08332_,2.98µm
_08982_,2.98µm
_10229_,2.98µm
_10946_,2.98µm
_11484_,2.98µm
_11500_,2.98µm
_12601_,2.98µm
_13271_,2.98µm
_14715_,2.98µm
_07716_,2.975µm
_00430_,2.96µm
_00463_,2.96µm
_01039_,2.96µm
_01405_,2.96µm
_01424_,2.96µm
_01612_,2.96µm
_01626_,2.96µm
_01906_,2.96µm
_02112_,2.96µm
_02192_,2.96µm
_02436_,2.96µm
_02524_,2.96µm
_02773_,2.96µm
_02886_,2.96µm
_03508_,2.96µm
_03811_,2.96µm
_04030_,2.96µm
_04070_,2.96µm
_04086_,2.96µm
_04105_,2.96µm
_04197_,2.96µm
_04218_,2.96µm
_04227_,2.96µm
_04361_,2.96µm
_04742_,2.96µm
_04966_,2.96µm
_05221_,2.96µm
_05400_,2.96µm
_05619_,2.96µm
_05886_,2.96µm
_05962_,2.96µm
_06152_,2.96µm
_06646_,2.96µm
_06654_,2.96µm
_06791_,2.96µm
_07050_,2.96µm
_07051_,2.96µm
_07085_,2.96µm
_07439_,2.96µm
_07946_,2.96µm
_07982_,2.96µm
_08006_,2.96µm
_08253_,2.96µm
_08258_,2.96µm
_08276_,2.96µm
_08291_,2.96µm
_08346_,2.96µm
_08429_,2.96µm
_08444_,2.96µm
_08655_,2.96µm
_08720_,2.96µm
_08796_,2.96µm
_08820_,2.96µm
_08860_,2.96µm
_08980_,2.96µm
_09178_,2.96µm
_09305_,2.96µm
_09341_,2.96µm
_09568_,2.96µm
_09808_,2.96µm
_09908_,2.96µm
_09938_,2.96µm
_10060_,2.96µm
_10080_,2.96µm
_10263_,2.96µm
_10267_,2.96µm
_10290_,2.96µm
_10421_,2.96µm
_10440_,2.96µm
_10750_,2.96µm
_10788_,2.96µm
_10881_,2.96µm
_10970_,2.96µm
_10981_,2.96µm
_11066_,2.96µm
_11077_,2.96µm
_11126_,2.96µm
_11205_,2.96µm
_11366_,2.96µm
_11400_,2.96µm
_11426_,2.96µm
_11590_,2.96µm
_12007_,2.96µm
_12090_,2.96µm
_12211_,2.96µm
_12297_,2.96µm
_12624_,2.96µm
_12651_,2.96µm
_12888_,2.96µm
_13119_,2.96µm
_13128_,2.96µm
_13166_,2.96µm
_13325_,2.96µm
_13416_,2.96µm
_13443_,2.96µm
_14104_,2.96µm
_14127_,2.96µm
_14599_,2.96µm
_15012_,2.96µm
_15094_,2.96µm
net257,2.96µm
net1142,2.96µm
_03283_,2.92µm
_05318_,2.92µm
_08816_,2.92µm
_04382_,2.89µm
_10170_,2.89µm
_00176_,2.885µm
_00050_,2.88µm
_00127_,2.88µm
_00241_,2.88µm
_00016_,2.86µm
_00019_,2.86µm
_00075_,2.86µm
_00220_,2.86µm
_00639_,2.86µm
_02281_,2.86µm
_02287_,2.86µm
_02312_,2.86µm
_02732_,2.86µm
_02870_,2.86µm
_03016_,2.86µm
_04117_,2.86µm
_04331_,2.86µm
_05071_,2.86µm
_05534_,2.86µm
_05801_,2.86µm
_05873_,2.86µm
_07172_,2.86µm
_07775_,2.86µm
_09444_,2.86µm
_09573_,2.86µm
_09707_,2.86µm
_11263_,2.86µm
_11762_,2.86µm
_11905_,2.86µm
_12670_,2.86µm
_12897_,2.86µm
_13282_,2.86µm
_14011_,2.86µm
_14275_,2.86µm
_14661_,2.86µm
_14896_,2.86µm
_00294_,2.84µm
_00505_,2.84µm
_01756_,2.84µm
_01989_,2.84µm
_03223_,2.84µm
_03584_,2.84µm
_03831_,2.84µm
_04450_,2.84µm
_04639_,2.84µm
_05115_,2.84µm
_05681_,2.84µm
_06668_,2.84µm
_06789_,2.84µm
_07341_,2.84µm
_07889_,2.84µm
_08636_,2.84µm
_08715_,2.84µm
_09023_,2.84µm
_09686_,2.84µm
_13736_,2.84µm
_13986_,2.84µm
_14256_,2.84µm
_06301_,2.805µm
_00087_,2.785µm
_00233_,2.785µm
_03688_,2.77µm
_00624_,2.76µm
_01420_,2.76µm
_01427_,2.76µm
_01548_,2.76µm
_01677_,2.76µm
_01738_,2.76µm
_01828_,2.76µm
_02061_,2.76µm
_02377_,2.76µm
_02464_,2.76µm
_02572_,2.76µm
_02716_,2.76µm
_02726_,2.76µm
_02761_,2.76µm
_02852_,2.76µm
_03063_,2.76µm
_03402_,2.76µm
_03466_,2.76µm
_03559_,2.76µm
_03606_,2.76µm
_04502_,2.76µm
_05062_,2.76µm
_05233_,2.76µm
_05476_,2.76µm
_05511_,2.76µm
_05599_,2.76µm
_05849_,2.76µm
_06187_,2.76µm
_06263_,2.76µm
_06281_,2.76µm
_06828_,2.76µm
_06882_,2.76µm
_06943_,2.76µm
_07005_,2.76µm
_07092_,2.76µm
_07170_,2.76µm
_07182_,2.76µm
_07246_,2.76µm
_07461_,2.76µm
_07472_,2.76µm
_07562_,2.76µm
_07626_,2.76µm
_07708_,2.76µm
_07883_,2.76µm
_08248_,2.76µm
_08313_,2.76µm
_08494_,2.76µm
_08501_,2.76µm
_08780_,2.76µm
_08825_,2.76µm
_09270_,2.76µm
_09742_,2.76µm
_09871_,2.76µm
_10097_,2.76µm
_10369_,2.76µm
_10469_,2.76µm
_10636_,2.76µm
_10658_,2.76µm
_10708_,2.76µm
_10798_,2.76µm
_11187_,2.76µm
_11206_,2.76µm
_11389_,2.76µm
_12157_,2.76µm
_12226_,2.76µm
_12346_,2.76µm
_12483_,2.76µm
_12978_,2.76µm
_13067_,2.76µm
_13303_,2.76µm
_13339_,2.76µm
_13674_,2.76µm
_13899_,2.76µm
_13978_,2.76µm
_13982_,2.76µm
_13989_,2.76µm
_14192_,2.76µm
_14232_,2.76µm
_14412_,2.76µm
_14552_,2.76µm
_14558_,2.76µm
_14660_,2.76µm
_15099_,2.76µm
net1153,2.76µm
net1211,2.76µm
_00513_,2.74µm
_01355_,2.74µm
_02819_,2.74µm
_05023_,2.74µm
_07214_,2.74µm
_07463_,2.74µm
_08488_,2.74µm
_10452_,2.74µm
_11445_,2.74µm
_12664_,2.74µm
_12926_,2.74µm
_14331_,2.74µm
_14930_,2.74µm
_15132_,2.74µm
_02388_,2.72µm
_03829_,2.72µm
_03896_,2.72µm
_05258_,2.72µm
_06516_,2.72µm
_09776_,2.72µm
_10508_,2.72µm
_11571_,2.72µm
_13247_,2.72µm
_00036_,2.715µm
_00225_,2.715µm
_00227_,2.715µm
_00245_,2.715µm
net1105,2.715µm
_00005_,2.705µm
_00806_,2.64µm
_01044_,2.64µm
_01101_,2.64µm
_01388_,2.64µm
_01448_,2.64µm
_01643_,2.64µm
_01650_,2.64µm
_01747_,2.64µm
_01968_,2.64µm
_01996_,2.64µm
_02467_,2.64µm
_02842_,2.64µm
_02929_,2.64µm
_03117_,2.64µm
_03143_,2.64µm
_03156_,2.64µm
_03480_,2.64µm
_03786_,2.64µm
_04024_,2.64µm
_04125_,2.64µm
_04949_,2.64µm
_05587_,2.64µm
_05678_,2.64µm
_05760_,2.64µm
_05834_,2.64µm
_06201_,2.64µm
_06663_,2.64µm
_07167_,2.64µm
_07206_,2.64µm
_07362_,2.64µm
_07390_,2.64µm
_07399_,2.64µm
_07460_,2.64µm
_07894_,2.64µm
_07927_,2.64µm
_08026_,2.64µm
_08363_,2.64µm
_08425_,2.64µm
_08590_,2.64µm
_08741_,2.64µm
_09061_,2.64µm
_09164_,2.64µm
_09349_,2.64µm
_10028_,2.64µm
_10252_,2.64µm
_10332_,2.64µm
_10904_,2.64µm
_11109_,2.64µm
_11215_,2.64µm
_11288_,2.64µm
_11303_,2.64µm
_11331_,2.64µm
_11740_,2.64µm
_11955_,2.64µm
_12260_,2.64µm
_12305_,2.64µm
_12316_,2.64µm
_12451_,2.64µm
_12653_,2.64µm
_13015_,2.64µm
_13046_,2.64µm
_13270_,2.64µm
_13465_,2.64µm
_13892_,2.64µm
_13992_,2.64µm
_14200_,2.64µm
_14208_,2.64µm
_14287_,2.64µm
_14307_,2.64µm
_14390_,2.64µm
_14533_,2.64µm
_14868_,2.64µm
_14956_,2.64µm
_14978_,2.64µm
four_man\[25\],2.64µm
net1194,2.64µm
_00180_,2.635µm
_03176_,2.63µm
_05636_,2.625µm
_00151_,2.62µm
_00156_,2.62µm
_00198_,2.62µm
_00205_,2.62µm
_00209_,2.62µm
_00286_,2.62µm
_00306_,2.62µm
_00542_,2.62µm
_01066_,2.62µm
_01073_,2.62µm
_01150_,2.62µm
_01158_,2.62µm
_01294_,2.62µm
_01324_,2.62µm
_01482_,2.62µm
_01567_,2.62µm
_01699_,2.62µm
_01731_,2.62µm
_01778_,2.62µm
_02078_,2.62µm
_02214_,2.62µm
_02296_,2.62µm
_02454_,2.62µm
_02461_,2.62µm
_02664_,2.62µm
_02682_,2.62µm
_02699_,2.62µm
_02710_,2.62µm
_02715_,2.62µm
_02831_,2.62µm
_02861_,2.62µm
_02914_,2.62µm
_02946_,2.62µm
_02947_,2.62µm
_02980_,2.62µm
_03119_,2.62µm
_03215_,2.62µm
_03313_,2.62µm
_03382_,2.62µm
_03515_,2.62µm
_03632_,2.62µm
_03637_,2.62µm
_03655_,2.62µm
_03883_,2.62µm
_04157_,2.62µm
_04291_,2.62µm
_04294_,2.62µm
_04325_,2.62µm
_04608_,2.62µm
_04793_,2.62µm
_04798_,2.62µm
_04917_,2.62µm
_04928_,2.62µm
_04944_,2.62µm
_05296_,2.62µm
_06163_,2.62µm
_06373_,2.62µm
_06385_,2.62µm
_06428_,2.62µm
_06567_,2.62µm
_06571_,2.62µm
_06750_,2.62µm
_06886_,2.62µm
_06941_,2.62µm
_06969_,2.62µm
_07142_,2.62µm
_07223_,2.62µm
_07378_,2.62µm
_07450_,2.62µm
_07485_,2.62µm
_07584_,2.62µm
_07656_,2.62µm
_07898_,2.62µm
_07900_,2.62µm
_08070_,2.62µm
_08088_,2.62µm
_08185_,2.62µm
_08244_,2.62µm
_08245_,2.62µm
_08280_,2.62µm
_08570_,2.62µm
_08795_,2.62µm
_09024_,2.62µm
_09043_,2.62µm
_09133_,2.62µm
_09165_,2.62µm
_09373_,2.62µm
_09426_,2.62µm
_09667_,2.62µm
_09750_,2.62µm
_09866_,2.62µm
_10065_,2.62µm
_10092_,2.62µm
_10123_,2.62µm
_10131_,2.62µm
_10192_,2.62µm
_10227_,2.62µm
_10302_,2.62µm
_10321_,2.62µm
_10877_,2.62µm
_11013_,2.62µm
_11235_,2.62µm
_11249_,2.62µm
_11316_,2.62µm
_12043_,2.62µm
_12151_,2.62µm
_12166_,2.62µm
_12300_,2.62µm
_12586_,2.62µm
_12618_,2.62µm
_12753_,2.62µm
_12958_,2.62µm
_13047_,2.62µm
_13331_,2.62µm
_13389_,2.62µm
_13923_,2.62µm
_14554_,2.62µm
_14639_,2.62µm
_14881_,2.62µm
_14929_,2.62µm
four_man\[17\],2.62µm
four_man\[35\],2.62µm
mantisaB0\[4\],2.62µm
net74,2.62µm
net78,2.62µm
net1220,2.62µm
_00046_,2.605µm
net1094,2.605µm
_00020_,2.585µm
_00084_,2.585µm
_00108_,2.585µm
_00157_,2.585µm
_00248_,2.585µm
net1125,2.585µm
_00092_,2.545µm
_00097_,2.545µm
_00103_,2.545µm
_00104_,2.545µm
_00122_,2.545µm
_00130_,2.545µm
_00152_,2.545µm
_00185_,2.545µm
_00202_,2.545µm
_00255_,2.545µm
net1089,2.545µm
net1093,2.545µm
_00052_,2.54µm
_00681_,2.52µm
_03199_,2.52µm
_05480_,2.52µm
_05846_,2.52µm
_07790_,2.52µm
_08094_,2.52µm
_08223_,2.52µm
_08287_,2.52µm
_10067_,2.52µm
_11028_,2.52µm
_11601_,2.52µm
_12160_,2.52µm
_12533_,2.52µm
_14941_,2.52µm
_15030_,2.52µm
net88,2.52µm
net91,2.52µm
_00266_,2.5µm
_00317_,2.5µm
_00337_,2.5µm
_00495_,2.5µm
_00615_,2.5µm
_00622_,2.5µm
_00886_,2.5µm
_01038_,2.5µm
_01091_,2.5µm
_01249_,2.5µm
_01372_,2.5µm
_01497_,2.5µm
_01659_,2.5µm
_01719_,2.5µm
_01777_,2.5µm
_01927_,2.5µm
_02034_,2.5µm
_02127_,2.5µm
_02156_,2.5µm
_02248_,2.5µm
_02325_,2.5µm
_02482_,2.5µm
_02527_,2.5µm
_02749_,2.5µm
_02899_,2.5µm
_02925_,2.5µm
_02952_,2.5µm
_03175_,2.5µm
_03190_,2.5µm
_03234_,2.5µm
_03243_,2.5µm
_03252_,2.5µm
_03310_,2.5µm
_03536_,2.5µm
_03539_,2.5µm
_03556_,2.5µm
_03572_,2.5µm
_03830_,2.5µm
_04078_,2.5µm
_04120_,2.5µm
_04167_,2.5µm
_04387_,2.5µm
_04691_,2.5µm
_04695_,2.5µm
_04913_,2.5µm
_04983_,2.5µm
_05077_,2.5µm
_05230_,2.5µm
_05294_,2.5µm
_05354_,2.5µm
_05358_,2.5µm
_05364_,2.5µm
_05402_,2.5µm
_05407_,2.5µm
_05429_,2.5µm
_05484_,2.5µm
_05500_,2.5µm
_05530_,2.5µm
_05547_,2.5µm
_05605_,2.5µm
_05742_,2.5µm
_05791_,2.5µm
_05829_,2.5µm
_05830_,2.5µm
_05863_,2.5µm
_05910_,2.5µm
_05919_,2.5µm
_06106_,2.5µm
_06120_,2.5µm
_06202_,2.5µm
_06262_,2.5µm
_06401_,2.5µm
_06472_,2.5µm
_06488_,2.5µm
_06559_,2.5µm
_06613_,2.5µm
_06815_,2.5µm
_06817_,2.5µm
_06851_,2.5µm
_06854_,2.5µm
_06905_,2.5µm
_07163_,2.5µm
_07232_,2.5µm
_07469_,2.5µm
_07529_,2.5µm
_07567_,2.5µm
_07572_,2.5µm
_07671_,2.5µm
_07682_,2.5µm
_07759_,2.5µm
_07825_,2.5µm
_07958_,2.5µm
_08022_,2.5µm
_08456_,2.5µm
_08491_,2.5µm
_08566_,2.5µm
_08601_,2.5µm
_08808_,2.5µm
_08913_,2.5µm
_09126_,2.5µm
_09151_,2.5µm
_09231_,2.5µm
_09240_,2.5µm
_09264_,2.5µm
_09320_,2.5µm
_09471_,2.5µm
_09604_,2.5µm
_10043_,2.5µm
_10126_,2.5µm
_10135_,2.5µm
_10231_,2.5µm
_10299_,2.5µm
_10308_,2.5µm
_10498_,2.5µm
_10701_,2.5µm
_10702_,2.5µm
_10718_,2.5µm
_10732_,2.5µm
_10832_,2.5µm
_10847_,2.5µm
_10944_,2.5µm
_11026_,2.5µm
_11052_,2.5µm
_11076_,2.5µm
_11145_,2.5µm
_11162_,2.5µm
_11204_,2.5µm
_11446_,2.5µm
_11528_,2.5µm
_11531_,2.5µm
_11547_,2.5µm
_11599_,2.5µm
_11726_,2.5µm
_11807_,2.5µm
_12115_,2.5µm
_12121_,2.5µm
_12283_,2.5µm
_12332_,2.5µm
_12418_,2.5µm
_12475_,2.5µm
_12638_,2.5µm
_12657_,2.5µm
_12820_,2.5µm
_12921_,2.5µm
_13005_,2.5µm
_13092_,2.5µm
_13542_,2.5µm
_13586_,2.5µm
_13663_,2.5µm
_13778_,2.5µm
_13875_,2.5µm
_13895_,2.5µm
_14072_,2.5µm
_14163_,2.5µm
_14387_,2.5µm
_14435_,2.5µm
_14493_,2.5µm
_14605_,2.5µm
_14875_,2.5µm
_14889_,2.5µm
four_man\[20\],2.5µm
inf3,2.5µm
net104,2.5µm
net400,2.5µm
_00189_,2.485µm
_11965_,2.48µm
_00181_,2.465µm
_00922_,2.46µm
_08476_,2.46µm
_13763_,2.45µm
_00094_,2.42µm
_00095_,2.42µm
_00099_,2.42µm
_00113_,2.42µm
_00228_,2.42µm
_00872_,2.4µm
_01504_,2.4µm
_02824_,2.4µm
_04122_,2.4µm
_04267_,2.4µm
_04697_,2.4µm
_05688_,2.4µm
_06780_,2.4µm
_07736_,2.4µm
_07770_,2.4µm
_09370_,2.4µm
_09528_,2.4µm
_09918_,2.4µm
_10315_,2.4µm
_10435_,2.4µm
_10628_,2.4µm
_10738_,2.4µm
_10789_,2.4µm
_11542_,2.4µm
_11574_,2.4µm
_11788_,2.4µm
_12303_,2.4µm
_13845_,2.4µm
_14316_,2.4µm
_15124_,2.4µm
_05949_,2.385µm
_01075_,2.38µm
_02949_,2.38µm
_04739_,2.38µm
_05167_,2.38µm
_05750_,2.38µm
_09216_,2.38µm
_09383_,2.38µm
_12489_,2.38µm
_00076_,2.375µm
_00089_,2.375µm
_09361_,2.375µm
_14069_,2.345µm
_05663_,2.33µm
_13350_,2.33µm
_00015_,2.325µm
_00023_,2.325µm
_00049_,2.325µm
_00074_,2.325µm
_00082_,2.325µm
_00154_,2.325µm
_00249_,2.325µm
net1090,2.325µm
net1159,2.325µm
_09173_,2.31µm
_00534_,2.3µm
_00553_,2.3µm
_00644_,2.3µm
_00777_,2.3µm
_00832_,2.3µm
_01535_,2.3µm
_01540_,2.3µm
_01603_,2.3µm
_01652_,2.3µm
_01665_,2.3µm
_01943_,2.3µm
_02479_,2.3µm
_02968_,2.3µm
_03948_,2.3µm
_04019_,2.3µm
_04360_,2.3µm
_04555_,2.3µm
_04633_,2.3µm
_04868_,2.3µm
_04890_,2.3µm
_05219_,2.3µm
_05782_,2.3µm
_06115_,2.3µm
_06131_,2.3µm
_06166_,2.3µm
_06209_,2.3µm
_06222_,2.3µm
_06449_,2.3µm
_06730_,2.3µm
_07016_,2.3µm
_07151_,2.3µm
_07280_,2.3µm
_07706_,2.3µm
_07757_,2.3µm
_08128_,2.3µm
_08132_,2.3µm
_08183_,2.3µm
_08325_,2.3µm
_08452_,2.3µm
_08496_,2.3µm
_08597_,2.3µm
_10037_,2.3µm
_10180_,2.3µm
_10358_,2.3µm
_10687_,2.3µm
_11284_,2.3µm
_11459_,2.3µm
_11568_,2.3µm
_11681_,2.3µm
_11708_,2.3µm
_11841_,2.3µm
_12354_,2.3µm
_12480_,2.3µm
_12589_,2.3µm
_12853_,2.3µm
_13254_,2.3µm
_13369_,2.3µm
_13924_,2.3µm
_13927_,2.3µm
_13954_,2.3µm
_13996_,2.3µm
_14124_,2.3µm
_14199_,2.3µm
_14425_,2.3µm
_14614_,2.3µm
_14821_,2.3µm
_14951_,2.3µm
net965,2.3µm
net1100,2.3µm
net1103,2.3µm
net1104,2.3µm
net1109,2.3µm
net1110,2.3µm
net1124,2.3µm
net1131,2.3µm
net1133,2.3µm
net1134,2.3µm
net1136,2.3µm
net1138,2.3µm
net1139,2.3µm
net1143,2.3µm
net1196,2.3µm
net1201,2.3µm
_02965_,2.28µm
_03926_,2.28µm
_04132_,2.28µm
_04194_,2.28µm
_04264_,2.28µm
_05111_,2.28µm
_06949_,2.28µm
_08270_,2.28µm
_08424_,2.28µm
_08757_,2.28µm
_08945_,2.28µm
_09125_,2.28µm
_09653_,2.28µm
_10070_,2.28µm
_11534_,2.28µm
_12929_,2.28µm
_13636_,2.28µm
_14548_,2.28µm
mantisaBshift\[1\],2.28µm
_00175_,2.255µm
_02793_,2.255µm
_03612_,2.255µm
_04689_,2.255µm
_06975_,2.255µm
_10864_,2.255µm
net1141,2.255µm
_03394_,2.23µm
_12798_,2.185µm
_00148_,2.18µm
_00267_,2.18µm
_00349_,2.18µm
_00782_,2.18µm
_00908_,2.18µm
_01297_,2.18µm
_01310_,2.18µm
_01374_,2.18µm
_01529_,2.18µm
_01838_,2.18µm
_02161_,2.18µm
_02179_,2.18µm
_02405_,2.18µm
_02502_,2.18µm
_02640_,2.18µm
_02802_,2.18µm
_03073_,2.18µm
_03219_,2.18µm
_03484_,2.18µm
_03549_,2.18µm
_03882_,2.18µm
_04028_,2.18µm
_04335_,2.18µm
_04503_,2.18µm
_04544_,2.18µm
_04569_,2.18µm
_04693_,2.18µm
_04903_,2.18µm
_04963_,2.18µm
_05124_,2.18µm
_05322_,2.18µm
_05611_,2.18µm
_05987_,2.18µm
_06031_,2.18µm
_06153_,2.18µm
_06566_,2.18µm
_06657_,2.18µm
_07143_,2.18µm
_07209_,2.18µm
_07234_,2.18µm
_07581_,2.18µm
_07595_,2.18µm
_07909_,2.18µm
_07936_,2.18µm
_07995_,2.18µm
_08260_,2.18µm
_08266_,2.18µm
_08458_,2.18µm
_09338_,2.18µm
_09533_,2.18µm
_09846_,2.18µm
_10243_,2.18µm
_10399_,2.18µm
_10528_,2.18µm
_10586_,2.18µm
_10869_,2.18µm
_10901_,2.18µm
_11163_,2.18µm
_11262_,2.18µm
_11538_,2.18µm
_11563_,2.18µm
_12061_,2.18µm
_12091_,2.18µm
_12161_,2.18µm
_12195_,2.18µm
_12385_,2.18µm
_12650_,2.18µm
_12713_,2.18µm
_12871_,2.18µm
_12882_,2.18µm
_13190_,2.18µm
_13210_,2.18µm
_13308_,2.18µm
_13384_,2.18µm
_13426_,2.18µm
_13630_,2.18µm
_13946_,2.18µm
_13961_,2.18µm
_14053_,2.18µm
_14132_,2.18µm
_14327_,2.18µm
_14667_,2.18µm
_14900_,2.18µm
_15120_,2.18µm
four_man\[27\],2.18µm
net996,2.18µm
_04872_,2.165µm
_10386_,2.165µm
_00155_,2.16µm
_00327_,2.16µm
_00351_,2.16µm
_00382_,2.16µm
_00385_,2.16µm
_00438_,2.16µm
_00496_,2.16µm
_00509_,2.16µm
_00620_,2.16µm
_00643_,2.16µm
_00814_,2.16µm
_00820_,2.16µm
_00863_,2.16µm
_00996_,2.16µm
_01292_,2.16µm
_01317_,2.16µm
_01369_,2.16µm
_01408_,2.16µm
_01454_,2.16µm
_01491_,2.16µm
_01750_,2.16µm
_01973_,2.16µm
_02227_,2.16µm
_02327_,2.16µm
_02337_,2.16µm
_02360_,2.16µm
_02362_,2.16µm
_02383_,2.16µm
_02398_,2.16µm
_02508_,2.16µm
_02515_,2.16µm
_02611_,2.16µm
_02736_,2.16µm
_02787_,2.16µm
_03034_,2.16µm
_03160_,2.16µm
_03193_,2.16µm
_03194_,2.16µm
_03235_,2.16µm
_03361_,2.16µm
_03633_,2.16µm
_03753_,2.16µm
_03935_,2.16µm
_04226_,2.16µm
_04439_,2.16µm
_04472_,2.16µm
_04607_,2.16µm
_04770_,2.16µm
_04821_,2.16µm
_04947_,2.16µm
_04962_,2.16µm
_04990_,2.16µm
_04993_,2.16µm
_05135_,2.16µm
_05251_,2.16µm
_05283_,2.16µm
_05982_,2.16µm
_05988_,2.16µm
_06060_,2.16µm
_06069_,2.16µm
_06183_,2.16µm
_06205_,2.16µm
_06425_,2.16µm
_06439_,2.16µm
_06443_,2.16µm
_06626_,2.16µm
_06784_,2.16µm
_06819_,2.16µm
_06846_,2.16µm
_06989_,2.16µm
_06995_,2.16µm
_07075_,2.16µm
_07184_,2.16µm
_07205_,2.16µm
_07477_,2.16µm
_07508_,2.16µm
_07546_,2.16µm
_07548_,2.16µm
_07640_,2.16µm
_07695_,2.16µm
_07713_,2.16µm
_07723_,2.16µm
_07743_,2.16µm
_07820_,2.16µm
_07822_,2.16µm
_07845_,2.16µm
_08002_,2.16µm
_08143_,2.16µm
_08226_,2.16µm
_08384_,2.16µm
_08503_,2.16µm
_08515_,2.16µm
_08828_,2.16µm
_08881_,2.16µm
_08902_,2.16µm
_08960_,2.16µm
_08983_,2.16µm
_09140_,2.16µm
_09311_,2.16µm
_09423_,2.16µm
_09446_,2.16µm
_09507_,2.16µm
_09525_,2.16µm
_09595_,2.16µm
_09818_,2.16µm
_09903_,2.16µm
_09988_,2.16µm
_10027_,2.16µm
_10032_,2.16µm
_10079_,2.16µm
_10234_,2.16µm
_10236_,2.16µm
_10575_,2.16µm
_10579_,2.16µm
_10592_,2.16µm
_10611_,2.16µm
_10643_,2.16µm
_10726_,2.16µm
_10817_,2.16µm
_10872_,2.16µm
_10983_,2.16µm
_11084_,2.16µm
_11131_,2.16µm
_11158_,2.16µm
_11510_,2.16µm
_11541_,2.16µm
_11910_,2.16µm
_11971_,2.16µm
_12077_,2.16µm
_12095_,2.16µm
_12099_,2.16µm
_12284_,2.16µm
_12359_,2.16µm
_12392_,2.16µm
_12467_,2.16µm
_12541_,2.16µm
_12579_,2.16µm
_12626_,2.16µm
_12717_,2.16µm
_12735_,2.16µm
_12741_,2.16µm
_12916_,2.16µm
_12995_,2.16µm
_13000_,2.16µm
_13072_,2.16µm
_13141_,2.16µm
_13164_,2.16µm
_13314_,2.16µm
_13347_,2.16µm
_13413_,2.16µm
_13590_,2.16µm
_13704_,2.16µm
_13747_,2.16µm
_13840_,2.16µm
_13861_,2.16µm
_13918_,2.16µm
_13935_,2.16µm
_14333_,2.16µm
_14791_,2.16µm
_14815_,2.16µm
_14907_,2.16µm
_15022_,2.16µm
_15087_,2.16µm
_15098_,2.16µm
_15104_,2.16µm
four_man\[33\],2.16µm
mantisaA0\[19\],2.16µm
mantisaB0\[2\],2.16µm
net966,2.16µm
net972,2.16µm
_07920_,2.15µm
net1163,2.145µm
_00007_,2.125µm
_00105_,2.125µm
_00150_,2.125µm
_00208_,2.125µm
_00218_,2.125µm
_11489_,2.11µm
_00021_,2.085µm
_00022_,2.085µm
_00025_,2.085µm
_00101_,2.085µm
_00221_,2.085µm
_00326_,2.08µm
net1154,2.08µm
_06016_,2.065µm
_00584_,2.06µm
_00816_,2.06µm
_00951_,2.06µm
_02208_,2.06µm
_03232_,2.06µm
_04724_,2.06µm
_05017_,2.06µm
_05629_,2.06µm
_05701_,2.06µm
_05867_,2.06µm
_07055_,2.06µm
_07650_,2.06µm
_08393_,2.06µm
_08413_,2.06µm
_09856_,2.06µm
_10216_,2.06µm
_10809_,2.06µm
_11151_,2.06µm
_11502_,2.06µm
_11979_,2.06µm
_12214_,2.06µm
_12349_,2.06µm
_12412_,2.06µm
_12562_,2.06µm
_13300_,2.06µm
_13387_,2.06µm
_14972_,2.06µm
_00203_,2.04µm
_00318_,2.04µm
_00378_,2.04µm
_00913_,2.04µm
_01092_,2.04µm
_01113_,2.04µm
_01185_,2.04µm
_01230_,2.04µm
_01231_,2.04µm
_01488_,2.04µm
_01770_,2.04µm
_02045_,2.04µm
_02170_,2.04µm
_02193_,2.04µm
_02262_,2.04µm
_02280_,2.04µm
_02352_,2.04µm
_02409_,2.04µm
_02410_,2.04µm
_02564_,2.04µm
_02619_,2.04µm
_03070_,2.04µm
_03071_,2.04µm
_03120_,2.04µm
_03330_,2.04µm
_03467_,2.04µm
_03598_,2.04µm
_03630_,2.04µm
_03691_,2.04µm
_03774_,2.04µm
_03905_,2.04µm
_04289_,2.04µm
_04295_,2.04µm
_04301_,2.04µm
_04390_,2.04µm
_04543_,2.04µm
_04549_,2.04µm
_04623_,2.04µm
_04683_,2.04µm
_04816_,2.04µm
_04915_,2.04µm
_05007_,2.04µm
_05059_,2.04µm
_05148_,2.04µm
_05416_,2.04µm
_05559_,2.04µm
_05563_,2.04µm
_05805_,2.04µm
_05815_,2.04µm
_06028_,2.04µm
_06169_,2.04µm
_06223_,2.04µm
_06241_,2.04µm
_06377_,2.04µm
_06389_,2.04µm
_06416_,2.04µm
_06483_,2.04µm
_06703_,2.04µm
_06824_,2.04µm
_06836_,2.04µm
_06841_,2.04µm
_06876_,2.04µm
_06880_,2.04µm
_07002_,2.04µm
_07316_,2.04µm
_07408_,2.04µm
_07466_,2.04µm
_07495_,2.04µm
_07549_,2.04µm
_07559_,2.04µm
_07641_,2.04µm
_07658_,2.04µm
_07673_,2.04µm
_07733_,2.04µm
_07891_,2.04µm
_08079_,2.04µm
_08091_,2.04µm
_08167_,2.04µm
_08531_,2.04µm
_08644_,2.04µm
_08724_,2.04µm
_09040_,2.04µm
_09340_,2.04µm
_09555_,2.04µm
_09905_,2.04µm
_10034_,2.04µm
_10157_,2.04µm
_10182_,2.04µm
_10275_,2.04µm
_10344_,2.04µm
_10436_,2.04µm
_10477_,2.04µm
_10503_,2.04µm
_10557_,2.04µm
_10675_,2.04µm
_10694_,2.04µm
_10823_,2.04µm
_10898_,2.04µm
_10966_,2.04µm
_11214_,2.04µm
_11365_,2.04µm
_11479_,2.04µm
_11494_,2.04µm
_11554_,2.04µm
_11636_,2.04µm
_12101_,2.04µm
_12319_,2.04µm
_12396_,2.04µm
_12552_,2.04µm
_12852_,2.04µm
_13139_,2.04µm
_13169_,2.04µm
_13483_,2.04µm
_13681_,2.04µm
_13695_,2.04µm
_13713_,2.04µm
_14141_,2.04µm
_14308_,2.04µm
_14403_,2.04µm
_14465_,2.04µm
_14480_,2.04µm
_14952_,2.04µm
net66,2.04µm
net79,2.04µm
net80,2.04µm
net214,2.04µm
net386,2.04µm
net1144,2.04µm
_00032_,2.035µm
_00126_,2.025µm
_00128_,2.025µm
_00226_,2.025µm
_00254_,2.025µm
_03746_,2.02µm
_04564_,2.02µm
_05932_,2.02µm
_05870_,1.95µm
_00748_,1.945µm
_03460_,1.945µm
_00301_,1.94µm
_00675_,1.94µm
_01883_,1.94µm
_03081_,1.94µm
_03239_,1.94µm
_04130_,1.94µm
_04865_,1.94µm
_05539_,1.94µm
_06869_,1.94µm
_07343_,1.94µm
_07358_,1.94µm
_07699_,1.94µm
_08527_,1.94µm
_09205_,1.94µm
_09466_,1.94µm
_09605_,1.94µm
_10948_,1.94µm
_11185_,1.94µm
_11382_,1.94µm
_11620_,1.94µm
_12034_,1.94µm
_12045_,1.94µm
_12165_,1.94µm
_14268_,1.94µm
_14577_,1.94µm
_14965_,1.94µm
net1117,1.94µm
_12246_,1.93µm
net970,1.92µm
_02748_,1.915µm
_12786_,1.915µm
_06696_,1.885µm
_09755_,1.885µm
_03390_,1.87µm
_00031_,1.865µm
_00140_,1.865µm
_00161_,1.865µm
_00179_,1.865µm
_00184_,1.865µm
_00193_,1.865µm
_00231_,1.865µm
_00232_,1.865µm
_00253_,1.865µm
_02840_,1.85µm
_00274_,1.84µm
_00715_,1.84µm
_01017_,1.84µm
_01345_,1.84µm
_02135_,1.84µm
_02555_,1.84µm
_02561_,1.84µm
_02587_,1.84µm
_02720_,1.84µm
_02846_,1.84µm
_02864_,1.84µm
_03180_,1.84µm
_03332_,1.84µm
_03574_,1.84µm
_03646_,1.84µm
_03758_,1.84µm
_04021_,1.84µm
_04209_,1.84µm
_04284_,1.84µm
_04550_,1.84µm
_04883_,1.84µm
_04905_,1.84µm
_04911_,1.84µm
_05345_,1.84µm
_05390_,1.84µm
_05497_,1.84µm
_05507_,1.84µm
_05557_,1.84µm
_05585_,1.84µm
_05793_,1.84µm
_05838_,1.84µm
_06030_,1.84µm
_06093_,1.84µm
_06180_,1.84µm
_06184_,1.84µm
_06412_,1.84µm
_06802_,1.84µm
_06884_,1.84µm
_07198_,1.84µm
_07212_,1.84µm
_07238_,1.84µm
_07329_,1.84µm
_07369_,1.84µm
_07404_,1.84µm
_07436_,1.84µm
_08012_,1.84µm
_08135_,1.84µm
_08299_,1.84µm
_08314_,1.84µm
_08374_,1.84µm
_08471_,1.84µm
_08751_,1.84µm
_09102_,1.84µm
_09130_,1.84µm
_09163_,1.84µm
_09415_,1.84µm
_09675_,1.84µm
_09736_,1.84µm
_09748_,1.84µm
_09886_,1.84µm
_09959_,1.84µm
_10103_,1.84µm
_10117_,1.84µm
_10366_,1.84µm
_10570_,1.84µm
_10598_,1.84µm
_10745_,1.84µm
_10804_,1.84µm
_10882_,1.84µm
_10916_,1.84µm
_11178_,1.84µm
_11334_,1.84µm
_11340_,1.84µm
_12124_,1.84µm
_12282_,1.84µm
_12459_,1.84µm
_12883_,1.84µm
_12900_,1.84µm
_13381_,1.84µm
_13571_,1.84µm
_13594_,1.84µm
_13722_,1.84µm
_13752_,1.84µm
_13867_,1.84µm
_13917_,1.84µm
_14031_,1.84µm
_14220_,1.84µm
_14267_,1.84µm
_14294_,1.84µm
_14418_,1.84µm
_14421_,1.84µm
_14494_,1.84µm
_14585_,1.84µm
_14613_,1.84µm
_14852_,1.84µm
_14885_,1.84µm
_14890_,1.84µm
_14985_,1.84µm
_15119_,1.84µm
net1181,1.84µm
net1198,1.84µm
net1205,1.84µm
net1209,1.84µm
_00541_,1.82µm
_01702_,1.82µm
_01951_,1.82µm
_01991_,1.82µm
_02472_,1.82µm
_03149_,1.82µm
_03202_,1.82µm
_04375_,1.82µm
_04556_,1.82µm
_04891_,1.82µm
_04973_,1.82µm
_06465_,1.82µm
_08286_,1.82µm
_08762_,1.82µm
_08807_,1.82µm
_09331_,1.82µm
_09482_,1.82µm
_09877_,1.82µm
_10351_,1.82µm
_10458_,1.82µm
_10609_,1.82µm
_10651_,1.82µm
_10681_,1.82µm
_10859_,1.82µm
_10885_,1.82µm
_10984_,1.82µm
_12106_,1.82µm
_12745_,1.82µm
_12774_,1.82µm
_13392_,1.82µm
_13613_,1.82µm
_14040_,1.82µm
_14507_,1.82µm
_14697_,1.82µm
_15096_,1.82µm
_06110_,1.79µm
_01281_,1.78µm
_10538_,1.765µm
net1208,1.745µm
_05646_,1.73µm
_07862_,1.725µm
_09522_,1.725µm
_10551_,1.725µm
_12890_,1.725µm
_00538_,1.72µm
_00611_,1.72µm
_00850_,1.72µm
_01239_,1.72µm
_01666_,1.72µm
_01965_,1.72µm
_02585_,1.72µm
_02903_,1.72µm
_02960_,1.72µm
_03649_,1.72µm
_03744_,1.72µm
_03995_,1.72µm
_04445_,1.72µm
_04461_,1.72µm
_04466_,1.72µm
_05194_,1.72µm
_05288_,1.72µm
_06899_,1.72µm
_07294_,1.72µm
_07870_,1.72µm
_08237_,1.72µm
_08322_,1.72µm
_08368_,1.72µm
_08397_,1.72µm
_08676_,1.72µm
_09180_,1.72µm
_09515_,1.72µm
_09626_,1.72µm
_10022_,1.72µm
_10362_,1.72µm
_10439_,1.72µm
_10568_,1.72µm
_10953_,1.72µm
_11047_,1.72µm
_11259_,1.72µm
_11430_,1.72µm
_12033_,1.72µm
_12696_,1.72µm
_12793_,1.72µm
_13182_,1.72µm
_13375_,1.72µm
_13575_,1.72µm
_13816_,1.72µm
_13919_,1.72µm
_14039_,1.72µm
_14081_,1.72µm
_14324_,1.72µm
_14886_,1.72µm
_15051_,1.72µm
_00142_,1.7µm
_00201_,1.7µm
_00298_,1.7µm
_00342_,1.7µm
_00439_,1.7µm
_00699_,1.7µm
_00725_,1.7µm
_01089_,1.7µm
_01108_,1.7µm
_01149_,1.7µm
_01354_,1.7µm
_01417_,1.7µm
_01431_,1.7µm
_01513_,1.7µm
_01931_,1.7µm
_02021_,1.7µm
_02184_,1.7µm
_02239_,1.7µm
_02244_,1.7µm
_02297_,1.7µm
_02375_,1.7µm
_02530_,1.7µm
_02543_,1.7µm
_02875_,1.7µm
_03007_,1.7µm
_03166_,1.7µm
_03290_,1.7µm
_03396_,1.7µm
_03413_,1.7µm
_03415_,1.7µm
_03423_,1.7µm
_03448_,1.7µm
_03617_,1.7µm
_03719_,1.7µm
_03949_,1.7µm
_03960_,1.7µm
_04116_,1.7µm
_04136_,1.7µm
_04148_,1.7µm
_04153_,1.7µm
_04172_,1.7µm
_04302_,1.7µm
_04347_,1.7µm
_04455_,1.7µm
_04456_,1.7µm
_04583_,1.7µm
_04663_,1.7µm
_04862_,1.7µm
_04876_,1.7µm
_04920_,1.7µm
_05030_,1.7µm
_05044_,1.7µm
_05092_,1.7µm
_05187_,1.7µm
_05352_,1.7µm
_05392_,1.7µm
_05414_,1.7µm
_05518_,1.7µm
_05657_,1.7µm
_05821_,1.7µm
_05828_,1.7µm
_05835_,1.7µm
_06038_,1.7µm
_06190_,1.7µm
_06213_,1.7µm
_06387_,1.7µm
_06442_,1.7µm
_06499_,1.7µm
_06542_,1.7µm
_06632_,1.7µm
_06673_,1.7µm
_07100_,1.7µm
_07679_,1.7µm
_07693_,1.7µm
_07696_,1.7µm
_07749_,1.7µm
_07766_,1.7µm
_07867_,1.7µm
_07930_,1.7µm
_07954_,1.7µm
_07988_,1.7µm
_08421_,1.7µm
_08598_,1.7µm
_08698_,1.7µm
_08717_,1.7µm
_08885_,1.7µm
_08889_,1.7µm
_08978_,1.7µm
_09042_,1.7µm
_09158_,1.7µm
_09310_,1.7µm
_09661_,1.7µm
_09734_,1.7µm
_10244_,1.7µm
_10260_,1.7µm
_10374_,1.7µm
_10913_,1.7µm
_11057_,1.7µm
_11152_,1.7µm
_11286_,1.7µm
_11351_,1.7µm
_11911_,1.7µm
_12141_,1.7µm
_12174_,1.7µm
_12179_,1.7µm
_12288_,1.7µm
_12594_,1.7µm
_12654_,1.7µm
_12770_,1.7µm
_12811_,1.7µm
_13249_,1.7µm
_13327_,1.7µm
_13486_,1.7µm
_13751_,1.7µm
_13866_,1.7µm
_13950_,1.7µm
_13953_,1.7µm
_14020_,1.7µm
_14036_,1.7µm
_14399_,1.7µm
_14432_,1.7µm
_14555_,1.7µm
_14609_,1.7µm
_14623_,1.7µm
_14678_,1.7µm
_14882_,1.7µm
_15137_,1.7µm
expmiddlea\[0\],1.7µm
mantisaBshift\[11\],1.7µm
net90,1.7µm
_10886_,1.69µm
_00040_,1.685µm
net1132,1.685µm
_03062_,1.635µm
_01499_,1.605µm
_01634_,1.605µm
_08648_,1.605µm
_00593_,1.6µm
_01844_,1.6µm
_01980_,1.6µm
_02267_,1.6µm
_05037_,1.6µm
_06137_,1.6µm
_06537_,1.6µm
_06643_,1.6µm
_08959_,1.6µm
_09739_,1.6µm
_10721_,1.6µm
_10759_,1.6µm
_10860_,1.6µm
_12131_,1.6µm
_12646_,1.6µm
_13712_,1.6µm
_13852_,1.6µm
_14924_,1.6µm
_15038_,1.6µm
net1018,1.6µm
_00237_,1.575µm
_03461_,1.56µm
_06101_,1.56µm
_01186_,1.48µm
_01725_,1.48µm
_01837_,1.48µm
_02270_,1.48µm
_02678_,1.48µm
_02783_,1.48µm
_03085_,1.48µm
_03341_,1.48µm
_03599_,1.48µm
_03699_,1.48µm
_04934_,1.48µm
_05249_,1.48µm
_05553_,1.48µm
_05672_,1.48µm
_06623_,1.48µm
_07311_,1.48µm
_07598_,1.48µm
_08031_,1.48µm
_08643_,1.48µm
_08690_,1.48µm
_08755_,1.48µm
_09032_,1.48µm
_09038_,1.48µm
_09460_,1.48µm
_09601_,1.48µm
_10174_,1.48µm
_10481_,1.48µm
_12153_,1.48µm
_12540_,1.48µm
_13604_,1.48µm
_14190_,1.48µm
_14424_,1.48µm
_14892_,1.48µm
net1039,1.48µm
_00632_,1.46µm
_00014_,1.405µm
_00018_,1.405µm
_00131_,1.405µm
_00246_,1.405µm
_00257_,1.405µm
_00289_,1.38µm
_00477_,1.38µm
_01342_,1.38µm
_01646_,1.38µm
_01827_,1.38µm
_01835_,1.38µm
_02520_,1.38µm
_02639_,1.38µm
_02873_,1.38µm
_02906_,1.38µm
_02957_,1.38µm
_03334_,1.38µm
_04292_,1.38µm
_04465_,1.38µm
_04591_,1.38µm
_04847_,1.38µm
_05040_,1.38µm
_05240_,1.38µm
_05504_,1.38µm
_05593_,1.38µm
_05603_,1.38µm
_05925_,1.38µm
_05935_,1.38µm
_06012_,1.38µm
_06013_,1.38µm
_06461_,1.38µm
_06799_,1.38µm
_06844_,1.38µm
_06903_,1.38µm
_06938_,1.38µm
_06972_,1.38µm
_07060_,1.38µm
_07061_,1.38µm
_07166_,1.38µm
_07257_,1.38µm
_07610_,1.38µm
_07657_,1.38µm
_07674_,1.38µm
_07953_,1.38µm
_08225_,1.38µm
_08354_,1.38µm
_08464_,1.38µm
_08486_,1.38µm
_08523_,1.38µm
_08718_,1.38µm
_08782_,1.38µm
_08832_,1.38µm
_08852_,1.38µm
_08858_,1.38µm
_08939_,1.38µm
_09747_,1.38µm
_09758_,1.38µm
_09773_,1.38µm
_10230_,1.38µm
_10337_,1.38µm
_10640_,1.38µm
_10783_,1.38µm
_10821_,1.38µm
_10855_,1.38µm
_10902_,1.38µm
_10957_,1.38µm
_11053_,1.38µm
_11140_,1.38µm
_11227_,1.38µm
_11255_,1.38µm
_11530_,1.38µm
_11776_,1.38µm
_11815_,1.38µm
_11923_,1.38µm
_11972_,1.38µm
_11976_,1.38µm
_12016_,1.38µm
_12192_,1.38µm
_12363_,1.38µm
_12434_,1.38µm
_12437_,1.38µm
_12660_,1.38µm
_12891_,1.38µm
_13124_,1.38µm
_13243_,1.38µm
_13429_,1.38µm
_13439_,1.38µm
_13729_,1.38µm
_13857_,1.38µm
_14138_,1.38µm
_14222_,1.38µm
_14870_,1.38µm
_15006_,1.38µm
_15015_,1.38µm
_15026_,1.38µm
_15092_,1.38µm
net166,1.38µm
_00693_,1.36µm
_00837_,1.36µm
_01631_,1.36µm
_04144_,1.36µm
_04497_,1.36µm
_05549_,1.36µm
_06189_,1.36µm
_07618_,1.36µm
_09027_,1.36µm
_09353_,1.36µm
_09455_,1.36µm
_11315_,1.36µm
_11596_,1.36µm
_11597_,1.36µm
_12135_,1.36µm
_12413_,1.36µm
_13334_,1.36µm
_14379_,1.36µm
mantisaBshift\[2\],1.36µm
_07969_,1.355µm
_11388_,1.285µm
_03315_,1.265µm
_11374_,1.265µm
_00070_,1.26µm
_00276_,1.26µm
_00811_,1.26µm
_01350_,1.26µm
_01403_,1.26µm
_01517_,1.26µm
_01602_,1.26µm
_01656_,1.26µm
_01723_,1.26µm
_01946_,1.26µm
_02013_,1.26µm
_02324_,1.26µm
_02495_,1.26µm
_02754_,1.26µm
_03139_,1.26µm
_03577_,1.26µm
_03779_,1.26µm
_03898_,1.26µm
_04615_,1.26µm
_05261_,1.26µm
_05486_,1.26µm
_05692_,1.26µm
_06008_,1.26µm
_06592_,1.26µm
_06621_,1.26µm
_06652_,1.26µm
_06793_,1.26µm
_06859_,1.26µm
_06871_,1.26µm
_06979_,1.26µm
_07009_,1.26µm
_07047_,1.26µm
_07176_,1.26µm
_07359_,1.26µm
_07516_,1.26µm
_07579_,1.26µm
_07600_,1.26µm
_07690_,1.26µm
_07702_,1.26µm
_07992_,1.26µm
_08321_,1.26µm
_08870_,1.26µm
_09062_,1.26µm
_09314_,1.26µm
_09465_,1.26µm
_09549_,1.26µm
_09910_,1.26µm
_10254_,1.26µm
_10277_,1.26µm
_10370_,1.26µm
_10906_,1.26µm
_11269_,1.26µm
_11273_,1.26µm
_11457_,1.26µm
_11638_,1.26µm
_11688_,1.26µm
_11795_,1.26µm
_12399_,1.26µm
_12423_,1.26µm
_12530_,1.26µm
_12675_,1.26µm
_12703_,1.26µm
_12844_,1.26µm
_13055_,1.26µm
_13105_,1.26µm
_13184_,1.26µm
_13211_,1.26µm
_13264_,1.26µm
_13341_,1.26µm
_13410_,1.26µm
_13869_,1.26µm
_14224_,1.26µm
_14236_,1.26µm
_14350_,1.26µm
_14414_,1.26µm
_14504_,1.26µm
_14565_,1.26µm
_14591_,1.26µm
_14670_,1.26µm
_14672_,1.26µm
_14818_,1.26µm
_14861_,1.26µm
four_man\[19\],1.26µm
net63,1.26µm
_05181_,1.25µm
_02693_,1.22µm
_10502_,1.22µm
_10663_,1.22µm
_06308_,1.195µm
_11875_,1.165µm
_09662_,1.16µm
_06306_,1.15µm
_11753_,1.15µm
_01081_,1.14µm
_01241_,1.14µm
_01745_,1.14µm
_03554_,1.14µm
_04953_,1.14µm
_05274_,1.14µm
_05503_,1.14µm
_05580_,1.14µm
_06116_,1.14µm
_06142_,1.14µm
_06164_,1.14µm
_06716_,1.14µm
_07297_,1.14µm
_07542_,1.14µm
_07746_,1.14µm
_07899_,1.14µm
_08238_,1.14µm
_08400_,1.14µm
_08431_,1.14µm
_08437_,1.14µm
_09106_,1.14µm
_10162_,1.14µm
_10322_,1.14µm
_10616_,1.14µm
_10683_,1.14µm
_12406_,1.14µm
_12610_,1.14µm
_12919_,1.14µm
_13034_,1.14µm
_13062_,1.14µm
_13170_,1.14µm
_13320_,1.14µm
_13412_,1.14µm
_14756_,1.14µm
_14922_,1.14µm
net1019,1.14µm
_12410_,1.115µm
_04539_,1.1µm
_07815_,1.1µm
_05788_,1.085µm
_11691_,1.085µm
_01151_,1.02µm
_01543_,1.02µm
_03321_,1.02µm
_03718_,1.02µm
_04082_,1.02µm
_04234_,1.02µm
_05443_,1.02µm
_06005_,1.02µm
_06766_,1.02µm
_07458_,1.02µm
_08441_,1.02µm
_08467_,1.02µm
_09681_,1.02µm
_10014_,1.02µm
_10268_,1.02µm
_11548_,1.02µm
_11685_,1.02µm
_13399_,1.02µm
_14383_,1.02µm
_14456_,1.02µm
net1041,1.02µm
_00356_,0.92µm
_00422_,0.92µm
_00578_,0.92µm
_00690_,0.92µm
_00775_,0.92µm
_00810_,0.92µm
_00819_,0.92µm
_01056_,0.92µm
_01120_,0.92µm
_01131_,0.92µm
_01145_,0.92µm
_01402_,0.92µm
_01971_,0.92µm
_02002_,0.92µm
_02152_,0.92µm
_02236_,0.92µm
_02604_,0.92µm
_02688_,0.92µm
_02834_,0.92µm
_03260_,0.92µm
_03265_,0.92µm
_03595_,0.92µm
_03629_,0.92µm
_04012_,0.92µm
_04017_,0.92µm
_04266_,0.92µm
_04348_,0.92µm
_04540_,0.92µm
_04702_,0.92µm
_04738_,0.92µm
_04811_,0.92µm
_05207_,0.92µm
_05781_,0.92µm
_06040_,0.92µm
_06081_,0.92µm
_06636_,0.92µm
_07109_,0.92µm
_07319_,0.92µm
_07421_,0.92µm
_07664_,0.92µm
_07804_,0.92µm
_08242_,0.92µm
_08285_,0.92µm
_08936_,0.92µm
_09105_,0.92µm
_09943_,0.92µm
_10030_,0.92µm
_10443_,0.92µm
_10518_,0.92µm
_10525_,0.92µm
_10863_,0.92µm
_11251_,0.92µm
_11281_,0.92µm
_11537_,0.92µm
_11613_,0.92µm
_11639_,0.92µm
_11997_,0.92µm
_12069_,0.92µm
_12379_,0.92µm
_12593_,0.92µm
_12796_,0.92µm
_12825_,0.92µm
_13070_,0.92µm
_13279_,0.92µm
_13536_,0.92µm
_13543_,0.92µm
_13964_,0.92µm
_14278_,0.92µm
_14378_,0.92µm
_14450_,0.92µm
_14461_,0.92µm
_14937_,0.92µm
_15128_,0.92µm
_01569_,0.87µm
_00552_,0.8µm
_00657_,0.8µm
_00945_,0.8µm
_01809_,0.8µm
_02015_,0.8µm
_02650_,0.8µm
_03079_,0.8µm
_04308_,0.8µm
_05570_,0.8µm
_06021_,0.8µm
_07224_,0.8µm
_09720_,0.8µm
_10309_,0.8µm
_11372_,0.8µm
_11768_,0.8µm
_12336_,0.8µm
_12551_,0.8µm
_13456_,0.8µm
_14653_,0.8µm
_14849_,0.8µm
_00261_,0.46µm
_00374_,0.46µm
_00466_,0.46µm
_00548_,0.46µm
_00660_,0.46µm
_00802_,0.46µm
_00804_,0.46µm
_01485_,0.46µm
_01520_,0.46µm
_01585_,0.46µm
_01588_,0.46µm
_01749_,0.46µm
_01859_,0.46µm
_01984_,0.46µm
_02511_,0.46µm
_03609_,0.46µm
_03740_,0.46µm
_03790_,0.46µm
_04573_,0.46µm
_04940_,0.46µm
_05010_,0.46µm
_05177_,0.46µm
_05348_,0.46µm
_05446_,0.46µm
_05640_,0.46µm
_06353_,0.46µm
_06584_,0.46µm
_06775_,0.46µm
_06939_,0.46µm
_07012_,0.46µm
_07148_,0.46µm
_07260_,0.46µm
_07308_,0.46µm
_07504_,0.46µm
_07967_,0.46µm
_08189_,0.46µm
_08195_,0.46µm
_08350_,0.46µm
_08385_,0.46µm
_08473_,0.46µm
_08695_,0.46µm
_08826_,0.46µm
_09080_,0.46µm
_09449_,0.46µm
_09491_,0.46µm
_09544_,0.46µm
_09576_,0.46µm
_09705_,0.46µm
_09724_,0.46µm
_09881_,0.46µm
_09934_,0.46µm
_10171_,0.46µm
_10271_,0.46µm
_10457_,0.46µm
_10614_,0.46µm
_11172_,0.46µm
_11213_,0.46µm
_11242_,0.46µm
_11267_,0.46µm
_11277_,0.46µm
_11310_,0.46µm
_11348_,0.46µm
_11377_,0.46µm
_11385_,0.46µm
_11556_,0.46µm
_11809_,0.46µm
_12125_,0.46µm
_12266_,0.46µm
_12270_,0.46µm
_12287_,0.46µm
_12321_,0.46µm
_12570_,0.46µm
_12899_,0.46µm
_12936_,0.46µm
_13407_,0.46µm
_13671_,0.46µm
_13830_,0.46µm
_14265_,0.46µm
_14527_,0.46µm
_14528_,0.46µm
