
===========================================================================
report_checks -unconstrained
===========================================================================
======================= nom_ff_n40C_1v95 Corner ===================================

Startpoint: _30423_ (rising edge-triggered flip-flop clocked by clk)
Endpoint: _30453_ (rising edge-triggered flip-flop clocked by clk)
Path Group: clk
Path Type: max

Fanout         Cap        Slew       Delay        Time   Description
---------------------------------------------------------------------------------------------
                                  0.000000    0.000000   clock clk (rise edge)
                                  0.000000    0.000000   clock source latency
     2    0.053640    0.183314    0.128115    0.128115 ^ clk (in)
                                                         clk (net)
                      0.183377    0.000000    0.128115 ^ clkbuf_0_clk/A (sky130_fd_sc_hd__clkbuf_16)
     4    0.124079    0.106850    0.174861    0.302977 ^ clkbuf_0_clk/X (sky130_fd_sc_hd__clkbuf_16)
                                                         clknet_0_clk (net)
                      0.107076    0.003940    0.306917 ^ clkbuf_2_2__f_clk/A (sky130_fd_sc_hd__clkbuf_16)
    16    0.171384    0.142001    0.183645    0.490561 ^ clkbuf_2_2__f_clk/X (sky130_fd_sc_hd__clkbuf_16)
                                                         clknet_2_2__leaf_clk (net)
                      0.143409    0.011275    0.501836 ^ clkbuf_leaf_20_clk/A (sky130_fd_sc_hd__clkbuf_8)
    16    0.044830    0.068117    0.138911    0.640747 ^ clkbuf_leaf_20_clk/X (sky130_fd_sc_hd__clkbuf_8)
                                                         clknet_leaf_20_clk (net)
                      0.068124    0.000718    0.641465 ^ _30423_/CLK (sky130_fd_sc_hd__dfxtp_4)
     3    0.115203    0.110380    0.303093    0.944558 v _30423_/Q (sky130_fd_sc_hd__dfxtp_4)
                                                         mantisaBshift[6] (net)
                      0.110535    0.001863    0.946422 v fanout851/A (sky130_fd_sc_hd__buf_12)
     7    0.094363    0.045994    0.137564    1.083986 v fanout851/X (sky130_fd_sc_hd__buf_12)
                                                         net851 (net)
                      0.046014    0.001050    1.085035 v fanout850/A (sky130_fd_sc_hd__buf_6)
     5    0.064874    0.049744    0.111489    1.196524 v fanout850/X (sky130_fd_sc_hd__buf_6)
                                                         net850 (net)
                      0.049809    0.001105    1.197629 v fanout849/A (sky130_fd_sc_hd__buf_6)
     6    0.046461    0.039891    0.102034    1.299663 v fanout849/X (sky130_fd_sc_hd__buf_6)
                                                         net849 (net)
                      0.041594    0.006424    1.306086 v fanout848/A (sky130_fd_sc_hd__buf_6)
    10    0.048129    0.040271    0.100672    1.406759 v fanout848/X (sky130_fd_sc_hd__buf_6)
                                                         net848 (net)
                      0.040892    0.003975    1.410733 v _16170_/B (sky130_fd_sc_hd__or3_1)
     2    0.004638    0.050158    0.206543    1.617276 v _16170_/X (sky130_fd_sc_hd__or3_1)
                                                         _06300_ (net)
                      0.050158    0.000100    1.617376 v _16178_/B (sky130_fd_sc_hd__or4_4)
     1    0.002484    0.054802    0.301661    1.919037 v _16178_/X (sky130_fd_sc_hd__or4_4)
                                                         _06308_ (net)
                      0.054802    0.000048    1.919085 v _16179_/C (sky130_fd_sc_hd__or4_4)
     2    0.013430    0.069254    0.306884    2.225970 v _16179_/X (sky130_fd_sc_hd__or4_4)
                                                         _06309_ (net)
                      0.069254    0.000301    2.226271 v _16181_/A1 (sky130_fd_sc_hd__o21ai_4)
     4    0.015278    0.120273    0.141391    2.367662 ^ _16181_/Y (sky130_fd_sc_hd__o21ai_4)
                                                         _06311_ (net)
                      0.120273    0.000489    2.368150 ^ _16185_/A2 (sky130_fd_sc_hd__a211o_1)
     2    0.011423    0.081143    0.125141    2.493291 ^ _16185_/X (sky130_fd_sc_hd__a211o_1)
                                                         _06315_ (net)
                      0.081143    0.000386    2.493677 ^ _16187_/A1 (sky130_fd_sc_hd__a21o_1)
     4    0.017626    0.119407    0.136913    2.630590 ^ _16187_/X (sky130_fd_sc_hd__a21o_1)
                                                         _06317_ (net)
                      0.119407    0.000290    2.630881 ^ _16188_/B (sky130_fd_sc_hd__nand2_1)
     2    0.014406    0.081122    0.085012    2.715893 v _16188_/Y (sky130_fd_sc_hd__nand2_1)
                                                         _06318_ (net)
                      0.081124    0.000334    2.716227 v _16215_/A1 (sky130_fd_sc_hd__a221o_4)
     3    0.073369    0.096396    0.281285    2.997512 v _16215_/X (sky130_fd_sc_hd__a221o_4)
                                                         _06345_ (net)
                      0.096398    0.000808    2.998320 v fanout481/A (sky130_fd_sc_hd__clkbuf_4)
     7    0.071022    0.100549    0.186871    3.185192 v fanout481/X (sky130_fd_sc_hd__clkbuf_4)
                                                         net481 (net)
                      0.100552    0.000745    3.185937 v fanout480/A (sky130_fd_sc_hd__clkbuf_4)
    10    0.069480    0.098938    0.186029    3.371966 v fanout480/X (sky130_fd_sc_hd__clkbuf_4)
                                                         net480 (net)
                      0.098949    0.000911    3.372877 v _16216_/B1 (sky130_fd_sc_hd__o21a_4)
     3    0.018591    0.038729    0.113964    3.486841 v _16216_/X (sky130_fd_sc_hd__o21a_4)
                                                         _06346_ (net)
                      0.038729    0.000419    3.487260 v _16230_/A2 (sky130_fd_sc_hd__a21oi_2)
     7    0.030451    0.276491    0.236483    3.723743 ^ _16230_/Y (sky130_fd_sc_hd__a21oi_2)
                                                         _06360_ (net)
                      0.276499    0.001245    3.724988 ^ _16233_/C (sky130_fd_sc_hd__and3_1)
     3    0.012923    0.104457    0.168483    3.893471 ^ _16233_/X (sky130_fd_sc_hd__and3_1)
                                                         _06363_ (net)
                      0.104457    0.000340    3.893811 ^ _16242_/A2 (sky130_fd_sc_hd__o21ai_2)
     3    0.007451    0.054939    0.042344    3.936155 v _16242_/Y (sky130_fd_sc_hd__o21ai_2)
                                                         _06372_ (net)
                      0.054939    0.000178    3.936333 v _16254_/A2 (sky130_fd_sc_hd__a311o_1)
     1    0.010287    0.064656    0.228646    4.164979 v _16254_/X (sky130_fd_sc_hd__a311o_1)
                                                         _06384_ (net)
                      0.064659    0.000451    4.165430 v _16264_/A2 (sky130_fd_sc_hd__a21oi_4)
     6    0.034192    0.203075    0.205162    4.370592 ^ _16264_/Y (sky130_fd_sc_hd__a21oi_4)
                                                         _06394_ (net)
                      0.203082    0.000946    4.371538 ^ _16265_/S (sky130_fd_sc_hd__mux2_4)
     4    0.015513    0.050658    0.206474    4.578012 v _16265_/X (sky130_fd_sc_hd__mux2_4)
                                                         _06395_ (net)
                      0.050675    0.000849    4.578861 v _16276_/A (sky130_fd_sc_hd__or2_4)
     4    0.011369    0.039814    0.167868    4.746728 v _16276_/X (sky130_fd_sc_hd__or2_4)
                                                         _06406_ (net)
                      0.039814    0.000277    4.747005 v _16280_/A2 (sky130_fd_sc_hd__a211o_1)
     1    0.003386    0.035671    0.182254    4.929259 v _16280_/X (sky130_fd_sc_hd__a211o_1)
                                                         _06410_ (net)
                      0.035671    0.000104    4.929363 v _16288_/A3 (sky130_fd_sc_hd__a31o_1)
     3    0.008984    0.046699    0.157989    5.087352 v _16288_/X (sky130_fd_sc_hd__a31o_1)
                                                         _06418_ (net)
                      0.046699    0.000183    5.087535 v _16290_/A (sky130_fd_sc_hd__and2_4)
     4    0.021715    0.037185    0.111316    5.198852 v _16290_/X (sky130_fd_sc_hd__and2_4)
                                                         _06420_ (net)
                      0.037202    0.000514    5.199366 v _16297_/S (sky130_fd_sc_hd__mux2_4)
     3    0.024308    0.060108    0.220071    5.419436 v _16297_/X (sky130_fd_sc_hd__mux2_4)
                                                         _06427_ (net)
                      0.060120    0.000759    5.420196 v _16300_/A (sky130_fd_sc_hd__xnor2_4)
     3    0.018289    0.054559    0.118617    5.538813 v _16300_/Y (sky130_fd_sc_hd__xnor2_4)
                                                         _06430_ (net)
                      0.054560    0.000484    5.539297 v _16317_/A1 (sky130_fd_sc_hd__o311ai_4)
     3    0.016157    0.230005    0.251120    5.790417 ^ _16317_/Y (sky130_fd_sc_hd__o311ai_4)
                                                         _06447_ (net)
                      0.230005    0.000507    5.790924 ^ _16328_/A2 (sky130_fd_sc_hd__a221oi_4)
     5    0.020622    0.079318    0.074002    5.864926 v _16328_/Y (sky130_fd_sc_hd__a221oi_4)
                                                         _06458_ (net)
                      0.079320    0.000869    5.865795 v _16355_/A (sky130_fd_sc_hd__or4_4)
     3    0.008465    0.063284    0.339470    6.205265 v _16355_/X (sky130_fd_sc_hd__or4_4)
                                                         _06485_ (net)
                      0.063284    0.000272    6.205537 v _16357_/A2 (sky130_fd_sc_hd__a21oi_1)
     4    0.010791    0.184570    0.186118    6.391654 ^ _16357_/Y (sky130_fd_sc_hd__a21oi_1)
                                                         _06487_ (net)
                      0.184570    0.000196    6.391851 ^ _16373_/B1_N (sky130_fd_sc_hd__o21ba_1)
     2    0.007045    0.038773    0.113888    6.505738 v _16373_/X (sky130_fd_sc_hd__o21ba_1)
                                                         _06503_ (net)
                      0.038773    0.000178    6.505917 v _16376_/A1 (sky130_fd_sc_hd__a211o_4)
     4    0.013070    0.044657    0.213839    6.719755 v _16376_/X (sky130_fd_sc_hd__a211o_4)
                                                         _06506_ (net)
                      0.044657    0.000326    6.720081 v _16379_/A1 (sky130_fd_sc_hd__a211o_4)
     5    0.026922    0.058765    0.234391    6.954472 v _16379_/X (sky130_fd_sc_hd__a211o_4)
                                                         _06509_ (net)
                      0.058773    0.000623    6.955094 v _16424_/A1 (sky130_fd_sc_hd__a211o_1)
     1    0.008547    0.053052    0.185707    7.140800 v _16424_/X (sky130_fd_sc_hd__a211o_1)
                                                         _06554_ (net)
                      0.053052    0.000191    7.140992 v _16425_/B (sky130_fd_sc_hd__xor2_2)
     4    0.014842    0.162664    0.153410    7.294401 ^ _16425_/X (sky130_fd_sc_hd__xor2_2)
                                                         _06555_ (net)
                      0.162664    0.000283    7.294684 ^ _16426_/B (sky130_fd_sc_hd__xnor2_1)
     3    0.008331    0.060870    0.072544    7.367229 v _16426_/Y (sky130_fd_sc_hd__xnor2_1)
                                                         _06556_ (net)
                      0.060892    0.000254    7.367483 v _16432_/A3 (sky130_fd_sc_hd__o31a_1)
     4    0.015648    0.071546    0.194725    7.562208 v _16432_/X (sky130_fd_sc_hd__o31a_1)
                                                         _06562_ (net)
                      0.071548    0.000477    7.562685 v _16435_/A1 (sky130_fd_sc_hd__a211o_1)
     3    0.010857    0.059150    0.198983    7.761668 v _16435_/X (sky130_fd_sc_hd__a211o_1)
                                                         _06565_ (net)
                      0.059152    0.000402    7.762070 v _16439_/A1 (sky130_fd_sc_hd__a311o_1)
     1    0.008754    0.060875    0.192310    7.954381 v _16439_/X (sky130_fd_sc_hd__a311o_1)
                                                         _06569_ (net)
                      0.060875    0.000277    7.954658 v _16442_/B1 (sky130_fd_sc_hd__a221oi_4)
     6    0.025835    0.221141    0.213420    8.168077 ^ _16442_/Y (sky130_fd_sc_hd__a221oi_4)
                                                         _06572_ (net)
                      0.221141    0.000765    8.168841 ^ max_cap423/A (sky130_fd_sc_hd__buf_6)
     5    0.029850    0.053390    0.100570    8.269412 ^ max_cap423/X (sky130_fd_sc_hd__buf_6)
                                                         net423 (net)
                      0.053480    0.001433    8.270844 ^ _16473_/S (sky130_fd_sc_hd__mux2_4)
     4    0.011940    0.046424    0.197706    8.468551 v _16473_/X (sky130_fd_sc_hd__mux2_4)
                                                         _06603_ (net)
                      0.046424    0.000183    8.468734 v _16477_/A2 (sky130_fd_sc_hd__o21ba_4)
     2    0.004944    0.026399    0.122949    8.591682 v _16477_/X (sky130_fd_sc_hd__o21ba_4)
                                                         _06607_ (net)
                      0.026399    0.000139    8.591821 v _16479_/A (sky130_fd_sc_hd__or4_4)
     2    0.007334    0.061884    0.319812    8.911633 v _16479_/X (sky130_fd_sc_hd__or4_4)
                                                         _06609_ (net)
                      0.061884    0.000221    8.911854 v _16482_/A1 (sky130_fd_sc_hd__a31o_1)
     2    0.009114    0.047162    0.139980    9.051833 v _16482_/X (sky130_fd_sc_hd__a31o_1)
                                                         _06612_ (net)
                      0.047164    0.000378    9.052212 v _16486_/A2 (sky130_fd_sc_hd__a211o_4)
     3    0.014770    0.046728    0.224559    9.276771 v _16486_/X (sky130_fd_sc_hd__a211o_4)
                                                         _06616_ (net)
                      0.046729    0.000306    9.277077 v _16498_/B (sky130_fd_sc_hd__and4_4)
     7    0.020720    0.041745    0.131783    9.408859 v _16498_/X (sky130_fd_sc_hd__and4_4)
                                                         _06628_ (net)
                      0.041758    0.000687    9.409545 v _16561_/B (sky130_fd_sc_hd__or4b_4)
     3    0.006968    0.061631    0.311983    9.721529 v _16561_/X (sky130_fd_sc_hd__or4b_4)
                                                         _06691_ (net)
                      0.061631    0.000148    9.721677 v _16563_/A (sky130_fd_sc_hd__and3_1)
     3    0.007611    0.041421    0.114925    9.836602 v _16563_/X (sky130_fd_sc_hd__and3_1)
                                                         _06693_ (net)
                      0.041421    0.000107    9.836709 v _16566_/C (sky130_fd_sc_hd__or4_4)
     1    0.002645    0.055049    0.278392   10.115100 v _16566_/X (sky130_fd_sc_hd__or4_4)
                                                         _06696_ (net)
                      0.055049    0.000076   10.115176 v _16567_/C (sky130_fd_sc_hd__or4_4)
     2    0.010621    0.065914    0.301148   10.416325 v _16567_/X (sky130_fd_sc_hd__or4_4)
                                                         _06697_ (net)
                      0.065914    0.000395   10.416720 v _16571_/A2 (sky130_fd_sc_hd__a31o_4)
     4    0.016205    0.038943    0.170670   10.587390 v _16571_/X (sky130_fd_sc_hd__a31o_4)
                                                         _06701_ (net)
                      0.038948    0.000452   10.587842 v _16575_/A1 (sky130_fd_sc_hd__a311o_4)
     3    0.017300    0.058811    0.221200   10.809042 v _16575_/X (sky130_fd_sc_hd__a311o_4)
                                                         _06705_ (net)
                      0.058811    0.000427   10.809469 v _16579_/A2 (sky130_fd_sc_hd__a21oi_4)
     4    0.018547    0.131173    0.150481   10.959949 ^ _16579_/Y (sky130_fd_sc_hd__a21oi_4)
                                                         _06709_ (net)
                      0.131174    0.000480   10.960429 ^ fanout421/A (sky130_fd_sc_hd__buf_6)
     5    0.033449    0.057249    0.100435   11.060864 ^ fanout421/X (sky130_fd_sc_hd__buf_6)
                                                         net421 (net)
                      0.057379    0.001879   11.062744 ^ _16597_/S (sky130_fd_sc_hd__mux2_4)
     3    0.013603    0.048290    0.200619   11.263363 v _16597_/X (sky130_fd_sc_hd__mux2_4)
                                                         _06727_ (net)
                      0.048321    0.000647   11.264010 v _16620_/B (sky130_fd_sc_hd__and2_4)
     1    0.002718    0.020731    0.101145   11.365155 v _16620_/X (sky130_fd_sc_hd__and2_4)
                                                         _06750_ (net)
                      0.020732    0.000079   11.365234 v _16621_/B (sky130_fd_sc_hd__or2_4)
     2    0.009576    0.038100    0.141730   11.506965 v _16621_/X (sky130_fd_sc_hd__or2_4)
                                                         _06751_ (net)
                      0.038100    0.000171   11.507136 v _16623_/A2 (sky130_fd_sc_hd__o41a_4)
     4    0.018723    0.064559    0.310753   11.817889 v _16623_/X (sky130_fd_sc_hd__o41a_4)
                                                         _06753_ (net)
                      0.064559    0.000869   11.818758 v _16648_/A1 (sky130_fd_sc_hd__a2111o_1)
     2    0.013868    0.077735    0.269088   12.087846 v _16648_/X (sky130_fd_sc_hd__a2111o_1)
                                                         _06778_ (net)
                      0.077735    0.000336   12.088181 v _16652_/A2 (sky130_fd_sc_hd__a21oi_4)
     5    0.029005    0.178933    0.192553   12.280734 ^ _16652_/Y (sky130_fd_sc_hd__a21oi_4)
                                                         _06782_ (net)
                      0.178994    0.000591   12.281324 ^ fanout420/A (sky130_fd_sc_hd__buf_8)
     5    0.032286    0.048949    0.093971   12.375296 ^ fanout420/X (sky130_fd_sc_hd__buf_8)
                                                         net420 (net)
                      0.048971    0.000957   12.376253 ^ _16692_/S (sky130_fd_sc_hd__mux2_4)
     3    0.018027    0.053657    0.206876   12.583130 v _16692_/X (sky130_fd_sc_hd__mux2_4)
                                                         _06822_ (net)
                      0.053672    0.000854   12.583984 v _16695_/B (sky130_fd_sc_hd__xnor2_2)
     2    0.008594    0.055281    0.098037   12.682021 v _16695_/Y (sky130_fd_sc_hd__xnor2_2)
                                                         _06825_ (net)
                      0.055281    0.000136   12.682157 v _16699_/A (sky130_fd_sc_hd__or2_4)
     2    0.006073    0.034683    0.161362   12.843518 v _16699_/X (sky130_fd_sc_hd__or2_4)
                                                         _06829_ (net)
                      0.034683    0.000148   12.843667 v _16711_/B (sky130_fd_sc_hd__or3_4)
     1    0.008897    0.050746    0.225464   13.069131 v _16711_/X (sky130_fd_sc_hd__or3_4)
                                                         _06841_ (net)
                      0.050746    0.000259   13.069390 v _16715_/A1 (sky130_fd_sc_hd__o21ai_4)
     3    0.015276    0.120041    0.134988   13.204378 ^ _16715_/Y (sky130_fd_sc_hd__o21ai_4)
                                                         _06845_ (net)
                      0.120042    0.000659   13.205037 ^ _16728_/A2 (sky130_fd_sc_hd__a211oi_2)
     2    0.007224    0.059422    0.060457   13.265494 v _16728_/Y (sky130_fd_sc_hd__a211oi_2)
                                                         _06858_ (net)
                      0.059422    0.000190   13.265684 v _16734_/A3 (sky130_fd_sc_hd__o311a_4)
     3    0.021601    0.058886    0.224858   13.490542 v _16734_/X (sky130_fd_sc_hd__o311a_4)
                                                         _06864_ (net)
                      0.058886    0.001556   13.492099 v _16736_/A (sky130_fd_sc_hd__nor2_2)
     3    0.019526    0.164498    0.161468   13.653566 ^ _16736_/Y (sky130_fd_sc_hd__nor2_2)
                                                         _06866_ (net)
                      0.164499    0.000400   13.653966 ^ fanout418/A (sky130_fd_sc_hd__buf_6)
     5    0.021066    0.041167    0.089640   13.743607 ^ fanout418/X (sky130_fd_sc_hd__buf_6)
                                                         net418 (net)
                      0.041168    0.000277   13.743884 ^ _16781_/S (sky130_fd_sc_hd__mux2_2)
     3    0.012219    0.053657    0.220400   13.964283 v _16781_/X (sky130_fd_sc_hd__mux2_2)
                                                         _06911_ (net)
                      0.053661    0.000533   13.964816 v _16783_/B (sky130_fd_sc_hd__xnor2_1)
     2    0.006442    0.131852    0.131584   14.096400 ^ _16783_/Y (sky130_fd_sc_hd__xnor2_1)
                                                         _06913_ (net)
                      0.131852    0.000105   14.096505 ^ _16794_/B1 (sky130_fd_sc_hd__a21o_1)
     3    0.015751    0.107270    0.110669   14.207173 ^ _16794_/X (sky130_fd_sc_hd__a21o_1)
                                                         _06924_ (net)
                      0.107272    0.000426   14.207600 ^ _16796_/A1 (sky130_fd_sc_hd__a21oi_4)
     3    0.011133    0.045075    0.042779   14.250379 v _16796_/Y (sky130_fd_sc_hd__a21oi_4)
                                                         _06926_ (net)
                      0.045079    0.000338   14.250716 v _16798_/A1 (sky130_fd_sc_hd__o21ai_2)
     2    0.007912    0.096713    0.113168   14.363885 ^ _16798_/Y (sky130_fd_sc_hd__o21ai_2)
                                                         _06928_ (net)
                      0.096713    0.000255   14.364140 ^ _16800_/A1 (sky130_fd_sc_hd__a21o_1)
     3    0.015006    0.102716    0.127252   14.491391 ^ _16800_/X (sky130_fd_sc_hd__a21o_1)
                                                         _06930_ (net)
                      0.102716    0.000427   14.491818 ^ _16801_/A1 (sky130_fd_sc_hd__a21oi_4)
     5    0.017831    0.048181    0.050481   14.542299 v _16801_/Y (sky130_fd_sc_hd__a21oi_4)
                                                         _06931_ (net)
                      0.048183    0.000627   14.542927 v _16805_/A3 (sky130_fd_sc_hd__o311a_4)
     3    0.010845    0.046058    0.203435   14.746362 v _16805_/X (sky130_fd_sc_hd__o311a_4)
                                                         _06935_ (net)
                      0.046058    0.000302   14.746664 v _16810_/A2 (sky130_fd_sc_hd__o211a_4)
     5    0.022369    0.045990    0.168305   14.914969 v _16810_/X (sky130_fd_sc_hd__o211a_4)
                                                         _06940_ (net)
                      0.046027    0.000570   14.915540 v _16830_/A2 (sky130_fd_sc_hd__a21oi_4)
     6    0.035732    0.209741    0.203114   15.118653 ^ _16830_/Y (sky130_fd_sc_hd__a21oi_4)
                                                         _06960_ (net)
                      0.209774    0.002096   15.120749 ^ _16832_/A (sky130_fd_sc_hd__nor2_4)
     3    0.024642    0.061899    0.048622   15.169372 v _16832_/Y (sky130_fd_sc_hd__nor2_4)
                                                         _06962_ (net)
                      0.061914    0.000718   15.170090 v fanout417/A (sky130_fd_sc_hd__buf_8)
     5    0.036611    0.031037    0.102807   15.272896 v fanout417/X (sky130_fd_sc_hd__buf_8)
                                                         net417 (net)
                      0.031052    0.000655   15.273552 v _16881_/S (sky130_fd_sc_hd__mux2_4)
     5    0.032817    0.068963    0.227542   15.501094 v _16881_/X (sky130_fd_sc_hd__mux2_4)
                                                         _07011_ (net)
                      0.068968    0.000624   15.501718 v _16884_/A (sky130_fd_sc_hd__xnor2_4)
     2    0.014210    0.049217    0.117231   15.618948 v _16884_/Y (sky130_fd_sc_hd__xnor2_4)
                                                         _07014_ (net)
                      0.049218    0.000407   15.619355 v _16900_/A (sky130_fd_sc_hd__nor4_4)
     1    0.006109    0.151363    0.191880   15.811235 ^ _16900_/Y (sky130_fd_sc_hd__nor4_4)
                                                         _07030_ (net)
                      0.151363    0.000188   15.811423 ^ _16923_/A2 (sky130_fd_sc_hd__a211o_4)
     4    0.026302    0.064113    0.126676   15.938099 ^ _16923_/X (sky130_fd_sc_hd__a211o_4)
                                                         _07053_ (net)
                      0.064267    0.002176   15.940275 ^ _16927_/A1 (sky130_fd_sc_hd__a21oi_4)
     3    0.019155    0.042923    0.046409   15.986685 v _16927_/Y (sky130_fd_sc_hd__a21oi_4)
                                                         _07057_ (net)
                      0.042963    0.000790   15.987474 v _16929_/A1 (sky130_fd_sc_hd__o211ai_4)
     4    0.029253    0.210881    0.204702   16.192177 ^ _16929_/Y (sky130_fd_sc_hd__o211ai_4)
                                                         _07059_ (net)
                      0.210897    0.001362   16.193539 ^ _16935_/A2 (sky130_fd_sc_hd__a31oi_4)
     5    0.022988    0.091965    0.094925   16.288464 v _16935_/Y (sky130_fd_sc_hd__a31oi_4)
                                                         _07065_ (net)
                      0.092018    0.000885   16.289349 v _16995_/D (sky130_fd_sc_hd__or4_4)
     3    0.009461    0.064529    0.269781   16.559130 v _16995_/X (sky130_fd_sc_hd__or4_4)
                                                         _07125_ (net)
                      0.064529    0.000208   16.559338 v _16997_/A (sky130_fd_sc_hd__and3_1)
     3    0.008693    0.044825    0.119554   16.678892 v _16997_/X (sky130_fd_sc_hd__and3_1)
                                                         _07127_ (net)
                      0.044825    0.000151   16.679043 v _17007_/A (sky130_fd_sc_hd__or4_4)
     1    0.003157    0.055840    0.315342   16.994385 v _17007_/X (sky130_fd_sc_hd__or4_4)
                                                         _07137_ (net)
                      0.055840    0.000092   16.994478 v _17008_/C (sky130_fd_sc_hd__or4_4)
     3    0.014916    0.071116    0.310099   17.304577 v _17008_/X (sky130_fd_sc_hd__or4_4)
                                                         _07138_ (net)
                      0.071135    0.000888   17.305464 v _17030_/A2 (sky130_fd_sc_hd__a21o_1)
     3    0.009821    0.045111    0.147194   17.452658 v _17030_/X (sky130_fd_sc_hd__a21o_1)
                                                         _07160_ (net)
                      0.045111    0.000231   17.452888 v _17055_/A2 (sky130_fd_sc_hd__a21o_4)
     7    0.033397    0.049631    0.168281   17.621170 v _17055_/X (sky130_fd_sc_hd__a21o_4)
                                                         _07185_ (net)
                      0.049666    0.001204   17.622375 v _17103_/A2 (sky130_fd_sc_hd__a211o_1)
     2    0.006406    0.045423    0.198581   17.820955 v _17103_/X (sky130_fd_sc_hd__a211o_1)
                                                         _07233_ (net)
                      0.045423    0.000135   17.821091 v _17154_/B1 (sky130_fd_sc_hd__o211a_1)
     3    0.008463    0.045405    0.096847   17.917938 v _17154_/X (sky130_fd_sc_hd__o211a_1)
                                                         _07284_ (net)
                      0.045405    0.000147   17.918085 v _17158_/A (sky130_fd_sc_hd__or4_4)
     1    0.005142    0.058916    0.321087   18.239172 v _17158_/X (sky130_fd_sc_hd__or4_4)
                                                         _07288_ (net)
                      0.058917    0.000217   18.239389 v _17161_/B (sky130_fd_sc_hd__or4b_4)
     1    0.003728    0.056864    0.309418   18.548807 v _17161_/X (sky130_fd_sc_hd__or4b_4)
                                                         _07291_ (net)
                      0.056864    0.000123   18.548929 v _17163_/A2 (sky130_fd_sc_hd__o41a_1)
     2    0.016194    0.087231    0.301249   18.850180 v _17163_/X (sky130_fd_sc_hd__o41a_1)
                                                         _07293_ (net)
                      0.087239    0.000917   18.851095 v _17169_/A1 (sky130_fd_sc_hd__a21oi_4)
     4    0.022663    0.149950    0.159462   19.010557 ^ _17169_/Y (sky130_fd_sc_hd__a21oi_4)
                                                         _07299_ (net)
                      0.149961    0.001320   19.011877 ^ _17173_/A1 (sky130_fd_sc_hd__a21oi_4)
     3    0.014297    0.052712    0.048837   19.060715 v _17173_/Y (sky130_fd_sc_hd__a21oi_4)
                                                         _07303_ (net)
                      0.052713    0.000407   19.061121 v _17187_/A3 (sky130_fd_sc_hd__o311a_4)
     3    0.017991    0.055339    0.217907   19.279028 v _17187_/X (sky130_fd_sc_hd__o311a_4)
                                                         _07317_ (net)
                      0.055347    0.000689   19.279718 v _17193_/A3 (sky130_fd_sc_hd__o311a_4)
     8    0.032105    0.067875    0.235556   19.515274 v _17193_/X (sky130_fd_sc_hd__o311a_4)
                                                         _07323_ (net)
                      0.067930    0.001736   19.517010 v _17254_/A (sky130_fd_sc_hd__or3_4)
     4    0.010694    0.052706    0.252170   19.769178 v _17254_/X (sky130_fd_sc_hd__or3_4)
                                                         _07384_ (net)
                      0.052706    0.000153   19.769331 v _17258_/A (sky130_fd_sc_hd__and3_1)
     3    0.008048    0.042816    0.112733   19.882065 v _17258_/X (sky130_fd_sc_hd__and3_1)
                                                         _07388_ (net)
                      0.042816    0.000234   19.882299 v _17267_/B (sky130_fd_sc_hd__or4_4)
     2    0.005158    0.058941    0.306775   20.189074 v _17267_/X (sky130_fd_sc_hd__or4_4)
                                                         _07397_ (net)
                      0.058941    0.000123   20.189198 v _17284_/D (sky130_fd_sc_hd__or4_4)
     3    0.012057    0.067656    0.264141   20.453337 v _17284_/X (sky130_fd_sc_hd__or4_4)
                                                         _07414_ (net)
                      0.067656    0.000540   20.453876 v _17288_/A2 (sky130_fd_sc_hd__a211o_1)
     3    0.012885    0.064836    0.228114   20.681992 v _17288_/X (sky130_fd_sc_hd__a211o_1)
                                                         _07418_ (net)
                      0.064840    0.000570   20.682562 v _17293_/A2 (sky130_fd_sc_hd__a211o_1)
     2    0.006524    0.045809    0.204048   20.886610 v _17293_/X (sky130_fd_sc_hd__a211o_1)
                                                         _07423_ (net)
                      0.045809    0.000108   20.886719 v _17298_/A1 (sky130_fd_sc_hd__a21o_4)
     5    0.024890    0.042824    0.152625   21.039343 v _17298_/X (sky130_fd_sc_hd__a21o_4)
                                                         _07428_ (net)
                      0.042851    0.000927   21.040270 v _17315_/A2 (sky130_fd_sc_hd__a21oi_4)
     4    0.026690    0.168244    0.171834   21.212105 ^ _17315_/Y (sky130_fd_sc_hd__a21oi_4)
                                                         _07445_ (net)
                      0.168248    0.000695   21.212799 ^ fanout411/A (sky130_fd_sc_hd__buf_8)
     6    0.040481    0.057667    0.100215   21.313015 ^ fanout411/X (sky130_fd_sc_hd__buf_8)
                                                         net411 (net)
                      0.057674    0.000684   21.313698 ^ fanout410/A (sky130_fd_sc_hd__buf_8)
     5    0.031812    0.046885    0.082007   21.395706 ^ fanout410/X (sky130_fd_sc_hd__buf_8)
                                                         net410 (net)
                      0.047009    0.001906   21.397612 ^ _17357_/S (sky130_fd_sc_hd__mux2_4)
     4    0.025390    0.061153    0.215104   21.612717 v _17357_/X (sky130_fd_sc_hd__mux2_4)
                                                         _07487_ (net)
                      0.061161    0.000673   21.613390 v _17359_/B (sky130_fd_sc_hd__xnor2_4)
     2    0.007650    0.048127    0.093271   21.706659 v _17359_/Y (sky130_fd_sc_hd__xnor2_4)
                                                         _07489_ (net)
                      0.048127    0.000163   21.706823 v _17364_/A (sky130_fd_sc_hd__or2_4)
     2    0.005488    0.034071    0.157804   21.864628 v _17364_/X (sky130_fd_sc_hd__or2_4)
                                                         _07494_ (net)
                      0.034072    0.000151   21.864779 v _17394_/A (sky130_fd_sc_hd__or4_4)
     2    0.007063    0.061561    0.321743   22.186522 v _17394_/X (sky130_fd_sc_hd__or4_4)
                                                         _07524_ (net)
                      0.061562    0.000220   22.186743 v _17403_/A1 (sky130_fd_sc_hd__a41o_1)
     2    0.008986    0.049031    0.141574   22.328316 v _17403_/X (sky130_fd_sc_hd__a41o_1)
                                                         _07533_ (net)
                      0.049032    0.000313   22.328629 v _17426_/A1 (sky130_fd_sc_hd__a21o_1)
     2    0.008377    0.040547    0.119220   22.447849 v _17426_/X (sky130_fd_sc_hd__a21o_1)
                                                         _07556_ (net)
                      0.040548    0.000297   22.448145 v _17441_/A2 (sky130_fd_sc_hd__a311o_1)
     2    0.005453    0.048679    0.202906   22.651051 v _17441_/X (sky130_fd_sc_hd__a311o_1)
                                                         _07571_ (net)
                      0.048679    0.000083   22.651134 v _17444_/A2 (sky130_fd_sc_hd__a21o_1)
     2    0.010529    0.046030    0.141547   22.792683 v _17444_/X (sky130_fd_sc_hd__a21o_1)
                                                         _07574_ (net)
                      0.046030    0.000275   22.792957 v _17448_/A2 (sky130_fd_sc_hd__a21oi_2)
     1    0.005888    0.080656    0.105404   22.898361 ^ _17448_/Y (sky130_fd_sc_hd__a21oi_2)
                                                         _07578_ (net)
                      0.080656    0.000187   22.898548 ^ fanout409/A (sky130_fd_sc_hd__buf_6)
     6    0.041655    0.068016    0.101913   23.000462 ^ fanout409/X (sky130_fd_sc_hd__buf_6)
                                                         net409 (net)
                      0.068034    0.000913   23.001373 ^ fanout408/A (sky130_fd_sc_hd__buf_8)
     5    0.036077    0.051569    0.088150   23.089523 ^ fanout408/X (sky130_fd_sc_hd__buf_8)
                                                         net408 (net)
                      0.051647    0.001325   23.090849 ^ _17463_/S (sky130_fd_sc_hd__mux2_4)
     4    0.013959    0.048718    0.200686   23.291534 v _17463_/X (sky130_fd_sc_hd__mux2_4)
                                                         _07593_ (net)
                      0.048726    0.000574   23.292109 v _17465_/B (sky130_fd_sc_hd__and2_4)
     1    0.002724    0.020737    0.101329   23.393436 v _17465_/X (sky130_fd_sc_hd__and2_4)
                                                         _07595_ (net)
                      0.020737    0.000055   23.393492 v _17466_/A (sky130_fd_sc_hd__or2_4)
     4    0.015242    0.043998    0.163038   23.556530 v _17466_/X (sky130_fd_sc_hd__or2_4)
                                                         _07596_ (net)
                      0.043999    0.000238   23.556768 v _17479_/A2 (sky130_fd_sc_hd__o311a_4)
     2    0.006416    0.040988    0.224817   23.781586 v _17479_/X (sky130_fd_sc_hd__o311a_4)
                                                         _07609_ (net)
                      0.040988    0.000149   23.781734 v _17535_/A (sky130_fd_sc_hd__and3_1)
     3    0.010725    0.049825    0.116538   23.898272 v _17535_/X (sky130_fd_sc_hd__and3_1)
                                                         _07665_ (net)
                      0.049826    0.000366   23.898638 v _17583_/A (sky130_fd_sc_hd__or4_4)
     1    0.009112    0.064081    0.331090   24.229729 v _17583_/X (sky130_fd_sc_hd__or4_4)
                                                         _07713_ (net)
                      0.064081    0.000268   24.229996 v _17590_/A2 (sky130_fd_sc_hd__a211oi_4)
     5    0.030740    0.291350    0.296296   24.526293 ^ _17590_/Y (sky130_fd_sc_hd__a211oi_4)
                                                         _07720_ (net)
                      0.291449    0.001297   24.527590 ^ clone2/A (sky130_fd_sc_hd__clkbuf_2)
     5    0.030215    0.130014    0.172145   24.699734 ^ clone2/X (sky130_fd_sc_hd__clkbuf_2)
                                                         net935 (net)
                      0.130015    0.000650   24.700384 ^ _17618_/S (sky130_fd_sc_hd__mux2_2)
     4    0.017769    0.062854    0.243260   24.943644 v _17618_/X (sky130_fd_sc_hd__mux2_2)
                                                         _07748_ (net)
                      0.062863    0.000744   24.944389 v _17620_/B (sky130_fd_sc_hd__xnor2_1)
     3    0.007641    0.148579    0.147814   25.092203 ^ _17620_/Y (sky130_fd_sc_hd__xnor2_1)
                                                         _07750_ (net)
                      0.148579    0.000126   25.092329 ^ _17621_/B (sky130_fd_sc_hd__and2_1)
     1    0.009624    0.078972    0.125256   25.217585 ^ _17621_/X (sky130_fd_sc_hd__and2_1)
                                                         _07751_ (net)
                      0.078972    0.000304   25.217890 ^ _17638_/A1 (sky130_fd_sc_hd__a31oi_4)
     4    0.017836    0.068346    0.070759   25.288649 v _17638_/Y (sky130_fd_sc_hd__a31oi_4)
                                                         _07768_ (net)
                      0.068349    0.000831   25.289480 v _17656_/A2 (sky130_fd_sc_hd__o311a_4)
     3    0.009463    0.044515    0.238554   25.528034 v _17656_/X (sky130_fd_sc_hd__o311a_4)
                                                         _07786_ (net)
                      0.044515    0.000362   25.528397 v _17682_/A1 (sky130_fd_sc_hd__a21o_1)
     3    0.010757    0.046435    0.124665   25.653061 v _17682_/X (sky130_fd_sc_hd__a21o_1)
                                                         _07812_ (net)
                      0.046437    0.000366   25.653427 v _17737_/A2 (sky130_fd_sc_hd__a21o_1)
     1    0.004873    0.030096    0.122803   25.776230 v _17737_/X (sky130_fd_sc_hd__a21o_1)
                                                         _07867_ (net)
                      0.030097    0.000142   25.776373 v _17745_/A2 (sky130_fd_sc_hd__a21oi_2)
     1    0.005831    0.080291    0.098774   25.875147 ^ _17745_/Y (sky130_fd_sc_hd__a21oi_2)
                                                         _07875_ (net)
                      0.080291    0.000183   25.875330 ^ fanout403/A (sky130_fd_sc_hd__buf_6)
     7    0.048740    0.077996    0.109063   25.984392 ^ fanout403/X (sky130_fd_sc_hd__buf_6)
                                                         net403 (net)
                      0.078037    0.001458   25.985851 ^ fanout401/A (sky130_fd_sc_hd__buf_12)
     5    0.036670    0.042036    0.085587   26.071438 ^ fanout401/X (sky130_fd_sc_hd__buf_12)
                                                         net401 (net)
                      0.042257    0.002398   26.073835 ^ _17784_/S (sky130_fd_sc_hd__mux2_4)
     3    0.011207    0.045666    0.194149   26.267984 v _17784_/X (sky130_fd_sc_hd__mux2_4)
                                                         _07914_ (net)
                      0.045666    0.000426   26.268410 v _17786_/B (sky130_fd_sc_hd__xnor2_1)
     2    0.007733    0.064892    0.098689   26.367100 v _17786_/Y (sky130_fd_sc_hd__xnor2_1)
                                                         _07916_ (net)
                      0.064892    0.000194   26.367292 v _17789_/A (sky130_fd_sc_hd__or2_4)
     4    0.014010    0.042628    0.177163   26.544456 v _17789_/X (sky130_fd_sc_hd__or2_4)
                                                         _07919_ (net)
                      0.042631    0.000352   26.544807 v _17812_/A1 (sky130_fd_sc_hd__a2111o_1)
     2    0.009260    0.064892    0.245185   26.789993 v _17812_/X (sky130_fd_sc_hd__a2111o_1)
                                                         _07942_ (net)
                      0.064893    0.000325   26.790318 v _17843_/A2 (sky130_fd_sc_hd__a211o_4)
     2    0.013502    0.045203    0.228845   27.019163 v _17843_/X (sky130_fd_sc_hd__a211o_4)
                                                         _07973_ (net)
                      0.045203    0.000520   27.019684 v _17849_/B (sky130_fd_sc_hd__nand3b_4)
     4    0.023026    0.077734    0.081080   27.100763 ^ _17849_/Y (sky130_fd_sc_hd__nand3b_4)
                                                         _07979_ (net)
                      0.077738    0.000924   27.101686 ^ _17873_/A (sky130_fd_sc_hd__nand3_4)
     4    0.021194    0.072079    0.063615   27.165302 v _17873_/Y (sky130_fd_sc_hd__nand3_4)
                                                         _08003_ (net)
                      0.072080    0.000492   27.165794 v _17904_/A1 (sky130_fd_sc_hd__a21o_4)
     6    0.028763    0.045873    0.165658   27.331451 v _17904_/X (sky130_fd_sc_hd__a21o_4)
                                                         _08034_ (net)
                      0.045898    0.000997   27.332449 v _17909_/A1 (sky130_fd_sc_hd__a21oi_4)
     3    0.018744    0.132151    0.131122   27.463570 ^ _17909_/Y (sky130_fd_sc_hd__a21oi_4)
                                                         _08039_ (net)
                      0.132151    0.000393   27.463963 ^ fanout397/A (sky130_fd_sc_hd__buf_6)
     5    0.035513    0.060173    0.102167   27.566130 ^ fanout397/X (sky130_fd_sc_hd__buf_6)
                                                         net397 (net)
                      0.060318    0.002357   27.568487 ^ _17936_/S (sky130_fd_sc_hd__mux2_4)
     4    0.026296    0.062387    0.217682   27.786169 v _17936_/X (sky130_fd_sc_hd__mux2_4)
                                                         _08066_ (net)
                      0.062410    0.001062   27.787231 v _17937_/A (sky130_fd_sc_hd__xnor2_4)
     3    0.012183    0.047303    0.112008   27.899239 v _17937_/Y (sky130_fd_sc_hd__xnor2_4)
                                                         _08067_ (net)
                      0.047303    0.000229   27.899467 v _17961_/A (sky130_fd_sc_hd__or4_4)
     1    0.004455    0.057769    0.319783   28.219252 v _17961_/X (sky130_fd_sc_hd__or4_4)
                                                         _08091_ (net)
                      0.057769    0.000130   28.219381 v _17966_/A1 (sky130_fd_sc_hd__o31a_4)
     6    0.024107    0.056999    0.252761   28.472143 v _17966_/X (sky130_fd_sc_hd__o31a_4)
                                                         _08096_ (net)
                      0.057055    0.001325   28.473469 v _18084_/A1 (sky130_fd_sc_hd__a211o_4)
     2    0.013535    0.045309    0.220831   28.694300 v _18084_/X (sky130_fd_sc_hd__a211o_4)
                                                         _08214_ (net)
                      0.045309    0.000409   28.694708 v _18086_/A2 (sky130_fd_sc_hd__a21oi_4)
     5    0.036348    0.212856    0.205304   28.900013 ^ _18086_/Y (sky130_fd_sc_hd__a21oi_4)
                                                         _08216_ (net)
                      0.212862    0.000863   28.900875 ^ fanout392/A (sky130_fd_sc_hd__buf_8)
     5    0.035868    0.053558    0.098497   28.999372 ^ fanout392/X (sky130_fd_sc_hd__buf_8)
                                                         net392 (net)
                      0.053778    0.002711   29.002083 ^ _18160_/S (sky130_fd_sc_hd__mux2_4)
     3    0.024923    0.060997    0.215737   29.217819 v _18160_/X (sky130_fd_sc_hd__mux2_4)
                                                         _08290_ (net)
                      0.061025    0.001151   29.218971 v _18162_/B (sky130_fd_sc_hd__xnor2_4)
     2    0.010960    0.112496    0.118144   29.337114 ^ _18162_/Y (sky130_fd_sc_hd__xnor2_4)
                                                         _08292_ (net)
                      0.112497    0.000249   29.337364 ^ _18164_/A1 (sky130_fd_sc_hd__o21ai_2)
     3    0.011509    0.049227    0.060343   29.397707 v _18164_/Y (sky130_fd_sc_hd__o21ai_2)
                                                         _08294_ (net)
                      0.049246    0.000266   29.397972 v _18167_/A2 (sky130_fd_sc_hd__a31o_1)
     3    0.009329    0.047798    0.157629   29.555601 v _18167_/X (sky130_fd_sc_hd__a31o_1)
                                                         _08297_ (net)
                      0.047799    0.000274   29.555876 v _18193_/A2 (sky130_fd_sc_hd__a21o_1)
     5    0.018017    0.066889    0.159815   29.715691 v _18193_/X (sky130_fd_sc_hd__a21o_1)
                                                         _08323_ (net)
                      0.066896    0.000711   29.716400 v _18198_/A2 (sky130_fd_sc_hd__a21o_1)
     4    0.018527    0.068255    0.167969   29.884369 v _18198_/X (sky130_fd_sc_hd__a21o_1)
                                                         _08328_ (net)
                      0.068259    0.000558   29.884928 v _18204_/A1 (sky130_fd_sc_hd__a21bo_4)
     4    0.020494    0.041069    0.163368   30.048296 v _18204_/X (sky130_fd_sc_hd__a21bo_4)
                                                         _08334_ (net)
                      0.041076    0.000508   30.048803 v _18259_/A2 (sky130_fd_sc_hd__a21o_1)
     1    0.006868    0.035866    0.127084   30.175888 v _18259_/X (sky130_fd_sc_hd__a21o_1)
                                                         _08389_ (net)
                      0.035867    0.000249   30.176136 v fanout390/A (sky130_fd_sc_hd__buf_6)
     8    0.046081    0.038498    0.098566   30.274702 v fanout390/X (sky130_fd_sc_hd__buf_6)
                                                         net390 (net)
                      0.038528    0.000984   30.275686 v fanout388/A (sky130_fd_sc_hd__clkbuf_2)
     5    0.025584    0.070488    0.113797   30.389484 v fanout388/X (sky130_fd_sc_hd__clkbuf_2)
                                                         net388 (net)
                      0.070512    0.001219   30.390703 v _18363_/S (sky130_fd_sc_hd__mux2_1)
     3    0.022669    0.106598    0.262126   30.652828 v _18363_/X (sky130_fd_sc_hd__mux2_1)
                                                         _08493_ (net)
                      0.106629    0.001712   30.654541 v _18370_/B (sky130_fd_sc_hd__nor2_1)
     3    0.011453    0.156057    0.157769   30.812309 ^ _18370_/Y (sky130_fd_sc_hd__nor2_1)
                                                         _08500_ (net)
                      0.156058    0.000327   30.812637 ^ _18383_/B (sky130_fd_sc_hd__nor2_1)
     2    0.007993    0.053796    0.050701   30.863338 v _18383_/Y (sky130_fd_sc_hd__nor2_1)
                                                         _08513_ (net)
                      0.053796    0.000128   30.863466 v _18384_/C (sky130_fd_sc_hd__and3b_1)
     4    0.020728    0.078917    0.170797   31.034262 v _18384_/X (sky130_fd_sc_hd__and3b_1)
                                                         _08514_ (net)
                      0.078935    0.001123   31.035385 v _18450_/B (sky130_fd_sc_hd__and4_1)
     2    0.009181    0.047363    0.146368   31.181753 v _18450_/X (sky130_fd_sc_hd__and4_1)
                                                         _08580_ (net)
                      0.047365    0.000369   31.182123 v _18451_/A2 (sky130_fd_sc_hd__a21oi_1)
     3    0.010862    0.185563    0.181135   31.363258 ^ _18451_/Y (sky130_fd_sc_hd__a21oi_1)
                                                         _08581_ (net)
                      0.185563    0.000245   31.363503 ^ fanout384/A (sky130_fd_sc_hd__clkbuf_4)
    10    0.041452    0.100629    0.173010   31.536512 ^ fanout384/X (sky130_fd_sc_hd__clkbuf_4)
                                                         net384 (net)
                      0.100641    0.001148   31.537661 ^ _18454_/B (sky130_fd_sc_hd__nand2_4)
     2    0.020702    0.044085    0.050651   31.588312 v _18454_/Y (sky130_fd_sc_hd__nand2_4)
                                                         _08584_ (net)
                      0.044093    0.000465   31.588778 v fanout381/A (sky130_fd_sc_hd__buf_8)
     5    0.032546    0.029152    0.092857   31.681635 v fanout381/X (sky130_fd_sc_hd__buf_8)
                                                         net381 (net)
                      0.029155    0.000451   31.682085 v fanout380/A (sky130_fd_sc_hd__buf_8)
     5    0.036004    0.030731    0.088477   31.770563 v fanout380/X (sky130_fd_sc_hd__buf_8)
                                                         net380 (net)
                      0.030792    0.001208   31.771770 v fanout379/A (sky130_fd_sc_hd__buf_8)
     7    0.032915    0.029158    0.087574   31.859344 v fanout379/X (sky130_fd_sc_hd__buf_8)
                                                         net379 (net)
                      0.029191    0.000885   31.860229 v fanout378/A (sky130_fd_sc_hd__buf_8)
     5    0.030597    0.028272    0.085286   31.945515 v fanout378/X (sky130_fd_sc_hd__buf_8)
                                                         net378 (net)
                      0.028568    0.002171   31.947687 v _18543_/S (sky130_fd_sc_hd__mux2_4)
     3    0.016037    0.051272    0.206231   32.153919 v _18543_/X (sky130_fd_sc_hd__mux2_4)
                                                         _08673_ (net)
                      0.051278    0.000579   32.154495 v _18545_/A (sky130_fd_sc_hd__xnor2_2)
     4    0.010940    0.141233    0.150806   32.305302 ^ _18545_/Y (sky130_fd_sc_hd__xnor2_2)
                                                         _08675_ (net)
                      0.141235    0.000295   32.305599 ^ _18556_/B (sky130_fd_sc_hd__and3_1)
     2    0.005497    0.053012    0.120394   32.425991 ^ _18556_/X (sky130_fd_sc_hd__and3_1)
                                                         _08686_ (net)
                      0.053012    0.000114   32.426105 ^ _18574_/D_N (sky130_fd_sc_hd__or4bb_4)
     2    0.007712    0.062770    0.273797   32.699902 v _18574_/X (sky130_fd_sc_hd__or4bb_4)
                                                         _08704_ (net)
                      0.062771    0.000227   32.700130 v _18646_/B (sky130_fd_sc_hd__or3b_4)
     5    0.031854    0.077255    0.275435   32.975563 v _18646_/X (sky130_fd_sc_hd__or3b_4)
                                                         _08776_ (net)
                      0.077331    0.002135   32.977699 v _18647_/A2 (sky130_fd_sc_hd__a21oi_4)
     4    0.027535    0.172159    0.187441   33.165142 ^ _18647_/Y (sky130_fd_sc_hd__a21oi_4)
                                                         _08777_ (net)
                      0.172159    0.000398   33.165539 ^ fanout377/A (sky130_fd_sc_hd__buf_6)
     5    0.036747    0.062409    0.105249   33.270786 ^ fanout377/X (sky130_fd_sc_hd__buf_6)
                                                         net377 (net)
                      0.062480    0.001688   33.272476 ^ _18656_/A (sky130_fd_sc_hd__nor2_1)
     4    0.023470    0.101801    0.079588   33.352062 v _18656_/Y (sky130_fd_sc_hd__nor2_1)
                                                         _08786_ (net)
                      0.101807    0.000643   33.352707 v fanout373/A (sky130_fd_sc_hd__clkbuf_4)
    10    0.050047    0.076724    0.168022   33.520729 v fanout373/X (sky130_fd_sc_hd__clkbuf_4)
                                                         net373 (net)
                      0.076786    0.001997   33.522724 v _18703_/A1 (sky130_fd_sc_hd__o31a_2)
     4    0.023121    0.070151    0.264834   33.787560 v _18703_/X (sky130_fd_sc_hd__o31a_2)
                                                         _08833_ (net)
                      0.070158    0.000785   33.788345 v _18705_/B (sky130_fd_sc_hd__xnor2_1)
     3    0.008545    0.161292    0.160053   33.948399 ^ _18705_/Y (sky130_fd_sc_hd__xnor2_1)
                                                         _08835_ (net)
                      0.161292    0.000234   33.948631 ^ _18707_/C (sky130_fd_sc_hd__and3_1)
     2    0.006190    0.057804    0.124100   34.072731 ^ _18707_/X (sky130_fd_sc_hd__and3_1)
                                                         _08837_ (net)
                      0.057804    0.000195   34.072926 ^ _18709_/D_N (sky130_fd_sc_hd__or4b_4)
     4    0.027031    0.084723    0.310266   34.383194 v _18709_/X (sky130_fd_sc_hd__or4b_4)
                                                         _08839_ (net)
                      0.084751    0.001375   34.384567 v _18859_/A (sky130_fd_sc_hd__nor2_4)
     6    0.022048    0.115824    0.136584   34.521152 ^ _18859_/Y (sky130_fd_sc_hd__nor2_4)
                                                         _08989_ (net)
                      0.115870    0.000671   34.521824 ^ _18880_/A2 (sky130_fd_sc_hd__a211o_1)
     1    0.003982    0.035774    0.090957   34.612778 ^ _18880_/X (sky130_fd_sc_hd__a211o_1)
                                                         _09010_ (net)
                      0.035774    0.000128   34.612907 ^ fanout368/A (sky130_fd_sc_hd__clkbuf_4)
     9    0.066815    0.154255    0.174342   34.787251 ^ fanout368/X (sky130_fd_sc_hd__clkbuf_4)
                                                         net368 (net)
                      0.154270    0.001275   34.788525 ^ fanout367/A (sky130_fd_sc_hd__buf_6)
    10    0.048903    0.078826    0.116824   34.905350 ^ fanout367/X (sky130_fd_sc_hd__buf_6)
                                                         net367 (net)
                      0.078868    0.001478   34.906826 ^ _18930_/S (sky130_fd_sc_hd__mux2_4)
     5    0.026822    0.062972    0.219064   35.125893 v _18930_/X (sky130_fd_sc_hd__mux2_4)
                                                         _09060_ (net)
                      0.063036    0.001741   35.127632 v _18933_/B (sky130_fd_sc_hd__xnor2_2)
     3    0.013708    0.163974    0.153332   35.280964 ^ _18933_/Y (sky130_fd_sc_hd__xnor2_2)
                                                         _09063_ (net)
                      0.163974    0.000227   35.281189 ^ _18953_/D (sky130_fd_sc_hd__and4_1)
     2    0.020131    0.150894    0.210338   35.491528 ^ _18953_/X (sky130_fd_sc_hd__and4_1)
                                                         _09083_ (net)
                      0.150900    0.001169   35.492699 ^ _18982_/C (sky130_fd_sc_hd__nand4_4)
     3    0.007834    0.066155    0.064048   35.556747 v _18982_/Y (sky130_fd_sc_hd__nand4_4)
                                                         _09112_ (net)
                      0.066155    0.000199   35.556946 v _19017_/A2 (sky130_fd_sc_hd__a2111o_1)
     3    0.012566    0.073964    0.297131   35.854076 v _19017_/X (sky130_fd_sc_hd__a2111o_1)
                                                         _09147_ (net)
                      0.073968    0.000629   35.854706 v _19018_/A1 (sky130_fd_sc_hd__a21o_1)
     4    0.013460    0.053878    0.142332   35.997036 v _19018_/X (sky130_fd_sc_hd__a21o_1)
                                                         _09148_ (net)
                      0.053880    0.000409   35.997444 v _19053_/A1 (sky130_fd_sc_hd__a21oi_1)
     4    0.016140    0.259039    0.220350   36.217796 ^ _19053_/Y (sky130_fd_sc_hd__a21oi_1)
                                                         _09183_ (net)
                      0.259043    0.000842   36.218639 ^ fanout366/A (sky130_fd_sc_hd__buf_2)
    10    0.042904    0.159062    0.193367   36.412006 ^ fanout366/X (sky130_fd_sc_hd__buf_2)
                                                         net366 (net)
                      0.159194    0.003766   36.415771 ^ _19090_/A (sky130_fd_sc_hd__or3b_1)
     3    0.008395    0.064674    0.113111   36.528881 ^ _19090_/X (sky130_fd_sc_hd__or3b_1)
                                                         _09220_ (net)
                      0.064674    0.000256   36.529137 ^ _19096_/A1 (sky130_fd_sc_hd__a21oi_1)
     4    0.012391    0.067070    0.070607   36.599743 v _19096_/Y (sky130_fd_sc_hd__a21oi_1)
                                                         _09226_ (net)
                      0.067071    0.000263   36.600006 v _19108_/A (sky130_fd_sc_hd__or4b_4)
     2    0.009203    0.064302    0.338403   36.938412 v _19108_/X (sky130_fd_sc_hd__or4b_4)
                                                         _09238_ (net)
                      0.064302    0.000188   36.938599 v _19166_/B (sky130_fd_sc_hd__nor4_2)
     1    0.003442    0.139619    0.170296   37.108894 ^ _19166_/Y (sky130_fd_sc_hd__nor4_2)
                                                         _09296_ (net)
                      0.139619    0.000107   37.109001 ^ _19173_/A1 (sky130_fd_sc_hd__a221o_2)
     4    0.021233    0.088239    0.151424   37.260426 ^ _19173_/X (sky130_fd_sc_hd__a221o_2)
                                                         _09303_ (net)
                      0.088252    0.001069   37.261494 ^ _19202_/A2 (sky130_fd_sc_hd__a221o_1)
     4    0.021678    0.161302    0.181899   37.443394 ^ _19202_/X (sky130_fd_sc_hd__a221o_1)
                                                         _09332_ (net)
                      0.161311    0.000984   37.444378 ^ _19233_/A1 (sky130_fd_sc_hd__a41o_4)
     8    0.042076    0.101681    0.193719   37.638096 ^ _19233_/X (sky130_fd_sc_hd__a41o_4)
                                                         _09363_ (net)
                      0.101705    0.001521   37.639618 ^ _19267_/A2 (sky130_fd_sc_hd__a21o_1)
     2    0.012245    0.085447    0.120423   37.760040 ^ _19267_/X (sky130_fd_sc_hd__a21o_1)
                                                         _09397_ (net)
                      0.085448    0.000448   37.760487 ^ fanout360/A (sky130_fd_sc_hd__buf_6)
     5    0.036253    0.060701    0.096804   37.857292 ^ fanout360/X (sky130_fd_sc_hd__buf_6)
                                                         net360 (net)
                      0.060854    0.002437   37.859730 ^ fanout358/A (sky130_fd_sc_hd__buf_8)
     5    0.034016    0.049419    0.084299   37.944027 ^ fanout358/X (sky130_fd_sc_hd__buf_8)
                                                         net358 (net)
                      0.049519    0.001776   37.945805 ^ _19343_/S (sky130_fd_sc_hd__mux2_4)
     3    0.010094    0.044483    0.193772   38.139576 v _19343_/X (sky130_fd_sc_hd__mux2_4)
                                                         _09473_ (net)
                      0.044483    0.000259   38.139835 v _19344_/B (sky130_fd_sc_hd__and2_4)
     2    0.006332    0.024673    0.105679   38.245514 v _19344_/X (sky130_fd_sc_hd__and2_4)
                                                         _09474_ (net)
                      0.024673    0.000139   38.245651 v _19346_/A (sky130_fd_sc_hd__or2_4)
     2    0.007404    0.035955    0.152244   38.397896 v _19346_/X (sky130_fd_sc_hd__or2_4)
                                                         _09476_ (net)
                      0.035955    0.000149   38.398048 v _19354_/D (sky130_fd_sc_hd__or4_4)
     2    0.005785    0.060014    0.245219   38.643265 v _19354_/X (sky130_fd_sc_hd__or4_4)
                                                         _09484_ (net)
                      0.060014    0.000153   38.643417 v _19355_/C (sky130_fd_sc_hd__or4_4)
     4    0.013050    0.068823    0.307818   38.951237 v _19355_/X (sky130_fd_sc_hd__or4_4)
                                                         _09485_ (net)
                      0.068823    0.000394   38.951630 v _19417_/A2 (sky130_fd_sc_hd__a2111o_1)
     3    0.016932    0.087289    0.311928   39.263557 v _19417_/X (sky130_fd_sc_hd__a2111o_1)
                                                         _09547_ (net)
                      0.087301    0.001048   39.264606 v _19448_/A2 (sky130_fd_sc_hd__a2111o_4)
     7    0.035384    0.081108    0.366363   39.630970 v _19448_/X (sky130_fd_sc_hd__a2111o_4)
                                                         _09578_ (net)
                      0.081114    0.000824   39.631794 v _19461_/A (sky130_fd_sc_hd__nand2_4)
     2    0.011837    0.048790    0.063732   39.695526 ^ _19461_/Y (sky130_fd_sc_hd__nand2_4)
                                                         _09591_ (net)
                      0.048791    0.000270   39.695797 ^ fanout357/A (sky130_fd_sc_hd__buf_8)
     5    0.036108    0.051706    0.083325   39.779121 ^ fanout357/X (sky130_fd_sc_hd__buf_8)
                                                         net357 (net)
                      0.051852    0.002199   39.781322 ^ fanout355/A (sky130_fd_sc_hd__buf_8)
     5    0.034805    0.050245    0.083027   39.864349 ^ fanout355/X (sky130_fd_sc_hd__buf_8)
                                                         net355 (net)
                      0.050375    0.002036   39.866383 ^ _19507_/S (sky130_fd_sc_hd__mux2_4)
     4    0.025975    0.061805    0.216367   40.082752 v _19507_/X (sky130_fd_sc_hd__mux2_4)
                                                         _09637_ (net)
                      0.061820    0.000885   40.083633 v _19510_/A (sky130_fd_sc_hd__xnor2_4)
     3    0.010753    0.046912    0.109644   40.193279 v _19510_/Y (sky130_fd_sc_hd__xnor2_4)
                                                         _09640_ (net)
                      0.046931    0.000334   40.193615 v _19528_/A (sky130_fd_sc_hd__or4_4)
     1    0.004283    0.057456    0.319176   40.512791 v _19528_/X (sky130_fd_sc_hd__or4_4)
                                                         _09658_ (net)
                      0.057457    0.000149   40.512939 v _19529_/C1 (sky130_fd_sc_hd__a211o_1)
     3    0.007109    0.047914    0.125898   40.638836 v _19529_/X (sky130_fd_sc_hd__a211o_1)
                                                         _09659_ (net)
                      0.047914    0.000178   40.639015 v _19562_/A2 (sky130_fd_sc_hd__a2111o_1)
     4    0.017990    0.090576    0.308379   40.947392 v _19562_/X (sky130_fd_sc_hd__a2111o_1)
                                                         _09692_ (net)
                      0.090583    0.000867   40.948257 v _19596_/A2 (sky130_fd_sc_hd__a2111o_1)
     3    0.010249    0.067431    0.297177   41.245438 v _19596_/X (sky130_fd_sc_hd__a2111o_1)
                                                         _09726_ (net)
                      0.067431    0.000227   41.245663 v _19631_/A2 (sky130_fd_sc_hd__a21bo_1)
     3    0.012984    0.054051    0.163372   41.409035 v _19631_/X (sky130_fd_sc_hd__a21bo_1)
                                                         _09761_ (net)
                      0.054051    0.000306   41.409340 v _19642_/A2 (sky130_fd_sc_hd__a21o_1)
     3    0.013067    0.052739    0.150095   41.559437 v _19642_/X (sky130_fd_sc_hd__a21o_1)
                                                         _09772_ (net)
                      0.052740    0.000281   41.559715 v fanout352/A (sky130_fd_sc_hd__buf_6)
     5    0.022111    0.026118    0.092921   41.652637 v fanout352/X (sky130_fd_sc_hd__buf_6)
                                                         net352 (net)
                      0.026162    0.000949   41.653587 v _19667_/A1 (sky130_fd_sc_hd__a21o_1)
     3    0.007796    0.038740    0.108564   41.762150 v _19667_/X (sky130_fd_sc_hd__a21o_1)
                                                         _09797_ (net)
                      0.038741    0.000217   41.762367 v _19704_/C (sky130_fd_sc_hd__and3_1)
     3    0.008424    0.043999    0.133003   41.895370 v _19704_/X (sky130_fd_sc_hd__and3_1)
                                                         _09834_ (net)
                      0.043999    0.000185   41.895554 v _19714_/B (sky130_fd_sc_hd__or4_4)
     3    0.009235    0.064193    0.315936   42.211491 v _19714_/X (sky130_fd_sc_hd__or4_4)
                                                         _09844_ (net)
                      0.064193    0.000139   42.211628 v _19719_/C (sky130_fd_sc_hd__or4_4)
     5    0.121583    0.170105    0.428646   42.640274 v _19719_/X (sky130_fd_sc_hd__or4_4)
                                                         _09849_ (net)
                      0.170141    0.002085   42.642361 v _19723_/C1 (sky130_fd_sc_hd__o2111ai_4)
     5    0.022371    0.203921    0.143874   42.786236 ^ _19723_/Y (sky130_fd_sc_hd__o2111ai_4)
                                                         _09853_ (net)
                      0.203921    0.000526   42.786758 ^ _19783_/C (sky130_fd_sc_hd__nand3_4)
     5    0.028816    0.086146    0.083674   42.870434 v _19783_/Y (sky130_fd_sc_hd__nand3_4)
                                                         _09913_ (net)
                      0.086180    0.001315   42.871750 v _19852_/A2 (sky130_fd_sc_hd__a2111o_4)
     7    0.040375    0.086596    0.372783   43.244530 v _19852_/X (sky130_fd_sc_hd__a2111o_4)
                                                         _09982_ (net)
                      0.086605    0.000941   43.245472 v _19881_/A (sky130_fd_sc_hd__nand2_8)
     5    0.036203    0.066751    0.081801   43.327274 ^ _19881_/Y (sky130_fd_sc_hd__nand2_8)
                                                         _10011_ (net)
                      0.066754    0.000696   43.327969 ^ fanout347/A (sky130_fd_sc_hd__buf_8)
     5    0.033624    0.048805    0.085780   43.413750 ^ fanout347/X (sky130_fd_sc_hd__buf_8)
                                                         net347 (net)
                      0.048871    0.001094   43.414845 ^ _19942_/S (sky130_fd_sc_hd__mux2_4)
     4    0.025813    0.061835    0.215792   43.630638 v _19942_/X (sky130_fd_sc_hd__mux2_4)
                                                         _10072_ (net)
                      0.061862    0.001133   43.631771 v _19943_/A (sky130_fd_sc_hd__xnor2_4)
     4    0.013921    0.053856    0.113953   43.745724 v _19943_/Y (sky130_fd_sc_hd__xnor2_4)
                                                         _10073_ (net)
                      0.053856    0.000277   43.745998 v _19954_/B (sky130_fd_sc_hd__or4_4)
     2    0.007645    0.062295    0.315701   44.061703 v _19954_/X (sky130_fd_sc_hd__or4_4)
                                                         _10084_ (net)
                      0.062296    0.000199   44.061901 v _19958_/A2 (sky130_fd_sc_hd__o31a_1)
     2    0.013902    0.066521    0.215451   44.277351 v _19958_/X (sky130_fd_sc_hd__o31a_1)
                                                         _10088_ (net)
                      0.066522    0.000401   44.277752 v _20023_/A2 (sky130_fd_sc_hd__o2111ai_4)
     6    0.037996    0.273715    0.248399   44.526150 ^ _20023_/Y (sky130_fd_sc_hd__o2111ai_4)
                                                         _10153_ (net)
                      0.273719    0.001954   44.528107 ^ _20056_/C (sky130_fd_sc_hd__nand3_4)
     6    0.024799    0.087872    0.079538   44.607643 v _20056_/Y (sky130_fd_sc_hd__nand3_4)
                                                         _10186_ (net)
                      0.087875    0.000554   44.608196 v _20091_/A (sky130_fd_sc_hd__nand2_4)
     1    0.008130    0.042340    0.059668   44.667866 ^ _20091_/Y (sky130_fd_sc_hd__nand2_4)
                                                         _10221_ (net)
                      0.042340    0.000249   44.668114 ^ fanout343/A (sky130_fd_sc_hd__buf_8)
     7    0.048720    0.066069    0.092864   44.760979 ^ fanout343/X (sky130_fd_sc_hd__buf_8)
                                                         net343 (net)
                      0.066080    0.000703   44.761681 ^ fanout342/A (sky130_fd_sc_hd__buf_6)
    10    0.061812    0.096852    0.119428   44.881111 ^ fanout342/X (sky130_fd_sc_hd__buf_6)
                                                         net342 (net)
                      0.097032    0.003396   44.884506 ^ _20098_/S (sky130_fd_sc_hd__mux2_4)
     4    0.017298    0.052959    0.209141   45.093647 v _20098_/X (sky130_fd_sc_hd__mux2_4)
                                                         _10228_ (net)
                      0.052974    0.000856   45.094505 v _20101_/B (sky130_fd_sc_hd__xnor2_1)
     1    0.004686    0.051050    0.090772   45.185276 v _20101_/Y (sky130_fd_sc_hd__xnor2_1)
                                                         _10231_ (net)
                      0.051050    0.000139   45.185413 v _20102_/A (sky130_fd_sc_hd__inv_2)
     3    0.013419    0.050601    0.061043   45.246456 ^ _20102_/Y (sky130_fd_sc_hd__inv_2)
                                                         _10232_ (net)
                      0.050620    0.000309   45.246765 ^ _20121_/A1 (sky130_fd_sc_hd__o211ai_2)
     4    0.016805    0.078917    0.084494   45.331261 v _20121_/Y (sky130_fd_sc_hd__o211ai_2)
                                                         _10251_ (net)
                      0.078923    0.000508   45.331768 v _20156_/A3 (sky130_fd_sc_hd__a31o_4)
     3    0.014348    0.036861    0.181494   45.513264 v _20156_/X (sky130_fd_sc_hd__a31o_4)
                                                         _10286_ (net)
                      0.036869    0.000544   45.513805 v _20217_/A2 (sky130_fd_sc_hd__a221o_4)
     8    0.039031    0.068804    0.257490   45.771297 v _20217_/X (sky130_fd_sc_hd__a221o_4)
                                                         _10353_ (net)
                      0.068883    0.002082   45.773376 v _20303_/A2 (sky130_fd_sc_hd__a21o_1)
     3    0.014541    0.056896    0.158838   45.932217 v _20303_/X (sky130_fd_sc_hd__a21o_1)
                                                         _10448_ (net)
                      0.056897    0.000352   45.932568 v fanout339/A (sky130_fd_sc_hd__buf_8)
     6    0.044494    0.035883    0.103778   46.036346 v fanout339/X (sky130_fd_sc_hd__buf_8)
                                                         net339 (net)
                      0.036267    0.002888   46.039234 v fanout338/A (sky130_fd_sc_hd__buf_8)
     5    0.030511    0.028114    0.088530   46.127766 v fanout338/X (sky130_fd_sc_hd__buf_8)
                                                         net338 (net)
                      0.028187    0.001251   46.129013 v _20359_/S (sky130_fd_sc_hd__mux2_4)
     3    0.007722    0.041952    0.191761   46.320778 v _20359_/X (sky130_fd_sc_hd__mux2_4)
                                                         _10509_ (net)
                      0.041952    0.000181   46.320957 v _20361_/B (sky130_fd_sc_hd__and2_4)
     2    0.011827    0.029079    0.111434   46.432392 v _20361_/X (sky130_fd_sc_hd__and2_4)
                                                         _10512_ (net)
                      0.029086    0.000412   46.432804 v _20362_/B (sky130_fd_sc_hd__nor2_4)
     2    0.008217    0.062006    0.058709   46.491512 ^ _20362_/Y (sky130_fd_sc_hd__nor2_4)
                                                         _10513_ (net)
                      0.062006    0.000156   46.491669 ^ _20363_/C_N (sky130_fd_sc_hd__or3b_4)
     1    0.004045    0.045874    0.224038   46.715706 v _20363_/X (sky130_fd_sc_hd__or3b_4)
                                                         _10514_ (net)
                      0.045874    0.000099   46.715805 v _20364_/C (sky130_fd_sc_hd__or4_4)
     5    0.016478    0.072838    0.310386   47.026192 v _20364_/X (sky130_fd_sc_hd__or4_4)
                                                         _10515_ (net)
                      0.072839    0.000586   47.026779 v _20427_/A2 (sky130_fd_sc_hd__a2111o_4)
     6    0.025869    0.071463    0.349495   47.376274 v _20427_/X (sky130_fd_sc_hd__a2111o_4)
                                                         _10584_ (net)
                      0.071509    0.001069   47.377342 v _20484_/A1 (sky130_fd_sc_hd__a2111oi_1)
     2    0.008345    0.359287    0.338396   47.715740 ^ _20484_/Y (sky130_fd_sc_hd__a2111oi_1)
                                                         _10647_ (net)
                      0.359287    0.000242   47.715981 ^ fanout335/A (sky130_fd_sc_hd__clkbuf_2)
    10    0.035867    0.152741    0.188699   47.904678 ^ fanout335/X (sky130_fd_sc_hd__clkbuf_2)
                                                         net335 (net)
                      0.152761    0.001450   47.906128 ^ _20580_/B (sky130_fd_sc_hd__or3_1)
     3    0.008451    0.064834    0.109896   48.016026 ^ _20580_/X (sky130_fd_sc_hd__or3_1)
                                                         _10752_ (net)
                      0.064834    0.000249   48.016273 ^ _20582_/A2 (sky130_fd_sc_hd__a21oi_1)
     4    0.010827    0.077001    0.069399   48.085670 v _20582_/Y (sky130_fd_sc_hd__a21oi_1)
                                                         _10755_ (net)
                      0.077003    0.000323   48.085995 v _20593_/A (sky130_fd_sc_hd__or4b_4)
     1    0.003585    0.056732    0.328509   48.414505 v _20593_/X (sky130_fd_sc_hd__or4b_4)
                                                         _10767_ (net)
                      0.056733    0.000114   48.414619 v _20594_/A (sky130_fd_sc_hd__or4_4)
     2    0.009657    0.064717    0.334477   48.749096 v _20594_/X (sky130_fd_sc_hd__or4_4)
                                                         _10768_ (net)
                      0.064717    0.000355   48.749451 v _20595_/C (sky130_fd_sc_hd__or4_4)
     2    0.007703    0.062354    0.298421   49.047871 v _20595_/X (sky130_fd_sc_hd__or4_4)
                                                         _10769_ (net)
                      0.062354    0.000139   49.048008 v _20675_/A2 (sky130_fd_sc_hd__o221a_4)
     4    0.016182    0.044070    0.180030   49.228039 v _20675_/X (sky130_fd_sc_hd__o221a_4)
                                                         _10857_ (net)
                      0.044074    0.000433   49.228474 v _20704_/A1 (sky130_fd_sc_hd__a211o_4)
     5    0.033394    0.064783    0.241172   49.469646 v _20704_/X (sky130_fd_sc_hd__a211o_4)
                                                         _10889_ (net)
                      0.064791    0.000774   49.470421 v _20765_/A (sky130_fd_sc_hd__nand2_4)
     2    0.017397    0.057211    0.066329   49.536751 ^ _20765_/Y (sky130_fd_sc_hd__nand2_4)
                                                         _10956_ (net)
                      0.057214    0.000494   49.537243 ^ fanout330/A (sky130_fd_sc_hd__buf_8)
     6    0.039504    0.055357    0.088789   49.626034 ^ fanout330/X (sky130_fd_sc_hd__buf_8)
                                                         net330 (net)
                      0.055412    0.001055   49.627087 ^ fanout329/A (sky130_fd_sc_hd__buf_12)
     6    0.046214    0.049509    0.086658   49.713745 ^ fanout329/X (sky130_fd_sc_hd__buf_12)
                                                         net329 (net)
                      0.049697    0.002441   49.716187 ^ clone51/A (sky130_fd_sc_hd__clkbuf_2)
     5    0.027614    0.118196    0.133163   49.849350 ^ clone51/X (sky130_fd_sc_hd__clkbuf_2)
                                                         net984 (net)
                      0.118199    0.000473   49.849823 ^ _20918_/A2 (sky130_fd_sc_hd__o21a_1)
     3    0.017584    0.127807    0.145810   49.995632 ^ _20918_/X (sky130_fd_sc_hd__o21a_1)
                                                         _11123_ (net)
                      0.127858    0.000995   49.996628 ^ _20920_/B (sky130_fd_sc_hd__or2_4)
     5    0.015291    0.046461    0.106972   50.103600 ^ _20920_/X (sky130_fd_sc_hd__or2_4)
                                                         _11125_ (net)
                      0.046461    0.000284   50.103882 ^ _20922_/A (sky130_fd_sc_hd__nand2_1)
     3    0.011367    0.053093    0.056104   50.159988 v _20922_/Y (sky130_fd_sc_hd__nand2_1)
                                                         _11128_ (net)
                      0.053094    0.000220   50.160210 v _20923_/D (sky130_fd_sc_hd__or4_4)
     2    0.006628    0.060994    0.251191   50.411400 v _20923_/X (sky130_fd_sc_hd__or4_4)
                                                         _11129_ (net)
                      0.060994    0.000192   50.411591 v _20956_/C (sky130_fd_sc_hd__or3_4)
     2    0.011678    0.053779    0.214516   50.626106 v _20956_/X (sky130_fd_sc_hd__or3_4)
                                                         _11165_ (net)
                      0.053779    0.000306   50.626411 v _20966_/A1 (sky130_fd_sc_hd__o31ai_4)
     2    0.015804    0.199924    0.225622   50.852036 ^ _20966_/Y (sky130_fd_sc_hd__o31ai_4)
                                                         _11176_ (net)
                      0.199925    0.000785   50.852821 ^ wire327/A (sky130_fd_sc_hd__buf_6)
     5    0.032637    0.056928    0.102808   50.955627 ^ wire327/X (sky130_fd_sc_hd__buf_6)
                                                         net327 (net)
                      0.056942    0.000846   50.956474 ^ _20973_/A2 (sky130_fd_sc_hd__a21o_4)
     5    0.033408    0.075301    0.114959   51.071434 ^ _20973_/X (sky130_fd_sc_hd__a21o_4)
                                                         _11184_ (net)
                      0.075308    0.000785   51.072220 ^ fanout326/A (sky130_fd_sc_hd__buf_12)
     5    0.037562    0.042712    0.085642   51.157860 ^ fanout326/X (sky130_fd_sc_hd__buf_12)
                                                         net326 (net)
                      0.042913    0.002313   51.160172 ^ _20982_/B2 (sky130_fd_sc_hd__a22oi_1)
     1    0.005004    0.088238    0.044921   51.205093 v _20982_/Y (sky130_fd_sc_hd__a22oi_1)
                                                         _11194_ (net)
                      0.088238    0.000153   51.205246 v _20986_/A (sky130_fd_sc_hd__xnor2_1)
     2    0.008236    0.064789    0.120309   51.325554 v _20986_/Y (sky130_fd_sc_hd__xnor2_1)
                                                         _11198_ (net)
                      0.064811    0.000114   51.325668 v _20987_/A1 (sky130_fd_sc_hd__o31a_1)
     2    0.010267    0.056700    0.217469   51.543137 v _20987_/X (sky130_fd_sc_hd__o31a_1)
                                                         _11199_ (net)
                      0.056701    0.000302   51.543438 v _20989_/A1 (sky130_fd_sc_hd__o21ba_4)
     3    0.010619    0.031781    0.151399   51.694839 v _20989_/X (sky130_fd_sc_hd__o21ba_4)
                                                         _11201_ (net)
                      0.031801    0.000334   51.695171 v _20999_/A2 (sky130_fd_sc_hd__o22ai_2)
     3    0.010125    0.124974    0.118433   51.813606 ^ _20999_/Y (sky130_fd_sc_hd__o22ai_2)
                                                         _11212_ (net)
                      0.124974    0.000384   51.813988 ^ _21030_/A1 (sky130_fd_sc_hd__a41o_1)
     4    0.020490    0.150218    0.184961   51.998951 ^ _21030_/X (sky130_fd_sc_hd__a41o_1)
                                                         _11245_ (net)
                      0.150222    0.000984   51.999935 ^ _21062_/A2 (sky130_fd_sc_hd__a221o_2)
     5    0.028093    0.113454    0.170431   52.170364 ^ _21062_/X (sky130_fd_sc_hd__a221o_2)
                                                         _11280_ (net)
                      0.113468    0.001013   52.171379 ^ _21132_/A1 (sky130_fd_sc_hd__a41o_4)
     5    0.041559    0.101698    0.184219   52.355598 ^ _21132_/X (sky130_fd_sc_hd__a41o_4)
                                                         _11356_ (net)
                      0.101911    0.003279   52.358875 ^ _21197_/A2 (sky130_fd_sc_hd__a21o_1)
     1    0.008039    0.059183    0.101554   52.460430 ^ _21197_/X (sky130_fd_sc_hd__a21o_1)
                                                         _11426_ (net)
                      0.059183    0.000242   52.460670 ^ fanout323/A (sky130_fd_sc_hd__buf_8)
     7    0.058151    0.076349    0.104556   52.565228 ^ fanout323/X (sky130_fd_sc_hd__buf_8)
                                                         net323 (net)
                      0.076364    0.000874   52.566101 ^ fanout322/A (sky130_fd_sc_hd__buf_12)
     5    0.029702    0.036493    0.081133   52.647236 ^ fanout322/X (sky130_fd_sc_hd__buf_12)
                                                         net322 (net)
                      0.036624    0.001489   52.648724 ^ _21271_/S (sky130_fd_sc_hd__mux2_4)
     4    0.015385    0.050455    0.199989   52.848713 v _21271_/X (sky130_fd_sc_hd__mux2_4)
                                                         _11507_ (net)
                      0.050462    0.000572   52.849285 v _21272_/B (sky130_fd_sc_hd__xnor2_1)
     3    0.011124    0.073825    0.112152   52.961437 v _21272_/Y (sky130_fd_sc_hd__xnor2_1)
                                                         _11508_ (net)
                      0.073851    0.000163   52.961601 v _21278_/C (sky130_fd_sc_hd__nor4_1)
     2    0.020702    0.591777    0.488310   53.449909 ^ _21278_/Y (sky130_fd_sc_hd__nor4_1)
                                                         _11514_ (net)
                      0.591777    0.000320   53.450230 ^ _21289_/A1 (sky130_fd_sc_hd__a211o_1)
     3    0.016415    0.114161    0.142126   53.592358 ^ _21289_/X (sky130_fd_sc_hd__a211o_1)
                                                         _11526_ (net)
                      0.114161    0.000448   53.592804 ^ _21319_/A2 (sky130_fd_sc_hd__a221o_2)
     4    0.020231    0.084656    0.145228   53.738033 ^ _21319_/X (sky130_fd_sc_hd__a221o_2)
                                                         _11558_ (net)
                      0.084665    0.000892   53.738926 ^ _21349_/B1 (sky130_fd_sc_hd__a221o_2)
     6    0.033231    0.132045    0.166736   53.905659 ^ _21349_/X (sky130_fd_sc_hd__a221o_2)
                                                         _11591_ (net)
                      0.132114    0.001428   53.907089 ^ _21412_/A2 (sky130_fd_sc_hd__a21o_1)
     3    0.010183    0.072504    0.115055   54.022144 ^ _21412_/X (sky130_fd_sc_hd__a21o_1)
                                                         _11660_ (net)
                      0.072504    0.000217   54.022358 ^ _21417_/A1 (sky130_fd_sc_hd__a31o_1)
     1    0.006285    0.053937    0.097724   54.120083 ^ _21417_/X (sky130_fd_sc_hd__a31o_1)
                                                         _11665_ (net)
                      0.053937    0.000206   54.120289 ^ fanout318/A (sky130_fd_sc_hd__buf_6)
     7    0.056436    0.089147    0.112230   54.232521 ^ fanout318/X (sky130_fd_sc_hd__buf_6)
                                                         net318 (net)
                      0.089153    0.000608   54.233128 ^ fanout316/A (sky130_fd_sc_hd__clkbuf_4)
    10    0.058926    0.137019    0.178524   54.411652 ^ fanout316/X (sky130_fd_sc_hd__clkbuf_4)
                                                         net316 (net)
                      0.137240    0.004501   54.416153 ^ _21549_/S (sky130_fd_sc_hd__mux2_2)
     4    0.032315    0.089995    0.267331   54.683483 v _21549_/X (sky130_fd_sc_hd__mux2_2)
                                                         _11808_ (net)
                      0.090182    0.003599   54.687084 v _21552_/B (sky130_fd_sc_hd__xnor2_1)
     3    0.011279    0.078237    0.128139   54.815224 v _21552_/Y (sky130_fd_sc_hd__xnor2_1)
                                                         _11812_ (net)
                      0.078238    0.000224   54.815445 v _21565_/B (sky130_fd_sc_hd__or4b_1)
     1    0.003637    0.057223    0.298151   55.113598 v _21565_/X (sky130_fd_sc_hd__or4b_1)
                                                         _11825_ (net)
                      0.057223    0.000110   55.113708 v _21566_/C (sky130_fd_sc_hd__or3_4)
     4    0.019909    0.063794    0.227534   55.341240 v _21566_/X (sky130_fd_sc_hd__or3_4)
                                                         _11826_ (net)
                      0.063794    0.000810   55.342052 v _21570_/A1 (sky130_fd_sc_hd__a21o_4)
     7    0.032884    0.049199    0.166239   55.508289 v _21570_/X (sky130_fd_sc_hd__a21o_4)
                                                         _11830_ (net)
                      0.049210    0.000735   55.509026 v _21578_/A1 (sky130_fd_sc_hd__a21o_2)
     8    0.031317    0.070962    0.170822   55.679848 v _21578_/X (sky130_fd_sc_hd__a21o_2)
                                                         _11838_ (net)
                      0.070967    0.000664   55.680511 v _21640_/A (sky130_fd_sc_hd__and3_1)
     1    0.005123    0.034148    0.110610   55.791122 v _21640_/X (sky130_fd_sc_hd__and3_1)
                                                         _11904_ (net)
                      0.034148    0.000195   55.791317 v fanout311/A (sky130_fd_sc_hd__clkbuf_2)
     5    0.034894    0.093290    0.129408   55.920723 v fanout311/X (sky130_fd_sc_hd__clkbuf_2)
                                                         net311 (net)
                      0.093298    0.000902   55.921627 v _21647_/A1 (sky130_fd_sc_hd__o31ai_4)
     5    0.031470    0.302841    0.317296   56.238922 ^ _21647_/Y (sky130_fd_sc_hd__o31ai_4)
                                                         _11912_ (net)
                      0.302946    0.001542   56.240463 ^ _21780_/B (sky130_fd_sc_hd__xnor2_2)
     3    0.013561    0.078742    0.070003   56.310467 v _21780_/Y (sky130_fd_sc_hd__xnor2_2)
                                                         _12058_ (net)
                      0.078746    0.000476   56.310944 v _21803_/A (sky130_fd_sc_hd__nor4_2)
     2    0.008214    0.206056    0.241702   56.552647 ^ _21803_/Y (sky130_fd_sc_hd__nor4_2)
                                                         _12084_ (net)
                      0.206056    0.000160   56.552803 ^ max_cap304/A (sky130_fd_sc_hd__buf_1)
     2    0.009559    0.089160    0.099956   56.652760 ^ max_cap304/X (sky130_fd_sc_hd__buf_1)
                                                         net304 (net)
                      0.089160    0.000171   56.652931 ^ _21828_/A1 (sky130_fd_sc_hd__a21o_1)
     3    0.020645    0.138472    0.150841   56.803772 ^ _21828_/X (sky130_fd_sc_hd__a21o_1)
                                                         _12111_ (net)
                      0.138490    0.001332   56.805103 ^ _21861_/B (sky130_fd_sc_hd__nand4_2)
     6    0.017728    0.104584    0.112113   56.917217 v _21861_/Y (sky130_fd_sc_hd__nand4_2)
                                                         _12148_ (net)
                      0.104621    0.000444   56.917660 v _21917_/A_N (sky130_fd_sc_hd__nand2b_2)
     2    0.031519    0.093635    0.191662   57.109322 v _21917_/Y (sky130_fd_sc_hd__nand2b_2)
                                                         _12209_ (net)
                      0.093647    0.000906   57.110229 v fanout302/A (sky130_fd_sc_hd__buf_2)
    10    0.052164    0.087409    0.163787   57.274017 v fanout302/X (sky130_fd_sc_hd__buf_2)
                                                         net302 (net)
                      0.087548    0.002455   57.276470 v _21949_/A2 (sky130_fd_sc_hd__a311o_1)
     3    0.010986    0.067051    0.242483   57.518955 v _21949_/X (sky130_fd_sc_hd__a311o_1)
                                                         _12244_ (net)
                      0.067054    0.000544   57.519497 v _21952_/C (sky130_fd_sc_hd__and3_1)
     2    0.005818    0.036105    0.135586   57.655083 v _21952_/X (sky130_fd_sc_hd__and3_1)
                                                         _12248_ (net)
                      0.036106    0.000178   57.655262 v _21961_/C (sky130_fd_sc_hd__or4b_4)
     3    0.011887    0.067481    0.299465   57.954727 v _21961_/X (sky130_fd_sc_hd__or4b_4)
                                                         _12258_ (net)
                      0.067481    0.000508   57.955235 v _21976_/D (sky130_fd_sc_hd__or4_4)
     3    0.010949    0.066295    0.264762   58.219997 v _21976_/X (sky130_fd_sc_hd__or4_4)
                                                         _12274_ (net)
                      0.066295    0.000238   58.220234 v _22001_/A2 (sky130_fd_sc_hd__a2111o_1)
     4    0.014499    0.079630    0.303540   58.523777 v _22001_/X (sky130_fd_sc_hd__a2111o_1)
                                                         _12302_ (net)
                      0.079631    0.000398   58.524174 v _22061_/A2 (sky130_fd_sc_hd__a2111o_4)
     7    0.035508    0.081499    0.363645   58.887817 v _22061_/X (sky130_fd_sc_hd__a2111o_4)
                                                         _12368_ (net)
                      0.081596    0.002490   58.890308 v _22173_/A2 (sky130_fd_sc_hd__o21ba_4)
     3    0.023429    0.043221    0.160334   59.050644 v _22173_/X (sky130_fd_sc_hd__o21ba_4)
                                                         _12491_ (net)
                      0.043270    0.001272   59.051914 v fanout296/A (sky130_fd_sc_hd__buf_8)
     5    0.026710    0.026287    0.089411   59.141327 v fanout296/X (sky130_fd_sc_hd__buf_8)
                                                         net296 (net)
                      0.026530    0.001844   59.143169 v _22192_/A (sky130_fd_sc_hd__nand2_1)
     1    0.005891    0.054757    0.049990   59.193161 ^ _22192_/Y (sky130_fd_sc_hd__nand2_1)
                                                         _12512_ (net)
                      0.054757    0.000224   59.193386 ^ fanout294/A (sky130_fd_sc_hd__clkbuf_4)
     9    0.050986    0.120355    0.157652   59.351036 ^ fanout294/X (sky130_fd_sc_hd__clkbuf_4)
                                                         net294 (net)
                      0.120402    0.000632   59.351669 ^ fanout293/A (sky130_fd_sc_hd__buf_8)
    10    0.061809    0.080943    0.113779   59.465446 ^ fanout293/X (sky130_fd_sc_hd__buf_8)
                                                         net293 (net)
                      0.081076    0.002657   59.468105 ^ _22207_/S (sky130_fd_sc_hd__mux2_2)
     4    0.017152    0.061745    0.236970   59.705074 v _22207_/X (sky130_fd_sc_hd__mux2_2)
                                                         _12528_ (net)
                      0.061752    0.000647   59.705723 v _22210_/B (sky130_fd_sc_hd__xnor2_1)
     3    0.011667    0.078917    0.118455   59.824177 v _22210_/Y (sky130_fd_sc_hd__xnor2_1)
                                                         _12531_ (net)
                      0.078944    0.000263   59.824440 v _22225_/A (sky130_fd_sc_hd__or3b_4)
     3    0.016777    0.062011    0.275797   60.100235 v _22225_/X (sky130_fd_sc_hd__or3b_4)
                                                         _12548_ (net)
                      0.062045    0.000355   60.100590 v _22258_/A2 (sky130_fd_sc_hd__o311a_4)
     5    0.026821    0.062989    0.263078   60.363670 v _22258_/X (sky130_fd_sc_hd__o311a_4)
                                                         _12584_ (net)
                      0.063047    0.001251   60.364922 v _22310_/A1 (sky130_fd_sc_hd__o211a_1)
     1    0.004584    0.033742    0.155005   60.519924 v _22310_/X (sky130_fd_sc_hd__o211a_1)
                                                         _12641_ (net)
                      0.033745    0.000163   60.520088 v fanout289/A (sky130_fd_sc_hd__clkbuf_2)
     5    0.029036    0.078898    0.118327   60.638416 v fanout289/X (sky130_fd_sc_hd__clkbuf_2)
                                                         net289 (net)
                      0.078899    0.000448   60.638863 v fanout288/A (sky130_fd_sc_hd__clkbuf_4)
    10    0.049072    0.075861    0.156369   60.795231 v fanout288/X (sky130_fd_sc_hd__clkbuf_4)
                                                         net288 (net)
                      0.075879    0.001251   60.796482 v _22432_/A (sky130_fd_sc_hd__nand2_1)
     2    0.011911    0.090212    0.098204   60.894688 ^ _22432_/Y (sky130_fd_sc_hd__nand2_1)
                                                         _12776_ (net)
                      0.090213    0.000263   60.894951 ^ fanout285/A (sky130_fd_sc_hd__clkbuf_2)
     5    0.026073    0.112191    0.138009   61.032959 ^ fanout285/X (sky130_fd_sc_hd__clkbuf_2)
                                                         net285 (net)
                      0.112237    0.000846   61.033802 ^ _22503_/S (sky130_fd_sc_hd__mux2_2)
     5    0.023997    0.073760    0.252264   61.286068 v _22503_/X (sky130_fd_sc_hd__mux2_2)
                                                         _12854_ (net)
                      0.073791    0.001421   61.287487 v _22505_/B1 (sky130_fd_sc_hd__o221ai_2)
     3    0.009369    0.138320    0.146166   61.433655 ^ _22505_/Y (sky130_fd_sc_hd__o221ai_2)
                                                         _12856_ (net)
                      0.138320    0.000377   61.434032 ^ _22543_/C_N (sky130_fd_sc_hd__or4bb_4)
     3    0.008012    0.063142    0.330424   61.764454 v _22543_/X (sky130_fd_sc_hd__or4bb_4)
                                                         _12898_ (net)
                      0.063142    0.000178   61.764633 v _22547_/A1 (sky130_fd_sc_hd__a21o_1)
     4    0.017656    0.065838    0.148368   61.913002 v _22547_/X (sky130_fd_sc_hd__a21o_1)
                                                         _12902_ (net)
                      0.065848    0.000789   61.913788 v _22582_/A2 (sky130_fd_sc_hd__a211o_4)
     5    0.030365    0.062003    0.250289   62.164078 v _22582_/X (sky130_fd_sc_hd__a211o_4)
                                                         _12941_ (net)
                      0.062121    0.002338   62.166416 v _22643_/A2 (sky130_fd_sc_hd__o221a_4)
     1    0.011552    0.038713    0.172278   62.338696 v _22643_/X (sky130_fd_sc_hd__o221a_4)
                                                         _13008_ (net)
                      0.038740    0.000540   62.339233 v fanout281/A (sky130_fd_sc_hd__buf_8)
     8    0.047292    0.037596    0.097110   62.436344 v fanout281/X (sky130_fd_sc_hd__buf_8)
                                                         net281 (net)
                      0.037908    0.002800   62.439144 v _22773_/A (sky130_fd_sc_hd__nand2_2)
     3    0.020517    0.090974    0.081933   62.521076 ^ _22773_/Y (sky130_fd_sc_hd__nand2_2)
                                                         _13151_ (net)
                      0.090979    0.000512   62.521587 ^ fanout275/A (sky130_fd_sc_hd__buf_8)
     5    0.031402    0.046806    0.087049   62.608635 ^ fanout275/X (sky130_fd_sc_hd__buf_8)
                                                         net275 (net)
                      0.046959    0.002110   62.610748 ^ _22784_/S (sky130_fd_sc_hd__mux2_2)
     4    0.016357    0.060526    0.230841   62.841587 v _22784_/X (sky130_fd_sc_hd__mux2_2)
                                                         _13163_ (net)
                      0.060533    0.000632   62.842220 v _22786_/B (sky130_fd_sc_hd__xnor2_1)
     3    0.014830    0.098831    0.128715   62.970936 v _22786_/Y (sky130_fd_sc_hd__xnor2_1)
                                                         _13165_ (net)
                      0.098859    0.000362   62.971298 v _22806_/A2 (sky130_fd_sc_hd__a311oi_2)
     2    0.006365    0.172049    0.203563   63.174862 ^ _22806_/Y (sky130_fd_sc_hd__a311oi_2)
                                                         _13187_ (net)
                      0.172049    0.000163   63.175026 ^ _22870_/A (sky130_fd_sc_hd__and3_1)
     4    0.014972    0.117987    0.169216   63.344238 ^ _22870_/X (sky130_fd_sc_hd__and3_1)
                                                         _13257_ (net)
                      0.117988    0.000590   63.344830 ^ _22897_/C (sky130_fd_sc_hd__or3_4)
     3    0.011964    0.036872    0.103263   63.448093 ^ _22897_/X (sky130_fd_sc_hd__or3_4)
                                                         _13287_ (net)
                      0.036876    0.000426   63.448521 ^ _22929_/A2 (sky130_fd_sc_hd__a21o_1)
     4    0.016963    0.114990    0.129909   63.578426 ^ _22929_/X (sky130_fd_sc_hd__a21o_1)
                                                         _13322_ (net)
                      0.115028    0.000583   63.579010 ^ _22958_/A2 (sky130_fd_sc_hd__a21oi_2)
     2    0.013637    0.050497    0.061320   63.640331 v _22958_/Y (sky130_fd_sc_hd__a21oi_2)
                                                         _13354_ (net)
                      0.050509    0.000576   63.640907 v fanout271/A (sky130_fd_sc_hd__buf_6)
     6    0.045067    0.038298    0.103569   63.744476 v fanout271/X (sky130_fd_sc_hd__buf_6)
                                                         net271 (net)
                      0.038621    0.002800   63.747272 v _23358_/B (sky130_fd_sc_hd__or4b_4)
     5    0.025392    0.083323    0.344244   64.091515 v _23358_/X (sky130_fd_sc_hd__or4b_4)
                                                         _13794_ (net)
                      0.083352    0.002068   64.093582 v rebuffer147/A (sky130_fd_sc_hd__buf_6)
     1    0.008646    0.018573    0.095959   64.189545 v rebuffer147/X (sky130_fd_sc_hd__buf_6)
                                                         net1080 (net)
                      0.018573    0.000277   64.189819 v _23362_/C (sky130_fd_sc_hd__nor4_4)
     2    0.007569    0.163001    0.152973   64.342796 ^ _23362_/Y (sky130_fd_sc_hd__nor4_4)
                                                         _13799_ (net)
                      0.163001    0.000192   64.342987 ^ wire258/A (sky130_fd_sc_hd__clkbuf_1)
     3    0.007197    0.069443    0.086430   64.429413 ^ wire258/X (sky130_fd_sc_hd__clkbuf_1)
                                                         net258 (net)
                      0.069443    0.000185   64.429604 ^ _23374_/A2 (sky130_fd_sc_hd__a21oi_1)
     2    0.005117    0.037634    0.050846   64.480446 v _23374_/Y (sky130_fd_sc_hd__a21oi_1)
                                                         _13812_ (net)
                      0.037634    0.000135   64.480583 v _23386_/A (sky130_fd_sc_hd__or4b_4)
     2    0.006317    0.060831    0.322871   64.803452 v _23386_/X (sky130_fd_sc_hd__or4b_4)
                                                         _13825_ (net)
                      0.060832    0.000178   64.803635 v _23387_/A (sky130_fd_sc_hd__or3_4)
     3    0.008555    0.050401    0.245805   65.049438 v _23387_/X (sky130_fd_sc_hd__or3_4)
                                                         _13826_ (net)
                      0.050401    0.000192   65.049629 v _23388_/A (sky130_fd_sc_hd__or3_4)
     3    0.010964    0.053016    0.246679   65.296310 v _23388_/X (sky130_fd_sc_hd__or3_4)
                                                         _13827_ (net)
                      0.053016    0.000306   65.296616 v _23395_/D (sky130_fd_sc_hd__or4_4)
     2    0.023708    0.081697    0.282562   65.579178 v _23395_/X (sky130_fd_sc_hd__or4_4)
                                                         _13835_ (net)
                      0.081720    0.001826   65.581001 v _23396_/B1 (sky130_fd_sc_hd__a311o_4)
     4    0.028655    0.069029    0.197289   65.778290 v _23396_/X (sky130_fd_sc_hd__a311o_4)
                                                         _13836_ (net)
                      0.069046    0.001080   65.779373 v fanout256/A (sky130_fd_sc_hd__buf_8)
     8    0.031416    0.028361    0.103277   65.882645 v fanout256/X (sky130_fd_sc_hd__buf_8)
                                                         net256 (net)
                      0.028411    0.001052   65.883698 v _23597_/S (sky130_fd_sc_hd__mux2_4)
     4    0.029515    0.065457    0.222713   66.106415 v _23597_/X (sky130_fd_sc_hd__mux2_4)
                                                         _14057_ (net)
                      0.065459    0.000526   66.106934 v _23599_/B (sky130_fd_sc_hd__or2_4)
     3    0.011209    0.039658    0.159545   66.266479 v _23599_/X (sky130_fd_sc_hd__or2_4)
                                                         _14059_ (net)
                      0.039658    0.000171   66.266655 v _23608_/B (sky130_fd_sc_hd__or4b_4)
     1    0.002829    0.055565    0.300673   66.567329 v _23608_/X (sky130_fd_sc_hd__or4b_4)
                                                         _14069_ (net)
                      0.055565    0.000085   66.567413 v _23609_/C (sky130_fd_sc_hd__or4_4)
     6    0.017867    0.074732    0.316234   66.883644 v _23609_/X (sky130_fd_sc_hd__or4_4)
                                                         _14070_ (net)
                      0.074734    0.000455   66.884102 v _23723_/C (sky130_fd_sc_hd__or4b_4)
     2    0.005976    0.060353    0.299444   67.183548 v _23723_/X (sky130_fd_sc_hd__or4b_4)
                                                         _14196_ (net)
                      0.060353    0.000171   67.183716 v _23725_/B (sky130_fd_sc_hd__or3_4)
     2    0.013004    0.055242    0.241542   67.425255 v _23725_/X (sky130_fd_sc_hd__or3_4)
                                                         _14198_ (net)
                      0.055242    0.000426   67.425682 v fanout249/A (sky130_fd_sc_hd__buf_8)
     5    0.034831    0.030474    0.098545   67.524231 v fanout249/X (sky130_fd_sc_hd__buf_8)
                                                         net249 (net)
                      0.030476    0.000348   67.524574 v fanout248/A (sky130_fd_sc_hd__clkbuf_4)
    10    0.048855    0.074587    0.137163   67.661743 v fanout248/X (sky130_fd_sc_hd__clkbuf_4)
                                                         net248 (net)
                      0.074656    0.002039   67.663780 v _23926_/S (sky130_fd_sc_hd__mux2_1)
     4    0.013308    0.075760    0.235787   67.899567 v _23926_/X (sky130_fd_sc_hd__mux2_1)
                                                         _14419_ (net)
                      0.075762    0.000490   67.900055 v _23979_/B1 (sky130_fd_sc_hd__o22ai_1)
     2    0.006230    0.125940    0.129162   68.029221 ^ _23979_/Y (sky130_fd_sc_hd__o22ai_1)
                                                         _14477_ (net)
                      0.125942    0.000149   68.029366 ^ _23980_/B (sky130_fd_sc_hd__nand2b_1)
     1    0.010140    0.062041    0.073165   68.102531 v _23980_/Y (sky130_fd_sc_hd__nand2b_1)
                                                         _14478_ (net)
                      0.062065    0.000362   68.102898 v _23982_/A1 (sky130_fd_sc_hd__o311ai_4)
     3    0.018917    0.247459    0.266986   68.369881 ^ _23982_/Y (sky130_fd_sc_hd__o311ai_4)
                                                         _14481_ (net)
                      0.247460    0.000689   68.370567 ^ _23983_/D_N (sky130_fd_sc_hd__or4b_1)
     1    0.003018    0.053925    0.244647   68.615219 v _23983_/X (sky130_fd_sc_hd__or4b_1)
                                                         _14482_ (net)
                      0.053925    0.000092   68.615311 v _23990_/B (sky130_fd_sc_hd__nand3_1)
     2    0.006102    0.070027    0.079332   68.694641 ^ _23990_/Y (sky130_fd_sc_hd__nand3_1)
                                                         _14489_ (net)
                      0.070027    0.000142   68.694786 ^ _23992_/C1 (sky130_fd_sc_hd__a211o_1)
     1    0.004815    0.041031    0.068511   68.763290 ^ _23992_/X (sky130_fd_sc_hd__a211o_1)
                                                         _14492_ (net)
                      0.041031    0.000178   68.763474 ^ fanout244/A (sky130_fd_sc_hd__clkbuf_2)
     5    0.028145    0.120405    0.131855   68.895325 ^ fanout244/X (sky130_fd_sc_hd__clkbuf_2)
                                                         net244 (net)
                      0.120423    0.001222   68.896545 ^ fanout242/A (sky130_fd_sc_hd__buf_2)
     5    0.032609    0.122373    0.154884   69.051430 ^ fanout242/X (sky130_fd_sc_hd__buf_2)
                                                         net242 (net)
                      0.122434    0.001329   69.052765 ^ fanout241/A (sky130_fd_sc_hd__buf_6)
    10    0.049874    0.080193    0.115875   69.168640 ^ fanout241/X (sky130_fd_sc_hd__buf_6)
                                                         net241 (net)
                      0.080413    0.003389   69.172028 ^ _24023_/S (sky130_fd_sc_hd__mux2_1)
     4    0.021471    0.102539    0.256826   69.428856 v _24023_/X (sky130_fd_sc_hd__mux2_1)
                                                         _14526_ (net)
                      0.102557    0.001343   69.430199 v _24026_/B (sky130_fd_sc_hd__xnor2_1)
     3    0.012130    0.212076    0.209894   69.640091 ^ _24026_/Y (sky130_fd_sc_hd__xnor2_1)
                                                         _14529_ (net)
                      0.212077    0.000398   69.640488 ^ _24035_/B (sky130_fd_sc_hd__nand4_1)
     1    0.008558    0.092995    0.096939   69.737427 v _24035_/Y (sky130_fd_sc_hd__nand4_1)
                                                         _14539_ (net)
                      0.092998    0.000405   69.737831 v _24036_/B1 (sky130_fd_sc_hd__a211o_1)
     4    0.015347    0.071879    0.184436   69.922264 v _24036_/X (sky130_fd_sc_hd__a211o_1)
                                                         _14540_ (net)
                      0.071880    0.000398   69.922668 v _24092_/A1 (sky130_fd_sc_hd__a2111o_1)
     3    0.015104    0.081537    0.275335   70.197998 v _24092_/X (sky130_fd_sc_hd__a2111o_1)
                                                         _14602_ (net)
                      0.081542    0.000753   70.198753 v _24124_/A1 (sky130_fd_sc_hd__a31o_4)
     5    0.024245    0.045116    0.178673   70.377426 v _24124_/X (sky130_fd_sc_hd__a31o_4)
                                                         _14637_ (net)
                      0.045173    0.001123   70.378548 v _24158_/A1 (sky130_fd_sc_hd__a21oi_4)
     3    0.020365    0.139507    0.136559   70.515106 ^ _24158_/Y (sky130_fd_sc_hd__a21oi_4)
                                                         _14674_ (net)
                      0.139507    0.000405   70.515511 ^ fanout239/A (sky130_fd_sc_hd__buf_4)
    10    0.034435    0.077386    0.128594   70.644104 ^ fanout239/X (sky130_fd_sc_hd__buf_4)
                                                         net239 (net)
                      0.077465    0.001513   70.645622 ^ _24242_/A (sky130_fd_sc_hd__nor2_1)
     2    0.014161    0.079308    0.062229   70.707848 v _24242_/Y (sky130_fd_sc_hd__nor2_1)
                                                         _14767_ (net)
                      0.079310    0.000377   70.708229 v fanout237/A (sky130_fd_sc_hd__clkbuf_4)
    10    0.052883    0.080125    0.161656   70.869881 v fanout237/X (sky130_fd_sc_hd__clkbuf_4)
                                                         net237 (net)
                      0.080214    0.002416   70.872299 v _24250_/A2 (sky130_fd_sc_hd__a21oi_2)
     4    0.012253    0.127005    0.153356   71.025658 ^ _24250_/Y (sky130_fd_sc_hd__a21oi_2)
                                                         _14775_ (net)
                      0.127005    0.000270   71.025925 ^ _24252_/C_N (sky130_fd_sc_hd__or3b_4)
     2    0.009184    0.052846    0.242814   71.268738 v _24252_/X (sky130_fd_sc_hd__or3b_4)
                                                         _14778_ (net)
                      0.052846    0.000448   71.269188 v _24274_/B (sky130_fd_sc_hd__or4_4)
     3    0.012856    0.068602    0.326132   71.595322 v _24274_/X (sky130_fd_sc_hd__or4_4)
                                                         _14802_ (net)
                      0.068602    0.000554   71.595871 v _24301_/A2 (sky130_fd_sc_hd__a21o_1)
     4    0.013193    0.053110    0.155424   71.751297 v _24301_/X (sky130_fd_sc_hd__a21o_1)
                                                         _14832_ (net)
                      0.053110    0.000263   71.751556 v _24365_/A2 (sky130_fd_sc_hd__a2111o_4)
     6    0.032574    0.078246    0.352017   72.103577 v _24365_/X (sky130_fd_sc_hd__a2111o_4)
                                                         _14902_ (net)
                      0.078264    0.001123   72.104698 v _24442_/A1 (sky130_fd_sc_hd__a21oi_4)
     9    0.045003    0.252935    0.234451   72.339149 ^ _24442_/Y (sky130_fd_sc_hd__a21oi_4)
                                                         _14987_ (net)
                      0.252953    0.001705   72.340858 ^ _24503_/B (sky130_fd_sc_hd__or3_1)
     3    0.013753    0.100020    0.140901   72.481758 ^ _24503_/X (sky130_fd_sc_hd__or3_1)
                                                         _15054_ (net)
                      0.100022    0.000604   72.482361 ^ _24507_/A1 (sky130_fd_sc_hd__a21oi_1)
     4    0.012730    0.073353    0.079787   72.562149 v _24507_/Y (sky130_fd_sc_hd__a21oi_1)
                                                         _15058_ (net)
                      0.073355    0.000320   72.562469 v _24517_/A (sky130_fd_sc_hd__or4_4)
     2    0.007679    0.062345    0.335888   72.898354 v _24517_/X (sky130_fd_sc_hd__or4_4)
                                                         _15069_ (net)
                      0.062345    0.000213   72.898567 v _24529_/A1 (sky130_fd_sc_hd__o32a_4)
     3    0.012009    0.046668    0.245301   73.143867 v _24529_/X (sky130_fd_sc_hd__o32a_4)
                                                         _15082_ (net)
                      0.046668    0.000441   73.144310 v _24555_/A2 (sky130_fd_sc_hd__a2111o_1)
     3    0.010366    0.067647    0.282988   73.427299 v _24555_/X (sky130_fd_sc_hd__a2111o_1)
                                                         _15111_ (net)
                      0.067647    0.000142   73.427437 v _24586_/A1 (sky130_fd_sc_hd__a21o_1)
     3    0.013355    0.053623    0.139678   73.567116 v _24586_/X (sky130_fd_sc_hd__a21o_1)
                                                         _00264_ (net)
                      0.053628    0.000547   73.567665 v _24621_/A1 (sky130_fd_sc_hd__a21bo_1)
     5    0.019896    0.073775    0.158373   73.726036 v _24621_/X (sky130_fd_sc_hd__a21bo_1)
                                                         _00303_ (net)
                      0.073787    0.000931   73.726967 v _24726_/A1 (sky130_fd_sc_hd__a21oi_1)
     2    0.011608    0.195999    0.183064   73.910034 ^ _24726_/Y (sky130_fd_sc_hd__a21oi_1)
                                                         _00418_ (net)
                      0.196002    0.000647   73.910675 ^ fanout227/A (sky130_fd_sc_hd__buf_2)
    10    0.037974    0.141608    0.175874   74.086555 ^ fanout227/X (sky130_fd_sc_hd__buf_2)
                                                         net227 (net)
                      0.141618    0.001002   74.087555 ^ _24811_/B (sky130_fd_sc_hd__or3_4)
     4    0.012674    0.040635    0.109807   74.197365 ^ _24811_/X (sky130_fd_sc_hd__or3_4)
                                                         _00512_ (net)
                      0.040637    0.000306   74.197670 ^ rebuffer108/A (sky130_fd_sc_hd__buf_1)
     1    0.002668    0.031217    0.052893   74.250557 ^ rebuffer108/X (sky130_fd_sc_hd__buf_1)
                                                         net1041 (net)
                      0.031217    0.000078   74.250641 ^ _24815_/A1 (sky130_fd_sc_hd__a21oi_1)
     3    0.009182    0.062279    0.052360   74.303001 v _24815_/Y (sky130_fd_sc_hd__a21oi_1)
                                                         _00516_ (net)
                      0.062280    0.000178   74.303177 v _24826_/A (sky130_fd_sc_hd__or4_4)
     1    0.004356    0.057637    0.324420   74.627594 v _24826_/X (sky130_fd_sc_hd__or4_4)
                                                         _00528_ (net)
                      0.057637    0.000149   74.627747 v _24827_/A (sky130_fd_sc_hd__or4_4)
     3    0.009639    0.064675    0.334751   74.962494 v _24827_/X (sky130_fd_sc_hd__or4_4)
                                                         _00529_ (net)
                      0.064675    0.000263   74.962761 v _24859_/B (sky130_fd_sc_hd__or3_4)
     2    0.011902    0.054023    0.241123   75.203880 v _24859_/X (sky130_fd_sc_hd__or3_4)
                                                         _00564_ (net)
                      0.054023    0.000227   75.204109 v _24956_/A3 (sky130_fd_sc_hd__o31ai_4)
     3    0.015552    0.198652    0.177216   75.381325 ^ _24956_/Y (sky130_fd_sc_hd__o31ai_4)
                                                         _00671_ (net)
                      0.198653    0.000604   75.381927 ^ max_cap213/A (sky130_fd_sc_hd__buf_6)
     5    0.027589    0.050022    0.097664   75.479591 ^ max_cap213/X (sky130_fd_sc_hd__buf_6)
                                                         net213 (net)
                      0.050030    0.000625   75.480217 ^ _25231_/A2 (sky130_fd_sc_hd__a211o_1)
     1    0.006794    0.052733    0.091894   75.572113 ^ _25231_/X (sky130_fd_sc_hd__a211o_1)
                                                         _00973_ (net)
                      0.052733    0.000242   75.572357 ^ fanout212/A (sky130_fd_sc_hd__buf_6)
     7    0.049821    0.079691    0.105224   75.677582 ^ fanout212/X (sky130_fd_sc_hd__buf_6)
                                                         net212 (net)
                      0.079871    0.003070   75.680649 ^ clone23/A (sky130_fd_sc_hd__dlymetal6s2s_1)
     5    0.040886    0.312295    0.263519   75.944168 ^ clone23/X (sky130_fd_sc_hd__dlymetal6s2s_1)
                                                         net956 (net)
                      0.312312    0.001947   75.946114 ^ _25239_/S (sky130_fd_sc_hd__mux2_2)
     3    0.021394    0.069162    0.252648   76.198761 v _25239_/X (sky130_fd_sc_hd__mux2_2)
                                                         _00981_ (net)
                      0.069227    0.001904   76.200668 v _25240_/B (sky130_fd_sc_hd__nor2_1)
     2    0.005617    0.087769    0.093365   76.294029 ^ _25240_/Y (sky130_fd_sc_hd__nor2_1)
                                                         _00982_ (net)
                      0.087769    0.000085   76.294113 ^ _25253_/B1 (sky130_fd_sc_hd__a31o_1)
     2    0.008689    0.069353    0.087013   76.381126 ^ _25253_/X (sky130_fd_sc_hd__a31o_1)
                                                         _00997_ (net)
                      0.069353    0.000263   76.381393 ^ _25254_/A2 (sky130_fd_sc_hd__a21o_1)
     5    0.025479    0.169125    0.174083   76.555473 ^ _25254_/X (sky130_fd_sc_hd__a21o_1)
                                                         _00998_ (net)
                      0.169130    0.000846   76.556320 ^ _25317_/A1 (sky130_fd_sc_hd__a221o_2)
     5    0.029678    0.119297    0.176833   76.733154 ^ _25317_/X (sky130_fd_sc_hd__a221o_2)
                                                         _01067_ (net)
                      0.119308    0.001194   76.734344 ^ _25382_/A (sky130_fd_sc_hd__nand3_4)
     6    0.030130    0.086051    0.085244   76.819588 v _25382_/Y (sky130_fd_sc_hd__nand3_4)
                                                         _01139_ (net)
                      0.086065    0.000838   76.820427 v _25448_/A1 (sky130_fd_sc_hd__a21oi_2)
     5    0.023737    0.221131    0.217646   77.038078 ^ _25448_/Y (sky130_fd_sc_hd__a21oi_2)
                                                         _01211_ (net)
                      0.221134    0.000725   77.038803 ^ _25491_/A (sky130_fd_sc_hd__nor2_1)
     3    0.021123    0.102694    0.107114   77.145912 v _25491_/Y (sky130_fd_sc_hd__nor2_1)
                                                         _01259_ (net)
                      0.102709    0.000966   77.146881 v _25572_/A1 (sky130_fd_sc_hd__o31a_1)
     5    0.019196    0.081922    0.255618   77.402496 v _25572_/X (sky130_fd_sc_hd__o31a_1)
                                                         _01347_ (net)
                      0.081932    0.000909   77.403412 v _25574_/B (sky130_fd_sc_hd__and2_1)
     2    0.005573    0.033185    0.125134   77.528542 v _25574_/X (sky130_fd_sc_hd__and2_1)
                                                         _01349_ (net)
                      0.033185    0.000092   77.528633 v _25579_/A2 (sky130_fd_sc_hd__o311a_1)
     1    0.008222    0.056324    0.221164   77.749802 v _25579_/X (sky130_fd_sc_hd__o311a_1)
                                                         _01354_ (net)
                      0.056325    0.000242   77.750038 v _25590_/A3 (sky130_fd_sc_hd__o31ai_4)
     5    0.024267    0.255135    0.222634   77.972672 ^ _25590_/Y (sky130_fd_sc_hd__o31ai_4)
                                                         _01366_ (net)
                      0.255135    0.000732   77.973404 ^ _25626_/A1 (sky130_fd_sc_hd__a31o_4)
     6    0.033703    0.089349    0.153214   78.126617 ^ _25626_/X (sky130_fd_sc_hd__a31o_4)
                                                         _01406_ (net)
                      0.089473    0.002196   78.128815 ^ _25657_/A2 (sky130_fd_sc_hd__a21o_1)
     3    0.017091    0.116032    0.139956   78.268768 ^ _25657_/X (sky130_fd_sc_hd__a21o_1)
                                                         _01440_ (net)
                      0.116069    0.000448   78.269218 ^ _25804_/A2 (sky130_fd_sc_hd__a31o_1)
     1    0.005118    0.046362    0.104244   78.373466 ^ _25804_/X (sky130_fd_sc_hd__a31o_1)
                                                         _01602_ (net)
                      0.046362    0.000099   78.373566 ^ fanout205/A (sky130_fd_sc_hd__buf_6)
     6    0.044285    0.071493    0.098929   78.472488 ^ fanout205/X (sky130_fd_sc_hd__buf_6)
                                                         net205 (net)
                      0.071531    0.001350   78.473839 ^ fanout203/A (sky130_fd_sc_hd__buf_8)
     5    0.032895    0.048228    0.085940   78.559784 ^ fanout203/X (sky130_fd_sc_hd__buf_8)
                                                         net203 (net)
                      0.048350    0.001926   78.561707 ^ fanout202/A (sky130_fd_sc_hd__buf_8)
     5    0.034740    0.050123    0.082444   78.644150 ^ fanout202/X (sky130_fd_sc_hd__buf_8)
                                                         net202 (net)
                      0.050133    0.000568   78.644722 ^ _25852_/S (sky130_fd_sc_hd__mux2_4)
     5    0.021445    0.057407    0.211443   78.856163 v _25852_/X (sky130_fd_sc_hd__mux2_4)
                                                         _01655_ (net)
                      0.057411    0.000867   78.857033 v _25857_/B (sky130_fd_sc_hd__xnor2_1)
     2    0.007339    0.061930    0.102013   78.959045 v _25857_/Y (sky130_fd_sc_hd__xnor2_1)
                                                         _01660_ (net)
                      0.061930    0.000270   78.959312 v _25891_/A (sky130_fd_sc_hd__or4b_4)
     2    0.007256    0.061926    0.332676   79.291992 v _25891_/X (sky130_fd_sc_hd__or4b_4)
                                                         _01697_ (net)
                      0.061926    0.000263   79.292252 v _25894_/A2 (sky130_fd_sc_hd__a21o_1)
     1    0.004798    0.029937    0.128104   79.420357 v _25894_/X (sky130_fd_sc_hd__a21o_1)
                                                         _01700_ (net)
                      0.029938    0.000171   79.420525 v _25895_/A2 (sky130_fd_sc_hd__a21o_1)
     4    0.014020    0.055467    0.143416   79.563942 v _25895_/X (sky130_fd_sc_hd__a21o_1)
                                                         _01701_ (net)
                      0.055468    0.000362   79.564301 v _25948_/A1 (sky130_fd_sc_hd__a311o_1)
     2    0.013168    0.073389    0.205191   79.769493 v _25948_/X (sky130_fd_sc_hd__a311o_1)
                                                         _01759_ (net)
                      0.073396    0.000782   79.770279 v _26270_/A2 (sky130_fd_sc_hd__a21o_1)
     1    0.004969    0.030392    0.132609   79.902885 v _26270_/X (sky130_fd_sc_hd__a21o_1)
                                                         _02112_ (net)
                      0.030393    0.000149   79.903030 v fanout196/A (sky130_fd_sc_hd__buf_6)
     8    0.050939    0.042486    0.096087   79.999123 v fanout196/X (sky130_fd_sc_hd__buf_6)
                                                         net196 (net)
                      0.042539    0.001293   80.000412 v fanout195/A (sky130_fd_sc_hd__buf_8)
     7    0.037741    0.032261    0.094040   80.094452 v fanout195/X (sky130_fd_sc_hd__buf_8)
                                                         net195 (net)
                      0.032291    0.000824   80.095276 v _26371_/A (sky130_fd_sc_hd__nand2_1)
     1    0.008269    0.071210    0.063487   80.158768 ^ _26371_/Y (sky130_fd_sc_hd__nand2_1)
                                                         _02224_ (net)
                      0.071210    0.000348   80.159111 ^ fanout192/A (sky130_fd_sc_hd__buf_6)
    10    0.061477    0.096335    0.120245   80.279358 ^ fanout192/X (sky130_fd_sc_hd__buf_6)
                                                         net192 (net)
                      0.096450    0.002721   80.282082 ^ fanout191/A (sky130_fd_sc_hd__buf_4)
    10    0.058258    0.124443    0.153406   80.435486 ^ fanout191/X (sky130_fd_sc_hd__buf_4)
                                                         net191 (net)
                      0.124655    0.004199   80.439682 ^ _26494_/S (sky130_fd_sc_hd__mux2_2)
     5    0.020792    0.067979    0.248299   80.687988 v _26494_/X (sky130_fd_sc_hd__mux2_2)
                                                         _02358_ (net)
                      0.067996    0.001044   80.689026 v _26497_/B (sky130_fd_sc_hd__xnor2_1)
     3    0.009590    0.176018    0.170147   80.859177 ^ _26497_/Y (sky130_fd_sc_hd__xnor2_1)
                                                         _02361_ (net)
                      0.176018    0.000171   80.859344 ^ _26506_/D_N (sky130_fd_sc_hd__or4b_4)
     1    0.003416    0.056392    0.275740   81.135086 v _26506_/X (sky130_fd_sc_hd__or4b_4)
                                                         _02371_ (net)
                      0.056392    0.000099   81.135185 v _26710_/C (sky130_fd_sc_hd__or4_4)
     4    0.045032    0.104011    0.352522   81.487709 v _26710_/X (sky130_fd_sc_hd__or4_4)
                                                         _02594_ (net)
                      0.104267    0.004512   81.492218 v _26803_/A2 (sky130_fd_sc_hd__o311ai_4)
     3    0.017251    0.237016    0.259718   81.751938 ^ _26803_/Y (sky130_fd_sc_hd__o311ai_4)
                                                         _02697_ (net)
                      0.237016    0.000391   81.752327 ^ _26805_/C1 (sky130_fd_sc_hd__a2111o_1)
     1    0.005463    0.046830    0.082998   81.835327 ^ _26805_/X (sky130_fd_sc_hd__a2111o_1)
                                                         _02699_ (net)
                      0.046830    0.000163   81.835487 ^ fanout186/A (sky130_fd_sc_hd__buf_6)
     6    0.045986    0.073889    0.100627   81.936119 ^ fanout186/X (sky130_fd_sc_hd__buf_6)
                                                         net186 (net)
                      0.073983    0.002132   81.938248 ^ fanout184/A (sky130_fd_sc_hd__buf_8)
     8    0.047583    0.064869    0.098822   82.037071 ^ fanout184/X (sky130_fd_sc_hd__buf_8)
                                                         net184 (net)
                      0.065019    0.002515   82.039589 ^ clone59/A (sky130_fd_sc_hd__clkbuf_2)
     5    0.025573    0.110005    0.131266   82.170853 ^ clone59/X (sky130_fd_sc_hd__clkbuf_2)
                                                         net992 (net)
                      0.110044    0.000526   82.171379 ^ _26887_/S (sky130_fd_sc_hd__mux2_1)
     3    0.012515    0.073369    0.232390   82.403770 v _26887_/X (sky130_fd_sc_hd__mux2_1)
                                                         _02788_ (net)
                      0.073371    0.000519   82.404289 v _26889_/B (sky130_fd_sc_hd__xnor2_1)
     2    0.008944    0.166903    0.165464   82.569748 ^ _26889_/Y (sky130_fd_sc_hd__xnor2_1)
                                                         _02790_ (net)
                      0.166904    0.000249   82.570000 ^ _26890_/A (sky130_fd_sc_hd__inv_2)
     3    0.019085    0.058518    0.052353   82.622353 v _26890_/Y (sky130_fd_sc_hd__inv_2)
                                                         _02791_ (net)
                      0.058526    0.000512   82.622864 v _26907_/A2 (sky130_fd_sc_hd__a311oi_4)
     5    0.018318    0.254285    0.253664   82.876526 ^ _26907_/Y (sky130_fd_sc_hd__a311oi_4)
                                                         _02810_ (net)
                      0.254286    0.000796   82.877327 ^ _26908_/C (sky130_fd_sc_hd__nor3_2)
     4    0.019807    0.083185    0.066905   82.944229 v _26908_/Y (sky130_fd_sc_hd__nor3_2)
                                                         _02811_ (net)
                      0.083188    0.000362   82.944588 v _26968_/A2 (sky130_fd_sc_hd__o311a_1)
     2    0.013124    0.069253    0.256108   83.200699 v _26968_/X (sky130_fd_sc_hd__o311a_1)
                                                         _02877_ (net)
                      0.069257    0.000639   83.201340 v fanout176/A (sky130_fd_sc_hd__buf_4)
     9    0.041002    0.048690    0.131124   83.332458 v fanout176/X (sky130_fd_sc_hd__buf_4)
                                                         net176 (net)
                      0.048832    0.001833   83.334297 v _27430_/C (sky130_fd_sc_hd__or4b_4)
     4    0.013217    0.069022    0.306002   83.640297 v _27430_/X (sky130_fd_sc_hd__or4b_4)
                                                         _03381_ (net)
                      0.069022    0.000277   83.640572 v _27456_/A (sky130_fd_sc_hd__or3_4)
     2    0.006878    0.048590    0.245500   83.886070 v _27456_/X (sky130_fd_sc_hd__or3_4)
                                                         _03410_ (net)
                      0.048590    0.000185   83.886261 v _27462_/C (sky130_fd_sc_hd__or4_4)
     1    0.009243    0.064244    0.296332   84.182587 v _27462_/X (sky130_fd_sc_hd__or4_4)
                                                         _03417_ (net)
                      0.064244    0.000298   84.182892 v _27463_/A1 (sky130_fd_sc_hd__a21oi_4)
     3    0.016016    0.119858    0.128040   84.310928 ^ _27463_/Y (sky130_fd_sc_hd__a21oi_4)
                                                         _03418_ (net)
                      0.119859    0.000554   84.311485 ^ _27465_/D_N (sky130_fd_sc_hd__nor4b_4)
     2    0.006164    0.150118    0.147146   84.458626 ^ _27465_/Y (sky130_fd_sc_hd__nor4b_4)
                                                         _03420_ (net)
                      0.150118    0.000178   84.458809 ^ max_cap154/A (sky130_fd_sc_hd__clkbuf_1)
     2    0.004774    0.049322    0.072269   84.531075 ^ max_cap154/X (sky130_fd_sc_hd__clkbuf_1)
                                                         net154 (net)
                      0.049322    0.000085   84.531158 ^ max_cap153/A (sky130_fd_sc_hd__clkbuf_1)
     2    0.005696    0.056285    0.072454   84.603615 ^ max_cap153/X (sky130_fd_sc_hd__clkbuf_1)
                                                         net153 (net)
                      0.056285    0.000163   84.603775 ^ _27509_/D_N (sky130_fd_sc_hd__or4b_4)
     1    0.004954    0.058673    0.269942   84.873718 v _27509_/X (sky130_fd_sc_hd__or4b_4)
                                                         _03467_ (net)
                      0.058674    0.000142   84.873863 v _27510_/B1 (sky130_fd_sc_hd__a211o_4)
     7    0.040193    0.072252    0.197858   85.071724 v _27510_/X (sky130_fd_sc_hd__a211o_4)
                                                         _03468_ (net)
                      0.072592    0.004263   85.075981 v _27512_/B (sky130_fd_sc_hd__or3_4)
     5    0.033181    0.075042    0.273346   85.349327 v _27512_/X (sky130_fd_sc_hd__or3_4)
                                                         _03471_ (net)
                      0.075042    0.000426   85.349754 v fanout150/A (sky130_fd_sc_hd__buf_8)
     5    0.030575    0.028147    0.105153   85.454910 v fanout150/X (sky130_fd_sc_hd__buf_8)
                                                         net150 (net)
                      0.028288    0.001698   85.456604 v _27553_/S (sky130_fd_sc_hd__mux2_4)
     3    0.021855    0.058172    0.214420   85.671028 v _27553_/X (sky130_fd_sc_hd__mux2_4)
                                                         _03516_ (net)
                      0.058174    0.000647   85.671677 v _27555_/A (sky130_fd_sc_hd__xnor2_4)
     4    0.013031    0.122509    0.142336   85.814011 ^ _27555_/Y (sky130_fd_sc_hd__xnor2_4)
                                                         _03518_ (net)
                      0.122509    0.000277   85.814285 ^ _27557_/D_N (sky130_fd_sc_hd__or4b_4)
     2    0.008654    0.063651    0.286114   86.100403 v _27557_/X (sky130_fd_sc_hd__or4b_4)
                                                         _03520_ (net)
                      0.063651    0.000199   86.100601 v _27559_/C (sky130_fd_sc_hd__or4_4)
     3    0.011713    0.067183    0.306301   86.406898 v _27559_/X (sky130_fd_sc_hd__or4_4)
                                                         _03522_ (net)
                      0.067183    0.000306   86.407204 v _27771_/B (sky130_fd_sc_hd__or4_4)
     2    0.010109    0.065190    0.325237   86.732445 v _27771_/X (sky130_fd_sc_hd__or4_4)
                                                         _03754_ (net)
                      0.065190    0.000384   86.732826 v _27782_/D_N (sky130_fd_sc_hd__or4b_4)
     2    0.004612    0.025740    0.141618   86.874443 ^ _27782_/X (sky130_fd_sc_hd__or4b_4)
                                                         _03766_ (net)
                      0.025740    0.000099   86.874542 ^ rebuffer86/A (sky130_fd_sc_hd__buf_1)
     1    0.002436    0.029174    0.048544   86.923088 ^ rebuffer86/X (sky130_fd_sc_hd__buf_1)
                                                         net1019 (net)
                      0.029174    0.000050   86.923141 ^ rebuffer85/A (sky130_fd_sc_hd__clkbuf_1)
     1    0.005185    0.051979    0.065469   86.988609 ^ rebuffer85/X (sky130_fd_sc_hd__clkbuf_1)
                                                         net1018 (net)
                      0.051979    0.000107   86.988716 ^ rebuffer77/A (sky130_fd_sc_hd__buf_6)
     1    0.018823    0.036180    0.074593   87.063309 ^ rebuffer77/X (sky130_fd_sc_hd__buf_6)
                                                         net1010 (net)
                      0.036190    0.000576   87.063881 ^ _27783_/B (sky130_fd_sc_hd__nor2_8)
     3    0.015930    0.050058    0.021892   87.085777 v _27783_/Y (sky130_fd_sc_hd__nor2_8)
                                                         _03767_ (net)
                      0.050059    0.000419   87.086197 v rebuffer144/A (sky130_fd_sc_hd__buf_6)
     1    0.028802    0.029366    0.095213   87.181404 v rebuffer144/X (sky130_fd_sc_hd__buf_6)
                                                         net1077 (net)
                      0.029746    0.002565   87.183975 v fanout139/A (sky130_fd_sc_hd__buf_8)
     5    0.028716    0.027181    0.084889   87.268860 v fanout139/X (sky130_fd_sc_hd__buf_8)
                                                         net139 (net)
                      0.027266    0.001300   87.270164 v _27786_/B (sky130_fd_sc_hd__nand2_8)
     2    0.013175    0.037301    0.046974   87.317139 ^ _27786_/Y (sky130_fd_sc_hd__nand2_8)
                                                         _03770_ (net)
                      0.037302    0.000448   87.317581 ^ fanout135/A (sky130_fd_sc_hd__buf_4)
    10    0.070341    0.148135    0.156561   87.474144 ^ fanout135/X (sky130_fd_sc_hd__buf_4)
                                                         net135 (net)
                      0.148141    0.000760   87.474907 ^ _28127_/S (sky130_fd_sc_hd__mux2_2)
     4    0.020262    0.067129    0.248093   87.723000 v _28127_/X (sky130_fd_sc_hd__mux2_2)
                                                         _04143_ (net)
                      0.067141    0.000902   87.723900 v _28129_/B (sky130_fd_sc_hd__xnor2_2)
     5    0.013970    0.166174    0.156483   87.880386 ^ _28129_/Y (sky130_fd_sc_hd__xnor2_2)
                                                         _04145_ (net)
                      0.166174    0.000156   87.880539 ^ _28145_/B (sky130_fd_sc_hd__and4_1)
     3    0.015635    0.120481    0.190632   88.071167 ^ _28145_/X (sky130_fd_sc_hd__and4_1)
                                                         _04162_ (net)
                      0.120483    0.000725   88.071892 ^ _28146_/D_N (sky130_fd_sc_hd__nor4b_1)
     1    0.010978    0.374777    0.315858   88.387756 ^ _28146_/Y (sky130_fd_sc_hd__nor4b_1)
                                                         _04163_ (net)
                      0.374778    0.000469   88.388222 ^ wire128/A (sky130_fd_sc_hd__buf_1)
     3    0.014061    0.127606    0.120480   88.508705 ^ wire128/X (sky130_fd_sc_hd__buf_1)
                                                         net128 (net)
                      0.127608    0.000483   88.509186 ^ _28214_/C_N (sky130_fd_sc_hd__nor3b_4)
     4    0.041241    0.347298    0.319588   88.828773 ^ _28214_/Y (sky130_fd_sc_hd__nor3b_4)
                                                         _04238_ (net)
                      0.347300    0.000753   88.829529 ^ _28248_/A (sky130_fd_sc_hd__nor2_1)
     2    0.013824    0.106821    0.087013   88.916542 v _28248_/Y (sky130_fd_sc_hd__nor2_1)
                                                         _04275_ (net)
                      0.106824    0.000391   88.916931 v fanout123/A (sky130_fd_sc_hd__buf_4)
    10    0.071447    0.069894    0.169180   89.086113 v fanout123/X (sky130_fd_sc_hd__buf_4)
                                                         net123 (net)
                      0.070315    0.004079   89.090187 v fanout122/A (sky130_fd_sc_hd__clkbuf_2)
     5    0.023698    0.065995    0.123386   89.213577 v fanout122/X (sky130_fd_sc_hd__clkbuf_2)
                                                         net122 (net)
                      0.066004    0.000753   89.214325 v _28251_/B (sky130_fd_sc_hd__nand2_2)
     2    0.023740    0.102411    0.108038   89.322365 ^ _28251_/Y (sky130_fd_sc_hd__nand2_2)
                                                         _04279_ (net)
                      0.102413    0.000398   89.322762 ^ fanout118/A (sky130_fd_sc_hd__clkbuf_8)
    10    0.091202    0.123943    0.169393   89.492157 ^ fanout118/X (sky130_fd_sc_hd__clkbuf_8)
                                                         net118 (net)
                      0.124250    0.005024   89.497177 ^ _28880_/S (sky130_fd_sc_hd__mux2_1)
     4    0.015300    0.082103    0.241798   89.738976 v _28880_/X (sky130_fd_sc_hd__mux2_1)
                                                         _04965_ (net)
                      0.082110    0.000810   89.739784 v _28882_/B (sky130_fd_sc_hd__xnor2_1)
     4    0.010964    0.069053    0.123954   89.863739 v _28882_/Y (sky130_fd_sc_hd__xnor2_1)
                                                         _04968_ (net)
                      0.069078    0.000277   89.864021 v _29004_/A (sky130_fd_sc_hd__or3_4)
     2    0.015309    0.057802    0.260890   90.124908 v _29004_/X (sky130_fd_sc_hd__or3_4)
                                                         _05098_ (net)
                      0.057841    0.000782   90.125694 v _29005_/C (sky130_fd_sc_hd__or4_4)
     4    0.020461    0.078704    0.321222   90.446915 v _29005_/X (sky130_fd_sc_hd__or4_4)
                                                         _05099_ (net)
                      0.078704    0.000703   90.447617 v _29105_/A2 (sky130_fd_sc_hd__o31ai_4)
     4    0.021411    0.236449    0.245812   90.693428 ^ _29105_/Y (sky130_fd_sc_hd__o31ai_4)
                                                         _05199_ (net)
                      0.236449    0.000469   90.693901 ^ _29107_/C (sky130_fd_sc_hd__or4_4)
     3    0.024195    0.062133    0.138286   90.832184 ^ _29107_/X (sky130_fd_sc_hd__or4_4)
                                                         _05201_ (net)
                      0.062150    0.000995   90.833176 ^ rebuffer74/A (sky130_fd_sc_hd__buf_1)
     1    0.003306    0.036558    0.059806   90.892982 ^ rebuffer74/X (sky130_fd_sc_hd__buf_1)
                                                         net1007 (net)
                      0.036558    0.000099   90.893082 ^ rebuffer63/A (sky130_fd_sc_hd__buf_1)
     1    0.002782    0.032109    0.052779   90.945862 ^ rebuffer63/X (sky130_fd_sc_hd__buf_1)
                                                         net996 (net)
                      0.032109    0.000057   90.945923 ^ rebuffer30/A (sky130_fd_sc_hd__clkbuf_2)
     3    0.024722    0.106670    0.119243   91.065163 ^ rebuffer30/X (sky130_fd_sc_hd__clkbuf_2)
                                                         net963 (net)
                      0.106756    0.002458   91.067619 ^ fanout115/A (sky130_fd_sc_hd__clkbuf_4)
    10    0.047188    0.111892    0.165770   91.233391 ^ fanout115/X (sky130_fd_sc_hd__clkbuf_4)
                                                         net115 (net)
                      0.111905    0.001009   91.234398 ^ _29382_/S (sky130_fd_sc_hd__mux2_2)
     4    0.019919    0.066532    0.245528   91.479927 v _29382_/X (sky130_fd_sc_hd__mux2_2)
                                                         _05494_ (net)
                      0.066541    0.000796   91.480721 v _29384_/B (sky130_fd_sc_hd__xnor2_2)
     3    0.026077    0.268074    0.229704   91.710426 ^ _29384_/Y (sky130_fd_sc_hd__xnor2_2)
                                                         _05496_ (net)
                      0.268079    0.000966   91.711395 ^ _29403_/A (sky130_fd_sc_hd__nand4_4)
     3    0.013838    0.096846    0.080163   91.791557 v _29403_/Y (sky130_fd_sc_hd__nand4_4)
                                                         _05517_ (net)
                      0.096849    0.000483   91.792038 v _29405_/B (sky130_fd_sc_hd__or4_4)
     1    0.025876    0.083513    0.362853   92.154892 v _29405_/X (sky130_fd_sc_hd__or4_4)
                                                         _05519_ (net)
                      0.083535    0.000874   92.155769 v _29406_/C (sky130_fd_sc_hd__or4_4)
     2    0.032037    0.089461    0.344798   92.500565 v _29406_/X (sky130_fd_sc_hd__or4_4)
                                                         _05520_ (net)
                      0.089581    0.002757   92.503326 v _29471_/C (sky130_fd_sc_hd__and4_1)
     1    0.009510    0.048181    0.162970   92.666290 v _29471_/X (sky130_fd_sc_hd__and4_1)
                                                         _05592_ (net)
                      0.048183    0.000384   92.666679 v fanout114/A (sky130_fd_sc_hd__buf_8)
     6    0.071056    0.045589    0.110028   92.776703 v fanout114/X (sky130_fd_sc_hd__buf_8)
                                                         net114 (net)
                      0.046769    0.005599   92.782303 v fanout113/A (sky130_fd_sc_hd__buf_8)
     5    0.046522    0.037027    0.100407   92.882713 v fanout113/X (sky130_fd_sc_hd__buf_8)
                                                         net113 (net)
                      0.037547    0.003432   92.886139 v _29524_/A (sky130_fd_sc_hd__nand2_8)
     2    0.036481    0.063043    0.061426   92.947571 ^ _29524_/Y (sky130_fd_sc_hd__nand2_8)
                                                         _05650_ (net)
                      0.063095    0.001208   92.948776 ^ fanout108/A (sky130_fd_sc_hd__buf_8)
     6    0.052897    0.070221    0.100535   93.049309 ^ fanout108/X (sky130_fd_sc_hd__buf_8)
                                                         net108 (net)
                      0.070251    0.001194   93.050507 ^ clone65/A (sky130_fd_sc_hd__dlymetal6s2s_1)
     5    0.043868    0.333548    0.276515   93.327019 ^ clone65/X (sky130_fd_sc_hd__dlymetal6s2s_1)
                                                         net998 (net)
                      0.333577    0.002544   93.329567 ^ _29546_/S (sky130_fd_sc_hd__mux2_2)
     3    0.013906    0.056540    0.239297   93.568863 v _29546_/X (sky130_fd_sc_hd__mux2_2)
                                                         _05673_ (net)
                      0.056545    0.000504   93.569366 v _29548_/B (sky130_fd_sc_hd__xnor2_2)
     6    0.019536    0.085768    0.121304   93.690666 v _29548_/Y (sky130_fd_sc_hd__xnor2_2)
                                                         _05675_ (net)
                      0.085772    0.000512   93.691177 v _29549_/B (sky130_fd_sc_hd__or2_1)
     1    0.008975    0.052795    0.162736   93.853912 v _29549_/X (sky130_fd_sc_hd__or2_1)
                                                         _05676_ (net)
                      0.052795    0.000227   93.854141 v _29579_/C (sky130_fd_sc_hd__nor4_4)
     2    0.010243    0.184291    0.178666   94.032806 ^ _29579_/Y (sky130_fd_sc_hd__nor4_4)
                                                         _05708_ (net)
                      0.184291    0.000156   94.032967 ^ _29624_/A2 (sky130_fd_sc_hd__a221o_2)
     4    0.036793    0.145054    0.195875   94.228844 ^ _29624_/X (sky130_fd_sc_hd__a221o_2)
                                                         _05755_ (net)
                      0.145183    0.003546   94.232384 ^ _29726_/D_N (sky130_fd_sc_hd__or4b_4)
     1    0.002610    0.055128    0.272259   94.504646 v _29726_/X (sky130_fd_sc_hd__or4b_4)
                                                         _05861_ (net)
                      0.055128    0.000050   94.504692 v _29742_/B (sky130_fd_sc_hd__and3b_2)
     7    0.051734    0.099797    0.205922   94.710617 v _29742_/X (sky130_fd_sc_hd__and3b_2)
                                                         _05877_ (net)
                      0.100254    0.005436   94.716049 v _29832_/B (sky130_fd_sc_hd__nand2_4)
     1    0.010492    0.048550    0.077925   94.793976 ^ _29832_/Y (sky130_fd_sc_hd__nand2_4)
                                                         _05967_ (net)
                      0.048552    0.000462   94.794441 ^ fanout100/A (sky130_fd_sc_hd__buf_8)
     6    0.064758    0.084060    0.106589   94.901031 ^ fanout100/X (sky130_fd_sc_hd__buf_8)
                                                         net100 (net)
                      0.084079    0.001059   94.902084 ^ fanout99/A (sky130_fd_sc_hd__buf_8)
     7    0.041310    0.057847    0.094857   94.996948 ^ fanout99/X (sky130_fd_sc_hd__buf_8)
                                                         net99 (net)
                      0.057890    0.001286   94.998230 ^ fanout98/A (sky130_fd_sc_hd__buf_8)
     5    0.027591    0.042142    0.078195   95.076424 ^ fanout98/X (sky130_fd_sc_hd__buf_8)
                                                         net98 (net)
                      0.042326    0.002181   95.078606 ^ _29998_/S (sky130_fd_sc_hd__mux2_4)
     2    0.006084    0.040189    0.185537   95.264145 v _29998_/X (sky130_fd_sc_hd__mux2_4)
                                                         _06133_ (net)
                      0.040189    0.000206   95.264351 v _29999_/B (sky130_fd_sc_hd__and2_4)
     2    0.005213    0.023525    0.102247   95.366600 v _29999_/X (sky130_fd_sc_hd__and2_4)
                                                         _06134_ (net)
                      0.023525    0.000078   95.366676 v _30006_/B_N (sky130_fd_sc_hd__and4bb_1)
     2    0.012607    0.104008    0.207677   95.574356 ^ _30006_/X (sky130_fd_sc_hd__and4bb_1)
                                                         _06141_ (net)
                      0.104008    0.000377   95.574730 ^ _30019_/A (sky130_fd_sc_hd__nand4_4)
     2    0.007577    0.057330    0.052786   95.627518 v _30019_/Y (sky130_fd_sc_hd__nand4_4)
                                                         _06154_ (net)
                      0.057330    0.000178   95.627693 v _30043_/B (sky130_fd_sc_hd__or4bb_4)
     2    0.007171    0.062161    0.318273   95.945969 v _30043_/X (sky130_fd_sc_hd__or4bb_4)
                                                         _06178_ (net)
                      0.062161    0.000185   95.946152 v _30077_/A2 (sky130_fd_sc_hd__o221a_4)
     1    0.010393    0.037580    0.170402   96.116554 v _30077_/X (sky130_fd_sc_hd__o221a_4)
                                                         _06212_ (net)
                      0.037580    0.000512   96.117065 v _30079_/A2_N (sky130_fd_sc_hd__a2bb2o_4)
     1    0.016892    0.048422    0.140901   96.257965 ^ _30079_/X (sky130_fd_sc_hd__a2bb2o_4)
                                                         _06214_ (net)
                      0.048449    0.001066   96.259033 ^ _30082_/A2 (sky130_fd_sc_hd__a22oi_4)
     1    0.018542    0.063216    0.053106   96.312141 v _30082_/Y (sky130_fd_sc_hd__a22oi_4)
                                                         _06217_ (net)
                      0.063227    0.001585   96.313721 v _30139_/B1 (sky130_fd_sc_hd__o22a_1)
     1    0.002756    0.026366    0.112756   96.426476 v _30139_/X (sky130_fd_sc_hd__o22a_1)
                                                         _00170_ (net)
                      0.026366    0.000064   96.426544 v _30453_/D (sky130_fd_sc_hd__dfxtp_4)
                                             96.426544   data arrival time

                                 25.000000   25.000000   clock clk (rise edge)
                                  0.000000   25.000000   clock source latency
     2    0.053640    0.183314    0.128114   25.128113 ^ clk (in)
                                                         clk (net)
                      0.183377    0.000000   25.128113 ^ clkbuf_0_clk/A (sky130_fd_sc_hd__clkbuf_16)
     4    0.124079    0.106850    0.174863   25.302977 ^ clkbuf_0_clk/X (sky130_fd_sc_hd__clkbuf_16)
                                                         clknet_0_clk (net)
                      0.107124    0.004324   25.307301 ^ clkbuf_2_1__f_clk/A (sky130_fd_sc_hd__clkbuf_16)
    13    0.186490    0.153338    0.192649   25.499950 ^ clkbuf_2_1__f_clk/X (sky130_fd_sc_hd__clkbuf_16)
                                                         clknet_2_1__leaf_clk (net)
                      0.154109    0.008736   25.508686 ^ clkbuf_leaf_4_clk/A (sky130_fd_sc_hd__clkbuf_8)
     3    0.010000    0.029360    0.106729   25.615414 ^ clkbuf_leaf_4_clk/X (sky130_fd_sc_hd__clkbuf_8)
                                                         clknet_leaf_4_clk (net)
                      0.029360    0.000217   25.615631 ^ _30453_/CLK (sky130_fd_sc_hd__dfxtp_4)
                                 -0.250000   25.365633   clock uncertainty
                                  0.000000   25.365633   clock reconvergence pessimism
                                 -0.068310   25.297323   library setup time
                                             25.297323   data required time
---------------------------------------------------------------------------------------------
                                             25.297323   data required time
                                            -96.426544   data arrival time
---------------------------------------------------------------------------------------------
                                            -71.129227   slack (VIOLATED)




===========================================================================
report_checks --slack_max -0.01
============================================================================
======================= nom_ff_n40C_1v95 Corner ===================================

Startpoint: _30423_ (rising edge-triggered flip-flop clocked by clk)
Endpoint: _30453_ (rising edge-triggered flip-flop clocked by clk)
Path Group: clk
Path Type: max

Fanout         Cap        Slew       Delay        Time   Description
---------------------------------------------------------------------------------------------
                                  0.000000    0.000000   clock clk (rise edge)
                                  0.000000    0.000000   clock source latency
     2    0.053640    0.183314    0.128115    0.128115 ^ clk (in)
                                                         clk (net)
                      0.183377    0.000000    0.128115 ^ clkbuf_0_clk/A (sky130_fd_sc_hd__clkbuf_16)
     4    0.124079    0.106850    0.174861    0.302977 ^ clkbuf_0_clk/X (sky130_fd_sc_hd__clkbuf_16)
                                                         clknet_0_clk (net)
                      0.107076    0.003940    0.306917 ^ clkbuf_2_2__f_clk/A (sky130_fd_sc_hd__clkbuf_16)
    16    0.171384    0.142001    0.183645    0.490561 ^ clkbuf_2_2__f_clk/X (sky130_fd_sc_hd__clkbuf_16)
                                                         clknet_2_2__leaf_clk (net)
                      0.143409    0.011275    0.501836 ^ clkbuf_leaf_20_clk/A (sky130_fd_sc_hd__clkbuf_8)
    16    0.044830    0.068117    0.138911    0.640747 ^ clkbuf_leaf_20_clk/X (sky130_fd_sc_hd__clkbuf_8)
                                                         clknet_leaf_20_clk (net)
                      0.068124    0.000718    0.641465 ^ _30423_/CLK (sky130_fd_sc_hd__dfxtp_4)
     3    0.115203    0.110380    0.303093    0.944558 v _30423_/Q (sky130_fd_sc_hd__dfxtp_4)
                                                         mantisaBshift[6] (net)
                      0.110535    0.001863    0.946422 v fanout851/A (sky130_fd_sc_hd__buf_12)
     7    0.094363    0.045994    0.137564    1.083986 v fanout851/X (sky130_fd_sc_hd__buf_12)
                                                         net851 (net)
                      0.046014    0.001050    1.085035 v fanout850/A (sky130_fd_sc_hd__buf_6)
     5    0.064874    0.049744    0.111489    1.196524 v fanout850/X (sky130_fd_sc_hd__buf_6)
                                                         net850 (net)
                      0.049809    0.001105    1.197629 v fanout849/A (sky130_fd_sc_hd__buf_6)
     6    0.046461    0.039891    0.102034    1.299663 v fanout849/X (sky130_fd_sc_hd__buf_6)
                                                         net849 (net)
                      0.041594    0.006424    1.306086 v fanout848/A (sky130_fd_sc_hd__buf_6)
    10    0.048129    0.040271    0.100672    1.406759 v fanout848/X (sky130_fd_sc_hd__buf_6)
                                                         net848 (net)
                      0.040892    0.003975    1.410733 v _16170_/B (sky130_fd_sc_hd__or3_1)
     2    0.004638    0.050158    0.206543    1.617276 v _16170_/X (sky130_fd_sc_hd__or3_1)
                                                         _06300_ (net)
                      0.050158    0.000100    1.617376 v _16178_/B (sky130_fd_sc_hd__or4_4)
     1    0.002484    0.054802    0.301661    1.919037 v _16178_/X (sky130_fd_sc_hd__or4_4)
                                                         _06308_ (net)
                      0.054802    0.000048    1.919085 v _16179_/C (sky130_fd_sc_hd__or4_4)
     2    0.013430    0.069254    0.306884    2.225970 v _16179_/X (sky130_fd_sc_hd__or4_4)
                                                         _06309_ (net)
                      0.069254    0.000301    2.226271 v _16181_/A1 (sky130_fd_sc_hd__o21ai_4)
     4    0.015278    0.120273    0.141391    2.367662 ^ _16181_/Y (sky130_fd_sc_hd__o21ai_4)
                                                         _06311_ (net)
                      0.120273    0.000489    2.368150 ^ _16185_/A2 (sky130_fd_sc_hd__a211o_1)
     2    0.011423    0.081143    0.125141    2.493291 ^ _16185_/X (sky130_fd_sc_hd__a211o_1)
                                                         _06315_ (net)
                      0.081143    0.000386    2.493677 ^ _16187_/A1 (sky130_fd_sc_hd__a21o_1)
     4    0.017626    0.119407    0.136913    2.630590 ^ _16187_/X (sky130_fd_sc_hd__a21o_1)
                                                         _06317_ (net)
                      0.119407    0.000290    2.630881 ^ _16188_/B (sky130_fd_sc_hd__nand2_1)
     2    0.014406    0.081122    0.085012    2.715893 v _16188_/Y (sky130_fd_sc_hd__nand2_1)
                                                         _06318_ (net)
                      0.081124    0.000334    2.716227 v _16215_/A1 (sky130_fd_sc_hd__a221o_4)
     3    0.073369    0.096396    0.281285    2.997512 v _16215_/X (sky130_fd_sc_hd__a221o_4)
                                                         _06345_ (net)
                      0.096398    0.000808    2.998320 v fanout481/A (sky130_fd_sc_hd__clkbuf_4)
     7    0.071022    0.100549    0.186871    3.185192 v fanout481/X (sky130_fd_sc_hd__clkbuf_4)
                                                         net481 (net)
                      0.100552    0.000745    3.185937 v fanout480/A (sky130_fd_sc_hd__clkbuf_4)
    10    0.069480    0.098938    0.186029    3.371966 v fanout480/X (sky130_fd_sc_hd__clkbuf_4)
                                                         net480 (net)
                      0.098949    0.000911    3.372877 v _16216_/B1 (sky130_fd_sc_hd__o21a_4)
     3    0.018591    0.038729    0.113964    3.486841 v _16216_/X (sky130_fd_sc_hd__o21a_4)
                                                         _06346_ (net)
                      0.038729    0.000419    3.487260 v _16230_/A2 (sky130_fd_sc_hd__a21oi_2)
     7    0.030451    0.276491    0.236483    3.723743 ^ _16230_/Y (sky130_fd_sc_hd__a21oi_2)
                                                         _06360_ (net)
                      0.276499    0.001245    3.724988 ^ _16233_/C (sky130_fd_sc_hd__and3_1)
     3    0.012923    0.104457    0.168483    3.893471 ^ _16233_/X (sky130_fd_sc_hd__and3_1)
                                                         _06363_ (net)
                      0.104457    0.000340    3.893811 ^ _16242_/A2 (sky130_fd_sc_hd__o21ai_2)
     3    0.007451    0.054939    0.042344    3.936155 v _16242_/Y (sky130_fd_sc_hd__o21ai_2)
                                                         _06372_ (net)
                      0.054939    0.000178    3.936333 v _16254_/A2 (sky130_fd_sc_hd__a311o_1)
     1    0.010287    0.064656    0.228646    4.164979 v _16254_/X (sky130_fd_sc_hd__a311o_1)
                                                         _06384_ (net)
                      0.064659    0.000451    4.165430 v _16264_/A2 (sky130_fd_sc_hd__a21oi_4)
     6    0.034192    0.203075    0.205162    4.370592 ^ _16264_/Y (sky130_fd_sc_hd__a21oi_4)
                                                         _06394_ (net)
                      0.203082    0.000946    4.371538 ^ _16265_/S (sky130_fd_sc_hd__mux2_4)
     4    0.015513    0.050658    0.206474    4.578012 v _16265_/X (sky130_fd_sc_hd__mux2_4)
                                                         _06395_ (net)
                      0.050675    0.000849    4.578861 v _16276_/A (sky130_fd_sc_hd__or2_4)
     4    0.011369    0.039814    0.167868    4.746728 v _16276_/X (sky130_fd_sc_hd__or2_4)
                                                         _06406_ (net)
                      0.039814    0.000277    4.747005 v _16280_/A2 (sky130_fd_sc_hd__a211o_1)
     1    0.003386    0.035671    0.182254    4.929259 v _16280_/X (sky130_fd_sc_hd__a211o_1)
                                                         _06410_ (net)
                      0.035671    0.000104    4.929363 v _16288_/A3 (sky130_fd_sc_hd__a31o_1)
     3    0.008984    0.046699    0.157989    5.087352 v _16288_/X (sky130_fd_sc_hd__a31o_1)
                                                         _06418_ (net)
                      0.046699    0.000183    5.087535 v _16290_/A (sky130_fd_sc_hd__and2_4)
     4    0.021715    0.037185    0.111316    5.198852 v _16290_/X (sky130_fd_sc_hd__and2_4)
                                                         _06420_ (net)
                      0.037202    0.000514    5.199366 v _16297_/S (sky130_fd_sc_hd__mux2_4)
     3    0.024308    0.060108    0.220071    5.419436 v _16297_/X (sky130_fd_sc_hd__mux2_4)
                                                         _06427_ (net)
                      0.060120    0.000759    5.420196 v _16300_/A (sky130_fd_sc_hd__xnor2_4)
     3    0.018289    0.054559    0.118617    5.538813 v _16300_/Y (sky130_fd_sc_hd__xnor2_4)
                                                         _06430_ (net)
                      0.054560    0.000484    5.539297 v _16317_/A1 (sky130_fd_sc_hd__o311ai_4)
     3    0.016157    0.230005    0.251120    5.790417 ^ _16317_/Y (sky130_fd_sc_hd__o311ai_4)
                                                         _06447_ (net)
                      0.230005    0.000507    5.790924 ^ _16328_/A2 (sky130_fd_sc_hd__a221oi_4)
     5    0.020622    0.079318    0.074002    5.864926 v _16328_/Y (sky130_fd_sc_hd__a221oi_4)
                                                         _06458_ (net)
                      0.079320    0.000869    5.865795 v _16355_/A (sky130_fd_sc_hd__or4_4)
     3    0.008465    0.063284    0.339470    6.205265 v _16355_/X (sky130_fd_sc_hd__or4_4)
                                                         _06485_ (net)
                      0.063284    0.000272    6.205537 v _16357_/A2 (sky130_fd_sc_hd__a21oi_1)
     4    0.010791    0.184570    0.186118    6.391654 ^ _16357_/Y (sky130_fd_sc_hd__a21oi_1)
                                                         _06487_ (net)
                      0.184570    0.000196    6.391851 ^ _16373_/B1_N (sky130_fd_sc_hd__o21ba_1)
     2    0.007045    0.038773    0.113888    6.505738 v _16373_/X (sky130_fd_sc_hd__o21ba_1)
                                                         _06503_ (net)
                      0.038773    0.000178    6.505917 v _16376_/A1 (sky130_fd_sc_hd__a211o_4)
     4    0.013070    0.044657    0.213839    6.719755 v _16376_/X (sky130_fd_sc_hd__a211o_4)
                                                         _06506_ (net)
                      0.044657    0.000326    6.720081 v _16379_/A1 (sky130_fd_sc_hd__a211o_4)
     5    0.026922    0.058765    0.234391    6.954472 v _16379_/X (sky130_fd_sc_hd__a211o_4)
                                                         _06509_ (net)
                      0.058773    0.000623    6.955094 v _16424_/A1 (sky130_fd_sc_hd__a211o_1)
     1    0.008547    0.053052    0.185707    7.140800 v _16424_/X (sky130_fd_sc_hd__a211o_1)
                                                         _06554_ (net)
                      0.053052    0.000191    7.140992 v _16425_/B (sky130_fd_sc_hd__xor2_2)
     4    0.014842    0.162664    0.153410    7.294401 ^ _16425_/X (sky130_fd_sc_hd__xor2_2)
                                                         _06555_ (net)
                      0.162664    0.000283    7.294684 ^ _16426_/B (sky130_fd_sc_hd__xnor2_1)
     3    0.008331    0.060870    0.072544    7.367229 v _16426_/Y (sky130_fd_sc_hd__xnor2_1)
                                                         _06556_ (net)
                      0.060892    0.000254    7.367483 v _16432_/A3 (sky130_fd_sc_hd__o31a_1)
     4    0.015648    0.071546    0.194725    7.562208 v _16432_/X (sky130_fd_sc_hd__o31a_1)
                                                         _06562_ (net)
                      0.071548    0.000477    7.562685 v _16435_/A1 (sky130_fd_sc_hd__a211o_1)
     3    0.010857    0.059150    0.198983    7.761668 v _16435_/X (sky130_fd_sc_hd__a211o_1)
                                                         _06565_ (net)
                      0.059152    0.000402    7.762070 v _16439_/A1 (sky130_fd_sc_hd__a311o_1)
     1    0.008754    0.060875    0.192310    7.954381 v _16439_/X (sky130_fd_sc_hd__a311o_1)
                                                         _06569_ (net)
                      0.060875    0.000277    7.954658 v _16442_/B1 (sky130_fd_sc_hd__a221oi_4)
     6    0.025835    0.221141    0.213420    8.168077 ^ _16442_/Y (sky130_fd_sc_hd__a221oi_4)
                                                         _06572_ (net)
                      0.221141    0.000765    8.168841 ^ max_cap423/A (sky130_fd_sc_hd__buf_6)
     5    0.029850    0.053390    0.100570    8.269412 ^ max_cap423/X (sky130_fd_sc_hd__buf_6)
                                                         net423 (net)
                      0.053480    0.001433    8.270844 ^ _16473_/S (sky130_fd_sc_hd__mux2_4)
     4    0.011940    0.046424    0.197706    8.468551 v _16473_/X (sky130_fd_sc_hd__mux2_4)
                                                         _06603_ (net)
                      0.046424    0.000183    8.468734 v _16477_/A2 (sky130_fd_sc_hd__o21ba_4)
     2    0.004944    0.026399    0.122949    8.591682 v _16477_/X (sky130_fd_sc_hd__o21ba_4)
                                                         _06607_ (net)
                      0.026399    0.000139    8.591821 v _16479_/A (sky130_fd_sc_hd__or4_4)
     2    0.007334    0.061884    0.319812    8.911633 v _16479_/X (sky130_fd_sc_hd__or4_4)
                                                         _06609_ (net)
                      0.061884    0.000221    8.911854 v _16482_/A1 (sky130_fd_sc_hd__a31o_1)
     2    0.009114    0.047162    0.139980    9.051833 v _16482_/X (sky130_fd_sc_hd__a31o_1)
                                                         _06612_ (net)
                      0.047164    0.000378    9.052212 v _16486_/A2 (sky130_fd_sc_hd__a211o_4)
     3    0.014770    0.046728    0.224559    9.276771 v _16486_/X (sky130_fd_sc_hd__a211o_4)
                                                         _06616_ (net)
                      0.046729    0.000306    9.277077 v _16498_/B (sky130_fd_sc_hd__and4_4)
     7    0.020720    0.041745    0.131783    9.408859 v _16498_/X (sky130_fd_sc_hd__and4_4)
                                                         _06628_ (net)
                      0.041758    0.000687    9.409545 v _16561_/B (sky130_fd_sc_hd__or4b_4)
     3    0.006968    0.061631    0.311983    9.721529 v _16561_/X (sky130_fd_sc_hd__or4b_4)
                                                         _06691_ (net)
                      0.061631    0.000148    9.721677 v _16563_/A (sky130_fd_sc_hd__and3_1)
     3    0.007611    0.041421    0.114925    9.836602 v _16563_/X (sky130_fd_sc_hd__and3_1)
                                                         _06693_ (net)
                      0.041421    0.000107    9.836709 v _16566_/C (sky130_fd_sc_hd__or4_4)
     1    0.002645    0.055049    0.278392   10.115100 v _16566_/X (sky130_fd_sc_hd__or4_4)
                                                         _06696_ (net)
                      0.055049    0.000076   10.115176 v _16567_/C (sky130_fd_sc_hd__or4_4)
     2    0.010621    0.065914    0.301148   10.416325 v _16567_/X (sky130_fd_sc_hd__or4_4)
                                                         _06697_ (net)
                      0.065914    0.000395   10.416720 v _16571_/A2 (sky130_fd_sc_hd__a31o_4)
     4    0.016205    0.038943    0.170670   10.587390 v _16571_/X (sky130_fd_sc_hd__a31o_4)
                                                         _06701_ (net)
                      0.038948    0.000452   10.587842 v _16575_/A1 (sky130_fd_sc_hd__a311o_4)
     3    0.017300    0.058811    0.221200   10.809042 v _16575_/X (sky130_fd_sc_hd__a311o_4)
                                                         _06705_ (net)
                      0.058811    0.000427   10.809469 v _16579_/A2 (sky130_fd_sc_hd__a21oi_4)
     4    0.018547    0.131173    0.150481   10.959949 ^ _16579_/Y (sky130_fd_sc_hd__a21oi_4)
                                                         _06709_ (net)
                      0.131174    0.000480   10.960429 ^ fanout421/A (sky130_fd_sc_hd__buf_6)
     5    0.033449    0.057249    0.100435   11.060864 ^ fanout421/X (sky130_fd_sc_hd__buf_6)
                                                         net421 (net)
                      0.057379    0.001879   11.062744 ^ _16597_/S (sky130_fd_sc_hd__mux2_4)
     3    0.013603    0.048290    0.200619   11.263363 v _16597_/X (sky130_fd_sc_hd__mux2_4)
                                                         _06727_ (net)
                      0.048321    0.000647   11.264010 v _16620_/B (sky130_fd_sc_hd__and2_4)
     1    0.002718    0.020731    0.101145   11.365155 v _16620_/X (sky130_fd_sc_hd__and2_4)
                                                         _06750_ (net)
                      0.020732    0.000079   11.365234 v _16621_/B (sky130_fd_sc_hd__or2_4)
     2    0.009576    0.038100    0.141730   11.506965 v _16621_/X (sky130_fd_sc_hd__or2_4)
                                                         _06751_ (net)
                      0.038100    0.000171   11.507136 v _16623_/A2 (sky130_fd_sc_hd__o41a_4)
     4    0.018723    0.064559    0.310753   11.817889 v _16623_/X (sky130_fd_sc_hd__o41a_4)
                                                         _06753_ (net)
                      0.064559    0.000869   11.818758 v _16648_/A1 (sky130_fd_sc_hd__a2111o_1)
     2    0.013868    0.077735    0.269088   12.087846 v _16648_/X (sky130_fd_sc_hd__a2111o_1)
                                                         _06778_ (net)
                      0.077735    0.000336   12.088181 v _16652_/A2 (sky130_fd_sc_hd__a21oi_4)
     5    0.029005    0.178933    0.192553   12.280734 ^ _16652_/Y (sky130_fd_sc_hd__a21oi_4)
                                                         _06782_ (net)
                      0.178994    0.000591   12.281324 ^ fanout420/A (sky130_fd_sc_hd__buf_8)
     5    0.032286    0.048949    0.093971   12.375296 ^ fanout420/X (sky130_fd_sc_hd__buf_8)
                                                         net420 (net)
                      0.048971    0.000957   12.376253 ^ _16692_/S (sky130_fd_sc_hd__mux2_4)
     3    0.018027    0.053657    0.206876   12.583130 v _16692_/X (sky130_fd_sc_hd__mux2_4)
                                                         _06822_ (net)
                      0.053672    0.000854   12.583984 v _16695_/B (sky130_fd_sc_hd__xnor2_2)
     2    0.008594    0.055281    0.098037   12.682021 v _16695_/Y (sky130_fd_sc_hd__xnor2_2)
                                                         _06825_ (net)
                      0.055281    0.000136   12.682157 v _16699_/A (sky130_fd_sc_hd__or2_4)
     2    0.006073    0.034683    0.161362   12.843518 v _16699_/X (sky130_fd_sc_hd__or2_4)
                                                         _06829_ (net)
                      0.034683    0.000148   12.843667 v _16711_/B (sky130_fd_sc_hd__or3_4)
     1    0.008897    0.050746    0.225464   13.069131 v _16711_/X (sky130_fd_sc_hd__or3_4)
                                                         _06841_ (net)
                      0.050746    0.000259   13.069390 v _16715_/A1 (sky130_fd_sc_hd__o21ai_4)
     3    0.015276    0.120041    0.134988   13.204378 ^ _16715_/Y (sky130_fd_sc_hd__o21ai_4)
                                                         _06845_ (net)
                      0.120042    0.000659   13.205037 ^ _16728_/A2 (sky130_fd_sc_hd__a211oi_2)
     2    0.007224    0.059422    0.060457   13.265494 v _16728_/Y (sky130_fd_sc_hd__a211oi_2)
                                                         _06858_ (net)
                      0.059422    0.000190   13.265684 v _16734_/A3 (sky130_fd_sc_hd__o311a_4)
     3    0.021601    0.058886    0.224858   13.490542 v _16734_/X (sky130_fd_sc_hd__o311a_4)
                                                         _06864_ (net)
                      0.058886    0.001556   13.492099 v _16736_/A (sky130_fd_sc_hd__nor2_2)
     3    0.019526    0.164498    0.161468   13.653566 ^ _16736_/Y (sky130_fd_sc_hd__nor2_2)
                                                         _06866_ (net)
                      0.164499    0.000400   13.653966 ^ fanout418/A (sky130_fd_sc_hd__buf_6)
     5    0.021066    0.041167    0.089640   13.743607 ^ fanout418/X (sky130_fd_sc_hd__buf_6)
                                                         net418 (net)
                      0.041168    0.000277   13.743884 ^ _16781_/S (sky130_fd_sc_hd__mux2_2)
     3    0.012219    0.053657    0.220400   13.964283 v _16781_/X (sky130_fd_sc_hd__mux2_2)
                                                         _06911_ (net)
                      0.053661    0.000533   13.964816 v _16783_/B (sky130_fd_sc_hd__xnor2_1)
     2    0.006442    0.131852    0.131584   14.096400 ^ _16783_/Y (sky130_fd_sc_hd__xnor2_1)
                                                         _06913_ (net)
                      0.131852    0.000105   14.096505 ^ _16794_/B1 (sky130_fd_sc_hd__a21o_1)
     3    0.015751    0.107270    0.110669   14.207173 ^ _16794_/X (sky130_fd_sc_hd__a21o_1)
                                                         _06924_ (net)
                      0.107272    0.000426   14.207600 ^ _16796_/A1 (sky130_fd_sc_hd__a21oi_4)
     3    0.011133    0.045075    0.042779   14.250379 v _16796_/Y (sky130_fd_sc_hd__a21oi_4)
                                                         _06926_ (net)
                      0.045079    0.000338   14.250716 v _16798_/A1 (sky130_fd_sc_hd__o21ai_2)
     2    0.007912    0.096713    0.113168   14.363885 ^ _16798_/Y (sky130_fd_sc_hd__o21ai_2)
                                                         _06928_ (net)
                      0.096713    0.000255   14.364140 ^ _16800_/A1 (sky130_fd_sc_hd__a21o_1)
     3    0.015006    0.102716    0.127252   14.491391 ^ _16800_/X (sky130_fd_sc_hd__a21o_1)
                                                         _06930_ (net)
                      0.102716    0.000427   14.491818 ^ _16801_/A1 (sky130_fd_sc_hd__a21oi_4)
     5    0.017831    0.048181    0.050481   14.542299 v _16801_/Y (sky130_fd_sc_hd__a21oi_4)
                                                         _06931_ (net)
                      0.048183    0.000627   14.542927 v _16805_/A3 (sky130_fd_sc_hd__o311a_4)
     3    0.010845    0.046058    0.203435   14.746362 v _16805_/X (sky130_fd_sc_hd__o311a_4)
                                                         _06935_ (net)
                      0.046058    0.000302   14.746664 v _16810_/A2 (sky130_fd_sc_hd__o211a_4)
     5    0.022369    0.045990    0.168305   14.914969 v _16810_/X (sky130_fd_sc_hd__o211a_4)
                                                         _06940_ (net)
                      0.046027    0.000570   14.915540 v _16830_/A2 (sky130_fd_sc_hd__a21oi_4)
     6    0.035732    0.209741    0.203114   15.118653 ^ _16830_/Y (sky130_fd_sc_hd__a21oi_4)
                                                         _06960_ (net)
                      0.209774    0.002096   15.120749 ^ _16832_/A (sky130_fd_sc_hd__nor2_4)
     3    0.024642    0.061899    0.048622   15.169372 v _16832_/Y (sky130_fd_sc_hd__nor2_4)
                                                         _06962_ (net)
                      0.061914    0.000718   15.170090 v fanout417/A (sky130_fd_sc_hd__buf_8)
     5    0.036611    0.031037    0.102807   15.272896 v fanout417/X (sky130_fd_sc_hd__buf_8)
                                                         net417 (net)
                      0.031052    0.000655   15.273552 v _16881_/S (sky130_fd_sc_hd__mux2_4)
     5    0.032817    0.068963    0.227542   15.501094 v _16881_/X (sky130_fd_sc_hd__mux2_4)
                                                         _07011_ (net)
                      0.068968    0.000624   15.501718 v _16884_/A (sky130_fd_sc_hd__xnor2_4)
     2    0.014210    0.049217    0.117231   15.618948 v _16884_/Y (sky130_fd_sc_hd__xnor2_4)
                                                         _07014_ (net)
                      0.049218    0.000407   15.619355 v _16900_/A (sky130_fd_sc_hd__nor4_4)
     1    0.006109    0.151363    0.191880   15.811235 ^ _16900_/Y (sky130_fd_sc_hd__nor4_4)
                                                         _07030_ (net)
                      0.151363    0.000188   15.811423 ^ _16923_/A2 (sky130_fd_sc_hd__a211o_4)
     4    0.026302    0.064113    0.126676   15.938099 ^ _16923_/X (sky130_fd_sc_hd__a211o_4)
                                                         _07053_ (net)
                      0.064267    0.002176   15.940275 ^ _16927_/A1 (sky130_fd_sc_hd__a21oi_4)
     3    0.019155    0.042923    0.046409   15.986685 v _16927_/Y (sky130_fd_sc_hd__a21oi_4)
                                                         _07057_ (net)
                      0.042963    0.000790   15.987474 v _16929_/A1 (sky130_fd_sc_hd__o211ai_4)
     4    0.029253    0.210881    0.204702   16.192177 ^ _16929_/Y (sky130_fd_sc_hd__o211ai_4)
                                                         _07059_ (net)
                      0.210897    0.001362   16.193539 ^ _16935_/A2 (sky130_fd_sc_hd__a31oi_4)
     5    0.022988    0.091965    0.094925   16.288464 v _16935_/Y (sky130_fd_sc_hd__a31oi_4)
                                                         _07065_ (net)
                      0.092018    0.000885   16.289349 v _16995_/D (sky130_fd_sc_hd__or4_4)
     3    0.009461    0.064529    0.269781   16.559130 v _16995_/X (sky130_fd_sc_hd__or4_4)
                                                         _07125_ (net)
                      0.064529    0.000208   16.559338 v _16997_/A (sky130_fd_sc_hd__and3_1)
     3    0.008693    0.044825    0.119554   16.678892 v _16997_/X (sky130_fd_sc_hd__and3_1)
                                                         _07127_ (net)
                      0.044825    0.000151   16.679043 v _17007_/A (sky130_fd_sc_hd__or4_4)
     1    0.003157    0.055840    0.315342   16.994385 v _17007_/X (sky130_fd_sc_hd__or4_4)
                                                         _07137_ (net)
                      0.055840    0.000092   16.994478 v _17008_/C (sky130_fd_sc_hd__or4_4)
     3    0.014916    0.071116    0.310099   17.304577 v _17008_/X (sky130_fd_sc_hd__or4_4)
                                                         _07138_ (net)
                      0.071135    0.000888   17.305464 v _17030_/A2 (sky130_fd_sc_hd__a21o_1)
     3    0.009821    0.045111    0.147194   17.452658 v _17030_/X (sky130_fd_sc_hd__a21o_1)
                                                         _07160_ (net)
                      0.045111    0.000231   17.452888 v _17055_/A2 (sky130_fd_sc_hd__a21o_4)
     7    0.033397    0.049631    0.168281   17.621170 v _17055_/X (sky130_fd_sc_hd__a21o_4)
                                                         _07185_ (net)
                      0.049666    0.001204   17.622375 v _17103_/A2 (sky130_fd_sc_hd__a211o_1)
     2    0.006406    0.045423    0.198581   17.820955 v _17103_/X (sky130_fd_sc_hd__a211o_1)
                                                         _07233_ (net)
                      0.045423    0.000135   17.821091 v _17154_/B1 (sky130_fd_sc_hd__o211a_1)
     3    0.008463    0.045405    0.096847   17.917938 v _17154_/X (sky130_fd_sc_hd__o211a_1)
                                                         _07284_ (net)
                      0.045405    0.000147   17.918085 v _17158_/A (sky130_fd_sc_hd__or4_4)
     1    0.005142    0.058916    0.321087   18.239172 v _17158_/X (sky130_fd_sc_hd__or4_4)
                                                         _07288_ (net)
                      0.058917    0.000217   18.239389 v _17161_/B (sky130_fd_sc_hd__or4b_4)
     1    0.003728    0.056864    0.309418   18.548807 v _17161_/X (sky130_fd_sc_hd__or4b_4)
                                                         _07291_ (net)
                      0.056864    0.000123   18.548929 v _17163_/A2 (sky130_fd_sc_hd__o41a_1)
     2    0.016194    0.087231    0.301249   18.850180 v _17163_/X (sky130_fd_sc_hd__o41a_1)
                                                         _07293_ (net)
                      0.087239    0.000917   18.851095 v _17169_/A1 (sky130_fd_sc_hd__a21oi_4)
     4    0.022663    0.149950    0.159462   19.010557 ^ _17169_/Y (sky130_fd_sc_hd__a21oi_4)
                                                         _07299_ (net)
                      0.149961    0.001320   19.011877 ^ _17173_/A1 (sky130_fd_sc_hd__a21oi_4)
     3    0.014297    0.052712    0.048837   19.060715 v _17173_/Y (sky130_fd_sc_hd__a21oi_4)
                                                         _07303_ (net)
                      0.052713    0.000407   19.061121 v _17187_/A3 (sky130_fd_sc_hd__o311a_4)
     3    0.017991    0.055339    0.217907   19.279028 v _17187_/X (sky130_fd_sc_hd__o311a_4)
                                                         _07317_ (net)
                      0.055347    0.000689   19.279718 v _17193_/A3 (sky130_fd_sc_hd__o311a_4)
     8    0.032105    0.067875    0.235556   19.515274 v _17193_/X (sky130_fd_sc_hd__o311a_4)
                                                         _07323_ (net)
                      0.067930    0.001736   19.517010 v _17254_/A (sky130_fd_sc_hd__or3_4)
     4    0.010694    0.052706    0.252170   19.769178 v _17254_/X (sky130_fd_sc_hd__or3_4)
                                                         _07384_ (net)
                      0.052706    0.000153   19.769331 v _17258_/A (sky130_fd_sc_hd__and3_1)
     3    0.008048    0.042816    0.112733   19.882065 v _17258_/X (sky130_fd_sc_hd__and3_1)
                                                         _07388_ (net)
                      0.042816    0.000234   19.882299 v _17267_/B (sky130_fd_sc_hd__or4_4)
     2    0.005158    0.058941    0.306775   20.189074 v _17267_/X (sky130_fd_sc_hd__or4_4)
                                                         _07397_ (net)
                      0.058941    0.000123   20.189198 v _17284_/D (sky130_fd_sc_hd__or4_4)
     3    0.012057    0.067656    0.264141   20.453337 v _17284_/X (sky130_fd_sc_hd__or4_4)
                                                         _07414_ (net)
                      0.067656    0.000540   20.453876 v _17288_/A2 (sky130_fd_sc_hd__a211o_1)
     3    0.012885    0.064836    0.228114   20.681992 v _17288_/X (sky130_fd_sc_hd__a211o_1)
                                                         _07418_ (net)
                      0.064840    0.000570   20.682562 v _17293_/A2 (sky130_fd_sc_hd__a211o_1)
     2    0.006524    0.045809    0.204048   20.886610 v _17293_/X (sky130_fd_sc_hd__a211o_1)
                                                         _07423_ (net)
                      0.045809    0.000108   20.886719 v _17298_/A1 (sky130_fd_sc_hd__a21o_4)
     5    0.024890    0.042824    0.152625   21.039343 v _17298_/X (sky130_fd_sc_hd__a21o_4)
                                                         _07428_ (net)
                      0.042851    0.000927   21.040270 v _17315_/A2 (sky130_fd_sc_hd__a21oi_4)
     4    0.026690    0.168244    0.171834   21.212105 ^ _17315_/Y (sky130_fd_sc_hd__a21oi_4)
                                                         _07445_ (net)
                      0.168248    0.000695   21.212799 ^ fanout411/A (sky130_fd_sc_hd__buf_8)
     6    0.040481    0.057667    0.100215   21.313015 ^ fanout411/X (sky130_fd_sc_hd__buf_8)
                                                         net411 (net)
                      0.057674    0.000684   21.313698 ^ fanout410/A (sky130_fd_sc_hd__buf_8)
     5    0.031812    0.046885    0.082007   21.395706 ^ fanout410/X (sky130_fd_sc_hd__buf_8)
                                                         net410 (net)
                      0.047009    0.001906   21.397612 ^ _17357_/S (sky130_fd_sc_hd__mux2_4)
     4    0.025390    0.061153    0.215104   21.612717 v _17357_/X (sky130_fd_sc_hd__mux2_4)
                                                         _07487_ (net)
                      0.061161    0.000673   21.613390 v _17359_/B (sky130_fd_sc_hd__xnor2_4)
     2    0.007650    0.048127    0.093271   21.706659 v _17359_/Y (sky130_fd_sc_hd__xnor2_4)
                                                         _07489_ (net)
                      0.048127    0.000163   21.706823 v _17364_/A (sky130_fd_sc_hd__or2_4)
     2    0.005488    0.034071    0.157804   21.864628 v _17364_/X (sky130_fd_sc_hd__or2_4)
                                                         _07494_ (net)
                      0.034072    0.000151   21.864779 v _17394_/A (sky130_fd_sc_hd__or4_4)
     2    0.007063    0.061561    0.321743   22.186522 v _17394_/X (sky130_fd_sc_hd__or4_4)
                                                         _07524_ (net)
                      0.061562    0.000220   22.186743 v _17403_/A1 (sky130_fd_sc_hd__a41o_1)
     2    0.008986    0.049031    0.141574   22.328316 v _17403_/X (sky130_fd_sc_hd__a41o_1)
                                                         _07533_ (net)
                      0.049032    0.000313   22.328629 v _17426_/A1 (sky130_fd_sc_hd__a21o_1)
     2    0.008377    0.040547    0.119220   22.447849 v _17426_/X (sky130_fd_sc_hd__a21o_1)
                                                         _07556_ (net)
                      0.040548    0.000297   22.448145 v _17441_/A2 (sky130_fd_sc_hd__a311o_1)
     2    0.005453    0.048679    0.202906   22.651051 v _17441_/X (sky130_fd_sc_hd__a311o_1)
                                                         _07571_ (net)
                      0.048679    0.000083   22.651134 v _17444_/A2 (sky130_fd_sc_hd__a21o_1)
     2    0.010529    0.046030    0.141547   22.792683 v _17444_/X (sky130_fd_sc_hd__a21o_1)
                                                         _07574_ (net)
                      0.046030    0.000275   22.792957 v _17448_/A2 (sky130_fd_sc_hd__a21oi_2)
     1    0.005888    0.080656    0.105404   22.898361 ^ _17448_/Y (sky130_fd_sc_hd__a21oi_2)
                                                         _07578_ (net)
                      0.080656    0.000187   22.898548 ^ fanout409/A (sky130_fd_sc_hd__buf_6)
     6    0.041655    0.068016    0.101913   23.000462 ^ fanout409/X (sky130_fd_sc_hd__buf_6)
                                                         net409 (net)
                      0.068034    0.000913   23.001373 ^ fanout408/A (sky130_fd_sc_hd__buf_8)
     5    0.036077    0.051569    0.088150   23.089523 ^ fanout408/X (sky130_fd_sc_hd__buf_8)
                                                         net408 (net)
                      0.051647    0.001325   23.090849 ^ _17463_/S (sky130_fd_sc_hd__mux2_4)
     4    0.013959    0.048718    0.200686   23.291534 v _17463_/X (sky130_fd_sc_hd__mux2_4)
                                                         _07593_ (net)
                      0.048726    0.000574   23.292109 v _17465_/B (sky130_fd_sc_hd__and2_4)
     1    0.002724    0.020737    0.101329   23.393436 v _17465_/X (sky130_fd_sc_hd__and2_4)
                                                         _07595_ (net)
                      0.020737    0.000055   23.393492 v _17466_/A (sky130_fd_sc_hd__or2_4)
     4    0.015242    0.043998    0.163038   23.556530 v _17466_/X (sky130_fd_sc_hd__or2_4)
                                                         _07596_ (net)
                      0.043999    0.000238   23.556768 v _17479_/A2 (sky130_fd_sc_hd__o311a_4)
     2    0.006416    0.040988    0.224817   23.781586 v _17479_/X (sky130_fd_sc_hd__o311a_4)
                                                         _07609_ (net)
                      0.040988    0.000149   23.781734 v _17535_/A (sky130_fd_sc_hd__and3_1)
     3    0.010725    0.049825    0.116538   23.898272 v _17535_/X (sky130_fd_sc_hd__and3_1)
                                                         _07665_ (net)
                      0.049826    0.000366   23.898638 v _17583_/A (sky130_fd_sc_hd__or4_4)
     1    0.009112    0.064081    0.331090   24.229729 v _17583_/X (sky130_fd_sc_hd__or4_4)
                                                         _07713_ (net)
                      0.064081    0.000268   24.229996 v _17590_/A2 (sky130_fd_sc_hd__a211oi_4)
     5    0.030740    0.291350    0.296296   24.526293 ^ _17590_/Y (sky130_fd_sc_hd__a211oi_4)
                                                         _07720_ (net)
                      0.291449    0.001297   24.527590 ^ clone2/A (sky130_fd_sc_hd__clkbuf_2)
     5    0.030215    0.130014    0.172145   24.699734 ^ clone2/X (sky130_fd_sc_hd__clkbuf_2)
                                                         net935 (net)
                      0.130015    0.000650   24.700384 ^ _17618_/S (sky130_fd_sc_hd__mux2_2)
     4    0.017769    0.062854    0.243260   24.943644 v _17618_/X (sky130_fd_sc_hd__mux2_2)
                                                         _07748_ (net)
                      0.062863    0.000744   24.944389 v _17620_/B (sky130_fd_sc_hd__xnor2_1)
     3    0.007641    0.148579    0.147814   25.092203 ^ _17620_/Y (sky130_fd_sc_hd__xnor2_1)
                                                         _07750_ (net)
                      0.148579    0.000126   25.092329 ^ _17621_/B (sky130_fd_sc_hd__and2_1)
     1    0.009624    0.078972    0.125256   25.217585 ^ _17621_/X (sky130_fd_sc_hd__and2_1)
                                                         _07751_ (net)
                      0.078972    0.000304   25.217890 ^ _17638_/A1 (sky130_fd_sc_hd__a31oi_4)
     4    0.017836    0.068346    0.070759   25.288649 v _17638_/Y (sky130_fd_sc_hd__a31oi_4)
                                                         _07768_ (net)
                      0.068349    0.000831   25.289480 v _17656_/A2 (sky130_fd_sc_hd__o311a_4)
     3    0.009463    0.044515    0.238554   25.528034 v _17656_/X (sky130_fd_sc_hd__o311a_4)
                                                         _07786_ (net)
                      0.044515    0.000362   25.528397 v _17682_/A1 (sky130_fd_sc_hd__a21o_1)
     3    0.010757    0.046435    0.124665   25.653061 v _17682_/X (sky130_fd_sc_hd__a21o_1)
                                                         _07812_ (net)
                      0.046437    0.000366   25.653427 v _17737_/A2 (sky130_fd_sc_hd__a21o_1)
     1    0.004873    0.030096    0.122803   25.776230 v _17737_/X (sky130_fd_sc_hd__a21o_1)
                                                         _07867_ (net)
                      0.030097    0.000142   25.776373 v _17745_/A2 (sky130_fd_sc_hd__a21oi_2)
     1    0.005831    0.080291    0.098774   25.875147 ^ _17745_/Y (sky130_fd_sc_hd__a21oi_2)
                                                         _07875_ (net)
                      0.080291    0.000183   25.875330 ^ fanout403/A (sky130_fd_sc_hd__buf_6)
     7    0.048740    0.077996    0.109063   25.984392 ^ fanout403/X (sky130_fd_sc_hd__buf_6)
                                                         net403 (net)
                      0.078037    0.001458   25.985851 ^ fanout401/A (sky130_fd_sc_hd__buf_12)
     5    0.036670    0.042036    0.085587   26.071438 ^ fanout401/X (sky130_fd_sc_hd__buf_12)
                                                         net401 (net)
                      0.042257    0.002398   26.073835 ^ _17784_/S (sky130_fd_sc_hd__mux2_4)
     3    0.011207    0.045666    0.194149   26.267984 v _17784_/X (sky130_fd_sc_hd__mux2_4)
                                                         _07914_ (net)
                      0.045666    0.000426   26.268410 v _17786_/B (sky130_fd_sc_hd__xnor2_1)
     2    0.007733    0.064892    0.098689   26.367100 v _17786_/Y (sky130_fd_sc_hd__xnor2_1)
                                                         _07916_ (net)
                      0.064892    0.000194   26.367292 v _17789_/A (sky130_fd_sc_hd__or2_4)
     4    0.014010    0.042628    0.177163   26.544456 v _17789_/X (sky130_fd_sc_hd__or2_4)
                                                         _07919_ (net)
                      0.042631    0.000352   26.544807 v _17812_/A1 (sky130_fd_sc_hd__a2111o_1)
     2    0.009260    0.064892    0.245185   26.789993 v _17812_/X (sky130_fd_sc_hd__a2111o_1)
                                                         _07942_ (net)
                      0.064893    0.000325   26.790318 v _17843_/A2 (sky130_fd_sc_hd__a211o_4)
     2    0.013502    0.045203    0.228845   27.019163 v _17843_/X (sky130_fd_sc_hd__a211o_4)
                                                         _07973_ (net)
                      0.045203    0.000520   27.019684 v _17849_/B (sky130_fd_sc_hd__nand3b_4)
     4    0.023026    0.077734    0.081080   27.100763 ^ _17849_/Y (sky130_fd_sc_hd__nand3b_4)
                                                         _07979_ (net)
                      0.077738    0.000924   27.101686 ^ _17873_/A (sky130_fd_sc_hd__nand3_4)
     4    0.021194    0.072079    0.063615   27.165302 v _17873_/Y (sky130_fd_sc_hd__nand3_4)
                                                         _08003_ (net)
                      0.072080    0.000492   27.165794 v _17904_/A1 (sky130_fd_sc_hd__a21o_4)
     6    0.028763    0.045873    0.165658   27.331451 v _17904_/X (sky130_fd_sc_hd__a21o_4)
                                                         _08034_ (net)
                      0.045898    0.000997   27.332449 v _17909_/A1 (sky130_fd_sc_hd__a21oi_4)
     3    0.018744    0.132151    0.131122   27.463570 ^ _17909_/Y (sky130_fd_sc_hd__a21oi_4)
                                                         _08039_ (net)
                      0.132151    0.000393   27.463963 ^ fanout397/A (sky130_fd_sc_hd__buf_6)
     5    0.035513    0.060173    0.102167   27.566130 ^ fanout397/X (sky130_fd_sc_hd__buf_6)
                                                         net397 (net)
                      0.060318    0.002357   27.568487 ^ _17936_/S (sky130_fd_sc_hd__mux2_4)
     4    0.026296    0.062387    0.217682   27.786169 v _17936_/X (sky130_fd_sc_hd__mux2_4)
                                                         _08066_ (net)
                      0.062410    0.001062   27.787231 v _17937_/A (sky130_fd_sc_hd__xnor2_4)
     3    0.012183    0.047303    0.112008   27.899239 v _17937_/Y (sky130_fd_sc_hd__xnor2_4)
                                                         _08067_ (net)
                      0.047303    0.000229   27.899467 v _17961_/A (sky130_fd_sc_hd__or4_4)
     1    0.004455    0.057769    0.319783   28.219252 v _17961_/X (sky130_fd_sc_hd__or4_4)
                                                         _08091_ (net)
                      0.057769    0.000130   28.219381 v _17966_/A1 (sky130_fd_sc_hd__o31a_4)
     6    0.024107    0.056999    0.252761   28.472143 v _17966_/X (sky130_fd_sc_hd__o31a_4)
                                                         _08096_ (net)
                      0.057055    0.001325   28.473469 v _18084_/A1 (sky130_fd_sc_hd__a211o_4)
     2    0.013535    0.045309    0.220831   28.694300 v _18084_/X (sky130_fd_sc_hd__a211o_4)
                                                         _08214_ (net)
                      0.045309    0.000409   28.694708 v _18086_/A2 (sky130_fd_sc_hd__a21oi_4)
     5    0.036348    0.212856    0.205304   28.900013 ^ _18086_/Y (sky130_fd_sc_hd__a21oi_4)
                                                         _08216_ (net)
                      0.212862    0.000863   28.900875 ^ fanout392/A (sky130_fd_sc_hd__buf_8)
     5    0.035868    0.053558    0.098497   28.999372 ^ fanout392/X (sky130_fd_sc_hd__buf_8)
                                                         net392 (net)
                      0.053778    0.002711   29.002083 ^ _18160_/S (sky130_fd_sc_hd__mux2_4)
     3    0.024923    0.060997    0.215737   29.217819 v _18160_/X (sky130_fd_sc_hd__mux2_4)
                                                         _08290_ (net)
                      0.061025    0.001151   29.218971 v _18162_/B (sky130_fd_sc_hd__xnor2_4)
     2    0.010960    0.112496    0.118144   29.337114 ^ _18162_/Y (sky130_fd_sc_hd__xnor2_4)
                                                         _08292_ (net)
                      0.112497    0.000249   29.337364 ^ _18164_/A1 (sky130_fd_sc_hd__o21ai_2)
     3    0.011509    0.049227    0.060343   29.397707 v _18164_/Y (sky130_fd_sc_hd__o21ai_2)
                                                         _08294_ (net)
                      0.049246    0.000266   29.397972 v _18167_/A2 (sky130_fd_sc_hd__a31o_1)
     3    0.009329    0.047798    0.157629   29.555601 v _18167_/X (sky130_fd_sc_hd__a31o_1)
                                                         _08297_ (net)
                      0.047799    0.000274   29.555876 v _18193_/A2 (sky130_fd_sc_hd__a21o_1)
     5    0.018017    0.066889    0.159815   29.715691 v _18193_/X (sky130_fd_sc_hd__a21o_1)
                                                         _08323_ (net)
                      0.066896    0.000711   29.716400 v _18198_/A2 (sky130_fd_sc_hd__a21o_1)
     4    0.018527    0.068255    0.167969   29.884369 v _18198_/X (sky130_fd_sc_hd__a21o_1)
                                                         _08328_ (net)
                      0.068259    0.000558   29.884928 v _18204_/A1 (sky130_fd_sc_hd__a21bo_4)
     4    0.020494    0.041069    0.163368   30.048296 v _18204_/X (sky130_fd_sc_hd__a21bo_4)
                                                         _08334_ (net)
                      0.041076    0.000508   30.048803 v _18259_/A2 (sky130_fd_sc_hd__a21o_1)
     1    0.006868    0.035866    0.127084   30.175888 v _18259_/X (sky130_fd_sc_hd__a21o_1)
                                                         _08389_ (net)
                      0.035867    0.000249   30.176136 v fanout390/A (sky130_fd_sc_hd__buf_6)
     8    0.046081    0.038498    0.098566   30.274702 v fanout390/X (sky130_fd_sc_hd__buf_6)
                                                         net390 (net)
                      0.038528    0.000984   30.275686 v fanout388/A (sky130_fd_sc_hd__clkbuf_2)
     5    0.025584    0.070488    0.113797   30.389484 v fanout388/X (sky130_fd_sc_hd__clkbuf_2)
                                                         net388 (net)
                      0.070512    0.001219   30.390703 v _18363_/S (sky130_fd_sc_hd__mux2_1)
     3    0.022669    0.106598    0.262126   30.652828 v _18363_/X (sky130_fd_sc_hd__mux2_1)
                                                         _08493_ (net)
                      0.106629    0.001712   30.654541 v _18370_/B (sky130_fd_sc_hd__nor2_1)
     3    0.011453    0.156057    0.157769   30.812309 ^ _18370_/Y (sky130_fd_sc_hd__nor2_1)
                                                         _08500_ (net)
                      0.156058    0.000327   30.812637 ^ _18383_/B (sky130_fd_sc_hd__nor2_1)
     2    0.007993    0.053796    0.050701   30.863338 v _18383_/Y (sky130_fd_sc_hd__nor2_1)
                                                         _08513_ (net)
                      0.053796    0.000128   30.863466 v _18384_/C (sky130_fd_sc_hd__and3b_1)
     4    0.020728    0.078917    0.170797   31.034262 v _18384_/X (sky130_fd_sc_hd__and3b_1)
                                                         _08514_ (net)
                      0.078935    0.001123   31.035385 v _18450_/B (sky130_fd_sc_hd__and4_1)
     2    0.009181    0.047363    0.146368   31.181753 v _18450_/X (sky130_fd_sc_hd__and4_1)
                                                         _08580_ (net)
                      0.047365    0.000369   31.182123 v _18451_/A2 (sky130_fd_sc_hd__a21oi_1)
     3    0.010862    0.185563    0.181135   31.363258 ^ _18451_/Y (sky130_fd_sc_hd__a21oi_1)
                                                         _08581_ (net)
                      0.185563    0.000245   31.363503 ^ fanout384/A (sky130_fd_sc_hd__clkbuf_4)
    10    0.041452    0.100629    0.173010   31.536512 ^ fanout384/X (sky130_fd_sc_hd__clkbuf_4)
                                                         net384 (net)
                      0.100641    0.001148   31.537661 ^ _18454_/B (sky130_fd_sc_hd__nand2_4)
     2    0.020702    0.044085    0.050651   31.588312 v _18454_/Y (sky130_fd_sc_hd__nand2_4)
                                                         _08584_ (net)
                      0.044093    0.000465   31.588778 v fanout381/A (sky130_fd_sc_hd__buf_8)
     5    0.032546    0.029152    0.092857   31.681635 v fanout381/X (sky130_fd_sc_hd__buf_8)
                                                         net381 (net)
                      0.029155    0.000451   31.682085 v fanout380/A (sky130_fd_sc_hd__buf_8)
     5    0.036004    0.030731    0.088477   31.770563 v fanout380/X (sky130_fd_sc_hd__buf_8)
                                                         net380 (net)
                      0.030792    0.001208   31.771770 v fanout379/A (sky130_fd_sc_hd__buf_8)
     7    0.032915    0.029158    0.087574   31.859344 v fanout379/X (sky130_fd_sc_hd__buf_8)
                                                         net379 (net)
                      0.029191    0.000885   31.860229 v fanout378/A (sky130_fd_sc_hd__buf_8)
     5    0.030597    0.028272    0.085286   31.945515 v fanout378/X (sky130_fd_sc_hd__buf_8)
                                                         net378 (net)
                      0.028568    0.002171   31.947687 v _18543_/S (sky130_fd_sc_hd__mux2_4)
     3    0.016037    0.051272    0.206231   32.153919 v _18543_/X (sky130_fd_sc_hd__mux2_4)
                                                         _08673_ (net)
                      0.051278    0.000579   32.154495 v _18545_/A (sky130_fd_sc_hd__xnor2_2)
     4    0.010940    0.141233    0.150806   32.305302 ^ _18545_/Y (sky130_fd_sc_hd__xnor2_2)
                                                         _08675_ (net)
                      0.141235    0.000295   32.305599 ^ _18556_/B (sky130_fd_sc_hd__and3_1)
     2    0.005497    0.053012    0.120394   32.425991 ^ _18556_/X (sky130_fd_sc_hd__and3_1)
                                                         _08686_ (net)
                      0.053012    0.000114   32.426105 ^ _18574_/D_N (sky130_fd_sc_hd__or4bb_4)
     2    0.007712    0.062770    0.273797   32.699902 v _18574_/X (sky130_fd_sc_hd__or4bb_4)
                                                         _08704_ (net)
                      0.062771    0.000227   32.700130 v _18646_/B (sky130_fd_sc_hd__or3b_4)
     5    0.031854    0.077255    0.275435   32.975563 v _18646_/X (sky130_fd_sc_hd__or3b_4)
                                                         _08776_ (net)
                      0.077331    0.002135   32.977699 v _18647_/A2 (sky130_fd_sc_hd__a21oi_4)
     4    0.027535    0.172159    0.187441   33.165142 ^ _18647_/Y (sky130_fd_sc_hd__a21oi_4)
                                                         _08777_ (net)
                      0.172159    0.000398   33.165539 ^ fanout377/A (sky130_fd_sc_hd__buf_6)
     5    0.036747    0.062409    0.105249   33.270786 ^ fanout377/X (sky130_fd_sc_hd__buf_6)
                                                         net377 (net)
                      0.062480    0.001688   33.272476 ^ _18656_/A (sky130_fd_sc_hd__nor2_1)
     4    0.023470    0.101801    0.079588   33.352062 v _18656_/Y (sky130_fd_sc_hd__nor2_1)
                                                         _08786_ (net)
                      0.101807    0.000643   33.352707 v fanout373/A (sky130_fd_sc_hd__clkbuf_4)
    10    0.050047    0.076724    0.168022   33.520729 v fanout373/X (sky130_fd_sc_hd__clkbuf_4)
                                                         net373 (net)
                      0.076786    0.001997   33.522724 v _18703_/A1 (sky130_fd_sc_hd__o31a_2)
     4    0.023121    0.070151    0.264834   33.787560 v _18703_/X (sky130_fd_sc_hd__o31a_2)
                                                         _08833_ (net)
                      0.070158    0.000785   33.788345 v _18705_/B (sky130_fd_sc_hd__xnor2_1)
     3    0.008545    0.161292    0.160053   33.948399 ^ _18705_/Y (sky130_fd_sc_hd__xnor2_1)
                                                         _08835_ (net)
                      0.161292    0.000234   33.948631 ^ _18707_/C (sky130_fd_sc_hd__and3_1)
     2    0.006190    0.057804    0.124100   34.072731 ^ _18707_/X (sky130_fd_sc_hd__and3_1)
                                                         _08837_ (net)
                      0.057804    0.000195   34.072926 ^ _18709_/D_N (sky130_fd_sc_hd__or4b_4)
     4    0.027031    0.084723    0.310266   34.383194 v _18709_/X (sky130_fd_sc_hd__or4b_4)
                                                         _08839_ (net)
                      0.084751    0.001375   34.384567 v _18859_/A (sky130_fd_sc_hd__nor2_4)
     6    0.022048    0.115824    0.136584   34.521152 ^ _18859_/Y (sky130_fd_sc_hd__nor2_4)
                                                         _08989_ (net)
                      0.115870    0.000671   34.521824 ^ _18880_/A2 (sky130_fd_sc_hd__a211o_1)
     1    0.003982    0.035774    0.090957   34.612778 ^ _18880_/X (sky130_fd_sc_hd__a211o_1)
                                                         _09010_ (net)
                      0.035774    0.000128   34.612907 ^ fanout368/A (sky130_fd_sc_hd__clkbuf_4)
     9    0.066815    0.154255    0.174342   34.787251 ^ fanout368/X (sky130_fd_sc_hd__clkbuf_4)
                                                         net368 (net)
                      0.154270    0.001275   34.788525 ^ fanout367/A (sky130_fd_sc_hd__buf_6)
    10    0.048903    0.078826    0.116824   34.905350 ^ fanout367/X (sky130_fd_sc_hd__buf_6)
                                                         net367 (net)
                      0.078868    0.001478   34.906826 ^ _18930_/S (sky130_fd_sc_hd__mux2_4)
     5    0.026822    0.062972    0.219064   35.125893 v _18930_/X (sky130_fd_sc_hd__mux2_4)
                                                         _09060_ (net)
                      0.063036    0.001741   35.127632 v _18933_/B (sky130_fd_sc_hd__xnor2_2)
     3    0.013708    0.163974    0.153332   35.280964 ^ _18933_/Y (sky130_fd_sc_hd__xnor2_2)
                                                         _09063_ (net)
                      0.163974    0.000227   35.281189 ^ _18953_/D (sky130_fd_sc_hd__and4_1)
     2    0.020131    0.150894    0.210338   35.491528 ^ _18953_/X (sky130_fd_sc_hd__and4_1)
                                                         _09083_ (net)
                      0.150900    0.001169   35.492699 ^ _18982_/C (sky130_fd_sc_hd__nand4_4)
     3    0.007834    0.066155    0.064048   35.556747 v _18982_/Y (sky130_fd_sc_hd__nand4_4)
                                                         _09112_ (net)
                      0.066155    0.000199   35.556946 v _19017_/A2 (sky130_fd_sc_hd__a2111o_1)
     3    0.012566    0.073964    0.297131   35.854076 v _19017_/X (sky130_fd_sc_hd__a2111o_1)
                                                         _09147_ (net)
                      0.073968    0.000629   35.854706 v _19018_/A1 (sky130_fd_sc_hd__a21o_1)
     4    0.013460    0.053878    0.142332   35.997036 v _19018_/X (sky130_fd_sc_hd__a21o_1)
                                                         _09148_ (net)
                      0.053880    0.000409   35.997444 v _19053_/A1 (sky130_fd_sc_hd__a21oi_1)
     4    0.016140    0.259039    0.220350   36.217796 ^ _19053_/Y (sky130_fd_sc_hd__a21oi_1)
                                                         _09183_ (net)
                      0.259043    0.000842   36.218639 ^ fanout366/A (sky130_fd_sc_hd__buf_2)
    10    0.042904    0.159062    0.193367   36.412006 ^ fanout366/X (sky130_fd_sc_hd__buf_2)
                                                         net366 (net)
                      0.159194    0.003766   36.415771 ^ _19090_/A (sky130_fd_sc_hd__or3b_1)
     3    0.008395    0.064674    0.113111   36.528881 ^ _19090_/X (sky130_fd_sc_hd__or3b_1)
                                                         _09220_ (net)
                      0.064674    0.000256   36.529137 ^ _19096_/A1 (sky130_fd_sc_hd__a21oi_1)
     4    0.012391    0.067070    0.070607   36.599743 v _19096_/Y (sky130_fd_sc_hd__a21oi_1)
                                                         _09226_ (net)
                      0.067071    0.000263   36.600006 v _19108_/A (sky130_fd_sc_hd__or4b_4)
     2    0.009203    0.064302    0.338403   36.938412 v _19108_/X (sky130_fd_sc_hd__or4b_4)
                                                         _09238_ (net)
                      0.064302    0.000188   36.938599 v _19166_/B (sky130_fd_sc_hd__nor4_2)
     1    0.003442    0.139619    0.170296   37.108894 ^ _19166_/Y (sky130_fd_sc_hd__nor4_2)
                                                         _09296_ (net)
                      0.139619    0.000107   37.109001 ^ _19173_/A1 (sky130_fd_sc_hd__a221o_2)
     4    0.021233    0.088239    0.151424   37.260426 ^ _19173_/X (sky130_fd_sc_hd__a221o_2)
                                                         _09303_ (net)
                      0.088252    0.001069   37.261494 ^ _19202_/A2 (sky130_fd_sc_hd__a221o_1)
     4    0.021678    0.161302    0.181899   37.443394 ^ _19202_/X (sky130_fd_sc_hd__a221o_1)
                                                         _09332_ (net)
                      0.161311    0.000984   37.444378 ^ _19233_/A1 (sky130_fd_sc_hd__a41o_4)
     8    0.042076    0.101681    0.193719   37.638096 ^ _19233_/X (sky130_fd_sc_hd__a41o_4)
                                                         _09363_ (net)
                      0.101705    0.001521   37.639618 ^ _19267_/A2 (sky130_fd_sc_hd__a21o_1)
     2    0.012245    0.085447    0.120423   37.760040 ^ _19267_/X (sky130_fd_sc_hd__a21o_1)
                                                         _09397_ (net)
                      0.085448    0.000448   37.760487 ^ fanout360/A (sky130_fd_sc_hd__buf_6)
     5    0.036253    0.060701    0.096804   37.857292 ^ fanout360/X (sky130_fd_sc_hd__buf_6)
                                                         net360 (net)
                      0.060854    0.002437   37.859730 ^ fanout358/A (sky130_fd_sc_hd__buf_8)
     5    0.034016    0.049419    0.084299   37.944027 ^ fanout358/X (sky130_fd_sc_hd__buf_8)
                                                         net358 (net)
                      0.049519    0.001776   37.945805 ^ _19343_/S (sky130_fd_sc_hd__mux2_4)
     3    0.010094    0.044483    0.193772   38.139576 v _19343_/X (sky130_fd_sc_hd__mux2_4)
                                                         _09473_ (net)
                      0.044483    0.000259   38.139835 v _19344_/B (sky130_fd_sc_hd__and2_4)
     2    0.006332    0.024673    0.105679   38.245514 v _19344_/X (sky130_fd_sc_hd__and2_4)
                                                         _09474_ (net)
                      0.024673    0.000139   38.245651 v _19346_/A (sky130_fd_sc_hd__or2_4)
     2    0.007404    0.035955    0.152244   38.397896 v _19346_/X (sky130_fd_sc_hd__or2_4)
                                                         _09476_ (net)
                      0.035955    0.000149   38.398048 v _19354_/D (sky130_fd_sc_hd__or4_4)
     2    0.005785    0.060014    0.245219   38.643265 v _19354_/X (sky130_fd_sc_hd__or4_4)
                                                         _09484_ (net)
                      0.060014    0.000153   38.643417 v _19355_/C (sky130_fd_sc_hd__or4_4)
     4    0.013050    0.068823    0.307818   38.951237 v _19355_/X (sky130_fd_sc_hd__or4_4)
                                                         _09485_ (net)
                      0.068823    0.000394   38.951630 v _19417_/A2 (sky130_fd_sc_hd__a2111o_1)
     3    0.016932    0.087289    0.311928   39.263557 v _19417_/X (sky130_fd_sc_hd__a2111o_1)
                                                         _09547_ (net)
                      0.087301    0.001048   39.264606 v _19448_/A2 (sky130_fd_sc_hd__a2111o_4)
     7    0.035384    0.081108    0.366363   39.630970 v _19448_/X (sky130_fd_sc_hd__a2111o_4)
                                                         _09578_ (net)
                      0.081114    0.000824   39.631794 v _19461_/A (sky130_fd_sc_hd__nand2_4)
     2    0.011837    0.048790    0.063732   39.695526 ^ _19461_/Y (sky130_fd_sc_hd__nand2_4)
                                                         _09591_ (net)
                      0.048791    0.000270   39.695797 ^ fanout357/A (sky130_fd_sc_hd__buf_8)
     5    0.036108    0.051706    0.083325   39.779121 ^ fanout357/X (sky130_fd_sc_hd__buf_8)
                                                         net357 (net)
                      0.051852    0.002199   39.781322 ^ fanout355/A (sky130_fd_sc_hd__buf_8)
     5    0.034805    0.050245    0.083027   39.864349 ^ fanout355/X (sky130_fd_sc_hd__buf_8)
                                                         net355 (net)
                      0.050375    0.002036   39.866383 ^ _19507_/S (sky130_fd_sc_hd__mux2_4)
     4    0.025975    0.061805    0.216367   40.082752 v _19507_/X (sky130_fd_sc_hd__mux2_4)
                                                         _09637_ (net)
                      0.061820    0.000885   40.083633 v _19510_/A (sky130_fd_sc_hd__xnor2_4)
     3    0.010753    0.046912    0.109644   40.193279 v _19510_/Y (sky130_fd_sc_hd__xnor2_4)
                                                         _09640_ (net)
                      0.046931    0.000334   40.193615 v _19528_/A (sky130_fd_sc_hd__or4_4)
     1    0.004283    0.057456    0.319176   40.512791 v _19528_/X (sky130_fd_sc_hd__or4_4)
                                                         _09658_ (net)
                      0.057457    0.000149   40.512939 v _19529_/C1 (sky130_fd_sc_hd__a211o_1)
     3    0.007109    0.047914    0.125898   40.638836 v _19529_/X (sky130_fd_sc_hd__a211o_1)
                                                         _09659_ (net)
                      0.047914    0.000178   40.639015 v _19562_/A2 (sky130_fd_sc_hd__a2111o_1)
     4    0.017990    0.090576    0.308379   40.947392 v _19562_/X (sky130_fd_sc_hd__a2111o_1)
                                                         _09692_ (net)
                      0.090583    0.000867   40.948257 v _19596_/A2 (sky130_fd_sc_hd__a2111o_1)
     3    0.010249    0.067431    0.297177   41.245438 v _19596_/X (sky130_fd_sc_hd__a2111o_1)
                                                         _09726_ (net)
                      0.067431    0.000227   41.245663 v _19631_/A2 (sky130_fd_sc_hd__a21bo_1)
     3    0.012984    0.054051    0.163372   41.409035 v _19631_/X (sky130_fd_sc_hd__a21bo_1)
                                                         _09761_ (net)
                      0.054051    0.000306   41.409340 v _19642_/A2 (sky130_fd_sc_hd__a21o_1)
     3    0.013067    0.052739    0.150095   41.559437 v _19642_/X (sky130_fd_sc_hd__a21o_1)
                                                         _09772_ (net)
                      0.052740    0.000281   41.559715 v fanout352/A (sky130_fd_sc_hd__buf_6)
     5    0.022111    0.026118    0.092921   41.652637 v fanout352/X (sky130_fd_sc_hd__buf_6)
                                                         net352 (net)
                      0.026162    0.000949   41.653587 v _19667_/A1 (sky130_fd_sc_hd__a21o_1)
     3    0.007796    0.038740    0.108564   41.762150 v _19667_/X (sky130_fd_sc_hd__a21o_1)
                                                         _09797_ (net)
                      0.038741    0.000217   41.762367 v _19704_/C (sky130_fd_sc_hd__and3_1)
     3    0.008424    0.043999    0.133003   41.895370 v _19704_/X (sky130_fd_sc_hd__and3_1)
                                                         _09834_ (net)
                      0.043999    0.000185   41.895554 v _19714_/B (sky130_fd_sc_hd__or4_4)
     3    0.009235    0.064193    0.315936   42.211491 v _19714_/X (sky130_fd_sc_hd__or4_4)
                                                         _09844_ (net)
                      0.064193    0.000139   42.211628 v _19719_/C (sky130_fd_sc_hd__or4_4)
     5    0.121583    0.170105    0.428646   42.640274 v _19719_/X (sky130_fd_sc_hd__or4_4)
                                                         _09849_ (net)
                      0.170141    0.002085   42.642361 v _19723_/C1 (sky130_fd_sc_hd__o2111ai_4)
     5    0.022371    0.203921    0.143874   42.786236 ^ _19723_/Y (sky130_fd_sc_hd__o2111ai_4)
                                                         _09853_ (net)
                      0.203921    0.000526   42.786758 ^ _19783_/C (sky130_fd_sc_hd__nand3_4)
     5    0.028816    0.086146    0.083674   42.870434 v _19783_/Y (sky130_fd_sc_hd__nand3_4)
                                                         _09913_ (net)
                      0.086180    0.001315   42.871750 v _19852_/A2 (sky130_fd_sc_hd__a2111o_4)
     7    0.040375    0.086596    0.372783   43.244530 v _19852_/X (sky130_fd_sc_hd__a2111o_4)
                                                         _09982_ (net)
                      0.086605    0.000941   43.245472 v _19881_/A (sky130_fd_sc_hd__nand2_8)
     5    0.036203    0.066751    0.081801   43.327274 ^ _19881_/Y (sky130_fd_sc_hd__nand2_8)
                                                         _10011_ (net)
                      0.066754    0.000696   43.327969 ^ fanout347/A (sky130_fd_sc_hd__buf_8)
     5    0.033624    0.048805    0.085780   43.413750 ^ fanout347/X (sky130_fd_sc_hd__buf_8)
                                                         net347 (net)
                      0.048871    0.001094   43.414845 ^ _19942_/S (sky130_fd_sc_hd__mux2_4)
     4    0.025813    0.061835    0.215792   43.630638 v _19942_/X (sky130_fd_sc_hd__mux2_4)
                                                         _10072_ (net)
                      0.061862    0.001133   43.631771 v _19943_/A (sky130_fd_sc_hd__xnor2_4)
     4    0.013921    0.053856    0.113953   43.745724 v _19943_/Y (sky130_fd_sc_hd__xnor2_4)
                                                         _10073_ (net)
                      0.053856    0.000277   43.745998 v _19954_/B (sky130_fd_sc_hd__or4_4)
     2    0.007645    0.062295    0.315701   44.061703 v _19954_/X (sky130_fd_sc_hd__or4_4)
                                                         _10084_ (net)
                      0.062296    0.000199   44.061901 v _19958_/A2 (sky130_fd_sc_hd__o31a_1)
     2    0.013902    0.066521    0.215451   44.277351 v _19958_/X (sky130_fd_sc_hd__o31a_1)
                                                         _10088_ (net)
                      0.066522    0.000401   44.277752 v _20023_/A2 (sky130_fd_sc_hd__o2111ai_4)
     6    0.037996    0.273715    0.248399   44.526150 ^ _20023_/Y (sky130_fd_sc_hd__o2111ai_4)
                                                         _10153_ (net)
                      0.273719    0.001954   44.528107 ^ _20056_/C (sky130_fd_sc_hd__nand3_4)
     6    0.024799    0.087872    0.079538   44.607643 v _20056_/Y (sky130_fd_sc_hd__nand3_4)
                                                         _10186_ (net)
                      0.087875    0.000554   44.608196 v _20091_/A (sky130_fd_sc_hd__nand2_4)
     1    0.008130    0.042340    0.059668   44.667866 ^ _20091_/Y (sky130_fd_sc_hd__nand2_4)
                                                         _10221_ (net)
                      0.042340    0.000249   44.668114 ^ fanout343/A (sky130_fd_sc_hd__buf_8)
     7    0.048720    0.066069    0.092864   44.760979 ^ fanout343/X (sky130_fd_sc_hd__buf_8)
                                                         net343 (net)
                      0.066080    0.000703   44.761681 ^ fanout342/A (sky130_fd_sc_hd__buf_6)
    10    0.061812    0.096852    0.119428   44.881111 ^ fanout342/X (sky130_fd_sc_hd__buf_6)
                                                         net342 (net)
                      0.097032    0.003396   44.884506 ^ _20098_/S (sky130_fd_sc_hd__mux2_4)
     4    0.017298    0.052959    0.209141   45.093647 v _20098_/X (sky130_fd_sc_hd__mux2_4)
                                                         _10228_ (net)
                      0.052974    0.000856   45.094505 v _20101_/B (sky130_fd_sc_hd__xnor2_1)
     1    0.004686    0.051050    0.090772   45.185276 v _20101_/Y (sky130_fd_sc_hd__xnor2_1)
                                                         _10231_ (net)
                      0.051050    0.000139   45.185413 v _20102_/A (sky130_fd_sc_hd__inv_2)
     3    0.013419    0.050601    0.061043   45.246456 ^ _20102_/Y (sky130_fd_sc_hd__inv_2)
                                                         _10232_ (net)
                      0.050620    0.000309   45.246765 ^ _20121_/A1 (sky130_fd_sc_hd__o211ai_2)
     4    0.016805    0.078917    0.084494   45.331261 v _20121_/Y (sky130_fd_sc_hd__o211ai_2)
                                                         _10251_ (net)
                      0.078923    0.000508   45.331768 v _20156_/A3 (sky130_fd_sc_hd__a31o_4)
     3    0.014348    0.036861    0.181494   45.513264 v _20156_/X (sky130_fd_sc_hd__a31o_4)
                                                         _10286_ (net)
                      0.036869    0.000544   45.513805 v _20217_/A2 (sky130_fd_sc_hd__a221o_4)
     8    0.039031    0.068804    0.257490   45.771297 v _20217_/X (sky130_fd_sc_hd__a221o_4)
                                                         _10353_ (net)
                      0.068883    0.002082   45.773376 v _20303_/A2 (sky130_fd_sc_hd__a21o_1)
     3    0.014541    0.056896    0.158838   45.932217 v _20303_/X (sky130_fd_sc_hd__a21o_1)
                                                         _10448_ (net)
                      0.056897    0.000352   45.932568 v fanout339/A (sky130_fd_sc_hd__buf_8)
     6    0.044494    0.035883    0.103778   46.036346 v fanout339/X (sky130_fd_sc_hd__buf_8)
                                                         net339 (net)
                      0.036267    0.002888   46.039234 v fanout338/A (sky130_fd_sc_hd__buf_8)
     5    0.030511    0.028114    0.088530   46.127766 v fanout338/X (sky130_fd_sc_hd__buf_8)
                                                         net338 (net)
                      0.028187    0.001251   46.129013 v _20359_/S (sky130_fd_sc_hd__mux2_4)
     3    0.007722    0.041952    0.191761   46.320778 v _20359_/X (sky130_fd_sc_hd__mux2_4)
                                                         _10509_ (net)
                      0.041952    0.000181   46.320957 v _20361_/B (sky130_fd_sc_hd__and2_4)
     2    0.011827    0.029079    0.111434   46.432392 v _20361_/X (sky130_fd_sc_hd__and2_4)
                                                         _10512_ (net)
                      0.029086    0.000412   46.432804 v _20362_/B (sky130_fd_sc_hd__nor2_4)
     2    0.008217    0.062006    0.058709   46.491512 ^ _20362_/Y (sky130_fd_sc_hd__nor2_4)
                                                         _10513_ (net)
                      0.062006    0.000156   46.491669 ^ _20363_/C_N (sky130_fd_sc_hd__or3b_4)
     1    0.004045    0.045874    0.224038   46.715706 v _20363_/X (sky130_fd_sc_hd__or3b_4)
                                                         _10514_ (net)
                      0.045874    0.000099   46.715805 v _20364_/C (sky130_fd_sc_hd__or4_4)
     5    0.016478    0.072838    0.310386   47.026192 v _20364_/X (sky130_fd_sc_hd__or4_4)
                                                         _10515_ (net)
                      0.072839    0.000586   47.026779 v _20427_/A2 (sky130_fd_sc_hd__a2111o_4)
     6    0.025869    0.071463    0.349495   47.376274 v _20427_/X (sky130_fd_sc_hd__a2111o_4)
                                                         _10584_ (net)
                      0.071509    0.001069   47.377342 v _20484_/A1 (sky130_fd_sc_hd__a2111oi_1)
     2    0.008345    0.359287    0.338396   47.715740 ^ _20484_/Y (sky130_fd_sc_hd__a2111oi_1)
                                                         _10647_ (net)
                      0.359287    0.000242   47.715981 ^ fanout335/A (sky130_fd_sc_hd__clkbuf_2)
    10    0.035867    0.152741    0.188699   47.904678 ^ fanout335/X (sky130_fd_sc_hd__clkbuf_2)
                                                         net335 (net)
                      0.152761    0.001450   47.906128 ^ _20580_/B (sky130_fd_sc_hd__or3_1)
     3    0.008451    0.064834    0.109896   48.016026 ^ _20580_/X (sky130_fd_sc_hd__or3_1)
                                                         _10752_ (net)
                      0.064834    0.000249   48.016273 ^ _20582_/A2 (sky130_fd_sc_hd__a21oi_1)
     4    0.010827    0.077001    0.069399   48.085670 v _20582_/Y (sky130_fd_sc_hd__a21oi_1)
                                                         _10755_ (net)
                      0.077003    0.000323   48.085995 v _20593_/A (sky130_fd_sc_hd__or4b_4)
     1    0.003585    0.056732    0.328509   48.414505 v _20593_/X (sky130_fd_sc_hd__or4b_4)
                                                         _10767_ (net)
                      0.056733    0.000114   48.414619 v _20594_/A (sky130_fd_sc_hd__or4_4)
     2    0.009657    0.064717    0.334477   48.749096 v _20594_/X (sky130_fd_sc_hd__or4_4)
                                                         _10768_ (net)
                      0.064717    0.000355   48.749451 v _20595_/C (sky130_fd_sc_hd__or4_4)
     2    0.007703    0.062354    0.298421   49.047871 v _20595_/X (sky130_fd_sc_hd__or4_4)
                                                         _10769_ (net)
                      0.062354    0.000139   49.048008 v _20675_/A2 (sky130_fd_sc_hd__o221a_4)
     4    0.016182    0.044070    0.180030   49.228039 v _20675_/X (sky130_fd_sc_hd__o221a_4)
                                                         _10857_ (net)
                      0.044074    0.000433   49.228474 v _20704_/A1 (sky130_fd_sc_hd__a211o_4)
     5    0.033394    0.064783    0.241172   49.469646 v _20704_/X (sky130_fd_sc_hd__a211o_4)
                                                         _10889_ (net)
                      0.064791    0.000774   49.470421 v _20765_/A (sky130_fd_sc_hd__nand2_4)
     2    0.017397    0.057211    0.066329   49.536751 ^ _20765_/Y (sky130_fd_sc_hd__nand2_4)
                                                         _10956_ (net)
                      0.057214    0.000494   49.537243 ^ fanout330/A (sky130_fd_sc_hd__buf_8)
     6    0.039504    0.055357    0.088789   49.626034 ^ fanout330/X (sky130_fd_sc_hd__buf_8)
                                                         net330 (net)
                      0.055412    0.001055   49.627087 ^ fanout329/A (sky130_fd_sc_hd__buf_12)
     6    0.046214    0.049509    0.086658   49.713745 ^ fanout329/X (sky130_fd_sc_hd__buf_12)
                                                         net329 (net)
                      0.049697    0.002441   49.716187 ^ clone51/A (sky130_fd_sc_hd__clkbuf_2)
     5    0.027614    0.118196    0.133163   49.849350 ^ clone51/X (sky130_fd_sc_hd__clkbuf_2)
                                                         net984 (net)
                      0.118199    0.000473   49.849823 ^ _20918_/A2 (sky130_fd_sc_hd__o21a_1)
     3    0.017584    0.127807    0.145810   49.995632 ^ _20918_/X (sky130_fd_sc_hd__o21a_1)
                                                         _11123_ (net)
                      0.127858    0.000995   49.996628 ^ _20920_/B (sky130_fd_sc_hd__or2_4)
     5    0.015291    0.046461    0.106972   50.103600 ^ _20920_/X (sky130_fd_sc_hd__or2_4)
                                                         _11125_ (net)
                      0.046461    0.000284   50.103882 ^ _20922_/A (sky130_fd_sc_hd__nand2_1)
     3    0.011367    0.053093    0.056104   50.159988 v _20922_/Y (sky130_fd_sc_hd__nand2_1)
                                                         _11128_ (net)
                      0.053094    0.000220   50.160210 v _20923_/D (sky130_fd_sc_hd__or4_4)
     2    0.006628    0.060994    0.251191   50.411400 v _20923_/X (sky130_fd_sc_hd__or4_4)
                                                         _11129_ (net)
                      0.060994    0.000192   50.411591 v _20956_/C (sky130_fd_sc_hd__or3_4)
     2    0.011678    0.053779    0.214516   50.626106 v _20956_/X (sky130_fd_sc_hd__or3_4)
                                                         _11165_ (net)
                      0.053779    0.000306   50.626411 v _20966_/A1 (sky130_fd_sc_hd__o31ai_4)
     2    0.015804    0.199924    0.225622   50.852036 ^ _20966_/Y (sky130_fd_sc_hd__o31ai_4)
                                                         _11176_ (net)
                      0.199925    0.000785   50.852821 ^ wire327/A (sky130_fd_sc_hd__buf_6)
     5    0.032637    0.056928    0.102808   50.955627 ^ wire327/X (sky130_fd_sc_hd__buf_6)
                                                         net327 (net)
                      0.056942    0.000846   50.956474 ^ _20973_/A2 (sky130_fd_sc_hd__a21o_4)
     5    0.033408    0.075301    0.114959   51.071434 ^ _20973_/X (sky130_fd_sc_hd__a21o_4)
                                                         _11184_ (net)
                      0.075308    0.000785   51.072220 ^ fanout326/A (sky130_fd_sc_hd__buf_12)
     5    0.037562    0.042712    0.085642   51.157860 ^ fanout326/X (sky130_fd_sc_hd__buf_12)
                                                         net326 (net)
                      0.042913    0.002313   51.160172 ^ _20982_/B2 (sky130_fd_sc_hd__a22oi_1)
     1    0.005004    0.088238    0.044921   51.205093 v _20982_/Y (sky130_fd_sc_hd__a22oi_1)
                                                         _11194_ (net)
                      0.088238    0.000153   51.205246 v _20986_/A (sky130_fd_sc_hd__xnor2_1)
     2    0.008236    0.064789    0.120309   51.325554 v _20986_/Y (sky130_fd_sc_hd__xnor2_1)
                                                         _11198_ (net)
                      0.064811    0.000114   51.325668 v _20987_/A1 (sky130_fd_sc_hd__o31a_1)
     2    0.010267    0.056700    0.217469   51.543137 v _20987_/X (sky130_fd_sc_hd__o31a_1)
                                                         _11199_ (net)
                      0.056701    0.000302   51.543438 v _20989_/A1 (sky130_fd_sc_hd__o21ba_4)
     3    0.010619    0.031781    0.151399   51.694839 v _20989_/X (sky130_fd_sc_hd__o21ba_4)
                                                         _11201_ (net)
                      0.031801    0.000334   51.695171 v _20999_/A2 (sky130_fd_sc_hd__o22ai_2)
     3    0.010125    0.124974    0.118433   51.813606 ^ _20999_/Y (sky130_fd_sc_hd__o22ai_2)
                                                         _11212_ (net)
                      0.124974    0.000384   51.813988 ^ _21030_/A1 (sky130_fd_sc_hd__a41o_1)
     4    0.020490    0.150218    0.184961   51.998951 ^ _21030_/X (sky130_fd_sc_hd__a41o_1)
                                                         _11245_ (net)
                      0.150222    0.000984   51.999935 ^ _21062_/A2 (sky130_fd_sc_hd__a221o_2)
     5    0.028093    0.113454    0.170431   52.170364 ^ _21062_/X (sky130_fd_sc_hd__a221o_2)
                                                         _11280_ (net)
                      0.113468    0.001013   52.171379 ^ _21132_/A1 (sky130_fd_sc_hd__a41o_4)
     5    0.041559    0.101698    0.184219   52.355598 ^ _21132_/X (sky130_fd_sc_hd__a41o_4)
                                                         _11356_ (net)
                      0.101911    0.003279   52.358875 ^ _21197_/A2 (sky130_fd_sc_hd__a21o_1)
     1    0.008039    0.059183    0.101554   52.460430 ^ _21197_/X (sky130_fd_sc_hd__a21o_1)
                                                         _11426_ (net)
                      0.059183    0.000242   52.460670 ^ fanout323/A (sky130_fd_sc_hd__buf_8)
     7    0.058151    0.076349    0.104556   52.565228 ^ fanout323/X (sky130_fd_sc_hd__buf_8)
                                                         net323 (net)
                      0.076364    0.000874   52.566101 ^ fanout322/A (sky130_fd_sc_hd__buf_12)
     5    0.029702    0.036493    0.081133   52.647236 ^ fanout322/X (sky130_fd_sc_hd__buf_12)
                                                         net322 (net)
                      0.036624    0.001489   52.648724 ^ _21271_/S (sky130_fd_sc_hd__mux2_4)
     4    0.015385    0.050455    0.199989   52.848713 v _21271_/X (sky130_fd_sc_hd__mux2_4)
                                                         _11507_ (net)
                      0.050462    0.000572   52.849285 v _21272_/B (sky130_fd_sc_hd__xnor2_1)
     3    0.011124    0.073825    0.112152   52.961437 v _21272_/Y (sky130_fd_sc_hd__xnor2_1)
                                                         _11508_ (net)
                      0.073851    0.000163   52.961601 v _21278_/C (sky130_fd_sc_hd__nor4_1)
     2    0.020702    0.591777    0.488310   53.449909 ^ _21278_/Y (sky130_fd_sc_hd__nor4_1)
                                                         _11514_ (net)
                      0.591777    0.000320   53.450230 ^ _21289_/A1 (sky130_fd_sc_hd__a211o_1)
     3    0.016415    0.114161    0.142126   53.592358 ^ _21289_/X (sky130_fd_sc_hd__a211o_1)
                                                         _11526_ (net)
                      0.114161    0.000448   53.592804 ^ _21319_/A2 (sky130_fd_sc_hd__a221o_2)
     4    0.020231    0.084656    0.145228   53.738033 ^ _21319_/X (sky130_fd_sc_hd__a221o_2)
                                                         _11558_ (net)
                      0.084665    0.000892   53.738926 ^ _21349_/B1 (sky130_fd_sc_hd__a221o_2)
     6    0.033231    0.132045    0.166736   53.905659 ^ _21349_/X (sky130_fd_sc_hd__a221o_2)
                                                         _11591_ (net)
                      0.132114    0.001428   53.907089 ^ _21412_/A2 (sky130_fd_sc_hd__a21o_1)
     3    0.010183    0.072504    0.115055   54.022144 ^ _21412_/X (sky130_fd_sc_hd__a21o_1)
                                                         _11660_ (net)
                      0.072504    0.000217   54.022358 ^ _21417_/A1 (sky130_fd_sc_hd__a31o_1)
     1    0.006285    0.053937    0.097724   54.120083 ^ _21417_/X (sky130_fd_sc_hd__a31o_1)
                                                         _11665_ (net)
                      0.053937    0.000206   54.120289 ^ fanout318/A (sky130_fd_sc_hd__buf_6)
     7    0.056436    0.089147    0.112230   54.232521 ^ fanout318/X (sky130_fd_sc_hd__buf_6)
                                                         net318 (net)
                      0.089153    0.000608   54.233128 ^ fanout316/A (sky130_fd_sc_hd__clkbuf_4)
    10    0.058926    0.137019    0.178524   54.411652 ^ fanout316/X (sky130_fd_sc_hd__clkbuf_4)
                                                         net316 (net)
                      0.137240    0.004501   54.416153 ^ _21549_/S (sky130_fd_sc_hd__mux2_2)
     4    0.032315    0.089995    0.267331   54.683483 v _21549_/X (sky130_fd_sc_hd__mux2_2)
                                                         _11808_ (net)
                      0.090182    0.003599   54.687084 v _21552_/B (sky130_fd_sc_hd__xnor2_1)
     3    0.011279    0.078237    0.128139   54.815224 v _21552_/Y (sky130_fd_sc_hd__xnor2_1)
                                                         _11812_ (net)
                      0.078238    0.000224   54.815445 v _21565_/B (sky130_fd_sc_hd__or4b_1)
     1    0.003637    0.057223    0.298151   55.113598 v _21565_/X (sky130_fd_sc_hd__or4b_1)
                                                         _11825_ (net)
                      0.057223    0.000110   55.113708 v _21566_/C (sky130_fd_sc_hd__or3_4)
     4    0.019909    0.063794    0.227534   55.341240 v _21566_/X (sky130_fd_sc_hd__or3_4)
                                                         _11826_ (net)
                      0.063794    0.000810   55.342052 v _21570_/A1 (sky130_fd_sc_hd__a21o_4)
     7    0.032884    0.049199    0.166239   55.508289 v _21570_/X (sky130_fd_sc_hd__a21o_4)
                                                         _11830_ (net)
                      0.049210    0.000735   55.509026 v _21578_/A1 (sky130_fd_sc_hd__a21o_2)
     8    0.031317    0.070962    0.170822   55.679848 v _21578_/X (sky130_fd_sc_hd__a21o_2)
                                                         _11838_ (net)
                      0.070967    0.000664   55.680511 v _21640_/A (sky130_fd_sc_hd__and3_1)
     1    0.005123    0.034148    0.110610   55.791122 v _21640_/X (sky130_fd_sc_hd__and3_1)
                                                         _11904_ (net)
                      0.034148    0.000195   55.791317 v fanout311/A (sky130_fd_sc_hd__clkbuf_2)
     5    0.034894    0.093290    0.129408   55.920723 v fanout311/X (sky130_fd_sc_hd__clkbuf_2)
                                                         net311 (net)
                      0.093298    0.000902   55.921627 v _21647_/A1 (sky130_fd_sc_hd__o31ai_4)
     5    0.031470    0.302841    0.317296   56.238922 ^ _21647_/Y (sky130_fd_sc_hd__o31ai_4)
                                                         _11912_ (net)
                      0.302946    0.001542   56.240463 ^ _21780_/B (sky130_fd_sc_hd__xnor2_2)
     3    0.013561    0.078742    0.070003   56.310467 v _21780_/Y (sky130_fd_sc_hd__xnor2_2)
                                                         _12058_ (net)
                      0.078746    0.000476   56.310944 v _21803_/A (sky130_fd_sc_hd__nor4_2)
     2    0.008214    0.206056    0.241702   56.552647 ^ _21803_/Y (sky130_fd_sc_hd__nor4_2)
                                                         _12084_ (net)
                      0.206056    0.000160   56.552803 ^ max_cap304/A (sky130_fd_sc_hd__buf_1)
     2    0.009559    0.089160    0.099956   56.652760 ^ max_cap304/X (sky130_fd_sc_hd__buf_1)
                                                         net304 (net)
                      0.089160    0.000171   56.652931 ^ _21828_/A1 (sky130_fd_sc_hd__a21o_1)
     3    0.020645    0.138472    0.150841   56.803772 ^ _21828_/X (sky130_fd_sc_hd__a21o_1)
                                                         _12111_ (net)
                      0.138490    0.001332   56.805103 ^ _21861_/B (sky130_fd_sc_hd__nand4_2)
     6    0.017728    0.104584    0.112113   56.917217 v _21861_/Y (sky130_fd_sc_hd__nand4_2)
                                                         _12148_ (net)
                      0.104621    0.000444   56.917660 v _21917_/A_N (sky130_fd_sc_hd__nand2b_2)
     2    0.031519    0.093635    0.191662   57.109322 v _21917_/Y (sky130_fd_sc_hd__nand2b_2)
                                                         _12209_ (net)
                      0.093647    0.000906   57.110229 v fanout302/A (sky130_fd_sc_hd__buf_2)
    10    0.052164    0.087409    0.163787   57.274017 v fanout302/X (sky130_fd_sc_hd__buf_2)
                                                         net302 (net)
                      0.087548    0.002455   57.276470 v _21949_/A2 (sky130_fd_sc_hd__a311o_1)
     3    0.010986    0.067051    0.242483   57.518955 v _21949_/X (sky130_fd_sc_hd__a311o_1)
                                                         _12244_ (net)
                      0.067054    0.000544   57.519497 v _21952_/C (sky130_fd_sc_hd__and3_1)
     2    0.005818    0.036105    0.135586   57.655083 v _21952_/X (sky130_fd_sc_hd__and3_1)
                                                         _12248_ (net)
                      0.036106    0.000178   57.655262 v _21961_/C (sky130_fd_sc_hd__or4b_4)
     3    0.011887    0.067481    0.299465   57.954727 v _21961_/X (sky130_fd_sc_hd__or4b_4)
                                                         _12258_ (net)
                      0.067481    0.000508   57.955235 v _21976_/D (sky130_fd_sc_hd__or4_4)
     3    0.010949    0.066295    0.264762   58.219997 v _21976_/X (sky130_fd_sc_hd__or4_4)
                                                         _12274_ (net)
                      0.066295    0.000238   58.220234 v _22001_/A2 (sky130_fd_sc_hd__a2111o_1)
     4    0.014499    0.079630    0.303540   58.523777 v _22001_/X (sky130_fd_sc_hd__a2111o_1)
                                                         _12302_ (net)
                      0.079631    0.000398   58.524174 v _22061_/A2 (sky130_fd_sc_hd__a2111o_4)
     7    0.035508    0.081499    0.363645   58.887817 v _22061_/X (sky130_fd_sc_hd__a2111o_4)
                                                         _12368_ (net)
                      0.081596    0.002490   58.890308 v _22173_/A2 (sky130_fd_sc_hd__o21ba_4)
     3    0.023429    0.043221    0.160334   59.050644 v _22173_/X (sky130_fd_sc_hd__o21ba_4)
                                                         _12491_ (net)
                      0.043270    0.001272   59.051914 v fanout296/A (sky130_fd_sc_hd__buf_8)
     5    0.026710    0.026287    0.089411   59.141327 v fanout296/X (sky130_fd_sc_hd__buf_8)
                                                         net296 (net)
                      0.026530    0.001844   59.143169 v _22192_/A (sky130_fd_sc_hd__nand2_1)
     1    0.005891    0.054757    0.049990   59.193161 ^ _22192_/Y (sky130_fd_sc_hd__nand2_1)
                                                         _12512_ (net)
                      0.054757    0.000224   59.193386 ^ fanout294/A (sky130_fd_sc_hd__clkbuf_4)
     9    0.050986    0.120355    0.157652   59.351036 ^ fanout294/X (sky130_fd_sc_hd__clkbuf_4)
                                                         net294 (net)
                      0.120402    0.000632   59.351669 ^ fanout293/A (sky130_fd_sc_hd__buf_8)
    10    0.061809    0.080943    0.113779   59.465446 ^ fanout293/X (sky130_fd_sc_hd__buf_8)
                                                         net293 (net)
                      0.081076    0.002657   59.468105 ^ _22207_/S (sky130_fd_sc_hd__mux2_2)
     4    0.017152    0.061745    0.236970   59.705074 v _22207_/X (sky130_fd_sc_hd__mux2_2)
                                                         _12528_ (net)
                      0.061752    0.000647   59.705723 v _22210_/B (sky130_fd_sc_hd__xnor2_1)
     3    0.011667    0.078917    0.118455   59.824177 v _22210_/Y (sky130_fd_sc_hd__xnor2_1)
                                                         _12531_ (net)
                      0.078944    0.000263   59.824440 v _22225_/A (sky130_fd_sc_hd__or3b_4)
     3    0.016777    0.062011    0.275797   60.100235 v _22225_/X (sky130_fd_sc_hd__or3b_4)
                                                         _12548_ (net)
                      0.062045    0.000355   60.100590 v _22258_/A2 (sky130_fd_sc_hd__o311a_4)
     5    0.026821    0.062989    0.263078   60.363670 v _22258_/X (sky130_fd_sc_hd__o311a_4)
                                                         _12584_ (net)
                      0.063047    0.001251   60.364922 v _22310_/A1 (sky130_fd_sc_hd__o211a_1)
     1    0.004584    0.033742    0.155005   60.519924 v _22310_/X (sky130_fd_sc_hd__o211a_1)
                                                         _12641_ (net)
                      0.033745    0.000163   60.520088 v fanout289/A (sky130_fd_sc_hd__clkbuf_2)
     5    0.029036    0.078898    0.118327   60.638416 v fanout289/X (sky130_fd_sc_hd__clkbuf_2)
                                                         net289 (net)
                      0.078899    0.000448   60.638863 v fanout288/A (sky130_fd_sc_hd__clkbuf_4)
    10    0.049072    0.075861    0.156369   60.795231 v fanout288/X (sky130_fd_sc_hd__clkbuf_4)
                                                         net288 (net)
                      0.075879    0.001251   60.796482 v _22432_/A (sky130_fd_sc_hd__nand2_1)
     2    0.011911    0.090212    0.098204   60.894688 ^ _22432_/Y (sky130_fd_sc_hd__nand2_1)
                                                         _12776_ (net)
                      0.090213    0.000263   60.894951 ^ fanout285/A (sky130_fd_sc_hd__clkbuf_2)
     5    0.026073    0.112191    0.138009   61.032959 ^ fanout285/X (sky130_fd_sc_hd__clkbuf_2)
                                                         net285 (net)
                      0.112237    0.000846   61.033802 ^ _22503_/S (sky130_fd_sc_hd__mux2_2)
     5    0.023997    0.073760    0.252264   61.286068 v _22503_/X (sky130_fd_sc_hd__mux2_2)
                                                         _12854_ (net)
                      0.073791    0.001421   61.287487 v _22505_/B1 (sky130_fd_sc_hd__o221ai_2)
     3    0.009369    0.138320    0.146166   61.433655 ^ _22505_/Y (sky130_fd_sc_hd__o221ai_2)
                                                         _12856_ (net)
                      0.138320    0.000377   61.434032 ^ _22543_/C_N (sky130_fd_sc_hd__or4bb_4)
     3    0.008012    0.063142    0.330424   61.764454 v _22543_/X (sky130_fd_sc_hd__or4bb_4)
                                                         _12898_ (net)
                      0.063142    0.000178   61.764633 v _22547_/A1 (sky130_fd_sc_hd__a21o_1)
     4    0.017656    0.065838    0.148368   61.913002 v _22547_/X (sky130_fd_sc_hd__a21o_1)
                                                         _12902_ (net)
                      0.065848    0.000789   61.913788 v _22582_/A2 (sky130_fd_sc_hd__a211o_4)
     5    0.030365    0.062003    0.250289   62.164078 v _22582_/X (sky130_fd_sc_hd__a211o_4)
                                                         _12941_ (net)
                      0.062121    0.002338   62.166416 v _22643_/A2 (sky130_fd_sc_hd__o221a_4)
     1    0.011552    0.038713    0.172278   62.338696 v _22643_/X (sky130_fd_sc_hd__o221a_4)
                                                         _13008_ (net)
                      0.038740    0.000540   62.339233 v fanout281/A (sky130_fd_sc_hd__buf_8)
     8    0.047292    0.037596    0.097110   62.436344 v fanout281/X (sky130_fd_sc_hd__buf_8)
                                                         net281 (net)
                      0.037908    0.002800   62.439144 v _22773_/A (sky130_fd_sc_hd__nand2_2)
     3    0.020517    0.090974    0.081933   62.521076 ^ _22773_/Y (sky130_fd_sc_hd__nand2_2)
                                                         _13151_ (net)
                      0.090979    0.000512   62.521587 ^ fanout275/A (sky130_fd_sc_hd__buf_8)
     5    0.031402    0.046806    0.087049   62.608635 ^ fanout275/X (sky130_fd_sc_hd__buf_8)
                                                         net275 (net)
                      0.046959    0.002110   62.610748 ^ _22784_/S (sky130_fd_sc_hd__mux2_2)
     4    0.016357    0.060526    0.230841   62.841587 v _22784_/X (sky130_fd_sc_hd__mux2_2)
                                                         _13163_ (net)
                      0.060533    0.000632   62.842220 v _22786_/B (sky130_fd_sc_hd__xnor2_1)
     3    0.014830    0.098831    0.128715   62.970936 v _22786_/Y (sky130_fd_sc_hd__xnor2_1)
                                                         _13165_ (net)
                      0.098859    0.000362   62.971298 v _22806_/A2 (sky130_fd_sc_hd__a311oi_2)
     2    0.006365    0.172049    0.203563   63.174862 ^ _22806_/Y (sky130_fd_sc_hd__a311oi_2)
                                                         _13187_ (net)
                      0.172049    0.000163   63.175026 ^ _22870_/A (sky130_fd_sc_hd__and3_1)
     4    0.014972    0.117987    0.169216   63.344238 ^ _22870_/X (sky130_fd_sc_hd__and3_1)
                                                         _13257_ (net)
                      0.117988    0.000590   63.344830 ^ _22897_/C (sky130_fd_sc_hd__or3_4)
     3    0.011964    0.036872    0.103263   63.448093 ^ _22897_/X (sky130_fd_sc_hd__or3_4)
                                                         _13287_ (net)
                      0.036876    0.000426   63.448521 ^ _22929_/A2 (sky130_fd_sc_hd__a21o_1)
     4    0.016963    0.114990    0.129909   63.578426 ^ _22929_/X (sky130_fd_sc_hd__a21o_1)
                                                         _13322_ (net)
                      0.115028    0.000583   63.579010 ^ _22958_/A2 (sky130_fd_sc_hd__a21oi_2)
     2    0.013637    0.050497    0.061320   63.640331 v _22958_/Y (sky130_fd_sc_hd__a21oi_2)
                                                         _13354_ (net)
                      0.050509    0.000576   63.640907 v fanout271/A (sky130_fd_sc_hd__buf_6)
     6    0.045067    0.038298    0.103569   63.744476 v fanout271/X (sky130_fd_sc_hd__buf_6)
                                                         net271 (net)
                      0.038621    0.002800   63.747272 v _23358_/B (sky130_fd_sc_hd__or4b_4)
     5    0.025392    0.083323    0.344244   64.091515 v _23358_/X (sky130_fd_sc_hd__or4b_4)
                                                         _13794_ (net)
                      0.083352    0.002068   64.093582 v rebuffer147/A (sky130_fd_sc_hd__buf_6)
     1    0.008646    0.018573    0.095959   64.189545 v rebuffer147/X (sky130_fd_sc_hd__buf_6)
                                                         net1080 (net)
                      0.018573    0.000277   64.189819 v _23362_/C (sky130_fd_sc_hd__nor4_4)
     2    0.007569    0.163001    0.152973   64.342796 ^ _23362_/Y (sky130_fd_sc_hd__nor4_4)
                                                         _13799_ (net)
                      0.163001    0.000192   64.342987 ^ wire258/A (sky130_fd_sc_hd__clkbuf_1)
     3    0.007197    0.069443    0.086430   64.429413 ^ wire258/X (sky130_fd_sc_hd__clkbuf_1)
                                                         net258 (net)
                      0.069443    0.000185   64.429604 ^ _23374_/A2 (sky130_fd_sc_hd__a21oi_1)
     2    0.005117    0.037634    0.050846   64.480446 v _23374_/Y (sky130_fd_sc_hd__a21oi_1)
                                                         _13812_ (net)
                      0.037634    0.000135   64.480583 v _23386_/A (sky130_fd_sc_hd__or4b_4)
     2    0.006317    0.060831    0.322871   64.803452 v _23386_/X (sky130_fd_sc_hd__or4b_4)
                                                         _13825_ (net)
                      0.060832    0.000178   64.803635 v _23387_/A (sky130_fd_sc_hd__or3_4)
     3    0.008555    0.050401    0.245805   65.049438 v _23387_/X (sky130_fd_sc_hd__or3_4)
                                                         _13826_ (net)
                      0.050401    0.000192   65.049629 v _23388_/A (sky130_fd_sc_hd__or3_4)
     3    0.010964    0.053016    0.246679   65.296310 v _23388_/X (sky130_fd_sc_hd__or3_4)
                                                         _13827_ (net)
                      0.053016    0.000306   65.296616 v _23395_/D (sky130_fd_sc_hd__or4_4)
     2    0.023708    0.081697    0.282562   65.579178 v _23395_/X (sky130_fd_sc_hd__or4_4)
                                                         _13835_ (net)
                      0.081720    0.001826   65.581001 v _23396_/B1 (sky130_fd_sc_hd__a311o_4)
     4    0.028655    0.069029    0.197289   65.778290 v _23396_/X (sky130_fd_sc_hd__a311o_4)
                                                         _13836_ (net)
                      0.069046    0.001080   65.779373 v fanout256/A (sky130_fd_sc_hd__buf_8)
     8    0.031416    0.028361    0.103277   65.882645 v fanout256/X (sky130_fd_sc_hd__buf_8)
                                                         net256 (net)
                      0.028411    0.001052   65.883698 v _23597_/S (sky130_fd_sc_hd__mux2_4)
     4    0.029515    0.065457    0.222713   66.106415 v _23597_/X (sky130_fd_sc_hd__mux2_4)
                                                         _14057_ (net)
                      0.065459    0.000526   66.106934 v _23599_/B (sky130_fd_sc_hd__or2_4)
     3    0.011209    0.039658    0.159545   66.266479 v _23599_/X (sky130_fd_sc_hd__or2_4)
                                                         _14059_ (net)
                      0.039658    0.000171   66.266655 v _23608_/B (sky130_fd_sc_hd__or4b_4)
     1    0.002829    0.055565    0.300673   66.567329 v _23608_/X (sky130_fd_sc_hd__or4b_4)
                                                         _14069_ (net)
                      0.055565    0.000085   66.567413 v _23609_/C (sky130_fd_sc_hd__or4_4)
     6    0.017867    0.074732    0.316234   66.883644 v _23609_/X (sky130_fd_sc_hd__or4_4)
                                                         _14070_ (net)
                      0.074734    0.000455   66.884102 v _23723_/C (sky130_fd_sc_hd__or4b_4)
     2    0.005976    0.060353    0.299444   67.183548 v _23723_/X (sky130_fd_sc_hd__or4b_4)
                                                         _14196_ (net)
                      0.060353    0.000171   67.183716 v _23725_/B (sky130_fd_sc_hd__or3_4)
     2    0.013004    0.055242    0.241542   67.425255 v _23725_/X (sky130_fd_sc_hd__or3_4)
                                                         _14198_ (net)
                      0.055242    0.000426   67.425682 v fanout249/A (sky130_fd_sc_hd__buf_8)
     5    0.034831    0.030474    0.098545   67.524231 v fanout249/X (sky130_fd_sc_hd__buf_8)
                                                         net249 (net)
                      0.030476    0.000348   67.524574 v fanout248/A (sky130_fd_sc_hd__clkbuf_4)
    10    0.048855    0.074587    0.137163   67.661743 v fanout248/X (sky130_fd_sc_hd__clkbuf_4)
                                                         net248 (net)
                      0.074656    0.002039   67.663780 v _23926_/S (sky130_fd_sc_hd__mux2_1)
     4    0.013308    0.075760    0.235787   67.899567 v _23926_/X (sky130_fd_sc_hd__mux2_1)
                                                         _14419_ (net)
                      0.075762    0.000490   67.900055 v _23979_/B1 (sky130_fd_sc_hd__o22ai_1)
     2    0.006230    0.125940    0.129162   68.029221 ^ _23979_/Y (sky130_fd_sc_hd__o22ai_1)
                                                         _14477_ (net)
                      0.125942    0.000149   68.029366 ^ _23980_/B (sky130_fd_sc_hd__nand2b_1)
     1    0.010140    0.062041    0.073165   68.102531 v _23980_/Y (sky130_fd_sc_hd__nand2b_1)
                                                         _14478_ (net)
                      0.062065    0.000362   68.102898 v _23982_/A1 (sky130_fd_sc_hd__o311ai_4)
     3    0.018917    0.247459    0.266986   68.369881 ^ _23982_/Y (sky130_fd_sc_hd__o311ai_4)
                                                         _14481_ (net)
                      0.247460    0.000689   68.370567 ^ _23983_/D_N (sky130_fd_sc_hd__or4b_1)
     1    0.003018    0.053925    0.244647   68.615219 v _23983_/X (sky130_fd_sc_hd__or4b_1)
                                                         _14482_ (net)
                      0.053925    0.000092   68.615311 v _23990_/B (sky130_fd_sc_hd__nand3_1)
     2    0.006102    0.070027    0.079332   68.694641 ^ _23990_/Y (sky130_fd_sc_hd__nand3_1)
                                                         _14489_ (net)
                      0.070027    0.000142   68.694786 ^ _23992_/C1 (sky130_fd_sc_hd__a211o_1)
     1    0.004815    0.041031    0.068511   68.763290 ^ _23992_/X (sky130_fd_sc_hd__a211o_1)
                                                         _14492_ (net)
                      0.041031    0.000178   68.763474 ^ fanout244/A (sky130_fd_sc_hd__clkbuf_2)
     5    0.028145    0.120405    0.131855   68.895325 ^ fanout244/X (sky130_fd_sc_hd__clkbuf_2)
                                                         net244 (net)
                      0.120423    0.001222   68.896545 ^ fanout242/A (sky130_fd_sc_hd__buf_2)
     5    0.032609    0.122373    0.154884   69.051430 ^ fanout242/X (sky130_fd_sc_hd__buf_2)
                                                         net242 (net)
                      0.122434    0.001329   69.052765 ^ fanout241/A (sky130_fd_sc_hd__buf_6)
    10    0.049874    0.080193    0.115875   69.168640 ^ fanout241/X (sky130_fd_sc_hd__buf_6)
                                                         net241 (net)
                      0.080413    0.003389   69.172028 ^ _24023_/S (sky130_fd_sc_hd__mux2_1)
     4    0.021471    0.102539    0.256826   69.428856 v _24023_/X (sky130_fd_sc_hd__mux2_1)
                                                         _14526_ (net)
                      0.102557    0.001343   69.430199 v _24026_/B (sky130_fd_sc_hd__xnor2_1)
     3    0.012130    0.212076    0.209894   69.640091 ^ _24026_/Y (sky130_fd_sc_hd__xnor2_1)
                                                         _14529_ (net)
                      0.212077    0.000398   69.640488 ^ _24035_/B (sky130_fd_sc_hd__nand4_1)
     1    0.008558    0.092995    0.096939   69.737427 v _24035_/Y (sky130_fd_sc_hd__nand4_1)
                                                         _14539_ (net)
                      0.092998    0.000405   69.737831 v _24036_/B1 (sky130_fd_sc_hd__a211o_1)
     4    0.015347    0.071879    0.184436   69.922264 v _24036_/X (sky130_fd_sc_hd__a211o_1)
                                                         _14540_ (net)
                      0.071880    0.000398   69.922668 v _24092_/A1 (sky130_fd_sc_hd__a2111o_1)
     3    0.015104    0.081537    0.275335   70.197998 v _24092_/X (sky130_fd_sc_hd__a2111o_1)
                                                         _14602_ (net)
                      0.081542    0.000753   70.198753 v _24124_/A1 (sky130_fd_sc_hd__a31o_4)
     5    0.024245    0.045116    0.178673   70.377426 v _24124_/X (sky130_fd_sc_hd__a31o_4)
                                                         _14637_ (net)
                      0.045173    0.001123   70.378548 v _24158_/A1 (sky130_fd_sc_hd__a21oi_4)
     3    0.020365    0.139507    0.136559   70.515106 ^ _24158_/Y (sky130_fd_sc_hd__a21oi_4)
                                                         _14674_ (net)
                      0.139507    0.000405   70.515511 ^ fanout239/A (sky130_fd_sc_hd__buf_4)
    10    0.034435    0.077386    0.128594   70.644104 ^ fanout239/X (sky130_fd_sc_hd__buf_4)
                                                         net239 (net)
                      0.077465    0.001513   70.645622 ^ _24242_/A (sky130_fd_sc_hd__nor2_1)
     2    0.014161    0.079308    0.062229   70.707848 v _24242_/Y (sky130_fd_sc_hd__nor2_1)
                                                         _14767_ (net)
                      0.079310    0.000377   70.708229 v fanout237/A (sky130_fd_sc_hd__clkbuf_4)
    10    0.052883    0.080125    0.161656   70.869881 v fanout237/X (sky130_fd_sc_hd__clkbuf_4)
                                                         net237 (net)
                      0.080214    0.002416   70.872299 v _24250_/A2 (sky130_fd_sc_hd__a21oi_2)
     4    0.012253    0.127005    0.153356   71.025658 ^ _24250_/Y (sky130_fd_sc_hd__a21oi_2)
                                                         _14775_ (net)
                      0.127005    0.000270   71.025925 ^ _24252_/C_N (sky130_fd_sc_hd__or3b_4)
     2    0.009184    0.052846    0.242814   71.268738 v _24252_/X (sky130_fd_sc_hd__or3b_4)
                                                         _14778_ (net)
                      0.052846    0.000448   71.269188 v _24274_/B (sky130_fd_sc_hd__or4_4)
     3    0.012856    0.068602    0.326132   71.595322 v _24274_/X (sky130_fd_sc_hd__or4_4)
                                                         _14802_ (net)
                      0.068602    0.000554   71.595871 v _24301_/A2 (sky130_fd_sc_hd__a21o_1)
     4    0.013193    0.053110    0.155424   71.751297 v _24301_/X (sky130_fd_sc_hd__a21o_1)
                                                         _14832_ (net)
                      0.053110    0.000263   71.751556 v _24365_/A2 (sky130_fd_sc_hd__a2111o_4)
     6    0.032574    0.078246    0.352017   72.103577 v _24365_/X (sky130_fd_sc_hd__a2111o_4)
                                                         _14902_ (net)
                      0.078264    0.001123   72.104698 v _24442_/A1 (sky130_fd_sc_hd__a21oi_4)
     9    0.045003    0.252935    0.234451   72.339149 ^ _24442_/Y (sky130_fd_sc_hd__a21oi_4)
                                                         _14987_ (net)
                      0.252953    0.001705   72.340858 ^ _24503_/B (sky130_fd_sc_hd__or3_1)
     3    0.013753    0.100020    0.140901   72.481758 ^ _24503_/X (sky130_fd_sc_hd__or3_1)
                                                         _15054_ (net)
                      0.100022    0.000604   72.482361 ^ _24507_/A1 (sky130_fd_sc_hd__a21oi_1)
     4    0.012730    0.073353    0.079787   72.562149 v _24507_/Y (sky130_fd_sc_hd__a21oi_1)
                                                         _15058_ (net)
                      0.073355    0.000320   72.562469 v _24517_/A (sky130_fd_sc_hd__or4_4)
     2    0.007679    0.062345    0.335888   72.898354 v _24517_/X (sky130_fd_sc_hd__or4_4)
                                                         _15069_ (net)
                      0.062345    0.000213   72.898567 v _24529_/A1 (sky130_fd_sc_hd__o32a_4)
     3    0.012009    0.046668    0.245301   73.143867 v _24529_/X (sky130_fd_sc_hd__o32a_4)
                                                         _15082_ (net)
                      0.046668    0.000441   73.144310 v _24555_/A2 (sky130_fd_sc_hd__a2111o_1)
     3    0.010366    0.067647    0.282988   73.427299 v _24555_/X (sky130_fd_sc_hd__a2111o_1)
                                                         _15111_ (net)
                      0.067647    0.000142   73.427437 v _24586_/A1 (sky130_fd_sc_hd__a21o_1)
     3    0.013355    0.053623    0.139678   73.567116 v _24586_/X (sky130_fd_sc_hd__a21o_1)
                                                         _00264_ (net)
                      0.053628    0.000547   73.567665 v _24621_/A1 (sky130_fd_sc_hd__a21bo_1)
     5    0.019896    0.073775    0.158373   73.726036 v _24621_/X (sky130_fd_sc_hd__a21bo_1)
                                                         _00303_ (net)
                      0.073787    0.000931   73.726967 v _24726_/A1 (sky130_fd_sc_hd__a21oi_1)
     2    0.011608    0.195999    0.183064   73.910034 ^ _24726_/Y (sky130_fd_sc_hd__a21oi_1)
                                                         _00418_ (net)
                      0.196002    0.000647   73.910675 ^ fanout227/A (sky130_fd_sc_hd__buf_2)
    10    0.037974    0.141608    0.175874   74.086555 ^ fanout227/X (sky130_fd_sc_hd__buf_2)
                                                         net227 (net)
                      0.141618    0.001002   74.087555 ^ _24811_/B (sky130_fd_sc_hd__or3_4)
     4    0.012674    0.040635    0.109807   74.197365 ^ _24811_/X (sky130_fd_sc_hd__or3_4)
                                                         _00512_ (net)
                      0.040637    0.000306   74.197670 ^ rebuffer108/A (sky130_fd_sc_hd__buf_1)
     1    0.002668    0.031217    0.052893   74.250557 ^ rebuffer108/X (sky130_fd_sc_hd__buf_1)
                                                         net1041 (net)
                      0.031217    0.000078   74.250641 ^ _24815_/A1 (sky130_fd_sc_hd__a21oi_1)
     3    0.009182    0.062279    0.052360   74.303001 v _24815_/Y (sky130_fd_sc_hd__a21oi_1)
                                                         _00516_ (net)
                      0.062280    0.000178   74.303177 v _24826_/A (sky130_fd_sc_hd__or4_4)
     1    0.004356    0.057637    0.324420   74.627594 v _24826_/X (sky130_fd_sc_hd__or4_4)
                                                         _00528_ (net)
                      0.057637    0.000149   74.627747 v _24827_/A (sky130_fd_sc_hd__or4_4)
     3    0.009639    0.064675    0.334751   74.962494 v _24827_/X (sky130_fd_sc_hd__or4_4)
                                                         _00529_ (net)
                      0.064675    0.000263   74.962761 v _24859_/B (sky130_fd_sc_hd__or3_4)
     2    0.011902    0.054023    0.241123   75.203880 v _24859_/X (sky130_fd_sc_hd__or3_4)
                                                         _00564_ (net)
                      0.054023    0.000227   75.204109 v _24956_/A3 (sky130_fd_sc_hd__o31ai_4)
     3    0.015552    0.198652    0.177216   75.381325 ^ _24956_/Y (sky130_fd_sc_hd__o31ai_4)
                                                         _00671_ (net)
                      0.198653    0.000604   75.381927 ^ max_cap213/A (sky130_fd_sc_hd__buf_6)
     5    0.027589    0.050022    0.097664   75.479591 ^ max_cap213/X (sky130_fd_sc_hd__buf_6)
                                                         net213 (net)
                      0.050030    0.000625   75.480217 ^ _25231_/A2 (sky130_fd_sc_hd__a211o_1)
     1    0.006794    0.052733    0.091894   75.572113 ^ _25231_/X (sky130_fd_sc_hd__a211o_1)
                                                         _00973_ (net)
                      0.052733    0.000242   75.572357 ^ fanout212/A (sky130_fd_sc_hd__buf_6)
     7    0.049821    0.079691    0.105224   75.677582 ^ fanout212/X (sky130_fd_sc_hd__buf_6)
                                                         net212 (net)
                      0.079871    0.003070   75.680649 ^ clone23/A (sky130_fd_sc_hd__dlymetal6s2s_1)
     5    0.040886    0.312295    0.263519   75.944168 ^ clone23/X (sky130_fd_sc_hd__dlymetal6s2s_1)
                                                         net956 (net)
                      0.312312    0.001947   75.946114 ^ _25239_/S (sky130_fd_sc_hd__mux2_2)
     3    0.021394    0.069162    0.252648   76.198761 v _25239_/X (sky130_fd_sc_hd__mux2_2)
                                                         _00981_ (net)
                      0.069227    0.001904   76.200668 v _25240_/B (sky130_fd_sc_hd__nor2_1)
     2    0.005617    0.087769    0.093365   76.294029 ^ _25240_/Y (sky130_fd_sc_hd__nor2_1)
                                                         _00982_ (net)
                      0.087769    0.000085   76.294113 ^ _25253_/B1 (sky130_fd_sc_hd__a31o_1)
     2    0.008689    0.069353    0.087013   76.381126 ^ _25253_/X (sky130_fd_sc_hd__a31o_1)
                                                         _00997_ (net)
                      0.069353    0.000263   76.381393 ^ _25254_/A2 (sky130_fd_sc_hd__a21o_1)
     5    0.025479    0.169125    0.174083   76.555473 ^ _25254_/X (sky130_fd_sc_hd__a21o_1)
                                                         _00998_ (net)
                      0.169130    0.000846   76.556320 ^ _25317_/A1 (sky130_fd_sc_hd__a221o_2)
     5    0.029678    0.119297    0.176833   76.733154 ^ _25317_/X (sky130_fd_sc_hd__a221o_2)
                                                         _01067_ (net)
                      0.119308    0.001194   76.734344 ^ _25382_/A (sky130_fd_sc_hd__nand3_4)
     6    0.030130    0.086051    0.085244   76.819588 v _25382_/Y (sky130_fd_sc_hd__nand3_4)
                                                         _01139_ (net)
                      0.086065    0.000838   76.820427 v _25448_/A1 (sky130_fd_sc_hd__a21oi_2)
     5    0.023737    0.221131    0.217646   77.038078 ^ _25448_/Y (sky130_fd_sc_hd__a21oi_2)
                                                         _01211_ (net)
                      0.221134    0.000725   77.038803 ^ _25491_/A (sky130_fd_sc_hd__nor2_1)
     3    0.021123    0.102694    0.107114   77.145912 v _25491_/Y (sky130_fd_sc_hd__nor2_1)
                                                         _01259_ (net)
                      0.102709    0.000966   77.146881 v _25572_/A1 (sky130_fd_sc_hd__o31a_1)
     5    0.019196    0.081922    0.255618   77.402496 v _25572_/X (sky130_fd_sc_hd__o31a_1)
                                                         _01347_ (net)
                      0.081932    0.000909   77.403412 v _25574_/B (sky130_fd_sc_hd__and2_1)
     2    0.005573    0.033185    0.125134   77.528542 v _25574_/X (sky130_fd_sc_hd__and2_1)
                                                         _01349_ (net)
                      0.033185    0.000092   77.528633 v _25579_/A2 (sky130_fd_sc_hd__o311a_1)
     1    0.008222    0.056324    0.221164   77.749802 v _25579_/X (sky130_fd_sc_hd__o311a_1)
                                                         _01354_ (net)
                      0.056325    0.000242   77.750038 v _25590_/A3 (sky130_fd_sc_hd__o31ai_4)
     5    0.024267    0.255135    0.222634   77.972672 ^ _25590_/Y (sky130_fd_sc_hd__o31ai_4)
                                                         _01366_ (net)
                      0.255135    0.000732   77.973404 ^ _25626_/A1 (sky130_fd_sc_hd__a31o_4)
     6    0.033703    0.089349    0.153214   78.126617 ^ _25626_/X (sky130_fd_sc_hd__a31o_4)
                                                         _01406_ (net)
                      0.089473    0.002196   78.128815 ^ _25657_/A2 (sky130_fd_sc_hd__a21o_1)
     3    0.017091    0.116032    0.139956   78.268768 ^ _25657_/X (sky130_fd_sc_hd__a21o_1)
                                                         _01440_ (net)
                      0.116069    0.000448   78.269218 ^ _25804_/A2 (sky130_fd_sc_hd__a31o_1)
     1    0.005118    0.046362    0.104244   78.373466 ^ _25804_/X (sky130_fd_sc_hd__a31o_1)
                                                         _01602_ (net)
                      0.046362    0.000099   78.373566 ^ fanout205/A (sky130_fd_sc_hd__buf_6)
     6    0.044285    0.071493    0.098929   78.472488 ^ fanout205/X (sky130_fd_sc_hd__buf_6)
                                                         net205 (net)
                      0.071531    0.001350   78.473839 ^ fanout203/A (sky130_fd_sc_hd__buf_8)
     5    0.032895    0.048228    0.085940   78.559784 ^ fanout203/X (sky130_fd_sc_hd__buf_8)
                                                         net203 (net)
                      0.048350    0.001926   78.561707 ^ fanout202/A (sky130_fd_sc_hd__buf_8)
     5    0.034740    0.050123    0.082444   78.644150 ^ fanout202/X (sky130_fd_sc_hd__buf_8)
                                                         net202 (net)
                      0.050133    0.000568   78.644722 ^ _25852_/S (sky130_fd_sc_hd__mux2_4)
     5    0.021445    0.057407    0.211443   78.856163 v _25852_/X (sky130_fd_sc_hd__mux2_4)
                                                         _01655_ (net)
                      0.057411    0.000867   78.857033 v _25857_/B (sky130_fd_sc_hd__xnor2_1)
     2    0.007339    0.061930    0.102013   78.959045 v _25857_/Y (sky130_fd_sc_hd__xnor2_1)
                                                         _01660_ (net)
                      0.061930    0.000270   78.959312 v _25891_/A (sky130_fd_sc_hd__or4b_4)
     2    0.007256    0.061926    0.332676   79.291992 v _25891_/X (sky130_fd_sc_hd__or4b_4)
                                                         _01697_ (net)
                      0.061926    0.000263   79.292252 v _25894_/A2 (sky130_fd_sc_hd__a21o_1)
     1    0.004798    0.029937    0.128104   79.420357 v _25894_/X (sky130_fd_sc_hd__a21o_1)
                                                         _01700_ (net)
                      0.029938    0.000171   79.420525 v _25895_/A2 (sky130_fd_sc_hd__a21o_1)
     4    0.014020    0.055467    0.143416   79.563942 v _25895_/X (sky130_fd_sc_hd__a21o_1)
                                                         _01701_ (net)
                      0.055468    0.000362   79.564301 v _25948_/A1 (sky130_fd_sc_hd__a311o_1)
     2    0.013168    0.073389    0.205191   79.769493 v _25948_/X (sky130_fd_sc_hd__a311o_1)
                                                         _01759_ (net)
                      0.073396    0.000782   79.770279 v _26270_/A2 (sky130_fd_sc_hd__a21o_1)
     1    0.004969    0.030392    0.132609   79.902885 v _26270_/X (sky130_fd_sc_hd__a21o_1)
                                                         _02112_ (net)
                      0.030393    0.000149   79.903030 v fanout196/A (sky130_fd_sc_hd__buf_6)
     8    0.050939    0.042486    0.096087   79.999123 v fanout196/X (sky130_fd_sc_hd__buf_6)
                                                         net196 (net)
                      0.042539    0.001293   80.000412 v fanout195/A (sky130_fd_sc_hd__buf_8)
     7    0.037741    0.032261    0.094040   80.094452 v fanout195/X (sky130_fd_sc_hd__buf_8)
                                                         net195 (net)
                      0.032291    0.000824   80.095276 v _26371_/A (sky130_fd_sc_hd__nand2_1)
     1    0.008269    0.071210    0.063487   80.158768 ^ _26371_/Y (sky130_fd_sc_hd__nand2_1)
                                                         _02224_ (net)
                      0.071210    0.000348   80.159111 ^ fanout192/A (sky130_fd_sc_hd__buf_6)
    10    0.061477    0.096335    0.120245   80.279358 ^ fanout192/X (sky130_fd_sc_hd__buf_6)
                                                         net192 (net)
                      0.096450    0.002721   80.282082 ^ fanout191/A (sky130_fd_sc_hd__buf_4)
    10    0.058258    0.124443    0.153406   80.435486 ^ fanout191/X (sky130_fd_sc_hd__buf_4)
                                                         net191 (net)
                      0.124655    0.004199   80.439682 ^ _26494_/S (sky130_fd_sc_hd__mux2_2)
     5    0.020792    0.067979    0.248299   80.687988 v _26494_/X (sky130_fd_sc_hd__mux2_2)
                                                         _02358_ (net)
                      0.067996    0.001044   80.689026 v _26497_/B (sky130_fd_sc_hd__xnor2_1)
     3    0.009590    0.176018    0.170147   80.859177 ^ _26497_/Y (sky130_fd_sc_hd__xnor2_1)
                                                         _02361_ (net)
                      0.176018    0.000171   80.859344 ^ _26506_/D_N (sky130_fd_sc_hd__or4b_4)
     1    0.003416    0.056392    0.275740   81.135086 v _26506_/X (sky130_fd_sc_hd__or4b_4)
                                                         _02371_ (net)
                      0.056392    0.000099   81.135185 v _26710_/C (sky130_fd_sc_hd__or4_4)
     4    0.045032    0.104011    0.352522   81.487709 v _26710_/X (sky130_fd_sc_hd__or4_4)
                                                         _02594_ (net)
                      0.104267    0.004512   81.492218 v _26803_/A2 (sky130_fd_sc_hd__o311ai_4)
     3    0.017251    0.237016    0.259718   81.751938 ^ _26803_/Y (sky130_fd_sc_hd__o311ai_4)
                                                         _02697_ (net)
                      0.237016    0.000391   81.752327 ^ _26805_/C1 (sky130_fd_sc_hd__a2111o_1)
     1    0.005463    0.046830    0.082998   81.835327 ^ _26805_/X (sky130_fd_sc_hd__a2111o_1)
                                                         _02699_ (net)
                      0.046830    0.000163   81.835487 ^ fanout186/A (sky130_fd_sc_hd__buf_6)
     6    0.045986    0.073889    0.100627   81.936119 ^ fanout186/X (sky130_fd_sc_hd__buf_6)
                                                         net186 (net)
                      0.073983    0.002132   81.938248 ^ fanout184/A (sky130_fd_sc_hd__buf_8)
     8    0.047583    0.064869    0.098822   82.037071 ^ fanout184/X (sky130_fd_sc_hd__buf_8)
                                                         net184 (net)
                      0.065019    0.002515   82.039589 ^ clone59/A (sky130_fd_sc_hd__clkbuf_2)
     5    0.025573    0.110005    0.131266   82.170853 ^ clone59/X (sky130_fd_sc_hd__clkbuf_2)
                                                         net992 (net)
                      0.110044    0.000526   82.171379 ^ _26887_/S (sky130_fd_sc_hd__mux2_1)
     3    0.012515    0.073369    0.232390   82.403770 v _26887_/X (sky130_fd_sc_hd__mux2_1)
                                                         _02788_ (net)
                      0.073371    0.000519   82.404289 v _26889_/B (sky130_fd_sc_hd__xnor2_1)
     2    0.008944    0.166903    0.165464   82.569748 ^ _26889_/Y (sky130_fd_sc_hd__xnor2_1)
                                                         _02790_ (net)
                      0.166904    0.000249   82.570000 ^ _26890_/A (sky130_fd_sc_hd__inv_2)
     3    0.019085    0.058518    0.052353   82.622353 v _26890_/Y (sky130_fd_sc_hd__inv_2)
                                                         _02791_ (net)
                      0.058526    0.000512   82.622864 v _26907_/A2 (sky130_fd_sc_hd__a311oi_4)
     5    0.018318    0.254285    0.253664   82.876526 ^ _26907_/Y (sky130_fd_sc_hd__a311oi_4)
                                                         _02810_ (net)
                      0.254286    0.000796   82.877327 ^ _26908_/C (sky130_fd_sc_hd__nor3_2)
     4    0.019807    0.083185    0.066905   82.944229 v _26908_/Y (sky130_fd_sc_hd__nor3_2)
                                                         _02811_ (net)
                      0.083188    0.000362   82.944588 v _26968_/A2 (sky130_fd_sc_hd__o311a_1)
     2    0.013124    0.069253    0.256108   83.200699 v _26968_/X (sky130_fd_sc_hd__o311a_1)
                                                         _02877_ (net)
                      0.069257    0.000639   83.201340 v fanout176/A (sky130_fd_sc_hd__buf_4)
     9    0.041002    0.048690    0.131124   83.332458 v fanout176/X (sky130_fd_sc_hd__buf_4)
                                                         net176 (net)
                      0.048832    0.001833   83.334297 v _27430_/C (sky130_fd_sc_hd__or4b_4)
     4    0.013217    0.069022    0.306002   83.640297 v _27430_/X (sky130_fd_sc_hd__or4b_4)
                                                         _03381_ (net)
                      0.069022    0.000277   83.640572 v _27456_/A (sky130_fd_sc_hd__or3_4)
     2    0.006878    0.048590    0.245500   83.886070 v _27456_/X (sky130_fd_sc_hd__or3_4)
                                                         _03410_ (net)
                      0.048590    0.000185   83.886261 v _27462_/C (sky130_fd_sc_hd__or4_4)
     1    0.009243    0.064244    0.296332   84.182587 v _27462_/X (sky130_fd_sc_hd__or4_4)
                                                         _03417_ (net)
                      0.064244    0.000298   84.182892 v _27463_/A1 (sky130_fd_sc_hd__a21oi_4)
     3    0.016016    0.119858    0.128040   84.310928 ^ _27463_/Y (sky130_fd_sc_hd__a21oi_4)
                                                         _03418_ (net)
                      0.119859    0.000554   84.311485 ^ _27465_/D_N (sky130_fd_sc_hd__nor4b_4)
     2    0.006164    0.150118    0.147146   84.458626 ^ _27465_/Y (sky130_fd_sc_hd__nor4b_4)
                                                         _03420_ (net)
                      0.150118    0.000178   84.458809 ^ max_cap154/A (sky130_fd_sc_hd__clkbuf_1)
     2    0.004774    0.049322    0.072269   84.531075 ^ max_cap154/X (sky130_fd_sc_hd__clkbuf_1)
                                                         net154 (net)
                      0.049322    0.000085   84.531158 ^ max_cap153/A (sky130_fd_sc_hd__clkbuf_1)
     2    0.005696    0.056285    0.072454   84.603615 ^ max_cap153/X (sky130_fd_sc_hd__clkbuf_1)
                                                         net153 (net)
                      0.056285    0.000163   84.603775 ^ _27509_/D_N (sky130_fd_sc_hd__or4b_4)
     1    0.004954    0.058673    0.269942   84.873718 v _27509_/X (sky130_fd_sc_hd__or4b_4)
                                                         _03467_ (net)
                      0.058674    0.000142   84.873863 v _27510_/B1 (sky130_fd_sc_hd__a211o_4)
     7    0.040193    0.072252    0.197858   85.071724 v _27510_/X (sky130_fd_sc_hd__a211o_4)
                                                         _03468_ (net)
                      0.072592    0.004263   85.075981 v _27512_/B (sky130_fd_sc_hd__or3_4)
     5    0.033181    0.075042    0.273346   85.349327 v _27512_/X (sky130_fd_sc_hd__or3_4)
                                                         _03471_ (net)
                      0.075042    0.000426   85.349754 v fanout150/A (sky130_fd_sc_hd__buf_8)
     5    0.030575    0.028147    0.105153   85.454910 v fanout150/X (sky130_fd_sc_hd__buf_8)
                                                         net150 (net)
                      0.028288    0.001698   85.456604 v _27553_/S (sky130_fd_sc_hd__mux2_4)
     3    0.021855    0.058172    0.214420   85.671028 v _27553_/X (sky130_fd_sc_hd__mux2_4)
                                                         _03516_ (net)
                      0.058174    0.000647   85.671677 v _27555_/A (sky130_fd_sc_hd__xnor2_4)
     4    0.013031    0.122509    0.142336   85.814011 ^ _27555_/Y (sky130_fd_sc_hd__xnor2_4)
                                                         _03518_ (net)
                      0.122509    0.000277   85.814285 ^ _27557_/D_N (sky130_fd_sc_hd__or4b_4)
     2    0.008654    0.063651    0.286114   86.100403 v _27557_/X (sky130_fd_sc_hd__or4b_4)
                                                         _03520_ (net)
                      0.063651    0.000199   86.100601 v _27559_/C (sky130_fd_sc_hd__or4_4)
     3    0.011713    0.067183    0.306301   86.406898 v _27559_/X (sky130_fd_sc_hd__or4_4)
                                                         _03522_ (net)
                      0.067183    0.000306   86.407204 v _27771_/B (sky130_fd_sc_hd__or4_4)
     2    0.010109    0.065190    0.325237   86.732445 v _27771_/X (sky130_fd_sc_hd__or4_4)
                                                         _03754_ (net)
                      0.065190    0.000384   86.732826 v _27782_/D_N (sky130_fd_sc_hd__or4b_4)
     2    0.004612    0.025740    0.141618   86.874443 ^ _27782_/X (sky130_fd_sc_hd__or4b_4)
                                                         _03766_ (net)
                      0.025740    0.000099   86.874542 ^ rebuffer86/A (sky130_fd_sc_hd__buf_1)
     1    0.002436    0.029174    0.048544   86.923088 ^ rebuffer86/X (sky130_fd_sc_hd__buf_1)
                                                         net1019 (net)
                      0.029174    0.000050   86.923141 ^ rebuffer85/A (sky130_fd_sc_hd__clkbuf_1)
     1    0.005185    0.051979    0.065469   86.988609 ^ rebuffer85/X (sky130_fd_sc_hd__clkbuf_1)
                                                         net1018 (net)
                      0.051979    0.000107   86.988716 ^ rebuffer77/A (sky130_fd_sc_hd__buf_6)
     1    0.018823    0.036180    0.074593   87.063309 ^ rebuffer77/X (sky130_fd_sc_hd__buf_6)
                                                         net1010 (net)
                      0.036190    0.000576   87.063881 ^ _27783_/B (sky130_fd_sc_hd__nor2_8)
     3    0.015930    0.050058    0.021892   87.085777 v _27783_/Y (sky130_fd_sc_hd__nor2_8)
                                                         _03767_ (net)
                      0.050059    0.000419   87.086197 v rebuffer144/A (sky130_fd_sc_hd__buf_6)
     1    0.028802    0.029366    0.095213   87.181404 v rebuffer144/X (sky130_fd_sc_hd__buf_6)
                                                         net1077 (net)
                      0.029746    0.002565   87.183975 v fanout139/A (sky130_fd_sc_hd__buf_8)
     5    0.028716    0.027181    0.084889   87.268860 v fanout139/X (sky130_fd_sc_hd__buf_8)
                                                         net139 (net)
                      0.027266    0.001300   87.270164 v _27786_/B (sky130_fd_sc_hd__nand2_8)
     2    0.013175    0.037301    0.046974   87.317139 ^ _27786_/Y (sky130_fd_sc_hd__nand2_8)
                                                         _03770_ (net)
                      0.037302    0.000448   87.317581 ^ fanout135/A (sky130_fd_sc_hd__buf_4)
    10    0.070341    0.148135    0.156561   87.474144 ^ fanout135/X (sky130_fd_sc_hd__buf_4)
                                                         net135 (net)
                      0.148141    0.000760   87.474907 ^ _28127_/S (sky130_fd_sc_hd__mux2_2)
     4    0.020262    0.067129    0.248093   87.723000 v _28127_/X (sky130_fd_sc_hd__mux2_2)
                                                         _04143_ (net)
                      0.067141    0.000902   87.723900 v _28129_/B (sky130_fd_sc_hd__xnor2_2)
     5    0.013970    0.166174    0.156483   87.880386 ^ _28129_/Y (sky130_fd_sc_hd__xnor2_2)
                                                         _04145_ (net)
                      0.166174    0.000156   87.880539 ^ _28145_/B (sky130_fd_sc_hd__and4_1)
     3    0.015635    0.120481    0.190632   88.071167 ^ _28145_/X (sky130_fd_sc_hd__and4_1)
                                                         _04162_ (net)
                      0.120483    0.000725   88.071892 ^ _28146_/D_N (sky130_fd_sc_hd__nor4b_1)
     1    0.010978    0.374777    0.315858   88.387756 ^ _28146_/Y (sky130_fd_sc_hd__nor4b_1)
                                                         _04163_ (net)
                      0.374778    0.000469   88.388222 ^ wire128/A (sky130_fd_sc_hd__buf_1)
     3    0.014061    0.127606    0.120480   88.508705 ^ wire128/X (sky130_fd_sc_hd__buf_1)
                                                         net128 (net)
                      0.127608    0.000483   88.509186 ^ _28214_/C_N (sky130_fd_sc_hd__nor3b_4)
     4    0.041241    0.347298    0.319588   88.828773 ^ _28214_/Y (sky130_fd_sc_hd__nor3b_4)
                                                         _04238_ (net)
                      0.347300    0.000753   88.829529 ^ _28248_/A (sky130_fd_sc_hd__nor2_1)
     2    0.013824    0.106821    0.087013   88.916542 v _28248_/Y (sky130_fd_sc_hd__nor2_1)
                                                         _04275_ (net)
                      0.106824    0.000391   88.916931 v fanout123/A (sky130_fd_sc_hd__buf_4)
    10    0.071447    0.069894    0.169180   89.086113 v fanout123/X (sky130_fd_sc_hd__buf_4)
                                                         net123 (net)
                      0.070315    0.004079   89.090187 v fanout122/A (sky130_fd_sc_hd__clkbuf_2)
     5    0.023698    0.065995    0.123386   89.213577 v fanout122/X (sky130_fd_sc_hd__clkbuf_2)
                                                         net122 (net)
                      0.066004    0.000753   89.214325 v _28251_/B (sky130_fd_sc_hd__nand2_2)
     2    0.023740    0.102411    0.108038   89.322365 ^ _28251_/Y (sky130_fd_sc_hd__nand2_2)
                                                         _04279_ (net)
                      0.102413    0.000398   89.322762 ^ fanout118/A (sky130_fd_sc_hd__clkbuf_8)
    10    0.091202    0.123943    0.169393   89.492157 ^ fanout118/X (sky130_fd_sc_hd__clkbuf_8)
                                                         net118 (net)
                      0.124250    0.005024   89.497177 ^ _28880_/S (sky130_fd_sc_hd__mux2_1)
     4    0.015300    0.082103    0.241798   89.738976 v _28880_/X (sky130_fd_sc_hd__mux2_1)
                                                         _04965_ (net)
                      0.082110    0.000810   89.739784 v _28882_/B (sky130_fd_sc_hd__xnor2_1)
     4    0.010964    0.069053    0.123954   89.863739 v _28882_/Y (sky130_fd_sc_hd__xnor2_1)
                                                         _04968_ (net)
                      0.069078    0.000277   89.864021 v _29004_/A (sky130_fd_sc_hd__or3_4)
     2    0.015309    0.057802    0.260890   90.124908 v _29004_/X (sky130_fd_sc_hd__or3_4)
                                                         _05098_ (net)
                      0.057841    0.000782   90.125694 v _29005_/C (sky130_fd_sc_hd__or4_4)
     4    0.020461    0.078704    0.321222   90.446915 v _29005_/X (sky130_fd_sc_hd__or4_4)
                                                         _05099_ (net)
                      0.078704    0.000703   90.447617 v _29105_/A2 (sky130_fd_sc_hd__o31ai_4)
     4    0.021411    0.236449    0.245812   90.693428 ^ _29105_/Y (sky130_fd_sc_hd__o31ai_4)
                                                         _05199_ (net)
                      0.236449    0.000469   90.693901 ^ _29107_/C (sky130_fd_sc_hd__or4_4)
     3    0.024195    0.062133    0.138286   90.832184 ^ _29107_/X (sky130_fd_sc_hd__or4_4)
                                                         _05201_ (net)
                      0.062150    0.000995   90.833176 ^ rebuffer74/A (sky130_fd_sc_hd__buf_1)
     1    0.003306    0.036558    0.059806   90.892982 ^ rebuffer74/X (sky130_fd_sc_hd__buf_1)
                                                         net1007 (net)
                      0.036558    0.000099   90.893082 ^ rebuffer63/A (sky130_fd_sc_hd__buf_1)
     1    0.002782    0.032109    0.052779   90.945862 ^ rebuffer63/X (sky130_fd_sc_hd__buf_1)
                                                         net996 (net)
                      0.032109    0.000057   90.945923 ^ rebuffer30/A (sky130_fd_sc_hd__clkbuf_2)
     3    0.024722    0.106670    0.119243   91.065163 ^ rebuffer30/X (sky130_fd_sc_hd__clkbuf_2)
                                                         net963 (net)
                      0.106756    0.002458   91.067619 ^ fanout115/A (sky130_fd_sc_hd__clkbuf_4)
    10    0.047188    0.111892    0.165770   91.233391 ^ fanout115/X (sky130_fd_sc_hd__clkbuf_4)
                                                         net115 (net)
                      0.111905    0.001009   91.234398 ^ _29382_/S (sky130_fd_sc_hd__mux2_2)
     4    0.019919    0.066532    0.245528   91.479927 v _29382_/X (sky130_fd_sc_hd__mux2_2)
                                                         _05494_ (net)
                      0.066541    0.000796   91.480721 v _29384_/B (sky130_fd_sc_hd__xnor2_2)
     3    0.026077    0.268074    0.229704   91.710426 ^ _29384_/Y (sky130_fd_sc_hd__xnor2_2)
                                                         _05496_ (net)
                      0.268079    0.000966   91.711395 ^ _29403_/A (sky130_fd_sc_hd__nand4_4)
     3    0.013838    0.096846    0.080163   91.791557 v _29403_/Y (sky130_fd_sc_hd__nand4_4)
                                                         _05517_ (net)
                      0.096849    0.000483   91.792038 v _29405_/B (sky130_fd_sc_hd__or4_4)
     1    0.025876    0.083513    0.362853   92.154892 v _29405_/X (sky130_fd_sc_hd__or4_4)
                                                         _05519_ (net)
                      0.083535    0.000874   92.155769 v _29406_/C (sky130_fd_sc_hd__or4_4)
     2    0.032037    0.089461    0.344798   92.500565 v _29406_/X (sky130_fd_sc_hd__or4_4)
                                                         _05520_ (net)
                      0.089581    0.002757   92.503326 v _29471_/C (sky130_fd_sc_hd__and4_1)
     1    0.009510    0.048181    0.162970   92.666290 v _29471_/X (sky130_fd_sc_hd__and4_1)
                                                         _05592_ (net)
                      0.048183    0.000384   92.666679 v fanout114/A (sky130_fd_sc_hd__buf_8)
     6    0.071056    0.045589    0.110028   92.776703 v fanout114/X (sky130_fd_sc_hd__buf_8)
                                                         net114 (net)
                      0.046769    0.005599   92.782303 v fanout113/A (sky130_fd_sc_hd__buf_8)
     5    0.046522    0.037027    0.100407   92.882713 v fanout113/X (sky130_fd_sc_hd__buf_8)
                                                         net113 (net)
                      0.037547    0.003432   92.886139 v _29524_/A (sky130_fd_sc_hd__nand2_8)
     2    0.036481    0.063043    0.061426   92.947571 ^ _29524_/Y (sky130_fd_sc_hd__nand2_8)
                                                         _05650_ (net)
                      0.063095    0.001208   92.948776 ^ fanout108/A (sky130_fd_sc_hd__buf_8)
     6    0.052897    0.070221    0.100535   93.049309 ^ fanout108/X (sky130_fd_sc_hd__buf_8)
                                                         net108 (net)
                      0.070251    0.001194   93.050507 ^ clone65/A (sky130_fd_sc_hd__dlymetal6s2s_1)
     5    0.043868    0.333548    0.276515   93.327019 ^ clone65/X (sky130_fd_sc_hd__dlymetal6s2s_1)
                                                         net998 (net)
                      0.333577    0.002544   93.329567 ^ _29546_/S (sky130_fd_sc_hd__mux2_2)
     3    0.013906    0.056540    0.239297   93.568863 v _29546_/X (sky130_fd_sc_hd__mux2_2)
                                                         _05673_ (net)
                      0.056545    0.000504   93.569366 v _29548_/B (sky130_fd_sc_hd__xnor2_2)
     6    0.019536    0.085768    0.121304   93.690666 v _29548_/Y (sky130_fd_sc_hd__xnor2_2)
                                                         _05675_ (net)
                      0.085772    0.000512   93.691177 v _29549_/B (sky130_fd_sc_hd__or2_1)
     1    0.008975    0.052795    0.162736   93.853912 v _29549_/X (sky130_fd_sc_hd__or2_1)
                                                         _05676_ (net)
                      0.052795    0.000227   93.854141 v _29579_/C (sky130_fd_sc_hd__nor4_4)
     2    0.010243    0.184291    0.178666   94.032806 ^ _29579_/Y (sky130_fd_sc_hd__nor4_4)
                                                         _05708_ (net)
                      0.184291    0.000156   94.032967 ^ _29624_/A2 (sky130_fd_sc_hd__a221o_2)
     4    0.036793    0.145054    0.195875   94.228844 ^ _29624_/X (sky130_fd_sc_hd__a221o_2)
                                                         _05755_ (net)
                      0.145183    0.003546   94.232384 ^ _29726_/D_N (sky130_fd_sc_hd__or4b_4)
     1    0.002610    0.055128    0.272259   94.504646 v _29726_/X (sky130_fd_sc_hd__or4b_4)
                                                         _05861_ (net)
                      0.055128    0.000050   94.504692 v _29742_/B (sky130_fd_sc_hd__and3b_2)
     7    0.051734    0.099797    0.205922   94.710617 v _29742_/X (sky130_fd_sc_hd__and3b_2)
                                                         _05877_ (net)
                      0.100254    0.005436   94.716049 v _29832_/B (sky130_fd_sc_hd__nand2_4)
     1    0.010492    0.048550    0.077925   94.793976 ^ _29832_/Y (sky130_fd_sc_hd__nand2_4)
                                                         _05967_ (net)
                      0.048552    0.000462   94.794441 ^ fanout100/A (sky130_fd_sc_hd__buf_8)
     6    0.064758    0.084060    0.106589   94.901031 ^ fanout100/X (sky130_fd_sc_hd__buf_8)
                                                         net100 (net)
                      0.084079    0.001059   94.902084 ^ fanout99/A (sky130_fd_sc_hd__buf_8)
     7    0.041310    0.057847    0.094857   94.996948 ^ fanout99/X (sky130_fd_sc_hd__buf_8)
                                                         net99 (net)
                      0.057890    0.001286   94.998230 ^ fanout98/A (sky130_fd_sc_hd__buf_8)
     5    0.027591    0.042142    0.078195   95.076424 ^ fanout98/X (sky130_fd_sc_hd__buf_8)
                                                         net98 (net)
                      0.042326    0.002181   95.078606 ^ _29998_/S (sky130_fd_sc_hd__mux2_4)
     2    0.006084    0.040189    0.185537   95.264145 v _29998_/X (sky130_fd_sc_hd__mux2_4)
                                                         _06133_ (net)
                      0.040189    0.000206   95.264351 v _29999_/B (sky130_fd_sc_hd__and2_4)
     2    0.005213    0.023525    0.102247   95.366600 v _29999_/X (sky130_fd_sc_hd__and2_4)
                                                         _06134_ (net)
                      0.023525    0.000078   95.366676 v _30006_/B_N (sky130_fd_sc_hd__and4bb_1)
     2    0.012607    0.104008    0.207677   95.574356 ^ _30006_/X (sky130_fd_sc_hd__and4bb_1)
                                                         _06141_ (net)
                      0.104008    0.000377   95.574730 ^ _30019_/A (sky130_fd_sc_hd__nand4_4)
     2    0.007577    0.057330    0.052786   95.627518 v _30019_/Y (sky130_fd_sc_hd__nand4_4)
                                                         _06154_ (net)
                      0.057330    0.000178   95.627693 v _30043_/B (sky130_fd_sc_hd__or4bb_4)
     2    0.007171    0.062161    0.318273   95.945969 v _30043_/X (sky130_fd_sc_hd__or4bb_4)
                                                         _06178_ (net)
                      0.062161    0.000185   95.946152 v _30077_/A2 (sky130_fd_sc_hd__o221a_4)
     1    0.010393    0.037580    0.170402   96.116554 v _30077_/X (sky130_fd_sc_hd__o221a_4)
                                                         _06212_ (net)
                      0.037580    0.000512   96.117065 v _30079_/A2_N (sky130_fd_sc_hd__a2bb2o_4)
     1    0.016892    0.048422    0.140901   96.257965 ^ _30079_/X (sky130_fd_sc_hd__a2bb2o_4)
                                                         _06214_ (net)
                      0.048449    0.001066   96.259033 ^ _30082_/A2 (sky130_fd_sc_hd__a22oi_4)
     1    0.018542    0.063216    0.053106   96.312141 v _30082_/Y (sky130_fd_sc_hd__a22oi_4)
                                                         _06217_ (net)
                      0.063227    0.001585   96.313721 v _30139_/B1 (sky130_fd_sc_hd__o22a_1)
     1    0.002756    0.026366    0.112756   96.426476 v _30139_/X (sky130_fd_sc_hd__o22a_1)
                                                         _00170_ (net)
                      0.026366    0.000064   96.426544 v _30453_/D (sky130_fd_sc_hd__dfxtp_4)
                                             96.426544   data arrival time

                                 25.000000   25.000000   clock clk (rise edge)
                                  0.000000   25.000000   clock source latency
     2    0.053640    0.183314    0.128114   25.128113 ^ clk (in)
                                                         clk (net)
                      0.183377    0.000000   25.128113 ^ clkbuf_0_clk/A (sky130_fd_sc_hd__clkbuf_16)
     4    0.124079    0.106850    0.174863   25.302977 ^ clkbuf_0_clk/X (sky130_fd_sc_hd__clkbuf_16)
                                                         clknet_0_clk (net)
                      0.107124    0.004324   25.307301 ^ clkbuf_2_1__f_clk/A (sky130_fd_sc_hd__clkbuf_16)
    13    0.186490    0.153338    0.192649   25.499950 ^ clkbuf_2_1__f_clk/X (sky130_fd_sc_hd__clkbuf_16)
                                                         clknet_2_1__leaf_clk (net)
                      0.154109    0.008736   25.508686 ^ clkbuf_leaf_4_clk/A (sky130_fd_sc_hd__clkbuf_8)
     3    0.010000    0.029360    0.106729   25.615414 ^ clkbuf_leaf_4_clk/X (sky130_fd_sc_hd__clkbuf_8)
                                                         clknet_leaf_4_clk (net)
                      0.029360    0.000217   25.615631 ^ _30453_/CLK (sky130_fd_sc_hd__dfxtp_4)
                                 -0.250000   25.365633   clock uncertainty
                                  0.000000   25.365633   clock reconvergence pessimism
                                 -0.068310   25.297323   library setup time
                                             25.297323   data required time
---------------------------------------------------------------------------------------------
                                             25.297323   data required time
                                            -96.426544   data arrival time
---------------------------------------------------------------------------------------------
                                            -71.129227   slack (VIOLATED)




===========================================================================
 report_check_types -max_slew -max_cap -max_fanout -violators
============================================================================
======================= nom_ff_n40C_1v95 Corner ===================================

max fanout

Pin                                   Limit Fanout  Slack
---------------------------------------------------------
clkbuf_leaf_14_clk/X                     10     18     -8 (VIOLATED)
clkbuf_leaf_29_clk/X                     10     17     -7 (VIOLATED)
clkbuf_2_2__f_clk/X                      10     16     -6 (VIOLATED)
clkbuf_leaf_20_clk/X                     10     16     -6 (VIOLATED)
clkbuf_leaf_21_clk/X                     10     16     -6 (VIOLATED)
clkbuf_leaf_24_clk/X                     10     16     -6 (VIOLATED)
clkbuf_leaf_13_clk/X                     10     15     -5 (VIOLATED)
clkbuf_leaf_28_clk/X                     10     15     -5 (VIOLATED)
clkbuf_2_1__f_clk/X                      10     13     -3 (VIOLATED)
clkbuf_leaf_15_clk/X                     10     13     -3 (VIOLATED)
clkbuf_leaf_19_clk/X                     10     13     -3 (VIOLATED)
_30484_/Q                                10     12     -2 (VIOLATED)
clkbuf_2_3__f_clk/X                      10     12     -2 (VIOLATED)
fanout120/X                              10     12     -2 (VIOLATED)
fanout482/X                              10     12     -2 (VIOLATED)
fanout790/X                              10     12     -2 (VIOLATED)
clkbuf_2_0__f_clk/X                      10     11        (VIOLATED)
clkbuf_leaf_18_clk/X                     10     11        (VIOLATED)
clkbuf_leaf_22_clk/X                     10     11        (VIOLATED)
clkbuf_leaf_36_clk/X                     10     11        (VIOLATED)
fanout559/X                              10     11        (VIOLATED)
fanout723/X                              10     11        (VIOLATED)
fanout729/X                              10     11        (VIOLATED)
fanout756/X                              10     11        (VIOLATED)
fanout766/X                              10     11        (VIOLATED)
fanout789/X                              10     11        (VIOLATED)
fanout796/X                              10     11        (VIOLATED)
fanout798/X                              10     11        (VIOLATED)
fanout810/X                              10     11        (VIOLATED)
fanout824/X                              10     11        (VIOLATED)

max capacitance

Pin                                        Limit         Cap       Slack
------------------------------------------------------------------------
fanout662/X                             0.200000    0.203520   -0.003520 (VIOLATED)
fanout499/X                             0.200000    0.202650   -0.002650 (VIOLATED)
fanout773/X                             0.200000    0.201180   -0.001180 (VIOLATED)



===========================================================================
report_parasitic_annotation -report_unannotated
============================================================================
Found 38 unannotated drivers.
 clkload0/Y
 clkload1/Y
 clkload10/X
 clkload11/X
 clkload12/X
 clkload13/X
 clkload14/X
 clkload15/X
 clkload16/Y
 clkload17/Y
 clkload18/Y
 clkload19/X
 clkload2/Y
 clkload20/X
 clkload21/Y
 clkload22/Y
 clkload23/Y
 clkload24/Y
 clkload25/Y
 clkload26/X
 clkload27/X
 clkload28/Y
 clkload29/Y
 clkload3/Y
 clkload30/Y
 clkload31/Y
 clkload32/Y
 clkload33/Y
 clkload34/Y
 clkload35/Y
 clkload36/Y
 clkload37/Y
 clkload4/Y
 clkload5/X
 clkload6/Y
 clkload7/Y
 clkload8/Y
 clkload9/X
Found 0 partially unannotated drivers.

===========================================================================
max slew violation count 0
max fanout violation count 30
max cap violation count 3
============================================================================

===========================================================================
check_setup -verbose -unconstrained_endpoints -multiple_clock -no_clock -no_input_delay -loops -generated_clocks
===========================================================================
