
===========================================================================
report_checks -unconstrained
===========================================================================
======================= max_ss_100C_1v60 Corner ===================================

Startpoint: reset (input port clocked by clk)
Endpoint: _44402_ (recovery check against rising-edge clock clk)
Path Group: asynchronous
Path Type: max

Fanout         Cap        Slew       Delay        Time   Description
---------------------------------------------------------------------------------------------
                                  0.000000    0.000000   clock clk (rise edge)
                                  0.000000    0.000000   clock network delay (propagated)
                                200.000000  200.000000 v input external delay
     1    0.002610    0.017736    0.008669  200.008667 v reset (in)
                                                         reset (net)
                      0.017736    0.000000  200.008667 v input101/A (sky130_fd_sc_hd__buf_2)
     3    0.056995    0.258768    0.386848  200.395508 v input101/X (sky130_fd_sc_hd__buf_2)
                                                         net101 (net)
                      0.258905    0.002643  200.398148 v fanout2075/A (sky130_fd_sc_hd__clkbuf_4)
     7    0.083816    0.300269    0.529923  200.928070 v fanout2075/X (sky130_fd_sc_hd__clkbuf_4)
                                                         net2075 (net)
                      0.300636    0.007219  200.935303 v fanout2027/A (sky130_fd_sc_hd__buf_2)
     7    0.064824    0.286031    0.545214  201.480515 v fanout2027/X (sky130_fd_sc_hd__buf_2)
                                                         net2027 (net)
                      0.286120    0.005031  201.485535 v fanout2026/A (sky130_fd_sc_hd__buf_4)
     9    0.064764    0.165295    0.454932  201.940475 v fanout2026/X (sky130_fd_sc_hd__buf_4)
                                                         net2026 (net)
                      0.165308    0.001791  201.942261 v fanout2025/A (sky130_fd_sc_hd__buf_4)
    10    0.060428    0.154566    0.392859  202.335129 v fanout2025/X (sky130_fd_sc_hd__buf_4)
                                                         net2025 (net)
                      0.154653    0.003382  202.338501 v fanout2024/A (sky130_fd_sc_hd__buf_4)
    10    0.057244    0.148330    0.381789  202.720291 v fanout2024/X (sky130_fd_sc_hd__buf_4)
                                                         net2024 (net)
                      0.148339    0.001450  202.721741 v _43581_/A (sky130_fd_sc_hd__inv_2)
     1    0.004253    0.058505    0.104635  202.826370 ^ _43581_/Y (sky130_fd_sc_hd__inv_2)
                                                         _00244_ (net)
                      0.058505    0.000227  202.826599 ^ _44402_/RESET_B (sky130_fd_sc_hd__dfrtp_1)
                                            202.826599   data arrival time

                               1000.000000 1000.000000   clock clk (rise edge)
                                  0.000000 1000.000000   clock source latency
     2    0.127547    0.919885    0.654723 1000.654724 ^ clk (in)
                                                         clk (net)
                      0.922675    0.000000 1000.654724 ^ clkbuf_0_clk/A (sky130_fd_sc_hd__clkbuf_16)
     4    0.189565    0.305680    0.720661 1001.375427 ^ clkbuf_0_clk/X (sky130_fd_sc_hd__clkbuf_16)
                                                         clknet_0_clk (net)
                      0.309542    0.027512 1001.402893 ^ clkbuf_2_1_0_clk/A (sky130_fd_sc_hd__clkbuf_8)
     8    0.181569    0.481438    0.632781 1002.035706 ^ clkbuf_2_1_0_clk/X (sky130_fd_sc_hd__clkbuf_8)
                                                         clknet_2_1_0_clk (net)
                      0.483730    0.027057 1002.062744 ^ clkbuf_5_10__f_clk/A (sky130_fd_sc_hd__clkbuf_16)
    13    0.114340    0.199707    0.505111 1002.567871 ^ clkbuf_5_10__f_clk/X (sky130_fd_sc_hd__clkbuf_16)
                                                         clknet_5_10__leaf_clk (net)
                      0.200629    0.010232 1002.578125 ^ clkbuf_leaf_154_clk/A (sky130_fd_sc_hd__clkbuf_8)
     9    0.034147    0.115692    0.326281 1002.904358 ^ clkbuf_leaf_154_clk/X (sky130_fd_sc_hd__clkbuf_8)
                                                         clknet_leaf_154_clk (net)
                      0.115742    0.002160 1002.906555 ^ _44402_/CLK (sky130_fd_sc_hd__dfrtp_1)
                                 -0.250000 1002.656555   clock uncertainty
                                  0.000000 1002.656555   clock reconvergence pessimism
                                  0.482058 1003.138550   library recovery time
                                           1003.138550   data required time
---------------------------------------------------------------------------------------------
                                           1003.138550   data required time
                                           -202.826599   data arrival time
---------------------------------------------------------------------------------------------
                                            800.312012   slack (MET)


Startpoint: _45802_ (rising edge-triggered flip-flop clocked by clk)
Endpoint: _45825_ (rising edge-triggered flip-flop clocked by clk)
Path Group: clk
Path Type: max

Fanout         Cap        Slew       Delay        Time   Description
---------------------------------------------------------------------------------------------
                                  0.000000    0.000000   clock clk (rise edge)
                                  0.000000    0.000000   clock source latency
     2    0.127547    0.919885    0.654667    0.654667 ^ clk (in)
                                                         clk (net)
                      0.922675    0.000000    0.654667 ^ clkbuf_0_clk/A (sky130_fd_sc_hd__clkbuf_16)
     4    0.189565    0.305680    0.720772    1.375439 ^ clkbuf_0_clk/X (sky130_fd_sc_hd__clkbuf_16)
                                                         clknet_0_clk (net)
                      0.309505    0.027298    1.402737 ^ clkbuf_2_0_0_clk/A (sky130_fd_sc_hd__clkbuf_8)
     8    0.197022    0.516717    0.663947    2.066684 ^ clkbuf_2_0_0_clk/X (sky130_fd_sc_hd__clkbuf_8)
                                                         clknet_2_0_0_clk (net)
                      0.517734    0.018908    2.085592 ^ clkbuf_5_6__f_clk/A (sky130_fd_sc_hd__clkbuf_16)
    11    0.122954    0.211089    0.529213    2.614805 ^ clkbuf_5_6__f_clk/X (sky130_fd_sc_hd__clkbuf_16)
                                                         clknet_5_6__leaf_clk (net)
                      0.211303    0.006026    2.620831 ^ clkbuf_leaf_183_clk/A (sky130_fd_sc_hd__clkbuf_8)
    18    0.057274    0.171528    0.372819    2.993650 ^ clkbuf_leaf_183_clk/X (sky130_fd_sc_hd__clkbuf_8)
                                                         clknet_leaf_183_clk (net)
                      0.171583    0.002990    2.996640 ^ _45802_/CLK (sky130_fd_sc_hd__dfxtp_4)
     5    0.175587    0.399689    0.982322    3.978962 v _45802_/Q (sky130_fd_sc_hd__dfxtp_4)
                                                         divider_instance.mantisaBshift[15] (net)
                      0.399967    0.010065    3.989027 v fanout1457/A (sky130_fd_sc_hd__clkbuf_8)
     6    0.138949    0.258740    0.563817    4.552844 v fanout1457/X (sky130_fd_sc_hd__clkbuf_8)
                                                         net1457 (net)
                      0.260431    0.017194    4.570038 v fanout1456/A (sky130_fd_sc_hd__clkbuf_2)
     6    0.042354    0.294099    0.459861    5.029899 v fanout1456/X (sky130_fd_sc_hd__clkbuf_2)
                                                         net1456 (net)
                      0.294105    0.001776    5.031675 v _27914_/B (sky130_fd_sc_hd__or4_1)
     2    0.004958    0.208997    1.294241    6.325915 v _27914_/X (sky130_fd_sc_hd__or4_1)
                                                         _03666_ (net)
                      0.208997    0.000284    6.326200 v _27915_/D (sky130_fd_sc_hd__or4_4)
     9    0.056097    0.296610    1.103022    7.429222 v _27915_/X (sky130_fd_sc_hd__or4_4)
                                                         _03667_ (net)
                      0.296839    0.007508    7.436730 v _27920_/B (sky130_fd_sc_hd__or3_2)
     5    0.025201    0.281617    1.332281    8.769011 v _27920_/X (sky130_fd_sc_hd__or3_2)
                                                         _03672_ (net)
                      0.281769    0.001789    8.770800 v fanout886/A (sky130_fd_sc_hd__buf_2)
    10    0.040779    0.192747    0.465246    9.236045 v fanout886/X (sky130_fd_sc_hd__buf_2)
                                                         net886 (net)
                      0.192749    0.001063    9.237108 v _27932_/B (sky130_fd_sc_hd__or4_1)
     3    0.009184    0.254000    1.328365   10.565474 v _27932_/X (sky130_fd_sc_hd__or4_1)
                                                         _03684_ (net)
                      0.254000    0.000488   10.565962 v _27935_/B1 (sky130_fd_sc_hd__a211o_1)
     4    0.013188    0.175167    0.675019   11.240981 v _27935_/X (sky130_fd_sc_hd__a211o_1)
                                                         _03687_ (net)
                      0.175173    0.001263   11.242244 v _27939_/C (sky130_fd_sc_hd__and3_1)
     3    0.009408    0.124822    0.470659   11.712903 v _27939_/X (sky130_fd_sc_hd__and3_1)
                                                         _03691_ (net)
                      0.124822    0.000411   11.713314 v _27943_/C1 (sky130_fd_sc_hd__a211o_1)
     3    0.008707    0.137445    0.509980   12.223294 v _27943_/X (sky130_fd_sc_hd__a211o_1)
                                                         _03695_ (net)
                      0.137445    0.000533   12.223827 v _27946_/B (sky130_fd_sc_hd__and3_1)
     3    0.024766    0.246978    0.531236   12.755064 v _27946_/X (sky130_fd_sc_hd__and3_1)
                                                         _03698_ (net)
                      0.246978    0.000775   12.755839 v _27953_/S (sky130_fd_sc_hd__mux2_1)
     4    0.016827    0.231150    0.917492   13.673331 v _27953_/X (sky130_fd_sc_hd__mux2_1)
                                                         _03705_ (net)
                      0.231150    0.000902   13.674232 v _27962_/A2 (sky130_fd_sc_hd__a22o_1)
     3    0.015990    0.176782    0.591400   14.265633 v _27962_/X (sky130_fd_sc_hd__a22o_1)
                                                         _03714_ (net)
                      0.176784    0.001046   14.266679 v _27971_/A1 (sky130_fd_sc_hd__a21oi_4)
     8    0.039332    0.475998    0.500874   14.767553 ^ _27971_/Y (sky130_fd_sc_hd__a21oi_4)
                                                         _03723_ (net)
                      0.476022    0.002782   14.770334 ^ _27974_/S (sky130_fd_sc_hd__mux2_1)
     3    0.015782    0.223138    0.973556   15.743890 v _27974_/X (sky130_fd_sc_hd__mux2_1)
                                                         _03726_ (net)
                      0.223146    0.001645   15.745535 v _27994_/B (sky130_fd_sc_hd__nor2_1)
     3    0.016886    0.517286    0.493545   16.239080 ^ _27994_/Y (sky130_fd_sc_hd__nor2_1)
                                                         _03746_ (net)
                      0.517291    0.001378   16.240458 ^ _27996_/B1 (sky130_fd_sc_hd__a311oi_4)
     4    0.013324    0.205307    0.233905   16.474363 v _27996_/Y (sky130_fd_sc_hd__a311oi_4)
                                                         _03748_ (net)
                      0.205307    0.000584   16.474949 v _28018_/B (sky130_fd_sc_hd__or4_1)
     3    0.009576    0.257051    1.338950   17.813898 v _28018_/X (sky130_fd_sc_hd__or4_1)
                                                         _03770_ (net)
                      0.257051    0.000529   17.814428 v _28020_/C (sky130_fd_sc_hd__and3_1)
     4    0.011650    0.144263    0.530852   18.345280 v _28020_/X (sky130_fd_sc_hd__and3_1)
                                                         _03772_ (net)
                      0.144264    0.000645   18.345924 v _28032_/B1 (sky130_fd_sc_hd__a211o_1)
     4    0.013786    0.176473    0.638863   18.984787 v _28032_/X (sky130_fd_sc_hd__a211o_1)
                                                         _03784_ (net)
                      0.176474    0.000892   18.985680 v _28035_/A2 (sky130_fd_sc_hd__a211o_1)
     4    0.016263    0.194753    0.709141   19.694820 v _28035_/X (sky130_fd_sc_hd__a211o_1)
                                                         _03787_ (net)
                      0.194760    0.001501   19.696321 v _28037_/A3 (sky130_fd_sc_hd__a31o_1)
     3    0.008882    0.116107    0.493886   20.190207 v _28037_/X (sky130_fd_sc_hd__a31o_1)
                                                         _03789_ (net)
                      0.116107    0.000444   20.190651 v _28038_/B (sky130_fd_sc_hd__nor2_1)
     4    0.021453    0.644038    0.543652   20.734304 ^ _28038_/Y (sky130_fd_sc_hd__nor2_1)
                                                         _03790_ (net)
                      0.644041    0.001252   20.735556 ^ _28047_/S (sky130_fd_sc_hd__mux2_1)
     4    0.019164    0.249196    1.043833   21.779390 v _28047_/X (sky130_fd_sc_hd__mux2_1)
                                                         _03799_ (net)
                      0.249199    0.001412   21.780802 v _28048_/B (sky130_fd_sc_hd__xnor2_1)
     3    0.010659    0.441410    0.484386   22.265188 ^ _28048_/Y (sky130_fd_sc_hd__xnor2_1)
                                                         _03800_ (net)
                      0.441411    0.000560   22.265747 ^ _28065_/A1 (sky130_fd_sc_hd__a31o_1)
     2    0.010384    0.186813    0.492747   22.758495 ^ _28065_/X (sky130_fd_sc_hd__a31o_1)
                                                         _03817_ (net)
                      0.186814    0.000799   22.759295 ^ _28081_/A1 (sky130_fd_sc_hd__a21oi_2)
     6    0.022830    0.200778    0.250163   23.009457 v _28081_/Y (sky130_fd_sc_hd__a21oi_2)
                                                         _03833_ (net)
                      0.200800    0.001689   23.011147 v _28098_/C (sky130_fd_sc_hd__or4_1)
     3    0.008386    0.244194    1.247349   24.258495 v _28098_/X (sky130_fd_sc_hd__or4_1)
                                                         _03850_ (net)
                      0.244194    0.000535   24.259029 v _28102_/C (sky130_fd_sc_hd__and3_1)
     2    0.005142    0.090425    0.469237   24.728266 v _28102_/X (sky130_fd_sc_hd__and3_1)
                                                         _03854_ (net)
                      0.090425    0.000341   24.728607 v _28113_/C1 (sky130_fd_sc_hd__a211o_1)
     5    0.017088    0.200874    0.570958   25.299566 v _28113_/X (sky130_fd_sc_hd__a211o_1)
                                                         _03865_ (net)
                      0.200879    0.001361   25.300926 v _28123_/A1 (sky130_fd_sc_hd__a211oi_1)
     3    0.010263    0.645935    0.667381   25.968307 ^ _28123_/Y (sky130_fd_sc_hd__a211oi_1)
                                                         _03875_ (net)
                      0.645936    0.000767   25.969074 ^ _28127_/A1 (sky130_fd_sc_hd__o211a_1)
     3    0.008517    0.145592    0.568916   26.537991 ^ _28127_/X (sky130_fd_sc_hd__o211a_1)
                                                         _03879_ (net)
                      0.145592    0.000547   26.538538 ^ _28131_/A1 (sky130_fd_sc_hd__o21a_2)
     9    0.040639    0.349041    0.510662   27.049200 ^ _28131_/X (sky130_fd_sc_hd__o21a_2)
                                                         _03883_ (net)
                      0.349121    0.005119   27.054319 ^ _28166_/S (sky130_fd_sc_hd__mux2_1)
     3    0.010300    0.181641    0.884898   27.939217 v _28166_/X (sky130_fd_sc_hd__mux2_1)
                                                         _03918_ (net)
                      0.181641    0.000476   27.939692 v _28169_/B (sky130_fd_sc_hd__and2_1)
     2    0.006194    0.095114    0.398924   28.338615 v _28169_/X (sky130_fd_sc_hd__and2_1)
                                                         _03921_ (net)
                      0.095114    0.000316   28.338932 v _28177_/B1 (sky130_fd_sc_hd__a211o_1)
     2    0.008516    0.135809    0.567928   28.906860 v _28177_/X (sky130_fd_sc_hd__a211o_1)
                                                         _03929_ (net)
                      0.135810    0.000583   28.907442 v _28180_/A3 (sky130_fd_sc_hd__a31o_1)
     4    0.011715    0.140511    0.490591   29.398033 v _28180_/X (sky130_fd_sc_hd__a31o_1)
                                                         _03932_ (net)
                      0.140514    0.000755   29.398788 v _28183_/A2 (sky130_fd_sc_hd__a211o_1)
     3    0.016397    0.195682    0.695991   30.094780 v _28183_/X (sky130_fd_sc_hd__a211o_1)
                                                         _03935_ (net)
                      0.195683    0.000956   30.095736 v _28188_/A3 (sky130_fd_sc_hd__a311o_1)
     3    0.013735    0.188594    0.809997   30.905733 v _28188_/X (sky130_fd_sc_hd__a311o_1)
                                                         _03940_ (net)
                      0.188595    0.000838   30.906570 v _28221_/C1 (sky130_fd_sc_hd__o211a_1)
     3    0.007432    0.111600    0.294015   31.200586 v _28221_/X (sky130_fd_sc_hd__o211a_1)
                                                         _03973_ (net)
                      0.111600    0.000465   31.201052 v _28224_/C (sky130_fd_sc_hd__or3_1)
     2    0.006717    0.175688    0.790465   31.991516 v _28224_/X (sky130_fd_sc_hd__or3_1)
                                                         _03976_ (net)
                      0.175688    0.000359   31.991875 v _28227_/C (sky130_fd_sc_hd__and4_1)
     1    0.002709    0.072177    0.427796   32.419670 v _28227_/X (sky130_fd_sc_hd__and4_1)
                                                         _03979_ (net)
                      0.072177    0.000128   32.419800 v _28235_/B1 (sky130_fd_sc_hd__a221o_1)
     3    0.013060    0.184651    0.657135   33.076935 v _28235_/X (sky130_fd_sc_hd__a221o_1)
                                                         _03987_ (net)
                      0.184653    0.001013   33.077946 v _28238_/A3 (sky130_fd_sc_hd__a31o_1)
     3    0.015345    0.164395    0.538758   33.616707 v _28238_/X (sky130_fd_sc_hd__a31o_1)
                                                         _03990_ (net)
                      0.164398    0.001005   33.617710 v _28241_/A2 (sky130_fd_sc_hd__a21o_2)
     5    0.028556    0.161810    0.533770   34.151482 v _28241_/X (sky130_fd_sc_hd__a21o_2)
                                                         _03993_ (net)
                      0.161865    0.002828   34.154308 v _28253_/A1 (sky130_fd_sc_hd__o21a_4)
    10    0.050188    0.157329    0.540361   34.694668 v _28253_/X (sky130_fd_sc_hd__o21a_4)
                                                         _04005_ (net)
                      0.157520    0.004921   34.699589 v _28257_/S (sky130_fd_sc_hd__mux2_1)
     4    0.014735    0.215293    0.864262   35.563850 v _28257_/X (sky130_fd_sc_hd__mux2_1)
                                                         _04009_ (net)
                      0.215301    0.001528   35.565380 v _28276_/B (sky130_fd_sc_hd__xnor2_1)
     3    0.010164    0.203224    0.356636   35.922016 v _28276_/Y (sky130_fd_sc_hd__xnor2_1)
                                                         _04028_ (net)
                      0.203224    0.000412   35.922428 v _28288_/A (sky130_fd_sc_hd__or4_1)
     1    0.002791    0.175308    1.246459   37.168884 v _28288_/X (sky130_fd_sc_hd__or4_1)
                                                         _04040_ (net)
                      0.175308    0.000128   37.169014 v _28313_/A1 (sky130_fd_sc_hd__o211a_1)
     3    0.014930    0.172078    0.555222   37.724236 v _28313_/X (sky130_fd_sc_hd__o211a_1)
                                                         _04065_ (net)
                      0.172081    0.001076   37.725311 v _28316_/A2 (sky130_fd_sc_hd__o211ai_1)
     2    0.005677    0.326390    0.372825   38.098137 ^ _28316_/Y (sky130_fd_sc_hd__o211ai_1)
                                                         _04068_ (net)
                      0.326390    0.000348   38.098484 ^ _28318_/C (sky130_fd_sc_hd__and3_1)
     2    0.005631    0.124584    0.421309   38.519794 ^ _28318_/X (sky130_fd_sc_hd__and3_1)
                                                         _04070_ (net)
                      0.124584    0.000227   38.520023 ^ _28322_/A2 (sky130_fd_sc_hd__o31a_2)
     3    0.032040    0.295010    0.468379   38.988400 ^ _28322_/X (sky130_fd_sc_hd__o31a_2)
                                                         _04074_ (net)
                      0.295010    0.000874   38.989277 ^ fanout392/A (sky130_fd_sc_hd__clkbuf_4)
    10    0.051086    0.252955    0.481865   39.471142 ^ fanout392/X (sky130_fd_sc_hd__clkbuf_4)
                                                         net392 (net)
                      0.253061    0.004967   39.476109 ^ _28351_/S (sky130_fd_sc_hd__mux2_2)
     5    0.029738    0.208301    0.894762   40.370869 v _28351_/X (sky130_fd_sc_hd__mux2_2)
                                                         _04103_ (net)
                      0.208403    0.004352   40.375221 v _28353_/B (sky130_fd_sc_hd__xnor2_1)
     3    0.010938    0.220261    0.362220   40.737442 v _28353_/Y (sky130_fd_sc_hd__xnor2_1)
                                                         _04105_ (net)
                      0.220261    0.000576   40.738018 v _28363_/A1 (sky130_fd_sc_hd__o311a_1)
     3    0.012081    0.175806    0.812253   41.550270 v _28363_/X (sky130_fd_sc_hd__o311a_1)
                                                         _04115_ (net)
                      0.175809    0.001013   41.551281 v _28368_/A2 (sky130_fd_sc_hd__o41a_2)
     6    0.022317    0.209929    1.085624   42.636906 v _28368_/X (sky130_fd_sc_hd__o41a_2)
                                                         _04120_ (net)
                      0.210036    0.001641   42.638550 v _28395_/A2 (sky130_fd_sc_hd__a211o_1)
     5    0.020434    0.226023    0.751573   43.390121 v _28395_/X (sky130_fd_sc_hd__a211o_1)
                                                         _04147_ (net)
                      0.226034    0.001876   43.391998 v _28452_/A1 (sky130_fd_sc_hd__a211o_1)
     1    0.003762    0.094503    0.558504   43.950500 v _28452_/X (sky130_fd_sc_hd__a211o_1)
                                                         _04204_ (net)
                      0.094503    0.000245   43.950745 v _28454_/B1 (sky130_fd_sc_hd__o211a_1)
     5    0.016241    0.183090    0.346052   44.296799 v _28454_/X (sky130_fd_sc_hd__o211a_1)
                                                         _04206_ (net)
                      0.183092    0.001002   44.297802 v _28469_/B (sky130_fd_sc_hd__or4_1)
     1    0.003521    0.186865    1.221949   45.519749 v _28469_/X (sky130_fd_sc_hd__or4_1)
                                                         _04221_ (net)
                      0.186865    0.000210   45.519958 v _28470_/D (sky130_fd_sc_hd__or4_1)
     2    0.007752    0.237304    1.086775   46.606735 v _28470_/X (sky130_fd_sc_hd__or4_1)
                                                         _04222_ (net)
                      0.237304    0.000405   46.607140 v _28484_/A3 (sky130_fd_sc_hd__a31o_1)
     3    0.009126    0.118137    0.514706   47.121845 v _28484_/X (sky130_fd_sc_hd__a31o_1)
                                                         _04236_ (net)
                      0.118137    0.000338   47.122185 v _28486_/A2 (sky130_fd_sc_hd__a2111o_1)
     2    0.007296    0.150964    0.848633   47.970818 v _28486_/X (sky130_fd_sc_hd__a2111o_1)
                                                         _04238_ (net)
                      0.150964    0.000508   47.971325 v _28490_/A2 (sky130_fd_sc_hd__a31o_1)
     3    0.013846    0.152687    0.495771   48.467094 v _28490_/X (sky130_fd_sc_hd__a31o_1)
                                                         _04242_ (net)
                      0.152690    0.000952   48.468048 v _28494_/A1 (sky130_fd_sc_hd__a211o_1)
     2    0.011020    0.158885    0.602089   49.070137 v _28494_/X (sky130_fd_sc_hd__a211o_1)
                                                         _04246_ (net)
                      0.158886    0.000668   49.070805 v _28500_/A1 (sky130_fd_sc_hd__a21oi_2)
     3    0.037528    0.743034    0.692758   49.763561 ^ _28500_/Y (sky130_fd_sc_hd__a21oi_2)
                                                         _04252_ (net)
                      0.743042    0.002107   49.765667 ^ fanout389/A (sky130_fd_sc_hd__clkbuf_2)
     5    0.026295    0.235005    0.560203   50.325871 ^ fanout389/X (sky130_fd_sc_hd__clkbuf_2)
                                                         net389 (net)
                      0.235034    0.002693   50.328564 ^ _28534_/S (sky130_fd_sc_hd__mux2_1)
     3    0.013119    0.204676    0.886303   51.214867 v _28534_/X (sky130_fd_sc_hd__mux2_1)
                                                         _04286_ (net)
                      0.204678    0.001123   51.215988 v _28536_/B (sky130_fd_sc_hd__and2_1)
     1    0.001456    0.057911    0.364793   51.580784 v _28536_/X (sky130_fd_sc_hd__and2_1)
                                                         _04288_ (net)
                      0.057911    0.000068   51.580849 v _28537_/B (sky130_fd_sc_hd__or2_1)
     2    0.007421    0.136574    0.506606   52.087456 v _28537_/X (sky130_fd_sc_hd__or2_1)
                                                         _04289_ (net)
                      0.136574    0.000252   52.087708 v _28545_/B1_N (sky130_fd_sc_hd__o21ba_1)
     2    0.005657    0.112232    0.482537   52.570244 ^ _28545_/X (sky130_fd_sc_hd__o21ba_1)
                                                         _04297_ (net)
                      0.112232    0.000284   52.570530 ^ _28548_/A2 (sky130_fd_sc_hd__o21ai_1)
     3    0.010729    0.219048    0.219309   52.789837 v _28548_/Y (sky130_fd_sc_hd__o21ai_1)
                                                         _04300_ (net)
                      0.219048    0.000490   52.790329 v _28549_/A2 (sky130_fd_sc_hd__a21o_1)
     3    0.009918    0.116025    0.435389   53.225716 v _28549_/X (sky130_fd_sc_hd__a21o_1)
                                                         _04301_ (net)
                      0.116026    0.000547   53.226265 v _28553_/A2 (sky130_fd_sc_hd__a21bo_1)
     2    0.008424    0.106647    0.403734   53.629997 v _28553_/X (sky130_fd_sc_hd__a21bo_1)
                                                         _04305_ (net)
                      0.106648    0.000487   53.630486 v _28554_/A2 (sky130_fd_sc_hd__a21o_1)
     4    0.012901    0.140389    0.410882   54.041367 v _28554_/X (sky130_fd_sc_hd__a21o_1)
                                                         _04306_ (net)
                      0.140396    0.001094   54.042461 v _28558_/A2 (sky130_fd_sc_hd__a311o_1)
     3    0.013253    0.184970    0.721052   54.763512 v _28558_/X (sky130_fd_sc_hd__a311o_1)
                                                         _04310_ (net)
                      0.184972    0.000977   54.764488 v _28590_/A1 (sky130_fd_sc_hd__a211o_1)
     2    0.007921    0.130466    0.585445   55.349934 v _28590_/X (sky130_fd_sc_hd__a211o_1)
                                                         _04342_ (net)
                      0.130466    0.000508   55.350441 v _28594_/A1 (sky130_fd_sc_hd__a2111oi_1)
     1    0.002389    0.507127    0.598888   55.949329 ^ _28594_/Y (sky130_fd_sc_hd__a2111oi_1)
                                                         _04346_ (net)
                      0.507127    0.000174   55.949505 ^ fanout387/A (sky130_fd_sc_hd__buf_2)
     5    0.048951    0.382383    0.601851   56.551357 ^ fanout387/X (sky130_fd_sc_hd__buf_2)
                                                         net387 (net)
                      0.382385    0.001748   56.553104 ^ fanout386/A (sky130_fd_sc_hd__clkbuf_4)
    10    0.050735    0.251993    0.518650   57.071754 ^ fanout386/X (sky130_fd_sc_hd__clkbuf_4)
                                                         net386 (net)
                      0.252213    0.006807   57.078560 ^ _28617_/S (sky130_fd_sc_hd__mux2_1)
     3    0.020660    0.261862    0.951371   58.029930 v _28617_/X (sky130_fd_sc_hd__mux2_1)
                                                         _04369_ (net)
                      0.261875    0.002167   58.032097 v _28619_/B (sky130_fd_sc_hd__and2_1)
     1    0.002092    0.063068    0.400693   58.432793 v _28619_/X (sky130_fd_sc_hd__and2_1)
                                                         _04371_ (net)
                      0.063068    0.000092   58.432884 v _28620_/B (sky130_fd_sc_hd__or2_1)
     3    0.011823    0.177332    0.552678   58.985561 v _28620_/X (sky130_fd_sc_hd__or2_1)
                                                         _04372_ (net)
                      0.177332    0.000583   58.986145 v _28628_/C (sky130_fd_sc_hd__or4_1)
     2    0.007028    0.228122    1.217305   60.203449 v _28628_/X (sky130_fd_sc_hd__or4_1)
                                                         _04380_ (net)
                      0.228122    0.000355   60.203804 v _28680_/B (sky130_fd_sc_hd__or4_1)
     1    0.009055    0.252937    1.337909   61.541714 v _28680_/X (sky130_fd_sc_hd__or4_1)
                                                         _04432_ (net)
                      0.252937    0.000888   61.542603 v _28688_/B1 (sky130_fd_sc_hd__o311a_1)
     2    0.004871    0.112949    0.325933   61.868534 v _28688_/X (sky130_fd_sc_hd__o311a_1)
                                                         _04440_ (net)
                      0.112949    0.000284   61.868820 v _28689_/C_N (sky130_fd_sc_hd__nor3b_2)
     7    0.023588    0.167501    0.426738   62.295559 v _28689_/Y (sky130_fd_sc_hd__nor3b_2)
                                                         _04441_ (net)
                      0.167532    0.002260   62.297817 v _28694_/A (sky130_fd_sc_hd__nor2_1)
     1    0.005239    0.194964    0.254992   62.552811 ^ _28694_/Y (sky130_fd_sc_hd__nor2_1)
                                                         _04446_ (net)
                      0.194964    0.000433   62.553242 ^ fanout385/A (sky130_fd_sc_hd__buf_2)
     5    0.050584    0.393069    0.484086   63.037327 ^ fanout385/X (sky130_fd_sc_hd__buf_2)
                                                         net385 (net)
                      0.393075    0.001315   63.038643 ^ fanout384/A (sky130_fd_sc_hd__clkbuf_4)
    10    0.059691    0.291740    0.554778   63.593422 ^ fanout384/X (sky130_fd_sc_hd__clkbuf_4)
                                                         net384 (net)
                      0.291781    0.003489   63.596909 ^ _28732_/S (sky130_fd_sc_hd__mux2_1)
     3    0.014820    0.215909    0.917055   64.513962 v _28732_/X (sky130_fd_sc_hd__mux2_1)
                                                         _04484_ (net)
                      0.215909    0.000639   64.514603 v _28734_/B (sky130_fd_sc_hd__xnor2_2)
     4    0.015228    0.367438    0.404533   64.919136 ^ _28734_/Y (sky130_fd_sc_hd__xnor2_2)
                                                         _04486_ (net)
                      0.367438    0.000718   64.919853 ^ _28753_/A (sky130_fd_sc_hd__and3_1)
     1    0.003486    0.097615    0.397506   65.317360 ^ _28753_/X (sky130_fd_sc_hd__and3_1)
                                                         _04505_ (net)
                      0.097615    0.000149   65.317513 ^ _28757_/A3 (sky130_fd_sc_hd__a31o_1)
     4    0.014356    0.240122    0.439016   65.756523 ^ _28757_/X (sky130_fd_sc_hd__a31o_1)
                                                         _04509_ (net)
                      0.240125    0.001393   65.757919 ^ _28785_/A1 (sky130_fd_sc_hd__a31o_1)
     4    0.019650    0.317247    0.520195   66.278114 ^ _28785_/X (sky130_fd_sc_hd__a31o_1)
                                                         _04537_ (net)
                      0.317254    0.001990   66.280106 ^ _28809_/A (sky130_fd_sc_hd__nand3_2)
     5    0.020130    0.303106    0.358831   66.638931 v _28809_/Y (sky130_fd_sc_hd__nand3_2)
                                                         _04561_ (net)
                      0.303106    0.001243   66.640175 v _28815_/A1 (sky130_fd_sc_hd__a21oi_2)
     2    0.038499    0.761908    0.766299   67.406479 ^ _28815_/Y (sky130_fd_sc_hd__a21oi_2)
                                                         _04567_ (net)
                      0.761913    0.001613   67.408089 ^ fanout383/A (sky130_fd_sc_hd__clkbuf_2)
     5    0.028954    0.256317    0.579938   67.988029 ^ fanout383/X (sky130_fd_sc_hd__clkbuf_2)
                                                         net383 (net)
                      0.256318    0.001300   67.989326 ^ fanout382/A (sky130_fd_sc_hd__clkbuf_4)
    10    0.046255    0.232248    0.451834   68.441162 ^ fanout382/X (sky130_fd_sc_hd__clkbuf_4)
                                                         net382 (net)
                      0.232263    0.002089   68.443253 ^ _28838_/S (sky130_fd_sc_hd__mux2_1)
     4    0.017502    0.236586    0.921872   69.365120 v _28838_/X (sky130_fd_sc_hd__mux2_1)
                                                         _04590_ (net)
                      0.236589    0.001393   69.366516 v _28842_/B (sky130_fd_sc_hd__xnor2_1)
     3    0.010746    0.219775    0.372296   69.738815 v _28842_/Y (sky130_fd_sc_hd__xnor2_1)
                                                         _04594_ (net)
                      0.219775    0.000433   69.739243 v _28861_/A3 (sky130_fd_sc_hd__o31a_1)
     3    0.009891    0.146855    0.580073   70.319321 v _28861_/X (sky130_fd_sc_hd__o31a_1)
                                                         _04613_ (net)
                      0.146856    0.000675   70.319992 v _28887_/A (sky130_fd_sc_hd__or4_1)
     3    0.011632    0.283912    1.389516   71.709511 v _28887_/X (sky130_fd_sc_hd__or4_1)
                                                         _04639_ (net)
                      0.283912    0.000711   71.710220 v _28911_/A1 (sky130_fd_sc_hd__a2111o_1)
     2    0.010624    0.184444    0.883716   72.593933 v _28911_/X (sky130_fd_sc_hd__a2111o_1)
                                                         _04663_ (net)
                      0.184445    0.000803   72.594742 v _28931_/A1 (sky130_fd_sc_hd__a21o_1)
     2    0.010212    0.118406    0.393499   72.988235 v _28931_/X (sky130_fd_sc_hd__a21o_1)
                                                         _04683_ (net)
                      0.118406    0.000483   72.988724 v _28933_/A1 (sky130_fd_sc_hd__a21o_1)
     4    0.016731    0.165334    0.409862   73.398582 v _28933_/X (sky130_fd_sc_hd__a21o_1)
                                                         _04685_ (net)
                      0.165340    0.001265   73.399849 v _28937_/A1 (sky130_fd_sc_hd__a21oi_2)
     3    0.036905    0.732202    0.685972   74.085823 ^ _28937_/Y (sky130_fd_sc_hd__a21oi_2)
                                                         _04689_ (net)
                      0.732207    0.001641   74.087463 ^ fanout380/A (sky130_fd_sc_hd__clkbuf_4)
     9    0.048356    0.245077    0.653266   74.740730 ^ fanout380/X (sky130_fd_sc_hd__clkbuf_4)
                                                         net380 (net)
                      0.245094    0.002316   74.743042 ^ _29014_/S (sky130_fd_sc_hd__mux2_1)
     4    0.017177    0.234109    0.922661   75.665703 v _29014_/X (sky130_fd_sc_hd__mux2_1)
                                                         _04766_ (net)
                      0.234110    0.001215   75.666924 v _29021_/B (sky130_fd_sc_hd__or2_1)
     2    0.006124    0.126850    0.563219   76.230141 v _29021_/X (sky130_fd_sc_hd__or2_1)
                                                         _04773_ (net)
                      0.126850    0.000369   76.230507 v _29030_/B (sky130_fd_sc_hd__and4_1)
     1    0.009288    0.125044    0.435570   76.666077 v _29030_/X (sky130_fd_sc_hd__and4_1)
                                                         _04782_ (net)
                      0.125044    0.000504   76.666580 v _29032_/B1 (sky130_fd_sc_hd__a211oi_4)
     3    0.025786    0.564023    0.610108   77.276688 ^ _29032_/Y (sky130_fd_sc_hd__a211oi_4)
                                                         _04784_ (net)
                      0.564159    0.003624   77.280312 ^ _29037_/A2 (sky130_fd_sc_hd__o211ai_4)
     3    0.018495    0.181598    0.341387   77.621704 v _29037_/Y (sky130_fd_sc_hd__o211ai_4)
                                                         _04789_ (net)
                      0.181614    0.001691   77.623390 v _29041_/A2 (sky130_fd_sc_hd__a211oi_4)
     4    0.022612    0.516766    0.638899   78.262291 ^ _29041_/Y (sky130_fd_sc_hd__a211oi_4)
                                                         _04793_ (net)
                      0.516770    0.002416   78.264709 ^ _29052_/A2 (sky130_fd_sc_hd__o221a_1)
     3    0.013941    0.251484    0.662205   78.926910 ^ _29052_/X (sky130_fd_sc_hd__o221a_1)
                                                         _04804_ (net)
                      0.251484    0.001080   78.927994 ^ _29057_/A (sky130_fd_sc_hd__nor2_1)
     2    0.025086    0.226616    0.299870   79.227859 v _29057_/Y (sky130_fd_sc_hd__nor2_1)
                                                         _04809_ (net)
                      0.226617    0.001108   79.228973 v fanout378/A (sky130_fd_sc_hd__clkbuf_2)
     7    0.029647    0.211155    0.387288   79.616257 v fanout378/X (sky130_fd_sc_hd__clkbuf_2)
                                                         net378 (net)
                      0.211156    0.000831   79.617088 v fanout377/A (sky130_fd_sc_hd__clkbuf_2)
     6    0.031574    0.223951    0.388859   80.005951 v fanout377/X (sky130_fd_sc_hd__clkbuf_2)
                                                         net377 (net)
                      0.224007    0.003403   80.009354 v fanout376/A (sky130_fd_sc_hd__clkbuf_4)
    10    0.050870    0.191544    0.438028   80.447380 v fanout376/X (sky130_fd_sc_hd__clkbuf_4)
                                                         net376 (net)
                      0.191612    0.003396   80.450775 v _29087_/S (sky130_fd_sc_hd__mux2_1)
     3    0.013975    0.209614    0.872532   81.323311 v _29087_/X (sky130_fd_sc_hd__mux2_1)
                                                         _04839_ (net)
                      0.209615    0.000931   81.324242 v _29089_/B (sky130_fd_sc_hd__and2_1)
     1    0.001557    0.058771    0.368402   81.692642 v _29089_/X (sky130_fd_sc_hd__and2_1)
                                                         _04841_ (net)
                      0.058771    0.000071   81.692711 v _29090_/B (sky130_fd_sc_hd__or2_1)
     2    0.007470    0.136949    0.507363   82.200073 v _29090_/X (sky130_fd_sc_hd__or2_1)
                                                         _04842_ (net)
                      0.136949    0.000291   82.200371 v _29092_/B (sky130_fd_sc_hd__or2_1)
     2    0.007891    0.140831    0.541057   82.741425 v _29092_/X (sky130_fd_sc_hd__or2_1)
                                                         _04844_ (net)
                      0.140831    0.000476   82.741898 v _29151_/A (sky130_fd_sc_hd__or3b_1)
     1    0.001785    0.125969    0.851664   83.593567 v _29151_/X (sky130_fd_sc_hd__or3b_1)
                                                         _04903_ (net)
                      0.125969    0.000078   83.593643 v _29152_/C (sky130_fd_sc_hd__or3_1)
     3    0.012058    0.234954    0.867445   84.461090 v _29152_/X (sky130_fd_sc_hd__or3_1)
                                                         _04904_ (net)
                      0.234956    0.001073   84.462158 v _29177_/A1 (sky130_fd_sc_hd__a2111o_1)
     2    0.008616    0.163943    0.842142   85.304306 v _29177_/X (sky130_fd_sc_hd__a2111o_1)
                                                         _04929_ (net)
                      0.163944    0.000760   85.305061 v _29182_/A1 (sky130_fd_sc_hd__a21oi_2)
     5    0.022710    0.470951    0.493230   85.798294 ^ _29182_/Y (sky130_fd_sc_hd__a21oi_2)
                                                         _04934_ (net)
                      0.470956    0.001350   85.799644 ^ _29197_/A2 (sky130_fd_sc_hd__o311ai_4)
     5    0.021695    0.258704    0.393904   86.193550 v _29197_/Y (sky130_fd_sc_hd__o311ai_4)
                                                         _04949_ (net)
                      0.258706    0.001300   86.194847 v _29200_/A1 (sky130_fd_sc_hd__a21oi_2)
     3    0.033755    0.675949    0.683848   86.878693 ^ _29200_/Y (sky130_fd_sc_hd__a21oi_2)
                                                         _04952_ (net)
                      0.675951    0.000860   86.879555 ^ fanout375/A (sky130_fd_sc_hd__clkbuf_4)
    10    0.049098    0.247309    0.638082   87.517639 ^ fanout375/X (sky130_fd_sc_hd__clkbuf_4)
                                                         net375 (net)
                      0.247322    0.002139   87.519775 ^ fanout374/A (sky130_fd_sc_hd__clkbuf_4)
    10    0.053142    0.261625    0.468766   87.988541 ^ fanout374/X (sky130_fd_sc_hd__clkbuf_4)
                                                         net374 (net)
                      0.261730    0.004931   87.993469 ^ _29228_/S (sky130_fd_sc_hd__mux2_2)
     4    0.022497    0.179518    0.867864   88.861336 v _29228_/X (sky130_fd_sc_hd__mux2_2)
                                                         _04980_ (net)
                      0.179676    0.002885   88.864220 v _29229_/B (sky130_fd_sc_hd__xnor2_1)
     3    0.011458    0.225970    0.354547   89.218765 v _29229_/Y (sky130_fd_sc_hd__xnor2_1)
                                                         _04981_ (net)
                      0.225970    0.000483   89.219254 v _29243_/A (sky130_fd_sc_hd__or4_1)
     2    0.007009    0.228941    1.340482   90.559731 v _29243_/X (sky130_fd_sc_hd__or4_1)
                                                         _04995_ (net)
                      0.228941    0.000419   90.560150 v _29244_/B (sky130_fd_sc_hd__or2_1)
     1    0.003648    0.104868    0.532125   91.092278 v _29244_/X (sky130_fd_sc_hd__or2_1)
                                                         _04996_ (net)
                      0.104868    0.000227   91.092506 v _29326_/B1 (sky130_fd_sc_hd__a211o_1)
     1    0.002736    0.084254    0.506624   91.599129 v _29326_/X (sky130_fd_sc_hd__a211o_1)
                                                         _05078_ (net)
                      0.084254    0.000192   91.599319 v _29336_/A1 (sky130_fd_sc_hd__a311oi_1)
     1    0.003839    0.387742    0.408193   92.007515 ^ _29336_/Y (sky130_fd_sc_hd__a311oi_1)
                                                         _05088_ (net)
                      0.387742    0.000242   92.007751 ^ fanout373/A (sky130_fd_sc_hd__clkbuf_2)
     5    0.036793    0.315360    0.497700   92.505455 ^ fanout373/X (sky130_fd_sc_hd__clkbuf_2)
                                                         net373 (net)
                      0.315361    0.001506   92.506958 ^ fanout372/A (sky130_fd_sc_hd__clkbuf_4)
    10    0.047150    0.236679    0.480171   92.987129 ^ fanout372/X (sky130_fd_sc_hd__clkbuf_4)
                                                         net372 (net)
                      0.236691    0.001968   92.989098 ^ fanout371/A (sky130_fd_sc_hd__clkbuf_4)
    10    0.052168    0.258108    0.461668   93.450768 ^ fanout371/X (sky130_fd_sc_hd__clkbuf_4)
                                                         net371 (net)
                      0.258175    0.004000   93.454765 ^ _29357_/S (sky130_fd_sc_hd__mux2_1)
     3    0.015149    0.218571    0.910269   94.365036 v _29357_/X (sky130_fd_sc_hd__mux2_1)
                                                         _05109_ (net)
                      0.218576    0.001400   94.366440 v _29360_/B (sky130_fd_sc_hd__nand2_1)
     1    0.003408    0.095404    0.174992   94.541428 ^ _29360_/Y (sky130_fd_sc_hd__nand2_1)
                                                         _05112_ (net)
                      0.095404    0.000149   94.541580 ^ _29361_/B (sky130_fd_sc_hd__nand2_1)
     3    0.011185    0.199385    0.214008   94.755585 v _29361_/Y (sky130_fd_sc_hd__nand2_1)
                                                         _05113_ (net)
                      0.199385    0.000377   94.755966 v _29381_/A1 (sky130_fd_sc_hd__o41a_1)
     3    0.013427    0.213394    0.965329   95.721291 v _29381_/X (sky130_fd_sc_hd__o41a_1)
                                                         _05133_ (net)
                      0.213398    0.001307   95.722603 v _29404_/A (sky130_fd_sc_hd__or3_1)
     2    0.008349    0.192396    0.977913   96.700516 v _29404_/X (sky130_fd_sc_hd__or3_1)
                                                         _05156_ (net)
                      0.192396    0.000512   96.701027 v _29437_/A1 (sky130_fd_sc_hd__a211o_1)
     3    0.015312    0.187658    0.655980   97.357002 v _29437_/X (sky130_fd_sc_hd__a211o_1)
                                                         _05189_ (net)
                      0.187661    0.001180   97.358185 v _29480_/A1 (sky130_fd_sc_hd__a21o_1)
     2    0.006004    0.085124    0.363030   97.721214 v _29480_/X (sky130_fd_sc_hd__a21o_1)
                                                         _05232_ (net)
                      0.085125    0.000369   97.721588 v _29491_/A1 (sky130_fd_sc_hd__a21oi_1)
     2    0.017554    0.620911    0.550649   98.272232 ^ _29491_/Y (sky130_fd_sc_hd__a21oi_1)
                                                         _05243_ (net)
                      0.620913    0.001030   98.273262 ^ fanout370/A (sky130_fd_sc_hd__clkbuf_4)
    10    0.053578    0.265765    0.632909   98.906174 ^ fanout370/X (sky130_fd_sc_hd__clkbuf_4)
                                                         net370 (net)
                      0.265975    0.006800   98.912971 ^ _29517_/S (sky130_fd_sc_hd__mux2_1)
     4    0.013670    0.207407    0.901132   99.814102 v _29517_/X (sky130_fd_sc_hd__mux2_1)
                                                         _05269_ (net)
                      0.207407    0.000533   99.814636 v _29518_/B (sky130_fd_sc_hd__xnor2_1)
     1    0.005672    0.279450    0.341487  100.156128 ^ _29518_/Y (sky130_fd_sc_hd__xnor2_1)
                                                         _05270_ (net)
                      0.279450    0.000412  100.156540 ^ _29519_/A (sky130_fd_sc_hd__inv_2)
     2    0.008912    0.078012    0.148340  100.304878 v _29519_/Y (sky130_fd_sc_hd__inv_2)
                                                         _05271_ (net)
                      0.078013    0.000504  100.305382 v _29531_/C1 (sky130_fd_sc_hd__a211oi_1)
     3    0.011059    0.683751    0.592614  100.897995 ^ _29531_/Y (sky130_fd_sc_hd__a211oi_1)
                                                         _05283_ (net)
                      0.683754    0.001023  100.899017 ^ _29554_/A1 (sky130_fd_sc_hd__o2111a_1)
     2    0.008955    0.175631    0.680586  101.579605 ^ _29554_/X (sky130_fd_sc_hd__o2111a_1)
                                                         _05306_ (net)
                      0.175631    0.000689  101.580292 ^ _29558_/A3 (sky130_fd_sc_hd__o31a_1)
     4    0.018586    0.322182    0.438334  102.018631 ^ _29558_/X (sky130_fd_sc_hd__o31a_1)
                                                         _05310_ (net)
                      0.322193    0.002288  102.020912 ^ _29588_/A1 (sky130_fd_sc_hd__a21o_1)
     4    0.020688    0.289806    0.468802  102.489716 ^ _29588_/X (sky130_fd_sc_hd__a21o_1)
                                                         _05340_ (net)
                      0.289809    0.001485  102.491203 ^ _29617_/A1 (sky130_fd_sc_hd__a21oi_2)
     5    0.021638    0.202116    0.284821  102.776024 v _29617_/Y (sky130_fd_sc_hd__a21oi_2)
                                                         _05369_ (net)
                      0.202123    0.001513  102.777534 v _29643_/A1 (sky130_fd_sc_hd__o21a_2)
     9    0.036696    0.200478    0.586248  103.363785 v _29643_/X (sky130_fd_sc_hd__o21a_2)
                                                         _05395_ (net)
                      0.200623    0.004917  103.368698 v _29645_/B (sky130_fd_sc_hd__nor2_1)
     2    0.021932    0.658606    0.588699  103.957397 ^ _29645_/Y (sky130_fd_sc_hd__nor2_1)
                                                         _05397_ (net)
                      0.658608    0.000945  103.958344 ^ fanout366/A (sky130_fd_sc_hd__clkbuf_4)
    10    0.064051    0.311207    0.680330  104.638680 ^ fanout366/X (sky130_fd_sc_hd__clkbuf_4)
                                                         net366 (net)
                      0.311342    0.006054  104.644730 ^ _29749_/S (sky130_fd_sc_hd__mux2_2)
     5    0.032980    0.221431    0.926065  105.570793 v _29749_/X (sky130_fd_sc_hd__mux2_2)
                                                         _05501_ (net)
                      0.221572    0.005123  105.575920 v _29750_/B (sky130_fd_sc_hd__xnor2_1)
     3    0.013348    0.529588    0.538833  106.114754 ^ _29750_/Y (sky130_fd_sc_hd__xnor2_1)
                                                         _05502_ (net)
                      0.529589    0.000753  106.115501 ^ _29755_/C (sky130_fd_sc_hd__and4_1)
     2    0.006990    0.157901    0.580911  106.696411 ^ _29755_/X (sky130_fd_sc_hd__and4_1)
                                                         _05507_ (net)
                      0.157901    0.000455  106.696869 ^ _29818_/A1 (sky130_fd_sc_hd__a211oi_1)
     2    0.011088    0.225703    0.262908  106.959778 v _29818_/Y (sky130_fd_sc_hd__a211oi_1)
                                                         _05570_ (net)
                      0.225703    0.000909  106.960686 v _29819_/A2 (sky130_fd_sc_hd__o211a_1)
     4    0.021708    0.229385    0.596629  107.557312 v _29819_/X (sky130_fd_sc_hd__o211a_1)
                                                         _05571_ (net)
                      0.229390    0.001471  107.558784 v _29820_/A2 (sky130_fd_sc_hd__a21oi_2)
     4    0.034699    0.692403    0.684530  108.243317 ^ _29820_/Y (sky130_fd_sc_hd__a21oi_2)
                                                         _05572_ (net)
                      0.692424    0.003197  108.246513 ^ fanout362/A (sky130_fd_sc_hd__clkbuf_4)
    10    0.052493    0.262123    0.653337  108.899849 ^ fanout362/X (sky130_fd_sc_hd__clkbuf_4)
                                                         net362 (net)
                      0.262175    0.003737  108.903587 ^ fanout361/A (sky130_fd_sc_hd__buf_2)
    10    0.036724    0.291208    0.442078  109.345665 ^ fanout361/X (sky130_fd_sc_hd__buf_2)
                                                         net361 (net)
                      0.291209    0.001364  109.347031 ^ _29877_/S (sky130_fd_sc_hd__mux2_1)
     3    0.014313    0.212068    0.912756  110.259789 v _29877_/X (sky130_fd_sc_hd__mux2_1)
                                                         _05629_ (net)
                      0.212070    0.001059  110.260849 v _29879_/B (sky130_fd_sc_hd__xnor2_1)
     3    0.009034    0.190587    0.341991  110.602837 v _29879_/Y (sky130_fd_sc_hd__xnor2_1)
                                                         _05631_ (net)
                      0.190587    0.000455  110.603294 v _29880_/B (sky130_fd_sc_hd__or3b_1)
     1    0.002259    0.130727    0.829409  111.432701 v _29880_/X (sky130_fd_sc_hd__or3b_1)
                                                         _05632_ (net)
                      0.130727    0.000085  111.432785 v _29881_/C (sky130_fd_sc_hd__or4b_2)
     2    0.019056    0.328558    1.670635  113.103424 v _29881_/X (sky130_fd_sc_hd__or4b_2)
                                                         _05633_ (net)
                      0.328558    0.002700  113.106125 v _29966_/A (sky130_fd_sc_hd__or2_2)
     5    0.022805    0.204758    0.908322  114.014442 v _29966_/X (sky130_fd_sc_hd__or2_2)
                                                         _05718_ (net)
                      0.204766    0.001407  114.015854 v _29999_/A1 (sky130_fd_sc_hd__a311oi_4)
     7    0.030197    0.692225    0.693582  114.709435 ^ _29999_/Y (sky130_fd_sc_hd__a311oi_4)
                                                         _05751_ (net)
                      0.692225    0.002366  114.711800 ^ _30005_/B (sky130_fd_sc_hd__or3_4)
     4    0.052921    0.260095    0.621505  115.333305 ^ _30005_/X (sky130_fd_sc_hd__or3_4)
                                                         _05757_ (net)
                      0.260104    0.002224  115.335526 ^ fanout358/A (sky130_fd_sc_hd__clkbuf_4)
    10    0.062997    0.304717    0.504635  115.840164 ^ fanout358/X (sky130_fd_sc_hd__clkbuf_4)
                                                         net358 (net)
                      0.304939    0.004597  115.844757 ^ fanout357/A (sky130_fd_sc_hd__buf_2)
    10    0.045897    0.359730    0.506184  116.350945 ^ fanout357/X (sky130_fd_sc_hd__buf_2)
                                                         net357 (net)
                      0.359979    0.005798  116.356743 ^ _30047_/B (sky130_fd_sc_hd__nor2_1)
     2    0.005456    0.102192    0.192514  116.549255 v _30047_/Y (sky130_fd_sc_hd__nor2_1)
                                                         _05799_ (net)
                      0.102192    0.000306  116.549561 v _30049_/A (sky130_fd_sc_hd__or2_2)
     5    0.021444    0.200275    0.808377  117.357941 v _30049_/X (sky130_fd_sc_hd__or2_2)
                                                         _05801_ (net)
                      0.200291    0.001734  117.359673 v _30051_/B (sky130_fd_sc_hd__xnor2_1)
     3    0.011331    0.462878    0.479815  117.839485 ^ _30051_/Y (sky130_fd_sc_hd__xnor2_1)
                                                         _05803_ (net)
                      0.462880    0.000647  117.840134 ^ _30058_/C_N (sky130_fd_sc_hd__or4bb_1)
     2    0.013142    0.286621    1.393474  119.233604 v _30058_/X (sky130_fd_sc_hd__or4bb_1)
                                                         _05810_ (net)
                      0.286622    0.001279  119.234886 v _30208_/C1 (sky130_fd_sc_hd__a2111o_1)
     4    0.012671    0.206591    0.863338  120.098221 v _30208_/X (sky130_fd_sc_hd__a2111o_1)
                                                         _05960_ (net)
                      0.206591    0.000455  120.098679 v _30210_/C (sky130_fd_sc_hd__nand4_1)
     1    0.003756    0.128597    0.215422  120.314102 ^ _30210_/Y (sky130_fd_sc_hd__nand4_1)
                                                         _05962_ (net)
                      0.128597    0.000156  120.314255 ^ fanout355/A (sky130_fd_sc_hd__clkbuf_4)
     7    0.082705    0.391137    0.506830  120.821091 ^ fanout355/X (sky130_fd_sc_hd__clkbuf_4)
                                                         net355 (net)
                      0.391156    0.002274  120.823364 ^ fanout354/A (sky130_fd_sc_hd__clkbuf_4)
    10    0.054882    0.270009    0.537682  121.361046 ^ fanout354/X (sky130_fd_sc_hd__clkbuf_4)
                                                         net354 (net)
                      0.270095    0.004661  121.365707 ^ fanout353/A (sky130_fd_sc_hd__clkbuf_4)
    10    0.060013    0.291748    0.499526  121.865234 ^ fanout353/X (sky130_fd_sc_hd__clkbuf_4)
                                                         net353 (net)
                      0.292189    0.008100  121.873329 ^ _30258_/S (sky130_fd_sc_hd__mux2_2)
     4    0.018046    0.163275    0.858805  122.732132 v _30258_/X (sky130_fd_sc_hd__mux2_2)
                                                         _06010_ (net)
                      0.163275    0.001805  122.733940 v _30260_/B (sky130_fd_sc_hd__xnor2_2)
     4    0.013432    0.177727    0.333017  123.066956 v _30260_/Y (sky130_fd_sc_hd__xnor2_2)
                                                         _06012_ (net)
                      0.177727    0.000639  123.067596 v _30280_/A (sky130_fd_sc_hd__or4_1)
     1    0.002991    0.178997    1.242611  124.310211 v _30280_/X (sky130_fd_sc_hd__or4_1)
                                                         _06032_ (net)
                      0.178997    0.000242  124.310448 v _30281_/D (sky130_fd_sc_hd__or4_2)
     3    0.017870    0.322611    1.530893  125.841339 v _30281_/X (sky130_fd_sc_hd__or4_2)
                                                         _06033_ (net)
                      0.322611    0.001421  125.842766 v _30285_/A (sky130_fd_sc_hd__and2_1)
     3    0.012581    0.145256    0.477201  126.319962 v _30285_/X (sky130_fd_sc_hd__and2_1)
                                                         _06037_ (net)
                      0.145256    0.000668  126.320633 v _30354_/A1 (sky130_fd_sc_hd__o211a_2)
     6    0.029367    0.178415    0.642345  126.962975 v _30354_/X (sky130_fd_sc_hd__o211a_2)
                                                         _06106_ (net)
                      0.178480    0.003240  126.966217 v _30405_/A1 (sky130_fd_sc_hd__o211ai_1)
     1    0.005205    0.313910    0.387516  127.353729 ^ _30405_/Y (sky130_fd_sc_hd__o211ai_1)
                                                         _06157_ (net)
                      0.313910    0.000384  127.354118 ^ fanout350/A (sky130_fd_sc_hd__clkbuf_4)
     9    0.076479    0.363814    0.570893  127.925011 ^ fanout350/X (sky130_fd_sc_hd__clkbuf_4)
                                                         net350 (net)
                      0.364236    0.008683  127.933693 ^ fanout349/A (sky130_fd_sc_hd__clkbuf_4)
     9    0.054222    0.267007    0.522391  128.456085 ^ fanout349/X (sky130_fd_sc_hd__clkbuf_4)
                                                         net349 (net)
                      0.267157    0.005912  128.461990 ^ fanout348/A (sky130_fd_sc_hd__clkbuf_4)
    10    0.059927    0.291342    0.499199  128.961197 ^ fanout348/X (sky130_fd_sc_hd__clkbuf_4)
                                                         net348 (net)
                      0.291493    0.006096  128.967285 ^ _30429_/S (sky130_fd_sc_hd__mux2_1)
     4    0.014756    0.215385    0.916202  129.883499 v _30429_/X (sky130_fd_sc_hd__mux2_1)
                                                         _06181_ (net)
                      0.215390    0.001393  129.884888 v _30431_/B (sky130_fd_sc_hd__xnor2_1)
     3    0.011257    0.219450    0.369141  130.254028 v _30431_/Y (sky130_fd_sc_hd__xnor2_1)
                                                         _06183_ (net)
                      0.219450    0.000526  130.254547 v _30483_/A (sky130_fd_sc_hd__or4b_1)
     1    0.003765    0.188904    1.274543  131.529099 v _30483_/X (sky130_fd_sc_hd__or4b_1)
                                                         _06235_ (net)
                      0.188904    0.000270  131.529358 v _30484_/C1 (sky130_fd_sc_hd__a311o_1)
     4    0.021156    0.247531    0.720391  132.249756 v _30484_/X (sky130_fd_sc_hd__a311o_1)
                                                         _06236_ (net)
                      0.247547    0.002231  132.251984 v _30544_/A2 (sky130_fd_sc_hd__a211o_1)
     5    0.020228    0.224527    0.763833  133.015823 v _30544_/X (sky130_fd_sc_hd__a211o_1)
                                                         _06296_ (net)
                      0.224537    0.001776  133.017593 v _30582_/A1 (sky130_fd_sc_hd__a211o_2)
     9    0.040358    0.243551    0.813913  133.831512 v _30582_/X (sky130_fd_sc_hd__a211o_2)
                                                         _06334_ (net)
                      0.243669    0.005002  133.836517 v _30585_/A (sky130_fd_sc_hd__nand2_1)
     1    0.003707    0.096397    0.173543  134.010056 ^ _30585_/Y (sky130_fd_sc_hd__nand2_1)
                                                         _06337_ (net)
                      0.096397    0.000284  134.010345 ^ fanout347/A (sky130_fd_sc_hd__clkbuf_4)
     7    0.071655    0.345643    0.451493  134.461838 ^ fanout347/X (sky130_fd_sc_hd__clkbuf_4)
                                                         net347 (net)
                      0.345727    0.004576  134.466415 ^ fanout346/A (sky130_fd_sc_hd__buf_2)
    10    0.045161    0.353036    0.517645  134.984055 ^ fanout346/X (sky130_fd_sc_hd__buf_2)
                                                         net346 (net)
                      0.353091    0.004476  134.988525 ^ _30586_/A (sky130_fd_sc_hd__inv_2)
     7    0.025311    0.145214    0.244228  135.232758 v _30586_/Y (sky130_fd_sc_hd__inv_2)
                                                         _06338_ (net)
                      0.145225    0.001378  135.234131 v _30598_/A (sky130_fd_sc_hd__or3_1)
     1    0.004001    0.149156    0.889742  136.123871 v _30598_/X (sky130_fd_sc_hd__or3_1)
                                                         _06350_ (net)
                      0.149156    0.000284  136.124161 v _30599_/B1 (sky130_fd_sc_hd__o21a_1)
     4    0.014920    0.167853    0.324363  136.448517 v _30599_/X (sky130_fd_sc_hd__o21a_1)
                                                         _06351_ (net)
                      0.167853    0.000611  136.449142 v _30602_/B (sky130_fd_sc_hd__xnor2_1)
     4    0.010870    0.215978    0.342155  136.791290 v _30602_/Y (sky130_fd_sc_hd__xnor2_1)
                                                         _06354_ (net)
                      0.215978    0.000441  136.791733 v _30739_/A (sky130_fd_sc_hd__or4b_1)
     1    0.003379    0.182957    1.263388  138.055115 v _30739_/X (sky130_fd_sc_hd__or4b_1)
                                                         _06491_ (net)
                      0.182959    0.000242  138.055359 v _30740_/B1 (sky130_fd_sc_hd__o211a_1)
     2    0.005569    0.096125    0.306017  138.361374 v _30740_/X (sky130_fd_sc_hd__o211a_1)
                                                         _06492_ (net)
                      0.096125    0.000355  138.361725 v _30766_/A3 (sky130_fd_sc_hd__a31o_2)
     7    0.040688    0.217675    0.617007  138.978745 v _30766_/X (sky130_fd_sc_hd__a31o_2)
                                                         _06518_ (net)
                      0.217768    0.004192  138.982925 v _30783_/A (sky130_fd_sc_hd__nand2_1)
     1    0.005085    0.108037    0.181018  139.163956 ^ _30783_/Y (sky130_fd_sc_hd__nand2_1)
                                                         _06535_ (net)
                      0.108037    0.000369  139.164322 ^ fanout343/A (sky130_fd_sc_hd__clkbuf_4)
     6    0.077870    0.372168    0.479588  139.643906 ^ fanout343/X (sky130_fd_sc_hd__clkbuf_4)
                                                         net343 (net)
                      0.372208    0.003268  139.647171 ^ fanout342/A (sky130_fd_sc_hd__clkbuf_4)
    10    0.060194    0.292986    0.545583  140.192764 ^ fanout342/X (sky130_fd_sc_hd__clkbuf_4)
                                                         net342 (net)
                      0.292987    0.001535  140.194290 ^ fanout341/A (sky130_fd_sc_hd__clkbuf_4)
    10    0.059088    0.287802    0.508194  140.702484 ^ fanout341/X (sky130_fd_sc_hd__clkbuf_4)
                                                         net341 (net)
                      0.287821    0.002615  140.705109 ^ _30858_/S (sky130_fd_sc_hd__mux2_1)
     4    0.014064    0.210309    0.909992  141.615097 v _30858_/X (sky130_fd_sc_hd__mux2_1)
                                                         _06610_ (net)
                      0.210309    0.000782  141.615875 v _30888_/A2_N (sky130_fd_sc_hd__a2bb2o_1)
     2    0.006654    0.126878    0.578439  142.194321 ^ _30888_/X (sky130_fd_sc_hd__a2bb2o_1)
                                                         _06640_ (net)
                      0.126878    0.000369  142.194687 ^ _30890_/A4 (sky130_fd_sc_hd__a41o_1)
     2    0.009491    0.174607    0.473847  142.668533 ^ _30890_/X (sky130_fd_sc_hd__a41o_1)
                                                         _06642_ (net)
                      0.174607    0.000540  142.669067 ^ _30891_/A3 (sky130_fd_sc_hd__a32o_1)
     1    0.010043    0.201183    0.470578  143.139648 ^ _30891_/X (sky130_fd_sc_hd__a32o_1)
                                                         _06643_ (net)
                      0.201183    0.000782  143.140427 ^ _30894_/B1 (sky130_fd_sc_hd__a221oi_4)
     3    0.016631    0.170828    0.192742  143.333176 v _30894_/Y (sky130_fd_sc_hd__a221oi_4)
                                                         _06646_ (net)
                      0.170835    0.002188  143.335358 v _30915_/B (sky130_fd_sc_hd__or4bb_1)
     2    0.007067    0.221051    1.208377  144.543732 v _30915_/X (sky130_fd_sc_hd__or4bb_1)
                                                         _06667_ (net)
                      0.221051    0.000512  144.544250 v _30952_/A1 (sky130_fd_sc_hd__a21bo_1)
     2    0.009390    0.114487    0.422972  144.967224 v _30952_/X (sky130_fd_sc_hd__a21bo_1)
                                                         _06704_ (net)
                      0.114489    0.000668  144.967896 v _30959_/A1 (sky130_fd_sc_hd__a211o_2)
     9    0.042102    0.250795    0.776097  145.743988 v _30959_/X (sky130_fd_sc_hd__a211o_2)
                                                         _06711_ (net)
                      0.250910    0.004988  145.748978 v _30960_/B (sky130_fd_sc_hd__nand2_1)
     1    0.003576    0.100307    0.188550  145.937531 ^ _30960_/Y (sky130_fd_sc_hd__nand2_1)
                                                         _06712_ (net)
                      0.100308    0.000270  145.937790 ^ fanout339/A (sky130_fd_sc_hd__buf_4)
     7    0.093087    0.410786    0.458059  146.395859 ^ fanout339/X (sky130_fd_sc_hd__buf_4)
                                                         net339 (net)
                      0.410802    0.002203  146.398056 ^ fanout337/A (sky130_fd_sc_hd__clkbuf_4)
    10    0.061548    0.300116    0.567709  146.965759 ^ fanout337/X (sky130_fd_sc_hd__clkbuf_4)
                                                         net337 (net)
                      0.300137    0.002771  146.968536 ^ _31052_/S (sky130_fd_sc_hd__mux2_1)
     4    0.016329    0.227451    0.930868  147.899399 v _31052_/X (sky130_fd_sc_hd__mux2_1)
                                                         _06804_ (net)
                      0.227454    0.001265  147.900665 v _31053_/B (sky130_fd_sc_hd__xnor2_1)
     3    0.011186    0.458035    0.487887  148.388550 ^ _31053_/Y (sky130_fd_sc_hd__xnor2_1)
                                                         _06805_ (net)
                      0.458181    0.000554  148.389114 ^ _31054_/D (sky130_fd_sc_hd__and4bb_1)
     2    0.007641    0.168211    0.580130  148.969238 ^ _31054_/X (sky130_fd_sc_hd__and4bb_1)
                                                         _06806_ (net)
                      0.168211    0.000398  148.969635 ^ _31079_/A (sky130_fd_sc_hd__and4_1)
     1    0.004519    0.125966    0.399737  149.369370 ^ _31079_/X (sky130_fd_sc_hd__and4_1)
                                                         _06831_ (net)
                      0.125966    0.000313  149.369690 ^ _31080_/C_N (sky130_fd_sc_hd__or3b_1)
     3    0.014062    0.247911    0.971085  150.340775 v _31080_/X (sky130_fd_sc_hd__or3b_1)
                                                         _06832_ (net)
                      0.247914    0.001194  150.341965 v _31139_/A1 (sky130_fd_sc_hd__a211o_1)
     3    0.016346    0.195150    0.685233  151.027191 v _31139_/X (sky130_fd_sc_hd__a211o_1)
                                                         _06891_ (net)
                      0.195154    0.001307  151.028503 v _31152_/A1 (sky130_fd_sc_hd__a2111o_4)
     9    0.042619    0.213057    1.025470  152.053970 v _31152_/X (sky130_fd_sc_hd__a2111o_4)
                                                         _06904_ (net)
                      0.213074    0.002302  152.056274 v _31154_/B (sky130_fd_sc_hd__nand2_1)
     1    0.004206    0.099865    0.181871  152.238144 ^ _31154_/Y (sky130_fd_sc_hd__nand2_1)
                                                         _06906_ (net)
                      0.099865    0.000256  152.238403 ^ fanout336/A (sky130_fd_sc_hd__clkbuf_4)
     8    0.077932    0.373020    0.474046  152.712448 ^ fanout336/X (sky130_fd_sc_hd__clkbuf_4)
                                                         net336 (net)
                      0.373040    0.002359  152.714813 ^ fanout335/A (sky130_fd_sc_hd__clkbuf_4)
     8    0.058137    0.284038    0.539757  153.254562 ^ fanout335/X (sky130_fd_sc_hd__clkbuf_4)
                                                         net335 (net)
                      0.284192    0.006182  153.260742 ^ fanout334/A (sky130_fd_sc_hd__clkbuf_4)
    10    0.057763    0.282008    0.498375  153.759125 ^ fanout334/X (sky130_fd_sc_hd__clkbuf_4)
                                                         net334 (net)
                      0.282267    0.007702  153.766830 ^ _31219_/S (sky130_fd_sc_hd__mux2_1)
     4    0.015756    0.223021    0.921759  154.688583 v _31219_/X (sky130_fd_sc_hd__mux2_1)
                                                         _06971_ (net)
                      0.223021    0.000838  154.689423 v _31220_/B (sky130_fd_sc_hd__xnor2_1)
     4    0.014110    0.268461    0.405535  155.094955 v _31220_/Y (sky130_fd_sc_hd__xnor2_1)
                                                         _06972_ (net)
                      0.268462    0.001180  155.096130 v _31237_/A (sky130_fd_sc_hd__or4_1)
     1    0.004123    0.197210    1.304869  156.401001 v _31237_/X (sky130_fd_sc_hd__or4_1)
                                                         _06989_ (net)
                      0.197210    0.000256  156.401260 v _31238_/B1 (sky130_fd_sc_hd__a211o_1)
     2    0.011919    0.167618    0.640753  157.042007 v _31238_/X (sky130_fd_sc_hd__a211o_1)
                                                         _06990_ (net)
                      0.167624    0.001108  157.043121 v _31266_/A1 (sky130_fd_sc_hd__a21o_1)
     4    0.019051    0.183356    0.444984  157.488113 v _31266_/X (sky130_fd_sc_hd__a21o_1)
                                                         _07018_ (net)
                      0.183379    0.002089  157.490189 v _31299_/A1 (sky130_fd_sc_hd__a21o_1)
     4    0.014316    0.146811    0.423356  157.913559 v _31299_/X (sky130_fd_sc_hd__a21o_1)
                                                         _07051_ (net)
                      0.146814    0.000952  157.914505 v _31332_/A1 (sky130_fd_sc_hd__a21oi_2)
     4    0.017738    0.378821    0.417344  158.331848 ^ _31332_/Y (sky130_fd_sc_hd__a21oi_2)
                                                         _07084_ (net)
                      0.378827    0.001279  158.333130 ^ _31341_/A1 (sky130_fd_sc_hd__o211ai_2)
     2    0.021680    0.338086    0.455671  158.788803 v _31341_/Y (sky130_fd_sc_hd__o211ai_2)
                                                         _07093_ (net)
                      0.338089    0.001847  158.790649 v fanout328/A (sky130_fd_sc_hd__clkbuf_4)
    10    0.071820    0.258934    0.542741  159.333389 v fanout328/X (sky130_fd_sc_hd__clkbuf_4)
                                                         net328 (net)
                      0.259195    0.007333  159.340714 v _31389_/A2 (sky130_fd_sc_hd__a21o_1)
     3    0.023514    0.218289    0.539671  159.880386 v _31389_/X (sky130_fd_sc_hd__a21o_1)
                                                         _07141_ (net)
                      0.218331    0.002998  159.883392 v _31392_/C (sky130_fd_sc_hd__and3_1)
     3    0.008707    0.118938    0.486082  160.369476 v _31392_/X (sky130_fd_sc_hd__and3_1)
                                                         _07144_ (net)
                      0.118938    0.000540  160.370010 v _31395_/C (sky130_fd_sc_hd__or4_1)
     3    0.011703    0.287392    1.277371  161.647385 v _31395_/X (sky130_fd_sc_hd__or4_1)
                                                         _07147_ (net)
                      0.287392    0.000938  161.648315 v _31438_/A (sky130_fd_sc_hd__or4b_4)
     3    0.077528    0.361296    1.426216  163.074539 v _31438_/X (sky130_fd_sc_hd__or4b_4)
                                                         _07190_ (net)
                      0.361302    0.002046  163.076584 v _31442_/B1 (sky130_fd_sc_hd__o2111ai_4)
     5    0.049670    0.656254    0.456694  163.533279 ^ _31442_/Y (sky130_fd_sc_hd__o2111ai_4)
                                                         _07194_ (net)
                      0.656375    0.006935  163.540207 ^ _31506_/A1 (sky130_fd_sc_hd__a41o_2)
     6    0.029882    0.263444    0.780219  164.320435 ^ _31506_/X (sky130_fd_sc_hd__a41o_2)
                                                         _07258_ (net)
                      0.263486    0.003382  164.323807 ^ _31561_/A2 (sky130_fd_sc_hd__a31o_1)
     1    0.004107    0.098571    0.371486  164.695297 ^ _31561_/X (sky130_fd_sc_hd__a31o_1)
                                                         _07313_ (net)
                      0.098571    0.000185  164.695480 ^ fanout325/A (sky130_fd_sc_hd__buf_4)
     9    0.086436    0.384588    0.437197  165.132675 ^ fanout325/X (sky130_fd_sc_hd__buf_4)
                                                         net325 (net)
                      0.384605    0.002217  165.134903 ^ fanout324/A (sky130_fd_sc_hd__clkbuf_4)
     8    0.062328    0.302303    0.558614  165.693512 ^ fanout324/X (sky130_fd_sc_hd__clkbuf_4)
                                                         net324 (net)
                      0.302506    0.007176  165.700684 ^ _31566_/S (sky130_fd_sc_hd__mux2_1)
     3    0.008799    0.166860    0.855067  166.555756 v _31566_/X (sky130_fd_sc_hd__mux2_1)
                                                         _07318_ (net)
                      0.166860    0.000455  166.556213 v _31598_/B (sky130_fd_sc_hd__and2_1)
     1    0.002895    0.068961    0.361382  166.917587 v _31598_/X (sky130_fd_sc_hd__and2_1)
                                                         _07350_ (net)
                      0.068961    0.000128  166.917725 v _31599_/B (sky130_fd_sc_hd__nor2_1)
     3    0.011705    0.373110    0.325230  167.242950 ^ _31599_/Y (sky130_fd_sc_hd__nor2_1)
                                                         _07351_ (net)
                      0.373110    0.000384  167.243332 ^ _31600_/B (sky130_fd_sc_hd__nand2_1)
     2    0.011834    0.244698    0.326523  167.569855 v _31600_/Y (sky130_fd_sc_hd__nand2_1)
                                                         _07352_ (net)
                      0.244698    0.000639  167.570496 v _31614_/A (sky130_fd_sc_hd__or3b_1)
     1    0.008867    0.200308    1.007365  168.577866 v _31614_/X (sky130_fd_sc_hd__or3b_1)
                                                         _07366_ (net)
                      0.200308    0.000696  168.578552 v _31618_/A2 (sky130_fd_sc_hd__o221ai_4)
     5    0.045505    0.650297    0.627793  169.206345 ^ _31618_/Y (sky130_fd_sc_hd__o221ai_4)
                                                         _07370_ (net)
                      0.650453    0.007887  169.214233 ^ _31676_/A1 (sky130_fd_sc_hd__a311o_2)
     5    0.033756    0.308409    0.767955  169.982193 ^ _31676_/X (sky130_fd_sc_hd__a311o_2)
                                                         _07428_ (net)
                      0.308460    0.003965  169.986160 ^ _31763_/A1 (sky130_fd_sc_hd__a31o_2)
     3    0.045817    0.415622    0.667029  170.653183 ^ _31763_/X (sky130_fd_sc_hd__a31o_2)
                                                         _07515_ (net)
                      0.415626    0.002032  170.655212 ^ fanout321/A (sky130_fd_sc_hd__buf_4)
    11    0.092295    0.409166    0.586709  171.241928 ^ fanout321/X (sky130_fd_sc_hd__buf_4)
                                                         net321 (net)
                      0.412421    0.029644  171.271576 ^ _31783_/B (sky130_fd_sc_hd__or3b_1)
     3    0.007594    0.128889    0.353452  171.625031 ^ _31783_/X (sky130_fd_sc_hd__or3b_1)
                                                         _07535_ (net)
                      0.128889    0.000213  171.625229 ^ _31790_/C_N (sky130_fd_sc_hd__or3b_1)
     2    0.005620    0.168092    0.860325  172.485565 v _31790_/X (sky130_fd_sc_hd__or3b_1)
                                                         _07542_ (net)
                      0.168092    0.000327  172.485886 v _31793_/A1 (sky130_fd_sc_hd__a21o_1)
     2    0.010465    0.120474    0.388269  172.874161 v _31793_/X (sky130_fd_sc_hd__a21o_1)
                                                         _07545_ (net)
                      0.120475    0.000583  172.874741 v _31794_/A2 (sky130_fd_sc_hd__a21o_1)
     3    0.010212    0.118422    0.396355  173.271088 v _31794_/X (sky130_fd_sc_hd__a21o_1)
                                                         _07546_ (net)
                      0.118423    0.000611  173.271713 v _31798_/A2 (sky130_fd_sc_hd__a211o_1)
     3    0.009553    0.145122    0.627438  173.899139 v _31798_/X (sky130_fd_sc_hd__a211o_1)
                                                         _07550_ (net)
                      0.145122    0.000384  173.899521 v _31813_/A2 (sky130_fd_sc_hd__a32o_1)
     1    0.007179    0.107091    0.509075  174.408600 v _31813_/X (sky130_fd_sc_hd__a32o_1)
                                                         _07565_ (net)
                      0.107091    0.000313  174.408920 v _31824_/A1 (sky130_fd_sc_hd__a311o_2)
     5    0.029056    0.208577    0.767884  175.176804 v _31824_/X (sky130_fd_sc_hd__a311o_2)
                                                         _07576_ (net)
                      0.208706    0.004761  175.181564 v _31893_/A1 (sky130_fd_sc_hd__a221o_4)
     7    0.040316    0.181857    0.868084  176.049637 v _31893_/X (sky130_fd_sc_hd__a221o_4)
                                                         _07645_ (net)
                      0.181935    0.003496  176.053146 v _31971_/A1 (sky130_fd_sc_hd__a21o_1)
     1    0.003263    0.063642    0.335902  176.389038 v _31971_/X (sky130_fd_sc_hd__a21o_1)
                                                         _07723_ (net)
                      0.063642    0.000213  176.389252 v fanout317/A (sky130_fd_sc_hd__buf_4)
    10    0.084416    0.209494    0.371884  176.761139 v fanout317/X (sky130_fd_sc_hd__buf_4)
                                                         net317 (net)
                      0.209652    0.005002  176.766144 v fanout316/A (sky130_fd_sc_hd__clkbuf_4)
     8    0.054555    0.204767    0.437623  177.203766 v fanout316/X (sky130_fd_sc_hd__clkbuf_4)
                                                         net316 (net)
                      0.204810    0.003027  177.206787 v fanout315/A (sky130_fd_sc_hd__clkbuf_2)
     5    0.026531    0.190795    0.361638  177.568436 v fanout315/X (sky130_fd_sc_hd__clkbuf_2)
                                                         net315 (net)
                      0.190795    0.000668  177.569092 v fanout314/A (sky130_fd_sc_hd__clkbuf_4)
    10    0.047660    0.181377    0.413650  177.982742 v fanout314/X (sky130_fd_sc_hd__clkbuf_4)
                                                         net314 (net)
                      0.181582    0.005485  177.988235 v _32054_/S (sky130_fd_sc_hd__mux2_1)
     3    0.014152    0.210937    0.869818  178.858047 v _32054_/X (sky130_fd_sc_hd__mux2_1)
                                                         _07806_ (net)
                      0.210938    0.000981  178.859024 v _32056_/B (sky130_fd_sc_hd__xnor2_1)
     3    0.012901    0.515549    0.523102  179.382126 ^ _32056_/Y (sky130_fd_sc_hd__xnor2_1)
                                                         _07808_ (net)
                      0.515552    0.001123  179.383255 ^ _32057_/B (sky130_fd_sc_hd__nand2_1)
     3    0.008362    0.188343    0.328924  179.712173 v _32057_/Y (sky130_fd_sc_hd__nand2_1)
                                                         _07809_ (net)
                      0.188343    0.000483  179.712662 v _32099_/A (sky130_fd_sc_hd__or4_1)
     1    0.004074    0.196393    1.274714  180.987381 v _32099_/X (sky130_fd_sc_hd__or4_1)
                                                         _07851_ (net)
                      0.196393    0.000142  180.987518 v _32103_/B (sky130_fd_sc_hd__and4_1)
     5    0.015513    0.170056    0.517815  181.505341 v _32103_/X (sky130_fd_sc_hd__and4_1)
                                                         _07855_ (net)
                      0.170062    0.001307  181.506638 v _32152_/A2 (sky130_fd_sc_hd__a211o_1)
     2    0.022322    0.240805    0.748528  182.255173 v _32152_/X (sky130_fd_sc_hd__a211o_1)
                                                         _07904_ (net)
                      0.240807    0.001222  182.256393 v fanout313/A (sky130_fd_sc_hd__clkbuf_4)
    10    0.058355    0.215704    0.462336  182.718719 v fanout313/X (sky130_fd_sc_hd__clkbuf_4)
                                                         net313 (net)
                      0.216369    0.009067  182.727798 v _32189_/A (sky130_fd_sc_hd__nand2_2)
     5    0.032788    0.283552    0.312937  183.040726 ^ _32189_/Y (sky130_fd_sc_hd__nand2_2)
                                                         _07941_ (net)
                      0.283585    0.002530  183.043259 ^ fanout312/A (sky130_fd_sc_hd__buf_4)
    10    0.071448    0.318802    0.485628  183.528885 ^ fanout312/X (sky130_fd_sc_hd__buf_4)
                                                         net312 (net)
                      0.318902    0.005357  183.534241 ^ fanout311/A (sky130_fd_sc_hd__clkbuf_4)
    10    0.054648    0.268612    0.504301  184.038544 ^ fanout311/X (sky130_fd_sc_hd__clkbuf_4)
                                                         net311 (net)
                      0.268647    0.003212  184.041763 ^ _32319_/S (sky130_fd_sc_hd__mux2_1)
     4    0.011138    0.190513    0.872703  184.914459 v _32319_/X (sky130_fd_sc_hd__mux2_1)
                                                         _08071_ (net)
                      0.190514    0.000824  184.915283 v _32320_/B (sky130_fd_sc_hd__or2_1)
     4    0.011209    0.172057    0.596643  185.511932 v _32320_/X (sky130_fd_sc_hd__or2_1)
                                                         _08072_ (net)
                      0.172057    0.000426  185.512360 v _32326_/A2 (sky130_fd_sc_hd__a21oi_1)
     1    0.006179    0.267601    0.348066  185.860428 ^ _32326_/Y (sky130_fd_sc_hd__a21oi_1)
                                                         _08078_ (net)
                      0.267601    0.000298  185.860718 ^ _32328_/A3 (sky130_fd_sc_hd__o311ai_2)
     2    0.007809    0.223439    0.273076  186.133789 v _32328_/Y (sky130_fd_sc_hd__o311ai_2)
                                                         _08080_ (net)
                      0.223439    0.000341  186.134140 v _32332_/A2 (sky130_fd_sc_hd__a221o_1)
     2    0.005898    0.122074    0.735099  186.869232 v _32332_/X (sky130_fd_sc_hd__a221o_1)
                                                         _08084_ (net)
                      0.122074    0.000327  186.869568 v _32334_/B1 (sky130_fd_sc_hd__a21o_1)
     3    0.010659    0.122087    0.360288  187.229843 v _32334_/X (sky130_fd_sc_hd__a21o_1)
                                                         _08086_ (net)
                      0.122088    0.000654  187.230499 v _32398_/A1 (sky130_fd_sc_hd__a21o_1)
     1    0.002560    0.058469    0.302364  187.532867 v _32398_/X (sky130_fd_sc_hd__a21o_1)
                                                         _08150_ (net)
                      0.058469    0.000171  187.533035 v fanout309/A (sky130_fd_sc_hd__buf_2)
     7    0.054272    0.245839    0.399424  187.932465 v fanout309/X (sky130_fd_sc_hd__buf_2)
                                                         net309 (net)
                      0.245983    0.005514  187.937973 v fanout308/A (sky130_fd_sc_hd__clkbuf_4)
    10    0.047977    0.182505    0.440693  188.378662 v fanout308/X (sky130_fd_sc_hd__clkbuf_4)
                                                         net308 (net)
                      0.182668    0.004945  188.383621 v _32409_/S (sky130_fd_sc_hd__mux2_1)
     3    0.008743    0.166399    0.810374  189.193985 v _32409_/X (sky130_fd_sc_hd__mux2_1)
                                                         _08161_ (net)
                      0.166399    0.000497  189.194489 v _32410_/B (sky130_fd_sc_hd__or2_1)
     2    0.006503    0.129855    0.539018  189.733505 v _32410_/X (sky130_fd_sc_hd__or2_1)
                                                         _08162_ (net)
                      0.129927    0.000341  189.733841 v _32421_/B1 (sky130_fd_sc_hd__o21ai_1)
     2    0.009015    0.339605    0.248207  189.982056 ^ _32421_/Y (sky130_fd_sc_hd__o21ai_1)
                                                         _08173_ (net)
                      0.339606    0.000597  189.982651 ^ _32422_/A2 (sky130_fd_sc_hd__a21o_1)
     3    0.011313    0.170298    0.393499  190.376144 ^ _32422_/X (sky130_fd_sc_hd__a21o_1)
                                                         _08174_ (net)
                      0.170300    0.000909  190.377060 ^ _32451_/A1 (sky130_fd_sc_hd__a41o_1)
     4    0.022044    0.337430    0.564441  190.941498 ^ _32451_/X (sky130_fd_sc_hd__a41o_1)
                                                         _08203_ (net)
                      0.337430    0.001165  190.942657 ^ _32479_/A1 (sky130_fd_sc_hd__a41o_1)
     5    0.022318    0.341828    0.626059  191.568726 ^ _32479_/X (sky130_fd_sc_hd__a41o_1)
                                                         _08231_ (net)
                      0.341846    0.002814  191.571533 ^ _32546_/A1 (sky130_fd_sc_hd__a311o_1)
     4    0.021934    0.388751    0.655049  192.226578 ^ _32546_/X (sky130_fd_sc_hd__a311o_1)
                                                         _08298_ (net)
                      0.388755    0.002046  192.228638 ^ _32655_/A1 (sky130_fd_sc_hd__a31o_1)
     1    0.005650    0.120274    0.419277  192.647903 ^ _32655_/X (sky130_fd_sc_hd__a31o_1)
                                                         _08407_ (net)
                      0.120274    0.000384  192.648285 ^ fanout305/A (sky130_fd_sc_hd__buf_2)
     7    0.048115    0.375962    0.436458  193.084747 ^ fanout305/X (sky130_fd_sc_hd__buf_2)
                                                         net305 (net)
                      0.375967    0.001165  193.085922 ^ fanout302/A (sky130_fd_sc_hd__clkbuf_4)
    10    0.049197    0.245273    0.512330  193.598251 ^ fanout302/X (sky130_fd_sc_hd__clkbuf_4)
                                                         net302 (net)
                      0.245409    0.005343  193.603592 ^ _32757_/B1_N (sky130_fd_sc_hd__a21bo_1)
     1    0.002060    0.056194    0.421821  194.025406 v _32757_/X (sky130_fd_sc_hd__a21bo_1)
                                                         _08509_ (net)
                      0.056194    0.000128  194.025543 v _32758_/B2 (sky130_fd_sc_hd__o2bb2a_1)
     3    0.008176    0.153858    0.666446  194.691986 v _32758_/X (sky130_fd_sc_hd__o2bb2a_1)
                                                         _08510_ (net)
                      0.153858    0.000483  194.692474 v _32760_/B (sky130_fd_sc_hd__and2_1)
     4    0.009145    0.118675    0.408519  195.100983 v _32760_/X (sky130_fd_sc_hd__and2_1)
                                                         _08512_ (net)
                      0.118675    0.000540  195.101532 v _32761_/B (sky130_fd_sc_hd__or2_1)
     2    0.006639    0.129881    0.520842  195.622375 v _32761_/X (sky130_fd_sc_hd__or2_1)
                                                         _08513_ (net)
                      0.129881    0.000384  195.622757 v _32767_/C (sky130_fd_sc_hd__or4_1)
     2    0.010799    0.272962    1.265803  196.888550 v _32767_/X (sky130_fd_sc_hd__or4_1)
                                                         _08519_ (net)
                      0.272962    0.000483  196.889038 v _32798_/B1 (sky130_fd_sc_hd__a211o_1)
     2    0.012105    0.169196    0.671960  197.561005 v _32798_/X (sky130_fd_sc_hd__a211o_1)
                                                         _08550_ (net)
                      0.169200    0.001023  197.562027 v _32838_/A1 (sky130_fd_sc_hd__a2111o_1)
     1    0.002710    0.105941    0.737785  198.299805 v _32838_/X (sky130_fd_sc_hd__a2111o_1)
                                                         _08590_ (net)
                      0.105941    0.000185  198.299988 v fanout301/A (sky130_fd_sc_hd__clkbuf_2)
     5    0.037587    0.263443    0.367535  198.667526 v fanout301/X (sky130_fd_sc_hd__clkbuf_2)
                                                         net301 (net)
                      0.263668    0.005102  198.672623 v fanout300/A (sky130_fd_sc_hd__buf_2)
    10    0.034400    0.167151    0.436842  199.109467 v fanout300/X (sky130_fd_sc_hd__buf_2)
                                                         net300 (net)
                      0.167182    0.002274  199.111740 v _32935_/B (sky130_fd_sc_hd__and3_1)
     2    0.005223    0.090998    0.402693  199.514435 v _32935_/X (sky130_fd_sc_hd__and3_1)
                                                         _08687_ (net)
                      0.090998    0.000298  199.514740 v _32941_/B (sky130_fd_sc_hd__or2_2)
     4    0.022539    0.204207    0.767670  200.282410 v _32941_/X (sky130_fd_sc_hd__or2_2)
                                                         _08693_ (net)
                      0.204208    0.000924  200.283325 v _32944_/A2 (sky130_fd_sc_hd__a2111o_1)
     3    0.010379    0.182026    0.920323  201.203659 v _32944_/X (sky130_fd_sc_hd__a2111o_1)
                                                         _08696_ (net)
                      0.182026    0.000554  201.204208 v _32969_/A (sky130_fd_sc_hd__or4_2)
     4    0.015969    0.314253    1.767489  202.971695 v _32969_/X (sky130_fd_sc_hd__or4_2)
                                                         _08721_ (net)
                      0.314254    0.001378  202.973068 v _33000_/A1 (sky130_fd_sc_hd__a2111o_1)
     3    0.013177    0.205664    0.924686  203.897766 v _33000_/X (sky130_fd_sc_hd__a2111o_1)
                                                         _08752_ (net)
                      0.205664    0.000711  203.898468 v _33024_/A1 (sky130_fd_sc_hd__a21bo_1)
     4    0.020299    0.195106    0.490772  204.389236 v _33024_/X (sky130_fd_sc_hd__a21bo_1)
                                                         _08776_ (net)
                      0.195119    0.001734  204.390976 v _33089_/A1 (sky130_fd_sc_hd__a2111o_2)
     4    0.022309    0.207789    1.002988  205.393967 v _33089_/X (sky130_fd_sc_hd__a2111o_2)
                                                         _08841_ (net)
                      0.207798    0.001606  205.395569 v _33102_/A1 (sky130_fd_sc_hd__a21o_4)
    10    0.057417    0.170000    0.539856  205.935425 v _33102_/X (sky130_fd_sc_hd__a21o_4)
                                                         _08854_ (net)
                      0.170044    0.003013  205.938446 v _33104_/B (sky130_fd_sc_hd__nand2_4)
     5    0.046197    0.233070    0.270518  206.208954 ^ _33104_/Y (sky130_fd_sc_hd__nand2_4)
                                                         _08856_ (net)
                      0.233080    0.001279  206.210236 ^ fanout292/A (sky130_fd_sc_hd__clkbuf_4)
    10    0.066653    0.320586    0.505352  206.715591 ^ fanout292/X (sky130_fd_sc_hd__clkbuf_4)
                                                         net292 (net)
                      0.321026    0.008427  206.724014 ^ _33167_/S (sky130_fd_sc_hd__mux2_1)
     5    0.016532    0.229018    0.937988  207.662003 v _33167_/X (sky130_fd_sc_hd__mux2_1)
                                                         _08919_ (net)
                      0.229023    0.001450  207.663452 v _33170_/B (sky130_fd_sc_hd__xnor2_1)
     3    0.012023    0.238808    0.384063  208.047516 v _33170_/Y (sky130_fd_sc_hd__xnor2_1)
                                                         _08922_ (net)
                      0.238808    0.000654  208.048172 v _33193_/C (sky130_fd_sc_hd__and4bb_1)
     1    0.003096    0.078546    0.464951  208.513123 v _33193_/X (sky130_fd_sc_hd__and4bb_1)
                                                         _08945_ (net)
                      0.078546    0.000227  208.513351 v _33196_/B1 (sky130_fd_sc_hd__a211o_2)
     5    0.031111    0.206014    0.733948  209.247299 v _33196_/X (sky130_fd_sc_hd__a211o_2)
                                                         _08948_ (net)
                      0.206096    0.003851  209.251144 v _33262_/A1 (sky130_fd_sc_hd__a41o_2)
     6    0.039947    0.224794    0.609305  209.860458 v _33262_/X (sky130_fd_sc_hd__a41o_2)
                                                         _09014_ (net)
                      0.224939    0.005230  209.865677 v _33410_/A2 (sky130_fd_sc_hd__a311o_1)
     1    0.004248    0.108865    0.664642  210.530319 v _33410_/X (sky130_fd_sc_hd__a311o_1)
                                                         _09162_ (net)
                      0.108865    0.000313  210.530640 v fanout290/A (sky130_fd_sc_hd__buf_2)
     6    0.043073    0.201113    0.387615  210.918243 v fanout290/X (sky130_fd_sc_hd__buf_2)
                                                         net290 (net)
                      0.201430    0.007077  210.925323 v fanout288/A (sky130_fd_sc_hd__clkbuf_4)
    10    0.044629    0.172097    0.412541  211.337875 v fanout288/X (sky130_fd_sc_hd__clkbuf_4)
                                                         net288 (net)
                      0.172126    0.002231  211.340103 v _33566_/S (sky130_fd_sc_hd__mux2_1)
     3    0.008492    0.164058    0.803070  212.143173 v _33566_/X (sky130_fd_sc_hd__mux2_1)
                                                         _09318_ (net)
                      0.164058    0.000682  212.143845 v _33567_/B (sky130_fd_sc_hd__nor2_1)
     6    0.020345    0.613890    0.540368  212.684219 ^ _33567_/Y (sky130_fd_sc_hd__nor2_1)
                                                         _09319_ (net)
                      0.613898    0.001819  212.686035 ^ _33573_/A2 (sky130_fd_sc_hd__a21o_1)
     1    0.005548    0.100878    0.430035  213.116074 ^ _33573_/X (sky130_fd_sc_hd__a21o_1)
                                                         _09325_ (net)
                      0.100879    0.000426  213.116501 ^ _33575_/A3 (sky130_fd_sc_hd__a311oi_2)
     3    0.012762    0.280333    0.312966  213.429459 v _33575_/Y (sky130_fd_sc_hd__a311oi_2)
                                                         _09327_ (net)
                      0.280334    0.001023  213.430481 v _33576_/D (sky130_fd_sc_hd__or4_2)
     2    0.012090    0.281895    1.493106  214.923599 v _33576_/X (sky130_fd_sc_hd__or4_2)
                                                         _09328_ (net)
                      0.281895    0.000412  214.924011 v _33580_/C_N (sky130_fd_sc_hd__or4bb_4)
     8    0.056062    0.272883    0.693859  215.617859 ^ _33580_/X (sky130_fd_sc_hd__or4bb_4)
                                                         _09332_ (net)
                      0.272949    0.004107  215.621979 ^ _33623_/A2 (sky130_fd_sc_hd__a21o_1)
     1    0.002995    0.067861    0.288225  215.910202 ^ _33623_/X (sky130_fd_sc_hd__a21o_1)
                                                         _09375_ (net)
                      0.067861    0.000227  215.910431 ^ fanout284/A (sky130_fd_sc_hd__buf_2)
     8    0.052675    0.409488    0.437126  216.347549 ^ fanout284/X (sky130_fd_sc_hd__buf_2)
                                                         net284 (net)
                      0.409543    0.003979  216.351532 ^ fanout283/A (sky130_fd_sc_hd__clkbuf_4)
    10    0.049820    0.248185    0.528900  216.880432 ^ fanout283/X (sky130_fd_sc_hd__clkbuf_4)
                                                         net283 (net)
                      0.248365    0.006139  216.886566 ^ _33707_/S (sky130_fd_sc_hd__mux2_2)
     4    0.021400    0.175327    0.859728  217.746292 v _33707_/X (sky130_fd_sc_hd__mux2_2)
                                                         _09459_ (net)
                      0.175445    0.001819  217.748108 v _33709_/B (sky130_fd_sc_hd__xnor2_2)
     5    0.025380    0.549596    0.523258  218.271378 ^ _33709_/Y (sky130_fd_sc_hd__xnor2_2)
                                                         _09461_ (net)
                      0.549599    0.001123  218.272491 ^ _33715_/A (sky130_fd_sc_hd__nor2_1)
     1    0.002777    0.117202    0.237605  218.510101 v _33715_/Y (sky130_fd_sc_hd__nor2_1)
                                                         _09467_ (net)
                      0.117202    0.000199  218.510300 v _33737_/A1 (sky130_fd_sc_hd__a31o_1)
     4    0.015722    0.167140    0.442824  218.953125 v _33737_/X (sky130_fd_sc_hd__a31o_1)
                                                         _09489_ (net)
                      0.167140    0.000767  218.953888 v _33742_/A2 (sky130_fd_sc_hd__a21o_2)
     7    0.054656    0.269081    0.621085  219.574982 v _33742_/X (sky130_fd_sc_hd__a21o_2)
                                                         _09494_ (net)
                      0.269473    0.009180  219.584152 v _33751_/A2 (sky130_fd_sc_hd__a221oi_2)
     1    0.014711    0.560616    0.737629  220.321793 ^ _33751_/Y (sky130_fd_sc_hd__a221oi_2)
                                                         _09503_ (net)
                      0.560616    0.001094  220.322876 ^ wire278/A (sky130_fd_sc_hd__clkbuf_2)
     7    0.031482    0.274555    0.535792  220.858673 ^ wire278/X (sky130_fd_sc_hd__clkbuf_2)
                                                         net278 (net)
                      0.274558    0.001435  220.860107 ^ _33851_/A1 (sky130_fd_sc_hd__o211a_1)
     1    0.002967    0.080664    0.390003  221.250107 ^ _33851_/X (sky130_fd_sc_hd__o211a_1)
                                                         _09603_ (net)
                      0.080664    0.000199  221.250305 ^ fanout277/A (sky130_fd_sc_hd__clkbuf_4)
     7    0.056631    0.278517    0.398828  221.649139 ^ fanout277/X (sky130_fd_sc_hd__clkbuf_4)
                                                         net277 (net)
                      0.279718    0.014850  221.663986 ^ fanout276/A (sky130_fd_sc_hd__buf_2)
     8    0.047538    0.371670    0.506020  222.170013 ^ fanout276/X (sky130_fd_sc_hd__buf_2)
                                                         net276 (net)
                      0.371684    0.002728  222.172729 ^ _33975_/S (sky130_fd_sc_hd__mux2_1)
     3    0.015547    0.221373    0.943970  223.116699 v _33975_/X (sky130_fd_sc_hd__mux2_1)
                                                         _09727_ (net)
                      0.221375    0.001108  223.117813 v _33978_/B (sky130_fd_sc_hd__xnor2_1)
     4    0.012606    0.243804    0.387772  223.505585 v _33978_/Y (sky130_fd_sc_hd__xnor2_1)
                                                         _09730_ (net)
                      0.243804    0.000483  223.506073 v _33998_/A (sky130_fd_sc_hd__or4b_1)
     1    0.008919    0.249532    1.375739  224.881805 v _33998_/X (sky130_fd_sc_hd__or4b_1)
                                                         _09750_ (net)
                      0.249532    0.000682  224.882492 v _34002_/A2 (sky130_fd_sc_hd__o221ai_4)
     4    0.023523    0.430942    0.483908  225.366394 ^ _34002_/Y (sky130_fd_sc_hd__o221ai_4)
                                                         _09754_ (net)
                      0.430945    0.002032  225.368423 ^ _34032_/A1 (sky130_fd_sc_hd__a31o_2)
     6    0.033622    0.315725    0.639176  226.007614 ^ _34032_/X (sky130_fd_sc_hd__a31o_2)
                                                         _09784_ (net)
                      0.315780    0.004178  226.011780 ^ _34059_/C_N (sky130_fd_sc_hd__or4bb_1)
     3    0.015415    0.305381    1.380144  227.391922 v _34059_/X (sky130_fd_sc_hd__or4bb_1)
                                                         _09811_ (net)
                      0.305383    0.001407  227.393341 v _34218_/A1 (sky130_fd_sc_hd__a21o_1)
     3    0.010503    0.120870    0.444643  227.837982 v _34218_/X (sky130_fd_sc_hd__a21o_1)
                                                         _09970_ (net)
                      0.120873    0.000725  227.838699 v _34283_/A2 (sky130_fd_sc_hd__a211o_1)
     3    0.010441    0.153179    0.637044  228.475754 v _34283_/X (sky130_fd_sc_hd__a211o_1)
                                                         _10035_ (net)
                      0.153179    0.000568  228.476318 v _34286_/A2 (sky130_fd_sc_hd__a21o_1)
     2    0.004892    0.077107    0.369255  228.845566 v _34286_/X (sky130_fd_sc_hd__a21o_1)
                                                         _10038_ (net)
                      0.077107    0.000242  228.845810 v _34287_/D (sky130_fd_sc_hd__and4bb_2)
     3    0.022772    0.161108    0.586866  229.432678 v _34287_/X (sky130_fd_sc_hd__and4bb_2)
                                                         _10039_ (net)
                      0.161109    0.000810  229.433487 v _34291_/A (sky130_fd_sc_hd__or2_2)
     6    0.037034    0.263663    0.900783  230.334274 v _34291_/X (sky130_fd_sc_hd__or2_2)
                                                         _10043_ (net)
                      0.263680    0.002487  230.336761 v _34297_/B (sky130_fd_sc_hd__nor4_1)
     2    0.008765    0.735794    0.808910  231.145676 ^ _34297_/Y (sky130_fd_sc_hd__nor4_1)
                                                         _10049_ (net)
                      0.735794    0.000455  231.146118 ^ _34298_/D_N (sky130_fd_sc_hd__or4b_2)
     4    0.023567    0.344837    1.796863  232.942993 v _34298_/X (sky130_fd_sc_hd__or4b_2)
                                                         _10050_ (net)
                      0.344837    0.001762  232.944748 v _34300_/B (sky130_fd_sc_hd__or2_2)
     5    0.026653    0.220000    0.891916  233.836670 v _34300_/X (sky130_fd_sc_hd__or2_2)
                                                         _10052_ (net)
                      0.220000    0.001151  233.837814 v fanout267/A (sky130_fd_sc_hd__buf_2)
    10    0.048277    0.222002    0.457973  234.295792 v fanout267/X (sky130_fd_sc_hd__buf_2)
                                                         net267 (net)
                      0.222005    0.001307  234.297104 v _34349_/A (sky130_fd_sc_hd__nand2_1)
     1    0.003551    0.095811    0.164576  234.461670 ^ _34349_/Y (sky130_fd_sc_hd__nand2_1)
                                                         _10101_ (net)
                      0.095811    0.000156  234.461823 ^ fanout264/A (sky130_fd_sc_hd__clkbuf_4)
     7    0.063504    0.308642    0.429324  234.891159 ^ fanout264/X (sky130_fd_sc_hd__clkbuf_4)
                                                         net264 (net)
                      0.308676    0.002743  234.893890 ^ fanout263/A (sky130_fd_sc_hd__clkbuf_4)
    10    0.049727    0.247723    0.486111  235.380005 ^ fanout263/X (sky130_fd_sc_hd__clkbuf_4)
                                                         net263 (net)
                      0.247744    0.002444  235.382446 ^ _34547_/C (sky130_fd_sc_hd__nand3_1)
     3    0.006592    0.204423    0.291763  235.674210 v _34547_/Y (sky130_fd_sc_hd__nand3_1)
                                                         _10299_ (net)
                      0.204423    0.000398  235.674606 v _34549_/D (sky130_fd_sc_hd__or4_2)
     2    0.011577    0.278840    1.460322  237.134933 v _34549_/X (sky130_fd_sc_hd__or4_2)
                                                         _10301_ (net)
                      0.278840    0.000739  237.135666 v _34554_/B (sky130_fd_sc_hd__xnor2_2)
     3    0.028957    0.306255    0.479588  237.615265 v _34554_/Y (sky130_fd_sc_hd__xnor2_2)
                                                         _10306_ (net)
                      0.306382    0.002032  237.617294 v _34557_/B (sky130_fd_sc_hd__or3b_1)
     1    0.001549    0.122770    0.859103  238.476395 v _34557_/X (sky130_fd_sc_hd__or3b_1)
                                                         _10309_ (net)
                      0.122770    0.000114  238.476517 v _34558_/C (sky130_fd_sc_hd__or3_2)
     6    0.021050    0.265998    1.163926  239.640442 v _34558_/X (sky130_fd_sc_hd__or3_2)
                                                         _10310_ (net)
                      0.265998    0.001023  239.641464 v _34720_/B1 (sky130_fd_sc_hd__a211o_2)
     3    0.042031    0.250261    0.850037  240.491501 v _34720_/X (sky130_fd_sc_hd__a211o_2)
                                                         _10472_ (net)
                      0.250276    0.002160  240.493652 v fanout261/A (sky130_fd_sc_hd__buf_2)
     6    0.042961    0.202129    0.454662  240.948318 v fanout261/X (sky130_fd_sc_hd__buf_2)
                                                         net261 (net)
                      0.202142    0.001904  240.950226 v fanout260/A (sky130_fd_sc_hd__clkbuf_4)
    10    0.051929    0.194887    0.430362  241.380585 v fanout260/X (sky130_fd_sc_hd__clkbuf_4)
                                                         net260 (net)
                      0.195010    0.004462  241.385040 v _34788_/S (sky130_fd_sc_hd__mux2_1)
     4    0.018886    0.247617    0.911768  242.296814 v _34788_/X (sky130_fd_sc_hd__mux2_1)
                                                         _10540_ (net)
                      0.247631    0.002132  242.298950 v _34792_/B (sky130_fd_sc_hd__xnor2_1)
     2    0.007566    0.168325    0.339526  242.638474 v _34792_/Y (sky130_fd_sc_hd__xnor2_1)
                                                         _10544_ (net)
                      0.168325    0.000284  242.638748 v _34801_/C (sky130_fd_sc_hd__or4b_1)
     2    0.005841    0.214990    1.189818  243.828568 v _34801_/X (sky130_fd_sc_hd__or4b_1)
                                                         _10553_ (net)
                      0.214990    0.000284  243.828857 v _34802_/D (sky130_fd_sc_hd__or4_2)
     2    0.013419    0.292121    1.486114  245.314972 v _34802_/X (sky130_fd_sc_hd__or4_2)
                                                         _10554_ (net)
                      0.292121    0.000654  245.315628 v _34942_/A_N (sky130_fd_sc_hd__and4bb_1)
     3    0.023830    0.389284    0.855152  246.170776 ^ _34942_/X (sky130_fd_sc_hd__and4bb_1)
                                                         _10694_ (net)
                      0.389284    0.001336  246.172119 ^ _34968_/A (sky130_fd_sc_hd__or4bb_1)
     1    0.003610    0.078324    0.318948  246.491058 ^ _34968_/X (sky130_fd_sc_hd__or4bb_1)
                                                         _10720_ (net)
                      0.078324    0.000256  246.491318 ^ _34969_/C1 (sky130_fd_sc_hd__a211o_1)
     1    0.004269    0.088838    0.174822  246.666138 ^ _34969_/X (sky130_fd_sc_hd__a211o_1)
                                                         _10721_ (net)
                      0.088838    0.000284  246.666428 ^ fanout256/A (sky130_fd_sc_hd__clkbuf_4)
     9    0.065694    0.318549    0.430305  247.096725 ^ fanout256/X (sky130_fd_sc_hd__clkbuf_4)
                                                         net256 (net)
                      0.318609    0.003695  247.100418 ^ fanout255/A (sky130_fd_sc_hd__clkbuf_4)
     9    0.051817    0.256285    0.495334  247.595764 ^ fanout255/X (sky130_fd_sc_hd__clkbuf_4)
                                                         net255 (net)
                      0.256285    0.001251  247.597000 ^ fanout254/A (sky130_fd_sc_hd__clkbuf_2)
     5    0.026010    0.227714    0.387786  247.984787 ^ fanout254/X (sky130_fd_sc_hd__clkbuf_2)
                                                         net254 (net)
                      0.227719    0.001478  247.986267 ^ fanout253/A (sky130_fd_sc_hd__buf_2)
    10    0.042945    0.337247    0.462109  248.448380 ^ fanout253/X (sky130_fd_sc_hd__buf_2)
                                                         net253 (net)
                      0.337254    0.001990  248.450363 ^ _35096_/S (sky130_fd_sc_hd__mux2_1)
     3    0.010127    0.180026    0.879567  249.329941 v _35096_/X (sky130_fd_sc_hd__mux2_1)
                                                         _10848_ (net)
                      0.180026    0.000682  249.330612 v _35097_/B (sky130_fd_sc_hd__and2_1)
     2    0.005505    0.089911    0.392617  249.723236 v _35097_/X (sky130_fd_sc_hd__and2_1)
                                                         _10849_ (net)
                      0.089954    0.000313  249.723541 v _35099_/A (sky130_fd_sc_hd__nor2_1)
     3    0.008509    0.285512    0.294193  250.017746 ^ _35099_/Y (sky130_fd_sc_hd__nor2_1)
                                                         _10851_ (net)
                      0.285512    0.000313  250.018051 ^ _35107_/C_N (sky130_fd_sc_hd__or4bb_1)
     2    0.006813    0.218655    1.245155  251.263214 v _35107_/X (sky130_fd_sc_hd__or4bb_1)
                                                         _10859_ (net)
                      0.218655    0.000540  251.263748 v _35132_/A (sky130_fd_sc_hd__or2_2)
     3    0.016978    0.186876    0.833353  252.097107 v _35132_/X (sky130_fd_sc_hd__or2_2)
                                                         _10884_ (net)
                      0.186877    0.000739  252.097839 v _35166_/B1 (sky130_fd_sc_hd__a2111o_4)
    10    0.057503    0.255644    1.089831  253.187668 v _35166_/X (sky130_fd_sc_hd__a2111o_4)
                                                         _10918_ (net)
                      0.255654    0.002416  253.190094 v _35213_/A (sky130_fd_sc_hd__nand2_1)
     1    0.003827    0.100019    0.179057  253.369141 ^ _35213_/Y (sky130_fd_sc_hd__nand2_1)
                                                         _10965_ (net)
                      0.100019    0.000256  253.369400 ^ fanout251/A (sky130_fd_sc_hd__buf_4)
     8    0.082681    0.368800    0.427320  253.796722 ^ fanout251/X (sky130_fd_sc_hd__buf_4)
                                                         net251 (net)
                      0.368815    0.002075  253.798798 ^ fanout250/A (sky130_fd_sc_hd__buf_2)
     8    0.041405    0.326307    0.508294  254.307083 ^ fanout250/X (sky130_fd_sc_hd__buf_2)
                                                         net250 (net)
                      0.326309    0.001535  254.308624 ^ fanout249/A (sky130_fd_sc_hd__buf_2)
    10    0.044550    0.349551    0.508294  254.816925 ^ fanout249/X (sky130_fd_sc_hd__buf_2)
                                                         net249 (net)
                      0.349577    0.003268  254.820190 ^ _35407_/A (sky130_fd_sc_hd__nand2_1)
     3    0.008842    0.187144    0.278533  255.098724 v _35407_/Y (sky130_fd_sc_hd__nand2_1)
                                                         _11159_ (net)
                      0.187144    0.000512  255.099228 v _35434_/B (sky130_fd_sc_hd__or2_2)
     4    0.023276    0.206763    0.809195  255.908432 v _35434_/X (sky130_fd_sc_hd__or2_2)
                                                         _11186_ (net)
                      0.206797    0.002530  255.910950 v _35451_/A2 (sky130_fd_sc_hd__o21ai_1)
     2    0.006014    0.252849    0.317755  256.228699 ^ _35451_/Y (sky130_fd_sc_hd__o21ai_1)
                                                         _11203_ (net)
                      0.252849    0.000341  256.229065 ^ _35454_/B (sky130_fd_sc_hd__and3_1)
     3    0.015269    0.253507    0.501274  256.730316 ^ _35454_/X (sky130_fd_sc_hd__and3_1)
                                                         _11206_ (net)
                      0.253508    0.001251  256.731567 ^ _35459_/D_N (sky130_fd_sc_hd__or4b_1)
     1    0.001756    0.162023    1.051859  257.783447 v _35459_/X (sky130_fd_sc_hd__or4b_1)
                                                         _11211_ (net)
                      0.162023    0.000114  257.783539 v _35464_/B (sky130_fd_sc_hd__or4bb_2)
     6    0.017194    0.311533    1.628649  259.412201 v _35464_/X (sky130_fd_sc_hd__or4bb_2)
                                                         _11216_ (net)
                      0.311533    0.000568  259.412750 v _35465_/D1 (sky130_fd_sc_hd__a2111o_4)
     4    0.078695    0.319809    0.983420  260.396179 v _35465_/X (sky130_fd_sc_hd__a2111o_4)
                                                         _11217_ (net)
                      0.319874    0.004690  260.400879 v fanout248/A (sky130_fd_sc_hd__clkbuf_4)
     9    0.070803    0.258800    0.525716  260.926605 v fanout248/X (sky130_fd_sc_hd__clkbuf_4)
                                                         net248 (net)
                      0.258815    0.001705  260.928284 v fanout247/A (sky130_fd_sc_hd__buf_2)
     6    0.041802    0.196239    0.456225  261.384521 v fanout247/X (sky130_fd_sc_hd__buf_2)
                                                         net247 (net)
                      0.196240    0.001137  261.385651 v fanout246/A (sky130_fd_sc_hd__clkbuf_4)
    10    0.052182    0.197304    0.424450  261.810120 v fanout246/X (sky130_fd_sc_hd__clkbuf_4)
                                                         net246 (net)
                      0.198058    0.009351  261.819458 v _35527_/B1 (sky130_fd_sc_hd__o21a_1)
     1    0.001946    0.057745    0.239567  262.059021 v _35527_/X (sky130_fd_sc_hd__o21a_1)
                                                         _11279_ (net)
                      0.057745    0.000085  262.059113 v _35528_/B2 (sky130_fd_sc_hd__a2bb2o_2)
     4    0.025083    0.175089    0.586851  262.645966 v _35528_/X (sky130_fd_sc_hd__a2bb2o_2)
                                                         _11280_ (net)
                      0.175114    0.002132  262.648102 v _35529_/B (sky130_fd_sc_hd__xnor2_1)
     4    0.011017    0.216096    0.347256  262.995361 v _35529_/Y (sky130_fd_sc_hd__xnor2_1)
                                                         _11281_ (net)
                      0.216096    0.000597  262.995941 v _35540_/B (sky130_fd_sc_hd__or4_1)
     2    0.008210    0.240782    1.319847  264.315796 v _35540_/X (sky130_fd_sc_hd__or4_1)
                                                         _11292_ (net)
                      0.240782    0.000597  264.316406 v _35567_/B1 (sky130_fd_sc_hd__a2111o_2)
     6    0.025282    0.218567    1.066439  265.382843 v _35567_/X (sky130_fd_sc_hd__a2111o_2)
                                                         _11319_ (net)
                      0.218591    0.002387  265.385223 v _35625_/A1 (sky130_fd_sc_hd__a2111oi_1)
     2    0.005447    0.707820    0.803084  266.188293 ^ _35625_/Y (sky130_fd_sc_hd__a2111oi_1)
                                                         _11377_ (net)
                      0.707820    0.000256  266.188568 ^ max_cap243/A (sky130_fd_sc_hd__dlymetal6s2s_1)
     5    0.020725    0.340525    0.573834  266.762390 ^ max_cap243/X (sky130_fd_sc_hd__dlymetal6s2s_1)
                                                         net243 (net)
                      0.340533    0.002274  266.764679 ^ max_cap242/A (sky130_fd_sc_hd__dlymetal6s2s_1)
     5    0.019969    0.328072    0.455117  267.219788 ^ max_cap242/X (sky130_fd_sc_hd__dlymetal6s2s_1)
                                                         net242 (net)
                      0.328072    0.001421  267.221191 ^ _35735_/A1 (sky130_fd_sc_hd__o211ai_1)
     3    0.007074    0.266512    0.371983  267.593201 v _35735_/Y (sky130_fd_sc_hd__o211ai_1)
                                                         _11487_ (net)
                      0.266512    0.000369  267.593567 v _35738_/C (sky130_fd_sc_hd__and3_1)
     2    0.007090    0.105506    0.497295  268.090851 v _35738_/X (sky130_fd_sc_hd__and3_1)
                                                         _11490_ (net)
                      0.105506    0.000227  268.091064 v _35750_/B (sky130_fd_sc_hd__or4_1)
     2    0.006104    0.219615    1.248196  269.339264 v _35750_/X (sky130_fd_sc_hd__or4_1)
                                                         _11502_ (net)
                      0.219615    0.000341  269.339630 v _35752_/A (sky130_fd_sc_hd__or3b_1)
     3    0.008011    0.191194    0.986404  270.326019 v _35752_/X (sky130_fd_sc_hd__or3b_1)
                                                         _11504_ (net)
                      0.191194    0.000455  270.326477 v _35785_/A1 (sky130_fd_sc_hd__a2111o_1)
     4    0.015880    0.223076    0.900059  271.226532 v _35785_/X (sky130_fd_sc_hd__a2111o_1)
                                                         _11537_ (net)
                      0.223077    0.001108  271.227631 v _35819_/A1 (sky130_fd_sc_hd__a211o_2)
     5    0.023354    0.174845    0.747207  271.974854 v _35819_/X (sky130_fd_sc_hd__a211o_2)
                                                         _11571_ (net)
                      0.174859    0.001677  271.976532 v _35888_/A1 (sky130_fd_sc_hd__a211o_4)
    10    0.057411    0.193071    0.755733  272.732269 v _35888_/X (sky130_fd_sc_hd__a211o_4)
                                                         _11640_ (net)
                      0.193383    0.006878  272.739136 v _36133_/A (sky130_fd_sc_hd__and2_2)
     7    0.025993    0.160955    0.517360  273.256500 v _36133_/X (sky130_fd_sc_hd__and2_2)
                                                         _11885_ (net)
                      0.160973    0.001791  273.258301 v _36139_/A2 (sky130_fd_sc_hd__a21o_1)
     3    0.020207    0.192297    0.480071  273.738373 v _36139_/X (sky130_fd_sc_hd__a21o_1)
                                                         _11891_ (net)
                      0.192306    0.001535  273.739899 v _36148_/A (sky130_fd_sc_hd__or4_1)
     2    0.007640    0.235569    1.339174  275.079071 v _36148_/X (sky130_fd_sc_hd__or4_1)
                                                         _11900_ (net)
                      0.235750    0.000426  275.079498 v _36155_/B (sky130_fd_sc_hd__or4bb_2)
     3    0.016580    0.305660    1.647209  276.726715 v _36155_/X (sky130_fd_sc_hd__or4bb_2)
                                                         _11907_ (net)
                      0.305660    0.000909  276.727600 v _36169_/A (sky130_fd_sc_hd__or3_1)
     1    0.002013    0.126666    0.909125  277.636749 v _36169_/X (sky130_fd_sc_hd__or3_1)
                                                         _11921_ (net)
                      0.126666    0.000142  277.636871 v _36170_/C (sky130_fd_sc_hd__or3_2)
     2    0.014090    0.231323    1.107679  278.744568 v _36170_/X (sky130_fd_sc_hd__or3_2)
                                                         _11922_ (net)
                      0.231323    0.000966  278.745514 v _36171_/B1 (sky130_fd_sc_hd__a21oi_4)
    10    0.054522    0.627353    0.603677  279.349213 ^ _36171_/Y (sky130_fd_sc_hd__a21oi_4)
                                                         _11923_ (net)
                      0.627445    0.006281  279.355469 ^ _36430_/A1 (sky130_fd_sc_hd__o2111a_1)
     5    0.015915    0.264789    0.747207  280.102692 ^ _36430_/X (sky130_fd_sc_hd__o2111a_1)
                                                         _12182_ (net)
                      0.264789    0.000995  280.103699 ^ _36437_/D (sky130_fd_sc_hd__and4_2)
     6    0.023829    0.254398    0.700254  280.803925 ^ _36437_/X (sky130_fd_sc_hd__and4_2)
                                                         _12189_ (net)
                      0.254414    0.002274  280.806213 ^ _36446_/B (sky130_fd_sc_hd__xor2_1)
     3    0.010800    0.413292    0.487603  281.293823 ^ _36446_/X (sky130_fd_sc_hd__xor2_1)
                                                         _12198_ (net)
                      0.413427    0.000654  281.294464 ^ _36453_/C_N (sky130_fd_sc_hd__or4bb_1)
     1    0.001844    0.157194    1.173788  282.468262 v _36453_/X (sky130_fd_sc_hd__or4bb_1)
                                                         _12205_ (net)
                      0.157194    0.000114  282.468384 v _36454_/C (sky130_fd_sc_hd__or3_1)
     1    0.003627    0.144105    0.758348  283.226715 v _36454_/X (sky130_fd_sc_hd__or3_1)
                                                         _12206_ (net)
                      0.144105    0.000227  283.226959 v _36455_/D (sky130_fd_sc_hd__or4_1)
     2    0.009937    0.264168    1.109925  284.336884 v _36455_/X (sky130_fd_sc_hd__or4_1)
                                                         _12207_ (net)
                      0.264168    0.000824  284.337708 v _36457_/A_N (sky130_fd_sc_hd__nand3b_1)
     2    0.006220    0.199548    0.479389  284.817078 v _36457_/Y (sky130_fd_sc_hd__nand3b_1)
                                                         _12209_ (net)
                      0.199548    0.000426  284.817505 v _36481_/B1 (sky130_fd_sc_hd__a211o_1)
     1    0.002741    0.084420    0.543395  285.360901 v _36481_/X (sky130_fd_sc_hd__a211o_1)
                                                         _12233_ (net)
                      0.084420    0.000199  285.361115 v fanout227/A (sky130_fd_sc_hd__clkbuf_2)
     5    0.043338    0.301111    0.385398  285.746490 v fanout227/X (sky130_fd_sc_hd__clkbuf_2)
                                                         net227 (net)
                      0.301126    0.002444  285.748962 v _36690_/C (sky130_fd_sc_hd__and4_1)
     3    0.011132    0.140726    0.569969  286.318909 v _36690_/X (sky130_fd_sc_hd__and4_1)
                                                         _12442_ (net)
                      0.140726    0.000512  286.319427 v _36691_/B (sky130_fd_sc_hd__and2_1)
     2    0.004797    0.084681    0.367578  286.687012 v _36691_/X (sky130_fd_sc_hd__and2_1)
                                                         _12443_ (net)
                      0.084681    0.000171  286.687164 v _36704_/B (sky130_fd_sc_hd__or3b_1)
     2    0.012806    0.239857    0.948631  287.635803 v _36704_/X (sky130_fd_sc_hd__or3b_1)
                                                         _12456_ (net)
                      0.239859    0.001222  287.637024 v _36710_/B (sky130_fd_sc_hd__or4_1)
     2    0.004566    0.205091    1.267864  288.904907 v _36710_/X (sky130_fd_sc_hd__or4_1)
                                                         _12462_ (net)
                      0.205091    0.000256  288.905151 v _36719_/C (sky130_fd_sc_hd__or4_1)
     2    0.007876    0.238332    1.240096  290.145233 v _36719_/X (sky130_fd_sc_hd__or4_1)
                                                         _12471_ (net)
                      0.238332    0.000540  290.145782 v _36720_/C1 (sky130_fd_sc_hd__a311o_1)
     1    0.001805    0.083440    0.546265  290.692047 v _36720_/X (sky130_fd_sc_hd__a311o_1)
                                                         _12472_ (net)
                      0.083440    0.000085  290.692139 v fanout222/A (sky130_fd_sc_hd__buf_2)
     6    0.044842    0.209769    0.379401  291.071533 v fanout222/X (sky130_fd_sc_hd__buf_2)
                                                         net222 (net)
                      0.210458    0.009265  291.080811 v fanout219/A (sky130_fd_sc_hd__clkbuf_4)
    10    0.050919    0.191816    0.430646  291.511444 v fanout219/X (sky130_fd_sc_hd__clkbuf_4)
                                                         net219 (net)
                      0.192004    0.005429  291.516876 v _36732_/B (sky130_fd_sc_hd__or3b_1)
     3    0.008674    0.198040    0.933113  292.449982 v _36732_/X (sky130_fd_sc_hd__or3b_1)
                                                         _12484_ (net)
                      0.198040    0.000341  292.450317 v _36740_/B (sky130_fd_sc_hd__and3_1)
     2    0.005528    0.093203    0.420584  292.870911 v _36740_/X (sky130_fd_sc_hd__and3_1)
                                                         _12492_ (net)
                      0.093203    0.000256  292.871185 v _36744_/B (sky130_fd_sc_hd__or4_1)
     1    0.003674    0.188196    1.195872  294.067047 v _36744_/X (sky130_fd_sc_hd__or4_1)
                                                         _12496_ (net)
                      0.188196    0.000227  294.067261 v _36755_/A2 (sky130_fd_sc_hd__a21o_1)
     4    0.014711    0.149839    0.457931  294.525208 v _36755_/X (sky130_fd_sc_hd__a21o_1)
                                                         _12507_ (net)
                      0.149843    0.001023  294.526215 v _36810_/A1 (sky130_fd_sc_hd__a2111o_1)
     3    0.017572    0.236182    0.895966  295.422180 v _36810_/X (sky130_fd_sc_hd__a2111o_1)
                                                         _12562_ (net)
                      0.236193    0.001904  295.424103 v _36846_/A1 (sky130_fd_sc_hd__a21o_1)
     4    0.013356    0.141443    0.439030  295.863129 v _36846_/X (sky130_fd_sc_hd__a21o_1)
                                                         _12598_ (net)
                      0.141446    0.000909  295.864044 v _36871_/A1 (sky130_fd_sc_hd__a2111o_1)
     5    0.017375    0.234470    0.891049  296.755096 v _36871_/X (sky130_fd_sc_hd__a2111o_1)
                                                         _12623_ (net)
                      0.234472    0.001279  296.756378 v _36911_/A1 (sky130_fd_sc_hd__a21oi_1)
     1    0.005961    0.261312    0.345153  297.101501 ^ _36911_/Y (sky130_fd_sc_hd__a21oi_1)
                                                         _12663_ (net)
                      0.261312    0.000455  297.101959 ^ fanout218/A (sky130_fd_sc_hd__clkbuf_2)
     8    0.040838    0.348376    0.474671  297.576630 ^ fanout218/X (sky130_fd_sc_hd__clkbuf_2)
                                                         net218 (net)
                      0.348405    0.003354  297.579987 ^ fanout217/A (sky130_fd_sc_hd__buf_2)
    10    0.042732    0.336110    0.507299  298.087280 ^ fanout217/X (sky130_fd_sc_hd__buf_2)
                                                         net217 (net)
                      0.336152    0.003780  298.091064 ^ _36992_/B (sky130_fd_sc_hd__or4_1)
     3    0.007871    0.132284    0.338702  298.429779 ^ _36992_/X (sky130_fd_sc_hd__or4_1)
                                                         _12744_ (net)
                      0.132284    0.000597  298.430359 ^ _36997_/A1 (sky130_fd_sc_hd__a21oi_1)
     4    0.011784    0.219513    0.248690  298.679077 v _36997_/Y (sky130_fd_sc_hd__a21oi_1)
                                                         _12749_ (net)
                      0.219516    0.000625  298.679688 v _37007_/A (sky130_fd_sc_hd__or4_1)
     1    0.003960    0.195005    1.282672  299.962372 v _37007_/X (sky130_fd_sc_hd__or4_1)
                                                         _12759_ (net)
                      0.195005    0.000256  299.962616 v _37013_/C (sky130_fd_sc_hd__or4_2)
     4    0.023010    0.347074    1.723521  301.686127 v _37013_/X (sky130_fd_sc_hd__or4_2)
                                                         _12765_ (net)
                      0.347074    0.002558  301.688690 v _37084_/A1 (sky130_fd_sc_hd__a211o_1)
     4    0.017879    0.206557    0.733223  302.421906 v _37084_/X (sky130_fd_sc_hd__a211o_1)
                                                         _12836_ (net)
                      0.206563    0.001450  302.423370 v _37139_/A1 (sky130_fd_sc_hd__a2111o_2)
     4    0.022903    0.209398    1.010392  303.433746 v _37139_/X (sky130_fd_sc_hd__a2111o_2)
                                                         _12891_ (net)
                      0.209421    0.002188  303.435944 v _37154_/A1 (sky130_fd_sc_hd__a21o_1)
     3    0.018883    0.182087    0.462052  303.898010 v _37154_/X (sky130_fd_sc_hd__a21o_1)
                                                         _12906_ (net)
                      0.182093    0.001307  303.899292 v fanout202/A (sky130_fd_sc_hd__clkbuf_4)
    10    0.060898    0.223679    0.441304  304.340607 v fanout202/X (sky130_fd_sc_hd__clkbuf_4)
                                                         net202 (net)
                      0.223706    0.002643  304.343262 v _37432_/C1 (sky130_fd_sc_hd__o221a_1)
     3    0.013601    0.184614    0.383153  304.726410 v _37432_/X (sky130_fd_sc_hd__o221a_1)
                                                         _13184_ (net)
                      0.184614    0.000625  304.727020 v _37435_/D (sky130_fd_sc_hd__and4bb_2)
     7    0.025581    0.172339    0.651511  305.378540 v _37435_/X (sky130_fd_sc_hd__and4bb_2)
                                                         _13187_ (net)
                      0.172349    0.001506  305.380035 v _37442_/D (sky130_fd_sc_hd__and4b_1)
     3    0.014892    0.170622    0.560902  305.940948 v _37442_/X (sky130_fd_sc_hd__and4b_1)
                                                         _13194_ (net)
                      0.170629    0.001279  305.942230 v _37443_/B (sky130_fd_sc_hd__xnor2_1)
     3    0.012416    0.244430    0.361098  306.303314 v _37443_/Y (sky130_fd_sc_hd__xnor2_1)
                                                         _13195_ (net)
                      0.244430    0.000796  306.304138 v _37447_/C (sky130_fd_sc_hd__or4_1)
     1    0.002597    0.173489    1.148010  307.452148 v _37447_/X (sky130_fd_sc_hd__or4_1)
                                                         _13199_ (net)
                      0.173489    0.000142  307.452271 v _37477_/A (sky130_fd_sc_hd__or4b_1)
     2    0.011931    0.290250    1.400792  308.853058 v _37477_/X (sky130_fd_sc_hd__or4b_1)
                                                         _13229_ (net)
                      0.290250    0.000853  308.853912 v _37509_/C1 (sky130_fd_sc_hd__a2111o_1)
     1    0.004352    0.124727    0.766562  309.620483 v _37509_/X (sky130_fd_sc_hd__a2111o_1)
                                                         _13261_ (net)
                      0.124727    0.000284  309.620758 v fanout190/A (sky130_fd_sc_hd__clkbuf_2)
     7    0.042351    0.294808    0.399297  310.020050 v fanout190/X (sky130_fd_sc_hd__clkbuf_2)
                                                         net190 (net)
                      0.294960    0.003524  310.023590 v fanout189/A (sky130_fd_sc_hd__buf_2)
    10    0.039382    0.186651    0.466571  310.490173 v fanout189/X (sky130_fd_sc_hd__buf_2)
                                                         net189 (net)
                      0.186653    0.001080  310.491241 v fanout188/A (sky130_fd_sc_hd__clkbuf_4)
    10    0.040295    0.157965    0.394351  310.885590 v fanout188/X (sky130_fd_sc_hd__clkbuf_4)
                                                         net188 (net)
                      0.158013    0.002643  310.888245 v _37530_/S (sky130_fd_sc_hd__mux2_1)
     3    0.011128    0.190404    0.827384  311.715607 v _37530_/X (sky130_fd_sc_hd__mux2_1)
                                                         _13282_ (net)
                      0.190404    0.000711  311.716339 v _37532_/B (sky130_fd_sc_hd__nand2_1)
     1    0.002530    0.080927    0.151744  311.868073 ^ _37532_/Y (sky130_fd_sc_hd__nand2_1)
                                                         _13284_ (net)
                      0.080927    0.000114  311.868195 ^ _37533_/B (sky130_fd_sc_hd__and2b_1)
     6    0.018506    0.276450    0.391111  312.259308 ^ _37533_/X (sky130_fd_sc_hd__and2b_1)
                                                         _13285_ (net)
                      0.276450    0.000853  312.260162 ^ _37535_/D_N (sky130_fd_sc_hd__or4b_1)
     2    0.009543    0.256912    1.212584  313.472748 v _37535_/X (sky130_fd_sc_hd__or4b_1)
                                                         _13287_ (net)
                      0.256912    0.000682  313.473419 v _37773_/A1 (sky130_fd_sc_hd__o41ai_2)
     2    0.007781    0.500837    0.728903  314.202332 ^ _37773_/Y (sky130_fd_sc_hd__o41ai_2)
                                                         _13525_ (net)
                      0.500837    0.000341  314.202667 ^ max_cap182/A (sky130_fd_sc_hd__clkbuf_1)
     4    0.015885    0.308786    0.461938  314.664612 ^ max_cap182/X (sky130_fd_sc_hd__clkbuf_1)
                                                         net182 (net)
                      0.308786    0.000568  314.665161 ^ _37775_/C1 (sky130_fd_sc_hd__a211o_1)
     1    0.004045    0.086267    0.263924  314.929077 ^ _37775_/X (sky130_fd_sc_hd__a211o_1)
                                                         _13527_ (net)
                      0.086267    0.000171  314.929260 ^ fanout180/A (sky130_fd_sc_hd__buf_2)
     7    0.042664    0.335071    0.392930  315.322205 ^ fanout180/X (sky130_fd_sc_hd__buf_2)
                                                         net180 (net)
                      0.335084    0.001762  315.323944 ^ fanout179/A (sky130_fd_sc_hd__buf_2)
    10    0.044780    0.351549    0.511704  315.835663 ^ fanout179/X (sky130_fd_sc_hd__buf_2)
                                                         net179 (net)
                      0.351659    0.005912  315.841583 ^ _37863_/S (sky130_fd_sc_hd__mux2_1)
     3    0.012511    0.204697    0.910916  316.752472 v _37863_/X (sky130_fd_sc_hd__mux2_1)
                                                         _13615_ (net)
                      0.204697    0.000455  316.752930 v _37865_/B (sky130_fd_sc_hd__xnor2_1)
     4    0.012299    0.240986    0.376275  317.129211 v _37865_/Y (sky130_fd_sc_hd__xnor2_1)
                                                         _13617_ (net)
                      0.240986    0.000398  317.129608 v _37866_/C (sky130_fd_sc_hd__or3_1)
     1    0.002393    0.130761    0.762469  317.892090 v _37866_/X (sky130_fd_sc_hd__or3_1)
                                                         _13618_ (net)
                      0.130761    0.000142  317.892212 v _37867_/D (sky130_fd_sc_hd__or4_1)
     2    0.007731    0.236578    1.069139  318.961365 v _37867_/X (sky130_fd_sc_hd__or4_1)
                                                         _13619_ (net)
                      0.236578    0.000483  318.961853 v _37895_/A (sky130_fd_sc_hd__or3_2)
     3    0.021551    0.266983    1.342329  320.304169 v _37895_/X (sky130_fd_sc_hd__or3_2)
                                                         _13647_ (net)
                      0.266983    0.001336  320.305511 v _37896_/B1 (sky130_fd_sc_hd__a21o_1)
     4    0.019892    0.189819    0.480526  320.786041 v _37896_/X (sky130_fd_sc_hd__a21o_1)
                                                         _13648_ (net)
                      0.189834    0.001847  320.787872 v _37950_/A1 (sky130_fd_sc_hd__a21oi_1)
     3    0.018099    0.637926    0.610527  321.398407 ^ _37950_/Y (sky130_fd_sc_hd__a21oi_1)
                                                         _13702_ (net)
                      0.637926    0.000625  321.399048 ^ fanout175/A (sky130_fd_sc_hd__buf_2)
    10    0.046794    0.365673    0.637385  322.036407 ^ fanout175/X (sky130_fd_sc_hd__buf_2)
                                                         net175 (net)
                      0.365904    0.008413  322.044830 ^ _38045_/A (sky130_fd_sc_hd__or3_2)
     2    0.025249    0.211200    0.443492  322.488342 ^ _38045_/X (sky130_fd_sc_hd__or3_2)
                                                         _13797_ (net)
                      0.211209    0.001648  322.489990 ^ fanout171/A (sky130_fd_sc_hd__clkbuf_4)
    10    0.063179    0.305346    0.484818  322.974792 ^ fanout171/X (sky130_fd_sc_hd__clkbuf_4)
                                                         net171 (net)
                      0.305610    0.005599  322.980408 ^ fanout170/A (sky130_fd_sc_hd__buf_2)
    10    0.049468    0.386227    0.525404  323.505798 ^ fanout170/X (sky130_fd_sc_hd__buf_2)
                                                         net170 (net)
                      0.386228    0.001648  323.507446 ^ _38140_/S (sky130_fd_sc_hd__mux2_1)
     4    0.013909    0.208983    0.935302  324.442749 v _38140_/X (sky130_fd_sc_hd__mux2_1)
                                                         _13892_ (net)
                      0.208983    0.000568  324.443329 v _38142_/B (sky130_fd_sc_hd__xnor2_1)
     3    0.010505    0.208284    0.357545  324.800873 v _38142_/Y (sky130_fd_sc_hd__xnor2_1)
                                                         _13894_ (net)
                      0.208284    0.000483  324.801331 v _38149_/B (sky130_fd_sc_hd__or3b_1)
     2    0.005411    0.166269    0.895000  325.696350 v _38149_/X (sky130_fd_sc_hd__or3b_1)
                                                         _13901_ (net)
                      0.166269    0.000313  325.696655 v _38182_/C (sky130_fd_sc_hd__or4_1)
     2    0.012208    0.293277    1.300691  326.997345 v _38182_/X (sky130_fd_sc_hd__or4_1)
                                                         _13934_ (net)
                      0.293277    0.000597  326.997955 v _38184_/B1 (sky130_fd_sc_hd__a21o_1)
     4    0.024525    0.226058    0.519833  327.517792 v _38184_/X (sky130_fd_sc_hd__a21o_1)
                                                         _13936_ (net)
                      0.226075    0.002075  327.519836 v _38229_/A1 (sky130_fd_sc_hd__a21oi_4)
     9    0.052589    0.608175    0.625363  328.145203 ^ _38229_/Y (sky130_fd_sc_hd__a21oi_4)
                                                         _13981_ (net)
                      0.608190    0.002530  328.147736 ^ _38327_/A (sky130_fd_sc_hd__or3_1)
     3    0.022107    0.327503    0.574318  328.722076 ^ _38327_/X (sky130_fd_sc_hd__or3_1)
                                                         _14079_ (net)
                      0.327516    0.002416  328.724487 ^ fanout167/A (sky130_fd_sc_hd__clkbuf_4)
    10    0.059392    0.289282    0.524125  329.248596 ^ fanout167/X (sky130_fd_sc_hd__clkbuf_4)
                                                         net167 (net)
                      0.289336    0.003979  329.252594 ^ _38444_/S (sky130_fd_sc_hd__mux2_1)
     4    0.016400    0.228017    0.928509  330.181091 v _38444_/X (sky130_fd_sc_hd__mux2_1)
                                                         _14196_ (net)
                      0.228018    0.001023  330.182098 v _38446_/B (sky130_fd_sc_hd__xnor2_1)
     3    0.013723    0.542048    0.551012  330.733124 ^ _38446_/Y (sky130_fd_sc_hd__xnor2_1)
                                                         _14198_ (net)
                      0.542049    0.000739  330.733856 ^ _38469_/A (sky130_fd_sc_hd__nor4_1)
     2    0.005265    0.152739    0.297717  331.031586 v _38469_/Y (sky130_fd_sc_hd__nor4_1)
                                                         _14221_ (net)
                      0.152739    0.000313  331.031891 v _38511_/A1 (sky130_fd_sc_hd__a2111oi_1)
     1    0.007613    0.850184    0.891248  331.923157 ^ _38511_/Y (sky130_fd_sc_hd__a2111oi_1)
                                                         _14263_ (net)
                      0.850184    0.000625  331.923767 ^ wire163/A (sky130_fd_sc_hd__buf_1)
     3    0.009831    0.202145    0.457135  332.380890 ^ wire163/X (sky130_fd_sc_hd__buf_1)
                                                         net163 (net)
                      0.202145    0.000739  332.381653 ^ max_cap162/A (sky130_fd_sc_hd__clkbuf_1)
     2    0.006274    0.134238    0.251134  332.632782 ^ max_cap162/X (sky130_fd_sc_hd__clkbuf_1)
                                                         net162 (net)
                      0.134238    0.000313  332.633087 ^ _38512_/A2 (sky130_fd_sc_hd__a211o_1)
     4    0.031434    0.434625    0.530491  333.163574 ^ _38512_/X (sky130_fd_sc_hd__a211o_1)
                                                         _14264_ (net)
                      0.434660    0.004121  333.167694 ^ _38522_/A1 (sky130_fd_sc_hd__a21oi_2)
     4    0.030922    0.303289    0.396312  333.564026 v _38522_/Y (sky130_fd_sc_hd__a21oi_2)
                                                         _14274_ (net)
                      0.303331    0.003610  333.567627 v _38617_/A (sky130_fd_sc_hd__or4_1)
     2    0.012024    0.291620    1.452548  335.020172 v _38617_/X (sky130_fd_sc_hd__or4_1)
                                                         _14369_ (net)
                      0.291620    0.000426  335.020599 v fanout159/A (sky130_fd_sc_hd__clkbuf_4)
    10    0.053856    0.201416    0.476660  335.497253 v fanout159/X (sky130_fd_sc_hd__clkbuf_4)
                                                         net159 (net)
                      0.201540    0.004576  335.501831 v fanout158/A (sky130_fd_sc_hd__clkbuf_4)
    10    0.048753    0.186117    0.419504  335.921326 v fanout158/X (sky130_fd_sc_hd__clkbuf_4)
                                                         net158 (net)
                      0.186355    0.006025  335.927368 v _38646_/S (sky130_fd_sc_hd__mux2_1)
     4    0.015481    0.221015    0.882096  336.809448 v _38646_/X (sky130_fd_sc_hd__mux2_1)
                                                         _14398_ (net)
                      0.221015    0.000853  336.810303 v _38648_/B (sky130_fd_sc_hd__xnor2_1)
     3    0.010604    0.221254    0.364366  337.174683 v _38648_/Y (sky130_fd_sc_hd__xnor2_1)
                                                         _14400_ (net)
                      0.221254    0.000540  337.175232 v _38664_/A (sky130_fd_sc_hd__or4bb_2)
     2    0.014422    0.288452    1.670316  338.845520 v _38664_/X (sky130_fd_sc_hd__or4bb_2)
                                                         _14416_ (net)
                      0.288452    0.000853  338.846375 v _38688_/A_N (sky130_fd_sc_hd__nand2b_1)
     1    0.009515    0.186338    0.481094  339.327484 v _38688_/Y (sky130_fd_sc_hd__nand2b_1)
                                                         _14440_ (net)
                      0.186338    0.000739  339.328217 v _38696_/A2 (sky130_fd_sc_hd__o221ai_4)
     4    0.041352    0.609624    0.590973  339.919189 ^ _38696_/Y (sky130_fd_sc_hd__o221ai_4)
                                                         _14448_ (net)
                      0.609758    0.006992  339.926178 ^ _38804_/A1 (sky130_fd_sc_hd__a221oi_4)
     4    0.023003    0.226731    0.387246  340.313416 v _38804_/Y (sky130_fd_sc_hd__a221oi_4)
                                                         _14556_ (net)
                      0.226733    0.001421  340.314850 v fanout152/A (sky130_fd_sc_hd__buf_2)
    10    0.042479    0.198843    0.443180  340.758026 v fanout152/X (sky130_fd_sc_hd__buf_2)
                                                         net152 (net)
                      0.199051    0.005770  340.763794 v _38876_/A (sky130_fd_sc_hd__nand2_1)
     2    0.016440    0.254480    0.285951  341.049744 ^ _38876_/Y (sky130_fd_sc_hd__nand2_1)
                                                         _14628_ (net)
                      0.254486    0.001023  341.050781 ^ fanout149/A (sky130_fd_sc_hd__clkbuf_4)
    10    0.056436    0.276988    0.482800  341.533569 ^ fanout149/X (sky130_fd_sc_hd__clkbuf_4)
                                                         net149 (net)
                      0.277121    0.005627  341.539215 ^ _39092_/S (sky130_fd_sc_hd__mux2_2)
     4    0.025153    0.189686    0.884370  342.423584 v _39092_/X (sky130_fd_sc_hd__mux2_2)
                                                         _14844_ (net)
                      0.189689    0.001137  342.424713 v _39095_/B (sky130_fd_sc_hd__xnor2_2)
     4    0.021746    0.483975    0.480583  342.905304 ^ _39095_/Y (sky130_fd_sc_hd__xnor2_2)
                                                         _14847_ (net)
                      0.483981    0.001421  342.906708 ^ _39114_/A (sky130_fd_sc_hd__and4_1)
     2    0.006960    0.157111    0.549250  343.455963 ^ _39114_/X (sky130_fd_sc_hd__and4_1)
                                                         _14866_ (net)
                      0.157111    0.000540  343.456512 ^ _39115_/D_N (sky130_fd_sc_hd__or4b_1)
     1    0.008365    0.242081    1.158327  344.614838 v _39115_/X (sky130_fd_sc_hd__or4b_1)
                                                         _14867_ (net)
                      0.242081    0.000625  344.615448 v _39125_/A2 (sky130_fd_sc_hd__o221ai_4)
     5    0.028059    0.475003    0.514518  345.129974 ^ _39125_/Y (sky130_fd_sc_hd__o221ai_4)
                                                         _14877_ (net)
                      0.475012    0.003837  345.133820 ^ _39155_/A1 (sky130_fd_sc_hd__a211o_1)
     5    0.020679    0.294271    0.556184  345.690002 ^ _39155_/X (sky130_fd_sc_hd__a211o_1)
                                                         _14907_ (net)
                      0.294275    0.001563  345.691559 ^ _39158_/A3 (sky130_fd_sc_hd__a31oi_1)
     2    0.010371    0.288991    0.386194  346.077759 v _39158_/Y (sky130_fd_sc_hd__a31oi_1)
                                                         _14910_ (net)
                      0.288991    0.000654  346.078400 v fanout143/A (sky130_fd_sc_hd__clkbuf_4)
    10    0.076954    0.275353    0.531060  346.609467 v fanout143/X (sky130_fd_sc_hd__clkbuf_4)
                                                         net143 (net)
                      0.275359    0.001847  346.611298 v _39161_/B (sky130_fd_sc_hd__nand2_1)
     2    0.021548    0.330055    0.382158  346.993469 ^ _39161_/Y (sky130_fd_sc_hd__nand2_1)
                                                         _14913_ (net)
                      0.330057    0.000625  346.994080 ^ fanout142/A (sky130_fd_sc_hd__buf_2)
    10    0.047520    0.371676    0.525148  347.519257 ^ fanout142/X (sky130_fd_sc_hd__buf_2)
                                                         net142 (net)
                      0.371745    0.004974  347.524231 ^ _39304_/S (sky130_fd_sc_hd__mux2_2)
     5    0.027770    0.199891    0.923222  348.447449 v _39304_/X (sky130_fd_sc_hd__mux2_2)
                                                         _15056_ (net)
                      0.199917    0.002387  348.449829 v _39307_/B (sky130_fd_sc_hd__xnor2_1)
     2    0.006423    0.155313    0.305818  348.755646 v _39307_/Y (sky130_fd_sc_hd__xnor2_1)
                                                         _15059_ (net)
                      0.155313    0.000256  348.755890 v _39323_/B (sky130_fd_sc_hd__or4_1)
     2    0.010886    0.274627    1.344006  350.099915 v _39323_/X (sky130_fd_sc_hd__or4_1)
                                                         _15075_ (net)
                      0.274627    0.000995  350.100891 v _39324_/D (sky130_fd_sc_hd__or4_1)
     2    0.005986    0.217751    1.087784  351.188690 v _39324_/X (sky130_fd_sc_hd__or4_1)
                                                         _15076_ (net)
                      0.217751    0.000369  351.189056 v _39325_/B (sky130_fd_sc_hd__or2_2)
     3    0.020571    0.196520    0.809905  351.998962 v _39325_/X (sky130_fd_sc_hd__or2_2)
                                                         _15077_ (net)
                      0.196631    0.000767  351.999725 v _39439_/A1 (sky130_fd_sc_hd__o311ai_4)
     4    0.019556    0.528498    0.666489  352.666229 ^ _39439_/Y (sky130_fd_sc_hd__o311ai_4)
                                                         _15191_ (net)
                      0.528499    0.001620  352.667847 ^ _39441_/C (sky130_fd_sc_hd__or3_2)
     5    0.021116    0.181066    0.482032  353.149872 ^ _39441_/X (sky130_fd_sc_hd__or3_2)
                                                         _15193_ (net)
                      0.181068    0.000938  353.150818 ^ fanout138/A (sky130_fd_sc_hd__clkbuf_4)
    10    0.068235    0.329632    0.481748  353.632568 ^ fanout138/X (sky130_fd_sc_hd__clkbuf_4)
                                                         net138 (net)
                      0.330510    0.013983  353.646545 ^ fanout137/A (sky130_fd_sc_hd__clkbuf_4)
    10    0.050899    0.253190    0.498574  354.145111 ^ fanout137/X (sky130_fd_sc_hd__clkbuf_4)
                                                         net137 (net)
                      0.253209    0.002416  354.147522 ^ _39495_/A (sky130_fd_sc_hd__nand2_1)
     2    0.005177    0.120204    0.198014  354.345551 v _39495_/Y (sky130_fd_sc_hd__nand2_1)
                                                         _15247_ (net)
                      0.120204    0.000171  354.345703 v _39497_/C (sky130_fd_sc_hd__and3_1)
     2    0.005258    0.091225    0.408249  354.753967 v _39497_/X (sky130_fd_sc_hd__and3_1)
                                                         _15249_ (net)
                      0.091269    0.000313  354.754272 v _39503_/B (sky130_fd_sc_hd__or4bb_1)
     2    0.004737    0.199356    1.142894  355.897156 v _39503_/X (sky130_fd_sc_hd__or4bb_1)
                                                         _15255_ (net)
                      0.199356    0.000227  355.897400 v _39528_/B (sky130_fd_sc_hd__or4bb_1)
     1    0.003050    0.172774    1.140307  357.037689 v _39528_/X (sky130_fd_sc_hd__or4bb_1)
                                                         _15280_ (net)
                      0.172774    0.000199  357.037903 v _39535_/A2 (sky130_fd_sc_hd__o221a_1)
     1    0.010074    0.160431    0.566331  357.604218 v _39535_/X (sky130_fd_sc_hd__o221a_1)
                                                         _15287_ (net)
                      0.160433    0.000881  357.605103 v _39567_/A1 (sky130_fd_sc_hd__o21ai_2)
     1    0.017429    0.374596    0.428173  358.033295 ^ _39567_/Y (sky130_fd_sc_hd__o21ai_2)
                                                         _15319_ (net)
                      0.374612    0.001990  358.035278 ^ _39592_/B2 (sky130_fd_sc_hd__a221oi_4)
     1    0.025050    0.184780    0.282199  358.317474 v _39592_/Y (sky130_fd_sc_hd__a221oi_4)
                                                         _15344_ (net)
                      0.184792    0.002672  358.320160 v _39654_/B1 (sky130_fd_sc_hd__o22a_1)
     1    0.002174    0.076880    0.376843  358.696991 v _39654_/X (sky130_fd_sc_hd__o22a_1)
                                                         _01686_ (net)
                      0.076880    0.000142  358.697144 v _45825_/D (sky130_fd_sc_hd__dfxtp_1)
                                            358.697144   data arrival time

                               1000.000000 1000.000000   clock clk (rise edge)
                                  0.000000 1000.000000   clock source latency
     2    0.127547    0.919885    0.654723 1000.654724 ^ clk (in)
                                                         clk (net)
                      0.922675    0.000000 1000.654724 ^ clkbuf_0_clk/A (sky130_fd_sc_hd__clkbuf_16)
     4    0.189565    0.305680    0.720661 1001.375427 ^ clkbuf_0_clk/X (sky130_fd_sc_hd__clkbuf_16)
                                                         clknet_0_clk (net)
                      0.305868    0.006480 1001.381897 ^ clkbuf_2_2_0_clk/A (sky130_fd_sc_hd__clkbuf_8)
     8    0.212316    0.554901    0.690079 1002.071960 ^ clkbuf_2_2_0_clk/X (sky130_fd_sc_hd__clkbuf_8)
                                                         clknet_2_2_0_clk (net)
                      0.555373    0.010800 1002.082764 ^ clkbuf_5_17__f_clk/A (sky130_fd_sc_hd__clkbuf_16)
     7    0.069648    0.138634    0.487830 1002.570618 ^ clkbuf_5_17__f_clk/X (sky130_fd_sc_hd__clkbuf_16)
                                                         clknet_5_17__leaf_clk (net)
                      0.138782    0.003979 1002.574585 ^ clkbuf_leaf_14_clk/A (sky130_fd_sc_hd__clkbuf_8)
    15    0.044826    0.141171    0.316959 1002.891541 ^ clkbuf_leaf_14_clk/X (sky130_fd_sc_hd__clkbuf_8)
                                                         clknet_leaf_14_clk (net)
                      0.141181    0.001478 1002.893005 ^ _45825_/CLK (sky130_fd_sc_hd__dfxtp_1)
                                 -0.250000 1002.643005   clock uncertainty
                                  0.000000 1002.643005   clock reconvergence pessimism
                                 -0.252663 1002.390381   library setup time
                                           1002.390381   data required time
---------------------------------------------------------------------------------------------
                                           1002.390381   data required time
                                           -358.697144   data arrival time
---------------------------------------------------------------------------------------------
                                            643.693298   slack (MET)




===========================================================================
report_checks --slack_max -0.01
============================================================================
======================= max_ss_100C_1v60 Corner ===================================

No paths found.


===========================================================================
 report_check_types -max_slew -max_cap -max_fanout -violators
============================================================================
======================= max_ss_100C_1v60 Corner ===================================

max slew

Pin                                        Limit        Slew       Slack
------------------------------------------------------------------------
ANTENNA_55/DIODE                        0.750000    1.809217   -1.059217 (VIOLATED)
fanout722/A                             0.750000    1.809218   -1.059218 (VIOLATED)
fanout721/A                             0.750000    1.809133   -1.059133 (VIOLATED)
max_cap725/A                            0.750000    1.809133   -1.059133 (VIOLATED)
_42277_/Y                               0.750000    1.809127   -1.059127 (VIOLATED)
ANTENNA_13/DIODE                        0.750000    1.797012   -1.047012 (VIOLATED)
fanout864/A                             0.750000    1.797011   -1.047011 (VIOLATED)
ANTENNA_14/DIODE                        0.750000    1.796223   -1.046223 (VIOLATED)
fanout866/A                             0.750000    1.796222   -1.046222 (VIOLATED)
fanout865/A                             0.750000    1.796089   -1.046089 (VIOLATED)
fanout863/A                             0.750000    1.795660   -1.045660 (VIOLATED)
_26421_/Y                               0.750000    1.795616   -1.045616 (VIOLATED)
fanout707/A                             0.750000    1.794909   -1.044909 (VIOLATED)
_26568_/C1                              0.750000    1.794825   -1.044825 (VIOLATED)
_26520_/C1                              0.750000    1.794719   -1.044719 (VIOLATED)
ANTENNA_19/DIODE                        0.750000    1.794535   -1.044535 (VIOLATED)
fanout706/A                             0.750000    1.794512   -1.044512 (VIOLATED)
ANTENNA_18/DIODE                        0.750000    1.794510   -1.044510 (VIOLATED)
ANTENNA_20/DIODE                        0.750000    1.794510   -1.044510 (VIOLATED)
ANTENNA_338/DIODE                       0.750000    1.794373   -1.044373 (VIOLATED)
fanout708/A                             0.750000    1.794370   -1.044370 (VIOLATED)
_26506_/Y                               0.750000    1.794284   -1.044284 (VIOLATED)
ANTENNA_70/DIODE                        0.750000    1.717619   -0.967619 (VIOLATED)
fanout670/A                             0.750000    1.717620   -0.967620 (VIOLATED)
fanout668/A                             0.750000    1.717494   -0.967494 (VIOLATED)
max_cap672/A                            0.750000    1.717489   -0.967489 (VIOLATED)
_42477_/Y                               0.750000    1.717483   -0.967483 (VIOLATED)
fanout577/A                             0.750000    1.713735   -0.963735 (VIOLATED)
fanout576/A                             0.750000    1.712936   -0.962936 (VIOLATED)
ANTENNA_76/DIODE                        0.750000    1.712935   -0.962935 (VIOLATED)
ANTENNA_75/DIODE                        0.750000    1.712741   -0.962741 (VIOLATED)
fanout575/A                             0.750000    1.712742   -0.962742 (VIOLATED)
fanout574/A                             0.750000    1.712739   -0.962739 (VIOLATED)
ANTENNA_74/DIODE                        0.750000    1.712736   -0.962736 (VIOLATED)
_42675_/Y                               0.750000    1.712359   -0.962359 (VIOLATED)
fanout947/A                             0.750000    1.708599   -0.958599 (VIOLATED)
fanout949/A                             0.750000    1.708438   -0.958438 (VIOLATED)
ANTENNA_16/DIODE                        0.750000    1.708437   -0.958437 (VIOLATED)
fanout948/A                             0.750000    1.708004   -0.958004 (VIOLATED)
fanout946/A                             0.750000    1.707209   -0.957209 (VIOLATED)
_26450_/Y                               0.750000    1.707139   -0.957139 (VIOLATED)
ANTENNA_67/DIODE                        0.750000    1.668308   -0.918308 (VIOLATED)
fanout593/A                             0.750000    1.668308   -0.918308 (VIOLATED)
fanout592/A                             0.750000    1.668148   -0.918148 (VIOLATED)
ANTENNA_345/DIODE                       0.750000    1.668147   -0.918147 (VIOLATED)
ANTENNA_347/DIODE                       0.750000    1.668147   -0.918147 (VIOLATED)
ANTENNA_346/DIODE                       0.750000    1.668146   -0.918146 (VIOLATED)
fanout591/A                             0.750000    1.667994   -0.917994 (VIOLATED)
ANTENNA_66/DIODE                        0.750000    1.667993   -0.917993 (VIOLATED)
ANTENNA_65/DIODE                        0.750000    1.667985   -0.917985 (VIOLATED)
fanout590/A                             0.750000    1.667986   -0.917986 (VIOLATED)
_42475_/Y                               0.750000    1.667873   -0.917873 (VIOLATED)
fanout857/A                             0.750000    1.637120   -0.887120 (VIOLATED)
ANTENNA_337/DIODE                       0.750000    1.637118   -0.887118 (VIOLATED)
fanout858/A                             0.750000    1.636476   -0.886476 (VIOLATED)
ANTENNA_15/DIODE                        0.750000    1.636469   -0.886469 (VIOLATED)
fanout856/A                             0.750000    1.636094   -0.886094 (VIOLATED)
fanout855/A                             0.750000    1.635543   -0.885544 (VIOLATED)
_26441_/Y                               0.750000    1.635427   -0.885428 (VIOLATED)
fanout967/A                             0.750000    1.603029   -0.853029 (VIOLATED)
ANTENNA_357/DIODE                       0.750000    1.603028   -0.853028 (VIOLATED)
fanout965/A                             0.750000    1.602931   -0.852931 (VIOLATED)
ANTENNA_420/DIODE                       0.750000    1.602929   -0.852929 (VIOLATED)
ANTENNA_419/DIODE                       0.750000    1.602920   -0.852920 (VIOLATED)
fanout966/A                             0.750000    1.601941   -0.851941 (VIOLATED)
fanout964/A                             0.750000    1.601918   -0.851918 (VIOLATED)
_25944_/Y                               0.750000    1.601825   -0.851825 (VIOLATED)
fanout611/A                             0.750000    1.571851   -0.821851 (VIOLATED)
fanout613/A                             0.750000    1.571788   -0.821788 (VIOLATED)
ANTENNA_54/DIODE                        0.750000    1.570785   -0.820785 (VIOLATED)
fanout612/A                             0.750000    1.570785   -0.820785 (VIOLATED)
fanout610/A                             0.750000    1.570514   -0.820514 (VIOLATED)
_42275_/Y                               0.750000    1.570480   -0.820480 (VIOLATED)
fanout628/A                             0.750000    1.566078   -0.816078 (VIOLATED)
ANTENNA_27/DIODE                        0.750000    1.566012   -0.816012 (VIOLATED)
fanout629/A                             0.750000    1.566012   -0.816012 (VIOLATED)
ANTENNA_26/DIODE                        0.750000    1.566010   -0.816010 (VIOLATED)
ANTENNA_28/DIODE                        0.750000    1.566009   -0.816009 (VIOLATED)
fanout627/A                             0.750000    1.565968   -0.815968 (VIOLATED)
fanout626/A                             0.750000    1.565116   -0.815116 (VIOLATED)
_27769_/Y                               0.750000    1.565038   -0.815038 (VIOLATED)
fanout872/A                             0.750000    1.542563   -0.792563 (VIOLATED)
ANTENNA_335/DIODE                       0.750000    1.542561   -0.792561 (VIOLATED)
fanout874/A                             0.750000    1.541480   -0.791480 (VIOLATED)
fanout873/A                             0.750000    1.540573   -0.790573 (VIOLATED)
fanout871/A                             0.750000    1.540025   -0.790026 (VIOLATED)
_26398_/Y                               0.750000    1.539981   -0.789981 (VIOLATED)
fanout1861/A                            0.750000    1.507586   -0.757586 (VIOLATED)
ANTENNA_139/DIODE                       0.750000    1.507581   -0.757581 (VIOLATED)
_26145_/A0                              0.750000    1.506411   -0.756411 (VIOLATED)
_44878_/Q                               0.750000    1.506381   -0.756381 (VIOLATED)
wire257/A                               0.750000    1.454919   -0.704919 (VIOLATED)
_34941_/Y                               0.750000    1.454912   -0.704912 (VIOLATED)
fanout790/A                             0.750000    1.445181   -0.695181 (VIOLATED)
ANTENNA_73/DIODE                        0.750000    1.445180   -0.695180 (VIOLATED)
ANTENNA_71/DIODE                        0.750000    1.445175   -0.695175 (VIOLATED)
ANTENNA_72/DIODE                        0.750000    1.445167   -0.695167 (VIOLATED)
fanout791/A                             0.750000    1.445104   -0.695104 (VIOLATED)
ANTENNA_349/DIODE                       0.750000    1.445103   -0.695103 (VIOLATED)
fanout788/A                             0.750000    1.444452   -0.694452 (VIOLATED)
ANTENNA_348/DIODE                       0.750000    1.444449   -0.694449 (VIOLATED)
fanout789/A                             0.750000    1.444402   -0.694402 (VIOLATED)
_42479_/X                               0.750000    1.444274   -0.694274 (VIOLATED)
fanout1899/A                            0.750000    1.412679   -0.662679 (VIOLATED)
ANTENNA_136/DIODE                       0.750000    1.412678   -0.662678 (VIOLATED)
ANTENNA_135/DIODE                       0.750000    1.412676   -0.662676 (VIOLATED)
fanout1898/A                            0.750000    1.412676   -0.662676 (VIOLATED)
_26107_/A0                              0.750000    1.412603   -0.662603 (VIOLATED)
_44859_/Q                               0.750000    1.412603   -0.662603 (VIOLATED)
_26568_/A2                              0.750000    1.402309   -0.652309 (VIOLATED)
_26520_/A2                              0.750000    1.402291   -0.652291 (VIOLATED)
fanout763/A                             0.750000    1.402270   -0.652270 (VIOLATED)
fanout764/A                             0.750000    1.402256   -0.652256 (VIOLATED)
ANTENNA_339/DIODE                       0.750000    1.402119   -0.652119 (VIOLATED)
fanout765/A                             0.750000    1.402119   -0.652119 (VIOLATED)
_26508_/Y                               0.750000    1.402092   -0.652092 (VIOLATED)
fanout854/A                             0.750000    1.370962   -0.620962 (VIOLATED)
ANTENNA_17/DIODE                        0.750000    1.370959   -0.620959 (VIOLATED)
fanout853/A                             0.750000    1.370805   -0.620805 (VIOLATED)
ANTENNA_415/DIODE                       0.750000    1.370803   -0.620804 (VIOLATED)
fanout851/A                             0.750000    1.370322   -0.620322 (VIOLATED)
fanout852/A                             0.750000    1.370268   -0.620268 (VIOLATED)
_26453_/Y                               0.750000    1.370210   -0.620210 (VIOLATED)
fanout569/A                             0.750000    1.368771   -0.618771 (VIOLATED)
ANTENNA_80/DIODE                        0.750000    1.368766   -0.618766 (VIOLATED)
fanout567/A                             0.750000    1.368621   -0.618622 (VIOLATED)
fanout566/A                             0.750000    1.368540   -0.618540 (VIOLATED)
fanout568/A                             0.750000    1.368485   -0.618485 (VIOLATED)
_42775_/Y                               0.750000    1.368383   -0.618383 (VIOLATED)
fanout1877/A                            0.750000    1.367759   -0.617759 (VIOLATED)
_26129_/A0                              0.750000    1.366856   -0.616856 (VIOLATED)
_44870_/Q                               0.750000    1.366851   -0.616851 (VIOLATED)
fanout870/A                             0.750000    1.363488   -0.613488 (VIOLATED)
ANTENNA_11/DIODE                        0.750000    1.363485   -0.613486 (VIOLATED)
ANTENNA_12/DIODE                        0.750000    1.363482   -0.613482 (VIOLATED)
fanout868/A                             0.750000    1.363392   -0.613392 (VIOLATED)
ANTENNA_8/DIODE                         0.750000    1.363384   -0.613384 (VIOLATED)
ANTENNA_9/DIODE                         0.750000    1.363384   -0.613384 (VIOLATED)
fanout869/A                             0.750000    1.362699   -0.612699 (VIOLATED)
ANTENNA_10/DIODE                        0.750000    1.362698   -0.612698 (VIOLATED)
fanout867/A                             0.750000    1.362664   -0.612665 (VIOLATED)
_26413_/Y                               0.750000    1.362635   -0.612635 (VIOLATED)
fanout1875/A                            0.750000    1.329254   -0.579254 (VIOLATED)
_26131_/A0                              0.750000    1.328404   -0.578404 (VIOLATED)
_44871_/Q                               0.750000    1.328399   -0.578399 (VIOLATED)
fanout621/A                             0.750000    1.317697   -0.567697 (VIOLATED)
ANTENNA_51/DIODE                        0.750000    1.317696   -0.567696 (VIOLATED)
fanout619/A                             0.750000    1.317667   -0.567667 (VIOLATED)
fanout620/A                             0.750000    1.317665   -0.567665 (VIOLATED)
ANTENNA_341/DIODE                       0.750000    1.317664   -0.567664 (VIOLATED)
fanout618/A                             0.750000    1.317642   -0.567642 (VIOLATED)
_42136_/Y                               0.750000    1.317566   -0.567566 (VIOLATED)
fanout877/A                             0.750000    1.309369   -0.559369 (VIOLATED)
ANTENNA_84/DIODE                        0.750000    1.309368   -0.559368 (VIOLATED)
fanout879/A                             0.750000    1.309095   -0.559095 (VIOLATED)
ANTENNA_85/DIODE                        0.750000    1.309094   -0.559094 (VIOLATED)
fanout878/A                             0.750000    1.309093   -0.559093 (VIOLATED)
fanout876/A                             0.750000    1.309056   -0.559056 (VIOLATED)
_25824_/Y                               0.750000    1.309026   -0.559026 (VIOLATED)
fanout604/A                             0.750000    1.297303   -0.547303 (VIOLATED)
ANTENNA_58/DIODE                        0.750000    1.297300   -0.547300 (VIOLATED)
ANTENNA_59/DIODE                        0.750000    1.297180   -0.547180 (VIOLATED)
fanout605/A                             0.750000    1.297180   -0.547180 (VIOLATED)
fanout603/A                             0.750000    1.297076   -0.547076 (VIOLATED)
fanout602/A                             0.750000    1.297029   -0.547030 (VIOLATED)
_42375_/Y                               0.750000    1.296847   -0.546847 (VIOLATED)
_37480_/B                               0.750000    1.250053   -0.500053 (VIOLATED)
_37199_/Y                               0.750000    1.250052   -0.500052 (VIOLATED)
_37479_/B                               0.750000    1.250052   -0.500052 (VIOLATED)
_37487_/A2                              0.750000    1.250052   -0.500052 (VIOLATED)
max_cap201/A                            0.750000    1.250052   -0.500052 (VIOLATED)
fanout1881/A                            0.750000    1.248544   -0.498544 (VIOLATED)
_26125_/A0                              0.750000    1.247988   -0.497988 (VIOLATED)
_44868_/Q                               0.750000    1.247988   -0.497988 (VIOLATED)
fanout860/A                             0.750000    1.231803   -0.481803 (VIOLATED)
fanout862/A                             0.750000    1.231802   -0.481802 (VIOLATED)
fanout861/A                             0.750000    1.231768   -0.481768 (VIOLATED)
fanout859/A                             0.750000    1.231750   -0.481750 (VIOLATED)
_26430_/Y                               0.750000    1.231692   -0.481692 (VIOLATED)
fanout814/A                             0.750000    1.191882   -0.441882 (VIOLATED)
fanout815/A                             0.750000    1.191863   -0.441863 (VIOLATED)
ANTENNA_24/DIODE                        0.750000    1.191860   -0.441860 (VIOLATED)
fanout813/A                             0.750000    1.191759   -0.441759 (VIOLATED)
ANTENNA_23/DIODE                        0.750000    1.191758   -0.441758 (VIOLATED)
ANTENNA_22/DIODE                        0.750000    1.191754   -0.441754 (VIOLATED)
fanout812/A                             0.750000    1.191629   -0.441629 (VIOLATED)
_27212_/Y                               0.750000    1.191602   -0.441603 (VIOLATED)
ANTENNA_137/DIODE                       0.750000    1.188503   -0.438503 (VIOLATED)
fanout1885/A                            0.750000    1.188504   -0.438504 (VIOLATED)
ANTENNA_138/DIODE                       0.750000    1.188503   -0.438503 (VIOLATED)
_26121_/A0                              0.750000    1.187923   -0.437923 (VIOLATED)
_44866_/Q                               0.750000    1.187923   -0.437923 (VIOLATED)
fanout952/A                             0.750000    1.162089   -0.412089 (VIOLATED)
fanout953/A                             0.750000    1.162055   -0.412055 (VIOLATED)
ANTENNA_336/DIODE                       0.750000    1.162051   -0.412051 (VIOLATED)
fanout951/A                             0.750000    1.161645   -0.411645 (VIOLATED)
ANTENNA_414/DIODE                       0.750000    1.161595   -0.411595 (VIOLATED)
fanout737/A                             0.750000    1.161579   -0.411579 (VIOLATED)
fanout950/A                             0.750000    1.161439   -0.411439 (VIOLATED)
ANTENNA_413/DIODE                       0.750000    1.161438   -0.411438 (VIOLATED)
fanout736/A                             0.750000    1.161331   -0.411331 (VIOLATED)
_26435_/Y                               0.750000    1.161323   -0.411323 (VIOLATED)
max_cap740/A                            0.750000    1.161321   -0.411321 (VIOLATED)
_27771_/Y                               0.750000    1.161311   -0.411311 (VIOLATED)
fanout1851/A                            0.750000    1.156126   -0.406126 (VIOLATED)
_26155_/A0                              0.750000    1.155553   -0.405553 (VIOLATED)
_44883_/Q                               0.750000    1.155553   -0.405553 (VIOLATED)
wire223/A                               0.750000    1.152818   -0.402818 (VIOLATED)
_36555_/Y                               0.750000    1.152455   -0.402456 (VIOLATED)
_26869_/C1                              0.750000    1.148791   -0.398791 (VIOLATED)
_26866_/C1                              0.750000    1.148780   -0.398780 (VIOLATED)
fanout752/A                             0.750000    1.148686   -0.398686 (VIOLATED)
fanout753/A                             0.750000    1.148502   -0.398502 (VIOLATED)
fanout754/A                             0.750000    1.147684   -0.397684 (VIOLATED)
_26825_/Y                               0.750000    1.147665   -0.397665 (VIOLATED)
wire475/A                               0.750000    1.144232   -0.394232 (VIOLATED)
_39934_/B                               0.750000    1.144229   -0.394229 (VIOLATED)
_39956_/B                               0.750000    1.144227   -0.394227 (VIOLATED)
_39933_/Y                               0.750000    1.144225   -0.394225 (VIOLATED)
fanout584/A                             0.750000    1.107029   -0.357029 (VIOLATED)
_42661_/C1                              0.750000    1.106580   -0.356580 (VIOLATED)
_42664_/C1                              0.750000    1.106571   -0.356571 (VIOLATED)
_42655_/C1                              0.750000    1.106566   -0.356566 (VIOLATED)
fanout582/A                             0.750000    1.106384   -0.356384 (VIOLATED)
fanout585/X                             0.750000    1.106322   -0.356322 (VIOLATED)
_39459_/B                               0.750000    1.088149   -0.338149 (VIOLATED)
_36408_/A                               0.750000    1.088148   -0.338148 (VIOLATED)
_37613_/B                               0.750000    1.088101   -0.338101 (VIOLATED)
_31438_/D_N                             0.750000    1.088090   -0.338090 (VIOLATED)
_31436_/Y                               0.750000    1.088057   -0.338057 (VIOLATED)
_30194_/A                               0.750000    1.067415   -0.317415 (VIOLATED)
_30193_/A                               0.750000    1.067415   -0.317415 (VIOLATED)
max_cap356/A                            0.750000    1.067414   -0.317414 (VIOLATED)
_30155_/Y                               0.750000    1.067413   -0.317413 (VIOLATED)
_30196_/A1                              0.750000    1.067413   -0.317413 (VIOLATED)
fanout1081/A                            0.750000    1.049044   -0.299044 (VIOLATED)
fanout1085/A                            0.750000    1.048925   -0.298925 (VIOLATED)
fanout1076/A                            0.750000    1.047240   -0.297240 (VIOLATED)
_26368_/X                               0.750000    1.047224   -0.297224 (VIOLATED)
fanout1855/A                            0.750000    1.023915   -0.273915 (VIOLATED)
_26151_/A0                              0.750000    1.023870   -0.273870 (VIOLATED)
_44881_/Q                               0.750000    1.023870   -0.273870 (VIOLATED)
fanout748/A                             0.750000    1.019372   -0.269373 (VIOLATED)
_26927_/Y                               0.750000    1.019361   -0.269362 (VIOLATED)
_39460_/A0                              0.750000    1.003711   -0.253711 (VIOLATED)
_39459_/Y                               0.750000    1.003702   -0.253702 (VIOLATED)
fanout1812/A                            0.750000    0.998992   -0.248992 (VIOLATED)
fanout1813/A                            0.750000    0.998975   -0.248975 (VIOLATED)
_26193_/A0                              0.750000    0.998154   -0.248154 (VIOLATED)
_44902_/Q                               0.750000    0.998154   -0.248154 (VIOLATED)
fanout1035/A                            0.750000    0.979894   -0.229894 (VIOLATED)
ANTENNA_222/DIODE                       0.750000    0.979891   -0.229891 (VIOLATED)
ANTENNA_221/DIODE                       0.750000    0.979888   -0.229888 (VIOLATED)
fanout1036/A                            0.750000    0.979870   -0.229870 (VIOLATED)
ANTENNA_223/DIODE                       0.750000    0.979867   -0.229867 (VIOLATED)
fanout1034/A                            0.750000    0.979726   -0.229726 (VIOLATED)
ANTENNA_219/DIODE                       0.750000    0.979724   -0.229724 (VIOLATED)
ANTENNA_220/DIODE                       0.750000    0.979709   -0.229709 (VIOLATED)
fanout1033/A                            0.750000    0.979642   -0.229642 (VIOLATED)
ANTENNA_218/DIODE                       0.750000    0.979639   -0.229639 (VIOLATED)
ANTENNA_217/DIODE                       0.750000    0.979636   -0.229636 (VIOLATED)
fanout1032/A                            0.750000    0.978506   -0.228506 (VIOLATED)
fanout1037/X                            0.750000    0.978439   -0.228439 (VIOLATED)
_34119_/Y                               0.750000    0.973273   -0.223273 (VIOLATED)
_34220_/C1                              0.750000    0.973273   -0.223273 (VIOLATED)
_34226_/B1                              0.750000    0.973273   -0.223273 (VIOLATED)
_34290_/A2                              0.750000    0.973273   -0.223273 (VIOLATED)
wire273/A                               0.750000    0.973273   -0.223273 (VIOLATED)
_31581_/A                               0.750000    0.947218   -0.197218 (VIOLATED)
_31583_/A1                              0.750000    0.947218   -0.197218 (VIOLATED)
_31584_/B                               0.750000    0.947215   -0.197215 (VIOLATED)
_31578_/Y                               0.750000    0.947159   -0.197160 (VIOLATED)
_38335_/Y                               0.750000    0.935603   -0.185603 (VIOLATED)
_38336_/A2                              0.750000    0.935603   -0.185603 (VIOLATED)
max_cap165/A                            0.750000    0.935603   -0.185603 (VIOLATED)
_37397_/A3                              0.750000    0.932784   -0.182784 (VIOLATED)
_37368_/D                               0.750000    0.932784   -0.182784 (VIOLATED)
_37406_/A3                              0.750000    0.932781   -0.182781 (VIOLATED)
_37390_/A3                              0.750000    0.932773   -0.182773 (VIOLATED)
_37355_/A3                              0.750000    0.932771   -0.182771 (VIOLATED)
_37331_/D                               0.750000    0.932762   -0.182762 (VIOLATED)
_37233_/C                               0.750000    0.932760   -0.182760 (VIOLATED)
_37231_/Y                               0.750000    0.932722   -0.182722 (VIOLATED)
fanout1859/A                            0.750000    0.931399   -0.181399 (VIOLATED)
ANTENNA_140/DIODE                       0.750000    0.931394   -0.181394 (VIOLATED)
fanout1858/A                            0.750000    0.931377   -0.181377 (VIOLATED)
_26147_/A0                              0.750000    0.930544   -0.180544 (VIOLATED)
_44879_/Q                               0.750000    0.930542   -0.180542 (VIOLATED)
clkbuf_0_clk/A                          0.750000    0.922675   -0.172675 (VIOLATED)
ANTENNA_362/DIODE                       0.750000    0.922654   -0.172654 (VIOLATED)
clk                                     0.750000    0.919885   -0.169885 (VIOLATED)
fanout1844/A                            0.750000    0.919152   -0.169152 (VIOLATED)
fanout1845/A                            0.750000    0.919148   -0.169148 (VIOLATED)
_26161_/A0                              0.750000    0.918383   -0.168383 (VIOLATED)
_44886_/Q                               0.750000    0.918383   -0.168383 (VIOLATED)
_37693_/Y                               0.750000    0.916896   -0.166896 (VIOLATED)
_37715_/D                               0.750000    0.916896   -0.166896 (VIOLATED)
_37720_/A3                              0.750000    0.916896   -0.166896 (VIOLATED)
_37731_/B1_N                            0.750000    0.916896   -0.166896 (VIOLATED)
max_cap185/A                            0.750000    0.916896   -0.166896 (VIOLATED)
_42661_/A2                              0.750000    0.905160   -0.155160 (VIOLATED)
_42664_/A2                              0.750000    0.905147   -0.155147 (VIOLATED)
_42655_/A2                              0.750000    0.905141   -0.155141 (VIOLATED)
fanout666/A                             0.750000    0.905030   -0.155030 (VIOLATED)
fanout664/A                             0.750000    0.904821   -0.154821 (VIOLATED)
fanout667/X                             0.750000    0.904785   -0.154785 (VIOLATED)
_26119_/A1                              0.750000    0.898280   -0.148280 (VIOLATED)
_45650_/Q                               0.750000    0.897570   -0.147570 (VIOLATED)
_40938_/B                               0.750000    0.889251   -0.139251 (VIOLATED)
_41622_/B1                              0.750000    0.889249   -0.139249 (VIOLATED)
_41639_/A3                              0.750000    0.889249   -0.139249 (VIOLATED)
_40937_/B                               0.750000    0.889248   -0.139248 (VIOLATED)
_40936_/Y                               0.750000    0.889213   -0.139213 (VIOLATED)
fanout1491/A                            0.750000    0.882114   -0.132114 (VIOLATED)
ANTENNA_100/DIODE                       0.750000    0.882112   -0.132112 (VIOLATED)
fanout1045/A                            0.750000    0.881973   -0.131973 (VIOLATED)
fanout1043/A                            0.750000    0.881929   -0.131929 (VIOLATED)
fanout1485/A                            0.750000    0.881900   -0.131900 (VIOLATED)
_45799_/Q                               0.750000    0.881891   -0.131891 (VIOLATED)
fanout1042/A                            0.750000    0.881862   -0.131862 (VIOLATED)
fanout1044/A                            0.750000    0.881760   -0.131760 (VIOLATED)
fanout1041/A                            0.750000    0.880584   -0.130584 (VIOLATED)
fanout1046/X                            0.750000    0.880561   -0.130561 (VIOLATED)
_27370_/A1                              0.750000    0.876994   -0.126994 (VIOLATED)
_27439_/B2                              0.750000    0.876994   -0.126994 (VIOLATED)
_27487_/B1                              0.750000    0.876992   -0.126992 (VIOLATED)
_27369_/Y                               0.750000    0.876989   -0.126989 (VIOLATED)
_26117_/A1                              0.750000    0.872377   -0.122377 (VIOLATED)
_45649_/Q                               0.750000    0.872342   -0.122342 (VIOLATED)
fanout1853/A                            0.750000    0.869142   -0.119142 (VIOLATED)
_26153_/A0                              0.750000    0.869115   -0.119115 (VIOLATED)
_44882_/Q                               0.750000    0.869115   -0.119115 (VIOLATED)
_39826_/Y                               0.750000    0.867183   -0.117183 (VIOLATED)
_39828_/C                               0.750000    0.867183   -0.117183 (VIOLATED)
_39879_/B                               0.750000    0.867183   -0.117183 (VIOLATED)
_37182_/Y                               0.750000    0.861028   -0.111028 (VIOLATED)
_37191_/A                               0.750000    0.861028   -0.111028 (VIOLATED)
_37457_/A                               0.750000    0.861028   -0.111028 (VIOLATED)
max_cap204/A                            0.750000    0.861028   -0.111028 (VIOLATED)
_38577_/C                               0.750000    0.858583   -0.108583 (VIOLATED)
_38576_/Y                               0.750000    0.858582   -0.108582 (VIOLATED)
_35920_/B1                              0.750000    0.851881   -0.101881 (VIOLATED)
_35683_/A                               0.750000    0.851881   -0.101881 (VIOLATED)
_35911_/A                               0.750000    0.851881   -0.101881 (VIOLATED)
_35669_/Y                               0.750000    0.851876   -0.101876 (VIOLATED)
_38511_/Y                               0.750000    0.850184   -0.100184 (VIOLATED)
wire163/A                               0.750000    0.850184   -0.100184 (VIOLATED)
wire228/A                               0.750000    0.845443   -0.095443 (VIOLATED)
_36339_/Y                               0.750000    0.845442   -0.095442 (VIOLATED)
_36410_/A                               0.750000    0.845442   -0.095442 (VIOLATED)
_36479_/A1                              0.750000    0.845442   -0.095442 (VIOLATED)
_36480_/A1                              0.750000    0.845442   -0.095442 (VIOLATED)
fanout1054/A                            0.750000    0.829974   -0.079974 (VIOLATED)
fanout1052/A                            0.750000    0.829951   -0.079951 (VIOLATED)
fanout1053/A                            0.750000    0.829902   -0.079902 (VIOLATED)
fanout1051/A                            0.750000    0.829633   -0.079633 (VIOLATED)
ANTENNA_224/DIODE                       0.750000    0.829596   -0.079596 (VIOLATED)
fanout1050/A                            0.750000    0.829003   -0.079003 (VIOLATED)
fanout1055/X                            0.750000    0.828824   -0.078824 (VIOLATED)
fanout824/A                             0.750000    0.825801   -0.075801 (VIOLATED)
_26866_/B1                              0.750000    0.825743   -0.075743 (VIOLATED)
_26869_/B1                              0.750000    0.825718   -0.075718 (VIOLATED)
fanout826/A                             0.750000    0.825643   -0.075643 (VIOLATED)
fanout825/A                             0.750000    0.825315   -0.075315 (VIOLATED)
_26828_/X                               0.750000    0.823536   -0.073536 (VIOLATED)
_37160_/Y                               0.750000    0.823106   -0.073106 (VIOLATED)
_37161_/C                               0.750000    0.823106   -0.073106 (VIOLATED)
_37162_/D                               0.750000    0.823106   -0.073106 (VIOLATED)
max_cap206/A                            0.750000    0.823106   -0.073106 (VIOLATED)
fanout1827/A                            0.750000    0.821867   -0.071867 (VIOLATED)
_26179_/A0                              0.750000    0.821862   -0.071862 (VIOLATED)
_44895_/Q                               0.750000    0.821862   -0.071862 (VIOLATED)
fanout1829/A                            0.750000    0.818121   -0.068121 (VIOLATED)
_26177_/A0                              0.750000    0.818108   -0.068108 (VIOLATED)
_44894_/Q                               0.750000    0.818108   -0.068108 (VIOLATED)
fanout1847/A                            0.750000    0.807780   -0.057780 (VIOLATED)
_26159_/A0                              0.750000    0.807770   -0.057770 (VIOLATED)
_44885_/Q                               0.750000    0.807770   -0.057770 (VIOLATED)
_31984_/A2                              0.750000    0.805256   -0.055256 (VIOLATED)
_32203_/B                               0.750000    0.805255   -0.055255 (VIOLATED)
_31987_/B                               0.750000    0.805250   -0.055250 (VIOLATED)
_31981_/Y                               0.750000    0.805200   -0.055200 (VIOLATED)
_40318_/S                               0.750000    0.803416   -0.053416 (VIOLATED)
_22059_/B                               0.750000    0.803415   -0.053415 (VIOLATED)
_22060_/B                               0.750000    0.803415   -0.053415 (VIOLATED)
_22058_/Y                               0.750000    0.803411   -0.053411 (VIOLATED)
_37037_/A2                              0.750000    0.802955   -0.052955 (VIOLATED)
_37030_/A2                              0.750000    0.802953   -0.052953 (VIOLATED)
_37099_/A2                              0.750000    0.802945   -0.052945 (VIOLATED)
fanout215/A                             0.750000    0.802939   -0.052939 (VIOLATED)
_36936_/Y                               0.750000    0.802933   -0.052933 (VIOLATED)
_26827_/Y                               0.750000    0.800947   -0.050947 (VIOLATED)
wire831/A                               0.750000    0.800947   -0.050947 (VIOLATED)
_35761_/Y                               0.750000    0.791948   -0.041948 (VIOLATED)
_35762_/A2                              0.750000    0.791948   -0.041948 (VIOLATED)
_35763_/A2                              0.750000    0.791948   -0.041948 (VIOLATED)
_35775_/B                               0.750000    0.791948   -0.041948 (VIOLATED)
max_cap244/A                            0.750000    0.791948   -0.041948 (VIOLATED)
fanout1461/A                            0.750000    0.785814   -0.035814 (VIOLATED)
_21880_/A                               0.750000    0.785528   -0.035528 (VIOLATED)
fanout1459/A                            0.750000    0.785302   -0.035302 (VIOLATED)
ANTENNA_103/DIODE                       0.750000    0.785283   -0.035283 (VIOLATED)
fanout1457/A                            0.750000    0.783812   -0.033812 (VIOLATED)
_45802_/Q                               0.750000    0.783686   -0.033686 (VIOLATED)
_27448_/A1                              0.750000    0.783572   -0.033572 (VIOLATED)
_27393_/A1                              0.750000    0.783572   -0.033572 (VIOLATED)
_27490_/B1                              0.750000    0.783569   -0.033569 (VIOLATED)
_27392_/Y                               0.750000    0.783567   -0.033567 (VIOLATED)
_36024_/A1                              0.750000    0.783090   -0.033090 (VIOLATED)
_36029_/A1                              0.750000    0.783081   -0.033081 (VIOLATED)
_36056_/B1                              0.750000    0.783067   -0.033067 (VIOLATED)
_36109_/B1                              0.750000    0.783036   -0.033036 (VIOLATED)
_36104_/A2_N                            0.750000    0.783033   -0.033033 (VIOLATED)
_36127_/B1                              0.750000    0.783032   -0.033032 (VIOLATED)
_36159_/A1                              0.750000    0.783032   -0.033032 (VIOLATED)
_35959_/Y                               0.750000    0.783025   -0.033025 (VIOLATED)
_35207_/A                               0.750000    0.781492   -0.031492 (VIOLATED)
_35459_/C                               0.750000    0.781492   -0.031492 (VIOLATED)
_35206_/Y                               0.750000    0.781483   -0.031483 (VIOLATED)
_32926_/D1                              0.750000    0.780496   -0.030496 (VIOLATED)
_32177_/A                               0.750000    0.780413   -0.030413 (VIOLATED)
_30992_/A                               0.750000    0.780267   -0.030267 (VIOLATED)
_30777_/A                               0.750000    0.780174   -0.030174 (VIOLATED)
_30425_/D1                              0.750000    0.780103   -0.030103 (VIOLATED)
_39637_/B                               0.750000    0.780068   -0.030068 (VIOLATED)
ANTENNA_30/DIODE                        0.750000    0.780066   -0.030066 (VIOLATED)
_38470_/D1                              0.750000    0.779674   -0.029674 (VIOLATED)
_27948_/X                               0.750000    0.779674   -0.029674 (VIOLATED)
_38475_/A3                              0.750000    0.779672   -0.029672 (VIOLATED)
_38482_/A3                              0.750000    0.779671   -0.029671 (VIOLATED)
_38492_/A3                              0.750000    0.779664   -0.029664 (VIOLATED)
_38430_/D                               0.750000    0.779637   -0.029637 (VIOLATED)
_38464_/A3                              0.750000    0.779636   -0.029636 (VIOLATED)
_38455_/A3                              0.750000    0.779625   -0.029625 (VIOLATED)
_38548_/A3                              0.750000    0.779607   -0.029607 (VIOLATED)
_38326_/C                               0.750000    0.779606   -0.029606 (VIOLATED)
_38565_/C                               0.750000    0.779605   -0.029605 (VIOLATED)
_38324_/Y                               0.750000    0.779593   -0.029593 (VIOLATED)
_39184_/A1                              0.750000    0.769061   -0.019061 (VIOLATED)
_39248_/A1                              0.750000    0.769059   -0.019059 (VIOLATED)
_39218_/A2                              0.750000    0.769040   -0.019040 (VIOLATED)
_39299_/A1                              0.750000    0.769015   -0.019015 (VIOLATED)
_39298_/A1                              0.750000    0.769008   -0.019008 (VIOLATED)
_39264_/A                               0.750000    0.768986   -0.018986 (VIOLATED)
_39160_/Y                               0.750000    0.768985   -0.018985 (VIOLATED)
_35409_/C                               0.750000    0.764448   -0.014448 (VIOLATED)
_35418_/B1                              0.750000    0.764448   -0.014448 (VIOLATED)
_35419_/A2                              0.750000    0.764445   -0.014445 (VIOLATED)
_35307_/A2                              0.750000    0.764444   -0.014444 (VIOLATED)
_35504_/B                               0.750000    0.764444   -0.014444 (VIOLATED)
_35358_/A1                              0.750000    0.764439   -0.014439 (VIOLATED)
_35357_/B                               0.750000    0.764438   -0.014438 (VIOLATED)
_35349_/A                               0.750000    0.764436   -0.014436 (VIOLATED)
_35212_/Y                               0.750000    0.764241   -0.014241 (VIOLATED)
_24466_/Y                               0.750000    0.763709   -0.013709 (VIOLATED)
_24467_/B                               0.750000    0.763709   -0.013709 (VIOLATED)
_24579_/B                               0.750000    0.763709   -0.013709 (VIOLATED)
_39703_/A1                              0.750000    0.761947   -0.011947 (VIOLATED)
fanout383/A                             0.750000    0.761913   -0.011913 (VIOLATED)
_28815_/Y                               0.750000    0.761908   -0.011908 (VIOLATED)
fanout1849/A                            0.750000    0.759132   -0.009132 (VIOLATED)
_26157_/A0                              0.750000    0.759075   -0.009075 (VIOLATED)
_44884_/Q                               0.750000    0.759075   -0.009075 (VIOLATED)
fanout1825/A                            0.750000    0.757487   -0.007487 (VIOLATED)
_26181_/A0                              0.750000    0.757471   -0.007471 (VIOLATED)
_44896_/Q                               0.750000    0.757471   -0.007471 (VIOLATED)
wire252/A                               0.750000    0.757220   -0.007220 (VIOLATED)
_35306_/A1                              0.750000    0.757220   -0.007220 (VIOLATED)
_35165_/Y                               0.750000    0.757220   -0.007220 (VIOLATED)
_35212_/A                               0.750000    0.757220   -0.007220 (VIOLATED)
_39701_/A1                              0.750000    0.755827   -0.005827 (VIOLATED)
fanout378/A                             0.750000    0.755816   -0.005816 (VIOLATED)
_29057_/Y                               0.750000    0.755813   -0.005813 (VIOLATED)
fanout1107/A                            0.750000    0.755044   -0.005044 (VIOLATED)
fanout1109/A                            0.750000    0.754889   -0.004889 (VIOLATED)
fanout1111/A                            0.750000    0.754867   -0.004867 (VIOLATED)
fanout1110/A                            0.750000    0.754847   -0.004847 (VIOLATED)
fanout1102/A                            0.750000    0.754407   -0.004407 (VIOLATED)
fanout1112/X                            0.750000    0.754378   -0.004378 (VIOLATED)
_37317_/Y                               0.750000    0.753499   -0.003499 (VIOLATED)
_37319_/B1                              0.750000    0.753499   -0.003499 (VIOLATED)
fanout1921/A                            0.750000    0.750836   -0.000836 (VIOLATED)
ANTENNA_134/DIODE                       0.750000    0.750833   -0.000833 (VIOLATED)
_26085_/A                               0.750000    0.750703   -0.000703 (VIOLATED)
_44848_/Q                               0.750000    0.750703   -0.000703 (VIOLATED)

max fanout

Pin                                   Limit Fanout  Slack
---------------------------------------------------------
clkbuf_leaf_217_clk/X                    10     23    -13 (VIOLATED)
clkbuf_leaf_227_clk/X                    10     23    -13 (VIOLATED)
clkbuf_leaf_223_clk/X                    10     22    -12 (VIOLATED)
clkbuf_leaf_234_clk/X                    10     22    -12 (VIOLATED)
clkbuf_leaf_180_clk/X                    10     21    -11 (VIOLATED)
clkbuf_leaf_181_clk/X                    10     21    -11 (VIOLATED)
clkbuf_leaf_188_clk/X                    10     21    -11 (VIOLATED)
clkbuf_leaf_200_clk/X                    10     21    -11 (VIOLATED)
clkbuf_leaf_177_clk/X                    10     20    -10 (VIOLATED)
clkbuf_leaf_184_clk/X                    10     20    -10 (VIOLATED)
clkbuf_leaf_201_clk/X                    10     20    -10 (VIOLATED)
clkbuf_leaf_230_clk/X                    10     20    -10 (VIOLATED)
clkbuf_leaf_173_clk/X                    10     18     -8 (VIOLATED)
clkbuf_leaf_179_clk/X                    10     18     -8 (VIOLATED)
clkbuf_leaf_183_clk/X                    10     18     -8 (VIOLATED)
clkbuf_leaf_186_clk/X                    10     18     -8 (VIOLATED)
clkbuf_leaf_189_clk/X                    10     18     -8 (VIOLATED)
clkbuf_leaf_203_clk/X                    10     18     -8 (VIOLATED)
clkbuf_leaf_218_clk/X                    10     18     -8 (VIOLATED)
clkbuf_leaf_233_clk/X                    10     18     -8 (VIOLATED)
clkbuf_leaf_205_clk/X                    10     17     -7 (VIOLATED)
clkbuf_leaf_21_clk/X                     10     17     -7 (VIOLATED)
clkbuf_leaf_88_clk/X                     10     17     -7 (VIOLATED)
clkbuf_5_0__f_clk/X                      10     16     -6 (VIOLATED)
clkbuf_leaf_206_clk/X                    10     16     -6 (VIOLATED)
clkbuf_leaf_229_clk/X                    10     16     -6 (VIOLATED)
clkbuf_leaf_241_clk/X                    10     16     -6 (VIOLATED)
clkbuf_leaf_244_clk/X                    10     16     -6 (VIOLATED)
clkbuf_leaf_14_clk/X                     10     15     -5 (VIOLATED)
clkbuf_leaf_187_clk/X                    10     15     -5 (VIOLATED)
clkbuf_leaf_18_clk/X                     10     15     -5 (VIOLATED)
clkbuf_leaf_192_clk/X                    10     15     -5 (VIOLATED)
clkbuf_leaf_232_clk/X                    10     15     -5 (VIOLATED)
clkbuf_leaf_23_clk/X                     10     15     -5 (VIOLATED)
clkbuf_leaf_245_clk/X                    10     15     -5 (VIOLATED)
clkbuf_leaf_24_clk/X                     10     15     -5 (VIOLATED)
clkbuf_leaf_4_clk/X                      10     15     -5 (VIOLATED)
clkbuf_leaf_93_clk/X                     10     15     -5 (VIOLATED)
clkbuf_leaf_99_clk/X                     10     15     -5 (VIOLATED)
fanout769/X                              10     15     -5 (VIOLATED)
clkbuf_leaf_110_clk/X                    10     14     -4 (VIOLATED)
clkbuf_leaf_172_clk/X                    10     14     -4 (VIOLATED)
clkbuf_leaf_17_clk/X                     10     14     -4 (VIOLATED)
clkbuf_leaf_191_clk/X                    10     14     -4 (VIOLATED)
clkbuf_leaf_197_clk/X                    10     14     -4 (VIOLATED)
clkbuf_leaf_202_clk/X                    10     14     -4 (VIOLATED)
clkbuf_leaf_207_clk/X                    10     14     -4 (VIOLATED)
clkbuf_leaf_216_clk/X                    10     14     -4 (VIOLATED)
clkbuf_leaf_228_clk/X                    10     14     -4 (VIOLATED)
clkbuf_leaf_231_clk/X                    10     14     -4 (VIOLATED)
clkbuf_leaf_246_clk/X                    10     14     -4 (VIOLATED)
clkbuf_leaf_254_clk/X                    10     14     -4 (VIOLATED)
clkbuf_leaf_94_clk/X                     10     14     -4 (VIOLATED)
clkbuf_5_10__f_clk/X                     10     13     -3 (VIOLATED)
clkbuf_5_11__f_clk/X                     10     13     -3 (VIOLATED)
clkbuf_5_8__f_clk/X                      10     13     -3 (VIOLATED)
clkbuf_leaf_176_clk/X                    10     13     -3 (VIOLATED)
clkbuf_leaf_185_clk/X                    10     13     -3 (VIOLATED)
clkbuf_leaf_199_clk/X                    10     13     -3 (VIOLATED)
clkbuf_leaf_1_clk/X                      10     13     -3 (VIOLATED)
clkbuf_leaf_219_clk/X                    10     13     -3 (VIOLATED)
clkbuf_leaf_224_clk/X                    10     13     -3 (VIOLATED)
clkbuf_leaf_237_clk/X                    10     13     -3 (VIOLATED)
clkbuf_leaf_243_clk/X                    10     13     -3 (VIOLATED)
clkbuf_leaf_27_clk/X                     10     13     -3 (VIOLATED)
clkbuf_leaf_42_clk/X                     10     13     -3 (VIOLATED)
clkbuf_leaf_44_clk/X                     10     13     -3 (VIOLATED)
clkbuf_leaf_57_clk/X                     10     13     -3 (VIOLATED)
clkbuf_leaf_74_clk/X                     10     13     -3 (VIOLATED)
clkbuf_leaf_75_clk/X                     10     13     -3 (VIOLATED)
clkbuf_leaf_77_clk/X                     10     13     -3 (VIOLATED)
clkbuf_leaf_90_clk/X                     10     13     -3 (VIOLATED)
clkbuf_leaf_96_clk/X                     10     13     -3 (VIOLATED)
fanout1465/X                             10     13     -3 (VIOLATED)
fanout1753/X                             10     13     -3 (VIOLATED)
fanout626/X                              10     13     -3 (VIOLATED)
fanout695/X                              10     13     -3 (VIOLATED)
clkbuf_leaf_105_clk/X                    10     12     -2 (VIOLATED)
clkbuf_leaf_10_clk/X                     10     12     -2 (VIOLATED)
clkbuf_leaf_111_clk/X                    10     12     -2 (VIOLATED)
clkbuf_leaf_122_clk/X                    10     12     -2 (VIOLATED)
clkbuf_leaf_127_clk/X                    10     12     -2 (VIOLATED)
clkbuf_leaf_12_clk/X                     10     12     -2 (VIOLATED)
clkbuf_leaf_130_clk/X                    10     12     -2 (VIOLATED)
clkbuf_leaf_158_clk/X                    10     12     -2 (VIOLATED)
clkbuf_leaf_160_clk/X                    10     12     -2 (VIOLATED)
clkbuf_leaf_16_clk/X                     10     12     -2 (VIOLATED)
clkbuf_leaf_170_clk/X                    10     12     -2 (VIOLATED)
clkbuf_leaf_175_clk/X                    10     12     -2 (VIOLATED)
clkbuf_leaf_196_clk/X                    10     12     -2 (VIOLATED)
clkbuf_leaf_19_clk/X                     10     12     -2 (VIOLATED)
clkbuf_leaf_22_clk/X                     10     12     -2 (VIOLATED)
clkbuf_leaf_242_clk/X                    10     12     -2 (VIOLATED)
clkbuf_leaf_260_clk/X                    10     12     -2 (VIOLATED)
clkbuf_leaf_45_clk/X                     10     12     -2 (VIOLATED)
clkbuf_leaf_49_clk/X                     10     12     -2 (VIOLATED)
clkbuf_leaf_53_clk/X                     10     12     -2 (VIOLATED)
clkbuf_leaf_6_clk/X                      10     12     -2 (VIOLATED)
clkbuf_leaf_85_clk/X                     10     12     -2 (VIOLATED)
clkbuf_leaf_91_clk/X                     10     12     -2 (VIOLATED)
clkbuf_leaf_92_clk/X                     10     12     -2 (VIOLATED)
clkbuf_leaf_97_clk/X                     10     12     -2 (VIOLATED)
fanout1037/X                             10     12     -2 (VIOLATED)
fanout1209/X                             10     12     -2 (VIOLATED)
fanout1475/X                             10     12     -2 (VIOLATED)
fanout1669/X                             10     12     -2 (VIOLATED)
fanout1676/X                             10     12     -2 (VIOLATED)
fanout1692/X                             10     12     -2 (VIOLATED)
fanout1693/X                             10     12     -2 (VIOLATED)
fanout1696/X                             10     12     -2 (VIOLATED)
fanout1700/X                             10     12     -2 (VIOLATED)
fanout1710/X                             10     12     -2 (VIOLATED)
fanout1725/X                             10     12     -2 (VIOLATED)
fanout1741/X                             10     12     -2 (VIOLATED)
fanout1756/X                             10     12     -2 (VIOLATED)
fanout1762/X                             10     12     -2 (VIOLATED)
clkbuf_5_12__f_clk/X                     10     11        (VIOLATED)
clkbuf_5_6__f_clk/X                      10     11        (VIOLATED)
clkbuf_5_7__f_clk/X                      10     11        (VIOLATED)
clkbuf_5_9__f_clk/X                      10     11        (VIOLATED)
clkbuf_leaf_103_clk/X                    10     11        (VIOLATED)
clkbuf_leaf_106_clk/X                    10     11        (VIOLATED)
clkbuf_leaf_112_clk/X                    10     11        (VIOLATED)
clkbuf_leaf_116_clk/X                    10     11        (VIOLATED)
clkbuf_leaf_123_clk/X                    10     11        (VIOLATED)
clkbuf_leaf_131_clk/X                    10     11        (VIOLATED)
clkbuf_leaf_142_clk/X                    10     11        (VIOLATED)
clkbuf_leaf_146_clk/X                    10     11        (VIOLATED)
clkbuf_leaf_149_clk/X                    10     11        (VIOLATED)
clkbuf_leaf_155_clk/X                    10     11        (VIOLATED)
clkbuf_leaf_178_clk/X                    10     11        (VIOLATED)
clkbuf_leaf_195_clk/X                    10     11        (VIOLATED)
clkbuf_leaf_20_clk/X                     10     11        (VIOLATED)
clkbuf_leaf_220_clk/X                    10     11        (VIOLATED)
clkbuf_leaf_256_clk/X                    10     11        (VIOLATED)
clkbuf_leaf_257_clk/X                    10     11        (VIOLATED)
clkbuf_leaf_25_clk/X                     10     11        (VIOLATED)
clkbuf_leaf_28_clk/X                     10     11        (VIOLATED)
clkbuf_leaf_30_clk/X                     10     11        (VIOLATED)
clkbuf_leaf_32_clk/X                     10     11        (VIOLATED)
clkbuf_leaf_33_clk/X                     10     11        (VIOLATED)
clkbuf_leaf_34_clk/X                     10     11        (VIOLATED)
clkbuf_leaf_36_clk/X                     10     11        (VIOLATED)
clkbuf_leaf_47_clk/X                     10     11        (VIOLATED)
clkbuf_leaf_63_clk/X                     10     11        (VIOLATED)
clkbuf_leaf_65_clk/X                     10     11        (VIOLATED)
clkbuf_leaf_66_clk/X                     10     11        (VIOLATED)
clkbuf_leaf_68_clk/X                     10     11        (VIOLATED)
clkbuf_leaf_78_clk/X                     10     11        (VIOLATED)
clkbuf_leaf_79_clk/X                     10     11        (VIOLATED)
clkbuf_leaf_82_clk/X                     10     11        (VIOLATED)
clkbuf_leaf_84_clk/X                     10     11        (VIOLATED)
clkbuf_leaf_98_clk/X                     10     11        (VIOLATED)
fanout1148/X                             10     11        (VIOLATED)
fanout1382/X                             10     11        (VIOLATED)
fanout1384/X                             10     11        (VIOLATED)
fanout1423/X                             10     11        (VIOLATED)
fanout1434/X                             10     11        (VIOLATED)
fanout1482/X                             10     11        (VIOLATED)
fanout1500/X                             10     11        (VIOLATED)
fanout1509/X                             10     11        (VIOLATED)
fanout1516/X                             10     11        (VIOLATED)
fanout1644/X                             10     11        (VIOLATED)
fanout1649/X                             10     11        (VIOLATED)
fanout1660/X                             10     11        (VIOLATED)
fanout1665/X                             10     11        (VIOLATED)
fanout1666/X                             10     11        (VIOLATED)
fanout1672/X                             10     11        (VIOLATED)
fanout1679/X                             10     11        (VIOLATED)
fanout1682/X                             10     11        (VIOLATED)
fanout1686/X                             10     11        (VIOLATED)
fanout1689/X                             10     11        (VIOLATED)
fanout1695/X                             10     11        (VIOLATED)
fanout1707/X                             10     11        (VIOLATED)
fanout1728/X                             10     11        (VIOLATED)
fanout1732/X                             10     11        (VIOLATED)
fanout1735/X                             10     11        (VIOLATED)
fanout1738/X                             10     11        (VIOLATED)
fanout1743/X                             10     11        (VIOLATED)
fanout1744/X                             10     11        (VIOLATED)
fanout1759/X                             10     11        (VIOLATED)
fanout1763/X                             10     11        (VIOLATED)
fanout1765/X                             10     11        (VIOLATED)
fanout1768/X                             10     11        (VIOLATED)
fanout321/X                              10     11        (VIOLATED)
fanout547/X                              10     11        (VIOLATED)
fanout560/X                              10     11        (VIOLATED)
fanout574/X                              10     11        (VIOLATED)
fanout628/X                              10     11        (VIOLATED)
fanout647/X                              10     11        (VIOLATED)
fanout660/X                              10     11        (VIOLATED)
fanout736/X                              10     11        (VIOLATED)
fanout770/X                              10     11        (VIOLATED)
fanout780/X                              10     11        (VIOLATED)
fanout802/X                              10     11        (VIOLATED)
fanout828/X                              10     11        (VIOLATED)
fanout859/X                              10     11        (VIOLATED)
fanout865/X                              10     11        (VIOLATED)
fanout891/X                              10     11        (VIOLATED)

max capacitance

Pin                                        Limit         Cap       Slack
------------------------------------------------------------------------
_26421_/Y                               0.154734    0.187115   -0.032381 (VIOLATED)
fanout1434/X                            0.200000    0.229042   -0.029042 (VIOLATED)
_26450_/Y                               0.154734    0.178677   -0.023943 (VIOLATED)
_42675_/Y                               0.154734    0.178341   -0.023607 (VIOLATED)
_42277_/Y                               0.085154    0.106052   -0.020898 (VIOLATED)
fanout1471/X                            0.200000    0.220898   -0.020898 (VIOLATED)
_42475_/Y                               0.154734    0.173738   -0.019004 (VIOLATED)
_26506_/Y                               0.086070    0.104614   -0.018544 (VIOLATED)
_26441_/Y                               0.154734    0.170951   -0.016217 (VIOLATED)
clkbuf_2_2_0_clk/X                      0.200000    0.212316   -0.012316 (VIOLATED)
_25944_/Y                               0.154734    0.166333   -0.011599 (VIOLATED)
fanout1570/X                            0.200000    0.211259   -0.011259 (VIOLATED)
_42477_/Y                               0.054942    0.065114   -0.010172 (VIOLATED)
_42275_/Y                               0.154734    0.162964   -0.008230 (VIOLATED)
_27769_/Y                               0.154734    0.162885   -0.008151 (VIOLATED)
_26398_/Y                               0.154734    0.160491   -0.005757 (VIOLATED)
_44878_/Q                               0.102549    0.103154   -0.000605 (VIOLATED)
_34941_/Y                               0.020152    0.020206   -0.000054 (VIOLATED)



===========================================================================
report_parasitic_annotation -report_unannotated
============================================================================
Found 245 unannotated drivers.
 clkload0/Y
 clkload1/Y
 clkload10/Y
 clkload100/Y
 clkload101/Y
 clkload102/Y
 clkload103/Y
 clkload104/Y
 clkload105/Y
 clkload106/Y
 clkload107/Y
 clkload108/Y
 clkload109/Y
 clkload11/Y
 clkload110/Y
 clkload111/Y
 clkload112/Y
 clkload113/X
 clkload114/Y
 clkload115/Y
 clkload116/Y
 clkload117/Y
 clkload118/Y
 clkload119/Y
 clkload12/Y
 clkload120/Y
 clkload121/Y
 clkload122/Y
 clkload123/Y
 clkload124/X
 clkload125/Y
 clkload126/Y
 clkload127/X
 clkload128/X
 clkload129/X
 clkload13/Y
 clkload130/X
 clkload131/Y
 clkload132/X
 clkload133/Y
 clkload134/Y
 clkload135/Y
 clkload136/Y
 clkload137/Y
 clkload138/Y
 clkload139/Y
 clkload14/Y
 clkload140/Y
 clkload141/Y
 clkload142/Y
 clkload143/Y
 clkload144/Y
 clkload145/Y
 clkload146/Y
 clkload147/Y
 clkload148/Y
 clkload149/X
 clkload15/Y
 clkload150/Y
 clkload151/Y
 clkload152/X
 clkload153/X
 clkload154/X
 clkload155/Y
 clkload156/Y
 clkload157/X
 clkload158/Y
 clkload159/Y
 clkload16/Y
 clkload160/Y
 clkload161/X
 clkload162/Y
 clkload163/Y
 clkload164/Y
 clkload165/X
 clkload166/X
 clkload167/Y
 clkload168/Y
 clkload169/Y
 clkload17/X
 clkload170/X
 clkload171/Y
 clkload172/Y
 clkload173/Y
 clkload174/Y
 clkload175/X
 clkload176/Y
 clkload177/Y
 clkload178/Y
 clkload179/Y
 clkload18/Y
 clkload180/Y
 clkload181/Y
 clkload182/X
 clkload183/Y
 clkload184/Y
 clkload185/X
 clkload186/Y
 clkload187/Y
 clkload188/Y
 clkload189/Y
 clkload19/Y
 clkload190/Y
 clkload191/Y
 clkload192/Y
 clkload193/Y
 clkload194/Y
 clkload195/X
 clkload196/Y
 clkload197/Y
 clkload198/Y
 clkload199/X
 clkload2/Y
 clkload20/Y
 clkload200/Y
 clkload201/X
 clkload202/Y
 clkload203/Y
 clkload204/Y
 clkload205/X
 clkload206/Y
 clkload207/X
 clkload208/Y
 clkload209/X
 clkload21/Y
 clkload210/Y
 clkload211/X
 clkload212/Y
 clkload213/X
 clkload214/Y
 clkload215/X
 clkload216/Y
 clkload217/X
 clkload218/Y
 clkload219/Y
 clkload22/Y
 clkload220/Y
 clkload221/Y
 clkload222/Y
 clkload223/Y
 clkload224/Y
 clkload225/Y
 clkload226/Y
 clkload227/Y
 clkload228/Y
 clkload229/X
 clkload23/X
 clkload230/X
 clkload231/Y
 clkload232/Y
 clkload233/X
 clkload234/X
 clkload235/Y
 clkload236/X
 clkload237/Y
 clkload238/Y
 clkload239/Y
 clkload24/Y
 clkload240/Y
 clkload241/Y
 clkload242/Y
 clkload243/Y
 clkload244/Y
 clkload25/Y
 clkload26/Y
 clkload27/Y
 clkload28/X
 clkload29/Y
 clkload3/Y
 clkload30/Y
 clkload31/Y
 clkload32/Y
 clkload33/Y
 clkload34/Y
 clkload35/Y
 clkload36/Y
 clkload37/Y
 clkload38/Y
 clkload39/Y
 clkload4/Y
 clkload40/Y
 clkload41/Y
 clkload42/X
 clkload43/X
 clkload44/Y
 clkload45/Y
 clkload46/Y
 clkload47/Y
 clkload48/Y
 clkload49/Y
 clkload5/Y
 clkload50/Y
 clkload51/Y
 clkload52/Y
 clkload53/Y
 clkload54/Y
 clkload55/Y
 clkload56/Y
 clkload57/X
 clkload58/Y
 clkload59/Y
 clkload6/Y
 clkload60/Y
 clkload61/Y
 clkload62/Y
 clkload63/Y
 clkload64/Y
 clkload65/Y
 clkload66/Y
 clkload67/Y
 clkload68/Y
 clkload69/Y
 clkload7/Y
 clkload70/Y
 clkload71/Y
 clkload72/Y
 clkload73/Y
 clkload74/Y
 clkload75/Y
 clkload76/Y
 clkload77/Y
 clkload78/X
 clkload79/Y
 clkload8/X
 clkload80/Y
 clkload81/Y
 clkload82/Y
 clkload83/Y
 clkload84/X
 clkload85/Y
 clkload86/Y
 clkload87/Y
 clkload88/Y
 clkload89/Y
 clkload9/X
 clkload90/Y
 clkload91/Y
 clkload92/Y
 clkload93/Y
 clkload94/Y
 clkload95/Y
 clkload96/Y
 clkload97/Y
 clkload98/Y
 clkload99/Y
Found 0 partially unannotated drivers.

===========================================================================
max slew violation count 485
max fanout violation count 199
max cap violation count 18
============================================================================

===========================================================================
check_setup -verbose -unconstrained_endpoints -multiple_clock -no_clock -no_input_delay -loops -generated_clocks
===========================================================================
