
===========================================================================
report_checks -unconstrained
===========================================================================
======================= nom_ss_100C_1v60 Corner ===================================

Startpoint: reset (input port clocked by clk)
Endpoint: _44402_ (recovery check against rising-edge clock clk)
Path Group: asynchronous
Path Type: max

Fanout         Cap        Slew       Delay        Time   Description
---------------------------------------------------------------------------------------------
                                  0.000000    0.000000   clock clk (rise edge)
                                  0.000000    0.000000   clock network delay (propagated)
                                200.000000  200.000000 v input external delay
     1    0.002533    0.017450    0.008399  200.008392 v reset (in)
                                                         reset (net)
                      0.017450    0.000000  200.008392 v input101/A (sky130_fd_sc_hd__buf_2)
     3    0.051969    0.236509    0.373262  200.381653 v input101/X (sky130_fd_sc_hd__buf_2)
                                                         net101 (net)
                      0.236509    0.001052  200.382706 v fanout2075/A (sky130_fd_sc_hd__clkbuf_4)
     7    0.079330    0.282708    0.513026  200.895737 v fanout2075/X (sky130_fd_sc_hd__clkbuf_4)
                                                         net2075 (net)
                      0.282754    0.003681  200.899414 v fanout2027/A (sky130_fd_sc_hd__buf_2)
     7    0.060236    0.267771    0.526214  201.425629 v fanout2027/X (sky130_fd_sc_hd__buf_2)
                                                         net2027 (net)
                      0.267786    0.002316  201.427948 v fanout2026/A (sky130_fd_sc_hd__buf_4)
     9    0.062675    0.159485    0.444430  201.872375 v fanout2026/X (sky130_fd_sc_hd__buf_4)
                                                         net2026 (net)
                      0.159485    0.000782  201.873154 v fanout2025/A (sky130_fd_sc_hd__buf_4)
    10    0.058492    0.150758    0.388084  202.261246 v fanout2025/X (sky130_fd_sc_hd__buf_4)
                                                         net2025 (net)
                      0.150771    0.001492  202.262726 v fanout2024/A (sky130_fd_sc_hd__buf_4)
    10    0.056000    0.145905    0.379416  202.642151 v fanout2024/X (sky130_fd_sc_hd__buf_4)
                                                         net2024 (net)
                      0.145905    0.000583  202.642731 v _43581_/A (sky130_fd_sc_hd__inv_2)
     1    0.004126    0.057225    0.102844  202.745575 ^ _43581_/Y (sky130_fd_sc_hd__inv_2)
                                                         _00244_ (net)
                      0.057225    0.000085  202.745667 ^ _44402_/RESET_B (sky130_fd_sc_hd__dfrtp_1)
                                            202.745667   data arrival time

                               1000.000000 1000.000000   clock clk (rise edge)
                                  0.000000 1000.000000   clock source latency
     2    0.117818    0.849110    0.602086 1000.602112 ^ clk (in)
                                                         clk (net)
                      0.850958    0.000000 1000.602112 ^ clkbuf_0_clk/A (sky130_fd_sc_hd__clkbuf_16)
     4    0.177377    0.293356    0.692012 1001.294128 ^ clkbuf_0_clk/X (sky130_fd_sc_hd__clkbuf_16)
                                                         clknet_0_clk (net)
                      0.295346    0.018645 1001.312744 ^ clkbuf_2_1_0_clk/A (sky130_fd_sc_hd__clkbuf_8)
     8    0.172907    0.456235    0.617320 1001.930115 ^ clkbuf_2_1_0_clk/X (sky130_fd_sc_hd__clkbuf_8)
                                                         clknet_2_1_0_clk (net)
                      0.457142    0.016712 1001.946777 ^ clkbuf_5_10__f_clk/A (sky130_fd_sc_hd__clkbuf_16)
    13    0.109150    0.191170    0.490786 1002.437561 ^ clkbuf_5_10__f_clk/X (sky130_fd_sc_hd__clkbuf_16)
                                                         clknet_5_10__leaf_clk (net)
                      0.191330    0.005002 1002.442566 ^ clkbuf_leaf_154_clk/A (sky130_fd_sc_hd__clkbuf_8)
     9    0.032753    0.112443    0.319915 1002.762512 ^ clkbuf_leaf_154_clk/X (sky130_fd_sc_hd__clkbuf_8)
                                                         clknet_leaf_154_clk (net)
                      0.112449    0.001023 1002.763550 ^ _44402_/CLK (sky130_fd_sc_hd__dfrtp_1)
                                 -0.250000 1002.513550   clock uncertainty
                                  0.000000 1002.513550   clock reconvergence pessimism
                                  0.481435 1002.994995   library recovery time
                                           1002.994995   data required time
---------------------------------------------------------------------------------------------
                                           1002.994995   data required time
                                           -202.745667   data arrival time
---------------------------------------------------------------------------------------------
                                            800.249329   slack (MET)


Startpoint: _45802_ (rising edge-triggered flip-flop clocked by clk)
Endpoint: _45825_ (rising edge-triggered flip-flop clocked by clk)
Path Group: clk
Path Type: max

Fanout         Cap        Slew       Delay        Time   Description
---------------------------------------------------------------------------------------------
                                  0.000000    0.000000   clock clk (rise edge)
                                  0.000000    0.000000   clock source latency
     2    0.117818    0.849110    0.602116    0.602116 ^ clk (in)
                                                         clk (net)
                      0.850958    0.000000    0.602116 ^ clkbuf_0_clk/A (sky130_fd_sc_hd__clkbuf_16)
     4    0.177377    0.293356    0.691999    1.294116 ^ clkbuf_0_clk/X (sky130_fd_sc_hd__clkbuf_16)
                                                         clknet_0_clk (net)
                      0.295222    0.018024    1.312140 ^ clkbuf_2_0_0_clk/A (sky130_fd_sc_hd__clkbuf_8)
     8    0.188707    0.497915    0.647017    1.959157 ^ clkbuf_2_0_0_clk/X (sky130_fd_sc_hd__clkbuf_8)
                                                         clknet_2_0_0_clk (net)
                      0.498303    0.011534    1.970691 ^ clkbuf_5_6__f_clk/A (sky130_fd_sc_hd__clkbuf_16)
    11    0.117971    0.204357    0.517788    2.488479 ^ clkbuf_5_6__f_clk/X (sky130_fd_sc_hd__clkbuf_16)
                                                         clknet_5_6__leaf_clk (net)
                      0.204393    0.002712    2.491191 ^ clkbuf_leaf_183_clk/A (sky130_fd_sc_hd__clkbuf_8)
    18    0.054706    0.165623    0.366228    2.857419 ^ clkbuf_leaf_183_clk/X (sky130_fd_sc_hd__clkbuf_8)
                                                         clknet_leaf_183_clk (net)
                      0.165628    0.001203    2.858622 ^ _45802_/CLK (sky130_fd_sc_hd__dfxtp_4)
     5    0.168016    0.381865    0.976627    3.835249 v _45802_/Q (sky130_fd_sc_hd__dfxtp_4)
                                                         divider_instance.mantisaBshift[15] (net)
                      0.381890    0.003694    3.838943 v fanout1457/A (sky130_fd_sc_hd__clkbuf_8)
     6    0.130999    0.243323    0.552804    4.391747 v fanout1457/X (sky130_fd_sc_hd__clkbuf_8)
                                                         net1457 (net)
                      0.243810    0.009051    4.400797 v fanout1456/A (sky130_fd_sc_hd__clkbuf_2)
     6    0.039362    0.275310    0.440420    4.841217 v fanout1456/X (sky130_fd_sc_hd__clkbuf_2)
                                                         net1456 (net)
                      0.275310    0.000649    4.841866 v _27914_/B (sky130_fd_sc_hd__or4_1)
     2    0.004800    0.208073    1.284784    6.126650 v _27914_/X (sky130_fd_sc_hd__or4_1)
                                                         _03666_ (net)
                      0.208073    0.000105    6.126755 v _27915_/D (sky130_fd_sc_hd__or4_4)
     9    0.052233    0.285000    1.091947    7.218702 v _27915_/X (sky130_fd_sc_hd__or4_4)
                                                         _03667_ (net)
                      0.285039    0.003451    7.222154 v _27920_/B (sky130_fd_sc_hd__or3_2)
     5    0.023440    0.274218    1.318163    8.540318 v _27920_/X (sky130_fd_sc_hd__or3_2)
                                                         _03672_ (net)
                      0.274243    0.000814    8.541132 v fanout886/A (sky130_fd_sc_hd__buf_2)
    10    0.039134    0.185746    0.457550    8.998681 v fanout886/X (sky130_fd_sc_hd__buf_2)
                                                         net886 (net)
                      0.185746    0.000452    8.999133 v _27932_/B (sky130_fd_sc_hd__or4_1)
     3    0.008922    0.250670    1.321820   10.320953 v _27932_/X (sky130_fd_sc_hd__or4_1)
                                                         _03684_ (net)
                      0.250670    0.000208   10.321161 v _27935_/B1 (sky130_fd_sc_hd__a211o_1)
     4    0.012735    0.175094    0.669797   10.990958 v _27935_/X (sky130_fd_sc_hd__a211o_1)
                                                         _03687_ (net)
                      0.175094    0.000510   10.991467 v _27939_/C (sky130_fd_sc_hd__and3_1)
     3    0.009102    0.122128    0.468175   11.459642 v _27939_/X (sky130_fd_sc_hd__and3_1)
                                                         _03691_ (net)
                      0.122128    0.000157   11.459800 v _27943_/C1 (sky130_fd_sc_hd__a211o_1)
     3    0.008348    0.134129    0.505639   11.965439 v _27943_/X (sky130_fd_sc_hd__a211o_1)
                                                         _03695_ (net)
                      0.134129    0.000234   11.965673 v _27946_/B (sky130_fd_sc_hd__and3_1)
     3    0.023372    0.235295    0.520783   12.486457 v _27946_/X (sky130_fd_sc_hd__and3_1)
                                                         _03698_ (net)
                      0.235295    0.000301   12.486758 v _27953_/S (sky130_fd_sc_hd__mux2_1)
     4    0.016166    0.225958    0.907801   13.394559 v _27953_/X (sky130_fd_sc_hd__mux2_1)
                                                         _03705_ (net)
                      0.225958    0.000406   13.394964 v _27962_/A2 (sky130_fd_sc_hd__a22o_1)
     3    0.015673    0.174174    0.587503   13.982468 v _27962_/X (sky130_fd_sc_hd__a22o_1)
                                                         _03714_ (net)
                      0.174174    0.000441   13.982908 v _27971_/A1 (sky130_fd_sc_hd__a21oi_4)
     8    0.037563    0.458215    0.486867   14.469776 ^ _27971_/Y (sky130_fd_sc_hd__a21oi_4)
                                                         _03723_ (net)
                      0.458220    0.001165   14.470942 ^ _27974_/S (sky130_fd_sc_hd__mux2_1)
     3    0.014948    0.216661    0.962653   15.433595 v _27974_/X (sky130_fd_sc_hd__mux2_1)
                                                         _03726_ (net)
                      0.216661    0.000780   15.434374 v _27994_/B (sky130_fd_sc_hd__nor2_1)
     3    0.016576    0.508366    0.484956   15.919331 ^ _27994_/Y (sky130_fd_sc_hd__nor2_1)
                                                         _03746_ (net)
                      0.508367    0.000533   15.919863 ^ _27996_/B1 (sky130_fd_sc_hd__a311oi_4)
     4    0.012821    0.201967    0.230022   16.149885 v _27996_/Y (sky130_fd_sc_hd__a311oi_4)
                                                         _03748_ (net)
                      0.201967    0.000256   16.150141 v _28018_/B (sky130_fd_sc_hd__or4_1)
     3    0.009182    0.252134    1.331488   17.481628 v _28018_/X (sky130_fd_sc_hd__or4_1)
                                                         _03770_ (net)
                      0.252134    0.000217   17.481846 v _28020_/C (sky130_fd_sc_hd__and3_1)
     4    0.011091    0.139221    0.523830   18.005676 v _28020_/X (sky130_fd_sc_hd__and3_1)
                                                         _03772_ (net)
                      0.139221    0.000263   18.005939 v _28032_/B1 (sky130_fd_sc_hd__a211o_1)
     4    0.013239    0.174976    0.631836   18.637775 v _28032_/X (sky130_fd_sc_hd__a211o_1)
                                                         _03784_ (net)
                      0.174976    0.000378   18.638153 v _28035_/A2 (sky130_fd_sc_hd__a211o_1)
     4    0.015726    0.190589    0.705265   19.343418 v _28035_/X (sky130_fd_sc_hd__a211o_1)
                                                         _03787_ (net)
                      0.190589    0.000604   19.344023 v _28037_/A3 (sky130_fd_sc_hd__a31o_1)
     3    0.008322    0.111297    0.487493   19.831514 v _28037_/X (sky130_fd_sc_hd__a31o_1)
                                                         _03789_ (net)
                      0.111297    0.000165   19.831680 v _28038_/B (sky130_fd_sc_hd__nor2_1)
     4    0.020356    0.613104    0.519602   20.351282 ^ _28038_/Y (sky130_fd_sc_hd__nor2_1)
                                                         _03790_ (net)
                      0.613104    0.000526   20.351809 ^ _28047_/S (sky130_fd_sc_hd__mux2_1)
     4    0.018667    0.245155    1.033420   21.385229 v _28047_/X (sky130_fd_sc_hd__mux2_1)
                                                         _03799_ (net)
                      0.245155    0.000711   21.385939 v _28048_/B (sky130_fd_sc_hd__xnor2_1)
     3    0.010335    0.430582    0.474733   21.860672 ^ _28048_/Y (sky130_fd_sc_hd__xnor2_1)
                                                         _03800_ (net)
                      0.430582    0.000234   21.860907 ^ _28065_/A1 (sky130_fd_sc_hd__a31o_1)
     2    0.010040    0.181756    0.485102   22.346008 ^ _28065_/X (sky130_fd_sc_hd__a31o_1)
                                                         _03817_ (net)
                      0.181756    0.000341   22.346350 ^ _28081_/A1 (sky130_fd_sc_hd__a21oi_2)
     6    0.021495    0.191259    0.241400   22.587749 v _28081_/Y (sky130_fd_sc_hd__a21oi_2)
                                                         _03833_ (net)
                      0.191259    0.000856   22.588606 v _28098_/C (sky130_fd_sc_hd__or4_1)
     3    0.007995    0.239247    1.237940   23.826546 v _28098_/X (sky130_fd_sc_hd__or4_1)
                                                         _03850_ (net)
                      0.239247    0.000217   23.826761 v _28102_/C (sky130_fd_sc_hd__and3_1)
     2    0.005049    0.089750    0.465985   24.292746 v _28102_/X (sky130_fd_sc_hd__and3_1)
                                                         _03854_ (net)
                      0.089750    0.000128   24.292873 v _28113_/C1 (sky130_fd_sc_hd__a211o_1)
     5    0.016526    0.196530    0.567157   24.860031 v _28113_/X (sky130_fd_sc_hd__a211o_1)
                                                         _03865_ (net)
                      0.196530    0.000570   24.860601 v _28123_/A1 (sky130_fd_sc_hd__a211oi_1)
     3    0.009890    0.628267    0.652292   25.512894 ^ _28123_/Y (sky130_fd_sc_hd__a211oi_1)
                                                         _03875_ (net)
                      0.628267    0.000332   25.513226 ^ _28127_/A1 (sky130_fd_sc_hd__o211a_1)
     3    0.008248    0.142125    0.561935   26.075161 ^ _28127_/X (sky130_fd_sc_hd__o211a_1)
                                                         _03879_ (net)
                      0.142125    0.000222   26.075382 ^ _28131_/A1 (sky130_fd_sc_hd__o21a_2)
     9    0.038935    0.335146    0.501172   26.576555 ^ _28131_/X (sky130_fd_sc_hd__o21a_2)
                                                         _03883_ (net)
                      0.335155    0.002155   26.578711 ^ _28166_/S (sky130_fd_sc_hd__mux2_1)
     3    0.009801    0.176559    0.875506   27.454216 v _28166_/X (sky130_fd_sc_hd__mux2_1)
                                                         _03918_ (net)
                      0.176559    0.000286   27.454502 v _28169_/B (sky130_fd_sc_hd__and2_1)
     2    0.005985    0.093527    0.394811   27.849314 v _28169_/X (sky130_fd_sc_hd__and2_1)
                                                         _03921_ (net)
                      0.093527    0.000133   27.849445 v _28177_/B1 (sky130_fd_sc_hd__a211o_1)
     2    0.007993    0.131055    0.562320   28.411766 v _28177_/X (sky130_fd_sc_hd__a211o_1)
                                                         _03929_ (net)
                      0.131055    0.000263   28.412029 v _28180_/A3 (sky130_fd_sc_hd__a31o_1)
     4    0.011365    0.137263    0.485821   28.897850 v _28180_/X (sky130_fd_sc_hd__a31o_1)
                                                         _03932_ (net)
                      0.137263    0.000330   28.898180 v _28183_/A2 (sky130_fd_sc_hd__a211o_1)
     3    0.016002    0.192627    0.692250   29.590431 v _28183_/X (sky130_fd_sc_hd__a211o_1)
                                                         _03935_ (net)
                      0.192627    0.000441   29.590872 v _28188_/A3 (sky130_fd_sc_hd__a311o_1)
     3    0.013132    0.183981    0.804272   30.395144 v _28188_/X (sky130_fd_sc_hd__a311o_1)
                                                         _03940_ (net)
                      0.183981    0.000455   30.395597 v _28221_/C1 (sky130_fd_sc_hd__o211a_1)
     3    0.007209    0.109639    0.290200   30.685799 v _28221_/X (sky130_fd_sc_hd__o211a_1)
                                                         _03973_ (net)
                      0.109639    0.000206   30.686005 v _28224_/C (sky130_fd_sc_hd__or3_1)
     2    0.006420    0.172839    0.785882   31.471886 v _28224_/X (sky130_fd_sc_hd__or3_1)
                                                         _03976_ (net)
                      0.172839    0.000139   31.472025 v _28227_/C (sky130_fd_sc_hd__and4_1)
     1    0.002672    0.071870    0.425931   31.897955 v _28227_/X (sky130_fd_sc_hd__and4_1)
                                                         _03979_ (net)
                      0.071870    0.000053   31.898008 v _28235_/B1 (sky130_fd_sc_hd__a221o_1)
     3    0.012598    0.182009    0.652445   32.550453 v _28235_/X (sky130_fd_sc_hd__a221o_1)
                                                         _03987_ (net)
                      0.182009    0.000433   32.550888 v _28238_/A3 (sky130_fd_sc_hd__a31o_1)
     3    0.014640    0.158805    0.533312   33.084198 v _28238_/X (sky130_fd_sc_hd__a31o_1)
                                                         _03990_ (net)
                      0.158805    0.000405   33.084606 v _28241_/A2 (sky130_fd_sc_hd__a21o_2)
     5    0.027405    0.157425    0.528168   33.612774 v _28241_/X (sky130_fd_sc_hd__a21o_2)
                                                         _03993_ (net)
                      0.157433    0.001329   33.614101 v _28253_/A1 (sky130_fd_sc_hd__o21a_4)
    10    0.047800    0.152138    0.534840   34.148941 v _28253_/X (sky130_fd_sc_hd__o21a_4)
                                                         _04005_ (net)
                      0.152175    0.002323   34.151264 v _28257_/S (sky130_fd_sc_hd__mux2_1)
     4    0.014147    0.210951    0.857828   35.009090 v _28257_/X (sky130_fd_sc_hd__mux2_1)
                                                         _04009_ (net)
                      0.210951    0.000682   35.009773 v _28276_/B (sky130_fd_sc_hd__xnor2_1)
     3    0.009822    0.197231    0.350731   35.360504 v _28276_/Y (sky130_fd_sc_hd__xnor2_1)
                                                         _04028_ (net)
                      0.197231    0.000203   35.360706 v _28288_/A (sky130_fd_sc_hd__or4_1)
     1    0.002746    0.174772    1.243162   36.603870 v _28288_/X (sky130_fd_sc_hd__or4_1)
                                                         _04040_ (net)
                      0.174772    0.000057   36.603928 v _28313_/A1 (sky130_fd_sc_hd__o211a_1)
     3    0.014236    0.166220    0.550397   37.154324 v _28313_/X (sky130_fd_sc_hd__o211a_1)
                                                         _04065_ (net)
                      0.166220    0.000625   37.154949 v _28316_/A2 (sky130_fd_sc_hd__o211ai_1)
     2    0.005460    0.320111    0.365173   37.520123 ^ _28316_/Y (sky130_fd_sc_hd__o211ai_1)
                                                         _04068_ (net)
                      0.320111    0.000146   37.520267 ^ _28318_/C (sky130_fd_sc_hd__and3_1)
     2    0.005440    0.122039    0.417320   37.937588 ^ _28318_/X (sky130_fd_sc_hd__and3_1)
                                                         _04070_ (net)
                      0.122039    0.000099   37.937687 ^ _28322_/A2 (sky130_fd_sc_hd__o31a_2)
     3    0.029131    0.270947    0.451259   38.388947 ^ _28322_/X (sky130_fd_sc_hd__o31a_2)
                                                         _04074_ (net)
                      0.270947    0.000323   38.389267 ^ fanout392/A (sky130_fd_sc_hd__clkbuf_4)
    10    0.049070    0.244697    0.467054   38.856323 ^ fanout392/X (sky130_fd_sc_hd__clkbuf_4)
                                                         net392 (net)
                      0.244711    0.002125   38.858448 ^ _28351_/S (sky130_fd_sc_hd__mux2_2)
     5    0.028080    0.201462    0.886537   39.744984 v _28351_/X (sky130_fd_sc_hd__mux2_2)
                                                         _04103_ (net)
                      0.201476    0.001904   39.746887 v _28353_/B (sky130_fd_sc_hd__xnor2_1)
     3    0.010732    0.215655    0.356728   40.103615 v _28353_/Y (sky130_fd_sc_hd__xnor2_1)
                                                         _04105_ (net)
                      0.215655    0.000220   40.103836 v _28363_/A1 (sky130_fd_sc_hd__o311a_1)
     3    0.011523    0.172837    0.804846   40.908684 v _28363_/X (sky130_fd_sc_hd__o311a_1)
                                                         _04115_ (net)
                      0.172837    0.000455   40.909138 v _28368_/A2 (sky130_fd_sc_hd__o41a_2)
     6    0.021468    0.206449    1.080668   41.989803 v _28368_/X (sky130_fd_sc_hd__o41a_2)
                                                         _04120_ (net)
                      0.206449    0.000707   41.990513 v _28395_/A2 (sky130_fd_sc_hd__a211o_1)
     5    0.019682    0.219996    0.745480   42.735992 v _28395_/X (sky130_fd_sc_hd__a211o_1)
                                                         _04147_ (net)
                      0.219996    0.000824   42.736816 v _28452_/A1 (sky130_fd_sc_hd__a211o_1)
     1    0.003573    0.092613    0.553491   43.290306 v _28452_/X (sky130_fd_sc_hd__a211o_1)
                                                         _04204_ (net)
                      0.092613    0.000117   43.290424 v _28454_/B1 (sky130_fd_sc_hd__o211a_1)
     5    0.015314    0.175163    0.339416   43.629841 v _28454_/X (sky130_fd_sc_hd__o211a_1)
                                                         _04206_ (net)
                      0.175163    0.000412   43.630253 v _28469_/B (sky130_fd_sc_hd__or4_1)
     1    0.003206    0.182244    1.211085   44.841339 v _28469_/X (sky130_fd_sc_hd__or4_1)
                                                         _04221_ (net)
                      0.182244    0.000110   44.841446 v _28470_/D (sky130_fd_sc_hd__or4_1)
     2    0.007430    0.233439    1.080060   45.921509 v _28470_/X (sky130_fd_sc_hd__or4_1)
                                                         _04222_ (net)
                      0.233439    0.000206   45.921715 v _28484_/A3 (sky130_fd_sc_hd__a31o_1)
     3    0.008841    0.115656    0.510845   46.432560 v _28484_/X (sky130_fd_sc_hd__a31o_1)
                                                         _04236_ (net)
                      0.115656    0.000171   46.432728 v _28486_/A2 (sky130_fd_sc_hd__a2111o_1)
     2    0.006864    0.146925    0.842658   47.275387 v _28486_/X (sky130_fd_sc_hd__a2111o_1)
                                                         _04238_ (net)
                      0.146925    0.000231   47.275620 v _28490_/A2 (sky130_fd_sc_hd__a31o_1)
     3    0.013437    0.149450    0.491553   47.767170 v _28490_/X (sky130_fd_sc_hd__a31o_1)
                                                         _04242_ (net)
                      0.149450    0.000416   47.767586 v _28494_/A1 (sky130_fd_sc_hd__a211o_1)
     2    0.010765    0.156280    0.598533   48.366119 v _28494_/X (sky130_fd_sc_hd__a211o_1)
                                                         _04246_ (net)
                      0.156280    0.000281   48.366402 v _28500_/A1 (sky130_fd_sc_hd__a21oi_2)
     3    0.036429    0.722524    0.677471   49.043869 ^ _28500_/Y (sky130_fd_sc_hd__a21oi_2)
                                                         _04252_ (net)
                      0.722526    0.001098   49.044968 ^ fanout389/A (sky130_fd_sc_hd__clkbuf_2)
     5    0.025187    0.225813    0.549672   49.594643 ^ fanout389/X (sky130_fd_sc_hd__clkbuf_2)
                                                         net389 (net)
                      0.225814    0.001098   49.595737 ^ _28534_/S (sky130_fd_sc_hd__mux2_1)
     3    0.012231    0.201843    0.873964   50.469704 v _28534_/X (sky130_fd_sc_hd__mux2_1)
                                                         _04286_ (net)
                      0.201843    0.000565   50.470268 v _28536_/B (sky130_fd_sc_hd__and2_1)
     1    0.001446    0.057807    0.363265   50.833534 v _28536_/X (sky130_fd_sc_hd__and2_1)
                                                         _04288_ (net)
                      0.057807    0.000028   50.833561 v _28537_/B (sky130_fd_sc_hd__or2_1)
     2    0.007263    0.135124    0.505054   51.338615 v _28537_/X (sky130_fd_sc_hd__or2_1)
                                                         _04289_ (net)
                      0.135124    0.000099   51.338715 v _28545_/B1_N (sky130_fd_sc_hd__o21ba_1)
     2    0.005530    0.110476    0.480497   51.819210 ^ _28545_/X (sky130_fd_sc_hd__o21ba_1)
                                                         _04297_ (net)
                      0.110476    0.000114   51.819324 ^ _28548_/A2 (sky130_fd_sc_hd__o21ai_1)
     3    0.010291    0.211418    0.213859   52.033184 v _28548_/Y (sky130_fd_sc_hd__o21ai_1)
                                                         _04300_ (net)
                      0.211418    0.000199   52.033382 v _28549_/A2 (sky130_fd_sc_hd__a21o_1)
     3    0.009533    0.112769    0.429448   52.462833 v _28549_/X (sky130_fd_sc_hd__a21o_1)
                                                         _04301_ (net)
                      0.112769    0.000206   52.463039 v _28553_/A2 (sky130_fd_sc_hd__a21bo_1)
     2    0.008008    0.103250    0.399286   52.862324 v _28553_/X (sky130_fd_sc_hd__a21bo_1)
                                                         _04305_ (net)
                      0.103250    0.000217   52.862541 v _28554_/A2 (sky130_fd_sc_hd__a21o_1)
     4    0.012516    0.137316    0.406931   53.269470 v _28554_/X (sky130_fd_sc_hd__a21o_1)
                                                         _04306_ (net)
                      0.137316    0.000441   53.269913 v _28558_/A2 (sky130_fd_sc_hd__a311o_1)
     3    0.012625    0.180197    0.715204   53.985115 v _28558_/X (sky130_fd_sc_hd__a311o_1)
                                                         _04310_ (net)
                      0.180197    0.000458   53.985577 v _28590_/A1 (sky130_fd_sc_hd__a211o_1)
     2    0.007637    0.127893    0.580862   54.566437 v _28590_/X (sky130_fd_sc_hd__a211o_1)
                                                         _04342_ (net)
                      0.127893    0.000217   54.566654 v _28594_/A1 (sky130_fd_sc_hd__a2111oi_1)
     1    0.002321    0.507205    0.594120   55.160774 ^ _28594_/Y (sky130_fd_sc_hd__a2111oi_1)
                                                         _04346_ (net)
                      0.507205    0.000068   55.160843 ^ fanout387/A (sky130_fd_sc_hd__buf_2)
     5    0.044980    0.352791    0.581910   55.742752 ^ fanout387/X (sky130_fd_sc_hd__buf_2)
                                                         net387 (net)
                      0.352791    0.000632   55.743382 ^ fanout386/A (sky130_fd_sc_hd__clkbuf_4)
    10    0.048838    0.244318    0.501842   56.245224 ^ fanout386/X (sky130_fd_sc_hd__clkbuf_4)
                                                         net386 (net)
                      0.244360    0.003251   56.248474 ^ _28617_/S (sky130_fd_sc_hd__mux2_1)
     3    0.019100    0.249138    0.937604   57.186081 v _28617_/X (sky130_fd_sc_hd__mux2_1)
                                                         _04369_ (net)
                      0.249139    0.001140   57.187222 v _28619_/B (sky130_fd_sc_hd__and2_1)
     1    0.002006    0.062365    0.393246   57.580467 v _28619_/X (sky130_fd_sc_hd__and2_1)
                                                         _04371_ (net)
                      0.062365    0.000039   57.580505 v _28620_/B (sky130_fd_sc_hd__or2_1)
     3    0.011369    0.172714    0.548134   58.128639 v _28620_/X (sky130_fd_sc_hd__or2_1)
                                                         _04372_ (net)
                      0.172714    0.000245   58.128883 v _28628_/C (sky130_fd_sc_hd__or4_1)
     2    0.006720    0.224842    1.210747   59.339630 v _28628_/X (sky130_fd_sc_hd__or4_1)
                                                         _04380_ (net)
                      0.224842    0.000174   59.339806 v _28680_/B (sky130_fd_sc_hd__or4_1)
     1    0.008274    0.243322    1.323947   60.663754 v _28680_/X (sky130_fd_sc_hd__or4_1)
                                                         _04432_ (net)
                      0.243322    0.000412   60.664165 v _28688_/B1 (sky130_fd_sc_hd__o311a_1)
     2    0.004558    0.110598    0.318927   60.983093 v _28688_/X (sky130_fd_sc_hd__o311a_1)
                                                         _04440_ (net)
                      0.110598    0.000121   60.983212 v _28689_/C_N (sky130_fd_sc_hd__nor3b_2)
     7    0.022409    0.161381    0.421508   61.404720 v _28689_/Y (sky130_fd_sc_hd__nor3b_2)
                                                         _04441_ (net)
                      0.161384    0.000981   61.405701 v _28694_/A (sky130_fd_sc_hd__nor2_1)
     1    0.005003    0.188443    0.247738   61.653439 ^ _28694_/Y (sky130_fd_sc_hd__nor2_1)
                                                         _04446_ (net)
                      0.188443    0.000185   61.653625 ^ fanout385/A (sky130_fd_sc_hd__buf_2)
     5    0.045962    0.359849    0.458940   62.112564 ^ fanout385/X (sky130_fd_sc_hd__buf_2)
                                                         net385 (net)
                      0.360001    0.003176   62.115742 ^ _28794_/S (sky130_fd_sc_hd__mux2_1)
     3    0.013576    0.206526    0.925624   63.041363 v _28794_/X (sky130_fd_sc_hd__mux2_1)
                                                         _04546_ (net)
                      0.206526    0.000419   63.041782 v _28795_/B (sky130_fd_sc_hd__xnor2_1)
     3    0.009296    0.197117    0.342560   63.384342 v _28795_/Y (sky130_fd_sc_hd__xnor2_1)
                                                         _04547_ (net)
                      0.197117    0.000185   63.384529 v _28800_/A (sky130_fd_sc_hd__or3_1)
     2    0.006199    0.170910    0.942784   64.327309 v _28800_/X (sky130_fd_sc_hd__or3_1)
                                                         _04552_ (net)
                      0.170910    0.000135   64.327446 v _28811_/A (sky130_fd_sc_hd__or3b_1)
     2    0.005140    0.164154    0.928772   65.256218 v _28811_/X (sky130_fd_sc_hd__or3b_1)
                                                         _04563_ (net)
                      0.164154    0.000135   65.256355 v _28813_/A (sky130_fd_sc_hd__and2_1)
     5    0.019703    0.201814    0.446121   65.702477 v _28813_/X (sky130_fd_sc_hd__and2_1)
                                                         _04565_ (net)
                      0.201814    0.000760   65.703232 v _28815_/A2 (sky130_fd_sc_hd__a21oi_2)
     2    0.035699    0.710502    0.685702   66.388939 ^ _28815_/Y (sky130_fd_sc_hd__a21oi_2)
                                                         _04567_ (net)
                      0.710502    0.000561   66.389496 ^ fanout383/A (sky130_fd_sc_hd__clkbuf_2)
     5    0.027102    0.240918    0.557435   66.946930 ^ fanout383/X (sky130_fd_sc_hd__clkbuf_2)
                                                         net383 (net)
                      0.240918    0.000490   66.947426 ^ fanout382/A (sky130_fd_sc_hd__clkbuf_4)
    10    0.044395    0.223807    0.439840   67.387260 ^ fanout382/X (sky130_fd_sc_hd__clkbuf_4)
                                                         net382 (net)
                      0.223807    0.000909   67.388176 ^ _28838_/S (sky130_fd_sc_hd__mux2_1)
     4    0.016923    0.231989    0.915314   68.303490 v _28838_/X (sky130_fd_sc_hd__mux2_1)
                                                         _04590_ (net)
                      0.231989    0.000718   68.304207 v _28842_/B (sky130_fd_sc_hd__xnor2_1)
     3    0.010569    0.215369    0.368622   68.672829 v _28842_/Y (sky130_fd_sc_hd__xnor2_1)
                                                         _04594_ (net)
                      0.215369    0.000192   68.673019 v _28861_/A3 (sky130_fd_sc_hd__o31a_1)
     3    0.009561    0.143672    0.575398   69.248421 v _28861_/X (sky130_fd_sc_hd__o31a_1)
                                                         _04613_ (net)
                      0.143672    0.000284   69.248703 v _28887_/A (sky130_fd_sc_hd__or4_1)
     3    0.011232    0.278490    1.381920   70.630623 v _28887_/X (sky130_fd_sc_hd__or4_1)
                                                         _04639_ (net)
                      0.278490    0.000369   70.630989 v _28911_/A1 (sky130_fd_sc_hd__a2111o_1)
     2    0.009811    0.175717    0.872589   71.503578 v _28911_/X (sky130_fd_sc_hd__a2111o_1)
                                                         _04663_ (net)
                      0.175717    0.000398   71.503975 v _28931_/A1 (sky130_fd_sc_hd__a21o_1)
     2    0.009716    0.114322    0.386066   71.890045 v _28931_/X (sky130_fd_sc_hd__a21o_1)
                                                         _04683_ (net)
                      0.114322    0.000284   71.890327 v _28933_/A1 (sky130_fd_sc_hd__a21o_1)
     4    0.016420    0.162797    0.406587   72.296913 v _28933_/X (sky130_fd_sc_hd__a21o_1)
                                                         _04685_ (net)
                      0.162797    0.000504   72.297417 v _28937_/A1 (sky130_fd_sc_hd__a21oi_2)
     3    0.033034    0.660814    0.633726   72.931145 ^ _28937_/Y (sky130_fd_sc_hd__a21oi_2)
                                                         _04689_ (net)
                      0.660814    0.000604   72.931747 ^ fanout380/A (sky130_fd_sc_hd__clkbuf_4)
     9    0.046635    0.236951    0.626954   73.558701 ^ fanout380/X (sky130_fd_sc_hd__clkbuf_4)
                                                         net380 (net)
                      0.236951    0.000981   73.559685 ^ _29014_/S (sky130_fd_sc_hd__mux2_1)
     4    0.016277    0.227025    0.913744   74.473427 v _29014_/X (sky130_fd_sc_hd__mux2_1)
                                                         _04766_ (net)
                      0.227025    0.000618   74.474045 v _29021_/B (sky130_fd_sc_hd__or2_1)
     2    0.005867    0.124829    0.557577   75.031624 v _29021_/X (sky130_fd_sc_hd__or2_1)
                                                         _04773_ (net)
                      0.124829    0.000156   75.031784 v _29030_/B (sky130_fd_sc_hd__and4_1)
     1    0.009196    0.124146    0.433985   75.465767 v _29030_/X (sky130_fd_sc_hd__and4_1)
                                                         _04782_ (net)
                      0.124146    0.000192   75.465958 v _29032_/B1 (sky130_fd_sc_hd__a211oi_4)
     3    0.024603    0.546302    0.596586   76.062546 ^ _29032_/Y (sky130_fd_sc_hd__a211oi_4)
                                                         _04784_ (net)
                      0.546302    0.001833   76.064377 ^ _29037_/A2 (sky130_fd_sc_hd__o211ai_4)
     3    0.018113    0.178422    0.335234   76.399612 v _29037_/Y (sky130_fd_sc_hd__o211ai_4)
                                                         _04789_ (net)
                      0.178423    0.000739   76.400352 v _29041_/A2 (sky130_fd_sc_hd__a211oi_4)
     4    0.021625    0.502323    0.626486   77.026833 ^ _29041_/Y (sky130_fd_sc_hd__a211oi_4)
                                                         _04793_ (net)
                      0.502323    0.001187   77.028023 ^ _29052_/A2 (sky130_fd_sc_hd__o221a_1)
     3    0.013190    0.240162    0.649393   77.677414 ^ _29052_/X (sky130_fd_sc_hd__o221a_1)
                                                         _04804_ (net)
                      0.240162    0.000583   77.678001 ^ _29057_/A (sky130_fd_sc_hd__nor2_1)
     2    0.022515    0.206996    0.279293   77.957291 v _29057_/Y (sky130_fd_sc_hd__nor2_1)
                                                         _04809_ (net)
                      0.206996    0.000391   77.957680 v fanout378/A (sky130_fd_sc_hd__clkbuf_2)
     7    0.028509    0.203402    0.373447   78.331131 v fanout378/X (sky130_fd_sc_hd__clkbuf_2)
                                                         net378 (net)
                      0.203402    0.000327   78.331459 v fanout377/A (sky130_fd_sc_hd__clkbuf_2)
     6    0.030122    0.214102    0.379195   78.710648 v fanout377/X (sky130_fd_sc_hd__clkbuf_2)
                                                         net377 (net)
                      0.214111    0.001606   78.712257 v fanout376/A (sky130_fd_sc_hd__clkbuf_4)
    10    0.048717    0.185047    0.428933   79.141190 v fanout376/X (sky130_fd_sc_hd__clkbuf_4)
                                                         net376 (net)
                      0.185061    0.001755   79.142944 v _29087_/S (sky130_fd_sc_hd__mux2_1)
     3    0.013097    0.204432    0.861292   80.004234 v _29087_/X (sky130_fd_sc_hd__mux2_1)
                                                         _04839_ (net)
                      0.204432    0.000490   80.004730 v _29089_/B (sky130_fd_sc_hd__and2_1)
     1    0.001537    0.058599    0.365624   80.370354 v _29089_/X (sky130_fd_sc_hd__and2_1)
                                                         _04841_ (net)
                      0.058599    0.000028   80.370377 v _29090_/B (sky130_fd_sc_hd__or2_1)
     2    0.007276    0.135203    0.505423   80.875801 v _29090_/X (sky130_fd_sc_hd__or2_1)
                                                         _04842_ (net)
                      0.135203    0.000128   80.875931 v _29092_/B (sky130_fd_sc_hd__or2_1)
     2    0.007476    0.137147    0.536254   81.412186 v _29092_/X (sky130_fd_sc_hd__or2_1)
                                                         _04844_ (net)
                      0.137147    0.000199   81.412384 v _29151_/A (sky130_fd_sc_hd__or3b_1)
     1    0.001728    0.125376    0.849077   82.261459 v _29151_/X (sky130_fd_sc_hd__or3b_1)
                                                         _04903_ (net)
                      0.125376    0.000036   82.261497 v _29152_/C (sky130_fd_sc_hd__or3_1)
     3    0.011507    0.228171    0.860162   83.121658 v _29152_/X (sky130_fd_sc_hd__or3_1)
                                                         _04904_ (net)
                      0.228171    0.000490   83.122147 v _29177_/A1 (sky130_fd_sc_hd__a2111o_1)
     2    0.008290    0.160575    0.836025   83.958176 v _29177_/X (sky130_fd_sc_hd__a2111o_1)
                                                         _04929_ (net)
                      0.160575    0.000320   83.958496 v _29182_/A1 (sky130_fd_sc_hd__a21oi_2)
     5    0.022209    0.461460    0.485223   84.443718 ^ _29182_/Y (sky130_fd_sc_hd__a21oi_2)
                                                         _04934_ (net)
                      0.461461    0.000639   84.444351 ^ _29197_/A2 (sky130_fd_sc_hd__o311ai_4)
     5    0.020870    0.253549    0.387338   84.831696 v _29197_/Y (sky130_fd_sc_hd__o311ai_4)
                                                         _04949_ (net)
                      0.253549    0.000604   84.832298 v _29200_/A1 (sky130_fd_sc_hd__a21oi_2)
     3    0.031031    0.627887    0.646061   85.478355 ^ _29200_/Y (sky130_fd_sc_hd__a21oi_2)
                                                         _04952_ (net)
                      0.627887    0.000327   85.478683 ^ fanout375/A (sky130_fd_sc_hd__clkbuf_4)
    10    0.046974    0.237914    0.617547   86.096230 ^ fanout375/X (sky130_fd_sc_hd__clkbuf_4)
                                                         net375 (net)
                      0.237914    0.000860   86.097092 ^ fanout374/A (sky130_fd_sc_hd__clkbuf_4)
    10    0.051375    0.254497    0.460233   86.557327 ^ fanout374/X (sky130_fd_sc_hd__clkbuf_4)
                                                         net374 (net)
                      0.254520    0.002551   86.559875 ^ _29228_/S (sky130_fd_sc_hd__mux2_2)
     4    0.021287    0.174867    0.861256   87.421127 v _29228_/X (sky130_fd_sc_hd__mux2_2)
                                                         _04980_ (net)
                      0.174977    0.001414   87.422546 v _29229_/B (sky130_fd_sc_hd__xnor2_1)
     3    0.011148    0.219708    0.348891   87.771439 v _29229_/Y (sky130_fd_sc_hd__xnor2_1)
                                                         _04981_ (net)
                      0.219708    0.000185   87.771622 v _29243_/A (sky130_fd_sc_hd__or4_1)
     2    0.006924    0.228002    1.336957   89.108574 v _29243_/X (sky130_fd_sc_hd__or4_1)
                                                         _04995_ (net)
                      0.228002    0.000156   89.108734 v _29244_/B (sky130_fd_sc_hd__or2_1)
     1    0.003534    0.103658    0.530065   89.638802 v _29244_/X (sky130_fd_sc_hd__or2_1)
                                                         _04996_ (net)
                      0.103658    0.000107   89.638908 v _29326_/B1 (sky130_fd_sc_hd__a211o_1)
     1    0.002687    0.083814    0.505509   90.144417 v _29326_/X (sky130_fd_sc_hd__a211o_1)
                                                         _05078_ (net)
                      0.083814    0.000078   90.144493 v _29336_/A1 (sky130_fd_sc_hd__a311oi_1)
     1    0.003724    0.381485    0.403659   90.548149 ^ _29336_/Y (sky130_fd_sc_hd__a311oi_1)
                                                         _05088_ (net)
                      0.381485    0.000114   90.548264 ^ fanout373/A (sky130_fd_sc_hd__clkbuf_2)
     5    0.034363    0.296701    0.483354   91.031616 ^ fanout373/X (sky130_fd_sc_hd__clkbuf_2)
                                                         net373 (net)
                      0.296701    0.000519   91.032135 ^ fanout372/A (sky130_fd_sc_hd__clkbuf_4)
    10    0.045333    0.228356    0.467189   91.499329 ^ fanout372/X (sky130_fd_sc_hd__clkbuf_4)
                                                         net372 (net)
                      0.228356    0.000718   91.500046 ^ fanout371/A (sky130_fd_sc_hd__clkbuf_4)
    10    0.050308    0.249637    0.453078   91.953125 ^ fanout371/X (sky130_fd_sc_hd__clkbuf_4)
                                                         net371 (net)
                      0.249649    0.001975   91.955093 ^ _29357_/S (sky130_fd_sc_hd__mux2_1)
     3    0.014044    0.210123    0.899583   92.854683 v _29357_/X (sky130_fd_sc_hd__mux2_1)
                                                         _05109_ (net)
                      0.210123    0.000824   92.855507 v _29360_/B (sky130_fd_sc_hd__nand2_1)
     1    0.003357    0.091228    0.170481   93.025986 ^ _29360_/Y (sky130_fd_sc_hd__nand2_1)
                                                         _05112_ (net)
                      0.091228    0.000078   93.026062 ^ _29361_/B (sky130_fd_sc_hd__nand2_1)
     3    0.011007    0.196585    0.210513   93.236572 v _29361_/Y (sky130_fd_sc_hd__nand2_1)
                                                         _05113_ (net)
                      0.196585    0.000178   93.236755 v _29381_/A1 (sky130_fd_sc_hd__o41a_1)
     3    0.012839    0.208652    0.959581   94.196335 v _29381_/X (sky130_fd_sc_hd__o41a_1)
                                                         _05133_ (net)
                      0.208652    0.000561   94.196892 v _29404_/A (sky130_fd_sc_hd__or3_1)
     2    0.008014    0.188736    0.971696   95.168587 v _29404_/X (sky130_fd_sc_hd__or3_1)
                                                         _05156_ (net)
                      0.188736    0.000227   95.168816 v _29437_/A1 (sky130_fd_sc_hd__a211o_1)
     3    0.014671    0.182858    0.650353   95.819168 v _29437_/X (sky130_fd_sc_hd__a211o_1)
                                                         _05189_ (net)
                      0.182858    0.000583   95.819756 v _29480_/A1 (sky130_fd_sc_hd__a21o_1)
     2    0.005892    0.084253    0.360203   96.179955 v _29480_/X (sky130_fd_sc_hd__a21o_1)
                                                         _05232_ (net)
                      0.084253    0.000149   96.180107 v _29491_/A1 (sky130_fd_sc_hd__a21oi_1)
     2    0.015770    0.564858    0.509566   96.689667 ^ _29491_/Y (sky130_fd_sc_hd__a21oi_1)
                                                         _05243_ (net)
                      0.564858    0.000462   96.690132 ^ fanout370/A (sky130_fd_sc_hd__clkbuf_4)
    10    0.051301    0.256303    0.603144   97.293274 ^ fanout370/X (sky130_fd_sc_hd__clkbuf_4)
                                                         net370 (net)
                      0.256340    0.003126   97.296402 ^ _29517_/S (sky130_fd_sc_hd__mux2_1)
     4    0.013257    0.204704    0.894197   98.190598 v _29517_/X (sky130_fd_sc_hd__mux2_1)
                                                         _05269_ (net)
                      0.204704    0.000206   98.190804 v _29541_/B1 (sky130_fd_sc_hd__a2bb2o_1)
     1    0.002783    0.098677    0.637684   98.828491 v _29541_/X (sky130_fd_sc_hd__a2bb2o_1)
                                                         _05293_ (net)
                      0.098677    0.000078   98.828568 v _29542_/B1 (sky130_fd_sc_hd__o21a_1)
     2    0.006073    0.093721    0.231218   99.059784 v _29542_/X (sky130_fd_sc_hd__o21a_1)
                                                         _05294_ (net)
                      0.093721    0.000206   99.059990 v _29543_/B1 (sky130_fd_sc_hd__a211o_1)
     2    0.005837    0.112909    0.541078   99.601067 v _29543_/X (sky130_fd_sc_hd__a211o_1)
                                                         _05295_ (net)
                      0.112909    0.000142   99.601212 v _29554_/A2 (sky130_fd_sc_hd__o2111a_1)
     2    0.008020    0.117335    0.469200  100.070412 v _29554_/X (sky130_fd_sc_hd__o2111a_1)
                                                         _05306_ (net)
                      0.117335    0.000291  100.070702 v _29558_/A3 (sky130_fd_sc_hd__o31a_1)
     4    0.017335    0.199865    0.601261  100.671967 v _29558_/X (sky130_fd_sc_hd__o31a_1)
                                                         _05310_ (net)
                      0.199865    0.000902  100.672867 v _29588_/A1 (sky130_fd_sc_hd__a21o_1)
     4    0.019312    0.185141    0.461341  101.134209 v _29588_/X (sky130_fd_sc_hd__a21o_1)
                                                         _05340_ (net)
                      0.185141    0.000760  101.134972 v _29617_/A1 (sky130_fd_sc_hd__a21oi_2)
     5    0.021738    0.453421    0.489528  101.624496 ^ _29617_/Y (sky130_fd_sc_hd__a21oi_2)
                                                         _05369_ (net)
                      0.453422    0.000696  101.625191 ^ _29643_/A1 (sky130_fd_sc_hd__o21a_2)
     9    0.036369    0.315058    0.599712  102.224907 ^ _29643_/X (sky130_fd_sc_hd__o21a_2)
                                                         _05395_ (net)
                      0.315078    0.002728  102.227631 ^ _29645_/B (sky130_fd_sc_hd__nor2_1)
     2    0.019893    0.194584    0.287024  102.514656 v _29645_/Y (sky130_fd_sc_hd__nor2_1)
                                                         _05397_ (net)
                      0.194584    0.000490  102.515144 v fanout366/A (sky130_fd_sc_hd__clkbuf_4)
    10    0.058916    0.217728    0.444899  102.960045 v fanout366/X (sky130_fd_sc_hd__clkbuf_4)
                                                         net366 (net)
                      0.217731    0.001251  102.961296 v _29762_/S (sky130_fd_sc_hd__mux2_1)
     4    0.015267    0.219206    0.893628  103.854927 v _29762_/X (sky130_fd_sc_hd__mux2_1)
                                                         _05514_ (net)
                      0.219206    0.000362  103.855286 v _29764_/B (sky130_fd_sc_hd__xnor2_1)
     4    0.014107    0.568184    0.557165  104.412453 ^ _29764_/Y (sky130_fd_sc_hd__xnor2_1)
                                                         _05516_ (net)
                      0.568184    0.000263  104.412720 ^ _29780_/B (sky130_fd_sc_hd__and4_1)
     2    0.006149    0.147044    0.582162  104.994881 ^ _29780_/X (sky130_fd_sc_hd__and4_1)
                                                         _05532_ (net)
                      0.147044    0.000171  104.995049 ^ _29801_/A (sky130_fd_sc_hd__nand2_1)
     2    0.004711    0.102443    0.150528  105.145576 v _29801_/Y (sky130_fd_sc_hd__nand2_1)
                                                         _05553_ (net)
                      0.102443    0.000099  105.145676 v _29802_/A_N (sky130_fd_sc_hd__nand3b_2)
     4    0.018969    0.296526    0.589694  105.735367 v _29802_/Y (sky130_fd_sc_hd__nand3b_2)
                                                         _05554_ (net)
                      0.296526    0.000732  105.736099 v _29820_/A1 (sky130_fd_sc_hd__a21oi_2)
     4    0.032072    0.646738    0.677929  106.414032 ^ _29820_/Y (sky130_fd_sc_hd__a21oi_2)
                                                         _05572_ (net)
                      0.646745    0.001897  106.415932 ^ fanout362/A (sky130_fd_sc_hd__clkbuf_4)
    10    0.050028    0.251372    0.633250  107.049179 ^ fanout362/X (sky130_fd_sc_hd__clkbuf_4)
                                                         net362 (net)
                      0.251377    0.001613  107.050789 ^ fanout361/A (sky130_fd_sc_hd__buf_2)
    10    0.035447    0.281456    0.432010  107.482803 ^ fanout361/X (sky130_fd_sc_hd__buf_2)
                                                         net361 (net)
                      0.281456    0.000732  107.483536 ^ _29877_/S (sky130_fd_sc_hd__mux2_1)
     3    0.013806    0.208371    0.906375  108.389908 v _29877_/X (sky130_fd_sc_hd__mux2_1)
                                                         _05629_ (net)
                      0.208371    0.000533  108.390442 v _29879_/B (sky130_fd_sc_hd__xnor2_1)
     3    0.008710    0.184473    0.336634  108.727074 v _29879_/Y (sky130_fd_sc_hd__xnor2_1)
                                                         _05631_ (net)
                      0.184473    0.000178  108.727249 v _29880_/B (sky130_fd_sc_hd__or3b_1)
     1    0.002154    0.129641    0.824961  109.552216 v _29880_/X (sky130_fd_sc_hd__or3b_1)
                                                         _05632_ (net)
                      0.129641    0.000043  109.552254 v _29881_/C (sky130_fd_sc_hd__or4b_2)
     2    0.017415    0.321891    1.658918  111.211174 v _29881_/X (sky130_fd_sc_hd__or4b_2)
                                                         _05633_ (net)
                      0.322019    0.001329  111.212502 v _29966_/A (sky130_fd_sc_hd__or2_2)
     5    0.022245    0.202660    0.903370  112.115875 v _29966_/X (sky130_fd_sc_hd__or2_2)
                                                         _05718_ (net)
                      0.202660    0.000618  112.116493 v _29999_/A1 (sky130_fd_sc_hd__a311oi_4)
     7    0.028638    0.668774    0.674945  112.791435 ^ _29999_/Y (sky130_fd_sc_hd__a311oi_4)
                                                         _05751_ (net)
                      0.668774    0.001336  112.792770 ^ _30005_/B (sky130_fd_sc_hd__or3_4)
     4    0.048325    0.238736    0.602775  113.395546 ^ _30005_/X (sky130_fd_sc_hd__or3_4)
                                                         _05757_ (net)
                      0.238736    0.000789  113.396332 ^ fanout358/A (sky130_fd_sc_hd__clkbuf_4)
    10    0.059565    0.290496    0.486452  113.882790 ^ fanout358/X (sky130_fd_sc_hd__clkbuf_4)
                                                         net358 (net)
                      0.290506    0.002110  113.884895 ^ fanout357/A (sky130_fd_sc_hd__buf_2)
    10    0.043539    0.341791    0.489699  114.374596 ^ fanout357/X (sky130_fd_sc_hd__buf_2)
                                                         net357 (net)
                      0.341809    0.002778  114.377373 ^ _30047_/B (sky130_fd_sc_hd__nor2_1)
     2    0.005215    0.097417    0.184862  114.562233 v _30047_/Y (sky130_fd_sc_hd__nor2_1)
                                                         _05799_ (net)
                      0.097417    0.000121  114.562355 v _30049_/A (sky130_fd_sc_hd__or2_2)
     5    0.020518    0.196917    0.802523  115.364883 v _30049_/X (sky130_fd_sc_hd__or2_2)
                                                         _05801_ (net)
                      0.196926    0.000817  115.365700 v _30051_/B (sky130_fd_sc_hd__xnor2_1)
     3    0.010986    0.451384    0.470010  115.835709 ^ _30051_/Y (sky130_fd_sc_hd__xnor2_1)
                                                         _05803_ (net)
                      0.451384    0.000284  115.835991 ^ _30058_/C_N (sky130_fd_sc_hd__or4bb_1)
     2    0.012027    0.282773    1.372754  117.208748 v _30058_/X (sky130_fd_sc_hd__or4bb_1)
                                                         _05810_ (net)
                      0.282773    0.000611  117.209358 v _30208_/C1 (sky130_fd_sc_hd__a2111o_1)
     4    0.012227    0.201540    0.856950  118.066307 v _30208_/X (sky130_fd_sc_hd__a2111o_1)
                                                         _05960_ (net)
                      0.201540    0.000178  118.066483 v _30210_/C (sky130_fd_sc_hd__nand4_1)
     1    0.003607    0.126273    0.211216  118.277702 ^ _30210_/Y (sky130_fd_sc_hd__nand4_1)
                                                         _05962_ (net)
                      0.126273    0.000085  118.277786 ^ fanout355/A (sky130_fd_sc_hd__clkbuf_4)
     7    0.076390    0.364613    0.488548  118.766335 ^ fanout355/X (sky130_fd_sc_hd__clkbuf_4)
                                                         net355 (net)
                      0.364616    0.000952  118.767288 ^ fanout354/A (sky130_fd_sc_hd__clkbuf_4)
    10    0.052036    0.258083    0.518220  119.285507 ^ fanout354/X (sky130_fd_sc_hd__clkbuf_4)
                                                         net354 (net)
                      0.258097    0.002160  119.287666 ^ fanout353/A (sky130_fd_sc_hd__clkbuf_4)
    10    0.057527    0.281695    0.488285  119.775948 ^ fanout353/X (sky130_fd_sc_hd__clkbuf_4)
                                                         net353 (net)
                      0.281764    0.004277  119.780228 ^ _30258_/S (sky130_fd_sc_hd__mux2_2)
     4    0.017664    0.161255    0.853831  120.634056 v _30258_/X (sky130_fd_sc_hd__mux2_2)
                                                         _06010_ (net)
                      0.161255    0.000796  120.634857 v _30260_/B (sky130_fd_sc_hd__xnor2_2)
     4    0.013060    0.172652    0.329919  120.964775 v _30260_/Y (sky130_fd_sc_hd__xnor2_2)
                                                         _06012_ (net)
                      0.172652    0.000256  120.965027 v _30280_/A (sky130_fd_sc_hd__or4_1)
     1    0.002794    0.176358    1.235705  122.200737 v _30280_/X (sky130_fd_sc_hd__or4_1)
                                                         _06032_ (net)
                      0.176358    0.000114  122.200851 v _30281_/D (sky130_fd_sc_hd__or4_2)
     3    0.016574    0.318647    1.514223  123.715073 v _30281_/X (sky130_fd_sc_hd__or4_2)
                                                         _06033_ (net)
                      0.318647    0.000853  123.715927 v _30285_/A (sky130_fd_sc_hd__and2_1)
     3    0.012131    0.143069    0.471971  124.187897 v _30285_/X (sky130_fd_sc_hd__and2_1)
                                                         _06037_ (net)
                      0.143069    0.000284  124.188179 v _30354_/A1 (sky130_fd_sc_hd__o211a_2)
     6    0.028084    0.173364    0.637399  124.825577 v _30354_/X (sky130_fd_sc_hd__o211a_2)
                                                         _06106_ (net)
                      0.173376    0.001620  124.827202 v _30405_/A1 (sky130_fd_sc_hd__o211ai_1)
     1    0.004792    0.301792    0.375621  125.202820 ^ _30405_/Y (sky130_fd_sc_hd__o211ai_1)
                                                         _06157_ (net)
                      0.301792    0.000171  125.202988 ^ fanout350/A (sky130_fd_sc_hd__clkbuf_4)
     9    0.071520    0.343150    0.552475  125.755470 ^ fanout350/X (sky130_fd_sc_hd__clkbuf_4)
                                                         net350 (net)
                      0.343189    0.003809  125.759277 ^ fanout349/A (sky130_fd_sc_hd__clkbuf_4)
     9    0.051140    0.254259    0.505125  126.264397 ^ fanout349/X (sky130_fd_sc_hd__clkbuf_4)
                                                         net349 (net)
                      0.254292    0.003041  126.267441 ^ fanout348/A (sky130_fd_sc_hd__clkbuf_4)
    10    0.057698    0.282252    0.487830  126.755272 ^ fanout348/X (sky130_fd_sc_hd__clkbuf_4)
                                                         net348 (net)
                      0.282283    0.003070  126.758339 ^ _30429_/S (sky130_fd_sc_hd__mux2_1)
     4    0.014294    0.211984    0.910404  127.668747 v _30429_/X (sky130_fd_sc_hd__mux2_1)
                                                         _06181_ (net)
                      0.211984    0.000625  127.669373 v _30431_/B (sky130_fd_sc_hd__xnor2_1)
     3    0.010886    0.213051    0.363471  128.032837 v _30431_/Y (sky130_fd_sc_hd__xnor2_1)
                                                         _06183_ (net)
                      0.213051    0.000213  128.033051 v _30483_/A (sky130_fd_sc_hd__or4b_1)
     1    0.003656    0.187145    1.269541  129.302597 v _30483_/X (sky130_fd_sc_hd__or4b_1)
                                                         _06235_ (net)
                      0.187145    0.000114  129.302704 v _30484_/C1 (sky130_fd_sc_hd__a311o_1)
     4    0.019679    0.235212    0.709093  130.011795 v _30484_/X (sky130_fd_sc_hd__a311o_1)
                                                         _06236_ (net)
                      0.235214    0.001208  130.013016 v _30544_/A2 (sky130_fd_sc_hd__a211o_1)
     5    0.019717    0.220336    0.756600  130.769608 v _30544_/X (sky130_fd_sc_hd__a211o_1)
                                                         _06296_ (net)
                      0.220336    0.000753  130.770370 v _30582_/A1 (sky130_fd_sc_hd__a211o_2)
     9    0.037930    0.232599    0.803993  131.574356 v _30582_/X (sky130_fd_sc_hd__a211o_2)
                                                         _06334_ (net)
                      0.232628    0.002672  131.577026 v _30585_/A (sky130_fd_sc_hd__nand2_1)
     1    0.003584    0.092991    0.168498  131.745529 ^ _30585_/Y (sky130_fd_sc_hd__nand2_1)
                                                         _06337_ (net)
                      0.092991    0.000114  131.745636 ^ fanout347/A (sky130_fd_sc_hd__clkbuf_4)
     7    0.065459    0.315591    0.434909  132.180542 ^ fanout347/X (sky130_fd_sc_hd__clkbuf_4)
                                                         net347 (net)
                      0.315615    0.002359  132.182907 ^ fanout346/A (sky130_fd_sc_hd__buf_2)
    10    0.043114    0.338756    0.496968  132.679871 ^ fanout346/X (sky130_fd_sc_hd__buf_2)
                                                         net346 (net)
                      0.338762    0.001990  132.681870 ^ _30586_/A (sky130_fd_sc_hd__inv_2)
     7    0.024147    0.138218    0.235460  132.917328 v _30586_/Y (sky130_fd_sc_hd__inv_2)
                                                         _06338_ (net)
                      0.138218    0.000654  132.917984 v _30598_/A (sky130_fd_sc_hd__or3_1)
     1    0.003843    0.146908    0.883830  133.801804 v _30598_/X (sky130_fd_sc_hd__or3_1)
                                                         _06350_ (net)
                      0.146908    0.000128  133.801941 v _30599_/B1 (sky130_fd_sc_hd__o21a_1)
     4    0.014376    0.163065    0.319744  134.121674 v _30599_/X (sky130_fd_sc_hd__o21a_1)
                                                         _06351_ (net)
                      0.163065    0.000313  134.121994 v _30602_/B (sky130_fd_sc_hd__xnor2_1)
     4    0.010457    0.208921    0.335234  134.457230 v _30602_/Y (sky130_fd_sc_hd__xnor2_1)
                                                         _06354_ (net)
                      0.208921    0.000185  134.457413 v _30739_/A (sky130_fd_sc_hd__or4b_1)
     1    0.003277    0.181738    1.258329  135.715744 v _30739_/X (sky130_fd_sc_hd__or4b_1)
                                                         _06491_ (net)
                      0.181738    0.000099  135.715836 v _30740_/B1 (sky130_fd_sc_hd__o211a_1)
     2    0.005365    0.094502    0.303842  136.019684 v _30740_/X (sky130_fd_sc_hd__o211a_1)
                                                         _06492_ (net)
                      0.094502    0.000142  136.019821 v _30766_/A3 (sky130_fd_sc_hd__a31o_2)
     7    0.037465    0.203981    0.605724  136.625549 v _30766_/X (sky130_fd_sc_hd__a31o_2)
                                                         _06518_ (net)
                      0.204000    0.002061  136.627609 v _30783_/A (sky130_fd_sc_hd__nand2_1)
     1    0.004949    0.105649    0.173301  136.800903 ^ _30783_/Y (sky130_fd_sc_hd__nand2_1)
                                                         _06535_ (net)
                      0.105649    0.000171  136.801086 ^ fanout343/A (sky130_fd_sc_hd__clkbuf_4)
     6    0.073240    0.349538    0.467082  137.268158 ^ fanout343/X (sky130_fd_sc_hd__clkbuf_4)
                                                         net343 (net)
                      0.349664    0.001222  137.269379 ^ fanout342/A (sky130_fd_sc_hd__clkbuf_4)
    10    0.057627    0.282553    0.528928  137.798309 ^ fanout342/X (sky130_fd_sc_hd__clkbuf_4)
                                                         net342 (net)
                      0.282553    0.000639  137.798950 ^ fanout341/A (sky130_fd_sc_hd__clkbuf_4)
    10    0.057294    0.280534    0.499270  138.298218 ^ fanout341/X (sky130_fd_sc_hd__clkbuf_4)
                                                         net341 (net)
                      0.280534    0.001037  138.299255 ^ _30858_/S (sky130_fd_sc_hd__mux2_1)
     4    0.013586    0.206727    0.904436  139.203690 v _30858_/X (sky130_fd_sc_hd__mux2_1)
                                                         _06610_ (net)
                      0.206727    0.000369  139.204071 v _30888_/A2_N (sky130_fd_sc_hd__a2bb2o_1)
     2    0.006506    0.124657    0.575497  139.779556 ^ _30888_/X (sky130_fd_sc_hd__a2bb2o_1)
                                                         _06640_ (net)
                      0.124657    0.000142  139.779709 ^ _30890_/A4 (sky130_fd_sc_hd__a41o_1)
     2    0.009151    0.170037    0.469271  140.248978 ^ _30890_/X (sky130_fd_sc_hd__a41o_1)
                                                         _06642_ (net)
                      0.170037    0.000298  140.249268 ^ _30891_/A3 (sky130_fd_sc_hd__a32o_1)
     1    0.009911    0.199074    0.467665  140.716934 ^ _30891_/X (sky130_fd_sc_hd__a32o_1)
                                                         _06643_ (net)
                      0.199074    0.000327  140.717270 ^ _30894_/B1 (sky130_fd_sc_hd__a221oi_4)
     3    0.015325    0.164393    0.188209  140.905472 v _30894_/Y (sky130_fd_sc_hd__a221oi_4)
                                                         _06646_ (net)
                      0.164398    0.001108  140.906586 v _30915_/B (sky130_fd_sc_hd__or4bb_1)
     2    0.006811    0.218379    1.202110  142.108688 v _30915_/X (sky130_fd_sc_hd__or4bb_1)
                                                         _06667_ (net)
                      0.218379    0.000213  142.108902 v _30952_/A1 (sky130_fd_sc_hd__a21bo_1)
     2    0.008858    0.110063    0.417927  142.526840 v _30952_/X (sky130_fd_sc_hd__a21bo_1)
                                                         _06704_ (net)
                      0.110063    0.000327  142.527161 v _30959_/A1 (sky130_fd_sc_hd__a211o_2)
     9    0.039398    0.238928    0.764459  143.291626 v _30959_/X (sky130_fd_sc_hd__a211o_2)
                                                         _06711_ (net)
                      0.238972    0.003197  143.294815 v _30960_/B (sky130_fd_sc_hd__nand2_1)
     1    0.003462    0.096785    0.183150  143.477966 ^ _30960_/Y (sky130_fd_sc_hd__nand2_1)
                                                         _06712_ (net)
                      0.096785    0.000114  143.478073 ^ fanout339/A (sky130_fd_sc_hd__buf_4)
     7    0.086963    0.385400    0.444771  143.922852 ^ fanout339/X (sky130_fd_sc_hd__buf_4)
                                                         net339 (net)
                      0.385403    0.000838  143.923691 ^ fanout337/A (sky130_fd_sc_hd__clkbuf_4)
    10    0.058978    0.288395    0.549804  144.473495 ^ fanout337/X (sky130_fd_sc_hd__clkbuf_4)
                                                         net337 (net)
                      0.288395    0.001123  144.474609 ^ _31052_/S (sky130_fd_sc_hd__mux2_1)
     4    0.015754    0.222949    0.923478  145.398087 v _31052_/X (sky130_fd_sc_hd__mux2_1)
                                                         _06804_ (net)
                      0.222949    0.000625  145.398712 v _31053_/B (sky130_fd_sc_hd__xnor2_1)
     3    0.010799    0.445120    0.476405  145.875122 ^ _31053_/Y (sky130_fd_sc_hd__xnor2_1)
                                                         _06805_ (net)
                      0.445120    0.000298  145.875427 ^ _31054_/D (sky130_fd_sc_hd__and4bb_1)
     2    0.007341    0.164038    0.572854  146.448273 ^ _31054_/X (sky130_fd_sc_hd__and4bb_1)
                                                         _06806_ (net)
                      0.164038    0.000213  146.448486 ^ _31079_/A (sky130_fd_sc_hd__and4_1)
     1    0.004265    0.122338    0.394323  146.842819 ^ _31079_/X (sky130_fd_sc_hd__and4_1)
                                                         _06831_ (net)
                      0.122338    0.000156  146.842972 ^ _31080_/C_N (sky130_fd_sc_hd__or3b_1)
     3    0.012844    0.239488    0.956476  147.799438 v _31080_/X (sky130_fd_sc_hd__or3b_1)
                                                         _06832_ (net)
                      0.239488    0.000639  147.800079 v _31139_/A1 (sky130_fd_sc_hd__a211o_1)
     3    0.015348    0.187656    0.675470  148.475555 v _31139_/X (sky130_fd_sc_hd__a211o_1)
                                                         _06891_ (net)
                      0.187656    0.000668  148.476227 v _31152_/A1 (sky130_fd_sc_hd__a2111o_4)
     9    0.040768    0.208179    1.018393  149.494614 v _31152_/X (sky130_fd_sc_hd__a2111o_4)
                                                         _06904_ (net)
                      0.208179    0.000909  149.495529 v _31154_/B (sky130_fd_sc_hd__nand2_1)
     1    0.004035    0.097668    0.177565  149.673096 ^ _31154_/Y (sky130_fd_sc_hd__nand2_1)
                                                         _06906_ (net)
                      0.097668    0.000128  149.673218 ^ fanout336/A (sky130_fd_sc_hd__clkbuf_4)
     8    0.072945    0.348353    0.461981  150.135193 ^ fanout336/X (sky130_fd_sc_hd__clkbuf_4)
                                                         net336 (net)
                      0.348356    0.000938  150.136139 ^ fanout335/A (sky130_fd_sc_hd__clkbuf_4)
     8    0.055180    0.271754    0.520927  150.657059 ^ fanout335/X (sky130_fd_sc_hd__clkbuf_4)
                                                         net335 (net)
                      0.271783    0.002956  150.660019 ^ fanout334/A (sky130_fd_sc_hd__clkbuf_4)
    10    0.055180    0.271518    0.486651  151.146667 ^ fanout334/X (sky130_fd_sc_hd__clkbuf_4)
                                                         net334 (net)
                      0.271585    0.004121  151.150787 ^ _31219_/S (sky130_fd_sc_hd__mux2_1)
     4    0.015324    0.219667    0.915705  152.066498 v _31219_/X (sky130_fd_sc_hd__mux2_1)
                                                         _06971_ (net)
                      0.219667    0.000369  152.066864 v _31220_/B (sky130_fd_sc_hd__xnor2_1)
     4    0.013653    0.260528    0.399069  152.465927 v _31220_/Y (sky130_fd_sc_hd__xnor2_1)
                                                         _06972_ (net)
                      0.260528    0.000483  152.466415 v _31237_/A (sky130_fd_sc_hd__or4_1)
     1    0.003983    0.195192    1.298361  153.764771 v _31237_/X (sky130_fd_sc_hd__or4_1)
                                                         _06989_ (net)
                      0.195192    0.000128  153.764908 v _31238_/B1 (sky130_fd_sc_hd__a211o_1)
     2    0.011313    0.161616    0.634287  154.399200 v _31238_/X (sky130_fd_sc_hd__a211o_1)
                                                         _06990_ (net)
                      0.161616    0.000583  154.399780 v _31266_/A1 (sky130_fd_sc_hd__a21o_1)
     4    0.017915    0.174372    0.435989  154.835770 v _31266_/X (sky130_fd_sc_hd__a21o_1)
                                                         _07018_ (net)
                      0.174375    0.001037  154.836807 v _31299_/A1 (sky130_fd_sc_hd__a21o_1)
     4    0.013816    0.142987    0.416549  155.253357 v _31299_/X (sky130_fd_sc_hd__a21o_1)
                                                         _07051_ (net)
                      0.142987    0.000426  155.253784 v _31332_/A1 (sky130_fd_sc_hd__a21oi_2)
     4    0.017018    0.365378    0.406175  155.659958 ^ _31332_/Y (sky130_fd_sc_hd__a21oi_2)
                                                         _07084_ (net)
                      0.365379    0.000611  155.660568 ^ _31341_/A1 (sky130_fd_sc_hd__o211ai_2)
     2    0.019790    0.315105    0.434753  156.095322 v _31341_/Y (sky130_fd_sc_hd__o211ai_2)
                                                         _07093_ (net)
                      0.315105    0.000753  156.096069 v fanout328/A (sky130_fd_sc_hd__clkbuf_4)
    10    0.068463    0.248622    0.525404  156.621475 v fanout328/X (sky130_fd_sc_hd__clkbuf_4)
                                                         net328 (net)
                      0.248682    0.003681  156.625153 v _31389_/A2 (sky130_fd_sc_hd__a21o_1)
     3    0.021160    0.199734    0.521794  157.146942 v _31389_/X (sky130_fd_sc_hd__a21o_1)
                                                         _07141_ (net)
                      0.199748    0.001847  157.148788 v _31392_/C (sky130_fd_sc_hd__and3_1)
     3    0.008546    0.117471    0.475680  157.624481 v _31392_/X (sky130_fd_sc_hd__and3_1)
                                                         _07144_ (net)
                      0.117471    0.000227  157.624695 v _31395_/C (sky130_fd_sc_hd__or4_1)
     3    0.011276    0.281323    1.269982  158.894684 v _31395_/X (sky130_fd_sc_hd__or4_1)
                                                         _07147_ (net)
                      0.281323    0.000483  158.895172 v _31438_/A (sky130_fd_sc_hd__or4b_4)
     3    0.074682    0.351051    1.416822  160.311981 v _31438_/X (sky130_fd_sc_hd__or4b_4)
                                                         _07190_ (net)
                      0.351051    0.000824  160.312820 v _31442_/B1 (sky130_fd_sc_hd__o2111ai_4)
     5    0.048077    0.641481    0.446576  160.759384 ^ _31442_/Y (sky130_fd_sc_hd__o2111ai_4)
                                                         _07194_ (net)
                      0.641513    0.003539  160.762924 ^ _31506_/A1 (sky130_fd_sc_hd__a41o_2)
     6    0.028420    0.253105    0.768367  161.531296 ^ _31506_/X (sky130_fd_sc_hd__a41o_2)
                                                         _07258_ (net)
                      0.253114    0.001862  161.533157 ^ _31561_/A2 (sky130_fd_sc_hd__a31o_1)
     1    0.004013    0.097235    0.366697  161.899857 ^ _31561_/X (sky130_fd_sc_hd__a31o_1)
                                                         _07313_ (net)
                      0.097235    0.000099  161.899948 ^ fanout325/A (sky130_fd_sc_hd__buf_4)
     9    0.080423    0.358276    0.424933  162.324890 ^ fanout325/X (sky130_fd_sc_hd__buf_4)
                                                         net325 (net)
                      0.358279    0.000909  162.325790 ^ fanout324/A (sky130_fd_sc_hd__clkbuf_4)
     8    0.058740    0.287293    0.536872  162.862671 ^ fanout324/X (sky130_fd_sc_hd__clkbuf_4)
                                                         net324 (net)
                      0.287341    0.003723  162.866394 ^ _31566_/S (sky130_fd_sc_hd__mux2_1)
     3    0.008398    0.162939    0.846541  163.712936 v _31566_/X (sky130_fd_sc_hd__mux2_1)
                                                         _07318_ (net)
                      0.162939    0.000199  163.713135 v _31598_/B (sky130_fd_sc_hd__and2_1)
     1    0.002824    0.068399    0.358710  164.071838 v _31598_/X (sky130_fd_sc_hd__and2_1)
                                                         _07350_ (net)
                      0.068399    0.000057  164.071899 v _31599_/B (sky130_fd_sc_hd__nor2_1)
     3    0.011490    0.367123    0.320753  164.392654 ^ _31599_/Y (sky130_fd_sc_hd__nor2_1)
                                                         _07351_ (net)
                      0.367123    0.000185  164.392838 ^ _31600_/B (sky130_fd_sc_hd__nand2_1)
     2    0.011622    0.241847    0.321847  164.714676 v _31600_/Y (sky130_fd_sc_hd__nand2_1)
                                                         _07352_ (net)
                      0.241847    0.000284  164.714966 v _31614_/A (sky130_fd_sc_hd__or3b_1)
     1    0.008765    0.199026    1.005148  165.720108 v _31614_/X (sky130_fd_sc_hd__or3b_1)
                                                         _07366_ (net)
                      0.199026    0.000270  165.720383 v _31618_/A2 (sky130_fd_sc_hd__o221ai_4)
     5    0.042389    0.618712    0.604786  166.325165 ^ _31618_/Y (sky130_fd_sc_hd__o221ai_4)
                                                         _07370_ (net)
                      0.618777    0.004931  166.330109 ^ _31676_/A1 (sky130_fd_sc_hd__a311o_2)
     5    0.031602    0.291549    0.745672  167.075775 ^ _31676_/X (sky130_fd_sc_hd__a311o_2)
                                                         _07428_ (net)
                      0.291562    0.002316  167.078094 ^ _31763_/A1 (sky130_fd_sc_hd__a31o_2)
     3    0.043935    0.399672    0.650488  167.728577 ^ _31763_/X (sky130_fd_sc_hd__a31o_2)
                                                         _07515_ (net)
                      0.399672    0.000796  167.729370 ^ fanout321/A (sky130_fd_sc_hd__buf_4)
    11    0.086654    0.384865    0.571475  168.300842 ^ fanout321/X (sky130_fd_sc_hd__buf_4)
                                                         net321 (net)
                      0.385906    0.016470  168.317322 ^ _31783_/B (sky130_fd_sc_hd__or3b_1)
     3    0.007350    0.125343    0.341856  168.659180 ^ _31783_/X (sky130_fd_sc_hd__or3b_1)
                                                         _07535_ (net)
                      0.125343    0.000085  168.659256 ^ _31790_/C_N (sky130_fd_sc_hd__or3b_1)
     2    0.005462    0.166742    0.857014  169.516281 v _31790_/X (sky130_fd_sc_hd__or3b_1)
                                                         _07542_ (net)
                      0.166742    0.000128  169.516403 v _31793_/A1 (sky130_fd_sc_hd__a21o_1)
     2    0.010195    0.118175    0.385810  169.902206 v _31793_/X (sky130_fd_sc_hd__a21o_1)
                                                         _07545_ (net)
                      0.118175    0.000298  169.902512 v _31794_/A2 (sky130_fd_sc_hd__a21o_1)
     3    0.009831    0.115221    0.392646  170.295151 v _31794_/X (sky130_fd_sc_hd__a21o_1)
                                                         _07546_ (net)
                      0.115221    0.000270  170.295425 v _31798_/A2 (sky130_fd_sc_hd__a211o_1)
     3    0.009211    0.141919    0.622904  170.918335 v _31798_/X (sky130_fd_sc_hd__a211o_1)
                                                         _07550_ (net)
                      0.141919    0.000199  170.918533 v _31813_/A2 (sky130_fd_sc_hd__a32o_1)
     1    0.006925    0.105029    0.505395  171.423920 v _31813_/X (sky130_fd_sc_hd__a32o_1)
                                                         _07565_ (net)
                      0.105029    0.000213  171.424133 v _31824_/A1 (sky130_fd_sc_hd__a311o_2)
     5    0.027772    0.203257    0.762441  172.186584 v _31824_/X (sky130_fd_sc_hd__a311o_2)
                                                         _07576_ (net)
                      0.203284    0.002387  172.188965 v _31893_/A1 (sky130_fd_sc_hd__a221o_4)
     7    0.038959    0.178575    0.863011  173.051971 v _31893_/X (sky130_fd_sc_hd__a221o_4)
                                                         _07645_ (net)
                      0.178605    0.002302  173.054276 v _31971_/A1 (sky130_fd_sc_hd__a21o_1)
     1    0.003169    0.062770    0.333500  173.387787 v _31971_/X (sky130_fd_sc_hd__a21o_1)
                                                         _07723_ (net)
                      0.062770    0.000099  173.387878 v fanout317/A (sky130_fd_sc_hd__buf_4)
    10    0.079907    0.197179    0.371600  173.759476 v fanout317/X (sky130_fd_sc_hd__buf_4)
                                                         net317 (net)
                      0.197302    0.001890  173.761368 v fanout316/A (sky130_fd_sc_hd__clkbuf_4)
     8    0.051757    0.194412    0.427008  174.188370 v fanout316/X (sky130_fd_sc_hd__clkbuf_4)
                                                         net316 (net)
                      0.194414    0.001052  174.189423 v fanout315/A (sky130_fd_sc_hd__clkbuf_2)
     5    0.025611    0.184509    0.353140  174.542572 v fanout315/X (sky130_fd_sc_hd__clkbuf_2)
                                                         net315 (net)
                      0.184509    0.000256  174.542831 v fanout314/A (sky130_fd_sc_hd__clkbuf_4)
    10    0.045547    0.175018    0.406772  174.949600 v fanout314/X (sky130_fd_sc_hd__clkbuf_4)
                                                         net314 (net)
                      0.175063    0.002743  174.952332 v _32054_/S (sky130_fd_sc_hd__mux2_1)
     3    0.013556    0.206540    0.862499  175.814835 v _32054_/X (sky130_fd_sc_hd__mux2_1)
                                                         _07806_ (net)
                      0.206540    0.000497  175.815338 v _32056_/B (sky130_fd_sc_hd__xnor2_1)
     3    0.012538    0.503164    0.512586  176.327927 ^ _32056_/Y (sky130_fd_sc_hd__xnor2_1)
                                                         _07808_ (net)
                      0.503164    0.000455  176.328369 ^ _32057_/B (sky130_fd_sc_hd__nand2_1)
     3    0.007912    0.180325    0.318423  176.646805 v _32057_/Y (sky130_fd_sc_hd__nand2_1)
                                                         _07809_ (net)
                      0.180325    0.000199  176.647003 v _32099_/A (sky130_fd_sc_hd__or4_1)
     1    0.003861    0.192253    1.266315  177.913315 v _32099_/X (sky130_fd_sc_hd__or4_1)
                                                         _07851_ (net)
                      0.192253    0.000085  177.913391 v _32103_/B (sky130_fd_sc_hd__and4_1)
     5    0.015186    0.167421    0.514021  178.427414 v _32103_/X (sky130_fd_sc_hd__and4_1)
                                                         _07855_ (net)
                      0.167421    0.000554  178.427979 v _32152_/A2 (sky130_fd_sc_hd__a211o_1)
     2    0.021187    0.231777    0.740158  179.168137 v _32152_/X (sky130_fd_sc_hd__a211o_1)
                                                         _07904_ (net)
                      0.231777    0.000568  179.168701 v fanout313/A (sky130_fd_sc_hd__clkbuf_4)
    10    0.055865    0.208222    0.454165  179.622864 v fanout313/X (sky130_fd_sc_hd__clkbuf_4)
                                                         net313 (net)
                      0.208346    0.004718  179.627579 v _32189_/A (sky130_fd_sc_hd__nand2_2)
     5    0.031121    0.270603    0.301313  179.928894 ^ _32189_/Y (sky130_fd_sc_hd__nand2_2)
                                                         _07941_ (net)
                      0.270611    0.001194  179.930084 ^ fanout312/A (sky130_fd_sc_hd__buf_4)
    10    0.068483    0.307331    0.473079  180.403168 ^ fanout312/X (sky130_fd_sc_hd__buf_4)
                                                         net312 (net)
                      0.307351    0.002714  180.405884 ^ fanout311/A (sky130_fd_sc_hd__clkbuf_4)
    10    0.052553    0.260116    0.494310  180.900192 ^ fanout311/X (sky130_fd_sc_hd__clkbuf_4)
                                                         net311 (net)
                      0.260117    0.001208  180.901398 ^ _32319_/S (sky130_fd_sc_hd__mux2_1)
     4    0.010611    0.184876    0.864659  181.766052 v _32319_/X (sky130_fd_sc_hd__mux2_1)
                                                         _08071_ (net)
                      0.184876    0.000327  181.766388 v _32320_/B (sky130_fd_sc_hd__or2_1)
     4    0.010937    0.169367    0.591740  182.358124 v _32320_/X (sky130_fd_sc_hd__or2_1)
                                                         _08072_ (net)
                      0.169367    0.000171  182.358292 v _32326_/A2 (sky130_fd_sc_hd__a21oi_1)
     1    0.006030    0.262962    0.343491  182.701782 ^ _32326_/Y (sky130_fd_sc_hd__a21oi_1)
                                                         _08078_ (net)
                      0.262962    0.000156  182.701950 ^ _32328_/A3 (sky130_fd_sc_hd__o311ai_2)
     2    0.007543    0.220135    0.269353  182.971298 v _32328_/Y (sky130_fd_sc_hd__o311ai_2)
                                                         _08080_ (net)
                      0.220135    0.000185  182.971481 v _32332_/A2 (sky130_fd_sc_hd__a221o_1)
     2    0.005714    0.120440    0.731816  183.703293 v _32332_/X (sky130_fd_sc_hd__a221o_1)
                                                         _08084_ (net)
                      0.120440    0.000128  183.703430 v _32334_/B1 (sky130_fd_sc_hd__a21o_1)
     3    0.010340    0.119353    0.357375  184.060806 v _32334_/X (sky130_fd_sc_hd__a21o_1)
                                                         _08086_ (net)
                      0.119353    0.000270  184.061066 v _32398_/A1 (sky130_fd_sc_hd__a21o_1)
     1    0.002470    0.057737    0.300247  184.361313 v _32398_/X (sky130_fd_sc_hd__a21o_1)
                                                         _08150_ (net)
                      0.057737    0.000071  184.361389 v fanout309/A (sky130_fd_sc_hd__buf_2)
     7    0.052025    0.237609    0.393413  184.754807 v fanout309/X (sky130_fd_sc_hd__buf_2)
                                                         net309 (net)
                      0.237659    0.003382  184.758179 v fanout308/A (sky130_fd_sc_hd__clkbuf_4)
    10    0.046541    0.178249    0.434369  185.192551 v fanout308/X (sky130_fd_sc_hd__clkbuf_4)
                                                         net308 (net)
                      0.178286    0.002530  185.195084 v _32409_/S (sky130_fd_sc_hd__mux2_1)
     3    0.008332    0.162375    0.803993  185.999069 v _32409_/X (sky130_fd_sc_hd__mux2_1)
                                                         _08161_ (net)
                      0.162375    0.000213  185.999283 v _32410_/B (sky130_fd_sc_hd__or2_1)
     2    0.006293    0.128087    0.535337  186.534622 v _32410_/X (sky130_fd_sc_hd__or2_1)
                                                         _08162_ (net)
                      0.128087    0.000128  186.534760 v _32421_/B1 (sky130_fd_sc_hd__o21ai_1)
     2    0.008798    0.333308    0.244029  186.778778 ^ _32421_/Y (sky130_fd_sc_hd__o21ai_1)
                                                         _08173_ (net)
                      0.333308    0.000242  186.779022 ^ _32422_/A2 (sky130_fd_sc_hd__a21o_1)
     3    0.010926    0.165303    0.387871  187.166901 ^ _32422_/X (sky130_fd_sc_hd__a21o_1)
                                                         _08174_ (net)
                      0.165303    0.000426  187.167328 ^ _32451_/A1 (sky130_fd_sc_hd__a41o_1)
     4    0.021506    0.330118    0.557520  187.724838 ^ _32451_/X (sky130_fd_sc_hd__a41o_1)
                                                         _08203_ (net)
                      0.330118    0.000696  187.725540 ^ _32479_/A1 (sky130_fd_sc_hd__a41o_1)
     5    0.021432    0.329670    0.615373  188.340912 ^ _32479_/X (sky130_fd_sc_hd__a41o_1)
                                                         _08231_ (net)
                      0.329670    0.001364  188.342270 ^ _32546_/A1 (sky130_fd_sc_hd__a311o_1)
     4    0.021128    0.375730    0.641350  188.983627 ^ _32546_/X (sky130_fd_sc_hd__a311o_1)
                                                         _08298_ (net)
                      0.375730    0.001137  188.984756 ^ _32655_/A1 (sky130_fd_sc_hd__a31o_1)
     1    0.005251    0.114770    0.410054  189.394821 ^ _32655_/X (sky130_fd_sc_hd__a31o_1)
                                                         _08407_ (net)
                      0.114770    0.000199  189.395020 ^ fanout305/A (sky130_fd_sc_hd__buf_2)
     7    0.045922    0.359284    0.423910  189.818924 ^ fanout305/X (sky130_fd_sc_hd__buf_2)
                                                         net305 (net)
                      0.359285    0.000455  189.819382 ^ fanout302/A (sky130_fd_sc_hd__clkbuf_4)
    10    0.047851    0.239887    0.502268  190.321655 ^ fanout302/X (sky130_fd_sc_hd__clkbuf_4)
                                                         net302 (net)
                      0.239906    0.002345  190.323990 ^ _32757_/B1_N (sky130_fd_sc_hd__a21bo_1)
     1    0.002023    0.056000    0.419760  190.743759 v _32757_/X (sky130_fd_sc_hd__a21bo_1)
                                                         _08509_ (net)
                      0.056000    0.000057  190.743805 v _32758_/B2 (sky130_fd_sc_hd__o2bb2a_1)
     3    0.007930    0.151502    0.663832  191.407639 v _32758_/X (sky130_fd_sc_hd__o2bb2a_1)
                                                         _08510_ (net)
                      0.151502    0.000199  191.407837 v _32760_/B (sky130_fd_sc_hd__and2_1)
     4    0.008970    0.117125    0.406160  191.813995 v _32760_/X (sky130_fd_sc_hd__and2_1)
                                                         _08512_ (net)
                      0.117125    0.000213  191.814209 v _32761_/B (sky130_fd_sc_hd__or2_1)
     2    0.006523    0.128857    0.519151  192.333359 v _32761_/X (sky130_fd_sc_hd__or2_1)
                                                         _08513_ (net)
                      0.128857    0.000142  192.333511 v _32767_/C (sky130_fd_sc_hd__or4_1)
     2    0.010559    0.269606    1.261597  193.595108 v _32767_/X (sky130_fd_sc_hd__or4_1)
                                                         _08519_ (net)
                      0.269606    0.000199  193.595306 v _32798_/B1 (sky130_fd_sc_hd__a211o_1)
     2    0.011575    0.163870    0.665764  194.261063 v _32798_/X (sky130_fd_sc_hd__a211o_1)
                                                         _08550_ (net)
                      0.163870    0.000540  194.261612 v _32838_/A1 (sky130_fd_sc_hd__a2111o_1)
     1    0.002648    0.105279    0.734573  194.996185 v _32838_/X (sky130_fd_sc_hd__a2111o_1)
                                                         _08590_ (net)
                      0.105279    0.000071  194.996246 v fanout301/A (sky130_fd_sc_hd__clkbuf_2)
     5    0.035787    0.251274    0.359762  195.356018 v fanout301/X (sky130_fd_sc_hd__clkbuf_2)
                                                         net301 (net)
                      0.251309    0.002984  195.358994 v fanout300/A (sky130_fd_sc_hd__buf_2)
    10    0.033382    0.162844    0.428315  195.787308 v fanout300/X (sky130_fd_sc_hd__buf_2)
                                                         net300 (net)
                      0.162853    0.001378  195.788696 v _32935_/B (sky130_fd_sc_hd__and3_1)
     2    0.005042    0.089664    0.399083  196.187775 v _32935_/X (sky130_fd_sc_hd__and3_1)
                                                         _08687_ (net)
                      0.089664    0.000128  196.187897 v _32941_/B (sky130_fd_sc_hd__or2_2)
     4    0.021999    0.202183    0.764928  196.952835 v _32941_/X (sky130_fd_sc_hd__or2_2)
                                                         _08693_ (net)
                      0.202183    0.000398  196.953232 v _32944_/A2 (sky130_fd_sc_hd__a2111o_1)
     3    0.010010    0.178045    0.915392  197.868622 v _32944_/X (sky130_fd_sc_hd__a2111o_1)
                                                         _08696_ (net)
                      0.178045    0.000242  197.868866 v _32969_/A (sky130_fd_sc_hd__or4_2)
     4    0.015429    0.309229    1.759702  199.628571 v _32969_/X (sky130_fd_sc_hd__or4_2)
                                                         _08721_ (net)
                      0.309229    0.000725  199.629288 v _33000_/A1 (sky130_fd_sc_hd__a2111o_1)
     3    0.012761    0.207011    0.918163  200.547455 v _33000_/X (sky130_fd_sc_hd__a2111o_1)
                                                         _08752_ (net)
                      0.207011    0.000398  200.547852 v _33024_/A1 (sky130_fd_sc_hd__a21bo_1)
     4    0.019524    0.188982    0.487020  201.034866 v _33024_/X (sky130_fd_sc_hd__a21bo_1)
                                                         _08776_ (net)
                      0.188983    0.000895  201.035767 v _33089_/A1 (sky130_fd_sc_hd__a2111o_2)
     4    0.021506    0.204697    0.997261  202.033020 v _33089_/X (sky130_fd_sc_hd__a2111o_2)
                                                         _08841_ (net)
                      0.204697    0.000725  202.033752 v _33102_/A1 (sky130_fd_sc_hd__a21o_4)
    10    0.054981    0.163060    0.536716  202.570465 v _33102_/X (sky130_fd_sc_hd__a21o_4)
                                                         _08854_ (net)
                      0.163065    0.001307  202.571777 v _33104_/B (sky130_fd_sc_hd__nand2_4)
     5    0.044354    0.224787    0.263228  202.835007 ^ _33104_/Y (sky130_fd_sc_hd__nand2_4)
                                                         _08856_ (net)
                      0.224789    0.000568  202.835571 ^ fanout292/A (sky130_fd_sc_hd__clkbuf_4)
    10    0.063811    0.308895    0.494595  203.330170 ^ fanout292/X (sky130_fd_sc_hd__clkbuf_4)
                                                         net292 (net)
                      0.308941    0.003766  203.333939 ^ _33167_/S (sky130_fd_sc_hd__mux2_1)
     5    0.016009    0.224863    0.930996  204.264923 v _33167_/X (sky130_fd_sc_hd__mux2_1)
                                                         _08919_ (net)
                      0.224863    0.000654  204.265579 v _33170_/B (sky130_fd_sc_hd__xnor2_1)
     3    0.011471    0.228645    0.376303  204.641891 v _33170_/Y (sky130_fd_sc_hd__xnor2_1)
                                                         _08922_ (net)
                      0.228645    0.000284  204.642166 v _33193_/C (sky130_fd_sc_hd__and4bb_1)
     1    0.003014    0.077810    0.458741  205.100906 v _33193_/X (sky130_fd_sc_hd__and4bb_1)
                                                         _08945_ (net)
                      0.077810    0.000085  205.100998 v _33196_/B1 (sky130_fd_sc_hd__a211o_2)
     5    0.029774    0.200239    0.729045  205.830032 v _33196_/X (sky130_fd_sc_hd__a211o_2)
                                                         _08948_ (net)
                      0.200259    0.002117  205.832153 v _33262_/A1 (sky130_fd_sc_hd__a41o_2)
     6    0.038983    0.220057    0.604516  206.436676 v _33262_/X (sky130_fd_sc_hd__a41o_2)
                                                         _09014_ (net)
                      0.220091    0.002728  206.439407 v _33410_/A2 (sky130_fd_sc_hd__a311o_1)
     1    0.004072    0.106654    0.659981  207.099380 v _33410_/X (sky130_fd_sc_hd__a311o_1)
                                                         _09162_ (net)
                      0.106654    0.000142  207.099518 v fanout290/A (sky130_fd_sc_hd__buf_2)
     6    0.041274    0.194373    0.382769  207.482300 v fanout290/X (sky130_fd_sc_hd__buf_2)
                                                         net290 (net)
                      0.194455    0.003752  207.486038 v fanout288/A (sky130_fd_sc_hd__clkbuf_4)
    10    0.043437    0.168094    0.406843  207.892883 v fanout288/X (sky130_fd_sc_hd__clkbuf_4)
                                                         net288 (net)
                      0.168100    0.001236  207.894119 v _33566_/S (sky130_fd_sc_hd__mux2_1)
     3    0.008156    0.160757    0.797769  208.691895 v _33566_/X (sky130_fd_sc_hd__mux2_1)
                                                         _09318_ (net)
                      0.160757    0.000270  208.692169 v _33567_/B (sky130_fd_sc_hd__nor2_1)
     6    0.019895    0.600841    0.530463  209.222626 ^ _33567_/Y (sky130_fd_sc_hd__nor2_1)
                                                         _09319_ (net)
                      0.600842    0.000739  209.223358 ^ _33573_/A2 (sky130_fd_sc_hd__a21o_1)
     1    0.005440    0.099450    0.424720  209.648087 ^ _33573_/X (sky130_fd_sc_hd__a21o_1)
                                                         _09325_ (net)
                      0.099450    0.000171  209.648254 ^ _33575_/A3 (sky130_fd_sc_hd__a311oi_2)
     3    0.012052    0.272092    0.305747  209.953995 v _33575_/Y (sky130_fd_sc_hd__a311oi_2)
                                                         _09327_ (net)
                      0.272092    0.000526  209.954529 v _33576_/D (sky130_fd_sc_hd__or4_2)
     2    0.011893    0.280310    1.487749  211.442276 v _33576_/X (sky130_fd_sc_hd__or4_2)
                                                         _09328_ (net)
                      0.280310    0.000185  211.442459 v _33580_/C_N (sky130_fd_sc_hd__or4bb_4)
     8    0.054229    0.264585    0.688530  212.130997 ^ _33580_/X (sky130_fd_sc_hd__or4bb_4)
                                                         _09332_ (net)
                      0.264594    0.001876  212.132874 ^ _33623_/A2 (sky130_fd_sc_hd__a21o_1)
     1    0.002888    0.066548    0.284288  212.417160 ^ _33623_/X (sky130_fd_sc_hd__a21o_1)
                                                         _09375_ (net)
                      0.066548    0.000085  212.417236 ^ fanout284/A (sky130_fd_sc_hd__buf_2)
     8    0.050481    0.392843    0.426482  212.843719 ^ fanout284/X (sky130_fd_sc_hd__buf_2)
                                                         net284 (net)
                      0.392857    0.002046  212.845764 ^ fanout283/A (sky130_fd_sc_hd__clkbuf_4)
    10    0.047959    0.240641    0.517119  213.362885 ^ fanout283/X (sky130_fd_sc_hd__clkbuf_4)
                                                         net283 (net)
                      0.240676    0.002984  213.365875 ^ _33707_/S (sky130_fd_sc_hd__mux2_2)
     4    0.020279    0.171188    0.853021  214.218887 v _33707_/X (sky130_fd_sc_hd__mux2_2)
                                                         _09459_ (net)
                      0.171188    0.000952  214.219849 v _33709_/B (sky130_fd_sc_hd__xnor2_2)
     5    0.024295    0.529779    0.507697  214.727539 ^ _33709_/Y (sky130_fd_sc_hd__xnor2_2)
                                                         _09461_ (net)
                      0.529779    0.000412  214.727951 ^ _33715_/A (sky130_fd_sc_hd__nor2_1)
     1    0.002724    0.113583    0.231111  214.959061 v _33715_/Y (sky130_fd_sc_hd__nor2_1)
                                                         _09467_ (net)
                      0.113583    0.000085  214.959152 v _33737_/A1 (sky130_fd_sc_hd__a31o_1)
     4    0.015262    0.163496    0.438448  215.397598 v _33737_/X (sky130_fd_sc_hd__a31o_1)
                                                         _09489_ (net)
                      0.163496    0.000384  215.397980 v _33742_/A2 (sky130_fd_sc_hd__a21o_2)
     7    0.052511    0.258764    0.615856  216.013840 v _33742_/X (sky130_fd_sc_hd__a21o_2)
                                                         _09494_ (net)
                      0.258844    0.004306  216.018143 v _33751_/A2 (sky130_fd_sc_hd__a221oi_2)
     1    0.014446    0.554222    0.728662  216.746811 ^ _33751_/Y (sky130_fd_sc_hd__a221oi_2)
                                                         _09503_ (net)
                      0.554222    0.000469  216.747269 ^ wire278/A (sky130_fd_sc_hd__clkbuf_2)
     7    0.030868    0.269498    0.530306  217.277573 ^ wire278/X (sky130_fd_sc_hd__clkbuf_2)
                                                         net278 (net)
                      0.269498    0.000867  217.278442 ^ _33851_/A1 (sky130_fd_sc_hd__o211a_1)
     1    0.002869    0.079461    0.387146  217.665588 ^ _33851_/X (sky130_fd_sc_hd__o211a_1)
                                                         _09603_ (net)
                      0.079461    0.000085  217.665680 ^ fanout277/A (sky130_fd_sc_hd__clkbuf_4)
     7    0.054332    0.266752    0.394465  218.060150 ^ fanout277/X (sky130_fd_sc_hd__clkbuf_4)
                                                         net277 (net)
                      0.267201    0.007788  218.067932 ^ fanout276/A (sky130_fd_sc_hd__buf_2)
     8    0.045041    0.352762    0.489123  218.557053 ^ fanout276/X (sky130_fd_sc_hd__buf_2)
                                                         net276 (net)
                      0.352762    0.001194  218.558243 ^ _33975_/S (sky130_fd_sc_hd__mux2_1)
     3    0.014891    0.216333    0.934023  219.492264 v _33975_/X (sky130_fd_sc_hd__mux2_1)
                                                         _09727_ (net)
                      0.216333    0.000540  219.492813 v _33978_/B (sky130_fd_sc_hd__xnor2_1)
     4    0.012200    0.236652    0.380837  219.873642 v _33978_/Y (sky130_fd_sc_hd__xnor2_1)
                                                         _09730_ (net)
                      0.236652    0.000199  219.873840 v _33998_/A (sky130_fd_sc_hd__or4b_1)
     1    0.008850    0.248412    1.372172  221.246017 v _33998_/X (sky130_fd_sc_hd__or4b_1)
                                                         _09750_ (net)
                      0.248412    0.000270  221.246292 v _34002_/A2 (sky130_fd_sc_hd__o221ai_4)
     4    0.022861    0.424569    0.478749  221.725037 ^ _34002_/Y (sky130_fd_sc_hd__o221ai_4)
                                                         _09754_ (net)
                      0.424570    0.000838  221.725876 ^ _34032_/A1 (sky130_fd_sc_hd__a31o_2)
     6    0.032106    0.303040    0.628504  222.354385 ^ _34032_/X (sky130_fd_sc_hd__a31o_2)
                                                         _09784_ (net)
                      0.303057    0.002586  222.356964 ^ _34059_/C_N (sky130_fd_sc_hd__or4bb_1)
     3    0.014653    0.299147    1.369244  223.726212 v _34059_/X (sky130_fd_sc_hd__or4bb_1)
                                                         _09811_ (net)
                      0.299147    0.000725  223.726929 v _34218_/A1 (sky130_fd_sc_hd__a21o_1)
     3    0.010126    0.117641    0.439570  224.166504 v _34218_/X (sky130_fd_sc_hd__a21o_1)
                                                         _09970_ (net)
                      0.117641    0.000327  224.166824 v _34283_/A2 (sky130_fd_sc_hd__a211o_1)
     3    0.010084    0.149728    0.632454  224.799286 v _34283_/X (sky130_fd_sc_hd__a211o_1)
                                                         _10035_ (net)
                      0.149728    0.000242  224.799530 v _34286_/A2 (sky130_fd_sc_hd__a21o_1)
     2    0.004765    0.076228    0.366896  225.166428 v _34286_/X (sky130_fd_sc_hd__a21o_1)
                                                         _10038_ (net)
                      0.076228    0.000099  225.166519 v _34287_/D (sky130_fd_sc_hd__and4bb_2)
     3    0.022461    0.159774    0.585459  225.751984 v _34287_/X (sky130_fd_sc_hd__and4bb_2)
                                                         _10039_ (net)
                      0.159774    0.000384  225.752365 v _34291_/A (sky130_fd_sc_hd__or2_2)
     6    0.034107    0.250929    0.888576  226.640945 v _34291_/X (sky130_fd_sc_hd__or2_2)
                                                         _10043_ (net)
                      0.250929    0.001023  226.641968 v _34297_/B (sky130_fd_sc_hd__nor4_1)
     2    0.008414    0.738327    0.787694  227.429657 ^ _34297_/Y (sky130_fd_sc_hd__nor4_1)
                                                         _10049_ (net)
                      0.738327    0.000270  227.429932 ^ _34298_/D_N (sky130_fd_sc_hd__or4b_2)
     4    0.022461    0.339995    1.789630  229.219559 v _34298_/X (sky130_fd_sc_hd__or4b_2)
                                                         _10050_ (net)
                      0.340006    0.000796  229.220352 v _34300_/B (sky130_fd_sc_hd__or2_2)
     5    0.025484    0.215183    0.885251  230.105606 v _34300_/X (sky130_fd_sc_hd__or2_2)
                                                         _10052_ (net)
                      0.215183    0.000441  230.106049 v fanout267/A (sky130_fd_sc_hd__buf_2)
    10    0.045954    0.213227    0.450058  230.556107 v fanout267/X (sky130_fd_sc_hd__buf_2)
                                                         net267 (net)
                      0.213227    0.000512  230.556610 v _34349_/A (sky130_fd_sc_hd__nand2_1)
     1    0.003491    0.093316    0.159844  230.716461 ^ _34349_/Y (sky130_fd_sc_hd__nand2_1)
                                                         _10101_ (net)
                      0.093316    0.000085  230.716537 ^ fanout264/A (sky130_fd_sc_hd__clkbuf_4)
     7    0.059908    0.291232    0.419590  231.136139 ^ fanout264/X (sky130_fd_sc_hd__clkbuf_4)
                                                         net264 (net)
                      0.291237    0.001108  231.137238 ^ fanout263/A (sky130_fd_sc_hd__clkbuf_4)
    10    0.047962    0.239734    0.473364  231.610611 ^ fanout263/X (sky130_fd_sc_hd__clkbuf_4)
                                                         net263 (net)
                      0.239738    0.001407  231.612015 ^ _34547_/C (sky130_fd_sc_hd__nand3_1)
     3    0.006497    0.201830    0.287812  231.899826 v _34547_/Y (sky130_fd_sc_hd__nand3_1)
                                                         _10299_ (net)
                      0.201830    0.000156  231.899979 v _34549_/D (sky130_fd_sc_hd__or4_2)
     2    0.011495    0.278222    1.458730  233.358719 v _34549_/X (sky130_fd_sc_hd__or4_2)
                                                         _10301_ (net)
                      0.278222    0.000284  233.358994 v _34554_/B (sky130_fd_sc_hd__xnor2_2)
     3    0.026754    0.286568    0.466102  233.825104 v _34554_/Y (sky130_fd_sc_hd__xnor2_2)
                                                         _10306_ (net)
                      0.286568    0.000867  233.825958 v _34557_/B (sky130_fd_sc_hd__or3b_1)
     1    0.001517    0.122416    0.850690  234.676651 v _34557_/X (sky130_fd_sc_hd__or3b_1)
                                                         _10309_ (net)
                      0.122416    0.000043  234.676697 v _34558_/C (sky130_fd_sc_hd__or3_2)
     6    0.020416    0.263601    1.160430  235.837128 v _34558_/X (sky130_fd_sc_hd__or3_2)
                                                         _10310_ (net)
                      0.263601    0.000398  235.837524 v _34720_/B1 (sky130_fd_sc_hd__a211o_2)
     3    0.039940    0.240861    0.841766  236.679291 v _34720_/X (sky130_fd_sc_hd__a211o_2)
                                                         _10472_ (net)
                      0.240862    0.001009  236.680298 v fanout261/A (sky130_fd_sc_hd__buf_2)
     6    0.040277    0.189940    0.444061  237.124359 v fanout261/X (sky130_fd_sc_hd__buf_2)
                                                         net261 (net)
                      0.189940    0.000753  237.125107 v fanout260/A (sky130_fd_sc_hd__clkbuf_4)
    10    0.049754    0.188266    0.420300  237.545410 v fanout260/X (sky130_fd_sc_hd__clkbuf_4)
                                                         net260 (net)
                      0.188288    0.002089  237.547501 v _34788_/S (sky130_fd_sc_hd__mux2_1)
     4    0.017951    0.240021    0.902205  238.449707 v _34788_/X (sky130_fd_sc_hd__mux2_1)
                                                         _10540_ (net)
                      0.240021    0.000966  238.450668 v _34792_/B (sky130_fd_sc_hd__xnor2_1)
     2    0.007365    0.163801    0.334381  238.785049 v _34792_/Y (sky130_fd_sc_hd__xnor2_1)
                                                         _10544_ (net)
                      0.163801    0.000114  238.785172 v _34801_/C (sky130_fd_sc_hd__or4b_1)
     2    0.005581    0.212616    1.184077  239.969254 v _34801_/X (sky130_fd_sc_hd__or4b_1)
                                                         _10553_ (net)
                      0.212616    0.000142  239.969391 v _34802_/D (sky130_fd_sc_hd__or4_2)
     2    0.013017    0.288531    1.480714  241.450104 v _34802_/X (sky130_fd_sc_hd__or4_2)
                                                         _10554_ (net)
                      0.288531    0.000284  241.450394 v _34942_/A_N (sky130_fd_sc_hd__and4bb_1)
     3    0.021834    0.361062    0.832358  242.282745 ^ _34942_/X (sky130_fd_sc_hd__and4bb_1)
                                                         _10694_ (net)
                      0.361062    0.000739  242.283478 ^ _34968_/A (sky130_fd_sc_hd__or4bb_1)
     1    0.003463    0.076282    0.306727  242.590210 ^ _34968_/X (sky130_fd_sc_hd__or4bb_1)
                                                         _10720_ (net)
                      0.076282    0.000114  242.590332 ^ _34969_/C1 (sky130_fd_sc_hd__a211o_1)
     1    0.004061    0.086336    0.171696  242.762024 ^ _34969_/X (sky130_fd_sc_hd__a211o_1)
                                                         _10721_ (net)
                      0.086336    0.000142  242.762161 ^ fanout256/A (sky130_fd_sc_hd__clkbuf_4)
     9    0.062309    0.301798    0.422062  243.184219 ^ fanout256/X (sky130_fd_sc_hd__clkbuf_4)
                                                         net256 (net)
                      0.301806    0.001307  243.185532 ^ fanout255/A (sky130_fd_sc_hd__clkbuf_4)
     9    0.049443    0.245846    0.481435  243.666962 ^ fanout255/X (sky130_fd_sc_hd__clkbuf_4)
                                                         net255 (net)
                      0.245846    0.000483  243.667450 ^ fanout254/A (sky130_fd_sc_hd__clkbuf_2)
     5    0.024523    0.216189    0.376247  244.043701 ^ fanout254/X (sky130_fd_sc_hd__clkbuf_2)
                                                         net254 (net)
                      0.216189    0.000540  244.044235 ^ fanout253/A (sky130_fd_sc_hd__buf_2)
    10    0.041463    0.325961    0.450001  244.494232 ^ fanout253/X (sky130_fd_sc_hd__buf_2)
                                                         net253 (net)
                      0.325961    0.000853  244.495087 ^ _35096_/S (sky130_fd_sc_hd__mux2_1)
     3    0.009632    0.174916    0.871069  245.366165 v _35096_/X (sky130_fd_sc_hd__mux2_1)
                                                         _10848_ (net)
                      0.174916    0.000313  245.366470 v _35097_/B (sky130_fd_sc_hd__and2_1)
     2    0.005407    0.089167    0.389377  245.755844 v _35097_/X (sky130_fd_sc_hd__and2_1)
                                                         _10849_ (net)
                      0.089209    0.000114  245.755966 v _35099_/A (sky130_fd_sc_hd__nor2_1)
     3    0.008306    0.279934    0.289731  246.045700 ^ _35099_/Y (sky130_fd_sc_hd__nor2_1)
                                                         _10851_ (net)
                      0.279934    0.000114  246.045807 ^ _35107_/C_N (sky130_fd_sc_hd__or4bb_1)
     2    0.006501    0.215336    1.238789  247.284592 v _35107_/X (sky130_fd_sc_hd__or4bb_1)
                                                         _10859_ (net)
                      0.215336    0.000227  247.284821 v _35132_/A (sky130_fd_sc_hd__or2_2)
     3    0.016728    0.185276    0.830397  248.115219 v _35132_/X (sky130_fd_sc_hd__or2_2)
                                                         _10884_ (net)
                      0.185276    0.000313  248.115540 v _35166_/B1 (sky130_fd_sc_hd__a2111o_4)
    10    0.053914    0.243622    1.082640  249.198166 v _35166_/X (sky130_fd_sc_hd__a2111o_4)
                                                         _10918_ (net)
                      0.243622    0.000881  249.199051 v _35213_/A (sky130_fd_sc_hd__nand2_1)
     1    0.003655    0.095880    0.172832  249.371887 ^ _35213_/Y (sky130_fd_sc_hd__nand2_1)
                                                         _10965_ (net)
                      0.095880    0.000114  249.371994 ^ fanout251/A (sky130_fd_sc_hd__buf_4)
     8    0.076636    0.342407    0.413394  249.785400 ^ fanout251/X (sky130_fd_sc_hd__buf_4)
                                                         net251 (net)
                      0.342410    0.000824  249.786224 ^ fanout250/A (sky130_fd_sc_hd__buf_2)
     8    0.039505    0.311861    0.489024  250.275238 ^ fanout250/X (sky130_fd_sc_hd__buf_2)
                                                         net250 (net)
                      0.311861    0.000625  250.275864 ^ fanout249/A (sky130_fd_sc_hd__buf_2)
    10    0.042493    0.333973    0.492832  250.768707 ^ fanout249/X (sky130_fd_sc_hd__buf_2)
                                                         net249 (net)
                      0.333977    0.001677  250.770370 ^ _35407_/A (sky130_fd_sc_hd__nand2_1)
     3    0.008713    0.182611    0.271228  251.041611 v _35407_/Y (sky130_fd_sc_hd__nand2_1)
                                                         _11159_ (net)
                      0.182611    0.000199  251.041809 v _35434_/B (sky130_fd_sc_hd__or2_2)
     4    0.021853    0.201389    0.801435  251.843246 v _35434_/X (sky130_fd_sc_hd__or2_2)
                                                         _11186_ (net)
                      0.201396    0.001307  251.844543 v _35451_/A2 (sky130_fd_sc_hd__o21ai_1)
     2    0.005645    0.242295    0.307324  252.151871 ^ _35451_/Y (sky130_fd_sc_hd__o21ai_1)
                                                         _11203_ (net)
                      0.242295    0.000142  252.152008 ^ _35454_/B (sky130_fd_sc_hd__and3_1)
     3    0.014195    0.238175    0.486892  252.638901 ^ _35454_/X (sky130_fd_sc_hd__and3_1)
                                                         _11206_ (net)
                      0.238175    0.000625  252.639526 ^ _35459_/D_N (sky130_fd_sc_hd__or4b_1)
     1    0.001709    0.161478    1.046715  253.686249 v _35459_/X (sky130_fd_sc_hd__or4b_1)
                                                         _11211_ (net)
                      0.161478    0.000057  253.686310 v _35464_/B (sky130_fd_sc_hd__or4bb_2)
     6    0.016583    0.305992    1.621402  255.307709 v _35464_/X (sky130_fd_sc_hd__or4bb_2)
                                                         _11216_ (net)
                      0.305992    0.000256  255.307953 v _35465_/D1 (sky130_fd_sc_hd__a2111o_4)
     4    0.072690    0.298808    0.969749  256.277710 v _35465_/X (sky130_fd_sc_hd__a2111o_4)
                                                         _11217_ (net)
                      0.298812    0.001762  256.279480 v fanout248/A (sky130_fd_sc_hd__clkbuf_4)
     9    0.066687    0.242544    0.510141  256.789612 v fanout248/X (sky130_fd_sc_hd__clkbuf_4)
                                                         net248 (net)
                      0.242544    0.000682  256.790283 v fanout247/A (sky130_fd_sc_hd__buf_2)
     6    0.039504    0.187469    0.442753  257.233032 v fanout247/X (sky130_fd_sc_hd__buf_2)
                                                         net247 (net)
                      0.187469    0.000483  257.233521 v fanout246/A (sky130_fd_sc_hd__clkbuf_4)
    10    0.049235    0.186417    0.415810  257.649353 v fanout246/X (sky130_fd_sc_hd__clkbuf_4)
                                                         net246 (net)
                      0.186572    0.004889  257.654236 v _35527_/B1 (sky130_fd_sc_hd__o21a_1)
     1    0.001917    0.057517    0.233712  257.887939 v _35527_/X (sky130_fd_sc_hd__o21a_1)
                                                         _11279_ (net)
                      0.057517    0.000028  257.887970 v _35528_/B2 (sky130_fd_sc_hd__a2bb2o_2)
     4    0.024003    0.171045    0.582872  258.470856 v _35528_/X (sky130_fd_sc_hd__a2bb2o_2)
                                                         _11280_ (net)
                      0.171051    0.001251  258.472107 v _35529_/B (sky130_fd_sc_hd__xnor2_1)
     4    0.010627    0.209431    0.340975  258.813080 v _35529_/Y (sky130_fd_sc_hd__xnor2_1)
                                                         _11281_ (net)
                      0.209431    0.000284  258.813354 v _35540_/B (sky130_fd_sc_hd__or4_1)
     2    0.007763    0.235605    1.310383  260.123749 v _35540_/X (sky130_fd_sc_hd__or4_1)
                                                         _11292_ (net)
                      0.235605    0.000256  260.123993 v _35567_/B1 (sky130_fd_sc_hd__a2111o_2)
     6    0.024003    0.213437    1.059021  261.183014 v _35567_/X (sky130_fd_sc_hd__a2111o_2)
                                                         _11319_ (net)
                      0.213586    0.001137  261.184143 v _35625_/A1 (sky130_fd_sc_hd__a2111oi_1)
     2    0.005267    0.714926    0.791147  261.975281 ^ _35625_/Y (sky130_fd_sc_hd__a2111oi_1)
                                                         _11377_ (net)
                      0.714926    0.000114  261.975403 ^ max_cap243/A (sky130_fd_sc_hd__dlymetal6s2s_1)
     5    0.019526    0.323380    0.563716  262.539124 ^ max_cap243/X (sky130_fd_sc_hd__dlymetal6s2s_1)
                                                         net243 (net)
                      0.323380    0.001080  262.540192 ^ max_cap242/A (sky130_fd_sc_hd__dlymetal6s2s_1)
     5    0.018860    0.312038    0.438718  262.978912 ^ max_cap242/X (sky130_fd_sc_hd__dlymetal6s2s_1)
                                                         net242 (net)
                      0.312038    0.000767  262.979675 ^ _35735_/A1 (sky130_fd_sc_hd__o211ai_1)
     3    0.006876    0.261899    0.363428  263.343109 v _35735_/Y (sky130_fd_sc_hd__o211ai_1)
                                                         _11487_ (net)
                      0.261899    0.000142  263.343262 v _35738_/C (sky130_fd_sc_hd__and3_1)
     2    0.006837    0.103445    0.492832  263.836090 v _35738_/X (sky130_fd_sc_hd__and3_1)
                                                         _11490_ (net)
                      0.103445    0.000114  263.836212 v _35750_/B (sky130_fd_sc_hd__or4_1)
     2    0.005762    0.216507    1.241887  265.078094 v _35750_/X (sky130_fd_sc_hd__or4_1)
                                                         _11502_ (net)
                      0.216507    0.000142  265.078247 v _35752_/A (sky130_fd_sc_hd__or3b_1)
     3    0.007737    0.188293    0.981572  266.059814 v _35752_/X (sky130_fd_sc_hd__or3b_1)
                                                         _11504_ (net)
                      0.188293    0.000171  266.059967 v _35785_/A1 (sky130_fd_sc_hd__a2111o_1)
     4    0.015017    0.216606    0.892442  266.952423 v _35785_/X (sky130_fd_sc_hd__a2111o_1)
                                                         _11537_ (net)
                      0.216606    0.000540  266.952972 v _35819_/A1 (sky130_fd_sc_hd__a211o_2)
     5    0.022529    0.171825    0.741579  267.694550 v _35819_/X (sky130_fd_sc_hd__a211o_2)
                                                         _11571_ (net)
                      0.171826    0.000881  267.695435 v _35888_/A1 (sky130_fd_sc_hd__a211o_4)
    10    0.053861    0.184180    0.749310  268.444733 v _35888_/X (sky130_fd_sc_hd__a211o_4)
                                                         _11640_ (net)
                      0.184242    0.003240  268.447968 v _36133_/A (sky130_fd_sc_hd__and2_2)
     7    0.025565    0.159391    0.511932  268.959900 v _36133_/X (sky130_fd_sc_hd__and2_2)
                                                         _11885_ (net)
                      0.159392    0.000824  268.960724 v _36139_/A2 (sky130_fd_sc_hd__a21o_1)
     3    0.019891    0.189592    0.478138  269.438873 v _36139_/X (sky130_fd_sc_hd__a21o_1)
                                                         _11891_ (net)
                      0.189592    0.000654  269.439514 v _36148_/A (sky130_fd_sc_hd__or4_1)
     2    0.007439    0.233170    1.334939  270.774445 v _36148_/X (sky130_fd_sc_hd__or4_1)
                                                         _11900_ (net)
                      0.233170    0.000227  270.774689 v _36155_/B (sky130_fd_sc_hd__or4bb_2)
     3    0.015662    0.297525    1.635613  272.410309 v _36155_/X (sky130_fd_sc_hd__or4bb_2)
                                                         _11907_ (net)
                      0.297525    0.000426  272.410736 v _36169_/A (sky130_fd_sc_hd__or3_1)
     1    0.001933    0.125806    0.904407  273.315125 v _36169_/X (sky130_fd_sc_hd__or3_1)
                                                         _11921_ (net)
                      0.125806    0.000057  273.315186 v _36170_/C (sky130_fd_sc_hd__or3_2)
     2    0.013621    0.227936    1.102990  274.418182 v _36170_/X (sky130_fd_sc_hd__or3_2)
                                                         _11922_ (net)
                      0.227936    0.000426  274.418610 v _36171_/B1 (sky130_fd_sc_hd__a21oi_4)
    10    0.051373    0.595416    0.581053  274.999664 ^ _36171_/Y (sky130_fd_sc_hd__a21oi_4)
                                                         _11923_ (net)
                      0.595435    0.002814  275.002472 ^ _36430_/A1 (sky130_fd_sc_hd__o2111a_1)
     5    0.015297    0.256211    0.731490  275.733948 ^ _36430_/X (sky130_fd_sc_hd__o2111a_1)
                                                         _12182_ (net)
                      0.256211    0.000426  275.734375 ^ _36437_/D (sky130_fd_sc_hd__and4_2)
     6    0.023066    0.248629    0.693660  276.428040 ^ _36437_/X (sky130_fd_sc_hd__and4_2)
                                                         _12189_ (net)
                      0.248629    0.000966  276.429016 ^ _36446_/B (sky130_fd_sc_hd__xor2_1)
     3    0.010469    0.403515    0.478934  276.907959 ^ _36446_/X (sky130_fd_sc_hd__xor2_1)
                                                         _12198_ (net)
                      0.403515    0.000369  276.908325 ^ _36453_/C_N (sky130_fd_sc_hd__or4bb_1)
     1    0.001765    0.156172    1.169184  278.077515 v _36453_/X (sky130_fd_sc_hd__or4bb_1)
                                                         _12205_ (net)
                      0.156172    0.000057  278.077545 v _36454_/C (sky130_fd_sc_hd__or3_1)
     1    0.003361    0.140822    0.752465  278.830017 v _36454_/X (sky130_fd_sc_hd__or3_1)
                                                         _12206_ (net)
                      0.140822    0.000114  278.830139 v _36455_/D (sky130_fd_sc_hd__or4_1)
     2    0.009118    0.253586    1.095486  279.925629 v _36455_/X (sky130_fd_sc_hd__or4_1)
                                                         _12207_ (net)
                      0.253586    0.000398  279.926025 v _36457_/A_N (sky130_fd_sc_hd__nand3b_1)
     2    0.006027    0.195510    0.471005  280.397034 v _36457_/Y (sky130_fd_sc_hd__nand3b_1)
                                                         _12209_ (net)
                      0.195510    0.000171  280.397186 v _36481_/B1 (sky130_fd_sc_hd__a211o_1)
     1    0.002678    0.083819    0.540950  280.938141 v _36481_/X (sky130_fd_sc_hd__a211o_1)
                                                         _12233_ (net)
                      0.083819    0.000085  280.938232 v fanout227/A (sky130_fd_sc_hd__clkbuf_2)
     5    0.039283    0.274079    0.366839  281.305084 v fanout227/X (sky130_fd_sc_hd__clkbuf_2)
                                                         net227 (net)
                      0.274080    0.001108  281.306183 v _36690_/C (sky130_fd_sc_hd__and4_1)
     3    0.010745    0.137303    0.552831  281.859009 v _36690_/X (sky130_fd_sc_hd__and4_1)
                                                         _12442_ (net)
                      0.137303    0.000313  281.859314 v _36691_/B (sky130_fd_sc_hd__and2_1)
     2    0.004712    0.084064    0.365247  282.224579 v _36691_/X (sky130_fd_sc_hd__and2_1)
                                                         _12443_ (net)
                      0.084064    0.000057  282.224640 v _36704_/B (sky130_fd_sc_hd__or3b_1)
     2    0.012406    0.240977    0.943345  283.167969 v _36704_/X (sky130_fd_sc_hd__or3b_1)
                                                         _12456_ (net)
                      0.240977    0.000654  283.168640 v _36710_/B (sky130_fd_sc_hd__or4_1)
     2    0.004382    0.202270    1.264340  284.432953 v _36710_/X (sky130_fd_sc_hd__or4_1)
                                                         _12462_ (net)
                      0.202270    0.000114  284.433075 v _36719_/C (sky130_fd_sc_hd__or4_1)
     2    0.007279    0.231292    1.229296  285.662384 v _36719_/X (sky130_fd_sc_hd__or4_1)
                                                         _12471_ (net)
                      0.231292    0.000256  285.662628 v _36720_/C1 (sky130_fd_sc_hd__a311o_1)
     1    0.001800    0.083396    0.543452  286.206085 v _36720_/X (sky130_fd_sc_hd__a311o_1)
                                                         _12472_ (net)
                      0.083396    0.000028  286.206116 v fanout222/A (sky130_fd_sc_hd__buf_2)
     6    0.041415    0.194295    0.371244  286.577362 v fanout222/X (sky130_fd_sc_hd__buf_2)
                                                         net222 (net)
                      0.194456    0.005087  286.582428 v fanout219/A (sky130_fd_sc_hd__clkbuf_4)
    10    0.048264    0.183777    0.417970  287.000427 v fanout219/X (sky130_fd_sc_hd__clkbuf_4)
                                                         net219 (net)
                      0.183826    0.002899  287.003296 v _36732_/B (sky130_fd_sc_hd__or3b_1)
     3    0.008470    0.195790    0.927429  287.930725 v _36732_/X (sky130_fd_sc_hd__or3b_1)
                                                         _12484_ (net)
                      0.195790    0.000114  287.930847 v _36740_/B (sky130_fd_sc_hd__and3_1)
     2    0.005358    0.091949    0.418083  288.348938 v _36740_/X (sky130_fd_sc_hd__and3_1)
                                                         _12492_ (net)
                      0.091949    0.000114  288.349060 v _36744_/B (sky130_fd_sc_hd__or4_1)
     1    0.003483    0.184871    1.190443  289.539490 v _36744_/X (sky130_fd_sc_hd__or4_1)
                                                         _12496_ (net)
                      0.184871    0.000114  289.539612 v _36755_/A2 (sky130_fd_sc_hd__a21o_1)
     4    0.013947    0.143937    0.452076  289.991669 v _36755_/X (sky130_fd_sc_hd__a21o_1)
                                                         _12507_ (net)
                      0.143937    0.000540  289.992218 v _36810_/A1 (sky130_fd_sc_hd__a2111o_1)
     3    0.016067    0.224740    0.882238  290.874451 v _36810_/X (sky130_fd_sc_hd__a2111o_1)
                                                         _12562_ (net)
                      0.224740    0.001052  290.875519 v _36846_/A1 (sky130_fd_sc_hd__a21o_1)
     4    0.012819    0.139837    0.430731  291.306244 v _36846_/X (sky130_fd_sc_hd__a21o_1)
                                                         _12598_ (net)
                      0.139837    0.000455  291.306702 v _36871_/A1 (sky130_fd_sc_hd__a2111o_1)
     5    0.016739    0.229478    0.885905  292.192596 v _36871_/X (sky130_fd_sc_hd__a2111o_1)
                                                         _12623_ (net)
                      0.229478    0.000597  292.193207 v _36911_/A1 (sky130_fd_sc_hd__a21oi_1)
     1    0.005548    0.248573    0.333586  292.526794 ^ _36911_/Y (sky130_fd_sc_hd__a21oi_1)
                                                         _12663_ (net)
                      0.248573    0.000227  292.527008 ^ fanout218/A (sky130_fd_sc_hd__clkbuf_2)
     8    0.037456    0.320746    0.451365  292.978394 ^ fanout218/X (sky130_fd_sc_hd__clkbuf_2)
                                                         net218 (net)
                      0.320751    0.001762  292.980133 ^ fanout217/A (sky130_fd_sc_hd__buf_2)
    10    0.041186    0.324297    0.489393  293.469543 ^ fanout217/X (sky130_fd_sc_hd__buf_2)
                                                         net217 (net)
                      0.324304    0.001961  293.471497 ^ _36992_/B (sky130_fd_sc_hd__or4_1)
     3    0.007560    0.128018    0.331397  293.802887 ^ _36992_/X (sky130_fd_sc_hd__or4_1)
                                                         _12744_ (net)
                      0.128018    0.000256  293.803162 ^ _36997_/A1 (sky130_fd_sc_hd__a21oi_1)
     4    0.011465    0.214593    0.243460  294.046600 v _36997_/Y (sky130_fd_sc_hd__a21oi_1)
                                                         _12749_ (net)
                      0.214662    0.000256  294.046875 v _37007_/A (sky130_fd_sc_hd__or4_1)
     1    0.003660    0.189239    1.273179  295.320038 v _37007_/X (sky130_fd_sc_hd__or4_1)
                                                         _12759_ (net)
                      0.189239    0.000114  295.320160 v _37013_/C (sky130_fd_sc_hd__or4_2)
     4    0.021383    0.340431    1.710816  297.030975 v _37013_/X (sky130_fd_sc_hd__or4_2)
                                                         _12765_ (net)
                      0.340431    0.001336  297.032318 v _37084_/A1 (sky130_fd_sc_hd__a211o_1)
     4    0.016719    0.197701    0.723048  297.755371 v _37084_/X (sky130_fd_sc_hd__a211o_1)
                                                         _12836_ (net)
                      0.197701    0.000796  297.756165 v _37139_/A1 (sky130_fd_sc_hd__a2111o_2)
     4    0.021385    0.203578    1.000103  298.756256 v _37139_/X (sky130_fd_sc_hd__a2111o_2)
                                                         _12891_ (net)
                      0.203583    0.001279  298.757538 v _37154_/A1 (sky130_fd_sc_hd__a21o_1)
     3    0.017442    0.170758    0.451252  299.208801 v _37154_/X (sky130_fd_sc_hd__a21o_1)
                                                         _12906_ (net)
                      0.170758    0.000568  299.209351 v fanout202/A (sky130_fd_sc_hd__clkbuf_4)
    10    0.056186    0.208389    0.426098  299.635468 v fanout202/X (sky130_fd_sc_hd__clkbuf_4)
                                                         net202 (net)
                      0.208389    0.000995  299.636444 v _37432_/C1 (sky130_fd_sc_hd__o221a_1)
     3    0.013439    0.183358    0.375081  300.011536 v _37432_/X (sky130_fd_sc_hd__o221a_1)
                                                         _13184_ (net)
                      0.183358    0.000256  300.011780 v _37435_/D (sky130_fd_sc_hd__and4bb_2)
     7    0.024868    0.169299    0.648470  300.660248 v _37435_/X (sky130_fd_sc_hd__and4bb_2)
                                                         _13187_ (net)
                      0.169299    0.000625  300.660889 v _37442_/D (sky130_fd_sc_hd__and4b_1)
     3    0.014337    0.166089    0.555957  301.216827 v _37442_/X (sky130_fd_sc_hd__and4b_1)
                                                         _13194_ (net)
                      0.166089    0.000540  301.217377 v _37443_/B (sky130_fd_sc_hd__xnor2_1)
     3    0.012163    0.240303    0.356266  301.573639 v _37443_/Y (sky130_fd_sc_hd__xnor2_1)
                                                         _13195_ (net)
                      0.240303    0.000341  301.573975 v _37447_/C (sky130_fd_sc_hd__or4_1)
     1    0.002504    0.172200    1.144088  302.718079 v _37447_/X (sky130_fd_sc_hd__or4_1)
                                                         _13199_ (net)
                      0.172200    0.000085  302.718170 v _37477_/A (sky130_fd_sc_hd__or4b_1)
     2    0.011348    0.281837    1.390902  304.109070 v _37477_/X (sky130_fd_sc_hd__or4b_1)
                                                         _13229_ (net)
                      0.281837    0.000455  304.109528 v _37509_/C1 (sky130_fd_sc_hd__a2111o_1)
     1    0.004168    0.122280    0.760309  304.869812 v _37509_/X (sky130_fd_sc_hd__a2111o_1)
                                                         _13261_ (net)
                      0.122280    0.000142  304.869965 v fanout190/A (sky130_fd_sc_hd__clkbuf_2)
     7    0.038675    0.270170    0.382045  305.252014 v fanout190/X (sky130_fd_sc_hd__clkbuf_2)
                                                         net190 (net)
                      0.270173    0.001364  305.253387 v fanout189/A (sky130_fd_sc_hd__buf_2)
    10    0.038008    0.181448    0.451564  305.704926 v fanout189/X (sky130_fd_sc_hd__buf_2)
                                                         net189 (net)
                      0.181448    0.000483  305.705414 v fanout188/A (sky130_fd_sc_hd__clkbuf_4)
    10    0.038931    0.153842    0.389349  306.094757 v fanout188/X (sky130_fd_sc_hd__clkbuf_4)
                                                         net188 (net)
                      0.153846    0.001023  306.095795 v _37530_/S (sky130_fd_sc_hd__mux2_1)
     3    0.010708    0.185824    0.821160  306.916962 v _37530_/X (sky130_fd_sc_hd__mux2_1)
                                                         _13282_ (net)
                      0.185824    0.000284  306.917236 v _37532_/B (sky130_fd_sc_hd__nand2_1)
     1    0.002461    0.079611    0.148873  307.066101 ^ _37532_/Y (sky130_fd_sc_hd__nand2_1)
                                                         _13284_ (net)
                      0.079611    0.000057  307.066162 ^ _37533_/B (sky130_fd_sc_hd__and2b_1)
     6    0.017895    0.268029    0.385057  307.451233 ^ _37533_/X (sky130_fd_sc_hd__and2b_1)
                                                         _13285_ (net)
                      0.268029    0.000313  307.451538 ^ _37535_/D_N (sky130_fd_sc_hd__or4b_1)
     2    0.009206    0.252323    1.205024  308.656555 v _37535_/X (sky130_fd_sc_hd__or4b_1)
                                                         _13287_ (net)
                      0.252323    0.000313  308.656860 v _37773_/A1 (sky130_fd_sc_hd__o41ai_2)
     2    0.007681    0.510974    0.724782  309.381653 ^ _37773_/Y (sky130_fd_sc_hd__o41ai_2)
                                                         _13525_ (net)
                      0.510974    0.000142  309.381805 ^ max_cap182/A (sky130_fd_sc_hd__clkbuf_1)
     4    0.015285    0.297869    0.457277  309.839081 ^ max_cap182/X (sky130_fd_sc_hd__clkbuf_1)
                                                         net182 (net)
                      0.297869    0.000227  309.839294 ^ _37775_/C1 (sky130_fd_sc_hd__a211o_1)
     1    0.003901    0.084452    0.258893  310.098206 ^ _37775_/X (sky130_fd_sc_hd__a211o_1)
                                                         _13527_ (net)
                      0.084452    0.000114  310.098297 ^ fanout180/A (sky130_fd_sc_hd__buf_2)
     7    0.040276    0.317203    0.380851  310.479156 ^ fanout180/X (sky130_fd_sc_hd__buf_2)
                                                         net180 (net)
                      0.317205    0.000682  310.479828 ^ fanout179/A (sky130_fd_sc_hd__buf_2)
    10    0.042511    0.334251    0.494538  310.974365 ^ fanout179/X (sky130_fd_sc_hd__buf_2)
                                                         net179 (net)
                      0.334271    0.002842  310.977234 ^ _37863_/S (sky130_fd_sc_hd__mux2_1)
     3    0.012105    0.200241    0.901792  311.879028 v _37863_/X (sky130_fd_sc_hd__mux2_1)
                                                         _13615_ (net)
                      0.200241    0.000199  311.879211 v _37865_/B (sky130_fd_sc_hd__xnor2_1)
     4    0.011852    0.232902    0.369113  312.248322 v _37865_/Y (sky130_fd_sc_hd__xnor2_1)
                                                         _13617_ (net)
                      0.232902    0.000171  312.248505 v _37866_/C (sky130_fd_sc_hd__or3_1)
     1    0.002239    0.129101    0.755989  313.004486 v _37866_/X (sky130_fd_sc_hd__or3_1)
                                                         _13618_ (net)
                      0.129101    0.000057  313.004547 v _37867_/D (sky130_fd_sc_hd__or4_1)
     2    0.007198    0.230237    1.059789  314.064331 v _37867_/X (sky130_fd_sc_hd__or4_1)
                                                         _13619_ (net)
                      0.230237    0.000227  314.064545 v _37895_/A (sky130_fd_sc_hd__or3_2)
     3    0.020723    0.263790    1.335621  315.400177 v _37895_/X (sky130_fd_sc_hd__or3_2)
                                                         _13647_ (net)
                      0.263790    0.000540  315.400726 v _37896_/B1 (sky130_fd_sc_hd__a21o_1)
     4    0.018809    0.181267    0.472994  315.873718 v _37896_/X (sky130_fd_sc_hd__a21o_1)
                                                         _13648_ (net)
                      0.181270    0.000966  315.874695 v _37950_/A1 (sky130_fd_sc_hd__a21oi_1)
     3    0.016343    0.582737    0.566047  316.440735 ^ _37950_/Y (sky130_fd_sc_hd__a21oi_1)
                                                         _13702_ (net)
                      0.582737    0.000256  316.440979 ^ fanout175/A (sky130_fd_sc_hd__buf_2)
    10    0.044134    0.347143    0.605212  317.046204 ^ fanout175/X (sky130_fd_sc_hd__buf_2)
                                                         net175 (net)
                      0.347200    0.004405  317.050598 ^ _38045_/A (sky130_fd_sc_hd__or3_2)
     2    0.024260    0.203548    0.431271  317.481873 ^ _38045_/X (sky130_fd_sc_hd__or3_2)
                                                         _13797_ (net)
                      0.203548    0.000711  317.482574 ^ fanout171/A (sky130_fd_sc_hd__clkbuf_4)
    10    0.058413    0.285229    0.467367  317.949951 ^ fanout171/X (sky130_fd_sc_hd__clkbuf_4)
                                                         net171 (net)
                      0.285251    0.002728  317.952667 ^ fanout170/A (sky130_fd_sc_hd__buf_2)
    10    0.046780    0.365873    0.504741  318.457428 ^ fanout170/X (sky130_fd_sc_hd__buf_2)
                                                         net170 (net)
                      0.365873    0.000711  318.458130 ^ _38140_/S (sky130_fd_sc_hd__mux2_1)
     4    0.013389    0.205145    0.925127  319.383270 v _38140_/X (sky130_fd_sc_hd__mux2_1)
                                                         _13892_ (net)
                      0.205145    0.000313  319.383575 v _38142_/B (sky130_fd_sc_hd__xnor2_1)
     3    0.010249    0.203498    0.352912  319.736481 v _38142_/Y (sky130_fd_sc_hd__xnor2_1)
                                                         _13894_ (net)
                      0.203498    0.000199  319.736694 v _38149_/B (sky130_fd_sc_hd__or3b_1)
     2    0.005036    0.163028    0.888235  320.624908 v _38149_/X (sky130_fd_sc_hd__or3b_1)
                                                         _13901_ (net)
                      0.163028    0.000142  320.625061 v _38182_/C (sky130_fd_sc_hd__or4_1)
     2    0.011494    0.283150    1.287901  321.912964 v _38182_/X (sky130_fd_sc_hd__or4_1)
                                                         _13934_ (net)
                      0.283150    0.000284  321.913239 v _38184_/B1 (sky130_fd_sc_hd__a21o_1)
     4    0.023413    0.217143    0.509402  322.422638 v _38184_/X (sky130_fd_sc_hd__a21o_1)
                                                         _13936_ (net)
                      0.217146    0.001080  322.423737 v _38229_/A1 (sky130_fd_sc_hd__a21oi_4)
     9    0.048530    0.567480    0.591996  323.015717 ^ _38229_/Y (sky130_fd_sc_hd__a21oi_4)
                                                         _13981_ (net)
                      0.567483    0.001080  323.016815 ^ _38327_/A (sky130_fd_sc_hd__or3_1)
     3    0.020500    0.304987    0.544446  323.561249 ^ _38327_/X (sky130_fd_sc_hd__or3_1)
                                                         _14079_ (net)
                      0.304988    0.001165  323.562408 ^ fanout167/A (sky130_fd_sc_hd__clkbuf_4)
    10    0.056303    0.276390    0.505651  324.068054 ^ fanout167/X (sky130_fd_sc_hd__clkbuf_4)
                                                         net167 (net)
                      0.276398    0.001961  324.070038 ^ _38444_/S (sky130_fd_sc_hd__mux2_1)
     4    0.015852    0.223701    0.921062  324.991089 v _38444_/X (sky130_fd_sc_hd__mux2_1)
                                                         _14196_ (net)
                      0.223701    0.000398  324.991486 v _38446_/B (sky130_fd_sc_hd__xnor2_1)
     3    0.013300    0.527835    0.538819  325.530304 ^ _38446_/Y (sky130_fd_sc_hd__xnor2_1)
                                                         _14198_ (net)
                      0.527835    0.000341  325.530640 ^ _38469_/A (sky130_fd_sc_hd__nor4_1)
     2    0.005164    0.149308    0.291294  325.821930 v _38469_/Y (sky130_fd_sc_hd__nor4_1)
                                                         _14221_ (net)
                      0.149308    0.000114  325.822052 v _38511_/A1 (sky130_fd_sc_hd__a2111oi_1)
     1    0.006884    0.802233    0.850832  326.672882 ^ _38511_/Y (sky130_fd_sc_hd__a2111oi_1)
                                                         _14263_ (net)
                      0.802233    0.000284  326.673157 ^ wire163/A (sky130_fd_sc_hd__buf_1)
     3    0.009558    0.197012    0.445596  327.118774 ^ wire163/X (sky130_fd_sc_hd__buf_1)
                                                         net163 (net)
                      0.197012    0.000284  327.119049 ^ max_cap162/A (sky130_fd_sc_hd__clkbuf_1)
     2    0.006169    0.132305    0.247724  327.366760 ^ max_cap162/X (sky130_fd_sc_hd__clkbuf_1)
                                                         net162 (net)
                      0.132305    0.000114  327.366882 ^ _38512_/A2 (sky130_fd_sc_hd__a211o_1)
     4    0.029235    0.405680    0.510113  327.876984 ^ _38512_/X (sky130_fd_sc_hd__a211o_1)
                                                         _14264_ (net)
                      0.405688    0.002331  327.879333 ^ _38522_/A1 (sky130_fd_sc_hd__a21oi_2)
     4    0.028266    0.280085    0.369511  328.248840 v _38522_/Y (sky130_fd_sc_hd__a21oi_2)
                                                         _14274_ (net)
                      0.280090    0.001705  328.250549 v _38617_/A (sky130_fd_sc_hd__or4_1)
     2    0.011360    0.282420    1.432994  329.683533 v _38617_/X (sky130_fd_sc_hd__or4_1)
                                                         _14369_ (net)
                      0.282420    0.000171  329.683716 v fanout159/A (sky130_fd_sc_hd__clkbuf_4)
    10    0.050679    0.191697    0.465491  330.149200 v fanout159/X (sky130_fd_sc_hd__clkbuf_4)
                                                         net159 (net)
                      0.191733    0.002615  330.151825 v fanout158/A (sky130_fd_sc_hd__clkbuf_4)
    10    0.046661    0.178161    0.412115  330.563934 v fanout158/X (sky130_fd_sc_hd__clkbuf_4)
                                                         net158 (net)
                      0.178204    0.002728  330.566650 v _38646_/S (sky130_fd_sc_hd__mux2_1)
     4    0.014943    0.216863    0.874820  331.441467 v _38646_/X (sky130_fd_sc_hd__mux2_1)
                                                         _14398_ (net)
                      0.216863    0.000341  331.441833 v _38648_/B (sky130_fd_sc_hd__xnor2_1)
     3    0.010347    0.215477    0.359620  331.801453 v _38648_/Y (sky130_fd_sc_hd__xnor2_1)
                                                         _14400_ (net)
                      0.215477    0.000227  331.801666 v _38664_/A (sky130_fd_sc_hd__or4bb_2)
     2    0.013783    0.282739    1.660908  333.462585 v _38664_/X (sky130_fd_sc_hd__or4bb_2)
                                                         _14416_ (net)
                      0.282739    0.000398  333.462982 v _38688_/A_N (sky130_fd_sc_hd__nand2b_1)
     1    0.009398    0.184505    0.477115  333.940094 v _38688_/Y (sky130_fd_sc_hd__nand2b_1)
                                                         _14440_ (net)
                      0.184505    0.000313  333.940399 v _38696_/A2 (sky130_fd_sc_hd__o221ai_4)
     4    0.039259    0.588023    0.575710  334.516113 ^ _38696_/Y (sky130_fd_sc_hd__o221ai_4)
                                                         _14448_ (net)
                      0.588055    0.003354  334.519470 ^ _38804_/A1 (sky130_fd_sc_hd__a221oi_4)
     4    0.020997    0.217636    0.371188  334.890656 v _38804_/Y (sky130_fd_sc_hd__a221oi_4)
                                                         _14556_ (net)
                      0.217636    0.000568  334.891235 v fanout152/A (sky130_fd_sc_hd__buf_2)
    10    0.039710    0.188215    0.431555  335.322784 v fanout152/X (sky130_fd_sc_hd__buf_2)
                                                         net152 (net)
                      0.188278    0.003240  335.326019 v _38876_/A (sky130_fd_sc_hd__nand2_1)
     2    0.014854    0.232516    0.265459  335.591461 ^ _38876_/Y (sky130_fd_sc_hd__nand2_1)
                                                         _14628_ (net)
                      0.232592    0.000455  335.591919 ^ fanout149/A (sky130_fd_sc_hd__clkbuf_4)
    10    0.053867    0.265255    0.466315  336.058258 ^ fanout149/X (sky130_fd_sc_hd__clkbuf_4)
                                                         net149 (net)
                      0.265274    0.002473  336.060730 ^ _39092_/S (sky130_fd_sc_hd__mux2_2)
     4    0.024562    0.187250    0.878657  336.939362 v _39092_/X (sky130_fd_sc_hd__mux2_2)
                                                         _14844_ (net)
                      0.187250    0.000483  336.939850 v _39095_/B (sky130_fd_sc_hd__xnor2_2)
     4    0.021224    0.474449    0.473165  337.413025 ^ _39095_/Y (sky130_fd_sc_hd__xnor2_2)
                                                         _14847_ (net)
                      0.474450    0.000568  337.413605 ^ _39114_/A (sky130_fd_sc_hd__and4_1)
     2    0.006640    0.152756    0.541746  337.955322 ^ _39114_/X (sky130_fd_sc_hd__and4_1)
                                                         _14866_ (net)
                      0.152756    0.000227  337.955566 ^ _39115_/D_N (sky130_fd_sc_hd__or4b_1)
     1    0.008321    0.241445    1.156422  339.112000 v _39115_/X (sky130_fd_sc_hd__or4b_1)
                                                         _14867_ (net)
                      0.241445    0.000256  339.112244 v _39125_/A2 (sky130_fd_sc_hd__o221ai_4)
     5    0.025875    0.453848    0.498147  339.610382 ^ _39125_/Y (sky130_fd_sc_hd__o221ai_4)
                                                         _14877_ (net)
                      0.453851    0.002132  339.612518 ^ _39155_/A1 (sky130_fd_sc_hd__a211o_1)
     5    0.019856    0.283413    0.541093  340.153625 ^ _39155_/X (sky130_fd_sc_hd__a211o_1)
                                                         _14907_ (net)
                      0.283413    0.000796  340.154419 ^ _39158_/A3 (sky130_fd_sc_hd__a31oi_1)
     2    0.009670    0.274036    0.371358  340.525757 v _39158_/Y (sky130_fd_sc_hd__a31oi_1)
                                                         _14910_ (net)
                      0.274036    0.000313  340.526093 v fanout143/A (sky130_fd_sc_hd__clkbuf_4)
    10    0.072630    0.262144    0.515797  341.041870 v fanout143/X (sky130_fd_sc_hd__clkbuf_4)
                                                         net143 (net)
                      0.262144    0.000711  341.042603 v _39161_/B (sky130_fd_sc_hd__nand2_1)
     2    0.019580    0.301885    0.356977  341.399567 ^ _39161_/Y (sky130_fd_sc_hd__nand2_1)
                                                         _14913_ (net)
                      0.301885    0.000256  341.399811 ^ fanout142/A (sky130_fd_sc_hd__buf_2)
    10    0.044871    0.351656    0.501359  341.901184 ^ fanout142/X (sky130_fd_sc_hd__buf_2)
                                                         net142 (net)
                      0.351671    0.002615  341.903809 ^ _39304_/S (sky130_fd_sc_hd__mux2_2)
     5    0.026609    0.195317    0.912877  342.816681 v _39304_/X (sky130_fd_sc_hd__mux2_2)
                                                         _15056_ (net)
                      0.195322    0.001307  342.817993 v _39307_/B (sky130_fd_sc_hd__xnor2_1)
     2    0.006155    0.150242    0.300560  343.118530 v _39307_/Y (sky130_fd_sc_hd__xnor2_1)
                                                         _15059_ (net)
                      0.150242    0.000114  343.118652 v _39323_/B (sky130_fd_sc_hd__or4_1)
     2    0.010187    0.265072    1.330989  344.449646 v _39323_/X (sky130_fd_sc_hd__or4_1)
                                                         _15075_ (net)
                      0.265072    0.000483  344.450134 v _39324_/D (sky130_fd_sc_hd__or4_1)
     2    0.005788    0.215894    1.081020  345.531158 v _39324_/X (sky130_fd_sc_hd__or4_1)
                                                         _15076_ (net)
                      0.215894    0.000171  345.531311 v _39325_/B (sky130_fd_sc_hd__or2_2)
     3    0.020356    0.195852    0.808370  346.339691 v _39325_/X (sky130_fd_sc_hd__or2_2)
                                                         _15077_ (net)
                      0.195852    0.000341  346.340027 v _39439_/A1 (sky130_fd_sc_hd__o311ai_4)
     4    0.018088    0.508400    0.649834  346.989868 ^ _39439_/Y (sky130_fd_sc_hd__o311ai_4)
                                                         _15191_ (net)
                      0.508400    0.000682  346.990540 ^ _39441_/C (sky130_fd_sc_hd__or3_2)
     5    0.020147    0.173621    0.469015  347.459564 ^ _39441_/X (sky130_fd_sc_hd__or3_2)
                                                         _15193_ (net)
                      0.173621    0.000398  347.459961 ^ fanout138/A (sky130_fd_sc_hd__clkbuf_4)
    10    0.063469    0.306650    0.467566  347.927521 ^ fanout138/X (sky130_fd_sc_hd__clkbuf_4)
                                                         net138 (net)
                      0.306981    0.006622  347.934143 ^ fanout137/A (sky130_fd_sc_hd__clkbuf_4)
    10    0.048340    0.241585    0.481180  348.415314 ^ fanout137/X (sky130_fd_sc_hd__clkbuf_4)
                                                         net137 (net)
                      0.241585    0.000881  348.416199 ^ _39495_/A (sky130_fd_sc_hd__nand2_1)
     2    0.005034    0.116216    0.192586  348.608795 v _39495_/Y (sky130_fd_sc_hd__nand2_1)
                                                         _15247_ (net)
                      0.116216    0.000057  348.608856 v _39497_/C (sky130_fd_sc_hd__and3_1)
     2    0.005054    0.089724    0.404611  349.013458 v _39497_/X (sky130_fd_sc_hd__and3_1)
                                                         _15249_ (net)
                      0.089724    0.000114  349.013580 v _39503_/B (sky130_fd_sc_hd__or4bb_1)
     2    0.004584    0.198041    1.139910  350.153473 v _39503_/X (sky130_fd_sc_hd__or4bb_1)
                                                         _15255_ (net)
                      0.198041    0.000114  350.153595 v _39528_/B (sky130_fd_sc_hd__or4bb_1)
     1    0.002968    0.171692    1.137835  351.291443 v _39528_/X (sky130_fd_sc_hd__or4bb_1)
                                                         _15280_ (net)
                      0.171692    0.000085  351.291504 v _39535_/A2 (sky130_fd_sc_hd__o221a_1)
     1    0.009406    0.153700    0.558970  351.850494 v _39535_/X (sky130_fd_sc_hd__o221a_1)
                                                         _15287_ (net)
                      0.153700    0.000426  351.850922 v _39567_/A1 (sky130_fd_sc_hd__o21ai_2)
     1    0.016582    0.360235    0.415127  352.266052 ^ _39567_/Y (sky130_fd_sc_hd__o21ai_2)
                                                         _15319_ (net)
                      0.360347    0.001080  352.267120 ^ _39592_/B2 (sky130_fd_sc_hd__a221oi_4)
     1    0.023337    0.177731    0.272536  352.539642 v _39592_/Y (sky130_fd_sc_hd__a221oi_4)
                                                         _15344_ (net)
                      0.177734    0.001336  352.540985 v _39654_/B1 (sky130_fd_sc_hd__o22a_1)
     1    0.002122    0.076001    0.373149  352.914124 v _39654_/X (sky130_fd_sc_hd__o22a_1)
                                                         _01686_ (net)
                      0.076001    0.000057  352.914185 v _45825_/D (sky130_fd_sc_hd__dfxtp_1)
                                            352.914185   data arrival time

                               1000.000000 1000.000000   clock clk (rise edge)
                                  0.000000 1000.000000   clock source latency
     2    0.117818    0.849110    0.602086 1000.602112 ^ clk (in)
                                                         clk (net)
                      0.850958    0.000000 1000.602112 ^ clkbuf_0_clk/A (sky130_fd_sc_hd__clkbuf_16)
     4    0.177377    0.293356    0.692012 1001.294128 ^ clkbuf_0_clk/X (sky130_fd_sc_hd__clkbuf_16)
                                                         clknet_0_clk (net)
                      0.293366    0.002728 1001.296875 ^ clkbuf_2_2_0_clk/A (sky130_fd_sc_hd__clkbuf_8)
     8    0.201104    0.528670    0.669729 1001.966553 ^ clkbuf_2_2_0_clk/X (sky130_fd_sc_hd__clkbuf_8)
                                                         clknet_2_2_0_clk (net)
                      0.528700    0.004320 1001.970886 ^ clkbuf_5_17__f_clk/A (sky130_fd_sc_hd__clkbuf_16)
     7    0.067179    0.134590    0.475097 1002.445984 ^ clkbuf_5_17__f_clk/X (sky130_fd_sc_hd__clkbuf_16)
                                                         clknet_5_17__leaf_clk (net)
                      0.134630    0.002160 1002.448181 ^ clkbuf_leaf_14_clk/A (sky130_fd_sc_hd__clkbuf_8)
    15    0.042975    0.136946    0.312525 1002.760681 ^ clkbuf_leaf_14_clk/X (sky130_fd_sc_hd__clkbuf_8)
                                                         clknet_leaf_14_clk (net)
                      0.136946    0.000568 1002.761230 ^ _45825_/CLK (sky130_fd_sc_hd__dfxtp_1)
                                 -0.250000 1002.511230   clock uncertainty
                                  0.000000 1002.511230   clock reconvergence pessimism
                                 -0.253439 1002.257874   library setup time
                                           1002.257874   data required time
---------------------------------------------------------------------------------------------
                                           1002.257874   data required time
                                           -352.914185   data arrival time
---------------------------------------------------------------------------------------------
                                            649.343628   slack (MET)




===========================================================================
report_checks --slack_max -0.01
============================================================================
======================= nom_ss_100C_1v60 Corner ===================================

No paths found.


===========================================================================
 report_check_types -max_slew -max_cap -max_fanout -violators
============================================================================
======================= nom_ss_100C_1v60 Corner ===================================

max slew

Pin                                        Limit        Slew       Slack
------------------------------------------------------------------------
ANTENNA_55/DIODE                        0.750000    1.699926   -0.949926 (VIOLATED)
fanout722/A                             0.750000    1.699926   -0.949926 (VIOLATED)
_42277_/Y                               0.750000    1.699898   -0.949898 (VIOLATED)
fanout721/A                             0.750000    1.699898   -0.949898 (VIOLATED)
max_cap725/A                            0.750000    1.699898   -0.949898 (VIOLATED)
ANTENNA_13/DIODE                        0.750000    1.683094   -0.933094 (VIOLATED)
fanout864/A                             0.750000    1.683094   -0.933094 (VIOLATED)
ANTENNA_14/DIODE                        0.750000    1.682873   -0.932873 (VIOLATED)
fanout866/A                             0.750000    1.682872   -0.932872 (VIOLATED)
fanout865/A                             0.750000    1.682830   -0.932830 (VIOLATED)
fanout863/A                             0.750000    1.682670   -0.932670 (VIOLATED)
_26421_/Y                               0.750000    1.682664   -0.932664 (VIOLATED)
fanout707/A                             0.750000    1.660105   -0.910105 (VIOLATED)
_26568_/C1                              0.750000    1.660076   -0.910076 (VIOLATED)
_26520_/C1                              0.750000    1.660049   -0.910049 (VIOLATED)
ANTENNA_19/DIODE                        0.750000    1.660008   -0.910008 (VIOLATED)
ANTENNA_18/DIODE                        0.750000    1.660003   -0.910003 (VIOLATED)
ANTENNA_20/DIODE                        0.750000    1.660003   -0.910003 (VIOLATED)
fanout706/A                             0.750000    1.660004   -0.910004 (VIOLATED)
ANTENNA_338/DIODE                       0.750000    1.659963   -0.909963 (VIOLATED)
fanout708/A                             0.750000    1.659962   -0.909962 (VIOLATED)
_26506_/Y                               0.750000    1.659947   -0.909947 (VIOLATED)
fanout947/A                             0.750000    1.602395   -0.852395 (VIOLATED)
ANTENNA_16/DIODE                        0.750000    1.602345   -0.852346 (VIOLATED)
fanout949/A                             0.750000    1.602346   -0.852346 (VIOLATED)
fanout948/A                             0.750000    1.602146   -0.852146 (VIOLATED)
fanout946/A                             0.750000    1.601824   -0.851824 (VIOLATED)
_26450_/Y                               0.750000    1.601809   -0.851809 (VIOLATED)
fanout577/A                             0.750000    1.589303   -0.839303 (VIOLATED)
ANTENNA_76/DIODE                        0.750000    1.588940   -0.838940 (VIOLATED)
fanout576/A                             0.750000    1.588940   -0.838940 (VIOLATED)
ANTENNA_75/DIODE                        0.750000    1.588868   -0.838869 (VIOLATED)
fanout575/A                             0.750000    1.588869   -0.838869 (VIOLATED)
ANTENNA_74/DIODE                        0.750000    1.588867   -0.838867 (VIOLATED)
fanout574/A                             0.750000    1.588868   -0.838868 (VIOLATED)
_42675_/Y                               0.750000    1.588789   -0.838789 (VIOLATED)
ANTENNA_70/DIODE                        0.750000    1.567629   -0.817629 (VIOLATED)
fanout670/A                             0.750000    1.567629   -0.817629 (VIOLATED)
fanout668/A                             0.750000    1.567583   -0.817583 (VIOLATED)
_42477_/Y                               0.750000    1.567580   -0.817580 (VIOLATED)
max_cap672/A                            0.750000    1.567580   -0.817580 (VIOLATED)
ANTENNA_67/DIODE                        0.750000    1.548716   -0.798716 (VIOLATED)
fanout593/A                             0.750000    1.548716   -0.798716 (VIOLATED)
ANTENNA_345/DIODE                       0.750000    1.548673   -0.798673 (VIOLATED)
ANTENNA_346/DIODE                       0.750000    1.548672   -0.798672 (VIOLATED)
ANTENNA_347/DIODE                       0.750000    1.548673   -0.798673 (VIOLATED)
fanout592/A                             0.750000    1.548673   -0.798673 (VIOLATED)
ANTENNA_66/DIODE                        0.750000    1.548618   -0.798618 (VIOLATED)
fanout591/A                             0.750000    1.548618   -0.798618 (VIOLATED)
ANTENNA_65/DIODE                        0.750000    1.548612   -0.798612 (VIOLATED)
fanout590/A                             0.750000    1.548612   -0.798612 (VIOLATED)
_42475_/Y                               0.750000    1.548592   -0.798592 (VIOLATED)
ANTENNA_337/DIODE                       0.750000    1.500223   -0.750223 (VIOLATED)
fanout857/A                             0.750000    1.500224   -0.750224 (VIOLATED)
fanout858/A                             0.750000    1.499917   -0.749917 (VIOLATED)
ANTENNA_15/DIODE                        0.750000    1.499914   -0.749914 (VIOLATED)
fanout856/A                             0.750000    1.499764   -0.749764 (VIOLATED)
fanout855/A                             0.750000    1.499550   -0.749550 (VIOLATED)
_26441_/Y                               0.750000    1.499531   -0.749531 (VIOLATED)
fanout611/A                             0.750000    1.469462   -0.719462 (VIOLATED)
fanout613/A                             0.750000    1.469420   -0.719420 (VIOLATED)
ANTENNA_54/DIODE                        0.750000    1.468921   -0.718921 (VIOLATED)
fanout612/A                             0.750000    1.468921   -0.718921 (VIOLATED)
fanout610/A                             0.750000    1.468835   -0.718835 (VIOLATED)
_42275_/Y                               0.750000    1.468831   -0.718831 (VIOLATED)
ANTENNA_357/DIODE                       0.750000    1.454742   -0.704742 (VIOLATED)
fanout967/A                             0.750000    1.454742   -0.704742 (VIOLATED)
ANTENNA_420/DIODE                       0.750000    1.454706   -0.704706 (VIOLATED)
fanout965/A                             0.750000    1.454706   -0.704706 (VIOLATED)
ANTENNA_419/DIODE                       0.750000    1.454702   -0.704702 (VIOLATED)
fanout966/A                             0.750000    1.454424   -0.704424 (VIOLATED)
fanout964/A                             0.750000    1.454417   -0.704417 (VIOLATED)
_25944_/Y                               0.750000    1.454402   -0.704402 (VIOLATED)
fanout628/A                             0.750000    1.436693   -0.686693 (VIOLATED)
ANTENNA_26/DIODE                        0.750000    1.436658   -0.686658 (VIOLATED)
ANTENNA_27/DIODE                        0.750000    1.436659   -0.686659 (VIOLATED)
fanout629/A                             0.750000    1.436659   -0.686659 (VIOLATED)
ANTENNA_28/DIODE                        0.750000    1.436658   -0.686658 (VIOLATED)
fanout627/A                             0.750000    1.436643   -0.686644 (VIOLATED)
fanout626/A                             0.750000    1.436368   -0.686368 (VIOLATED)
_27769_/Y                               0.750000    1.436352   -0.686352 (VIOLATED)
ANTENNA_335/DIODE                       0.750000    1.431993   -0.681993 (VIOLATED)
fanout872/A                             0.750000    1.431994   -0.681994 (VIOLATED)
fanout874/A                             0.750000    1.431636   -0.681636 (VIOLATED)
fanout873/A                             0.750000    1.431282   -0.681282 (VIOLATED)
fanout871/A                             0.750000    1.431120   -0.681120 (VIOLATED)
_26398_/Y                               0.750000    1.431113   -0.681113 (VIOLATED)
fanout1861/A                            0.750000    1.379650   -0.629650 (VIOLATED)
ANTENNA_139/DIODE                       0.750000    1.379649   -0.629649 (VIOLATED)
_26145_/A0                              0.750000    1.379118   -0.629118 (VIOLATED)
_44878_/Q                               0.750000    1.379114   -0.629114 (VIOLATED)
wire257/A                               0.750000    1.355177   -0.605177 (VIOLATED)
_34941_/Y                               0.750000    1.355175   -0.605175 (VIOLATED)
ANTENNA_73/DIODE                        0.750000    1.333688   -0.583688 (VIOLATED)
fanout790/A                             0.750000    1.333689   -0.583689 (VIOLATED)
ANTENNA_71/DIODE                        0.750000    1.333687   -0.583687 (VIOLATED)
ANTENNA_72/DIODE                        0.750000    1.333685   -0.583685 (VIOLATED)
ANTENNA_349/DIODE                       0.750000    1.333673   -0.583673 (VIOLATED)
fanout791/A                             0.750000    1.333673   -0.583673 (VIOLATED)
fanout788/A                             0.750000    1.333452   -0.583452 (VIOLATED)
ANTENNA_348/DIODE                       0.750000    1.333452   -0.583452 (VIOLATED)
fanout789/A                             0.750000    1.333451   -0.583451 (VIOLATED)
_42479_/X                               0.750000    1.333425   -0.583425 (VIOLATED)
ANTENNA_136/DIODE                       0.750000    1.326451   -0.576451 (VIOLATED)
fanout1899/A                            0.750000    1.326452   -0.576452 (VIOLATED)
ANTENNA_135/DIODE                       0.750000    1.326451   -0.576451 (VIOLATED)
fanout1898/A                            0.750000    1.326451   -0.576451 (VIOLATED)
_26107_/A0                              0.750000    1.326435   -0.576435 (VIOLATED)
_44859_/Q                               0.750000    1.326435   -0.576435 (VIOLATED)
_26568_/A2                              0.750000    1.287472   -0.537472 (VIOLATED)
_26520_/A2                              0.750000    1.287465   -0.537465 (VIOLATED)
fanout763/A                             0.750000    1.287459   -0.537459 (VIOLATED)
fanout764/A                             0.750000    1.287454   -0.537454 (VIOLATED)
ANTENNA_339/DIODE                       0.750000    1.287414   -0.537414 (VIOLATED)
fanout765/A                             0.750000    1.287415   -0.537415 (VIOLATED)
_26508_/Y                               0.750000    1.287409   -0.537409 (VIOLATED)
fanout854/A                             0.750000    1.277587   -0.527587 (VIOLATED)
ANTENNA_17/DIODE                        0.750000    1.277587   -0.527587 (VIOLATED)
ANTENNA_415/DIODE                       0.750000    1.277512   -0.527512 (VIOLATED)
fanout853/A                             0.750000    1.277512   -0.527512 (VIOLATED)
fanout851/A                             0.750000    1.277351   -0.527351 (VIOLATED)
fanout852/A                             0.750000    1.277334   -0.527334 (VIOLATED)
_26453_/Y                               0.750000    1.277323   -0.527323 (VIOLATED)
fanout1877/A                            0.750000    1.265939   -0.515939 (VIOLATED)
fanout569/A                             0.750000    1.265342   -0.515342 (VIOLATED)
ANTENNA_80/DIODE                        0.750000    1.265341   -0.515341 (VIOLATED)
fanout567/A                             0.750000    1.265300   -0.515300 (VIOLATED)
fanout566/A                             0.750000    1.265281   -0.515281 (VIOLATED)
fanout568/A                             0.750000    1.265262   -0.515262 (VIOLATED)
_42775_/Y                               0.750000    1.265240   -0.515240 (VIOLATED)
_26129_/A0                              0.750000    1.265129   -0.515129 (VIOLATED)
_44870_/Q                               0.750000    1.265129   -0.515129 (VIOLATED)
fanout870/A                             0.750000    1.249355   -0.499355 (VIOLATED)
ANTENNA_11/DIODE                        0.750000    1.249355   -0.499355 (VIOLATED)
ANTENNA_12/DIODE                        0.750000    1.249354   -0.499354 (VIOLATED)
fanout868/A                             0.750000    1.249309   -0.499309 (VIOLATED)
ANTENNA_8/DIODE                         0.750000    1.249305   -0.499305 (VIOLATED)
ANTENNA_9/DIODE                         0.750000    1.249305   -0.499305 (VIOLATED)
ANTENNA_10/DIODE                        0.750000    1.249095   -0.499095 (VIOLATED)
fanout869/A                             0.750000    1.249095   -0.499095 (VIOLATED)
fanout867/A                             0.750000    1.249083   -0.499083 (VIOLATED)
_26413_/Y                               0.750000    1.249078   -0.499078 (VIOLATED)
fanout1875/A                            0.750000    1.237384   -0.487384 (VIOLATED)
_26131_/A0                              0.750000    1.236592   -0.486592 (VIOLATED)
_44871_/Q                               0.750000    1.236592   -0.486592 (VIOLATED)
ANTENNA_51/DIODE                        0.750000    1.207576   -0.457576 (VIOLATED)
fanout621/A                             0.750000    1.207577   -0.457577 (VIOLATED)
ANTENNA_341/DIODE                       0.750000    1.207575   -0.457575 (VIOLATED)
fanout620/A                             0.750000    1.207575   -0.457575 (VIOLATED)
fanout619/A                             0.750000    1.207570   -0.457570 (VIOLATED)
fanout618/A                             0.750000    1.207563   -0.457563 (VIOLATED)
_42136_/Y                               0.750000    1.207548   -0.457549 (VIOLATED)
ANTENNA_84/DIODE                        0.750000    1.200866   -0.450866 (VIOLATED)
fanout877/A                             0.750000    1.200866   -0.450866 (VIOLATED)
ANTENNA_85/DIODE                        0.750000    1.200758   -0.450758 (VIOLATED)
fanout878/A                             0.750000    1.200758   -0.450758 (VIOLATED)
fanout879/A                             0.750000    1.200758   -0.450758 (VIOLATED)
fanout876/A                             0.750000    1.200749   -0.450749 (VIOLATED)
_25824_/Y                               0.750000    1.200746   -0.450746 (VIOLATED)
_37199_/Y                               0.750000    1.190415   -0.440415 (VIOLATED)
_37479_/B                               0.750000    1.190415   -0.440415 (VIOLATED)
_37480_/B                               0.750000    1.190415   -0.440415 (VIOLATED)
_37487_/A2                              0.750000    1.190415   -0.440415 (VIOLATED)
max_cap201/A                            0.750000    1.190415   -0.440415 (VIOLATED)
fanout604/A                             0.750000    1.178983   -0.428983 (VIOLATED)
ANTENNA_58/DIODE                        0.750000    1.178983   -0.428983 (VIOLATED)
ANTENNA_59/DIODE                        0.750000    1.178945   -0.428945 (VIOLATED)
fanout605/A                             0.750000    1.178945   -0.428945 (VIOLATED)
fanout603/A                             0.750000    1.178918   -0.428918 (VIOLATED)
fanout602/A                             0.750000    1.178907   -0.428907 (VIOLATED)
_42375_/Y                               0.750000    1.178869   -0.428869 (VIOLATED)
fanout1881/A                            0.750000    1.168971   -0.418971 (VIOLATED)
_26125_/A0                              0.750000    1.168907   -0.418907 (VIOLATED)
_44868_/Q                               0.750000    1.168907   -0.418907 (VIOLATED)
fanout862/A                             0.750000    1.144702   -0.394702 (VIOLATED)
fanout860/A                             0.750000    1.144697   -0.394697 (VIOLATED)
fanout861/A                             0.750000    1.144689   -0.394689 (VIOLATED)
fanout859/A                             0.750000    1.144680   -0.394680 (VIOLATED)
_26430_/Y                               0.750000    1.144672   -0.394672 (VIOLATED)
ANTENNA_137/DIODE                       0.750000    1.104621   -0.354621 (VIOLATED)
ANTENNA_138/DIODE                       0.750000    1.104621   -0.354621 (VIOLATED)
fanout1885/A                            0.750000    1.104621   -0.354621 (VIOLATED)
_26121_/A0                              0.750000    1.104550   -0.354550 (VIOLATED)
_44866_/Q                               0.750000    1.104550   -0.354550 (VIOLATED)
_39933_/Y                               0.750000    1.103671   -0.353671 (VIOLATED)
_39934_/B                               0.750000    1.103671   -0.353671 (VIOLATED)
_39956_/B                               0.750000    1.103671   -0.353671 (VIOLATED)
wire475/A                               0.750000    1.103671   -0.353671 (VIOLATED)
fanout814/A                             0.750000    1.095123   -0.345123 (VIOLATED)
fanout815/A                             0.750000    1.095113   -0.345113 (VIOLATED)
ANTENNA_24/DIODE                        0.750000    1.095112   -0.345112 (VIOLATED)
ANTENNA_23/DIODE                        0.750000    1.095079   -0.345079 (VIOLATED)
fanout813/A                             0.750000    1.095079   -0.345079 (VIOLATED)
ANTENNA_22/DIODE                        0.750000    1.095077   -0.345077 (VIOLATED)
fanout812/A                             0.750000    1.095040   -0.345040 (VIOLATED)
_27212_/Y                               0.750000    1.095037   -0.345037 (VIOLATED)
_36555_/Y                               0.750000    1.074631   -0.324631 (VIOLATED)
wire223/A                               0.750000    1.074631   -0.324631 (VIOLATED)
fanout952/A                             0.750000    1.073547   -0.323547 (VIOLATED)
fanout953/A                             0.750000    1.073531   -0.323531 (VIOLATED)
ANTENNA_336/DIODE                       0.750000    1.073530   -0.323530 (VIOLATED)
fanout951/A                             0.750000    1.073368   -0.323368 (VIOLATED)
ANTENNA_414/DIODE                       0.750000    1.073360   -0.323360 (VIOLATED)
ANTENNA_413/DIODE                       0.750000    1.073324   -0.323324 (VIOLATED)
fanout950/A                             0.750000    1.073324   -0.323325 (VIOLATED)
_26435_/Y                               0.750000    1.073293   -0.323293 (VIOLATED)
fanout737/A                             0.750000    1.071922   -0.321922 (VIOLATED)
fanout736/A                             0.750000    1.071830   -0.321830 (VIOLATED)
max_cap740/A                            0.750000    1.071827   -0.321827 (VIOLATED)
_27771_/Y                               0.750000    1.071826   -0.321826 (VIOLATED)
fanout1851/A                            0.750000    1.071210   -0.321210 (VIOLATED)
_26155_/A0                              0.750000    1.071144   -0.321144 (VIOLATED)
_44883_/Q                               0.750000    1.071144   -0.321144 (VIOLATED)
_26869_/C1                              0.750000    1.055687   -0.305687 (VIOLATED)
_26866_/C1                              0.750000    1.055681   -0.305681 (VIOLATED)
fanout752/A                             0.750000    1.055654   -0.305654 (VIOLATED)
fanout753/A                             0.750000    1.055564   -0.305564 (VIOLATED)
fanout754/A                             0.750000    1.055256   -0.305256 (VIOLATED)
_26825_/Y                               0.750000    1.055253   -0.305253 (VIOLATED)
_30155_/Y                               0.750000    1.028520   -0.278520 (VIOLATED)
_30193_/A                               0.750000    1.028520   -0.278520 (VIOLATED)
_30194_/A                               0.750000    1.028520   -0.278520 (VIOLATED)
_30196_/A1                              0.750000    1.028520   -0.278520 (VIOLATED)
max_cap356/A                            0.750000    1.028520   -0.278520 (VIOLATED)
fanout584/A                             0.750000    1.014639   -0.264639 (VIOLATED)
_42661_/C1                              0.750000    1.014437   -0.264437 (VIOLATED)
_42664_/C1                              0.750000    1.014434   -0.264434 (VIOLATED)
_42655_/C1                              0.750000    1.014433   -0.264433 (VIOLATED)
fanout582/A                             0.750000    1.014379   -0.264379 (VIOLATED)
fanout585/X                             0.750000    1.014371   -0.264371 (VIOLATED)
_39459_/B                               0.750000    0.986042   -0.236042 (VIOLATED)
_36408_/A                               0.750000    0.986041   -0.236042 (VIOLATED)
_37613_/B                               0.750000    0.986021   -0.236021 (VIOLATED)
_31438_/D_N                             0.750000    0.986017   -0.236017 (VIOLATED)
_31436_/Y                               0.750000    0.986010   -0.236010 (VIOLATED)
fanout1081/A                            0.750000    0.973870   -0.223870 (VIOLATED)
fanout1085/A                            0.750000    0.973813   -0.223813 (VIOLATED)
fanout1076/A                            0.750000    0.973161   -0.223161 (VIOLATED)
_26368_/X                               0.750000    0.973158   -0.223158 (VIOLATED)
fanout1855/A                            0.750000    0.965333   -0.215333 (VIOLATED)
_26151_/A0                              0.750000    0.965327   -0.215327 (VIOLATED)
_44881_/Q                               0.750000    0.965327   -0.215327 (VIOLATED)
_39460_/A0                              0.750000    0.948977   -0.198977 (VIOLATED)
_39459_/Y                               0.750000    0.948975   -0.198975 (VIOLATED)
_38335_/Y                               0.750000    0.943957   -0.193957 (VIOLATED)
_38336_/A2                              0.750000    0.943957   -0.193957 (VIOLATED)
max_cap165/A                            0.750000    0.943957   -0.193957 (VIOLATED)
_34119_/Y                               0.750000    0.936842   -0.186842 (VIOLATED)
_34220_/C1                              0.750000    0.936842   -0.186842 (VIOLATED)
_34226_/B1                              0.750000    0.936842   -0.186842 (VIOLATED)
_34290_/A2                              0.750000    0.936842   -0.186842 (VIOLATED)
wire273/A                               0.750000    0.936842   -0.186842 (VIOLATED)
fanout748/A                             0.750000    0.936248   -0.186248 (VIOLATED)
_26927_/Y                               0.750000    0.936245   -0.186245 (VIOLATED)
fanout1812/A                            0.750000    0.920522   -0.170522 (VIOLATED)
fanout1813/A                            0.750000    0.920515   -0.170515 (VIOLATED)
_26193_/A0                              0.750000    0.920352   -0.170352 (VIOLATED)
_44902_/Q                               0.750000    0.920352   -0.170352 (VIOLATED)
_37368_/D                               0.750000    0.910974   -0.160974 (VIOLATED)
_37397_/A3                              0.750000    0.910974   -0.160974 (VIOLATED)
_37406_/A3                              0.750000    0.910974   -0.160974 (VIOLATED)
_37390_/A3                              0.750000    0.910971   -0.160971 (VIOLATED)
_37355_/A3                              0.750000    0.910970   -0.160970 (VIOLATED)
_37331_/D                               0.750000    0.910967   -0.160967 (VIOLATED)
_37233_/C                               0.750000    0.910966   -0.160966 (VIOLATED)
_37231_/Y                               0.750000    0.910954   -0.160954 (VIOLATED)
_31581_/A                               0.750000    0.896369   -0.146369 (VIOLATED)
_31583_/A1                              0.750000    0.896369   -0.146369 (VIOLATED)
_31584_/B                               0.750000    0.896369   -0.146369 (VIOLATED)
_31578_/Y                               0.750000    0.896347   -0.146347 (VIOLATED)
fanout1035/A                            0.750000    0.891200   -0.141200 (VIOLATED)
ANTENNA_222/DIODE                       0.750000    0.891199   -0.141199 (VIOLATED)
ANTENNA_221/DIODE                       0.750000    0.891198   -0.141198 (VIOLATED)
fanout1036/A                            0.750000    0.891185   -0.141185 (VIOLATED)
ANTENNA_223/DIODE                       0.750000    0.891184   -0.141184 (VIOLATED)
fanout1034/A                            0.750000    0.891141   -0.141141 (VIOLATED)
ANTENNA_219/DIODE                       0.750000    0.891140   -0.141140 (VIOLATED)
ANTENNA_220/DIODE                       0.750000    0.891133   -0.141133 (VIOLATED)
fanout1033/A                            0.750000    0.891102   -0.141102 (VIOLATED)
ANTENNA_218/DIODE                       0.750000    0.891102   -0.141102 (VIOLATED)
ANTENNA_217/DIODE                       0.750000    0.891101   -0.141101 (VIOLATED)
fanout1032/A                            0.750000    0.890621   -0.140621 (VIOLATED)
fanout1037/X                            0.750000    0.890610   -0.140610 (VIOLATED)
_37693_/Y                               0.750000    0.875713   -0.125713 (VIOLATED)
_37715_/D                               0.750000    0.875713   -0.125713 (VIOLATED)
_37720_/A3                              0.750000    0.875713   -0.125713 (VIOLATED)
_37731_/B1_N                            0.750000    0.875713   -0.125713 (VIOLATED)
max_cap185/A                            0.750000    0.875713   -0.125713 (VIOLATED)
_37182_/Y                               0.750000    0.864758   -0.114758 (VIOLATED)
_37191_/A                               0.750000    0.864758   -0.114758 (VIOLATED)
_37457_/A                               0.750000    0.864758   -0.114758 (VIOLATED)
max_cap204/A                            0.750000    0.864758   -0.114758 (VIOLATED)
fanout1491/A                            0.750000    0.853173   -0.103173 (VIOLATED)
ANTENNA_100/DIODE                       0.750000    0.853172   -0.103172 (VIOLATED)
_45799_/Q                               0.750000    0.853104   -0.103104 (VIOLATED)
fanout1485/A                            0.750000    0.853104   -0.103104 (VIOLATED)
_38576_/Y                               0.750000    0.853006   -0.103006 (VIOLATED)
_38577_/C                               0.750000    0.853006   -0.103006 (VIOLATED)
fanout1859/A                            0.750000    0.852599   -0.102599 (VIOLATED)
ANTENNA_140/DIODE                       0.750000    0.852598   -0.102598 (VIOLATED)
fanout1858/A                            0.750000    0.852594   -0.102594 (VIOLATED)
_26147_/A0                              0.750000    0.852470   -0.102470 (VIOLATED)
_44879_/Q                               0.750000    0.852470   -0.102470 (VIOLATED)
clkbuf_0_clk/A                          0.750000    0.850958   -0.100958 (VIOLATED)
ANTENNA_362/DIODE                       0.750000    0.850951   -0.100951 (VIOLATED)
clk                                     0.750000    0.849110   -0.099110 (VIOLATED)
_40938_/B                               0.750000    0.848812   -0.098812 (VIOLATED)
_41622_/B1                              0.750000    0.848812   -0.098812 (VIOLATED)
_40937_/B                               0.750000    0.848811   -0.098811 (VIOLATED)
_41639_/A3                              0.750000    0.848812   -0.098812 (VIOLATED)
_40936_/Y                               0.750000    0.848803   -0.098803 (VIOLATED)
fanout1844/A                            0.750000    0.842328   -0.092328 (VIOLATED)
fanout1845/A                            0.750000    0.842327   -0.092327 (VIOLATED)
_26161_/A0                              0.750000    0.842198   -0.092198 (VIOLATED)
_44886_/Q                               0.750000    0.842198   -0.092198 (VIOLATED)
_37160_/Y                               0.750000    0.828384   -0.078384 (VIOLATED)
_37161_/C                               0.750000    0.828384   -0.078384 (VIOLATED)
_37162_/D                               0.750000    0.828384   -0.078384 (VIOLATED)
max_cap206/A                            0.750000    0.828384   -0.078384 (VIOLATED)
_26119_/A1                              0.750000    0.827701   -0.077701 (VIOLATED)
_45650_/Q                               0.750000    0.827540   -0.077540 (VIOLATED)
_42661_/A2                              0.750000    0.826328   -0.076328 (VIOLATED)
_42664_/A2                              0.750000    0.826323   -0.076323 (VIOLATED)
_42655_/A2                              0.750000    0.826322   -0.076322 (VIOLATED)
fanout666/A                             0.750000    0.826313   -0.076313 (VIOLATED)
fanout664/A                             0.750000    0.826222   -0.076222 (VIOLATED)
fanout667/X                             0.750000    0.826218   -0.076218 (VIOLATED)
_27370_/A1                              0.750000    0.825354   -0.075354 (VIOLATED)
_27439_/B2                              0.750000    0.825354   -0.075354 (VIOLATED)
_27369_/Y                               0.750000    0.825353   -0.075353 (VIOLATED)
_27487_/B1                              0.750000    0.825353   -0.075353 (VIOLATED)
fanout1853/A                            0.750000    0.824439   -0.074439 (VIOLATED)
_26153_/A0                              0.750000    0.824437   -0.074437 (VIOLATED)
_44882_/Q                               0.750000    0.824437   -0.074437 (VIOLATED)
fanout1045/A                            0.750000    0.820173   -0.070173 (VIOLATED)
fanout1043/A                            0.750000    0.820144   -0.070144 (VIOLATED)
fanout1042/A                            0.750000    0.820118   -0.070118 (VIOLATED)
fanout1044/A                            0.750000    0.820081   -0.070081 (VIOLATED)
fanout1041/A                            0.750000    0.819549   -0.069549 (VIOLATED)
fanout1046/X                            0.750000    0.819543   -0.069543 (VIOLATED)
_36339_/Y                               0.750000    0.813507   -0.063507 (VIOLATED)
_36410_/A                               0.750000    0.813507   -0.063507 (VIOLATED)
_36479_/A1                              0.750000    0.813507   -0.063507 (VIOLATED)
_36480_/A1                              0.750000    0.813507   -0.063507 (VIOLATED)
wire228/A                               0.750000    0.813507   -0.063507 (VIOLATED)
_35683_/A                               0.750000    0.812164   -0.062164 (VIOLATED)
_35911_/A                               0.750000    0.812164   -0.062164 (VIOLATED)
_35920_/B1                              0.750000    0.812164   -0.062164 (VIOLATED)
_35669_/Y                               0.750000    0.812163   -0.062163 (VIOLATED)
_39826_/Y                               0.750000    0.809096   -0.059096 (VIOLATED)
_39828_/C                               0.750000    0.809096   -0.059096 (VIOLATED)
_39879_/B                               0.750000    0.809096   -0.059096 (VIOLATED)
_38511_/Y                               0.750000    0.802233   -0.052233 (VIOLATED)
wire163/A                               0.750000    0.802233   -0.052233 (VIOLATED)
_26117_/A1                              0.750000    0.801331   -0.051331 (VIOLATED)
_45649_/Q                               0.750000    0.801325   -0.051325 (VIOLATED)
_35207_/A                               0.750000    0.778874   -0.028874 (VIOLATED)
_35459_/C                               0.750000    0.778874   -0.028874 (VIOLATED)
_35206_/Y                               0.750000    0.778872   -0.028872 (VIOLATED)
_35761_/Y                               0.750000    0.777891   -0.027891 (VIOLATED)
_35762_/A2                              0.750000    0.777891   -0.027891 (VIOLATED)
_35763_/A2                              0.750000    0.777891   -0.027891 (VIOLATED)
_35775_/B                               0.750000    0.777891   -0.027891 (VIOLATED)
max_cap244/A                            0.750000    0.777891   -0.027891 (VIOLATED)
_40318_/S                               0.750000    0.771543   -0.021543 (VIOLATED)
_22059_/B                               0.750000    0.771543   -0.021543 (VIOLATED)
_22060_/B                               0.750000    0.771543   -0.021543 (VIOLATED)
_22058_/Y                               0.750000    0.771541   -0.021541 (VIOLATED)
_31984_/A2                              0.750000    0.771238   -0.021238 (VIOLATED)
_32203_/B                               0.750000    0.771237   -0.021237 (VIOLATED)
_31987_/B                               0.750000    0.771236   -0.021236 (VIOLATED)
_31981_/Y                               0.750000    0.771220   -0.021220 (VIOLATED)
fanout1054/A                            0.750000    0.765537   -0.015537 (VIOLATED)
fanout1052/A                            0.750000    0.765529   -0.015529 (VIOLATED)
fanout1053/A                            0.750000    0.765518   -0.015518 (VIOLATED)
fanout1051/A                            0.750000    0.765439   -0.015439 (VIOLATED)
ANTENNA_224/DIODE                       0.750000    0.765429   -0.015429 (VIOLATED)
fanout1050/A                            0.750000    0.765256   -0.015256 (VIOLATED)
fanout1055/X                            0.750000    0.765226   -0.015226 (VIOLATED)
_26159_/A0                              0.750000    0.759228   -0.009228 (VIOLATED)
_44885_/Q                               0.750000    0.759228   -0.009228 (VIOLATED)
fanout1847/A                            0.750000    0.759228   -0.009228 (VIOLATED)

max fanout

Pin                                   Limit Fanout  Slack
---------------------------------------------------------
clkbuf_leaf_217_clk/X                    10     23    -13 (VIOLATED)
clkbuf_leaf_227_clk/X                    10     23    -13 (VIOLATED)
clkbuf_leaf_223_clk/X                    10     22    -12 (VIOLATED)
clkbuf_leaf_234_clk/X                    10     22    -12 (VIOLATED)
clkbuf_leaf_180_clk/X                    10     21    -11 (VIOLATED)
clkbuf_leaf_181_clk/X                    10     21    -11 (VIOLATED)
clkbuf_leaf_188_clk/X                    10     21    -11 (VIOLATED)
clkbuf_leaf_200_clk/X                    10     21    -11 (VIOLATED)
clkbuf_leaf_177_clk/X                    10     20    -10 (VIOLATED)
clkbuf_leaf_184_clk/X                    10     20    -10 (VIOLATED)
clkbuf_leaf_201_clk/X                    10     20    -10 (VIOLATED)
clkbuf_leaf_230_clk/X                    10     20    -10 (VIOLATED)
clkbuf_leaf_173_clk/X                    10     18     -8 (VIOLATED)
clkbuf_leaf_179_clk/X                    10     18     -8 (VIOLATED)
clkbuf_leaf_183_clk/X                    10     18     -8 (VIOLATED)
clkbuf_leaf_186_clk/X                    10     18     -8 (VIOLATED)
clkbuf_leaf_189_clk/X                    10     18     -8 (VIOLATED)
clkbuf_leaf_203_clk/X                    10     18     -8 (VIOLATED)
clkbuf_leaf_218_clk/X                    10     18     -8 (VIOLATED)
clkbuf_leaf_233_clk/X                    10     18     -8 (VIOLATED)
clkbuf_leaf_205_clk/X                    10     17     -7 (VIOLATED)
clkbuf_leaf_21_clk/X                     10     17     -7 (VIOLATED)
clkbuf_leaf_88_clk/X                     10     17     -7 (VIOLATED)
clkbuf_5_0__f_clk/X                      10     16     -6 (VIOLATED)
clkbuf_leaf_206_clk/X                    10     16     -6 (VIOLATED)
clkbuf_leaf_229_clk/X                    10     16     -6 (VIOLATED)
clkbuf_leaf_241_clk/X                    10     16     -6 (VIOLATED)
clkbuf_leaf_244_clk/X                    10     16     -6 (VIOLATED)
clkbuf_leaf_14_clk/X                     10     15     -5 (VIOLATED)
clkbuf_leaf_187_clk/X                    10     15     -5 (VIOLATED)
clkbuf_leaf_18_clk/X                     10     15     -5 (VIOLATED)
clkbuf_leaf_192_clk/X                    10     15     -5 (VIOLATED)
clkbuf_leaf_232_clk/X                    10     15     -5 (VIOLATED)
clkbuf_leaf_23_clk/X                     10     15     -5 (VIOLATED)
clkbuf_leaf_245_clk/X                    10     15     -5 (VIOLATED)
clkbuf_leaf_24_clk/X                     10     15     -5 (VIOLATED)
clkbuf_leaf_4_clk/X                      10     15     -5 (VIOLATED)
clkbuf_leaf_93_clk/X                     10     15     -5 (VIOLATED)
clkbuf_leaf_99_clk/X                     10     15     -5 (VIOLATED)
fanout769/X                              10     15     -5 (VIOLATED)
clkbuf_leaf_110_clk/X                    10     14     -4 (VIOLATED)
clkbuf_leaf_172_clk/X                    10     14     -4 (VIOLATED)
clkbuf_leaf_17_clk/X                     10     14     -4 (VIOLATED)
clkbuf_leaf_191_clk/X                    10     14     -4 (VIOLATED)
clkbuf_leaf_197_clk/X                    10     14     -4 (VIOLATED)
clkbuf_leaf_202_clk/X                    10     14     -4 (VIOLATED)
clkbuf_leaf_207_clk/X                    10     14     -4 (VIOLATED)
clkbuf_leaf_216_clk/X                    10     14     -4 (VIOLATED)
clkbuf_leaf_228_clk/X                    10     14     -4 (VIOLATED)
clkbuf_leaf_231_clk/X                    10     14     -4 (VIOLATED)
clkbuf_leaf_246_clk/X                    10     14     -4 (VIOLATED)
clkbuf_leaf_254_clk/X                    10     14     -4 (VIOLATED)
clkbuf_leaf_94_clk/X                     10     14     -4 (VIOLATED)
clkbuf_5_10__f_clk/X                     10     13     -3 (VIOLATED)
clkbuf_5_11__f_clk/X                     10     13     -3 (VIOLATED)
clkbuf_5_8__f_clk/X                      10     13     -3 (VIOLATED)
clkbuf_leaf_176_clk/X                    10     13     -3 (VIOLATED)
clkbuf_leaf_185_clk/X                    10     13     -3 (VIOLATED)
clkbuf_leaf_199_clk/X                    10     13     -3 (VIOLATED)
clkbuf_leaf_1_clk/X                      10     13     -3 (VIOLATED)
clkbuf_leaf_219_clk/X                    10     13     -3 (VIOLATED)
clkbuf_leaf_224_clk/X                    10     13     -3 (VIOLATED)
clkbuf_leaf_237_clk/X                    10     13     -3 (VIOLATED)
clkbuf_leaf_243_clk/X                    10     13     -3 (VIOLATED)
clkbuf_leaf_27_clk/X                     10     13     -3 (VIOLATED)
clkbuf_leaf_42_clk/X                     10     13     -3 (VIOLATED)
clkbuf_leaf_44_clk/X                     10     13     -3 (VIOLATED)
clkbuf_leaf_57_clk/X                     10     13     -3 (VIOLATED)
clkbuf_leaf_74_clk/X                     10     13     -3 (VIOLATED)
clkbuf_leaf_75_clk/X                     10     13     -3 (VIOLATED)
clkbuf_leaf_77_clk/X                     10     13     -3 (VIOLATED)
clkbuf_leaf_90_clk/X                     10     13     -3 (VIOLATED)
clkbuf_leaf_96_clk/X                     10     13     -3 (VIOLATED)
fanout1465/X                             10     13     -3 (VIOLATED)
fanout1753/X                             10     13     -3 (VIOLATED)
fanout626/X                              10     13     -3 (VIOLATED)
fanout695/X                              10     13     -3 (VIOLATED)
clkbuf_leaf_105_clk/X                    10     12     -2 (VIOLATED)
clkbuf_leaf_10_clk/X                     10     12     -2 (VIOLATED)
clkbuf_leaf_111_clk/X                    10     12     -2 (VIOLATED)
clkbuf_leaf_122_clk/X                    10     12     -2 (VIOLATED)
clkbuf_leaf_127_clk/X                    10     12     -2 (VIOLATED)
clkbuf_leaf_12_clk/X                     10     12     -2 (VIOLATED)
clkbuf_leaf_130_clk/X                    10     12     -2 (VIOLATED)
clkbuf_leaf_158_clk/X                    10     12     -2 (VIOLATED)
clkbuf_leaf_160_clk/X                    10     12     -2 (VIOLATED)
clkbuf_leaf_16_clk/X                     10     12     -2 (VIOLATED)
clkbuf_leaf_170_clk/X                    10     12     -2 (VIOLATED)
clkbuf_leaf_175_clk/X                    10     12     -2 (VIOLATED)
clkbuf_leaf_196_clk/X                    10     12     -2 (VIOLATED)
clkbuf_leaf_19_clk/X                     10     12     -2 (VIOLATED)
clkbuf_leaf_22_clk/X                     10     12     -2 (VIOLATED)
clkbuf_leaf_242_clk/X                    10     12     -2 (VIOLATED)
clkbuf_leaf_260_clk/X                    10     12     -2 (VIOLATED)
clkbuf_leaf_45_clk/X                     10     12     -2 (VIOLATED)
clkbuf_leaf_49_clk/X                     10     12     -2 (VIOLATED)
clkbuf_leaf_53_clk/X                     10     12     -2 (VIOLATED)
clkbuf_leaf_6_clk/X                      10     12     -2 (VIOLATED)
clkbuf_leaf_85_clk/X                     10     12     -2 (VIOLATED)
clkbuf_leaf_91_clk/X                     10     12     -2 (VIOLATED)
clkbuf_leaf_92_clk/X                     10     12     -2 (VIOLATED)
clkbuf_leaf_97_clk/X                     10     12     -2 (VIOLATED)
fanout1037/X                             10     12     -2 (VIOLATED)
fanout1209/X                             10     12     -2 (VIOLATED)
fanout1475/X                             10     12     -2 (VIOLATED)
fanout1669/X                             10     12     -2 (VIOLATED)
fanout1676/X                             10     12     -2 (VIOLATED)
fanout1692/X                             10     12     -2 (VIOLATED)
fanout1693/X                             10     12     -2 (VIOLATED)
fanout1696/X                             10     12     -2 (VIOLATED)
fanout1700/X                             10     12     -2 (VIOLATED)
fanout1710/X                             10     12     -2 (VIOLATED)
fanout1725/X                             10     12     -2 (VIOLATED)
fanout1741/X                             10     12     -2 (VIOLATED)
fanout1756/X                             10     12     -2 (VIOLATED)
fanout1762/X                             10     12     -2 (VIOLATED)
clkbuf_5_12__f_clk/X                     10     11        (VIOLATED)
clkbuf_5_6__f_clk/X                      10     11        (VIOLATED)
clkbuf_5_7__f_clk/X                      10     11        (VIOLATED)
clkbuf_5_9__f_clk/X                      10     11        (VIOLATED)
clkbuf_leaf_103_clk/X                    10     11        (VIOLATED)
clkbuf_leaf_106_clk/X                    10     11        (VIOLATED)
clkbuf_leaf_112_clk/X                    10     11        (VIOLATED)
clkbuf_leaf_116_clk/X                    10     11        (VIOLATED)
clkbuf_leaf_123_clk/X                    10     11        (VIOLATED)
clkbuf_leaf_131_clk/X                    10     11        (VIOLATED)
clkbuf_leaf_142_clk/X                    10     11        (VIOLATED)
clkbuf_leaf_146_clk/X                    10     11        (VIOLATED)
clkbuf_leaf_149_clk/X                    10     11        (VIOLATED)
clkbuf_leaf_155_clk/X                    10     11        (VIOLATED)
clkbuf_leaf_178_clk/X                    10     11        (VIOLATED)
clkbuf_leaf_195_clk/X                    10     11        (VIOLATED)
clkbuf_leaf_20_clk/X                     10     11        (VIOLATED)
clkbuf_leaf_220_clk/X                    10     11        (VIOLATED)
clkbuf_leaf_256_clk/X                    10     11        (VIOLATED)
clkbuf_leaf_257_clk/X                    10     11        (VIOLATED)
clkbuf_leaf_25_clk/X                     10     11        (VIOLATED)
clkbuf_leaf_28_clk/X                     10     11        (VIOLATED)
clkbuf_leaf_30_clk/X                     10     11        (VIOLATED)
clkbuf_leaf_32_clk/X                     10     11        (VIOLATED)
clkbuf_leaf_33_clk/X                     10     11        (VIOLATED)
clkbuf_leaf_34_clk/X                     10     11        (VIOLATED)
clkbuf_leaf_36_clk/X                     10     11        (VIOLATED)
clkbuf_leaf_47_clk/X                     10     11        (VIOLATED)
clkbuf_leaf_63_clk/X                     10     11        (VIOLATED)
clkbuf_leaf_65_clk/X                     10     11        (VIOLATED)
clkbuf_leaf_66_clk/X                     10     11        (VIOLATED)
clkbuf_leaf_68_clk/X                     10     11        (VIOLATED)
clkbuf_leaf_78_clk/X                     10     11        (VIOLATED)
clkbuf_leaf_79_clk/X                     10     11        (VIOLATED)
clkbuf_leaf_82_clk/X                     10     11        (VIOLATED)
clkbuf_leaf_84_clk/X                     10     11        (VIOLATED)
clkbuf_leaf_98_clk/X                     10     11        (VIOLATED)
fanout1148/X                             10     11        (VIOLATED)
fanout1382/X                             10     11        (VIOLATED)
fanout1384/X                             10     11        (VIOLATED)
fanout1423/X                             10     11        (VIOLATED)
fanout1434/X                             10     11        (VIOLATED)
fanout1482/X                             10     11        (VIOLATED)
fanout1500/X                             10     11        (VIOLATED)
fanout1509/X                             10     11        (VIOLATED)
fanout1516/X                             10     11        (VIOLATED)
fanout1644/X                             10     11        (VIOLATED)
fanout1649/X                             10     11        (VIOLATED)
fanout1660/X                             10     11        (VIOLATED)
fanout1665/X                             10     11        (VIOLATED)
fanout1666/X                             10     11        (VIOLATED)
fanout1672/X                             10     11        (VIOLATED)
fanout1679/X                             10     11        (VIOLATED)
fanout1682/X                             10     11        (VIOLATED)
fanout1686/X                             10     11        (VIOLATED)
fanout1689/X                             10     11        (VIOLATED)
fanout1695/X                             10     11        (VIOLATED)
fanout1707/X                             10     11        (VIOLATED)
fanout1728/X                             10     11        (VIOLATED)
fanout1732/X                             10     11        (VIOLATED)
fanout1735/X                             10     11        (VIOLATED)
fanout1738/X                             10     11        (VIOLATED)
fanout1743/X                             10     11        (VIOLATED)
fanout1744/X                             10     11        (VIOLATED)
fanout1759/X                             10     11        (VIOLATED)
fanout1763/X                             10     11        (VIOLATED)
fanout1765/X                             10     11        (VIOLATED)
fanout1768/X                             10     11        (VIOLATED)
fanout321/X                              10     11        (VIOLATED)
fanout547/X                              10     11        (VIOLATED)
fanout560/X                              10     11        (VIOLATED)
fanout574/X                              10     11        (VIOLATED)
fanout628/X                              10     11        (VIOLATED)
fanout647/X                              10     11        (VIOLATED)
fanout660/X                              10     11        (VIOLATED)
fanout736/X                              10     11        (VIOLATED)
fanout770/X                              10     11        (VIOLATED)
fanout780/X                              10     11        (VIOLATED)
fanout802/X                              10     11        (VIOLATED)
fanout828/X                              10     11        (VIOLATED)
fanout859/X                              10     11        (VIOLATED)
fanout865/X                              10     11        (VIOLATED)
fanout891/X                              10     11        (VIOLATED)

max capacitance

Pin                                        Limit         Cap       Slack
------------------------------------------------------------------------
fanout1434/X                            0.200000    0.221841   -0.021841 (VIOLATED)
_26421_/Y                               0.154734    0.175243   -0.020509 (VIOLATED)
_42277_/Y                               0.085154    0.099144   -0.013990 (VIOLATED)
_26450_/Y                               0.154734    0.166514   -0.011780 (VIOLATED)
_26506_/Y                               0.086070    0.096542   -0.010472 (VIOLATED)
_42675_/Y                               0.154734    0.165101   -0.010367 (VIOLATED)
fanout1471/X                            0.200000    0.208982   -0.008982 (VIOLATED)
_42475_/Y                               0.154734    0.161016   -0.006282 (VIOLATED)
_42477_/Y                               0.054942    0.059112   -0.004170 (VIOLATED)
clkbuf_2_2_0_clk/X                      0.200000    0.201104   -0.001104 (VIOLATED)
_26441_/Y                               0.154734    0.155381   -0.000647 (VIOLATED)



===========================================================================
report_parasitic_annotation -report_unannotated
============================================================================
Found 245 unannotated drivers.
 clkload0/Y
 clkload1/Y
 clkload10/Y
 clkload100/Y
 clkload101/Y
 clkload102/Y
 clkload103/Y
 clkload104/Y
 clkload105/Y
 clkload106/Y
 clkload107/Y
 clkload108/Y
 clkload109/Y
 clkload11/Y
 clkload110/Y
 clkload111/Y
 clkload112/Y
 clkload113/X
 clkload114/Y
 clkload115/Y
 clkload116/Y
 clkload117/Y
 clkload118/Y
 clkload119/Y
 clkload12/Y
 clkload120/Y
 clkload121/Y
 clkload122/Y
 clkload123/Y
 clkload124/X
 clkload125/Y
 clkload126/Y
 clkload127/X
 clkload128/X
 clkload129/X
 clkload13/Y
 clkload130/X
 clkload131/Y
 clkload132/X
 clkload133/Y
 clkload134/Y
 clkload135/Y
 clkload136/Y
 clkload137/Y
 clkload138/Y
 clkload139/Y
 clkload14/Y
 clkload140/Y
 clkload141/Y
 clkload142/Y
 clkload143/Y
 clkload144/Y
 clkload145/Y
 clkload146/Y
 clkload147/Y
 clkload148/Y
 clkload149/X
 clkload15/Y
 clkload150/Y
 clkload151/Y
 clkload152/X
 clkload153/X
 clkload154/X
 clkload155/Y
 clkload156/Y
 clkload157/X
 clkload158/Y
 clkload159/Y
 clkload16/Y
 clkload160/Y
 clkload161/X
 clkload162/Y
 clkload163/Y
 clkload164/Y
 clkload165/X
 clkload166/X
 clkload167/Y
 clkload168/Y
 clkload169/Y
 clkload17/X
 clkload170/X
 clkload171/Y
 clkload172/Y
 clkload173/Y
 clkload174/Y
 clkload175/X
 clkload176/Y
 clkload177/Y
 clkload178/Y
 clkload179/Y
 clkload18/Y
 clkload180/Y
 clkload181/Y
 clkload182/X
 clkload183/Y
 clkload184/Y
 clkload185/X
 clkload186/Y
 clkload187/Y
 clkload188/Y
 clkload189/Y
 clkload19/Y
 clkload190/Y
 clkload191/Y
 clkload192/Y
 clkload193/Y
 clkload194/Y
 clkload195/X
 clkload196/Y
 clkload197/Y
 clkload198/Y
 clkload199/X
 clkload2/Y
 clkload20/Y
 clkload200/Y
 clkload201/X
 clkload202/Y
 clkload203/Y
 clkload204/Y
 clkload205/X
 clkload206/Y
 clkload207/X
 clkload208/Y
 clkload209/X
 clkload21/Y
 clkload210/Y
 clkload211/X
 clkload212/Y
 clkload213/X
 clkload214/Y
 clkload215/X
 clkload216/Y
 clkload217/X
 clkload218/Y
 clkload219/Y
 clkload22/Y
 clkload220/Y
 clkload221/Y
 clkload222/Y
 clkload223/Y
 clkload224/Y
 clkload225/Y
 clkload226/Y
 clkload227/Y
 clkload228/Y
 clkload229/X
 clkload23/X
 clkload230/X
 clkload231/Y
 clkload232/Y
 clkload233/X
 clkload234/X
 clkload235/Y
 clkload236/X
 clkload237/Y
 clkload238/Y
 clkload239/Y
 clkload24/Y
 clkload240/Y
 clkload241/Y
 clkload242/Y
 clkload243/Y
 clkload244/Y
 clkload25/Y
 clkload26/Y
 clkload27/Y
 clkload28/X
 clkload29/Y
 clkload3/Y
 clkload30/Y
 clkload31/Y
 clkload32/Y
 clkload33/Y
 clkload34/Y
 clkload35/Y
 clkload36/Y
 clkload37/Y
 clkload38/Y
 clkload39/Y
 clkload4/Y
 clkload40/Y
 clkload41/Y
 clkload42/X
 clkload43/X
 clkload44/Y
 clkload45/Y
 clkload46/Y
 clkload47/Y
 clkload48/Y
 clkload49/Y
 clkload5/Y
 clkload50/Y
 clkload51/Y
 clkload52/Y
 clkload53/Y
 clkload54/Y
 clkload55/Y
 clkload56/Y
 clkload57/X
 clkload58/Y
 clkload59/Y
 clkload6/Y
 clkload60/Y
 clkload61/Y
 clkload62/Y
 clkload63/Y
 clkload64/Y
 clkload65/Y
 clkload66/Y
 clkload67/Y
 clkload68/Y
 clkload69/Y
 clkload7/Y
 clkload70/Y
 clkload71/Y
 clkload72/Y
 clkload73/Y
 clkload74/Y
 clkload75/Y
 clkload76/Y
 clkload77/Y
 clkload78/X
 clkload79/Y
 clkload8/X
 clkload80/Y
 clkload81/Y
 clkload82/Y
 clkload83/Y
 clkload84/X
 clkload85/Y
 clkload86/Y
 clkload87/Y
 clkload88/Y
 clkload89/Y
 clkload9/X
 clkload90/Y
 clkload91/Y
 clkload92/Y
 clkload93/Y
 clkload94/Y
 clkload95/Y
 clkload96/Y
 clkload97/Y
 clkload98/Y
 clkload99/Y
Found 0 partially unannotated drivers.

===========================================================================
max slew violation count 382
max fanout violation count 199
max cap violation count 11
============================================================================

===========================================================================
check_setup -verbose -unconstrained_endpoints -multiple_clock -no_clock -no_input_delay -loops -generated_clocks
===========================================================================
