
===========================================================================
report_checks -unconstrained
===========================================================================
======================= min_ss_100C_1v60 Corner ===================================

Startpoint: reset (input port clocked by clk)
Endpoint: _44402_ (recovery check against rising-edge clock clk)
Path Group: asynchronous
Path Type: max

Fanout         Cap        Slew       Delay        Time   Description
---------------------------------------------------------------------------------------------
                                  0.000000    0.000000   clock clk (rise edge)
                                  0.000000    0.000000   clock network delay (propagated)
                                200.000000  200.000000 v input external delay
     1    0.002461    0.017175    0.008157  200.008148 v reset (in)
                                                         reset (net)
                      0.017175    0.000000  200.008148 v input101/A (sky130_fd_sc_hd__buf_2)
     3    0.047415    0.218135    0.360103  200.368256 v input101/X (sky130_fd_sc_hd__buf_2)
                                                         net101 (net)
                      0.218135    0.000412  200.368668 v fanout2075/A (sky130_fd_sc_hd__clkbuf_4)
     7    0.072063    0.260260    0.487901  200.856567 v fanout2075/X (sky130_fd_sc_hd__clkbuf_4)
                                                         net2075 (net)
                      0.260268    0.001862  200.858429 v fanout2027/A (sky130_fd_sc_hd__buf_2)
     7    0.055224    0.250530    0.500805  201.359238 v fanout2027/X (sky130_fd_sc_hd__buf_2)
                                                         net2027 (net)
                      0.250532    0.001236  201.360474 v fanout2026/A (sky130_fd_sc_hd__buf_4)
     9    0.059720    0.153218    0.432181  201.792648 v fanout2026/X (sky130_fd_sc_hd__buf_4)
                                                         net2026 (net)
                      0.153218    0.000227  201.792877 v fanout2025/A (sky130_fd_sc_hd__buf_4)
    10    0.056849    0.147187    0.382897  202.175781 v fanout2025/X (sky130_fd_sc_hd__buf_4)
                                                         net2025 (net)
                      0.147188    0.000696  202.176468 v fanout2024/A (sky130_fd_sc_hd__buf_4)
    10    0.054604    0.142829    0.375962  202.552429 v fanout2024/X (sky130_fd_sc_hd__buf_4)
                                                         net2024 (net)
                      0.142829    0.000114  202.552551 v _43581_/A (sky130_fd_sc_hd__inv_2)
     1    0.004043    0.056107    0.101124  202.653671 ^ _43581_/Y (sky130_fd_sc_hd__inv_2)
                                                         _00244_ (net)
                      0.056107    0.000043  202.653717 ^ _44402_/RESET_B (sky130_fd_sc_hd__dfrtp_1)
                                            202.653717   data arrival time

                               1000.000000 1000.000000   clock clk (rise edge)
                                  0.000000 1000.000000   clock source latency
     2    0.107784    0.776196    0.548653 1000.548706 ^ clk (in)
                                                         clk (net)
                      0.777338    0.000000 1000.548706 ^ clkbuf_0_clk/A (sky130_fd_sc_hd__clkbuf_16)
     4    0.160197    0.265990    0.655746 1001.204407 ^ clkbuf_0_clk/X (sky130_fd_sc_hd__clkbuf_16)
                                                         clknet_0_clk (net)
                      0.267101    0.012960 1001.217407 ^ clkbuf_2_1_0_clk/A (sky130_fd_sc_hd__clkbuf_8)
     8    0.163399    0.433993    0.590717 1001.808105 ^ clkbuf_2_1_0_clk/X (sky130_fd_sc_hd__clkbuf_8)
                                                         clknet_2_1_0_clk (net)
                      0.434391    0.010914 1001.819031 ^ clkbuf_5_10__f_clk/A (sky130_fd_sc_hd__clkbuf_16)
    13    0.103559    0.183500    0.476234 1002.295227 ^ clkbuf_5_10__f_clk/X (sky130_fd_sc_hd__clkbuf_16)
                                                         clknet_5_10__leaf_clk (net)
                      0.183545    0.002728 1002.297974 ^ clkbuf_leaf_154_clk/A (sky130_fd_sc_hd__clkbuf_8)
     9    0.031391    0.109416    0.314003 1002.612000 ^ clkbuf_leaf_154_clk/X (sky130_fd_sc_hd__clkbuf_8)
                                                         clknet_leaf_154_clk (net)
                      0.109416    0.000455 1002.612427 ^ _44402_/CLK (sky130_fd_sc_hd__dfrtp_1)
                                 -0.250000 1002.362427   clock uncertainty
                                  0.000000 1002.362427   clock reconvergence pessimism
                                  0.480839 1002.843323   library recovery time
                                           1002.843323   data required time
---------------------------------------------------------------------------------------------
                                           1002.843323   data required time
                                           -202.653717   data arrival time
---------------------------------------------------------------------------------------------
                                            800.189575   slack (MET)


Startpoint: _45802_ (rising edge-triggered flip-flop clocked by clk)
Endpoint: _45825_ (rising edge-triggered flip-flop clocked by clk)
Path Group: clk
Path Type: max

Fanout         Cap        Slew       Delay        Time   Description
---------------------------------------------------------------------------------------------
                                  0.000000    0.000000   clock clk (rise edge)
                                  0.000000    0.000000   clock source latency
     2    0.107784    0.776196    0.548642    0.548642 ^ clk (in)
                                                         clk (net)
                      0.777338    0.000000    0.548642 ^ clkbuf_0_clk/A (sky130_fd_sc_hd__clkbuf_16)
     4    0.160197    0.265990    0.655775    1.204417 ^ clkbuf_0_clk/X (sky130_fd_sc_hd__clkbuf_16)
                                                         clknet_0_clk (net)
                      0.267017    0.012346    1.216762 ^ clkbuf_2_0_0_clk/A (sky130_fd_sc_hd__clkbuf_8)
     8    0.177747    0.469643    0.617579    1.834341 ^ clkbuf_2_0_0_clk/X (sky130_fd_sc_hd__clkbuf_8)
                                                         clknet_2_0_0_clk (net)
                      0.469957    0.007136    1.841478 ^ clkbuf_5_6__f_clk/A (sky130_fd_sc_hd__clkbuf_16)
    11    0.112694    0.196452    0.501244    2.342721 ^ clkbuf_5_6__f_clk/X (sky130_fd_sc_hd__clkbuf_16)
                                                         clknet_5_6__leaf_clk (net)
                      0.196456    0.001223    2.343945 ^ clkbuf_leaf_183_clk/A (sky130_fd_sc_hd__clkbuf_8)
    18    0.052869    0.161012    0.359650    2.703594 ^ clkbuf_leaf_183_clk/X (sky130_fd_sc_hd__clkbuf_8)
                                                         clknet_leaf_183_clk (net)
                      0.161012    0.000499    2.704093 ^ _45802_/CLK (sky130_fd_sc_hd__dfxtp_4)
     5    0.156498    0.355357    0.961231    3.665325 v _45802_/Q (sky130_fd_sc_hd__dfxtp_4)
                                                         divider_instance.mantisaBshift[15] (net)
                      0.355357    0.001344    3.666668 v fanout1457/A (sky130_fd_sc_hd__clkbuf_8)
     6    0.120170    0.230867    0.529079    4.195747 v fanout1457/X (sky130_fd_sc_hd__clkbuf_8)
                                                         net1457 (net)
                      0.231176    0.005108    4.200855 v fanout1456/A (sky130_fd_sc_hd__clkbuf_2)
     6    0.036446    0.255841    0.421982    4.622837 v fanout1456/X (sky130_fd_sc_hd__clkbuf_2)
                                                         net1456 (net)
                      0.255841    0.000201    4.623038 v _27914_/B (sky130_fd_sc_hd__or4_1)
     2    0.004686    0.211887    1.275783    5.898820 v _27914_/X (sky130_fd_sc_hd__or4_1)
                                                         _03666_ (net)
                      0.211887    0.000031    5.898851 v _27915_/D (sky130_fd_sc_hd__or4_4)
     9    0.049066    0.276383    1.083390    6.982242 v _27915_/X (sky130_fd_sc_hd__or4_4)
                                                         _03667_ (net)
                      0.276388    0.001757    6.983999 v _27920_/B (sky130_fd_sc_hd__or3_2)
     5    0.021975    0.268457    1.306586    8.290585 v _27920_/X (sky130_fd_sc_hd__or3_2)
                                                         _03672_ (net)
                      0.268457    0.000425    8.291010 v fanout886/A (sky130_fd_sc_hd__buf_2)
    10    0.037494    0.179018    0.450017    8.741027 v fanout886/X (sky130_fd_sc_hd__buf_2)
                                                         net886 (net)
                      0.179018    0.000121    8.741148 v _27932_/B (sky130_fd_sc_hd__or4_1)
     3    0.008677    0.255672    1.315622   10.056770 v _27932_/X (sky130_fd_sc_hd__or4_1)
                                                         _03684_ (net)
                      0.255672    0.000082   10.056851 v _27935_/B1 (sky130_fd_sc_hd__a211o_1)
     4    0.012219    0.169987    0.666863   10.723715 v _27935_/X (sky130_fd_sc_hd__a211o_1)
                                                         _03687_ (net)
                      0.169987    0.000247   10.723962 v _27939_/C (sky130_fd_sc_hd__and3_1)
     3    0.008850    0.119960    0.463566   11.187528 v _27939_/X (sky130_fd_sc_hd__and3_1)
                                                         _03691_ (net)
                      0.119960    0.000046   11.187573 v _27943_/C1 (sky130_fd_sc_hd__a211o_1)
     3    0.007946    0.130530    0.500954   11.688528 v _27943_/X (sky130_fd_sc_hd__a211o_1)
                                                         _03695_ (net)
                      0.130530    0.000107   11.688635 v _27946_/B (sky130_fd_sc_hd__and3_1)
     3    0.021804    0.222280    0.508841   12.197476 v _27946_/X (sky130_fd_sc_hd__and3_1)
                                                         _03698_ (net)
                      0.222280    0.000067   12.197543 v _27953_/S (sky130_fd_sc_hd__mux2_1)
     4    0.015535    0.221131    0.897633   13.095176 v _27953_/X (sky130_fd_sc_hd__mux2_1)
                                                         _03705_ (net)
                      0.221131    0.000187   13.095364 v _27962_/A2 (sky130_fd_sc_hd__a22o_1)
     3    0.015362    0.171685    0.583520   13.678884 v _27962_/X (sky130_fd_sc_hd__a22o_1)
                                                         _03714_ (net)
                      0.171685    0.000178   13.679061 v _27971_/A1 (sky130_fd_sc_hd__a21oi_4)
     8    0.036223    0.444860    0.475651   14.154712 ^ _27971_/Y (sky130_fd_sc_hd__a21oi_4)
                                                         _03723_ (net)
                      0.444861    0.000555   14.155267 ^ _27974_/S (sky130_fd_sc_hd__mux2_1)
     3    0.014304    0.211808    0.954178   15.109445 v _27974_/X (sky130_fd_sc_hd__mux2_1)
                                                         _03726_ (net)
                      0.211808    0.000451   15.109896 v _27994_/B (sky130_fd_sc_hd__nor2_1)
     3    0.016294    0.507513    0.477446   15.587341 ^ _27994_/Y (sky130_fd_sc_hd__nor2_1)
                                                         _03746_ (net)
                      0.507513    0.000203   15.587544 ^ _27996_/B1 (sky130_fd_sc_hd__a311oi_4)
     4    0.012176    0.197637    0.227745   15.815289 v _27996_/Y (sky130_fd_sc_hd__a311oi_4)
                                                         _03748_ (net)
                      0.197637    0.000103   15.815392 v _28018_/B (sky130_fd_sc_hd__or4_1)
     3    0.008817    0.247739    1.324061   17.139454 v _28018_/X (sky130_fd_sc_hd__or4_1)
                                                         _03770_ (net)
                      0.247739    0.000091   17.139544 v _28020_/C (sky130_fd_sc_hd__and3_1)
     4    0.010634    0.135187    0.517785   17.657328 v _28020_/X (sky130_fd_sc_hd__and3_1)
                                                         _03772_ (net)
                      0.135187    0.000107   17.657434 v _28032_/B1 (sky130_fd_sc_hd__a211o_1)
     4    0.012780    0.175483    0.625882   18.283318 v _28032_/X (sky130_fd_sc_hd__a211o_1)
                                                         _03784_ (net)
                      0.175483    0.000171   18.283487 v _28035_/A2 (sky130_fd_sc_hd__a211o_1)
     4    0.015193    0.186616    0.701917   18.985403 v _28035_/X (sky130_fd_sc_hd__a211o_1)
                                                         _03787_ (net)
                      0.186616    0.000282   18.985687 v _28037_/A3 (sky130_fd_sc_hd__a31o_1)
     3    0.007964    0.108275    0.482766   19.468452 v _28037_/X (sky130_fd_sc_hd__a31o_1)
                                                         _03789_ (net)
                      0.108275    0.000052   19.468504 v _28038_/B (sky130_fd_sc_hd__nor2_1)
     4    0.019305    0.590535    0.497137   19.965641 ^ _28038_/Y (sky130_fd_sc_hd__nor2_1)
                                                         _03790_ (net)
                      0.590535    0.000229   19.965870 ^ _28047_/S (sky130_fd_sc_hd__mux2_1)
     4    0.017750    0.237898    1.020348   20.986217 v _28047_/X (sky130_fd_sc_hd__mux2_1)
                                                         _03799_ (net)
                      0.237898    0.000348   20.986567 v _28048_/B (sky130_fd_sc_hd__xnor2_1)
     3    0.009990    0.432216    0.463071   21.449636 ^ _28048_/Y (sky130_fd_sc_hd__xnor2_1)
                                                         _03800_ (net)
                      0.432216    0.000094   21.449732 ^ _28065_/A1 (sky130_fd_sc_hd__a31o_1)
     2    0.009699    0.176898    0.481876   21.931608 ^ _28065_/X (sky130_fd_sc_hd__a31o_1)
                                                         _03817_ (net)
                      0.176898    0.000126   21.931734 ^ _28081_/A1 (sky130_fd_sc_hd__a21oi_2)
     6    0.020561    0.184663    0.234568   22.166302 v _28081_/Y (sky130_fd_sc_hd__a21oi_2)
                                                         _03833_ (net)
                      0.184663    0.000501   22.166801 v _28098_/C (sky130_fd_sc_hd__or4_1)
     3    0.007669    0.243803    1.230497   23.397299 v _28098_/X (sky130_fd_sc_hd__or4_1)
                                                         _03850_ (net)
                      0.243803    0.000085   23.397385 v _28102_/C (sky130_fd_sc_hd__and3_1)
     2    0.004973    0.089194    0.467718   23.865103 v _28102_/X (sky130_fd_sc_hd__and3_1)
                                                         _03854_ (net)
                      0.089194    0.000043   23.865145 v _28113_/C1 (sky130_fd_sc_hd__a211o_1)
     5    0.016016    0.192701    0.563526   24.428671 v _28113_/X (sky130_fd_sc_hd__a211o_1)
                                                         _03865_ (net)
                      0.192701    0.000272   24.428944 v _28123_/A1 (sky130_fd_sc_hd__a211oi_1)
     3    0.009502    0.631072    0.636829   25.065773 ^ _28123_/Y (sky130_fd_sc_hd__a211oi_1)
                                                         _03875_ (net)
                      0.631072    0.000153   25.065926 ^ _28127_/A1 (sky130_fd_sc_hd__o211a_1)
     3    0.008031    0.139548    0.560560   25.626484 ^ _28127_/X (sky130_fd_sc_hd__o211a_1)
                                                         _03879_ (net)
                      0.139548    0.000091   25.626575 ^ _28131_/A1 (sky130_fd_sc_hd__o21a_2)
     9    0.037428    0.323074    0.492038   26.118614 ^ _28131_/X (sky130_fd_sc_hd__o21a_2)
                                                         _03883_ (net)
                      0.323074    0.001151   26.119764 ^ _28166_/S (sky130_fd_sc_hd__mux2_1)
     3    0.009298    0.171549    0.866534   26.986298 v _28166_/X (sky130_fd_sc_hd__mux2_1)
                                                         _03918_ (net)
                      0.171549    0.000169   26.986467 v _28169_/B (sky130_fd_sc_hd__and2_1)
     2    0.005820    0.092262    0.391054   27.377522 v _28169_/X (sky130_fd_sc_hd__and2_1)
                                                         _03921_ (net)
                      0.092262    0.000044   27.377565 v _28177_/B1 (sky130_fd_sc_hd__a211o_1)
     2    0.007643    0.127965    0.558433   27.935999 v _28177_/X (sky130_fd_sc_hd__a211o_1)
                                                         _03929_ (net)
                      0.127965    0.000131   27.936131 v _28180_/A3 (sky130_fd_sc_hd__a31o_1)
     4    0.011010    0.134103    0.481586   28.417717 v _28180_/X (sky130_fd_sc_hd__a31o_1)
                                                         _03932_ (net)
                      0.134103    0.000155   28.417871 v _28183_/A2 (sky130_fd_sc_hd__a211o_1)
     3    0.015640    0.189915    0.688591   29.106462 v _28183_/X (sky130_fd_sc_hd__a211o_1)
                                                         _03935_ (net)
                      0.189915    0.000217   29.106678 v _28188_/A3 (sky130_fd_sc_hd__a311o_1)
     3    0.012382    0.178333    0.797359   29.904037 v _28188_/X (sky130_fd_sc_hd__a311o_1)
                                                         _03940_ (net)
                      0.178333    0.000256   29.904293 v _28221_/C1 (sky130_fd_sc_hd__o211a_1)
     3    0.006939    0.107333    0.285443   30.189735 v _28221_/X (sky130_fd_sc_hd__o211a_1)
                                                         _03973_ (net)
                      0.107333    0.000092   30.189829 v _28224_/C (sky130_fd_sc_hd__or3_1)
     2    0.006095    0.169958    0.780727   30.970554 v _28224_/X (sky130_fd_sc_hd__or3_1)
                                                         _03976_ (net)
                      0.169958    0.000050   30.970604 v _28227_/C (sky130_fd_sc_hd__and4_1)
     1    0.002625    0.073769    0.423917   31.394522 v _28227_/X (sky130_fd_sc_hd__and4_1)
                                                         _03979_ (net)
                      0.073769    0.000011   31.394533 v _28235_/B1 (sky130_fd_sc_hd__a221o_1)
     3    0.012173    0.181564    0.648676   32.043209 v _28235_/X (sky130_fd_sc_hd__a221o_1)
                                                         _03987_ (net)
                      0.181564    0.000210   32.043419 v _28238_/A3 (sky130_fd_sc_hd__a31o_1)
     3    0.014007    0.153893    0.529102   32.572521 v _28238_/X (sky130_fd_sc_hd__a31o_1)
                                                         _03990_ (net)
                      0.153893    0.000153   32.572674 v _28241_/A2 (sky130_fd_sc_hd__a21o_2)
     5    0.026414    0.153477    0.522938   33.095612 v _28241_/X (sky130_fd_sc_hd__a21o_2)
                                                         _03993_ (net)
                      0.153478    0.000753   33.096363 v _28253_/A1 (sky130_fd_sc_hd__o21a_4)
    10    0.045647    0.147278    0.529308   33.625671 v _28253_/X (sky130_fd_sc_hd__o21a_4)
                                                         _04005_ (net)
                      0.147287    0.001322   33.626995 v _28257_/S (sky130_fd_sc_hd__mux2_1)
     4    0.013701    0.207629    0.852459   34.479454 v _28257_/X (sky130_fd_sc_hd__mux2_1)
                                                         _04009_ (net)
                      0.207629    0.000373   34.479828 v _28276_/B (sky130_fd_sc_hd__xnor2_1)
     3    0.009507    0.191502    0.345565   34.825390 v _28276_/Y (sky130_fd_sc_hd__xnor2_1)
                                                         _04028_ (net)
                      0.191502    0.000089   34.825481 v _28288_/A (sky130_fd_sc_hd__or4_1)
     1    0.002701    0.179406    1.239979   36.065460 v _28288_/X (sky130_fd_sc_hd__or4_1)
                                                         _04040_ (net)
                      0.179406    0.000014   36.065472 v _28313_/A1 (sky130_fd_sc_hd__o211a_1)
     3    0.013252    0.161978    0.543974   36.609447 v _28313_/X (sky130_fd_sc_hd__o211a_1)
                                                         _04065_ (net)
                      0.161978    0.000391   36.609837 v _28316_/A2 (sky130_fd_sc_hd__o211ai_1)
     2    0.005303    0.323857    0.359616   36.969456 ^ _28316_/Y (sky130_fd_sc_hd__o211ai_1)
                                                         _04068_ (net)
                      0.323857    0.000060   36.969513 ^ _28318_/C (sky130_fd_sc_hd__and3_1)
     2    0.005286    0.124490    0.416645   37.386158 ^ _28318_/X (sky130_fd_sc_hd__and3_1)
                                                         _04070_ (net)
                      0.124490    0.000028   37.386189 ^ _28322_/A2 (sky130_fd_sc_hd__o31a_2)
     3    0.026866    0.252369    0.439062   37.825249 ^ _28322_/X (sky130_fd_sc_hd__o31a_2)
                                                         _04074_ (net)
                      0.252369    0.000064   37.825314 ^ fanout392/A (sky130_fd_sc_hd__clkbuf_4)
    10    0.047262    0.236476    0.453831   38.279144 ^ fanout392/X (sky130_fd_sc_hd__clkbuf_4)
                                                         net392 (net)
                      0.236477    0.001112   38.280258 ^ _28351_/S (sky130_fd_sc_hd__mux2_2)
     5    0.026266    0.194048    0.876870   39.157127 v _28351_/X (sky130_fd_sc_hd__mux2_2)
                                                         _04103_ (net)
                      0.194050    0.001055   39.158180 v _28353_/B (sky130_fd_sc_hd__xnor2_1)
     3    0.010511    0.211057    0.350710   39.508892 v _28353_/Y (sky130_fd_sc_hd__xnor2_1)
                                                         _04105_ (net)
                      0.211057    0.000078   39.508968 v _28363_/A1 (sky130_fd_sc_hd__o311a_1)
     3    0.010985    0.167439    0.797431   40.306400 v _28363_/X (sky130_fd_sc_hd__o311a_1)
                                                         _04115_ (net)
                      0.167439    0.000227   40.306629 v _28368_/A2 (sky130_fd_sc_hd__o41a_2)
     6    0.020700    0.203453    1.074902   41.381531 v _28368_/X (sky130_fd_sc_hd__o41a_2)
                                                         _04120_ (net)
                      0.203453    0.000348   41.381878 v _28395_/A2 (sky130_fd_sc_hd__a211o_1)
     5    0.019025    0.214911    0.739899   42.121777 v _28395_/X (sky130_fd_sc_hd__a211o_1)
                                                         _04147_ (net)
                      0.214911    0.000437   42.122215 v _28452_/A1 (sky130_fd_sc_hd__a211o_1)
     1    0.003444    0.091231    0.549612   42.671825 v _28452_/X (sky130_fd_sc_hd__a211o_1)
                                                         _04204_ (net)
                      0.091231    0.000043   42.671867 v _28454_/B1 (sky130_fd_sc_hd__o211a_1)
     5    0.014649    0.169544    0.334481   43.006351 v _28454_/X (sky130_fd_sc_hd__o211a_1)
                                                         _04206_ (net)
                      0.169544    0.000181   43.006531 v _28469_/B (sky130_fd_sc_hd__or4_1)
     1    0.002996    0.184665    1.203755   44.210285 v _28469_/X (sky130_fd_sc_hd__or4_1)
                                                         _04221_ (net)
                      0.184665    0.000043   44.210331 v _28470_/D (sky130_fd_sc_hd__or4_1)
     2    0.007126    0.229897    1.075769   45.286098 v _28470_/X (sky130_fd_sc_hd__or4_1)
                                                         _04222_ (net)
                      0.229897    0.000103   45.286201 v _28484_/A3 (sky130_fd_sc_hd__a31o_1)
     3    0.008626    0.113806    0.507647   45.793850 v _28484_/X (sky130_fd_sc_hd__a31o_1)
                                                         _04236_ (net)
                      0.113806    0.000075   45.793922 v _28486_/A2 (sky130_fd_sc_hd__a2111o_1)
     2    0.006522    0.143835    0.837936   46.631859 v _28486_/X (sky130_fd_sc_hd__a2111o_1)
                                                         _04238_ (net)
                      0.143835    0.000103   46.631962 v _28490_/A2 (sky130_fd_sc_hd__a31o_1)
     3    0.012932    0.145691    0.486860   47.118824 v _28490_/X (sky130_fd_sc_hd__a31o_1)
                                                         _04242_ (net)
                      0.145691    0.000195   47.119019 v _28494_/A1 (sky130_fd_sc_hd__a211o_1)
     2    0.010550    0.154189    0.595001   47.714020 v _28494_/X (sky130_fd_sc_hd__a211o_1)
                                                         _04246_ (net)
                      0.154189    0.000114   47.714134 v _28500_/A1 (sky130_fd_sc_hd__a21oi_2)
     3    0.034270    0.682722    0.647660   48.361794 ^ _28500_/Y (sky130_fd_sc_hd__a21oi_2)
                                                         _04252_ (net)
                      0.682722    0.000572   48.362366 ^ fanout389/A (sky130_fd_sc_hd__clkbuf_2)
     5    0.024374    0.218848    0.535476   48.897839 ^ fanout389/X (sky130_fd_sc_hd__clkbuf_2)
                                                         net389 (net)
                      0.218848    0.000547   48.898388 ^ _28534_/S (sky130_fd_sc_hd__mux2_1)
     3    0.011475    0.193783    0.862865   49.761253 v _28534_/X (sky130_fd_sc_hd__mux2_1)
                                                         _04286_ (net)
                      0.193783    0.000338   49.761589 v _28536_/B (sky130_fd_sc_hd__and2_1)
     1    0.001432    0.058276    0.359083   50.120674 v _28536_/X (sky130_fd_sc_hd__and2_1)
                                                         _04288_ (net)
                      0.058276    0.000004   50.120678 v _28537_/B (sky130_fd_sc_hd__or2_1)
     2    0.007068    0.133401    0.503253   50.623928 v _28537_/X (sky130_fd_sc_hd__or2_1)
                                                         _04289_ (net)
                      0.133401    0.000021   50.623951 v _28545_/B1_N (sky130_fd_sc_hd__o21ba_1)
     2    0.005359    0.112028    0.477808   51.101757 ^ _28545_/X (sky130_fd_sc_hd__o21ba_1)
                                                         _04297_ (net)
                      0.112028    0.000036   51.101795 ^ _28548_/A2 (sky130_fd_sc_hd__o21ai_1)
     3    0.009905    0.211503    0.210228   51.312023 v _28548_/Y (sky130_fd_sc_hd__o21ai_1)
                                                         _04300_ (net)
                      0.211503    0.000071   51.312096 v _28549_/A2 (sky130_fd_sc_hd__a21o_1)
     3    0.009233    0.110287    0.427256   51.739349 v _28549_/X (sky130_fd_sc_hd__a21o_1)
                                                         _04301_ (net)
                      0.110287    0.000071   51.739422 v _28553_/A2 (sky130_fd_sc_hd__a21bo_1)
     2    0.007609    0.100070    0.395190   52.134609 v _28553_/X (sky130_fd_sc_hd__a21bo_1)
                                                         _04305_ (net)
                      0.100070    0.000099   52.134712 v _28554_/A2 (sky130_fd_sc_hd__a21o_1)
     4    0.012126    0.133970    0.402761   52.537472 v _28554_/X (sky130_fd_sc_hd__a21o_1)
                                                         _04306_ (net)
                      0.133970    0.000199   52.537670 v _28558_/A2 (sky130_fd_sc_hd__a311o_1)
     3    0.011938    0.175998    0.707125   53.244797 v _28558_/X (sky130_fd_sc_hd__a311o_1)
                                                         _04310_ (net)
                      0.175998    0.000220   53.245014 v _28590_/A1 (sky130_fd_sc_hd__a211o_1)
     2    0.007278    0.124764    0.575689   53.820705 v _28590_/X (sky130_fd_sc_hd__a211o_1)
                                                         _04342_ (net)
                      0.124764    0.000089   53.820793 v _28594_/A1 (sky130_fd_sc_hd__a2111oi_1)
     1    0.002266    0.503256    0.589807   54.410599 ^ _28594_/Y (sky130_fd_sc_hd__a2111oi_1)
                                                         _04346_ (net)
                      0.503256    0.000021   54.410622 ^ fanout387/A (sky130_fd_sc_hd__buf_2)
     5    0.041798    0.329201    0.563922   54.974545 ^ fanout387/X (sky130_fd_sc_hd__buf_2)
                                                         net387 (net)
                      0.329201    0.000171   54.974716 ^ fanout386/A (sky130_fd_sc_hd__clkbuf_4)
    10    0.046832    0.235227    0.485844   55.460560 ^ fanout386/X (sky130_fd_sc_hd__clkbuf_4)
                                                         net386 (net)
                      0.235239    0.001933   55.462490 ^ _28617_/S (sky130_fd_sc_hd__mux2_1)
     3    0.017554    0.236910    0.923237   56.385727 v _28617_/X (sky130_fd_sc_hd__mux2_1)
                                                         _04369_ (net)
                      0.236910    0.000732   56.386459 v _28619_/B (sky130_fd_sc_hd__and2_1)
     1    0.001923    0.062793    0.386091   56.772552 v _28619_/X (sky130_fd_sc_hd__and2_1)
                                                         _04371_ (net)
                      0.062793    0.000011   56.772560 v _28620_/B (sky130_fd_sc_hd__or2_1)
     3    0.010845    0.167591    0.543036   57.315598 v _28620_/X (sky130_fd_sc_hd__or2_1)
                                                         _04372_ (net)
                      0.167591    0.000103   57.315701 v _28628_/C (sky130_fd_sc_hd__or4_1)
     2    0.006402    0.229562    1.203873   58.519573 v _28628_/X (sky130_fd_sc_hd__or4_1)
                                                         _04380_ (net)
                      0.229562    0.000078   58.519650 v _28680_/B (sky130_fd_sc_hd__or4_1)
     1    0.007635    0.235714    1.315119   59.834770 v _28680_/X (sky130_fd_sc_hd__or4_1)
                                                         _04432_ (net)
                      0.235714    0.000249   59.835018 v _28688_/B1 (sky130_fd_sc_hd__o311a_1)
     2    0.004342    0.108936    0.313619   60.148640 v _28688_/X (sky130_fd_sc_hd__o311a_1)
                                                         _04440_ (net)
                      0.108936    0.000050   60.148689 v _28689_/C_N (sky130_fd_sc_hd__nor3b_2)
     7    0.021401    0.157862    0.416840   60.565529 v _28689_/Y (sky130_fd_sc_hd__nor3b_2)
                                                         _04441_ (net)
                      0.157862    0.000476   60.566002 v _28694_/A (sky130_fd_sc_hd__nor2_1)
     1    0.004597    0.177382    0.237868   60.803871 ^ _28694_/Y (sky130_fd_sc_hd__nor2_1)
                                                         _04446_ (net)
                      0.177382    0.000092   60.803963 ^ fanout385/A (sky130_fd_sc_hd__buf_2)
     5    0.042543    0.334156    0.436579   61.240543 ^ fanout385/X (sky130_fd_sc_hd__buf_2)
                                                         net385 (net)
                      0.334161    0.001869   61.242413 ^ _28794_/S (sky130_fd_sc_hd__mux2_1)
     3    0.012904    0.204228    0.911037   62.153450 v _28794_/X (sky130_fd_sc_hd__mux2_1)
                                                         _04546_ (net)
                      0.204228    0.000234   62.153683 v _28795_/B (sky130_fd_sc_hd__xnor2_1)
     3    0.008888    0.196329    0.336826   62.490509 v _28795_/Y (sky130_fd_sc_hd__xnor2_1)
                                                         _04547_ (net)
                      0.196329    0.000064   62.490574 v _28800_/A (sky130_fd_sc_hd__or3_1)
     2    0.005900    0.168309    0.938478   63.429050 v _28800_/X (sky130_fd_sc_hd__or3_1)
                                                         _04552_ (net)
                      0.168309    0.000050   63.429100 v _28811_/A (sky130_fd_sc_hd__or3b_1)
     2    0.004966    0.162679    0.925439   64.354538 v _28811_/X (sky130_fd_sc_hd__or3b_1)
                                                         _04563_ (net)
                      0.162679    0.000050   64.354591 v _28813_/A (sky130_fd_sc_hd__and2_1)
     5    0.019090    0.196712    0.441631   64.796219 v _28813_/X (sky130_fd_sc_hd__and2_1)
                                                         _04565_ (net)
                      0.196712    0.000419   64.796638 v _28815_/A2 (sky130_fd_sc_hd__a21oi_2)
     2    0.033172    0.664290    0.651816   65.448456 ^ _28815_/Y (sky130_fd_sc_hd__a21oi_2)
                                                         _04567_ (net)
                      0.664290    0.000149   65.448608 ^ fanout383/A (sky130_fd_sc_hd__clkbuf_2)
     5    0.025504    0.227662    0.537206   65.985809 ^ fanout383/X (sky130_fd_sc_hd__clkbuf_2)
                                                         net383 (net)
                      0.227662    0.000163   65.985977 ^ fanout382/A (sky130_fd_sc_hd__clkbuf_4)
    10    0.042657    0.216030    0.428734   66.414711 ^ fanout382/X (sky130_fd_sc_hd__clkbuf_4)
                                                         net382 (net)
                      0.216030    0.000369   66.415077 ^ _28838_/S (sky130_fd_sc_hd__mux2_1)
     4    0.016077    0.225396    0.905644   67.320724 v _28838_/X (sky130_fd_sc_hd__mux2_1)
                                                         _04590_ (net)
                      0.225396    0.000405   67.321129 v _28842_/B (sky130_fd_sc_hd__xnor2_1)
     3    0.010370    0.217441    0.363919   67.685043 v _28842_/Y (sky130_fd_sc_hd__xnor2_1)
                                                         _04594_ (net)
                      0.217441    0.000071   67.685120 v _28861_/A3 (sky130_fd_sc_hd__o31a_1)
     3    0.009182    0.140151    0.572555   68.257675 v _28861_/X (sky130_fd_sc_hd__o31a_1)
                                                         _04613_ (net)
                      0.140151    0.000135   68.257805 v _28887_/A (sky130_fd_sc_hd__or4_1)
     3    0.010776    0.272432    1.373209   69.631020 v _28887_/X (sky130_fd_sc_hd__or4_1)
                                                         _04639_ (net)
                      0.272432    0.000199   69.631218 v _28911_/A1 (sky130_fd_sc_hd__a2111o_1)
     2    0.009291    0.170304    0.864404   70.495621 v _28911_/X (sky130_fd_sc_hd__a2111o_1)
                                                         _04663_ (net)
                      0.170304    0.000227   70.495850 v _28931_/A1 (sky130_fd_sc_hd__a21o_1)
     2    0.009168    0.109885    0.379636   70.875481 v _28931_/X (sky130_fd_sc_hd__a21o_1)
                                                         _04683_ (net)
                      0.109885    0.000163   70.875648 v _28933_/A1 (sky130_fd_sc_hd__a21o_1)
     4    0.016098    0.160265    0.402835   71.278481 v _28933_/X (sky130_fd_sc_hd__a21o_1)
                                                         _04685_ (net)
                      0.160265    0.000213   71.278694 v _28937_/A1 (sky130_fd_sc_hd__a21oi_2)
     3    0.030319    0.611890    0.595861   71.874557 ^ _28937_/Y (sky130_fd_sc_hd__a21oi_2)
                                                         _04689_ (net)
                      0.611890    0.000206   71.874763 ^ fanout380/A (sky130_fd_sc_hd__clkbuf_4)
     9    0.044735    0.228017    0.603926   72.478683 ^ fanout380/X (sky130_fd_sc_hd__clkbuf_4)
                                                         net380 (net)
                      0.228017    0.000412   72.479095 ^ _29014_/S (sky130_fd_sc_hd__mux2_1)
     4    0.015532    0.221309    0.905629   73.384727 v _29014_/X (sky130_fd_sc_hd__mux2_1)
                                                         _04766_ (net)
                      0.221309    0.000369   73.385094 v _29021_/B (sky130_fd_sc_hd__or2_1)
     2    0.005634    0.123027    0.552802   73.937897 v _29021_/X (sky130_fd_sc_hd__or2_1)
                                                         _04773_ (net)
                      0.123027    0.000064   73.937965 v _29030_/B (sky130_fd_sc_hd__and4_1)
     1    0.009137    0.123606    0.432664   74.370628 v _29030_/X (sky130_fd_sc_hd__and4_1)
                                                         _04782_ (net)
                      0.123606    0.000071   74.370697 v _29032_/B1 (sky130_fd_sc_hd__a211oi_4)
     3    0.023457    0.529318    0.583178   74.953873 ^ _29032_/Y (sky130_fd_sc_hd__a211oi_4)
                                                         _04784_ (net)
                      0.529318    0.001158   74.955032 ^ _29037_/A2 (sky130_fd_sc_hd__o211ai_4)
     3    0.017769    0.175480    0.329294   75.284325 v _29037_/Y (sky130_fd_sc_hd__o211ai_4)
                                                         _04789_ (net)
                      0.175480    0.000362   75.284691 v _29041_/A2 (sky130_fd_sc_hd__a211oi_4)
     4    0.020647    0.488047    0.613973   75.898666 ^ _29041_/Y (sky130_fd_sc_hd__a211oi_4)
                                                         _04793_ (net)
                      0.488047    0.000682   75.899345 ^ _29052_/A2 (sky130_fd_sc_hd__o221a_1)
     3    0.012445    0.229887    0.636170   76.535515 ^ _29052_/X (sky130_fd_sc_hd__o221a_1)
                                                         _04804_ (net)
                      0.229887    0.000341   76.535858 ^ _29057_/A (sky130_fd_sc_hd__nor2_1)
     2    0.020712    0.191571    0.263867   76.799721 v _29057_/Y (sky130_fd_sc_hd__nor2_1)
                                                         _04809_ (net)
                      0.191571    0.000121   76.799843 v fanout378/A (sky130_fd_sc_hd__clkbuf_2)
     7    0.027292    0.195306    0.360565   77.160408 v fanout378/X (sky130_fd_sc_hd__clkbuf_2)
                                                         net378 (net)
                      0.195306    0.000071   77.160484 v fanout377/A (sky130_fd_sc_hd__clkbuf_2)
     6    0.028680    0.204495    0.368793   77.529274 v fanout377/X (sky130_fd_sc_hd__clkbuf_2)
                                                         net377 (net)
                      0.204496    0.000924   77.530197 v fanout376/A (sky130_fd_sc_hd__clkbuf_4)
    10    0.046529    0.177893    0.419398   77.949593 v fanout376/X (sky130_fd_sc_hd__clkbuf_4)
                                                         net376 (net)
                      0.177896    0.000995   77.950592 v _29087_/S (sky130_fd_sc_hd__mux2_1)
     3    0.012293    0.202348    0.849248   78.799835 v _29087_/X (sky130_fd_sc_hd__mux2_1)
                                                         _04839_ (net)
                      0.202348    0.000284   78.800125 v _29089_/B (sky130_fd_sc_hd__and2_1)
     1    0.001512    0.059076    0.364331   79.164452 v _29089_/X (sky130_fd_sc_hd__and2_1)
                                                         _04841_ (net)
                      0.059076    0.000007   79.164459 v _29090_/B (sky130_fd_sc_hd__or2_1)
     2    0.007102    0.138589    0.503846   79.668304 v _29090_/X (sky130_fd_sc_hd__or2_1)
                                                         _04842_ (net)
                      0.138589    0.000043   79.668350 v _29092_/B (sky130_fd_sc_hd__or2_1)
     2    0.007006    0.133145    0.532907   80.201256 v _29092_/X (sky130_fd_sc_hd__or2_1)
                                                         _04844_ (net)
                      0.133145    0.000078   80.201332 v _29151_/A (sky130_fd_sc_hd__or3b_1)
     1    0.001682    0.126440    0.846619   81.047951 v _29151_/X (sky130_fd_sc_hd__or3b_1)
                                                         _04903_ (net)
                      0.126440    0.000007   81.047958 v _29152_/C (sky130_fd_sc_hd__or3_1)
     3    0.010873    0.220713    0.852069   81.900032 v _29152_/X (sky130_fd_sc_hd__or3_1)
                                                         _04904_ (net)
                      0.220713    0.000270   81.900299 v _29177_/A1 (sky130_fd_sc_hd__a2111o_1)
     2    0.008036    0.158047    0.830276   82.730576 v _29177_/X (sky130_fd_sc_hd__a2111o_1)
                                                         _04929_ (net)
                      0.158047    0.000135   82.730713 v _29182_/A1 (sky130_fd_sc_hd__a21oi_2)
     5    0.021603    0.450139    0.475971   83.206680 ^ _29182_/Y (sky130_fd_sc_hd__a21oi_2)
                                                         _04934_ (net)
                      0.450139    0.000298   83.206978 ^ _29197_/A2 (sky130_fd_sc_hd__o311ai_4)
     5    0.020048    0.248403    0.380126   83.587105 v _29197_/Y (sky130_fd_sc_hd__o311ai_4)
                                                         _04949_ (net)
                      0.248403    0.000298   83.587402 v _29200_/A1 (sky130_fd_sc_hd__a21oi_2)
     3    0.028572    0.581921    0.610669   84.198074 ^ _29200_/Y (sky130_fd_sc_hd__a21oi_2)
                                                         _04952_ (net)
                      0.581921    0.000064   84.198135 ^ fanout375/A (sky130_fd_sc_hd__clkbuf_4)
    10    0.044860    0.228357    0.591065   84.789200 ^ fanout375/X (sky130_fd_sc_hd__clkbuf_4)
                                                         net375 (net)
                      0.228357    0.000320   84.789520 ^ fanout374/A (sky130_fd_sc_hd__clkbuf_4)
    10    0.049386    0.245569    0.450214   85.239738 ^ fanout374/X (sky130_fd_sc_hd__clkbuf_4)
                                                         net374 (net)
                      0.245574    0.001535   85.241272 ^ _29228_/S (sky130_fd_sc_hd__mux2_2)
     4    0.020157    0.170738    0.853980   86.095253 v _29228_/X (sky130_fd_sc_hd__mux2_2)
                                                         _04980_ (net)
                      0.170738    0.000895   86.096146 v _29229_/B (sky130_fd_sc_hd__xnor2_1)
     3    0.010775    0.219480    0.342659   86.438805 v _29229_/Y (sky130_fd_sc_hd__xnor2_1)
                                                         _04981_ (net)
                      0.219480    0.000050   86.438858 v _29243_/A (sky130_fd_sc_hd__or4_1)
     2    0.006824    0.235168    1.335302   87.774155 v _29243_/X (sky130_fd_sc_hd__or4_1)
                                                         _04995_ (net)
                      0.235168    0.000057   87.774216 v _29244_/B (sky130_fd_sc_hd__or2_1)
     1    0.003381    0.102121    0.530981   88.305199 v _29244_/X (sky130_fd_sc_hd__or2_1)
                                                         _04996_ (net)
                      0.102121    0.000036   88.305229 v _29326_/B1 (sky130_fd_sc_hd__a211o_1)
     1    0.002647    0.086221    0.504372   88.809601 v _29326_/X (sky130_fd_sc_hd__a211o_1)
                                                         _05078_ (net)
                      0.086221    0.000021   88.809624 v _29336_/A1 (sky130_fd_sc_hd__a311oi_1)
     1    0.003543    0.380666    0.397883   89.207504 ^ _29336_/Y (sky130_fd_sc_hd__a311oi_1)
                                                         _05088_ (net)
                      0.380666    0.000043   89.207550 ^ fanout373/A (sky130_fd_sc_hd__clkbuf_2)
     5    0.032262    0.279643    0.471701   89.679253 ^ fanout373/X (sky130_fd_sc_hd__clkbuf_2)
                                                         net373 (net)
                      0.279643    0.000135   89.679382 ^ fanout372/A (sky130_fd_sc_hd__clkbuf_4)
    10    0.043564    0.220411    0.454392   90.133774 ^ fanout372/X (sky130_fd_sc_hd__clkbuf_4)
                                                         net372 (net)
                      0.220411    0.000206   90.133980 ^ fanout371/A (sky130_fd_sc_hd__clkbuf_4)
    10    0.048481    0.241484    0.444068   90.578049 ^ fanout371/X (sky130_fd_sc_hd__clkbuf_4)
                                                         net371 (net)
                      0.241485    0.001116   90.579163 ^ _29357_/S (sky130_fd_sc_hd__mux2_1)
     3    0.013217    0.204665    0.889592   91.468758 v _29357_/X (sky130_fd_sc_hd__mux2_1)
                                                         _05109_ (net)
                      0.204665    0.000512   91.469269 v _29360_/B (sky130_fd_sc_hd__nand2_1)
     1    0.003247    0.092093    0.166679   91.635948 ^ _29360_/Y (sky130_fd_sc_hd__nand2_1)
                                                         _05112_ (net)
                      0.092093    0.000021   91.635971 ^ _29361_/B (sky130_fd_sc_hd__nand2_1)
     3    0.010759    0.195689    0.208075   91.844048 v _29361_/Y (sky130_fd_sc_hd__nand2_1)
                                                         _05113_ (net)
                      0.195689    0.000057   91.844101 v _29381_/A1 (sky130_fd_sc_hd__o41a_1)
     3    0.012296    0.204110    0.954209   92.798309 v _29381_/X (sky130_fd_sc_hd__o41a_1)
                                                         _05133_ (net)
                      0.204110    0.000284   92.798599 v _29404_/A (sky130_fd_sc_hd__or3_1)
     2    0.007649    0.184909    0.965080   93.763680 v _29404_/X (sky130_fd_sc_hd__or3_1)
                                                         _05156_ (net)
                      0.184909    0.000107   93.763786 v _29437_/A1 (sky130_fd_sc_hd__a211o_1)
     3    0.013880    0.177080    0.643404   94.407188 v _29437_/X (sky130_fd_sc_hd__a211o_1)
                                                         _05189_ (net)
                      0.177080    0.000327   94.407516 v _29480_/A1 (sky130_fd_sc_hd__a21o_1)
     2    0.005764    0.083292    0.356764   94.764275 v _29480_/X (sky130_fd_sc_hd__a21o_1)
                                                         _05232_ (net)
                      0.083292    0.000057   94.764336 v _29491_/A1 (sky130_fd_sc_hd__a21oi_1)
     2    0.014534    0.526123    0.480810   95.245148 ^ _29491_/Y (sky130_fd_sc_hd__a21oi_1)
                                                         _05243_ (net)
                      0.526123    0.000227   95.245369 ^ fanout370/A (sky130_fd_sc_hd__clkbuf_4)
    10    0.049114    0.246403    0.579874   95.825249 ^ fanout370/X (sky130_fd_sc_hd__clkbuf_4)
                                                         net370 (net)
                      0.246411    0.001798   95.827042 ^ _29517_/S (sky130_fd_sc_hd__mux2_1)
     4    0.012885    0.204308    0.887347   96.714394 v _29517_/X (sky130_fd_sc_hd__mux2_1)
                                                         _05269_ (net)
                      0.204308    0.000085   96.714478 v _29541_/B1 (sky130_fd_sc_hd__a2bb2o_1)
     1    0.002732    0.101370    0.636717   97.351196 v _29541_/X (sky130_fd_sc_hd__a2bb2o_1)
                                                         _05293_ (net)
                      0.101370    0.000028   97.351219 v _29542_/B1 (sky130_fd_sc_hd__o21a_1)
     2    0.005918    0.092399    0.231339   97.582558 v _29542_/X (sky130_fd_sc_hd__o21a_1)
                                                         _05294_ (net)
                      0.092399    0.000085   97.582642 v _29543_/B1 (sky130_fd_sc_hd__a211o_1)
     2    0.005666    0.111566    0.538918   98.121567 v _29543_/X (sky130_fd_sc_hd__a211o_1)
                                                         _05295_ (net)
                      0.111566    0.000043   98.121605 v _29554_/A2 (sky130_fd_sc_hd__o2111a_1)
     2    0.007665    0.114213    0.465505   98.587112 v _29554_/X (sky130_fd_sc_hd__o2111a_1)
                                                         _05306_ (net)
                      0.114213    0.000149   98.587257 v _29558_/A3 (sky130_fd_sc_hd__o31a_1)
     4    0.016662    0.194783    0.595627   99.182884 v _29558_/X (sky130_fd_sc_hd__o31a_1)
                                                         _05310_ (net)
                      0.194783    0.000469   99.183357 v _29588_/A1 (sky130_fd_sc_hd__a21o_1)
     4    0.018646    0.179949    0.455216   99.638573 v _29588_/X (sky130_fd_sc_hd__a21o_1)
                                                         _05340_ (net)
                      0.179949    0.000441   99.639015 v _29617_/A1 (sky130_fd_sc_hd__a21oi_2)
     5    0.020891    0.437514    0.475836  100.114845 ^ _29617_/Y (sky130_fd_sc_hd__a21oi_2)
                                                         _05369_ (net)
                      0.437514    0.000348  100.115196 ^ _29643_/A1 (sky130_fd_sc_hd__o21a_2)
     9    0.034491    0.300042    0.583725  100.698921 ^ _29643_/X (sky130_fd_sc_hd__o21a_2)
                                                         _05395_ (net)
                      0.300048    0.001734  100.700653 ^ _29645_/B (sky130_fd_sc_hd__nor2_1)
     2    0.018092    0.178373    0.268699  100.969353 v _29645_/Y (sky130_fd_sc_hd__nor2_1)
                                                         _05397_ (net)
                      0.178373    0.000213  100.969566 v fanout366/A (sky130_fd_sc_hd__clkbuf_4)
    10    0.056056    0.208286    0.430809  101.400375 v fanout366/X (sky130_fd_sc_hd__clkbuf_4)
                                                         net366 (net)
                      0.208286    0.000462  101.400841 v _29762_/S (sky130_fd_sc_hd__mux2_1)
     4    0.014723    0.215108    0.885585  102.286423 v _29762_/X (sky130_fd_sc_hd__mux2_1)
                                                         _05514_ (net)
                      0.215108    0.000178  102.286598 v _29764_/B (sky130_fd_sc_hd__xnor2_1)
     4    0.013463    0.546857    0.539437  102.826042 ^ _29764_/Y (sky130_fd_sc_hd__xnor2_1)
                                                         _05516_ (net)
                      0.546857    0.000099  102.826141 ^ _29780_/B (sky130_fd_sc_hd__and4_1)
     2    0.006009    0.145112    0.573181  103.399323 ^ _29780_/X (sky130_fd_sc_hd__and4_1)
                                                         _05532_ (net)
                      0.145112    0.000064  103.399384 ^ _29801_/A (sky130_fd_sc_hd__nand2_1)
     2    0.004591    0.104190    0.148326  103.547707 v _29801_/Y (sky130_fd_sc_hd__nand2_1)
                                                         _05553_ (net)
                      0.104190    0.000036  103.547745 v _29802_/A_N (sky130_fd_sc_hd__nand3b_2)
     4    0.018204    0.287614    0.583633  104.131378 v _29802_/Y (sky130_fd_sc_hd__nand3b_2)
                                                         _05554_ (net)
                      0.287614    0.000419  104.131798 v _29820_/A1 (sky130_fd_sc_hd__a21oi_2)
     4    0.029854    0.605389    0.644221  104.776016 ^ _29820_/Y (sky130_fd_sc_hd__a21oi_2)
                                                         _05572_ (net)
                      0.605549    0.001180  104.777199 ^ fanout362/A (sky130_fd_sc_hd__clkbuf_4)
    10    0.047782    0.241098    0.610804  105.388000 ^ fanout362/X (sky130_fd_sc_hd__clkbuf_4)
                                                         net362 (net)
                      0.241098    0.000803  105.388802 ^ fanout361/A (sky130_fd_sc_hd__buf_2)
    10    0.034149    0.271655    0.421530  105.810333 ^ fanout361/X (sky130_fd_sc_hd__buf_2)
                                                         net361 (net)
                      0.271655    0.000362  105.810692 ^ _29877_/S (sky130_fd_sc_hd__mux2_1)
     3    0.013240    0.204634    0.898105  106.708801 v _29877_/X (sky130_fd_sc_hd__mux2_1)
                                                         _05629_ (net)
                      0.204634    0.000298  106.709099 v _29879_/B (sky130_fd_sc_hd__xnor2_1)
     3    0.008431    0.178801    0.331667  107.040764 v _29879_/Y (sky130_fd_sc_hd__xnor2_1)
                                                         _05631_ (net)
                      0.178801    0.000064  107.040833 v _29880_/B (sky130_fd_sc_hd__or3b_1)
     1    0.002072    0.131191    0.821167  107.862000 v _29880_/X (sky130_fd_sc_hd__or3b_1)
                                                         _05632_ (net)
                      0.131191    0.000014  107.862007 v _29881_/C (sky130_fd_sc_hd__or4b_2)
     2    0.015985    0.314754    1.642796  109.504807 v _29881_/X (sky130_fd_sc_hd__or4b_2)
                                                         _05633_ (net)
                      0.314754    0.000838  109.505646 v _29966_/A (sky130_fd_sc_hd__or2_2)
     5    0.021594    0.200298    0.897529  110.403175 v _29966_/X (sky130_fd_sc_hd__or2_2)
                                                         _05718_ (net)
                      0.200298    0.000263  110.403435 v _29999_/A1 (sky130_fd_sc_hd__a311oi_4)
     7    0.027516    0.651985    0.661018  111.064453 ^ _29999_/Y (sky130_fd_sc_hd__a311oi_4)
                                                         _05751_ (net)
                      0.651985    0.000846  111.065300 ^ _30005_/B (sky130_fd_sc_hd__or3_4)
     4    0.043965    0.219815    0.585338  111.650635 ^ _30005_/X (sky130_fd_sc_hd__or3_4)
                                                         _05757_ (net)
                      0.219815    0.000227  111.650864 ^ fanout358/A (sky130_fd_sc_hd__clkbuf_4)
    10    0.056072    0.274877    0.467679  112.118546 ^ fanout358/X (sky130_fd_sc_hd__clkbuf_4)
                                                         net358 (net)
                      0.274877    0.001101  112.119644 ^ fanout357/A (sky130_fd_sc_hd__buf_2)
    10    0.041371    0.325472    0.472767  112.592415 ^ fanout357/X (sky130_fd_sc_hd__buf_2)
                                                         net357 (net)
                      0.325475    0.001641  112.594055 ^ _30047_/B (sky130_fd_sc_hd__nor2_1)
     2    0.005055    0.093592    0.178630  112.772682 v _30047_/Y (sky130_fd_sc_hd__nor2_1)
                                                         _05799_ (net)
                      0.093592    0.000050  112.772736 v _30049_/A (sky130_fd_sc_hd__or2_2)
     5    0.019555    0.193576    0.796696  113.569427 v _30049_/X (sky130_fd_sc_hd__or2_2)
                                                         _05801_ (net)
                      0.193577    0.000433  113.569862 v _30051_/B (sky130_fd_sc_hd__xnor2_1)
     3    0.010565    0.450850    0.458286  114.028152 ^ _30051_/Y (sky130_fd_sc_hd__xnor2_1)
                                                         _05803_ (net)
                      0.450850    0.000128  114.028275 ^ _30058_/C_N (sky130_fd_sc_hd__or4bb_1)
     2    0.011233    0.271899    1.359936  115.388214 v _30058_/X (sky130_fd_sc_hd__or4bb_1)
                                                         _05810_ (net)
                      0.271899    0.000341  115.388557 v _30208_/C1 (sky130_fd_sc_hd__a2111o_1)
     4    0.011770    0.196548    0.847678  116.236237 v _30208_/X (sky130_fd_sc_hd__a2111o_1)
                                                         _05960_ (net)
                      0.196548    0.000043  116.236275 v _30210_/C (sky130_fd_sc_hd__nand4_1)
     1    0.003456    0.123956    0.207024  116.443298 ^ _30210_/Y (sky130_fd_sc_hd__nand4_1)
                                                         _05962_ (net)
                      0.123956    0.000028  116.443329 ^ fanout355/A (sky130_fd_sc_hd__clkbuf_4)
     7    0.070034    0.336198    0.468233  116.911560 ^ fanout355/X (sky130_fd_sc_hd__clkbuf_4)
                                                         net355 (net)
                      0.336198    0.000277  116.911835 ^ fanout354/A (sky130_fd_sc_hd__clkbuf_4)
    10    0.049233    0.245547    0.497266  117.409103 ^ fanout354/X (sky130_fd_sc_hd__clkbuf_4)
                                                         net354 (net)
                      0.245548    0.001187  117.410294 ^ fanout353/A (sky130_fd_sc_hd__clkbuf_4)
    10    0.055114    0.270815    0.475943  117.886230 ^ fanout353/X (sky130_fd_sc_hd__clkbuf_4)
                                                         net353 (net)
                      0.270836    0.002551  117.888786 ^ _30258_/S (sky130_fd_sc_hd__mux2_2)
     4    0.017188    0.160818    0.847514  118.736298 v _30258_/X (sky130_fd_sc_hd__mux2_2)
                                                         _06010_ (net)
                      0.160818    0.000405  118.736702 v _30260_/B (sky130_fd_sc_hd__xnor2_2)
     4    0.012687    0.167936    0.327411  119.064117 v _30260_/Y (sky130_fd_sc_hd__xnor2_2)
                                                         _06012_ (net)
                      0.167936    0.000092  119.064209 v _30280_/A (sky130_fd_sc_hd__or4_1)
     1    0.002615    0.178432    1.229388  120.293594 v _30280_/X (sky130_fd_sc_hd__or4_1)
                                                         _06032_ (net)
                      0.178432    0.000043  120.293640 v _30281_/D (sky130_fd_sc_hd__or4_2)
     3    0.015453    0.308716    1.501050  121.794685 v _30281_/X (sky130_fd_sc_hd__or4_2)
                                                         _06033_ (net)
                      0.308716    0.000568  121.795258 v _30285_/A (sky130_fd_sc_hd__and2_1)
     3    0.011800    0.140870    0.464581  122.259834 v _30285_/X (sky130_fd_sc_hd__and2_1)
                                                         _06037_ (net)
                      0.140870    0.000099  122.259933 v _30354_/A1 (sky130_fd_sc_hd__o211a_2)
     6    0.027007    0.168987    0.632710  122.892647 v _30354_/X (sky130_fd_sc_hd__o211a_2)
                                                         _06106_ (net)
                      0.168990    0.000995  122.893639 v _30405_/A1 (sky130_fd_sc_hd__o211ai_1)
     1    0.004526    0.294522    0.367521  123.261162 ^ _30405_/Y (sky130_fd_sc_hd__o211ai_1)
                                                         _06157_ (net)
                      0.294522    0.000071  123.261230 ^ fanout350/A (sky130_fd_sc_hd__clkbuf_4)
     9    0.066081    0.319000    0.532850  123.794083 ^ fanout350/X (sky130_fd_sc_hd__clkbuf_4)
                                                         net350 (net)
                      0.319008    0.002061  123.796143 ^ fanout349/A (sky130_fd_sc_hd__clkbuf_4)
     9    0.048624    0.242944    0.487191  124.283333 ^ fanout349/X (sky130_fd_sc_hd__clkbuf_4)
                                                         net349 (net)
                      0.242952    0.001819  124.285156 ^ fanout348/A (sky130_fd_sc_hd__clkbuf_4)
    10    0.055583    0.272714    0.476788  124.761940 ^ fanout348/X (sky130_fd_sc_hd__clkbuf_4)
                                                         net348 (net)
                      0.272720    0.001677  124.763618 ^ _30429_/S (sky130_fd_sc_hd__mux2_1)
     4    0.013587    0.206738    0.902404  125.666023 v _30429_/X (sky130_fd_sc_hd__mux2_1)
                                                         _06181_ (net)
                      0.206738    0.000327  125.666351 v _30431_/B (sky130_fd_sc_hd__xnor2_1)
     3    0.010584    0.207486    0.357588  126.023941 v _30431_/Y (sky130_fd_sc_hd__xnor2_1)
                                                         _06183_ (net)
                      0.207486    0.000071  126.024010 v _30483_/A (sky130_fd_sc_hd__or4b_1)
     1    0.003480    0.191023    1.263118  127.287125 v _30483_/X (sky130_fd_sc_hd__or4b_1)
                                                         _06235_ (net)
                      0.191023    0.000043  127.287170 v _30484_/C1 (sky130_fd_sc_hd__a311o_1)
     4    0.018544    0.225994    0.702002  127.989174 v _30484_/X (sky130_fd_sc_hd__a311o_1)
                                                         _06236_ (net)
                      0.225994    0.000796  127.989967 v _30544_/A2 (sky130_fd_sc_hd__a211o_1)
     5    0.019107    0.215566    0.749424  128.739395 v _30544_/X (sky130_fd_sc_hd__a211o_1)
                                                         _06296_ (net)
                      0.215566    0.000270  128.739655 v _30582_/A1 (sky130_fd_sc_hd__a211o_2)
     9    0.035346    0.221631    0.792312  129.531967 v _30582_/X (sky130_fd_sc_hd__a211o_2)
                                                         _06334_ (net)
                      0.221639    0.001648  129.533615 v _30585_/A (sky130_fd_sc_hd__nand2_1)
     1    0.003437    0.089534    0.162856  129.696472 ^ _30585_/Y (sky130_fd_sc_hd__nand2_1)
                                                         _06337_ (net)
                      0.089534    0.000043  129.696518 ^ fanout347/A (sky130_fd_sc_hd__clkbuf_4)
     7    0.060226    0.292633    0.418495  130.115021 ^ fanout347/X (sky130_fd_sc_hd__clkbuf_4)
                                                         net347 (net)
                      0.292642    0.001336  130.116348 ^ fanout346/A (sky130_fd_sc_hd__buf_2)
    10    0.041293    0.324979    0.479119  130.595474 ^ fanout346/X (sky130_fd_sc_hd__buf_2)
                                                         net346 (net)
                      0.324979    0.001066  130.596542 ^ _30586_/A (sky130_fd_sc_hd__inv_2)
     7    0.023284    0.132497    0.227729  130.824265 v _30586_/Y (sky130_fd_sc_hd__inv_2)
                                                         _06338_ (net)
                      0.132497    0.000327  130.824585 v _30598_/A (sky130_fd_sc_hd__or3_1)
     1    0.003693    0.144897    0.878558  131.703156 v _30598_/X (sky130_fd_sc_hd__or3_1)
                                                         _06350_ (net)
                      0.144897    0.000043  131.703186 v _30599_/B1 (sky130_fd_sc_hd__o21a_1)
     4    0.013870    0.158646    0.315424  132.018616 v _30599_/X (sky130_fd_sc_hd__o21a_1)
                                                         _06351_ (net)
                      0.158646    0.000142  132.018753 v _30602_/B (sky130_fd_sc_hd__xnor2_1)
     4    0.010105    0.209187    0.329138  132.347900 v _30602_/Y (sky130_fd_sc_hd__xnor2_1)
                                                         _06354_ (net)
                      0.209187    0.000071  132.347961 v _30739_/A (sky130_fd_sc_hd__or4b_1)
     1    0.003153    0.186012    1.255273  133.603241 v _30739_/X (sky130_fd_sc_hd__or4b_1)
                                                         _06491_ (net)
                      0.186012    0.000028  133.603271 v _30740_/B1 (sky130_fd_sc_hd__o211a_1)
     2    0.005221    0.093336    0.304794  133.908066 v _30740_/X (sky130_fd_sc_hd__o211a_1)
                                                         _06492_ (net)
                      0.093336    0.000057  133.908127 v _30766_/A3 (sky130_fd_sc_hd__a31o_2)
     7    0.035043    0.194018    0.596756  134.504883 v _30766_/X (sky130_fd_sc_hd__a31o_2)
                                                         _06518_ (net)
                      0.194023    0.001236  134.506119 v _30783_/A (sky130_fd_sc_hd__nand2_1)
     1    0.004630    0.101193    0.165443  134.671555 ^ _30783_/Y (sky130_fd_sc_hd__nand2_1)
                                                         _06535_ (net)
                      0.101193    0.000071  134.671631 ^ fanout343/A (sky130_fd_sc_hd__clkbuf_4)
     6    0.067742    0.326606    0.448750  135.120377 ^ fanout343/X (sky130_fd_sc_hd__clkbuf_4)
                                                         net343 (net)
                      0.326606    0.000384  135.120758 ^ fanout342/A (sky130_fd_sc_hd__clkbuf_4)
    10    0.054941    0.270524    0.510880  135.631638 ^ fanout342/X (sky130_fd_sc_hd__clkbuf_4)
                                                         net342 (net)
                      0.270524    0.000142  135.631790 ^ fanout341/A (sky130_fd_sc_hd__clkbuf_4)
    10    0.055365    0.271848    0.488370  136.120148 ^ fanout341/X (sky130_fd_sc_hd__clkbuf_4)
                                                         net341 (net)
                      0.271848    0.000384  136.120544 ^ _30858_/S (sky130_fd_sc_hd__mux2_1)
     4    0.013155    0.204377    0.897259  137.017792 v _30858_/X (sky130_fd_sc_hd__mux2_1)
                                                         _06610_ (net)
                      0.204377    0.000185  137.017975 v _30888_/A2_N (sky130_fd_sc_hd__a2bb2o_1)
     2    0.006309    0.121786    0.572484  137.590469 ^ _30888_/X (sky130_fd_sc_hd__a2bb2o_1)
                                                         _06640_ (net)
                      0.121786    0.000057  137.590515 ^ _30890_/A4 (sky130_fd_sc_hd__a41o_1)
     2    0.008727    0.164402    0.463444  138.053970 ^ _30890_/X (sky130_fd_sc_hd__a41o_1)
                                                         _06642_ (net)
                      0.164402    0.000156  138.054123 ^ _30891_/A3 (sky130_fd_sc_hd__a32o_1)
     1    0.009776    0.197009    0.464198  138.518326 ^ _30891_/X (sky130_fd_sc_hd__a32o_1)
                                                         _06643_ (net)
                      0.197009    0.000114  138.518433 ^ _30894_/B1 (sky130_fd_sc_hd__a221oi_4)
     3    0.014258    0.158548    0.184244  138.702682 v _30894_/Y (sky130_fd_sc_hd__a221oi_4)
                                                         _06646_ (net)
                      0.158548    0.000682  138.703354 v _30915_/B (sky130_fd_sc_hd__or4bb_1)
     2    0.006600    0.216219    1.196682  139.900040 v _30915_/X (sky130_fd_sc_hd__or4bb_1)
                                                         _06667_ (net)
                      0.216219    0.000099  139.900146 v _30952_/A1 (sky130_fd_sc_hd__a21bo_1)
     2    0.008418    0.106495    0.413664  140.313812 v _30952_/X (sky130_fd_sc_hd__a21bo_1)
                                                         _06704_ (net)
                      0.106495    0.000185  140.313995 v _30959_/A1 (sky130_fd_sc_hd__a211o_2)
     9    0.037483    0.230704    0.755819  141.069809 v _30959_/X (sky130_fd_sc_hd__a211o_2)
                                                         _06711_ (net)
                      0.230723    0.002245  141.072052 v _30960_/B (sky130_fd_sc_hd__nand2_1)
     1    0.003372    0.094288    0.179313  141.251373 ^ _30960_/Y (sky130_fd_sc_hd__nand2_1)
                                                         _06712_ (net)
                      0.094288    0.000043  141.251404 ^ fanout339/A (sky130_fd_sc_hd__buf_4)
     7    0.080106    0.356124    0.425942  141.677353 ^ fanout339/X (sky130_fd_sc_hd__buf_4)
                                                         net339 (net)
                      0.356124    0.000142  141.677490 ^ fanout337/A (sky130_fd_sc_hd__clkbuf_4)
    10    0.056212    0.276014    0.528644  142.206131 ^ fanout337/X (sky130_fd_sc_hd__clkbuf_4)
                                                         net337 (net)
                      0.276014    0.000426  142.206558 ^ _31052_/S (sky130_fd_sc_hd__mux2_1)
     4    0.015125    0.218158    0.915350  143.121918 v _31052_/X (sky130_fd_sc_hd__mux2_1)
                                                         _06804_ (net)
                      0.218158    0.000341  143.122253 v _31053_/B (sky130_fd_sc_hd__xnor2_1)
     3    0.010197    0.438688    0.459551  143.581802 ^ _31053_/Y (sky130_fd_sc_hd__xnor2_1)
                                                         _06805_ (net)
                      0.438688    0.000156  143.581955 ^ _31054_/D (sky130_fd_sc_hd__and4bb_1)
     2    0.007029    0.159762    0.567155  144.149109 ^ _31054_/X (sky130_fd_sc_hd__and4bb_1)
                                                         _06806_ (net)
                      0.159762    0.000099  144.149216 ^ _31079_/A (sky130_fd_sc_hd__and4_1)
     1    0.003958    0.117732    0.387473  144.536682 ^ _31079_/X (sky130_fd_sc_hd__and4_1)
                                                         _06831_ (net)
                      0.117732    0.000071  144.536758 ^ _31080_/C_N (sky130_fd_sc_hd__or3b_1)
     3    0.012079    0.236933    0.944581  145.481339 v _31080_/X (sky130_fd_sc_hd__or3b_1)
                                                         _06832_ (net)
                      0.236933    0.000426  145.481766 v _31139_/A1 (sky130_fd_sc_hd__a211o_1)
     3    0.014674    0.182691    0.669957  146.151718 v _31139_/X (sky130_fd_sc_hd__a211o_1)
                                                         _06891_ (net)
                      0.182691    0.000398  146.152115 v _31152_/A1 (sky130_fd_sc_hd__a2111o_4)
     9    0.038453    0.202293    1.010235  147.162354 v _31152_/X (sky130_fd_sc_hd__a2111o_4)
                                                         _06904_ (net)
                      0.202293    0.000355  147.162720 v _31154_/B (sky130_fd_sc_hd__nand2_1)
     1    0.003828    0.094970    0.172378  147.335083 ^ _31154_/Y (sky130_fd_sc_hd__nand2_1)
                                                         _06906_ (net)
                      0.094970    0.000043  147.335129 ^ fanout336/A (sky130_fd_sc_hd__clkbuf_4)
     8    0.066462    0.321102    0.441617  147.776749 ^ fanout336/X (sky130_fd_sc_hd__clkbuf_4)
                                                         net336 (net)
                      0.321102    0.000256  147.777008 ^ fanout335/A (sky130_fd_sc_hd__clkbuf_4)
     8    0.051988    0.257496    0.499327  148.276337 ^ fanout335/X (sky130_fd_sc_hd__clkbuf_4)
                                                         net335 (net)
                      0.257502    0.001705  148.278030 ^ fanout334/A (sky130_fd_sc_hd__clkbuf_4)
    10    0.053063    0.261964    0.474373  148.752411 ^ fanout334/X (sky130_fd_sc_hd__clkbuf_4)
                                                         net334 (net)
                      0.261988    0.002657  148.755066 ^ _31219_/S (sky130_fd_sc_hd__mux2_1)
     4    0.014836    0.215975    0.909395  149.664459 v _31219_/X (sky130_fd_sc_hd__mux2_1)
                                                         _06971_ (net)
                      0.215975    0.000156  149.664612 v _31220_/B (sky130_fd_sc_hd__xnor2_1)
     4    0.013126    0.251560    0.391367  150.055984 v _31220_/Y (sky130_fd_sc_hd__xnor2_1)
                                                         _06972_ (net)
                      0.251560    0.000213  150.056198 v _31237_/A (sky130_fd_sc_hd__or4_1)
     1    0.003785    0.197849    1.289919  151.346115 v _31237_/X (sky130_fd_sc_hd__or4_1)
                                                         _06989_ (net)
                      0.197849    0.000043  151.346161 v _31238_/B1 (sky130_fd_sc_hd__a211o_1)
     2    0.010507    0.153925    0.627480  151.973648 v _31238_/X (sky130_fd_sc_hd__a211o_1)
                                                         _06990_ (net)
                      0.153925    0.000355  151.973999 v _31266_/A1 (sky130_fd_sc_hd__a21o_1)
     4    0.016880    0.166339    0.426496  152.400497 v _31266_/X (sky130_fd_sc_hd__a21o_1)
                                                         _07018_ (net)
                      0.166339    0.000639  152.401138 v _31299_/A1 (sky130_fd_sc_hd__a21o_1)
     4    0.013467    0.141574    0.410552  152.811691 v _31299_/X (sky130_fd_sc_hd__a21o_1)
                                                         _07051_ (net)
                      0.141574    0.000213  152.811890 v _31332_/A1 (sky130_fd_sc_hd__a21oi_2)
     4    0.016444    0.354662    0.397847  153.209747 ^ _31332_/Y (sky130_fd_sc_hd__a21oi_2)
                                                         _07084_ (net)
                      0.354662    0.000327  153.210068 ^ _31341_/A1 (sky130_fd_sc_hd__o211ai_2)
     2    0.018170    0.295568    0.416762  153.626831 v _31341_/Y (sky130_fd_sc_hd__o211ai_2)
                                                         _07093_ (net)
                      0.295568    0.000369  153.627197 v fanout328/A (sky130_fd_sc_hd__clkbuf_4)
    10    0.064087    0.234155    0.506219  154.133423 v fanout328/X (sky130_fd_sc_hd__clkbuf_4)
                                                         net328 (net)
                      0.234169    0.001975  154.135391 v _31389_/A2 (sky130_fd_sc_hd__a21o_1)
     3    0.019563    0.187197    0.506773  154.642166 v _31389_/X (sky130_fd_sc_hd__a21o_1)
                                                         _07141_ (net)
                      0.187202    0.001265  154.643433 v _31392_/C (sky130_fd_sc_hd__and3_1)
     3    0.008371    0.115962    0.468035  155.111465 v _31392_/X (sky130_fd_sc_hd__and3_1)
                                                         _07144_ (net)
                      0.115962    0.000085  155.111557 v _31395_/C (sky130_fd_sc_hd__or4_1)
     3    0.010583    0.271793    1.257987  156.369537 v _31395_/X (sky130_fd_sc_hd__or4_1)
                                                         _07147_ (net)
                      0.271793    0.000270  156.369812 v _31438_/A (sky130_fd_sc_hd__or4b_4)
     3    0.070641    0.337983    1.401602  157.771408 v _31438_/X (sky130_fd_sc_hd__or4b_4)
                                                         _07190_ (net)
                      0.337983    0.000171  157.771591 v _31442_/B1 (sky130_fd_sc_hd__o2111ai_4)
     5    0.045188    0.613996    0.429210  158.200790 ^ _31442_/Y (sky130_fd_sc_hd__o2111ai_4)
                                                         _07194_ (net)
                      0.614009    0.002203  158.203003 ^ _31506_/A1 (sky130_fd_sc_hd__a41o_2)
     6    0.027242    0.244865    0.752564  158.955566 ^ _31506_/X (sky130_fd_sc_hd__a41o_2)
                                                         _07258_ (net)
                      0.244866    0.001208  158.956772 ^ _31561_/A2 (sky130_fd_sc_hd__a31o_1)
     1    0.003837    0.094791    0.361496  159.318268 ^ _31561_/X (sky130_fd_sc_hd__a31o_1)
                                                         _07313_ (net)
                      0.094791    0.000028  159.318298 ^ fanout325/A (sky130_fd_sc_hd__buf_4)
     9    0.074102    0.329781    0.407880  159.726181 ^ fanout325/X (sky130_fd_sc_hd__buf_4)
                                                         net325 (net)
                      0.329781    0.000227  159.726395 ^ fanout324/A (sky130_fd_sc_hd__clkbuf_4)
     8    0.055157    0.271305    0.513538  160.239944 ^ fanout324/X (sky130_fd_sc_hd__clkbuf_4)
                                                         net324 (net)
                      0.271315    0.002075  160.242020 ^ _31566_/S (sky130_fd_sc_hd__mux2_1)
     3    0.008038    0.159531    0.838156  161.080170 v _31566_/X (sky130_fd_sc_hd__mux2_1)
                                                         _07318_ (net)
                      0.159531    0.000085  161.080261 v _31598_/B (sky130_fd_sc_hd__and2_1)
     1    0.002761    0.069950    0.356366  161.436615 v _31598_/X (sky130_fd_sc_hd__and2_1)
                                                         _07350_ (net)
                      0.069950    0.000014  161.436630 v _31599_/B (sky130_fd_sc_hd__nor2_1)
     3    0.011247    0.368435    0.316504  161.753143 ^ _31599_/Y (sky130_fd_sc_hd__nor2_1)
                                                         _07351_ (net)
                      0.368435    0.000057  161.753204 ^ _31600_/B (sky130_fd_sc_hd__nand2_1)
     2    0.011358    0.237714    0.318977  162.072174 v _31600_/Y (sky130_fd_sc_hd__nand2_1)
                                                         _07352_ (net)
                      0.237714    0.000128  162.072296 v _31614_/A (sky130_fd_sc_hd__or3b_1)
     1    0.008684    0.198079    1.002590  163.074890 v _31614_/X (sky130_fd_sc_hd__or3b_1)
                                                         _07366_ (net)
                      0.198079    0.000099  163.074997 v _31618_/A2 (sky130_fd_sc_hd__o221ai_4)
     5    0.039288    0.587537    0.581451  163.656448 ^ _31618_/Y (sky130_fd_sc_hd__o221ai_4)
                                                         _07370_ (net)
                      0.587568    0.003297  163.659744 ^ _31676_/A1 (sky130_fd_sc_hd__a311o_2)
     5    0.029772    0.277164    0.722821  164.382553 ^ _31676_/X (sky130_fd_sc_hd__a311o_2)
                                                         _07428_ (net)
                      0.277168    0.001563  164.384125 ^ _31763_/A1 (sky130_fd_sc_hd__a31o_2)
     3    0.041540    0.379813    0.630820  165.014938 ^ _31763_/X (sky130_fd_sc_hd__a31o_2)
                                                         _07515_ (net)
                      0.379813    0.000284  165.015228 ^ fanout321/A (sky130_fd_sc_hd__buf_4)
    11    0.080114    0.354911    0.547246  165.562469 ^ fanout321/X (sky130_fd_sc_hd__buf_4)
                                                         net321 (net)
                      0.355560    0.011056  165.573532 ^ _31783_/B (sky130_fd_sc_hd__or3b_1)
     3    0.007117    0.121920    0.328981  165.902512 ^ _31783_/X (sky130_fd_sc_hd__or3b_1)
                                                         _07535_ (net)
                      0.121920    0.000014  165.902527 ^ _31790_/C_N (sky130_fd_sc_hd__or3b_1)
     2    0.005258    0.170056    0.853120  166.755646 v _31790_/X (sky130_fd_sc_hd__or3b_1)
                                                         _07542_ (net)
                      0.170056    0.000043  166.755692 v _31793_/A1 (sky130_fd_sc_hd__a21o_1)
     2    0.009743    0.114463    0.383906  167.139587 v _31793_/X (sky130_fd_sc_hd__a21o_1)
                                                         _07545_ (net)
                      0.114463    0.000142  167.139740 v _31794_/A2 (sky130_fd_sc_hd__a21o_1)
     3    0.009399    0.111687    0.387843  167.527573 v _31794_/X (sky130_fd_sc_hd__a21o_1)
                                                         _07546_ (net)
                      0.111687    0.000114  167.527695 v _31798_/A2 (sky130_fd_sc_hd__a211o_1)
     3    0.008858    0.138692    0.618087  168.145782 v _31798_/X (sky130_fd_sc_hd__a211o_1)
                                                         _07550_ (net)
                      0.138692    0.000099  168.145874 v _31813_/A2 (sky130_fd_sc_hd__a32o_1)
     1    0.006347    0.100414    0.498886  168.644760 v _31813_/X (sky130_fd_sc_hd__a32o_1)
                                                         _07565_ (net)
                      0.100414    0.000099  168.644867 v _31824_/A1 (sky130_fd_sc_hd__a311o_2)
     5    0.026513    0.197948    0.755506  169.400375 v _31824_/X (sky130_fd_sc_hd__a311o_2)
                                                         _07576_ (net)
                      0.197954    0.001421  169.401794 v _31893_/A1 (sky130_fd_sc_hd__a221o_4)
     7    0.037302    0.174937    0.856957  170.258743 v _31893_/X (sky130_fd_sc_hd__a221o_4)
                                                         _07645_ (net)
                      0.174949    0.001592  170.260345 v _31971_/A1 (sky130_fd_sc_hd__a21o_1)
     1    0.003073    0.061942    0.330928  170.591263 v _31971_/X (sky130_fd_sc_hd__a21o_1)
                                                         _07723_ (net)
                      0.061942    0.000028  170.591293 v fanout317/A (sky130_fd_sc_hd__buf_4)
    10    0.074626    0.185134    0.365318  170.956619 v fanout317/X (sky130_fd_sc_hd__buf_4)
                                                         net317 (net)
                      0.185134    0.000753  170.957367 v fanout316/A (sky130_fd_sc_hd__clkbuf_4)
     8    0.048873    0.185772    0.414914  171.372284 v fanout316/X (sky130_fd_sc_hd__clkbuf_4)
                                                         net316 (net)
                      0.185772    0.000341  171.372620 v fanout315/A (sky130_fd_sc_hd__clkbuf_2)
     5    0.024373    0.176276    0.343420  171.716049 v fanout315/X (sky130_fd_sc_hd__clkbuf_2)
                                                         net315 (net)
                      0.176276    0.000043  171.716080 v fanout314/A (sky130_fd_sc_hd__clkbuf_4)
    10    0.043438    0.168109    0.398160  172.114243 v fanout314/X (sky130_fd_sc_hd__clkbuf_4)
                                                         net314 (net)
                      0.168123    0.001648  172.115891 v _32054_/S (sky130_fd_sc_hd__mux2_1)
     3    0.012899    0.204390    0.852225  172.968124 v _32054_/X (sky130_fd_sc_hd__mux2_1)
                                                         _07806_ (net)
                      0.204390    0.000270  172.968384 v _32056_/B (sky130_fd_sc_hd__xnor2_1)
     3    0.012204    0.505425    0.503604  173.472000 ^ _32056_/Y (sky130_fd_sc_hd__xnor2_1)
                                                         _07808_ (net)
                      0.505425    0.000199  173.472198 ^ _32057_/B (sky130_fd_sc_hd__nand2_1)
     3    0.007488    0.174717    0.313122  173.785309 v _32057_/Y (sky130_fd_sc_hd__nand2_1)
                                                         _07809_ (net)
                      0.174717    0.000071  173.785385 v _32099_/A (sky130_fd_sc_hd__or4_1)
     1    0.003566    0.193481    1.256666  175.042053 v _32099_/X (sky130_fd_sc_hd__or4_1)
                                                         _07851_ (net)
                      0.193481    0.000028  175.042084 v _32103_/B (sky130_fd_sc_hd__and4_1)
     5    0.014653    0.163318    0.511335  175.553421 v _32103_/X (sky130_fd_sc_hd__and4_1)
                                                         _07855_ (net)
                      0.163318    0.000256  175.553665 v _32152_/A2 (sky130_fd_sc_hd__a211o_1)
     2    0.019288    0.217192    0.725507  176.279175 v _32152_/X (sky130_fd_sc_hd__a211o_1)
                                                         _07904_ (net)
                      0.217192    0.000270  176.279449 v fanout313/A (sky130_fd_sc_hd__clkbuf_4)
    10    0.052072    0.195744    0.438732  176.718185 v fanout313/X (sky130_fd_sc_hd__clkbuf_4)
                                                         net313 (net)
                      0.195787    0.002899  176.721085 v _32189_/A (sky130_fd_sc_hd__nand2_2)
     5    0.029565    0.258526    0.287429  177.008514 ^ _32189_/Y (sky130_fd_sc_hd__nand2_2)
                                                         _07941_ (net)
                      0.258529    0.000654  177.009155 ^ fanout312/A (sky130_fd_sc_hd__buf_4)
    10    0.064567    0.290833    0.457206  177.466370 ^ fanout312/X (sky130_fd_sc_hd__buf_4)
                                                         net312 (net)
                      0.290837    0.001563  177.467926 ^ fanout311/A (sky130_fd_sc_hd__clkbuf_4)
    10    0.050556    0.251108    0.481336  177.949265 ^ fanout311/X (sky130_fd_sc_hd__clkbuf_4)
                                                         net311 (net)
                      0.251108    0.000455  177.949722 ^ _32319_/S (sky130_fd_sc_hd__mux2_1)
     4    0.010144    0.180062    0.856971  178.806686 v _32319_/X (sky130_fd_sc_hd__mux2_1)
                                                         _08071_ (net)
                      0.180062    0.000142  178.806839 v _32320_/B (sky130_fd_sc_hd__or2_1)
     4    0.010639    0.170001    0.586866  179.393692 v _32320_/X (sky130_fd_sc_hd__or2_1)
                                                         _08072_ (net)
                      0.170001    0.000043  179.393738 v _32326_/A2 (sky130_fd_sc_hd__a21oi_1)
     1    0.005896    0.268380    0.340691  179.734436 ^ _32326_/Y (sky130_fd_sc_hd__a21oi_1)
                                                         _08078_ (net)
                      0.268380    0.000057  179.734497 ^ _32328_/A3 (sky130_fd_sc_hd__o311ai_2)
     2    0.007225    0.216733    0.267761  180.002258 v _32328_/Y (sky130_fd_sc_hd__o311ai_2)
                                                         _08080_ (net)
                      0.216733    0.000085  180.002335 v _32332_/A2 (sky130_fd_sc_hd__a221o_1)
     2    0.005598    0.119430    0.729173  180.731506 v _32332_/X (sky130_fd_sc_hd__a221o_1)
                                                         _08084_ (net)
                      0.119430    0.000043  180.731552 v _32334_/B1 (sky130_fd_sc_hd__a21o_1)
     3    0.010000    0.116538    0.354461  181.086014 v _32334_/X (sky130_fd_sc_hd__a21o_1)
                                                         _08086_ (net)
                      0.116538    0.000085  181.086105 v _32398_/A1 (sky130_fd_sc_hd__a21o_1)
     1    0.002379    0.056956    0.298058  181.384155 v _32398_/X (sky130_fd_sc_hd__a21o_1)
                                                         _08150_ (net)
                      0.056956    0.000028  181.384186 v fanout309/A (sky130_fd_sc_hd__buf_2)
     7    0.047776    0.220219    0.380524  181.764709 v fanout309/X (sky130_fd_sc_hd__buf_2)
                                                         net309 (net)
                      0.220236    0.002061  181.766769 v fanout308/A (sky130_fd_sc_hd__clkbuf_4)
    10    0.044686    0.172082    0.422105  182.188873 v fanout308/X (sky130_fd_sc_hd__clkbuf_4)
                                                         net308 (net)
                      0.172093    0.001521  182.190399 v _32409_/S (sky130_fd_sc_hd__mux2_1)
     3    0.007977    0.159015    0.797428  182.987823 v _32409_/X (sky130_fd_sc_hd__mux2_1)
                                                         _08161_ (net)
                      0.159015    0.000099  182.987930 v _32410_/B (sky130_fd_sc_hd__or2_1)
     2    0.006044    0.126015    0.531472  183.519394 v _32410_/X (sky130_fd_sc_hd__or2_1)
                                                         _08162_ (net)
                      0.126015    0.000043  183.519440 v _32421_/B1 (sky130_fd_sc_hd__o21ai_1)
     2    0.008598    0.338337    0.239965  183.759399 ^ _32421_/Y (sky130_fd_sc_hd__o21ai_1)
                                                         _08173_ (net)
                      0.338337    0.000099  183.759506 ^ _32422_/A2 (sky130_fd_sc_hd__a21o_1)
     3    0.010393    0.158569    0.384503  184.143997 ^ _32422_/X (sky130_fd_sc_hd__a21o_1)
                                                         _08174_ (net)
                      0.158569    0.000213  184.144211 ^ _32451_/A1 (sky130_fd_sc_hd__a41o_1)
     4    0.020567    0.317464    0.545811  184.690033 ^ _32451_/X (sky130_fd_sc_hd__a41o_1)
                                                         _08203_ (net)
                      0.317464    0.000412  184.690445 ^ _32479_/A1 (sky130_fd_sc_hd__a41o_1)
     5    0.020325    0.314715    0.600096  185.290543 ^ _32479_/X (sky130_fd_sc_hd__a41o_1)
                                                         _08231_ (net)
                      0.314715    0.000753  185.291290 ^ _32546_/A1 (sky130_fd_sc_hd__a311o_1)
     4    0.020016    0.357900    0.622777  185.914062 ^ _32546_/X (sky130_fd_sc_hd__a311o_1)
                                                         _08298_ (net)
                      0.357900    0.000696  185.914764 ^ _32655_/A1 (sky130_fd_sc_hd__a31o_1)
     1    0.004858    0.109366    0.399154  186.313919 ^ _32655_/X (sky130_fd_sc_hd__a31o_1)
                                                         _08407_ (net)
                      0.109366    0.000085  186.313995 ^ fanout305/A (sky130_fd_sc_hd__buf_2)
     7    0.042718    0.335350    0.405294  186.719299 ^ fanout305/X (sky130_fd_sc_hd__buf_2)
                                                         net305 (net)
                      0.335350    0.000071  186.719360 ^ fanout302/A (sky130_fd_sc_hd__clkbuf_4)
    10    0.046104    0.231961    0.486722  187.206085 ^ fanout302/X (sky130_fd_sc_hd__clkbuf_4)
                                                         net302 (net)
                      0.231964    0.001279  187.207367 ^ _32757_/B1_N (sky130_fd_sc_hd__a21bo_1)
     1    0.001959    0.055606    0.416634  187.624008 v _32757_/X (sky130_fd_sc_hd__a21bo_1)
                                                         _08509_ (net)
                      0.055606    0.000014  187.624023 v _32758_/B2 (sky130_fd_sc_hd__o2bb2a_1)
     3    0.007629    0.148741    0.660435  188.284454 v _32758_/X (sky130_fd_sc_hd__o2bb2a_1)
                                                         _08510_ (net)
                      0.148741    0.000085  188.284531 v _32760_/B (sky130_fd_sc_hd__and2_1)
     4    0.008788    0.115585    0.403418  188.687958 v _32760_/X (sky130_fd_sc_hd__and2_1)
                                                         _08512_ (net)
                      0.115585    0.000085  188.688034 v _32761_/B (sky130_fd_sc_hd__or2_1)
     2    0.006435    0.128112    0.517687  189.205734 v _32761_/X (sky130_fd_sc_hd__or2_1)
                                                         _08513_ (net)
                      0.128112    0.000057  189.205780 v _32767_/C (sky130_fd_sc_hd__or4_1)
     2    0.009995    0.268159    1.252019  190.457809 v _32767_/X (sky130_fd_sc_hd__or4_1)
                                                         _08519_ (net)
                      0.268159    0.000043  190.457840 v _32798_/B1 (sky130_fd_sc_hd__a211o_1)
     2    0.010837    0.156784    0.658048  191.115891 v _32798_/X (sky130_fd_sc_hd__a211o_1)
                                                         _08550_ (net)
                      0.156784    0.000341  191.116241 v _32838_/A1 (sky130_fd_sc_hd__a2111o_1)
     1    0.002586    0.107765    0.730637  191.846878 v _32838_/X (sky130_fd_sc_hd__a2111o_1)
                                                         _08590_ (net)
                      0.107765    0.000028  191.846893 v fanout301/A (sky130_fd_sc_hd__clkbuf_2)
     5    0.033340    0.235039    0.349687  192.196579 v fanout301/X (sky130_fd_sc_hd__clkbuf_2)
                                                         net301 (net)
                      0.235051    0.001947  192.198532 v fanout300/A (sky130_fd_sc_hd__buf_2)
    10    0.032142    0.157734    0.416975  192.615509 v fanout300/X (sky130_fd_sc_hd__buf_2)
                                                         net300 (net)
                      0.157736    0.000881  192.616394 v _32935_/B (sky130_fd_sc_hd__and3_1)
     2    0.004867    0.088413    0.395104  193.011490 v _32935_/X (sky130_fd_sc_hd__and3_1)
                                                         _08687_ (net)
                      0.088413    0.000057  193.011551 v _32941_/B (sky130_fd_sc_hd__or2_2)
     4    0.021438    0.200138    0.762000  193.773544 v _32941_/X (sky130_fd_sc_hd__or2_2)
                                                         _08693_ (net)
                      0.200138    0.000156  193.773712 v _32944_/A2 (sky130_fd_sc_hd__a2111o_1)
     3    0.009547    0.173226    0.909239  194.682953 v _32944_/X (sky130_fd_sc_hd__a2111o_1)
                                                         _08696_ (net)
                      0.173226    0.000114  194.683060 v _32969_/A (sky130_fd_sc_hd__or4_2)
     4    0.014639    0.302401    1.748248  196.431305 v _32969_/X (sky130_fd_sc_hd__or4_2)
                                                         _08721_ (net)
                      0.302401    0.000426  196.431732 v _33000_/A1 (sky130_fd_sc_hd__a2111o_1)
     3    0.012259    0.201755    0.909921  197.341660 v _33000_/X (sky130_fd_sc_hd__a2111o_1)
                                                         _08752_ (net)
                      0.201755    0.000227  197.341888 v _33024_/A1 (sky130_fd_sc_hd__a21bo_1)
     4    0.018508    0.181138    0.478693  197.820572 v _33024_/X (sky130_fd_sc_hd__a21bo_1)
                                                         _08776_ (net)
                      0.181138    0.000497  197.821075 v _33089_/A1 (sky130_fd_sc_hd__a2111o_2)
     4    0.020504    0.201080    0.989587  198.810654 v _33089_/X (sky130_fd_sc_hd__a2111o_2)
                                                         _08841_ (net)
                      0.201080    0.000355  198.811020 v _33102_/A1 (sky130_fd_sc_hd__a21o_4)
    10    0.051747    0.156431    0.529951  199.340973 v _33102_/X (sky130_fd_sc_hd__a21o_4)
                                                         _08854_ (net)
                      0.156431    0.000554  199.341522 v _33104_/B (sky130_fd_sc_hd__nand2_4)
     5    0.041296    0.211588    0.251347  199.592865 ^ _33104_/Y (sky130_fd_sc_hd__nand2_4)
                                                         _08856_ (net)
                      0.211588    0.000171  199.593033 ^ fanout292/A (sky130_fd_sc_hd__clkbuf_4)
    10    0.059993    0.291916    0.477002  200.070038 ^ fanout292/X (sky130_fd_sc_hd__clkbuf_4)
                                                         net292 (net)
                      0.291925    0.002018  200.072052 ^ _33167_/S (sky130_fd_sc_hd__mux2_1)
     5    0.015587    0.221621    0.923265  200.995316 v _33167_/X (sky130_fd_sc_hd__mux2_1)
                                                         _08919_ (net)
                      0.221621    0.000341  200.995667 v _33170_/B (sky130_fd_sc_hd__xnor2_1)
     3    0.010987    0.219994    0.369369  201.365036 v _33170_/Y (sky130_fd_sc_hd__xnor2_1)
                                                         _08922_ (net)
                      0.219994    0.000128  201.365158 v _33193_/C (sky130_fd_sc_hd__and4bb_1)
     1    0.002922    0.077022    0.453184  201.818344 v _33193_/X (sky130_fd_sc_hd__and4bb_1)
                                                         _08945_ (net)
                      0.077022    0.000028  201.818375 v _33196_/B1 (sky130_fd_sc_hd__a211o_2)
     5    0.027923    0.192808    0.721556  202.539932 v _33196_/X (sky130_fd_sc_hd__a211o_2)
                                                         _08948_ (net)
                      0.192813    0.001336  202.541260 v _33262_/A1 (sky130_fd_sc_hd__a41o_2)
     6    0.037182    0.212158    0.595250  203.136520 v _33262_/X (sky130_fd_sc_hd__a41o_2)
                                                         _09014_ (net)
                      0.212167    0.001620  203.138138 v _33410_/A2 (sky130_fd_sc_hd__a311o_1)
     1    0.003815    0.103503    0.652648  203.790787 v _33410_/X (sky130_fd_sc_hd__a311o_1)
                                                         _09162_ (net)
                      0.103503    0.000057  203.790833 v fanout290/A (sky130_fd_sc_hd__buf_2)
     6    0.038265    0.182106    0.372395  204.163239 v fanout290/X (sky130_fd_sc_hd__buf_2)
                                                         net290 (net)
                      0.182139    0.002416  204.165649 v fanout288/A (sky130_fd_sc_hd__clkbuf_4)
    10    0.042009    0.163436    0.397762  204.563416 v fanout288/X (sky130_fd_sc_hd__clkbuf_4)
                                                         net288 (net)
                      0.163436    0.000696  204.564102 v _33566_/S (sky130_fd_sc_hd__mux2_1)
     3    0.007873    0.158070    0.792667  205.356781 v _33566_/X (sky130_fd_sc_hd__mux2_1)
                                                         _09318_ (net)
                      0.158070    0.000128  205.356903 v _33567_/B (sky130_fd_sc_hd__nor2_1)
     6    0.019287    0.583689    0.517076  205.873978 ^ _33567_/Y (sky130_fd_sc_hd__nor2_1)
                                                         _09319_ (net)
                      0.583689    0.000355  205.874329 ^ _33573_/A2 (sky130_fd_sc_hd__a21o_1)
     1    0.005360    0.098325    0.418211  206.292542 ^ _33573_/X (sky130_fd_sc_hd__a21o_1)
                                                         _09325_ (net)
                      0.098325    0.000057  206.292603 ^ _33575_/A3 (sky130_fd_sc_hd__a311oi_2)
     3    0.011265    0.264260    0.297803  206.590408 v _33575_/Y (sky130_fd_sc_hd__a311oi_2)
                                                         _09327_ (net)
                      0.264260    0.000298  206.590698 v _33576_/D (sky130_fd_sc_hd__or4_2)
     2    0.011681    0.289165    1.482349  208.073059 v _33576_/X (sky130_fd_sc_hd__or4_2)
                                                         _09328_ (net)
                      0.289165    0.000071  208.073120 v _33580_/C_N (sky130_fd_sc_hd__or4bb_4)
     8    0.051656    0.253231    0.685148  208.758270 ^ _33580_/X (sky130_fd_sc_hd__or4bb_4)
                                                         _09332_ (net)
                      0.253231    0.000924  208.759201 ^ _33623_/A2 (sky130_fd_sc_hd__a21o_1)
     1    0.002769    0.065018    0.279186  209.038376 ^ _33623_/X (sky130_fd_sc_hd__a21o_1)
                                                         _09375_ (net)
                      0.065018    0.000028  209.038406 ^ fanout284/A (sky130_fd_sc_hd__buf_2)
     8    0.047313    0.369148    0.409727  209.448135 ^ fanout284/X (sky130_fd_sc_hd__buf_2)
                                                         net284 (net)
                      0.369153    0.001165  209.449310 ^ fanout283/A (sky130_fd_sc_hd__clkbuf_4)
    10    0.045758    0.230757    0.500251  209.949554 ^ fanout283/X (sky130_fd_sc_hd__clkbuf_4)
                                                         net283 (net)
                      0.230766    0.001762  209.951309 ^ _33707_/S (sky130_fd_sc_hd__mux2_2)
     4    0.019453    0.168229    0.846683  210.798004 v _33707_/X (sky130_fd_sc_hd__mux2_2)
                                                         _09459_ (net)
                      0.168229    0.000554  210.798553 v _33709_/B (sky130_fd_sc_hd__xnor2_2)
     5    0.023137    0.508828    0.491269  211.289825 ^ _33709_/Y (sky130_fd_sc_hd__xnor2_2)
                                                         _09461_ (net)
                      0.508828    0.000128  211.289948 ^ _33715_/A (sky130_fd_sc_hd__nor2_1)
     1    0.002679    0.112304    0.224446  211.514389 v _33715_/Y (sky130_fd_sc_hd__nor2_1)
                                                         _09467_ (net)
                      0.112304    0.000028  211.514420 v _33737_/A1 (sky130_fd_sc_hd__a31o_1)
     4    0.014821    0.160040    0.435136  211.949554 v _33737_/X (sky130_fd_sc_hd__a31o_1)
                                                         _09489_ (net)
                      0.160040    0.000199  211.949753 v _33742_/A2 (sky130_fd_sc_hd__a21o_2)
     7    0.049124    0.244323    0.603933  212.553696 v _33742_/X (sky130_fd_sc_hd__a21o_2)
                                                         _09494_ (net)
                      0.244348    0.002515  212.556213 v _33751_/A2 (sky130_fd_sc_hd__a221oi_2)
     1    0.013399    0.529000    0.702997  213.259201 ^ _33751_/Y (sky130_fd_sc_hd__a221oi_2)
                                                         _09503_ (net)
                      0.529000    0.000185  213.259384 ^ wire278/A (sky130_fd_sc_hd__clkbuf_2)
     7    0.029797    0.260692    0.514845  213.774231 ^ wire278/X (sky130_fd_sc_hd__clkbuf_2)
                                                         net278 (net)
                      0.260692    0.000497  213.774734 ^ _33851_/A1 (sky130_fd_sc_hd__o211a_1)
     1    0.002800    0.078675    0.383466  214.158203 ^ _33851_/X (sky130_fd_sc_hd__o211a_1)
                                                         _09603_ (net)
                      0.078675    0.000028  214.158234 ^ fanout277/A (sky130_fd_sc_hd__clkbuf_4)
     7    0.050417    0.249637    0.382940  214.541168 ^ fanout277/X (sky130_fd_sc_hd__clkbuf_4)
                                                         net277 (net)
                      0.249877    0.004931  214.546097 ^ fanout276/A (sky130_fd_sc_hd__buf_2)
     8    0.042594    0.334394    0.469882  215.015976 ^ fanout276/X (sky130_fd_sc_hd__buf_2)
                                                         net276 (net)
                      0.334394    0.000554  215.016541 ^ _33975_/S (sky130_fd_sc_hd__mux2_1)
     3    0.014368    0.212410    0.925098  215.941635 v _33975_/X (sky130_fd_sc_hd__mux2_1)
                                                         _09727_ (net)
                      0.212410    0.000284  215.941910 v _33978_/B (sky130_fd_sc_hd__xnor2_1)
     4    0.011880    0.237314    0.375366  216.317276 v _33978_/Y (sky130_fd_sc_hd__xnor2_1)
                                                         _09730_ (net)
                      0.237314    0.000057  216.317337 v _33998_/A (sky130_fd_sc_hd__or4b_1)
     1    0.008749    0.254850    1.370893  217.688232 v _33998_/X (sky130_fd_sc_hd__or4b_1)
                                                         _09750_ (net)
                      0.254850    0.000085  217.688309 v _34002_/A2 (sky130_fd_sc_hd__o221ai_4)
     4    0.021803    0.414286    0.473733  218.162048 ^ _34002_/Y (sky130_fd_sc_hd__o221ai_4)
                                                         _09754_ (net)
                      0.414286    0.000341  218.162384 ^ _34032_/A1 (sky130_fd_sc_hd__a31o_2)
     6    0.030235    0.287594    0.613625  218.776016 ^ _34032_/X (sky130_fd_sc_hd__a31o_2)
                                                         _09784_ (net)
                      0.287600    0.001791  218.777802 ^ _34059_/C_N (sky130_fd_sc_hd__or4bb_1)
     3    0.013834    0.292541    1.356867  220.134674 v _34059_/X (sky130_fd_sc_hd__or4bb_1)
                                                         _09811_ (net)
                      0.292541    0.000426  220.135101 v _34218_/A1 (sky130_fd_sc_hd__a21o_1)
     3    0.009754    0.114564    0.434255  220.569351 v _34218_/X (sky130_fd_sc_hd__a21o_1)
                                                         _09970_ (net)
                      0.114564    0.000156  220.569504 v _34283_/A2 (sky130_fd_sc_hd__a211o_1)
     3    0.009745    0.146542    0.627978  221.197495 v _34283_/X (sky130_fd_sc_hd__a211o_1)
                                                         _10035_ (net)
                      0.146542    0.000099  221.197586 v _34286_/A2 (sky130_fd_sc_hd__a21o_1)
     2    0.004660    0.075514    0.364778  221.562363 v _34286_/X (sky130_fd_sc_hd__a21o_1)
                                                         _10038_ (net)
                      0.075514    0.000028  221.562393 v _34287_/D (sky130_fd_sc_hd__and4bb_2)
     3    0.022155    0.158517    0.584038  222.146439 v _34287_/X (sky130_fd_sc_hd__and4bb_2)
                                                         _10039_ (net)
                      0.158517    0.000156  222.146591 v _34291_/A (sky130_fd_sc_hd__or2_2)
     6    0.032097    0.242161    0.879595  223.026184 v _34291_/X (sky130_fd_sc_hd__or2_2)
                                                         _10043_ (net)
                      0.242161    0.000483  223.026672 v _34297_/B (sky130_fd_sc_hd__nor4_1)
     2    0.007699    0.693344    0.750205  223.776871 ^ _34297_/Y (sky130_fd_sc_hd__nor4_1)
                                                         _10049_ (net)
                      0.693344    0.000128  223.776993 ^ _34298_/D_N (sky130_fd_sc_hd__or4b_2)
     4    0.020773    0.333225    1.770474  225.547470 v _34298_/X (sky130_fd_sc_hd__or4b_2)
                                                         _10050_ (net)
                      0.333225    0.000426  225.547897 v _34300_/B (sky130_fd_sc_hd__or2_2)
     5    0.023764    0.208535    0.874735  226.422638 v _34300_/X (sky130_fd_sc_hd__or2_2)
                                                         _10052_ (net)
                      0.208535    0.000128  226.422760 v fanout267/A (sky130_fd_sc_hd__buf_2)
    10    0.042945    0.200864    0.438092  226.860855 v fanout267/X (sky130_fd_sc_hd__buf_2)
                                                         net267 (net)
                      0.200864    0.000114  226.860962 v _34349_/A (sky130_fd_sc_hd__nand2_1)
     1    0.003335    0.090427    0.152284  227.013245 ^ _34349_/Y (sky130_fd_sc_hd__nand2_1)
                                                         _10101_ (net)
                      0.090427    0.000028  227.013275 ^ fanout264/A (sky130_fd_sc_hd__clkbuf_4)
     7    0.055030    0.270581    0.403574  227.416855 ^ fanout264/X (sky130_fd_sc_hd__clkbuf_4)
                                                         net264 (net)
                      0.270581    0.000412  227.417267 ^ fanout263/A (sky130_fd_sc_hd__clkbuf_4)
    10    0.045914    0.230571    0.458016  227.875290 ^ fanout263/X (sky130_fd_sc_hd__clkbuf_4)
                                                         net263 (net)
                      0.230571    0.000810  227.876099 ^ _34547_/C (sky130_fd_sc_hd__nand3_1)
     3    0.006315    0.204393    0.281986  228.158081 v _34547_/Y (sky130_fd_sc_hd__nand3_1)
                                                         _10299_ (net)
                      0.204393    0.000057  228.158142 v _34549_/D (sky130_fd_sc_hd__or4_2)
     2    0.011381    0.287813    1.458162  229.616302 v _34549_/X (sky130_fd_sc_hd__or4_2)
                                                         _10301_ (net)
                      0.287813    0.000085  229.616379 v _34554_/B (sky130_fd_sc_hd__xnor2_2)
     3    0.025080    0.271820    0.459494  230.075882 v _34554_/Y (sky130_fd_sc_hd__xnor2_2)
                                                         _10306_ (net)
                      0.271820    0.000441  230.076309 v _34557_/B (sky130_fd_sc_hd__or3b_1)
     1    0.001496    0.123361    0.844480  230.920792 v _34557_/X (sky130_fd_sc_hd__or3b_1)
                                                         _10309_ (net)
                      0.123361    0.000014  230.920807 v _34558_/C (sky130_fd_sc_hd__or3_2)
     6    0.019916    0.261733    1.157972  232.078781 v _34558_/X (sky130_fd_sc_hd__or3_2)
                                                         _10310_ (net)
                      0.261733    0.000142  232.078918 v _34720_/B1 (sky130_fd_sc_hd__a211o_2)
     3    0.036290    0.225498    0.826773  232.905701 v _34720_/X (sky130_fd_sc_hd__a211o_2)
                                                         _10472_ (net)
                      0.225498    0.000483  232.906174 v fanout261/A (sky130_fd_sc_hd__buf_2)
     6    0.037517    0.179334    0.428756  233.334930 v fanout261/X (sky130_fd_sc_hd__buf_2)
                                                         net261 (net)
                      0.179334    0.000270  233.335205 v fanout260/A (sky130_fd_sc_hd__clkbuf_4)
    10    0.047244    0.180070    0.409500  233.744705 v fanout260/X (sky130_fd_sc_hd__clkbuf_4)
                                                         net260 (net)
                      0.180074    0.001151  233.745865 v _34788_/S (sky130_fd_sc_hd__mux2_1)
     4    0.017025    0.232735    0.891802  234.637665 v _34788_/X (sky130_fd_sc_hd__mux2_1)
                                                         _10540_ (net)
                      0.232735    0.000540  234.638199 v _34792_/B (sky130_fd_sc_hd__xnor2_1)
     2    0.007187    0.165279    0.329635  234.967834 v _34792_/Y (sky130_fd_sc_hd__xnor2_1)
                                                         _10544_ (net)
                      0.165279    0.000043  234.967880 v _34801_/C (sky130_fd_sc_hd__or4b_1)
     2    0.005371    0.216877    1.181064  236.148941 v _34801_/X (sky130_fd_sc_hd__or4b_1)
                                                         _10553_ (net)
                      0.216877    0.000057  236.149002 v _34802_/D (sky130_fd_sc_hd__or4_2)
     2    0.012722    0.286250    1.478398  237.627396 v _34802_/X (sky130_fd_sc_hd__or4_2)
                                                         _10554_ (net)
                      0.286250    0.000114  237.627518 v _34942_/A_N (sky130_fd_sc_hd__and4bb_1)
     3    0.020057    0.336034    0.812364  238.439880 ^ _34942_/X (sky130_fd_sc_hd__and4bb_1)
                                                         _10694_ (net)
                      0.336034    0.000426  238.440308 ^ _34968_/A (sky130_fd_sc_hd__or4bb_1)
     1    0.003370    0.074941    0.296296  238.736603 ^ _34968_/X (sky130_fd_sc_hd__or4bb_1)
                                                         _10720_ (net)
                      0.074941    0.000028  238.736618 ^ _34969_/C1 (sky130_fd_sc_hd__a211o_1)
     1    0.003863    0.083933    0.168995  238.905624 ^ _34969_/X (sky130_fd_sc_hd__a211o_1)
                                                         _10721_ (net)
                      0.083933    0.000057  238.905670 ^ fanout256/A (sky130_fd_sc_hd__clkbuf_4)
     9    0.058230    0.283799    0.409500  239.315170 ^ fanout256/X (sky130_fd_sc_hd__clkbuf_4)
                                                         net256 (net)
                      0.283799    0.000455  239.315628 ^ fanout255/A (sky130_fd_sc_hd__clkbuf_4)
     9    0.046952    0.235496    0.466059  239.781693 ^ fanout255/X (sky130_fd_sc_hd__clkbuf_4)
                                                         net255 (net)
                      0.235496    0.000085  239.781769 ^ fanout254/A (sky130_fd_sc_hd__clkbuf_2)
     5    0.023308    0.206191    0.365787  240.147568 ^ fanout254/X (sky130_fd_sc_hd__clkbuf_2)
                                                         net254 (net)
                      0.206191    0.000199  240.147766 ^ fanout253/A (sky130_fd_sc_hd__buf_2)
    10    0.040139    0.315975    0.438632  240.586395 ^ fanout253/X (sky130_fd_sc_hd__buf_2)
                                                         net253 (net)
                      0.315975    0.000369  240.586761 ^ _35096_/S (sky130_fd_sc_hd__mux2_1)
     3    0.009284    0.171430    0.864446  241.451218 v _35096_/X (sky130_fd_sc_hd__mux2_1)
                                                         _10848_ (net)
                      0.171430    0.000171  241.451385 v _35097_/B (sky130_fd_sc_hd__and2_1)
     2    0.005324    0.088556    0.387047  241.838425 v _35097_/X (sky130_fd_sc_hd__and2_1)
                                                         _10849_ (net)
                      0.088556    0.000057  241.838486 v _35099_/A (sky130_fd_sc_hd__nor2_1)
     3    0.008099    0.281141    0.285155  242.123642 ^ _35099_/Y (sky130_fd_sc_hd__nor2_1)
                                                         _10851_ (net)
                      0.281141    0.000028  242.123672 ^ _35107_/C_N (sky130_fd_sc_hd__or4bb_1)
     2    0.006194    0.212341    1.234184  243.357849 v _35107_/X (sky130_fd_sc_hd__or4bb_1)
                                                         _10859_ (net)
                      0.212341    0.000085  243.357941 v _35132_/A (sky130_fd_sc_hd__or2_2)
     3    0.016501    0.185824    0.827612  244.185547 v _35132_/X (sky130_fd_sc_hd__or2_2)
                                                         _10884_ (net)
                      0.185824    0.000085  244.185638 v _35166_/B1 (sky130_fd_sc_hd__a2111o_4)
    10    0.050229    0.232931    1.073261  245.258896 v _35166_/X (sky130_fd_sc_hd__a2111o_4)
                                                         _10918_ (net)
                      0.232931    0.000256  245.259155 v _35213_/A (sky130_fd_sc_hd__nand2_1)
     1    0.003547    0.092703    0.168086  245.427231 ^ _35213_/Y (sky130_fd_sc_hd__nand2_1)
                                                         _10965_ (net)
                      0.092703    0.000057  245.427292 ^ fanout251/A (sky130_fd_sc_hd__buf_4)
     8    0.070756    0.315906    0.396881  245.824173 ^ fanout251/X (sky130_fd_sc_hd__buf_4)
                                                         net251 (net)
                      0.315906    0.000199  245.824371 ^ fanout250/A (sky130_fd_sc_hd__buf_2)
     8    0.037891    0.299681    0.470607  246.294983 ^ fanout250/X (sky130_fd_sc_hd__buf_2)
                                                         net250 (net)
                      0.299681    0.000199  246.295181 ^ fanout249/A (sky130_fd_sc_hd__buf_2)
    10    0.040711    0.320577    0.479105  246.774292 ^ fanout249/X (sky130_fd_sc_hd__buf_2)
                                                         net249 (net)
                      0.320577    0.000966  246.775253 ^ _35407_/A (sky130_fd_sc_hd__nand2_1)
     3    0.008595    0.183073    0.264862  247.040115 v _35407_/Y (sky130_fd_sc_hd__nand2_1)
                                                         _11159_ (net)
                      0.183073    0.000085  247.040192 v _35434_/B (sky130_fd_sc_hd__or2_2)
     4    0.020775    0.197469    0.796916  247.837112 v _35434_/X (sky130_fd_sc_hd__or2_2)
                                                         _11186_ (net)
                      0.197471    0.000796  247.837906 v _35451_/A2 (sky130_fd_sc_hd__o21ai_1)
     2    0.005364    0.242895    0.299451  248.137360 ^ _35451_/Y (sky130_fd_sc_hd__o21ai_1)
                                                         _11203_ (net)
                      0.242895    0.000057  248.137421 ^ _35454_/B (sky130_fd_sc_hd__and3_1)
     3    0.013330    0.225896    0.478224  248.615646 ^ _35454_/X (sky130_fd_sc_hd__and3_1)
                                                         _11206_ (net)
                      0.225896    0.000369  248.616013 ^ _35459_/D_N (sky130_fd_sc_hd__or4b_1)
     1    0.001674    0.162865    1.042679  249.658691 v _35459_/X (sky130_fd_sc_hd__or4b_1)
                                                         _11211_ (net)
                      0.162865    0.000000  249.658691 v _35464_/B (sky130_fd_sc_hd__or4bb_2)
     6    0.016000    0.300920    1.614978  251.273666 v _35464_/X (sky130_fd_sc_hd__or4bb_2)
                                                         _11216_ (net)
                      0.300920    0.000085  251.273758 v _35465_/D1 (sky130_fd_sc_hd__a2111o_4)
     4    0.065364    0.276374    0.949512  252.223267 v _35465_/X (sky130_fd_sc_hd__a2111o_4)
                                                         _11217_ (net)
                      0.276374    0.000682  252.223953 v fanout248/A (sky130_fd_sc_hd__clkbuf_4)
     9    0.062742    0.229599    0.491809  252.715759 v fanout248/X (sky130_fd_sc_hd__clkbuf_4)
                                                         net248 (net)
                      0.229599    0.000114  252.715866 v fanout247/A (sky130_fd_sc_hd__buf_2)
     6    0.037146    0.177740    0.429878  253.145752 v fanout247/X (sky130_fd_sc_hd__buf_2)
                                                         net247 (net)
                      0.177740    0.000142  253.145889 v fanout246/A (sky130_fd_sc_hd__clkbuf_4)
    10    0.046767    0.178441    0.406118  253.552017 v fanout246/X (sky130_fd_sc_hd__clkbuf_4)
                                                         net246 (net)
                      0.178504    0.003183  253.555191 v _35527_/B1 (sky130_fd_sc_hd__o21a_1)
     1    0.001893    0.058689    0.229534  253.784729 v _35527_/X (sky130_fd_sc_hd__o21a_1)
                                                         _11279_ (net)
                      0.058689    0.000000  253.784729 v _35528_/B2 (sky130_fd_sc_hd__a2bb2o_2)
     4    0.022706    0.166086    0.578552  254.363281 v _35528_/X (sky130_fd_sc_hd__a2bb2o_2)
                                                         _11280_ (net)
                      0.166086    0.000796  254.364075 v _35529_/B (sky130_fd_sc_hd__xnor2_1)
     4    0.010207    0.202283    0.333813  254.697891 v _35529_/Y (sky130_fd_sc_hd__xnor2_1)
                                                         _11281_ (net)
                      0.202283    0.000142  254.698029 v _35540_/B (sky130_fd_sc_hd__or4_1)
     2    0.007396    0.231676    1.301970  256.000000 v _35540_/X (sky130_fd_sc_hd__or4_1)
                                                         _11292_ (net)
                      0.231676    0.000114  256.000122 v _35567_/B1 (sky130_fd_sc_hd__a2111o_2)
     6    0.023040    0.209738    1.053223  257.053345 v _35567_/X (sky130_fd_sc_hd__a2111o_2)
                                                         _11319_ (net)
                      0.209738    0.000654  257.053986 v _35625_/A1 (sky130_fd_sc_hd__a2111oi_1)
     2    0.005010    0.696782    0.775430  257.829407 ^ _35625_/Y (sky130_fd_sc_hd__a2111oi_1)
                                                         _11377_ (net)
                      0.696782    0.000028  257.829437 ^ max_cap243/A (sky130_fd_sc_hd__dlymetal6s2s_1)
     5    0.018503    0.308675    0.549875  258.379333 ^ max_cap243/X (sky130_fd_sc_hd__dlymetal6s2s_1)
                                                         net243 (net)
                      0.308675    0.000625  258.379944 ^ max_cap242/A (sky130_fd_sc_hd__dlymetal6s2s_1)
     5    0.017886    0.297988    0.424166  258.804108 ^ max_cap242/X (sky130_fd_sc_hd__dlymetal6s2s_1)
                                                         net242 (net)
                      0.297988    0.000455  258.804565 ^ _35735_/A1 (sky130_fd_sc_hd__o211ai_1)
     3    0.006663    0.265840    0.355271  259.159851 v _35735_/Y (sky130_fd_sc_hd__o211ai_1)
                                                         _11487_ (net)
                      0.265840    0.000057  259.159912 v _35738_/C (sky130_fd_sc_hd__and3_1)
     2    0.006473    0.100547    0.491809  259.651703 v _35738_/X (sky130_fd_sc_hd__and3_1)
                                                         _11490_ (net)
                      0.100547    0.000028  259.651733 v _35750_/B (sky130_fd_sc_hd__or4_1)
     2    0.005539    0.220705    1.237225  260.888947 v _35750_/X (sky130_fd_sc_hd__or4_1)
                                                         _11502_ (net)
                      0.220705    0.000057  260.889008 v _35752_/A (sky130_fd_sc_hd__or3b_1)
     3    0.007565    0.186522    0.980890  261.869904 v _35752_/X (sky130_fd_sc_hd__or3b_1)
                                                         _11504_ (net)
                      0.186522    0.000085  261.869995 v _35785_/A1 (sky130_fd_sc_hd__a2111o_1)
     4    0.014370    0.211879    0.886814  262.756805 v _35785_/X (sky130_fd_sc_hd__a2111o_1)
                                                         _11537_ (net)
                      0.211879    0.000284  262.757080 v _35819_/A1 (sky130_fd_sc_hd__a211o_2)
     5    0.021900    0.169482    0.737259  263.494354 v _35819_/X (sky130_fd_sc_hd__a211o_2)
                                                         _11571_ (net)
                      0.169482    0.000512  263.494873 v _35888_/A1 (sky130_fd_sc_hd__a211o_4)
    10    0.050347    0.176461    0.741579  264.236450 v _35888_/X (sky130_fd_sc_hd__a211o_4)
                                                         _11640_ (net)
                      0.176479    0.001876  264.238312 v _36133_/A (sky130_fd_sc_hd__and2_2)
     7    0.025071    0.157471    0.506645  264.744965 v _36133_/X (sky130_fd_sc_hd__and2_2)
                                                         _11885_ (net)
                      0.157471    0.000426  264.745392 v _36139_/A2 (sky130_fd_sc_hd__a21o_1)
     3    0.019229    0.184362    0.473506  265.218903 v _36139_/X (sky130_fd_sc_hd__a21o_1)
                                                         _11891_ (net)
                      0.184362    0.000256  265.219147 v _36148_/A (sky130_fd_sc_hd__or4_1)
     2    0.007040    0.228630    1.326527  266.545685 v _36148_/X (sky130_fd_sc_hd__or4_1)
                                                         _11900_ (net)
                      0.228630    0.000114  266.545776 v _36155_/B (sky130_fd_sc_hd__or4bb_2)
     3    0.014863    0.290857    1.624500  268.170288 v _36155_/X (sky130_fd_sc_hd__or4bb_2)
                                                         _11907_ (net)
                      0.290857    0.000199  268.170502 v _36169_/A (sky130_fd_sc_hd__or3_1)
     1    0.001851    0.126822    0.900172  269.070648 v _36169_/X (sky130_fd_sc_hd__or3_1)
                                                         _11921_ (net)
                      0.126822    0.000028  269.070679 v _36170_/C (sky130_fd_sc_hd__or3_2)
     2    0.013286    0.225639    1.100091  270.170776 v _36170_/X (sky130_fd_sc_hd__or3_2)
                                                         _11922_ (net)
                      0.225639    0.000171  270.170959 v _36171_/B1 (sky130_fd_sc_hd__a21oi_4)
    10    0.049031    0.571903    0.563489  270.734436 ^ _36171_/Y (sky130_fd_sc_hd__a21oi_4)
                                                         _11923_ (net)
                      0.571909    0.001592  270.736023 ^ _36430_/A1 (sky130_fd_sc_hd__o2111a_1)
     5    0.014741    0.248564    0.718700  271.454742 ^ _36430_/X (sky130_fd_sc_hd__o2111a_1)
                                                         _12182_ (net)
                      0.248564    0.000199  271.454926 ^ _36437_/D (sky130_fd_sc_hd__and4_2)
     6    0.022013    0.240879    0.685162  272.140106 ^ _36437_/X (sky130_fd_sc_hd__and4_2)
                                                         _12189_ (net)
                      0.240879    0.000483  272.140564 ^ _36446_/B (sky130_fd_sc_hd__xor2_1)
     3    0.009942    0.387971    0.465377  272.605957 ^ _36446_/X (sky130_fd_sc_hd__xor2_1)
                                                         _12198_ (net)
                      0.387971    0.000199  272.606140 ^ _36453_/C_N (sky130_fd_sc_hd__or4bb_1)
     1    0.001706    0.157245    1.163613  273.769775 v _36453_/X (sky130_fd_sc_hd__or4bb_1)
                                                         _12205_ (net)
                      0.157245    0.000028  273.769806 v _36454_/C (sky130_fd_sc_hd__or3_1)
     1    0.003148    0.138398    0.748372  274.518158 v _36454_/X (sky130_fd_sc_hd__or3_1)
                                                         _12206_ (net)
                      0.138398    0.000057  274.518219 v _36455_/D (sky130_fd_sc_hd__or4_1)
     2    0.008464    0.245585    1.083862  275.602081 v _36455_/X (sky130_fd_sc_hd__or4_1)
                                                         _12207_ (net)
                      0.245585    0.000256  275.602325 v _36457_/A_N (sky130_fd_sc_hd__nand3b_1)
     2    0.005866    0.192156    0.464354  276.066681 v _36457_/Y (sky130_fd_sc_hd__nand3b_1)
                                                         _12209_ (net)
                      0.192156    0.000057  276.066742 v _36481_/B1 (sky130_fd_sc_hd__a211o_1)
     1    0.002614    0.085914    0.538790  276.605530 v _36481_/X (sky130_fd_sc_hd__a211o_1)
                                                         _12233_ (net)
                      0.085914    0.000028  276.605560 v fanout227/A (sky130_fd_sc_hd__clkbuf_2)
     5    0.036260    0.254069    0.353737  276.959320 v fanout227/X (sky130_fd_sc_hd__clkbuf_2)
                                                         net227 (net)
                      0.254069    0.000512  276.959808 v _36690_/C (sky130_fd_sc_hd__and4_1)
     3    0.010121    0.131965    0.537256  277.497070 v _36690_/X (sky130_fd_sc_hd__and4_1)
                                                         _12442_ (net)
                      0.131965    0.000171  277.497253 v _36691_/B (sky130_fd_sc_hd__and2_1)
     2    0.004607    0.085893    0.361780  277.859009 v _36691_/X (sky130_fd_sc_hd__and2_1)
                                                         _12443_ (net)
                      0.085893    0.000028  277.859039 v _36704_/B (sky130_fd_sc_hd__or3b_1)
     2    0.011791    0.233767    0.935898  278.794952 v _36704_/X (sky130_fd_sc_hd__or3b_1)
                                                         _12456_ (net)
                      0.233767    0.000369  278.795319 v _36710_/B (sky130_fd_sc_hd__or4_1)
     2    0.004201    0.204175    1.257035  280.052368 v _36710_/X (sky130_fd_sc_hd__or4_1)
                                                         _12462_ (net)
                      0.204175    0.000028  280.052399 v _36719_/C (sky130_fd_sc_hd__or4_1)
     2    0.006893    0.227180    1.223469  281.275848 v _36719_/X (sky130_fd_sc_hd__or4_1)
                                                         _12471_ (net)
                      0.227180    0.000114  281.275970 v _36720_/C1 (sky130_fd_sc_hd__a311o_1)
     1    0.001784    0.084766    0.541633  281.817596 v _36720_/X (sky130_fd_sc_hd__a311o_1)
                                                         _12472_ (net)
                      0.084766    0.000000  281.817596 v fanout222/A (sky130_fd_sc_hd__buf_2)
     6    0.038821    0.184515    0.364537  282.182129 v fanout222/X (sky130_fd_sc_hd__buf_2)
                                                         net222 (net)
                      0.184586    0.003411  282.185547 v fanout219/A (sky130_fd_sc_hd__clkbuf_4)
    10    0.045878    0.175943    0.407994  282.593536 v fanout219/X (sky130_fd_sc_hd__clkbuf_4)
                                                         net219 (net)
                      0.175960    0.001819  282.595367 v _36732_/B (sky130_fd_sc_hd__or3b_1)
     3    0.008327    0.200744    0.922654  283.518005 v _36732_/X (sky130_fd_sc_hd__or3b_1)
                                                         _12484_ (net)
                      0.200744    0.000028  283.518036 v _36740_/B (sky130_fd_sc_hd__and3_1)
     2    0.005196    0.090759    0.419220  283.937256 v _36740_/X (sky130_fd_sc_hd__and3_1)
                                                         _12492_ (net)
                      0.090759    0.000028  283.937286 v _36744_/B (sky130_fd_sc_hd__or4_1)
     1    0.003353    0.189459    1.186663  285.123962 v _36744_/X (sky130_fd_sc_hd__or4_1)
                                                         _12496_ (net)
                      0.189459    0.000028  285.123993 v _36755_/A2 (sky130_fd_sc_hd__a21o_1)
     4    0.013374    0.141309    0.449830  285.573822 v _36755_/X (sky130_fd_sc_hd__a21o_1)
                                                         _12507_ (net)
                      0.141309    0.000313  285.574127 v _36810_/A1 (sky130_fd_sc_hd__a2111o_1)
     3    0.015076    0.217452    0.873627  286.447754 v _36810_/X (sky130_fd_sc_hd__a2111o_1)
                                                         _12562_ (net)
                      0.217452    0.000711  286.448456 v _36846_/A1 (sky130_fd_sc_hd__a21o_1)
     4    0.012380    0.136103    0.424421  286.872894 v _36846_/X (sky130_fd_sc_hd__a21o_1)
                                                         _12598_ (net)
                      0.136103    0.000256  286.873138 v _36871_/A1 (sky130_fd_sc_hd__a2111o_1)
     5    0.016183    0.225258    0.880192  287.753326 v _36871_/X (sky130_fd_sc_hd__a2111o_1)
                                                         _12623_ (net)
                      0.225258    0.000313  287.753632 v _36911_/A1 (sky130_fd_sc_hd__a21oi_1)
     1    0.005176    0.237407    0.323212  288.076843 ^ _36911_/Y (sky130_fd_sc_hd__a21oi_1)
                                                         _12663_ (net)
                      0.237407    0.000114  288.076965 ^ fanout218/A (sky130_fd_sc_hd__clkbuf_2)
     8    0.035166    0.302054    0.434397  288.511353 ^ fanout218/X (sky130_fd_sc_hd__clkbuf_2)
                                                         net218 (net)
                      0.302054    0.001080  288.512451 ^ fanout217/A (sky130_fd_sc_hd__buf_2)
    10    0.039847    0.314176    0.475467  288.987915 ^ fanout217/X (sky130_fd_sc_hd__buf_2)
                                                         net217 (net)
                      0.314176    0.001165  288.989075 ^ _36992_/B (sky130_fd_sc_hd__or4_1)
     3    0.007311    0.124605    0.325258  289.314331 ^ _36992_/X (sky130_fd_sc_hd__or4_1)
                                                         _12744_ (net)
                      0.124605    0.000114  289.314453 ^ _36997_/A1 (sky130_fd_sc_hd__a21oi_1)
     4    0.011095    0.209023    0.237890  289.552338 v _36997_/Y (sky130_fd_sc_hd__a21oi_1)
                                                         _12749_ (net)
                      0.209023    0.000114  289.552460 v _37007_/A (sky130_fd_sc_hd__or4_1)
     1    0.003426    0.185115    1.265107  290.817566 v _37007_/X (sky130_fd_sc_hd__or4_1)
                                                         _12759_ (net)
                      0.185115    0.000057  290.817627 v _37013_/C (sky130_fd_sc_hd__or4_2)
     4    0.019998    0.334844    1.700045  292.517670 v _37013_/X (sky130_fd_sc_hd__or4_2)
                                                         _12765_ (net)
                      0.334844    0.000824  292.518494 v _37084_/A1 (sky130_fd_sc_hd__a211o_1)
     4    0.015982    0.192179    0.715971  293.234467 v _37084_/X (sky130_fd_sc_hd__a211o_1)
                                                         _12836_ (net)
                      0.192179    0.000483  293.234955 v _37139_/A1 (sky130_fd_sc_hd__a2111o_2)
     4    0.020339    0.199717    0.993168  294.228119 v _37139_/X (sky130_fd_sc_hd__a2111o_2)
                                                         _12891_ (net)
                      0.199717    0.000824  294.228943 v _37154_/A1 (sky130_fd_sc_hd__a21o_1)
     3    0.016214    0.161243    0.442299  294.671234 v _37154_/X (sky130_fd_sc_hd__a21o_1)
                                                         _12906_ (net)
                      0.161243    0.000284  294.671509 v fanout202/A (sky130_fd_sc_hd__clkbuf_4)
    10    0.052469    0.197083    0.412996  295.084503 v fanout202/X (sky130_fd_sc_hd__clkbuf_4)
                                                         net202 (net)
                      0.197083    0.000341  295.084839 v _37432_/C1 (sky130_fd_sc_hd__o221a_1)
     3    0.013288    0.182247    0.368800  295.453644 v _37432_/X (sky130_fd_sc_hd__o221a_1)
                                                         _13184_ (net)
                      0.182247    0.000085  295.453735 v _37435_/D (sky130_fd_sc_hd__and4bb_2)
     7    0.024119    0.166262    0.645088  296.098816 v _37435_/X (sky130_fd_sc_hd__and4bb_2)
                                                         _13187_ (net)
                      0.166262    0.000284  296.099121 v _37442_/D (sky130_fd_sc_hd__and4b_1)
     3    0.013627    0.160431    0.549761  296.648865 v _37442_/X (sky130_fd_sc_hd__and4b_1)
                                                         _13194_ (net)
                      0.160431    0.000227  296.649109 v _37443_/B (sky130_fd_sc_hd__xnor2_1)
     3    0.011700    0.233886    0.348308  296.997406 v _37443_/Y (sky130_fd_sc_hd__xnor2_1)
                                                         _13195_ (net)
                      0.233886    0.000171  296.997589 v _37447_/C (sky130_fd_sc_hd__or4_1)
     1    0.002372    0.174254    1.138318  298.135895 v _37447_/X (sky130_fd_sc_hd__or4_1)
                                                         _13199_ (net)
                      0.174254    0.000028  298.135925 v _37477_/A (sky130_fd_sc_hd__or4b_1)
     2    0.010886    0.275339    1.384052  299.519989 v _37477_/X (sky130_fd_sc_hd__or4b_1)
                                                         _13229_ (net)
                      0.275339    0.000256  299.520233 v _37509_/C1 (sky130_fd_sc_hd__a2111o_1)
     1    0.003939    0.119403    0.753943  300.274170 v _37509_/X (sky130_fd_sc_hd__a2111o_1)
                                                         _13261_ (net)
                      0.119403    0.000057  300.274231 v fanout190/A (sky130_fd_sc_hd__clkbuf_2)
     7    0.036059    0.252796    0.368601  300.642822 v fanout190/X (sky130_fd_sc_hd__clkbuf_2)
                                                         net190 (net)
                      0.252796    0.000625  300.643463 v fanout189/A (sky130_fd_sc_hd__buf_2)
    10    0.036814    0.176425    0.440025  301.083496 v fanout189/X (sky130_fd_sc_hd__buf_2)
                                                         net189 (net)
                      0.176425    0.000142  301.083618 v fanout188/A (sky130_fd_sc_hd__clkbuf_4)
    10    0.037818    0.150195    0.384546  301.468170 v fanout188/X (sky130_fd_sc_hd__clkbuf_4)
                                                         net188 (net)
                      0.150195    0.000426  301.468597 v _37530_/S (sky130_fd_sc_hd__mux2_1)
     3    0.010243    0.180979    0.814424  302.283020 v _37530_/X (sky130_fd_sc_hd__mux2_1)
                                                         _13282_ (net)
                      0.180979    0.000114  302.283142 v _37532_/B (sky130_fd_sc_hd__nand2_1)
     1    0.002356    0.079417    0.145491  302.428619 ^ _37532_/Y (sky130_fd_sc_hd__nand2_1)
                                                         _13284_ (net)
                      0.079417    0.000028  302.428650 ^ _37533_/B (sky130_fd_sc_hd__and2b_1)
     6    0.017283    0.264906    0.379231  302.807892 ^ _37533_/X (sky130_fd_sc_hd__and2b_1)
                                                         _13285_ (net)
                      0.264906    0.000114  302.808014 ^ _37535_/D_N (sky130_fd_sc_hd__or4b_1)
     2    0.008926    0.248644    1.199652  304.007660 v _37535_/X (sky130_fd_sc_hd__or4b_1)
                                                         _13287_ (net)
                      0.248644    0.000142  304.007782 v _37773_/A1 (sky130_fd_sc_hd__o41ai_2)
     2    0.007580    0.507547    0.720803  304.728607 ^ _37773_/Y (sky130_fd_sc_hd__o41ai_2)
                                                         _13525_ (net)
                      0.507547    0.000057  304.728638 ^ max_cap182/A (sky130_fd_sc_hd__clkbuf_1)
     4    0.014669    0.286678    0.448495  305.177155 ^ max_cap182/X (sky130_fd_sc_hd__clkbuf_1)
                                                         net182 (net)
                      0.286678    0.000085  305.177246 ^ _37775_/C1 (sky130_fd_sc_hd__a211o_1)
     1    0.003643    0.081304    0.252527  305.429749 ^ _37775_/X (sky130_fd_sc_hd__a211o_1)
                                                         _13527_ (net)
                      0.081304    0.000028  305.429779 ^ fanout180/A (sky130_fd_sc_hd__buf_2)
     7    0.038192    0.301460    0.368885  305.798676 ^ fanout180/X (sky130_fd_sc_hd__buf_2)
                                                         net180 (net)
                      0.301460    0.000227  305.798889 ^ fanout179/A (sky130_fd_sc_hd__buf_2)
    10    0.040642    0.320159    0.479162  306.278076 ^ fanout179/X (sky130_fd_sc_hd__buf_2)
                                                         net179 (net)
                      0.320164    0.001705  306.279755 ^ _37863_/S (sky130_fd_sc_hd__mux2_1)
     3    0.011550    0.194367    0.891731  307.171509 v _37863_/X (sky130_fd_sc_hd__mux2_1)
                                                         _13615_ (net)
                      0.194367    0.000057  307.171570 v _37865_/B (sky130_fd_sc_hd__xnor2_1)
     4    0.011425    0.231803    0.361496  307.533051 v _37865_/Y (sky130_fd_sc_hd__xnor2_1)
                                                         _13617_ (net)
                      0.231803    0.000057  307.533112 v _37866_/C (sky130_fd_sc_hd__or3_1)
     1    0.002137    0.130533    0.753431  308.286530 v _37866_/X (sky130_fd_sc_hd__or3_1)
                                                         _13618_ (net)
                      0.130533    0.000028  308.286560 v _37867_/D (sky130_fd_sc_hd__or4_1)
     2    0.006824    0.226079    1.054019  309.340576 v _37867_/X (sky130_fd_sc_hd__or4_1)
                                                         _13619_ (net)
                      0.226079    0.000085  309.340668 v _37895_/A (sky130_fd_sc_hd__or3_2)
     3    0.020132    0.261536    1.330818  310.671478 v _37895_/X (sky130_fd_sc_hd__or3_2)
                                                         _13647_ (net)
                      0.261536    0.000227  310.671722 v _37896_/B1 (sky130_fd_sc_hd__a21o_1)
     4    0.017818    0.173550    0.466116  311.137848 v _37896_/X (sky130_fd_sc_hd__a21o_1)
                                                         _13648_ (net)
                      0.173550    0.000597  311.138428 v _37950_/A1 (sky130_fd_sc_hd__a21oi_1)
     3    0.015149    0.545315    0.534925  311.673370 ^ _37950_/Y (sky130_fd_sc_hd__a21oi_1)
                                                         _13702_ (net)
                      0.545315    0.000085  311.673431 ^ fanout175/A (sky130_fd_sc_hd__buf_2)
    10    0.041925    0.330527    0.580002  312.253448 ^ fanout175/X (sky130_fd_sc_hd__buf_2)
                                                         net175 (net)
                      0.330545    0.002728  312.256165 ^ _38045_/A (sky130_fd_sc_hd__or3_2)
     2    0.022910    0.193302    0.417458  312.673615 ^ _38045_/X (sky130_fd_sc_hd__or3_2)
                                                         _13797_ (net)
                      0.193302    0.000341  312.673981 ^ fanout171/A (sky130_fd_sc_hd__clkbuf_4)
    10    0.054757    0.269032    0.451479  313.125458 ^ fanout171/X (sky130_fd_sc_hd__clkbuf_4)
                                                         net171 (net)
                      0.269036    0.001592  313.127045 ^ fanout170/A (sky130_fd_sc_hd__buf_2)
    10    0.044543    0.349048    0.487205  313.614258 ^ fanout170/X (sky130_fd_sc_hd__buf_2)
                                                         net170 (net)
                      0.349048    0.000227  313.614471 ^ _38140_/S (sky130_fd_sc_hd__mux2_1)
     4    0.012858    0.204223    0.914582  314.529053 v _38140_/X (sky130_fd_sc_hd__mux2_1)
                                                         _13892_ (net)
                      0.204223    0.000142  314.529205 v _38142_/B (sky130_fd_sc_hd__xnor2_1)
     3    0.010031    0.205622    0.350042  314.879242 v _38142_/Y (sky130_fd_sc_hd__xnor2_1)
                                                         _13894_ (net)
                      0.205622    0.000057  314.879303 v _38149_/B (sky130_fd_sc_hd__or3b_1)
     2    0.004767    0.160702    0.885393  315.764679 v _38149_/X (sky130_fd_sc_hd__or3b_1)
                                                         _13901_ (net)
                      0.160702    0.000057  315.764740 v _38182_/C (sky130_fd_sc_hd__or4_1)
     2    0.010972    0.279938    1.278579  317.043335 v _38182_/X (sky130_fd_sc_hd__or4_1)
                                                         _13934_ (net)
                      0.279938    0.000114  317.043427 v _38184_/B1 (sky130_fd_sc_hd__a21o_1)
     4    0.022516    0.210054    0.502808  317.546234 v _38184_/X (sky130_fd_sc_hd__a21o_1)
                                                         _13936_ (net)
                      0.210054    0.000654  317.546906 v _38229_/A1 (sky130_fd_sc_hd__a21oi_4)
     9    0.045544    0.538122    0.565819  318.112732 ^ _38229_/Y (sky130_fd_sc_hd__a21oi_4)
                                                         _13981_ (net)
                      0.538122    0.000455  318.113190 ^ _38327_/A (sky130_fd_sc_hd__or3_1)
     3    0.018923    0.283039    0.518554  318.631744 ^ _38327_/X (sky130_fd_sc_hd__or3_1)
                                                         _14079_ (net)
                      0.283039    0.000711  318.632446 ^ fanout167/A (sky130_fd_sc_hd__clkbuf_4)
    10    0.053279    0.262875    0.486892  319.119324 ^ fanout167/X (sky130_fd_sc_hd__clkbuf_4)
                                                         net167 (net)
                      0.262875    0.001080  319.120422 ^ _38444_/S (sky130_fd_sc_hd__mux2_1)
     4    0.015174    0.218530    0.912252  320.032654 v _38444_/X (sky130_fd_sc_hd__mux2_1)
                                                         _14196_ (net)
                      0.218530    0.000171  320.032837 v _38446_/B (sky130_fd_sc_hd__xnor2_1)
     3    0.012858    0.526782    0.525858  320.558685 ^ _38446_/Y (sky130_fd_sc_hd__xnor2_1)
                                                         _14198_ (net)
                      0.526782    0.000171  320.558868 ^ _38469_/A (sky130_fd_sc_hd__nor4_1)
     2    0.005059    0.152039    0.289703  320.848572 v _38469_/Y (sky130_fd_sc_hd__nor4_1)
                                                         _14221_ (net)
                      0.152039    0.000028  320.848602 v _38511_/A1 (sky130_fd_sc_hd__a2111oi_1)
     1    0.006419    0.796286    0.827100  321.675690 ^ _38511_/Y (sky130_fd_sc_hd__a2111oi_1)
                                                         _14263_ (net)
                      0.796286    0.000171  321.675873 ^ wire163/A (sky130_fd_sc_hd__buf_1)
     3    0.009267    0.191821    0.440849  322.116699 ^ wire163/X (sky130_fd_sc_hd__buf_1)
                                                         net163 (net)
                      0.191821    0.000114  322.116821 ^ max_cap162/A (sky130_fd_sc_hd__clkbuf_1)
     2    0.006028    0.133609    0.243801  322.360626 ^ max_cap162/X (sky130_fd_sc_hd__clkbuf_1)
                                                         net162 (net)
                      0.133609    0.000028  322.360657 ^ _38512_/A2 (sky130_fd_sc_hd__a211o_1)
     4    0.027429    0.382006    0.494140  322.854797 ^ _38512_/X (sky130_fd_sc_hd__a211o_1)
                                                         _14264_ (net)
                      0.382007    0.001535  322.856323 ^ _38522_/A1 (sky130_fd_sc_hd__a21oi_2)
     4    0.026247    0.263109    0.348280  323.204620 v _38522_/Y (sky130_fd_sc_hd__a21oi_2)
                                                         _14274_ (net)
                      0.263109    0.000995  323.205597 v _38617_/A (sky130_fd_sc_hd__or4_1)
     2    0.010523    0.271146    1.412872  324.618469 v _38617_/X (sky130_fd_sc_hd__or4_1)
                                                         _14369_ (net)
                      0.271146    0.000057  324.618530 v fanout159/A (sky130_fd_sc_hd__clkbuf_4)
    10    0.047935    0.182705    0.453866  325.072388 v fanout159/X (sky130_fd_sc_hd__clkbuf_4)
                                                         net159 (net)
                      0.182717    0.001648  325.074036 v fanout158/A (sky130_fd_sc_hd__clkbuf_4)
    10    0.044629    0.172119    0.403560  325.477600 v fanout158/X (sky130_fd_sc_hd__clkbuf_4)
                                                         net158 (net)
                      0.172130    0.001535  325.479156 v _38646_/S (sky130_fd_sc_hd__mux2_1)
     4    0.014390    0.212703    0.868113  326.347260 v _38646_/X (sky130_fd_sc_hd__mux2_1)
                                                         _14398_ (net)
                      0.212703    0.000142  326.347412 v _38648_/B (sky130_fd_sc_hd__xnor2_1)
     3    0.010094    0.210056    0.354788  326.702179 v _38648_/Y (sky130_fd_sc_hd__xnor2_1)
                                                         _14400_ (net)
                      0.210056    0.000085  326.702271 v _38664_/A (sky130_fd_sc_hd__or4bb_2)
     2    0.013278    0.278694    1.653035  328.355316 v _38664_/X (sky130_fd_sc_hd__or4bb_2)
                                                         _14416_ (net)
                      0.278694    0.000199  328.355499 v _38688_/A_N (sky130_fd_sc_hd__nand2b_1)
     1    0.009251    0.182259    0.473449  328.828949 v _38688_/Y (sky130_fd_sc_hd__nand2b_1)
                                                         _14440_ (net)
                      0.182259    0.000114  328.829071 v _38696_/A2 (sky130_fd_sc_hd__o221ai_4)
     4    0.037508    0.570395    0.562039  329.391113 ^ _38696_/Y (sky130_fd_sc_hd__o221ai_4)
                                                         _14448_ (net)
                      0.570569    0.001847  329.392944 ^ _38804_/A1 (sky130_fd_sc_hd__a221oi_4)
     4    0.019441    0.210404    0.358483  329.751434 v _38804_/Y (sky130_fd_sc_hd__a221oi_4)
                                                         _14556_ (net)
                      0.210404    0.000227  329.751678 v fanout152/A (sky130_fd_sc_hd__buf_2)
    10    0.037351    0.178557    0.421210  330.172882 v fanout152/X (sky130_fd_sc_hd__buf_2)
                                                         net152 (net)
                      0.178582    0.002132  330.175018 v _38876_/A (sky130_fd_sc_hd__nand2_1)
     2    0.013784    0.217726    0.250452  330.425446 ^ _38876_/Y (sky130_fd_sc_hd__nand2_1)
                                                         _14628_ (net)
                      0.217726    0.000227  330.425690 ^ fanout149/A (sky130_fd_sc_hd__clkbuf_4)
    10    0.051627    0.255236    0.452985  330.878662 ^ fanout149/X (sky130_fd_sc_hd__clkbuf_4)
                                                         net149 (net)
                      0.255238    0.001336  330.880005 ^ _39092_/S (sky130_fd_sc_hd__mux2_2)
     4    0.023947    0.184834    0.873200  331.753204 v _39092_/X (sky130_fd_sc_hd__mux2_2)
                                                         _14844_ (net)
                      0.184834    0.000171  331.753387 v _39095_/B (sky130_fd_sc_hd__xnor2_2)
     4    0.020817    0.467094    0.466969  332.220337 ^ _39095_/Y (sky130_fd_sc_hd__xnor2_2)
                                                         _14847_ (net)
                      0.467094    0.000256  332.220612 ^ _39114_/A (sky130_fd_sc_hd__and4_1)
     2    0.006346    0.148829    0.535294  332.755890 ^ _39114_/X (sky130_fd_sc_hd__and4_1)
                                                         _14866_ (net)
                      0.148829    0.000085  332.755981 ^ _39115_/D_N (sky130_fd_sc_hd__or4b_1)
     1    0.008292    0.249306    1.154831  333.910828 v _39115_/X (sky130_fd_sc_hd__or4b_1)
                                                         _14867_ (net)
                      0.249306    0.000057  333.910858 v _39125_/A2 (sky130_fd_sc_hd__o221ai_4)
     5    0.024374    0.439266    0.490502  334.401367 ^ _39125_/Y (sky130_fd_sc_hd__o221ai_4)
                                                         _14877_ (net)
                      0.439267    0.001421  334.402802 ^ _39155_/A1 (sky130_fd_sc_hd__a211o_1)
     5    0.019232    0.275225    0.530036  334.932831 ^ _39155_/X (sky130_fd_sc_hd__a211o_1)
                                                         _14907_ (net)
                      0.275225    0.000455  334.933289 ^ _39158_/A3 (sky130_fd_sc_hd__a31oi_1)
     2    0.009073    0.261410    0.358995  335.292267 v _39158_/Y (sky130_fd_sc_hd__a31oi_1)
                                                         _14910_ (net)
                      0.261410    0.000171  335.292450 v fanout143/A (sky130_fd_sc_hd__clkbuf_4)
    10    0.068409    0.248138    0.500421  335.792877 v fanout143/X (sky130_fd_sc_hd__clkbuf_4)
                                                         net143 (net)
                      0.248138    0.000114  335.792999 v _39161_/B (sky130_fd_sc_hd__nand2_1)
     2    0.017975    0.278429    0.334836  336.127808 ^ _39161_/Y (sky130_fd_sc_hd__nand2_1)
                                                         _14913_ (net)
                      0.278429    0.000057  336.127869 ^ fanout142/A (sky130_fd_sc_hd__buf_2)
    10    0.042635    0.334844    0.480924  336.608795 ^ fanout142/X (sky130_fd_sc_hd__buf_2)
                                                         net142 (net)
                      0.334847    0.001620  336.610413 ^ _39304_/S (sky130_fd_sc_hd__mux2_2)
     5    0.025389    0.190422    0.902929  337.513336 v _39304_/X (sky130_fd_sc_hd__mux2_2)
                                                         _15056_ (net)
                      0.190422    0.000796  337.514160 v _39307_/B (sky130_fd_sc_hd__xnor2_1)
     2    0.005889    0.150630    0.295159  337.809296 v _39307_/Y (sky130_fd_sc_hd__xnor2_1)
                                                         _15059_ (net)
                      0.150630    0.000028  337.809326 v _39323_/B (sky130_fd_sc_hd__or4_1)
     2    0.009532    0.256519    1.320331  339.129669 v _39323_/X (sky130_fd_sc_hd__or4_1)
                                                         _15075_ (net)
                      0.256519    0.000256  339.129913 v _39324_/D (sky130_fd_sc_hd__or4_1)
     2    0.005571    0.220341    1.074284  340.204193 v _39324_/X (sky130_fd_sc_hd__or4_1)
                                                         _15076_ (net)
                      0.220341    0.000057  340.204254 v _39325_/B (sky130_fd_sc_hd__or2_2)
     3    0.020193    0.195184    0.809507  341.013763 v _39325_/X (sky130_fd_sc_hd__or2_2)
                                                         _15077_ (net)
                      0.195184    0.000114  341.013885 v _39439_/A1 (sky130_fd_sc_hd__o311ai_4)
     4    0.016940    0.492709    0.636646  341.650543 ^ _39439_/Y (sky130_fd_sc_hd__o311ai_4)
                                                         _15191_ (net)
                      0.492709    0.000341  341.650879 ^ _39441_/C (sky130_fd_sc_hd__or3_2)
     5    0.019329    0.167363    0.458414  342.109283 ^ _39441_/X (sky130_fd_sc_hd__or3_2)
                                                         _15193_ (net)
                      0.167363    0.000142  342.109436 ^ fanout138/A (sky130_fd_sc_hd__clkbuf_4)
    10    0.059554    0.290469    0.453468  342.562897 ^ fanout138/X (sky130_fd_sc_hd__clkbuf_4)
                                                         net138 (net)
                      0.290524    0.004036  342.566925 ^ fanout137/A (sky130_fd_sc_hd__clkbuf_4)
    10    0.046089    0.231529    0.467168  343.034088 ^ fanout137/X (sky130_fd_sc_hd__clkbuf_4)
                                                         net137 (net)
                      0.231529    0.000313  343.034424 ^ _39495_/A (sky130_fd_sc_hd__nand2_1)
     2    0.004894    0.116672    0.187697  343.222107 v _39495_/Y (sky130_fd_sc_hd__nand2_1)
                                                         _15247_ (net)
                      0.116672    0.000028  343.222137 v _39497_/C (sky130_fd_sc_hd__and3_1)
     2    0.004900    0.088624    0.403560  343.625702 v _39497_/X (sky130_fd_sc_hd__and3_1)
                                                         _15249_ (net)
                      0.088624    0.000028  343.625732 v _39503_/B (sky130_fd_sc_hd__or4bb_1)
     2    0.004387    0.200092    1.135504  344.761230 v _39503_/X (sky130_fd_sc_hd__or4bb_1)
                                                         _15255_ (net)
                      0.200092    0.000057  344.761292 v _39528_/B (sky130_fd_sc_hd__or4bb_1)
     1    0.002883    0.175630    1.136442  345.897736 v _39528_/X (sky130_fd_sc_hd__or4bb_1)
                                                         _15280_ (net)
                      0.175630    0.000028  345.897766 v _39535_/A2 (sky130_fd_sc_hd__o221a_1)
     1    0.008946    0.149219    0.555815  346.453583 v _39535_/X (sky130_fd_sc_hd__o221a_1)
                                                         _15287_ (net)
                      0.149219    0.000256  346.453827 v _39567_/A1 (sky130_fd_sc_hd__o21ai_2)
     1    0.015910    0.348929    0.404924  346.858765 ^ _39567_/Y (sky130_fd_sc_hd__o21ai_2)
                                                         _15319_ (net)
                      0.348929    0.000682  346.859436 ^ _39592_/B2 (sky130_fd_sc_hd__a221oi_4)
     1    0.021853    0.171626    0.264237  347.123657 v _39592_/Y (sky130_fd_sc_hd__a221oi_4)
                                                         _15344_ (net)
                      0.171627    0.000796  347.124451 v _39654_/B1 (sky130_fd_sc_hd__o22a_1)
     1    0.002064    0.077401    0.369710  347.494171 v _39654_/X (sky130_fd_sc_hd__o22a_1)
                                                         _01686_ (net)
                      0.077401    0.000028  347.494202 v _45825_/D (sky130_fd_sc_hd__dfxtp_1)
                                            347.494202   data arrival time

                               1000.000000 1000.000000   clock clk (rise edge)
                                  0.000000 1000.000000   clock source latency
     2    0.107784    0.776196    0.548653 1000.548706 ^ clk (in)
                                                         clk (net)
                      0.777338    0.000000 1000.548706 ^ clkbuf_0_clk/A (sky130_fd_sc_hd__clkbuf_16)
     4    0.160197    0.265990    0.655746 1001.204407 ^ clkbuf_0_clk/X (sky130_fd_sc_hd__clkbuf_16)
                                                         clknet_0_clk (net)
                      0.265990    0.000796 1001.205200 ^ clkbuf_2_2_0_clk/A (sky130_fd_sc_hd__clkbuf_8)
     8    0.185524    0.488821    0.632440 1001.837646 ^ clkbuf_2_2_0_clk/X (sky130_fd_sc_hd__clkbuf_8)
                                                         clknet_2_2_0_clk (net)
                      0.488821    0.001478 1001.839111 ^ clkbuf_5_17__f_clk/A (sky130_fd_sc_hd__clkbuf_16)
     7    0.063555    0.129210    0.455316 1002.294434 ^ clkbuf_5_17__f_clk/X (sky130_fd_sc_hd__clkbuf_16)
                                                         clknet_5_17__leaf_clk (net)
                      0.129219    0.001137 1002.295593 ^ clkbuf_leaf_14_clk/A (sky130_fd_sc_hd__clkbuf_8)
    15    0.041167    0.132519    0.306954 1002.602539 ^ clkbuf_leaf_14_clk/X (sky130_fd_sc_hd__clkbuf_8)
                                                         clknet_leaf_14_clk (net)
                      0.132519    0.000227 1002.602783 ^ _45825_/CLK (sky130_fd_sc_hd__dfxtp_1)
                                 -0.250000 1002.352783   clock uncertainty
                                  0.000000 1002.352783   clock reconvergence pessimism
                                 -0.255212 1002.097534   library setup time
                                           1002.097534   data required time
---------------------------------------------------------------------------------------------
                                           1002.097534   data required time
                                           -347.494202   data arrival time
---------------------------------------------------------------------------------------------
                                            654.603394   slack (MET)




===========================================================================
report_checks --slack_max -0.01
============================================================================
======================= min_ss_100C_1v60 Corner ===================================

No paths found.


===========================================================================
 report_check_types -max_slew -max_cap -max_fanout -violators
============================================================================
======================= min_ss_100C_1v60 Corner ===================================

max slew

Pin                                        Limit        Slew       Slack
------------------------------------------------------------------------
ANTENNA_55/DIODE                        0.750000    1.542049   -0.792049 (VIOLATED)
fanout722/A                             0.750000    1.542049   -0.792049 (VIOLATED)
_42277_/Y                               0.750000    1.542039   -0.792039 (VIOLATED)
fanout721/A                             0.750000    1.542039   -0.792039 (VIOLATED)
max_cap725/A                            0.750000    1.542039   -0.792039 (VIOLATED)
ANTENNA_13/DIODE                        0.750000    1.519360   -0.769360 (VIOLATED)
fanout864/A                             0.750000    1.519360   -0.769360 (VIOLATED)
ANTENNA_14/DIODE                        0.750000    1.519286   -0.769286 (VIOLATED)
fanout866/A                             0.750000    1.519286   -0.769286 (VIOLATED)
fanout865/A                             0.750000    1.519271   -0.769271 (VIOLATED)
_26421_/Y                               0.750000    1.519216   -0.769216 (VIOLATED)
fanout863/A                             0.750000    1.519216   -0.769216 (VIOLATED)
fanout707/A                             0.750000    1.489410   -0.739410 (VIOLATED)
_26568_/C1                              0.750000    1.489399   -0.739399 (VIOLATED)
_26520_/C1                              0.750000    1.489389   -0.739389 (VIOLATED)
ANTENNA_19/DIODE                        0.750000    1.489376   -0.739376 (VIOLATED)
ANTENNA_18/DIODE                        0.750000    1.489374   -0.739374 (VIOLATED)
ANTENNA_20/DIODE                        0.750000    1.489374   -0.739374 (VIOLATED)
fanout706/A                             0.750000    1.489374   -0.739374 (VIOLATED)
ANTENNA_338/DIODE                       0.750000    1.489364   -0.739364 (VIOLATED)
fanout708/A                             0.750000    1.489363   -0.739363 (VIOLATED)
_26506_/Y                               0.750000    1.489360   -0.739361 (VIOLATED)
fanout947/A                             0.750000    1.443918   -0.693918 (VIOLATED)
ANTENNA_16/DIODE                        0.750000    1.443889   -0.693889 (VIOLATED)
fanout949/A                             0.750000    1.443889   -0.693889 (VIOLATED)
fanout948/A                             0.750000    1.443802   -0.693802 (VIOLATED)
fanout946/A                             0.750000    1.443658   -0.693658 (VIOLATED)
_26450_/Y                               0.750000    1.443654   -0.693654 (VIOLATED)
fanout577/A                             0.750000    1.430790   -0.680790 (VIOLATED)
ANTENNA_76/DIODE                        0.750000    1.430623   -0.680623 (VIOLATED)
fanout576/A                             0.750000    1.430623   -0.680623 (VIOLATED)
ANTENNA_74/DIODE                        0.750000    1.430589   -0.680589 (VIOLATED)
ANTENNA_75/DIODE                        0.750000    1.430590   -0.680590 (VIOLATED)
fanout574/A                             0.750000    1.430589   -0.680589 (VIOLATED)
fanout575/A                             0.750000    1.430590   -0.680590 (VIOLATED)
_42675_/Y                               0.750000    1.430570   -0.680570 (VIOLATED)
ANTENNA_70/DIODE                        0.750000    1.417000   -0.667000 (VIOLATED)
fanout670/A                             0.750000    1.417000   -0.667000 (VIOLATED)
_42477_/Y                               0.750000    1.416977   -0.666977 (VIOLATED)
fanout668/A                             0.750000    1.416977   -0.666977 (VIOLATED)
max_cap672/A                            0.750000    1.416977   -0.666977 (VIOLATED)
ANTENNA_67/DIODE                        0.750000    1.390650   -0.640650 (VIOLATED)
fanout593/A                             0.750000    1.390650   -0.640650 (VIOLATED)
ANTENNA_345/DIODE                       0.750000    1.390637   -0.640637 (VIOLATED)
ANTENNA_346/DIODE                       0.750000    1.390637   -0.640637 (VIOLATED)
ANTENNA_347/DIODE                       0.750000    1.390637   -0.640637 (VIOLATED)
fanout592/A                             0.750000    1.390637   -0.640637 (VIOLATED)
ANTENNA_66/DIODE                        0.750000    1.390620   -0.640620 (VIOLATED)
fanout591/A                             0.750000    1.390620   -0.640620 (VIOLATED)
ANTENNA_65/DIODE                        0.750000    1.390617   -0.640617 (VIOLATED)
fanout590/A                             0.750000    1.390617   -0.640618 (VIOLATED)
_42475_/Y                               0.750000    1.390615   -0.640615 (VIOLATED)
ANTENNA_337/DIODE                       0.750000    1.360340   -0.610340 (VIOLATED)
fanout857/A                             0.750000    1.360340   -0.610340 (VIOLATED)
fanout858/A                             0.750000    1.360206   -0.610206 (VIOLATED)
ANTENNA_15/DIODE                        0.750000    1.360205   -0.610205 (VIOLATED)
fanout856/A                             0.750000    1.360155   -0.610155 (VIOLATED)
fanout855/A                             0.750000    1.360075   -0.610075 (VIOLATED)
_26441_/Y                               0.750000    1.360074   -0.610074 (VIOLATED)
fanout611/A                             0.750000    1.329223   -0.579223 (VIOLATED)
fanout613/A                             0.750000    1.329208   -0.579208 (VIOLATED)
ANTENNA_54/DIODE                        0.750000    1.328968   -0.578968 (VIOLATED)
fanout612/A                             0.750000    1.328968   -0.578968 (VIOLATED)
_42275_/Y                               0.750000    1.328940   -0.578940 (VIOLATED)
fanout610/A                             0.750000    1.328940   -0.578940 (VIOLATED)
ANTENNA_357/DIODE                       0.750000    1.304037   -0.554037 (VIOLATED)
fanout967/A                             0.750000    1.304037   -0.554037 (VIOLATED)
ANTENNA_420/DIODE                       0.750000    1.304027   -0.554027 (VIOLATED)
fanout965/A                             0.750000    1.304027   -0.554027 (VIOLATED)
ANTENNA_419/DIODE                       0.750000    1.304025   -0.554025 (VIOLATED)
fanout966/A                             0.750000    1.303932   -0.553932 (VIOLATED)
_25944_/Y                               0.750000    1.303929   -0.553929 (VIOLATED)
fanout964/A                             0.750000    1.303929   -0.553929 (VIOLATED)
fanout628/A                             0.750000    1.302639   -0.552639 (VIOLATED)
ANTENNA_26/DIODE                        0.750000    1.302627   -0.552627 (VIOLATED)
ANTENNA_27/DIODE                        0.750000    1.302627   -0.552627 (VIOLATED)
ANTENNA_28/DIODE                        0.750000    1.302627   -0.552627 (VIOLATED)
fanout629/A                             0.750000    1.302627   -0.552627 (VIOLATED)
fanout627/A                             0.750000    1.302621   -0.552621 (VIOLATED)
fanout626/A                             0.750000    1.302524   -0.552524 (VIOLATED)
_27769_/Y                               0.750000    1.302522   -0.552522 (VIOLATED)
ANTENNA_335/DIODE                       0.750000    1.272220   -0.522220 (VIOLATED)
fanout872/A                             0.750000    1.272220   -0.522220 (VIOLATED)
fanout874/A                             0.750000    1.272076   -0.522076 (VIOLATED)
fanout873/A                             0.750000    1.271922   -0.521922 (VIOLATED)
_26398_/Y                               0.750000    1.271870   -0.521870 (VIOLATED)
fanout871/A                             0.750000    1.271870   -0.521870 (VIOLATED)
_34941_/Y                               0.750000    1.238953   -0.488954 (VIOLATED)
wire257/A                               0.750000    1.238953   -0.488954 (VIOLATED)
ANTENNA_139/DIODE                       0.750000    1.227317   -0.477317 (VIOLATED)
fanout1861/A                            0.750000    1.227318   -0.477318 (VIOLATED)
_26145_/A0                              0.750000    1.226703   -0.476703 (VIOLATED)
_44878_/Q                               0.750000    1.226703   -0.476703 (VIOLATED)
ANTENNA_135/DIODE                       0.750000    1.195866   -0.445866 (VIOLATED)
ANTENNA_136/DIODE                       0.750000    1.195866   -0.445866 (VIOLATED)
_26107_/A0                              0.750000    1.195866   -0.445866 (VIOLATED)
_44859_/Q                               0.750000    1.195866   -0.445866 (VIOLATED)
fanout1898/A                            0.750000    1.195866   -0.445866 (VIOLATED)
fanout1899/A                            0.750000    1.195866   -0.445866 (VIOLATED)
ANTENNA_73/DIODE                        0.750000    1.191801   -0.441801 (VIOLATED)
fanout790/A                             0.750000    1.191801   -0.441801 (VIOLATED)
ANTENNA_71/DIODE                        0.750000    1.191800   -0.441800 (VIOLATED)
ANTENNA_72/DIODE                        0.750000    1.191800   -0.441800 (VIOLATED)
ANTENNA_349/DIODE                       0.750000    1.191792   -0.441792 (VIOLATED)
fanout791/A                             0.750000    1.191792   -0.441792 (VIOLATED)
fanout789/A                             0.750000    1.191728   -0.441728 (VIOLATED)
ANTENNA_348/DIODE                       0.750000    1.191727   -0.441727 (VIOLATED)
fanout788/A                             0.750000    1.191727   -0.441727 (VIOLATED)
_42479_/X                               0.750000    1.191725   -0.441725 (VIOLATED)
_37199_/Y                               0.750000    1.162989   -0.412989 (VIOLATED)
_37479_/B                               0.750000    1.162989   -0.412989 (VIOLATED)
_37480_/B                               0.750000    1.162989   -0.412989 (VIOLATED)
_37487_/A2                              0.750000    1.162989   -0.412989 (VIOLATED)
max_cap201/A                            0.750000    1.162989   -0.412989 (VIOLATED)
_26568_/A2                              0.750000    1.157653   -0.407653 (VIOLATED)
_26520_/A2                              0.750000    1.157651   -0.407651 (VIOLATED)
fanout763/A                             0.750000    1.157648   -0.407648 (VIOLATED)
fanout764/A                             0.750000    1.157646   -0.407646 (VIOLATED)
ANTENNA_339/DIODE                       0.750000    1.157634   -0.407634 (VIOLATED)
_26508_/Y                               0.750000    1.157634   -0.407634 (VIOLATED)
fanout765/A                             0.750000    1.157634   -0.407634 (VIOLATED)
ANTENNA_17/DIODE                        0.750000    1.144351   -0.394351 (VIOLATED)
fanout854/A                             0.750000    1.144351   -0.394352 (VIOLATED)
ANTENNA_415/DIODE                       0.750000    1.144311   -0.394311 (VIOLATED)
fanout853/A                             0.750000    1.144311   -0.394311 (VIOLATED)
fanout851/A                             0.750000    1.144252   -0.394252 (VIOLATED)
_26453_/Y                               0.750000    1.144245   -0.394245 (VIOLATED)
fanout852/A                             0.750000    1.144245   -0.394245 (VIOLATED)
fanout1877/A                            0.750000    1.129741   -0.379741 (VIOLATED)
_26129_/A0                              0.750000    1.129203   -0.379203 (VIOLATED)
_44870_/Q                               0.750000    1.129203   -0.379203 (VIOLATED)
ANTENNA_80/DIODE                        0.750000    1.127899   -0.377899 (VIOLATED)
fanout569/A                             0.750000    1.127900   -0.377900 (VIOLATED)
fanout567/A                             0.750000    1.127883   -0.377883 (VIOLATED)
fanout566/A                             0.750000    1.127880   -0.377880 (VIOLATED)
fanout568/A                             0.750000    1.127874   -0.377874 (VIOLATED)
_42775_/Y                               0.750000    1.127871   -0.377871 (VIOLATED)
ANTENNA_11/DIODE                        0.750000    1.122326   -0.372326 (VIOLATED)
fanout870/A                             0.750000    1.122326   -0.372326 (VIOLATED)
ANTENNA_12/DIODE                        0.750000    1.122325   -0.372325 (VIOLATED)
fanout868/A                             0.750000    1.122300   -0.372300 (VIOLATED)
ANTENNA_8/DIODE                         0.750000    1.122298   -0.372298 (VIOLATED)
ANTENNA_9/DIODE                         0.750000    1.122298   -0.372298 (VIOLATED)
ANTENNA_10/DIODE                        0.750000    1.122206   -0.372206 (VIOLATED)
fanout869/A                             0.750000    1.122206   -0.372206 (VIOLATED)
_26413_/Y                               0.750000    1.122202   -0.372202 (VIOLATED)
fanout867/A                             0.750000    1.122202   -0.372202 (VIOLATED)
fanout1875/A                            0.750000    1.107303   -0.357303 (VIOLATED)
_26131_/A0                              0.750000    1.106753   -0.356754 (VIOLATED)
_44871_/Q                               0.750000    1.106753   -0.356754 (VIOLATED)
ANTENNA_341/DIODE                       0.750000    1.103671   -0.353671 (VIOLATED)
fanout620/A                             0.750000    1.103671   -0.353671 (VIOLATED)
ANTENNA_51/DIODE                        0.750000    1.103670   -0.353670 (VIOLATED)
fanout621/A                             0.750000    1.103670   -0.353670 (VIOLATED)
fanout619/A                             0.750000    1.103668   -0.353668 (VIOLATED)
fanout618/A                             0.750000    1.103666   -0.353666 (VIOLATED)
_42136_/Y                               0.750000    1.103664   -0.353664 (VIOLATED)
ANTENNA_84/DIODE                        0.750000    1.076059   -0.326059 (VIOLATED)
fanout877/A                             0.750000    1.076059   -0.326059 (VIOLATED)
ANTENNA_85/DIODE                        0.750000    1.076011   -0.326011 (VIOLATED)
fanout878/A                             0.750000    1.076011   -0.326011 (VIOLATED)
fanout879/A                             0.750000    1.076011   -0.326011 (VIOLATED)
_25824_/Y                               0.750000    1.076010   -0.326010 (VIOLATED)
fanout876/A                             0.750000    1.076010   -0.326010 (VIOLATED)
ANTENNA_58/DIODE                        0.750000    1.060731   -0.310731 (VIOLATED)
fanout604/A                             0.750000    1.060731   -0.310731 (VIOLATED)
ANTENNA_59/DIODE                        0.750000    1.060722   -0.310722 (VIOLATED)
fanout605/A                             0.750000    1.060722   -0.310722 (VIOLATED)
fanout603/A                             0.750000    1.060716   -0.310716 (VIOLATED)
fanout602/A                             0.750000    1.060715   -0.310715 (VIOLATED)
_42375_/Y                               0.750000    1.060709   -0.310709 (VIOLATED)
_39933_/Y                               0.750000    1.044975   -0.294975 (VIOLATED)
_39934_/B                               0.750000    1.044975   -0.294975 (VIOLATED)
_39956_/B                               0.750000    1.044975   -0.294975 (VIOLATED)
wire475/A                               0.750000    1.044975   -0.294975 (VIOLATED)
fanout1881/A                            0.750000    1.040144   -0.290144 (VIOLATED)
_26125_/A0                              0.750000    1.040124   -0.290124 (VIOLATED)
_44868_/Q                               0.750000    1.040124   -0.290124 (VIOLATED)
fanout862/A                             0.750000    1.026235   -0.276235 (VIOLATED)
fanout860/A                             0.750000    1.026233   -0.276233 (VIOLATED)
fanout861/A                             0.750000    1.026231   -0.276231 (VIOLATED)
_26430_/Y                               0.750000    1.026228   -0.276228 (VIOLATED)
fanout859/A                             0.750000    1.026228   -0.276228 (VIOLATED)
_30155_/Y                               0.750000    1.020190   -0.270190 (VIOLATED)
_30193_/A                               0.750000    1.020190   -0.270190 (VIOLATED)
_30194_/A                               0.750000    1.020190   -0.270190 (VIOLATED)
_30196_/A1                              0.750000    1.020190   -0.270190 (VIOLATED)
max_cap356/A                            0.750000    1.020190   -0.270190 (VIOLATED)
_36555_/Y                               0.750000    1.013445   -0.263445 (VIOLATED)
wire223/A                               0.750000    1.013445   -0.263445 (VIOLATED)
fanout814/A                             0.750000    0.993318   -0.243318 (VIOLATED)
ANTENNA_24/DIODE                        0.750000    0.993315   -0.243315 (VIOLATED)
fanout815/A                             0.750000    0.993315   -0.243315 (VIOLATED)
ANTENNA_23/DIODE                        0.750000    0.993306   -0.243306 (VIOLATED)
fanout813/A                             0.750000    0.993306   -0.243306 (VIOLATED)
ANTENNA_22/DIODE                        0.750000    0.993305   -0.243305 (VIOLATED)
_27212_/Y                               0.750000    0.993296   -0.243296 (VIOLATED)
fanout812/A                             0.750000    0.993296   -0.243296 (VIOLATED)
ANTENNA_137/DIODE                       0.750000    0.990994   -0.240994 (VIOLATED)
ANTENNA_138/DIODE                       0.750000    0.990994   -0.240994 (VIOLATED)
fanout1885/A                            0.750000    0.990994   -0.240994 (VIOLATED)
_26121_/A0                              0.750000    0.990969   -0.240969 (VIOLATED)
_44866_/Q                               0.750000    0.990969   -0.240969 (VIOLATED)
fanout737/A                             0.750000    0.979059   -0.229059 (VIOLATED)
_27771_/Y                               0.750000    0.979013   -0.229013 (VIOLATED)
fanout736/A                             0.750000    0.979013   -0.229013 (VIOLATED)
max_cap740/A                            0.750000    0.979013   -0.229013 (VIOLATED)
fanout1851/A                            0.750000    0.971982   -0.221982 (VIOLATED)
_26155_/A0                              0.750000    0.971961   -0.221961 (VIOLATED)
_44883_/Q                               0.750000    0.971961   -0.221961 (VIOLATED)
fanout952/A                             0.750000    0.967638   -0.217638 (VIOLATED)
fanout953/A                             0.750000    0.967635   -0.217635 (VIOLATED)
ANTENNA_336/DIODE                       0.750000    0.967634   -0.217634 (VIOLATED)
fanout951/A                             0.750000    0.967572   -0.217572 (VIOLATED)
ANTENNA_414/DIODE                       0.750000    0.967571   -0.217571 (VIOLATED)
ANTENNA_413/DIODE                       0.750000    0.967565   -0.217565 (VIOLATED)
fanout950/A                             0.750000    0.967565   -0.217565 (VIOLATED)
_26435_/Y                               0.750000    0.967556   -0.217556 (VIOLATED)
_26869_/C1                              0.750000    0.947086   -0.197086 (VIOLATED)
_26866_/C1                              0.750000    0.947083   -0.197083 (VIOLATED)
fanout752/A                             0.750000    0.947070   -0.197070 (VIOLATED)
fanout753/A                             0.750000    0.947031   -0.197031 (VIOLATED)
_26825_/Y                               0.750000    0.946883   -0.196883 (VIOLATED)
fanout754/A                             0.750000    0.946883   -0.196883 (VIOLATED)
_34119_/Y                               0.750000    0.934203   -0.184203 (VIOLATED)
_34220_/C1                              0.750000    0.934203   -0.184203 (VIOLATED)
_34226_/B1                              0.750000    0.934203   -0.184203 (VIOLATED)
_34290_/A2                              0.750000    0.934203   -0.184203 (VIOLATED)
wire273/A                               0.750000    0.934203   -0.184203 (VIOLATED)
fanout584/A                             0.750000    0.913826   -0.163826 (VIOLATED)
_42661_/C1                              0.750000    0.913728   -0.163728 (VIOLATED)
_42664_/C1                              0.750000    0.913727   -0.163727 (VIOLATED)
_42655_/C1                              0.750000    0.913726   -0.163726 (VIOLATED)
fanout582/A                             0.750000    0.913709   -0.163709 (VIOLATED)
fanout585/X                             0.750000    0.913709   -0.163709 (VIOLATED)
_38335_/Y                               0.750000    0.912455   -0.162455 (VIOLATED)
_38336_/A2                              0.750000    0.912455   -0.162455 (VIOLATED)
max_cap165/A                            0.750000    0.912455   -0.162455 (VIOLATED)
_39459_/B                               0.750000    0.899005   -0.149005 (VIOLATED)
_36408_/A                               0.750000    0.899005   -0.149005 (VIOLATED)
_37613_/B                               0.750000    0.898997   -0.148997 (VIOLATED)
_31438_/D_N                             0.750000    0.898994   -0.148994 (VIOLATED)
_31436_/Y                               0.750000    0.898992   -0.148992 (VIOLATED)
fanout1081/A                            0.750000    0.874239   -0.124239 (VIOLATED)
fanout1085/A                            0.750000    0.874224   -0.124224 (VIOLATED)
_26368_/X                               0.750000    0.873912   -0.123912 (VIOLATED)
fanout1076/A                            0.750000    0.873912   -0.123912 (VIOLATED)
_37368_/D                               0.750000    0.870473   -0.120473 (VIOLATED)
_37397_/A3                              0.750000    0.870473   -0.120473 (VIOLATED)
_37406_/A3                              0.750000    0.870472   -0.120473 (VIOLATED)
_37390_/A3                              0.750000    0.870471   -0.120471 (VIOLATED)
_37355_/A3                              0.750000    0.870471   -0.120471 (VIOLATED)
_37331_/D                               0.750000    0.870470   -0.120470 (VIOLATED)
_37233_/C                               0.750000    0.870470   -0.120470 (VIOLATED)
_37231_/Y                               0.750000    0.870466   -0.120466 (VIOLATED)
_38576_/Y                               0.750000    0.868659   -0.118660 (VIOLATED)
_38577_/C                               0.750000    0.868659   -0.118660 (VIOLATED)
_26151_/A0                              0.750000    0.868226   -0.118226 (VIOLATED)
_44881_/Q                               0.750000    0.868226   -0.118226 (VIOLATED)
fanout1855/A                            0.750000    0.868226   -0.118226 (VIOLATED)
_39459_/Y                               0.750000    0.856736   -0.106736 (VIOLATED)
_39460_/A0                              0.750000    0.856736   -0.106736 (VIOLATED)
_26927_/Y                               0.750000    0.851544   -0.101544 (VIOLATED)
fanout748/A                             0.750000    0.851544   -0.101544 (VIOLATED)
_37693_/Y                               0.750000    0.843860   -0.093860 (VIOLATED)
_37715_/D                               0.750000    0.843860   -0.093860 (VIOLATED)
_37720_/A3                              0.750000    0.843860   -0.093860 (VIOLATED)
_37731_/B1_N                            0.750000    0.843860   -0.093860 (VIOLATED)
max_cap185/A                            0.750000    0.843860   -0.093860 (VIOLATED)
_37182_/Y                               0.750000    0.841673   -0.091673 (VIOLATED)
_37191_/A                               0.750000    0.841673   -0.091673 (VIOLATED)
_37457_/A                               0.750000    0.841673   -0.091673 (VIOLATED)
max_cap204/A                            0.750000    0.841673   -0.091673 (VIOLATED)
fanout1812/A                            0.750000    0.834285   -0.084285 (VIOLATED)
fanout1813/A                            0.750000    0.834283   -0.084283 (VIOLATED)
_26193_/A0                              0.750000    0.834205   -0.084205 (VIOLATED)
_44902_/Q                               0.750000    0.834205   -0.084205 (VIOLATED)
_31581_/A                               0.750000    0.820717   -0.070717 (VIOLATED)
_31583_/A1                              0.750000    0.820717   -0.070717 (VIOLATED)
_31584_/B                               0.750000    0.820717   -0.070717 (VIOLATED)
_31578_/Y                               0.750000    0.820706   -0.070706 (VIOLATED)
_37160_/Y                               0.750000    0.808747   -0.058747 (VIOLATED)
_37161_/C                               0.750000    0.808747   -0.058747 (VIOLATED)
_37162_/D                               0.750000    0.808747   -0.058747 (VIOLATED)
max_cap206/A                            0.750000    0.808747   -0.058747 (VIOLATED)
_36339_/Y                               0.750000    0.806708   -0.056708 (VIOLATED)
_36410_/A                               0.750000    0.806708   -0.056708 (VIOLATED)
_36479_/A1                              0.750000    0.806708   -0.056708 (VIOLATED)
_36480_/A1                              0.750000    0.806708   -0.056708 (VIOLATED)
wire228/A                               0.750000    0.806708   -0.056708 (VIOLATED)
fanout1491/A                            0.750000    0.802375   -0.052375 (VIOLATED)
ANTENNA_100/DIODE                       0.750000    0.802375   -0.052375 (VIOLATED)
_45799_/Q                               0.750000    0.802357   -0.052357 (VIOLATED)
fanout1485/A                            0.750000    0.802357   -0.052357 (VIOLATED)
fanout1035/A                            0.750000    0.801913   -0.051913 (VIOLATED)
ANTENNA_222/DIODE                       0.750000    0.801913   -0.051913 (VIOLATED)
ANTENNA_221/DIODE                       0.750000    0.801913   -0.051913 (VIOLATED)
fanout1036/A                            0.750000    0.801904   -0.051904 (VIOLATED)
ANTENNA_223/DIODE                       0.750000    0.801904   -0.051904 (VIOLATED)
fanout1034/A                            0.750000    0.801894   -0.051894 (VIOLATED)
ANTENNA_219/DIODE                       0.750000    0.801893   -0.051893 (VIOLATED)
ANTENNA_220/DIODE                       0.750000    0.801890   -0.051890 (VIOLATED)
fanout1033/A                            0.750000    0.801875   -0.051875 (VIOLATED)
ANTENNA_218/DIODE                       0.750000    0.801875   -0.051875 (VIOLATED)
ANTENNA_217/DIODE                       0.750000    0.801874   -0.051874 (VIOLATED)
_40938_/B                               0.750000    0.801725   -0.051725 (VIOLATED)
_41622_/B1                              0.750000    0.801725   -0.051725 (VIOLATED)
_40937_/B                               0.750000    0.801725   -0.051725 (VIOLATED)
_41639_/A3                              0.750000    0.801725   -0.051725 (VIOLATED)
_40936_/Y                               0.750000    0.801721   -0.051721 (VIOLATED)
fanout1032/A                            0.750000    0.801648   -0.051648 (VIOLATED)
fanout1037/X                            0.750000    0.801647   -0.051647 (VIOLATED)
_38511_/Y                               0.750000    0.796286   -0.046286 (VIOLATED)
wire163/A                               0.750000    0.796286   -0.046286 (VIOLATED)
_39826_/Y                               0.750000    0.794667   -0.044667 (VIOLATED)
_39828_/C                               0.750000    0.794667   -0.044667 (VIOLATED)
_39879_/B                               0.750000    0.794667   -0.044667 (VIOLATED)
_35761_/Y                               0.750000    0.791071   -0.041071 (VIOLATED)
_35762_/A2                              0.750000    0.791071   -0.041071 (VIOLATED)
_35763_/A2                              0.750000    0.791071   -0.041071 (VIOLATED)
_35775_/B                               0.750000    0.791071   -0.041071 (VIOLATED)
max_cap244/A                            0.750000    0.791071   -0.041071 (VIOLATED)
clkbuf_0_clk/A                          0.750000    0.777338   -0.027338 (VIOLATED)
ANTENNA_362/DIODE                       0.750000    0.777337   -0.027337 (VIOLATED)
clk                                     0.750000    0.776196   -0.026196 (VIOLATED)
_35669_/Y                               0.750000    0.763521   -0.013522 (VIOLATED)
_35683_/A                               0.750000    0.763521   -0.013522 (VIOLATED)
_35911_/A                               0.750000    0.763521   -0.013522 (VIOLATED)
_35920_/B1                              0.750000    0.763521   -0.013522 (VIOLATED)
fanout1859/A                            0.750000    0.763487   -0.013487 (VIOLATED)
ANTENNA_140/DIODE                       0.750000    0.763487   -0.013487 (VIOLATED)
fanout1858/A                            0.750000    0.763486   -0.013486 (VIOLATED)
_26147_/A0                              0.750000    0.763440   -0.013440 (VIOLATED)
_44879_/Q                               0.750000    0.763440   -0.013440 (VIOLATED)
_27369_/Y                               0.750000    0.759112   -0.009112 (VIOLATED)
_27370_/A1                              0.750000    0.759112   -0.009112 (VIOLATED)
_27439_/B2                              0.750000    0.759112   -0.009112 (VIOLATED)
_27487_/B1                              0.750000    0.759112   -0.009112 (VIOLATED)
fanout1844/A                            0.750000    0.757602   -0.007602 (VIOLATED)
fanout1845/A                            0.750000    0.757601   -0.007602 (VIOLATED)
_26161_/A0                              0.750000    0.757548   -0.007548 (VIOLATED)
_44886_/Q                               0.750000    0.757548   -0.007548 (VIOLATED)
_37317_/Y                               0.750000    0.755583   -0.005583 (VIOLATED)
_37319_/B1                              0.750000    0.755583   -0.005583 (VIOLATED)
_42661_/A2                              0.750000    0.753889   -0.003889 (VIOLATED)
_42664_/A2                              0.750000    0.753888   -0.003888 (VIOLATED)
_42655_/A2                              0.750000    0.753887   -0.003887 (VIOLATED)
fanout666/A                             0.750000    0.753878   -0.003878 (VIOLATED)
fanout664/A                             0.750000    0.753654   -0.003654 (VIOLATED)
fanout667/X                             0.750000    0.753654   -0.003654 (VIOLATED)

max fanout

Pin                                   Limit Fanout  Slack
---------------------------------------------------------
clkbuf_leaf_217_clk/X                    10     23    -13 (VIOLATED)
clkbuf_leaf_227_clk/X                    10     23    -13 (VIOLATED)
clkbuf_leaf_223_clk/X                    10     22    -12 (VIOLATED)
clkbuf_leaf_234_clk/X                    10     22    -12 (VIOLATED)
clkbuf_leaf_180_clk/X                    10     21    -11 (VIOLATED)
clkbuf_leaf_181_clk/X                    10     21    -11 (VIOLATED)
clkbuf_leaf_188_clk/X                    10     21    -11 (VIOLATED)
clkbuf_leaf_200_clk/X                    10     21    -11 (VIOLATED)
clkbuf_leaf_177_clk/X                    10     20    -10 (VIOLATED)
clkbuf_leaf_184_clk/X                    10     20    -10 (VIOLATED)
clkbuf_leaf_201_clk/X                    10     20    -10 (VIOLATED)
clkbuf_leaf_230_clk/X                    10     20    -10 (VIOLATED)
clkbuf_leaf_173_clk/X                    10     18     -8 (VIOLATED)
clkbuf_leaf_179_clk/X                    10     18     -8 (VIOLATED)
clkbuf_leaf_183_clk/X                    10     18     -8 (VIOLATED)
clkbuf_leaf_186_clk/X                    10     18     -8 (VIOLATED)
clkbuf_leaf_189_clk/X                    10     18     -8 (VIOLATED)
clkbuf_leaf_203_clk/X                    10     18     -8 (VIOLATED)
clkbuf_leaf_218_clk/X                    10     18     -8 (VIOLATED)
clkbuf_leaf_233_clk/X                    10     18     -8 (VIOLATED)
clkbuf_leaf_205_clk/X                    10     17     -7 (VIOLATED)
clkbuf_leaf_21_clk/X                     10     17     -7 (VIOLATED)
clkbuf_leaf_88_clk/X                     10     17     -7 (VIOLATED)
clkbuf_5_0__f_clk/X                      10     16     -6 (VIOLATED)
clkbuf_leaf_206_clk/X                    10     16     -6 (VIOLATED)
clkbuf_leaf_229_clk/X                    10     16     -6 (VIOLATED)
clkbuf_leaf_241_clk/X                    10     16     -6 (VIOLATED)
clkbuf_leaf_244_clk/X                    10     16     -6 (VIOLATED)
clkbuf_leaf_14_clk/X                     10     15     -5 (VIOLATED)
clkbuf_leaf_187_clk/X                    10     15     -5 (VIOLATED)
clkbuf_leaf_18_clk/X                     10     15     -5 (VIOLATED)
clkbuf_leaf_192_clk/X                    10     15     -5 (VIOLATED)
clkbuf_leaf_232_clk/X                    10     15     -5 (VIOLATED)
clkbuf_leaf_23_clk/X                     10     15     -5 (VIOLATED)
clkbuf_leaf_245_clk/X                    10     15     -5 (VIOLATED)
clkbuf_leaf_24_clk/X                     10     15     -5 (VIOLATED)
clkbuf_leaf_4_clk/X                      10     15     -5 (VIOLATED)
clkbuf_leaf_93_clk/X                     10     15     -5 (VIOLATED)
clkbuf_leaf_99_clk/X                     10     15     -5 (VIOLATED)
fanout769/X                              10     15     -5 (VIOLATED)
clkbuf_leaf_110_clk/X                    10     14     -4 (VIOLATED)
clkbuf_leaf_172_clk/X                    10     14     -4 (VIOLATED)
clkbuf_leaf_17_clk/X                     10     14     -4 (VIOLATED)
clkbuf_leaf_191_clk/X                    10     14     -4 (VIOLATED)
clkbuf_leaf_197_clk/X                    10     14     -4 (VIOLATED)
clkbuf_leaf_202_clk/X                    10     14     -4 (VIOLATED)
clkbuf_leaf_207_clk/X                    10     14     -4 (VIOLATED)
clkbuf_leaf_216_clk/X                    10     14     -4 (VIOLATED)
clkbuf_leaf_228_clk/X                    10     14     -4 (VIOLATED)
clkbuf_leaf_231_clk/X                    10     14     -4 (VIOLATED)
clkbuf_leaf_246_clk/X                    10     14     -4 (VIOLATED)
clkbuf_leaf_254_clk/X                    10     14     -4 (VIOLATED)
clkbuf_leaf_94_clk/X                     10     14     -4 (VIOLATED)
clkbuf_5_10__f_clk/X                     10     13     -3 (VIOLATED)
clkbuf_5_11__f_clk/X                     10     13     -3 (VIOLATED)
clkbuf_5_8__f_clk/X                      10     13     -3 (VIOLATED)
clkbuf_leaf_176_clk/X                    10     13     -3 (VIOLATED)
clkbuf_leaf_185_clk/X                    10     13     -3 (VIOLATED)
clkbuf_leaf_199_clk/X                    10     13     -3 (VIOLATED)
clkbuf_leaf_1_clk/X                      10     13     -3 (VIOLATED)
clkbuf_leaf_219_clk/X                    10     13     -3 (VIOLATED)
clkbuf_leaf_224_clk/X                    10     13     -3 (VIOLATED)
clkbuf_leaf_237_clk/X                    10     13     -3 (VIOLATED)
clkbuf_leaf_243_clk/X                    10     13     -3 (VIOLATED)
clkbuf_leaf_27_clk/X                     10     13     -3 (VIOLATED)
clkbuf_leaf_42_clk/X                     10     13     -3 (VIOLATED)
clkbuf_leaf_44_clk/X                     10     13     -3 (VIOLATED)
clkbuf_leaf_57_clk/X                     10     13     -3 (VIOLATED)
clkbuf_leaf_74_clk/X                     10     13     -3 (VIOLATED)
clkbuf_leaf_75_clk/X                     10     13     -3 (VIOLATED)
clkbuf_leaf_77_clk/X                     10     13     -3 (VIOLATED)
clkbuf_leaf_90_clk/X                     10     13     -3 (VIOLATED)
clkbuf_leaf_96_clk/X                     10     13     -3 (VIOLATED)
fanout1465/X                             10     13     -3 (VIOLATED)
fanout1753/X                             10     13     -3 (VIOLATED)
fanout626/X                              10     13     -3 (VIOLATED)
fanout695/X                              10     13     -3 (VIOLATED)
clkbuf_leaf_105_clk/X                    10     12     -2 (VIOLATED)
clkbuf_leaf_10_clk/X                     10     12     -2 (VIOLATED)
clkbuf_leaf_111_clk/X                    10     12     -2 (VIOLATED)
clkbuf_leaf_122_clk/X                    10     12     -2 (VIOLATED)
clkbuf_leaf_127_clk/X                    10     12     -2 (VIOLATED)
clkbuf_leaf_12_clk/X                     10     12     -2 (VIOLATED)
clkbuf_leaf_130_clk/X                    10     12     -2 (VIOLATED)
clkbuf_leaf_158_clk/X                    10     12     -2 (VIOLATED)
clkbuf_leaf_160_clk/X                    10     12     -2 (VIOLATED)
clkbuf_leaf_16_clk/X                     10     12     -2 (VIOLATED)
clkbuf_leaf_170_clk/X                    10     12     -2 (VIOLATED)
clkbuf_leaf_175_clk/X                    10     12     -2 (VIOLATED)
clkbuf_leaf_196_clk/X                    10     12     -2 (VIOLATED)
clkbuf_leaf_19_clk/X                     10     12     -2 (VIOLATED)
clkbuf_leaf_22_clk/X                     10     12     -2 (VIOLATED)
clkbuf_leaf_242_clk/X                    10     12     -2 (VIOLATED)
clkbuf_leaf_260_clk/X                    10     12     -2 (VIOLATED)
clkbuf_leaf_45_clk/X                     10     12     -2 (VIOLATED)
clkbuf_leaf_49_clk/X                     10     12     -2 (VIOLATED)
clkbuf_leaf_53_clk/X                     10     12     -2 (VIOLATED)
clkbuf_leaf_6_clk/X                      10     12     -2 (VIOLATED)
clkbuf_leaf_85_clk/X                     10     12     -2 (VIOLATED)
clkbuf_leaf_91_clk/X                     10     12     -2 (VIOLATED)
clkbuf_leaf_92_clk/X                     10     12     -2 (VIOLATED)
clkbuf_leaf_97_clk/X                     10     12     -2 (VIOLATED)
fanout1037/X                             10     12     -2 (VIOLATED)
fanout1209/X                             10     12     -2 (VIOLATED)
fanout1475/X                             10     12     -2 (VIOLATED)
fanout1669/X                             10     12     -2 (VIOLATED)
fanout1676/X                             10     12     -2 (VIOLATED)
fanout1692/X                             10     12     -2 (VIOLATED)
fanout1693/X                             10     12     -2 (VIOLATED)
fanout1696/X                             10     12     -2 (VIOLATED)
fanout1700/X                             10     12     -2 (VIOLATED)
fanout1710/X                             10     12     -2 (VIOLATED)
fanout1725/X                             10     12     -2 (VIOLATED)
fanout1741/X                             10     12     -2 (VIOLATED)
fanout1756/X                             10     12     -2 (VIOLATED)
fanout1762/X                             10     12     -2 (VIOLATED)
clkbuf_5_12__f_clk/X                     10     11        (VIOLATED)
clkbuf_5_6__f_clk/X                      10     11        (VIOLATED)
clkbuf_5_7__f_clk/X                      10     11        (VIOLATED)
clkbuf_5_9__f_clk/X                      10     11        (VIOLATED)
clkbuf_leaf_103_clk/X                    10     11        (VIOLATED)
clkbuf_leaf_106_clk/X                    10     11        (VIOLATED)
clkbuf_leaf_112_clk/X                    10     11        (VIOLATED)
clkbuf_leaf_116_clk/X                    10     11        (VIOLATED)
clkbuf_leaf_123_clk/X                    10     11        (VIOLATED)
clkbuf_leaf_131_clk/X                    10     11        (VIOLATED)
clkbuf_leaf_142_clk/X                    10     11        (VIOLATED)
clkbuf_leaf_146_clk/X                    10     11        (VIOLATED)
clkbuf_leaf_149_clk/X                    10     11        (VIOLATED)
clkbuf_leaf_155_clk/X                    10     11        (VIOLATED)
clkbuf_leaf_178_clk/X                    10     11        (VIOLATED)
clkbuf_leaf_195_clk/X                    10     11        (VIOLATED)
clkbuf_leaf_20_clk/X                     10     11        (VIOLATED)
clkbuf_leaf_220_clk/X                    10     11        (VIOLATED)
clkbuf_leaf_256_clk/X                    10     11        (VIOLATED)
clkbuf_leaf_257_clk/X                    10     11        (VIOLATED)
clkbuf_leaf_25_clk/X                     10     11        (VIOLATED)
clkbuf_leaf_28_clk/X                     10     11        (VIOLATED)
clkbuf_leaf_30_clk/X                     10     11        (VIOLATED)
clkbuf_leaf_32_clk/X                     10     11        (VIOLATED)
clkbuf_leaf_33_clk/X                     10     11        (VIOLATED)
clkbuf_leaf_34_clk/X                     10     11        (VIOLATED)
clkbuf_leaf_36_clk/X                     10     11        (VIOLATED)
clkbuf_leaf_47_clk/X                     10     11        (VIOLATED)
clkbuf_leaf_63_clk/X                     10     11        (VIOLATED)
clkbuf_leaf_65_clk/X                     10     11        (VIOLATED)
clkbuf_leaf_66_clk/X                     10     11        (VIOLATED)
clkbuf_leaf_68_clk/X                     10     11        (VIOLATED)
clkbuf_leaf_78_clk/X                     10     11        (VIOLATED)
clkbuf_leaf_79_clk/X                     10     11        (VIOLATED)
clkbuf_leaf_82_clk/X                     10     11        (VIOLATED)
clkbuf_leaf_84_clk/X                     10     11        (VIOLATED)
clkbuf_leaf_98_clk/X                     10     11        (VIOLATED)
fanout1148/X                             10     11        (VIOLATED)
fanout1382/X                             10     11        (VIOLATED)
fanout1384/X                             10     11        (VIOLATED)
fanout1423/X                             10     11        (VIOLATED)
fanout1434/X                             10     11        (VIOLATED)
fanout1482/X                             10     11        (VIOLATED)
fanout1500/X                             10     11        (VIOLATED)
fanout1509/X                             10     11        (VIOLATED)
fanout1516/X                             10     11        (VIOLATED)
fanout1644/X                             10     11        (VIOLATED)
fanout1649/X                             10     11        (VIOLATED)
fanout1660/X                             10     11        (VIOLATED)
fanout1665/X                             10     11        (VIOLATED)
fanout1666/X                             10     11        (VIOLATED)
fanout1672/X                             10     11        (VIOLATED)
fanout1679/X                             10     11        (VIOLATED)
fanout1682/X                             10     11        (VIOLATED)
fanout1686/X                             10     11        (VIOLATED)
fanout1689/X                             10     11        (VIOLATED)
fanout1695/X                             10     11        (VIOLATED)
fanout1707/X                             10     11        (VIOLATED)
fanout1728/X                             10     11        (VIOLATED)
fanout1732/X                             10     11        (VIOLATED)
fanout1735/X                             10     11        (VIOLATED)
fanout1738/X                             10     11        (VIOLATED)
fanout1743/X                             10     11        (VIOLATED)
fanout1744/X                             10     11        (VIOLATED)
fanout1759/X                             10     11        (VIOLATED)
fanout1763/X                             10     11        (VIOLATED)
fanout1765/X                             10     11        (VIOLATED)
fanout1768/X                             10     11        (VIOLATED)
fanout321/X                              10     11        (VIOLATED)
fanout547/X                              10     11        (VIOLATED)
fanout560/X                              10     11        (VIOLATED)
fanout574/X                              10     11        (VIOLATED)
fanout628/X                              10     11        (VIOLATED)
fanout647/X                              10     11        (VIOLATED)
fanout660/X                              10     11        (VIOLATED)
fanout736/X                              10     11        (VIOLATED)
fanout770/X                              10     11        (VIOLATED)
fanout780/X                              10     11        (VIOLATED)
fanout802/X                              10     11        (VIOLATED)
fanout828/X                              10     11        (VIOLATED)
fanout859/X                              10     11        (VIOLATED)
fanout865/X                              10     11        (VIOLATED)
fanout891/X                              10     11        (VIOLATED)

max capacitance

Pin                                        Limit         Cap       Slack
------------------------------------------------------------------------
fanout1434/X                            0.200000    0.206767   -0.006767 (VIOLATED)
_42277_/Y                               0.085154    0.089254   -0.004100 (VIOLATED)
_26421_/Y                               0.154734    0.157891   -0.003157 (VIOLATED)
_26506_/Y                               0.086070    0.086453   -0.000383 (VIOLATED)



===========================================================================
report_parasitic_annotation -report_unannotated
============================================================================
Found 245 unannotated drivers.
 clkload0/Y
 clkload1/Y
 clkload10/Y
 clkload100/Y
 clkload101/Y
 clkload102/Y
 clkload103/Y
 clkload104/Y
 clkload105/Y
 clkload106/Y
 clkload107/Y
 clkload108/Y
 clkload109/Y
 clkload11/Y
 clkload110/Y
 clkload111/Y
 clkload112/Y
 clkload113/X
 clkload114/Y
 clkload115/Y
 clkload116/Y
 clkload117/Y
 clkload118/Y
 clkload119/Y
 clkload12/Y
 clkload120/Y
 clkload121/Y
 clkload122/Y
 clkload123/Y
 clkload124/X
 clkload125/Y
 clkload126/Y
 clkload127/X
 clkload128/X
 clkload129/X
 clkload13/Y
 clkload130/X
 clkload131/Y
 clkload132/X
 clkload133/Y
 clkload134/Y
 clkload135/Y
 clkload136/Y
 clkload137/Y
 clkload138/Y
 clkload139/Y
 clkload14/Y
 clkload140/Y
 clkload141/Y
 clkload142/Y
 clkload143/Y
 clkload144/Y
 clkload145/Y
 clkload146/Y
 clkload147/Y
 clkload148/Y
 clkload149/X
 clkload15/Y
 clkload150/Y
 clkload151/Y
 clkload152/X
 clkload153/X
 clkload154/X
 clkload155/Y
 clkload156/Y
 clkload157/X
 clkload158/Y
 clkload159/Y
 clkload16/Y
 clkload160/Y
 clkload161/X
 clkload162/Y
 clkload163/Y
 clkload164/Y
 clkload165/X
 clkload166/X
 clkload167/Y
 clkload168/Y
 clkload169/Y
 clkload17/X
 clkload170/X
 clkload171/Y
 clkload172/Y
 clkload173/Y
 clkload174/Y
 clkload175/X
 clkload176/Y
 clkload177/Y
 clkload178/Y
 clkload179/Y
 clkload18/Y
 clkload180/Y
 clkload181/Y
 clkload182/X
 clkload183/Y
 clkload184/Y
 clkload185/X
 clkload186/Y
 clkload187/Y
 clkload188/Y
 clkload189/Y
 clkload19/Y
 clkload190/Y
 clkload191/Y
 clkload192/Y
 clkload193/Y
 clkload194/Y
 clkload195/X
 clkload196/Y
 clkload197/Y
 clkload198/Y
 clkload199/X
 clkload2/Y
 clkload20/Y
 clkload200/Y
 clkload201/X
 clkload202/Y
 clkload203/Y
 clkload204/Y
 clkload205/X
 clkload206/Y
 clkload207/X
 clkload208/Y
 clkload209/X
 clkload21/Y
 clkload210/Y
 clkload211/X
 clkload212/Y
 clkload213/X
 clkload214/Y
 clkload215/X
 clkload216/Y
 clkload217/X
 clkload218/Y
 clkload219/Y
 clkload22/Y
 clkload220/Y
 clkload221/Y
 clkload222/Y
 clkload223/Y
 clkload224/Y
 clkload225/Y
 clkload226/Y
 clkload227/Y
 clkload228/Y
 clkload229/X
 clkload23/X
 clkload230/X
 clkload231/Y
 clkload232/Y
 clkload233/X
 clkload234/X
 clkload235/Y
 clkload236/X
 clkload237/Y
 clkload238/Y
 clkload239/Y
 clkload24/Y
 clkload240/Y
 clkload241/Y
 clkload242/Y
 clkload243/Y
 clkload244/Y
 clkload25/Y
 clkload26/Y
 clkload27/Y
 clkload28/X
 clkload29/Y
 clkload3/Y
 clkload30/Y
 clkload31/Y
 clkload32/Y
 clkload33/Y
 clkload34/Y
 clkload35/Y
 clkload36/Y
 clkload37/Y
 clkload38/Y
 clkload39/Y
 clkload4/Y
 clkload40/Y
 clkload41/Y
 clkload42/X
 clkload43/X
 clkload44/Y
 clkload45/Y
 clkload46/Y
 clkload47/Y
 clkload48/Y
 clkload49/Y
 clkload5/Y
 clkload50/Y
 clkload51/Y
 clkload52/Y
 clkload53/Y
 clkload54/Y
 clkload55/Y
 clkload56/Y
 clkload57/X
 clkload58/Y
 clkload59/Y
 clkload6/Y
 clkload60/Y
 clkload61/Y
 clkload62/Y
 clkload63/Y
 clkload64/Y
 clkload65/Y
 clkload66/Y
 clkload67/Y
 clkload68/Y
 clkload69/Y
 clkload7/Y
 clkload70/Y
 clkload71/Y
 clkload72/Y
 clkload73/Y
 clkload74/Y
 clkload75/Y
 clkload76/Y
 clkload77/Y
 clkload78/X
 clkload79/Y
 clkload8/X
 clkload80/Y
 clkload81/Y
 clkload82/Y
 clkload83/Y
 clkload84/X
 clkload85/Y
 clkload86/Y
 clkload87/Y
 clkload88/Y
 clkload89/Y
 clkload9/X
 clkload90/Y
 clkload91/Y
 clkload92/Y
 clkload93/Y
 clkload94/Y
 clkload95/Y
 clkload96/Y
 clkload97/Y
 clkload98/Y
 clkload99/Y
Found 0 partially unannotated drivers.

===========================================================================
max slew violation count 350
max fanout violation count 199
max cap violation count 4
============================================================================

===========================================================================
check_setup -verbose -unconstrained_endpoints -multiple_clock -no_clock -no_input_delay -loops -generated_clocks
===========================================================================
