Net: _00747_
  Pin:   _25027_/B (sky130_fd_sc_hd__and2_1)
    Layer: mcon
      Partial area ratio:    0.23
      Required ratio:    3.00 (Gate area) 
      Cumulative area ratio:    0.23
      Required ratio:    0.00 (Cumulative area) 

    Layer: met1
      Partial area ratio:   82.55
      Required ratio:    0.00 (Gate area) 
      Cumulative area ratio:   82.55
      Required ratio:    0.00 (Cumulative area) 
      Partial area ratio:  411.28
      Required ratio:  400.00 (Side area) (VIOLATED)
      Cumulative area ratio:  411.28
      Required ratio:    0.00 (Cumulative side area) 

    Layer: via
      Partial area ratio:    0.36
      Required ratio:    6.00 (Gate area) 
      Cumulative area ratio:    0.59
      Required ratio:    0.00 (Cumulative area) 

    Layer: met2
      Partial area ratio:   10.55
      Required ratio:    0.00 (Gate area) 
      Cumulative area ratio:   93.10
      Required ratio:    0.00 (Cumulative area) 
      Partial area ratio:   52.29
      Required ratio: 3115.20 (Side area) 
      Cumulative area ratio:  463.57
      Required ratio:    0.00 (Cumulative side area) 

    Layer: via2
      Partial area ratio:    0.04
      Required ratio:   52.37 (Gate area) 
      Cumulative area ratio:    0.63
      Required ratio:    0.00 (Cumulative area) 

    Layer: met3
      Partial area ratio:   10.64
      Required ratio:    0.00 (Gate area) 
      Cumulative area ratio:  103.75
      Required ratio:    0.00 (Cumulative area) 
      Partial area ratio:   57.11
      Required ratio: 3115.20 (Side area) 
      Cumulative area ratio:  520.68
      Required ratio:    0.00 (Cumulative side area) 


  Pin:   _25169_/B (sky130_fd_sc_hd__and2_1)
    Layer: mcon
      Partial area ratio:    0.23
      Required ratio:    3.00 (Gate area) 
      Cumulative area ratio:    0.23
      Required ratio:    0.00 (Cumulative area) 

    Layer: met1
      Partial area ratio:   10.20
      Required ratio:    0.00 (Gate area) 
      Cumulative area ratio:   10.20
      Required ratio:    0.00 (Cumulative area) 
      Partial area ratio:   48.69
      Required ratio:  400.00 (Side area) 
      Cumulative area ratio:   48.69
      Required ratio:    0.00 (Cumulative side area) 

    Layer: via
      Partial area ratio:    0.54
      Required ratio:    6.00 (Gate area) 
      Cumulative area ratio:    0.77
      Required ratio:    0.00 (Cumulative area) 

    Layer: met2
      Partial area ratio:    3.63
      Required ratio:    0.00 (Gate area) 
      Cumulative area ratio:   13.84
      Required ratio:    0.00 (Cumulative area) 
      Partial area ratio:   17.64
      Required ratio:  400.00 (Side area) 
      Cumulative area ratio:   66.33
      Required ratio:    0.00 (Cumulative side area) 

    Layer: via2
      Partial area ratio:    0.11
      Required ratio:    6.00 (Gate area) 
      Cumulative area ratio:    0.87
      Required ratio:    0.00 (Cumulative area) 

    Layer: met3
      Partial area ratio:   10.64
      Required ratio:    0.00 (Gate area) 
      Cumulative area ratio:   24.48
      Required ratio:    0.00 (Cumulative area) 
      Partial area ratio:   57.11
      Required ratio: 3115.20 (Side area) 
      Cumulative area ratio:  123.44
      Required ratio:    0.00 (Cumulative side area) 


  Pin:   _25187_/B (sky130_fd_sc_hd__and4_1)
    Layer: mcon
      Partial area ratio:    0.23
      Required ratio:    3.00 (Gate area) 
      Cumulative area ratio:    0.23
      Required ratio:    0.00 (Cumulative area) 

    Layer: met1
      Partial area ratio:    4.09
      Required ratio:    0.00 (Gate area) 
      Cumulative area ratio:    4.09
      Required ratio:    0.00 (Cumulative area) 
      Partial area ratio:   19.49
      Required ratio:  400.00 (Side area) 
      Cumulative area ratio:   19.49
      Required ratio:    0.00 (Cumulative side area) 

    Layer: via
      Partial area ratio:    0.18
      Required ratio:    6.00 (Gate area) 
      Cumulative area ratio:    0.41
      Required ratio:    0.00 (Cumulative area) 

    Layer: met2
      Partial area ratio:   10.55
      Required ratio:    0.00 (Gate area) 
      Cumulative area ratio:   14.64
      Required ratio:    0.00 (Cumulative area) 
      Partial area ratio:   52.29
      Required ratio: 3115.20 (Side area) 
      Cumulative area ratio:   71.78
      Required ratio:    0.00 (Cumulative side area) 

    Layer: via2
      Partial area ratio:    0.04
      Required ratio:   52.37 (Gate area) 
      Cumulative area ratio:    0.45
      Required ratio:    0.00 (Cumulative area) 

    Layer: met3
      Partial area ratio:   10.64
      Required ratio:    0.00 (Gate area) 
      Cumulative area ratio:   25.29
      Required ratio:    0.00 (Cumulative area) 
      Partial area ratio:   57.11
      Required ratio: 3115.20 (Side area) 
      Cumulative area ratio:  128.89
      Required ratio:    0.00 (Cumulative side area) 


  Pin:   _25201_/B (sky130_fd_sc_hd__and3_1)
    Layer: mcon
      Partial area ratio:    0.23
      Required ratio:    3.00 (Gate area) 
      Cumulative area ratio:    0.23
      Required ratio:    0.00 (Cumulative area) 

    Layer: met1
      Partial area ratio:    6.30
      Required ratio:    0.00 (Gate area) 
      Cumulative area ratio:    6.30
      Required ratio:    0.00 (Cumulative area) 
      Partial area ratio:   30.19
      Required ratio:  400.00 (Side area) 
      Cumulative area ratio:   30.19
      Required ratio:    0.00 (Cumulative side area) 

    Layer: via
      Partial area ratio:    0.23
      Required ratio:    6.00 (Gate area) 
      Cumulative area ratio:    0.45
      Required ratio:    0.00 (Cumulative area) 

    Layer: met2
      Partial area ratio:   10.55
      Required ratio:    0.00 (Gate area) 
      Cumulative area ratio:   16.85
      Required ratio:    0.00 (Cumulative area) 
      Partial area ratio:   52.29
      Required ratio: 3115.20 (Side area) 
      Cumulative area ratio:   82.48
      Required ratio:    0.00 (Cumulative side area) 

    Layer: via2
      Partial area ratio:    0.04
      Required ratio:   52.37 (Gate area) 
      Cumulative area ratio:    0.49
      Required ratio:    0.00 (Cumulative area) 

    Layer: met3
      Partial area ratio:   10.64
      Required ratio:    0.00 (Gate area) 
      Cumulative area ratio:   27.49
      Required ratio:    0.00 (Cumulative area) 
      Partial area ratio:   57.11
      Required ratio: 3115.20 (Side area) 
      Cumulative area ratio:  139.59
      Required ratio:    0.00 (Cumulative side area) 


  Pin:   _25202_/B (sky130_fd_sc_hd__and4_1)
    Layer: mcon
      Partial area ratio:    0.23
      Required ratio:    3.00 (Gate area) 
      Cumulative area ratio:    0.23
      Required ratio:    0.00 (Cumulative area) 

    Layer: met1
      Partial area ratio:    6.30
      Required ratio:    0.00 (Gate area) 
      Cumulative area ratio:    6.30
      Required ratio:    0.00 (Cumulative area) 
      Partial area ratio:   30.19
      Required ratio:  400.00 (Side area) 
      Cumulative area ratio:   30.19
      Required ratio:    0.00 (Cumulative side area) 

    Layer: via
      Partial area ratio:    0.23
      Required ratio:    6.00 (Gate area) 
      Cumulative area ratio:    0.45
      Required ratio:    0.00 (Cumulative area) 

    Layer: met2
      Partial area ratio:   10.55
      Required ratio:    0.00 (Gate area) 
      Cumulative area ratio:   16.85
      Required ratio:    0.00 (Cumulative area) 
      Partial area ratio:   52.29
      Required ratio: 3115.20 (Side area) 
      Cumulative area ratio:   82.48
      Required ratio:    0.00 (Cumulative side area) 

    Layer: via2
      Partial area ratio:    0.04
      Required ratio:   52.37 (Gate area) 
      Cumulative area ratio:    0.49
      Required ratio:    0.00 (Cumulative area) 

    Layer: met3
      Partial area ratio:   10.64
      Required ratio:    0.00 (Gate area) 
      Cumulative area ratio:   27.49
      Required ratio:    0.00 (Cumulative area) 
      Partial area ratio:   57.11
      Required ratio: 3115.20 (Side area) 
      Cumulative area ratio:  139.59
      Required ratio:    0.00 (Cumulative side area) 


  Pin:   _25209_/A2 (sky130_fd_sc_hd__a21oi_1)
    Layer: mcon
      Partial area ratio:    0.12
      Required ratio:    3.00 (Gate area) 
      Cumulative area ratio:    0.12
      Required ratio:    0.00 (Cumulative area) 

    Layer: met1
      Partial area ratio:    6.30
      Required ratio:    0.00 (Gate area) 
      Cumulative area ratio:    6.30
      Required ratio:    0.00 (Cumulative area) 
      Partial area ratio:   30.19
      Required ratio:  400.00 (Side area) 
      Cumulative area ratio:   30.19
      Required ratio:    0.00 (Cumulative side area) 

    Layer: via
      Partial area ratio:    0.23
      Required ratio:    6.00 (Gate area) 
      Cumulative area ratio:    0.34
      Required ratio:    0.00 (Cumulative area) 

    Layer: met2
      Partial area ratio:   10.55
      Required ratio:    0.00 (Gate area) 
      Cumulative area ratio:   16.85
      Required ratio:    0.00 (Cumulative area) 
      Partial area ratio:   52.29
      Required ratio: 3115.20 (Side area) 
      Cumulative area ratio:   82.48
      Required ratio:    0.00 (Cumulative side area) 

    Layer: via2
      Partial area ratio:    0.04
      Required ratio:   52.37 (Gate area) 
      Cumulative area ratio:    0.38
      Required ratio:    0.00 (Cumulative area) 

    Layer: met3
      Partial area ratio:   10.64
      Required ratio:    0.00 (Gate area) 
      Cumulative area ratio:   27.49
      Required ratio:    0.00 (Cumulative area) 
      Partial area ratio:   57.11
      Required ratio: 3115.20 (Side area) 
      Cumulative area ratio:  139.59
      Required ratio:    0.00 (Cumulative side area) 


  Pin:   _25216_/A2 (sky130_fd_sc_hd__a31o_1)
    Layer: mcon
      Partial area ratio:    0.12
      Required ratio:    3.00 (Gate area) 
      Cumulative area ratio:    0.12
      Required ratio:    0.00 (Cumulative area) 

    Layer: met1
      Partial area ratio:    4.09
      Required ratio:    0.00 (Gate area) 
      Cumulative area ratio:    4.09
      Required ratio:    0.00 (Cumulative area) 
      Partial area ratio:   19.49
      Required ratio:  400.00 (Side area) 
      Cumulative area ratio:   19.49
      Required ratio:    0.00 (Cumulative side area) 

    Layer: via
      Partial area ratio:    0.18
      Required ratio:    6.00 (Gate area) 
      Cumulative area ratio:    0.30
      Required ratio:    0.00 (Cumulative area) 

    Layer: met2
      Partial area ratio:   10.55
      Required ratio:    0.00 (Gate area) 
      Cumulative area ratio:   14.64
      Required ratio:    0.00 (Cumulative area) 
      Partial area ratio:   52.29
      Required ratio: 3115.20 (Side area) 
      Cumulative area ratio:   71.78
      Required ratio:    0.00 (Cumulative side area) 

    Layer: via2
      Partial area ratio:    0.04
      Required ratio:   52.37 (Gate area) 
      Cumulative area ratio:    0.34
      Required ratio:    0.00 (Cumulative area) 

    Layer: met3
      Partial area ratio:   10.64
      Required ratio:    0.00 (Gate area) 
      Cumulative area ratio:   25.29
      Required ratio:    0.00 (Cumulative area) 
      Partial area ratio:   57.11
      Required ratio: 3115.20 (Side area) 
      Cumulative area ratio:  128.89
      Required ratio:    0.00 (Cumulative side area) 


  Pin:   _25442_/B (sky130_fd_sc_hd__nor2_1)
    Layer: mcon
      Partial area ratio:    0.12
      Required ratio:    3.00 (Gate area) 
      Cumulative area ratio:    0.12
      Required ratio:    0.00 (Cumulative area) 

    Layer: met1
      Partial area ratio:    4.10
      Required ratio:    0.00 (Gate area) 
      Cumulative area ratio:    4.10
      Required ratio:    0.00 (Cumulative area) 
      Partial area ratio:   19.73
      Required ratio:  400.00 (Side area) 
      Cumulative area ratio:   19.73
      Required ratio:    0.00 (Cumulative side area) 

    Layer: via
      Partial area ratio:    0.18
      Required ratio:    6.00 (Gate area) 
      Cumulative area ratio:    0.30
      Required ratio:    0.00 (Cumulative area) 

    Layer: met2
      Partial area ratio:    3.63
      Required ratio:    0.00 (Gate area) 
      Cumulative area ratio:    7.73
      Required ratio:    0.00 (Cumulative area) 
      Partial area ratio:   17.64
      Required ratio:  400.00 (Side area) 
      Cumulative area ratio:   37.36
      Required ratio:    0.00 (Cumulative side area) 

    Layer: via2
      Partial area ratio:    0.11
      Required ratio:    6.00 (Gate area) 
      Cumulative area ratio:    0.41
      Required ratio:    0.00 (Cumulative area) 

    Layer: met3
      Partial area ratio:   10.64
      Required ratio:    0.00 (Gate area) 
      Cumulative area ratio:   18.37
      Required ratio:    0.00 (Cumulative area) 
      Partial area ratio:   57.11
      Required ratio: 3115.20 (Side area) 
      Cumulative area ratio:   94.47
      Required ratio:    0.00 (Cumulative side area) 



Net: _02142_
  Pin:   _26298_/C (sky130_fd_sc_hd__and3b_2)
    Layer: mcon
      Partial area ratio:    0.23
      Required ratio:    3.00 (Gate area) 
      Cumulative area ratio:    0.23
      Required ratio:    0.00 (Cumulative area) 

    Layer: met1
      Partial area ratio:   86.36
      Required ratio:    0.00 (Gate area) 
      Cumulative area ratio:   86.36
      Required ratio:    0.00 (Cumulative area) 
      Partial area ratio:  430.33
      Required ratio:  400.00 (Side area) (VIOLATED)
      Cumulative area ratio:  430.33
      Required ratio:    0.00 (Cumulative side area) 

    Layer: via
      Partial area ratio:    0.36
      Required ratio:    6.00 (Gate area) 
      Cumulative area ratio:    0.59
      Required ratio:    0.00 (Cumulative area) 

    Layer: met2
      Partial area ratio:    3.95
      Required ratio:    0.00 (Gate area) 
      Cumulative area ratio:   90.31
      Required ratio:    0.00 (Cumulative area) 
      Partial area ratio:   19.38
      Required ratio: 2848.40 (Side area) 
      Cumulative area ratio:  449.71
      Required ratio:    0.00 (Cumulative side area) 


  Pin:   _26327_/B (sky130_fd_sc_hd__xnor2_2)
    Layer: mcon
      Partial area ratio:    0.03
      Required ratio:    3.00 (Gate area) 
      Cumulative area ratio:    0.03
      Required ratio:    0.00 (Cumulative area) 

    Layer: met1
      Partial area ratio:    3.48
      Required ratio:    0.00 (Gate area) 
      Cumulative area ratio:    3.48
      Required ratio:    0.00 (Cumulative area) 
      Partial area ratio:   17.17
      Required ratio:  400.00 (Side area) 
      Cumulative area ratio:   17.17
      Required ratio:    0.00 (Cumulative side area) 

    Layer: via
      Partial area ratio:    0.05
      Required ratio:    6.00 (Gate area) 
      Cumulative area ratio:    0.08
      Required ratio:    0.00 (Cumulative area) 

    Layer: met2
      Partial area ratio:    3.95
      Required ratio:    0.00 (Gate area) 
      Cumulative area ratio:    7.42
      Required ratio:    0.00 (Cumulative area) 
      Partial area ratio:   19.38
      Required ratio: 2848.40 (Side area) 
      Cumulative area ratio:   36.55
      Required ratio:    0.00 (Cumulative side area) 



Net: _02598_
  Pin:   _26714_/B (sky130_fd_sc_hd__and2_4)
    Layer: mcon
      Partial area ratio:    0.12
      Required ratio:    3.00 (Gate area) 
      Cumulative area ratio:    0.12
      Required ratio:    0.00 (Cumulative area) 

    Layer: met1
      Partial area ratio:    9.75
      Required ratio:    0.00 (Gate area) 
      Cumulative area ratio:    9.75
      Required ratio:    0.00 (Cumulative area) 
      Partial area ratio:   46.51
      Required ratio: 2778.20 (Side area) 
      Cumulative area ratio:   46.51
      Required ratio:    0.00 (Cumulative side area) 

    Layer: via
      Partial area ratio:    0.36
      Required ratio:   22.04 (Gate area) 
      Cumulative area ratio:    0.48
      Required ratio:    0.00 (Cumulative area) 

    Layer: met2
      Partial area ratio:    9.85
      Required ratio:    0.00 (Gate area) 
      Cumulative area ratio:   19.60
      Required ratio:    0.00 (Cumulative area) 
      Partial area ratio:   48.59
      Required ratio: 2778.20 (Side area) 
      Cumulative area ratio:   95.10
      Required ratio:    0.00 (Cumulative side area) 


  Pin:   _26715_/D (sky130_fd_sc_hd__and4_1)
    Layer: mcon
      Partial area ratio:    0.23
      Required ratio:    3.00 (Gate area) 
      Cumulative area ratio:    0.23
      Required ratio:    0.00 (Cumulative area) 

    Layer: met1
      Partial area ratio:   16.90
      Required ratio:    0.00 (Gate area) 
      Cumulative area ratio:   16.90
      Required ratio:    0.00 (Cumulative area) 
      Partial area ratio:   82.82
      Required ratio:  400.00 (Side area) 
      Cumulative area ratio:   82.82
      Required ratio:    0.00 (Cumulative side area) 

    Layer: via
      Partial area ratio:    0.30
      Required ratio:    6.00 (Gate area) 
      Cumulative area ratio:    0.53
      Required ratio:    0.00 (Cumulative area) 

    Layer: met2
      Partial area ratio:    9.85
      Required ratio:    0.00 (Gate area) 
      Cumulative area ratio:   26.75
      Required ratio:    0.00 (Cumulative area) 
      Partial area ratio:   48.59
      Required ratio: 2778.20 (Side area) 
      Cumulative area ratio:  131.41
      Required ratio:    0.00 (Cumulative side area) 


  Pin:   _26732_/B (sky130_fd_sc_hd__and3b_1)
    Layer: mcon
      Partial area ratio:    0.23
      Required ratio:    3.00 (Gate area) 
      Cumulative area ratio:    0.23
      Required ratio:    0.00 (Cumulative area) 

    Layer: met1
      Partial area ratio:   16.90
      Required ratio:    0.00 (Gate area) 
      Cumulative area ratio:   16.90
      Required ratio:    0.00 (Cumulative area) 
      Partial area ratio:   82.82
      Required ratio:  400.00 (Side area) 
      Cumulative area ratio:   82.82
      Required ratio:    0.00 (Cumulative side area) 

    Layer: via
      Partial area ratio:    0.30
      Required ratio:    6.00 (Gate area) 
      Cumulative area ratio:    0.53
      Required ratio:    0.00 (Cumulative area) 

    Layer: met2
      Partial area ratio:    9.85
      Required ratio:    0.00 (Gate area) 
      Cumulative area ratio:   26.75
      Required ratio:    0.00 (Cumulative area) 
      Partial area ratio:   48.59
      Required ratio: 2778.20 (Side area) 
      Cumulative area ratio:  131.41
      Required ratio:    0.00 (Cumulative side area) 


  Pin:   _26733_/C (sky130_fd_sc_hd__and4b_1)
    Layer: mcon
      Partial area ratio:    0.23
      Required ratio:    3.00 (Gate area) 
      Cumulative area ratio:    0.23
      Required ratio:    0.00 (Cumulative area) 

    Layer: met1
      Partial area ratio:    4.91
      Required ratio:    0.00 (Gate area) 
      Cumulative area ratio:    4.91
      Required ratio:    0.00 (Cumulative area) 
      Partial area ratio:   23.09
      Required ratio:  400.00 (Side area) 
      Cumulative area ratio:   23.09
      Required ratio:    0.00 (Cumulative side area) 

    Layer: via
      Partial area ratio:    0.36
      Required ratio:    6.00 (Gate area) 
      Cumulative area ratio:    0.59
      Required ratio:    0.00 (Cumulative area) 

    Layer: met2
      Partial area ratio:    9.85
      Required ratio:    0.00 (Gate area) 
      Cumulative area ratio:   14.76
      Required ratio:    0.00 (Cumulative area) 
      Partial area ratio:   48.59
      Required ratio: 2778.20 (Side area) 
      Cumulative area ratio:   71.69
      Required ratio:    0.00 (Cumulative side area) 


  Pin:   _26771_/C (sky130_fd_sc_hd__and4b_2)
    Layer: mcon
      Partial area ratio:    0.23
      Required ratio:    3.00 (Gate area) 
      Cumulative area ratio:    0.23
      Required ratio:    0.00 (Cumulative area) 

    Layer: met1
      Partial area ratio:   83.36
      Required ratio:    0.00 (Gate area) 
      Cumulative area ratio:   83.36
      Required ratio:    0.00 (Cumulative area) 
      Partial area ratio:  415.31
      Required ratio:  400.00 (Side area) (VIOLATED)
      Cumulative area ratio:  415.31
      Required ratio:    0.00 (Cumulative side area) 

    Layer: via
      Partial area ratio:    0.36
      Required ratio:    6.00 (Gate area) 
      Cumulative area ratio:    0.59
      Required ratio:    0.00 (Cumulative area) 

    Layer: met2
      Partial area ratio:    9.85
      Required ratio:    0.00 (Gate area) 
      Cumulative area ratio:   93.21
      Required ratio:    0.00 (Cumulative area) 
      Partial area ratio:   48.59
      Required ratio: 2778.20 (Side area) 
      Cumulative area ratio:  463.90
      Required ratio:    0.00 (Cumulative side area) 


  Pin:   _28343_/B (sky130_fd_sc_hd__and4_2)
    Layer: mcon
      Partial area ratio:    0.23
      Required ratio:    3.00 (Gate area) 
      Cumulative area ratio:    0.23
      Required ratio:    0.00 (Cumulative area) 

    Layer: met1
      Partial area ratio:   16.90
      Required ratio:    0.00 (Gate area) 
      Cumulative area ratio:   16.90
      Required ratio:    0.00 (Cumulative area) 
      Partial area ratio:   82.82
      Required ratio:  400.00 (Side area) 
      Cumulative area ratio:   82.82
      Required ratio:    0.00 (Cumulative side area) 

    Layer: via
      Partial area ratio:    0.30
      Required ratio:    6.00 (Gate area) 
      Cumulative area ratio:    0.53
      Required ratio:    0.00 (Cumulative area) 

    Layer: met2
      Partial area ratio:    9.85
      Required ratio:    0.00 (Gate area) 
      Cumulative area ratio:   26.75
      Required ratio:    0.00 (Cumulative area) 
      Partial area ratio:   48.59
      Required ratio: 2778.20 (Side area) 
      Cumulative area ratio:  131.41
      Required ratio:    0.00 (Cumulative side area) 


  Pin:   _28393_/B (sky130_fd_sc_hd__and4_1)
    Layer: mcon
      Partial area ratio:    0.23
      Required ratio:    3.00 (Gate area) 
      Cumulative area ratio:    0.23
      Required ratio:    0.00 (Cumulative area) 

    Layer: met1
      Partial area ratio:    4.24
      Required ratio:    0.00 (Gate area) 
      Cumulative area ratio:    4.24
      Required ratio:    0.00 (Cumulative area) 
      Partial area ratio:   19.73
      Required ratio:  400.00 (Side area) 
      Cumulative area ratio:   19.73
      Required ratio:    0.00 (Cumulative side area) 

    Layer: via
      Partial area ratio:    0.36
      Required ratio:    6.00 (Gate area) 
      Cumulative area ratio:    0.59
      Required ratio:    0.00 (Cumulative area) 

    Layer: met2
      Partial area ratio:    9.85
      Required ratio:    0.00 (Gate area) 
      Cumulative area ratio:   14.09
      Required ratio:    0.00 (Cumulative area) 
      Partial area ratio:   48.59
      Required ratio: 2778.20 (Side area) 
      Cumulative area ratio:   68.33
      Required ratio:    0.00 (Cumulative side area) 



Net: _05267_
  Pin:   _29174_/S (sky130_fd_sc_hd__mux2_2)
    Layer: mcon
      Partial area ratio:    0.09
      Required ratio:    3.00 (Gate area) 
      Cumulative area ratio:    0.09
      Required ratio:    0.00 (Cumulative area) 

    Layer: met1
      Partial area ratio:   18.63
      Required ratio:    0.00 (Gate area) 
      Cumulative area ratio:   18.63
      Required ratio:    0.00 (Cumulative area) 
      Partial area ratio:   92.11
      Required ratio:  400.00 (Side area) 
      Cumulative area ratio:   92.11
      Required ratio:    0.00 (Cumulative side area) 

    Layer: via
      Partial area ratio:    0.20
      Required ratio:    6.00 (Gate area) 
      Cumulative area ratio:    0.29
      Required ratio:    0.00 (Cumulative area) 

    Layer: met2
      Partial area ratio:    5.23
      Required ratio:    0.00 (Gate area) 
      Cumulative area ratio:   23.86
      Required ratio:    0.00 (Cumulative area) 
      Partial area ratio:   25.70
      Required ratio: 2956.40 (Side area) 
      Cumulative area ratio:  117.81
      Required ratio:    0.00 (Cumulative side area) 


  Pin:   _29199_/B (sky130_fd_sc_hd__and3_1)
    Layer: mcon
      Partial area ratio:    0.23
      Required ratio:    3.00 (Gate area) 
      Cumulative area ratio:    0.23
      Required ratio:    0.00 (Cumulative area) 

    Layer: met1
      Partial area ratio:   18.63
      Required ratio:    0.00 (Gate area) 
      Cumulative area ratio:   18.63
      Required ratio:    0.00 (Cumulative area) 
      Partial area ratio:   92.11
      Required ratio:  400.00 (Side area) 
      Cumulative area ratio:   92.11
      Required ratio:    0.00 (Cumulative side area) 

    Layer: via
      Partial area ratio:    0.20
      Required ratio:    6.00 (Gate area) 
      Cumulative area ratio:    0.43
      Required ratio:    0.00 (Cumulative area) 

    Layer: met2
      Partial area ratio:    5.23
      Required ratio:    0.00 (Gate area) 
      Cumulative area ratio:   23.86
      Required ratio:    0.00 (Cumulative area) 
      Partial area ratio:   25.70
      Required ratio: 2956.40 (Side area) 
      Cumulative area ratio:  117.81
      Required ratio:    0.00 (Cumulative side area) 


  Pin:   _29295_/B (sky130_fd_sc_hd__and3_1)
    Layer: mcon
      Partial area ratio:    0.23
      Required ratio:    3.00 (Gate area) 
      Cumulative area ratio:    0.23
      Required ratio:    0.00 (Cumulative area) 

    Layer: met1
      Partial area ratio:  136.67
      Required ratio:    0.00 (Gate area) 
      Cumulative area ratio:  136.67
      Required ratio:    0.00 (Cumulative area) 
      Partial area ratio:  681.03
      Required ratio:  400.00 (Side area) (VIOLATED)
      Cumulative area ratio:  681.03
      Required ratio:    0.00 (Cumulative side area) 

    Layer: via
      Partial area ratio:    0.54
      Required ratio:    6.00 (Gate area) 
      Cumulative area ratio:    0.77
      Required ratio:    0.00 (Cumulative area) 

    Layer: met2
      Partial area ratio:    5.23
      Required ratio:    0.00 (Gate area) 
      Cumulative area ratio:  141.90
      Required ratio:    0.00 (Cumulative area) 
      Partial area ratio:   25.70
      Required ratio: 2956.40 (Side area) 
      Cumulative area ratio:  706.73
      Required ratio:    0.00 (Cumulative side area) 


  Pin:   _29332_/S (sky130_fd_sc_hd__mux2_2)
    Layer: mcon
      Partial area ratio:    0.09
      Required ratio:    3.00 (Gate area) 
      Cumulative area ratio:    0.09
      Required ratio:    0.00 (Cumulative area) 

    Layer: met1
      Partial area ratio:    7.15
      Required ratio:    0.00 (Gate area) 
      Cumulative area ratio:    7.15
      Required ratio:    0.00 (Cumulative area) 
      Partial area ratio:   35.14
      Required ratio:  400.00 (Side area) 
      Cumulative area ratio:   35.14
      Required ratio:    0.00 (Cumulative side area) 

    Layer: via
      Partial area ratio:    0.14
      Required ratio:    6.00 (Gate area) 
      Cumulative area ratio:    0.23
      Required ratio:    0.00 (Cumulative area) 

    Layer: met2
      Partial area ratio:    5.23
      Required ratio:    0.00 (Gate area) 
      Cumulative area ratio:   12.38
      Required ratio:    0.00 (Cumulative area) 
      Partial area ratio:   25.70
      Required ratio: 2956.40 (Side area) 
      Cumulative area ratio:   60.84
      Required ratio:    0.00 (Cumulative side area) 



Net: _06277_
  Pin:   _16143_/B (sky130_fd_sc_hd__nand2_4)
    Layer: mcon
      Partial area ratio:    0.03
      Required ratio:    3.00 (Gate area) 
      Cumulative area ratio:    0.03
      Required ratio:    0.00 (Cumulative area) 

    Layer: met1
      Partial area ratio:    1.66
      Required ratio:    0.00 (Gate area) 
      Cumulative area ratio:    1.66
      Required ratio:    0.00 (Cumulative area) 
      Partial area ratio:    7.95
      Required ratio: 2956.40 (Side area) 
      Cumulative area ratio:    7.95
      Required ratio:    0.00 (Cumulative side area) 

    Layer: via
      Partial area ratio:    0.07
      Required ratio:   38.08 (Gate area) 
      Cumulative area ratio:    0.10
      Required ratio:    0.00 (Cumulative area) 

    Layer: met2
      Partial area ratio:   43.61
      Required ratio:    0.00 (Gate area) 
      Cumulative area ratio:   45.28
      Required ratio:    0.00 (Cumulative area) 
      Partial area ratio:  217.93
      Required ratio: 2956.40 (Side area) 
      Cumulative area ratio:  225.88
      Required ratio:    0.00 (Cumulative side area) 


  Pin:   _30125_/A (sky130_fd_sc_hd__or3_1)
    Layer: mcon
      Partial area ratio:    0.23
      Required ratio:    3.00 (Gate area) 
      Cumulative area ratio:    0.23
      Required ratio:    0.00 (Cumulative area) 

    Layer: met1
      Partial area ratio:  134.84
      Required ratio:    0.00 (Gate area) 
      Cumulative area ratio:  134.84
      Required ratio:    0.00 (Cumulative area) 
      Partial area ratio:  672.75
      Required ratio:  400.00 (Side area) (VIOLATED)
      Cumulative area ratio:  672.75
      Required ratio:    0.00 (Cumulative side area) 

    Layer: via
      Partial area ratio:    0.36
      Required ratio:    6.00 (Gate area) 
      Cumulative area ratio:    0.59
      Required ratio:    0.00 (Cumulative area) 

    Layer: met2
      Partial area ratio:   43.61
      Required ratio:    0.00 (Gate area) 
      Cumulative area ratio:  178.46
      Required ratio:    0.00 (Cumulative area) 
      Partial area ratio:  217.93
      Required ratio: 2956.40 (Side area) 
      Cumulative area ratio:  890.68
      Required ratio:    0.00 (Cumulative side area) 



Net: _08772_
  Pin:   _19715_/A (sky130_fd_sc_hd__nand2_1)
    Layer: mcon
      Partial area ratio:    0.12
      Required ratio:    3.00 (Gate area) 
      Cumulative area ratio:    0.12
      Required ratio:    0.00 (Cumulative area) 

    Layer: met1
      Partial area ratio:   29.26
      Required ratio:    0.00 (Gate area) 
      Cumulative area ratio:   29.26
      Required ratio:    0.00 (Cumulative area) 
      Partial area ratio:  145.53
      Required ratio:  400.00 (Side area) 
      Cumulative area ratio:  145.53
      Required ratio:    0.00 (Cumulative side area) 

    Layer: via
      Partial area ratio:    0.18
      Required ratio:    6.00 (Gate area) 
      Cumulative area ratio:    0.30
      Required ratio:    0.00 (Cumulative area) 

    Layer: met2
      Partial area ratio:   12.60
      Required ratio:    0.00 (Gate area) 
      Cumulative area ratio:   41.86
      Required ratio:    0.00 (Cumulative area) 
      Partial area ratio:   62.29
      Required ratio:  400.00 (Side area) 
      Cumulative area ratio:  207.82
      Required ratio:    0.00 (Cumulative side area) 

    Layer: via2
      Partial area ratio:    0.16
      Required ratio:    6.00 (Gate area) 
      Cumulative area ratio:    0.46
      Required ratio:    0.00 (Cumulative area) 

    Layer: met3
      Partial area ratio:   17.23
      Required ratio:    0.00 (Gate area) 
      Cumulative area ratio:   59.09
      Required ratio:    0.00 (Cumulative area) 
      Partial area ratio:   93.77
      Required ratio:  400.00 (Side area) 
      Cumulative area ratio:  301.59
      Required ratio:    0.00 (Cumulative side area) 

    Layer: via3
      Partial area ratio:    0.16
      Required ratio:    6.00 (Gate area) 
      Cumulative area ratio:    0.62
      Required ratio:    0.00 (Cumulative area) 

    Layer: met4
      Partial area ratio:    9.67
      Required ratio:    0.00 (Gate area) 
      Cumulative area ratio:   68.76
      Required ratio:    0.00 (Cumulative area) 
      Partial area ratio:   52.12
      Required ratio: 3096.80 (Side area) 
      Cumulative area ratio:  353.71
      Required ratio:    0.00 (Cumulative side area) 


  Pin:   _23210_/A (sky130_fd_sc_hd__and2_1)
    Layer: mcon
      Partial area ratio:    0.23
      Required ratio:    3.00 (Gate area) 
      Cumulative area ratio:    0.23
      Required ratio:    0.00 (Cumulative area) 

    Layer: met1
      Partial area ratio:    4.65
      Required ratio:    0.00 (Gate area) 
      Cumulative area ratio:    4.65
      Required ratio:    0.00 (Cumulative area) 
      Partial area ratio:   21.76
      Required ratio:  400.00 (Side area) 
      Cumulative area ratio:   21.76
      Required ratio:    0.00 (Cumulative side area) 

    Layer: via
      Partial area ratio:    0.36
      Required ratio:    6.00 (Gate area) 
      Cumulative area ratio:    0.59
      Required ratio:    0.00 (Cumulative area) 

    Layer: met2
      Partial area ratio:  170.56
      Required ratio:    0.00 (Gate area) 
      Cumulative area ratio:  175.21
      Required ratio:    0.00 (Cumulative area) 
      Partial area ratio:  850.94
      Required ratio:  400.00 (Side area) (VIOLATED)
      Cumulative area ratio:  872.71
      Required ratio:    0.00 (Cumulative side area) 

    Layer: via2
      Partial area ratio:    0.63
      Required ratio:    6.00 (Gate area) 
      Cumulative area ratio:    1.22
      Required ratio:    0.00 (Cumulative area) 

    Layer: met3
      Partial area ratio:   87.08
      Required ratio:    0.00 (Gate area) 
      Cumulative area ratio:  262.29
      Required ratio:    0.00 (Cumulative area) 
      Partial area ratio:  465.92
      Required ratio: 3096.80 (Side area) 
      Cumulative area ratio: 1338.63
      Required ratio:    0.00 (Cumulative side area) 

    Layer: via3
      Partial area ratio:    0.06
      Required ratio:   50.71 (Gate area) 
      Cumulative area ratio:    1.29
      Required ratio:    0.00 (Cumulative area) 

    Layer: met4
      Partial area ratio:    9.67
      Required ratio:    0.00 (Gate area) 
      Cumulative area ratio:  271.96
      Required ratio:    0.00 (Cumulative area) 
      Partial area ratio:   52.12
      Required ratio: 3096.80 (Side area) 
      Cumulative area ratio: 1390.74
      Required ratio:    0.00 (Cumulative side area) 


  Pin:   _25577_/A (sky130_fd_sc_hd__nand2_1)
    Layer: mcon
      Partial area ratio:    0.12
      Required ratio:    3.00 (Gate area) 
      Cumulative area ratio:    0.12
      Required ratio:    0.00 (Cumulative area) 

    Layer: met1
      Partial area ratio:    1.15
      Required ratio:    0.00 (Gate area) 
      Cumulative area ratio:    1.15
      Required ratio:    0.00 (Cumulative area) 
      Partial area ratio:    4.84
      Required ratio:  400.00 (Side area) 
      Cumulative area ratio:    4.84
      Required ratio:    0.00 (Cumulative side area) 

    Layer: via
      Partial area ratio:    0.18
      Required ratio:    6.00 (Gate area) 
      Cumulative area ratio:    0.30
      Required ratio:    0.00 (Cumulative area) 

    Layer: met2
      Partial area ratio:    0.75
      Required ratio:    0.00 (Gate area) 
      Cumulative area ratio:    1.90
      Required ratio:    0.00 (Cumulative area) 
      Partial area ratio:    3.48
      Required ratio:  400.00 (Side area) 
      Cumulative area ratio:    8.32
      Required ratio:    0.00 (Cumulative side area) 

    Layer: via2
      Partial area ratio:    0.16
      Required ratio:    6.00 (Gate area) 
      Cumulative area ratio:    0.46
      Required ratio:    0.00 (Cumulative area) 

    Layer: met3
      Partial area ratio:   87.08
      Required ratio:    0.00 (Gate area) 
      Cumulative area ratio:   88.98
      Required ratio:    0.00 (Cumulative area) 
      Partial area ratio:  465.92
      Required ratio: 3096.80 (Side area) 
      Cumulative area ratio:  474.24
      Required ratio:    0.00 (Cumulative side area) 

    Layer: via3
      Partial area ratio:    0.06
      Required ratio:   50.71 (Gate area) 
      Cumulative area ratio:    0.52
      Required ratio:    0.00 (Cumulative area) 

    Layer: met4
      Partial area ratio:    9.67
      Required ratio:    0.00 (Gate area) 
      Cumulative area ratio:   98.65
      Required ratio:    0.00 (Cumulative area) 
      Partial area ratio:   52.12
      Required ratio: 3096.80 (Side area) 
      Cumulative area ratio:  526.36
      Required ratio:    0.00 (Cumulative side area) 


  Pin:   _25823_/A1 (sky130_fd_sc_hd__a22o_1)
    Layer: mcon
      Partial area ratio:    0.12
      Required ratio:    3.00 (Gate area) 
      Cumulative area ratio:    0.12
      Required ratio:    0.00 (Cumulative area) 

    Layer: met1
      Partial area ratio:    2.85
      Required ratio:    0.00 (Gate area) 
      Cumulative area ratio:    2.85
      Required ratio:    0.00 (Cumulative area) 
      Partial area ratio:   13.52
      Required ratio:  400.00 (Side area) 
      Cumulative area ratio:   13.52
      Required ratio:    0.00 (Cumulative side area) 

    Layer: via
      Partial area ratio:    0.18
      Required ratio:    6.00 (Gate area) 
      Cumulative area ratio:    0.30
      Required ratio:    0.00 (Cumulative area) 

    Layer: met2
      Partial area ratio:   12.60
      Required ratio:    0.00 (Gate area) 
      Cumulative area ratio:   15.46
      Required ratio:    0.00 (Cumulative area) 
      Partial area ratio:   62.29
      Required ratio:  400.00 (Side area) 
      Cumulative area ratio:   75.81
      Required ratio:    0.00 (Cumulative side area) 

    Layer: via2
      Partial area ratio:    0.16
      Required ratio:    6.00 (Gate area) 
      Cumulative area ratio:    0.46
      Required ratio:    0.00 (Cumulative area) 

    Layer: met3
      Partial area ratio:   87.08
      Required ratio:    0.00 (Gate area) 
      Cumulative area ratio:  102.54
      Required ratio:    0.00 (Cumulative area) 
      Partial area ratio:  465.92
      Required ratio: 3096.80 (Side area) 
      Cumulative area ratio:  541.73
      Required ratio:    0.00 (Cumulative side area) 

    Layer: via3
      Partial area ratio:    0.06
      Required ratio:   50.71 (Gate area) 
      Cumulative area ratio:    0.52
      Required ratio:    0.00 (Cumulative area) 

    Layer: met4
      Partial area ratio:    9.67
      Required ratio:    0.00 (Gate area) 
      Cumulative area ratio:  112.21
      Required ratio:    0.00 (Cumulative area) 
      Partial area ratio:   52.12
      Required ratio: 3096.80 (Side area) 
      Cumulative area ratio:  593.85
      Required ratio:    0.00 (Cumulative side area) 



Net: _10324_
  Pin:   fanout692/A (sky130_fd_sc_hd__buf_6)
    Layer: mcon
      Partial area ratio:    0.06
      Required ratio:    3.00 (Gate area) 
      Cumulative area ratio:    0.06
      Required ratio:    0.00 (Cumulative area) 

    Layer: met1
      Partial area ratio:    1.12
      Required ratio:    0.00 (Gate area) 
      Cumulative area ratio:    1.12
      Required ratio:    0.00 (Cumulative area) 
      Partial area ratio:    5.22
      Required ratio:  400.00 (Side area) 
      Cumulative area ratio:    5.22
      Required ratio:    0.00 (Cumulative side area) 

    Layer: via
      Partial area ratio:    0.09
      Required ratio:    6.00 (Gate area) 
      Cumulative area ratio:    0.15
      Required ratio:    0.00 (Cumulative area) 

    Layer: met2
      Partial area ratio:    0.38
      Required ratio:    0.00 (Gate area) 
      Cumulative area ratio:    1.50
      Required ratio:    0.00 (Cumulative area) 
      Partial area ratio:    1.74
      Required ratio:  400.00 (Side area) 
      Cumulative area ratio:    6.95
      Required ratio:    0.00 (Cumulative side area) 

    Layer: via2
      Partial area ratio:    0.08
      Required ratio:    6.00 (Gate area) 
      Cumulative area ratio:    0.23
      Required ratio:    0.00 (Cumulative area) 

    Layer: met3
      Partial area ratio:    0.25
      Required ratio:    0.00 (Gate area) 
      Cumulative area ratio:    1.75
      Required ratio:    0.00 (Cumulative area) 
      Partial area ratio:    2.29
      Required ratio:  400.00 (Side area) 
      Cumulative area ratio:    9.25
      Required ratio:    0.00 (Cumulative side area) 

    Layer: via3
      Partial area ratio:    0.08
      Required ratio:    6.00 (Gate area) 
      Cumulative area ratio:    0.31
      Required ratio:    0.00 (Cumulative area) 

    Layer: met4
      Partial area ratio:   67.53
      Required ratio:    0.00 (Gate area) 
      Cumulative area ratio:   69.28
      Required ratio:    0.00 (Cumulative area) 
      Partial area ratio:  361.65
      Required ratio: 2778.20 (Side area) 
      Cumulative area ratio:  370.89
      Required ratio:    0.00 (Cumulative side area) 


  Pin:   fanout693/A (sky130_fd_sc_hd__buf_4)
    Layer: mcon
      Partial area ratio:    0.12
      Required ratio:    3.00 (Gate area) 
      Cumulative area ratio:    0.12
      Required ratio:    0.00 (Cumulative area) 

    Layer: met1
      Partial area ratio:    2.99
      Required ratio:    0.00 (Gate area) 
      Cumulative area ratio:    2.99
      Required ratio:    0.00 (Cumulative area) 
      Partial area ratio:   14.20
      Required ratio:  400.00 (Side area) 
      Cumulative area ratio:   14.20
      Required ratio:    0.00 (Cumulative side area) 

    Layer: via
      Partial area ratio:    0.18
      Required ratio:    6.00 (Gate area) 
      Cumulative area ratio:    0.30
      Required ratio:    0.00 (Cumulative area) 

    Layer: met2
      Partial area ratio:    0.75
      Required ratio:    0.00 (Gate area) 
      Cumulative area ratio:    3.74
      Required ratio:    0.00 (Cumulative area) 
      Partial area ratio:    3.48
      Required ratio:  400.00 (Side area) 
      Cumulative area ratio:   17.68
      Required ratio:    0.00 (Cumulative side area) 

    Layer: via2
      Partial area ratio:    0.16
      Required ratio:    6.00 (Gate area) 
      Cumulative area ratio:    0.46
      Required ratio:    0.00 (Cumulative area) 

    Layer: met3
      Partial area ratio:  117.63
      Required ratio:    0.00 (Gate area) 
      Cumulative area ratio:  121.37
      Required ratio:    0.00 (Cumulative area) 
      Partial area ratio:  629.20
      Required ratio:  400.00 (Side area) (VIOLATED)
      Cumulative area ratio:  646.88
      Required ratio:    0.00 (Cumulative side area) 

    Layer: via3
      Partial area ratio:    0.32
      Required ratio:    6.00 (Gate area) 
      Cumulative area ratio:    0.78
      Required ratio:    0.00 (Cumulative area) 

    Layer: met4
      Partial area ratio:   67.53
      Required ratio:    0.00 (Gate area) 
      Cumulative area ratio:  188.90
      Required ratio:    0.00 (Cumulative area) 
      Partial area ratio:  361.65
      Required ratio: 2778.20 (Side area) 
      Cumulative area ratio: 1008.53
      Required ratio:    0.00 (Cumulative side area) 


  Pin:   fanout694/A (sky130_fd_sc_hd__clkbuf_2)
    Layer: mcon
      Partial area ratio:    0.14
      Required ratio:    3.00 (Gate area) 
      Cumulative area ratio:    0.14
      Required ratio:    0.00 (Cumulative area) 

    Layer: met1
      Partial area ratio:    2.64
      Required ratio:    0.00 (Gate area) 
      Cumulative area ratio:    2.64
      Required ratio:    0.00 (Cumulative area) 
      Partial area ratio:   12.34
      Required ratio:  400.00 (Side area) 
      Cumulative area ratio:   12.34
      Required ratio:    0.00 (Cumulative side area) 

    Layer: via
      Partial area ratio:    0.21
      Required ratio:    6.00 (Gate area) 
      Cumulative area ratio:    0.35
      Required ratio:    0.00 (Cumulative area) 

    Layer: met2
      Partial area ratio:    0.88
      Required ratio:    0.00 (Gate area) 
      Cumulative area ratio:    3.52
      Required ratio:    0.00 (Cumulative area) 
      Partial area ratio:    4.04
      Required ratio:  400.00 (Side area) 
      Cumulative area ratio:   16.38
      Required ratio:    0.00 (Cumulative side area) 

    Layer: via2
      Partial area ratio:    0.19
      Required ratio:    6.00 (Gate area) 
      Cumulative area ratio:    0.53
      Required ratio:    0.00 (Cumulative area) 

    Layer: met3
      Partial area ratio:    0.59
      Required ratio:    0.00 (Gate area) 
      Cumulative area ratio:    4.11
      Required ratio:    0.00 (Cumulative area) 
      Partial area ratio:    5.33
      Required ratio:  400.00 (Side area) 
      Cumulative area ratio:   21.72
      Required ratio:    0.00 (Cumulative side area) 

    Layer: via3
      Partial area ratio:    0.19
      Required ratio:    6.00 (Gate area) 
      Cumulative area ratio:    0.72
      Required ratio:    0.00 (Cumulative area) 

    Layer: met4
      Partial area ratio:   67.53
      Required ratio:    0.00 (Gate area) 
      Cumulative area ratio:   71.64
      Required ratio:    0.00 (Cumulative area) 
      Partial area ratio:  361.65
      Required ratio: 2778.20 (Side area) 
      Cumulative area ratio:  383.36
      Required ratio:    0.00 (Cumulative side area) 



Net: _10401_
  Pin:   fanout637/A (sky130_fd_sc_hd__buf_4)
    Layer: mcon
      Partial area ratio:    0.12
      Required ratio:    3.00 (Gate area) 
      Cumulative area ratio:    0.12
      Required ratio:    0.00 (Cumulative area) 

    Layer: met1
      Partial area ratio:    2.55
      Required ratio:    0.00 (Gate area) 
      Cumulative area ratio:    2.55
      Required ratio:    0.00 (Cumulative area) 
      Partial area ratio:   12.02
      Required ratio:  400.00 (Side area) 
      Cumulative area ratio:   12.02
      Required ratio:    0.00 (Cumulative side area) 

    Layer: via
      Partial area ratio:    0.18
      Required ratio:    6.00 (Gate area) 
      Cumulative area ratio:    0.30
      Required ratio:    0.00 (Cumulative area) 

    Layer: met2
      Partial area ratio:   12.74
      Required ratio:    0.00 (Gate area) 
      Cumulative area ratio:   15.29
      Required ratio:    0.00 (Cumulative area) 
      Partial area ratio:   63.05
      Required ratio: 2778.20 (Side area) 
      Cumulative area ratio:   75.07
      Required ratio:    0.00 (Cumulative side area) 

    Layer: via2
      Partial area ratio:    0.08
      Required ratio:   22.04 (Gate area) 
      Cumulative area ratio:    0.38
      Required ratio:    0.00 (Cumulative area) 

    Layer: met3
      Partial area ratio:   16.98
      Required ratio:    0.00 (Gate area) 
      Cumulative area ratio:   32.27
      Required ratio:    0.00 (Cumulative area) 
      Partial area ratio:   91.49
      Required ratio: 2778.20 (Side area) 
      Cumulative area ratio:  166.56
      Required ratio:    0.00 (Cumulative side area) 

    Layer: via3
      Partial area ratio:    0.08
      Required ratio:   22.04 (Gate area) 
      Cumulative area ratio:    0.46
      Required ratio:    0.00 (Cumulative area) 

    Layer: met4
      Partial area ratio:   19.68
      Required ratio:    0.00 (Gate area) 
      Cumulative area ratio:   51.95
      Required ratio:    0.00 (Cumulative area) 
      Partial area ratio:  105.57
      Required ratio: 2778.20 (Side area) 
      Cumulative area ratio:  272.13
      Required ratio:    0.00 (Cumulative side area) 


  Pin:   fanout640/A (sky130_fd_sc_hd__buf_4)
    Layer: mcon
      Partial area ratio:    0.12
      Required ratio:    3.00 (Gate area) 
      Cumulative area ratio:    0.12
      Required ratio:    0.00 (Cumulative area) 

    Layer: met1
      Partial area ratio:    3.87
      Required ratio:    0.00 (Gate area) 
      Cumulative area ratio:    3.87
      Required ratio:    0.00 (Cumulative area) 
      Partial area ratio:   18.61
      Required ratio:  400.00 (Side area) 
      Cumulative area ratio:   18.61
      Required ratio:    0.00 (Cumulative side area) 

    Layer: via
      Partial area ratio:    0.18
      Required ratio:    6.00 (Gate area) 
      Cumulative area ratio:    0.30
      Required ratio:    0.00 (Cumulative area) 

    Layer: met2
      Partial area ratio:   12.74
      Required ratio:    0.00 (Gate area) 
      Cumulative area ratio:   16.61
      Required ratio:    0.00 (Cumulative area) 
      Partial area ratio:   63.05
      Required ratio: 2778.20 (Side area) 
      Cumulative area ratio:   81.66
      Required ratio:    0.00 (Cumulative side area) 

    Layer: via2
      Partial area ratio:    0.08
      Required ratio:   22.04 (Gate area) 
      Cumulative area ratio:    0.38
      Required ratio:    0.00 (Cumulative area) 

    Layer: met3
      Partial area ratio:   16.98
      Required ratio:    0.00 (Gate area) 
      Cumulative area ratio:   33.59
      Required ratio:    0.00 (Cumulative area) 
      Partial area ratio:   91.49
      Required ratio: 2778.20 (Side area) 
      Cumulative area ratio:  173.15
      Required ratio:    0.00 (Cumulative side area) 

    Layer: via3
      Partial area ratio:    0.08
      Required ratio:   22.04 (Gate area) 
      Cumulative area ratio:    0.46
      Required ratio:    0.00 (Cumulative area) 

    Layer: met4
      Partial area ratio:   19.68
      Required ratio:    0.00 (Gate area) 
      Cumulative area ratio:   53.26
      Required ratio:    0.00 (Cumulative area) 
      Partial area ratio:  105.57
      Required ratio: 2778.20 (Side area) 
      Cumulative area ratio:  278.72
      Required ratio:    0.00 (Cumulative side area) 


  Pin:   fanout644/A (sky130_fd_sc_hd__buf_4)
    Layer: mcon
      Partial area ratio:    0.12
      Required ratio:    3.00 (Gate area) 
      Cumulative area ratio:    0.12
      Required ratio:    0.00 (Cumulative area) 

    Layer: met1
      Partial area ratio:    1.58
      Required ratio:    0.00 (Gate area) 
      Cumulative area ratio:    1.58
      Required ratio:    0.00 (Cumulative area) 
      Partial area ratio:    7.16
      Required ratio:  400.00 (Side area) 
      Cumulative area ratio:    7.16
      Required ratio:    0.00 (Cumulative side area) 

    Layer: via
      Partial area ratio:    0.18
      Required ratio:    6.00 (Gate area) 
      Cumulative area ratio:    0.30
      Required ratio:    0.00 (Cumulative area) 

    Layer: met2
      Partial area ratio:    4.80
      Required ratio:    0.00 (Gate area) 
      Cumulative area ratio:    6.38
      Required ratio:    0.00 (Cumulative area) 
      Partial area ratio:   23.26
      Required ratio:  400.00 (Side area) 
      Cumulative area ratio:   30.42
      Required ratio:    0.00 (Cumulative side area) 

    Layer: via2
      Partial area ratio:    0.16
      Required ratio:    6.00 (Gate area) 
      Cumulative area ratio:    0.46
      Required ratio:    0.00 (Cumulative area) 

    Layer: met3
      Partial area ratio:   75.77
      Required ratio:    0.00 (Gate area) 
      Cumulative area ratio:   82.15
      Required ratio:    0.00 (Cumulative area) 
      Partial area ratio:  406.01
      Required ratio:  400.00 (Side area) (VIOLATED)
      Cumulative area ratio:  436.43
      Required ratio:    0.00 (Cumulative side area) 

    Layer: via3
      Partial area ratio:    0.16
      Required ratio:    6.00 (Gate area) 
      Cumulative area ratio:    0.62
      Required ratio:    0.00 (Cumulative area) 

    Layer: met4
      Partial area ratio:   19.68
      Required ratio:    0.00 (Gate area) 
      Cumulative area ratio:  101.83
      Required ratio:    0.00 (Cumulative area) 
      Partial area ratio:  105.57
      Required ratio: 2778.20 (Side area) 
      Cumulative area ratio:  542.00
      Required ratio:    0.00 (Cumulative side area) 



Net: _10445_
  Pin:   fanout604/A (sky130_fd_sc_hd__clkbuf_8)
    Layer: mcon
      Partial area ratio:    0.07
      Required ratio:    3.00 (Gate area) 
      Cumulative area ratio:    0.07
      Required ratio:    0.00 (Cumulative area) 

    Layer: met1
      Partial area ratio:    2.45
      Required ratio:    0.00 (Gate area) 
      Cumulative area ratio:    2.45
      Required ratio:    0.00 (Cumulative area) 
      Partial area ratio:   11.82
      Required ratio:  400.00 (Side area) 
      Cumulative area ratio:   11.82
      Required ratio:    0.00 (Cumulative side area) 

    Layer: via
      Partial area ratio:    0.11
      Required ratio:    6.00 (Gate area) 
      Cumulative area ratio:    0.17
      Required ratio:    0.00 (Cumulative area) 

    Layer: met2
      Partial area ratio:   18.98
      Required ratio:    0.00 (Gate area) 
      Cumulative area ratio:   21.43
      Required ratio:    0.00 (Cumulative area) 
      Partial area ratio:   94.06
      Required ratio: 3134.60 (Side area) 
      Cumulative area ratio:  105.88
      Required ratio:    0.00 (Cumulative side area) 

    Layer: via2
      Partial area ratio:    0.19
      Required ratio:   54.11 (Gate area) 
      Cumulative area ratio:    0.36
      Required ratio:    0.00 (Cumulative area) 

    Layer: met3
      Partial area ratio:   71.05
      Required ratio:    0.00 (Gate area) 
      Cumulative area ratio:   92.48
      Required ratio:    0.00 (Cumulative area) 
      Partial area ratio:  380.34
      Required ratio: 3134.60 (Side area) 
      Cumulative area ratio:  486.23
      Required ratio:    0.00 (Cumulative side area) 

    Layer: via3
      Partial area ratio:    0.06
      Required ratio:   54.11 (Gate area) 
      Cumulative area ratio:    0.42
      Required ratio:    0.00 (Cumulative area) 

    Layer: met4
      Partial area ratio:   49.81
      Required ratio:    0.00 (Gate area) 
      Cumulative area ratio:  142.29
      Required ratio:    0.00 (Cumulative area) 
      Partial area ratio:  266.43
      Required ratio: 3134.60 (Side area) 
      Cumulative area ratio:  752.66
      Required ratio:    0.00 (Cumulative side area) 


  Pin:   fanout607/A (sky130_fd_sc_hd__buf_4)
    Layer: mcon
      Partial area ratio:    0.12
      Required ratio:    3.00 (Gate area) 
      Cumulative area ratio:    0.12
      Required ratio:    0.00 (Cumulative area) 

    Layer: met1
      Partial area ratio:    3.06
      Required ratio:    0.00 (Gate area) 
      Cumulative area ratio:    3.06
      Required ratio:    0.00 (Cumulative area) 
      Partial area ratio:   14.54
      Required ratio:  400.00 (Side area) 
      Cumulative area ratio:   14.54
      Required ratio:    0.00 (Cumulative side area) 

    Layer: via
      Partial area ratio:    0.18
      Required ratio:    6.00 (Gate area) 
      Cumulative area ratio:    0.30
      Required ratio:    0.00 (Cumulative area) 

    Layer: met2
      Partial area ratio:    0.75
      Required ratio:    0.00 (Gate area) 
      Cumulative area ratio:    3.81
      Required ratio:    0.00 (Cumulative area) 
      Partial area ratio:    3.48
      Required ratio:  400.00 (Side area) 
      Cumulative area ratio:   18.02
      Required ratio:    0.00 (Cumulative side area) 

    Layer: via2
      Partial area ratio:    0.16
      Required ratio:    6.00 (Gate area) 
      Cumulative area ratio:    0.46
      Required ratio:    0.00 (Cumulative area) 

    Layer: met3
      Partial area ratio:   71.05
      Required ratio:    0.00 (Gate area) 
      Cumulative area ratio:   74.86
      Required ratio:    0.00 (Cumulative area) 
      Partial area ratio:  380.34
      Required ratio: 3134.60 (Side area) 
      Cumulative area ratio:  398.36
      Required ratio:    0.00 (Cumulative side area) 

    Layer: via3
      Partial area ratio:    0.06
      Required ratio:   54.11 (Gate area) 
      Cumulative area ratio:    0.52
      Required ratio:    0.00 (Cumulative area) 

    Layer: met4
      Partial area ratio:   49.81
      Required ratio:    0.00 (Gate area) 
      Cumulative area ratio:  124.67
      Required ratio:    0.00 (Cumulative area) 
      Partial area ratio:  266.43
      Required ratio: 3134.60 (Side area) 
      Cumulative area ratio:  664.79
      Required ratio:    0.00 (Cumulative side area) 


  Pin:   fanout608/A (sky130_fd_sc_hd__buf_4)
    Layer: mcon
      Partial area ratio:    0.12
      Required ratio:    3.00 (Gate area) 
      Cumulative area ratio:    0.12
      Required ratio:    0.00 (Cumulative area) 

    Layer: met1
      Partial area ratio:   16.62
      Required ratio:    0.00 (Gate area) 
      Cumulative area ratio:   16.62
      Required ratio:    0.00 (Cumulative area) 
      Partial area ratio:   82.36
      Required ratio:  400.00 (Side area) 
      Cumulative area ratio:   82.36
      Required ratio:    0.00 (Cumulative side area) 

    Layer: via
      Partial area ratio:    0.18
      Required ratio:    6.00 (Gate area) 
      Cumulative area ratio:    0.30
      Required ratio:    0.00 (Cumulative area) 

    Layer: met2
      Partial area ratio:    0.75
      Required ratio:    0.00 (Gate area) 
      Cumulative area ratio:   17.38
      Required ratio:    0.00 (Cumulative area) 
      Partial area ratio:    3.48
      Required ratio:  400.00 (Side area) 
      Cumulative area ratio:   85.84
      Required ratio:    0.00 (Cumulative side area) 

    Layer: via2
      Partial area ratio:    0.16
      Required ratio:    6.00 (Gate area) 
      Cumulative area ratio:    0.46
      Required ratio:    0.00 (Cumulative area) 

    Layer: met3
      Partial area ratio:   59.08
      Required ratio:    0.00 (Gate area) 
      Cumulative area ratio:   76.46
      Required ratio:    0.00 (Cumulative area) 
      Partial area ratio:  316.96
      Required ratio:  400.00 (Side area) 
      Cumulative area ratio:  402.80
      Required ratio:    0.00 (Cumulative side area) 

    Layer: via3
      Partial area ratio:    0.32
      Required ratio:    6.00 (Gate area) 
      Cumulative area ratio:    0.78
      Required ratio:    0.00 (Cumulative area) 

    Layer: met4
      Partial area ratio:   49.81
      Required ratio:    0.00 (Gate area) 
      Cumulative area ratio:  126.26
      Required ratio:    0.00 (Cumulative area) 
      Partial area ratio:  266.43
      Required ratio: 3134.60 (Side area) 
      Cumulative area ratio:  669.23
      Required ratio:    0.00 (Cumulative side area) 


  Pin:   fanout609/A (sky130_fd_sc_hd__buf_4)
    Layer: mcon
      Partial area ratio:    0.12
      Required ratio:    3.00 (Gate area) 
      Cumulative area ratio:    0.12
      Required ratio:    0.00 (Cumulative area) 

    Layer: met1
      Partial area ratio:    2.87
      Required ratio:    0.00 (Gate area) 
      Cumulative area ratio:    2.87
      Required ratio:    0.00 (Cumulative area) 
      Partial area ratio:   13.60
      Required ratio:  400.00 (Side area) 
      Cumulative area ratio:   13.60
      Required ratio:    0.00 (Cumulative side area) 

    Layer: via
      Partial area ratio:    0.18
      Required ratio:    6.00 (Gate area) 
      Cumulative area ratio:    0.30
      Required ratio:    0.00 (Cumulative area) 

    Layer: met2
      Partial area ratio:   20.41
      Required ratio:    0.00 (Gate area) 
      Cumulative area ratio:   23.28
      Required ratio:    0.00 (Cumulative area) 
      Partial area ratio:  101.32
      Required ratio:  400.00 (Side area) 
      Cumulative area ratio:  114.93
      Required ratio:    0.00 (Cumulative side area) 

    Layer: via2
      Partial area ratio:    0.16
      Required ratio:    6.00 (Gate area) 
      Cumulative area ratio:    0.46
      Required ratio:    0.00 (Cumulative area) 

    Layer: met3
      Partial area ratio:  301.59
      Required ratio:    0.00 (Gate area) 
      Cumulative area ratio:  324.87
      Required ratio:    0.00 (Cumulative area) 
      Partial area ratio: 1610.38
      Required ratio:  400.00 (Side area) (VIOLATED)
      Cumulative area ratio: 1725.30
      Required ratio:    0.00 (Cumulative side area) 

    Layer: via3
      Partial area ratio:    0.16
      Required ratio:    6.00 (Gate area) 
      Cumulative area ratio:    0.62
      Required ratio:    0.00 (Cumulative area) 

    Layer: met4
      Partial area ratio:   49.81
      Required ratio:    0.00 (Gate area) 
      Cumulative area ratio:  374.68
      Required ratio:    0.00 (Cumulative area) 
      Partial area ratio:  266.43
      Required ratio: 3134.60 (Side area) 
      Cumulative area ratio: 1991.74
      Required ratio:    0.00 (Cumulative side area) 



Net: _10500_
  Pin:   fanout569/A (sky130_fd_sc_hd__clkbuf_4)
    Layer: mcon
      Partial area ratio:    0.14
      Required ratio:    3.00 (Gate area) 
      Cumulative area ratio:    0.14
      Required ratio:    0.00 (Cumulative area) 

    Layer: met1
      Partial area ratio:    7.47
      Required ratio:    0.00 (Gate area) 
      Cumulative area ratio:    7.47
      Required ratio:    0.00 (Cumulative area) 
      Partial area ratio:   36.46
      Required ratio:  400.00 (Side area) 
      Cumulative area ratio:   36.46
      Required ratio:    0.00 (Cumulative side area) 

    Layer: via
      Partial area ratio:    0.21
      Required ratio:    6.00 (Gate area) 
      Cumulative area ratio:    0.35
      Required ratio:    0.00 (Cumulative area) 

    Layer: met2
      Partial area ratio:    0.88
      Required ratio:    0.00 (Gate area) 
      Cumulative area ratio:    8.34
      Required ratio:    0.00 (Cumulative area) 
      Partial area ratio:    4.04
      Required ratio:  400.00 (Side area) 
      Cumulative area ratio:   40.50
      Required ratio:    0.00 (Cumulative side area) 

    Layer: via2
      Partial area ratio:    0.19
      Required ratio:    6.00 (Gate area) 
      Cumulative area ratio:    0.53
      Required ratio:    0.00 (Cumulative area) 

    Layer: met3
      Partial area ratio:  136.68
      Required ratio:    0.00 (Gate area) 
      Cumulative area ratio:  145.02
      Required ratio:    0.00 (Cumulative area) 
      Partial area ratio:  731.12
      Required ratio:  400.00 (Side area) (VIOLATED)
      Cumulative area ratio:  771.62
      Required ratio:    0.00 (Cumulative side area) 

    Layer: via3
      Partial area ratio:    0.38
      Required ratio:    6.00 (Gate area) 
      Cumulative area ratio:    0.91
      Required ratio:    0.00 (Cumulative area) 

    Layer: met4
      Partial area ratio:   97.26
      Required ratio:    0.00 (Gate area) 
      Cumulative area ratio:  242.28
      Required ratio:    0.00 (Cumulative area) 
      Partial area ratio:  519.84
      Required ratio: 2956.40 (Side area) 
      Cumulative area ratio: 1291.46
      Required ratio:    0.00 (Cumulative side area) 


  Pin:   fanout570/A (sky130_fd_sc_hd__clkbuf_4)
    Layer: mcon
      Partial area ratio:    0.14
      Required ratio:    3.00 (Gate area) 
      Cumulative area ratio:    0.14
      Required ratio:    0.00 (Cumulative area) 

    Layer: met1
      Partial area ratio:    9.78
      Required ratio:    0.00 (Gate area) 
      Cumulative area ratio:    9.78
      Required ratio:    0.00 (Cumulative area) 
      Partial area ratio:   47.90
      Required ratio:  400.00 (Side area) 
      Cumulative area ratio:   47.90
      Required ratio:    0.00 (Cumulative side area) 

    Layer: via
      Partial area ratio:    0.18
      Required ratio:    6.00 (Gate area) 
      Cumulative area ratio:    0.32
      Required ratio:    0.00 (Cumulative area) 

    Layer: met2
      Partial area ratio:    3.42
      Required ratio:    0.00 (Gate area) 
      Cumulative area ratio:   13.19
      Required ratio:    0.00 (Cumulative area) 
      Partial area ratio:   16.57
      Required ratio:  400.00 (Side area) 
      Cumulative area ratio:   64.47
      Required ratio:    0.00 (Cumulative side area) 

    Layer: via2
      Partial area ratio:    0.11
      Required ratio:    6.00 (Gate area) 
      Cumulative area ratio:    0.42
      Required ratio:    0.00 (Cumulative area) 

    Layer: met3
      Partial area ratio:   44.85
      Required ratio:    0.00 (Gate area) 
      Cumulative area ratio:   58.04
      Required ratio:    0.00 (Cumulative area) 
      Partial area ratio:  240.45
      Required ratio:  400.00 (Side area) 
      Cumulative area ratio:  304.92
      Required ratio:    0.00 (Cumulative side area) 

    Layer: via3
      Partial area ratio:    0.11
      Required ratio:    6.00 (Gate area) 
      Cumulative area ratio:    0.53
      Required ratio:    0.00 (Cumulative area) 

    Layer: met4
      Partial area ratio:   97.26
      Required ratio:    0.00 (Gate area) 
      Cumulative area ratio:  155.30
      Required ratio:    0.00 (Cumulative area) 
      Partial area ratio:  519.84
      Required ratio: 2956.40 (Side area) 
      Cumulative area ratio:  824.77
      Required ratio:    0.00 (Cumulative side area) 


  Pin:   fanout571/A (sky130_fd_sc_hd__buf_2)
    Layer: mcon
      Partial area ratio:    0.18
      Required ratio:    3.00 (Gate area) 
      Cumulative area ratio:    0.18
      Required ratio:    0.00 (Cumulative area) 

    Layer: met1
      Partial area ratio:    9.78
      Required ratio:    0.00 (Gate area) 
      Cumulative area ratio:    9.78
      Required ratio:    0.00 (Cumulative area) 
      Partial area ratio:   47.90
      Required ratio:  400.00 (Side area) 
      Cumulative area ratio:   47.90
      Required ratio:    0.00 (Cumulative side area) 

    Layer: via
      Partial area ratio:    0.18
      Required ratio:    6.00 (Gate area) 
      Cumulative area ratio:    0.36
      Required ratio:    0.00 (Cumulative area) 

    Layer: met2
      Partial area ratio:    3.42
      Required ratio:    0.00 (Gate area) 
      Cumulative area ratio:   13.19
      Required ratio:    0.00 (Cumulative area) 
      Partial area ratio:   16.57
      Required ratio:  400.00 (Side area) 
      Cumulative area ratio:   64.47
      Required ratio:    0.00 (Cumulative side area) 

    Layer: via2
      Partial area ratio:    0.11
      Required ratio:    6.00 (Gate area) 
      Cumulative area ratio:    0.47
      Required ratio:    0.00 (Cumulative area) 

    Layer: met3
      Partial area ratio:   44.85
      Required ratio:    0.00 (Gate area) 
      Cumulative area ratio:   58.04
      Required ratio:    0.00 (Cumulative area) 
      Partial area ratio:  240.45
      Required ratio:  400.00 (Side area) 
      Cumulative area ratio:  304.92
      Required ratio:    0.00 (Cumulative side area) 

    Layer: via3
      Partial area ratio:    0.11
      Required ratio:    6.00 (Gate area) 
      Cumulative area ratio:    0.58
      Required ratio:    0.00 (Cumulative area) 

    Layer: met4
      Partial area ratio:   97.26
      Required ratio:    0.00 (Gate area) 
      Cumulative area ratio:  155.30
      Required ratio:    0.00 (Cumulative area) 
      Partial area ratio:  519.84
      Required ratio: 2956.40 (Side area) 
      Cumulative area ratio:  824.77
      Required ratio:    0.00 (Cumulative side area) 


  Pin:   fanout573/A (sky130_fd_sc_hd__buf_4)
    Layer: mcon
      Partial area ratio:    0.12
      Required ratio:    3.00 (Gate area) 
      Cumulative area ratio:    0.12
      Required ratio:    0.00 (Cumulative area) 

    Layer: met1
      Partial area ratio:   16.96
      Required ratio:    0.00 (Gate area) 
      Cumulative area ratio:   16.96
      Required ratio:    0.00 (Cumulative area) 
      Partial area ratio:   84.03
      Required ratio:  400.00 (Side area) 
      Cumulative area ratio:   84.03
      Required ratio:    0.00 (Cumulative side area) 

    Layer: via
      Partial area ratio:    0.18
      Required ratio:    6.00 (Gate area) 
      Cumulative area ratio:    0.30
      Required ratio:    0.00 (Cumulative area) 

    Layer: met2
      Partial area ratio:   13.43
      Required ratio:    0.00 (Gate area) 
      Cumulative area ratio:   30.39
      Required ratio:    0.00 (Cumulative area) 
      Partial area ratio:   65.91
      Required ratio: 2956.40 (Side area) 
      Cumulative area ratio:  149.94
      Required ratio:    0.00 (Cumulative side area) 

    Layer: via2
      Partial area ratio:    0.16
      Required ratio:   38.08 (Gate area) 
      Cumulative area ratio:    0.46
      Required ratio:    0.00 (Cumulative area) 

    Layer: met3
      Partial area ratio:    0.50
      Required ratio:    0.00 (Gate area) 
      Cumulative area ratio:   30.89
      Required ratio:    0.00 (Cumulative area) 
      Partial area ratio:    4.59
      Required ratio: 2956.40 (Side area) 
      Cumulative area ratio:  154.53
      Required ratio:    0.00 (Cumulative side area) 

    Layer: via3
      Partial area ratio:    0.16
      Required ratio:   38.08 (Gate area) 
      Cumulative area ratio:    0.62
      Required ratio:    0.00 (Cumulative area) 

    Layer: met4
      Partial area ratio:   97.26
      Required ratio:    0.00 (Gate area) 
      Cumulative area ratio:  128.15
      Required ratio:    0.00 (Cumulative area) 
      Partial area ratio:  519.84
      Required ratio: 2956.40 (Side area) 
      Cumulative area ratio:  674.37
      Required ratio:    0.00 (Cumulative side area) 



Net: _10555_
  Pin:   fanout532/A (sky130_fd_sc_hd__clkbuf_4)
    Layer: mcon
      Partial area ratio:    0.14
      Required ratio:    3.00 (Gate area) 
      Cumulative area ratio:    0.14
      Required ratio:    0.00 (Cumulative area) 

    Layer: met1
      Partial area ratio:    3.17
      Required ratio:    0.00 (Gate area) 
      Cumulative area ratio:    3.17
      Required ratio:    0.00 (Cumulative area) 
      Partial area ratio:   14.97
      Required ratio:  400.00 (Side area) 
      Cumulative area ratio:   14.97
      Required ratio:    0.00 (Cumulative side area) 

    Layer: via
      Partial area ratio:    0.21
      Required ratio:    6.00 (Gate area) 
      Cumulative area ratio:    0.35
      Required ratio:    0.00 (Cumulative area) 

    Layer: met2
      Partial area ratio:    0.88
      Required ratio:    0.00 (Gate area) 
      Cumulative area ratio:    4.05
      Required ratio:    0.00 (Cumulative area) 
      Partial area ratio:    4.04
      Required ratio:  400.00 (Side area) 
      Cumulative area ratio:   19.01
      Required ratio:    0.00 (Cumulative side area) 

    Layer: via2
      Partial area ratio:    0.19
      Required ratio:    6.00 (Gate area) 
      Cumulative area ratio:    0.53
      Required ratio:    0.00 (Cumulative area) 

    Layer: met3
      Partial area ratio:   78.37
      Required ratio:    0.00 (Gate area) 
      Cumulative area ratio:   82.41
      Required ratio:    0.00 (Cumulative area) 
      Partial area ratio:  420.13
      Required ratio:  400.00 (Side area) (VIOLATED)
      Cumulative area ratio:  439.14
      Required ratio:    0.00 (Cumulative side area) 

    Layer: via3
      Partial area ratio:    0.38
      Required ratio:    6.00 (Gate area) 
      Cumulative area ratio:    0.91
      Required ratio:    0.00 (Cumulative area) 

    Layer: met4
      Partial area ratio:   97.55
      Required ratio:    0.00 (Gate area) 
      Cumulative area ratio:  179.97
      Required ratio:    0.00 (Cumulative area) 
      Partial area ratio:  521.77
      Required ratio: 3030.08 (Side area) 
      Cumulative area ratio:  960.91
      Required ratio:    0.00 (Cumulative side area) 


  Pin:   fanout535/A (sky130_fd_sc_hd__clkbuf_4)
    Layer: mcon
      Partial area ratio:    0.14
      Required ratio:    3.00 (Gate area) 
      Cumulative area ratio:    0.14
      Required ratio:    0.00 (Cumulative area) 

    Layer: met1
      Partial area ratio:    2.97
      Required ratio:    0.00 (Gate area) 
      Cumulative area ratio:    2.97
      Required ratio:    0.00 (Cumulative area) 
      Partial area ratio:   13.98
      Required ratio:  400.00 (Side area) 
      Cumulative area ratio:   13.98
      Required ratio:    0.00 (Cumulative side area) 

    Layer: via
      Partial area ratio:    0.21
      Required ratio:    6.00 (Gate area) 
      Cumulative area ratio:    0.35
      Required ratio:    0.00 (Cumulative area) 

    Layer: met2
      Partial area ratio:    5.58
      Required ratio:    0.00 (Gate area) 
      Cumulative area ratio:    8.55
      Required ratio:    0.00 (Cumulative area) 
      Partial area ratio:   27.03
      Required ratio:  400.00 (Side area) 
      Cumulative area ratio:   41.01
      Required ratio:    0.00 (Cumulative side area) 

    Layer: via2
      Partial area ratio:    0.19
      Required ratio:    6.00 (Gate area) 
      Cumulative area ratio:    0.53
      Required ratio:    0.00 (Cumulative area) 

    Layer: met3
      Partial area ratio:  146.36
      Required ratio:    0.00 (Gate area) 
      Cumulative area ratio:  154.90
      Required ratio:    0.00 (Cumulative area) 
      Partial area ratio:  782.76
      Required ratio:  400.00 (Side area) (VIOLATED)
      Cumulative area ratio:  823.77
      Required ratio:    0.00 (Cumulative side area) 

    Layer: via3
      Partial area ratio:    0.19
      Required ratio:    6.00 (Gate area) 
      Cumulative area ratio:    0.72
      Required ratio:    0.00 (Cumulative area) 

    Layer: met4
      Partial area ratio:   97.55
      Required ratio:    0.00 (Gate area) 
      Cumulative area ratio:  252.46
      Required ratio:    0.00 (Cumulative area) 
      Partial area ratio:  521.77
      Required ratio: 3030.08 (Side area) 
      Cumulative area ratio: 1345.54
      Required ratio:    0.00 (Cumulative side area) 


  Pin:   fanout539/A (sky130_fd_sc_hd__clkbuf_4)
    Layer: mcon
      Partial area ratio:    0.14
      Required ratio:    3.00 (Gate area) 
      Cumulative area ratio:    0.14
      Required ratio:    0.00 (Cumulative area) 

    Layer: met1
      Partial area ratio:    8.66
      Required ratio:    0.00 (Gate area) 
      Cumulative area ratio:    8.66
      Required ratio:    0.00 (Cumulative area) 
      Partial area ratio:   42.44
      Required ratio:  400.00 (Side area) 
      Cumulative area ratio:   42.44
      Required ratio:    0.00 (Cumulative side area) 

    Layer: via
      Partial area ratio:    0.21
      Required ratio:    6.00 (Gate area) 
      Cumulative area ratio:    0.35
      Required ratio:    0.00 (Cumulative area) 

    Layer: met2
      Partial area ratio:   60.39
      Required ratio:    0.00 (Gate area) 
      Cumulative area ratio:   69.05
      Required ratio:    0.00 (Cumulative area) 
      Partial area ratio:  301.05
      Required ratio: 3030.08 (Side area) 
      Cumulative area ratio:  343.49
      Required ratio:    0.00 (Cumulative side area) 

    Layer: via2
      Partial area ratio:    0.19
      Required ratio:   44.71 (Gate area) 
      Cumulative area ratio:    0.53
      Required ratio:    0.00 (Cumulative area) 

    Layer: met3
      Partial area ratio:    0.59
      Required ratio:    0.00 (Gate area) 
      Cumulative area ratio:   69.64
      Required ratio:    0.00 (Cumulative area) 
      Partial area ratio:    5.33
      Required ratio: 3030.08 (Side area) 
      Cumulative area ratio:  348.83
      Required ratio:    0.00 (Cumulative side area) 

    Layer: via3
      Partial area ratio:    0.19
      Required ratio:   44.71 (Gate area) 
      Cumulative area ratio:    0.72
      Required ratio:    0.00 (Cumulative area) 

    Layer: met4
      Partial area ratio:   97.55
      Required ratio:    0.00 (Gate area) 
      Cumulative area ratio:  167.19
      Required ratio:    0.00 (Cumulative area) 
      Partial area ratio:  521.77
      Required ratio: 3030.08 (Side area) 
      Cumulative area ratio:  870.59
      Required ratio:    0.00 (Cumulative side area) 



Net: _10665_
  Pin:   _30058_/B (sky130_fd_sc_hd__or3b_1)
    Layer: mcon
      Partial area ratio:    0.23
      Required ratio:    3.00 (Gate area) 
      Cumulative area ratio:    0.23
      Required ratio:    0.00 (Cumulative area) 

    Layer: met1
      Partial area ratio:    5.51
      Required ratio:    0.00 (Gate area) 
      Cumulative area ratio:    5.51
      Required ratio:    0.00 (Cumulative area) 
      Partial area ratio:   26.10
      Required ratio:  400.00 (Side area) 
      Cumulative area ratio:   26.10
      Required ratio:    0.00 (Cumulative side area) 

    Layer: via
      Partial area ratio:    0.36
      Required ratio:    6.00 (Gate area) 
      Cumulative area ratio:    0.59
      Required ratio:    0.00 (Cumulative area) 

    Layer: met2
      Partial area ratio:  101.43
      Required ratio:    0.00 (Gate area) 
      Cumulative area ratio:  106.94
      Required ratio:    0.00 (Cumulative area) 
      Partial area ratio:  505.69
      Required ratio:  400.00 (Side area) (VIOLATED)
      Cumulative area ratio:  531.79
      Required ratio:    0.00 (Cumulative side area) 

    Layer: via2
      Partial area ratio:    0.32
      Required ratio:    6.00 (Gate area) 
      Cumulative area ratio:    0.90
      Required ratio:    0.00 (Cumulative area) 

    Layer: met3
      Partial area ratio:   17.41
      Required ratio:    0.00 (Gate area) 
      Cumulative area ratio:  124.35
      Required ratio:    0.00 (Cumulative area) 
      Partial area ratio:   96.57
      Required ratio:  400.00 (Side area) 
      Cumulative area ratio:  628.37
      Required ratio:    0.00 (Cumulative side area) 

    Layer: via3
      Partial area ratio:    0.32
      Required ratio:    6.00 (Gate area) 
      Cumulative area ratio:    1.22
      Required ratio:    0.00 (Cumulative area) 

    Layer: met4
      Partial area ratio:   30.49
      Required ratio:    0.00 (Gate area) 
      Cumulative area ratio:  154.84
      Required ratio:    0.00 (Cumulative area) 
      Partial area ratio:  162.97
      Required ratio: 2778.20 (Side area) 
      Cumulative area ratio:  791.33
      Required ratio:    0.00 (Cumulative side area) 


  Pin:   fanout513/A (sky130_fd_sc_hd__buf_4)
    Layer: mcon
      Partial area ratio:    0.12
      Required ratio:    3.00 (Gate area) 
      Cumulative area ratio:    0.12
      Required ratio:    0.00 (Cumulative area) 

    Layer: met1
      Partial area ratio:    1.61
      Required ratio:    0.00 (Gate area) 
      Cumulative area ratio:    1.61
      Required ratio:    0.00 (Cumulative area) 
      Partial area ratio:    7.33
      Required ratio:  400.00 (Side area) 
      Cumulative area ratio:    7.33
      Required ratio:    0.00 (Cumulative side area) 

    Layer: via
      Partial area ratio:    0.18
      Required ratio:    6.00 (Gate area) 
      Cumulative area ratio:    0.30
      Required ratio:    0.00 (Cumulative area) 

    Layer: met2
      Partial area ratio:   20.75
      Required ratio:    0.00 (Gate area) 
      Cumulative area ratio:   22.36
      Required ratio:    0.00 (Cumulative area) 
      Partial area ratio:  102.96
      Required ratio: 2778.20 (Side area) 
      Cumulative area ratio:  110.29
      Required ratio:    0.00 (Cumulative side area) 

    Layer: via2
      Partial area ratio:    0.16
      Required ratio:   22.04 (Gate area) 
      Cumulative area ratio:    0.46
      Required ratio:    0.00 (Cumulative area) 

    Layer: met3
      Partial area ratio:    0.50
      Required ratio:    0.00 (Gate area) 
      Cumulative area ratio:   22.87
      Required ratio:    0.00 (Cumulative area) 
      Partial area ratio:    4.59
      Required ratio: 2778.20 (Side area) 
      Cumulative area ratio:  114.88
      Required ratio:    0.00 (Cumulative side area) 

    Layer: via3
      Partial area ratio:    0.16
      Required ratio:   22.04 (Gate area) 
      Cumulative area ratio:    0.62
      Required ratio:    0.00 (Cumulative area) 

    Layer: met4
      Partial area ratio:   30.49
      Required ratio:    0.00 (Gate area) 
      Cumulative area ratio:   53.36
      Required ratio:    0.00 (Cumulative area) 
      Partial area ratio:  162.97
      Required ratio: 2778.20 (Side area) 
      Cumulative area ratio:  277.85
      Required ratio:    0.00 (Cumulative side area) 


  Pin:   fanout515/A (sky130_fd_sc_hd__buf_6)
    Layer: mcon
      Partial area ratio:    0.06
      Required ratio:    3.00 (Gate area) 
      Cumulative area ratio:    0.06
      Required ratio:    0.00 (Cumulative area) 

    Layer: met1
      Partial area ratio:    0.66
      Required ratio:    0.00 (Gate area) 
      Cumulative area ratio:    0.66
      Required ratio:    0.00 (Cumulative area) 
      Partial area ratio:    3.11
      Required ratio:  400.00 (Side area) 
      Cumulative area ratio:    3.11
      Required ratio:    0.00 (Cumulative side area) 

    Layer: via
      Partial area ratio:    0.06
      Required ratio:    6.00 (Gate area) 
      Cumulative area ratio:    0.12
      Required ratio:    0.00 (Cumulative area) 

    Layer: met2
      Partial area ratio:    0.23
      Required ratio:    0.00 (Gate area) 
      Cumulative area ratio:    0.89
      Required ratio:    0.00 (Cumulative area) 
      Partial area ratio:    0.96
      Required ratio:  400.00 (Side area) 
      Cumulative area ratio:    4.08
      Required ratio:    0.00 (Cumulative side area) 

    Layer: via2
      Partial area ratio:    0.08
      Required ratio:    6.00 (Gate area) 
      Cumulative area ratio:    0.20
      Required ratio:    0.00 (Cumulative area) 

    Layer: met3
      Partial area ratio:    0.25
      Required ratio:    0.00 (Gate area) 
      Cumulative area ratio:    1.15
      Required ratio:    0.00 (Cumulative area) 
      Partial area ratio:    2.29
      Required ratio:  400.00 (Side area) 
      Cumulative area ratio:    6.37
      Required ratio:    0.00 (Cumulative side area) 

    Layer: via3
      Partial area ratio:    0.08
      Required ratio:    6.00 (Gate area) 
      Cumulative area ratio:    0.28
      Required ratio:    0.00 (Cumulative area) 

    Layer: met4
      Partial area ratio:   30.49
      Required ratio:    0.00 (Gate area) 
      Cumulative area ratio:   31.64
      Required ratio:    0.00 (Cumulative area) 
      Partial area ratio:  162.97
      Required ratio: 2778.20 (Side area) 
      Cumulative area ratio:  169.34
      Required ratio:    0.00 (Cumulative side area) 


  Pin:   fanout521/A (sky130_fd_sc_hd__clkbuf_8)
    Layer: mcon
      Partial area ratio:    0.07
      Required ratio:    3.00 (Gate area) 
      Cumulative area ratio:    0.07
      Required ratio:    0.00 (Cumulative area) 

    Layer: met1
      Partial area ratio:    2.10
      Required ratio:    0.00 (Gate area) 
      Cumulative area ratio:    2.10
      Required ratio:    0.00 (Cumulative area) 
      Partial area ratio:   10.08
      Required ratio:  400.00 (Side area) 
      Cumulative area ratio:   10.08
      Required ratio:    0.00 (Cumulative side area) 

    Layer: via
      Partial area ratio:    0.11
      Required ratio:    6.00 (Gate area) 
      Cumulative area ratio:    0.17
      Required ratio:    0.00 (Cumulative area) 

    Layer: met2
      Partial area ratio:    0.44
      Required ratio:    0.00 (Gate area) 
      Cumulative area ratio:    2.54
      Required ratio:    0.00 (Cumulative area) 
      Partial area ratio:    2.02
      Required ratio:  400.00 (Side area) 
      Cumulative area ratio:   12.10
      Required ratio:    0.00 (Cumulative side area) 

    Layer: via2
      Partial area ratio:    0.09
      Required ratio:    6.00 (Gate area) 
      Cumulative area ratio:    0.27
      Required ratio:    0.00 (Cumulative area) 

    Layer: met3
      Partial area ratio:   73.18
      Required ratio:    0.00 (Gate area) 
      Cumulative area ratio:   75.72
      Required ratio:    0.00 (Cumulative area) 
      Partial area ratio:  391.38
      Required ratio:  400.00 (Side area) 
      Cumulative area ratio:  403.48
      Required ratio:    0.00 (Cumulative side area) 

    Layer: via3
      Partial area ratio:    0.09
      Required ratio:    6.00 (Gate area) 
      Cumulative area ratio:    0.36
      Required ratio:    0.00 (Cumulative area) 

    Layer: met4
      Partial area ratio:   30.49
      Required ratio:    0.00 (Gate area) 
      Cumulative area ratio:  106.21
      Required ratio:    0.00 (Cumulative area) 
      Partial area ratio:  162.97
      Required ratio: 2778.20 (Side area) 
      Cumulative area ratio:  566.45
      Required ratio:    0.00 (Cumulative side area) 



Net: _11039_
  Pin:   _15208_/C (sky130_fd_sc_hd__or3_1)
    Layer: mcon
      Partial area ratio:    0.23
      Required ratio:    3.00 (Gate area) 
      Cumulative area ratio:    0.23
      Required ratio:    0.00 (Cumulative area) 

    Layer: met1
      Partial area ratio:  118.00
      Required ratio:    0.00 (Gate area) 
      Cumulative area ratio:  118.00
      Required ratio:    0.00 (Cumulative area) 
      Partial area ratio:  588.53
      Required ratio:  400.00 (Side area) (VIOLATED)
      Cumulative area ratio:  588.53
      Required ratio:    0.00 (Cumulative side area) 

    Layer: via
      Partial area ratio:    0.36
      Required ratio:    6.00 (Gate area) 
      Cumulative area ratio:    0.59
      Required ratio:    0.00 (Cumulative area) 

    Layer: met2
      Partial area ratio:    9.95
      Required ratio:    0.00 (Gate area) 
      Cumulative area ratio:  127.95
      Required ratio:    0.00 (Cumulative area) 
      Partial area ratio:   48.67
      Required ratio: 2778.20 (Side area) 
      Cumulative area ratio:  637.19
      Required ratio:    0.00 (Cumulative side area) 



Net: _13024_
  Pin:   _22659_/D (sky130_fd_sc_hd__and4_1)
    Layer: mcon
      Partial area ratio:    0.23
      Required ratio:    3.00 (Gate area) 
      Cumulative area ratio:    0.23
      Required ratio:    0.00 (Cumulative area) 

    Layer: met1
      Partial area ratio:    6.45
      Required ratio:    0.00 (Gate area) 
      Cumulative area ratio:    6.45
      Required ratio:    0.00 (Cumulative area) 
      Partial area ratio:   30.78
      Required ratio:  400.00 (Side area) 
      Cumulative area ratio:   30.78
      Required ratio:    0.00 (Cumulative side area) 

    Layer: via
      Partial area ratio:    0.36
      Required ratio:    6.00 (Gate area) 
      Cumulative area ratio:    0.59
      Required ratio:    0.00 (Cumulative area) 

    Layer: met2
      Partial area ratio:   47.76
      Required ratio:    0.00 (Gate area) 
      Cumulative area ratio:   54.21
      Required ratio:    0.00 (Cumulative area) 
      Partial area ratio:  237.36
      Required ratio:  400.00 (Side area) 
      Cumulative area ratio:  268.14
      Required ratio:    0.00 (Cumulative side area) 

    Layer: via2
      Partial area ratio:    0.32
      Required ratio:    6.00 (Gate area) 
      Cumulative area ratio:    0.90
      Required ratio:    0.00 (Cumulative area) 

    Layer: met3
      Partial area ratio:   33.84
      Required ratio:    0.00 (Gate area) 
      Cumulative area ratio:   88.05
      Required ratio:    0.00 (Cumulative area) 
      Partial area ratio:  184.19
      Required ratio:  400.00 (Side area) 
      Cumulative area ratio:  452.33
      Required ratio:    0.00 (Cumulative side area) 

    Layer: via3
      Partial area ratio:    0.32
      Required ratio:    6.00 (Gate area) 
      Cumulative area ratio:    1.22
      Required ratio:    0.00 (Cumulative area) 

    Layer: met4
      Partial area ratio:   50.02
      Required ratio:    0.00 (Gate area) 
      Cumulative area ratio:  138.07
      Required ratio:    0.00 (Cumulative area) 
      Partial area ratio:  268.28
      Required ratio: 2778.20 (Side area) 
      Cumulative area ratio:  720.61
      Required ratio:    0.00 (Cumulative side area) 


  Pin:   _25224_/A (sky130_fd_sc_hd__nand2_1)
    Layer: mcon
      Partial area ratio:    0.12
      Required ratio:    3.00 (Gate area) 
      Cumulative area ratio:    0.12
      Required ratio:    0.00 (Cumulative area) 

    Layer: met1
      Partial area ratio:    3.27
      Required ratio:    0.00 (Gate area) 
      Cumulative area ratio:    3.27
      Required ratio:    0.00 (Cumulative area) 
      Partial area ratio:   15.62
      Required ratio:  400.00 (Side area) 
      Cumulative area ratio:   15.62
      Required ratio:    0.00 (Cumulative side area) 

    Layer: via
      Partial area ratio:    0.18
      Required ratio:    6.00 (Gate area) 
      Cumulative area ratio:    0.30
      Required ratio:    0.00 (Cumulative area) 

    Layer: met2
      Partial area ratio:    3.40
      Required ratio:    0.00 (Gate area) 
      Cumulative area ratio:    6.68
      Required ratio:    0.00 (Cumulative area) 
      Partial area ratio:   16.50
      Required ratio:  400.00 (Side area) 
      Cumulative area ratio:   32.12
      Required ratio:    0.00 (Cumulative side area) 

    Layer: via2
      Partial area ratio:    0.11
      Required ratio:    6.00 (Gate area) 
      Cumulative area ratio:    0.41
      Required ratio:    0.00 (Cumulative area) 

    Layer: met3
      Partial area ratio:    0.33
      Required ratio:    0.00 (Gate area) 
      Cumulative area ratio:    7.01
      Required ratio:    0.00 (Cumulative area) 
      Partial area ratio:    3.04
      Required ratio:  400.00 (Side area) 
      Cumulative area ratio:   35.16
      Required ratio:    0.00 (Cumulative side area) 

    Layer: via3
      Partial area ratio:    0.11
      Required ratio:    6.00 (Gate area) 
      Cumulative area ratio:    0.51
      Required ratio:    0.00 (Cumulative area) 

    Layer: met4
      Partial area ratio:   50.02
      Required ratio:    0.00 (Gate area) 
      Cumulative area ratio:   57.03
      Required ratio:    0.00 (Cumulative area) 
      Partial area ratio:  268.28
      Required ratio: 2778.20 (Side area) 
      Cumulative area ratio:  303.44
      Required ratio:    0.00 (Cumulative side area) 


  Pin:   _25225_/A (sky130_fd_sc_hd__and4_1)
    Layer: mcon
      Partial area ratio:    0.23
      Required ratio:    3.00 (Gate area) 
      Cumulative area ratio:    0.23
      Required ratio:    0.00 (Cumulative area) 

    Layer: met1
      Partial area ratio:   43.04
      Required ratio:    0.00 (Gate area) 
      Cumulative area ratio:   43.04
      Required ratio:    0.00 (Cumulative area) 
      Partial area ratio:  213.72
      Required ratio:  400.00 (Side area) 
      Cumulative area ratio:  213.72
      Required ratio:    0.00 (Cumulative side area) 

    Layer: via
      Partial area ratio:    0.36
      Required ratio:    6.00 (Gate area) 
      Cumulative area ratio:    0.59
      Required ratio:    0.00 (Cumulative area) 

    Layer: met2
      Partial area ratio:    3.40
      Required ratio:    0.00 (Gate area) 
      Cumulative area ratio:   46.44
      Required ratio:    0.00 (Cumulative area) 
      Partial area ratio:   16.50
      Required ratio:  400.00 (Side area) 
      Cumulative area ratio:  230.22
      Required ratio:    0.00 (Cumulative side area) 

    Layer: via2
      Partial area ratio:    0.11
      Required ratio:    6.00 (Gate area) 
      Cumulative area ratio:    0.69
      Required ratio:    0.00 (Cumulative area) 

    Layer: met3
      Partial area ratio:    0.33
      Required ratio:    0.00 (Gate area) 
      Cumulative area ratio:   46.78
      Required ratio:    0.00 (Cumulative area) 
      Partial area ratio:    3.04
      Required ratio:  400.00 (Side area) 
      Cumulative area ratio:  233.27
      Required ratio:    0.00 (Cumulative side area) 

    Layer: via3
      Partial area ratio:    0.11
      Required ratio:    6.00 (Gate area) 
      Cumulative area ratio:    0.80
      Required ratio:    0.00 (Cumulative area) 

    Layer: met4
      Partial area ratio:   50.02
      Required ratio:    0.00 (Gate area) 
      Cumulative area ratio:   96.80
      Required ratio:    0.00 (Cumulative area) 
      Partial area ratio:  268.28
      Required ratio: 2778.20 (Side area) 
      Cumulative area ratio:  501.54
      Required ratio:    0.00 (Cumulative side area) 


  Pin:   _27507_/A (sky130_fd_sc_hd__and3_1)
    Layer: mcon
      Partial area ratio:    0.23
      Required ratio:    3.00 (Gate area) 
      Cumulative area ratio:    0.23
      Required ratio:    0.00 (Cumulative area) 

    Layer: met1
      Partial area ratio:  154.09
      Required ratio:    0.00 (Gate area) 
      Cumulative area ratio:  154.09
      Required ratio:    0.00 (Cumulative area) 
      Partial area ratio:  768.12
      Required ratio:  400.00 (Side area) (VIOLATED)
      Cumulative area ratio:  768.12
      Required ratio:    0.00 (Cumulative side area) 

    Layer: via
      Partial area ratio:    0.54
      Required ratio:    6.00 (Gate area) 
      Cumulative area ratio:    0.77
      Required ratio:    0.00 (Cumulative area) 

    Layer: met2
      Partial area ratio:   10.91
      Required ratio:    0.00 (Gate area) 
      Cumulative area ratio:  165.00
      Required ratio:    0.00 (Cumulative area) 
      Partial area ratio:   52.53
      Required ratio: 2778.20 (Side area) 
      Cumulative area ratio:  820.65
      Required ratio:    0.00 (Cumulative side area) 

    Layer: via2
      Partial area ratio:    0.63
      Required ratio:   22.04 (Gate area) 
      Cumulative area ratio:    1.40
      Required ratio:    0.00 (Cumulative area) 

    Layer: met3
      Partial area ratio:   51.26
      Required ratio:    0.00 (Gate area) 
      Cumulative area ratio:  216.26
      Required ratio:    0.00 (Cumulative area) 
      Partial area ratio:  280.83
      Required ratio: 2778.20 (Side area) 
      Cumulative area ratio: 1101.48
      Required ratio:    0.00 (Cumulative side area) 

    Layer: via3
      Partial area ratio:    0.63
      Required ratio:   22.04 (Gate area) 
      Cumulative area ratio:    2.03
      Required ratio:    0.00 (Cumulative area) 

    Layer: met4
      Partial area ratio:   50.02
      Required ratio:    0.00 (Gate area) 
      Cumulative area ratio:  266.28
      Required ratio:    0.00 (Cumulative area) 
      Partial area ratio:  268.28
      Required ratio: 2778.20 (Side area) 
      Cumulative area ratio: 1369.75
      Required ratio:    0.00 (Cumulative side area) 



Net: mantisaBshift\[22\]
  Pin:   _16154_/B (sky130_fd_sc_hd__or3_4)
    Layer: mcon
      Partial area ratio:    0.12
      Required ratio:    3.00 (Gate area) 
      Cumulative area ratio:    0.12
      Required ratio:    0.00 (Cumulative area) 

    Layer: met1
      Partial area ratio:   13.21
      Required ratio:    0.00 (Gate area) 
      Cumulative area ratio:   13.21
      Required ratio:    0.00 (Cumulative area) 
      Partial area ratio:   65.50
      Required ratio:  400.00 (Side area) 
      Cumulative area ratio:   65.50
      Required ratio:    0.00 (Cumulative side area) 

    Layer: via
      Partial area ratio:    0.11
      Required ratio:    6.00 (Gate area) 
      Cumulative area ratio:    0.22
      Required ratio:    0.00 (Cumulative area) 

    Layer: met2
      Partial area ratio:    0.40
      Required ratio:    0.00 (Gate area) 
      Cumulative area ratio:   13.62
      Required ratio:    0.00 (Cumulative area) 
      Partial area ratio:    1.80
      Required ratio:  400.00 (Side area) 
      Cumulative area ratio:   67.30
      Required ratio:    0.00 (Cumulative side area) 

    Layer: via2
      Partial area ratio:    0.08
      Required ratio:    6.00 (Gate area) 
      Cumulative area ratio:    0.30
      Required ratio:    0.00 (Cumulative area) 

    Layer: met3
      Partial area ratio:    8.62
      Required ratio:    0.00 (Gate area) 
      Cumulative area ratio:   22.24
      Required ratio:    0.00 (Cumulative area) 
      Partial area ratio:   46.92
      Required ratio: 2956.40 (Side area) 
      Cumulative area ratio:  114.22
      Required ratio:    0.00 (Cumulative side area) 

    Layer: via3
      Partial area ratio:    0.08
      Required ratio:   38.08 (Gate area) 
      Cumulative area ratio:    0.38
      Required ratio:    0.00 (Cumulative area) 

    Layer: met4
      Partial area ratio:   82.79
      Required ratio:    0.00 (Gate area) 
      Cumulative area ratio:  105.03
      Required ratio:    0.00 (Cumulative area) 
      Partial area ratio:  442.33
      Required ratio: 2956.40 (Side area) 
      Cumulative area ratio:  556.55
      Required ratio:    0.00 (Cumulative side area) 


  Pin:   fanout708/A (sky130_fd_sc_hd__buf_4)
    Layer: mcon
      Partial area ratio:    0.12
      Required ratio:    3.00 (Gate area) 
      Cumulative area ratio:    0.12
      Required ratio:    0.00 (Cumulative area) 

    Layer: met1
      Partial area ratio:   13.21
      Required ratio:    0.00 (Gate area) 
      Cumulative area ratio:   13.21
      Required ratio:    0.00 (Cumulative area) 
      Partial area ratio:   65.50
      Required ratio:  400.00 (Side area) 
      Cumulative area ratio:   65.50
      Required ratio:    0.00 (Cumulative side area) 

    Layer: via
      Partial area ratio:    0.11
      Required ratio:    6.00 (Gate area) 
      Cumulative area ratio:    0.22
      Required ratio:    0.00 (Cumulative area) 

    Layer: met2
      Partial area ratio:    0.40
      Required ratio:    0.00 (Gate area) 
      Cumulative area ratio:   13.62
      Required ratio:    0.00 (Cumulative area) 
      Partial area ratio:    1.80
      Required ratio:  400.00 (Side area) 
      Cumulative area ratio:   67.30
      Required ratio:    0.00 (Cumulative side area) 

    Layer: via2
      Partial area ratio:    0.08
      Required ratio:    6.00 (Gate area) 
      Cumulative area ratio:    0.30
      Required ratio:    0.00 (Cumulative area) 

    Layer: met3
      Partial area ratio:    8.62
      Required ratio:    0.00 (Gate area) 
      Cumulative area ratio:   22.24
      Required ratio:    0.00 (Cumulative area) 
      Partial area ratio:   46.92
      Required ratio: 2956.40 (Side area) 
      Cumulative area ratio:  114.22
      Required ratio:    0.00 (Cumulative side area) 

    Layer: via3
      Partial area ratio:    0.08
      Required ratio:   38.08 (Gate area) 
      Cumulative area ratio:    0.38
      Required ratio:    0.00 (Cumulative area) 

    Layer: met4
      Partial area ratio:   82.79
      Required ratio:    0.00 (Gate area) 
      Cumulative area ratio:  105.03
      Required ratio:    0.00 (Cumulative area) 
      Partial area ratio:  442.33
      Required ratio: 2956.40 (Side area) 
      Cumulative area ratio:  556.55
      Required ratio:    0.00 (Cumulative side area) 


  Pin:   fanout709/A (sky130_fd_sc_hd__buf_6)
    Layer: mcon
      Partial area ratio:    0.06
      Required ratio:    3.00 (Gate area) 
      Cumulative area ratio:    0.06
      Required ratio:    0.00 (Cumulative area) 

    Layer: met1
      Partial area ratio:   23.22
      Required ratio:    0.00 (Gate area) 
      Cumulative area ratio:   23.22
      Required ratio:    0.00 (Cumulative area) 
      Partial area ratio:  115.72
      Required ratio:  400.00 (Side area) 
      Cumulative area ratio:  115.72
      Required ratio:    0.00 (Cumulative side area) 

    Layer: via
      Partial area ratio:    0.09
      Required ratio:    6.00 (Gate area) 
      Cumulative area ratio:    0.15
      Required ratio:    0.00 (Cumulative area) 

    Layer: met2
      Partial area ratio:    0.38
      Required ratio:    0.00 (Gate area) 
      Cumulative area ratio:   23.60
      Required ratio:    0.00 (Cumulative area) 
      Partial area ratio:    1.74
      Required ratio:  400.00 (Side area) 
      Cumulative area ratio:  117.46
      Required ratio:    0.00 (Cumulative side area) 

    Layer: via2
      Partial area ratio:    0.08
      Required ratio:    6.00 (Gate area) 
      Cumulative area ratio:    0.23
      Required ratio:    0.00 (Cumulative area) 

    Layer: met3
      Partial area ratio:   12.81
      Required ratio:    0.00 (Gate area) 
      Cumulative area ratio:   36.41
      Required ratio:    0.00 (Cumulative area) 
      Partial area ratio:   69.27
      Required ratio:  400.00 (Side area) 
      Cumulative area ratio:  186.73
      Required ratio:    0.00 (Cumulative side area) 

    Layer: via3
      Partial area ratio:    0.16
      Required ratio:    6.00 (Gate area) 
      Cumulative area ratio:    0.39
      Required ratio:    0.00 (Cumulative area) 

    Layer: met4
      Partial area ratio:   82.79
      Required ratio:    0.00 (Gate area) 
      Cumulative area ratio:  119.20
      Required ratio:    0.00 (Cumulative area) 
      Partial area ratio:  442.33
      Required ratio: 2956.40 (Side area) 
      Cumulative area ratio:  629.07
      Required ratio:    0.00 (Cumulative side area) 


  Pin:   fanout710/A (sky130_fd_sc_hd__clkbuf_2)
    Layer: mcon
      Partial area ratio:    0.14
      Required ratio:    3.00 (Gate area) 
      Cumulative area ratio:    0.14
      Required ratio:    0.00 (Cumulative area) 

    Layer: met1
      Partial area ratio:    2.47
      Required ratio:    0.00 (Gate area) 
      Cumulative area ratio:    2.47
      Required ratio:    0.00 (Cumulative area) 
      Partial area ratio:   11.49
      Required ratio:  400.00 (Side area) 
      Cumulative area ratio:   11.49
      Required ratio:    0.00 (Cumulative side area) 

    Layer: via
      Partial area ratio:    0.21
      Required ratio:    6.00 (Gate area) 
      Cumulative area ratio:    0.35
      Required ratio:    0.00 (Cumulative area) 

    Layer: met2
      Partial area ratio:   64.53
      Required ratio:    0.00 (Gate area) 
      Cumulative area ratio:   67.01
      Required ratio:    0.00 (Cumulative area) 
      Partial area ratio:  321.82
      Required ratio:  400.00 (Side area) 
      Cumulative area ratio:  333.31
      Required ratio:    0.00 (Cumulative side area) 

    Layer: via2
      Partial area ratio:    0.19
      Required ratio:    6.00 (Gate area) 
      Cumulative area ratio:    0.53
      Required ratio:    0.00 (Cumulative area) 

    Layer: met3
      Partial area ratio:   78.33
      Required ratio:    0.00 (Gate area) 
      Cumulative area ratio:  145.33
      Required ratio:    0.00 (Cumulative area) 
      Partial area ratio:  419.94
      Required ratio:  400.00 (Side area) (VIOLATED)
      Cumulative area ratio:  753.25
      Required ratio:    0.00 (Cumulative side area) 

    Layer: via3
      Partial area ratio:    0.19
      Required ratio:    6.00 (Gate area) 
      Cumulative area ratio:    0.72
      Required ratio:    0.00 (Cumulative area) 

    Layer: met4
      Partial area ratio:   82.79
      Required ratio:    0.00 (Gate area) 
      Cumulative area ratio:  228.12
      Required ratio:    0.00 (Cumulative area) 
      Partial area ratio:  442.33
      Required ratio: 2956.40 (Side area) 
      Cumulative area ratio: 1195.58
      Required ratio:    0.00 (Cumulative side area) 



Net: mantisaBshift\[4\]
  Pin:   fanout866/A (sky130_fd_sc_hd__clkbuf_4)
    Layer: mcon
      Partial area ratio:    0.14
      Required ratio:    3.00 (Gate area) 
      Cumulative area ratio:    0.14
      Required ratio:    0.00 (Cumulative area) 

    Layer: met1
      Partial area ratio:    2.62
      Required ratio:    0.00 (Gate area) 
      Cumulative area ratio:    2.62
      Required ratio:    0.00 (Cumulative area) 
      Partial area ratio:   12.21
      Required ratio:  400.00 (Side area) 
      Cumulative area ratio:   12.21
      Required ratio:    0.00 (Cumulative side area) 

    Layer: via
      Partial area ratio:    0.21
      Required ratio:    6.00 (Gate area) 
      Cumulative area ratio:    0.35
      Required ratio:    0.00 (Cumulative area) 

    Layer: met2
      Partial area ratio:   28.54
      Required ratio:    0.00 (Gate area) 
      Cumulative area ratio:   31.15
      Required ratio:    0.00 (Cumulative area) 
      Partial area ratio:  141.56
      Required ratio:  400.00 (Side area) 
      Cumulative area ratio:  153.77
      Required ratio:    0.00 (Cumulative side area) 

    Layer: via2
      Partial area ratio:    0.19
      Required ratio:    6.00 (Gate area) 
      Cumulative area ratio:    0.53
      Required ratio:    0.00 (Cumulative area) 

    Layer: met3
      Partial area ratio:  114.08
      Required ratio:    0.00 (Gate area) 
      Cumulative area ratio:  145.23
      Required ratio:    0.00 (Cumulative area) 
      Partial area ratio:  609.83
      Required ratio: 2956.40 (Side area) 
      Cumulative area ratio:  763.60
      Required ratio:    0.00 (Cumulative side area) 

    Layer: via3
      Partial area ratio:    0.06
      Required ratio:   38.08 (Gate area) 
      Cumulative area ratio:    0.59
      Required ratio:    0.00 (Cumulative area) 

    Layer: met4
      Partial area ratio:    7.14
      Required ratio:    0.00 (Gate area) 
      Cumulative area ratio:  152.37
      Required ratio:    0.00 (Cumulative area) 
      Partial area ratio:   38.61
      Required ratio: 2956.40 (Side area) 
      Cumulative area ratio:  802.20
      Required ratio:    0.00 (Cumulative side area) 


  Pin:   fanout869/A (sky130_fd_sc_hd__clkbuf_4)
    Layer: mcon
      Partial area ratio:    0.14
      Required ratio:    3.00 (Gate area) 
      Cumulative area ratio:    0.14
      Required ratio:    0.00 (Cumulative area) 

    Layer: met1
      Partial area ratio:   12.92
      Required ratio:    0.00 (Gate area) 
      Cumulative area ratio:   12.92
      Required ratio:    0.00 (Cumulative area) 
      Partial area ratio:   63.21
      Required ratio:  400.00 (Side area) 
      Cumulative area ratio:   63.21
      Required ratio:    0.00 (Cumulative side area) 

    Layer: via
      Partial area ratio:    0.32
      Required ratio:    6.00 (Gate area) 
      Cumulative area ratio:    0.45
      Required ratio:    0.00 (Cumulative area) 

    Layer: met2
      Partial area ratio:   28.54
      Required ratio:    0.00 (Gate area) 
      Cumulative area ratio:   41.46
      Required ratio:    0.00 (Cumulative area) 
      Partial area ratio:  141.56
      Required ratio:  400.00 (Side area) 
      Cumulative area ratio:  204.77
      Required ratio:    0.00 (Cumulative side area) 

    Layer: via2
      Partial area ratio:    0.19
      Required ratio:    6.00 (Gate area) 
      Cumulative area ratio:    0.64
      Required ratio:    0.00 (Cumulative area) 

    Layer: met3
      Partial area ratio:  114.08
      Required ratio:    0.00 (Gate area) 
      Cumulative area ratio:  155.54
      Required ratio:    0.00 (Cumulative area) 
      Partial area ratio:  609.83
      Required ratio: 2956.40 (Side area) 
      Cumulative area ratio:  814.60
      Required ratio:    0.00 (Cumulative side area) 

    Layer: via3
      Partial area ratio:    0.06
      Required ratio:   38.08 (Gate area) 
      Cumulative area ratio:    0.70
      Required ratio:    0.00 (Cumulative area) 

    Layer: met4
      Partial area ratio:    7.14
      Required ratio:    0.00 (Gate area) 
      Cumulative area ratio:  162.68
      Required ratio:    0.00 (Cumulative area) 
      Partial area ratio:   38.61
      Required ratio: 2956.40 (Side area) 
      Cumulative area ratio:  853.21
      Required ratio:    0.00 (Cumulative side area) 


  Pin:   fanout870/A (sky130_fd_sc_hd__clkbuf_4)
    Layer: mcon
      Partial area ratio:    0.14
      Required ratio:    3.00 (Gate area) 
      Cumulative area ratio:    0.14
      Required ratio:    0.00 (Cumulative area) 

    Layer: met1
      Partial area ratio:    3.58
      Required ratio:    0.00 (Gate area) 
      Cumulative area ratio:    3.58
      Required ratio:    0.00 (Cumulative area) 
      Partial area ratio:   17.01
      Required ratio:  400.00 (Side area) 
      Cumulative area ratio:   17.01
      Required ratio:    0.00 (Cumulative side area) 

    Layer: via
      Partial area ratio:    0.21
      Required ratio:    6.00 (Gate area) 
      Cumulative area ratio:    0.35
      Required ratio:    0.00 (Cumulative area) 

    Layer: met2
      Partial area ratio:   10.11
      Required ratio:    0.00 (Gate area) 
      Cumulative area ratio:   13.69
      Required ratio:    0.00 (Cumulative area) 
      Partial area ratio:   49.71
      Required ratio:  400.00 (Side area) 
      Cumulative area ratio:   66.71
      Required ratio:    0.00 (Cumulative side area) 

    Layer: via2
      Partial area ratio:    0.19
      Required ratio:    6.00 (Gate area) 
      Cumulative area ratio:    0.53
      Required ratio:    0.00 (Cumulative area) 

    Layer: met3
      Partial area ratio:  185.23
      Required ratio:    0.00 (Gate area) 
      Cumulative area ratio:  198.92
      Required ratio:    0.00 (Cumulative area) 
      Partial area ratio:  990.08
      Required ratio:  400.00 (Side area) (VIOLATED)
      Cumulative area ratio: 1056.80
      Required ratio:    0.00 (Cumulative side area) 

    Layer: via3
      Partial area ratio:    0.19
      Required ratio:    6.00 (Gate area) 
      Cumulative area ratio:    0.72
      Required ratio:    0.00 (Cumulative area) 

    Layer: met4
      Partial area ratio:    7.14
      Required ratio:    0.00 (Gate area) 
      Cumulative area ratio:  206.06
      Required ratio:    0.00 (Cumulative area) 
      Partial area ratio:   38.61
      Required ratio: 2956.40 (Side area) 
      Cumulative area ratio: 1095.40
      Required ratio:    0.00 (Cumulative side area) 


  Pin:   fanout876/A (sky130_fd_sc_hd__buf_4)
    Layer: mcon
      Partial area ratio:    0.12
      Required ratio:    3.00 (Gate area) 
      Cumulative area ratio:    0.12
      Required ratio:    0.00 (Cumulative area) 

    Layer: met1
      Partial area ratio:    6.79
      Required ratio:    0.00 (Gate area) 
      Cumulative area ratio:    6.79
      Required ratio:    0.00 (Cumulative area) 
      Partial area ratio:   32.51
      Required ratio: 2956.40 (Side area) 
      Cumulative area ratio:   32.51
      Required ratio:    0.00 (Cumulative side area) 

    Layer: via
      Partial area ratio:    0.27
      Required ratio:   38.08 (Gate area) 
      Cumulative area ratio:    0.39
      Required ratio:    0.00 (Cumulative area) 

    Layer: met2
      Partial area ratio:    1.09
      Required ratio:    0.00 (Gate area) 
      Cumulative area ratio:    7.88
      Required ratio:    0.00 (Cumulative area) 
      Partial area ratio:    5.12
      Required ratio: 2956.40 (Side area) 
      Cumulative area ratio:   37.63
      Required ratio:    0.00 (Cumulative side area) 

    Layer: via2
      Partial area ratio:    0.16
      Required ratio:   38.08 (Gate area) 
      Cumulative area ratio:    0.55
      Required ratio:    0.00 (Cumulative area) 

    Layer: met3
      Partial area ratio:  114.08
      Required ratio:    0.00 (Gate area) 
      Cumulative area ratio:  121.97
      Required ratio:    0.00 (Cumulative area) 
      Partial area ratio:  609.83
      Required ratio: 2956.40 (Side area) 
      Cumulative area ratio:  647.46
      Required ratio:    0.00 (Cumulative side area) 

    Layer: via3
      Partial area ratio:    0.06
      Required ratio:   38.08 (Gate area) 
      Cumulative area ratio:    0.61
      Required ratio:    0.00 (Cumulative area) 

    Layer: met4
      Partial area ratio:    7.14
      Required ratio:    0.00 (Gate area) 
      Cumulative area ratio:  129.11
      Required ratio:    0.00 (Cumulative area) 
      Partial area ratio:   38.61
      Required ratio: 2956.40 (Side area) 
      Cumulative area ratio:  686.07
      Required ratio:    0.00 (Cumulative side area) 



Net: mantisaBshift\[7\]
  Pin:   fanout835/A (sky130_fd_sc_hd__clkbuf_8)
    Layer: mcon
      Partial area ratio:    0.07
      Required ratio:    3.00 (Gate area) 
      Cumulative area ratio:    0.07
      Required ratio:    0.00 (Cumulative area) 

    Layer: met1
      Partial area ratio:   14.95
      Required ratio:    0.00 (Gate area) 
      Cumulative area ratio:   14.95
      Required ratio:    0.00 (Cumulative area) 
      Partial area ratio:   74.30
      Required ratio:  400.00 (Side area) 
      Cumulative area ratio:   74.30
      Required ratio:    0.00 (Cumulative side area) 

    Layer: via
      Partial area ratio:    0.11
      Required ratio:    6.00 (Gate area) 
      Cumulative area ratio:    0.17
      Required ratio:    0.00 (Cumulative area) 

    Layer: met2
      Partial area ratio:    6.47
      Required ratio:    0.00 (Gate area) 
      Cumulative area ratio:   21.42
      Required ratio:    0.00 (Cumulative area) 
      Partial area ratio:   31.95
      Required ratio: 2778.20 (Side area) 
      Cumulative area ratio:  106.25
      Required ratio:    0.00 (Cumulative side area) 


  Pin:   fanout840/A (sky130_fd_sc_hd__buf_4)
    Layer: mcon
      Partial area ratio:    0.12
      Required ratio:    3.00 (Gate area) 
      Cumulative area ratio:    0.12
      Required ratio:    0.00 (Cumulative area) 

    Layer: met1
      Partial area ratio:  119.13
      Required ratio:    0.00 (Gate area) 
      Cumulative area ratio:  119.13
      Required ratio:    0.00 (Cumulative area) 
      Partial area ratio:  594.48
      Required ratio:  400.00 (Side area) (VIOLATED)
      Cumulative area ratio:  594.48
      Required ratio:    0.00 (Cumulative side area) 

    Layer: via
      Partial area ratio:    0.27
      Required ratio:    6.00 (Gate area) 
      Cumulative area ratio:    0.39
      Required ratio:    0.00 (Cumulative area) 

    Layer: met2
      Partial area ratio:    6.47
      Required ratio:    0.00 (Gate area) 
      Cumulative area ratio:  125.60
      Required ratio:    0.00 (Cumulative area) 
      Partial area ratio:   31.95
      Required ratio: 2778.20 (Side area) 
      Cumulative area ratio:  626.43
      Required ratio:    0.00 (Cumulative side area) 



Net: mantisaresult\[17\]
  Pin:   _15338_/C (sky130_fd_sc_hd__or3_1)
    Layer: mcon
      Partial area ratio:    0.23
      Required ratio:    3.00 (Gate area) 
      Cumulative area ratio:    0.23
      Required ratio:    0.00 (Cumulative area) 

    Layer: met1
      Partial area ratio:   18.18
      Required ratio:    0.00 (Gate area) 
      Cumulative area ratio:   18.18
      Required ratio:    0.00 (Cumulative area) 
      Partial area ratio:   89.29
      Required ratio:  400.00 (Side area) 
      Cumulative area ratio:   89.29
      Required ratio:    0.00 (Cumulative side area) 

    Layer: via
      Partial area ratio:    0.39
      Required ratio:    6.00 (Gate area) 
      Cumulative area ratio:    0.62
      Required ratio:    0.00 (Cumulative area) 

    Layer: met2
      Partial area ratio:    6.25
      Required ratio:    0.00 (Gate area) 
      Cumulative area ratio:   24.43
      Required ratio:    0.00 (Cumulative area) 
      Partial area ratio:   30.56
      Required ratio: 2778.20 (Side area) 
      Cumulative area ratio:  119.85
      Required ratio:    0.00 (Cumulative side area) 


  Pin:   _15345_/D_N (sky130_fd_sc_hd__or4b_2)
    Layer: mcon
      Partial area ratio:    0.23
      Required ratio:    3.00 (Gate area) 
      Cumulative area ratio:    0.23
      Required ratio:    0.00 (Cumulative area) 

    Layer: met1
      Partial area ratio:   37.02
      Required ratio:    0.00 (Gate area) 
      Cumulative area ratio:   37.02
      Required ratio:    0.00 (Cumulative area) 
      Partial area ratio:  182.75
      Required ratio:  400.00 (Side area) 
      Cumulative area ratio:  182.75
      Required ratio:    0.00 (Cumulative side area) 

    Layer: via
      Partial area ratio:    0.54
      Required ratio:    6.00 (Gate area) 
      Cumulative area ratio:    0.77
      Required ratio:    0.00 (Cumulative area) 

    Layer: met2
      Partial area ratio:    6.25
      Required ratio:    0.00 (Gate area) 
      Cumulative area ratio:   43.27
      Required ratio:    0.00 (Cumulative area) 
      Partial area ratio:   30.56
      Required ratio: 2778.20 (Side area) 
      Cumulative area ratio:  213.31
      Required ratio:    0.00 (Cumulative side area) 


  Pin:   _15378_/B (sky130_fd_sc_hd__or3_1)
    Layer: mcon
      Partial area ratio:    0.23
      Required ratio:    3.00 (Gate area) 
      Cumulative area ratio:    0.23
      Required ratio:    0.00 (Cumulative area) 

    Layer: met1
      Partial area ratio:    4.92
      Required ratio:    0.00 (Gate area) 
      Cumulative area ratio:    4.92
      Required ratio:    0.00 (Cumulative area) 
      Partial area ratio:   23.14
      Required ratio:  400.00 (Side area) 
      Cumulative area ratio:   23.14
      Required ratio:    0.00 (Cumulative side area) 

    Layer: via
      Partial area ratio:    0.36
      Required ratio:    6.00 (Gate area) 
      Cumulative area ratio:    0.59
      Required ratio:    0.00 (Cumulative area) 

    Layer: met2
      Partial area ratio:    6.25
      Required ratio:    0.00 (Gate area) 
      Cumulative area ratio:   11.17
      Required ratio:    0.00 (Cumulative area) 
      Partial area ratio:   30.56
      Required ratio: 2778.20 (Side area) 
      Cumulative area ratio:   53.69
      Required ratio:    0.00 (Cumulative side area) 


  Pin:   _15517_/A1 (sky130_fd_sc_hd__a31o_1)
    Layer: mcon
      Partial area ratio:    0.12
      Required ratio:    3.00 (Gate area) 
      Cumulative area ratio:    0.12
      Required ratio:    0.00 (Cumulative area) 

    Layer: met1
      Partial area ratio:    2.22
      Required ratio:    0.00 (Gate area) 
      Cumulative area ratio:    2.22
      Required ratio:    0.00 (Cumulative area) 
      Partial area ratio:   10.36
      Required ratio:  400.00 (Side area) 
      Cumulative area ratio:   10.36
      Required ratio:    0.00 (Cumulative side area) 

    Layer: via
      Partial area ratio:    0.18
      Required ratio:    6.00 (Gate area) 
      Cumulative area ratio:    0.30
      Required ratio:    0.00 (Cumulative area) 

    Layer: met2
      Partial area ratio:    6.25
      Required ratio:    0.00 (Gate area) 
      Cumulative area ratio:    8.47
      Required ratio:    0.00 (Cumulative area) 
      Partial area ratio:   30.56
      Required ratio: 2778.20 (Side area) 
      Cumulative area ratio:   40.91
      Required ratio:    0.00 (Cumulative side area) 


  Pin:   _15604_/A1 (sky130_fd_sc_hd__a22o_1)
    Layer: mcon
      Partial area ratio:    0.12
      Required ratio:    3.00 (Gate area) 
      Cumulative area ratio:    0.12
      Required ratio:    0.00 (Cumulative area) 

    Layer: met1
      Partial area ratio:    3.32
      Required ratio:    0.00 (Gate area) 
      Cumulative area ratio:    3.32
      Required ratio:    0.00 (Cumulative area) 
      Partial area ratio:   15.59
      Required ratio:  400.00 (Side area) 
      Cumulative area ratio:   15.59
      Required ratio:    0.00 (Cumulative side area) 

    Layer: via
      Partial area ratio:    0.18
      Required ratio:    6.00 (Gate area) 
      Cumulative area ratio:    0.30
      Required ratio:    0.00 (Cumulative area) 

    Layer: met2
      Partial area ratio:    6.25
      Required ratio:    0.00 (Gate area) 
      Cumulative area ratio:    9.58
      Required ratio:    0.00 (Cumulative area) 
      Partial area ratio:   30.56
      Required ratio: 2778.20 (Side area) 
      Cumulative area ratio:   46.15
      Required ratio:    0.00 (Cumulative side area) 


  Pin:   _15670_/A1_N (sky130_fd_sc_hd__o2bb2a_1)
    Layer: mcon
      Partial area ratio:    0.23
      Required ratio:    3.00 (Gate area) 
      Cumulative area ratio:    0.23
      Required ratio:    0.00 (Cumulative area) 

    Layer: met1
      Partial area ratio:    3.32
      Required ratio:    0.00 (Gate area) 
      Cumulative area ratio:    3.32
      Required ratio:    0.00 (Cumulative area) 
      Partial area ratio:   15.59
      Required ratio:  400.00 (Side area) 
      Cumulative area ratio:   15.59
      Required ratio:    0.00 (Cumulative side area) 

    Layer: via
      Partial area ratio:    0.18
      Required ratio:    6.00 (Gate area) 
      Cumulative area ratio:    0.41
      Required ratio:    0.00 (Cumulative area) 

    Layer: met2
      Partial area ratio:    6.25
      Required ratio:    0.00 (Gate area) 
      Cumulative area ratio:    9.58
      Required ratio:    0.00 (Cumulative area) 
      Partial area ratio:   30.56
      Required ratio: 2778.20 (Side area) 
      Cumulative area ratio:   46.15
      Required ratio:    0.00 (Cumulative side area) 


  Pin:   _30158_/A0 (sky130_fd_sc_hd__mux2_1)
    Layer: mcon
      Partial area ratio:    0.23
      Required ratio:    3.00 (Gate area) 
      Cumulative area ratio:    0.23
      Required ratio:    0.00 (Cumulative area) 

    Layer: met1
      Partial area ratio:  137.83
      Required ratio:    0.00 (Gate area) 
      Cumulative area ratio:  137.83
      Required ratio:    0.00 (Cumulative area) 
      Partial area ratio:  685.96
      Required ratio:  400.00 (Side area) (VIOLATED)
      Cumulative area ratio:  685.96
      Required ratio:    0.00 (Cumulative side area) 

    Layer: via
      Partial area ratio:    0.71
      Required ratio:    6.00 (Gate area) 
      Cumulative area ratio:    0.94
      Required ratio:    0.00 (Cumulative area) 

    Layer: met2
      Partial area ratio:    6.25
      Required ratio:    0.00 (Gate area) 
      Cumulative area ratio:  144.08
      Required ratio:    0.00 (Cumulative area) 
      Partial area ratio:   30.56
      Required ratio: 2778.20 (Side area) 
      Cumulative area ratio:  716.52
      Required ratio:    0.00 (Cumulative side area) 



Net: mantisaresult\[28\]
  Pin:   _15187_/A (sky130_fd_sc_hd__inv_2)
    Layer: mcon
      Partial area ratio:    0.06
      Required ratio:    3.00 (Gate area) 
      Cumulative area ratio:    0.06
      Required ratio:    0.00 (Cumulative area) 

    Layer: met1
      Partial area ratio:    1.08
      Required ratio:    0.00 (Gate area) 
      Cumulative area ratio:    1.08
      Required ratio:    0.00 (Cumulative area) 
      Partial area ratio:    5.01
      Required ratio:  400.00 (Side area) 
      Cumulative area ratio:    5.01
      Required ratio:    0.00 (Cumulative side area) 

    Layer: via
      Partial area ratio:    0.09
      Required ratio:    6.00 (Gate area) 
      Cumulative area ratio:    0.15
      Required ratio:    0.00 (Cumulative area) 

    Layer: met2
      Partial area ratio:    0.38
      Required ratio:    0.00 (Gate area) 
      Cumulative area ratio:    1.45
      Required ratio:    0.00 (Cumulative area) 
      Partial area ratio:    1.74
      Required ratio:  400.00 (Side area) 
      Cumulative area ratio:    6.75
      Required ratio:    0.00 (Cumulative side area) 

    Layer: via2
      Partial area ratio:    0.08
      Required ratio:    6.00 (Gate area) 
      Cumulative area ratio:    0.23
      Required ratio:    0.00 (Cumulative area) 

    Layer: met3
      Partial area ratio:    0.25
      Required ratio:    0.00 (Gate area) 
      Cumulative area ratio:    1.71
      Required ratio:    0.00 (Cumulative area) 
      Partial area ratio:    2.29
      Required ratio:  400.00 (Side area) 
      Cumulative area ratio:    9.05
      Required ratio:    0.00 (Cumulative side area) 

    Layer: via3
      Partial area ratio:    0.08
      Required ratio:    6.00 (Gate area) 
      Cumulative area ratio:    0.31
      Required ratio:    0.00 (Cumulative area) 

    Layer: met4
      Partial area ratio:   41.04
      Required ratio:    0.00 (Gate area) 
      Cumulative area ratio:   42.74
      Required ratio:    0.00 (Cumulative area) 
      Partial area ratio:  219.54
      Required ratio: 2956.40 (Side area) 
      Cumulative area ratio:  228.59
      Required ratio:    0.00 (Cumulative side area) 


  Pin:   _15323_/B (sky130_fd_sc_hd__or4_1)
    Layer: mcon
      Partial area ratio:    0.23
      Required ratio:    3.00 (Gate area) 
      Cumulative area ratio:    0.23
      Required ratio:    0.00 (Cumulative area) 

    Layer: met1
      Partial area ratio:    4.09
      Required ratio:    0.00 (Gate area) 
      Cumulative area ratio:    4.09
      Required ratio:    0.00 (Cumulative area) 
      Partial area ratio:   19.03
      Required ratio:  400.00 (Side area) 
      Cumulative area ratio:   19.03
      Required ratio:    0.00 (Cumulative side area) 

    Layer: via
      Partial area ratio:    0.27
      Required ratio:    6.00 (Gate area) 
      Cumulative area ratio:    0.50
      Required ratio:    0.00 (Cumulative area) 

    Layer: met2
      Partial area ratio:    0.96
      Required ratio:    0.00 (Gate area) 
      Cumulative area ratio:    5.05
      Required ratio:    0.00 (Cumulative area) 
      Partial area ratio:    3.89
      Required ratio:  400.00 (Side area) 
      Cumulative area ratio:   22.92
      Required ratio:    0.00 (Cumulative side area) 

    Layer: via2
      Partial area ratio:    0.16
      Required ratio:    6.00 (Gate area) 
      Cumulative area ratio:    0.66
      Required ratio:    0.00 (Cumulative area) 

    Layer: met3
      Partial area ratio:   33.38
      Required ratio:    0.00 (Gate area) 
      Cumulative area ratio:   38.43
      Required ratio:    0.00 (Cumulative area) 
      Partial area ratio:  179.87
      Required ratio:  400.00 (Side area) 
      Cumulative area ratio:  202.80
      Required ratio:    0.00 (Cumulative side area) 

    Layer: via3
      Partial area ratio:    0.32
      Required ratio:    6.00 (Gate area) 
      Cumulative area ratio:    0.97
      Required ratio:    0.00 (Cumulative area) 

    Layer: met4
      Partial area ratio:   41.04
      Required ratio:    0.00 (Gate area) 
      Cumulative area ratio:   79.47
      Required ratio:    0.00 (Cumulative area) 
      Partial area ratio:  219.54
      Required ratio: 2956.40 (Side area) 
      Cumulative area ratio:  422.34
      Required ratio:    0.00 (Cumulative side area) 


  Pin:   _15447_/C (sky130_fd_sc_hd__or4b_1)
    Layer: mcon
      Partial area ratio:    0.23
      Required ratio:    3.00 (Gate area) 
      Cumulative area ratio:    0.23
      Required ratio:    0.00 (Cumulative area) 

    Layer: met1
      Partial area ratio:    4.09
      Required ratio:    0.00 (Gate area) 
      Cumulative area ratio:    4.09
      Required ratio:    0.00 (Cumulative area) 
      Partial area ratio:   19.03
      Required ratio:  400.00 (Side area) 
      Cumulative area ratio:   19.03
      Required ratio:    0.00 (Cumulative side area) 

    Layer: via
      Partial area ratio:    0.27
      Required ratio:    6.00 (Gate area) 
      Cumulative area ratio:    0.50
      Required ratio:    0.00 (Cumulative area) 

    Layer: met2
      Partial area ratio:    0.96
      Required ratio:    0.00 (Gate area) 
      Cumulative area ratio:    5.05
      Required ratio:    0.00 (Cumulative area) 
      Partial area ratio:    3.89
      Required ratio:  400.00 (Side area) 
      Cumulative area ratio:   22.92
      Required ratio:    0.00 (Cumulative side area) 

    Layer: via2
      Partial area ratio:    0.16
      Required ratio:    6.00 (Gate area) 
      Cumulative area ratio:    0.66
      Required ratio:    0.00 (Cumulative area) 

    Layer: met3
      Partial area ratio:   33.38
      Required ratio:    0.00 (Gate area) 
      Cumulative area ratio:   38.43
      Required ratio:    0.00 (Cumulative area) 
      Partial area ratio:  179.87
      Required ratio:  400.00 (Side area) 
      Cumulative area ratio:  202.80
      Required ratio:    0.00 (Cumulative side area) 

    Layer: via3
      Partial area ratio:    0.32
      Required ratio:    6.00 (Gate area) 
      Cumulative area ratio:    0.97
      Required ratio:    0.00 (Cumulative area) 

    Layer: met4
      Partial area ratio:   41.04
      Required ratio:    0.00 (Gate area) 
      Cumulative area ratio:   79.47
      Required ratio:    0.00 (Cumulative area) 
      Partial area ratio:  219.54
      Required ratio: 2956.40 (Side area) 
      Cumulative area ratio:  422.34
      Required ratio:    0.00 (Cumulative side area) 


  Pin:   _15863_/A1 (sky130_fd_sc_hd__a22o_1)
    Layer: mcon
      Partial area ratio:    0.12
      Required ratio:    3.00 (Gate area) 
      Cumulative area ratio:    0.12
      Required ratio:    0.00 (Cumulative area) 

    Layer: met1
      Partial area ratio:    2.43
      Required ratio:    0.00 (Gate area) 
      Cumulative area ratio:    2.43
      Required ratio:    0.00 (Cumulative area) 
      Partial area ratio:   11.44
      Required ratio:  400.00 (Side area) 
      Cumulative area ratio:   11.44
      Required ratio:    0.00 (Cumulative side area) 

    Layer: via
      Partial area ratio:    0.14
      Required ratio:    6.00 (Gate area) 
      Cumulative area ratio:    0.25
      Required ratio:    0.00 (Cumulative area) 

    Layer: met2
      Partial area ratio:    0.55
      Required ratio:    0.00 (Gate area) 
      Cumulative area ratio:    2.98
      Required ratio:    0.00 (Cumulative area) 
      Partial area ratio:    2.56
      Required ratio:  400.00 (Side area) 
      Cumulative area ratio:   14.00
      Required ratio:    0.00 (Cumulative side area) 

    Layer: via2
      Partial area ratio:    0.08
      Required ratio:    6.00 (Gate area) 
      Cumulative area ratio:    0.33
      Required ratio:    0.00 (Cumulative area) 

    Layer: met3
      Partial area ratio:    8.61
      Required ratio:    0.00 (Gate area) 
      Cumulative area ratio:   11.59
      Required ratio:    0.00 (Cumulative area) 
      Partial area ratio:   46.88
      Required ratio:  400.00 (Side area) 
      Cumulative area ratio:   60.88
      Required ratio:    0.00 (Cumulative side area) 

    Layer: via3
      Partial area ratio:    0.08
      Required ratio:    6.00 (Gate area) 
      Cumulative area ratio:    0.41
      Required ratio:    0.00 (Cumulative area) 

    Layer: met4
      Partial area ratio:   41.04
      Required ratio:    0.00 (Gate area) 
      Cumulative area ratio:   52.63
      Required ratio:    0.00 (Cumulative area) 
      Partial area ratio:  219.54
      Required ratio: 2956.40 (Side area) 
      Cumulative area ratio:  280.43
      Required ratio:    0.00 (Cumulative side area) 


  Pin:   _15872_/B2 (sky130_fd_sc_hd__a22o_1)
    Layer: mcon
      Partial area ratio:    0.12
      Required ratio:    3.00 (Gate area) 
      Cumulative area ratio:    0.12
      Required ratio:    0.00 (Cumulative area) 

    Layer: met1
      Partial area ratio:    2.43
      Required ratio:    0.00 (Gate area) 
      Cumulative area ratio:    2.43
      Required ratio:    0.00 (Cumulative area) 
      Partial area ratio:   11.44
      Required ratio:  400.00 (Side area) 
      Cumulative area ratio:   11.44
      Required ratio:    0.00 (Cumulative side area) 

    Layer: via
      Partial area ratio:    0.14
      Required ratio:    6.00 (Gate area) 
      Cumulative area ratio:    0.25
      Required ratio:    0.00 (Cumulative area) 

    Layer: met2
      Partial area ratio:    0.55
      Required ratio:    0.00 (Gate area) 
      Cumulative area ratio:    2.98
      Required ratio:    0.00 (Cumulative area) 
      Partial area ratio:    2.56
      Required ratio:  400.00 (Side area) 
      Cumulative area ratio:   14.00
      Required ratio:    0.00 (Cumulative side area) 

    Layer: via2
      Partial area ratio:    0.08
      Required ratio:    6.00 (Gate area) 
      Cumulative area ratio:    0.33
      Required ratio:    0.00 (Cumulative area) 

    Layer: met3
      Partial area ratio:    8.61
      Required ratio:    0.00 (Gate area) 
      Cumulative area ratio:   11.59
      Required ratio:    0.00 (Cumulative area) 
      Partial area ratio:   46.88
      Required ratio:  400.00 (Side area) 
      Cumulative area ratio:   60.88
      Required ratio:    0.00 (Cumulative side area) 

    Layer: via3
      Partial area ratio:    0.08
      Required ratio:    6.00 (Gate area) 
      Cumulative area ratio:    0.41
      Required ratio:    0.00 (Cumulative area) 

    Layer: met4
      Partial area ratio:   41.04
      Required ratio:    0.00 (Gate area) 
      Cumulative area ratio:   52.63
      Required ratio:    0.00 (Cumulative area) 
      Partial area ratio:  219.54
      Required ratio: 2956.40 (Side area) 
      Cumulative area ratio:  280.43
      Required ratio:    0.00 (Cumulative side area) 


  Pin:   _30169_/A0 (sky130_fd_sc_hd__mux2_1)
    Layer: mcon
      Partial area ratio:    0.23
      Required ratio:    3.00 (Gate area) 
      Cumulative area ratio:    0.23
      Required ratio:    0.00 (Cumulative area) 

    Layer: met1
      Partial area ratio:    6.45
      Required ratio:    0.00 (Gate area) 
      Cumulative area ratio:    6.45
      Required ratio:    0.00 (Cumulative area) 
      Partial area ratio:   30.79
      Required ratio:  400.00 (Side area) 
      Cumulative area ratio:   30.79
      Required ratio:    0.00 (Cumulative side area) 

    Layer: via
      Partial area ratio:    0.36
      Required ratio:    6.00 (Gate area) 
      Cumulative area ratio:    0.59
      Required ratio:    0.00 (Cumulative area) 

    Layer: met2
      Partial area ratio:   10.09
      Required ratio:    0.00 (Gate area) 
      Cumulative area ratio:   16.54
      Required ratio:    0.00 (Cumulative area) 
      Partial area ratio:   48.92
      Required ratio: 2956.40 (Side area) 
      Cumulative area ratio:   79.71
      Required ratio:    0.00 (Cumulative side area) 

    Layer: via2
      Partial area ratio:    0.32
      Required ratio:   38.08 (Gate area) 
      Cumulative area ratio:    0.90
      Required ratio:    0.00 (Cumulative area) 

    Layer: met3
      Partial area ratio:  593.36
      Required ratio:    0.00 (Gate area) 
      Cumulative area ratio:  609.90
      Required ratio:    0.00 (Cumulative area) 
      Partial area ratio: 3172.00
      Required ratio: 2956.40 (Side area) (VIOLATED)
      Cumulative area ratio: 3251.71
      Required ratio:    0.00 (Cumulative side area) 

    Layer: via3
      Partial area ratio:    0.32
      Required ratio:   38.08 (Gate area) 
      Cumulative area ratio:    1.22
      Required ratio:    0.00 (Cumulative area) 

    Layer: met4
      Partial area ratio:   41.04
      Required ratio:    0.00 (Gate area) 
      Cumulative area ratio:  650.93
      Required ratio:    0.00 (Cumulative area) 
      Partial area ratio:  219.54
      Required ratio: 2956.40 (Side area) 
      Cumulative area ratio: 3471.25
      Required ratio:    0.00 (Cumulative side area) 



Net: mantisaresult\[2\]
  Pin:   _15389_/B (sky130_fd_sc_hd__nor2_1)
    Layer: mcon
      Partial area ratio:    0.12
      Required ratio:    3.00 (Gate area) 
      Cumulative area ratio:    0.12
      Required ratio:    0.00 (Cumulative area) 

    Layer: met1
      Partial area ratio:    1.42
      Required ratio:    0.00 (Gate area) 
      Cumulative area ratio:    1.42
      Required ratio:    0.00 (Cumulative area) 
      Partial area ratio:    6.45
      Required ratio:  400.00 (Side area) 
      Cumulative area ratio:    6.45
      Required ratio:    0.00 (Cumulative side area) 

    Layer: via
      Partial area ratio:    0.12
      Required ratio:    6.00 (Gate area) 
      Cumulative area ratio:    0.24
      Required ratio:    0.00 (Cumulative area) 

    Layer: met2
      Partial area ratio:    2.46
      Required ratio:    0.00 (Gate area) 
      Cumulative area ratio:    3.88
      Required ratio:    0.00 (Cumulative area) 
      Partial area ratio:   11.77
      Required ratio:  400.00 (Side area) 
      Cumulative area ratio:   18.22
      Required ratio:    0.00 (Cumulative side area) 

    Layer: via2
      Partial area ratio:    0.08
      Required ratio:    6.00 (Gate area) 
      Cumulative area ratio:    0.32
      Required ratio:    0.00 (Cumulative area) 

    Layer: met3
      Partial area ratio:    3.54
      Required ratio:    0.00 (Gate area) 
      Cumulative area ratio:    7.42
      Required ratio:    0.00 (Cumulative area) 
      Partial area ratio:   19.62
      Required ratio:  400.00 (Side area) 
      Cumulative area ratio:   37.84
      Required ratio:    0.00 (Cumulative side area) 

    Layer: via3
      Partial area ratio:    0.06
      Required ratio:    6.00 (Gate area) 
      Cumulative area ratio:    0.38
      Required ratio:    0.00 (Cumulative area) 

    Layer: met4
      Partial area ratio:   45.27
      Required ratio:    0.00 (Gate area) 
      Cumulative area ratio:   52.69
      Required ratio:    0.00 (Cumulative area) 
      Partial area ratio:  242.03
      Required ratio: 2778.20 (Side area) 
      Cumulative area ratio:  279.87
      Required ratio:    0.00 (Cumulative side area) 


  Pin:   _15412_/B (sky130_fd_sc_hd__nand3_1)
    Layer: mcon
      Partial area ratio:    0.12
      Required ratio:    3.00 (Gate area) 
      Cumulative area ratio:    0.12
      Required ratio:    0.00 (Cumulative area) 

    Layer: met1
      Partial area ratio:    1.42
      Required ratio:    0.00 (Gate area) 
      Cumulative area ratio:    1.42
      Required ratio:    0.00 (Cumulative area) 
      Partial area ratio:    6.45
      Required ratio:  400.00 (Side area) 
      Cumulative area ratio:    6.45
      Required ratio:    0.00 (Cumulative side area) 

    Layer: via
      Partial area ratio:    0.12
      Required ratio:    6.00 (Gate area) 
      Cumulative area ratio:    0.24
      Required ratio:    0.00 (Cumulative area) 

    Layer: met2
      Partial area ratio:    2.46
      Required ratio:    0.00 (Gate area) 
      Cumulative area ratio:    3.88
      Required ratio:    0.00 (Cumulative area) 
      Partial area ratio:   11.77
      Required ratio:  400.00 (Side area) 
      Cumulative area ratio:   18.22
      Required ratio:    0.00 (Cumulative side area) 

    Layer: via2
      Partial area ratio:    0.08
      Required ratio:    6.00 (Gate area) 
      Cumulative area ratio:    0.32
      Required ratio:    0.00 (Cumulative area) 

    Layer: met3
      Partial area ratio:    3.54
      Required ratio:    0.00 (Gate area) 
      Cumulative area ratio:    7.42
      Required ratio:    0.00 (Cumulative area) 
      Partial area ratio:   19.62
      Required ratio:  400.00 (Side area) 
      Cumulative area ratio:   37.84
      Required ratio:    0.00 (Cumulative side area) 

    Layer: via3
      Partial area ratio:    0.06
      Required ratio:    6.00 (Gate area) 
      Cumulative area ratio:    0.38
      Required ratio:    0.00 (Cumulative area) 

    Layer: met4
      Partial area ratio:   45.27
      Required ratio:    0.00 (Gate area) 
      Cumulative area ratio:   52.69
      Required ratio:    0.00 (Cumulative area) 
      Partial area ratio:  242.03
      Required ratio: 2778.20 (Side area) 
      Cumulative area ratio:  279.87
      Required ratio:    0.00 (Cumulative side area) 


  Pin:   _15585_/A (sky130_fd_sc_hd__and2_1)
    Layer: mcon
      Partial area ratio:    0.23
      Required ratio:    3.00 (Gate area) 
      Cumulative area ratio:    0.23
      Required ratio:    0.00 (Cumulative area) 

    Layer: met1
      Partial area ratio:    2.42
      Required ratio:    0.00 (Gate area) 
      Cumulative area ratio:    2.42
      Required ratio:    0.00 (Cumulative area) 
      Partial area ratio:   10.62
      Required ratio:  400.00 (Side area) 
      Cumulative area ratio:   10.62
      Required ratio:    0.00 (Cumulative side area) 

    Layer: via
      Partial area ratio:    0.36
      Required ratio:    6.00 (Gate area) 
      Cumulative area ratio:    0.59
      Required ratio:    0.00 (Cumulative area) 

    Layer: met2
      Partial area ratio:    1.48
      Required ratio:    0.00 (Gate area) 
      Cumulative area ratio:    3.90
      Required ratio:    0.00 (Cumulative area) 
      Partial area ratio:    6.83
      Required ratio:  400.00 (Side area) 
      Cumulative area ratio:   17.46
      Required ratio:    0.00 (Cumulative side area) 

    Layer: via2
      Partial area ratio:    0.32
      Required ratio:    6.00 (Gate area) 
      Cumulative area ratio:    0.90
      Required ratio:    0.00 (Cumulative area) 

    Layer: met3
      Partial area ratio:    3.54
      Required ratio:    0.00 (Gate area) 
      Cumulative area ratio:    7.44
      Required ratio:    0.00 (Cumulative area) 
      Partial area ratio:   19.62
      Required ratio:  400.00 (Side area) 
      Cumulative area ratio:   37.08
      Required ratio:    0.00 (Cumulative side area) 

    Layer: via3
      Partial area ratio:    0.06
      Required ratio:    6.00 (Gate area) 
      Cumulative area ratio:    0.97
      Required ratio:    0.00 (Cumulative area) 

    Layer: met4
      Partial area ratio:   45.27
      Required ratio:    0.00 (Gate area) 
      Cumulative area ratio:   52.71
      Required ratio:    0.00 (Cumulative area) 
      Partial area ratio:  242.03
      Required ratio: 2778.20 (Side area) 
      Cumulative area ratio:  279.11
      Required ratio:    0.00 (Cumulative side area) 


  Pin:   _30141_/A0 (sky130_fd_sc_hd__mux2_2)
    Layer: mcon
      Partial area ratio:    0.18
      Required ratio:    3.00 (Gate area) 
      Cumulative area ratio:    0.18
      Required ratio:    0.00 (Cumulative area) 

    Layer: met1
      Partial area ratio:  123.25
      Required ratio:    0.00 (Gate area) 
      Cumulative area ratio:  123.25
      Required ratio:    0.00 (Cumulative area) 
      Partial area ratio:  614.42
      Required ratio:  400.00 (Side area) (VIOLATED)
      Cumulative area ratio:  614.42
      Required ratio:    0.00 (Cumulative side area) 

    Layer: via
      Partial area ratio:    0.42
      Required ratio:    6.00 (Gate area) 
      Cumulative area ratio:    0.61
      Required ratio:    0.00 (Cumulative area) 

    Layer: met2
      Partial area ratio:   14.83
      Required ratio:    0.00 (Gate area) 
      Cumulative area ratio:  138.09
      Required ratio:    0.00 (Cumulative area) 
      Partial area ratio:   72.22
      Required ratio: 2778.20 (Side area) 
      Cumulative area ratio:  686.65
      Required ratio:    0.00 (Cumulative side area) 

    Layer: via2
      Partial area ratio:    0.25
      Required ratio:   22.04 (Gate area) 
      Cumulative area ratio:    0.86
      Required ratio:    0.00 (Cumulative area) 

    Layer: met3
      Partial area ratio:   91.91
      Required ratio:    0.00 (Gate area) 
      Cumulative area ratio:  230.00
      Required ratio:    0.00 (Cumulative area) 
      Partial area ratio:  493.13
      Required ratio: 2778.20 (Side area) 
      Cumulative area ratio: 1179.78
      Required ratio:    0.00 (Cumulative side area) 

    Layer: via3
      Partial area ratio:    0.25
      Required ratio:   22.04 (Gate area) 
      Cumulative area ratio:    1.11
      Required ratio:    0.00 (Cumulative area) 

    Layer: met4
      Partial area ratio:   45.27
      Required ratio:    0.00 (Gate area) 
      Cumulative area ratio:  275.27
      Required ratio:    0.00 (Cumulative area) 
      Partial area ratio:  242.03
      Required ratio: 2778.20 (Side area) 
      Cumulative area ratio: 1421.81
      Required ratio:    0.00 (Cumulative side area) 



Net: mantisaresult\[37\]
  Pin:   _15310_/A (sky130_fd_sc_hd__or2_1)
    Layer: mcon
      Partial area ratio:    0.23
      Required ratio:    3.00 (Gate area) 
      Cumulative area ratio:    0.23
      Required ratio:    0.00 (Cumulative area) 

    Layer: met1
      Partial area ratio:    5.50
      Required ratio:    0.00 (Gate area) 
      Cumulative area ratio:    5.50
      Required ratio:    0.00 (Cumulative area) 
      Partial area ratio:   26.01
      Required ratio:  400.00 (Side area) 
      Cumulative area ratio:   26.01
      Required ratio:    0.00 (Cumulative side area) 

    Layer: via
      Partial area ratio:    0.36
      Required ratio:    6.00 (Gate area) 
      Cumulative area ratio:    0.59
      Required ratio:    0.00 (Cumulative area) 

    Layer: met2
      Partial area ratio:    1.48
      Required ratio:    0.00 (Gate area) 
      Cumulative area ratio:    6.98
      Required ratio:    0.00 (Cumulative area) 
      Partial area ratio:    6.83
      Required ratio:  400.00 (Side area) 
      Cumulative area ratio:   32.84
      Required ratio:    0.00 (Cumulative side area) 

    Layer: via2
      Partial area ratio:    0.32
      Required ratio:    6.00 (Gate area) 
      Cumulative area ratio:    0.90
      Required ratio:    0.00 (Cumulative area) 

    Layer: met3
      Partial area ratio:    8.75
      Required ratio:    0.00 (Gate area) 
      Cumulative area ratio:   15.73
      Required ratio:    0.00 (Cumulative area) 
      Partial area ratio:   48.51
      Required ratio:  400.00 (Side area) 
      Cumulative area ratio:   81.35
      Required ratio:    0.00 (Cumulative side area) 

    Layer: via3
      Partial area ratio:    0.32
      Required ratio:    6.00 (Gate area) 
      Cumulative area ratio:    1.22
      Required ratio:    0.00 (Cumulative area) 

    Layer: met4
      Partial area ratio:   14.93
      Required ratio:    0.00 (Gate area) 
      Cumulative area ratio:   30.66
      Required ratio:    0.00 (Cumulative area) 
      Partial area ratio:   80.47
      Required ratio: 2956.40 (Side area) 
      Cumulative area ratio:  161.82
      Required ratio:    0.00 (Cumulative side area) 


  Pin:   _15317_/A (sky130_fd_sc_hd__or2_1)
    Layer: mcon
      Partial area ratio:    0.23
      Required ratio:    3.00 (Gate area) 
      Cumulative area ratio:    0.23
      Required ratio:    0.00 (Cumulative area) 

    Layer: met1
      Partial area ratio:    6.85
      Required ratio:    0.00 (Gate area) 
      Cumulative area ratio:    6.85
      Required ratio:    0.00 (Cumulative area) 
      Partial area ratio:   32.77
      Required ratio:  400.00 (Side area) 
      Cumulative area ratio:   32.77
      Required ratio:    0.00 (Cumulative side area) 

    Layer: via
      Partial area ratio:    0.36
      Required ratio:    6.00 (Gate area) 
      Cumulative area ratio:    0.59
      Required ratio:    0.00 (Cumulative area) 

    Layer: met2
      Partial area ratio:    1.48
      Required ratio:    0.00 (Gate area) 
      Cumulative area ratio:    8.33
      Required ratio:    0.00 (Cumulative area) 
      Partial area ratio:    6.83
      Required ratio:  400.00 (Side area) 
      Cumulative area ratio:   39.60
      Required ratio:    0.00 (Cumulative side area) 

    Layer: via2
      Partial area ratio:    0.32
      Required ratio:    6.00 (Gate area) 
      Cumulative area ratio:    0.90
      Required ratio:    0.00 (Cumulative area) 

    Layer: met3
      Partial area ratio:   11.27
      Required ratio:    0.00 (Gate area) 
      Cumulative area ratio:   19.60
      Required ratio:    0.00 (Cumulative area) 
      Partial area ratio:   60.71
      Required ratio:  400.00 (Side area) 
      Cumulative area ratio:  100.31
      Required ratio:    0.00 (Cumulative side area) 

    Layer: via3
      Partial area ratio:    0.05
      Required ratio:    6.00 (Gate area) 
      Cumulative area ratio:    0.96
      Required ratio:    0.00 (Cumulative area) 

    Layer: met4
      Partial area ratio:   14.93
      Required ratio:    0.00 (Gate area) 
      Cumulative area ratio:   34.53
      Required ratio:    0.00 (Cumulative area) 
      Partial area ratio:   80.47
      Required ratio: 2956.40 (Side area) 
      Cumulative area ratio:  180.78
      Required ratio:    0.00 (Cumulative side area) 


  Pin:   _15345_/A (sky130_fd_sc_hd__or4b_2)
    Layer: mcon
      Partial area ratio:    0.23
      Required ratio:    3.00 (Gate area) 
      Cumulative area ratio:    0.23
      Required ratio:    0.00 (Cumulative area) 

    Layer: met1
      Partial area ratio:    7.67
      Required ratio:    0.00 (Gate area) 
      Cumulative area ratio:    7.67
      Required ratio:    0.00 (Cumulative area) 
      Partial area ratio:   36.90
      Required ratio:  400.00 (Side area) 
      Cumulative area ratio:   36.90
      Required ratio:    0.00 (Cumulative side area) 

    Layer: via
      Partial area ratio:    0.36
      Required ratio:    6.00 (Gate area) 
      Cumulative area ratio:    0.59
      Required ratio:    0.00 (Cumulative area) 

    Layer: met2
      Partial area ratio:    1.48
      Required ratio:    0.00 (Gate area) 
      Cumulative area ratio:    9.16
      Required ratio:    0.00 (Cumulative area) 
      Partial area ratio:    6.83
      Required ratio:  400.00 (Side area) 
      Cumulative area ratio:   43.73
      Required ratio:    0.00 (Cumulative side area) 

    Layer: via2
      Partial area ratio:    0.32
      Required ratio:    6.00 (Gate area) 
      Cumulative area ratio:    0.90
      Required ratio:    0.00 (Cumulative area) 

    Layer: met3
      Partial area ratio:   11.27
      Required ratio:    0.00 (Gate area) 
      Cumulative area ratio:   20.42
      Required ratio:    0.00 (Cumulative area) 
      Partial area ratio:   60.71
      Required ratio:  400.00 (Side area) 
      Cumulative area ratio:  104.45
      Required ratio:    0.00 (Cumulative side area) 

    Layer: via3
      Partial area ratio:    0.05
      Required ratio:    6.00 (Gate area) 
      Cumulative area ratio:    0.96
      Required ratio:    0.00 (Cumulative area) 

    Layer: met4
      Partial area ratio:   14.93
      Required ratio:    0.00 (Gate area) 
      Cumulative area ratio:   35.36
      Required ratio:    0.00 (Cumulative area) 
      Partial area ratio:   80.47
      Required ratio: 2956.40 (Side area) 
      Cumulative area ratio:  184.91
      Required ratio:    0.00 (Cumulative side area) 


  Pin:   _15501_/A (sky130_fd_sc_hd__and2_1)
    Layer: mcon
      Partial area ratio:    0.23
      Required ratio:    3.00 (Gate area) 
      Cumulative area ratio:    0.23
      Required ratio:    0.00 (Cumulative area) 

    Layer: met1
      Partial area ratio:    6.51
      Required ratio:    0.00 (Gate area) 
      Cumulative area ratio:    6.51
      Required ratio:    0.00 (Cumulative area) 
      Partial area ratio:   31.07
      Required ratio:  400.00 (Side area) 
      Cumulative area ratio:   31.07
      Required ratio:    0.00 (Cumulative side area) 

    Layer: via
      Partial area ratio:    0.36
      Required ratio:    6.00 (Gate area) 
      Cumulative area ratio:    0.59
      Required ratio:    0.00 (Cumulative area) 

    Layer: met2
      Partial area ratio:   10.11
      Required ratio:    0.00 (Gate area) 
      Cumulative area ratio:   16.62
      Required ratio:    0.00 (Cumulative area) 
      Partial area ratio:   49.06
      Required ratio:  400.00 (Side area) 
      Cumulative area ratio:   80.12
      Required ratio:    0.00 (Cumulative side area) 

    Layer: via2
      Partial area ratio:    0.32
      Required ratio:    6.00 (Gate area) 
      Cumulative area ratio:    0.90
      Required ratio:    0.00 (Cumulative area) 

    Layer: met3
      Partial area ratio:    8.75
      Required ratio:    0.00 (Gate area) 
      Cumulative area ratio:   25.38
      Required ratio:    0.00 (Cumulative area) 
      Partial area ratio:   48.51
      Required ratio:  400.00 (Side area) 
      Cumulative area ratio:  128.63
      Required ratio:    0.00 (Cumulative side area) 

    Layer: via3
      Partial area ratio:    0.32
      Required ratio:    6.00 (Gate area) 
      Cumulative area ratio:    1.22
      Required ratio:    0.00 (Cumulative area) 

    Layer: met4
      Partial area ratio:   14.93
      Required ratio:    0.00 (Gate area) 
      Cumulative area ratio:   40.31
      Required ratio:    0.00 (Cumulative area) 
      Partial area ratio:   80.47
      Required ratio: 2956.40 (Side area) 
      Cumulative area ratio:  209.10
      Required ratio:    0.00 (Cumulative side area) 


  Pin:   _15985_/A1 (sky130_fd_sc_hd__a22o_1)
    Layer: mcon
      Partial area ratio:    0.12
      Required ratio:    3.00 (Gate area) 
      Cumulative area ratio:    0.12
      Required ratio:    0.00 (Cumulative area) 

    Layer: met1
      Partial area ratio:    2.39
      Required ratio:    0.00 (Gate area) 
      Cumulative area ratio:    2.39
      Required ratio:    0.00 (Cumulative area) 
      Partial area ratio:   11.21
      Required ratio:  400.00 (Side area) 
      Cumulative area ratio:   11.21
      Required ratio:    0.00 (Cumulative side area) 

    Layer: via
      Partial area ratio:    0.14
      Required ratio:    6.00 (Gate area) 
      Cumulative area ratio:    0.25
      Required ratio:    0.00 (Cumulative area) 

    Layer: met2
      Partial area ratio:    0.55
      Required ratio:    0.00 (Gate area) 
      Cumulative area ratio:    2.93
      Required ratio:    0.00 (Cumulative area) 
      Partial area ratio:    2.56
      Required ratio:  400.00 (Side area) 
      Cumulative area ratio:   13.77
      Required ratio:    0.00 (Cumulative side area) 

    Layer: via2
      Partial area ratio:    0.08
      Required ratio:    6.00 (Gate area) 
      Cumulative area ratio:    0.33
      Required ratio:    0.00 (Cumulative area) 

    Layer: met3
      Partial area ratio:   11.27
      Required ratio:    0.00 (Gate area) 
      Cumulative area ratio:   14.20
      Required ratio:    0.00 (Cumulative area) 
      Partial area ratio:   60.71
      Required ratio:  400.00 (Side area) 
      Cumulative area ratio:   74.49
      Required ratio:    0.00 (Cumulative side area) 

    Layer: via3
      Partial area ratio:    0.05
      Required ratio:    6.00 (Gate area) 
      Cumulative area ratio:    0.39
      Required ratio:    0.00 (Cumulative area) 

    Layer: met4
      Partial area ratio:   14.93
      Required ratio:    0.00 (Gate area) 
      Cumulative area ratio:   29.13
      Required ratio:    0.00 (Cumulative area) 
      Partial area ratio:   80.47
      Required ratio: 2956.40 (Side area) 
      Cumulative area ratio:  154.96
      Required ratio:    0.00 (Cumulative side area) 


  Pin:   _15999_/B2 (sky130_fd_sc_hd__a22o_1)
    Layer: mcon
      Partial area ratio:    0.12
      Required ratio:    3.00 (Gate area) 
      Cumulative area ratio:    0.12
      Required ratio:    0.00 (Cumulative area) 

    Layer: met1
      Partial area ratio:    2.39
      Required ratio:    0.00 (Gate area) 
      Cumulative area ratio:    2.39
      Required ratio:    0.00 (Cumulative area) 
      Partial area ratio:   11.21
      Required ratio:  400.00 (Side area) 
      Cumulative area ratio:   11.21
      Required ratio:    0.00 (Cumulative side area) 

    Layer: via
      Partial area ratio:    0.14
      Required ratio:    6.00 (Gate area) 
      Cumulative area ratio:    0.25
      Required ratio:    0.00 (Cumulative area) 

    Layer: met2
      Partial area ratio:    0.55
      Required ratio:    0.00 (Gate area) 
      Cumulative area ratio:    2.93
      Required ratio:    0.00 (Cumulative area) 
      Partial area ratio:    2.56
      Required ratio:  400.00 (Side area) 
      Cumulative area ratio:   13.77
      Required ratio:    0.00 (Cumulative side area) 

    Layer: via2
      Partial area ratio:    0.08
      Required ratio:    6.00 (Gate area) 
      Cumulative area ratio:    0.33
      Required ratio:    0.00 (Cumulative area) 

    Layer: met3
      Partial area ratio:   11.27
      Required ratio:    0.00 (Gate area) 
      Cumulative area ratio:   14.20
      Required ratio:    0.00 (Cumulative area) 
      Partial area ratio:   60.71
      Required ratio:  400.00 (Side area) 
      Cumulative area ratio:   74.49
      Required ratio:    0.00 (Cumulative side area) 

    Layer: via3
      Partial area ratio:    0.05
      Required ratio:    6.00 (Gate area) 
      Cumulative area ratio:    0.39
      Required ratio:    0.00 (Cumulative area) 

    Layer: met4
      Partial area ratio:   14.93
      Required ratio:    0.00 (Gate area) 
      Cumulative area ratio:   29.13
      Required ratio:    0.00 (Cumulative area) 
      Partial area ratio:   80.47
      Required ratio: 2956.40 (Side area) 
      Cumulative area ratio:  154.96
      Required ratio:    0.00 (Cumulative side area) 


  Pin:   _30178_/A0 (sky130_fd_sc_hd__mux2_1)
    Layer: mcon
      Partial area ratio:    0.23
      Required ratio:    3.00 (Gate area) 
      Cumulative area ratio:    0.23
      Required ratio:    0.00 (Cumulative area) 

    Layer: met1
      Partial area ratio:   45.26
      Required ratio:    0.00 (Gate area) 
      Cumulative area ratio:   45.26
      Required ratio:    0.00 (Cumulative area) 
      Partial area ratio:  223.43
      Required ratio: 2956.40 (Side area) 
      Cumulative area ratio:  223.43
      Required ratio:    0.00 (Cumulative side area) 

    Layer: via
      Partial area ratio:    0.54
      Required ratio:   38.08 (Gate area) 
      Cumulative area ratio:    0.77
      Required ratio:    0.00 (Cumulative area) 

    Layer: met2
      Partial area ratio:   17.75
      Required ratio:    0.00 (Gate area) 
      Cumulative area ratio:   63.01
      Required ratio:    0.00 (Cumulative area) 
      Partial area ratio:   87.25
      Required ratio: 2956.40 (Side area) 
      Cumulative area ratio:  310.68
      Required ratio:    0.00 (Cumulative side area) 

    Layer: via2
      Partial area ratio:    0.32
      Required ratio:   38.08 (Gate area) 
      Cumulative area ratio:    1.08
      Required ratio:    0.00 (Cumulative area) 

    Layer: met3
      Partial area ratio:  575.98
      Required ratio:    0.00 (Gate area) 
      Cumulative area ratio:  639.00
      Required ratio:    0.00 (Cumulative area) 
      Partial area ratio: 3075.62
      Required ratio: 2956.40 (Side area) (VIOLATED)
      Cumulative area ratio: 3386.30
      Required ratio:    0.00 (Cumulative side area) 

    Layer: via3
      Partial area ratio:    0.32
      Required ratio:   38.08 (Gate area) 
      Cumulative area ratio:    1.40
      Required ratio:    0.00 (Cumulative area) 

    Layer: met4
      Partial area ratio:   14.93
      Required ratio:    0.00 (Gate area) 
      Cumulative area ratio:  653.93
      Required ratio:    0.00 (Cumulative area) 
      Partial area ratio:   80.47
      Required ratio: 2956.40 (Side area) 
      Cumulative area ratio: 3466.77
      Required ratio:    0.00 (Cumulative side area) 



Net: net196
  Pin:   _26714_/A (sky130_fd_sc_hd__and2_4)
    Layer: mcon
      Partial area ratio:    0.12
      Required ratio:    3.00 (Gate area) 
      Cumulative area ratio:    0.12
      Required ratio:    0.00 (Cumulative area) 

    Layer: met1
      Partial area ratio:    2.28
      Required ratio:    0.00 (Gate area) 
      Cumulative area ratio:    2.28
      Required ratio:    0.00 (Cumulative area) 
      Partial area ratio:   10.63
      Required ratio:  400.00 (Side area) 
      Cumulative area ratio:   10.63
      Required ratio:    0.00 (Cumulative side area) 

    Layer: via
      Partial area ratio:    0.18
      Required ratio:    6.00 (Gate area) 
      Cumulative area ratio:    0.30
      Required ratio:    0.00 (Cumulative area) 

    Layer: met2
      Partial area ratio:    6.15
      Required ratio:    0.00 (Gate area) 
      Cumulative area ratio:    8.43
      Required ratio:    0.00 (Cumulative area) 
      Partial area ratio:   30.35
      Required ratio: 3134.60 (Side area) 
      Cumulative area ratio:   40.98
      Required ratio:    0.00 (Cumulative side area) 


  Pin:   _26715_/A (sky130_fd_sc_hd__and4_1)
    Layer: mcon
      Partial area ratio:    0.23
      Required ratio:    3.00 (Gate area) 
      Cumulative area ratio:    0.23
      Required ratio:    0.00 (Cumulative area) 

    Layer: met1
      Partial area ratio:   15.92
      Required ratio:    0.00 (Gate area) 
      Cumulative area ratio:   15.92
      Required ratio:    0.00 (Cumulative area) 
      Partial area ratio:   77.88
      Required ratio:  400.00 (Side area) 
      Cumulative area ratio:   77.88
      Required ratio:    0.00 (Cumulative side area) 

    Layer: via
      Partial area ratio:    0.30
      Required ratio:    6.00 (Gate area) 
      Cumulative area ratio:    0.53
      Required ratio:    0.00 (Cumulative area) 

    Layer: met2
      Partial area ratio:    6.15
      Required ratio:    0.00 (Gate area) 
      Cumulative area ratio:   22.07
      Required ratio:    0.00 (Cumulative area) 
      Partial area ratio:   30.35
      Required ratio: 3134.60 (Side area) 
      Cumulative area ratio:  108.23
      Required ratio:    0.00 (Cumulative side area) 


  Pin:   _26732_/C (sky130_fd_sc_hd__and3b_1)
    Layer: mcon
      Partial area ratio:    0.23
      Required ratio:    3.00 (Gate area) 
      Cumulative area ratio:    0.23
      Required ratio:    0.00 (Cumulative area) 

    Layer: met1
      Partial area ratio:   15.92
      Required ratio:    0.00 (Gate area) 
      Cumulative area ratio:   15.92
      Required ratio:    0.00 (Cumulative area) 
      Partial area ratio:   77.88
      Required ratio:  400.00 (Side area) 
      Cumulative area ratio:   77.88
      Required ratio:    0.00 (Cumulative side area) 

    Layer: via
      Partial area ratio:    0.30
      Required ratio:    6.00 (Gate area) 
      Cumulative area ratio:    0.53
      Required ratio:    0.00 (Cumulative area) 

    Layer: met2
      Partial area ratio:    6.15
      Required ratio:    0.00 (Gate area) 
      Cumulative area ratio:   22.07
      Required ratio:    0.00 (Cumulative area) 
      Partial area ratio:   30.35
      Required ratio: 3134.60 (Side area) 
      Cumulative area ratio:  108.23
      Required ratio:    0.00 (Cumulative side area) 


  Pin:   _26733_/D (sky130_fd_sc_hd__and4b_1)
    Layer: mcon
      Partial area ratio:    0.23
      Required ratio:    3.00 (Gate area) 
      Cumulative area ratio:    0.23
      Required ratio:    0.00 (Cumulative area) 

    Layer: met1
      Partial area ratio:    4.23
      Required ratio:    0.00 (Gate area) 
      Cumulative area ratio:    4.23
      Required ratio:    0.00 (Cumulative area) 
      Partial area ratio:   19.67
      Required ratio:  400.00 (Side area) 
      Cumulative area ratio:   19.67
      Required ratio:    0.00 (Cumulative side area) 

    Layer: via
      Partial area ratio:    0.36
      Required ratio:    6.00 (Gate area) 
      Cumulative area ratio:    0.59
      Required ratio:    0.00 (Cumulative area) 

    Layer: met2
      Partial area ratio:    6.15
      Required ratio:    0.00 (Gate area) 
      Cumulative area ratio:   10.38
      Required ratio:    0.00 (Cumulative area) 
      Partial area ratio:   30.35
      Required ratio: 3134.60 (Side area) 
      Cumulative area ratio:   50.02
      Required ratio:    0.00 (Cumulative side area) 


  Pin:   _28343_/A (sky130_fd_sc_hd__and4_2)
    Layer: mcon
      Partial area ratio:    0.23
      Required ratio:    3.00 (Gate area) 
      Cumulative area ratio:    0.23
      Required ratio:    0.00 (Cumulative area) 

    Layer: met1
      Partial area ratio:   15.92
      Required ratio:    0.00 (Gate area) 
      Cumulative area ratio:   15.92
      Required ratio:    0.00 (Cumulative area) 
      Partial area ratio:   77.88
      Required ratio:  400.00 (Side area) 
      Cumulative area ratio:   77.88
      Required ratio:    0.00 (Cumulative side area) 

    Layer: via
      Partial area ratio:    0.30
      Required ratio:    6.00 (Gate area) 
      Cumulative area ratio:    0.53
      Required ratio:    0.00 (Cumulative area) 

    Layer: met2
      Partial area ratio:    6.15
      Required ratio:    0.00 (Gate area) 
      Cumulative area ratio:   22.07
      Required ratio:    0.00 (Cumulative area) 
      Partial area ratio:   30.35
      Required ratio: 3134.60 (Side area) 
      Cumulative area ratio:  108.23
      Required ratio:    0.00 (Cumulative side area) 


  Pin:   _28393_/A (sky130_fd_sc_hd__and4_1)
    Layer: mcon
      Partial area ratio:    0.23
      Required ratio:    3.00 (Gate area) 
      Cumulative area ratio:    0.23
      Required ratio:    0.00 (Cumulative area) 

    Layer: met1
      Partial area ratio:   94.11
      Required ratio:    0.00 (Gate area) 
      Cumulative area ratio:   94.11
      Required ratio:    0.00 (Cumulative area) 
      Partial area ratio:  467.36
      Required ratio:  400.00 (Side area) (VIOLATED)
      Cumulative area ratio:  467.36
      Required ratio:    0.00 (Cumulative side area) 

    Layer: via
      Partial area ratio:    0.71
      Required ratio:    6.00 (Gate area) 
      Cumulative area ratio:    0.94
      Required ratio:    0.00 (Cumulative area) 

    Layer: met2
      Partial area ratio:    6.15
      Required ratio:    0.00 (Gate area) 
      Cumulative area ratio:  100.26
      Required ratio:    0.00 (Cumulative area) 
      Partial area ratio:   30.35
      Required ratio: 3134.60 (Side area) 
      Cumulative area ratio:  497.71
      Required ratio:    0.00 (Cumulative side area) 


  Pin:   fanout195/A (sky130_fd_sc_hd__buf_8)
    Layer: mcon
      Partial area ratio:    0.04
      Required ratio:    3.00 (Gate area) 
      Cumulative area ratio:    0.04
      Required ratio:    0.00 (Cumulative area) 

    Layer: met1
      Partial area ratio:    4.51
      Required ratio:    0.00 (Gate area) 
      Cumulative area ratio:    4.51
      Required ratio:    0.00 (Cumulative area) 
      Partial area ratio:   22.16
      Required ratio:  400.00 (Side area) 
      Cumulative area ratio:   22.16
      Required ratio:    0.00 (Cumulative side area) 

    Layer: via
      Partial area ratio:    0.09
      Required ratio:    6.00 (Gate area) 
      Cumulative area ratio:    0.13
      Required ratio:    0.00 (Cumulative area) 

    Layer: met2
      Partial area ratio:    6.15
      Required ratio:    0.00 (Gate area) 
      Cumulative area ratio:   10.66
      Required ratio:    0.00 (Cumulative area) 
      Partial area ratio:   30.35
      Required ratio: 3134.60 (Side area) 
      Cumulative area ratio:   52.51
      Required ratio:    0.00 (Cumulative side area) 



Net: net479
  Pin:   _20086_/A (sky130_fd_sc_hd__and3_1)
    Layer: mcon
      Partial area ratio:    0.23
      Required ratio:    3.00 (Gate area) 
      Cumulative area ratio:    0.23
      Required ratio:    0.00 (Cumulative area) 

    Layer: met1
      Partial area ratio:    7.65
      Required ratio:    0.00 (Gate area) 
      Cumulative area ratio:    7.65
      Required ratio:    0.00 (Cumulative area) 
      Partial area ratio:   36.79
      Required ratio:  400.00 (Side area) 
      Cumulative area ratio:   36.79
      Required ratio:    0.00 (Cumulative side area) 

    Layer: via
      Partial area ratio:    0.36
      Required ratio:    6.00 (Gate area) 
      Cumulative area ratio:    0.59
      Required ratio:    0.00 (Cumulative area) 

    Layer: met2
      Partial area ratio:    1.48
      Required ratio:    0.00 (Gate area) 
      Cumulative area ratio:    9.14
      Required ratio:    0.00 (Cumulative area) 
      Partial area ratio:    6.83
      Required ratio:  400.00 (Side area) 
      Cumulative area ratio:   43.63
      Required ratio:    0.00 (Cumulative side area) 

    Layer: via2
      Partial area ratio:    0.32
      Required ratio:    6.00 (Gate area) 
      Cumulative area ratio:    0.90
      Required ratio:    0.00 (Cumulative area) 

    Layer: met3
      Partial area ratio:    0.99
      Required ratio:    0.00 (Gate area) 
      Cumulative area ratio:   10.13
      Required ratio:    0.00 (Cumulative area) 
      Partial area ratio:    9.02
      Required ratio:  400.00 (Side area) 
      Cumulative area ratio:   52.64
      Required ratio:    0.00 (Cumulative side area) 

    Layer: via3
      Partial area ratio:    0.32
      Required ratio:    6.00 (Gate area) 
      Cumulative area ratio:    1.22
      Required ratio:    0.00 (Cumulative area) 

    Layer: met4
      Partial area ratio:   22.25
      Required ratio:    0.00 (Gate area) 
      Cumulative area ratio:   32.37
      Required ratio:    0.00 (Cumulative area) 
      Partial area ratio:  119.87
      Required ratio: 2778.20 (Side area) 
      Cumulative area ratio:  172.52
      Required ratio:    0.00 (Cumulative side area) 


  Pin:   _20291_/A (sky130_fd_sc_hd__and3_1)
    Layer: mcon
      Partial area ratio:    0.23
      Required ratio:    3.00 (Gate area) 
      Cumulative area ratio:    0.23
      Required ratio:    0.00 (Cumulative area) 

    Layer: met1
      Partial area ratio:    4.84
      Required ratio:    0.00 (Gate area) 
      Cumulative area ratio:    4.84
      Required ratio:    0.00 (Cumulative area) 
      Partial area ratio:   22.71
      Required ratio:  400.00 (Side area) 
      Cumulative area ratio:   22.71
      Required ratio:    0.00 (Cumulative side area) 

    Layer: via
      Partial area ratio:    0.36
      Required ratio:    6.00 (Gate area) 
      Cumulative area ratio:    0.59
      Required ratio:    0.00 (Cumulative area) 

    Layer: met2
      Partial area ratio:    1.48
      Required ratio:    0.00 (Gate area) 
      Cumulative area ratio:    6.32
      Required ratio:    0.00 (Cumulative area) 
      Partial area ratio:    6.83
      Required ratio:  400.00 (Side area) 
      Cumulative area ratio:   29.54
      Required ratio:    0.00 (Cumulative side area) 

    Layer: via2
      Partial area ratio:    0.32
      Required ratio:    6.00 (Gate area) 
      Cumulative area ratio:    0.90
      Required ratio:    0.00 (Cumulative area) 

    Layer: met3
      Partial area ratio:    0.99
      Required ratio:    0.00 (Gate area) 
      Cumulative area ratio:    7.31
      Required ratio:    0.00 (Cumulative area) 
      Partial area ratio:    9.02
      Required ratio:  400.00 (Side area) 
      Cumulative area ratio:   38.55
      Required ratio:    0.00 (Cumulative side area) 

    Layer: via3
      Partial area ratio:    0.32
      Required ratio:    6.00 (Gate area) 
      Cumulative area ratio:    1.22
      Required ratio:    0.00 (Cumulative area) 

    Layer: met4
      Partial area ratio:   22.25
      Required ratio:    0.00 (Gate area) 
      Cumulative area ratio:   29.55
      Required ratio:    0.00 (Cumulative area) 
      Partial area ratio:  119.87
      Required ratio: 2778.20 (Side area) 
      Cumulative area ratio:  158.43
      Required ratio:    0.00 (Cumulative side area) 


  Pin:   _20499_/A (sky130_fd_sc_hd__and4_1)
    Layer: mcon
      Partial area ratio:    0.23
      Required ratio:    3.00 (Gate area) 
      Cumulative area ratio:    0.23
      Required ratio:    0.00 (Cumulative area) 

    Layer: met1
      Partial area ratio:   25.08
      Required ratio:    0.00 (Gate area) 
      Cumulative area ratio:   25.08
      Required ratio:    0.00 (Cumulative area) 
      Partial area ratio:  123.08
      Required ratio:  400.00 (Side area) 
      Cumulative area ratio:  123.08
      Required ratio:    0.00 (Cumulative side area) 

    Layer: via
      Partial area ratio:    0.54
      Required ratio:    6.00 (Gate area) 
      Cumulative area ratio:    0.77
      Required ratio:    0.00 (Cumulative area) 

    Layer: met2
      Partial area ratio:   17.92
      Required ratio:    0.00 (Gate area) 
      Cumulative area ratio:   43.00
      Required ratio:    0.00 (Cumulative area) 
      Partial area ratio:   87.64
      Required ratio:  400.00 (Side area) 
      Cumulative area ratio:  210.72
      Required ratio:    0.00 (Cumulative side area) 

    Layer: via2
      Partial area ratio:    0.63
      Required ratio:    6.00 (Gate area) 
      Cumulative area ratio:    1.40
      Required ratio:    0.00 (Cumulative area) 

    Layer: met3
      Partial area ratio:  166.26
      Required ratio:    0.00 (Gate area) 
      Cumulative area ratio:  209.26
      Required ratio:    0.00 (Cumulative area) 
      Partial area ratio:  894.16
      Required ratio:  400.00 (Side area) (VIOLATED)
      Cumulative area ratio: 1104.88
      Required ratio:    0.00 (Cumulative side area) 

    Layer: via3
      Partial area ratio:    0.63
      Required ratio:    6.00 (Gate area) 
      Cumulative area ratio:    2.03
      Required ratio:    0.00 (Cumulative area) 

    Layer: met4
      Partial area ratio:   22.25
      Required ratio:    0.00 (Gate area) 
      Cumulative area ratio:  231.50
      Required ratio:    0.00 (Cumulative area) 
      Partial area ratio:  119.87
      Required ratio: 2778.20 (Side area) 
      Cumulative area ratio: 1224.75
      Required ratio:    0.00 (Cumulative side area) 


  Pin:   _21743_/C (sky130_fd_sc_hd__and3b_1)
    Layer: mcon
      Partial area ratio:    0.23
      Required ratio:    3.00 (Gate area) 
      Cumulative area ratio:    0.23
      Required ratio:    0.00 (Cumulative area) 

    Layer: met1
      Partial area ratio:    3.19
      Required ratio:    0.00 (Gate area) 
      Cumulative area ratio:    3.19
      Required ratio:    0.00 (Cumulative area) 
      Partial area ratio:   14.47
      Required ratio:  400.00 (Side area) 
      Cumulative area ratio:   14.47
      Required ratio:    0.00 (Cumulative side area) 

    Layer: via
      Partial area ratio:    0.36
      Required ratio:    6.00 (Gate area) 
      Cumulative area ratio:    0.59
      Required ratio:    0.00 (Cumulative area) 

    Layer: met2
      Partial area ratio:    1.48
      Required ratio:    0.00 (Gate area) 
      Cumulative area ratio:    4.67
      Required ratio:    0.00 (Cumulative area) 
      Partial area ratio:    6.83
      Required ratio:  400.00 (Side area) 
      Cumulative area ratio:   21.31
      Required ratio:    0.00 (Cumulative side area) 

    Layer: via2
      Partial area ratio:    0.32
      Required ratio:    6.00 (Gate area) 
      Cumulative area ratio:    0.90
      Required ratio:    0.00 (Cumulative area) 

    Layer: met3
      Partial area ratio:    0.99
      Required ratio:    0.00 (Gate area) 
      Cumulative area ratio:    5.66
      Required ratio:    0.00 (Cumulative area) 
      Partial area ratio:    9.02
      Required ratio:  400.00 (Side area) 
      Cumulative area ratio:   30.32
      Required ratio:    0.00 (Cumulative side area) 

    Layer: via3
      Partial area ratio:    0.32
      Required ratio:    6.00 (Gate area) 
      Cumulative area ratio:    1.22
      Required ratio:    0.00 (Cumulative area) 

    Layer: met4
      Partial area ratio:   22.25
      Required ratio:    0.00 (Gate area) 
      Cumulative area ratio:   27.91
      Required ratio:    0.00 (Cumulative area) 
      Partial area ratio:  119.87
      Required ratio: 2778.20 (Side area) 
      Cumulative area ratio:  150.19
      Required ratio:    0.00 (Cumulative side area) 


  Pin:   _22426_/A (sky130_fd_sc_hd__and3_1)
    Layer: mcon
      Partial area ratio:    0.23
      Required ratio:    3.00 (Gate area) 
      Cumulative area ratio:    0.23
      Required ratio:    0.00 (Cumulative area) 

    Layer: met1
      Partial area ratio:   56.72
      Required ratio:    0.00 (Gate area) 
      Cumulative area ratio:   56.72
      Required ratio:    0.00 (Cumulative area) 
      Partial area ratio:  281.33
      Required ratio: 2778.20 (Side area) 
      Cumulative area ratio:  281.33
      Required ratio:    0.00 (Cumulative side area) 

    Layer: via
      Partial area ratio:    0.36
      Required ratio:   22.04 (Gate area) 
      Cumulative area ratio:    0.59
      Required ratio:    0.00 (Cumulative area) 

    Layer: met2
      Partial area ratio:    1.40
      Required ratio:    0.00 (Gate area) 
      Cumulative area ratio:   58.12
      Required ratio:    0.00 (Cumulative area) 
      Partial area ratio:    6.64
      Required ratio: 2778.20 (Side area) 
      Cumulative area ratio:  287.97
      Required ratio:    0.00 (Cumulative side area) 

    Layer: via2
      Partial area ratio:    0.16
      Required ratio:   22.04 (Gate area) 
      Cumulative area ratio:    0.75
      Required ratio:    0.00 (Cumulative area) 

    Layer: met3
      Partial area ratio:    0.50
      Required ratio:    0.00 (Gate area) 
      Cumulative area ratio:   58.62
      Required ratio:    0.00 (Cumulative area) 
      Partial area ratio:    4.51
      Required ratio: 2778.20 (Side area) 
      Cumulative area ratio:  292.48
      Required ratio:    0.00 (Cumulative side area) 

    Layer: via3
      Partial area ratio:    0.16
      Required ratio:   22.04 (Gate area) 
      Cumulative area ratio:    0.90
      Required ratio:    0.00 (Cumulative area) 

    Layer: met4
      Partial area ratio:   22.25
      Required ratio:    0.00 (Gate area) 
      Cumulative area ratio:   80.86
      Required ratio:    0.00 (Cumulative area) 
      Partial area ratio:  119.87
      Required ratio: 2778.20 (Side area) 
      Cumulative area ratio:  412.35
      Required ratio:    0.00 (Cumulative side area) 


  Pin:   _26030_/A (sky130_fd_sc_hd__and4_1)
    Layer: mcon
      Partial area ratio:    0.23
      Required ratio:    3.00 (Gate area) 
      Cumulative area ratio:    0.23
      Required ratio:    0.00 (Cumulative area) 

    Layer: met1
      Partial area ratio:   56.72
      Required ratio:    0.00 (Gate area) 
      Cumulative area ratio:   56.72
      Required ratio:    0.00 (Cumulative area) 
      Partial area ratio:  281.33
      Required ratio: 2778.20 (Side area) 
      Cumulative area ratio:  281.33
      Required ratio:    0.00 (Cumulative side area) 

    Layer: via
      Partial area ratio:    0.36
      Required ratio:   22.04 (Gate area) 
      Cumulative area ratio:    0.59
      Required ratio:    0.00 (Cumulative area) 

    Layer: met2
      Partial area ratio:    1.40
      Required ratio:    0.00 (Gate area) 
      Cumulative area ratio:   58.12
      Required ratio:    0.00 (Cumulative area) 
      Partial area ratio:    6.64
      Required ratio: 2778.20 (Side area) 
      Cumulative area ratio:  287.97
      Required ratio:    0.00 (Cumulative side area) 

    Layer: via2
      Partial area ratio:    0.16
      Required ratio:   22.04 (Gate area) 
      Cumulative area ratio:    0.75
      Required ratio:    0.00 (Cumulative area) 

    Layer: met3
      Partial area ratio:    0.50
      Required ratio:    0.00 (Gate area) 
      Cumulative area ratio:   58.62
      Required ratio:    0.00 (Cumulative area) 
      Partial area ratio:    4.51
      Required ratio: 2778.20 (Side area) 
      Cumulative area ratio:  292.48
      Required ratio:    0.00 (Cumulative side area) 

    Layer: via3
      Partial area ratio:    0.16
      Required ratio:   22.04 (Gate area) 
      Cumulative area ratio:    0.90
      Required ratio:    0.00 (Cumulative area) 

    Layer: met4
      Partial area ratio:   22.25
      Required ratio:    0.00 (Gate area) 
      Cumulative area ratio:   80.86
      Required ratio:    0.00 (Cumulative area) 
      Partial area ratio:  119.87
      Required ratio: 2778.20 (Side area) 
      Cumulative area ratio:  412.35
      Required ratio:    0.00 (Cumulative side area) 



Net: net481
  Pin:   _16325_/B1 (sky130_fd_sc_hd__o21a_1)
    Layer: mcon
      Partial area ratio:    0.12
      Required ratio:    3.00 (Gate area) 
      Cumulative area ratio:    0.12
      Required ratio:    0.00 (Cumulative area) 

    Layer: met1
      Partial area ratio:    3.04
      Required ratio:    0.00 (Gate area) 
      Cumulative area ratio:    3.04
      Required ratio:    0.00 (Cumulative area) 
      Partial area ratio:   14.44
      Required ratio:  400.00 (Side area) 
      Cumulative area ratio:   14.44
      Required ratio:    0.00 (Cumulative side area) 

    Layer: via
      Partial area ratio:    0.18
      Required ratio:    6.00 (Gate area) 
      Cumulative area ratio:    0.30
      Required ratio:    0.00 (Cumulative area) 

    Layer: met2
      Partial area ratio:    1.94
      Required ratio:    0.00 (Gate area) 
      Cumulative area ratio:    4.98
      Required ratio:    0.00 (Cumulative area) 
      Partial area ratio:    9.42
      Required ratio:  400.00 (Side area) 
      Cumulative area ratio:   23.86
      Required ratio:    0.00 (Cumulative side area) 

    Layer: via2
      Partial area ratio:    0.05
      Required ratio:    6.00 (Gate area) 
      Cumulative area ratio:    0.35
      Required ratio:    0.00 (Cumulative area) 

    Layer: met3
      Partial area ratio:    0.17
      Required ratio:    0.00 (Gate area) 
      Cumulative area ratio:    5.15
      Required ratio:    0.00 (Cumulative area) 
      Partial area ratio:    1.53
      Required ratio:  400.00 (Side area) 
      Cumulative area ratio:   25.39
      Required ratio:    0.00 (Cumulative side area) 

    Layer: via3
      Partial area ratio:    0.05
      Required ratio:    6.00 (Gate area) 
      Cumulative area ratio:    0.41
      Required ratio:    0.00 (Cumulative area) 

    Layer: met4
      Partial area ratio:   51.80
      Required ratio:    0.00 (Gate area) 
      Cumulative area ratio:   56.94
      Required ratio:    0.00 (Cumulative area) 
      Partial area ratio:  276.68
      Required ratio: 2918.08 (Side area) 
      Cumulative area ratio:  302.07
      Required ratio:    0.00 (Cumulative side area) 


  Pin:   _16440_/B1 (sky130_fd_sc_hd__o21a_1)
    Layer: mcon
      Partial area ratio:    0.12
      Required ratio:    3.00 (Gate area) 
      Cumulative area ratio:    0.12
      Required ratio:    0.00 (Cumulative area) 

    Layer: met1
      Partial area ratio:    5.96
      Required ratio:    0.00 (Gate area) 
      Cumulative area ratio:    5.96
      Required ratio:    0.00 (Cumulative area) 
      Partial area ratio:   28.88
      Required ratio:  400.00 (Side area) 
      Cumulative area ratio:   28.88
      Required ratio:    0.00 (Cumulative side area) 

    Layer: via
      Partial area ratio:    0.18
      Required ratio:    6.00 (Gate area) 
      Cumulative area ratio:    0.30
      Required ratio:    0.00 (Cumulative area) 

    Layer: met2
      Partial area ratio:    1.94
      Required ratio:    0.00 (Gate area) 
      Cumulative area ratio:    7.91
      Required ratio:    0.00 (Cumulative area) 
      Partial area ratio:    9.42
      Required ratio:  400.00 (Side area) 
      Cumulative area ratio:   38.29
      Required ratio:    0.00 (Cumulative side area) 

    Layer: via2
      Partial area ratio:    0.05
      Required ratio:    6.00 (Gate area) 
      Cumulative area ratio:    0.35
      Required ratio:    0.00 (Cumulative area) 

    Layer: met3
      Partial area ratio:    0.17
      Required ratio:    0.00 (Gate area) 
      Cumulative area ratio:    8.07
      Required ratio:    0.00 (Cumulative area) 
      Partial area ratio:    1.53
      Required ratio:  400.00 (Side area) 
      Cumulative area ratio:   39.82
      Required ratio:    0.00 (Cumulative side area) 

    Layer: via3
      Partial area ratio:    0.05
      Required ratio:    6.00 (Gate area) 
      Cumulative area ratio:    0.41
      Required ratio:    0.00 (Cumulative area) 

    Layer: met4
      Partial area ratio:   51.80
      Required ratio:    0.00 (Gate area) 
      Cumulative area ratio:   59.87
      Required ratio:    0.00 (Cumulative area) 
      Partial area ratio:  276.68
      Required ratio: 2918.08 (Side area) 
      Cumulative area ratio:  316.51
      Required ratio:    0.00 (Cumulative side area) 


  Pin:   _16489_/B1 (sky130_fd_sc_hd__o21a_1)
    Layer: mcon
      Partial area ratio:    0.12
      Required ratio:    3.00 (Gate area) 
      Cumulative area ratio:    0.12
      Required ratio:    0.00 (Cumulative area) 

    Layer: met1
      Partial area ratio:    5.96
      Required ratio:    0.00 (Gate area) 
      Cumulative area ratio:    5.96
      Required ratio:    0.00 (Cumulative area) 
      Partial area ratio:   28.88
      Required ratio:  400.00 (Side area) 
      Cumulative area ratio:   28.88
      Required ratio:    0.00 (Cumulative side area) 

    Layer: via
      Partial area ratio:    0.18
      Required ratio:    6.00 (Gate area) 
      Cumulative area ratio:    0.30
      Required ratio:    0.00 (Cumulative area) 

    Layer: met2
      Partial area ratio:    1.94
      Required ratio:    0.00 (Gate area) 
      Cumulative area ratio:    7.91
      Required ratio:    0.00 (Cumulative area) 
      Partial area ratio:    9.42
      Required ratio:  400.00 (Side area) 
      Cumulative area ratio:   38.29
      Required ratio:    0.00 (Cumulative side area) 

    Layer: via2
      Partial area ratio:    0.05
      Required ratio:    6.00 (Gate area) 
      Cumulative area ratio:    0.35
      Required ratio:    0.00 (Cumulative area) 

    Layer: met3
      Partial area ratio:    0.17
      Required ratio:    0.00 (Gate area) 
      Cumulative area ratio:    8.07
      Required ratio:    0.00 (Cumulative area) 
      Partial area ratio:    1.53
      Required ratio:  400.00 (Side area) 
      Cumulative area ratio:   39.82
      Required ratio:    0.00 (Cumulative side area) 

    Layer: via3
      Partial area ratio:    0.05
      Required ratio:    6.00 (Gate area) 
      Cumulative area ratio:    0.41
      Required ratio:    0.00 (Cumulative area) 

    Layer: met4
      Partial area ratio:   51.80
      Required ratio:    0.00 (Gate area) 
      Cumulative area ratio:   59.87
      Required ratio:    0.00 (Cumulative area) 
      Partial area ratio:  276.68
      Required ratio: 2918.08 (Side area) 
      Cumulative area ratio:  316.51
      Required ratio:    0.00 (Cumulative side area) 


  Pin:   _28049_/D (sky130_fd_sc_hd__and4b_1)
    Layer: mcon
      Partial area ratio:    0.23
      Required ratio:    3.00 (Gate area) 
      Cumulative area ratio:    0.23
      Required ratio:    0.00 (Cumulative area) 

    Layer: met1
      Partial area ratio:    3.44
      Required ratio:    0.00 (Gate area) 
      Cumulative area ratio:    3.44
      Required ratio:    0.00 (Cumulative area) 
      Partial area ratio:   15.72
      Required ratio:  400.00 (Side area) 
      Cumulative area ratio:   15.72
      Required ratio:    0.00 (Cumulative side area) 

    Layer: via
      Partial area ratio:    0.36
      Required ratio:    6.00 (Gate area) 
      Cumulative area ratio:    0.59
      Required ratio:    0.00 (Cumulative area) 

    Layer: met2
      Partial area ratio:  109.09
      Required ratio:    0.00 (Gate area) 
      Cumulative area ratio:  112.53
      Required ratio:    0.00 (Cumulative area) 
      Partial area ratio:  544.03
      Required ratio:  400.00 (Side area) (VIOLATED)
      Cumulative area ratio:  559.75
      Required ratio:    0.00 (Cumulative side area) 

    Layer: via2
      Partial area ratio:    0.32
      Required ratio:    6.00 (Gate area) 
      Cumulative area ratio:    0.90
      Required ratio:    0.00 (Cumulative area) 

    Layer: met3
      Partial area ratio:  132.41
      Required ratio:    0.00 (Gate area) 
      Cumulative area ratio:  244.94
      Required ratio:    0.00 (Cumulative area) 
      Partial area ratio:  709.90
      Required ratio:  400.00 (Side area) (VIOLATED)
      Cumulative area ratio: 1269.65
      Required ratio:    0.00 (Cumulative side area) 

    Layer: via3
      Partial area ratio:    0.32
      Required ratio:    6.00 (Gate area) 
      Cumulative area ratio:    1.22
      Required ratio:    0.00 (Cumulative area) 

    Layer: met4
      Partial area ratio:   51.80
      Required ratio:    0.00 (Gate area) 
      Cumulative area ratio:  296.74
      Required ratio:    0.00 (Cumulative area) 
      Partial area ratio:  276.68
      Required ratio: 2918.08 (Side area) 
      Cumulative area ratio: 1546.34
      Required ratio:    0.00 (Cumulative side area) 


  Pin:   fanout480/A (sky130_fd_sc_hd__clkbuf_4)
    Layer: mcon
      Partial area ratio:    0.14
      Required ratio:    3.00 (Gate area) 
      Cumulative area ratio:    0.14
      Required ratio:    0.00 (Cumulative area) 

    Layer: met1
      Partial area ratio:   11.74
      Required ratio:    0.00 (Gate area) 
      Cumulative area ratio:   11.74
      Required ratio:    0.00 (Cumulative area) 
      Partial area ratio:   56.99
      Required ratio: 2918.08 (Side area) 
      Cumulative area ratio:   56.99
      Required ratio:    0.00 (Cumulative side area) 

    Layer: via
      Partial area ratio:    0.32
      Required ratio:   34.63 (Gate area) 
      Cumulative area ratio:    0.45
      Required ratio:    0.00 (Cumulative area) 

    Layer: met2
      Partial area ratio:    1.27
      Required ratio:    0.00 (Gate area) 
      Cumulative area ratio:   13.00
      Required ratio:    0.00 (Cumulative area) 
      Partial area ratio:    5.95
      Required ratio: 2918.08 (Side area) 
      Cumulative area ratio:   62.93
      Required ratio:    0.00 (Cumulative side area) 

    Layer: via2
      Partial area ratio:    0.19
      Required ratio:   34.63 (Gate area) 
      Cumulative area ratio:    0.64
      Required ratio:    0.00 (Cumulative area) 

    Layer: met3
      Partial area ratio:    0.59
      Required ratio:    0.00 (Gate area) 
      Cumulative area ratio:   13.59
      Required ratio:    0.00 (Cumulative area) 
      Partial area ratio:    5.33
      Required ratio: 2918.08 (Side area) 
      Cumulative area ratio:   68.27
      Required ratio:    0.00 (Cumulative side area) 

    Layer: via3
      Partial area ratio:    0.19
      Required ratio:   34.63 (Gate area) 
      Cumulative area ratio:    0.83
      Required ratio:    0.00 (Cumulative area) 

    Layer: met4
      Partial area ratio:   51.80
      Required ratio:    0.00 (Gate area) 
      Cumulative area ratio:   65.39
      Required ratio:    0.00 (Cumulative area) 
      Partial area ratio:  276.68
      Required ratio: 2918.08 (Side area) 
      Cumulative area ratio:  344.95
      Required ratio:    0.00 (Cumulative side area) 



Net: net482
  Pin:   _16380_/B1 (sky130_fd_sc_hd__a21oi_1)
    Layer: mcon
      Partial area ratio:    0.12
      Required ratio:    3.00 (Gate area) 
      Cumulative area ratio:    0.12
      Required ratio:    0.00 (Cumulative area) 

    Layer: met1
      Partial area ratio:    1.50
      Required ratio:    0.00 (Gate area) 
      Cumulative area ratio:    1.50
      Required ratio:    0.00 (Cumulative area) 
      Partial area ratio:    7.13
      Required ratio:  400.00 (Side area) 
      Cumulative area ratio:    7.13
      Required ratio:    0.00 (Cumulative side area) 

    Layer: via
      Partial area ratio:    0.10
      Required ratio:    6.00 (Gate area) 
      Cumulative area ratio:    0.22
      Required ratio:    0.00 (Cumulative area) 

    Layer: met2
      Partial area ratio:    1.95
      Required ratio:    0.00 (Gate area) 
      Cumulative area ratio:    3.44
      Required ratio:    0.00 (Cumulative area) 
      Partial area ratio:    9.43
      Required ratio: 3312.80 (Side area) 
      Cumulative area ratio:   16.56
      Required ratio:    0.00 (Cumulative side area) 

    Layer: via2
      Partial area ratio:    0.05
      Required ratio:   70.15 (Gate area) 
      Cumulative area ratio:    0.27
      Required ratio:    0.00 (Cumulative area) 

    Layer: met3
      Partial area ratio:   29.44
      Required ratio:    0.00 (Gate area) 
      Cumulative area ratio:   32.88
      Required ratio:    0.00 (Cumulative area) 
      Partial area ratio:  157.62
      Required ratio: 3312.80 (Side area) 
      Cumulative area ratio:  174.18
      Required ratio:    0.00 (Cumulative side area) 

    Layer: via3
      Partial area ratio:    0.03
      Required ratio:   70.15 (Gate area) 
      Cumulative area ratio:    0.30
      Required ratio:    0.00 (Cumulative area) 

    Layer: met4
      Partial area ratio:   26.96
      Required ratio:    0.00 (Gate area) 
      Cumulative area ratio:   59.83
      Required ratio:    0.00 (Cumulative area) 
      Partial area ratio:  144.18
      Required ratio: 3312.80 (Side area) 
      Cumulative area ratio:  318.37
      Required ratio:    0.00 (Cumulative side area) 


  Pin:   _17035_/B1 (sky130_fd_sc_hd__a21o_1)
    Layer: mcon
      Partial area ratio:    0.12
      Required ratio:    3.00 (Gate area) 
      Cumulative area ratio:    0.12
      Required ratio:    0.00 (Cumulative area) 

    Layer: met1
      Partial area ratio:   36.73
      Required ratio:    0.00 (Gate area) 
      Cumulative area ratio:   36.73
      Required ratio:    0.00 (Cumulative area) 
      Partial area ratio:  182.35
      Required ratio: 3312.80 (Side area) 
      Cumulative area ratio:  182.35
      Required ratio:    0.00 (Cumulative side area) 

    Layer: via
      Partial area ratio:    0.23
      Required ratio:   70.15 (Gate area) 
      Cumulative area ratio:    0.34
      Required ratio:    0.00 (Cumulative area) 

    Layer: met2
      Partial area ratio:    1.95
      Required ratio:    0.00 (Gate area) 
      Cumulative area ratio:   38.68
      Required ratio:    0.00 (Cumulative area) 
      Partial area ratio:    9.43
      Required ratio: 3312.80 (Side area) 
      Cumulative area ratio:  191.78
      Required ratio:    0.00 (Cumulative side area) 

    Layer: via2
      Partial area ratio:    0.05
      Required ratio:   70.15 (Gate area) 
      Cumulative area ratio:    0.40
      Required ratio:    0.00 (Cumulative area) 

    Layer: met3
      Partial area ratio:   29.44
      Required ratio:    0.00 (Gate area) 
      Cumulative area ratio:   68.11
      Required ratio:    0.00 (Cumulative area) 
      Partial area ratio:  157.62
      Required ratio: 3312.80 (Side area) 
      Cumulative area ratio:  349.41
      Required ratio:    0.00 (Cumulative side area) 

    Layer: via3
      Partial area ratio:    0.03
      Required ratio:   70.15 (Gate area) 
      Cumulative area ratio:    0.42
      Required ratio:    0.00 (Cumulative area) 

    Layer: met4
      Partial area ratio:   26.96
      Required ratio:    0.00 (Gate area) 
      Cumulative area ratio:   95.07
      Required ratio:    0.00 (Cumulative area) 
      Partial area ratio:  144.18
      Required ratio: 3312.80 (Side area) 
      Cumulative area ratio:  493.59
      Required ratio:    0.00 (Cumulative side area) 


  Pin:   _17188_/B1 (sky130_fd_sc_hd__a21o_1)
    Layer: mcon
      Partial area ratio:    0.12
      Required ratio:    3.00 (Gate area) 
      Cumulative area ratio:    0.12
      Required ratio:    0.00 (Cumulative area) 

    Layer: met1
      Partial area ratio:   36.73
      Required ratio:    0.00 (Gate area) 
      Cumulative area ratio:   36.73
      Required ratio:    0.00 (Cumulative area) 
      Partial area ratio:  182.35
      Required ratio: 3312.80 (Side area) 
      Cumulative area ratio:  182.35
      Required ratio:    0.00 (Cumulative side area) 

    Layer: via
      Partial area ratio:    0.23
      Required ratio:   70.15 (Gate area) 
      Cumulative area ratio:    0.34
      Required ratio:    0.00 (Cumulative area) 

    Layer: met2
      Partial area ratio:    1.95
      Required ratio:    0.00 (Gate area) 
      Cumulative area ratio:   38.68
      Required ratio:    0.00 (Cumulative area) 
      Partial area ratio:    9.43
      Required ratio: 3312.80 (Side area) 
      Cumulative area ratio:  191.78
      Required ratio:    0.00 (Cumulative side area) 

    Layer: via2
      Partial area ratio:    0.05
      Required ratio:   70.15 (Gate area) 
      Cumulative area ratio:    0.40
      Required ratio:    0.00 (Cumulative area) 

    Layer: met3
      Partial area ratio:   29.44
      Required ratio:    0.00 (Gate area) 
      Cumulative area ratio:   68.11
      Required ratio:    0.00 (Cumulative area) 
      Partial area ratio:  157.62
      Required ratio: 3312.80 (Side area) 
      Cumulative area ratio:  349.41
      Required ratio:    0.00 (Cumulative side area) 

    Layer: via3
      Partial area ratio:    0.03
      Required ratio:   70.15 (Gate area) 
      Cumulative area ratio:    0.42
      Required ratio:    0.00 (Cumulative area) 

    Layer: met4
      Partial area ratio:   26.96
      Required ratio:    0.00 (Gate area) 
      Cumulative area ratio:   95.07
      Required ratio:    0.00 (Cumulative area) 
      Partial area ratio:  144.18
      Required ratio: 3312.80 (Side area) 
      Cumulative area ratio:  493.59
      Required ratio:    0.00 (Cumulative side area) 


  Pin:   _18057_/B1 (sky130_fd_sc_hd__a21oi_2)
    Layer: mcon
      Partial area ratio:    0.06
      Required ratio:    3.00 (Gate area) 
      Cumulative area ratio:    0.06
      Required ratio:    0.00 (Cumulative area) 

    Layer: met1
      Partial area ratio:   20.80
      Required ratio:    0.00 (Gate area) 
      Cumulative area ratio:   20.80
      Required ratio:    0.00 (Cumulative area) 
      Partial area ratio:  103.39
      Required ratio:  400.00 (Side area) 
      Cumulative area ratio:  103.39
      Required ratio:    0.00 (Cumulative side area) 

    Layer: via
      Partial area ratio:    0.14
      Required ratio:    6.00 (Gate area) 
      Cumulative area ratio:    0.19
      Required ratio:    0.00 (Cumulative area) 

    Layer: met2
      Partial area ratio:    5.96
      Required ratio:    0.00 (Gate area) 
      Cumulative area ratio:   26.76
      Required ratio:    0.00 (Cumulative area) 
      Partial area ratio:   29.18
      Required ratio:  400.00 (Side area) 
      Cumulative area ratio:  132.57
      Required ratio:    0.00 (Cumulative side area) 

    Layer: via2
      Partial area ratio:    0.11
      Required ratio:    6.00 (Gate area) 
      Cumulative area ratio:    0.30
      Required ratio:    0.00 (Cumulative area) 

    Layer: met3
      Partial area ratio:   29.44
      Required ratio:    0.00 (Gate area) 
      Cumulative area ratio:   56.20
      Required ratio:    0.00 (Cumulative area) 
      Partial area ratio:  157.62
      Required ratio: 3312.80 (Side area) 
      Cumulative area ratio:  290.20
      Required ratio:    0.00 (Cumulative side area) 

    Layer: via3
      Partial area ratio:    0.03
      Required ratio:   70.15 (Gate area) 
      Cumulative area ratio:    0.33
      Required ratio:    0.00 (Cumulative area) 

    Layer: met4
      Partial area ratio:   26.96
      Required ratio:    0.00 (Gate area) 
      Cumulative area ratio:   83.15
      Required ratio:    0.00 (Cumulative area) 
      Partial area ratio:  144.18
      Required ratio: 3312.80 (Side area) 
      Cumulative area ratio:  434.38
      Required ratio:    0.00 (Cumulative side area) 


  Pin:   _18507_/A (sky130_fd_sc_hd__or4b_4)
    Layer: mcon
      Partial area ratio:    0.12
      Required ratio:    3.00 (Gate area) 
      Cumulative area ratio:    0.12
      Required ratio:    0.00 (Cumulative area) 

    Layer: met1
      Partial area ratio:    2.61
      Required ratio:    0.00 (Gate area) 
      Cumulative area ratio:    2.61
      Required ratio:    0.00 (Cumulative area) 
      Partial area ratio:   12.32
      Required ratio:  400.00 (Side area) 
      Cumulative area ratio:   12.32
      Required ratio:    0.00 (Cumulative side area) 

    Layer: via
      Partial area ratio:    0.18
      Required ratio:    6.00 (Gate area) 
      Cumulative area ratio:    0.30
      Required ratio:    0.00 (Cumulative area) 

    Layer: met2
      Partial area ratio:    5.96
      Required ratio:    0.00 (Gate area) 
      Cumulative area ratio:    8.58
      Required ratio:    0.00 (Cumulative area) 
      Partial area ratio:   29.18
      Required ratio:  400.00 (Side area) 
      Cumulative area ratio:   41.50
      Required ratio:    0.00 (Cumulative side area) 

    Layer: via2
      Partial area ratio:    0.11
      Required ratio:    6.00 (Gate area) 
      Cumulative area ratio:    0.41
      Required ratio:    0.00 (Cumulative area) 

    Layer: met3
      Partial area ratio:   29.44
      Required ratio:    0.00 (Gate area) 
      Cumulative area ratio:   38.01
      Required ratio:    0.00 (Cumulative area) 
      Partial area ratio:  157.62
      Required ratio: 3312.80 (Side area) 
      Cumulative area ratio:  199.12
      Required ratio:    0.00 (Cumulative side area) 

    Layer: via3
      Partial area ratio:    0.03
      Required ratio:   70.15 (Gate area) 
      Cumulative area ratio:    0.43
      Required ratio:    0.00 (Cumulative area) 

    Layer: met4
      Partial area ratio:   26.96
      Required ratio:    0.00 (Gate area) 
      Cumulative area ratio:   64.97
      Required ratio:    0.00 (Cumulative area) 
      Partial area ratio:  144.18
      Required ratio: 3312.80 (Side area) 
      Cumulative area ratio:  343.30
      Required ratio:    0.00 (Cumulative side area) 


  Pin:   _19660_/A (sky130_fd_sc_hd__or4_1)
    Layer: mcon
      Partial area ratio:    0.23
      Required ratio:    3.00 (Gate area) 
      Cumulative area ratio:    0.23
      Required ratio:    0.00 (Cumulative area) 

    Layer: met1
      Partial area ratio:    2.21
      Required ratio:    0.00 (Gate area) 
      Cumulative area ratio:    2.21
      Required ratio:    0.00 (Cumulative area) 
      Partial area ratio:    9.59
      Required ratio:  400.00 (Side area) 
      Cumulative area ratio:    9.59
      Required ratio:    0.00 (Cumulative side area) 

    Layer: via
      Partial area ratio:    0.36
      Required ratio:    6.00 (Gate area) 
      Cumulative area ratio:    0.59
      Required ratio:    0.00 (Cumulative area) 

    Layer: met2
      Partial area ratio:    1.48
      Required ratio:    0.00 (Gate area) 
      Cumulative area ratio:    3.70
      Required ratio:    0.00 (Cumulative area) 
      Partial area ratio:    6.83
      Required ratio:  400.00 (Side area) 
      Cumulative area ratio:   16.43
      Required ratio:    0.00 (Cumulative side area) 

    Layer: via2
      Partial area ratio:    0.32
      Required ratio:    6.00 (Gate area) 
      Cumulative area ratio:    0.90
      Required ratio:    0.00 (Cumulative area) 

    Layer: met3
      Partial area ratio:    0.99
      Required ratio:    0.00 (Gate area) 
      Cumulative area ratio:    4.69
      Required ratio:    0.00 (Cumulative area) 
      Partial area ratio:    9.02
      Required ratio:  400.00 (Side area) 
      Cumulative area ratio:   25.44
      Required ratio:    0.00 (Cumulative side area) 

    Layer: via3
      Partial area ratio:    0.32
      Required ratio:    6.00 (Gate area) 
      Cumulative area ratio:    1.22
      Required ratio:    0.00 (Cumulative area) 

    Layer: met4
      Partial area ratio:   26.96
      Required ratio:    0.00 (Gate area) 
      Cumulative area ratio:   31.64
      Required ratio:    0.00 (Cumulative area) 
      Partial area ratio:  144.18
      Required ratio: 3312.80 (Side area) 
      Cumulative area ratio:  169.63
      Required ratio:    0.00 (Cumulative side area) 


  Pin:   _19876_/A (sky130_fd_sc_hd__or4_1)
    Layer: mcon
      Partial area ratio:    0.23
      Required ratio:    3.00 (Gate area) 
      Cumulative area ratio:    0.23
      Required ratio:    0.00 (Cumulative area) 

    Layer: met1
      Partial area ratio:    5.13
      Required ratio:    0.00 (Gate area) 
      Cumulative area ratio:    5.13
      Required ratio:    0.00 (Cumulative area) 
      Partial area ratio:   24.16
      Required ratio:  400.00 (Side area) 
      Cumulative area ratio:   24.16
      Required ratio:    0.00 (Cumulative side area) 

    Layer: via
      Partial area ratio:    0.36
      Required ratio:    6.00 (Gate area) 
      Cumulative area ratio:    0.59
      Required ratio:    0.00 (Cumulative area) 

    Layer: met2
      Partial area ratio:    1.48
      Required ratio:    0.00 (Gate area) 
      Cumulative area ratio:    6.61
      Required ratio:    0.00 (Cumulative area) 
      Partial area ratio:    6.83
      Required ratio:  400.00 (Side area) 
      Cumulative area ratio:   30.99
      Required ratio:    0.00 (Cumulative side area) 

    Layer: via2
      Partial area ratio:    0.32
      Required ratio:    6.00 (Gate area) 
      Cumulative area ratio:    0.90
      Required ratio:    0.00 (Cumulative area) 

    Layer: met3
      Partial area ratio:    0.99
      Required ratio:    0.00 (Gate area) 
      Cumulative area ratio:    7.60
      Required ratio:    0.00 (Cumulative area) 
      Partial area ratio:    9.02
      Required ratio:  400.00 (Side area) 
      Cumulative area ratio:   40.00
      Required ratio:    0.00 (Cumulative side area) 

    Layer: via3
      Partial area ratio:    0.32
      Required ratio:    6.00 (Gate area) 
      Cumulative area ratio:    1.22
      Required ratio:    0.00 (Cumulative area) 

    Layer: met4
      Partial area ratio:   26.96
      Required ratio:    0.00 (Gate area) 
      Cumulative area ratio:   34.56
      Required ratio:    0.00 (Cumulative area) 
      Partial area ratio:  144.18
      Required ratio: 3312.80 (Side area) 
      Cumulative area ratio:  184.19
      Required ratio:    0.00 (Cumulative side area) 


  Pin:   _20507_/A (sky130_fd_sc_hd__nor2_1)
    Layer: mcon
      Partial area ratio:    0.12
      Required ratio:    3.00 (Gate area) 
      Cumulative area ratio:    0.12
      Required ratio:    0.00 (Cumulative area) 

    Layer: met1
      Partial area ratio:    3.30
      Required ratio:    0.00 (Gate area) 
      Cumulative area ratio:    3.30
      Required ratio:    0.00 (Cumulative area) 
      Partial area ratio:   15.77
      Required ratio:  400.00 (Side area) 
      Cumulative area ratio:   15.77
      Required ratio:    0.00 (Cumulative side area) 

    Layer: via
      Partial area ratio:    0.18
      Required ratio:    6.00 (Gate area) 
      Cumulative area ratio:    0.30
      Required ratio:    0.00 (Cumulative area) 

    Layer: met2
      Partial area ratio:    8.51
      Required ratio:    0.00 (Gate area) 
      Cumulative area ratio:   11.82
      Required ratio:    0.00 (Cumulative area) 
      Partial area ratio:   42.16
      Required ratio:  400.00 (Side area) 
      Cumulative area ratio:   57.93
      Required ratio:    0.00 (Cumulative side area) 

    Layer: via2
      Partial area ratio:    0.08
      Required ratio:    6.00 (Gate area) 
      Cumulative area ratio:    0.38
      Required ratio:    0.00 (Cumulative area) 

    Layer: met3
      Partial area ratio:    0.25
      Required ratio:    0.00 (Gate area) 
      Cumulative area ratio:   12.07
      Required ratio:    0.00 (Cumulative area) 
      Partial area ratio:    2.27
      Required ratio:  400.00 (Side area) 
      Cumulative area ratio:   60.20
      Required ratio:    0.00 (Cumulative side area) 

    Layer: via3
      Partial area ratio:    0.08
      Required ratio:    6.00 (Gate area) 
      Cumulative area ratio:    0.46
      Required ratio:    0.00 (Cumulative area) 

    Layer: met4
      Partial area ratio:   26.96
      Required ratio:    0.00 (Gate area) 
      Cumulative area ratio:   39.02
      Required ratio:    0.00 (Cumulative area) 
      Partial area ratio:  144.18
      Required ratio: 3312.80 (Side area) 
      Cumulative area ratio:  204.39
      Required ratio:    0.00 (Cumulative side area) 


  Pin:   _20722_/A (sky130_fd_sc_hd__or4b_1)
    Layer: mcon
      Partial area ratio:    0.23
      Required ratio:    3.00 (Gate area) 
      Cumulative area ratio:    0.23
      Required ratio:    0.00 (Cumulative area) 

    Layer: met1
      Partial area ratio:   80.61
      Required ratio:    0.00 (Gate area) 
      Cumulative area ratio:   80.61
      Required ratio:    0.00 (Cumulative area) 
      Partial area ratio:  401.63
      Required ratio:  400.00 (Side area) (VIOLATED)
      Cumulative area ratio:  401.63
      Required ratio:    0.00 (Cumulative side area) 

    Layer: via
      Partial area ratio:    0.27
      Required ratio:    6.00 (Gate area) 
      Cumulative area ratio:    0.50
      Required ratio:    0.00 (Cumulative area) 

    Layer: met2
      Partial area ratio:    8.51
      Required ratio:    0.00 (Gate area) 
      Cumulative area ratio:   89.13
      Required ratio:    0.00 (Cumulative area) 
      Partial area ratio:   42.16
      Required ratio:  400.00 (Side area) 
      Cumulative area ratio:  443.79
      Required ratio:    0.00 (Cumulative side area) 

    Layer: via2
      Partial area ratio:    0.08
      Required ratio:    6.00 (Gate area) 
      Cumulative area ratio:    0.58
      Required ratio:    0.00 (Cumulative area) 

    Layer: met3
      Partial area ratio:    0.25
      Required ratio:    0.00 (Gate area) 
      Cumulative area ratio:   89.38
      Required ratio:    0.00 (Cumulative area) 
      Partial area ratio:    2.27
      Required ratio:  400.00 (Side area) 
      Cumulative area ratio:  446.07
      Required ratio:    0.00 (Cumulative side area) 

    Layer: via3
      Partial area ratio:    0.08
      Required ratio:    6.00 (Gate area) 
      Cumulative area ratio:    0.66
      Required ratio:    0.00 (Cumulative area) 

    Layer: met4
      Partial area ratio:   26.96
      Required ratio:    0.00 (Gate area) 
      Cumulative area ratio:  116.33
      Required ratio:    0.00 (Cumulative area) 
      Partial area ratio:  144.18
      Required ratio: 3312.80 (Side area) 
      Cumulative area ratio:  590.25
      Required ratio:    0.00 (Cumulative side area) 


  Pin:   _23575_/A (sky130_fd_sc_hd__or3b_1)
    Layer: mcon
      Partial area ratio:    0.23
      Required ratio:    3.00 (Gate area) 
      Cumulative area ratio:    0.23
      Required ratio:    0.00 (Cumulative area) 

    Layer: met1
      Partial area ratio:   80.61
      Required ratio:    0.00 (Gate area) 
      Cumulative area ratio:   80.61
      Required ratio:    0.00 (Cumulative area) 
      Partial area ratio:  401.63
      Required ratio:  400.00 (Side area) (VIOLATED)
      Cumulative area ratio:  401.63
      Required ratio:    0.00 (Cumulative side area) 

    Layer: via
      Partial area ratio:    0.27
      Required ratio:    6.00 (Gate area) 
      Cumulative area ratio:    0.50
      Required ratio:    0.00 (Cumulative area) 

    Layer: met2
      Partial area ratio:    8.51
      Required ratio:    0.00 (Gate area) 
      Cumulative area ratio:   89.13
      Required ratio:    0.00 (Cumulative area) 
      Partial area ratio:   42.16
      Required ratio:  400.00 (Side area) 
      Cumulative area ratio:  443.79
      Required ratio:    0.00 (Cumulative side area) 

    Layer: via2
      Partial area ratio:    0.08
      Required ratio:    6.00 (Gate area) 
      Cumulative area ratio:    0.58
      Required ratio:    0.00 (Cumulative area) 

    Layer: met3
      Partial area ratio:    0.25
      Required ratio:    0.00 (Gate area) 
      Cumulative area ratio:   89.38
      Required ratio:    0.00 (Cumulative area) 
      Partial area ratio:    2.27
      Required ratio:  400.00 (Side area) 
      Cumulative area ratio:  446.07
      Required ratio:    0.00 (Cumulative side area) 

    Layer: via3
      Partial area ratio:    0.08
      Required ratio:    6.00 (Gate area) 
      Cumulative area ratio:    0.66
      Required ratio:    0.00 (Cumulative area) 

    Layer: met4
      Partial area ratio:   26.96
      Required ratio:    0.00 (Gate area) 
      Cumulative area ratio:  116.33
      Required ratio:    0.00 (Cumulative area) 
      Partial area ratio:  144.18
      Required ratio: 3312.80 (Side area) 
      Cumulative area ratio:  590.25
      Required ratio:    0.00 (Cumulative side area) 



Net: net521
  Pin:   _24897_/A (sky130_fd_sc_hd__or4_1)
    Layer: mcon
      Partial area ratio:    0.23
      Required ratio:    3.00 (Gate area) 
      Cumulative area ratio:    0.23
      Required ratio:    0.00 (Cumulative area) 

    Layer: met1
      Partial area ratio:    5.47
      Required ratio:    0.00 (Gate area) 
      Cumulative area ratio:    5.47
      Required ratio:    0.00 (Cumulative area) 
      Partial area ratio:   25.90
      Required ratio:  400.00 (Side area) 
      Cumulative area ratio:   25.90
      Required ratio:    0.00 (Cumulative side area) 

    Layer: via
      Partial area ratio:    0.36
      Required ratio:    6.00 (Gate area) 
      Cumulative area ratio:    0.59
      Required ratio:    0.00 (Cumulative area) 

    Layer: met2
      Partial area ratio:    1.48
      Required ratio:    0.00 (Gate area) 
      Cumulative area ratio:    6.96
      Required ratio:    0.00 (Cumulative area) 
      Partial area ratio:    6.83
      Required ratio:  400.00 (Side area) 
      Cumulative area ratio:   32.73
      Required ratio:    0.00 (Cumulative side area) 

    Layer: via2
      Partial area ratio:    0.32
      Required ratio:    6.00 (Gate area) 
      Cumulative area ratio:    0.90
      Required ratio:    0.00 (Cumulative area) 

    Layer: met3
      Partial area ratio:   99.56
      Required ratio:    0.00 (Gate area) 
      Cumulative area ratio:  106.51
      Required ratio:    0.00 (Cumulative area) 
      Partial area ratio:  534.67
      Required ratio:  400.00 (Side area) (VIOLATED)
      Cumulative area ratio:  567.40
      Required ratio:    0.00 (Cumulative side area) 

    Layer: via3
      Partial area ratio:    0.32
      Required ratio:    6.00 (Gate area) 
      Cumulative area ratio:    1.22
      Required ratio:    0.00 (Cumulative area) 

    Layer: met4
      Partial area ratio:   21.41
      Required ratio:    0.00 (Gate area) 
      Cumulative area ratio:  127.93
      Required ratio:    0.00 (Cumulative area) 
      Partial area ratio:  114.62
      Required ratio: 3236.16 (Side area) 
      Cumulative area ratio:  682.02
      Required ratio:    0.00 (Cumulative side area) 


  Pin:   _25561_/A (sky130_fd_sc_hd__nor2_1)
    Layer: mcon
      Partial area ratio:    0.12
      Required ratio:    3.00 (Gate area) 
      Cumulative area ratio:    0.12
      Required ratio:    0.00 (Cumulative area) 

    Layer: met1
      Partial area ratio:    2.47
      Required ratio:    0.00 (Gate area) 
      Cumulative area ratio:    2.47
      Required ratio:    0.00 (Cumulative area) 
      Partial area ratio:   11.58
      Required ratio:  400.00 (Side area) 
      Cumulative area ratio:   11.58
      Required ratio:    0.00 (Cumulative side area) 

    Layer: via
      Partial area ratio:    0.18
      Required ratio:    6.00 (Gate area) 
      Cumulative area ratio:    0.30
      Required ratio:    0.00 (Cumulative area) 

    Layer: met2
      Partial area ratio:   13.35
      Required ratio:    0.00 (Gate area) 
      Cumulative area ratio:   15.81
      Required ratio:    0.00 (Cumulative area) 
      Partial area ratio:   65.97
      Required ratio:  400.00 (Side area) 
      Cumulative area ratio:   77.55
      Required ratio:    0.00 (Cumulative side area) 

    Layer: via2
      Partial area ratio:    0.13
      Required ratio:    6.00 (Gate area) 
      Cumulative area ratio:    0.43
      Required ratio:    0.00 (Cumulative area) 

    Layer: met3
      Partial area ratio:   16.86
      Required ratio:    0.00 (Gate area) 
      Cumulative area ratio:   32.67
      Required ratio:    0.00 (Cumulative area) 
      Partial area ratio:   90.48
      Required ratio:  400.00 (Side area) 
      Cumulative area ratio:  168.03
      Required ratio:    0.00 (Cumulative side area) 

    Layer: via3
      Partial area ratio:    0.02
      Required ratio:    6.00 (Gate area) 
      Cumulative area ratio:    0.45
      Required ratio:    0.00 (Cumulative area) 

    Layer: met4
      Partial area ratio:   21.41
      Required ratio:    0.00 (Gate area) 
      Cumulative area ratio:   54.08
      Required ratio:    0.00 (Cumulative area) 
      Partial area ratio:  114.62
      Required ratio: 3236.16 (Side area) 
      Cumulative area ratio:  282.65
      Required ratio:    0.00 (Cumulative side area) 


  Pin:   _25818_/C1 (sky130_fd_sc_hd__a311oi_4)
    Layer: mcon
      Partial area ratio:    0.03
      Required ratio:    3.00 (Gate area) 
      Cumulative area ratio:    0.03
      Required ratio:    0.00 (Cumulative area) 

    Layer: met1
      Partial area ratio:    0.34
      Required ratio:    0.00 (Gate area) 
      Cumulative area ratio:    0.34
      Required ratio:    0.00 (Cumulative area) 
      Partial area ratio:    1.49
      Required ratio:  400.00 (Side area) 
      Cumulative area ratio:    1.49
      Required ratio:    0.00 (Cumulative side area) 

    Layer: via
      Partial area ratio:    0.05
      Required ratio:    6.00 (Gate area) 
      Cumulative area ratio:    0.07
      Required ratio:    0.00 (Cumulative area) 

    Layer: met2
      Partial area ratio:    0.19
      Required ratio:    0.00 (Gate area) 
      Cumulative area ratio:    0.52
      Required ratio:    0.00 (Cumulative area) 
      Partial area ratio:    0.87
      Required ratio:  400.00 (Side area) 
      Cumulative area ratio:    2.36
      Required ratio:    0.00 (Cumulative side area) 

    Layer: via2
      Partial area ratio:    0.04
      Required ratio:    6.00 (Gate area) 
      Cumulative area ratio:    0.12
      Required ratio:    0.00 (Cumulative area) 

    Layer: met3
      Partial area ratio:   16.86
      Required ratio:    0.00 (Gate area) 
      Cumulative area ratio:   17.38
      Required ratio:    0.00 (Cumulative area) 
      Partial area ratio:   90.48
      Required ratio:  400.00 (Side area) 
      Cumulative area ratio:   92.84
      Required ratio:    0.00 (Cumulative side area) 

    Layer: via3
      Partial area ratio:    0.02
      Required ratio:    6.00 (Gate area) 
      Cumulative area ratio:    0.14
      Required ratio:    0.00 (Cumulative area) 

    Layer: met4
      Partial area ratio:   21.41
      Required ratio:    0.00 (Gate area) 
      Cumulative area ratio:   38.79
      Required ratio:    0.00 (Cumulative area) 
      Partial area ratio:  114.62
      Required ratio: 3236.16 (Side area) 
      Cumulative area ratio:  207.46
      Required ratio:    0.00 (Cumulative side area) 


  Pin:   _26515_/A (sky130_fd_sc_hd__nor2_1)
    Layer: mcon
      Partial area ratio:    0.12
      Required ratio:    3.00 (Gate area) 
      Cumulative area ratio:    0.12
      Required ratio:    0.00 (Cumulative area) 

    Layer: met1
      Partial area ratio:    4.34
      Required ratio:    0.00 (Gate area) 
      Cumulative area ratio:    4.34
      Required ratio:    0.00 (Cumulative area) 
      Partial area ratio:   20.73
      Required ratio:  400.00 (Side area) 
      Cumulative area ratio:   20.73
      Required ratio:    0.00 (Cumulative side area) 

    Layer: via
      Partial area ratio:    0.18
      Required ratio:    6.00 (Gate area) 
      Cumulative area ratio:    0.30
      Required ratio:    0.00 (Cumulative area) 

    Layer: met2
      Partial area ratio:   13.35
      Required ratio:    0.00 (Gate area) 
      Cumulative area ratio:   17.69
      Required ratio:    0.00 (Cumulative area) 
      Partial area ratio:   65.97
      Required ratio:  400.00 (Side area) 
      Cumulative area ratio:   86.70
      Required ratio:    0.00 (Cumulative side area) 

    Layer: via2
      Partial area ratio:    0.13
      Required ratio:    6.00 (Gate area) 
      Cumulative area ratio:    0.43
      Required ratio:    0.00 (Cumulative area) 

    Layer: met3
      Partial area ratio:   16.86
      Required ratio:    0.00 (Gate area) 
      Cumulative area ratio:   34.54
      Required ratio:    0.00 (Cumulative area) 
      Partial area ratio:   90.48
      Required ratio:  400.00 (Side area) 
      Cumulative area ratio:  177.18
      Required ratio:    0.00 (Cumulative side area) 

    Layer: via3
      Partial area ratio:    0.02
      Required ratio:    6.00 (Gate area) 
      Cumulative area ratio:    0.45
      Required ratio:    0.00 (Cumulative area) 

    Layer: met4
      Partial area ratio:   21.41
      Required ratio:    0.00 (Gate area) 
      Cumulative area ratio:   55.96
      Required ratio:    0.00 (Cumulative area) 
      Partial area ratio:  114.62
      Required ratio: 3236.16 (Side area) 
      Cumulative area ratio:  291.80
      Required ratio:    0.00 (Cumulative side area) 


  Pin:   _26806_/A (sky130_fd_sc_hd__or3_1)
    Layer: mcon
      Partial area ratio:    0.23
      Required ratio:    3.00 (Gate area) 
      Cumulative area ratio:    0.23
      Required ratio:    0.00 (Cumulative area) 

    Layer: met1
      Partial area ratio:    4.34
      Required ratio:    0.00 (Gate area) 
      Cumulative area ratio:    4.34
      Required ratio:    0.00 (Cumulative area) 
      Partial area ratio:   20.73
      Required ratio:  400.00 (Side area) 
      Cumulative area ratio:   20.73
      Required ratio:    0.00 (Cumulative side area) 

    Layer: via
      Partial area ratio:    0.18
      Required ratio:    6.00 (Gate area) 
      Cumulative area ratio:    0.41
      Required ratio:    0.00 (Cumulative area) 

    Layer: met2
      Partial area ratio:   13.35
      Required ratio:    0.00 (Gate area) 
      Cumulative area ratio:   17.69
      Required ratio:    0.00 (Cumulative area) 
      Partial area ratio:   65.97
      Required ratio:  400.00 (Side area) 
      Cumulative area ratio:   86.70
      Required ratio:    0.00 (Cumulative side area) 

    Layer: via2
      Partial area ratio:    0.13
      Required ratio:    6.00 (Gate area) 
      Cumulative area ratio:    0.54
      Required ratio:    0.00 (Cumulative area) 

    Layer: met3
      Partial area ratio:   16.86
      Required ratio:    0.00 (Gate area) 
      Cumulative area ratio:   34.54
      Required ratio:    0.00 (Cumulative area) 
      Partial area ratio:   90.48
      Required ratio:  400.00 (Side area) 
      Cumulative area ratio:  177.18
      Required ratio:    0.00 (Cumulative side area) 

    Layer: via3
      Partial area ratio:    0.02
      Required ratio:    6.00 (Gate area) 
      Cumulative area ratio:    0.56
      Required ratio:    0.00 (Cumulative area) 

    Layer: met4
      Partial area ratio:   21.41
      Required ratio:    0.00 (Gate area) 
      Cumulative area ratio:   55.96
      Required ratio:    0.00 (Cumulative area) 
      Partial area ratio:  114.62
      Required ratio: 3236.16 (Side area) 
      Cumulative area ratio:  291.80
      Required ratio:    0.00 (Cumulative side area) 


  Pin:   fanout516/A (sky130_fd_sc_hd__clkbuf_4)
    Layer: mcon
      Partial area ratio:    0.14
      Required ratio:    3.00 (Gate area) 
      Cumulative area ratio:    0.14
      Required ratio:    0.00 (Cumulative area) 

    Layer: met1
      Partial area ratio:    7.95
      Required ratio:    0.00 (Gate area) 
      Cumulative area ratio:    7.95
      Required ratio:    0.00 (Cumulative area) 
      Partial area ratio:   38.06
      Required ratio: 3236.16 (Side area) 
      Cumulative area ratio:   38.06
      Required ratio:    0.00 (Cumulative side area) 

    Layer: via
      Partial area ratio:    0.32
      Required ratio:   63.25 (Gate area) 
      Cumulative area ratio:    0.45
      Required ratio:    0.00 (Cumulative area) 

    Layer: met2
      Partial area ratio:   16.54
      Required ratio:    0.00 (Gate area) 
      Cumulative area ratio:   24.49
      Required ratio:    0.00 (Cumulative area) 
      Partial area ratio:   82.07
      Required ratio: 3236.16 (Side area) 
      Cumulative area ratio:  120.13
      Required ratio:    0.00 (Cumulative side area) 

    Layer: via2
      Partial area ratio:    0.08
      Required ratio:   63.25 (Gate area) 
      Cumulative area ratio:    0.53
      Required ratio:    0.00 (Cumulative area) 

    Layer: met3
      Partial area ratio:    0.25
      Required ratio:    0.00 (Gate area) 
      Cumulative area ratio:   24.74
      Required ratio:    0.00 (Cumulative area) 
      Partial area ratio:    2.28
      Required ratio: 3236.16 (Side area) 
      Cumulative area ratio:  122.41
      Required ratio:    0.00 (Cumulative side area) 

    Layer: via3
      Partial area ratio:    0.08
      Required ratio:   63.25 (Gate area) 
      Cumulative area ratio:    0.61
      Required ratio:    0.00 (Cumulative area) 

    Layer: met4
      Partial area ratio:   21.41
      Required ratio:    0.00 (Gate area) 
      Cumulative area ratio:   46.16
      Required ratio:    0.00 (Cumulative area) 
      Partial area ratio:  114.62
      Required ratio: 3236.16 (Side area) 
      Cumulative area ratio:  237.03
      Required ratio:    0.00 (Cumulative side area) 


  Pin:   fanout517/A (sky130_fd_sc_hd__dlymetal6s2s_1)
    Layer: mcon
      Partial area ratio:    0.23
      Required ratio:    3.00 (Gate area) 
      Cumulative area ratio:    0.23
      Required ratio:    0.00 (Cumulative area) 

    Layer: met1
      Partial area ratio:    6.09
      Required ratio:    0.00 (Gate area) 
      Cumulative area ratio:    6.09
      Required ratio:    0.00 (Cumulative area) 
      Partial area ratio:   28.97
      Required ratio:  400.00 (Side area) 
      Cumulative area ratio:   28.97
      Required ratio:    0.00 (Cumulative side area) 

    Layer: via
      Partial area ratio:    0.36
      Required ratio:    6.00 (Gate area) 
      Cumulative area ratio:    0.59
      Required ratio:    0.00 (Cumulative area) 

    Layer: met2
      Partial area ratio:   16.54
      Required ratio:    0.00 (Gate area) 
      Cumulative area ratio:   22.63
      Required ratio:    0.00 (Cumulative area) 
      Partial area ratio:   82.07
      Required ratio: 3236.16 (Side area) 
      Cumulative area ratio:  111.04
      Required ratio:    0.00 (Cumulative side area) 

    Layer: via2
      Partial area ratio:    0.08
      Required ratio:   63.25 (Gate area) 
      Cumulative area ratio:    0.67
      Required ratio:    0.00 (Cumulative area) 

    Layer: met3
      Partial area ratio:    0.25
      Required ratio:    0.00 (Gate area) 
      Cumulative area ratio:   22.88
      Required ratio:    0.00 (Cumulative area) 
      Partial area ratio:    2.28
      Required ratio: 3236.16 (Side area) 
      Cumulative area ratio:  113.32
      Required ratio:    0.00 (Cumulative side area) 

    Layer: via3
      Partial area ratio:    0.08
      Required ratio:   63.25 (Gate area) 
      Cumulative area ratio:    0.75
      Required ratio:    0.00 (Cumulative area) 

    Layer: met4
      Partial area ratio:   21.41
      Required ratio:    0.00 (Gate area) 
      Cumulative area ratio:   44.29
      Required ratio:    0.00 (Cumulative area) 
      Partial area ratio:  114.62
      Required ratio: 3236.16 (Side area) 
      Cumulative area ratio:  227.94
      Required ratio:    0.00 (Cumulative side area) 


  Pin:   fanout520/A (sky130_fd_sc_hd__buf_2)
    Layer: mcon
      Partial area ratio:    0.18
      Required ratio:    3.00 (Gate area) 
      Cumulative area ratio:    0.18
      Required ratio:    0.00 (Cumulative area) 

    Layer: met1
      Partial area ratio:  130.18
      Required ratio:    0.00 (Gate area) 
      Cumulative area ratio:  130.18
      Required ratio:    0.00 (Cumulative area) 
      Partial area ratio:  649.75
      Required ratio:  400.00 (Side area) (VIOLATED)
      Cumulative area ratio:  649.75
      Required ratio:    0.00 (Cumulative side area) 

    Layer: via
      Partial area ratio:    0.28
      Required ratio:    6.00 (Gate area) 
      Cumulative area ratio:    0.46
      Required ratio:    0.00 (Cumulative area) 

    Layer: met2
      Partial area ratio:   16.54
      Required ratio:    0.00 (Gate area) 
      Cumulative area ratio:  146.73
      Required ratio:    0.00 (Cumulative area) 
      Partial area ratio:   82.07
      Required ratio: 3236.16 (Side area) 
      Cumulative area ratio:  731.82
      Required ratio:    0.00 (Cumulative side area) 

    Layer: via2
      Partial area ratio:    0.08
      Required ratio:   63.25 (Gate area) 
      Cumulative area ratio:    0.55
      Required ratio:    0.00 (Cumulative area) 

    Layer: met3
      Partial area ratio:    0.25
      Required ratio:    0.00 (Gate area) 
      Cumulative area ratio:  146.98
      Required ratio:    0.00 (Cumulative area) 
      Partial area ratio:    2.28
      Required ratio: 3236.16 (Side area) 
      Cumulative area ratio:  734.10
      Required ratio:    0.00 (Cumulative side area) 

    Layer: via3
      Partial area ratio:    0.08
      Required ratio:   63.25 (Gate area) 
      Cumulative area ratio:    0.63
      Required ratio:    0.00 (Cumulative area) 

    Layer: met4
      Partial area ratio:   21.41
      Required ratio:    0.00 (Gate area) 
      Cumulative area ratio:  168.39
      Required ratio:    0.00 (Cumulative area) 
      Partial area ratio:  114.62
      Required ratio: 3236.16 (Side area) 
      Cumulative area ratio:  848.72
      Required ratio:    0.00 (Cumulative side area) 



Net: net524
  Pin:   _17916_/A (sky130_fd_sc_hd__xnor2_2)
    Layer: mcon
      Partial area ratio:    0.03
      Required ratio:    3.00 (Gate area) 
      Cumulative area ratio:    0.03
      Required ratio:    0.00 (Cumulative area) 

    Layer: met1
      Partial area ratio:    0.43
      Required ratio:    0.00 (Gate area) 
      Cumulative area ratio:    0.43
      Required ratio:    0.00 (Cumulative area) 
      Partial area ratio:    1.98
      Required ratio:  400.00 (Side area) 
      Cumulative area ratio:    1.98
      Required ratio:    0.00 (Cumulative side area) 

    Layer: via
      Partial area ratio:    0.05
      Required ratio:    6.00 (Gate area) 
      Cumulative area ratio:    0.07
      Required ratio:    0.00 (Cumulative area) 

    Layer: met2
      Partial area ratio:    5.48
      Required ratio:    0.00 (Gate area) 
      Cumulative area ratio:    5.91
      Required ratio:    0.00 (Cumulative area) 
      Partial area ratio:   27.11
      Required ratio:  400.00 (Side area) 
      Cumulative area ratio:   29.09
      Required ratio:    0.00 (Cumulative side area) 

    Layer: via2
      Partial area ratio:    0.01
      Required ratio:    6.00 (Gate area) 
      Cumulative area ratio:    0.09
      Required ratio:    0.00 (Cumulative area) 

    Layer: met3
      Partial area ratio:    0.03
      Required ratio:    0.00 (Gate area) 
      Cumulative area ratio:    5.95
      Required ratio:    0.00 (Cumulative area) 
      Partial area ratio:    0.32
      Required ratio:  400.00 (Side area) 
      Cumulative area ratio:   29.40
      Required ratio:    0.00 (Cumulative side area) 

    Layer: via3
      Partial area ratio:    0.01
      Required ratio:    6.00 (Gate area) 
      Cumulative area ratio:    0.10
      Required ratio:    0.00 (Cumulative area) 

    Layer: met4
      Partial area ratio:    5.96
      Required ratio:    0.00 (Gate area) 
      Cumulative area ratio:   11.91
      Required ratio:    0.00 (Cumulative area) 
      Partial area ratio:   31.92
      Required ratio: 3236.16 (Side area) 
      Cumulative area ratio:   61.33
      Required ratio:    0.00 (Cumulative side area) 


  Pin:   _18523_/C1 (sky130_fd_sc_hd__a211o_1)
    Layer: mcon
      Partial area ratio:    0.12
      Required ratio:    3.00 (Gate area) 
      Cumulative area ratio:    0.12
      Required ratio:    0.00 (Cumulative area) 

    Layer: met1
      Partial area ratio:    2.88
      Required ratio:    0.00 (Gate area) 
      Cumulative area ratio:    2.88
      Required ratio:    0.00 (Cumulative area) 
      Partial area ratio:   14.08
      Required ratio:  400.00 (Side area) 
      Cumulative area ratio:   14.08
      Required ratio:    0.00 (Cumulative side area) 

    Layer: via
      Partial area ratio:    0.07
      Required ratio:    6.00 (Gate area) 
      Cumulative area ratio:    0.18
      Required ratio:    0.00 (Cumulative area) 

    Layer: met2
      Partial area ratio:    5.48
      Required ratio:    0.00 (Gate area) 
      Cumulative area ratio:    8.36
      Required ratio:    0.00 (Cumulative area) 
      Partial area ratio:   27.11
      Required ratio:  400.00 (Side area) 
      Cumulative area ratio:   41.19
      Required ratio:    0.00 (Cumulative side area) 

    Layer: via2
      Partial area ratio:    0.01
      Required ratio:    6.00 (Gate area) 
      Cumulative area ratio:    0.19
      Required ratio:    0.00 (Cumulative area) 

    Layer: met3
      Partial area ratio:    0.03
      Required ratio:    0.00 (Gate area) 
      Cumulative area ratio:    8.40
      Required ratio:    0.00 (Cumulative area) 
      Partial area ratio:    0.32
      Required ratio:  400.00 (Side area) 
      Cumulative area ratio:   41.51
      Required ratio:    0.00 (Cumulative side area) 

    Layer: via3
      Partial area ratio:    0.01
      Required ratio:    6.00 (Gate area) 
      Cumulative area ratio:    0.20
      Required ratio:    0.00 (Cumulative area) 

    Layer: met4
      Partial area ratio:    5.96
      Required ratio:    0.00 (Gate area) 
      Cumulative area ratio:   14.36
      Required ratio:    0.00 (Cumulative area) 
      Partial area ratio:   31.92
      Required ratio: 3236.16 (Side area) 
      Cumulative area ratio:   73.43
      Required ratio:    0.00 (Cumulative side area) 


  Pin:   _18714_/A (sky130_fd_sc_hd__nand2_1)
    Layer: mcon
      Partial area ratio:    0.12
      Required ratio:    3.00 (Gate area) 
      Cumulative area ratio:    0.12
      Required ratio:    0.00 (Cumulative area) 

    Layer: met1
      Partial area ratio:    1.61
      Required ratio:    0.00 (Gate area) 
      Cumulative area ratio:    1.61
      Required ratio:    0.00 (Cumulative area) 
      Partial area ratio:    7.30
      Required ratio:  400.00 (Side area) 
      Cumulative area ratio:    7.30
      Required ratio:    0.00 (Cumulative side area) 

    Layer: via
      Partial area ratio:    0.18
      Required ratio:    6.00 (Gate area) 
      Cumulative area ratio:    0.30
      Required ratio:    0.00 (Cumulative area) 

    Layer: met2
      Partial area ratio:    5.48
      Required ratio:    0.00 (Gate area) 
      Cumulative area ratio:    7.09
      Required ratio:    0.00 (Cumulative area) 
      Partial area ratio:   27.11
      Required ratio:  400.00 (Side area) 
      Cumulative area ratio:   34.41
      Required ratio:    0.00 (Cumulative side area) 

    Layer: via2
      Partial area ratio:    0.01
      Required ratio:    6.00 (Gate area) 
      Cumulative area ratio:    0.31
      Required ratio:    0.00 (Cumulative area) 

    Layer: met3
      Partial area ratio:    0.03
      Required ratio:    0.00 (Gate area) 
      Cumulative area ratio:    7.12
      Required ratio:    0.00 (Cumulative area) 
      Partial area ratio:    0.32
      Required ratio:  400.00 (Side area) 
      Cumulative area ratio:   34.73
      Required ratio:    0.00 (Cumulative side area) 

    Layer: via3
      Partial area ratio:    0.01
      Required ratio:    6.00 (Gate area) 
      Cumulative area ratio:    0.32
      Required ratio:    0.00 (Cumulative area) 

    Layer: met4
      Partial area ratio:    5.96
      Required ratio:    0.00 (Gate area) 
      Cumulative area ratio:   13.09
      Required ratio:    0.00 (Cumulative area) 
      Partial area ratio:   31.92
      Required ratio: 3236.16 (Side area) 
      Cumulative area ratio:   66.65
      Required ratio:    0.00 (Cumulative side area) 


  Pin:   _18715_/A (sky130_fd_sc_hd__xnor2_2)
    Layer: mcon
      Partial area ratio:    0.03
      Required ratio:    3.00 (Gate area) 
      Cumulative area ratio:    0.03
      Required ratio:    0.00 (Cumulative area) 

    Layer: met1
      Partial area ratio:    2.88
      Required ratio:    0.00 (Gate area) 
      Cumulative area ratio:    2.88
      Required ratio:    0.00 (Cumulative area) 
      Partial area ratio:   14.08
      Required ratio:  400.00 (Side area) 
      Cumulative area ratio:   14.08
      Required ratio:    0.00 (Cumulative side area) 

    Layer: via
      Partial area ratio:    0.07
      Required ratio:    6.00 (Gate area) 
      Cumulative area ratio:    0.09
      Required ratio:    0.00 (Cumulative area) 

    Layer: met2
      Partial area ratio:    5.48
      Required ratio:    0.00 (Gate area) 
      Cumulative area ratio:    8.36
      Required ratio:    0.00 (Cumulative area) 
      Partial area ratio:   27.11
      Required ratio:  400.00 (Side area) 
      Cumulative area ratio:   41.19
      Required ratio:    0.00 (Cumulative side area) 

    Layer: via2
      Partial area ratio:    0.01
      Required ratio:    6.00 (Gate area) 
      Cumulative area ratio:    0.11
      Required ratio:    0.00 (Cumulative area) 

    Layer: met3
      Partial area ratio:    0.03
      Required ratio:    0.00 (Gate area) 
      Cumulative area ratio:    8.40
      Required ratio:    0.00 (Cumulative area) 
      Partial area ratio:    0.32
      Required ratio:  400.00 (Side area) 
      Cumulative area ratio:   41.51
      Required ratio:    0.00 (Cumulative side area) 

    Layer: via3
      Partial area ratio:    0.01
      Required ratio:    6.00 (Gate area) 
      Cumulative area ratio:    0.12
      Required ratio:    0.00 (Cumulative area) 

    Layer: met4
      Partial area ratio:    5.96
      Required ratio:    0.00 (Gate area) 
      Cumulative area ratio:   14.36
      Required ratio:    0.00 (Cumulative area) 
      Partial area ratio:   31.92
      Required ratio: 3236.16 (Side area) 
      Cumulative area ratio:   73.43
      Required ratio:    0.00 (Cumulative side area) 


  Pin:   _18904_/A (sky130_fd_sc_hd__xnor2_1)
    Layer: mcon
      Partial area ratio:    0.06
      Required ratio:    3.00 (Gate area) 
      Cumulative area ratio:    0.06
      Required ratio:    0.00 (Cumulative area) 

    Layer: met1
      Partial area ratio:    1.57
      Required ratio:    0.00 (Gate area) 
      Cumulative area ratio:    1.57
      Required ratio:    0.00 (Cumulative area) 
      Partial area ratio:    7.47
      Required ratio:  400.00 (Side area) 
      Cumulative area ratio:    7.47
      Required ratio:    0.00 (Cumulative side area) 

    Layer: via
      Partial area ratio:    0.09
      Required ratio:    6.00 (Gate area) 
      Cumulative area ratio:    0.15
      Required ratio:    0.00 (Cumulative area) 

    Layer: met2
      Partial area ratio:    5.48
      Required ratio:    0.00 (Gate area) 
      Cumulative area ratio:    7.05
      Required ratio:    0.00 (Cumulative area) 
      Partial area ratio:   27.11
      Required ratio:  400.00 (Side area) 
      Cumulative area ratio:   34.58
      Required ratio:    0.00 (Cumulative side area) 

    Layer: via2
      Partial area ratio:    0.01
      Required ratio:    6.00 (Gate area) 
      Cumulative area ratio:    0.16
      Required ratio:    0.00 (Cumulative area) 

    Layer: met3
      Partial area ratio:    0.03
      Required ratio:    0.00 (Gate area) 
      Cumulative area ratio:    7.08
      Required ratio:    0.00 (Cumulative area) 
      Partial area ratio:    0.32
      Required ratio:  400.00 (Side area) 
      Cumulative area ratio:   34.89
      Required ratio:    0.00 (Cumulative side area) 

    Layer: via3
      Partial area ratio:    0.01
      Required ratio:    6.00 (Gate area) 
      Cumulative area ratio:    0.17
      Required ratio:    0.00 (Cumulative area) 

    Layer: met4
      Partial area ratio:    5.96
      Required ratio:    0.00 (Gate area) 
      Cumulative area ratio:   13.04
      Required ratio:    0.00 (Cumulative area) 
      Partial area ratio:   31.92
      Required ratio: 3236.16 (Side area) 
      Cumulative area ratio:   66.82
      Required ratio:    0.00 (Cumulative side area) 


  Pin:   _19405_/A (sky130_fd_sc_hd__nor2_1)
    Layer: mcon
      Partial area ratio:    0.12
      Required ratio:    3.00 (Gate area) 
      Cumulative area ratio:    0.12
      Required ratio:    0.00 (Cumulative area) 

    Layer: met1
      Partial area ratio:    5.29
      Required ratio:    0.00 (Gate area) 
      Cumulative area ratio:    5.29
      Required ratio:    0.00 (Cumulative area) 
      Partial area ratio:   25.53
      Required ratio:  400.00 (Side area) 
      Cumulative area ratio:   25.53
      Required ratio:    0.00 (Cumulative side area) 

    Layer: via
      Partial area ratio:    0.18
      Required ratio:    6.00 (Gate area) 
      Cumulative area ratio:    0.30
      Required ratio:    0.00 (Cumulative area) 

    Layer: met2
      Partial area ratio:    5.48
      Required ratio:    0.00 (Gate area) 
      Cumulative area ratio:   10.77
      Required ratio:    0.00 (Cumulative area) 
      Partial area ratio:   27.11
      Required ratio:  400.00 (Side area) 
      Cumulative area ratio:   52.63
      Required ratio:    0.00 (Cumulative side area) 

    Layer: via2
      Partial area ratio:    0.01
      Required ratio:    6.00 (Gate area) 
      Cumulative area ratio:    0.31
      Required ratio:    0.00 (Cumulative area) 

    Layer: met3
      Partial area ratio:    0.03
      Required ratio:    0.00 (Gate area) 
      Cumulative area ratio:   10.81
      Required ratio:    0.00 (Cumulative area) 
      Partial area ratio:    0.32
      Required ratio:  400.00 (Side area) 
      Cumulative area ratio:   52.95
      Required ratio:    0.00 (Cumulative side area) 

    Layer: via3
      Partial area ratio:    0.01
      Required ratio:    6.00 (Gate area) 
      Cumulative area ratio:    0.32
      Required ratio:    0.00 (Cumulative area) 

    Layer: met4
      Partial area ratio:    5.96
      Required ratio:    0.00 (Gate area) 
      Cumulative area ratio:   16.77
      Required ratio:    0.00 (Cumulative area) 
      Partial area ratio:   31.92
      Required ratio: 3236.16 (Side area) 
      Cumulative area ratio:   84.87
      Required ratio:    0.00 (Cumulative side area) 


  Pin:   _19406_/A (sky130_fd_sc_hd__nand2_1)
    Layer: mcon
      Partial area ratio:    0.12
      Required ratio:    3.00 (Gate area) 
      Cumulative area ratio:    0.12
      Required ratio:    0.00 (Cumulative area) 

    Layer: met1
      Partial area ratio:    5.29
      Required ratio:    0.00 (Gate area) 
      Cumulative area ratio:    5.29
      Required ratio:    0.00 (Cumulative area) 
      Partial area ratio:   25.53
      Required ratio:  400.00 (Side area) 
      Cumulative area ratio:   25.53
      Required ratio:    0.00 (Cumulative side area) 

    Layer: via
      Partial area ratio:    0.18
      Required ratio:    6.00 (Gate area) 
      Cumulative area ratio:    0.30
      Required ratio:    0.00 (Cumulative area) 

    Layer: met2
      Partial area ratio:    5.48
      Required ratio:    0.00 (Gate area) 
      Cumulative area ratio:   10.77
      Required ratio:    0.00 (Cumulative area) 
      Partial area ratio:   27.11
      Required ratio:  400.00 (Side area) 
      Cumulative area ratio:   52.63
      Required ratio:    0.00 (Cumulative side area) 

    Layer: via2
      Partial area ratio:    0.01
      Required ratio:    6.00 (Gate area) 
      Cumulative area ratio:    0.31
      Required ratio:    0.00 (Cumulative area) 

    Layer: met3
      Partial area ratio:    0.03
      Required ratio:    0.00 (Gate area) 
      Cumulative area ratio:   10.81
      Required ratio:    0.00 (Cumulative area) 
      Partial area ratio:    0.32
      Required ratio:  400.00 (Side area) 
      Cumulative area ratio:   52.95
      Required ratio:    0.00 (Cumulative side area) 

    Layer: via3
      Partial area ratio:    0.01
      Required ratio:    6.00 (Gate area) 
      Cumulative area ratio:    0.32
      Required ratio:    0.00 (Cumulative area) 

    Layer: met4
      Partial area ratio:    5.96
      Required ratio:    0.00 (Gate area) 
      Cumulative area ratio:   16.77
      Required ratio:    0.00 (Cumulative area) 
      Partial area ratio:   31.92
      Required ratio: 3236.16 (Side area) 
      Cumulative area ratio:   84.87
      Required ratio:    0.00 (Cumulative side area) 


  Pin:   fanout522/A (sky130_fd_sc_hd__buf_4)
    Layer: mcon
      Partial area ratio:    0.12
      Required ratio:    3.00 (Gate area) 
      Cumulative area ratio:    0.12
      Required ratio:    0.00 (Cumulative area) 

    Layer: met1
      Partial area ratio:    5.97
      Required ratio:    0.00 (Gate area) 
      Cumulative area ratio:    5.97
      Required ratio:    0.00 (Cumulative area) 
      Partial area ratio:   28.42
      Required ratio: 3236.16 (Side area) 
      Cumulative area ratio:   28.42
      Required ratio:    0.00 (Cumulative side area) 

    Layer: via
      Partial area ratio:    0.27
      Required ratio:   63.25 (Gate area) 
      Cumulative area ratio:    0.39
      Required ratio:    0.00 (Cumulative area) 

    Layer: met2
      Partial area ratio:   28.55
      Required ratio:    0.00 (Gate area) 
      Cumulative area ratio:   34.53
      Required ratio:    0.00 (Cumulative area) 
      Partial area ratio:  141.99
      Required ratio: 3236.16 (Side area) 
      Cumulative area ratio:  170.41
      Required ratio:    0.00 (Cumulative side area) 

    Layer: via2
      Partial area ratio:    0.16
      Required ratio:   63.25 (Gate area) 
      Cumulative area ratio:    0.55
      Required ratio:    0.00 (Cumulative area) 

    Layer: met3
      Partial area ratio:   25.59
      Required ratio:    0.00 (Gate area) 
      Cumulative area ratio:   60.12
      Required ratio:    0.00 (Cumulative area) 
      Partial area ratio:  138.38
      Required ratio: 3236.16 (Side area) 
      Cumulative area ratio:  308.79
      Required ratio:    0.00 (Cumulative side area) 

    Layer: via3
      Partial area ratio:    0.16
      Required ratio:   63.25 (Gate area) 
      Cumulative area ratio:    0.71
      Required ratio:    0.00 (Cumulative area) 

    Layer: met4
      Partial area ratio:    5.96
      Required ratio:    0.00 (Gate area) 
      Cumulative area ratio:   66.08
      Required ratio:    0.00 (Cumulative area) 
      Partial area ratio:   31.92
      Required ratio: 3236.16 (Side area) 
      Cumulative area ratio:  340.71
      Required ratio:    0.00 (Cumulative side area) 


  Pin:   fanout523/A (sky130_fd_sc_hd__dlymetal6s2s_1)
    Layer: mcon
      Partial area ratio:    0.23
      Required ratio:    3.00 (Gate area) 
      Cumulative area ratio:    0.23
      Required ratio:    0.00 (Cumulative area) 

    Layer: met1
      Partial area ratio:  104.24
      Required ratio:    0.00 (Gate area) 
      Cumulative area ratio:  104.24
      Required ratio:    0.00 (Cumulative area) 
      Partial area ratio:  519.72
      Required ratio:  400.00 (Side area) (VIOLATED)
      Cumulative area ratio:  519.72
      Required ratio:    0.00 (Cumulative side area) 

    Layer: via
      Partial area ratio:    0.36
      Required ratio:    6.00 (Gate area) 
      Cumulative area ratio:    0.59
      Required ratio:    0.00 (Cumulative area) 

    Layer: met2
      Partial area ratio:    5.48
      Required ratio:    0.00 (Gate area) 
      Cumulative area ratio:  109.72
      Required ratio:    0.00 (Cumulative area) 
      Partial area ratio:   27.11
      Required ratio:  400.00 (Side area) 
      Cumulative area ratio:  546.82
      Required ratio:    0.00 (Cumulative side area) 

    Layer: via2
      Partial area ratio:    0.01
      Required ratio:    6.00 (Gate area) 
      Cumulative area ratio:    0.60
      Required ratio:    0.00 (Cumulative area) 

    Layer: met3
      Partial area ratio:    0.03
      Required ratio:    0.00 (Gate area) 
      Cumulative area ratio:  109.75
      Required ratio:    0.00 (Cumulative area) 
      Partial area ratio:    0.32
      Required ratio:  400.00 (Side area) 
      Cumulative area ratio:  547.14
      Required ratio:    0.00 (Cumulative side area) 

    Layer: via3
      Partial area ratio:    0.01
      Required ratio:    6.00 (Gate area) 
      Cumulative area ratio:    0.61
      Required ratio:    0.00 (Cumulative area) 

    Layer: met4
      Partial area ratio:    5.96
      Required ratio:    0.00 (Gate area) 
      Cumulative area ratio:  115.71
      Required ratio:    0.00 (Cumulative area) 
      Partial area ratio:   31.92
      Required ratio: 3236.16 (Side area) 
      Cumulative area ratio:  579.07
      Required ratio:    0.00 (Cumulative side area) 



Net: net559
  Pin:   _21073_/A (sky130_fd_sc_hd__xnor2_1)
    Layer: mcon
      Partial area ratio:    0.06
      Required ratio:    3.00 (Gate area) 
      Cumulative area ratio:    0.06
      Required ratio:    0.00 (Cumulative area) 

    Layer: met1
      Partial area ratio:    1.60
      Required ratio:    0.00 (Gate area) 
      Cumulative area ratio:    1.60
      Required ratio:    0.00 (Cumulative area) 
      Partial area ratio:    7.62
      Required ratio:  400.00 (Side area) 
      Cumulative area ratio:    7.62
      Required ratio:    0.00 (Cumulative side area) 

    Layer: via
      Partial area ratio:    0.09
      Required ratio:    6.00 (Gate area) 
      Cumulative area ratio:    0.15
      Required ratio:    0.00 (Cumulative area) 

    Layer: met2
      Partial area ratio:   12.59
      Required ratio:    0.00 (Gate area) 
      Cumulative area ratio:   14.19
      Required ratio:    0.00 (Cumulative area) 
      Partial area ratio:   62.47
      Required ratio:  400.00 (Side area) 
      Cumulative area ratio:   70.09
      Required ratio:    0.00 (Cumulative side area) 

    Layer: via2
      Partial area ratio:    0.02
      Required ratio:    6.00 (Gate area) 
      Cumulative area ratio:    0.17
      Required ratio:    0.00 (Cumulative area) 

    Layer: met3
      Partial area ratio:    6.94
      Required ratio:    0.00 (Gate area) 
      Cumulative area ratio:   21.13
      Required ratio:    0.00 (Cumulative area) 
      Partial area ratio:   37.23
      Required ratio:  400.00 (Side area) 
      Cumulative area ratio:  107.32
      Required ratio:    0.00 (Cumulative side area) 

    Layer: via3
      Partial area ratio:    0.02
      Required ratio:    6.00 (Gate area) 
      Cumulative area ratio:    0.19
      Required ratio:    0.00 (Cumulative area) 

    Layer: met4
      Partial area ratio:   10.04
      Required ratio:    0.00 (Gate area) 
      Cumulative area ratio:   31.17
      Required ratio:    0.00 (Cumulative area) 
      Partial area ratio:   53.73
      Required ratio: 3312.80 (Side area) 
      Cumulative area ratio:  161.05
      Required ratio:    0.00 (Cumulative side area) 


  Pin:   _21128_/A1 (sky130_fd_sc_hd__a21o_1)
    Layer: mcon
      Partial area ratio:    0.12
      Required ratio:    3.00 (Gate area) 
      Cumulative area ratio:    0.12
      Required ratio:    0.00 (Cumulative area) 

    Layer: met1
      Partial area ratio:    3.37
      Required ratio:    0.00 (Gate area) 
      Cumulative area ratio:    3.37
      Required ratio:    0.00 (Cumulative area) 
      Partial area ratio:   16.14
      Required ratio:  400.00 (Side area) 
      Cumulative area ratio:   16.14
      Required ratio:    0.00 (Cumulative side area) 

    Layer: via
      Partial area ratio:    0.14
      Required ratio:    6.00 (Gate area) 
      Cumulative area ratio:    0.25
      Required ratio:    0.00 (Cumulative area) 

    Layer: met2
      Partial area ratio:   12.59
      Required ratio:    0.00 (Gate area) 
      Cumulative area ratio:   15.97
      Required ratio:    0.00 (Cumulative area) 
      Partial area ratio:   62.47
      Required ratio:  400.00 (Side area) 
      Cumulative area ratio:   78.61
      Required ratio:    0.00 (Cumulative side area) 

    Layer: via2
      Partial area ratio:    0.02
      Required ratio:    6.00 (Gate area) 
      Cumulative area ratio:    0.27
      Required ratio:    0.00 (Cumulative area) 

    Layer: met3
      Partial area ratio:    6.94
      Required ratio:    0.00 (Gate area) 
      Cumulative area ratio:   22.91
      Required ratio:    0.00 (Cumulative area) 
      Partial area ratio:   37.23
      Required ratio:  400.00 (Side area) 
      Cumulative area ratio:  115.84
      Required ratio:    0.00 (Cumulative side area) 

    Layer: via3
      Partial area ratio:    0.02
      Required ratio:    6.00 (Gate area) 
      Cumulative area ratio:    0.29
      Required ratio:    0.00 (Cumulative area) 

    Layer: met4
      Partial area ratio:   10.04
      Required ratio:    0.00 (Gate area) 
      Cumulative area ratio:   32.95
      Required ratio:    0.00 (Cumulative area) 
      Partial area ratio:   53.73
      Required ratio: 3312.80 (Side area) 
      Cumulative area ratio:  169.57
      Required ratio:    0.00 (Cumulative side area) 


  Pin:   _21129_/A1 (sky130_fd_sc_hd__o21ai_1)
    Layer: mcon
      Partial area ratio:    0.12
      Required ratio:    3.00 (Gate area) 
      Cumulative area ratio:    0.12
      Required ratio:    0.00 (Cumulative area) 

    Layer: met1
      Partial area ratio:    3.37
      Required ratio:    0.00 (Gate area) 
      Cumulative area ratio:    3.37
      Required ratio:    0.00 (Cumulative area) 
      Partial area ratio:   16.14
      Required ratio:  400.00 (Side area) 
      Cumulative area ratio:   16.14
      Required ratio:    0.00 (Cumulative side area) 

    Layer: via
      Partial area ratio:    0.14
      Required ratio:    6.00 (Gate area) 
      Cumulative area ratio:    0.25
      Required ratio:    0.00 (Cumulative area) 

    Layer: met2
      Partial area ratio:   12.59
      Required ratio:    0.00 (Gate area) 
      Cumulative area ratio:   15.97
      Required ratio:    0.00 (Cumulative area) 
      Partial area ratio:   62.47
      Required ratio:  400.00 (Side area) 
      Cumulative area ratio:   78.61
      Required ratio:    0.00 (Cumulative side area) 

    Layer: via2
      Partial area ratio:    0.02
      Required ratio:    6.00 (Gate area) 
      Cumulative area ratio:    0.27
      Required ratio:    0.00 (Cumulative area) 

    Layer: met3
      Partial area ratio:    6.94
      Required ratio:    0.00 (Gate area) 
      Cumulative area ratio:   22.91
      Required ratio:    0.00 (Cumulative area) 
      Partial area ratio:   37.23
      Required ratio:  400.00 (Side area) 
      Cumulative area ratio:  115.84
      Required ratio:    0.00 (Cumulative side area) 

    Layer: via3
      Partial area ratio:    0.02
      Required ratio:    6.00 (Gate area) 
      Cumulative area ratio:    0.29
      Required ratio:    0.00 (Cumulative area) 

    Layer: met4
      Partial area ratio:   10.04
      Required ratio:    0.00 (Gate area) 
      Cumulative area ratio:   32.95
      Required ratio:    0.00 (Cumulative area) 
      Partial area ratio:   53.73
      Required ratio: 3312.80 (Side area) 
      Cumulative area ratio:  169.57
      Required ratio:    0.00 (Cumulative side area) 


  Pin:   _21360_/A (sky130_fd_sc_hd__and2_1)
    Layer: mcon
      Partial area ratio:    0.23
      Required ratio:    3.00 (Gate area) 
      Cumulative area ratio:    0.23
      Required ratio:    0.00 (Cumulative area) 

    Layer: met1
      Partial area ratio:    3.49
      Required ratio:    0.00 (Gate area) 
      Cumulative area ratio:    3.49
      Required ratio:    0.00 (Cumulative area) 
      Partial area ratio:   15.95
      Required ratio: 3312.80 (Side area) 
      Cumulative area ratio:   15.95
      Required ratio:    0.00 (Cumulative side area) 

    Layer: via
      Partial area ratio:    0.24
      Required ratio:   70.15 (Gate area) 
      Cumulative area ratio:    0.47
      Required ratio:    0.00 (Cumulative area) 

    Layer: met2
      Partial area ratio:    0.91
      Required ratio:    0.00 (Gate area) 
      Cumulative area ratio:    4.40
      Required ratio:    0.00 (Cumulative area) 
      Partial area ratio:    3.80
      Required ratio: 3312.80 (Side area) 
      Cumulative area ratio:   19.76
      Required ratio:    0.00 (Cumulative side area) 

    Layer: via2
      Partial area ratio:    0.11
      Required ratio:   70.15 (Gate area) 
      Cumulative area ratio:    0.58
      Required ratio:    0.00 (Cumulative area) 

    Layer: met3
      Partial area ratio:    0.33
      Required ratio:    0.00 (Gate area) 
      Cumulative area ratio:    4.74
      Required ratio:    0.00 (Cumulative area) 
      Partial area ratio:    3.04
      Required ratio: 3312.80 (Side area) 
      Cumulative area ratio:   22.80
      Required ratio:    0.00 (Cumulative side area) 

    Layer: via3
      Partial area ratio:    0.11
      Required ratio:   70.15 (Gate area) 
      Cumulative area ratio:    0.68
      Required ratio:    0.00 (Cumulative area) 

    Layer: met4
      Partial area ratio:   10.04
      Required ratio:    0.00 (Gate area) 
      Cumulative area ratio:   14.78
      Required ratio:    0.00 (Cumulative area) 
      Partial area ratio:   53.73
      Required ratio: 3312.80 (Side area) 
      Cumulative area ratio:   76.53
      Required ratio:    0.00 (Cumulative side area) 


  Pin:   _21361_/A (sky130_fd_sc_hd__nor2_1)
    Layer: mcon
      Partial area ratio:    0.12
      Required ratio:    3.00 (Gate area) 
      Cumulative area ratio:    0.12
      Required ratio:    0.00 (Cumulative area) 

    Layer: met1
      Partial area ratio:    3.49
      Required ratio:    0.00 (Gate area) 
      Cumulative area ratio:    3.49
      Required ratio:    0.00 (Cumulative area) 
      Partial area ratio:   15.95
      Required ratio: 3312.80 (Side area) 
      Cumulative area ratio:   15.95
      Required ratio:    0.00 (Cumulative side area) 

    Layer: via
      Partial area ratio:    0.24
      Required ratio:   70.15 (Gate area) 
      Cumulative area ratio:    0.36
      Required ratio:    0.00 (Cumulative area) 

    Layer: met2
      Partial area ratio:    0.91
      Required ratio:    0.00 (Gate area) 
      Cumulative area ratio:    4.40
      Required ratio:    0.00 (Cumulative area) 
      Partial area ratio:    3.80
      Required ratio: 3312.80 (Side area) 
      Cumulative area ratio:   19.76
      Required ratio:    0.00 (Cumulative side area) 

    Layer: via2
      Partial area ratio:    0.11
      Required ratio:   70.15 (Gate area) 
      Cumulative area ratio:    0.46
      Required ratio:    0.00 (Cumulative area) 

    Layer: met3
      Partial area ratio:    0.33
      Required ratio:    0.00 (Gate area) 
      Cumulative area ratio:    4.74
      Required ratio:    0.00 (Cumulative area) 
      Partial area ratio:    3.04
      Required ratio: 3312.80 (Side area) 
      Cumulative area ratio:   22.80
      Required ratio:    0.00 (Cumulative side area) 

    Layer: via3
      Partial area ratio:    0.11
      Required ratio:   70.15 (Gate area) 
      Cumulative area ratio:    0.57
      Required ratio:    0.00 (Cumulative area) 

    Layer: met4
      Partial area ratio:   10.04
      Required ratio:    0.00 (Gate area) 
      Cumulative area ratio:   14.78
      Required ratio:    0.00 (Cumulative area) 
      Partial area ratio:   53.73
      Required ratio: 3312.80 (Side area) 
      Cumulative area ratio:   76.53
      Required ratio:    0.00 (Cumulative side area) 


  Pin:   _27301_/B1 (sky130_fd_sc_hd__a21oi_2)
    Layer: mcon
      Partial area ratio:    0.06
      Required ratio:    3.00 (Gate area) 
      Cumulative area ratio:    0.06
      Required ratio:    0.00 (Cumulative area) 

    Layer: met1
      Partial area ratio:    1.32
      Required ratio:    0.00 (Gate area) 
      Cumulative area ratio:    1.32
      Required ratio:    0.00 (Cumulative area) 
      Partial area ratio:    6.20
      Required ratio:  400.00 (Side area) 
      Cumulative area ratio:    6.20
      Required ratio:    0.00 (Cumulative side area) 

    Layer: via
      Partial area ratio:    0.09
      Required ratio:    6.00 (Gate area) 
      Cumulative area ratio:    0.15
      Required ratio:    0.00 (Cumulative area) 

    Layer: met2
      Partial area ratio:   12.59
      Required ratio:    0.00 (Gate area) 
      Cumulative area ratio:   13.91
      Required ratio:    0.00 (Cumulative area) 
      Partial area ratio:   62.47
      Required ratio:  400.00 (Side area) 
      Cumulative area ratio:   68.67
      Required ratio:    0.00 (Cumulative side area) 

    Layer: via2
      Partial area ratio:    0.02
      Required ratio:    6.00 (Gate area) 
      Cumulative area ratio:    0.17
      Required ratio:    0.00 (Cumulative area) 

    Layer: met3
      Partial area ratio:    6.94
      Required ratio:    0.00 (Gate area) 
      Cumulative area ratio:   20.85
      Required ratio:    0.00 (Cumulative area) 
      Partial area ratio:   37.23
      Required ratio:  400.00 (Side area) 
      Cumulative area ratio:  105.90
      Required ratio:    0.00 (Cumulative side area) 

    Layer: via3
      Partial area ratio:    0.02
      Required ratio:    6.00 (Gate area) 
      Cumulative area ratio:    0.19
      Required ratio:    0.00 (Cumulative area) 

    Layer: met4
      Partial area ratio:   10.04
      Required ratio:    0.00 (Gate area) 
      Cumulative area ratio:   30.89
      Required ratio:    0.00 (Cumulative area) 
      Partial area ratio:   53.73
      Required ratio: 3312.80 (Side area) 
      Cumulative area ratio:  159.64
      Required ratio:    0.00 (Cumulative side area) 


  Pin:   _28078_/A (sky130_fd_sc_hd__nor2_1)
    Layer: mcon
      Partial area ratio:    0.12
      Required ratio:    3.00 (Gate area) 
      Cumulative area ratio:    0.12
      Required ratio:    0.00 (Cumulative area) 

    Layer: met1
      Partial area ratio:   31.87
      Required ratio:    0.00 (Gate area) 
      Cumulative area ratio:   31.87
      Required ratio:    0.00 (Cumulative area) 
      Partial area ratio:  158.14
      Required ratio:  400.00 (Side area) 
      Cumulative area ratio:  158.14
      Required ratio:    0.00 (Cumulative side area) 

    Layer: via
      Partial area ratio:    0.27
      Required ratio:    6.00 (Gate area) 
      Cumulative area ratio:    0.39
      Required ratio:    0.00 (Cumulative area) 

    Layer: met2
      Partial area ratio:   12.59
      Required ratio:    0.00 (Gate area) 
      Cumulative area ratio:   44.46
      Required ratio:    0.00 (Cumulative area) 
      Partial area ratio:   62.47
      Required ratio:  400.00 (Side area) 
      Cumulative area ratio:  220.61
      Required ratio:    0.00 (Cumulative side area) 

    Layer: via2
      Partial area ratio:    0.02
      Required ratio:    6.00 (Gate area) 
      Cumulative area ratio:    0.41
      Required ratio:    0.00 (Cumulative area) 

    Layer: met3
      Partial area ratio:    6.94
      Required ratio:    0.00 (Gate area) 
      Cumulative area ratio:   51.40
      Required ratio:    0.00 (Cumulative area) 
      Partial area ratio:   37.23
      Required ratio:  400.00 (Side area) 
      Cumulative area ratio:  257.84
      Required ratio:    0.00 (Cumulative side area) 

    Layer: via3
      Partial area ratio:    0.02
      Required ratio:    6.00 (Gate area) 
      Cumulative area ratio:    0.43
      Required ratio:    0.00 (Cumulative area) 

    Layer: met4
      Partial area ratio:   10.04
      Required ratio:    0.00 (Gate area) 
      Cumulative area ratio:   61.44
      Required ratio:    0.00 (Cumulative area) 
      Partial area ratio:   53.73
      Required ratio: 3312.80 (Side area) 
      Cumulative area ratio:  311.58
      Required ratio:    0.00 (Cumulative side area) 


  Pin:   _29960_/A (sky130_fd_sc_hd__or2_1)
    Layer: mcon
      Partial area ratio:    0.23
      Required ratio:    3.00 (Gate area) 
      Cumulative area ratio:    0.23
      Required ratio:    0.00 (Cumulative area) 

    Layer: met1
      Partial area ratio:    7.07
      Required ratio:    0.00 (Gate area) 
      Cumulative area ratio:    7.07
      Required ratio:    0.00 (Cumulative area) 
      Partial area ratio:   34.12
      Required ratio:  400.00 (Side area) 
      Cumulative area ratio:   34.12
      Required ratio:    0.00 (Cumulative side area) 

    Layer: via
      Partial area ratio:    0.24
      Required ratio:    6.00 (Gate area) 
      Cumulative area ratio:    0.47
      Required ratio:    0.00 (Cumulative area) 

    Layer: met2
      Partial area ratio:   12.59
      Required ratio:    0.00 (Gate area) 
      Cumulative area ratio:   19.67
      Required ratio:    0.00 (Cumulative area) 
      Partial area ratio:   62.47
      Required ratio:  400.00 (Side area) 
      Cumulative area ratio:   96.59
      Required ratio:    0.00 (Cumulative side area) 

    Layer: via2
      Partial area ratio:    0.02
      Required ratio:    6.00 (Gate area) 
      Cumulative area ratio:    0.49
      Required ratio:    0.00 (Cumulative area) 

    Layer: met3
      Partial area ratio:    6.94
      Required ratio:    0.00 (Gate area) 
      Cumulative area ratio:   26.61
      Required ratio:    0.00 (Cumulative area) 
      Partial area ratio:   37.23
      Required ratio:  400.00 (Side area) 
      Cumulative area ratio:  133.82
      Required ratio:    0.00 (Cumulative side area) 

    Layer: via3
      Partial area ratio:    0.02
      Required ratio:    6.00 (Gate area) 
      Cumulative area ratio:    0.51
      Required ratio:    0.00 (Cumulative area) 

    Layer: met4
      Partial area ratio:   10.04
      Required ratio:    0.00 (Gate area) 
      Cumulative area ratio:   36.65
      Required ratio:    0.00 (Cumulative area) 
      Partial area ratio:   53.73
      Required ratio: 3312.80 (Side area) 
      Cumulative area ratio:  187.55
      Required ratio:    0.00 (Cumulative side area) 


  Pin:   _29961_/A (sky130_fd_sc_hd__nand2_1)
    Layer: mcon
      Partial area ratio:    0.12
      Required ratio:    3.00 (Gate area) 
      Cumulative area ratio:    0.12
      Required ratio:    0.00 (Cumulative area) 

    Layer: met1
      Partial area ratio:    7.07
      Required ratio:    0.00 (Gate area) 
      Cumulative area ratio:    7.07
      Required ratio:    0.00 (Cumulative area) 
      Partial area ratio:   34.12
      Required ratio:  400.00 (Side area) 
      Cumulative area ratio:   34.12
      Required ratio:    0.00 (Cumulative side area) 

    Layer: via
      Partial area ratio:    0.24
      Required ratio:    6.00 (Gate area) 
      Cumulative area ratio:    0.36
      Required ratio:    0.00 (Cumulative area) 

    Layer: met2
      Partial area ratio:   12.59
      Required ratio:    0.00 (Gate area) 
      Cumulative area ratio:   19.67
      Required ratio:    0.00 (Cumulative area) 
      Partial area ratio:   62.47
      Required ratio:  400.00 (Side area) 
      Cumulative area ratio:   96.59
      Required ratio:    0.00 (Cumulative side area) 

    Layer: via2
      Partial area ratio:    0.02
      Required ratio:    6.00 (Gate area) 
      Cumulative area ratio:    0.38
      Required ratio:    0.00 (Cumulative area) 

    Layer: met3
      Partial area ratio:    6.94
      Required ratio:    0.00 (Gate area) 
      Cumulative area ratio:   26.61
      Required ratio:    0.00 (Cumulative area) 
      Partial area ratio:   37.23
      Required ratio:  400.00 (Side area) 
      Cumulative area ratio:  133.82
      Required ratio:    0.00 (Cumulative side area) 

    Layer: via3
      Partial area ratio:    0.02
      Required ratio:    6.00 (Gate area) 
      Cumulative area ratio:    0.40
      Required ratio:    0.00 (Cumulative area) 

    Layer: met4
      Partial area ratio:   10.04
      Required ratio:    0.00 (Gate area) 
      Cumulative area ratio:   36.65
      Required ratio:    0.00 (Cumulative area) 
      Partial area ratio:   53.73
      Required ratio: 3312.80 (Side area) 
      Cumulative area ratio:  187.55
      Required ratio:    0.00 (Cumulative side area) 


  Pin:   fanout558/A (sky130_fd_sc_hd__clkbuf_4)
    Layer: mcon
      Partial area ratio:    0.14
      Required ratio:    3.00 (Gate area) 
      Cumulative area ratio:    0.14
      Required ratio:    0.00 (Cumulative area) 

    Layer: met1
      Partial area ratio:    3.64
      Required ratio:    0.00 (Gate area) 
      Cumulative area ratio:    3.64
      Required ratio:    0.00 (Cumulative area) 
      Partial area ratio:   17.34
      Required ratio:  400.00 (Side area) 
      Cumulative area ratio:   17.34
      Required ratio:    0.00 (Cumulative side area) 

    Layer: via
      Partial area ratio:    0.21
      Required ratio:    6.00 (Gate area) 
      Cumulative area ratio:    0.35
      Required ratio:    0.00 (Cumulative area) 

    Layer: met2
      Partial area ratio:    0.88
      Required ratio:    0.00 (Gate area) 
      Cumulative area ratio:    4.52
      Required ratio:    0.00 (Cumulative area) 
      Partial area ratio:    4.04
      Required ratio:  400.00 (Side area) 
      Cumulative area ratio:   21.38
      Required ratio:    0.00 (Cumulative side area) 

    Layer: via2
      Partial area ratio:    0.19
      Required ratio:    6.00 (Gate area) 
      Cumulative area ratio:    0.53
      Required ratio:    0.00 (Cumulative area) 

    Layer: met3
      Partial area ratio:  369.88
      Required ratio:    0.00 (Gate area) 
      Cumulative area ratio:  374.40
      Required ratio:    0.00 (Cumulative area) 
      Partial area ratio: 1974.87
      Required ratio:  400.00 (Side area) (VIOLATED)
      Cumulative area ratio: 1996.25
      Required ratio:    0.00 (Cumulative side area) 

    Layer: via3
      Partial area ratio:    0.19
      Required ratio:    6.00 (Gate area) 
      Cumulative area ratio:    0.72
      Required ratio:    0.00 (Cumulative area) 

    Layer: met4
      Partial area ratio:   10.04
      Required ratio:    0.00 (Gate area) 
      Cumulative area ratio:  384.44
      Required ratio:    0.00 (Cumulative area) 
      Partial area ratio:   53.73
      Required ratio: 3312.80 (Side area) 
      Cumulative area ratio: 2049.98
      Required ratio:    0.00 (Cumulative side area) 



Net: net575
  Pin:   _19565_/A1 (sky130_fd_sc_hd__o21ai_1)
    Layer: mcon
      Partial area ratio:    0.12
      Required ratio:    3.00 (Gate area) 
      Cumulative area ratio:    0.12
      Required ratio:    0.00 (Cumulative area) 

    Layer: met1
      Partial area ratio:   86.99
      Required ratio:    0.00 (Gate area) 
      Cumulative area ratio:   86.99
      Required ratio:    0.00 (Cumulative area) 
      Partial area ratio:  433.62
      Required ratio:  400.00 (Side area) (VIOLATED)
      Cumulative area ratio:  433.62
      Required ratio:    0.00 (Cumulative side area) 

    Layer: via
      Partial area ratio:    0.30
      Required ratio:    6.00 (Gate area) 
      Cumulative area ratio:    0.42
      Required ratio:    0.00 (Cumulative area) 

    Layer: met2
      Partial area ratio:    8.94
      Required ratio:    0.00 (Gate area) 
      Cumulative area ratio:   95.93
      Required ratio:    0.00 (Cumulative area) 
      Partial area ratio:   44.38
      Required ratio: 2918.08 (Side area) 
      Cumulative area ratio:  477.99
      Required ratio:    0.00 (Cumulative side area) 


  Pin:   _19977_/A (sky130_fd_sc_hd__xnor2_1)
    Layer: mcon
      Partial area ratio:    0.06
      Required ratio:    3.00 (Gate area) 
      Cumulative area ratio:    0.06
      Required ratio:    0.00 (Cumulative area) 

    Layer: met1
      Partial area ratio:    4.51
      Required ratio:    0.00 (Gate area) 
      Cumulative area ratio:    4.51
      Required ratio:    0.00 (Cumulative area) 
      Partial area ratio:   21.95
      Required ratio:  400.00 (Side area) 
      Cumulative area ratio:   21.95
      Required ratio:    0.00 (Cumulative side area) 

    Layer: via
      Partial area ratio:    0.14
      Required ratio:    6.00 (Gate area) 
      Cumulative area ratio:    0.19
      Required ratio:    0.00 (Cumulative area) 

    Layer: met2
      Partial area ratio:    8.94
      Required ratio:    0.00 (Gate area) 
      Cumulative area ratio:   13.45
      Required ratio:    0.00 (Cumulative area) 
      Partial area ratio:   44.38
      Required ratio: 2918.08 (Side area) 
      Cumulative area ratio:   66.33
      Required ratio:    0.00 (Cumulative side area) 


  Pin:   _20205_/A (sky130_fd_sc_hd__nand2_1)
    Layer: mcon
      Partial area ratio:    0.12
      Required ratio:    3.00 (Gate area) 
      Cumulative area ratio:    0.12
      Required ratio:    0.00 (Cumulative area) 

    Layer: met1
      Partial area ratio:    3.51
      Required ratio:    0.00 (Gate area) 
      Cumulative area ratio:    3.51
      Required ratio:    0.00 (Cumulative area) 
      Partial area ratio:   16.80
      Required ratio:  400.00 (Side area) 
      Cumulative area ratio:   16.80
      Required ratio:    0.00 (Cumulative side area) 

    Layer: via
      Partial area ratio:    0.14
      Required ratio:    6.00 (Gate area) 
      Cumulative area ratio:    0.25
      Required ratio:    0.00 (Cumulative area) 

    Layer: met2
      Partial area ratio:    8.94
      Required ratio:    0.00 (Gate area) 
      Cumulative area ratio:   12.45
      Required ratio:    0.00 (Cumulative area) 
      Partial area ratio:   44.38
      Required ratio: 2918.08 (Side area) 
      Cumulative area ratio:   61.18
      Required ratio:    0.00 (Cumulative side area) 


  Pin:   _20206_/A (sky130_fd_sc_hd__or2_4)
    Layer: mcon
      Partial area ratio:    0.12
      Required ratio:    3.00 (Gate area) 
      Cumulative area ratio:    0.12
      Required ratio:    0.00 (Cumulative area) 

    Layer: met1
      Partial area ratio:    3.51
      Required ratio:    0.00 (Gate area) 
      Cumulative area ratio:    3.51
      Required ratio:    0.00 (Cumulative area) 
      Partial area ratio:   16.80
      Required ratio:  400.00 (Side area) 
      Cumulative area ratio:   16.80
      Required ratio:    0.00 (Cumulative side area) 

    Layer: via
      Partial area ratio:    0.14
      Required ratio:    6.00 (Gate area) 
      Cumulative area ratio:    0.25
      Required ratio:    0.00 (Cumulative area) 

    Layer: met2
      Partial area ratio:    8.94
      Required ratio:    0.00 (Gate area) 
      Cumulative area ratio:   12.45
      Required ratio:    0.00 (Cumulative area) 
      Partial area ratio:   44.38
      Required ratio: 2918.08 (Side area) 
      Cumulative area ratio:   61.18
      Required ratio:    0.00 (Cumulative side area) 


  Pin:   _21922_/A1 (sky130_fd_sc_hd__o21a_1)
    Layer: mcon
      Partial area ratio:    0.12
      Required ratio:    3.00 (Gate area) 
      Cumulative area ratio:    0.12
      Required ratio:    0.00 (Cumulative area) 

    Layer: met1
      Partial area ratio:    4.31
      Required ratio:    0.00 (Gate area) 
      Cumulative area ratio:    4.31
      Required ratio:    0.00 (Cumulative area) 
      Partial area ratio:   20.08
      Required ratio: 2918.08 (Side area) 
      Cumulative area ratio:   20.08
      Required ratio:    0.00 (Cumulative side area) 

    Layer: via
      Partial area ratio:    0.27
      Required ratio:   34.63 (Gate area) 
      Cumulative area ratio:    0.39
      Required ratio:    0.00 (Cumulative area) 

    Layer: met2
      Partial area ratio:    8.94
      Required ratio:    0.00 (Gate area) 
      Cumulative area ratio:   13.25
      Required ratio:    0.00 (Cumulative area) 
      Partial area ratio:   44.38
      Required ratio: 2918.08 (Side area) 
      Cumulative area ratio:   64.45
      Required ratio:    0.00 (Cumulative side area) 


  Pin:   _22241_/B1 (sky130_fd_sc_hd__a21oi_1)
    Layer: mcon
      Partial area ratio:    0.12
      Required ratio:    3.00 (Gate area) 
      Cumulative area ratio:    0.12
      Required ratio:    0.00 (Cumulative area) 

    Layer: met1
      Partial area ratio:    3.23
      Required ratio:    0.00 (Gate area) 
      Cumulative area ratio:    3.23
      Required ratio:    0.00 (Cumulative area) 
      Partial area ratio:   15.41
      Required ratio:  400.00 (Side area) 
      Cumulative area ratio:   15.41
      Required ratio:    0.00 (Cumulative side area) 

    Layer: via
      Partial area ratio:    0.18
      Required ratio:    6.00 (Gate area) 
      Cumulative area ratio:    0.30
      Required ratio:    0.00 (Cumulative area) 

    Layer: met2
      Partial area ratio:    8.94
      Required ratio:    0.00 (Gate area) 
      Cumulative area ratio:   12.17
      Required ratio:    0.00 (Cumulative area) 
      Partial area ratio:   44.38
      Required ratio: 2918.08 (Side area) 
      Cumulative area ratio:   59.79
      Required ratio:    0.00 (Cumulative side area) 



Net: net634
  Pin:   _24290_/A (sky130_fd_sc_hd__xnor2_1)
    Layer: mcon
      Partial area ratio:    0.06
      Required ratio:    3.00 (Gate area) 
      Cumulative area ratio:    0.06
      Required ratio:    0.00 (Cumulative area) 

    Layer: met1
      Partial area ratio:    0.78
      Required ratio:    0.00 (Gate area) 
      Cumulative area ratio:    0.78
      Required ratio:    0.00 (Cumulative area) 
      Partial area ratio:    3.54
      Required ratio:  400.00 (Side area) 
      Cumulative area ratio:    3.54
      Required ratio:    0.00 (Cumulative side area) 

    Layer: via
      Partial area ratio:    0.09
      Required ratio:    6.00 (Gate area) 
      Cumulative area ratio:    0.15
      Required ratio:    0.00 (Cumulative area) 

    Layer: met2
      Partial area ratio:    0.38
      Required ratio:    0.00 (Gate area) 
      Cumulative area ratio:    1.16
      Required ratio:    0.00 (Cumulative area) 
      Partial area ratio:    1.74
      Required ratio:  400.00 (Side area) 
      Cumulative area ratio:    5.28
      Required ratio:    0.00 (Cumulative side area) 

    Layer: via2
      Partial area ratio:    0.08
      Required ratio:    6.00 (Gate area) 
      Cumulative area ratio:    0.23
      Required ratio:    0.00 (Cumulative area) 

    Layer: met3
      Partial area ratio:   92.51
      Required ratio:    0.00 (Gate area) 
      Cumulative area ratio:   93.67
      Required ratio:    0.00 (Cumulative area) 
      Partial area ratio:  495.26
      Required ratio:  400.00 (Side area) (VIOLATED)
      Cumulative area ratio:  500.54
      Required ratio:    0.00 (Cumulative side area) 

    Layer: via3
      Partial area ratio:    0.16
      Required ratio:    6.00 (Gate area) 
      Cumulative area ratio:    0.39
      Required ratio:    0.00 (Cumulative area) 

    Layer: met4
      Partial area ratio:   21.88
      Required ratio:    0.00 (Gate area) 
      Cumulative area ratio:  115.54
      Required ratio:    0.00 (Cumulative area) 
      Partial area ratio:  117.04
      Required ratio: 3236.16 (Side area) 
      Cumulative area ratio:  617.58
      Required ratio:    0.00 (Cumulative side area) 


  Pin:   _24304_/A1 (sky130_fd_sc_hd__o21bai_1)
    Layer: mcon
      Partial area ratio:    0.12
      Required ratio:    3.00 (Gate area) 
      Cumulative area ratio:    0.12
      Required ratio:    0.00 (Cumulative area) 

    Layer: met1
      Partial area ratio:    2.67
      Required ratio:    0.00 (Gate area) 
      Cumulative area ratio:    2.67
      Required ratio:    0.00 (Cumulative area) 
      Partial area ratio:   12.61
      Required ratio:  400.00 (Side area) 
      Cumulative area ratio:   12.61
      Required ratio:    0.00 (Cumulative side area) 

    Layer: via
      Partial area ratio:    0.18
      Required ratio:    6.00 (Gate area) 
      Cumulative area ratio:    0.30
      Required ratio:    0.00 (Cumulative area) 

    Layer: met2
      Partial area ratio:    0.75
      Required ratio:    0.00 (Gate area) 
      Cumulative area ratio:    3.43
      Required ratio:    0.00 (Cumulative area) 
      Partial area ratio:    3.48
      Required ratio:  400.00 (Side area) 
      Cumulative area ratio:   16.09
      Required ratio:    0.00 (Cumulative side area) 

    Layer: via2
      Partial area ratio:    0.16
      Required ratio:    6.00 (Gate area) 
      Cumulative area ratio:    0.46
      Required ratio:    0.00 (Cumulative area) 

    Layer: met3
      Partial area ratio:    0.50
      Required ratio:    0.00 (Gate area) 
      Cumulative area ratio:    3.93
      Required ratio:    0.00 (Cumulative area) 
      Partial area ratio:    4.59
      Required ratio:  400.00 (Side area) 
      Cumulative area ratio:   20.68
      Required ratio:    0.00 (Cumulative side area) 

    Layer: via3
      Partial area ratio:    0.16
      Required ratio:    6.00 (Gate area) 
      Cumulative area ratio:    0.62
      Required ratio:    0.00 (Cumulative area) 

    Layer: met4
      Partial area ratio:   21.88
      Required ratio:    0.00 (Gate area) 
      Cumulative area ratio:   25.81
      Required ratio:    0.00 (Cumulative area) 
      Partial area ratio:  117.04
      Required ratio: 3236.16 (Side area) 
      Cumulative area ratio:  137.72
      Required ratio:    0.00 (Cumulative side area) 


  Pin:   _24882_/A (sky130_fd_sc_hd__nor2_1)
    Layer: mcon
      Partial area ratio:    0.12
      Required ratio:    3.00 (Gate area) 
      Cumulative area ratio:    0.12
      Required ratio:    0.00 (Cumulative area) 

    Layer: met1
      Partial area ratio:    2.94
      Required ratio:    0.00 (Gate area) 
      Cumulative area ratio:    2.94
      Required ratio:    0.00 (Cumulative area) 
      Partial area ratio:   13.96
      Required ratio:  400.00 (Side area) 
      Cumulative area ratio:   13.96
      Required ratio:    0.00 (Cumulative side area) 

    Layer: via
      Partial area ratio:    0.18
      Required ratio:    6.00 (Gate area) 
      Cumulative area ratio:    0.30
      Required ratio:    0.00 (Cumulative area) 

    Layer: met2
      Partial area ratio:    5.10
      Required ratio:    0.00 (Gate area) 
      Cumulative area ratio:    8.04
      Required ratio:    0.00 (Cumulative area) 
      Partial area ratio:   25.18
      Required ratio:  400.00 (Side area) 
      Cumulative area ratio:   39.14
      Required ratio:    0.00 (Cumulative side area) 

    Layer: via2
      Partial area ratio:    0.03
      Required ratio:    6.00 (Gate area) 
      Cumulative area ratio:    0.33
      Required ratio:    0.00 (Cumulative area) 

    Layer: met3
      Partial area ratio:    0.09
      Required ratio:    0.00 (Gate area) 
      Cumulative area ratio:    8.12
      Required ratio:    0.00 (Cumulative area) 
      Partial area ratio:    0.78
      Required ratio:  400.00 (Side area) 
      Cumulative area ratio:   39.92
      Required ratio:    0.00 (Cumulative side area) 

    Layer: via3
      Partial area ratio:    0.03
      Required ratio:    6.00 (Gate area) 
      Cumulative area ratio:    0.35
      Required ratio:    0.00 (Cumulative area) 

    Layer: met4
      Partial area ratio:   21.88
      Required ratio:    0.00 (Gate area) 
      Cumulative area ratio:   30.00
      Required ratio:    0.00 (Cumulative area) 
      Partial area ratio:  117.04
      Required ratio: 3236.16 (Side area) 
      Cumulative area ratio:  156.97
      Required ratio:    0.00 (Cumulative side area) 


  Pin:   _24888_/B2 (sky130_fd_sc_hd__a2bb2o_1)
    Layer: mcon
      Partial area ratio:    0.23
      Required ratio:    3.00 (Gate area) 
      Cumulative area ratio:    0.23
      Required ratio:    0.00 (Cumulative area) 

    Layer: met1
      Partial area ratio:    3.14
      Required ratio:    0.00 (Gate area) 
      Cumulative area ratio:    3.14
      Required ratio:    0.00 (Cumulative area) 
      Partial area ratio:   14.25
      Required ratio:  400.00 (Side area) 
      Cumulative area ratio:   14.25
      Required ratio:    0.00 (Cumulative side area) 

    Layer: via
      Partial area ratio:    0.36
      Required ratio:    6.00 (Gate area) 
      Cumulative area ratio:    0.59
      Required ratio:    0.00 (Cumulative area) 

    Layer: met2
      Partial area ratio:    1.48
      Required ratio:    0.00 (Gate area) 
      Cumulative area ratio:    4.63
      Required ratio:    0.00 (Cumulative area) 
      Partial area ratio:    6.83
      Required ratio:  400.00 (Side area) 
      Cumulative area ratio:   21.08
      Required ratio:    0.00 (Cumulative side area) 

    Layer: via2
      Partial area ratio:    0.32
      Required ratio:    6.00 (Gate area) 
      Cumulative area ratio:    0.90
      Required ratio:    0.00 (Cumulative area) 

    Layer: met3
      Partial area ratio:    0.99
      Required ratio:    0.00 (Gate area) 
      Cumulative area ratio:    5.62
      Required ratio:    0.00 (Cumulative area) 
      Partial area ratio:    9.02
      Required ratio:  400.00 (Side area) 
      Cumulative area ratio:   30.10
      Required ratio:    0.00 (Cumulative side area) 

    Layer: via3
      Partial area ratio:    0.32
      Required ratio:    6.00 (Gate area) 
      Cumulative area ratio:    1.22
      Required ratio:    0.00 (Cumulative area) 

    Layer: met4
      Partial area ratio:   21.88
      Required ratio:    0.00 (Gate area) 
      Cumulative area ratio:   27.50
      Required ratio:    0.00 (Cumulative area) 
      Partial area ratio:  117.04
      Required ratio: 3236.16 (Side area) 
      Cumulative area ratio:  147.14
      Required ratio:    0.00 (Cumulative side area) 


  Pin:   _25282_/A (sky130_fd_sc_hd__xnor2_2)
    Layer: mcon
      Partial area ratio:    0.03
      Required ratio:    3.00 (Gate area) 
      Cumulative area ratio:    0.03
      Required ratio:    0.00 (Cumulative area) 

    Layer: met1
      Partial area ratio:    9.24
      Required ratio:    0.00 (Gate area) 
      Cumulative area ratio:    9.24
      Required ratio:    0.00 (Cumulative area) 
      Partial area ratio:   45.90
      Required ratio:  400.00 (Side area) 
      Cumulative area ratio:   45.90
      Required ratio:    0.00 (Cumulative side area) 

    Layer: via
      Partial area ratio:    0.07
      Required ratio:    6.00 (Gate area) 
      Cumulative area ratio:    0.10
      Required ratio:    0.00 (Cumulative area) 

    Layer: met2
      Partial area ratio:    5.10
      Required ratio:    0.00 (Gate area) 
      Cumulative area ratio:   14.34
      Required ratio:    0.00 (Cumulative area) 
      Partial area ratio:   25.18
      Required ratio:  400.00 (Side area) 
      Cumulative area ratio:   71.08
      Required ratio:    0.00 (Cumulative side area) 

    Layer: via2
      Partial area ratio:    0.03
      Required ratio:    6.00 (Gate area) 
      Cumulative area ratio:    0.12
      Required ratio:    0.00 (Cumulative area) 

    Layer: met3
      Partial area ratio:    0.09
      Required ratio:    0.00 (Gate area) 
      Cumulative area ratio:   14.42
      Required ratio:    0.00 (Cumulative area) 
      Partial area ratio:    0.78
      Required ratio:  400.00 (Side area) 
      Cumulative area ratio:   71.86
      Required ratio:    0.00 (Cumulative side area) 

    Layer: via3
      Partial area ratio:    0.03
      Required ratio:    6.00 (Gate area) 
      Cumulative area ratio:    0.15
      Required ratio:    0.00 (Cumulative area) 

    Layer: met4
      Partial area ratio:   21.88
      Required ratio:    0.00 (Gate area) 
      Cumulative area ratio:   36.30
      Required ratio:    0.00 (Cumulative area) 
      Partial area ratio:  117.04
      Required ratio: 3236.16 (Side area) 
      Cumulative area ratio:  188.90
      Required ratio:    0.00 (Cumulative side area) 


  Pin:   fanout632/A (sky130_fd_sc_hd__buf_4)
    Layer: mcon
      Partial area ratio:    0.12
      Required ratio:    3.00 (Gate area) 
      Cumulative area ratio:    0.12
      Required ratio:    0.00 (Cumulative area) 

    Layer: met1
      Partial area ratio:    8.61
      Required ratio:    0.00 (Gate area) 
      Cumulative area ratio:    8.61
      Required ratio:    0.00 (Cumulative area) 
      Partial area ratio:   41.57
      Required ratio: 3236.16 (Side area) 
      Cumulative area ratio:   41.57
      Required ratio:    0.00 (Cumulative side area) 

    Layer: via
      Partial area ratio:    0.27
      Required ratio:   63.25 (Gate area) 
      Cumulative area ratio:    0.39
      Required ratio:    0.00 (Cumulative area) 

    Layer: met2
      Partial area ratio:    1.09
      Required ratio:    0.00 (Gate area) 
      Cumulative area ratio:    9.70
      Required ratio:    0.00 (Cumulative area) 
      Partial area ratio:    5.12
      Required ratio: 3236.16 (Side area) 
      Cumulative area ratio:   46.69
      Required ratio:    0.00 (Cumulative side area) 

    Layer: via2
      Partial area ratio:    0.16
      Required ratio:   63.25 (Gate area) 
      Cumulative area ratio:    0.55
      Required ratio:    0.00 (Cumulative area) 

    Layer: met3
      Partial area ratio:    0.50
      Required ratio:    0.00 (Gate area) 
      Cumulative area ratio:   10.20
      Required ratio:    0.00 (Cumulative area) 
      Partial area ratio:    4.59
      Required ratio: 3236.16 (Side area) 
      Cumulative area ratio:   51.28
      Required ratio:    0.00 (Cumulative side area) 

    Layer: via3
      Partial area ratio:    0.16
      Required ratio:   63.25 (Gate area) 
      Cumulative area ratio:    0.71
      Required ratio:    0.00 (Cumulative area) 

    Layer: met4
      Partial area ratio:   21.88
      Required ratio:    0.00 (Gate area) 
      Cumulative area ratio:   32.08
      Required ratio:    0.00 (Cumulative area) 
      Partial area ratio:  117.04
      Required ratio: 3236.16 (Side area) 
      Cumulative area ratio:  168.32
      Required ratio:    0.00 (Cumulative side area) 


  Pin:   fanout633/A (sky130_fd_sc_hd__clkbuf_4)
    Layer: mcon
      Partial area ratio:    0.14
      Required ratio:    3.00 (Gate area) 
      Cumulative area ratio:    0.14
      Required ratio:    0.00 (Cumulative area) 

    Layer: met1
      Partial area ratio:    3.26
      Required ratio:    0.00 (Gate area) 
      Cumulative area ratio:    3.26
      Required ratio:    0.00 (Cumulative area) 
      Partial area ratio:   15.43
      Required ratio:  400.00 (Side area) 
      Cumulative area ratio:   15.43
      Required ratio:    0.00 (Cumulative side area) 

    Layer: via
      Partial area ratio:    0.21
      Required ratio:    6.00 (Gate area) 
      Cumulative area ratio:    0.35
      Required ratio:    0.00 (Cumulative area) 

    Layer: met2
      Partial area ratio:    5.10
      Required ratio:    0.00 (Gate area) 
      Cumulative area ratio:    8.36
      Required ratio:    0.00 (Cumulative area) 
      Partial area ratio:   25.18
      Required ratio:  400.00 (Side area) 
      Cumulative area ratio:   40.61
      Required ratio:    0.00 (Cumulative side area) 

    Layer: via2
      Partial area ratio:    0.03
      Required ratio:    6.00 (Gate area) 
      Cumulative area ratio:    0.37
      Required ratio:    0.00 (Cumulative area) 

    Layer: met3
      Partial area ratio:    0.09
      Required ratio:    0.00 (Gate area) 
      Cumulative area ratio:    8.44
      Required ratio:    0.00 (Cumulative area) 
      Partial area ratio:    0.78
      Required ratio:  400.00 (Side area) 
      Cumulative area ratio:   41.40
      Required ratio:    0.00 (Cumulative side area) 

    Layer: via3
      Partial area ratio:    0.03
      Required ratio:    6.00 (Gate area) 
      Cumulative area ratio:    0.40
      Required ratio:    0.00 (Cumulative area) 

    Layer: met4
      Partial area ratio:   21.88
      Required ratio:    0.00 (Gate area) 
      Cumulative area ratio:   30.32
      Required ratio:    0.00 (Cumulative area) 
      Partial area ratio:  117.04
      Required ratio: 3236.16 (Side area) 
      Cumulative area ratio:  158.44
      Required ratio:    0.00 (Cumulative side area) 



Net: net637
  Pin:   _18807_/A (sky130_fd_sc_hd__xnor2_2)
    Layer: mcon
      Partial area ratio:    0.03
      Required ratio:    3.00 (Gate area) 
      Cumulative area ratio:    0.03
      Required ratio:    0.00 (Cumulative area) 

    Layer: met1
      Partial area ratio:    0.98
      Required ratio:    0.00 (Gate area) 
      Cumulative area ratio:    0.98
      Required ratio:    0.00 (Cumulative area) 
      Partial area ratio:    4.70
      Required ratio:  400.00 (Side area) 
      Cumulative area ratio:    4.70
      Required ratio:    0.00 (Cumulative side area) 

    Layer: via
      Partial area ratio:    0.05
      Required ratio:    6.00 (Gate area) 
      Cumulative area ratio:    0.07
      Required ratio:    0.00 (Cumulative area) 

    Layer: met2
      Partial area ratio:    7.81
      Required ratio:    0.00 (Gate area) 
      Cumulative area ratio:    8.78
      Required ratio:    0.00 (Cumulative area) 
      Partial area ratio:   38.69
      Required ratio: 2956.40 (Side area) 
      Cumulative area ratio:   43.39
      Required ratio:    0.00 (Cumulative side area) 


  Pin:   _18979_/A (sky130_fd_sc_hd__nor2_1)
    Layer: mcon
      Partial area ratio:    0.12
      Required ratio:    3.00 (Gate area) 
      Cumulative area ratio:    0.12
      Required ratio:    0.00 (Cumulative area) 

    Layer: met1
      Partial area ratio:    1.85
      Required ratio:    0.00 (Gate area) 
      Cumulative area ratio:    1.85
      Required ratio:    0.00 (Cumulative area) 
      Partial area ratio:    8.87
      Required ratio:  400.00 (Side area) 
      Cumulative area ratio:    8.87
      Required ratio:    0.00 (Cumulative side area) 

    Layer: via
      Partial area ratio:    0.11
      Required ratio:    6.00 (Gate area) 
      Cumulative area ratio:    0.23
      Required ratio:    0.00 (Cumulative area) 

    Layer: met2
      Partial area ratio:    7.81
      Required ratio:    0.00 (Gate area) 
      Cumulative area ratio:    9.66
      Required ratio:    0.00 (Cumulative area) 
      Partial area ratio:   38.69
      Required ratio: 2956.40 (Side area) 
      Cumulative area ratio:   47.56
      Required ratio:    0.00 (Cumulative side area) 


  Pin:   _18987_/A1_N (sky130_fd_sc_hd__o2bb2a_2)
    Layer: mcon
      Partial area ratio:    0.18
      Required ratio:    3.00 (Gate area) 
      Cumulative area ratio:    0.18
      Required ratio:    0.00 (Cumulative area) 

    Layer: met1
      Partial area ratio:   15.24
      Required ratio:    0.00 (Gate area) 
      Cumulative area ratio:   15.24
      Required ratio:    0.00 (Cumulative area) 
      Partial area ratio:   74.36
      Required ratio:  400.00 (Side area) 
      Cumulative area ratio:   74.36
      Required ratio:    0.00 (Cumulative side area) 

    Layer: via
      Partial area ratio:    0.42
      Required ratio:    6.00 (Gate area) 
      Cumulative area ratio:    0.61
      Required ratio:    0.00 (Cumulative area) 

    Layer: met2
      Partial area ratio:    7.81
      Required ratio:    0.00 (Gate area) 
      Cumulative area ratio:   23.05
      Required ratio:    0.00 (Cumulative area) 
      Partial area ratio:   38.69
      Required ratio: 2956.40 (Side area) 
      Cumulative area ratio:  113.05
      Required ratio:    0.00 (Cumulative side area) 


  Pin:   _19287_/A (sky130_fd_sc_hd__and2_1)
    Layer: mcon
      Partial area ratio:    0.23
      Required ratio:    3.00 (Gate area) 
      Cumulative area ratio:    0.23
      Required ratio:    0.00 (Cumulative area) 

    Layer: met1
      Partial area ratio:    3.35
      Required ratio:    0.00 (Gate area) 
      Cumulative area ratio:    3.35
      Required ratio:    0.00 (Cumulative area) 
      Partial area ratio:   15.29
      Required ratio:  400.00 (Side area) 
      Cumulative area ratio:   15.29
      Required ratio:    0.00 (Cumulative side area) 

    Layer: via
      Partial area ratio:    0.36
      Required ratio:    6.00 (Gate area) 
      Cumulative area ratio:    0.59
      Required ratio:    0.00 (Cumulative area) 

    Layer: met2
      Partial area ratio:    7.81
      Required ratio:    0.00 (Gate area) 
      Cumulative area ratio:   11.16
      Required ratio:    0.00 (Cumulative area) 
      Partial area ratio:   38.69
      Required ratio: 2956.40 (Side area) 
      Cumulative area ratio:   53.98
      Required ratio:    0.00 (Cumulative side area) 


  Pin:   _19288_/A (sky130_fd_sc_hd__nor2_1)
    Layer: mcon
      Partial area ratio:    0.12
      Required ratio:    3.00 (Gate area) 
      Cumulative area ratio:    0.12
      Required ratio:    0.00 (Cumulative area) 

    Layer: met1
      Partial area ratio:    3.47
      Required ratio:    0.00 (Gate area) 
      Cumulative area ratio:    3.47
      Required ratio:    0.00 (Cumulative area) 
      Partial area ratio:   16.62
      Required ratio:  400.00 (Side area) 
      Cumulative area ratio:   16.62
      Required ratio:    0.00 (Cumulative side area) 

    Layer: via
      Partial area ratio:    0.18
      Required ratio:    6.00 (Gate area) 
      Cumulative area ratio:    0.30
      Required ratio:    0.00 (Cumulative area) 

    Layer: met2
      Partial area ratio:    7.81
      Required ratio:    0.00 (Gate area) 
      Cumulative area ratio:   11.28
      Required ratio:    0.00 (Cumulative area) 
      Partial area ratio:   38.69
      Required ratio: 2956.40 (Side area) 
      Cumulative area ratio:   55.31
      Required ratio:    0.00 (Cumulative side area) 


  Pin:   _19691_/B1 (sky130_fd_sc_hd__a21oi_1)
    Layer: mcon
      Partial area ratio:    0.12
      Required ratio:    3.00 (Gate area) 
      Cumulative area ratio:    0.12
      Required ratio:    0.00 (Cumulative area) 

    Layer: met1
      Partial area ratio:    4.87
      Required ratio:    0.00 (Gate area) 
      Cumulative area ratio:    4.87
      Required ratio:    0.00 (Cumulative area) 
      Partial area ratio:   22.68
      Required ratio: 2956.40 (Side area) 
      Cumulative area ratio:   22.68
      Required ratio:    0.00 (Cumulative side area) 

    Layer: via
      Partial area ratio:    0.24
      Required ratio:   38.08 (Gate area) 
      Cumulative area ratio:    0.36
      Required ratio:    0.00 (Cumulative area) 

    Layer: met2
      Partial area ratio:    7.81
      Required ratio:    0.00 (Gate area) 
      Cumulative area ratio:   12.67
      Required ratio:    0.00 (Cumulative area) 
      Partial area ratio:   38.69
      Required ratio: 2956.40 (Side area) 
      Cumulative area ratio:   61.37
      Required ratio:    0.00 (Cumulative side area) 


  Pin:   _19692_/A (sky130_fd_sc_hd__and3_1)
    Layer: mcon
      Partial area ratio:    0.23
      Required ratio:    3.00 (Gate area) 
      Cumulative area ratio:    0.23
      Required ratio:    0.00 (Cumulative area) 

    Layer: met1
      Partial area ratio:    4.87
      Required ratio:    0.00 (Gate area) 
      Cumulative area ratio:    4.87
      Required ratio:    0.00 (Cumulative area) 
      Partial area ratio:   22.68
      Required ratio: 2956.40 (Side area) 
      Cumulative area ratio:   22.68
      Required ratio:    0.00 (Cumulative side area) 

    Layer: via
      Partial area ratio:    0.24
      Required ratio:   38.08 (Gate area) 
      Cumulative area ratio:    0.47
      Required ratio:    0.00 (Cumulative area) 

    Layer: met2
      Partial area ratio:    7.81
      Required ratio:    0.00 (Gate area) 
      Cumulative area ratio:   12.67
      Required ratio:    0.00 (Cumulative area) 
      Partial area ratio:   38.69
      Required ratio: 2956.40 (Side area) 
      Cumulative area ratio:   61.37
      Required ratio:    0.00 (Cumulative side area) 


  Pin:   _22854_/B1 (sky130_fd_sc_hd__a21oi_1)
    Layer: mcon
      Partial area ratio:    0.12
      Required ratio:    3.00 (Gate area) 
      Cumulative area ratio:    0.12
      Required ratio:    0.00 (Cumulative area) 

    Layer: met1
      Partial area ratio:   15.03
      Required ratio:    0.00 (Gate area) 
      Cumulative area ratio:   15.03
      Required ratio:    0.00 (Cumulative area) 
      Partial area ratio:   74.38
      Required ratio:  400.00 (Side area) 
      Cumulative area ratio:   74.38
      Required ratio:    0.00 (Cumulative side area) 

    Layer: via
      Partial area ratio:    0.18
      Required ratio:    6.00 (Gate area) 
      Cumulative area ratio:    0.30
      Required ratio:    0.00 (Cumulative area) 

    Layer: met2
      Partial area ratio:    7.81
      Required ratio:    0.00 (Gate area) 
      Cumulative area ratio:   22.83
      Required ratio:    0.00 (Cumulative area) 
      Partial area ratio:   38.69
      Required ratio: 2956.40 (Side area) 
      Cumulative area ratio:  113.07
      Required ratio:    0.00 (Cumulative side area) 


  Pin:   fanout636/A (sky130_fd_sc_hd__buf_4)
    Layer: mcon
      Partial area ratio:    0.12
      Required ratio:    3.00 (Gate area) 
      Cumulative area ratio:    0.12
      Required ratio:    0.00 (Cumulative area) 

    Layer: met1
      Partial area ratio:   87.33
      Required ratio:    0.00 (Gate area) 
      Cumulative area ratio:   87.33
      Required ratio:    0.00 (Cumulative area) 
      Partial area ratio:  435.44
      Required ratio:  400.00 (Side area) (VIOLATED)
      Cumulative area ratio:  435.44
      Required ratio:    0.00 (Cumulative side area) 

    Layer: via
      Partial area ratio:    0.27
      Required ratio:    6.00 (Gate area) 
      Cumulative area ratio:    0.39
      Required ratio:    0.00 (Cumulative area) 

    Layer: met2
      Partial area ratio:    7.81
      Required ratio:    0.00 (Gate area) 
      Cumulative area ratio:   95.13
      Required ratio:    0.00 (Cumulative area) 
      Partial area ratio:   38.69
      Required ratio: 2956.40 (Side area) 
      Cumulative area ratio:  474.13
      Required ratio:    0.00 (Cumulative side area) 



Net: net640
  Pin:   _20096_/A (sky130_fd_sc_hd__or2_1)
    Layer: mcon
      Partial area ratio:    0.23
      Required ratio:    3.00 (Gate area) 
      Cumulative area ratio:    0.23
      Required ratio:    0.00 (Cumulative area) 

    Layer: met1
      Partial area ratio:    3.00
      Required ratio:    0.00 (Gate area) 
      Cumulative area ratio:    3.00
      Required ratio:    0.00 (Cumulative area) 
      Partial area ratio:   14.03
      Required ratio:  400.00 (Side area) 
      Cumulative area ratio:   14.03
      Required ratio:    0.00 (Cumulative side area) 

    Layer: via
      Partial area ratio:    0.18
      Required ratio:    6.00 (Gate area) 
      Cumulative area ratio:    0.41
      Required ratio:    0.00 (Cumulative area) 

    Layer: met2
      Partial area ratio:    0.72
      Required ratio:    0.00 (Gate area) 
      Cumulative area ratio:    3.72
      Required ratio:    0.00 (Cumulative area) 
      Partial area ratio:    3.39
      Required ratio:  400.00 (Side area) 
      Cumulative area ratio:   17.42
      Required ratio:    0.00 (Cumulative side area) 

    Layer: via2
      Partial area ratio:    0.11
      Required ratio:    6.00 (Gate area) 
      Cumulative area ratio:    0.52
      Required ratio:    0.00 (Cumulative area) 

    Layer: met3
      Partial area ratio:   89.03
      Required ratio:    0.00 (Gate area) 
      Cumulative area ratio:   92.75
      Required ratio:    0.00 (Cumulative area) 
      Partial area ratio:  476.06
      Required ratio:  400.00 (Side area) (VIOLATED)
      Cumulative area ratio:  493.48
      Required ratio:    0.00 (Cumulative side area) 

    Layer: via3
      Partial area ratio:    0.21
      Required ratio:    6.00 (Gate area) 
      Cumulative area ratio:    0.73
      Required ratio:    0.00 (Cumulative area) 

    Layer: met4
      Partial area ratio:   37.38
      Required ratio:    0.00 (Gate area) 
      Cumulative area ratio:  130.13
      Required ratio:    0.00 (Cumulative area) 
      Partial area ratio:  199.91
      Required ratio: 2956.40 (Side area) 
      Cumulative area ratio:  693.39
      Required ratio:    0.00 (Cumulative side area) 


  Pin:   _20120_/A (sky130_fd_sc_hd__nand2_1)
    Layer: mcon
      Partial area ratio:    0.12
      Required ratio:    3.00 (Gate area) 
      Cumulative area ratio:    0.12
      Required ratio:    0.00 (Cumulative area) 

    Layer: met1
      Partial area ratio:    3.00
      Required ratio:    0.00 (Gate area) 
      Cumulative area ratio:    3.00
      Required ratio:    0.00 (Cumulative area) 
      Partial area ratio:   14.03
      Required ratio:  400.00 (Side area) 
      Cumulative area ratio:   14.03
      Required ratio:    0.00 (Cumulative side area) 

    Layer: via
      Partial area ratio:    0.18
      Required ratio:    6.00 (Gate area) 
      Cumulative area ratio:    0.30
      Required ratio:    0.00 (Cumulative area) 

    Layer: met2
      Partial area ratio:    0.72
      Required ratio:    0.00 (Gate area) 
      Cumulative area ratio:    3.72
      Required ratio:    0.00 (Cumulative area) 
      Partial area ratio:    3.39
      Required ratio:  400.00 (Side area) 
      Cumulative area ratio:   17.42
      Required ratio:    0.00 (Cumulative side area) 

    Layer: via2
      Partial area ratio:    0.11
      Required ratio:    6.00 (Gate area) 
      Cumulative area ratio:    0.40
      Required ratio:    0.00 (Cumulative area) 

    Layer: met3
      Partial area ratio:   89.03
      Required ratio:    0.00 (Gate area) 
      Cumulative area ratio:   92.75
      Required ratio:    0.00 (Cumulative area) 
      Partial area ratio:  476.06
      Required ratio:  400.00 (Side area) (VIOLATED)
      Cumulative area ratio:  493.48
      Required ratio:    0.00 (Cumulative side area) 

    Layer: via3
      Partial area ratio:    0.21
      Required ratio:    6.00 (Gate area) 
      Cumulative area ratio:    0.62
      Required ratio:    0.00 (Cumulative area) 

    Layer: met4
      Partial area ratio:   37.38
      Required ratio:    0.00 (Gate area) 
      Cumulative area ratio:  130.13
      Required ratio:    0.00 (Cumulative area) 
      Partial area ratio:  199.91
      Required ratio: 2956.40 (Side area) 
      Cumulative area ratio:  693.39
      Required ratio:    0.00 (Cumulative side area) 


  Pin:   _20656_/B1 (sky130_fd_sc_hd__a21o_1)
    Layer: mcon
      Partial area ratio:    0.12
      Required ratio:    3.00 (Gate area) 
      Cumulative area ratio:    0.12
      Required ratio:    0.00 (Cumulative area) 

    Layer: met1
      Partial area ratio:    4.22
      Required ratio:    0.00 (Gate area) 
      Cumulative area ratio:    4.22
      Required ratio:    0.00 (Cumulative area) 
      Partial area ratio:   19.99
      Required ratio:  400.00 (Side area) 
      Cumulative area ratio:   19.99
      Required ratio:    0.00 (Cumulative side area) 

    Layer: via
      Partial area ratio:    0.22
      Required ratio:    6.00 (Gate area) 
      Cumulative area ratio:    0.34
      Required ratio:    0.00 (Cumulative area) 

    Layer: met2
      Partial area ratio:    1.60
      Required ratio:    0.00 (Gate area) 
      Cumulative area ratio:    5.82
      Required ratio:    0.00 (Cumulative area) 
      Partial area ratio:    7.66
      Required ratio:  400.00 (Side area) 
      Cumulative area ratio:   27.65
      Required ratio:    0.00 (Cumulative side area) 

    Layer: via2
      Partial area ratio:    0.05
      Required ratio:    6.00 (Gate area) 
      Cumulative area ratio:    0.38
      Required ratio:    0.00 (Cumulative area) 

    Layer: met3
      Partial area ratio:    0.14
      Required ratio:    0.00 (Gate area) 
      Cumulative area ratio:    5.96
      Required ratio:    0.00 (Cumulative area) 
      Partial area ratio:    1.31
      Required ratio:  400.00 (Side area) 
      Cumulative area ratio:   28.96
      Required ratio:    0.00 (Cumulative side area) 

    Layer: via3
      Partial area ratio:    0.05
      Required ratio:    6.00 (Gate area) 
      Cumulative area ratio:    0.43
      Required ratio:    0.00 (Cumulative area) 

    Layer: met4
      Partial area ratio:   37.38
      Required ratio:    0.00 (Gate area) 
      Cumulative area ratio:   43.34
      Required ratio:    0.00 (Cumulative area) 
      Partial area ratio:  199.91
      Required ratio: 2956.40 (Side area) 
      Cumulative area ratio:  228.87
      Required ratio:    0.00 (Cumulative side area) 


  Pin:   _20657_/A (sky130_fd_sc_hd__and3_1)
    Layer: mcon
      Partial area ratio:    0.23
      Required ratio:    3.00 (Gate area) 
      Cumulative area ratio:    0.23
      Required ratio:    0.00 (Cumulative area) 

    Layer: met1
      Partial area ratio:    4.22
      Required ratio:    0.00 (Gate area) 
      Cumulative area ratio:    4.22
      Required ratio:    0.00 (Cumulative area) 
      Partial area ratio:   19.99
      Required ratio:  400.00 (Side area) 
      Cumulative area ratio:   19.99
      Required ratio:    0.00 (Cumulative side area) 

    Layer: via
      Partial area ratio:    0.22
      Required ratio:    6.00 (Gate area) 
      Cumulative area ratio:    0.45
      Required ratio:    0.00 (Cumulative area) 

    Layer: met2
      Partial area ratio:    1.60
      Required ratio:    0.00 (Gate area) 
      Cumulative area ratio:    5.82
      Required ratio:    0.00 (Cumulative area) 
      Partial area ratio:    7.66
      Required ratio:  400.00 (Side area) 
      Cumulative area ratio:   27.65
      Required ratio:    0.00 (Cumulative side area) 

    Layer: via2
      Partial area ratio:    0.05
      Required ratio:    6.00 (Gate area) 
      Cumulative area ratio:    0.50
      Required ratio:    0.00 (Cumulative area) 

    Layer: met3
      Partial area ratio:    0.14
      Required ratio:    0.00 (Gate area) 
      Cumulative area ratio:    5.96
      Required ratio:    0.00 (Cumulative area) 
      Partial area ratio:    1.31
      Required ratio:  400.00 (Side area) 
      Cumulative area ratio:   28.96
      Required ratio:    0.00 (Cumulative side area) 

    Layer: via3
      Partial area ratio:    0.05
      Required ratio:    6.00 (Gate area) 
      Cumulative area ratio:    0.54
      Required ratio:    0.00 (Cumulative area) 

    Layer: met4
      Partial area ratio:   37.38
      Required ratio:    0.00 (Gate area) 
      Cumulative area ratio:   43.34
      Required ratio:    0.00 (Cumulative area) 
      Partial area ratio:  199.91
      Required ratio: 2956.40 (Side area) 
      Cumulative area ratio:  228.87
      Required ratio:    0.00 (Cumulative side area) 


  Pin:   _20658_/A (sky130_fd_sc_hd__xnor2_1)
    Layer: mcon
      Partial area ratio:    0.06
      Required ratio:    3.00 (Gate area) 
      Cumulative area ratio:    0.06
      Required ratio:    0.00 (Cumulative area) 

    Layer: met1
      Partial area ratio:    1.25
      Required ratio:    0.00 (Gate area) 
      Cumulative area ratio:    1.25
      Required ratio:    0.00 (Cumulative area) 
      Partial area ratio:    5.86
      Required ratio:  400.00 (Side area) 
      Cumulative area ratio:    5.86
      Required ratio:    0.00 (Cumulative side area) 

    Layer: via
      Partial area ratio:    0.09
      Required ratio:    6.00 (Gate area) 
      Cumulative area ratio:    0.15
      Required ratio:    0.00 (Cumulative area) 

    Layer: met2
      Partial area ratio:    1.60
      Required ratio:    0.00 (Gate area) 
      Cumulative area ratio:    2.85
      Required ratio:    0.00 (Cumulative area) 
      Partial area ratio:    7.66
      Required ratio:  400.00 (Side area) 
      Cumulative area ratio:   13.52
      Required ratio:    0.00 (Cumulative side area) 

    Layer: via2
      Partial area ratio:    0.05
      Required ratio:    6.00 (Gate area) 
      Cumulative area ratio:    0.20
      Required ratio:    0.00 (Cumulative area) 

    Layer: met3
      Partial area ratio:    0.14
      Required ratio:    0.00 (Gate area) 
      Cumulative area ratio:    2.99
      Required ratio:    0.00 (Cumulative area) 
      Partial area ratio:    1.31
      Required ratio:  400.00 (Side area) 
      Cumulative area ratio:   14.83
      Required ratio:    0.00 (Cumulative side area) 

    Layer: via3
      Partial area ratio:    0.05
      Required ratio:    6.00 (Gate area) 
      Cumulative area ratio:    0.24
      Required ratio:    0.00 (Cumulative area) 

    Layer: met4
      Partial area ratio:   37.38
      Required ratio:    0.00 (Gate area) 
      Cumulative area ratio:   40.37
      Required ratio:    0.00 (Cumulative area) 
      Partial area ratio:  199.91
      Required ratio: 2956.40 (Side area) 
      Cumulative area ratio:  214.74
      Required ratio:    0.00 (Cumulative side area) 


  Pin:   fanout638/A (sky130_fd_sc_hd__clkbuf_4)
    Layer: mcon
      Partial area ratio:    0.14
      Required ratio:    3.00 (Gate area) 
      Cumulative area ratio:    0.14
      Required ratio:    0.00 (Cumulative area) 

    Layer: met1
      Partial area ratio:    3.36
      Required ratio:    0.00 (Gate area) 
      Cumulative area ratio:    3.36
      Required ratio:    0.00 (Cumulative area) 
      Partial area ratio:   14.69
      Required ratio: 2956.40 (Side area) 
      Cumulative area ratio:   14.69
      Required ratio:    0.00 (Cumulative side area) 

    Layer: via
      Partial area ratio:    0.32
      Required ratio:   38.08 (Gate area) 
      Cumulative area ratio:    0.45
      Required ratio:    0.00 (Cumulative area) 

    Layer: met2
      Partial area ratio:   24.08
      Required ratio:    0.00 (Gate area) 
      Cumulative area ratio:   27.43
      Required ratio:    0.00 (Cumulative area) 
      Partial area ratio:  118.52
      Required ratio: 2956.40 (Side area) 
      Cumulative area ratio:  133.21
      Required ratio:    0.00 (Cumulative side area) 

    Layer: via2
      Partial area ratio:    0.19
      Required ratio:   38.08 (Gate area) 
      Cumulative area ratio:    0.64
      Required ratio:    0.00 (Cumulative area) 

    Layer: met3
      Partial area ratio:   29.74
      Required ratio:    0.00 (Gate area) 
      Cumulative area ratio:   57.17
      Required ratio:    0.00 (Cumulative area) 
      Partial area ratio:  160.79
      Required ratio: 2956.40 (Side area) 
      Cumulative area ratio:  294.00
      Required ratio:    0.00 (Cumulative side area) 

    Layer: via3
      Partial area ratio:    0.19
      Required ratio:   38.08 (Gate area) 
      Cumulative area ratio:    0.83
      Required ratio:    0.00 (Cumulative area) 

    Layer: met4
      Partial area ratio:   37.38
      Required ratio:    0.00 (Gate area) 
      Cumulative area ratio:   94.55
      Required ratio:    0.00 (Cumulative area) 
      Partial area ratio:  199.91
      Required ratio: 2956.40 (Side area) 
      Cumulative area ratio:  493.92
      Required ratio:    0.00 (Cumulative side area) 


  Pin:   fanout639/A (sky130_fd_sc_hd__clkbuf_2)
    Layer: mcon
      Partial area ratio:    0.14
      Required ratio:    3.00 (Gate area) 
      Cumulative area ratio:    0.14
      Required ratio:    0.00 (Cumulative area) 

    Layer: met1
      Partial area ratio:    4.13
      Required ratio:    0.00 (Gate area) 
      Cumulative area ratio:    4.13
      Required ratio:    0.00 (Cumulative area) 
      Partial area ratio:   19.80
      Required ratio:  400.00 (Side area) 
      Cumulative area ratio:   19.80
      Required ratio:    0.00 (Cumulative side area) 

    Layer: via
      Partial area ratio:    0.21
      Required ratio:    6.00 (Gate area) 
      Cumulative area ratio:    0.35
      Required ratio:    0.00 (Cumulative area) 

    Layer: met2
      Partial area ratio:    0.88
      Required ratio:    0.00 (Gate area) 
      Cumulative area ratio:    5.01
      Required ratio:    0.00 (Cumulative area) 
      Partial area ratio:    4.04
      Required ratio:  400.00 (Side area) 
      Cumulative area ratio:   23.84
      Required ratio:    0.00 (Cumulative side area) 

    Layer: via2
      Partial area ratio:    0.19
      Required ratio:    6.00 (Gate area) 
      Cumulative area ratio:    0.53
      Required ratio:    0.00 (Cumulative area) 

    Layer: met3
      Partial area ratio:    0.59
      Required ratio:    0.00 (Gate area) 
      Cumulative area ratio:    5.60
      Required ratio:    0.00 (Cumulative area) 
      Partial area ratio:    5.33
      Required ratio:  400.00 (Side area) 
      Cumulative area ratio:   29.18
      Required ratio:    0.00 (Cumulative side area) 

    Layer: via3
      Partial area ratio:    0.19
      Required ratio:    6.00 (Gate area) 
      Cumulative area ratio:    0.72
      Required ratio:    0.00 (Cumulative area) 

    Layer: met4
      Partial area ratio:   37.38
      Required ratio:    0.00 (Gate area) 
      Cumulative area ratio:   42.98
      Required ratio:    0.00 (Cumulative area) 
      Partial area ratio:  199.91
      Required ratio: 2956.40 (Side area) 
      Cumulative area ratio:  229.09
      Required ratio:    0.00 (Cumulative side area) 



Net: net649
  Pin:   _17652_/A1 (sky130_fd_sc_hd__a21oi_1)
    Layer: mcon
      Partial area ratio:    0.12
      Required ratio:    3.00 (Gate area) 
      Cumulative area ratio:    0.12
      Required ratio:    0.00 (Cumulative area) 

    Layer: met1
      Partial area ratio:    3.86
      Required ratio:    0.00 (Gate area) 
      Cumulative area ratio:    3.86
      Required ratio:    0.00 (Cumulative area) 
      Partial area ratio:   18.55
      Required ratio:  400.00 (Side area) 
      Cumulative area ratio:   18.55
      Required ratio:    0.00 (Cumulative side area) 

    Layer: via
      Partial area ratio:    0.18
      Required ratio:    6.00 (Gate area) 
      Cumulative area ratio:    0.30
      Required ratio:    0.00 (Cumulative area) 

    Layer: met2
      Partial area ratio:    4.54
      Required ratio:    0.00 (Gate area) 
      Cumulative area ratio:    8.40
      Required ratio:    0.00 (Cumulative area) 
      Partial area ratio:   22.27
      Required ratio:  400.00 (Side area) 
      Cumulative area ratio:   40.83
      Required ratio:    0.00 (Cumulative side area) 

    Layer: via2
      Partial area ratio:    0.08
      Required ratio:    6.00 (Gate area) 
      Cumulative area ratio:    0.38
      Required ratio:    0.00 (Cumulative area) 

    Layer: met3
      Partial area ratio:    0.25
      Required ratio:    0.00 (Gate area) 
      Cumulative area ratio:    8.65
      Required ratio:    0.00 (Cumulative area) 
      Partial area ratio:    2.29
      Required ratio:  400.00 (Side area) 
      Cumulative area ratio:   43.12
      Required ratio:    0.00 (Cumulative side area) 

    Layer: via3
      Partial area ratio:    0.08
      Required ratio:    6.00 (Gate area) 
      Cumulative area ratio:    0.46
      Required ratio:    0.00 (Cumulative area) 

    Layer: met4
      Partial area ratio:   61.95
      Required ratio:    0.00 (Gate area) 
      Cumulative area ratio:   70.60
      Required ratio:    0.00 (Cumulative area) 
      Partial area ratio:  331.27
      Required ratio: 2956.40 (Side area) 
      Cumulative area ratio:  374.39
      Required ratio:    0.00 (Cumulative side area) 


  Pin:   _17823_/A (sky130_fd_sc_hd__nor2_1)
    Layer: mcon
      Partial area ratio:    0.12
      Required ratio:    3.00 (Gate area) 
      Cumulative area ratio:    0.12
      Required ratio:    0.00 (Cumulative area) 

    Layer: met1
      Partial area ratio:   10.19
      Required ratio:    0.00 (Gate area) 
      Cumulative area ratio:   10.19
      Required ratio:    0.00 (Cumulative area) 
      Partial area ratio:   50.10
      Required ratio:  400.00 (Side area) 
      Cumulative area ratio:   50.10
      Required ratio:    0.00 (Cumulative side area) 

    Layer: via
      Partial area ratio:    0.20
      Required ratio:    6.00 (Gate area) 
      Cumulative area ratio:    0.32
      Required ratio:    0.00 (Cumulative area) 

    Layer: met2
      Partial area ratio:    4.54
      Required ratio:    0.00 (Gate area) 
      Cumulative area ratio:   14.72
      Required ratio:    0.00 (Cumulative area) 
      Partial area ratio:   22.27
      Required ratio:  400.00 (Side area) 
      Cumulative area ratio:   72.38
      Required ratio:    0.00 (Cumulative side area) 

    Layer: via2
      Partial area ratio:    0.08
      Required ratio:    6.00 (Gate area) 
      Cumulative area ratio:    0.40
      Required ratio:    0.00 (Cumulative area) 

    Layer: met3
      Partial area ratio:    0.25
      Required ratio:    0.00 (Gate area) 
      Cumulative area ratio:   14.98
      Required ratio:    0.00 (Cumulative area) 
      Partial area ratio:    2.29
      Required ratio:  400.00 (Side area) 
      Cumulative area ratio:   74.67
      Required ratio:    0.00 (Cumulative side area) 

    Layer: via3
      Partial area ratio:    0.08
      Required ratio:    6.00 (Gate area) 
      Cumulative area ratio:    0.48
      Required ratio:    0.00 (Cumulative area) 

    Layer: met4
      Partial area ratio:   61.95
      Required ratio:    0.00 (Gate area) 
      Cumulative area ratio:   76.92
      Required ratio:    0.00 (Cumulative area) 
      Partial area ratio:  331.27
      Required ratio: 2956.40 (Side area) 
      Cumulative area ratio:  405.94
      Required ratio:    0.00 (Cumulative side area) 


  Pin:   _22861_/B1 (sky130_fd_sc_hd__a21oi_1)
    Layer: mcon
      Partial area ratio:    0.12
      Required ratio:    3.00 (Gate area) 
      Cumulative area ratio:    0.12
      Required ratio:    0.00 (Cumulative area) 

    Layer: met1
      Partial area ratio:    2.43
      Required ratio:    0.00 (Gate area) 
      Cumulative area ratio:    2.43
      Required ratio:    0.00 (Cumulative area) 
      Partial area ratio:   11.18
      Required ratio:  400.00 (Side area) 
      Cumulative area ratio:   11.18
      Required ratio:    0.00 (Cumulative side area) 

    Layer: via
      Partial area ratio:    0.18
      Required ratio:    6.00 (Gate area) 
      Cumulative area ratio:    0.30
      Required ratio:    0.00 (Cumulative area) 

    Layer: met2
      Partial area ratio:    8.62
      Required ratio:    0.00 (Gate area) 
      Cumulative area ratio:   11.05
      Required ratio:    0.00 (Cumulative area) 
      Partial area ratio:   42.45
      Required ratio:  400.00 (Side area) 
      Cumulative area ratio:   53.63
      Required ratio:    0.00 (Cumulative side area) 

    Layer: via2
      Partial area ratio:    0.21
      Required ratio:    6.00 (Gate area) 
      Cumulative area ratio:    0.51
      Required ratio:    0.00 (Cumulative area) 

    Layer: met3
      Partial area ratio:   50.54
      Required ratio:    0.00 (Gate area) 
      Cumulative area ratio:   61.59
      Required ratio:    0.00 (Cumulative area) 
      Partial area ratio:  272.06
      Required ratio:  400.00 (Side area) 
      Cumulative area ratio:  325.70
      Required ratio:    0.00 (Cumulative side area) 

    Layer: via3
      Partial area ratio:    0.21
      Required ratio:    6.00 (Gate area) 
      Cumulative area ratio:    0.73
      Required ratio:    0.00 (Cumulative area) 

    Layer: met4
      Partial area ratio:   61.95
      Required ratio:    0.00 (Gate area) 
      Cumulative area ratio:  123.54
      Required ratio:    0.00 (Cumulative area) 
      Partial area ratio:  331.27
      Required ratio: 2956.40 (Side area) 
      Cumulative area ratio:  656.96
      Required ratio:    0.00 (Cumulative side area) 


  Pin:   _22863_/A (sky130_fd_sc_hd__and3_1)
    Layer: mcon
      Partial area ratio:    0.23
      Required ratio:    3.00 (Gate area) 
      Cumulative area ratio:    0.23
      Required ratio:    0.00 (Cumulative area) 

    Layer: met1
      Partial area ratio:    2.43
      Required ratio:    0.00 (Gate area) 
      Cumulative area ratio:    2.43
      Required ratio:    0.00 (Cumulative area) 
      Partial area ratio:   11.18
      Required ratio:  400.00 (Side area) 
      Cumulative area ratio:   11.18
      Required ratio:    0.00 (Cumulative side area) 

    Layer: via
      Partial area ratio:    0.18
      Required ratio:    6.00 (Gate area) 
      Cumulative area ratio:    0.41
      Required ratio:    0.00 (Cumulative area) 

    Layer: met2
      Partial area ratio:    8.62
      Required ratio:    0.00 (Gate area) 
      Cumulative area ratio:   11.05
      Required ratio:    0.00 (Cumulative area) 
      Partial area ratio:   42.45
      Required ratio:  400.00 (Side area) 
      Cumulative area ratio:   53.63
      Required ratio:    0.00 (Cumulative side area) 

    Layer: via2
      Partial area ratio:    0.21
      Required ratio:    6.00 (Gate area) 
      Cumulative area ratio:    0.62
      Required ratio:    0.00 (Cumulative area) 

    Layer: met3
      Partial area ratio:   50.54
      Required ratio:    0.00 (Gate area) 
      Cumulative area ratio:   61.59
      Required ratio:    0.00 (Cumulative area) 
      Partial area ratio:  272.06
      Required ratio:  400.00 (Side area) 
      Cumulative area ratio:  325.70
      Required ratio:    0.00 (Cumulative side area) 

    Layer: via3
      Partial area ratio:    0.21
      Required ratio:    6.00 (Gate area) 
      Cumulative area ratio:    0.84
      Required ratio:    0.00 (Cumulative area) 

    Layer: met4
      Partial area ratio:   61.95
      Required ratio:    0.00 (Gate area) 
      Cumulative area ratio:  123.54
      Required ratio:    0.00 (Cumulative area) 
      Partial area ratio:  331.27
      Required ratio: 2956.40 (Side area) 
      Cumulative area ratio:  656.96
      Required ratio:    0.00 (Cumulative side area) 


  Pin:   fanout646/A (sky130_fd_sc_hd__buf_4)
    Layer: mcon
      Partial area ratio:    0.12
      Required ratio:    3.00 (Gate area) 
      Cumulative area ratio:    0.12
      Required ratio:    0.00 (Cumulative area) 

    Layer: met1
      Partial area ratio:    5.18
      Required ratio:    0.00 (Gate area) 
      Cumulative area ratio:    5.18
      Required ratio:    0.00 (Cumulative area) 
      Partial area ratio:   24.45
      Required ratio: 2956.40 (Side area) 
      Cumulative area ratio:   24.45
      Required ratio:    0.00 (Cumulative side area) 

    Layer: via
      Partial area ratio:    0.27
      Required ratio:   38.08 (Gate area) 
      Cumulative area ratio:    0.39
      Required ratio:    0.00 (Cumulative area) 

    Layer: met2
      Partial area ratio:    1.09
      Required ratio:    0.00 (Gate area) 
      Cumulative area ratio:    6.27
      Required ratio:    0.00 (Cumulative area) 
      Partial area ratio:    5.12
      Required ratio: 2956.40 (Side area) 
      Cumulative area ratio:   29.57
      Required ratio:    0.00 (Cumulative side area) 

    Layer: via2
      Partial area ratio:    0.16
      Required ratio:   38.08 (Gate area) 
      Cumulative area ratio:    0.55
      Required ratio:    0.00 (Cumulative area) 

    Layer: met3
      Partial area ratio:   25.63
      Required ratio:    0.00 (Gate area) 
      Cumulative area ratio:   31.90
      Required ratio:    0.00 (Cumulative area) 
      Partial area ratio:  138.54
      Required ratio: 2956.40 (Side area) 
      Cumulative area ratio:  168.11
      Required ratio:    0.00 (Cumulative side area) 

    Layer: via3
      Partial area ratio:    0.32
      Required ratio:   38.08 (Gate area) 
      Cumulative area ratio:    0.87
      Required ratio:    0.00 (Cumulative area) 

    Layer: met4
      Partial area ratio:   61.95
      Required ratio:    0.00 (Gate area) 
      Cumulative area ratio:   93.84
      Required ratio:    0.00 (Cumulative area) 
      Partial area ratio:  331.27
      Required ratio: 2956.40 (Side area) 
      Cumulative area ratio:  499.37
      Required ratio:    0.00 (Cumulative side area) 


  Pin:   fanout647/A (sky130_fd_sc_hd__buf_4)
    Layer: mcon
      Partial area ratio:    0.12
      Required ratio:    3.00 (Gate area) 
      Cumulative area ratio:    0.12
      Required ratio:    0.00 (Cumulative area) 

    Layer: met1
      Partial area ratio:    3.06
      Required ratio:    0.00 (Gate area) 
      Cumulative area ratio:    3.06
      Required ratio:    0.00 (Cumulative area) 
      Partial area ratio:   14.57
      Required ratio:  400.00 (Side area) 
      Cumulative area ratio:   14.57
      Required ratio:    0.00 (Cumulative side area) 

    Layer: via
      Partial area ratio:    0.18
      Required ratio:    6.00 (Gate area) 
      Cumulative area ratio:    0.30
      Required ratio:    0.00 (Cumulative area) 

    Layer: met2
      Partial area ratio:    0.75
      Required ratio:    0.00 (Gate area) 
      Cumulative area ratio:    3.82
      Required ratio:    0.00 (Cumulative area) 
      Partial area ratio:    3.48
      Required ratio:  400.00 (Side area) 
      Cumulative area ratio:   18.04
      Required ratio:    0.00 (Cumulative side area) 

    Layer: via2
      Partial area ratio:    0.16
      Required ratio:    6.00 (Gate area) 
      Cumulative area ratio:    0.46
      Required ratio:    0.00 (Cumulative area) 

    Layer: met3
      Partial area ratio:  125.96
      Required ratio:    0.00 (Gate area) 
      Cumulative area ratio:  129.77
      Required ratio:    0.00 (Cumulative area) 
      Partial area ratio:  673.65
      Required ratio:  400.00 (Side area) (VIOLATED)
      Cumulative area ratio:  691.69
      Required ratio:    0.00 (Cumulative side area) 

    Layer: via3
      Partial area ratio:    0.16
      Required ratio:    6.00 (Gate area) 
      Cumulative area ratio:    0.62
      Required ratio:    0.00 (Cumulative area) 

    Layer: met4
      Partial area ratio:   61.95
      Required ratio:    0.00 (Gate area) 
      Cumulative area ratio:  191.72
      Required ratio:    0.00 (Cumulative area) 
      Partial area ratio:  331.27
      Required ratio: 2956.40 (Side area) 
      Cumulative area ratio: 1022.96
      Required ratio:    0.00 (Cumulative side area) 


  Pin:   fanout648/A (sky130_fd_sc_hd__clkbuf_4)
    Layer: mcon
      Partial area ratio:    0.14
      Required ratio:    3.00 (Gate area) 
      Cumulative area ratio:    0.14
      Required ratio:    0.00 (Cumulative area) 

    Layer: met1
      Partial area ratio:    3.09
      Required ratio:    0.00 (Gate area) 
      Cumulative area ratio:    3.09
      Required ratio:    0.00 (Cumulative area) 
      Partial area ratio:   14.58
      Required ratio:  400.00 (Side area) 
      Cumulative area ratio:   14.58
      Required ratio:    0.00 (Cumulative side area) 

    Layer: via
      Partial area ratio:    0.21
      Required ratio:    6.00 (Gate area) 
      Cumulative area ratio:    0.35
      Required ratio:    0.00 (Cumulative area) 

    Layer: met2
      Partial area ratio:    0.88
      Required ratio:    0.00 (Gate area) 
      Cumulative area ratio:    3.97
      Required ratio:    0.00 (Cumulative area) 
      Partial area ratio:    4.04
      Required ratio:  400.00 (Side area) 
      Cumulative area ratio:   18.62
      Required ratio:    0.00 (Cumulative side area) 

    Layer: via2
      Partial area ratio:    0.19
      Required ratio:    6.00 (Gate area) 
      Cumulative area ratio:    0.53
      Required ratio:    0.00 (Cumulative area) 

    Layer: met3
      Partial area ratio:   20.02
      Required ratio:    0.00 (Gate area) 
      Cumulative area ratio:   23.98
      Required ratio:    0.00 (Cumulative area) 
      Partial area ratio:  108.96
      Required ratio:  400.00 (Side area) 
      Cumulative area ratio:  127.58
      Required ratio:    0.00 (Cumulative side area) 

    Layer: via3
      Partial area ratio:    0.19
      Required ratio:    6.00 (Gate area) 
      Cumulative area ratio:    0.72
      Required ratio:    0.00 (Cumulative area) 

    Layer: met4
      Partial area ratio:   61.95
      Required ratio:    0.00 (Gate area) 
      Cumulative area ratio:   85.93
      Required ratio:    0.00 (Cumulative area) 
      Partial area ratio:  331.27
      Required ratio: 2956.40 (Side area) 
      Cumulative area ratio:  458.84
      Required ratio:    0.00 (Cumulative side area) 



Net: net662
  Pin:   _19344_/A (sky130_fd_sc_hd__and2_4)
    Layer: mcon
      Partial area ratio:    0.12
      Required ratio:    3.00 (Gate area) 
      Cumulative area ratio:    0.12
      Required ratio:    0.00 (Cumulative area) 

    Layer: met1
      Partial area ratio:    3.07
      Required ratio:    0.00 (Gate area) 
      Cumulative area ratio:    3.07
      Required ratio:    0.00 (Cumulative area) 
      Partial area ratio:   14.62
      Required ratio:  400.00 (Side area) 
      Cumulative area ratio:   14.62
      Required ratio:    0.00 (Cumulative side area) 

    Layer: via
      Partial area ratio:    0.18
      Required ratio:    6.00 (Gate area) 
      Cumulative area ratio:    0.30
      Required ratio:    0.00 (Cumulative area) 

    Layer: met2
      Partial area ratio:   21.74
      Required ratio:    0.00 (Gate area) 
      Cumulative area ratio:   24.81
      Required ratio:    0.00 (Cumulative area) 
      Partial area ratio:  108.16
      Required ratio:  400.00 (Side area) 
      Cumulative area ratio:  122.78
      Required ratio:    0.00 (Cumulative side area) 

    Layer: via2
      Partial area ratio:    0.11
      Required ratio:    6.00 (Gate area) 
      Cumulative area ratio:    0.41
      Required ratio:    0.00 (Cumulative area) 

    Layer: met3
      Partial area ratio:    0.33
      Required ratio:    0.00 (Gate area) 
      Cumulative area ratio:   25.15
      Required ratio:    0.00 (Cumulative area) 
      Partial area ratio:    3.04
      Required ratio:  400.00 (Side area) 
      Cumulative area ratio:  125.82
      Required ratio:    0.00 (Cumulative side area) 

    Layer: via3
      Partial area ratio:    0.11
      Required ratio:    6.00 (Gate area) 
      Cumulative area ratio:    0.51
      Required ratio:    0.00 (Cumulative area) 

    Layer: met4
      Partial area ratio:  109.60
      Required ratio:    0.00 (Gate area) 
      Cumulative area ratio:  134.75
      Required ratio:    0.00 (Cumulative area) 
      Partial area ratio:  585.68
      Required ratio: 3312.80 (Side area) 
      Cumulative area ratio:  711.50
      Required ratio:    0.00 (Cumulative side area) 


  Pin:   _19681_/A (sky130_fd_sc_hd__and3_1)
    Layer: mcon
      Partial area ratio:    0.23
      Required ratio:    3.00 (Gate area) 
      Cumulative area ratio:    0.23
      Required ratio:    0.00 (Cumulative area) 

    Layer: met1
      Partial area ratio:  134.68
      Required ratio:    0.00 (Gate area) 
      Cumulative area ratio:  134.68
      Required ratio:    0.00 (Cumulative area) 
      Partial area ratio:  671.07
      Required ratio:  400.00 (Side area) (VIOLATED)
      Cumulative area ratio:  671.07
      Required ratio:    0.00 (Cumulative side area) 

    Layer: via
      Partial area ratio:    0.54
      Required ratio:    6.00 (Gate area) 
      Cumulative area ratio:    0.77
      Required ratio:    0.00 (Cumulative area) 

    Layer: met2
      Partial area ratio:   21.74
      Required ratio:    0.00 (Gate area) 
      Cumulative area ratio:  156.42
      Required ratio:    0.00 (Cumulative area) 
      Partial area ratio:  108.16
      Required ratio:  400.00 (Side area) 
      Cumulative area ratio:  779.22
      Required ratio:    0.00 (Cumulative side area) 

    Layer: via2
      Partial area ratio:    0.11
      Required ratio:    6.00 (Gate area) 
      Cumulative area ratio:    0.87
      Required ratio:    0.00 (Cumulative area) 

    Layer: met3
      Partial area ratio:    0.33
      Required ratio:    0.00 (Gate area) 
      Cumulative area ratio:  156.75
      Required ratio:    0.00 (Cumulative area) 
      Partial area ratio:    3.04
      Required ratio:  400.00 (Side area) 
      Cumulative area ratio:  782.27
      Required ratio:    0.00 (Cumulative side area) 

    Layer: via3
      Partial area ratio:    0.11
      Required ratio:    6.00 (Gate area) 
      Cumulative area ratio:    0.98
      Required ratio:    0.00 (Cumulative area) 

    Layer: met4
      Partial area ratio:  109.60
      Required ratio:    0.00 (Gate area) 
      Cumulative area ratio:  266.36
      Required ratio:    0.00 (Cumulative area) 
      Partial area ratio:  585.68
      Required ratio: 3312.80 (Side area) 
      Cumulative area ratio: 1367.94
      Required ratio:    0.00 (Cumulative side area) 


  Pin:   fanout654/A (sky130_fd_sc_hd__buf_4)
    Layer: mcon
      Partial area ratio:    0.12
      Required ratio:    3.00 (Gate area) 
      Cumulative area ratio:    0.12
      Required ratio:    0.00 (Cumulative area) 

    Layer: met1
      Partial area ratio:    3.64
      Required ratio:    0.00 (Gate area) 
      Cumulative area ratio:    3.64
      Required ratio:    0.00 (Cumulative area) 
      Partial area ratio:   17.45
      Required ratio:  400.00 (Side area) 
      Cumulative area ratio:   17.45
      Required ratio:    0.00 (Cumulative side area) 

    Layer: via
      Partial area ratio:    0.18
      Required ratio:    6.00 (Gate area) 
      Cumulative area ratio:    0.30
      Required ratio:    0.00 (Cumulative area) 

    Layer: met2
      Partial area ratio:   24.52
      Required ratio:    0.00 (Gate area) 
      Cumulative area ratio:   28.16
      Required ratio:    0.00 (Cumulative area) 
      Partial area ratio:  121.23
      Required ratio:  400.00 (Side area) 
      Cumulative area ratio:  138.68
      Required ratio:    0.00 (Cumulative side area) 

    Layer: via2
      Partial area ratio:    0.32
      Required ratio:    6.00 (Gate area) 
      Cumulative area ratio:    0.62
      Required ratio:    0.00 (Cumulative area) 

    Layer: met3
      Partial area ratio:   95.19
      Required ratio:    0.00 (Gate area) 
      Cumulative area ratio:  123.36
      Required ratio:    0.00 (Cumulative area) 
      Partial area ratio:  510.75
      Required ratio: 3312.80 (Side area) 
      Cumulative area ratio:  649.43
      Required ratio:    0.00 (Cumulative side area) 

    Layer: via3
      Partial area ratio:    0.17
      Required ratio:   70.15 (Gate area) 
      Cumulative area ratio:    0.80
      Required ratio:    0.00 (Cumulative area) 

    Layer: met4
      Partial area ratio:  109.60
      Required ratio:    0.00 (Gate area) 
      Cumulative area ratio:  232.96
      Required ratio:    0.00 (Cumulative area) 
      Partial area ratio:  585.68
      Required ratio: 3312.80 (Side area) 
      Cumulative area ratio: 1235.11
      Required ratio:    0.00 (Cumulative side area) 


  Pin:   fanout657/A (sky130_fd_sc_hd__clkbuf_4)
    Layer: mcon
      Partial area ratio:    0.14
      Required ratio:    3.00 (Gate area) 
      Cumulative area ratio:    0.14
      Required ratio:    0.00 (Cumulative area) 

    Layer: met1
      Partial area ratio:    8.44
      Required ratio:    0.00 (Gate area) 
      Cumulative area ratio:    8.44
      Required ratio:    0.00 (Cumulative area) 
      Partial area ratio:   40.00
      Required ratio: 3312.80 (Side area) 
      Cumulative area ratio:   40.00
      Required ratio:    0.00 (Cumulative side area) 

    Layer: via
      Partial area ratio:    0.42
      Required ratio:   70.15 (Gate area) 
      Cumulative area ratio:    0.56
      Required ratio:    0.00 (Cumulative area) 

    Layer: met2
      Partial area ratio:    1.75
      Required ratio:    0.00 (Gate area) 
      Cumulative area ratio:   10.19
      Required ratio:    0.00 (Cumulative area) 
      Partial area ratio:    8.08
      Required ratio: 3312.80 (Side area) 
      Cumulative area ratio:   48.08
      Required ratio:    0.00 (Cumulative side area) 

    Layer: via2
      Partial area ratio:    0.38
      Required ratio:   70.15 (Gate area) 
      Cumulative area ratio:    0.93
      Required ratio:    0.00 (Cumulative area) 

    Layer: met3
      Partial area ratio:   95.19
      Required ratio:    0.00 (Gate area) 
      Cumulative area ratio:  105.39
      Required ratio:    0.00 (Cumulative area) 
      Partial area ratio:  510.75
      Required ratio: 3312.80 (Side area) 
      Cumulative area ratio:  558.83
      Required ratio:    0.00 (Cumulative side area) 

    Layer: via3
      Partial area ratio:    0.17
      Required ratio:   70.15 (Gate area) 
      Cumulative area ratio:    1.11
      Required ratio:    0.00 (Cumulative area) 

    Layer: met4
      Partial area ratio:  109.60
      Required ratio:    0.00 (Gate area) 
      Cumulative area ratio:  214.99
      Required ratio:    0.00 (Cumulative area) 
      Partial area ratio:  585.68
      Required ratio: 3312.80 (Side area) 
      Cumulative area ratio: 1144.51
      Required ratio:    0.00 (Cumulative side area) 


  Pin:   fanout658/A (sky130_fd_sc_hd__clkbuf_4)
    Layer: mcon
      Partial area ratio:    0.14
      Required ratio:    3.00 (Gate area) 
      Cumulative area ratio:    0.14
      Required ratio:    0.00 (Cumulative area) 

    Layer: met1
      Partial area ratio:    4.22
      Required ratio:    0.00 (Gate area) 
      Cumulative area ratio:    4.22
      Required ratio:    0.00 (Cumulative area) 
      Partial area ratio:   20.23
      Required ratio:  400.00 (Side area) 
      Cumulative area ratio:   20.23
      Required ratio:    0.00 (Cumulative side area) 

    Layer: via
      Partial area ratio:    0.21
      Required ratio:    6.00 (Gate area) 
      Cumulative area ratio:    0.35
      Required ratio:    0.00 (Cumulative area) 

    Layer: met2
      Partial area ratio:    0.88
      Required ratio:    0.00 (Gate area) 
      Cumulative area ratio:    5.10
      Required ratio:    0.00 (Cumulative area) 
      Partial area ratio:    4.04
      Required ratio:  400.00 (Side area) 
      Cumulative area ratio:   24.27
      Required ratio:    0.00 (Cumulative side area) 

    Layer: via2
      Partial area ratio:    0.19
      Required ratio:    6.00 (Gate area) 
      Cumulative area ratio:    0.53
      Required ratio:    0.00 (Cumulative area) 

    Layer: met3
      Partial area ratio:   10.34
      Required ratio:    0.00 (Gate area) 
      Cumulative area ratio:   15.44
      Required ratio:    0.00 (Cumulative area) 
      Partial area ratio:   57.31
      Required ratio:  400.00 (Side area) 
      Cumulative area ratio:   81.58
      Required ratio:    0.00 (Cumulative side area) 

    Layer: via3
      Partial area ratio:    0.38
      Required ratio:    6.00 (Gate area) 
      Cumulative area ratio:    0.91
      Required ratio:    0.00 (Cumulative area) 

    Layer: met4
      Partial area ratio:  109.60
      Required ratio:    0.00 (Gate area) 
      Cumulative area ratio:  125.04
      Required ratio:    0.00 (Cumulative area) 
      Partial area ratio:  585.68
      Required ratio: 3312.80 (Side area) 
      Cumulative area ratio:  667.26
      Required ratio:    0.00 (Cumulative side area) 


  Pin:   fanout659/A (sky130_fd_sc_hd__clkbuf_4)
    Layer: mcon
      Partial area ratio:    0.14
      Required ratio:    3.00 (Gate area) 
      Cumulative area ratio:    0.14
      Required ratio:    0.00 (Cumulative area) 

    Layer: met1
      Partial area ratio:    2.29
      Required ratio:    0.00 (Gate area) 
      Cumulative area ratio:    2.29
      Required ratio:    0.00 (Cumulative area) 
      Partial area ratio:   10.57
      Required ratio:  400.00 (Side area) 
      Cumulative area ratio:   10.57
      Required ratio:    0.00 (Cumulative side area) 

    Layer: via
      Partial area ratio:    0.21
      Required ratio:    6.00 (Gate area) 
      Cumulative area ratio:    0.35
      Required ratio:    0.00 (Cumulative area) 

    Layer: met2
      Partial area ratio:   14.65
      Required ratio:    0.00 (Gate area) 
      Cumulative area ratio:   16.93
      Required ratio:    0.00 (Cumulative area) 
      Partial area ratio:   72.38
      Required ratio:  400.00 (Side area) 
      Cumulative area ratio:   82.95
      Required ratio:    0.00 (Cumulative side area) 

    Layer: via2
      Partial area ratio:    0.19
      Required ratio:    6.00 (Gate area) 
      Cumulative area ratio:    0.53
      Required ratio:    0.00 (Cumulative area) 

    Layer: met3
      Partial area ratio:   58.89
      Required ratio:    0.00 (Gate area) 
      Cumulative area ratio:   75.83
      Required ratio:    0.00 (Cumulative area) 
      Partial area ratio:  316.28
      Required ratio:  400.00 (Side area) 
      Cumulative area ratio:  399.23
      Required ratio:    0.00 (Cumulative side area) 

    Layer: via3
      Partial area ratio:    0.19
      Required ratio:    6.00 (Gate area) 
      Cumulative area ratio:    0.72
      Required ratio:    0.00 (Cumulative area) 

    Layer: met4
      Partial area ratio:  109.60
      Required ratio:    0.00 (Gate area) 
      Cumulative area ratio:  185.43
      Required ratio:    0.00 (Cumulative area) 
      Partial area ratio:  585.68
      Required ratio: 3312.80 (Side area) 
      Cumulative area ratio:  984.91
      Required ratio:    0.00 (Cumulative side area) 


  Pin:   fanout660/A (sky130_fd_sc_hd__buf_4)
    Layer: mcon
      Partial area ratio:    0.12
      Required ratio:    3.00 (Gate area) 
      Cumulative area ratio:    0.12
      Required ratio:    0.00 (Cumulative area) 

    Layer: met1
      Partial area ratio:    1.97
      Required ratio:    0.00 (Gate area) 
      Cumulative area ratio:    1.97
      Required ratio:    0.00 (Cumulative area) 
      Partial area ratio:    9.08
      Required ratio:  400.00 (Side area) 
      Cumulative area ratio:    9.08
      Required ratio:    0.00 (Cumulative side area) 

    Layer: via
      Partial area ratio:    0.18
      Required ratio:    6.00 (Gate area) 
      Cumulative area ratio:    0.30
      Required ratio:    0.00 (Cumulative area) 

    Layer: met2
      Partial area ratio:    0.75
      Required ratio:    0.00 (Gate area) 
      Cumulative area ratio:    2.72
      Required ratio:    0.00 (Cumulative area) 
      Partial area ratio:    3.48
      Required ratio:  400.00 (Side area) 
      Cumulative area ratio:   12.56
      Required ratio:    0.00 (Cumulative side area) 

    Layer: via2
      Partial area ratio:    0.16
      Required ratio:    6.00 (Gate area) 
      Cumulative area ratio:    0.46
      Required ratio:    0.00 (Cumulative area) 

    Layer: met3
      Partial area ratio:   42.32
      Required ratio:    0.00 (Gate area) 
      Cumulative area ratio:   45.04
      Required ratio:    0.00 (Cumulative area) 
      Partial area ratio:  227.59
      Required ratio:  400.00 (Side area) 
      Cumulative area ratio:  240.15
      Required ratio:    0.00 (Cumulative side area) 

    Layer: via3
      Partial area ratio:    0.16
      Required ratio:    6.00 (Gate area) 
      Cumulative area ratio:    0.62
      Required ratio:    0.00 (Cumulative area) 

    Layer: met4
      Partial area ratio:  109.60
      Required ratio:    0.00 (Gate area) 
      Cumulative area ratio:  154.64
      Required ratio:    0.00 (Cumulative area) 
      Partial area ratio:  585.68
      Required ratio: 3312.80 (Side area) 
      Cumulative area ratio:  825.82
      Required ratio:    0.00 (Cumulative side area) 


  Pin:   fanout661/A (sky130_fd_sc_hd__buf_2)
    Layer: mcon
      Partial area ratio:    0.18
      Required ratio:    3.00 (Gate area) 
      Cumulative area ratio:    0.18
      Required ratio:    0.00 (Cumulative area) 

    Layer: met1
      Partial area ratio:    4.54
      Required ratio:    0.00 (Gate area) 
      Cumulative area ratio:    4.54
      Required ratio:    0.00 (Cumulative area) 
      Partial area ratio:   21.52
      Required ratio:  400.00 (Side area) 
      Cumulative area ratio:   21.52
      Required ratio:    0.00 (Cumulative side area) 

    Layer: via
      Partial area ratio:    0.28
      Required ratio:    6.00 (Gate area) 
      Cumulative area ratio:    0.46
      Required ratio:    0.00 (Cumulative area) 

    Layer: met2
      Partial area ratio:    1.17
      Required ratio:    0.00 (Gate area) 
      Cumulative area ratio:    5.71
      Required ratio:    0.00 (Cumulative area) 
      Partial area ratio:    5.42
      Required ratio:  400.00 (Side area) 
      Cumulative area ratio:   26.93
      Required ratio:    0.00 (Cumulative side area) 

    Layer: via2
      Partial area ratio:    0.25
      Required ratio:    6.00 (Gate area) 
      Cumulative area ratio:    0.72
      Required ratio:    0.00 (Cumulative area) 

    Layer: met3
      Partial area ratio:    0.79
      Required ratio:    0.00 (Gate area) 
      Cumulative area ratio:    6.50
      Required ratio:    0.00 (Cumulative area) 
      Partial area ratio:    7.14
      Required ratio:  400.00 (Side area) 
      Cumulative area ratio:   34.08
      Required ratio:    0.00 (Cumulative side area) 

    Layer: via3
      Partial area ratio:    0.25
      Required ratio:    6.00 (Gate area) 
      Cumulative area ratio:    0.97
      Required ratio:    0.00 (Cumulative area) 

    Layer: met4
      Partial area ratio:  109.60
      Required ratio:    0.00 (Gate area) 
      Cumulative area ratio:  116.10
      Required ratio:    0.00 (Cumulative area) 
      Partial area ratio:  585.68
      Required ratio: 3312.80 (Side area) 
      Cumulative area ratio:  619.76
      Required ratio:    0.00 (Cumulative side area) 



Net: net669
  Pin:   _24283_/A (sky130_fd_sc_hd__nand2_1)
    Layer: mcon
      Partial area ratio:    0.12
      Required ratio:    3.00 (Gate area) 
      Cumulative area ratio:    0.12
      Required ratio:    0.00 (Cumulative area) 

    Layer: met1
      Partial area ratio:   83.60
      Required ratio:    0.00 (Gate area) 
      Cumulative area ratio:   83.60
      Required ratio:    0.00 (Cumulative area) 
      Partial area ratio:  416.82
      Required ratio:  400.00 (Side area) (VIOLATED)
      Cumulative area ratio:  416.82
      Required ratio:    0.00 (Cumulative side area) 

    Layer: via
      Partial area ratio:    0.27
      Required ratio:    6.00 (Gate area) 
      Cumulative area ratio:    0.39
      Required ratio:    0.00 (Cumulative area) 

    Layer: met2
      Partial area ratio:   20.83
      Required ratio:    0.00 (Gate area) 
      Cumulative area ratio:  104.43
      Required ratio:    0.00 (Cumulative area) 
      Partial area ratio:  103.16
      Required ratio:  400.00 (Side area) 
      Cumulative area ratio:  519.98
      Required ratio:    0.00 (Cumulative side area) 

    Layer: via2
      Partial area ratio:    0.32
      Required ratio:    6.00 (Gate area) 
      Cumulative area ratio:    0.71
      Required ratio:    0.00 (Cumulative area) 

    Layer: met3
      Partial area ratio:   42.82
      Required ratio:    0.00 (Gate area) 
      Cumulative area ratio:  147.25
      Required ratio:    0.00 (Cumulative area) 
      Partial area ratio:  232.18
      Required ratio:  400.00 (Side area) 
      Cumulative area ratio:  752.16
      Required ratio:    0.00 (Cumulative side area) 

    Layer: via3
      Partial area ratio:    0.32
      Required ratio:    6.00 (Gate area) 
      Cumulative area ratio:    1.04
      Required ratio:    0.00 (Cumulative area) 

    Layer: met4
      Partial area ratio:   18.05
      Required ratio:    0.00 (Gate area) 
      Cumulative area ratio:  165.30
      Required ratio:    0.00 (Cumulative area) 
      Partial area ratio:   96.98
      Required ratio: 2918.08 (Side area) 
      Cumulative area ratio:  849.14
      Required ratio:    0.00 (Cumulative side area) 


  Pin:   _24285_/A (sky130_fd_sc_hd__xnor2_1)
    Layer: mcon
      Partial area ratio:    0.06
      Required ratio:    3.00 (Gate area) 
      Cumulative area ratio:    0.06
      Required ratio:    0.00 (Cumulative area) 

    Layer: met1
      Partial area ratio:    1.12
      Required ratio:    0.00 (Gate area) 
      Cumulative area ratio:    1.12
      Required ratio:    0.00 (Cumulative area) 
      Partial area ratio:    5.24
      Required ratio:  400.00 (Side area) 
      Cumulative area ratio:    5.24
      Required ratio:    0.00 (Cumulative side area) 

    Layer: via
      Partial area ratio:    0.09
      Required ratio:    6.00 (Gate area) 
      Cumulative area ratio:    0.15
      Required ratio:    0.00 (Cumulative area) 

    Layer: met2
      Partial area ratio:    9.34
      Required ratio:    0.00 (Gate area) 
      Cumulative area ratio:   10.47
      Required ratio:    0.00 (Cumulative area) 
      Partial area ratio:   46.49
      Required ratio:  400.00 (Side area) 
      Cumulative area ratio:   51.73
      Required ratio:    0.00 (Cumulative side area) 

    Layer: via2
      Partial area ratio:    0.05
      Required ratio:    6.00 (Gate area) 
      Cumulative area ratio:    0.20
      Required ratio:    0.00 (Cumulative area) 

    Layer: met3
      Partial area ratio:    0.14
      Required ratio:    0.00 (Gate area) 
      Cumulative area ratio:   10.61
      Required ratio:    0.00 (Cumulative area) 
      Partial area ratio:    1.31
      Required ratio:  400.00 (Side area) 
      Cumulative area ratio:   53.04
      Required ratio:    0.00 (Cumulative side area) 

    Layer: via3
      Partial area ratio:    0.05
      Required ratio:    6.00 (Gate area) 
      Cumulative area ratio:    0.24
      Required ratio:    0.00 (Cumulative area) 

    Layer: met4
      Partial area ratio:   18.05
      Required ratio:    0.00 (Gate area) 
      Cumulative area ratio:   28.66
      Required ratio:    0.00 (Cumulative area) 
      Partial area ratio:   96.98
      Required ratio: 2918.08 (Side area) 
      Cumulative area ratio:  150.02
      Required ratio:    0.00 (Cumulative side area) 


  Pin:   _24546_/A (sky130_fd_sc_hd__nor2_1)
    Layer: mcon
      Partial area ratio:    0.12
      Required ratio:    3.00 (Gate area) 
      Cumulative area ratio:    0.12
      Required ratio:    0.00 (Cumulative area) 

    Layer: met1
      Partial area ratio:    2.72
      Required ratio:    0.00 (Gate area) 
      Cumulative area ratio:    2.72
      Required ratio:    0.00 (Cumulative area) 
      Partial area ratio:   12.63
      Required ratio:  400.00 (Side area) 
      Cumulative area ratio:   12.63
      Required ratio:    0.00 (Cumulative side area) 

    Layer: via
      Partial area ratio:    0.18
      Required ratio:    6.00 (Gate area) 
      Cumulative area ratio:    0.30
      Required ratio:    0.00 (Cumulative area) 

    Layer: met2
      Partial area ratio:    9.34
      Required ratio:    0.00 (Gate area) 
      Cumulative area ratio:   12.06
      Required ratio:    0.00 (Cumulative area) 
      Partial area ratio:   46.49
      Required ratio:  400.00 (Side area) 
      Cumulative area ratio:   59.12
      Required ratio:    0.00 (Cumulative side area) 

    Layer: via2
      Partial area ratio:    0.05
      Required ratio:    6.00 (Gate area) 
      Cumulative area ratio:    0.34
      Required ratio:    0.00 (Cumulative area) 

    Layer: met3
      Partial area ratio:    0.14
      Required ratio:    0.00 (Gate area) 
      Cumulative area ratio:   12.21
      Required ratio:    0.00 (Cumulative area) 
      Partial area ratio:    1.31
      Required ratio:  400.00 (Side area) 
      Cumulative area ratio:   60.43
      Required ratio:    0.00 (Cumulative side area) 

    Layer: via3
      Partial area ratio:    0.05
      Required ratio:    6.00 (Gate area) 
      Cumulative area ratio:    0.39
      Required ratio:    0.00 (Cumulative area) 

    Layer: met4
      Partial area ratio:   18.05
      Required ratio:    0.00 (Gate area) 
      Cumulative area ratio:   30.25
      Required ratio:    0.00 (Cumulative area) 
      Partial area ratio:   96.98
      Required ratio: 2918.08 (Side area) 
      Cumulative area ratio:  157.41
      Required ratio:    0.00 (Cumulative side area) 


  Pin:   _24547_/A (sky130_fd_sc_hd__and2_1)
    Layer: mcon
      Partial area ratio:    0.23
      Required ratio:    3.00 (Gate area) 
      Cumulative area ratio:    0.23
      Required ratio:    0.00 (Cumulative area) 

    Layer: met1
      Partial area ratio:    2.72
      Required ratio:    0.00 (Gate area) 
      Cumulative area ratio:    2.72
      Required ratio:    0.00 (Cumulative area) 
      Partial area ratio:   12.63
      Required ratio:  400.00 (Side area) 
      Cumulative area ratio:   12.63
      Required ratio:    0.00 (Cumulative side area) 

    Layer: via
      Partial area ratio:    0.18
      Required ratio:    6.00 (Gate area) 
      Cumulative area ratio:    0.41
      Required ratio:    0.00 (Cumulative area) 

    Layer: met2
      Partial area ratio:    9.34
      Required ratio:    0.00 (Gate area) 
      Cumulative area ratio:   12.06
      Required ratio:    0.00 (Cumulative area) 
      Partial area ratio:   46.49
      Required ratio:  400.00 (Side area) 
      Cumulative area ratio:   59.12
      Required ratio:    0.00 (Cumulative side area) 

    Layer: via2
      Partial area ratio:    0.05
      Required ratio:    6.00 (Gate area) 
      Cumulative area ratio:    0.46
      Required ratio:    0.00 (Cumulative area) 

    Layer: met3
      Partial area ratio:    0.14
      Required ratio:    0.00 (Gate area) 
      Cumulative area ratio:   12.21
      Required ratio:    0.00 (Cumulative area) 
      Partial area ratio:    1.31
      Required ratio:  400.00 (Side area) 
      Cumulative area ratio:   60.43
      Required ratio:    0.00 (Cumulative side area) 

    Layer: via3
      Partial area ratio:    0.05
      Required ratio:    6.00 (Gate area) 
      Cumulative area ratio:    0.50
      Required ratio:    0.00 (Cumulative area) 

    Layer: met4
      Partial area ratio:   18.05
      Required ratio:    0.00 (Gate area) 
      Cumulative area ratio:   30.25
      Required ratio:    0.00 (Cumulative area) 
      Partial area ratio:   96.98
      Required ratio: 2918.08 (Side area) 
      Cumulative area ratio:  157.41
      Required ratio:    0.00 (Cumulative side area) 


  Pin:   fanout668/A (sky130_fd_sc_hd__buf_2)
    Layer: mcon
      Partial area ratio:    0.18
      Required ratio:    3.00 (Gate area) 
      Cumulative area ratio:    0.18
      Required ratio:    0.00 (Cumulative area) 

    Layer: met1
      Partial area ratio:    5.89
      Required ratio:    0.00 (Gate area) 
      Cumulative area ratio:    5.89
      Required ratio:    0.00 (Cumulative area) 
      Partial area ratio:   27.17
      Required ratio: 2918.08 (Side area) 
      Cumulative area ratio:   27.17
      Required ratio:    0.00 (Cumulative side area) 

    Layer: via
      Partial area ratio:    0.42
      Required ratio:   34.63 (Gate area) 
      Cumulative area ratio:    0.61
      Required ratio:    0.00 (Cumulative area) 

    Layer: met2
      Partial area ratio:    1.70
      Required ratio:    0.00 (Gate area) 
      Cumulative area ratio:    7.59
      Required ratio:    0.00 (Cumulative area) 
      Partial area ratio:    7.97
      Required ratio: 2918.08 (Side area) 
      Cumulative area ratio:   35.14
      Required ratio:    0.00 (Cumulative side area) 

    Layer: via2
      Partial area ratio:    0.25
      Required ratio:   34.63 (Gate area) 
      Cumulative area ratio:    0.86
      Required ratio:    0.00 (Cumulative area) 

    Layer: met3
      Partial area ratio:    0.79
      Required ratio:    0.00 (Gate area) 
      Cumulative area ratio:    8.37
      Required ratio:    0.00 (Cumulative area) 
      Partial area ratio:    7.14
      Required ratio: 2918.08 (Side area) 
      Cumulative area ratio:   42.29
      Required ratio:    0.00 (Cumulative side area) 

    Layer: via3
      Partial area ratio:    0.25
      Required ratio:   34.63 (Gate area) 
      Cumulative area ratio:    1.11
      Required ratio:    0.00 (Cumulative area) 

    Layer: met4
      Partial area ratio:   18.05
      Required ratio:    0.00 (Gate area) 
      Cumulative area ratio:   26.42
      Required ratio:    0.00 (Cumulative area) 
      Partial area ratio:   96.98
      Required ratio: 2918.08 (Side area) 
      Cumulative area ratio:  139.26
      Required ratio:    0.00 (Cumulative side area) 



Net: net684
  Pin:   _18182_/A (sky130_fd_sc_hd__xnor2_1)
    Layer: mcon
      Partial area ratio:    0.06
      Required ratio:    3.00 (Gate area) 
      Cumulative area ratio:    0.06
      Required ratio:    0.00 (Cumulative area) 

    Layer: met1
      Partial area ratio:    0.85
      Required ratio:    0.00 (Gate area) 
      Cumulative area ratio:    0.85
      Required ratio:    0.00 (Cumulative area) 
      Partial area ratio:    3.90
      Required ratio:  400.00 (Side area) 
      Cumulative area ratio:    3.90
      Required ratio:    0.00 (Cumulative side area) 

    Layer: via
      Partial area ratio:    0.09
      Required ratio:    6.00 (Gate area) 
      Cumulative area ratio:    0.15
      Required ratio:    0.00 (Cumulative area) 

    Layer: met2
      Partial area ratio:    0.38
      Required ratio:    0.00 (Gate area) 
      Cumulative area ratio:    1.23
      Required ratio:    0.00 (Cumulative area) 
      Partial area ratio:    1.74
      Required ratio:  400.00 (Side area) 
      Cumulative area ratio:    5.64
      Required ratio:    0.00 (Cumulative side area) 

    Layer: via2
      Partial area ratio:    0.08
      Required ratio:    6.00 (Gate area) 
      Cumulative area ratio:    0.23
      Required ratio:    0.00 (Cumulative area) 

    Layer: met3
      Partial area ratio:    0.25
      Required ratio:    0.00 (Gate area) 
      Cumulative area ratio:    1.48
      Required ratio:    0.00 (Cumulative area) 
      Partial area ratio:    2.29
      Required ratio:  400.00 (Side area) 
      Cumulative area ratio:    7.93
      Required ratio:    0.00 (Cumulative side area) 

    Layer: via3
      Partial area ratio:    0.08
      Required ratio:    6.00 (Gate area) 
      Cumulative area ratio:    0.31
      Required ratio:    0.00 (Cumulative area) 

    Layer: met4
      Partial area ratio:   56.68
      Required ratio:    0.00 (Gate area) 
      Cumulative area ratio:   58.16
      Required ratio:    0.00 (Cumulative area) 
      Partial area ratio:  302.87
      Required ratio: 3236.16 (Side area) 
      Cumulative area ratio:  310.81
      Required ratio:    0.00 (Cumulative side area) 


  Pin:   fanout679/A (sky130_fd_sc_hd__clkbuf_4)
    Layer: mcon
      Partial area ratio:    0.14
      Required ratio:    3.00 (Gate area) 
      Cumulative area ratio:    0.14
      Required ratio:    0.00 (Cumulative area) 

    Layer: met1
      Partial area ratio:    7.18
      Required ratio:    0.00 (Gate area) 
      Cumulative area ratio:    7.18
      Required ratio:    0.00 (Cumulative area) 
      Partial area ratio:   34.22
      Required ratio: 3236.16 (Side area) 
      Cumulative area ratio:   34.22
      Required ratio:    0.00 (Cumulative side area) 

    Layer: via
      Partial area ratio:    0.32
      Required ratio:   63.25 (Gate area) 
      Cumulative area ratio:    0.45
      Required ratio:    0.00 (Cumulative area) 

    Layer: met2
      Partial area ratio:    1.27
      Required ratio:    0.00 (Gate area) 
      Cumulative area ratio:    8.45
      Required ratio:    0.00 (Cumulative area) 
      Partial area ratio:    5.95
      Required ratio: 3236.16 (Side area) 
      Cumulative area ratio:   40.17
      Required ratio:    0.00 (Cumulative side area) 

    Layer: via2
      Partial area ratio:    0.19
      Required ratio:   63.25 (Gate area) 
      Cumulative area ratio:    0.64
      Required ratio:    0.00 (Cumulative area) 

    Layer: met3
      Partial area ratio:    0.59
      Required ratio:    0.00 (Gate area) 
      Cumulative area ratio:    9.04
      Required ratio:    0.00 (Cumulative area) 
      Partial area ratio:    5.33
      Required ratio: 3236.16 (Side area) 
      Cumulative area ratio:   45.50
      Required ratio:    0.00 (Cumulative side area) 

    Layer: via3
      Partial area ratio:    0.19
      Required ratio:   63.25 (Gate area) 
      Cumulative area ratio:    0.83
      Required ratio:    0.00 (Cumulative area) 

    Layer: met4
      Partial area ratio:   56.68
      Required ratio:    0.00 (Gate area) 
      Cumulative area ratio:   65.71
      Required ratio:    0.00 (Cumulative area) 
      Partial area ratio:  302.87
      Required ratio: 3236.16 (Side area) 
      Cumulative area ratio:  348.37
      Required ratio:    0.00 (Cumulative side area) 


  Pin:   fanout680/A (sky130_fd_sc_hd__buf_4)
    Layer: mcon
      Partial area ratio:    0.12
      Required ratio:    3.00 (Gate area) 
      Cumulative area ratio:    0.12
      Required ratio:    0.00 (Cumulative area) 

    Layer: met1
      Partial area ratio:   79.62
      Required ratio:    0.00 (Gate area) 
      Cumulative area ratio:   79.62
      Required ratio:    0.00 (Cumulative area) 
      Partial area ratio:  397.35
      Required ratio:  400.00 (Side area) 
      Cumulative area ratio:  397.35
      Required ratio:    0.00 (Cumulative side area) 

    Layer: via
      Partial area ratio:    0.18
      Required ratio:    6.00 (Gate area) 
      Cumulative area ratio:    0.30
      Required ratio:    0.00 (Cumulative area) 

    Layer: met2
      Partial area ratio:    3.13
      Required ratio:    0.00 (Gate area) 
      Cumulative area ratio:   82.75
      Required ratio:    0.00 (Cumulative area) 
      Partial area ratio:   15.16
      Required ratio:  400.00 (Side area) 
      Cumulative area ratio:  412.51
      Required ratio:    0.00 (Cumulative side area) 

    Layer: via2
      Partial area ratio:    0.10
      Required ratio:    6.00 (Gate area) 
      Cumulative area ratio:    0.40
      Required ratio:    0.00 (Cumulative area) 

    Layer: met3
      Partial area ratio:    0.31
      Required ratio:    0.00 (Gate area) 
      Cumulative area ratio:   83.05
      Required ratio:    0.00 (Cumulative area) 
      Partial area ratio:    2.79
      Required ratio:  400.00 (Side area) 
      Cumulative area ratio:  415.30
      Required ratio:    0.00 (Cumulative side area) 

    Layer: via3
      Partial area ratio:    0.10
      Required ratio:    6.00 (Gate area) 
      Cumulative area ratio:    0.50
      Required ratio:    0.00 (Cumulative area) 

    Layer: met4
      Partial area ratio:   56.68
      Required ratio:    0.00 (Gate area) 
      Cumulative area ratio:  139.73
      Required ratio:    0.00 (Cumulative area) 
      Partial area ratio:  302.87
      Required ratio: 3236.16 (Side area) 
      Cumulative area ratio:  718.17
      Required ratio:    0.00 (Cumulative side area) 


  Pin:   fanout681/A (sky130_fd_sc_hd__buf_2)
    Layer: mcon
      Partial area ratio:    0.18
      Required ratio:    3.00 (Gate area) 
      Cumulative area ratio:    0.18
      Required ratio:    0.00 (Cumulative area) 

    Layer: met1
      Partial area ratio:    5.17
      Required ratio:    0.00 (Gate area) 
      Cumulative area ratio:    5.17
      Required ratio:    0.00 (Cumulative area) 
      Partial area ratio:   24.68
      Required ratio:  400.00 (Side area) 
      Cumulative area ratio:   24.68
      Required ratio:    0.00 (Cumulative side area) 

    Layer: via
      Partial area ratio:    0.28
      Required ratio:    6.00 (Gate area) 
      Cumulative area ratio:    0.46
      Required ratio:    0.00 (Cumulative area) 

    Layer: met2
      Partial area ratio:    3.13
      Required ratio:    0.00 (Gate area) 
      Cumulative area ratio:    8.30
      Required ratio:    0.00 (Cumulative area) 
      Partial area ratio:   15.16
      Required ratio:  400.00 (Side area) 
      Cumulative area ratio:   39.85
      Required ratio:    0.00 (Cumulative side area) 

    Layer: via2
      Partial area ratio:    0.10
      Required ratio:    6.00 (Gate area) 
      Cumulative area ratio:    0.56
      Required ratio:    0.00 (Cumulative area) 

    Layer: met3
      Partial area ratio:    0.31
      Required ratio:    0.00 (Gate area) 
      Cumulative area ratio:    8.60
      Required ratio:    0.00 (Cumulative area) 
      Partial area ratio:    2.79
      Required ratio:  400.00 (Side area) 
      Cumulative area ratio:   42.64
      Required ratio:    0.00 (Cumulative side area) 

    Layer: via3
      Partial area ratio:    0.10
      Required ratio:    6.00 (Gate area) 
      Cumulative area ratio:    0.66
      Required ratio:    0.00 (Cumulative area) 

    Layer: met4
      Partial area ratio:   56.68
      Required ratio:    0.00 (Gate area) 
      Cumulative area ratio:   65.28
      Required ratio:    0.00 (Cumulative area) 
      Partial area ratio:  302.87
      Required ratio: 3236.16 (Side area) 
      Cumulative area ratio:  345.51
      Required ratio:    0.00 (Cumulative side area) 


  Pin:   fanout682/A (sky130_fd_sc_hd__buf_4)
    Layer: mcon
      Partial area ratio:    0.12
      Required ratio:    3.00 (Gate area) 
      Cumulative area ratio:    0.12
      Required ratio:    0.00 (Cumulative area) 

    Layer: met1
      Partial area ratio:    3.20
      Required ratio:    0.00 (Gate area) 
      Cumulative area ratio:    3.20
      Required ratio:    0.00 (Cumulative area) 
      Partial area ratio:   15.27
      Required ratio:  400.00 (Side area) 
      Cumulative area ratio:   15.27
      Required ratio:    0.00 (Cumulative side area) 

    Layer: via
      Partial area ratio:    0.18
      Required ratio:    6.00 (Gate area) 
      Cumulative area ratio:    0.30
      Required ratio:    0.00 (Cumulative area) 

    Layer: met2
      Partial area ratio:   24.38
      Required ratio:    0.00 (Gate area) 
      Cumulative area ratio:   27.59
      Required ratio:    0.00 (Cumulative area) 
      Partial area ratio:  120.97
      Required ratio:  400.00 (Side area) 
      Cumulative area ratio:  136.24
      Required ratio:    0.00 (Cumulative side area) 

    Layer: via2
      Partial area ratio:    0.32
      Required ratio:    6.00 (Gate area) 
      Cumulative area ratio:    0.62
      Required ratio:    0.00 (Cumulative area) 

    Layer: met3
      Partial area ratio:  193.37
      Required ratio:    0.00 (Gate area) 
      Cumulative area ratio:  220.95
      Required ratio:    0.00 (Cumulative area) 
      Partial area ratio: 1035.05
      Required ratio:  400.00 (Side area) (VIOLATED)
      Cumulative area ratio: 1171.29
      Required ratio:    0.00 (Cumulative side area) 

    Layer: via3
      Partial area ratio:    0.32
      Required ratio:    6.00 (Gate area) 
      Cumulative area ratio:    0.95
      Required ratio:    0.00 (Cumulative area) 

    Layer: met4
      Partial area ratio:   56.68
      Required ratio:    0.00 (Gate area) 
      Cumulative area ratio:  277.63
      Required ratio:    0.00 (Cumulative area) 
      Partial area ratio:  302.87
      Required ratio: 3236.16 (Side area) 
      Cumulative area ratio: 1474.17
      Required ratio:    0.00 (Cumulative side area) 


  Pin:   fanout683/A (sky130_fd_sc_hd__clkbuf_2)
    Layer: mcon
      Partial area ratio:    0.14
      Required ratio:    3.00 (Gate area) 
      Cumulative area ratio:    0.14
      Required ratio:    0.00 (Cumulative area) 

    Layer: met1
      Partial area ratio:    2.18
      Required ratio:    0.00 (Gate area) 
      Cumulative area ratio:    2.18
      Required ratio:    0.00 (Cumulative area) 
      Partial area ratio:   10.04
      Required ratio:  400.00 (Side area) 
      Cumulative area ratio:   10.04
      Required ratio:    0.00 (Cumulative side area) 

    Layer: via
      Partial area ratio:    0.21
      Required ratio:    6.00 (Gate area) 
      Cumulative area ratio:    0.35
      Required ratio:    0.00 (Cumulative area) 

    Layer: met2
      Partial area ratio:    0.88
      Required ratio:    0.00 (Gate area) 
      Cumulative area ratio:    3.06
      Required ratio:    0.00 (Cumulative area) 
      Partial area ratio:    4.04
      Required ratio:  400.00 (Side area) 
      Cumulative area ratio:   14.08
      Required ratio:    0.00 (Cumulative side area) 

    Layer: via2
      Partial area ratio:    0.19
      Required ratio:    6.00 (Gate area) 
      Cumulative area ratio:    0.53
      Required ratio:    0.00 (Cumulative area) 

    Layer: met3
      Partial area ratio:   20.02
      Required ratio:    0.00 (Gate area) 
      Cumulative area ratio:   23.08
      Required ratio:    0.00 (Cumulative area) 
      Partial area ratio:  108.96
      Required ratio:  400.00 (Side area) 
      Cumulative area ratio:  123.04
      Required ratio:    0.00 (Cumulative side area) 

    Layer: via3
      Partial area ratio:    0.19
      Required ratio:    6.00 (Gate area) 
      Cumulative area ratio:    0.72
      Required ratio:    0.00 (Cumulative area) 

    Layer: met4
      Partial area ratio:   56.68
      Required ratio:    0.00 (Gate area) 
      Cumulative area ratio:   79.76
      Required ratio:    0.00 (Cumulative area) 
      Partial area ratio:  302.87
      Required ratio: 3236.16 (Side area) 
      Cumulative area ratio:  425.91
      Required ratio:    0.00 (Cumulative side area) 



Net: net717
  Pin:   _20443_/A (sky130_fd_sc_hd__xnor2_1)
    Layer: mcon
      Partial area ratio:    0.06
      Required ratio:    3.00 (Gate area) 
      Cumulative area ratio:    0.06
      Required ratio:    0.00 (Cumulative area) 

    Layer: met1
      Partial area ratio:    0.75
      Required ratio:    0.00 (Gate area) 
      Cumulative area ratio:    0.75
      Required ratio:    0.00 (Cumulative area) 
      Partial area ratio:    3.40
      Required ratio:  400.00 (Side area) 
      Cumulative area ratio:    3.40
      Required ratio:    0.00 (Cumulative side area) 

    Layer: via
      Partial area ratio:    0.09
      Required ratio:    6.00 (Gate area) 
      Cumulative area ratio:    0.15
      Required ratio:    0.00 (Cumulative area) 

    Layer: met2
      Partial area ratio:    7.82
      Required ratio:    0.00 (Gate area) 
      Cumulative area ratio:    8.58
      Required ratio:    0.00 (Cumulative area) 
      Partial area ratio:   38.73
      Required ratio: 2956.40 (Side area) 
      Cumulative area ratio:   42.13
      Required ratio:    0.00 (Cumulative side area) 

    Layer: via2
      Partial area ratio:    0.03
      Required ratio:   38.08 (Gate area) 
      Cumulative area ratio:    0.18
      Required ratio:    0.00 (Cumulative area) 

    Layer: met3
      Partial area ratio:    1.29
      Required ratio:    0.00 (Gate area) 
      Cumulative area ratio:    9.86
      Required ratio:    0.00 (Cumulative area) 
      Partial area ratio:    7.13
      Required ratio: 2956.40 (Side area) 
      Cumulative area ratio:   49.26
      Required ratio:    0.00 (Cumulative side area) 


  Pin:   _20700_/A (sky130_fd_sc_hd__and2_1)
    Layer: mcon
      Partial area ratio:    0.23
      Required ratio:    3.00 (Gate area) 
      Cumulative area ratio:    0.23
      Required ratio:    0.00 (Cumulative area) 

    Layer: met1
      Partial area ratio:   13.17
      Required ratio:    0.00 (Gate area) 
      Cumulative area ratio:   13.17
      Required ratio:    0.00 (Cumulative area) 
      Partial area ratio:   63.54
      Required ratio:  400.00 (Side area) 
      Cumulative area ratio:   63.54
      Required ratio:    0.00 (Cumulative side area) 

    Layer: via
      Partial area ratio:    0.54
      Required ratio:    6.00 (Gate area) 
      Cumulative area ratio:    0.77
      Required ratio:    0.00 (Cumulative area) 

    Layer: met2
      Partial area ratio:    2.88
      Required ratio:    0.00 (Gate area) 
      Cumulative area ratio:   16.05
      Required ratio:    0.00 (Cumulative area) 
      Partial area ratio:   13.54
      Required ratio:  400.00 (Side area) 
      Cumulative area ratio:   77.09
      Required ratio:    0.00 (Cumulative side area) 

    Layer: via2
      Partial area ratio:    0.08
      Required ratio:    6.00 (Gate area) 
      Cumulative area ratio:    0.85
      Required ratio:    0.00 (Cumulative area) 

    Layer: met3
      Partial area ratio:    1.29
      Required ratio:    0.00 (Gate area) 
      Cumulative area ratio:   17.34
      Required ratio:    0.00 (Cumulative area) 
      Partial area ratio:    7.13
      Required ratio: 2956.40 (Side area) 
      Cumulative area ratio:   84.22
      Required ratio:    0.00 (Cumulative side area) 


  Pin:   _20701_/A (sky130_fd_sc_hd__nor2_1)
    Layer: mcon
      Partial area ratio:    0.12
      Required ratio:    3.00 (Gate area) 
      Cumulative area ratio:    0.12
      Required ratio:    0.00 (Cumulative area) 

    Layer: met1
      Partial area ratio:    2.66
      Required ratio:    0.00 (Gate area) 
      Cumulative area ratio:    2.66
      Required ratio:    0.00 (Cumulative area) 
      Partial area ratio:   12.56
      Required ratio:  400.00 (Side area) 
      Cumulative area ratio:   12.56
      Required ratio:    0.00 (Cumulative side area) 

    Layer: via
      Partial area ratio:    0.14
      Required ratio:    6.00 (Gate area) 
      Cumulative area ratio:    0.25
      Required ratio:    0.00 (Cumulative area) 

    Layer: met2
      Partial area ratio:    7.82
      Required ratio:    0.00 (Gate area) 
      Cumulative area ratio:   10.48
      Required ratio:    0.00 (Cumulative area) 
      Partial area ratio:   38.73
      Required ratio: 2956.40 (Side area) 
      Cumulative area ratio:   51.29
      Required ratio:    0.00 (Cumulative side area) 

    Layer: via2
      Partial area ratio:    0.03
      Required ratio:   38.08 (Gate area) 
      Cumulative area ratio:    0.29
      Required ratio:    0.00 (Cumulative area) 

    Layer: met3
      Partial area ratio:    1.29
      Required ratio:    0.00 (Gate area) 
      Cumulative area ratio:   11.76
      Required ratio:    0.00 (Cumulative area) 
      Partial area ratio:    7.13
      Required ratio: 2956.40 (Side area) 
      Cumulative area ratio:   58.42
      Required ratio:    0.00 (Cumulative side area) 


  Pin:   _20760_/A1 (sky130_fd_sc_hd__o21ba_1)
    Layer: mcon
      Partial area ratio:    0.12
      Required ratio:    3.00 (Gate area) 
      Cumulative area ratio:    0.12
      Required ratio:    0.00 (Cumulative area) 

    Layer: met1
      Partial area ratio:    2.66
      Required ratio:    0.00 (Gate area) 
      Cumulative area ratio:    2.66
      Required ratio:    0.00 (Cumulative area) 
      Partial area ratio:   12.56
      Required ratio:  400.00 (Side area) 
      Cumulative area ratio:   12.56
      Required ratio:    0.00 (Cumulative side area) 

    Layer: via
      Partial area ratio:    0.14
      Required ratio:    6.00 (Gate area) 
      Cumulative area ratio:    0.25
      Required ratio:    0.00 (Cumulative area) 

    Layer: met2
      Partial area ratio:    7.82
      Required ratio:    0.00 (Gate area) 
      Cumulative area ratio:   10.48
      Required ratio:    0.00 (Cumulative area) 
      Partial area ratio:   38.73
      Required ratio: 2956.40 (Side area) 
      Cumulative area ratio:   51.29
      Required ratio:    0.00 (Cumulative side area) 

    Layer: via2
      Partial area ratio:    0.03
      Required ratio:   38.08 (Gate area) 
      Cumulative area ratio:    0.29
      Required ratio:    0.00 (Cumulative area) 

    Layer: met3
      Partial area ratio:    1.29
      Required ratio:    0.00 (Gate area) 
      Cumulative area ratio:   11.76
      Required ratio:    0.00 (Cumulative area) 
      Partial area ratio:    7.13
      Required ratio: 2956.40 (Side area) 
      Cumulative area ratio:   58.42
      Required ratio:    0.00 (Cumulative side area) 


  Pin:   _20802_/A (sky130_fd_sc_hd__nor2_1)
    Layer: mcon
      Partial area ratio:    0.12
      Required ratio:    3.00 (Gate area) 
      Cumulative area ratio:    0.12
      Required ratio:    0.00 (Cumulative area) 

    Layer: met1
      Partial area ratio:    2.74
      Required ratio:    0.00 (Gate area) 
      Cumulative area ratio:    2.74
      Required ratio:    0.00 (Cumulative area) 
      Partial area ratio:   12.59
      Required ratio:  400.00 (Side area) 
      Cumulative area ratio:   12.59
      Required ratio:    0.00 (Cumulative side area) 

    Layer: via
      Partial area ratio:    0.18
      Required ratio:    6.00 (Gate area) 
      Cumulative area ratio:    0.30
      Required ratio:    0.00 (Cumulative area) 

    Layer: met2
      Partial area ratio:    2.88
      Required ratio:    0.00 (Gate area) 
      Cumulative area ratio:    5.62
      Required ratio:    0.00 (Cumulative area) 
      Partial area ratio:   13.54
      Required ratio:  400.00 (Side area) 
      Cumulative area ratio:   26.14
      Required ratio:    0.00 (Cumulative side area) 

    Layer: via2
      Partial area ratio:    0.08
      Required ratio:    6.00 (Gate area) 
      Cumulative area ratio:    0.38
      Required ratio:    0.00 (Cumulative area) 

    Layer: met3
      Partial area ratio:    1.29
      Required ratio:    0.00 (Gate area) 
      Cumulative area ratio:    6.90
      Required ratio:    0.00 (Cumulative area) 
      Partial area ratio:    7.13
      Required ratio: 2956.40 (Side area) 
      Cumulative area ratio:   33.27
      Required ratio:    0.00 (Cumulative side area) 


  Pin:   _20968_/A (sky130_fd_sc_hd__and2_1)
    Layer: mcon
      Partial area ratio:    0.23
      Required ratio:    3.00 (Gate area) 
      Cumulative area ratio:    0.23
      Required ratio:    0.00 (Cumulative area) 

    Layer: met1
      Partial area ratio:    2.74
      Required ratio:    0.00 (Gate area) 
      Cumulative area ratio:    2.74
      Required ratio:    0.00 (Cumulative area) 
      Partial area ratio:   12.59
      Required ratio:  400.00 (Side area) 
      Cumulative area ratio:   12.59
      Required ratio:    0.00 (Cumulative side area) 

    Layer: via
      Partial area ratio:    0.18
      Required ratio:    6.00 (Gate area) 
      Cumulative area ratio:    0.41
      Required ratio:    0.00 (Cumulative area) 

    Layer: met2
      Partial area ratio:    2.88
      Required ratio:    0.00 (Gate area) 
      Cumulative area ratio:    5.62
      Required ratio:    0.00 (Cumulative area) 
      Partial area ratio:   13.54
      Required ratio:  400.00 (Side area) 
      Cumulative area ratio:   26.14
      Required ratio:    0.00 (Cumulative side area) 

    Layer: via2
      Partial area ratio:    0.08
      Required ratio:    6.00 (Gate area) 
      Cumulative area ratio:    0.49
      Required ratio:    0.00 (Cumulative area) 

    Layer: met3
      Partial area ratio:    1.29
      Required ratio:    0.00 (Gate area) 
      Cumulative area ratio:    6.90
      Required ratio:    0.00 (Cumulative area) 
      Partial area ratio:    7.13
      Required ratio: 2956.40 (Side area) 
      Cumulative area ratio:   33.27
      Required ratio:    0.00 (Cumulative side area) 


  Pin:   fanout716/A (sky130_fd_sc_hd__clkbuf_4)
    Layer: mcon
      Partial area ratio:    0.14
      Required ratio:    3.00 (Gate area) 
      Cumulative area ratio:    0.14
      Required ratio:    0.00 (Cumulative area) 

    Layer: met1
      Partial area ratio:  217.23
      Required ratio:    0.00 (Gate area) 
      Cumulative area ratio:  217.23
      Required ratio:    0.00 (Cumulative area) 
      Partial area ratio: 1084.75
      Required ratio:  400.00 (Side area) (VIOLATED)
      Cumulative area ratio: 1084.75
      Required ratio:    0.00 (Cumulative side area) 

    Layer: via
      Partial area ratio:    0.32
      Required ratio:    6.00 (Gate area) 
      Cumulative area ratio:    0.45
      Required ratio:    0.00 (Cumulative area) 

    Layer: met2
      Partial area ratio:    7.82
      Required ratio:    0.00 (Gate area) 
      Cumulative area ratio:  225.05
      Required ratio:    0.00 (Cumulative area) 
      Partial area ratio:   38.73
      Required ratio: 2956.40 (Side area) 
      Cumulative area ratio: 1123.49
      Required ratio:    0.00 (Cumulative side area) 

    Layer: via2
      Partial area ratio:    0.03
      Required ratio:   38.08 (Gate area) 
      Cumulative area ratio:    0.49
      Required ratio:    0.00 (Cumulative area) 

    Layer: met3
      Partial area ratio:    1.29
      Required ratio:    0.00 (Gate area) 
      Cumulative area ratio:  226.33
      Required ratio:    0.00 (Cumulative area) 
      Partial area ratio:    7.13
      Required ratio: 2956.40 (Side area) 
      Cumulative area ratio: 1130.62
      Required ratio:    0.00 (Cumulative side area) 



Net: net733
  Pin:   fanout726/A (sky130_fd_sc_hd__clkbuf_8)
    Layer: mcon
      Partial area ratio:    0.07
      Required ratio:    3.00 (Gate area) 
      Cumulative area ratio:    0.07
      Required ratio:    0.00 (Cumulative area) 

    Layer: met1
      Partial area ratio:    6.21
      Required ratio:    0.00 (Gate area) 
      Cumulative area ratio:    6.21
      Required ratio:    0.00 (Cumulative area) 
      Partial area ratio:   30.36
      Required ratio:  400.00 (Side area) 
      Cumulative area ratio:   30.36
      Required ratio:    0.00 (Cumulative side area) 

    Layer: via
      Partial area ratio:    0.16
      Required ratio:    6.00 (Gate area) 
      Cumulative area ratio:    0.23
      Required ratio:    0.00 (Cumulative area) 

    Layer: met2
      Partial area ratio:   10.93
      Required ratio:    0.00 (Gate area) 
      Cumulative area ratio:   17.14
      Required ratio:    0.00 (Cumulative area) 
      Partial area ratio:   54.14
      Required ratio: 2956.40 (Side area) 
      Cumulative area ratio:   84.50
      Required ratio:    0.00 (Cumulative side area) 

    Layer: via2
      Partial area ratio:    0.06
      Required ratio:   38.08 (Gate area) 
      Cumulative area ratio:    0.29
      Required ratio:    0.00 (Cumulative area) 

    Layer: met3
      Partial area ratio:    0.19
      Required ratio:    0.00 (Gate area) 
      Cumulative area ratio:   17.32
      Required ratio:    0.00 (Cumulative area) 
      Partial area ratio:    1.69
      Required ratio: 2956.40 (Side area) 
      Cumulative area ratio:   86.19
      Required ratio:    0.00 (Cumulative side area) 

    Layer: via3
      Partial area ratio:    0.06
      Required ratio:   38.08 (Gate area) 
      Cumulative area ratio:    0.35
      Required ratio:    0.00 (Cumulative area) 

    Layer: met4
      Partial area ratio:   46.97
      Required ratio:    0.00 (Gate area) 
      Cumulative area ratio:   64.29
      Required ratio:    0.00 (Cumulative area) 
      Partial area ratio:  251.27
      Required ratio: 2956.40 (Side area) 
      Cumulative area ratio:  337.46
      Required ratio:    0.00 (Cumulative side area) 


  Pin:   fanout727/A (sky130_fd_sc_hd__buf_2)
    Layer: mcon
      Partial area ratio:    0.18
      Required ratio:    3.00 (Gate area) 
      Cumulative area ratio:    0.18
      Required ratio:    0.00 (Cumulative area) 

    Layer: met1
      Partial area ratio:    3.81
      Required ratio:    0.00 (Gate area) 
      Cumulative area ratio:    3.81
      Required ratio:    0.00 (Cumulative area) 
      Partial area ratio:   17.88
      Required ratio:  400.00 (Side area) 
      Cumulative area ratio:   17.88
      Required ratio:    0.00 (Cumulative side area) 

    Layer: via
      Partial area ratio:    0.28
      Required ratio:    6.00 (Gate area) 
      Cumulative area ratio:    0.46
      Required ratio:    0.00 (Cumulative area) 

    Layer: met2
      Partial area ratio:    7.58
      Required ratio:    0.00 (Gate area) 
      Cumulative area ratio:   11.39
      Required ratio:    0.00 (Cumulative area) 
      Partial area ratio:   36.41
      Required ratio:  400.00 (Side area) 
      Cumulative area ratio:   54.29
      Required ratio:    0.00 (Cumulative side area) 

    Layer: via2
      Partial area ratio:    0.50
      Required ratio:    6.00 (Gate area) 
      Cumulative area ratio:    0.97
      Required ratio:    0.00 (Cumulative area) 

    Layer: met3
      Partial area ratio:   66.66
      Required ratio:    0.00 (Gate area) 
      Cumulative area ratio:   78.05
      Required ratio:    0.00 (Cumulative area) 
      Partial area ratio:  361.41
      Required ratio:  400.00 (Side area) 
      Cumulative area ratio:  415.70
      Required ratio:    0.00 (Cumulative side area) 

    Layer: via3
      Partial area ratio:    0.50
      Required ratio:    6.00 (Gate area) 
      Cumulative area ratio:    1.47
      Required ratio:    0.00 (Cumulative area) 

    Layer: met4
      Partial area ratio:   46.97
      Required ratio:    0.00 (Gate area) 
      Cumulative area ratio:  125.02
      Required ratio:    0.00 (Cumulative area) 
      Partial area ratio:  251.27
      Required ratio: 2956.40 (Side area) 
      Cumulative area ratio:  666.97
      Required ratio:    0.00 (Cumulative side area) 


  Pin:   fanout729/A (sky130_fd_sc_hd__buf_4)
    Layer: mcon
      Partial area ratio:    0.12
      Required ratio:    3.00 (Gate area) 
      Cumulative area ratio:    0.12
      Required ratio:    0.00 (Cumulative area) 

    Layer: met1
      Partial area ratio:    2.26
      Required ratio:    0.00 (Gate area) 
      Cumulative area ratio:    2.26
      Required ratio:    0.00 (Cumulative area) 
      Partial area ratio:   10.55
      Required ratio:  400.00 (Side area) 
      Cumulative area ratio:   10.55
      Required ratio:    0.00 (Cumulative side area) 

    Layer: via
      Partial area ratio:    0.18
      Required ratio:    6.00 (Gate area) 
      Cumulative area ratio:    0.30
      Required ratio:    0.00 (Cumulative area) 

    Layer: met2
      Partial area ratio:   10.93
      Required ratio:    0.00 (Gate area) 
      Cumulative area ratio:   13.19
      Required ratio:    0.00 (Cumulative area) 
      Partial area ratio:   54.14
      Required ratio: 2956.40 (Side area) 
      Cumulative area ratio:   64.69
      Required ratio:    0.00 (Cumulative side area) 

    Layer: via2
      Partial area ratio:    0.06
      Required ratio:   38.08 (Gate area) 
      Cumulative area ratio:    0.36
      Required ratio:    0.00 (Cumulative area) 

    Layer: met3
      Partial area ratio:    0.19
      Required ratio:    0.00 (Gate area) 
      Cumulative area ratio:   13.37
      Required ratio:    0.00 (Cumulative area) 
      Partial area ratio:    1.69
      Required ratio: 2956.40 (Side area) 
      Cumulative area ratio:   66.38
      Required ratio:    0.00 (Cumulative side area) 

    Layer: via3
      Partial area ratio:    0.06
      Required ratio:   38.08 (Gate area) 
      Cumulative area ratio:    0.42
      Required ratio:    0.00 (Cumulative area) 

    Layer: met4
      Partial area ratio:   46.97
      Required ratio:    0.00 (Gate area) 
      Cumulative area ratio:   60.34
      Required ratio:    0.00 (Cumulative area) 
      Partial area ratio:  251.27
      Required ratio: 2956.40 (Side area) 
      Cumulative area ratio:  317.65
      Required ratio:    0.00 (Cumulative side area) 


  Pin:   fanout731/A (sky130_fd_sc_hd__buf_2)
    Layer: mcon
      Partial area ratio:    0.18
      Required ratio:    3.00 (Gate area) 
      Cumulative area ratio:    0.18
      Required ratio:    0.00 (Cumulative area) 

    Layer: met1
      Partial area ratio:    4.57
      Required ratio:    0.00 (Gate area) 
      Cumulative area ratio:    4.57
      Required ratio:    0.00 (Cumulative area) 
      Partial area ratio:   21.67
      Required ratio:  400.00 (Side area) 
      Cumulative area ratio:   21.67
      Required ratio:    0.00 (Cumulative side area) 

    Layer: via
      Partial area ratio:    0.28
      Required ratio:    6.00 (Gate area) 
      Cumulative area ratio:    0.46
      Required ratio:    0.00 (Cumulative area) 

    Layer: met2
      Partial area ratio:    1.17
      Required ratio:    0.00 (Gate area) 
      Cumulative area ratio:    5.74
      Required ratio:    0.00 (Cumulative area) 
      Partial area ratio:    5.42
      Required ratio:  400.00 (Side area) 
      Cumulative area ratio:   27.09
      Required ratio:    0.00 (Cumulative side area) 

    Layer: via2
      Partial area ratio:    0.25
      Required ratio:    6.00 (Gate area) 
      Cumulative area ratio:    0.72
      Required ratio:    0.00 (Cumulative area) 

    Layer: met3
      Partial area ratio:  142.90
      Required ratio:    0.00 (Gate area) 
      Cumulative area ratio:  148.64
      Required ratio:    0.00 (Cumulative area) 
      Partial area ratio:  763.26
      Required ratio:  400.00 (Side area) (VIOLATED)
      Cumulative area ratio:  790.35
      Required ratio:    0.00 (Cumulative side area) 

    Layer: via3
      Partial area ratio:    0.10
      Required ratio:    6.00 (Gate area) 
      Cumulative area ratio:    0.81
      Required ratio:    0.00 (Cumulative area) 

    Layer: met4
      Partial area ratio:   46.97
      Required ratio:    0.00 (Gate area) 
      Cumulative area ratio:  195.61
      Required ratio:    0.00 (Cumulative area) 
      Partial area ratio:  251.27
      Required ratio: 2956.40 (Side area) 
      Cumulative area ratio: 1041.62
      Required ratio:    0.00 (Cumulative side area) 


  Pin:   fanout732/A (sky130_fd_sc_hd__buf_4)
    Layer: mcon
      Partial area ratio:    0.12
      Required ratio:    3.00 (Gate area) 
      Cumulative area ratio:    0.12
      Required ratio:    0.00 (Cumulative area) 

    Layer: met1
      Partial area ratio:   49.00
      Required ratio:    0.00 (Gate area) 
      Cumulative area ratio:   49.00
      Required ratio:    0.00 (Cumulative area) 
      Partial area ratio:  244.25
      Required ratio:  400.00 (Side area) 
      Cumulative area ratio:  244.25
      Required ratio:    0.00 (Cumulative side area) 

    Layer: via
      Partial area ratio:    0.18
      Required ratio:    6.00 (Gate area) 
      Cumulative area ratio:    0.30
      Required ratio:    0.00 (Cumulative area) 

    Layer: met2
      Partial area ratio:    0.75
      Required ratio:    0.00 (Gate area) 
      Cumulative area ratio:   49.75
      Required ratio:    0.00 (Cumulative area) 
      Partial area ratio:    3.48
      Required ratio:  400.00 (Side area) 
      Cumulative area ratio:  247.73
      Required ratio:    0.00 (Cumulative side area) 

    Layer: via2
      Partial area ratio:    0.16
      Required ratio:    6.00 (Gate area) 
      Cumulative area ratio:    0.46
      Required ratio:    0.00 (Cumulative area) 

    Layer: met3
      Partial area ratio:  142.90
      Required ratio:    0.00 (Gate area) 
      Cumulative area ratio:  192.65
      Required ratio:    0.00 (Cumulative area) 
      Partial area ratio:  763.26
      Required ratio:  400.00 (Side area) (VIOLATED)
      Cumulative area ratio: 1010.99
      Required ratio:    0.00 (Cumulative side area) 

    Layer: via3
      Partial area ratio:    0.10
      Required ratio:    6.00 (Gate area) 
      Cumulative area ratio:    0.56
      Required ratio:    0.00 (Cumulative area) 

    Layer: met4
      Partial area ratio:   46.97
      Required ratio:    0.00 (Gate area) 
      Cumulative area ratio:  239.62
      Required ratio:    0.00 (Cumulative area) 
      Partial area ratio:  251.27
      Required ratio: 2956.40 (Side area) 
      Cumulative area ratio: 1262.26
      Required ratio:    0.00 (Cumulative side area) 



Net: net750
  Pin:   _15155_/A (sky130_fd_sc_hd__inv_2)
    Layer: mcon
      Partial area ratio:    0.06
      Required ratio:    3.00 (Gate area) 
      Cumulative area ratio:    0.06
      Required ratio:    0.00 (Cumulative area) 

    Layer: met1
      Partial area ratio:    1.05
      Required ratio:    0.00 (Gate area) 
      Cumulative area ratio:    1.05
      Required ratio:    0.00 (Cumulative area) 
      Partial area ratio:    4.87
      Required ratio:  400.00 (Side area) 
      Cumulative area ratio:    4.87
      Required ratio:    0.00 (Cumulative side area) 

    Layer: via
      Partial area ratio:    0.09
      Required ratio:    6.00 (Gate area) 
      Cumulative area ratio:    0.15
      Required ratio:    0.00 (Cumulative area) 

    Layer: met2
      Partial area ratio:    7.04
      Required ratio:    0.00 (Gate area) 
      Cumulative area ratio:    8.08
      Required ratio:    0.00 (Cumulative area) 
      Partial area ratio:   34.83
      Required ratio: 2778.20 (Side area) 
      Cumulative area ratio:   39.70
      Required ratio:    0.00 (Cumulative side area) 


  Pin:   _19399_/A (sky130_fd_sc_hd__or2_1)
    Layer: mcon
      Partial area ratio:    0.23
      Required ratio:    3.00 (Gate area) 
      Cumulative area ratio:    0.23
      Required ratio:    0.00 (Cumulative area) 

    Layer: met1
      Partial area ratio:   87.49
      Required ratio:    0.00 (Gate area) 
      Cumulative area ratio:   87.49
      Required ratio:    0.00 (Cumulative area) 
      Partial area ratio:  435.11
      Required ratio:  400.00 (Side area) (VIOLATED)
      Cumulative area ratio:  435.11
      Required ratio:    0.00 (Cumulative side area) 

    Layer: via
      Partial area ratio:    0.54
      Required ratio:    6.00 (Gate area) 
      Cumulative area ratio:    0.77
      Required ratio:    0.00 (Cumulative area) 

    Layer: met2
      Partial area ratio:    7.04
      Required ratio:    0.00 (Gate area) 
      Cumulative area ratio:   94.52
      Required ratio:    0.00 (Cumulative area) 
      Partial area ratio:   34.83
      Required ratio: 2778.20 (Side area) 
      Cumulative area ratio:  469.94
      Required ratio:    0.00 (Cumulative side area) 


  Pin:   _19400_/A (sky130_fd_sc_hd__nand2_1)
    Layer: mcon
      Partial area ratio:    0.12
      Required ratio:    3.00 (Gate area) 
      Cumulative area ratio:    0.12
      Required ratio:    0.00 (Cumulative area) 

    Layer: met1
      Partial area ratio:    2.66
      Required ratio:    0.00 (Gate area) 
      Cumulative area ratio:    2.66
      Required ratio:    0.00 (Cumulative area) 
      Partial area ratio:   12.56
      Required ratio:  400.00 (Side area) 
      Cumulative area ratio:   12.56
      Required ratio:    0.00 (Cumulative side area) 

    Layer: via
      Partial area ratio:    0.18
      Required ratio:    6.00 (Gate area) 
      Cumulative area ratio:    0.30
      Required ratio:    0.00 (Cumulative area) 

    Layer: met2
      Partial area ratio:    7.04
      Required ratio:    0.00 (Gate area) 
      Cumulative area ratio:    9.70
      Required ratio:    0.00 (Cumulative area) 
      Partial area ratio:   34.83
      Required ratio: 2778.20 (Side area) 
      Cumulative area ratio:   47.40
      Required ratio:    0.00 (Cumulative side area) 


  Pin:   _19819_/B1 (sky130_fd_sc_hd__a21oi_2)
    Layer: mcon
      Partial area ratio:    0.06
      Required ratio:    3.00 (Gate area) 
      Cumulative area ratio:    0.06
      Required ratio:    0.00 (Cumulative area) 

    Layer: met1
      Partial area ratio:    3.29
      Required ratio:    0.00 (Gate area) 
      Cumulative area ratio:    3.29
      Required ratio:    0.00 (Cumulative area) 
      Partial area ratio:   15.88
      Required ratio:  400.00 (Side area) 
      Cumulative area ratio:   15.88
      Required ratio:    0.00 (Cumulative side area) 

    Layer: via
      Partial area ratio:    0.11
      Required ratio:    6.00 (Gate area) 
      Cumulative area ratio:    0.17
      Required ratio:    0.00 (Cumulative area) 

    Layer: met2
      Partial area ratio:    7.04
      Required ratio:    0.00 (Gate area) 
      Cumulative area ratio:   10.33
      Required ratio:    0.00 (Cumulative area) 
      Partial area ratio:   34.83
      Required ratio: 2778.20 (Side area) 
      Cumulative area ratio:   50.72
      Required ratio:    0.00 (Cumulative side area) 


  Pin:   _19820_/A (sky130_fd_sc_hd__and3_1)
    Layer: mcon
      Partial area ratio:    0.23
      Required ratio:    3.00 (Gate area) 
      Cumulative area ratio:    0.23
      Required ratio:    0.00 (Cumulative area) 

    Layer: met1
      Partial area ratio:    3.29
      Required ratio:    0.00 (Gate area) 
      Cumulative area ratio:    3.29
      Required ratio:    0.00 (Cumulative area) 
      Partial area ratio:   15.88
      Required ratio:  400.00 (Side area) 
      Cumulative area ratio:   15.88
      Required ratio:    0.00 (Cumulative side area) 

    Layer: via
      Partial area ratio:    0.11
      Required ratio:    6.00 (Gate area) 
      Cumulative area ratio:    0.34
      Required ratio:    0.00 (Cumulative area) 

    Layer: met2
      Partial area ratio:    7.04
      Required ratio:    0.00 (Gate area) 
      Cumulative area ratio:   10.33
      Required ratio:    0.00 (Cumulative area) 
      Partial area ratio:   34.83
      Required ratio: 2778.20 (Side area) 
      Cumulative area ratio:   50.72
      Required ratio:    0.00 (Cumulative side area) 



Net: net754
  Pin:   _23979_/B2 (sky130_fd_sc_hd__o22ai_1)
    Layer: mcon
      Partial area ratio:    0.12
      Required ratio:    3.00 (Gate area) 
      Cumulative area ratio:    0.12
      Required ratio:    0.00 (Cumulative area) 

    Layer: met1
      Partial area ratio:   11.32
      Required ratio:    0.00 (Gate area) 
      Cumulative area ratio:   11.32
      Required ratio:    0.00 (Cumulative area) 
      Partial area ratio:   55.43
      Required ratio:  400.00 (Side area) 
      Cumulative area ratio:   55.43
      Required ratio:    0.00 (Cumulative side area) 

    Layer: via
      Partial area ratio:    0.27
      Required ratio:    6.00 (Gate area) 
      Cumulative area ratio:    0.39
      Required ratio:    0.00 (Cumulative area) 

    Layer: met2
      Partial area ratio:    2.89
      Required ratio:    0.00 (Gate area) 
      Cumulative area ratio:   14.22
      Required ratio:    0.00 (Cumulative area) 
      Partial area ratio:   14.18
      Required ratio:  400.00 (Side area) 
      Cumulative area ratio:   69.62
      Required ratio:    0.00 (Cumulative side area) 

    Layer: via2
      Partial area ratio:    0.03
      Required ratio:    6.00 (Gate area) 
      Cumulative area ratio:    0.42
      Required ratio:    0.00 (Cumulative area) 

    Layer: met3
      Partial area ratio:   18.64
      Required ratio:    0.00 (Gate area) 
      Cumulative area ratio:   32.86
      Required ratio:    0.00 (Cumulative area) 
      Partial area ratio:   99.73
      Required ratio:  400.00 (Side area) 
      Cumulative area ratio:  169.35
      Required ratio:    0.00 (Cumulative side area) 

    Layer: via3
      Partial area ratio:    0.03
      Required ratio:    6.00 (Gate area) 
      Cumulative area ratio:    0.45
      Required ratio:    0.00 (Cumulative area) 

    Layer: met4
      Partial area ratio:   27.33
      Required ratio:    0.00 (Gate area) 
      Cumulative area ratio:   60.18
      Required ratio:    0.00 (Cumulative area) 
      Partial area ratio:  146.01
      Required ratio: 2956.40 (Side area) 
      Cumulative area ratio:  315.36
      Required ratio:    0.00 (Cumulative side area) 


  Pin:   _24046_/A (sky130_fd_sc_hd__nor2_1)
    Layer: mcon
      Partial area ratio:    0.12
      Required ratio:    3.00 (Gate area) 
      Cumulative area ratio:    0.12
      Required ratio:    0.00 (Cumulative area) 

    Layer: met1
      Partial area ratio:    2.86
      Required ratio:    0.00 (Gate area) 
      Cumulative area ratio:    2.86
      Required ratio:    0.00 (Cumulative area) 
      Partial area ratio:   13.36
      Required ratio:  400.00 (Side area) 
      Cumulative area ratio:   13.36
      Required ratio:    0.00 (Cumulative side area) 

    Layer: via
      Partial area ratio:    0.18
      Required ratio:    6.00 (Gate area) 
      Cumulative area ratio:    0.30
      Required ratio:    0.00 (Cumulative area) 

    Layer: met2
      Partial area ratio:    2.89
      Required ratio:    0.00 (Gate area) 
      Cumulative area ratio:    5.75
      Required ratio:    0.00 (Cumulative area) 
      Partial area ratio:   14.18
      Required ratio:  400.00 (Side area) 
      Cumulative area ratio:   27.54
      Required ratio:    0.00 (Cumulative side area) 

    Layer: via2
      Partial area ratio:    0.03
      Required ratio:    6.00 (Gate area) 
      Cumulative area ratio:    0.33
      Required ratio:    0.00 (Cumulative area) 

    Layer: met3
      Partial area ratio:   18.64
      Required ratio:    0.00 (Gate area) 
      Cumulative area ratio:   24.39
      Required ratio:    0.00 (Cumulative area) 
      Partial area ratio:   99.73
      Required ratio:  400.00 (Side area) 
      Cumulative area ratio:  127.28
      Required ratio:    0.00 (Cumulative side area) 

    Layer: via3
      Partial area ratio:    0.03
      Required ratio:    6.00 (Gate area) 
      Cumulative area ratio:    0.36
      Required ratio:    0.00 (Cumulative area) 

    Layer: met4
      Partial area ratio:   27.33
      Required ratio:    0.00 (Gate area) 
      Cumulative area ratio:   51.72
      Required ratio:    0.00 (Cumulative area) 
      Partial area ratio:  146.01
      Required ratio: 2956.40 (Side area) 
      Cumulative area ratio:  273.29
      Required ratio:    0.00 (Cumulative side area) 


  Pin:   _24047_/A (sky130_fd_sc_hd__nand2_1)
    Layer: mcon
      Partial area ratio:    0.12
      Required ratio:    3.00 (Gate area) 
      Cumulative area ratio:    0.12
      Required ratio:    0.00 (Cumulative area) 

    Layer: met1
      Partial area ratio:    2.86
      Required ratio:    0.00 (Gate area) 
      Cumulative area ratio:    2.86
      Required ratio:    0.00 (Cumulative area) 
      Partial area ratio:   13.36
      Required ratio:  400.00 (Side area) 
      Cumulative area ratio:   13.36
      Required ratio:    0.00 (Cumulative side area) 

    Layer: via
      Partial area ratio:    0.18
      Required ratio:    6.00 (Gate area) 
      Cumulative area ratio:    0.30
      Required ratio:    0.00 (Cumulative area) 

    Layer: met2
      Partial area ratio:    2.89
      Required ratio:    0.00 (Gate area) 
      Cumulative area ratio:    5.75
      Required ratio:    0.00 (Cumulative area) 
      Partial area ratio:   14.18
      Required ratio:  400.00 (Side area) 
      Cumulative area ratio:   27.54
      Required ratio:    0.00 (Cumulative side area) 

    Layer: via2
      Partial area ratio:    0.03
      Required ratio:    6.00 (Gate area) 
      Cumulative area ratio:    0.33
      Required ratio:    0.00 (Cumulative area) 

    Layer: met3
      Partial area ratio:   18.64
      Required ratio:    0.00 (Gate area) 
      Cumulative area ratio:   24.39
      Required ratio:    0.00 (Cumulative area) 
      Partial area ratio:   99.73
      Required ratio:  400.00 (Side area) 
      Cumulative area ratio:  127.28
      Required ratio:    0.00 (Cumulative side area) 

    Layer: via3
      Partial area ratio:    0.03
      Required ratio:    6.00 (Gate area) 
      Cumulative area ratio:    0.36
      Required ratio:    0.00 (Cumulative area) 

    Layer: met4
      Partial area ratio:   27.33
      Required ratio:    0.00 (Gate area) 
      Cumulative area ratio:   51.72
      Required ratio:    0.00 (Cumulative area) 
      Partial area ratio:  146.01
      Required ratio: 2956.40 (Side area) 
      Cumulative area ratio:  273.29
      Required ratio:    0.00 (Cumulative side area) 


  Pin:   _24048_/A (sky130_fd_sc_hd__xnor2_1)
    Layer: mcon
      Partial area ratio:    0.06
      Required ratio:    3.00 (Gate area) 
      Cumulative area ratio:    0.06
      Required ratio:    0.00 (Cumulative area) 

    Layer: met1
      Partial area ratio:    1.08
      Required ratio:    0.00 (Gate area) 
      Cumulative area ratio:    1.08
      Required ratio:    0.00 (Cumulative area) 
      Partial area ratio:    5.04
      Required ratio:  400.00 (Side area) 
      Cumulative area ratio:    5.04
      Required ratio:    0.00 (Cumulative side area) 

    Layer: via
      Partial area ratio:    0.09
      Required ratio:    6.00 (Gate area) 
      Cumulative area ratio:    0.15
      Required ratio:    0.00 (Cumulative area) 

    Layer: met2
      Partial area ratio:    2.89
      Required ratio:    0.00 (Gate area) 
      Cumulative area ratio:    3.97
      Required ratio:    0.00 (Cumulative area) 
      Partial area ratio:   14.18
      Required ratio:  400.00 (Side area) 
      Cumulative area ratio:   19.23
      Required ratio:    0.00 (Cumulative side area) 

    Layer: via2
      Partial area ratio:    0.03
      Required ratio:    6.00 (Gate area) 
      Cumulative area ratio:    0.18
      Required ratio:    0.00 (Cumulative area) 

    Layer: met3
      Partial area ratio:   18.64
      Required ratio:    0.00 (Gate area) 
      Cumulative area ratio:   22.61
      Required ratio:    0.00 (Cumulative area) 
      Partial area ratio:   99.73
      Required ratio:  400.00 (Side area) 
      Cumulative area ratio:  118.96
      Required ratio:    0.00 (Cumulative side area) 

    Layer: via3
      Partial area ratio:    0.03
      Required ratio:    6.00 (Gate area) 
      Cumulative area ratio:    0.21
      Required ratio:    0.00 (Cumulative area) 

    Layer: met4
      Partial area ratio:   27.33
      Required ratio:    0.00 (Gate area) 
      Cumulative area ratio:   49.94
      Required ratio:    0.00 (Cumulative area) 
      Partial area ratio:  146.01
      Required ratio: 2956.40 (Side area) 
      Cumulative area ratio:  264.97
      Required ratio:    0.00 (Cumulative side area) 


  Pin:   fanout751/A (sky130_fd_sc_hd__clkbuf_4)
    Layer: mcon
      Partial area ratio:    0.14
      Required ratio:    3.00 (Gate area) 
      Cumulative area ratio:    0.14
      Required ratio:    0.00 (Cumulative area) 

    Layer: met1
      Partial area ratio:    7.08
      Required ratio:    0.00 (Gate area) 
      Cumulative area ratio:    7.08
      Required ratio:    0.00 (Cumulative area) 
      Partial area ratio:   33.72
      Required ratio: 2956.40 (Side area) 
      Cumulative area ratio:   33.72
      Required ratio:    0.00 (Cumulative side area) 

    Layer: via
      Partial area ratio:    0.32
      Required ratio:   38.08 (Gate area) 
      Cumulative area ratio:    0.45
      Required ratio:    0.00 (Cumulative area) 

    Layer: met2
      Partial area ratio:    1.27
      Required ratio:    0.00 (Gate area) 
      Cumulative area ratio:    8.35
      Required ratio:    0.00 (Cumulative area) 
      Partial area ratio:    5.95
      Required ratio: 2956.40 (Side area) 
      Cumulative area ratio:   39.67
      Required ratio:    0.00 (Cumulative side area) 

    Layer: via2
      Partial area ratio:    0.19
      Required ratio:   38.08 (Gate area) 
      Cumulative area ratio:    0.64
      Required ratio:    0.00 (Cumulative area) 

    Layer: met3
      Partial area ratio:    0.59
      Required ratio:    0.00 (Gate area) 
      Cumulative area ratio:    8.94
      Required ratio:    0.00 (Cumulative area) 
      Partial area ratio:    5.33
      Required ratio: 2956.40 (Side area) 
      Cumulative area ratio:   45.00
      Required ratio:    0.00 (Cumulative side area) 

    Layer: via3
      Partial area ratio:    0.19
      Required ratio:   38.08 (Gate area) 
      Cumulative area ratio:    0.83
      Required ratio:    0.00 (Cumulative area) 

    Layer: met4
      Partial area ratio:   27.33
      Required ratio:    0.00 (Gate area) 
      Cumulative area ratio:   36.27
      Required ratio:    0.00 (Cumulative area) 
      Partial area ratio:  146.01
      Required ratio: 2956.40 (Side area) 
      Cumulative area ratio:  191.01
      Required ratio:    0.00 (Cumulative side area) 


  Pin:   fanout752/A (sky130_fd_sc_hd__buf_2)
    Layer: mcon
      Partial area ratio:    0.18
      Required ratio:    3.00 (Gate area) 
      Cumulative area ratio:    0.18
      Required ratio:    0.00 (Cumulative area) 

    Layer: met1
      Partial area ratio:    3.36
      Required ratio:    0.00 (Gate area) 
      Cumulative area ratio:    3.36
      Required ratio:    0.00 (Cumulative area) 
      Partial area ratio:   15.62
      Required ratio:  400.00 (Side area) 
      Cumulative area ratio:   15.62
      Required ratio:    0.00 (Cumulative side area) 

    Layer: via
      Partial area ratio:    0.28
      Required ratio:    6.00 (Gate area) 
      Cumulative area ratio:    0.46
      Required ratio:    0.00 (Cumulative area) 

    Layer: met2
      Partial area ratio:    1.17
      Required ratio:    0.00 (Gate area) 
      Cumulative area ratio:    4.53
      Required ratio:    0.00 (Cumulative area) 
      Partial area ratio:    5.42
      Required ratio:  400.00 (Side area) 
      Cumulative area ratio:   21.03
      Required ratio:    0.00 (Cumulative side area) 

    Layer: via2
      Partial area ratio:    0.25
      Required ratio:    6.00 (Gate area) 
      Cumulative area ratio:    0.72
      Required ratio:    0.00 (Cumulative area) 

    Layer: met3
      Partial area ratio:  196.06
      Required ratio:    0.00 (Gate area) 
      Cumulative area ratio:  200.59
      Required ratio:    0.00 (Cumulative area) 
      Partial area ratio: 1048.60
      Required ratio:  400.00 (Side area) (VIOLATED)
      Cumulative area ratio: 1069.63
      Required ratio:    0.00 (Cumulative side area) 

    Layer: via3
      Partial area ratio:    0.25
      Required ratio:    6.00 (Gate area) 
      Cumulative area ratio:    0.97
      Required ratio:    0.00 (Cumulative area) 

    Layer: met4
      Partial area ratio:   27.33
      Required ratio:    0.00 (Gate area) 
      Cumulative area ratio:  227.92
      Required ratio:    0.00 (Cumulative area) 
      Partial area ratio:  146.01
      Required ratio: 2956.40 (Side area) 
      Cumulative area ratio: 1215.65
      Required ratio:    0.00 (Cumulative side area) 


  Pin:   fanout753/A (sky130_fd_sc_hd__clkbuf_4)
    Layer: mcon
      Partial area ratio:    0.14
      Required ratio:    3.00 (Gate area) 
      Cumulative area ratio:    0.14
      Required ratio:    0.00 (Cumulative area) 

    Layer: met1
      Partial area ratio:    2.68
      Required ratio:    0.00 (Gate area) 
      Cumulative area ratio:    2.68
      Required ratio:    0.00 (Cumulative area) 
      Partial area ratio:   12.54
      Required ratio:  400.00 (Side area) 
      Cumulative area ratio:   12.54
      Required ratio:    0.00 (Cumulative side area) 

    Layer: via
      Partial area ratio:    0.21
      Required ratio:    6.00 (Gate area) 
      Cumulative area ratio:    0.35
      Required ratio:    0.00 (Cumulative area) 

    Layer: met2
      Partial area ratio:    0.88
      Required ratio:    0.00 (Gate area) 
      Cumulative area ratio:    3.56
      Required ratio:    0.00 (Cumulative area) 
      Partial area ratio:    4.04
      Required ratio:  400.00 (Side area) 
      Cumulative area ratio:   16.58
      Required ratio:    0.00 (Cumulative side area) 

    Layer: via2
      Partial area ratio:    0.19
      Required ratio:    6.00 (Gate area) 
      Cumulative area ratio:    0.53
      Required ratio:    0.00 (Cumulative area) 

    Layer: met3
      Partial area ratio:   18.64
      Required ratio:    0.00 (Gate area) 
      Cumulative area ratio:   22.20
      Required ratio:    0.00 (Cumulative area) 
      Partial area ratio:   99.73
      Required ratio:  400.00 (Side area) 
      Cumulative area ratio:  116.31
      Required ratio:    0.00 (Cumulative side area) 

    Layer: via3
      Partial area ratio:    0.03
      Required ratio:    6.00 (Gate area) 
      Cumulative area ratio:    0.56
      Required ratio:    0.00 (Cumulative area) 

    Layer: met4
      Partial area ratio:   27.33
      Required ratio:    0.00 (Gate area) 
      Cumulative area ratio:   49.53
      Required ratio:    0.00 (Cumulative area) 
      Partial area ratio:  146.01
      Required ratio: 2956.40 (Side area) 
      Cumulative area ratio:  262.33
      Required ratio:    0.00 (Cumulative side area) 



Net: net756
  Pin:   _26438_/A (sky130_fd_sc_hd__nor2_1)
    Layer: mcon
      Partial area ratio:    0.12
      Required ratio:    3.00 (Gate area) 
      Cumulative area ratio:    0.12
      Required ratio:    0.00 (Cumulative area) 

    Layer: met1
      Partial area ratio:    3.36
      Required ratio:    0.00 (Gate area) 
      Cumulative area ratio:    3.36
      Required ratio:    0.00 (Cumulative area) 
      Partial area ratio:   15.55
      Required ratio:  400.00 (Side area) 
      Cumulative area ratio:   15.55
      Required ratio:    0.00 (Cumulative side area) 

    Layer: via
      Partial area ratio:    0.18
      Required ratio:    6.00 (Gate area) 
      Cumulative area ratio:    0.30
      Required ratio:    0.00 (Cumulative area) 

    Layer: met2
      Partial area ratio:    9.36
      Required ratio:    0.00 (Gate area) 
      Cumulative area ratio:   12.71
      Required ratio:    0.00 (Cumulative area) 
      Partial area ratio:   46.21
      Required ratio: 2918.08 (Side area) 
      Cumulative area ratio:   61.75
      Required ratio:    0.00 (Cumulative side area) 

    Layer: via2
      Partial area ratio:    0.03
      Required ratio:   34.63 (Gate area) 
      Cumulative area ratio:    0.32
      Required ratio:    0.00 (Cumulative area) 

    Layer: met3
      Partial area ratio:    1.10
      Required ratio:    0.00 (Gate area) 
      Cumulative area ratio:   13.82
      Required ratio:    0.00 (Cumulative area) 
      Partial area ratio:    6.11
      Required ratio: 2918.08 (Side area) 
      Cumulative area ratio:   67.86
      Required ratio:    0.00 (Cumulative side area) 


  Pin:   _26439_/A (sky130_fd_sc_hd__and2_1)
    Layer: mcon
      Partial area ratio:    0.23
      Required ratio:    3.00 (Gate area) 
      Cumulative area ratio:    0.23
      Required ratio:    0.00 (Cumulative area) 

    Layer: met1
      Partial area ratio:    3.36
      Required ratio:    0.00 (Gate area) 
      Cumulative area ratio:    3.36
      Required ratio:    0.00 (Cumulative area) 
      Partial area ratio:   15.55
      Required ratio:  400.00 (Side area) 
      Cumulative area ratio:   15.55
      Required ratio:    0.00 (Cumulative side area) 

    Layer: via
      Partial area ratio:    0.18
      Required ratio:    6.00 (Gate area) 
      Cumulative area ratio:    0.41
      Required ratio:    0.00 (Cumulative area) 

    Layer: met2
      Partial area ratio:    9.36
      Required ratio:    0.00 (Gate area) 
      Cumulative area ratio:   12.71
      Required ratio:    0.00 (Cumulative area) 
      Partial area ratio:   46.21
      Required ratio: 2918.08 (Side area) 
      Cumulative area ratio:   61.75
      Required ratio:    0.00 (Cumulative side area) 

    Layer: via2
      Partial area ratio:    0.03
      Required ratio:   34.63 (Gate area) 
      Cumulative area ratio:    0.44
      Required ratio:    0.00 (Cumulative area) 

    Layer: met3
      Partial area ratio:    1.10
      Required ratio:    0.00 (Gate area) 
      Cumulative area ratio:   13.82
      Required ratio:    0.00 (Cumulative area) 
      Partial area ratio:    6.11
      Required ratio: 2918.08 (Side area) 
      Cumulative area ratio:   67.86
      Required ratio:    0.00 (Cumulative side area) 


  Pin:   _26569_/A1_N (sky130_fd_sc_hd__a2bb2o_1)
    Layer: mcon
      Partial area ratio:    0.23
      Required ratio:    3.00 (Gate area) 
      Cumulative area ratio:    0.23
      Required ratio:    0.00 (Cumulative area) 

    Layer: met1
      Partial area ratio:    3.36
      Required ratio:    0.00 (Gate area) 
      Cumulative area ratio:    3.36
      Required ratio:    0.00 (Cumulative area) 
      Partial area ratio:   15.55
      Required ratio:  400.00 (Side area) 
      Cumulative area ratio:   15.55
      Required ratio:    0.00 (Cumulative side area) 

    Layer: via
      Partial area ratio:    0.18
      Required ratio:    6.00 (Gate area) 
      Cumulative area ratio:    0.41
      Required ratio:    0.00 (Cumulative area) 

    Layer: met2
      Partial area ratio:    9.36
      Required ratio:    0.00 (Gate area) 
      Cumulative area ratio:   12.71
      Required ratio:    0.00 (Cumulative area) 
      Partial area ratio:   46.21
      Required ratio: 2918.08 (Side area) 
      Cumulative area ratio:   61.75
      Required ratio:    0.00 (Cumulative side area) 

    Layer: via2
      Partial area ratio:    0.03
      Required ratio:   34.63 (Gate area) 
      Cumulative area ratio:    0.44
      Required ratio:    0.00 (Cumulative area) 

    Layer: met3
      Partial area ratio:    1.10
      Required ratio:    0.00 (Gate area) 
      Cumulative area ratio:   13.82
      Required ratio:    0.00 (Cumulative area) 
      Partial area ratio:    6.11
      Required ratio: 2918.08 (Side area) 
      Cumulative area ratio:   67.86
      Required ratio:    0.00 (Cumulative side area) 


  Pin:   _27147_/A (sky130_fd_sc_hd__nor2_1)
    Layer: mcon
      Partial area ratio:    0.12
      Required ratio:    3.00 (Gate area) 
      Cumulative area ratio:    0.12
      Required ratio:    0.00 (Cumulative area) 

    Layer: met1
      Partial area ratio:   14.09
      Required ratio:    0.00 (Gate area) 
      Cumulative area ratio:   14.09
      Required ratio:    0.00 (Cumulative area) 
      Partial area ratio:   69.65
      Required ratio:  400.00 (Side area) 
      Cumulative area ratio:   69.65
      Required ratio:    0.00 (Cumulative side area) 

    Layer: via
      Partial area ratio:    0.20
      Required ratio:    6.00 (Gate area) 
      Cumulative area ratio:    0.32
      Required ratio:    0.00 (Cumulative area) 

    Layer: met2
      Partial area ratio:    9.36
      Required ratio:    0.00 (Gate area) 
      Cumulative area ratio:   23.45
      Required ratio:    0.00 (Cumulative area) 
      Partial area ratio:   46.21
      Required ratio: 2918.08 (Side area) 
      Cumulative area ratio:  115.85
      Required ratio:    0.00 (Cumulative side area) 

    Layer: via2
      Partial area ratio:    0.03
      Required ratio:   34.63 (Gate area) 
      Cumulative area ratio:    0.34
      Required ratio:    0.00 (Cumulative area) 

    Layer: met3
      Partial area ratio:    1.10
      Required ratio:    0.00 (Gate area) 
      Cumulative area ratio:   24.55
      Required ratio:    0.00 (Cumulative area) 
      Partial area ratio:    6.11
      Required ratio: 2918.08 (Side area) 
      Cumulative area ratio:  121.96
      Required ratio:    0.00 (Cumulative side area) 


  Pin:   _27148_/A (sky130_fd_sc_hd__or2_1)
    Layer: mcon
      Partial area ratio:    0.23
      Required ratio:    3.00 (Gate area) 
      Cumulative area ratio:    0.23
      Required ratio:    0.00 (Cumulative area) 

    Layer: met1
      Partial area ratio:   27.86
      Required ratio:    0.00 (Gate area) 
      Cumulative area ratio:   27.86
      Required ratio:    0.00 (Cumulative area) 
      Partial area ratio:  137.49
      Required ratio:  400.00 (Side area) 
      Cumulative area ratio:  137.49
      Required ratio:    0.00 (Cumulative side area) 

    Layer: via
      Partial area ratio:    0.54
      Required ratio:    6.00 (Gate area) 
      Cumulative area ratio:    0.77
      Required ratio:    0.00 (Cumulative area) 

    Layer: met2
      Partial area ratio:    9.36
      Required ratio:    0.00 (Gate area) 
      Cumulative area ratio:   37.21
      Required ratio:    0.00 (Cumulative area) 
      Partial area ratio:   46.21
      Required ratio: 2918.08 (Side area) 
      Cumulative area ratio:  183.69
      Required ratio:    0.00 (Cumulative side area) 

    Layer: via2
      Partial area ratio:    0.03
      Required ratio:   34.63 (Gate area) 
      Cumulative area ratio:    0.79
      Required ratio:    0.00 (Cumulative area) 

    Layer: met3
      Partial area ratio:    1.10
      Required ratio:    0.00 (Gate area) 
      Cumulative area ratio:   38.31
      Required ratio:    0.00 (Cumulative area) 
      Partial area ratio:    6.11
      Required ratio: 2918.08 (Side area) 
      Cumulative area ratio:  189.80
      Required ratio:    0.00 (Cumulative side area) 


  Pin:   _28111_/A (sky130_fd_sc_hd__or2_1)
    Layer: mcon
      Partial area ratio:    0.23
      Required ratio:    3.00 (Gate area) 
      Cumulative area ratio:    0.23
      Required ratio:    0.00 (Cumulative area) 

    Layer: met1
      Partial area ratio:   89.57
      Required ratio:    0.00 (Gate area) 
      Cumulative area ratio:   89.57
      Required ratio:    0.00 (Cumulative area) 
      Partial area ratio:  445.50
      Required ratio:  400.00 (Side area) (VIOLATED)
      Cumulative area ratio:  445.50
      Required ratio:    0.00 (Cumulative side area) 

    Layer: via
      Partial area ratio:    0.54
      Required ratio:    6.00 (Gate area) 
      Cumulative area ratio:    0.77
      Required ratio:    0.00 (Cumulative area) 

    Layer: met2
      Partial area ratio:    9.36
      Required ratio:    0.00 (Gate area) 
      Cumulative area ratio:   98.92
      Required ratio:    0.00 (Cumulative area) 
      Partial area ratio:   46.21
      Required ratio: 2918.08 (Side area) 
      Cumulative area ratio:  491.71
      Required ratio:    0.00 (Cumulative side area) 

    Layer: via2
      Partial area ratio:    0.03
      Required ratio:   34.63 (Gate area) 
      Cumulative area ratio:    0.79
      Required ratio:    0.00 (Cumulative area) 

    Layer: met3
      Partial area ratio:    1.10
      Required ratio:    0.00 (Gate area) 
      Cumulative area ratio:  100.02
      Required ratio:    0.00 (Cumulative area) 
      Partial area ratio:    6.11
      Required ratio: 2918.08 (Side area) 
      Cumulative area ratio:  497.81
      Required ratio:    0.00 (Cumulative side area) 


  Pin:   _29691_/A (sky130_fd_sc_hd__nor2_1)
    Layer: mcon
      Partial area ratio:    0.12
      Required ratio:    3.00 (Gate area) 
      Cumulative area ratio:    0.12
      Required ratio:    0.00 (Cumulative area) 

    Layer: met1
      Partial area ratio:    3.93
      Required ratio:    0.00 (Gate area) 
      Cumulative area ratio:    3.93
      Required ratio:    0.00 (Cumulative area) 
      Partial area ratio:   18.55
      Required ratio: 2918.08 (Side area) 
      Cumulative area ratio:   18.55
      Required ratio:    0.00 (Cumulative side area) 

    Layer: via
      Partial area ratio:    0.18
      Required ratio:   34.63 (Gate area) 
      Cumulative area ratio:    0.30
      Required ratio:    0.00 (Cumulative area) 

    Layer: met2
      Partial area ratio:    9.36
      Required ratio:    0.00 (Gate area) 
      Cumulative area ratio:   13.28
      Required ratio:    0.00 (Cumulative area) 
      Partial area ratio:   46.21
      Required ratio: 2918.08 (Side area) 
      Cumulative area ratio:   64.76
      Required ratio:    0.00 (Cumulative side area) 

    Layer: via2
      Partial area ratio:    0.03
      Required ratio:   34.63 (Gate area) 
      Cumulative area ratio:    0.33
      Required ratio:    0.00 (Cumulative area) 

    Layer: met3
      Partial area ratio:    1.10
      Required ratio:    0.00 (Gate area) 
      Cumulative area ratio:   14.38
      Required ratio:    0.00 (Cumulative area) 
      Partial area ratio:    6.11
      Required ratio: 2918.08 (Side area) 
      Cumulative area ratio:   70.86
      Required ratio:    0.00 (Cumulative side area) 


  Pin:   _29705_/A (sky130_fd_sc_hd__nand2_1)
    Layer: mcon
      Partial area ratio:    0.12
      Required ratio:    3.00 (Gate area) 
      Cumulative area ratio:    0.12
      Required ratio:    0.00 (Cumulative area) 

    Layer: met1
      Partial area ratio:    3.93
      Required ratio:    0.00 (Gate area) 
      Cumulative area ratio:    3.93
      Required ratio:    0.00 (Cumulative area) 
      Partial area ratio:   18.55
      Required ratio: 2918.08 (Side area) 
      Cumulative area ratio:   18.55
      Required ratio:    0.00 (Cumulative side area) 

    Layer: via
      Partial area ratio:    0.18
      Required ratio:   34.63 (Gate area) 
      Cumulative area ratio:    0.30
      Required ratio:    0.00 (Cumulative area) 

    Layer: met2
      Partial area ratio:    9.36
      Required ratio:    0.00 (Gate area) 
      Cumulative area ratio:   13.28
      Required ratio:    0.00 (Cumulative area) 
      Partial area ratio:   46.21
      Required ratio: 2918.08 (Side area) 
      Cumulative area ratio:   64.76
      Required ratio:    0.00 (Cumulative side area) 

    Layer: via2
      Partial area ratio:    0.03
      Required ratio:   34.63 (Gate area) 
      Cumulative area ratio:    0.33
      Required ratio:    0.00 (Cumulative area) 

    Layer: met3
      Partial area ratio:    1.10
      Required ratio:    0.00 (Gate area) 
      Cumulative area ratio:   14.38
      Required ratio:    0.00 (Cumulative area) 
      Partial area ratio:    6.11
      Required ratio: 2918.08 (Side area) 
      Cumulative area ratio:   70.86
      Required ratio:    0.00 (Cumulative side area) 


  Pin:   _29988_/B2 (sky130_fd_sc_hd__a22o_1)
    Layer: mcon
      Partial area ratio:    0.12
      Required ratio:    3.00 (Gate area) 
      Cumulative area ratio:    0.12
      Required ratio:    0.00 (Cumulative area) 

    Layer: met1
      Partial area ratio:    3.01
      Required ratio:    0.00 (Gate area) 
      Cumulative area ratio:    3.01
      Required ratio:    0.00 (Cumulative area) 
      Partial area ratio:   14.32
      Required ratio:  400.00 (Side area) 
      Cumulative area ratio:   14.32
      Required ratio:    0.00 (Cumulative side area) 

    Layer: via
      Partial area ratio:    0.14
      Required ratio:    6.00 (Gate area) 
      Cumulative area ratio:    0.25
      Required ratio:    0.00 (Cumulative area) 

    Layer: met2
      Partial area ratio:    0.55
      Required ratio:    0.00 (Gate area) 
      Cumulative area ratio:    3.55
      Required ratio:    0.00 (Cumulative area) 
      Partial area ratio:    2.56
      Required ratio:  400.00 (Side area) 
      Cumulative area ratio:   16.87
      Required ratio:    0.00 (Cumulative side area) 

    Layer: via2
      Partial area ratio:    0.08
      Required ratio:    6.00 (Gate area) 
      Cumulative area ratio:    0.33
      Required ratio:    0.00 (Cumulative area) 

    Layer: met3
      Partial area ratio:    1.10
      Required ratio:    0.00 (Gate area) 
      Cumulative area ratio:    4.65
      Required ratio:    0.00 (Cumulative area) 
      Partial area ratio:    6.11
      Required ratio: 2918.08 (Side area) 
      Cumulative area ratio:   22.98
      Required ratio:    0.00 (Cumulative side area) 


  Pin:   _29989_/A1 (sky130_fd_sc_hd__o21ba_1)
    Layer: mcon
      Partial area ratio:    0.12
      Required ratio:    3.00 (Gate area) 
      Cumulative area ratio:    0.12
      Required ratio:    0.00 (Cumulative area) 

    Layer: met1
      Partial area ratio:    3.01
      Required ratio:    0.00 (Gate area) 
      Cumulative area ratio:    3.01
      Required ratio:    0.00 (Cumulative area) 
      Partial area ratio:   14.32
      Required ratio:  400.00 (Side area) 
      Cumulative area ratio:   14.32
      Required ratio:    0.00 (Cumulative side area) 

    Layer: via
      Partial area ratio:    0.14
      Required ratio:    6.00 (Gate area) 
      Cumulative area ratio:    0.25
      Required ratio:    0.00 (Cumulative area) 

    Layer: met2
      Partial area ratio:    0.55
      Required ratio:    0.00 (Gate area) 
      Cumulative area ratio:    3.55
      Required ratio:    0.00 (Cumulative area) 
      Partial area ratio:    2.56
      Required ratio:  400.00 (Side area) 
      Cumulative area ratio:   16.87
      Required ratio:    0.00 (Cumulative side area) 

    Layer: via2
      Partial area ratio:    0.08
      Required ratio:    6.00 (Gate area) 
      Cumulative area ratio:    0.33
      Required ratio:    0.00 (Cumulative area) 

    Layer: met3
      Partial area ratio:    1.10
      Required ratio:    0.00 (Gate area) 
      Cumulative area ratio:    4.65
      Required ratio:    0.00 (Cumulative area) 
      Partial area ratio:    6.11
      Required ratio: 2918.08 (Side area) 
      Cumulative area ratio:   22.98
      Required ratio:    0.00 (Cumulative side area) 



Net: net765
  Pin:   _25360_/A (sky130_fd_sc_hd__nor2_1)
    Layer: mcon
      Partial area ratio:    0.12
      Required ratio:    3.00 (Gate area) 
      Cumulative area ratio:    0.12
      Required ratio:    0.00 (Cumulative area) 

    Layer: met1
      Partial area ratio:    2.91
      Required ratio:    0.00 (Gate area) 
      Cumulative area ratio:    2.91
      Required ratio:    0.00 (Cumulative area) 
      Partial area ratio:   13.79
      Required ratio:  400.00 (Side area) 
      Cumulative area ratio:   13.79
      Required ratio:    0.00 (Cumulative side area) 

    Layer: via
      Partial area ratio:    0.18
      Required ratio:    6.00 (Gate area) 
      Cumulative area ratio:    0.30
      Required ratio:    0.00 (Cumulative area) 

    Layer: met2
      Partial area ratio:    0.75
      Required ratio:    0.00 (Gate area) 
      Cumulative area ratio:    3.66
      Required ratio:    0.00 (Cumulative area) 
      Partial area ratio:    3.48
      Required ratio:  400.00 (Side area) 
      Cumulative area ratio:   17.27
      Required ratio:    0.00 (Cumulative side area) 

    Layer: via2
      Partial area ratio:    0.16
      Required ratio:    6.00 (Gate area) 
      Cumulative area ratio:    0.46
      Required ratio:    0.00 (Cumulative area) 

    Layer: met3
      Partial area ratio:   24.95
      Required ratio:    0.00 (Gate area) 
      Cumulative area ratio:   28.61
      Required ratio:    0.00 (Cumulative area) 
      Partial area ratio:  134.46
      Required ratio:  400.00 (Side area) 
      Cumulative area ratio:  151.73
      Required ratio:    0.00 (Cumulative side area) 

    Layer: via3
      Partial area ratio:    0.06
      Required ratio:    6.00 (Gate area) 
      Cumulative area ratio:    0.52
      Required ratio:    0.00 (Cumulative area) 

    Layer: met4
      Partial area ratio:   56.96
      Required ratio:    0.00 (Gate area) 
      Cumulative area ratio:   85.57
      Required ratio:    0.00 (Cumulative area) 
      Partial area ratio:  304.14
      Required ratio: 2956.40 (Side area) 
      Cumulative area ratio:  455.87
      Required ratio:    0.00 (Cumulative side area) 


  Pin:   fanout760/A (sky130_fd_sc_hd__clkbuf_4)
    Layer: mcon
      Partial area ratio:    0.14
      Required ratio:    3.00 (Gate area) 
      Cumulative area ratio:    0.14
      Required ratio:    0.00 (Cumulative area) 

    Layer: met1
      Partial area ratio:    2.82
      Required ratio:    0.00 (Gate area) 
      Cumulative area ratio:    2.82
      Required ratio:    0.00 (Cumulative area) 
      Partial area ratio:   13.46
      Required ratio:  400.00 (Side area) 
      Cumulative area ratio:   13.46
      Required ratio:    0.00 (Cumulative side area) 

    Layer: via
      Partial area ratio:    0.17
      Required ratio:    6.00 (Gate area) 
      Cumulative area ratio:    0.30
      Required ratio:    0.00 (Cumulative area) 

    Layer: met2
      Partial area ratio:    0.61
      Required ratio:    0.00 (Gate area) 
      Cumulative area ratio:    3.42
      Required ratio:    0.00 (Cumulative area) 
      Partial area ratio:    2.40
      Required ratio:  400.00 (Side area) 
      Cumulative area ratio:   15.86
      Required ratio:    0.00 (Cumulative side area) 

    Layer: via2
      Partial area ratio:    0.19
      Required ratio:    6.00 (Gate area) 
      Cumulative area ratio:    0.49
      Required ratio:    0.00 (Cumulative area) 

    Layer: met3
      Partial area ratio:   88.05
      Required ratio:    0.00 (Gate area) 
      Cumulative area ratio:   91.47
      Required ratio:    0.00 (Cumulative area) 
      Partial area ratio:  471.77
      Required ratio:  400.00 (Side area) (VIOLATED)
      Cumulative area ratio:  487.63
      Required ratio:    0.00 (Cumulative side area) 

    Layer: via3
      Partial area ratio:    0.19
      Required ratio:    6.00 (Gate area) 
      Cumulative area ratio:    0.68
      Required ratio:    0.00 (Cumulative area) 

    Layer: met4
      Partial area ratio:   56.96
      Required ratio:    0.00 (Gate area) 
      Cumulative area ratio:  148.43
      Required ratio:    0.00 (Cumulative area) 
      Partial area ratio:  304.14
      Required ratio: 2956.40 (Side area) 
      Cumulative area ratio:  791.77
      Required ratio:    0.00 (Cumulative side area) 


  Pin:   fanout761/A (sky130_fd_sc_hd__buf_4)
    Layer: mcon
      Partial area ratio:    0.12
      Required ratio:    3.00 (Gate area) 
      Cumulative area ratio:    0.12
      Required ratio:    0.00 (Cumulative area) 

    Layer: met1
      Partial area ratio:    9.73
      Required ratio:    0.00 (Gate area) 
      Cumulative area ratio:    9.73
      Required ratio:    0.00 (Cumulative area) 
      Partial area ratio:   47.19
      Required ratio: 2956.40 (Side area) 
      Cumulative area ratio:   47.19
      Required ratio:    0.00 (Cumulative side area) 

    Layer: via
      Partial area ratio:    0.27
      Required ratio:   38.08 (Gate area) 
      Cumulative area ratio:    0.39
      Required ratio:    0.00 (Cumulative area) 

    Layer: met2
      Partial area ratio:   16.84
      Required ratio:    0.00 (Gate area) 
      Cumulative area ratio:   26.57
      Required ratio:    0.00 (Cumulative area) 
      Partial area ratio:   83.45
      Required ratio: 2956.40 (Side area) 
      Cumulative area ratio:  130.64
      Required ratio:    0.00 (Cumulative side area) 

    Layer: via2
      Partial area ratio:    0.16
      Required ratio:   38.08 (Gate area) 
      Cumulative area ratio:    0.55
      Required ratio:    0.00 (Cumulative area) 

    Layer: met3
      Partial area ratio:    8.86
      Required ratio:    0.00 (Gate area) 
      Cumulative area ratio:   35.44
      Required ratio:    0.00 (Cumulative area) 
      Partial area ratio:   49.16
      Required ratio: 2956.40 (Side area) 
      Cumulative area ratio:  179.80
      Required ratio:    0.00 (Cumulative side area) 

    Layer: via3
      Partial area ratio:    0.16
      Required ratio:   38.08 (Gate area) 
      Cumulative area ratio:    0.71
      Required ratio:    0.00 (Cumulative area) 

    Layer: met4
      Partial area ratio:   56.96
      Required ratio:    0.00 (Gate area) 
      Cumulative area ratio:   92.40
      Required ratio:    0.00 (Cumulative area) 
      Partial area ratio:  304.14
      Required ratio: 2956.40 (Side area) 
      Cumulative area ratio:  483.94
      Required ratio:    0.00 (Cumulative side area) 


  Pin:   fanout762/A (sky130_fd_sc_hd__clkbuf_4)
    Layer: mcon
      Partial area ratio:    0.14
      Required ratio:    3.00 (Gate area) 
      Cumulative area ratio:    0.14
      Required ratio:    0.00 (Cumulative area) 

    Layer: met1
      Partial area ratio:    1.52
      Required ratio:    0.00 (Gate area) 
      Cumulative area ratio:    1.52
      Required ratio:    0.00 (Cumulative area) 
      Partial area ratio:    6.75
      Required ratio:  400.00 (Side area) 
      Cumulative area ratio:    6.75
      Required ratio:    0.00 (Cumulative side area) 

    Layer: via
      Partial area ratio:    0.21
      Required ratio:    6.00 (Gate area) 
      Cumulative area ratio:    0.35
      Required ratio:    0.00 (Cumulative area) 

    Layer: met2
      Partial area ratio:    0.88
      Required ratio:    0.00 (Gate area) 
      Cumulative area ratio:    2.40
      Required ratio:    0.00 (Cumulative area) 
      Partial area ratio:    4.04
      Required ratio:  400.00 (Side area) 
      Cumulative area ratio:   10.80
      Required ratio:    0.00 (Cumulative side area) 

    Layer: via2
      Partial area ratio:    0.19
      Required ratio:    6.00 (Gate area) 
      Cumulative area ratio:    0.53
      Required ratio:    0.00 (Cumulative area) 

    Layer: met3
      Partial area ratio:    0.59
      Required ratio:    0.00 (Gate area) 
      Cumulative area ratio:    2.99
      Required ratio:    0.00 (Cumulative area) 
      Partial area ratio:    5.33
      Required ratio:  400.00 (Side area) 
      Cumulative area ratio:   16.13
      Required ratio:    0.00 (Cumulative side area) 

    Layer: via3
      Partial area ratio:    0.19
      Required ratio:    6.00 (Gate area) 
      Cumulative area ratio:    0.72
      Required ratio:    0.00 (Cumulative area) 

    Layer: met4
      Partial area ratio:   56.96
      Required ratio:    0.00 (Gate area) 
      Cumulative area ratio:   59.95
      Required ratio:    0.00 (Cumulative area) 
      Partial area ratio:  304.14
      Required ratio: 2956.40 (Side area) 
      Cumulative area ratio:  320.27
      Required ratio:    0.00 (Cumulative side area) 


  Pin:   fanout764/A (sky130_fd_sc_hd__clkbuf_8)
    Layer: mcon
      Partial area ratio:    0.07
      Required ratio:    3.00 (Gate area) 
      Cumulative area ratio:    0.07
      Required ratio:    0.00 (Cumulative area) 

    Layer: met1
      Partial area ratio:   34.31
      Required ratio:    0.00 (Gate area) 
      Cumulative area ratio:   34.31
      Required ratio:    0.00 (Cumulative area) 
      Partial area ratio:  171.16
      Required ratio:  400.00 (Side area) 
      Cumulative area ratio:  171.16
      Required ratio:    0.00 (Cumulative side area) 

    Layer: via
      Partial area ratio:    0.11
      Required ratio:    6.00 (Gate area) 
      Cumulative area ratio:    0.17
      Required ratio:    0.00 (Cumulative area) 

    Layer: met2
      Partial area ratio:    7.65
      Required ratio:    0.00 (Gate area) 
      Cumulative area ratio:   41.96
      Required ratio:    0.00 (Cumulative area) 
      Partial area ratio:   37.42
      Required ratio:  400.00 (Side area) 
      Cumulative area ratio:  208.58
      Required ratio:    0.00 (Cumulative side area) 

    Layer: via2
      Partial area ratio:    0.19
      Required ratio:    6.00 (Gate area) 
      Cumulative area ratio:    0.36
      Required ratio:    0.00 (Cumulative area) 

    Layer: met3
      Partial area ratio:   24.95
      Required ratio:    0.00 (Gate area) 
      Cumulative area ratio:   66.91
      Required ratio:    0.00 (Cumulative area) 
      Partial area ratio:  134.46
      Required ratio:  400.00 (Side area) 
      Cumulative area ratio:  343.04
      Required ratio:    0.00 (Cumulative side area) 

    Layer: via3
      Partial area ratio:    0.06
      Required ratio:    6.00 (Gate area) 
      Cumulative area ratio:    0.42
      Required ratio:    0.00 (Cumulative area) 

    Layer: met4
      Partial area ratio:   56.96
      Required ratio:    0.00 (Gate area) 
      Cumulative area ratio:  123.87
      Required ratio:    0.00 (Cumulative area) 
      Partial area ratio:  304.14
      Required ratio: 2956.40 (Side area) 
      Cumulative area ratio:  647.18
      Required ratio:    0.00 (Cumulative side area) 



Net: net770
  Pin:   _16161_/A (sky130_fd_sc_hd__nor2_1)
    Layer: mcon
      Partial area ratio:    0.12
      Required ratio:    3.00 (Gate area) 
      Cumulative area ratio:    0.12
      Required ratio:    0.00 (Cumulative area) 

    Layer: met1
      Partial area ratio:    9.75
      Required ratio:    0.00 (Gate area) 
      Cumulative area ratio:    9.75
      Required ratio:    0.00 (Cumulative area) 
      Partial area ratio:   47.93
      Required ratio:  400.00 (Side area) 
      Cumulative area ratio:   47.93
      Required ratio:    0.00 (Cumulative side area) 

    Layer: via
      Partial area ratio:    0.18
      Required ratio:    6.00 (Gate area) 
      Cumulative area ratio:    0.30
      Required ratio:    0.00 (Cumulative area) 

    Layer: met2
      Partial area ratio:    0.75
      Required ratio:    0.00 (Gate area) 
      Cumulative area ratio:   10.50
      Required ratio:    0.00 (Cumulative area) 
      Partial area ratio:    3.48
      Required ratio:  400.00 (Side area) 
      Cumulative area ratio:   51.40
      Required ratio:    0.00 (Cumulative side area) 

    Layer: via2
      Partial area ratio:    0.16
      Required ratio:    6.00 (Gate area) 
      Cumulative area ratio:    0.46
      Required ratio:    0.00 (Cumulative area) 

    Layer: met3
      Partial area ratio:  109.26
      Required ratio:    0.00 (Gate area) 
      Cumulative area ratio:  119.77
      Required ratio:    0.00 (Cumulative area) 
      Partial area ratio:  584.60
      Required ratio:  400.00 (Side area) (VIOLATED)
      Cumulative area ratio:  636.00
      Required ratio:    0.00 (Cumulative side area) 

    Layer: via3
      Partial area ratio:    0.32
      Required ratio:    6.00 (Gate area) 
      Cumulative area ratio:    0.78
      Required ratio:    0.00 (Cumulative area) 

    Layer: met4
      Partial area ratio:   41.45
      Required ratio:    0.00 (Gate area) 
      Cumulative area ratio:  161.22
      Required ratio:    0.00 (Cumulative area) 
      Partial area ratio:  221.47
      Required ratio: 3134.60 (Side area) 
      Cumulative area ratio:  857.47
      Required ratio:    0.00 (Cumulative side area) 


  Pin:   _17043_/A (sky130_fd_sc_hd__xnor2_1)
    Layer: mcon
      Partial area ratio:    0.06
      Required ratio:    3.00 (Gate area) 
      Cumulative area ratio:    0.06
      Required ratio:    0.00 (Cumulative area) 

    Layer: met1
      Partial area ratio:    1.77
      Required ratio:    0.00 (Gate area) 
      Cumulative area ratio:    1.77
      Required ratio:    0.00 (Cumulative area) 
      Partial area ratio:    8.39
      Required ratio:  400.00 (Side area) 
      Cumulative area ratio:    8.39
      Required ratio:    0.00 (Cumulative side area) 

    Layer: via
      Partial area ratio:    0.09
      Required ratio:    6.00 (Gate area) 
      Cumulative area ratio:    0.15
      Required ratio:    0.00 (Cumulative area) 

    Layer: met2
      Partial area ratio:    0.36
      Required ratio:    0.00 (Gate area) 
      Cumulative area ratio:    2.14
      Required ratio:    0.00 (Cumulative area) 
      Partial area ratio:    1.71
      Required ratio:  400.00 (Side area) 
      Cumulative area ratio:   10.09
      Required ratio:    0.00 (Cumulative side area) 

    Layer: via2
      Partial area ratio:    0.05
      Required ratio:    6.00 (Gate area) 
      Cumulative area ratio:    0.20
      Required ratio:    0.00 (Cumulative area) 

    Layer: met3
      Partial area ratio:    0.17
      Required ratio:    0.00 (Gate area) 
      Cumulative area ratio:    2.31
      Required ratio:    0.00 (Cumulative area) 
      Partial area ratio:    1.53
      Required ratio:  400.00 (Side area) 
      Cumulative area ratio:   11.62
      Required ratio:    0.00 (Cumulative side area) 

    Layer: via3
      Partial area ratio:    0.05
      Required ratio:    6.00 (Gate area) 
      Cumulative area ratio:    0.26
      Required ratio:    0.00 (Cumulative area) 

    Layer: met4
      Partial area ratio:   41.45
      Required ratio:    0.00 (Gate area) 
      Cumulative area ratio:   43.76
      Required ratio:    0.00 (Cumulative area) 
      Partial area ratio:  221.47
      Required ratio: 3134.60 (Side area) 
      Cumulative area ratio:  233.09
      Required ratio:    0.00 (Cumulative side area) 


  Pin:   _17058_/A1 (sky130_fd_sc_hd__o311a_2)
    Layer: mcon
      Partial area ratio:    0.12
      Required ratio:    3.00 (Gate area) 
      Cumulative area ratio:    0.12
      Required ratio:    0.00 (Cumulative area) 

    Layer: met1
      Partial area ratio:    1.77
      Required ratio:    0.00 (Gate area) 
      Cumulative area ratio:    1.77
      Required ratio:    0.00 (Cumulative area) 
      Partial area ratio:    8.39
      Required ratio:  400.00 (Side area) 
      Cumulative area ratio:    8.39
      Required ratio:    0.00 (Cumulative side area) 

    Layer: via
      Partial area ratio:    0.09
      Required ratio:    6.00 (Gate area) 
      Cumulative area ratio:    0.21
      Required ratio:    0.00 (Cumulative area) 

    Layer: met2
      Partial area ratio:    0.36
      Required ratio:    0.00 (Gate area) 
      Cumulative area ratio:    2.14
      Required ratio:    0.00 (Cumulative area) 
      Partial area ratio:    1.71
      Required ratio:  400.00 (Side area) 
      Cumulative area ratio:   10.09
      Required ratio:    0.00 (Cumulative side area) 

    Layer: via2
      Partial area ratio:    0.05
      Required ratio:    6.00 (Gate area) 
      Cumulative area ratio:    0.26
      Required ratio:    0.00 (Cumulative area) 

    Layer: met3
      Partial area ratio:    0.17
      Required ratio:    0.00 (Gate area) 
      Cumulative area ratio:    2.31
      Required ratio:    0.00 (Cumulative area) 
      Partial area ratio:    1.53
      Required ratio:  400.00 (Side area) 
      Cumulative area ratio:   11.62
      Required ratio:    0.00 (Cumulative side area) 

    Layer: via3
      Partial area ratio:    0.05
      Required ratio:    6.00 (Gate area) 
      Cumulative area ratio:    0.32
      Required ratio:    0.00 (Cumulative area) 

    Layer: met4
      Partial area ratio:   41.45
      Required ratio:    0.00 (Gate area) 
      Cumulative area ratio:   43.76
      Required ratio:    0.00 (Cumulative area) 
      Partial area ratio:  221.47
      Required ratio: 3134.60 (Side area) 
      Cumulative area ratio:  233.09
      Required ratio:    0.00 (Cumulative side area) 


  Pin:   _24326_/A (sky130_fd_sc_hd__or2_1)
    Layer: mcon
      Partial area ratio:    0.23
      Required ratio:    3.00 (Gate area) 
      Cumulative area ratio:    0.23
      Required ratio:    0.00 (Cumulative area) 

    Layer: met1
      Partial area ratio:    4.30
      Required ratio:    0.00 (Gate area) 
      Cumulative area ratio:    4.30
      Required ratio:    0.00 (Cumulative area) 
      Partial area ratio:   20.55
      Required ratio:  400.00 (Side area) 
      Cumulative area ratio:   20.55
      Required ratio:    0.00 (Cumulative side area) 

    Layer: via
      Partial area ratio:    0.18
      Required ratio:    6.00 (Gate area) 
      Cumulative area ratio:    0.41
      Required ratio:    0.00 (Cumulative area) 

    Layer: met2
      Partial area ratio:    0.72
      Required ratio:    0.00 (Gate area) 
      Cumulative area ratio:    5.03
      Required ratio:    0.00 (Cumulative area) 
      Partial area ratio:    3.39
      Required ratio:  400.00 (Side area) 
      Cumulative area ratio:   23.94
      Required ratio:    0.00 (Cumulative side area) 

    Layer: via2
      Partial area ratio:    0.11
      Required ratio:    6.00 (Gate area) 
      Cumulative area ratio:    0.52
      Required ratio:    0.00 (Cumulative area) 

    Layer: met3
      Partial area ratio:    5.87
      Required ratio:    0.00 (Gate area) 
      Cumulative area ratio:   10.90
      Required ratio:    0.00 (Cumulative area) 
      Partial area ratio:   32.58
      Required ratio:  400.00 (Side area) 
      Cumulative area ratio:   56.52
      Required ratio:    0.00 (Cumulative side area) 

    Layer: via3
      Partial area ratio:    0.11
      Required ratio:    6.00 (Gate area) 
      Cumulative area ratio:    0.62
      Required ratio:    0.00 (Cumulative area) 

    Layer: met4
      Partial area ratio:   41.45
      Required ratio:    0.00 (Gate area) 
      Cumulative area ratio:   52.35
      Required ratio:    0.00 (Cumulative area) 
      Partial area ratio:  221.47
      Required ratio: 3134.60 (Side area) 
      Cumulative area ratio:  277.99
      Required ratio:    0.00 (Cumulative side area) 


  Pin:   _24328_/A (sky130_fd_sc_hd__nand2_1)
    Layer: mcon
      Partial area ratio:    0.12
      Required ratio:    3.00 (Gate area) 
      Cumulative area ratio:    0.12
      Required ratio:    0.00 (Cumulative area) 

    Layer: met1
      Partial area ratio:    4.30
      Required ratio:    0.00 (Gate area) 
      Cumulative area ratio:    4.30
      Required ratio:    0.00 (Cumulative area) 
      Partial area ratio:   20.55
      Required ratio:  400.00 (Side area) 
      Cumulative area ratio:   20.55
      Required ratio:    0.00 (Cumulative side area) 

    Layer: via
      Partial area ratio:    0.18
      Required ratio:    6.00 (Gate area) 
      Cumulative area ratio:    0.30
      Required ratio:    0.00 (Cumulative area) 

    Layer: met2
      Partial area ratio:    0.72
      Required ratio:    0.00 (Gate area) 
      Cumulative area ratio:    5.03
      Required ratio:    0.00 (Cumulative area) 
      Partial area ratio:    3.39
      Required ratio:  400.00 (Side area) 
      Cumulative area ratio:   23.94
      Required ratio:    0.00 (Cumulative side area) 

    Layer: via2
      Partial area ratio:    0.11
      Required ratio:    6.00 (Gate area) 
      Cumulative area ratio:    0.40
      Required ratio:    0.00 (Cumulative area) 

    Layer: met3
      Partial area ratio:    5.87
      Required ratio:    0.00 (Gate area) 
      Cumulative area ratio:   10.90
      Required ratio:    0.00 (Cumulative area) 
      Partial area ratio:   32.58
      Required ratio:  400.00 (Side area) 
      Cumulative area ratio:   56.52
      Required ratio:    0.00 (Cumulative side area) 

    Layer: via3
      Partial area ratio:    0.11
      Required ratio:    6.00 (Gate area) 
      Cumulative area ratio:    0.51
      Required ratio:    0.00 (Cumulative area) 

    Layer: met4
      Partial area ratio:   41.45
      Required ratio:    0.00 (Gate area) 
      Cumulative area ratio:   52.35
      Required ratio:    0.00 (Cumulative area) 
      Partial area ratio:  221.47
      Required ratio: 3134.60 (Side area) 
      Cumulative area ratio:  277.99
      Required ratio:    0.00 (Cumulative side area) 


  Pin:   _24589_/A1 (sky130_fd_sc_hd__a21o_1)
    Layer: mcon
      Partial area ratio:    0.12
      Required ratio:    3.00 (Gate area) 
      Cumulative area ratio:    0.12
      Required ratio:    0.00 (Cumulative area) 

    Layer: met1
      Partial area ratio:    3.13
      Required ratio:    0.00 (Gate area) 
      Cumulative area ratio:    3.13
      Required ratio:    0.00 (Cumulative area) 
      Partial area ratio:   14.92
      Required ratio:  400.00 (Side area) 
      Cumulative area ratio:   14.92
      Required ratio:    0.00 (Cumulative side area) 

    Layer: via
      Partial area ratio:    0.14
      Required ratio:    6.00 (Gate area) 
      Cumulative area ratio:    0.25
      Required ratio:    0.00 (Cumulative area) 

    Layer: met2
      Partial area ratio:    0.55
      Required ratio:    0.00 (Gate area) 
      Cumulative area ratio:    3.68
      Required ratio:    0.00 (Cumulative area) 
      Partial area ratio:    2.56
      Required ratio:  400.00 (Side area) 
      Cumulative area ratio:   17.48
      Required ratio:    0.00 (Cumulative side area) 

    Layer: via2
      Partial area ratio:    0.08
      Required ratio:    6.00 (Gate area) 
      Cumulative area ratio:    0.33
      Required ratio:    0.00 (Cumulative area) 

    Layer: met3
      Partial area ratio:    0.25
      Required ratio:    0.00 (Gate area) 
      Cumulative area ratio:    3.93
      Required ratio:    0.00 (Cumulative area) 
      Partial area ratio:    2.29
      Required ratio:  400.00 (Side area) 
      Cumulative area ratio:   19.78
      Required ratio:    0.00 (Cumulative side area) 

    Layer: via3
      Partial area ratio:    0.08
      Required ratio:    6.00 (Gate area) 
      Cumulative area ratio:    0.41
      Required ratio:    0.00 (Cumulative area) 

    Layer: met4
      Partial area ratio:   41.45
      Required ratio:    0.00 (Gate area) 
      Cumulative area ratio:   45.38
      Required ratio:    0.00 (Cumulative area) 
      Partial area ratio:  221.47
      Required ratio: 3134.60 (Side area) 
      Cumulative area ratio:  241.25
      Required ratio:    0.00 (Cumulative side area) 


  Pin:   _24590_/A1 (sky130_fd_sc_hd__o22a_1)
    Layer: mcon
      Partial area ratio:    0.12
      Required ratio:    3.00 (Gate area) 
      Cumulative area ratio:    0.12
      Required ratio:    0.00 (Cumulative area) 

    Layer: met1
      Partial area ratio:    3.13
      Required ratio:    0.00 (Gate area) 
      Cumulative area ratio:    3.13
      Required ratio:    0.00 (Cumulative area) 
      Partial area ratio:   14.92
      Required ratio:  400.00 (Side area) 
      Cumulative area ratio:   14.92
      Required ratio:    0.00 (Cumulative side area) 

    Layer: via
      Partial area ratio:    0.14
      Required ratio:    6.00 (Gate area) 
      Cumulative area ratio:    0.25
      Required ratio:    0.00 (Cumulative area) 

    Layer: met2
      Partial area ratio:    0.55
      Required ratio:    0.00 (Gate area) 
      Cumulative area ratio:    3.68
      Required ratio:    0.00 (Cumulative area) 
      Partial area ratio:    2.56
      Required ratio:  400.00 (Side area) 
      Cumulative area ratio:   17.48
      Required ratio:    0.00 (Cumulative side area) 

    Layer: via2
      Partial area ratio:    0.08
      Required ratio:    6.00 (Gate area) 
      Cumulative area ratio:    0.33
      Required ratio:    0.00 (Cumulative area) 

    Layer: met3
      Partial area ratio:    0.25
      Required ratio:    0.00 (Gate area) 
      Cumulative area ratio:    3.93
      Required ratio:    0.00 (Cumulative area) 
      Partial area ratio:    2.29
      Required ratio:  400.00 (Side area) 
      Cumulative area ratio:   19.78
      Required ratio:    0.00 (Cumulative side area) 

    Layer: via3
      Partial area ratio:    0.08
      Required ratio:    6.00 (Gate area) 
      Cumulative area ratio:    0.41
      Required ratio:    0.00 (Cumulative area) 

    Layer: met4
      Partial area ratio:   41.45
      Required ratio:    0.00 (Gate area) 
      Cumulative area ratio:   45.38
      Required ratio:    0.00 (Cumulative area) 
      Partial area ratio:  221.47
      Required ratio: 3134.60 (Side area) 
      Cumulative area ratio:  241.25
      Required ratio:    0.00 (Cumulative side area) 


  Pin:   fanout768/A (sky130_fd_sc_hd__buf_4)
    Layer: mcon
      Partial area ratio:    0.12
      Required ratio:    3.00 (Gate area) 
      Cumulative area ratio:    0.12
      Required ratio:    0.00 (Cumulative area) 

    Layer: met1
      Partial area ratio:    9.15
      Required ratio:    0.00 (Gate area) 
      Cumulative area ratio:    9.15
      Required ratio:    0.00 (Cumulative area) 
      Partial area ratio:   44.31
      Required ratio: 3134.60 (Side area) 
      Cumulative area ratio:   44.31
      Required ratio:    0.00 (Cumulative side area) 

    Layer: via
      Partial area ratio:    0.27
      Required ratio:   54.11 (Gate area) 
      Cumulative area ratio:    0.39
      Required ratio:    0.00 (Cumulative area) 

    Layer: met2
      Partial area ratio:    9.04
      Required ratio:    0.00 (Gate area) 
      Cumulative area ratio:   18.19
      Required ratio:    0.00 (Cumulative area) 
      Partial area ratio:   44.42
      Required ratio: 3134.60 (Side area) 
      Cumulative area ratio:   88.72
      Required ratio:    0.00 (Cumulative side area) 

    Layer: via2
      Partial area ratio:    0.16
      Required ratio:   54.11 (Gate area) 
      Cumulative area ratio:    0.55
      Required ratio:    0.00 (Cumulative area) 

    Layer: met3
      Partial area ratio:    8.86
      Required ratio:    0.00 (Gate area) 
      Cumulative area ratio:   27.06
      Required ratio:    0.00 (Cumulative area) 
      Partial area ratio:   49.16
      Required ratio: 3134.60 (Side area) 
      Cumulative area ratio:  137.89
      Required ratio:    0.00 (Cumulative side area) 

    Layer: via3
      Partial area ratio:    0.16
      Required ratio:   54.11 (Gate area) 
      Cumulative area ratio:    0.71
      Required ratio:    0.00 (Cumulative area) 

    Layer: met4
      Partial area ratio:   41.45
      Required ratio:    0.00 (Gate area) 
      Cumulative area ratio:   68.51
      Required ratio:    0.00 (Cumulative area) 
      Partial area ratio:  221.47
      Required ratio: 3134.60 (Side area) 
      Cumulative area ratio:  359.36
      Required ratio:    0.00 (Cumulative side area) 


  Pin:   fanout769/A (sky130_fd_sc_hd__buf_4)
    Layer: mcon
      Partial area ratio:    0.12
      Required ratio:    3.00 (Gate area) 
      Cumulative area ratio:    0.12
      Required ratio:    0.00 (Cumulative area) 

    Layer: met1
      Partial area ratio:    1.19
      Required ratio:    0.00 (Gate area) 
      Cumulative area ratio:    1.19
      Required ratio:    0.00 (Cumulative area) 
      Partial area ratio:    5.09
      Required ratio:  400.00 (Side area) 
      Cumulative area ratio:    5.09
      Required ratio:    0.00 (Cumulative side area) 

    Layer: via
      Partial area ratio:    0.18
      Required ratio:    6.00 (Gate area) 
      Cumulative area ratio:    0.30
      Required ratio:    0.00 (Cumulative area) 

    Layer: met2
      Partial area ratio:    0.75
      Required ratio:    0.00 (Gate area) 
      Cumulative area ratio:    1.95
      Required ratio:    0.00 (Cumulative area) 
      Partial area ratio:    3.48
      Required ratio:  400.00 (Side area) 
      Cumulative area ratio:    8.57
      Required ratio:    0.00 (Cumulative side area) 

    Layer: via2
      Partial area ratio:    0.16
      Required ratio:    6.00 (Gate area) 
      Cumulative area ratio:    0.46
      Required ratio:    0.00 (Cumulative area) 

    Layer: met3
      Partial area ratio:    0.50
      Required ratio:    0.00 (Gate area) 
      Cumulative area ratio:    2.45
      Required ratio:    0.00 (Cumulative area) 
      Partial area ratio:    4.59
      Required ratio:  400.00 (Side area) 
      Cumulative area ratio:   13.16
      Required ratio:    0.00 (Cumulative side area) 

    Layer: via3
      Partial area ratio:    0.16
      Required ratio:    6.00 (Gate area) 
      Cumulative area ratio:    0.62
      Required ratio:    0.00 (Cumulative area) 

    Layer: met4
      Partial area ratio:   41.45
      Required ratio:    0.00 (Gate area) 
      Cumulative area ratio:   43.90
      Required ratio:    0.00 (Cumulative area) 
      Partial area ratio:  221.47
      Required ratio: 3134.60 (Side area) 
      Cumulative area ratio:  234.63
      Required ratio:    0.00 (Cumulative side area) 



Net: net773
  Pin:   _21100_/A (sky130_fd_sc_hd__and2_1)
    Layer: mcon
      Partial area ratio:    0.23
      Required ratio:    3.00 (Gate area) 
      Cumulative area ratio:    0.23
      Required ratio:    0.00 (Cumulative area) 

    Layer: met1
      Partial area ratio:   34.11
      Required ratio:    0.00 (Gate area) 
      Cumulative area ratio:   34.11
      Required ratio:    0.00 (Cumulative area) 
      Partial area ratio:  169.08
      Required ratio:  400.00 (Side area) 
      Cumulative area ratio:  169.08
      Required ratio:    0.00 (Cumulative side area) 

    Layer: via
      Partial area ratio:    0.36
      Required ratio:    6.00 (Gate area) 
      Cumulative area ratio:    0.59
      Required ratio:    0.00 (Cumulative area) 

    Layer: met2
      Partial area ratio:    1.48
      Required ratio:    0.00 (Gate area) 
      Cumulative area ratio:   35.59
      Required ratio:    0.00 (Cumulative area) 
      Partial area ratio:    6.83
      Required ratio:  400.00 (Side area) 
      Cumulative area ratio:  175.92
      Required ratio:    0.00 (Cumulative side area) 

    Layer: via2
      Partial area ratio:    0.32
      Required ratio:    6.00 (Gate area) 
      Cumulative area ratio:    0.90
      Required ratio:    0.00 (Cumulative area) 

    Layer: met3
      Partial area ratio:    0.99
      Required ratio:    0.00 (Gate area) 
      Cumulative area ratio:   36.58
      Required ratio:    0.00 (Cumulative area) 
      Partial area ratio:    9.02
      Required ratio:  400.00 (Side area) 
      Cumulative area ratio:  184.93
      Required ratio:    0.00 (Cumulative side area) 

    Layer: via3
      Partial area ratio:    0.32
      Required ratio:    6.00 (Gate area) 
      Cumulative area ratio:    1.22
      Required ratio:    0.00 (Cumulative area) 

    Layer: met4
      Partial area ratio:   20.74
      Required ratio:    0.00 (Gate area) 
      Cumulative area ratio:   57.32
      Required ratio:    0.00 (Cumulative area) 
      Partial area ratio:  110.97
      Required ratio: 3312.80 (Side area) 
      Cumulative area ratio:  295.90
      Required ratio:    0.00 (Cumulative side area) 


  Pin:   _27659_/A (sky130_fd_sc_hd__xnor2_1)
    Layer: mcon
      Partial area ratio:    0.06
      Required ratio:    3.00 (Gate area) 
      Cumulative area ratio:    0.06
      Required ratio:    0.00 (Cumulative area) 

    Layer: met1
      Partial area ratio:    0.92
      Required ratio:    0.00 (Gate area) 
      Cumulative area ratio:    0.92
      Required ratio:    0.00 (Cumulative area) 
      Partial area ratio:    4.20
      Required ratio:  400.00 (Side area) 
      Cumulative area ratio:    4.20
      Required ratio:    0.00 (Cumulative side area) 

    Layer: via
      Partial area ratio:    0.09
      Required ratio:    6.00 (Gate area) 
      Cumulative area ratio:    0.15
      Required ratio:    0.00 (Cumulative area) 

    Layer: met2
      Partial area ratio:   12.16
      Required ratio:    0.00 (Gate area) 
      Cumulative area ratio:   13.07
      Required ratio:    0.00 (Cumulative area) 
      Partial area ratio:   60.42
      Required ratio:  400.00 (Side area) 
      Cumulative area ratio:   64.62
      Required ratio:    0.00 (Cumulative side area) 

    Layer: via2
      Partial area ratio:    0.08
      Required ratio:    6.00 (Gate area) 
      Cumulative area ratio:    0.23
      Required ratio:    0.00 (Cumulative area) 

    Layer: met3
      Partial area ratio:   79.71
      Required ratio:    0.00 (Gate area) 
      Cumulative area ratio:   92.78
      Required ratio:    0.00 (Cumulative area) 
      Partial area ratio:  426.04
      Required ratio:  400.00 (Side area) (VIOLATED)
      Cumulative area ratio:  490.66
      Required ratio:    0.00 (Cumulative side area) 

    Layer: via3
      Partial area ratio:    0.08
      Required ratio:    6.00 (Gate area) 
      Cumulative area ratio:    0.31
      Required ratio:    0.00 (Cumulative area) 

    Layer: met4
      Partial area ratio:   20.74
      Required ratio:    0.00 (Gate area) 
      Cumulative area ratio:  113.52
      Required ratio:    0.00 (Cumulative area) 
      Partial area ratio:  110.97
      Required ratio: 3312.80 (Side area) 
      Cumulative area ratio:  601.63
      Required ratio:    0.00 (Cumulative side area) 


  Pin:   fanout766/A (sky130_fd_sc_hd__clkbuf_8)
    Layer: mcon
      Partial area ratio:    0.07
      Required ratio:    3.00 (Gate area) 
      Cumulative area ratio:    0.07
      Required ratio:    0.00 (Cumulative area) 

    Layer: met1
      Partial area ratio:    1.83
      Required ratio:    0.00 (Gate area) 
      Cumulative area ratio:    1.83
      Required ratio:    0.00 (Cumulative area) 
      Partial area ratio:    8.70
      Required ratio:  400.00 (Side area) 
      Cumulative area ratio:    8.70
      Required ratio:    0.00 (Cumulative side area) 

    Layer: via
      Partial area ratio:    0.11
      Required ratio:    6.00 (Gate area) 
      Cumulative area ratio:    0.17
      Required ratio:    0.00 (Cumulative area) 

    Layer: met2
      Partial area ratio:   16.74
      Required ratio:    0.00 (Gate area) 
      Cumulative area ratio:   18.57
      Required ratio:    0.00 (Cumulative area) 
      Partial area ratio:   83.32
      Required ratio: 3312.80 (Side area) 
      Cumulative area ratio:   92.02
      Required ratio:    0.00 (Cumulative side area) 

    Layer: via2
      Partial area ratio:    0.04
      Required ratio:   70.15 (Gate area) 
      Cumulative area ratio:    0.21
      Required ratio:    0.00 (Cumulative area) 

    Layer: met3
      Partial area ratio:    0.11
      Required ratio:    0.00 (Gate area) 
      Cumulative area ratio:   18.68
      Required ratio:    0.00 (Cumulative area) 
      Partial area ratio:    1.00
      Required ratio: 3312.80 (Side area) 
      Cumulative area ratio:   93.02
      Required ratio:    0.00 (Cumulative side area) 

    Layer: via3
      Partial area ratio:    0.04
      Required ratio:   70.15 (Gate area) 
      Cumulative area ratio:    0.24
      Required ratio:    0.00 (Cumulative area) 

    Layer: met4
      Partial area ratio:   20.74
      Required ratio:    0.00 (Gate area) 
      Cumulative area ratio:   39.42
      Required ratio:    0.00 (Cumulative area) 
      Partial area ratio:  110.97
      Required ratio: 3312.80 (Side area) 
      Cumulative area ratio:  203.99
      Required ratio:    0.00 (Cumulative side area) 


  Pin:   fanout767/A (sky130_fd_sc_hd__clkbuf_4)
    Layer: mcon
      Partial area ratio:    0.14
      Required ratio:    3.00 (Gate area) 
      Cumulative area ratio:    0.14
      Required ratio:    0.00 (Cumulative area) 

    Layer: met1
      Partial area ratio:    2.27
      Required ratio:    0.00 (Gate area) 
      Cumulative area ratio:    2.27
      Required ratio:    0.00 (Cumulative area) 
      Partial area ratio:   10.50
      Required ratio:  400.00 (Side area) 
      Cumulative area ratio:   10.50
      Required ratio:    0.00 (Cumulative side area) 

    Layer: via
      Partial area ratio:    0.21
      Required ratio:    6.00 (Gate area) 
      Cumulative area ratio:    0.35
      Required ratio:    0.00 (Cumulative area) 

    Layer: met2
      Partial area ratio:   16.74
      Required ratio:    0.00 (Gate area) 
      Cumulative area ratio:   19.02
      Required ratio:    0.00 (Cumulative area) 
      Partial area ratio:   83.32
      Required ratio: 3312.80 (Side area) 
      Cumulative area ratio:   93.82
      Required ratio:    0.00 (Cumulative side area) 

    Layer: via2
      Partial area ratio:    0.04
      Required ratio:   70.15 (Gate area) 
      Cumulative area ratio:    0.38
      Required ratio:    0.00 (Cumulative area) 

    Layer: met3
      Partial area ratio:    0.11
      Required ratio:    0.00 (Gate area) 
      Cumulative area ratio:   19.13
      Required ratio:    0.00 (Cumulative area) 
      Partial area ratio:    1.00
      Required ratio: 3312.80 (Side area) 
      Cumulative area ratio:   94.83
      Required ratio:    0.00 (Cumulative side area) 

    Layer: via3
      Partial area ratio:    0.04
      Required ratio:   70.15 (Gate area) 
      Cumulative area ratio:    0.42
      Required ratio:    0.00 (Cumulative area) 

    Layer: met4
      Partial area ratio:   20.74
      Required ratio:    0.00 (Gate area) 
      Cumulative area ratio:   39.87
      Required ratio:    0.00 (Cumulative area) 
      Partial area ratio:  110.97
      Required ratio: 3312.80 (Side area) 
      Cumulative area ratio:  205.79
      Required ratio:    0.00 (Cumulative side area) 


  Pin:   fanout770/A (sky130_fd_sc_hd__buf_6)
    Layer: mcon
      Partial area ratio:    0.06
      Required ratio:    3.00 (Gate area) 
      Cumulative area ratio:    0.06
      Required ratio:    0.00 (Cumulative area) 

    Layer: met1
      Partial area ratio:   25.10
      Required ratio:    0.00 (Gate area) 
      Cumulative area ratio:   25.10
      Required ratio:    0.00 (Cumulative area) 
      Partial area ratio:  124.75
      Required ratio: 3312.80 (Side area) 
      Cumulative area ratio:  124.75
      Required ratio:    0.00 (Cumulative side area) 

    Layer: via
      Partial area ratio:    0.14
      Required ratio:   70.15 (Gate area) 
      Cumulative area ratio:    0.19
      Required ratio:    0.00 (Cumulative area) 

    Layer: met2
      Partial area ratio:   16.74
      Required ratio:    0.00 (Gate area) 
      Cumulative area ratio:   41.84
      Required ratio:    0.00 (Cumulative area) 
      Partial area ratio:   83.32
      Required ratio: 3312.80 (Side area) 
      Cumulative area ratio:  208.07
      Required ratio:    0.00 (Cumulative side area) 

    Layer: via2
      Partial area ratio:    0.04
      Required ratio:   70.15 (Gate area) 
      Cumulative area ratio:    0.23
      Required ratio:    0.00 (Cumulative area) 

    Layer: met3
      Partial area ratio:    0.11
      Required ratio:    0.00 (Gate area) 
      Cumulative area ratio:   41.95
      Required ratio:    0.00 (Cumulative area) 
      Partial area ratio:    1.00
      Required ratio: 3312.80 (Side area) 
      Cumulative area ratio:  209.07
      Required ratio:    0.00 (Cumulative side area) 

    Layer: via3
      Partial area ratio:    0.04
      Required ratio:   70.15 (Gate area) 
      Cumulative area ratio:    0.27
      Required ratio:    0.00 (Cumulative area) 

    Layer: met4
      Partial area ratio:   20.74
      Required ratio:    0.00 (Gate area) 
      Cumulative area ratio:   62.69
      Required ratio:    0.00 (Cumulative area) 
      Partial area ratio:  110.97
      Required ratio: 3312.80 (Side area) 
      Cumulative area ratio:  320.04
      Required ratio:    0.00 (Cumulative side area) 


  Pin:   fanout771/A (sky130_fd_sc_hd__clkbuf_8)
    Layer: mcon
      Partial area ratio:    0.07
      Required ratio:    3.00 (Gate area) 
      Cumulative area ratio:    0.07
      Required ratio:    0.00 (Cumulative area) 

    Layer: met1
      Partial area ratio:    2.20
      Required ratio:    0.00 (Gate area) 
      Cumulative area ratio:    2.20
      Required ratio:    0.00 (Cumulative area) 
      Partial area ratio:   10.55
      Required ratio:  400.00 (Side area) 
      Cumulative area ratio:   10.55
      Required ratio:    0.00 (Cumulative side area) 

    Layer: via
      Partial area ratio:    0.11
      Required ratio:    6.00 (Gate area) 
      Cumulative area ratio:    0.17
      Required ratio:    0.00 (Cumulative area) 

    Layer: met2
      Partial area ratio:   34.66
      Required ratio:    0.00 (Gate area) 
      Cumulative area ratio:   36.86
      Required ratio:    0.00 (Cumulative area) 
      Partial area ratio:  172.52
      Required ratio:  400.00 (Side area) 
      Cumulative area ratio:  183.06
      Required ratio:    0.00 (Cumulative side area) 

    Layer: via2
      Partial area ratio:    0.19
      Required ratio:    6.00 (Gate area) 
      Cumulative area ratio:    0.36
      Required ratio:    0.00 (Cumulative area) 

    Layer: met3
      Partial area ratio:   82.90
      Required ratio:    0.00 (Gate area) 
      Cumulative area ratio:  119.76
      Required ratio:    0.00 (Cumulative area) 
      Partial area ratio:  443.23
      Required ratio:  400.00 (Side area) (VIOLATED)
      Cumulative area ratio:  626.29
      Required ratio:    0.00 (Cumulative side area) 

    Layer: via3
      Partial area ratio:    0.09
      Required ratio:    6.00 (Gate area) 
      Cumulative area ratio:    0.46
      Required ratio:    0.00 (Cumulative area) 

    Layer: met4
      Partial area ratio:   20.74
      Required ratio:    0.00 (Gate area) 
      Cumulative area ratio:  140.50
      Required ratio:    0.00 (Cumulative area) 
      Partial area ratio:  110.97
      Required ratio: 3312.80 (Side area) 
      Cumulative area ratio:  737.26
      Required ratio:    0.00 (Cumulative side area) 


  Pin:   fanout772/A (sky130_fd_sc_hd__clkbuf_8)
    Layer: mcon
      Partial area ratio:    0.07
      Required ratio:    3.00 (Gate area) 
      Cumulative area ratio:    0.07
      Required ratio:    0.00 (Cumulative area) 

    Layer: met1
      Partial area ratio:    1.10
      Required ratio:    0.00 (Gate area) 
      Cumulative area ratio:    1.10
      Required ratio:    0.00 (Cumulative area) 
      Partial area ratio:    5.07
      Required ratio:  400.00 (Side area) 
      Cumulative area ratio:    5.07
      Required ratio:    0.00 (Cumulative side area) 

    Layer: via
      Partial area ratio:    0.11
      Required ratio:    6.00 (Gate area) 
      Cumulative area ratio:    0.17
      Required ratio:    0.00 (Cumulative area) 

    Layer: met2
      Partial area ratio:    0.44
      Required ratio:    0.00 (Gate area) 
      Cumulative area ratio:    1.54
      Required ratio:    0.00 (Cumulative area) 
      Partial area ratio:    2.02
      Required ratio:  400.00 (Side area) 
      Cumulative area ratio:    7.09
      Required ratio:    0.00 (Cumulative side area) 

    Layer: via2
      Partial area ratio:    0.09
      Required ratio:    6.00 (Gate area) 
      Cumulative area ratio:    0.27
      Required ratio:    0.00 (Cumulative area) 

    Layer: met3
      Partial area ratio:   82.90
      Required ratio:    0.00 (Gate area) 
      Cumulative area ratio:   84.44
      Required ratio:    0.00 (Cumulative area) 
      Partial area ratio:  443.23
      Required ratio:  400.00 (Side area) (VIOLATED)
      Cumulative area ratio:  450.32
      Required ratio:    0.00 (Cumulative side area) 

    Layer: via3
      Partial area ratio:    0.09
      Required ratio:    6.00 (Gate area) 
      Cumulative area ratio:    0.36
      Required ratio:    0.00 (Cumulative area) 

    Layer: met4
      Partial area ratio:   20.74
      Required ratio:    0.00 (Gate area) 
      Cumulative area ratio:  105.18
      Required ratio:    0.00 (Cumulative area) 
      Partial area ratio:  110.97
      Required ratio: 3312.80 (Side area) 
      Cumulative area ratio:  561.29
      Required ratio:    0.00 (Cumulative side area) 



Net: net778
  Pin:   _15156_/A (sky130_fd_sc_hd__inv_4)
    Layer: mcon
      Partial area ratio:    0.03
      Required ratio:    3.00 (Gate area) 
      Cumulative area ratio:    0.03
      Required ratio:    0.00 (Cumulative area) 

    Layer: met1
      Partial area ratio:    0.50
      Required ratio:    0.00 (Gate area) 
      Cumulative area ratio:    0.50
      Required ratio:    0.00 (Cumulative area) 
      Partial area ratio:    2.30
      Required ratio:  400.00 (Side area) 
      Cumulative area ratio:    2.30
      Required ratio:    0.00 (Cumulative side area) 

    Layer: via
      Partial area ratio:    0.05
      Required ratio:    6.00 (Gate area) 
      Cumulative area ratio:    0.07
      Required ratio:    0.00 (Cumulative area) 

    Layer: met2
      Partial area ratio:    1.20
      Required ratio:    0.00 (Gate area) 
      Cumulative area ratio:    1.70
      Required ratio:    0.00 (Cumulative area) 
      Partial area ratio:    5.82
      Required ratio:  400.00 (Side area) 
      Cumulative area ratio:    8.12
      Required ratio:    0.00 (Cumulative side area) 

    Layer: via2
      Partial area ratio:    0.04
      Required ratio:    6.00 (Gate area) 
      Cumulative area ratio:    0.12
      Required ratio:    0.00 (Cumulative area) 

    Layer: met3
      Partial area ratio:    8.85
      Required ratio:    0.00 (Gate area) 
      Cumulative area ratio:   10.55
      Required ratio:    0.00 (Cumulative area) 
      Partial area ratio:   47.41
      Required ratio:  400.00 (Side area) 
      Cumulative area ratio:   55.53
      Required ratio:    0.00 (Cumulative side area) 

    Layer: via3
      Partial area ratio:    0.02
      Required ratio:    6.00 (Gate area) 
      Cumulative area ratio:    0.13
      Required ratio:    0.00 (Cumulative area) 

    Layer: met4
      Partial area ratio:    7.97
      Required ratio:    0.00 (Gate area) 
      Cumulative area ratio:   18.52
      Required ratio:    0.00 (Cumulative area) 
      Partial area ratio:   42.69
      Required ratio: 3669.20 (Side area) 
      Cumulative area ratio:   98.21
      Required ratio:    0.00 (Cumulative side area) 


  Pin:   _16735_/C1 (sky130_fd_sc_hd__a211o_1)
    Layer: mcon
      Partial area ratio:    0.12
      Required ratio:    3.00 (Gate area) 
      Cumulative area ratio:    0.12
      Required ratio:    0.00 (Cumulative area) 

    Layer: met1
      Partial area ratio:   13.50
      Required ratio:    0.00 (Gate area) 
      Cumulative area ratio:   13.50
      Required ratio:    0.00 (Cumulative area) 
      Partial area ratio:   66.73
      Required ratio:  400.00 (Side area) 
      Cumulative area ratio:   66.73
      Required ratio:    0.00 (Cumulative side area) 

    Layer: via
      Partial area ratio:    0.18
      Required ratio:    6.00 (Gate area) 
      Cumulative area ratio:    0.30
      Required ratio:    0.00 (Cumulative area) 

    Layer: met2
      Partial area ratio:    2.65
      Required ratio:    0.00 (Gate area) 
      Cumulative area ratio:   16.15
      Required ratio:    0.00 (Cumulative area) 
      Partial area ratio:   12.92
      Required ratio:  400.00 (Side area) 
      Cumulative area ratio:   79.65
      Required ratio:    0.00 (Cumulative side area) 

    Layer: via2
      Partial area ratio:    0.03
      Required ratio:    6.00 (Gate area) 
      Cumulative area ratio:    0.33
      Required ratio:    0.00 (Cumulative area) 

    Layer: met3
      Partial area ratio:    8.85
      Required ratio:    0.00 (Gate area) 
      Cumulative area ratio:   25.00
      Required ratio:    0.00 (Cumulative area) 
      Partial area ratio:   47.41
      Required ratio:  400.00 (Side area) 
      Cumulative area ratio:  127.06
      Required ratio:    0.00 (Cumulative side area) 

    Layer: via3
      Partial area ratio:    0.02
      Required ratio:    6.00 (Gate area) 
      Cumulative area ratio:    0.34
      Required ratio:    0.00 (Cumulative area) 

    Layer: met4
      Partial area ratio:    7.97
      Required ratio:    0.00 (Gate area) 
      Cumulative area ratio:   32.96
      Required ratio:    0.00 (Cumulative area) 
      Partial area ratio:   42.69
      Required ratio: 3669.20 (Side area) 
      Cumulative area ratio:  169.75
      Required ratio:    0.00 (Cumulative side area) 


  Pin:   _17409_/A (sky130_fd_sc_hd__or2_1)
    Layer: mcon
      Partial area ratio:    0.23
      Required ratio:    3.00 (Gate area) 
      Cumulative area ratio:    0.23
      Required ratio:    0.00 (Cumulative area) 

    Layer: met1
      Partial area ratio:   97.16
      Required ratio:    0.00 (Gate area) 
      Cumulative area ratio:   97.16
      Required ratio:    0.00 (Cumulative area) 
      Partial area ratio:  482.63
      Required ratio:  400.00 (Side area) (VIOLATED)
      Cumulative area ratio:  482.63
      Required ratio:    0.00 (Cumulative side area) 

    Layer: via
      Partial area ratio:    0.71
      Required ratio:    6.00 (Gate area) 
      Cumulative area ratio:    0.94
      Required ratio:    0.00 (Cumulative area) 

    Layer: met2
      Partial area ratio:    2.65
      Required ratio:    0.00 (Gate area) 
      Cumulative area ratio:   99.81
      Required ratio:    0.00 (Cumulative area) 
      Partial area ratio:   12.92
      Required ratio:  400.00 (Side area) 
      Cumulative area ratio:  495.55
      Required ratio:    0.00 (Cumulative side area) 

    Layer: via2
      Partial area ratio:    0.03
      Required ratio:    6.00 (Gate area) 
      Cumulative area ratio:    0.97
      Required ratio:    0.00 (Cumulative area) 

    Layer: met3
      Partial area ratio:    8.85
      Required ratio:    0.00 (Gate area) 
      Cumulative area ratio:  108.66
      Required ratio:    0.00 (Cumulative area) 
      Partial area ratio:   47.41
      Required ratio:  400.00 (Side area) 
      Cumulative area ratio:  542.96
      Required ratio:    0.00 (Cumulative side area) 

    Layer: via3
      Partial area ratio:    0.02
      Required ratio:    6.00 (Gate area) 
      Cumulative area ratio:    0.99
      Required ratio:    0.00 (Cumulative area) 

    Layer: met4
      Partial area ratio:    7.97
      Required ratio:    0.00 (Gate area) 
      Cumulative area ratio:  116.63
      Required ratio:    0.00 (Cumulative area) 
      Partial area ratio:   42.69
      Required ratio: 3669.20 (Side area) 
      Cumulative area ratio:  585.64
      Required ratio:    0.00 (Cumulative side area) 


  Pin:   _17410_/A (sky130_fd_sc_hd__nand2_1)
    Layer: mcon
      Partial area ratio:    0.12
      Required ratio:    3.00 (Gate area) 
      Cumulative area ratio:    0.12
      Required ratio:    0.00 (Cumulative area) 

    Layer: met1
      Partial area ratio:    2.83
      Required ratio:    0.00 (Gate area) 
      Cumulative area ratio:    2.83
      Required ratio:    0.00 (Cumulative area) 
      Partial area ratio:   13.41
      Required ratio:  400.00 (Side area) 
      Cumulative area ratio:   13.41
      Required ratio:    0.00 (Cumulative side area) 

    Layer: via
      Partial area ratio:    0.18
      Required ratio:    6.00 (Gate area) 
      Cumulative area ratio:    0.30
      Required ratio:    0.00 (Cumulative area) 

    Layer: met2
      Partial area ratio:    2.65
      Required ratio:    0.00 (Gate area) 
      Cumulative area ratio:    5.48
      Required ratio:    0.00 (Cumulative area) 
      Partial area ratio:   12.92
      Required ratio:  400.00 (Side area) 
      Cumulative area ratio:   26.33
      Required ratio:    0.00 (Cumulative side area) 

    Layer: via2
      Partial area ratio:    0.03
      Required ratio:    6.00 (Gate area) 
      Cumulative area ratio:    0.33
      Required ratio:    0.00 (Cumulative area) 

    Layer: met3
      Partial area ratio:    8.85
      Required ratio:    0.00 (Gate area) 
      Cumulative area ratio:   14.33
      Required ratio:    0.00 (Cumulative area) 
      Partial area ratio:   47.41
      Required ratio:  400.00 (Side area) 
      Cumulative area ratio:   73.74
      Required ratio:    0.00 (Cumulative side area) 

    Layer: via3
      Partial area ratio:    0.02
      Required ratio:    6.00 (Gate area) 
      Cumulative area ratio:    0.34
      Required ratio:    0.00 (Cumulative area) 

    Layer: met4
      Partial area ratio:    7.97
      Required ratio:    0.00 (Gate area) 
      Cumulative area ratio:   22.30
      Required ratio:    0.00 (Cumulative area) 
      Partial area ratio:   42.69
      Required ratio: 3669.20 (Side area) 
      Cumulative area ratio:  116.43
      Required ratio:    0.00 (Cumulative side area) 


  Pin:   fanout777/A (sky130_fd_sc_hd__buf_8)
    Layer: mcon
      Partial area ratio:    0.04
      Required ratio:    3.00 (Gate area) 
      Cumulative area ratio:    0.04
      Required ratio:    0.00 (Cumulative area) 

    Layer: met1
      Partial area ratio:    0.79
      Required ratio:    0.00 (Gate area) 
      Cumulative area ratio:    0.79
      Required ratio:    0.00 (Cumulative area) 
      Partial area ratio:    3.70
      Required ratio:  400.00 (Side area) 
      Cumulative area ratio:    3.70
      Required ratio:    0.00 (Cumulative side area) 

    Layer: via
      Partial area ratio:    0.06
      Required ratio:    6.00 (Gate area) 
      Cumulative area ratio:    0.10
      Required ratio:    0.00 (Cumulative area) 

    Layer: met2
      Partial area ratio:    2.65
      Required ratio:    0.00 (Gate area) 
      Cumulative area ratio:    3.44
      Required ratio:    0.00 (Cumulative area) 
      Partial area ratio:   12.92
      Required ratio:  400.00 (Side area) 
      Cumulative area ratio:   16.61
      Required ratio:    0.00 (Cumulative side area) 

    Layer: via2
      Partial area ratio:    0.03
      Required ratio:    6.00 (Gate area) 
      Cumulative area ratio:    0.13
      Required ratio:    0.00 (Cumulative area) 

    Layer: met3
      Partial area ratio:    8.85
      Required ratio:    0.00 (Gate area) 
      Cumulative area ratio:   12.29
      Required ratio:    0.00 (Cumulative area) 
      Partial area ratio:   47.41
      Required ratio:  400.00 (Side area) 
      Cumulative area ratio:   64.02
      Required ratio:    0.00 (Cumulative side area) 

    Layer: via3
      Partial area ratio:    0.02
      Required ratio:    6.00 (Gate area) 
      Cumulative area ratio:    0.15
      Required ratio:    0.00 (Cumulative area) 

    Layer: met4
      Partial area ratio:    7.97
      Required ratio:    0.00 (Gate area) 
      Cumulative area ratio:   20.26
      Required ratio:    0.00 (Cumulative area) 
      Partial area ratio:   42.69
      Required ratio: 3669.20 (Side area) 
      Cumulative area ratio:  106.71
      Required ratio:    0.00 (Cumulative side area) 



Net: net782
  Pin:   _20952_/A (sky130_fd_sc_hd__nor2_1)
    Layer: mcon
      Partial area ratio:    0.12
      Required ratio:    3.00 (Gate area) 
      Cumulative area ratio:    0.12
      Required ratio:    0.00 (Cumulative area) 

    Layer: met1
      Partial area ratio:    3.55
      Required ratio:    0.00 (Gate area) 
      Cumulative area ratio:    3.55
      Required ratio:    0.00 (Cumulative area) 
      Partial area ratio:   16.78
      Required ratio:  400.00 (Side area) 
      Cumulative area ratio:   16.78
      Required ratio:    0.00 (Cumulative side area) 

    Layer: via
      Partial area ratio:    0.18
      Required ratio:    6.00 (Gate area) 
      Cumulative area ratio:    0.30
      Required ratio:    0.00 (Cumulative area) 

    Layer: met2
      Partial area ratio:   18.67
      Required ratio:    0.00 (Gate area) 
      Cumulative area ratio:   22.22
      Required ratio:    0.00 (Cumulative area) 
      Partial area ratio:   92.83
      Required ratio: 2956.40 (Side area) 
      Cumulative area ratio:  109.60
      Required ratio:    0.00 (Cumulative side area) 


  Pin:   _20953_/A (sky130_fd_sc_hd__and2_1)
    Layer: mcon
      Partial area ratio:    0.23
      Required ratio:    3.00 (Gate area) 
      Cumulative area ratio:    0.23
      Required ratio:    0.00 (Cumulative area) 

    Layer: met1
      Partial area ratio:    3.55
      Required ratio:    0.00 (Gate area) 
      Cumulative area ratio:    3.55
      Required ratio:    0.00 (Cumulative area) 
      Partial area ratio:   16.78
      Required ratio:  400.00 (Side area) 
      Cumulative area ratio:   16.78
      Required ratio:    0.00 (Cumulative side area) 

    Layer: via
      Partial area ratio:    0.18
      Required ratio:    6.00 (Gate area) 
      Cumulative area ratio:    0.41
      Required ratio:    0.00 (Cumulative area) 

    Layer: met2
      Partial area ratio:   18.67
      Required ratio:    0.00 (Gate area) 
      Cumulative area ratio:   22.22
      Required ratio:    0.00 (Cumulative area) 
      Partial area ratio:   92.83
      Required ratio: 2956.40 (Side area) 
      Cumulative area ratio:  109.60
      Required ratio:    0.00 (Cumulative side area) 


  Pin:   _29356_/B1 (sky130_fd_sc_hd__a21oi_1)
    Layer: mcon
      Partial area ratio:    0.12
      Required ratio:    3.00 (Gate area) 
      Cumulative area ratio:    0.12
      Required ratio:    0.00 (Cumulative area) 

    Layer: met1
      Partial area ratio:    9.45
      Required ratio:    0.00 (Gate area) 
      Cumulative area ratio:    9.45
      Required ratio:    0.00 (Cumulative area) 
      Partial area ratio:   46.22
      Required ratio:  400.00 (Side area) 
      Cumulative area ratio:   46.22
      Required ratio:    0.00 (Cumulative side area) 

    Layer: via
      Partial area ratio:    0.18
      Required ratio:    6.00 (Gate area) 
      Cumulative area ratio:    0.30
      Required ratio:    0.00 (Cumulative area) 

    Layer: met2
      Partial area ratio:   18.67
      Required ratio:    0.00 (Gate area) 
      Cumulative area ratio:   28.12
      Required ratio:    0.00 (Cumulative area) 
      Partial area ratio:   92.83
      Required ratio: 2956.40 (Side area) 
      Cumulative area ratio:  139.05
      Required ratio:    0.00 (Cumulative side area) 


  Pin:   _29357_/A (sky130_fd_sc_hd__and3_1)
    Layer: mcon
      Partial area ratio:    0.23
      Required ratio:    3.00 (Gate area) 
      Cumulative area ratio:    0.23
      Required ratio:    0.00 (Cumulative area) 

    Layer: met1
      Partial area ratio:    5.56
      Required ratio:    0.00 (Gate area) 
      Cumulative area ratio:    5.56
      Required ratio:    0.00 (Cumulative area) 
      Partial area ratio:   26.35
      Required ratio:  400.00 (Side area) 
      Cumulative area ratio:   26.35
      Required ratio:    0.00 (Cumulative side area) 

    Layer: via
      Partial area ratio:    0.36
      Required ratio:    6.00 (Gate area) 
      Cumulative area ratio:    0.59
      Required ratio:    0.00 (Cumulative area) 

    Layer: met2
      Partial area ratio:   18.67
      Required ratio:    0.00 (Gate area) 
      Cumulative area ratio:   24.23
      Required ratio:    0.00 (Cumulative area) 
      Partial area ratio:   92.83
      Required ratio: 2956.40 (Side area) 
      Cumulative area ratio:  119.18
      Required ratio:    0.00 (Cumulative side area) 


  Pin:   _29535_/A (sky130_fd_sc_hd__nor2_1)
    Layer: mcon
      Partial area ratio:    0.12
      Required ratio:    3.00 (Gate area) 
      Cumulative area ratio:    0.12
      Required ratio:    0.00 (Cumulative area) 

    Layer: met1
      Partial area ratio:    5.09
      Required ratio:    0.00 (Gate area) 
      Cumulative area ratio:    5.09
      Required ratio:    0.00 (Cumulative area) 
      Partial area ratio:   24.71
      Required ratio:  400.00 (Side area) 
      Cumulative area ratio:   24.71
      Required ratio:    0.00 (Cumulative side area) 

    Layer: via
      Partial area ratio:    0.18
      Required ratio:    6.00 (Gate area) 
      Cumulative area ratio:    0.30
      Required ratio:    0.00 (Cumulative area) 

    Layer: met2
      Partial area ratio:   18.67
      Required ratio:    0.00 (Gate area) 
      Cumulative area ratio:   23.76
      Required ratio:    0.00 (Cumulative area) 
      Partial area ratio:   92.83
      Required ratio: 2956.40 (Side area) 
      Cumulative area ratio:  117.53
      Required ratio:    0.00 (Cumulative side area) 


  Pin:   _29536_/A (sky130_fd_sc_hd__nand2_1)
    Layer: mcon
      Partial area ratio:    0.12
      Required ratio:    3.00 (Gate area) 
      Cumulative area ratio:    0.12
      Required ratio:    0.00 (Cumulative area) 

    Layer: met1
      Partial area ratio:    9.45
      Required ratio:    0.00 (Gate area) 
      Cumulative area ratio:    9.45
      Required ratio:    0.00 (Cumulative area) 
      Partial area ratio:   46.22
      Required ratio:  400.00 (Side area) 
      Cumulative area ratio:   46.22
      Required ratio:    0.00 (Cumulative side area) 

    Layer: via
      Partial area ratio:    0.18
      Required ratio:    6.00 (Gate area) 
      Cumulative area ratio:    0.30
      Required ratio:    0.00 (Cumulative area) 

    Layer: met2
      Partial area ratio:   18.67
      Required ratio:    0.00 (Gate area) 
      Cumulative area ratio:   28.12
      Required ratio:    0.00 (Cumulative area) 
      Partial area ratio:   92.83
      Required ratio: 2956.40 (Side area) 
      Cumulative area ratio:  139.05
      Required ratio:    0.00 (Cumulative side area) 


  Pin:   fanout780/A (sky130_fd_sc_hd__buf_4)
    Layer: mcon
      Partial area ratio:    0.12
      Required ratio:    3.00 (Gate area) 
      Cumulative area ratio:    0.12
      Required ratio:    0.00 (Cumulative area) 

    Layer: met1
      Partial area ratio:  126.97
      Required ratio:    0.00 (Gate area) 
      Cumulative area ratio:  126.97
      Required ratio:    0.00 (Cumulative area) 
      Partial area ratio:  633.22
      Required ratio:  400.00 (Side area) (VIOLATED)
      Cumulative area ratio:  633.22
      Required ratio:    0.00 (Cumulative side area) 

    Layer: via
      Partial area ratio:    0.36
      Required ratio:    6.00 (Gate area) 
      Cumulative area ratio:    0.48
      Required ratio:    0.00 (Cumulative area) 

    Layer: met2
      Partial area ratio:   18.67
      Required ratio:    0.00 (Gate area) 
      Cumulative area ratio:  145.64
      Required ratio:    0.00 (Cumulative area) 
      Partial area ratio:   92.83
      Required ratio: 2956.40 (Side area) 
      Cumulative area ratio:  726.05
      Required ratio:    0.00 (Cumulative side area) 


  Pin:   fanout781/A (sky130_fd_sc_hd__buf_4)
    Layer: mcon
      Partial area ratio:    0.12
      Required ratio:    3.00 (Gate area) 
      Cumulative area ratio:    0.12
      Required ratio:    0.00 (Cumulative area) 

    Layer: met1
      Partial area ratio:    4.59
      Required ratio:    0.00 (Gate area) 
      Cumulative area ratio:    4.59
      Required ratio:    0.00 (Cumulative area) 
      Partial area ratio:   21.48
      Required ratio: 2956.40 (Side area) 
      Cumulative area ratio:   21.48
      Required ratio:    0.00 (Cumulative side area) 

    Layer: via
      Partial area ratio:    0.27
      Required ratio:   38.08 (Gate area) 
      Cumulative area ratio:    0.39
      Required ratio:    0.00 (Cumulative area) 

    Layer: met2
      Partial area ratio:   18.67
      Required ratio:    0.00 (Gate area) 
      Cumulative area ratio:   23.26
      Required ratio:    0.00 (Cumulative area) 
      Partial area ratio:   92.83
      Required ratio: 2956.40 (Side area) 
      Cumulative area ratio:  114.31
      Required ratio:    0.00 (Cumulative side area) 



Net: net790
  Pin:   _23450_/A (sky130_fd_sc_hd__nor2_1)
    Layer: mcon
      Partial area ratio:    0.12
      Required ratio:    3.00 (Gate area) 
      Cumulative area ratio:    0.12
      Required ratio:    0.00 (Cumulative area) 

    Layer: met1
      Partial area ratio:    0.65
      Required ratio:    0.00 (Gate area) 
      Cumulative area ratio:    0.65
      Required ratio:    0.00 (Cumulative area) 
      Partial area ratio:    2.87
      Required ratio:  400.00 (Side area) 
      Cumulative area ratio:    2.87
      Required ratio:    0.00 (Cumulative side area) 

    Layer: via
      Partial area ratio:    0.11
      Required ratio:    6.00 (Gate area) 
      Cumulative area ratio:    0.23
      Required ratio:    0.00 (Cumulative area) 

    Layer: met2
      Partial area ratio:   20.62
      Required ratio:    0.00 (Gate area) 
      Cumulative area ratio:   21.28
      Required ratio:    0.00 (Cumulative area) 
      Partial area ratio:  101.67
      Required ratio:  400.00 (Side area) 
      Cumulative area ratio:  104.54
      Required ratio:    0.00 (Cumulative side area) 

    Layer: via2
      Partial area ratio:    0.27
      Required ratio:    6.00 (Gate area) 
      Cumulative area ratio:    0.50
      Required ratio:    0.00 (Cumulative area) 

    Layer: met3
      Partial area ratio:   72.70
      Required ratio:    0.00 (Gate area) 
      Cumulative area ratio:   93.98
      Required ratio:    0.00 (Cumulative area) 
      Partial area ratio:  390.06
      Required ratio:  400.00 (Side area) 
      Cumulative area ratio:  494.60
      Required ratio:    0.00 (Cumulative side area) 

    Layer: via3
      Partial area ratio:    0.13
      Required ratio:    6.00 (Gate area) 
      Cumulative area ratio:    0.63
      Required ratio:    0.00 (Cumulative area) 

    Layer: met4
      Partial area ratio:   26.25
      Required ratio:    0.00 (Gate area) 
      Cumulative area ratio:  120.23
      Required ratio:    0.00 (Cumulative area) 
      Partial area ratio:  140.44
      Required ratio: 3669.20 (Side area) 
      Cumulative area ratio:  635.04
      Required ratio:    0.00 (Cumulative side area) 


  Pin:   _25880_/A (sky130_fd_sc_hd__xnor2_1)
    Layer: mcon
      Partial area ratio:    0.06
      Required ratio:    3.00 (Gate area) 
      Cumulative area ratio:    0.06
      Required ratio:    0.00 (Cumulative area) 

    Layer: met1
      Partial area ratio:    3.30
      Required ratio:    0.00 (Gate area) 
      Cumulative area ratio:    3.30
      Required ratio:    0.00 (Cumulative area) 
      Partial area ratio:   15.92
      Required ratio:  400.00 (Side area) 
      Cumulative area ratio:   15.92
      Required ratio:    0.00 (Cumulative side area) 

    Layer: via
      Partial area ratio:    0.14
      Required ratio:    6.00 (Gate area) 
      Cumulative area ratio:    0.19
      Required ratio:    0.00 (Cumulative area) 

    Layer: met2
      Partial area ratio:    6.51
      Required ratio:    0.00 (Gate area) 
      Cumulative area ratio:    9.81
      Required ratio:    0.00 (Cumulative area) 
      Partial area ratio:   32.07
      Required ratio:  400.00 (Side area) 
      Cumulative area ratio:   47.99
      Required ratio:    0.00 (Cumulative side area) 

    Layer: via2
      Partial area ratio:    0.16
      Required ratio:    6.00 (Gate area) 
      Cumulative area ratio:    0.36
      Required ratio:    0.00 (Cumulative area) 

    Layer: met3
      Partial area ratio:    4.68
      Required ratio:    0.00 (Gate area) 
      Cumulative area ratio:   14.50
      Required ratio:    0.00 (Cumulative area) 
      Partial area ratio:   26.88
      Required ratio:  400.00 (Side area) 
      Cumulative area ratio:   74.87
      Required ratio:    0.00 (Cumulative side area) 

    Layer: via3
      Partial area ratio:    0.16
      Required ratio:    6.00 (Gate area) 
      Cumulative area ratio:    0.52
      Required ratio:    0.00 (Cumulative area) 

    Layer: met4
      Partial area ratio:   26.25
      Required ratio:    0.00 (Gate area) 
      Cumulative area ratio:   40.75
      Required ratio:    0.00 (Cumulative area) 
      Partial area ratio:  140.44
      Required ratio: 3669.20 (Side area) 
      Cumulative area ratio:  215.31
      Required ratio:    0.00 (Cumulative side area) 


  Pin:   _28997_/A1 (sky130_fd_sc_hd__a22o_1)
    Layer: mcon
      Partial area ratio:    0.12
      Required ratio:    3.00 (Gate area) 
      Cumulative area ratio:    0.12
      Required ratio:    0.00 (Cumulative area) 

    Layer: met1
      Partial area ratio:    2.27
      Required ratio:    0.00 (Gate area) 
      Cumulative area ratio:    2.27
      Required ratio:    0.00 (Cumulative area) 
      Partial area ratio:   10.58
      Required ratio:  400.00 (Side area) 
      Cumulative area ratio:   10.58
      Required ratio:    0.00 (Cumulative side area) 

    Layer: via
      Partial area ratio:    0.18
      Required ratio:    6.00 (Gate area) 
      Cumulative area ratio:    0.30
      Required ratio:    0.00 (Cumulative area) 

    Layer: met2
      Partial area ratio:   39.93
      Required ratio:    0.00 (Gate area) 
      Cumulative area ratio:   42.19
      Required ratio:    0.00 (Cumulative area) 
      Partial area ratio:  198.90
      Required ratio:  400.00 (Side area) 
      Cumulative area ratio:  209.48
      Required ratio:    0.00 (Cumulative side area) 

    Layer: via2
      Partial area ratio:    0.16
      Required ratio:    6.00 (Gate area) 
      Cumulative area ratio:    0.46
      Required ratio:    0.00 (Cumulative area) 

    Layer: met3
      Partial area ratio:  125.96
      Required ratio:    0.00 (Gate area) 
      Cumulative area ratio:  168.15
      Required ratio:    0.00 (Cumulative area) 
      Partial area ratio:  673.65
      Required ratio:  400.00 (Side area) (VIOLATED)
      Cumulative area ratio:  883.13
      Required ratio:    0.00 (Cumulative side area) 

    Layer: via3
      Partial area ratio:    0.16
      Required ratio:    6.00 (Gate area) 
      Cumulative area ratio:    0.62
      Required ratio:    0.00 (Cumulative area) 

    Layer: met4
      Partial area ratio:   26.25
      Required ratio:    0.00 (Gate area) 
      Cumulative area ratio:  194.40
      Required ratio:    0.00 (Cumulative area) 
      Partial area ratio:  140.44
      Required ratio: 3669.20 (Side area) 
      Cumulative area ratio: 1023.57
      Required ratio:    0.00 (Cumulative side area) 


  Pin:   fanout783/A (sky130_fd_sc_hd__buf_6)
    Layer: mcon
      Partial area ratio:    0.06
      Required ratio:    3.00 (Gate area) 
      Cumulative area ratio:    0.06
      Required ratio:    0.00 (Cumulative area) 

    Layer: met1
      Partial area ratio:   22.01
      Required ratio:    0.00 (Gate area) 
      Cumulative area ratio:   22.01
      Required ratio:    0.00 (Cumulative area) 
      Partial area ratio:  109.69
      Required ratio:  400.00 (Side area) 
      Cumulative area ratio:  109.69
      Required ratio:    0.00 (Cumulative side area) 

    Layer: via
      Partial area ratio:    0.09
      Required ratio:    6.00 (Gate area) 
      Cumulative area ratio:    0.15
      Required ratio:    0.00 (Cumulative area) 

    Layer: met2
      Partial area ratio:    2.16
      Required ratio:    0.00 (Gate area) 
      Cumulative area ratio:   24.17
      Required ratio:    0.00 (Cumulative area) 
      Partial area ratio:   10.50
      Required ratio: 3669.20 (Side area) 
      Cumulative area ratio:  120.20
      Required ratio:    0.00 (Cumulative side area) 

    Layer: via2
      Partial area ratio:    0.03
      Required ratio:  102.23 (Gate area) 
      Cumulative area ratio:    0.18
      Required ratio:    0.00 (Cumulative area) 

    Layer: met3
      Partial area ratio:    0.08
      Required ratio:    0.00 (Gate area) 
      Cumulative area ratio:   24.25
      Required ratio:    0.00 (Cumulative area) 
      Partial area ratio:    0.76
      Required ratio: 3669.20 (Side area) 
      Cumulative area ratio:  120.96
      Required ratio:    0.00 (Cumulative side area) 

    Layer: via3
      Partial area ratio:    0.03
      Required ratio:  102.23 (Gate area) 
      Cumulative area ratio:    0.20
      Required ratio:    0.00 (Cumulative area) 

    Layer: met4
      Partial area ratio:   26.25
      Required ratio:    0.00 (Gate area) 
      Cumulative area ratio:   50.51
      Required ratio:    0.00 (Cumulative area) 
      Partial area ratio:  140.44
      Required ratio: 3669.20 (Side area) 
      Cumulative area ratio:  261.40
      Required ratio:    0.00 (Cumulative side area) 


  Pin:   fanout784/A (sky130_fd_sc_hd__buf_2)
    Layer: mcon
      Partial area ratio:    0.18
      Required ratio:    3.00 (Gate area) 
      Cumulative area ratio:    0.18
      Required ratio:    0.00 (Cumulative area) 

    Layer: met1
      Partial area ratio:    2.95
      Required ratio:    0.00 (Gate area) 
      Cumulative area ratio:    2.95
      Required ratio:    0.00 (Cumulative area) 
      Partial area ratio:   13.57
      Required ratio:  400.00 (Side area) 
      Cumulative area ratio:   13.57
      Required ratio:    0.00 (Cumulative side area) 

    Layer: via
      Partial area ratio:    0.28
      Required ratio:    6.00 (Gate area) 
      Cumulative area ratio:    0.46
      Required ratio:    0.00 (Cumulative area) 

    Layer: met2
      Partial area ratio:    1.17
      Required ratio:    0.00 (Gate area) 
      Cumulative area ratio:    4.12
      Required ratio:    0.00 (Cumulative area) 
      Partial area ratio:    5.42
      Required ratio:  400.00 (Side area) 
      Cumulative area ratio:   18.98
      Required ratio:    0.00 (Cumulative side area) 

    Layer: via2
      Partial area ratio:    0.25
      Required ratio:    6.00 (Gate area) 
      Cumulative area ratio:    0.72
      Required ratio:    0.00 (Cumulative area) 

    Layer: met3
      Partial area ratio:   72.70
      Required ratio:    0.00 (Gate area) 
      Cumulative area ratio:   76.82
      Required ratio:    0.00 (Cumulative area) 
      Partial area ratio:  390.06
      Required ratio:  400.00 (Side area) 
      Cumulative area ratio:  409.05
      Required ratio:    0.00 (Cumulative side area) 

    Layer: via3
      Partial area ratio:    0.13
      Required ratio:    6.00 (Gate area) 
      Cumulative area ratio:    0.85
      Required ratio:    0.00 (Cumulative area) 

    Layer: met4
      Partial area ratio:   26.25
      Required ratio:    0.00 (Gate area) 
      Cumulative area ratio:  103.07
      Required ratio:    0.00 (Cumulative area) 
      Partial area ratio:  140.44
      Required ratio: 3669.20 (Side area) 
      Cumulative area ratio:  549.49
      Required ratio:    0.00 (Cumulative side area) 


  Pin:   fanout787/A (sky130_fd_sc_hd__buf_12)
    Layer: mcon
      Partial area ratio:    0.03
      Required ratio:    3.00 (Gate area) 
      Cumulative area ratio:    0.03
      Required ratio:    0.00 (Cumulative area) 

    Layer: met1
      Partial area ratio:    0.67
      Required ratio:    0.00 (Gate area) 
      Cumulative area ratio:    0.67
      Required ratio:    0.00 (Cumulative area) 
      Partial area ratio:    3.05
      Required ratio: 3669.20 (Side area) 
      Cumulative area ratio:    3.05
      Required ratio:    0.00 (Cumulative side area) 

    Layer: via
      Partial area ratio:    0.05
      Required ratio:  102.23 (Gate area) 
      Cumulative area ratio:    0.07
      Required ratio:    0.00 (Cumulative area) 

    Layer: met2
      Partial area ratio:    2.16
      Required ratio:    0.00 (Gate area) 
      Cumulative area ratio:    2.83
      Required ratio:    0.00 (Cumulative area) 
      Partial area ratio:   10.50
      Required ratio: 3669.20 (Side area) 
      Cumulative area ratio:   13.55
      Required ratio:    0.00 (Cumulative side area) 

    Layer: via2
      Partial area ratio:    0.03
      Required ratio:  102.23 (Gate area) 
      Cumulative area ratio:    0.10
      Required ratio:    0.00 (Cumulative area) 

    Layer: met3
      Partial area ratio:    0.08
      Required ratio:    0.00 (Gate area) 
      Cumulative area ratio:    2.91
      Required ratio:    0.00 (Cumulative area) 
      Partial area ratio:    0.76
      Required ratio: 3669.20 (Side area) 
      Cumulative area ratio:   14.32
      Required ratio:    0.00 (Cumulative side area) 

    Layer: via3
      Partial area ratio:    0.03
      Required ratio:  102.23 (Gate area) 
      Cumulative area ratio:    0.13
      Required ratio:    0.00 (Cumulative area) 

    Layer: met4
      Partial area ratio:   26.25
      Required ratio:    0.00 (Gate area) 
      Cumulative area ratio:   29.16
      Required ratio:    0.00 (Cumulative area) 
      Partial area ratio:  140.44
      Required ratio: 3669.20 (Side area) 
      Cumulative area ratio:  154.76
      Required ratio:    0.00 (Cumulative side area) 


  Pin:   fanout789/A (sky130_fd_sc_hd__buf_6)
    Layer: mcon
      Partial area ratio:    0.06
      Required ratio:    3.00 (Gate area) 
      Cumulative area ratio:    0.06
      Required ratio:    0.00 (Cumulative area) 

    Layer: met1
      Partial area ratio:    1.23
      Required ratio:    0.00 (Gate area) 
      Cumulative area ratio:    1.23
      Required ratio:    0.00 (Cumulative area) 
      Partial area ratio:    5.76
      Required ratio:  400.00 (Side area) 
      Cumulative area ratio:    5.76
      Required ratio:    0.00 (Cumulative side area) 

    Layer: via
      Partial area ratio:    0.09
      Required ratio:    6.00 (Gate area) 
      Cumulative area ratio:    0.15
      Required ratio:    0.00 (Cumulative area) 

    Layer: met2
      Partial area ratio:    0.38
      Required ratio:    0.00 (Gate area) 
      Cumulative area ratio:    1.60
      Required ratio:    0.00 (Cumulative area) 
      Partial area ratio:    1.74
      Required ratio:  400.00 (Side area) 
      Cumulative area ratio:    7.50
      Required ratio:    0.00 (Cumulative side area) 

    Layer: via2
      Partial area ratio:    0.08
      Required ratio:    6.00 (Gate area) 
      Cumulative area ratio:    0.23
      Required ratio:    0.00 (Cumulative area) 

    Layer: met3
      Partial area ratio:   16.98
      Required ratio:    0.00 (Gate area) 
      Cumulative area ratio:   18.58
      Required ratio:    0.00 (Cumulative area) 
      Partial area ratio:   91.49
      Required ratio:  400.00 (Side area) 
      Cumulative area ratio:   98.99
      Required ratio:    0.00 (Cumulative side area) 

    Layer: via3
      Partial area ratio:    0.08
      Required ratio:    6.00 (Gate area) 
      Cumulative area ratio:    0.31
      Required ratio:    0.00 (Cumulative area) 

    Layer: met4
      Partial area ratio:   26.25
      Required ratio:    0.00 (Gate area) 
      Cumulative area ratio:   44.84
      Required ratio:    0.00 (Cumulative area) 
      Partial area ratio:  140.44
      Required ratio: 3669.20 (Side area) 
      Cumulative area ratio:  239.43
      Required ratio:    0.00 (Cumulative side area) 


  Pin:   clone109/A (sky130_fd_sc_hd__clkbuf_1)
    Layer: mcon
      Partial area ratio:    0.15
      Required ratio:    3.00 (Gate area) 
      Cumulative area ratio:    0.15
      Required ratio:    0.00 (Cumulative area) 

    Layer: met1
      Partial area ratio:    3.10
      Required ratio:    0.00 (Gate area) 
      Cumulative area ratio:    3.10
      Required ratio:    0.00 (Cumulative area) 
      Partial area ratio:   14.48
      Required ratio:  400.00 (Side area) 
      Cumulative area ratio:   14.48
      Required ratio:    0.00 (Cumulative side area) 

    Layer: via
      Partial area ratio:    0.23
      Required ratio:    6.00 (Gate area) 
      Cumulative area ratio:    0.38
      Required ratio:    0.00 (Cumulative area) 

    Layer: met2
      Partial area ratio:   20.62
      Required ratio:    0.00 (Gate area) 
      Cumulative area ratio:   23.72
      Required ratio:    0.00 (Cumulative area) 
      Partial area ratio:  101.67
      Required ratio:  400.00 (Side area) 
      Cumulative area ratio:  116.15
      Required ratio:    0.00 (Cumulative side area) 

    Layer: via2
      Partial area ratio:    0.27
      Required ratio:    6.00 (Gate area) 
      Cumulative area ratio:    0.65
      Required ratio:    0.00 (Cumulative area) 

    Layer: met3
      Partial area ratio:   72.70
      Required ratio:    0.00 (Gate area) 
      Cumulative area ratio:   96.42
      Required ratio:    0.00 (Cumulative area) 
      Partial area ratio:  390.06
      Required ratio:  400.00 (Side area) 
      Cumulative area ratio:  506.21
      Required ratio:    0.00 (Cumulative side area) 

    Layer: via3
      Partial area ratio:    0.13
      Required ratio:    6.00 (Gate area) 
      Cumulative area ratio:    0.78
      Required ratio:    0.00 (Cumulative area) 

    Layer: met4
      Partial area ratio:   26.25
      Required ratio:    0.00 (Gate area) 
      Cumulative area ratio:  122.67
      Required ratio:    0.00 (Cumulative area) 
      Partial area ratio:  140.44
      Required ratio: 3669.20 (Side area) 
      Cumulative area ratio:  646.65
      Required ratio:    0.00 (Cumulative side area) 



Net: net796
  Pin:   _20421_/A (sky130_fd_sc_hd__or2_1)
    Layer: mcon
      Partial area ratio:    0.23
      Required ratio:    3.00 (Gate area) 
      Cumulative area ratio:    0.23
      Required ratio:    0.00 (Cumulative area) 

    Layer: met1
      Partial area ratio:   10.55
      Required ratio:    0.00 (Gate area) 
      Cumulative area ratio:   10.55
      Required ratio:    0.00 (Cumulative area) 
      Partial area ratio:   51.28
      Required ratio:  400.00 (Side area) 
      Cumulative area ratio:   51.28
      Required ratio:    0.00 (Cumulative side area) 

    Layer: via
      Partial area ratio:    0.36
      Required ratio:    6.00 (Gate area) 
      Cumulative area ratio:    0.59
      Required ratio:    0.00 (Cumulative area) 

    Layer: met2
      Partial area ratio:    8.35
      Required ratio:    0.00 (Gate area) 
      Cumulative area ratio:   18.90
      Required ratio:    0.00 (Cumulative area) 
      Partial area ratio:   41.37
      Required ratio:  400.00 (Side area) 
      Cumulative area ratio:   92.64
      Required ratio:    0.00 (Cumulative side area) 

    Layer: via2
      Partial area ratio:    0.08
      Required ratio:    6.00 (Gate area) 
      Cumulative area ratio:    0.67
      Required ratio:    0.00 (Cumulative area) 

    Layer: met3
      Partial area ratio:    0.25
      Required ratio:    0.00 (Gate area) 
      Cumulative area ratio:   19.15
      Required ratio:    0.00 (Cumulative area) 
      Partial area ratio:    2.27
      Required ratio:  400.00 (Side area) 
      Cumulative area ratio:   94.92
      Required ratio:    0.00 (Cumulative side area) 

    Layer: via3
      Partial area ratio:    0.08
      Required ratio:    6.00 (Gate area) 
      Cumulative area ratio:    0.75
      Required ratio:    0.00 (Cumulative area) 

    Layer: met4
      Partial area ratio:   15.37
      Required ratio:    0.00 (Gate area) 
      Cumulative area ratio:   34.52
      Required ratio:    0.00 (Cumulative area) 
      Partial area ratio:   82.29
      Required ratio: 2956.40 (Side area) 
      Cumulative area ratio:  177.21
      Required ratio:    0.00 (Cumulative side area) 


  Pin:   _20422_/A (sky130_fd_sc_hd__nand2_1)
    Layer: mcon
      Partial area ratio:    0.12
      Required ratio:    3.00 (Gate area) 
      Cumulative area ratio:    0.12
      Required ratio:    0.00 (Cumulative area) 

    Layer: met1
      Partial area ratio:    2.61
      Required ratio:    0.00 (Gate area) 
      Cumulative area ratio:    2.61
      Required ratio:    0.00 (Cumulative area) 
      Partial area ratio:   12.29
      Required ratio:  400.00 (Side area) 
      Cumulative area ratio:   12.29
      Required ratio:    0.00 (Cumulative side area) 

    Layer: via
      Partial area ratio:    0.18
      Required ratio:    6.00 (Gate area) 
      Cumulative area ratio:    0.30
      Required ratio:    0.00 (Cumulative area) 

    Layer: met2
      Partial area ratio:    0.75
      Required ratio:    0.00 (Gate area) 
      Cumulative area ratio:    3.36
      Required ratio:    0.00 (Cumulative area) 
      Partial area ratio:    3.48
      Required ratio:  400.00 (Side area) 
      Cumulative area ratio:   15.77
      Required ratio:    0.00 (Cumulative side area) 

    Layer: via2
      Partial area ratio:    0.16
      Required ratio:    6.00 (Gate area) 
      Cumulative area ratio:    0.46
      Required ratio:    0.00 (Cumulative area) 

    Layer: met3
      Partial area ratio:  134.35
      Required ratio:    0.00 (Gate area) 
      Cumulative area ratio:  137.72
      Required ratio:    0.00 (Cumulative area) 
      Partial area ratio:  718.42
      Required ratio:  400.00 (Side area) (VIOLATED)
      Cumulative area ratio:  734.19
      Required ratio:    0.00 (Cumulative side area) 

    Layer: via3
      Partial area ratio:    0.32
      Required ratio:    6.00 (Gate area) 
      Cumulative area ratio:    0.78
      Required ratio:    0.00 (Cumulative area) 

    Layer: met4
      Partial area ratio:   15.37
      Required ratio:    0.00 (Gate area) 
      Cumulative area ratio:  153.09
      Required ratio:    0.00 (Cumulative area) 
      Partial area ratio:   82.29
      Required ratio: 2956.40 (Side area) 
      Cumulative area ratio:  816.48
      Required ratio:    0.00 (Cumulative side area) 


  Pin:   _20601_/A (sky130_fd_sc_hd__or2_1)
    Layer: mcon
      Partial area ratio:    0.23
      Required ratio:    3.00 (Gate area) 
      Cumulative area ratio:    0.23
      Required ratio:    0.00 (Cumulative area) 

    Layer: met1
      Partial area ratio:    6.96
      Required ratio:    0.00 (Gate area) 
      Cumulative area ratio:    6.96
      Required ratio:    0.00 (Cumulative area) 
      Partial area ratio:   34.11
      Required ratio:  400.00 (Side area) 
      Cumulative area ratio:   34.11
      Required ratio:    0.00 (Cumulative side area) 

    Layer: via
      Partial area ratio:    0.13
      Required ratio:    6.00 (Gate area) 
      Cumulative area ratio:    0.35
      Required ratio:    0.00 (Cumulative area) 

    Layer: met2
      Partial area ratio:    8.35
      Required ratio:    0.00 (Gate area) 
      Cumulative area ratio:   15.32
      Required ratio:    0.00 (Cumulative area) 
      Partial area ratio:   41.37
      Required ratio:  400.00 (Side area) 
      Cumulative area ratio:   75.47
      Required ratio:    0.00 (Cumulative side area) 

    Layer: via2
      Partial area ratio:    0.08
      Required ratio:    6.00 (Gate area) 
      Cumulative area ratio:    0.43
      Required ratio:    0.00 (Cumulative area) 

    Layer: met3
      Partial area ratio:    0.25
      Required ratio:    0.00 (Gate area) 
      Cumulative area ratio:   15.57
      Required ratio:    0.00 (Cumulative area) 
      Partial area ratio:    2.27
      Required ratio:  400.00 (Side area) 
      Cumulative area ratio:   77.75
      Required ratio:    0.00 (Cumulative side area) 

    Layer: via3
      Partial area ratio:    0.08
      Required ratio:    6.00 (Gate area) 
      Cumulative area ratio:    0.51
      Required ratio:    0.00 (Cumulative area) 

    Layer: met4
      Partial area ratio:   15.37
      Required ratio:    0.00 (Gate area) 
      Cumulative area ratio:   30.94
      Required ratio:    0.00 (Cumulative area) 
      Partial area ratio:   82.29
      Required ratio: 2956.40 (Side area) 
      Cumulative area ratio:  160.04
      Required ratio:    0.00 (Cumulative side area) 


  Pin:   _20667_/A1 (sky130_fd_sc_hd__a22o_1)
    Layer: mcon
      Partial area ratio:    0.12
      Required ratio:    3.00 (Gate area) 
      Cumulative area ratio:    0.12
      Required ratio:    0.00 (Cumulative area) 

    Layer: met1
      Partial area ratio:    6.96
      Required ratio:    0.00 (Gate area) 
      Cumulative area ratio:    6.96
      Required ratio:    0.00 (Cumulative area) 
      Partial area ratio:   34.11
      Required ratio:  400.00 (Side area) 
      Cumulative area ratio:   34.11
      Required ratio:    0.00 (Cumulative side area) 

    Layer: via
      Partial area ratio:    0.13
      Required ratio:    6.00 (Gate area) 
      Cumulative area ratio:    0.24
      Required ratio:    0.00 (Cumulative area) 

    Layer: met2
      Partial area ratio:    8.35
      Required ratio:    0.00 (Gate area) 
      Cumulative area ratio:   15.32
      Required ratio:    0.00 (Cumulative area) 
      Partial area ratio:   41.37
      Required ratio:  400.00 (Side area) 
      Cumulative area ratio:   75.47
      Required ratio:    0.00 (Cumulative side area) 

    Layer: via2
      Partial area ratio:    0.08
      Required ratio:    6.00 (Gate area) 
      Cumulative area ratio:    0.32
      Required ratio:    0.00 (Cumulative area) 

    Layer: met3
      Partial area ratio:    0.25
      Required ratio:    0.00 (Gate area) 
      Cumulative area ratio:   15.57
      Required ratio:    0.00 (Cumulative area) 
      Partial area ratio:    2.27
      Required ratio:  400.00 (Side area) 
      Cumulative area ratio:   77.75
      Required ratio:    0.00 (Cumulative side area) 

    Layer: via3
      Partial area ratio:    0.08
      Required ratio:    6.00 (Gate area) 
      Cumulative area ratio:    0.40
      Required ratio:    0.00 (Cumulative area) 

    Layer: met4
      Partial area ratio:   15.37
      Required ratio:    0.00 (Gate area) 
      Cumulative area ratio:   30.94
      Required ratio:    0.00 (Cumulative area) 
      Partial area ratio:   82.29
      Required ratio: 2956.40 (Side area) 
      Cumulative area ratio:  160.04
      Required ratio:    0.00 (Cumulative side area) 


  Pin:   _21516_/A (sky130_fd_sc_hd__nand2_1)
    Layer: mcon
      Partial area ratio:    0.12
      Required ratio:    3.00 (Gate area) 
      Cumulative area ratio:    0.12
      Required ratio:    0.00 (Cumulative area) 

    Layer: met1
      Partial area ratio:    4.11
      Required ratio:    0.00 (Gate area) 
      Cumulative area ratio:    4.11
      Required ratio:    0.00 (Cumulative area) 
      Partial area ratio:   19.39
      Required ratio: 2956.40 (Side area) 
      Cumulative area ratio:   19.39
      Required ratio:    0.00 (Cumulative side area) 

    Layer: via
      Partial area ratio:    0.18
      Required ratio:   38.08 (Gate area) 
      Cumulative area ratio:    0.30
      Required ratio:    0.00 (Cumulative area) 

    Layer: met2
      Partial area ratio:    1.56
      Required ratio:    0.00 (Gate area) 
      Cumulative area ratio:    5.67
      Required ratio:    0.00 (Cumulative area) 
      Partial area ratio:    7.57
      Required ratio: 2956.40 (Side area) 
      Cumulative area ratio:   26.96
      Required ratio:    0.00 (Cumulative side area) 

    Layer: via2
      Partial area ratio:    0.05
      Required ratio:   38.08 (Gate area) 
      Cumulative area ratio:    0.35
      Required ratio:    0.00 (Cumulative area) 

    Layer: met3
      Partial area ratio:    0.14
      Required ratio:    0.00 (Gate area) 
      Cumulative area ratio:    5.82
      Required ratio:    0.00 (Cumulative area) 
      Partial area ratio:    1.31
      Required ratio: 2956.40 (Side area) 
      Cumulative area ratio:   28.27
      Required ratio:    0.00 (Cumulative side area) 

    Layer: via3
      Partial area ratio:    0.05
      Required ratio:   38.08 (Gate area) 
      Cumulative area ratio:    0.39
      Required ratio:    0.00 (Cumulative area) 

    Layer: met4
      Partial area ratio:   15.37
      Required ratio:    0.00 (Gate area) 
      Cumulative area ratio:   21.19
      Required ratio:    0.00 (Cumulative area) 
      Partial area ratio:   82.29
      Required ratio: 2956.40 (Side area) 
      Cumulative area ratio:  110.56
      Required ratio:    0.00 (Cumulative side area) 


  Pin:   _21517_/A (sky130_fd_sc_hd__or2_1)
    Layer: mcon
      Partial area ratio:    0.23
      Required ratio:    3.00 (Gate area) 
      Cumulative area ratio:    0.23
      Required ratio:    0.00 (Cumulative area) 

    Layer: met1
      Partial area ratio:    4.11
      Required ratio:    0.00 (Gate area) 
      Cumulative area ratio:    4.11
      Required ratio:    0.00 (Cumulative area) 
      Partial area ratio:   19.39
      Required ratio: 2956.40 (Side area) 
      Cumulative area ratio:   19.39
      Required ratio:    0.00 (Cumulative side area) 

    Layer: via
      Partial area ratio:    0.18
      Required ratio:   38.08 (Gate area) 
      Cumulative area ratio:    0.41
      Required ratio:    0.00 (Cumulative area) 

    Layer: met2
      Partial area ratio:    1.56
      Required ratio:    0.00 (Gate area) 
      Cumulative area ratio:    5.67
      Required ratio:    0.00 (Cumulative area) 
      Partial area ratio:    7.57
      Required ratio: 2956.40 (Side area) 
      Cumulative area ratio:   26.96
      Required ratio:    0.00 (Cumulative side area) 

    Layer: via2
      Partial area ratio:    0.05
      Required ratio:   38.08 (Gate area) 
      Cumulative area ratio:    0.46
      Required ratio:    0.00 (Cumulative area) 

    Layer: met3
      Partial area ratio:    0.14
      Required ratio:    0.00 (Gate area) 
      Cumulative area ratio:    5.82
      Required ratio:    0.00 (Cumulative area) 
      Partial area ratio:    1.31
      Required ratio: 2956.40 (Side area) 
      Cumulative area ratio:   28.27
      Required ratio:    0.00 (Cumulative side area) 

    Layer: via3
      Partial area ratio:    0.05
      Required ratio:   38.08 (Gate area) 
      Cumulative area ratio:    0.51
      Required ratio:    0.00 (Cumulative area) 

    Layer: met4
      Partial area ratio:   15.37
      Required ratio:    0.00 (Gate area) 
      Cumulative area ratio:   21.19
      Required ratio:    0.00 (Cumulative area) 
      Partial area ratio:   82.29
      Required ratio: 2956.40 (Side area) 
      Cumulative area ratio:  110.56
      Required ratio:    0.00 (Cumulative side area) 


  Pin:   _21519_/A (sky130_fd_sc_hd__xnor2_1)
    Layer: mcon
      Partial area ratio:    0.06
      Required ratio:    3.00 (Gate area) 
      Cumulative area ratio:    0.06
      Required ratio:    0.00 (Cumulative area) 

    Layer: met1
      Partial area ratio:    1.54
      Required ratio:    0.00 (Gate area) 
      Cumulative area ratio:    1.54
      Required ratio:    0.00 (Cumulative area) 
      Partial area ratio:    7.35
      Required ratio:  400.00 (Side area) 
      Cumulative area ratio:    7.35
      Required ratio:    0.00 (Cumulative side area) 

    Layer: via
      Partial area ratio:    0.09
      Required ratio:    6.00 (Gate area) 
      Cumulative area ratio:    0.15
      Required ratio:    0.00 (Cumulative area) 

    Layer: met2
      Partial area ratio:    1.56
      Required ratio:    0.00 (Gate area) 
      Cumulative area ratio:    3.11
      Required ratio:    0.00 (Cumulative area) 
      Partial area ratio:    7.57
      Required ratio: 2956.40 (Side area) 
      Cumulative area ratio:   14.92
      Required ratio:    0.00 (Cumulative side area) 

    Layer: via2
      Partial area ratio:    0.05
      Required ratio:   38.08 (Gate area) 
      Cumulative area ratio:    0.20
      Required ratio:    0.00 (Cumulative area) 

    Layer: met3
      Partial area ratio:    0.14
      Required ratio:    0.00 (Gate area) 
      Cumulative area ratio:    3.25
      Required ratio:    0.00 (Cumulative area) 
      Partial area ratio:    1.31
      Required ratio: 2956.40 (Side area) 
      Cumulative area ratio:   16.23
      Required ratio:    0.00 (Cumulative side area) 

    Layer: via3
      Partial area ratio:    0.05
      Required ratio:   38.08 (Gate area) 
      Cumulative area ratio:    0.24
      Required ratio:    0.00 (Cumulative area) 

    Layer: met4
      Partial area ratio:   15.37
      Required ratio:    0.00 (Gate area) 
      Cumulative area ratio:   18.62
      Required ratio:    0.00 (Cumulative area) 
      Partial area ratio:   82.29
      Required ratio: 2956.40 (Side area) 
      Cumulative area ratio:   98.52
      Required ratio:    0.00 (Cumulative side area) 


  Pin:   _29547_/A (sky130_fd_sc_hd__or2_1)
    Layer: mcon
      Partial area ratio:    0.23
      Required ratio:    3.00 (Gate area) 
      Cumulative area ratio:    0.23
      Required ratio:    0.00 (Cumulative area) 

    Layer: met1
      Partial area ratio:    0.75
      Required ratio:    0.00 (Gate area) 
      Cumulative area ratio:    0.75
      Required ratio:    0.00 (Cumulative area) 
      Partial area ratio:    3.45
      Required ratio:  400.00 (Side area) 
      Cumulative area ratio:    3.45
      Required ratio:    0.00 (Cumulative side area) 

    Layer: via
      Partial area ratio:    0.05
      Required ratio:    6.00 (Gate area) 
      Cumulative area ratio:    0.28
      Required ratio:    0.00 (Cumulative area) 

    Layer: met2
      Partial area ratio:    3.17
      Required ratio:    0.00 (Gate area) 
      Cumulative area ratio:    3.91
      Required ratio:    0.00 (Cumulative area) 
      Partial area ratio:   15.56
      Required ratio:  400.00 (Side area) 
      Cumulative area ratio:   19.00
      Required ratio:    0.00 (Cumulative side area) 

    Layer: via2
      Partial area ratio:    0.03
      Required ratio:    6.00 (Gate area) 
      Cumulative area ratio:    0.31
      Required ratio:    0.00 (Cumulative area) 

    Layer: met3
      Partial area ratio:    1.61
      Required ratio:    0.00 (Gate area) 
      Cumulative area ratio:    5.52
      Required ratio:    0.00 (Cumulative area) 
      Partial area ratio:    8.92
      Required ratio:  400.00 (Side area) 
      Cumulative area ratio:   27.93
      Required ratio:    0.00 (Cumulative side area) 

    Layer: via3
      Partial area ratio:    0.03
      Required ratio:    6.00 (Gate area) 
      Cumulative area ratio:    0.34
      Required ratio:    0.00 (Cumulative area) 

    Layer: met4
      Partial area ratio:   15.37
      Required ratio:    0.00 (Gate area) 
      Cumulative area ratio:   20.89
      Required ratio:    0.00 (Cumulative area) 
      Partial area ratio:   82.29
      Required ratio: 2956.40 (Side area) 
      Cumulative area ratio:  110.22
      Required ratio:    0.00 (Cumulative side area) 


  Pin:   _29548_/A (sky130_fd_sc_hd__xnor2_2)
    Layer: mcon
      Partial area ratio:    0.03
      Required ratio:    3.00 (Gate area) 
      Cumulative area ratio:    0.03
      Required ratio:    0.00 (Cumulative area) 

    Layer: met1
      Partial area ratio:    0.75
      Required ratio:    0.00 (Gate area) 
      Cumulative area ratio:    0.75
      Required ratio:    0.00 (Cumulative area) 
      Partial area ratio:    3.45
      Required ratio:  400.00 (Side area) 
      Cumulative area ratio:    3.45
      Required ratio:    0.00 (Cumulative side area) 

    Layer: via
      Partial area ratio:    0.05
      Required ratio:    6.00 (Gate area) 
      Cumulative area ratio:    0.08
      Required ratio:    0.00 (Cumulative area) 

    Layer: met2
      Partial area ratio:    3.17
      Required ratio:    0.00 (Gate area) 
      Cumulative area ratio:    3.91
      Required ratio:    0.00 (Cumulative area) 
      Partial area ratio:   15.56
      Required ratio:  400.00 (Side area) 
      Cumulative area ratio:   19.00
      Required ratio:    0.00 (Cumulative side area) 

    Layer: via2
      Partial area ratio:    0.03
      Required ratio:    6.00 (Gate area) 
      Cumulative area ratio:    0.11
      Required ratio:    0.00 (Cumulative area) 

    Layer: met3
      Partial area ratio:    1.61
      Required ratio:    0.00 (Gate area) 
      Cumulative area ratio:    5.52
      Required ratio:    0.00 (Cumulative area) 
      Partial area ratio:    8.92
      Required ratio:  400.00 (Side area) 
      Cumulative area ratio:   27.93
      Required ratio:    0.00 (Cumulative side area) 

    Layer: via3
      Partial area ratio:    0.03
      Required ratio:    6.00 (Gate area) 
      Cumulative area ratio:    0.14
      Required ratio:    0.00 (Cumulative area) 

    Layer: met4
      Partial area ratio:   15.37
      Required ratio:    0.00 (Gate area) 
      Cumulative area ratio:   20.89
      Required ratio:    0.00 (Cumulative area) 
      Partial area ratio:   82.29
      Required ratio: 2956.40 (Side area) 
      Cumulative area ratio:  110.22
      Required ratio:    0.00 (Cumulative side area) 


  Pin:   _30026_/B1 (sky130_fd_sc_hd__a21oi_1)
    Layer: mcon
      Partial area ratio:    0.12
      Required ratio:    3.00 (Gate area) 
      Cumulative area ratio:    0.12
      Required ratio:    0.00 (Cumulative area) 

    Layer: met1
      Partial area ratio:   24.52
      Required ratio:    0.00 (Gate area) 
      Cumulative area ratio:   24.52
      Required ratio:    0.00 (Cumulative area) 
      Partial area ratio:  121.40
      Required ratio:  400.00 (Side area) 
      Cumulative area ratio:  121.40
      Required ratio:    0.00 (Cumulative side area) 

    Layer: via
      Partial area ratio:    0.27
      Required ratio:    6.00 (Gate area) 
      Cumulative area ratio:    0.39
      Required ratio:    0.00 (Cumulative area) 

    Layer: met2
      Partial area ratio:    3.17
      Required ratio:    0.00 (Gate area) 
      Cumulative area ratio:   27.69
      Required ratio:    0.00 (Cumulative area) 
      Partial area ratio:   15.56
      Required ratio:  400.00 (Side area) 
      Cumulative area ratio:  136.96
      Required ratio:    0.00 (Cumulative side area) 

    Layer: via2
      Partial area ratio:    0.03
      Required ratio:    6.00 (Gate area) 
      Cumulative area ratio:    0.42
      Required ratio:    0.00 (Cumulative area) 

    Layer: met3
      Partial area ratio:    1.61
      Required ratio:    0.00 (Gate area) 
      Cumulative area ratio:   29.30
      Required ratio:    0.00 (Cumulative area) 
      Partial area ratio:    8.92
      Required ratio:  400.00 (Side area) 
      Cumulative area ratio:  145.88
      Required ratio:    0.00 (Cumulative side area) 

    Layer: via3
      Partial area ratio:    0.03
      Required ratio:    6.00 (Gate area) 
      Cumulative area ratio:    0.45
      Required ratio:    0.00 (Cumulative area) 

    Layer: met4
      Partial area ratio:   15.37
      Required ratio:    0.00 (Gate area) 
      Cumulative area ratio:   44.67
      Required ratio:    0.00 (Cumulative area) 
      Partial area ratio:   82.29
      Required ratio: 2956.40 (Side area) 
      Cumulative area ratio:  228.17
      Required ratio:    0.00 (Cumulative side area) 



Net: net798
  Pin:   _25883_/A (sky130_fd_sc_hd__nor2_1)
    Layer: mcon
      Partial area ratio:    0.12
      Required ratio:    3.00 (Gate area) 
      Cumulative area ratio:    0.12
      Required ratio:    0.00 (Cumulative area) 

    Layer: met1
      Partial area ratio:   21.47
      Required ratio:    0.00 (Gate area) 
      Cumulative area ratio:   21.47
      Required ratio:    0.00 (Cumulative area) 
      Partial area ratio:  106.04
      Required ratio: 3236.16 (Side area) 
      Cumulative area ratio:  106.04
      Required ratio:    0.00 (Cumulative side area) 

    Layer: via
      Partial area ratio:    0.27
      Required ratio:   63.25 (Gate area) 
      Cumulative area ratio:    0.39
      Required ratio:    0.00 (Cumulative area) 

    Layer: met2
      Partial area ratio:   13.40
      Required ratio:    0.00 (Gate area) 
      Cumulative area ratio:   34.87
      Required ratio:    0.00 (Cumulative area) 
      Partial area ratio:   66.44
      Required ratio: 3236.16 (Side area) 
      Cumulative area ratio:  172.48
      Required ratio:    0.00 (Cumulative side area) 

    Layer: via2
      Partial area ratio:    0.03
      Required ratio:   63.25 (Gate area) 
      Cumulative area ratio:    0.42
      Required ratio:    0.00 (Cumulative area) 

    Layer: met3
      Partial area ratio:    1.51
      Required ratio:    0.00 (Gate area) 
      Cumulative area ratio:   36.38
      Required ratio:    0.00 (Cumulative area) 
      Partial area ratio:    8.39
      Required ratio: 3236.16 (Side area) 
      Cumulative area ratio:  180.87
      Required ratio:    0.00 (Cumulative side area) 

    Layer: via3
      Partial area ratio:    0.03
      Required ratio:   63.25 (Gate area) 
      Cumulative area ratio:    0.44
      Required ratio:    0.00 (Cumulative area) 

    Layer: met4
      Partial area ratio:    3.89
      Required ratio:    0.00 (Gate area) 
      Cumulative area ratio:   40.27
      Required ratio:    0.00 (Cumulative area) 
      Partial area ratio:   20.91
      Required ratio: 3236.16 (Side area) 
      Cumulative area ratio:  201.78
      Required ratio:    0.00 (Cumulative side area) 


  Pin:   _26888_/A (sky130_fd_sc_hd__nor2_1)
    Layer: mcon
      Partial area ratio:    0.12
      Required ratio:    3.00 (Gate area) 
      Cumulative area ratio:    0.12
      Required ratio:    0.00 (Cumulative area) 

    Layer: met1
      Partial area ratio:   14.08
      Required ratio:    0.00 (Gate area) 
      Cumulative area ratio:   14.08
      Required ratio:    0.00 (Cumulative area) 
      Partial area ratio:   69.19
      Required ratio:  400.00 (Side area) 
      Cumulative area ratio:   69.19
      Required ratio:    0.00 (Cumulative side area) 

    Layer: via
      Partial area ratio:    0.27
      Required ratio:    6.00 (Gate area) 
      Cumulative area ratio:    0.39
      Required ratio:    0.00 (Cumulative area) 

    Layer: met2
      Partial area ratio:   13.40
      Required ratio:    0.00 (Gate area) 
      Cumulative area ratio:   27.47
      Required ratio:    0.00 (Cumulative area) 
      Partial area ratio:   66.44
      Required ratio: 3236.16 (Side area) 
      Cumulative area ratio:  135.63
      Required ratio:    0.00 (Cumulative side area) 

    Layer: via2
      Partial area ratio:    0.03
      Required ratio:   63.25 (Gate area) 
      Cumulative area ratio:    0.42
      Required ratio:    0.00 (Cumulative area) 

    Layer: met3
      Partial area ratio:    1.51
      Required ratio:    0.00 (Gate area) 
      Cumulative area ratio:   28.99
      Required ratio:    0.00 (Cumulative area) 
      Partial area ratio:    8.39
      Required ratio: 3236.16 (Side area) 
      Cumulative area ratio:  144.02
      Required ratio:    0.00 (Cumulative side area) 

    Layer: via3
      Partial area ratio:    0.03
      Required ratio:   63.25 (Gate area) 
      Cumulative area ratio:    0.44
      Required ratio:    0.00 (Cumulative area) 

    Layer: met4
      Partial area ratio:    3.89
      Required ratio:    0.00 (Gate area) 
      Cumulative area ratio:   32.87
      Required ratio:    0.00 (Cumulative area) 
      Partial area ratio:   20.91
      Required ratio: 3236.16 (Side area) 
      Cumulative area ratio:  164.93
      Required ratio:    0.00 (Cumulative side area) 


  Pin:   _26889_/A (sky130_fd_sc_hd__xnor2_1)
    Layer: mcon
      Partial area ratio:    0.06
      Required ratio:    3.00 (Gate area) 
      Cumulative area ratio:    0.06
      Required ratio:    0.00 (Cumulative area) 

    Layer: met1
      Partial area ratio:    1.48
      Required ratio:    0.00 (Gate area) 
      Cumulative area ratio:    1.48
      Required ratio:    0.00 (Cumulative area) 
      Partial area ratio:    7.04
      Required ratio:  400.00 (Side area) 
      Cumulative area ratio:    7.04
      Required ratio:    0.00 (Cumulative side area) 

    Layer: via
      Partial area ratio:    0.09
      Required ratio:    6.00 (Gate area) 
      Cumulative area ratio:    0.15
      Required ratio:    0.00 (Cumulative area) 

    Layer: met2
      Partial area ratio:   13.40
      Required ratio:    0.00 (Gate area) 
      Cumulative area ratio:   14.88
      Required ratio:    0.00 (Cumulative area) 
      Partial area ratio:   66.44
      Required ratio: 3236.16 (Side area) 
      Cumulative area ratio:   73.48
      Required ratio:    0.00 (Cumulative side area) 

    Layer: via2
      Partial area ratio:    0.03
      Required ratio:   63.25 (Gate area) 
      Cumulative area ratio:    0.18
      Required ratio:    0.00 (Cumulative area) 

    Layer: met3
      Partial area ratio:    1.51
      Required ratio:    0.00 (Gate area) 
      Cumulative area ratio:   16.39
      Required ratio:    0.00 (Cumulative area) 
      Partial area ratio:    8.39
      Required ratio: 3236.16 (Side area) 
      Cumulative area ratio:   81.86
      Required ratio:    0.00 (Cumulative side area) 

    Layer: via3
      Partial area ratio:    0.03
      Required ratio:   63.25 (Gate area) 
      Cumulative area ratio:    0.20
      Required ratio:    0.00 (Cumulative area) 

    Layer: met4
      Partial area ratio:    3.89
      Required ratio:    0.00 (Gate area) 
      Cumulative area ratio:   20.28
      Required ratio:    0.00 (Cumulative area) 
      Partial area ratio:   20.91
      Required ratio: 3236.16 (Side area) 
      Cumulative area ratio:  102.78
      Required ratio:    0.00 (Cumulative side area) 


  Pin:   _27193_/A (sky130_fd_sc_hd__xnor2_1)
    Layer: mcon
      Partial area ratio:    0.06
      Required ratio:    3.00 (Gate area) 
      Cumulative area ratio:    0.06
      Required ratio:    0.00 (Cumulative area) 

    Layer: met1
      Partial area ratio:    4.12
      Required ratio:    0.00 (Gate area) 
      Cumulative area ratio:    4.12
      Required ratio:    0.00 (Cumulative area) 
      Partial area ratio:   19.84
      Required ratio:  400.00 (Side area) 
      Cumulative area ratio:   19.84
      Required ratio:    0.00 (Cumulative side area) 

    Layer: via
      Partial area ratio:    0.13
      Required ratio:    6.00 (Gate area) 
      Cumulative area ratio:    0.19
      Required ratio:    0.00 (Cumulative area) 

    Layer: met2
      Partial area ratio:    2.95
      Required ratio:    0.00 (Gate area) 
      Cumulative area ratio:    7.06
      Required ratio:    0.00 (Cumulative area) 
      Partial area ratio:   14.46
      Required ratio:  400.00 (Side area) 
      Cumulative area ratio:   34.29
      Required ratio:    0.00 (Cumulative side area) 

    Layer: via2
      Partial area ratio:    0.03
      Required ratio:    6.00 (Gate area) 
      Cumulative area ratio:    0.22
      Required ratio:    0.00 (Cumulative area) 

    Layer: met3
      Partial area ratio:    0.10
      Required ratio:    0.00 (Gate area) 
      Cumulative area ratio:    7.16
      Required ratio:    0.00 (Cumulative area) 
      Partial area ratio:    0.91
      Required ratio:  400.00 (Side area) 
      Cumulative area ratio:   35.21
      Required ratio:    0.00 (Cumulative side area) 

    Layer: via3
      Partial area ratio:    0.03
      Required ratio:    6.00 (Gate area) 
      Cumulative area ratio:    0.25
      Required ratio:    0.00 (Cumulative area) 

    Layer: met4
      Partial area ratio:    3.89
      Required ratio:    0.00 (Gate area) 
      Cumulative area ratio:   11.05
      Required ratio:    0.00 (Cumulative area) 
      Partial area ratio:   20.91
      Required ratio: 3236.16 (Side area) 
      Cumulative area ratio:   56.12
      Required ratio:    0.00 (Cumulative side area) 


  Pin:   _27674_/A (sky130_fd_sc_hd__nor2_1)
    Layer: mcon
      Partial area ratio:    0.12
      Required ratio:    3.00 (Gate area) 
      Cumulative area ratio:    0.12
      Required ratio:    0.00 (Cumulative area) 

    Layer: met1
      Partial area ratio:    4.12
      Required ratio:    0.00 (Gate area) 
      Cumulative area ratio:    4.12
      Required ratio:    0.00 (Cumulative area) 
      Partial area ratio:   19.84
      Required ratio:  400.00 (Side area) 
      Cumulative area ratio:   19.84
      Required ratio:    0.00 (Cumulative side area) 

    Layer: via
      Partial area ratio:    0.13
      Required ratio:    6.00 (Gate area) 
      Cumulative area ratio:    0.25
      Required ratio:    0.00 (Cumulative area) 

    Layer: met2
      Partial area ratio:    2.95
      Required ratio:    0.00 (Gate area) 
      Cumulative area ratio:    7.06
      Required ratio:    0.00 (Cumulative area) 
      Partial area ratio:   14.46
      Required ratio:  400.00 (Side area) 
      Cumulative area ratio:   34.29
      Required ratio:    0.00 (Cumulative side area) 

    Layer: via2
      Partial area ratio:    0.03
      Required ratio:    6.00 (Gate area) 
      Cumulative area ratio:    0.28
      Required ratio:    0.00 (Cumulative area) 

    Layer: met3
      Partial area ratio:    0.10
      Required ratio:    0.00 (Gate area) 
      Cumulative area ratio:    7.16
      Required ratio:    0.00 (Cumulative area) 
      Partial area ratio:    0.91
      Required ratio:  400.00 (Side area) 
      Cumulative area ratio:   35.21
      Required ratio:    0.00 (Cumulative side area) 

    Layer: via3
      Partial area ratio:    0.03
      Required ratio:    6.00 (Gate area) 
      Cumulative area ratio:    0.31
      Required ratio:    0.00 (Cumulative area) 

    Layer: met4
      Partial area ratio:    3.89
      Required ratio:    0.00 (Gate area) 
      Cumulative area ratio:   11.05
      Required ratio:    0.00 (Cumulative area) 
      Partial area ratio:   20.91
      Required ratio: 3236.16 (Side area) 
      Cumulative area ratio:   56.12
      Required ratio:    0.00 (Cumulative side area) 


  Pin:   _27675_/A (sky130_fd_sc_hd__and2_1)
    Layer: mcon
      Partial area ratio:    0.23
      Required ratio:    3.00 (Gate area) 
      Cumulative area ratio:    0.23
      Required ratio:    0.00 (Cumulative area) 

    Layer: met1
      Partial area ratio:    4.12
      Required ratio:    0.00 (Gate area) 
      Cumulative area ratio:    4.12
      Required ratio:    0.00 (Cumulative area) 
      Partial area ratio:   19.84
      Required ratio:  400.00 (Side area) 
      Cumulative area ratio:   19.84
      Required ratio:    0.00 (Cumulative side area) 

    Layer: via
      Partial area ratio:    0.13
      Required ratio:    6.00 (Gate area) 
      Cumulative area ratio:    0.36
      Required ratio:    0.00 (Cumulative area) 

    Layer: met2
      Partial area ratio:    2.95
      Required ratio:    0.00 (Gate area) 
      Cumulative area ratio:    7.06
      Required ratio:    0.00 (Cumulative area) 
      Partial area ratio:   14.46
      Required ratio:  400.00 (Side area) 
      Cumulative area ratio:   34.29
      Required ratio:    0.00 (Cumulative side area) 

    Layer: via2
      Partial area ratio:    0.03
      Required ratio:    6.00 (Gate area) 
      Cumulative area ratio:    0.39
      Required ratio:    0.00 (Cumulative area) 

    Layer: met3
      Partial area ratio:    0.10
      Required ratio:    0.00 (Gate area) 
      Cumulative area ratio:    7.16
      Required ratio:    0.00 (Cumulative area) 
      Partial area ratio:    0.91
      Required ratio:  400.00 (Side area) 
      Cumulative area ratio:   35.21
      Required ratio:    0.00 (Cumulative side area) 

    Layer: via3
      Partial area ratio:    0.03
      Required ratio:    6.00 (Gate area) 
      Cumulative area ratio:    0.42
      Required ratio:    0.00 (Cumulative area) 

    Layer: met4
      Partial area ratio:    3.89
      Required ratio:    0.00 (Gate area) 
      Cumulative area ratio:   11.05
      Required ratio:    0.00 (Cumulative area) 
      Partial area ratio:   20.91
      Required ratio: 3236.16 (Side area) 
      Cumulative area ratio:   56.12
      Required ratio:    0.00 (Cumulative side area) 


  Pin:   _28915_/A (sky130_fd_sc_hd__or2_1)
    Layer: mcon
      Partial area ratio:    0.23
      Required ratio:    3.00 (Gate area) 
      Cumulative area ratio:    0.23
      Required ratio:    0.00 (Cumulative area) 

    Layer: met1
      Partial area ratio:    5.87
      Required ratio:    0.00 (Gate area) 
      Cumulative area ratio:    5.87
      Required ratio:    0.00 (Cumulative area) 
      Partial area ratio:   27.87
      Required ratio:  400.00 (Side area) 
      Cumulative area ratio:   27.87
      Required ratio:    0.00 (Cumulative side area) 

    Layer: via
      Partial area ratio:    0.36
      Required ratio:    6.00 (Gate area) 
      Cumulative area ratio:    0.59
      Required ratio:    0.00 (Cumulative area) 

    Layer: met2
      Partial area ratio:    2.95
      Required ratio:    0.00 (Gate area) 
      Cumulative area ratio:    8.82
      Required ratio:    0.00 (Cumulative area) 
      Partial area ratio:   14.46
      Required ratio:  400.00 (Side area) 
      Cumulative area ratio:   42.33
      Required ratio:    0.00 (Cumulative side area) 

    Layer: via2
      Partial area ratio:    0.03
      Required ratio:    6.00 (Gate area) 
      Cumulative area ratio:    0.62
      Required ratio:    0.00 (Cumulative area) 

    Layer: met3
      Partial area ratio:    0.10
      Required ratio:    0.00 (Gate area) 
      Cumulative area ratio:    8.92
      Required ratio:    0.00 (Cumulative area) 
      Partial area ratio:    0.91
      Required ratio:  400.00 (Side area) 
      Cumulative area ratio:   43.24
      Required ratio:    0.00 (Cumulative side area) 

    Layer: via3
      Partial area ratio:    0.03
      Required ratio:    6.00 (Gate area) 
      Cumulative area ratio:    0.65
      Required ratio:    0.00 (Cumulative area) 

    Layer: met4
      Partial area ratio:    3.89
      Required ratio:    0.00 (Gate area) 
      Cumulative area ratio:   12.81
      Required ratio:    0.00 (Cumulative area) 
      Partial area ratio:   20.91
      Required ratio: 3236.16 (Side area) 
      Cumulative area ratio:   64.15
      Required ratio:    0.00 (Cumulative side area) 


  Pin:   _28997_/B2 (sky130_fd_sc_hd__a22o_1)
    Layer: mcon
      Partial area ratio:    0.12
      Required ratio:    3.00 (Gate area) 
      Cumulative area ratio:    0.12
      Required ratio:    0.00 (Cumulative area) 

    Layer: met1
      Partial area ratio:   22.82
      Required ratio:    0.00 (Gate area) 
      Cumulative area ratio:   22.82
      Required ratio:    0.00 (Cumulative area) 
      Partial area ratio:  112.91
      Required ratio:  400.00 (Side area) 
      Cumulative area ratio:  112.91
      Required ratio:    0.00 (Cumulative side area) 

    Layer: via
      Partial area ratio:    0.27
      Required ratio:    6.00 (Gate area) 
      Cumulative area ratio:    0.39
      Required ratio:    0.00 (Cumulative area) 

    Layer: met2
      Partial area ratio:    2.95
      Required ratio:    0.00 (Gate area) 
      Cumulative area ratio:   25.77
      Required ratio:    0.00 (Cumulative area) 
      Partial area ratio:   14.46
      Required ratio:  400.00 (Side area) 
      Cumulative area ratio:  127.36
      Required ratio:    0.00 (Cumulative side area) 

    Layer: via2
      Partial area ratio:    0.03
      Required ratio:    6.00 (Gate area) 
      Cumulative area ratio:    0.42
      Required ratio:    0.00 (Cumulative area) 

    Layer: met3
      Partial area ratio:    0.10
      Required ratio:    0.00 (Gate area) 
      Cumulative area ratio:   25.87
      Required ratio:    0.00 (Cumulative area) 
      Partial area ratio:    0.91
      Required ratio:  400.00 (Side area) 
      Cumulative area ratio:  128.28
      Required ratio:    0.00 (Cumulative side area) 

    Layer: via3
      Partial area ratio:    0.03
      Required ratio:    6.00 (Gate area) 
      Cumulative area ratio:    0.45
      Required ratio:    0.00 (Cumulative area) 

    Layer: met4
      Partial area ratio:    3.89
      Required ratio:    0.00 (Gate area) 
      Cumulative area ratio:   29.75
      Required ratio:    0.00 (Cumulative area) 
      Partial area ratio:   20.91
      Required ratio: 3236.16 (Side area) 
      Cumulative area ratio:  149.19
      Required ratio:    0.00 (Cumulative side area) 


  Pin:   fanout796/A (sky130_fd_sc_hd__buf_4)
    Layer: mcon
      Partial area ratio:    0.12
      Required ratio:    3.00 (Gate area) 
      Cumulative area ratio:    0.12
      Required ratio:    0.00 (Cumulative area) 

    Layer: met1
      Partial area ratio:    2.40
      Required ratio:    0.00 (Gate area) 
      Cumulative area ratio:    2.40
      Required ratio:    0.00 (Cumulative area) 
      Partial area ratio:   11.23
      Required ratio:  400.00 (Side area) 
      Cumulative area ratio:   11.23
      Required ratio:    0.00 (Cumulative side area) 

    Layer: via
      Partial area ratio:    0.18
      Required ratio:    6.00 (Gate area) 
      Cumulative area ratio:    0.30
      Required ratio:    0.00 (Cumulative area) 

    Layer: met2
      Partial area ratio:   13.40
      Required ratio:    0.00 (Gate area) 
      Cumulative area ratio:   15.79
      Required ratio:    0.00 (Cumulative area) 
      Partial area ratio:   66.44
      Required ratio: 3236.16 (Side area) 
      Cumulative area ratio:   77.66
      Required ratio:    0.00 (Cumulative side area) 

    Layer: via2
      Partial area ratio:    0.03
      Required ratio:   63.25 (Gate area) 
      Cumulative area ratio:    0.33
      Required ratio:    0.00 (Cumulative area) 

    Layer: met3
      Partial area ratio:    1.51
      Required ratio:    0.00 (Gate area) 
      Cumulative area ratio:   17.31
      Required ratio:    0.00 (Cumulative area) 
      Partial area ratio:    8.39
      Required ratio: 3236.16 (Side area) 
      Cumulative area ratio:   86.05
      Required ratio:    0.00 (Cumulative side area) 

    Layer: via3
      Partial area ratio:    0.03
      Required ratio:   63.25 (Gate area) 
      Cumulative area ratio:    0.35
      Required ratio:    0.00 (Cumulative area) 

    Layer: met4
      Partial area ratio:    3.89
      Required ratio:    0.00 (Gate area) 
      Cumulative area ratio:   21.19
      Required ratio:    0.00 (Cumulative area) 
      Partial area ratio:   20.91
      Required ratio: 3236.16 (Side area) 
      Cumulative area ratio:  106.96
      Required ratio:    0.00 (Cumulative side area) 


  Pin:   fanout797/A (sky130_fd_sc_hd__clkbuf_4)
    Layer: mcon
      Partial area ratio:    0.14
      Required ratio:    3.00 (Gate area) 
      Cumulative area ratio:    0.14
      Required ratio:    0.00 (Cumulative area) 

    Layer: met1
      Partial area ratio:  100.80
      Required ratio:    0.00 (Gate area) 
      Cumulative area ratio:  100.80
      Required ratio:    0.00 (Cumulative area) 
      Partial area ratio:  502.60
      Required ratio:  400.00 (Side area) (VIOLATED)
      Cumulative area ratio:  502.60
      Required ratio:    0.00 (Cumulative side area) 

    Layer: via
      Partial area ratio:    0.32
      Required ratio:    6.00 (Gate area) 
      Cumulative area ratio:    0.45
      Required ratio:    0.00 (Cumulative area) 

    Layer: met2
      Partial area ratio:   13.40
      Required ratio:    0.00 (Gate area) 
      Cumulative area ratio:  114.19
      Required ratio:    0.00 (Cumulative area) 
      Partial area ratio:   66.44
      Required ratio: 3236.16 (Side area) 
      Cumulative area ratio:  569.04
      Required ratio:    0.00 (Cumulative side area) 

    Layer: via2
      Partial area ratio:    0.03
      Required ratio:   63.25 (Gate area) 
      Cumulative area ratio:    0.48
      Required ratio:    0.00 (Cumulative area) 

    Layer: met3
      Partial area ratio:    1.51
      Required ratio:    0.00 (Gate area) 
      Cumulative area ratio:  115.71
      Required ratio:    0.00 (Cumulative area) 
      Partial area ratio:    8.39
      Required ratio: 3236.16 (Side area) 
      Cumulative area ratio:  577.43
      Required ratio:    0.00 (Cumulative side area) 

    Layer: via3
      Partial area ratio:    0.03
      Required ratio:   63.25 (Gate area) 
      Cumulative area ratio:    0.51
      Required ratio:    0.00 (Cumulative area) 

    Layer: met4
      Partial area ratio:    3.89
      Required ratio:    0.00 (Gate area) 
      Cumulative area ratio:  119.59
      Required ratio:    0.00 (Cumulative area) 
      Partial area ratio:   20.91
      Required ratio: 3236.16 (Side area) 
      Cumulative area ratio:  598.34
      Required ratio:    0.00 (Cumulative side area) 



Net: net824
  Pin:   _20153_/A1_N (sky130_fd_sc_hd__a2bb2o_1)
    Layer: mcon
      Partial area ratio:    0.23
      Required ratio:    3.00 (Gate area) 
      Cumulative area ratio:    0.23
      Required ratio:    0.00 (Cumulative area) 

    Layer: met1
      Partial area ratio:  118.54
      Required ratio:    0.00 (Gate area) 
      Cumulative area ratio:  118.54
      Required ratio:    0.00 (Cumulative area) 
      Partial area ratio:  590.39
      Required ratio:  400.00 (Side area) (VIOLATED)
      Cumulative area ratio:  590.39
      Required ratio:    0.00 (Cumulative side area) 

    Layer: via
      Partial area ratio:    0.54
      Required ratio:    6.00 (Gate area) 
      Cumulative area ratio:    0.77
      Required ratio:    0.00 (Cumulative area) 

    Layer: met2
      Partial area ratio:    8.19
      Required ratio:    0.00 (Gate area) 
      Cumulative area ratio:  126.73
      Required ratio:    0.00 (Cumulative area) 
      Partial area ratio:   40.72
      Required ratio: 3236.16 (Side area) 
      Cumulative area ratio:  631.10
      Required ratio:    0.00 (Cumulative side area) 


  Pin:   _20348_/A1 (sky130_fd_sc_hd__o21a_1)
    Layer: mcon
      Partial area ratio:    0.12
      Required ratio:    3.00 (Gate area) 
      Cumulative area ratio:    0.12
      Required ratio:    0.00 (Cumulative area) 

    Layer: met1
      Partial area ratio:    6.26
      Required ratio:    0.00 (Gate area) 
      Cumulative area ratio:    6.26
      Required ratio:    0.00 (Cumulative area) 
      Partial area ratio:   30.12
      Required ratio:  400.00 (Side area) 
      Cumulative area ratio:   30.12
      Required ratio:    0.00 (Cumulative side area) 

    Layer: via
      Partial area ratio:    0.27
      Required ratio:    6.00 (Gate area) 
      Cumulative area ratio:    0.39
      Required ratio:    0.00 (Cumulative area) 

    Layer: met2
      Partial area ratio:    8.19
      Required ratio:    0.00 (Gate area) 
      Cumulative area ratio:   14.45
      Required ratio:    0.00 (Cumulative area) 
      Partial area ratio:   40.72
      Required ratio: 3236.16 (Side area) 
      Cumulative area ratio:   70.84
      Required ratio:    0.00 (Cumulative side area) 


  Pin:   _20665_/A1_N (sky130_fd_sc_hd__a2bb2o_1)
    Layer: mcon
      Partial area ratio:    0.23
      Required ratio:    3.00 (Gate area) 
      Cumulative area ratio:    0.23
      Required ratio:    0.00 (Cumulative area) 

    Layer: met1
      Partial area ratio:    3.29
      Required ratio:    0.00 (Gate area) 
      Cumulative area ratio:    3.29
      Required ratio:    0.00 (Cumulative area) 
      Partial area ratio:   14.97
      Required ratio:  400.00 (Side area) 
      Cumulative area ratio:   14.97
      Required ratio:    0.00 (Cumulative side area) 

    Layer: via
      Partial area ratio:    0.36
      Required ratio:    6.00 (Gate area) 
      Cumulative area ratio:    0.59
      Required ratio:    0.00 (Cumulative area) 

    Layer: met2
      Partial area ratio:    8.19
      Required ratio:    0.00 (Gate area) 
      Cumulative area ratio:   11.48
      Required ratio:    0.00 (Cumulative area) 
      Partial area ratio:   40.72
      Required ratio: 3236.16 (Side area) 
      Cumulative area ratio:   55.69
      Required ratio:    0.00 (Cumulative side area) 


  Pin:   _20878_/A (sky130_fd_sc_hd__xnor2_1)
    Layer: mcon
      Partial area ratio:    0.06
      Required ratio:    3.00 (Gate area) 
      Cumulative area ratio:    0.06
      Required ratio:    0.00 (Cumulative area) 

    Layer: met1
      Partial area ratio:    1.95
      Required ratio:    0.00 (Gate area) 
      Cumulative area ratio:    1.95
      Required ratio:    0.00 (Cumulative area) 
      Partial area ratio:    9.48
      Required ratio:  400.00 (Side area) 
      Cumulative area ratio:    9.48
      Required ratio:    0.00 (Cumulative side area) 

    Layer: via
      Partial area ratio:    0.03
      Required ratio:    6.00 (Gate area) 
      Cumulative area ratio:    0.09
      Required ratio:    0.00 (Cumulative area) 

    Layer: met2
      Partial area ratio:    8.19
      Required ratio:    0.00 (Gate area) 
      Cumulative area ratio:   10.14
      Required ratio:    0.00 (Cumulative area) 
      Partial area ratio:   40.72
      Required ratio: 3236.16 (Side area) 
      Cumulative area ratio:   50.20
      Required ratio:    0.00 (Cumulative side area) 


  Pin:   _21011_/B (sky130_fd_sc_hd__nor2_8)
    Layer: mcon
      Partial area ratio:    0.01
      Required ratio:    3.00 (Gate area) 
      Cumulative area ratio:    0.01
      Required ratio:    0.00 (Cumulative area) 

    Layer: met1
      Partial area ratio:    1.95
      Required ratio:    0.00 (Gate area) 
      Cumulative area ratio:    1.95
      Required ratio:    0.00 (Cumulative area) 
      Partial area ratio:    9.48
      Required ratio:  400.00 (Side area) 
      Cumulative area ratio:    9.48
      Required ratio:    0.00 (Cumulative side area) 

    Layer: via
      Partial area ratio:    0.03
      Required ratio:    6.00 (Gate area) 
      Cumulative area ratio:    0.05
      Required ratio:    0.00 (Cumulative area) 

    Layer: met2
      Partial area ratio:    8.19
      Required ratio:    0.00 (Gate area) 
      Cumulative area ratio:   10.14
      Required ratio:    0.00 (Cumulative area) 
      Partial area ratio:   40.72
      Required ratio: 3236.16 (Side area) 
      Cumulative area ratio:   50.20
      Required ratio:    0.00 (Cumulative side area) 


  Pin:   _21012_/A (sky130_fd_sc_hd__and2_1)
    Layer: mcon
      Partial area ratio:    0.23
      Required ratio:    3.00 (Gate area) 
      Cumulative area ratio:    0.23
      Required ratio:    0.00 (Cumulative area) 

    Layer: met1
      Partial area ratio:    1.95
      Required ratio:    0.00 (Gate area) 
      Cumulative area ratio:    1.95
      Required ratio:    0.00 (Cumulative area) 
      Partial area ratio:    9.48
      Required ratio:  400.00 (Side area) 
      Cumulative area ratio:    9.48
      Required ratio:    0.00 (Cumulative side area) 

    Layer: via
      Partial area ratio:    0.03
      Required ratio:    6.00 (Gate area) 
      Cumulative area ratio:    0.26
      Required ratio:    0.00 (Cumulative area) 

    Layer: met2
      Partial area ratio:    8.19
      Required ratio:    0.00 (Gate area) 
      Cumulative area ratio:   10.14
      Required ratio:    0.00 (Cumulative area) 
      Partial area ratio:   40.72
      Required ratio: 3236.16 (Side area) 
      Cumulative area ratio:   50.20
      Required ratio:    0.00 (Cumulative side area) 


  Pin:   _27833_/B1 (sky130_fd_sc_hd__a21o_1)
    Layer: mcon
      Partial area ratio:    0.12
      Required ratio:    3.00 (Gate area) 
      Cumulative area ratio:    0.12
      Required ratio:    0.00 (Cumulative area) 

    Layer: met1
      Partial area ratio:    2.44
      Required ratio:    0.00 (Gate area) 
      Cumulative area ratio:    2.44
      Required ratio:    0.00 (Cumulative area) 
      Partial area ratio:   11.46
      Required ratio:  400.00 (Side area) 
      Cumulative area ratio:   11.46
      Required ratio:    0.00 (Cumulative side area) 

    Layer: via
      Partial area ratio:    0.18
      Required ratio:    6.00 (Gate area) 
      Cumulative area ratio:    0.30
      Required ratio:    0.00 (Cumulative area) 

    Layer: met2
      Partial area ratio:    8.19
      Required ratio:    0.00 (Gate area) 
      Cumulative area ratio:   10.63
      Required ratio:    0.00 (Cumulative area) 
      Partial area ratio:   40.72
      Required ratio: 3236.16 (Side area) 
      Cumulative area ratio:   52.18
      Required ratio:    0.00 (Cumulative side area) 


  Pin:   _28942_/A (sky130_fd_sc_hd__nor2_1)
    Layer: mcon
      Partial area ratio:    0.12
      Required ratio:    3.00 (Gate area) 
      Cumulative area ratio:    0.12
      Required ratio:    0.00 (Cumulative area) 

    Layer: met1
      Partial area ratio:    2.66
      Required ratio:    0.00 (Gate area) 
      Cumulative area ratio:    2.66
      Required ratio:    0.00 (Cumulative area) 
      Partial area ratio:   12.69
      Required ratio:  400.00 (Side area) 
      Cumulative area ratio:   12.69
      Required ratio:    0.00 (Cumulative side area) 

    Layer: via
      Partial area ratio:    0.12
      Required ratio:    6.00 (Gate area) 
      Cumulative area ratio:    0.24
      Required ratio:    0.00 (Cumulative area) 

    Layer: met2
      Partial area ratio:    8.19
      Required ratio:    0.00 (Gate area) 
      Cumulative area ratio:   10.86
      Required ratio:    0.00 (Cumulative area) 
      Partial area ratio:   40.72
      Required ratio: 3236.16 (Side area) 
      Cumulative area ratio:   53.41
      Required ratio:    0.00 (Cumulative side area) 


  Pin:   _28994_/A1 (sky130_fd_sc_hd__a211oi_2)
    Layer: mcon
      Partial area ratio:    0.06
      Required ratio:    3.00 (Gate area) 
      Cumulative area ratio:    0.06
      Required ratio:    0.00 (Cumulative area) 

    Layer: met1
      Partial area ratio:    2.66
      Required ratio:    0.00 (Gate area) 
      Cumulative area ratio:    2.66
      Required ratio:    0.00 (Cumulative area) 
      Partial area ratio:   12.69
      Required ratio:  400.00 (Side area) 
      Cumulative area ratio:   12.69
      Required ratio:    0.00 (Cumulative side area) 

    Layer: via
      Partial area ratio:    0.12
      Required ratio:    6.00 (Gate area) 
      Cumulative area ratio:    0.18
      Required ratio:    0.00 (Cumulative area) 

    Layer: met2
      Partial area ratio:    8.19
      Required ratio:    0.00 (Gate area) 
      Cumulative area ratio:   10.86
      Required ratio:    0.00 (Cumulative area) 
      Partial area ratio:   40.72
      Required ratio: 3236.16 (Side area) 
      Cumulative area ratio:   53.41
      Required ratio:    0.00 (Cumulative side area) 


  Pin:   fanout823/A (sky130_fd_sc_hd__buf_4)
    Layer: mcon
      Partial area ratio:    0.12
      Required ratio:    3.00 (Gate area) 
      Cumulative area ratio:    0.12
      Required ratio:    0.00 (Cumulative area) 

    Layer: met1
      Partial area ratio:   10.12
      Required ratio:    0.00 (Gate area) 
      Cumulative area ratio:   10.12
      Required ratio:    0.00 (Cumulative area) 
      Partial area ratio:   49.15
      Required ratio: 3236.16 (Side area) 
      Cumulative area ratio:   49.15
      Required ratio:    0.00 (Cumulative side area) 

    Layer: via
      Partial area ratio:    0.27
      Required ratio:   63.25 (Gate area) 
      Cumulative area ratio:    0.39
      Required ratio:    0.00 (Cumulative area) 

    Layer: met2
      Partial area ratio:    8.19
      Required ratio:    0.00 (Gate area) 
      Cumulative area ratio:   18.31
      Required ratio:    0.00 (Cumulative area) 
      Partial area ratio:   40.72
      Required ratio: 3236.16 (Side area) 
      Cumulative area ratio:   89.86
      Required ratio:    0.00 (Cumulative side area) 



Net: net825
  Pin:   _19332_/A (sky130_fd_sc_hd__or2_1)
    Layer: mcon
      Partial area ratio:    0.23
      Required ratio:    3.00 (Gate area) 
      Cumulative area ratio:    0.23
      Required ratio:    0.00 (Cumulative area) 

    Layer: met1
      Partial area ratio:    7.55
      Required ratio:    0.00 (Gate area) 
      Cumulative area ratio:    7.55
      Required ratio:    0.00 (Cumulative area) 
      Partial area ratio:   36.26
      Required ratio:  400.00 (Side area) 
      Cumulative area ratio:   36.26
      Required ratio:    0.00 (Cumulative side area) 

    Layer: via
      Partial area ratio:    0.36
      Required ratio:    6.00 (Gate area) 
      Cumulative area ratio:    0.59
      Required ratio:    0.00 (Cumulative area) 

    Layer: met2
      Partial area ratio:    1.48
      Required ratio:    0.00 (Gate area) 
      Cumulative area ratio:    9.03
      Required ratio:    0.00 (Cumulative area) 
      Partial area ratio:    6.83
      Required ratio:  400.00 (Side area) 
      Cumulative area ratio:   43.09
      Required ratio:    0.00 (Cumulative side area) 

    Layer: via2
      Partial area ratio:    0.32
      Required ratio:    6.00 (Gate area) 
      Cumulative area ratio:    0.90
      Required ratio:    0.00 (Cumulative area) 

    Layer: met3
      Partial area ratio:  165.24
      Required ratio:    0.00 (Gate area) 
      Cumulative area ratio:  174.27
      Required ratio:    0.00 (Cumulative area) 
      Partial area ratio:  882.67
      Required ratio:  400.00 (Side area) (VIOLATED)
      Cumulative area ratio:  925.76
      Required ratio:    0.00 (Cumulative side area) 

    Layer: via3
      Partial area ratio:    0.12
      Required ratio:    6.00 (Gate area) 
      Cumulative area ratio:    1.02
      Required ratio:    0.00 (Cumulative area) 

    Layer: met4
      Partial area ratio:   79.81
      Required ratio:    0.00 (Gate area) 
      Cumulative area ratio:  254.08
      Required ratio:    0.00 (Cumulative area) 
      Partial area ratio:  426.28
      Required ratio: 3134.60 (Side area) 
      Cumulative area ratio: 1352.05
      Required ratio:    0.00 (Cumulative side area) 


  Pin:   _27834_/A (sky130_fd_sc_hd__nand3_1)
    Layer: mcon
      Partial area ratio:    0.12
      Required ratio:    3.00 (Gate area) 
      Cumulative area ratio:    0.12
      Required ratio:    0.00 (Cumulative area) 

    Layer: met1
      Partial area ratio:    2.98
      Required ratio:    0.00 (Gate area) 
      Cumulative area ratio:    2.98
      Required ratio:    0.00 (Cumulative area) 
      Partial area ratio:   14.13
      Required ratio:  400.00 (Side area) 
      Cumulative area ratio:   14.13
      Required ratio:    0.00 (Cumulative side area) 

    Layer: via
      Partial area ratio:    0.18
      Required ratio:    6.00 (Gate area) 
      Cumulative area ratio:    0.30
      Required ratio:    0.00 (Cumulative area) 

    Layer: met2
      Partial area ratio:    0.75
      Required ratio:    0.00 (Gate area) 
      Cumulative area ratio:    3.73
      Required ratio:    0.00 (Cumulative area) 
      Partial area ratio:    3.48
      Required ratio:  400.00 (Side area) 
      Cumulative area ratio:   17.61
      Required ratio:    0.00 (Cumulative side area) 

    Layer: via2
      Partial area ratio:    0.16
      Required ratio:    6.00 (Gate area) 
      Cumulative area ratio:    0.46
      Required ratio:    0.00 (Cumulative area) 

    Layer: met3
      Partial area ratio:    8.86
      Required ratio:    0.00 (Gate area) 
      Cumulative area ratio:   12.59
      Required ratio:    0.00 (Cumulative area) 
      Partial area ratio:   49.16
      Required ratio:  400.00 (Side area) 
      Cumulative area ratio:   66.77
      Required ratio:    0.00 (Cumulative side area) 

    Layer: via3
      Partial area ratio:    0.16
      Required ratio:    6.00 (Gate area) 
      Cumulative area ratio:    0.62
      Required ratio:    0.00 (Cumulative area) 

    Layer: met4
      Partial area ratio:   79.81
      Required ratio:    0.00 (Gate area) 
      Cumulative area ratio:   92.41
      Required ratio:    0.00 (Cumulative area) 
      Partial area ratio:  426.28
      Required ratio: 3134.60 (Side area) 
      Cumulative area ratio:  493.05
      Required ratio:    0.00 (Cumulative side area) 


  Pin:   fanout820/A (sky130_fd_sc_hd__buf_4)
    Layer: mcon
      Partial area ratio:    0.12
      Required ratio:    3.00 (Gate area) 
      Cumulative area ratio:    0.12
      Required ratio:    0.00 (Cumulative area) 

    Layer: met1
      Partial area ratio:   41.99
      Required ratio:    0.00 (Gate area) 
      Cumulative area ratio:   41.99
      Required ratio:    0.00 (Cumulative area) 
      Partial area ratio:  209.21
      Required ratio:  400.00 (Side area) 
      Cumulative area ratio:  209.21
      Required ratio:    0.00 (Cumulative side area) 

    Layer: via
      Partial area ratio:    0.18
      Required ratio:    6.00 (Gate area) 
      Cumulative area ratio:    0.30
      Required ratio:    0.00 (Cumulative area) 

    Layer: met2
      Partial area ratio:    2.91
      Required ratio:    0.00 (Gate area) 
      Cumulative area ratio:   44.90
      Required ratio:    0.00 (Cumulative area) 
      Partial area ratio:   14.13
      Required ratio: 3134.60 (Side area) 
      Cumulative area ratio:  223.34
      Required ratio:    0.00 (Cumulative side area) 

    Layer: via2
      Partial area ratio:    0.08
      Required ratio:   54.11 (Gate area) 
      Cumulative area ratio:    0.38
      Required ratio:    0.00 (Cumulative area) 

    Layer: met3
      Partial area ratio:    0.25
      Required ratio:    0.00 (Gate area) 
      Cumulative area ratio:   45.15
      Required ratio:    0.00 (Cumulative area) 
      Partial area ratio:    2.29
      Required ratio: 3134.60 (Side area) 
      Cumulative area ratio:  225.63
      Required ratio:    0.00 (Cumulative side area) 

    Layer: via3
      Partial area ratio:    0.08
      Required ratio:   54.11 (Gate area) 
      Cumulative area ratio:    0.46
      Required ratio:    0.00 (Cumulative area) 

    Layer: met4
      Partial area ratio:   79.81
      Required ratio:    0.00 (Gate area) 
      Cumulative area ratio:  124.97
      Required ratio:    0.00 (Cumulative area) 
      Partial area ratio:  426.28
      Required ratio: 3134.60 (Side area) 
      Cumulative area ratio:  651.91
      Required ratio:    0.00 (Cumulative side area) 


  Pin:   fanout821/A (sky130_fd_sc_hd__buf_4)
    Layer: mcon
      Partial area ratio:    0.12
      Required ratio:    3.00 (Gate area) 
      Cumulative area ratio:    0.12
      Required ratio:    0.00 (Cumulative area) 

    Layer: met1
      Partial area ratio:   19.65
      Required ratio:    0.00 (Gate area) 
      Cumulative area ratio:   19.65
      Required ratio:    0.00 (Cumulative area) 
      Partial area ratio:   96.29
      Required ratio: 3134.60 (Side area) 
      Cumulative area ratio:   96.29
      Required ratio:    0.00 (Cumulative side area) 

    Layer: via
      Partial area ratio:    0.36
      Required ratio:   54.11 (Gate area) 
      Cumulative area ratio:    0.48
      Required ratio:    0.00 (Cumulative area) 

    Layer: met2
      Partial area ratio:    2.91
      Required ratio:    0.00 (Gate area) 
      Cumulative area ratio:   22.57
      Required ratio:    0.00 (Cumulative area) 
      Partial area ratio:   14.13
      Required ratio: 3134.60 (Side area) 
      Cumulative area ratio:  110.42
      Required ratio:    0.00 (Cumulative side area) 

    Layer: via2
      Partial area ratio:    0.08
      Required ratio:   54.11 (Gate area) 
      Cumulative area ratio:    0.56
      Required ratio:    0.00 (Cumulative area) 

    Layer: met3
      Partial area ratio:    0.25
      Required ratio:    0.00 (Gate area) 
      Cumulative area ratio:   22.82
      Required ratio:    0.00 (Cumulative area) 
      Partial area ratio:    2.29
      Required ratio: 3134.60 (Side area) 
      Cumulative area ratio:  112.71
      Required ratio:    0.00 (Cumulative side area) 

    Layer: via3
      Partial area ratio:    0.08
      Required ratio:   54.11 (Gate area) 
      Cumulative area ratio:    0.64
      Required ratio:    0.00 (Cumulative area) 

    Layer: met4
      Partial area ratio:   79.81
      Required ratio:    0.00 (Gate area) 
      Cumulative area ratio:  102.63
      Required ratio:    0.00 (Cumulative area) 
      Partial area ratio:  426.28
      Required ratio: 3134.60 (Side area) 
      Cumulative area ratio:  539.00
      Required ratio:    0.00 (Cumulative side area) 


  Pin:   fanout822/A (sky130_fd_sc_hd__clkbuf_2)
    Layer: mcon
      Partial area ratio:    0.14
      Required ratio:    3.00 (Gate area) 
      Cumulative area ratio:    0.14
      Required ratio:    0.00 (Cumulative area) 

    Layer: met1
      Partial area ratio:    2.29
      Required ratio:    0.00 (Gate area) 
      Cumulative area ratio:    2.29
      Required ratio:    0.00 (Cumulative area) 
      Partial area ratio:   10.86
      Required ratio:  400.00 (Side area) 
      Cumulative area ratio:   10.86
      Required ratio:    0.00 (Cumulative side area) 

    Layer: via
      Partial area ratio:    0.17
      Required ratio:    6.00 (Gate area) 
      Cumulative area ratio:    0.30
      Required ratio:    0.00 (Cumulative area) 

    Layer: met2
      Partial area ratio:    0.60
      Required ratio:    0.00 (Gate area) 
      Cumulative area ratio:    2.89
      Required ratio:    0.00 (Cumulative area) 
      Partial area ratio:    2.38
      Required ratio:  400.00 (Side area) 
      Cumulative area ratio:   13.24
      Required ratio:    0.00 (Cumulative side area) 

    Layer: via2
      Partial area ratio:    0.19
      Required ratio:    6.00 (Gate area) 
      Cumulative area ratio:    0.49
      Required ratio:    0.00 (Cumulative area) 

    Layer: met3
      Partial area ratio:  165.24
      Required ratio:    0.00 (Gate area) 
      Cumulative area ratio:  168.13
      Required ratio:    0.00 (Cumulative area) 
      Partial area ratio:  882.67
      Required ratio:  400.00 (Side area) (VIOLATED)
      Cumulative area ratio:  895.91
      Required ratio:    0.00 (Cumulative side area) 

    Layer: via3
      Partial area ratio:    0.12
      Required ratio:    6.00 (Gate area) 
      Cumulative area ratio:    0.61
      Required ratio:    0.00 (Cumulative area) 

    Layer: met4
      Partial area ratio:   79.81
      Required ratio:    0.00 (Gate area) 
      Cumulative area ratio:  247.95
      Required ratio:    0.00 (Cumulative area) 
      Partial area ratio:  426.28
      Required ratio: 3134.60 (Side area) 
      Cumulative area ratio: 1322.20
      Required ratio:    0.00 (Cumulative side area) 


  Pin:   fanout824/A (sky130_fd_sc_hd__clkbuf_8)
    Layer: mcon
      Partial area ratio:    0.07
      Required ratio:    3.00 (Gate area) 
      Cumulative area ratio:    0.07
      Required ratio:    0.00 (Cumulative area) 

    Layer: met1
      Partial area ratio:   18.92
      Required ratio:    0.00 (Gate area) 
      Cumulative area ratio:   18.92
      Required ratio:    0.00 (Cumulative area) 
      Partial area ratio:   94.15
      Required ratio:  400.00 (Side area) 
      Cumulative area ratio:   94.15
      Required ratio:    0.00 (Cumulative side area) 

    Layer: via
      Partial area ratio:    0.11
      Required ratio:    6.00 (Gate area) 
      Cumulative area ratio:    0.17
      Required ratio:    0.00 (Cumulative area) 

    Layer: met2
      Partial area ratio:    0.44
      Required ratio:    0.00 (Gate area) 
      Cumulative area ratio:   19.35
      Required ratio:    0.00 (Cumulative area) 
      Partial area ratio:    2.02
      Required ratio:  400.00 (Side area) 
      Cumulative area ratio:   96.17
      Required ratio:    0.00 (Cumulative side area) 

    Layer: via2
      Partial area ratio:    0.09
      Required ratio:    6.00 (Gate area) 
      Cumulative area ratio:    0.27
      Required ratio:    0.00 (Cumulative area) 

    Layer: met3
      Partial area ratio:    0.29
      Required ratio:    0.00 (Gate area) 
      Cumulative area ratio:   19.65
      Required ratio:    0.00 (Cumulative area) 
      Partial area ratio:    2.67
      Required ratio:  400.00 (Side area) 
      Cumulative area ratio:   98.83
      Required ratio:    0.00 (Cumulative side area) 

    Layer: via3
      Partial area ratio:    0.09
      Required ratio:    6.00 (Gate area) 
      Cumulative area ratio:    0.36
      Required ratio:    0.00 (Cumulative area) 

    Layer: met4
      Partial area ratio:   79.81
      Required ratio:    0.00 (Gate area) 
      Cumulative area ratio:   99.46
      Required ratio:    0.00 (Cumulative area) 
      Partial area ratio:  426.28
      Required ratio: 3134.60 (Side area) 
      Cumulative area ratio:  525.12
      Required ratio:    0.00 (Cumulative side area) 



Net: net875
  Pin:   _16121_/A1 (sky130_fd_sc_hd__mux2_1)
    Layer: mcon
      Partial area ratio:    0.23
      Required ratio:    3.00 (Gate area) 
      Cumulative area ratio:    0.23
      Required ratio:    0.00 (Cumulative area) 

    Layer: met1
      Partial area ratio:    6.38
      Required ratio:    0.00 (Gate area) 
      Cumulative area ratio:    6.38
      Required ratio:    0.00 (Cumulative area) 
      Partial area ratio:   30.44
      Required ratio:  400.00 (Side area) 
      Cumulative area ratio:   30.44
      Required ratio:    0.00 (Cumulative side area) 

    Layer: via
      Partial area ratio:    0.36
      Required ratio:    6.00 (Gate area) 
      Cumulative area ratio:    0.59
      Required ratio:    0.00 (Cumulative area) 

    Layer: met2
      Partial area ratio:   10.22
      Required ratio:    0.00 (Gate area) 
      Cumulative area ratio:   16.60
      Required ratio:    0.00 (Cumulative area) 
      Partial area ratio:   49.17
      Required ratio: 2918.08 (Side area) 
      Cumulative area ratio:   79.61
      Required ratio:    0.00 (Cumulative side area) 

    Layer: via2
      Partial area ratio:    0.63
      Required ratio:   34.63 (Gate area) 
      Cumulative area ratio:    1.22
      Required ratio:    0.00 (Cumulative area) 

    Layer: met3
      Partial area ratio:  182.46
      Required ratio:    0.00 (Gate area) 
      Cumulative area ratio:  199.07
      Required ratio:    0.00 (Cumulative area) 
      Partial area ratio:  976.42
      Required ratio: 2918.08 (Side area) 
      Cumulative area ratio: 1056.03
      Required ratio:    0.00 (Cumulative side area) 

    Layer: via3
      Partial area ratio:    0.28
      Required ratio:   34.63 (Gate area) 
      Cumulative area ratio:    1.50
      Required ratio:    0.00 (Cumulative area) 

    Layer: met4
      Partial area ratio:   34.67
      Required ratio:    0.00 (Gate area) 
      Cumulative area ratio:  233.74
      Required ratio:    0.00 (Cumulative area) 
      Partial area ratio:  186.11
      Required ratio: 2918.08 (Side area) 
      Cumulative area ratio: 1242.15
      Required ratio:    0.00 (Cumulative side area) 


  Pin:   _16169_/A (sky130_fd_sc_hd__or2_1)
    Layer: mcon
      Partial area ratio:    0.23
      Required ratio:    3.00 (Gate area) 
      Cumulative area ratio:    0.23
      Required ratio:    0.00 (Cumulative area) 

    Layer: met1
      Partial area ratio:    3.90
      Required ratio:    0.00 (Gate area) 
      Cumulative area ratio:    3.90
      Required ratio:    0.00 (Cumulative area) 
      Partial area ratio:   18.04
      Required ratio:  400.00 (Side area) 
      Cumulative area ratio:   18.04
      Required ratio:    0.00 (Cumulative side area) 

    Layer: via
      Partial area ratio:    0.36
      Required ratio:    6.00 (Gate area) 
      Cumulative area ratio:    0.59
      Required ratio:    0.00 (Cumulative area) 

    Layer: met2
      Partial area ratio:    1.48
      Required ratio:    0.00 (Gate area) 
      Cumulative area ratio:    5.39
      Required ratio:    0.00 (Cumulative area) 
      Partial area ratio:    6.83
      Required ratio:  400.00 (Side area) 
      Cumulative area ratio:   24.88
      Required ratio:    0.00 (Cumulative side area) 

    Layer: via2
      Partial area ratio:    0.32
      Required ratio:    6.00 (Gate area) 
      Cumulative area ratio:    0.90
      Required ratio:    0.00 (Cumulative area) 

    Layer: met3
      Partial area ratio:   95.27
      Required ratio:    0.00 (Gate area) 
      Cumulative area ratio:  100.66
      Required ratio:    0.00 (Cumulative area) 
      Partial area ratio:  511.41
      Required ratio:  400.00 (Side area) (VIOLATED)
      Cumulative area ratio:  536.29
      Required ratio:    0.00 (Cumulative side area) 

    Layer: via3
      Partial area ratio:    0.14
      Required ratio:    6.00 (Gate area) 
      Cumulative area ratio:    1.04
      Required ratio:    0.00 (Cumulative area) 

    Layer: met4
      Partial area ratio:   34.67
      Required ratio:    0.00 (Gate area) 
      Cumulative area ratio:  135.33
      Required ratio:    0.00 (Cumulative area) 
      Partial area ratio:  186.11
      Required ratio: 2918.08 (Side area) 
      Cumulative area ratio:  722.40
      Required ratio:    0.00 (Cumulative side area) 


  Pin:   fanout871/A (sky130_fd_sc_hd__clkbuf_4)
    Layer: mcon
      Partial area ratio:    0.14
      Required ratio:    3.00 (Gate area) 
      Cumulative area ratio:    0.14
      Required ratio:    0.00 (Cumulative area) 

    Layer: met1
      Partial area ratio:    2.27
      Required ratio:    0.00 (Gate area) 
      Cumulative area ratio:    2.27
      Required ratio:    0.00 (Cumulative area) 
      Partial area ratio:   10.50
      Required ratio:  400.00 (Side area) 
      Cumulative area ratio:   10.50
      Required ratio:    0.00 (Cumulative side area) 

    Layer: via
      Partial area ratio:    0.21
      Required ratio:    6.00 (Gate area) 
      Cumulative area ratio:    0.35
      Required ratio:    0.00 (Cumulative area) 

    Layer: met2
      Partial area ratio:    0.88
      Required ratio:    0.00 (Gate area) 
      Cumulative area ratio:    3.15
      Required ratio:    0.00 (Cumulative area) 
      Partial area ratio:    4.04
      Required ratio:  400.00 (Side area) 
      Cumulative area ratio:   14.54
      Required ratio:    0.00 (Cumulative side area) 

    Layer: via2
      Partial area ratio:    0.19
      Required ratio:    6.00 (Gate area) 
      Cumulative area ratio:    0.53
      Required ratio:    0.00 (Cumulative area) 

    Layer: met3
      Partial area ratio:   10.30
      Required ratio:    0.00 (Gate area) 
      Cumulative area ratio:   13.45
      Required ratio:    0.00 (Cumulative area) 
      Partial area ratio:   57.13
      Required ratio:  400.00 (Side area) 
      Cumulative area ratio:   71.67
      Required ratio:    0.00 (Cumulative side area) 

    Layer: via3
      Partial area ratio:    0.19
      Required ratio:    6.00 (Gate area) 
      Cumulative area ratio:    0.72
      Required ratio:    0.00 (Cumulative area) 

    Layer: met4
      Partial area ratio:   34.67
      Required ratio:    0.00 (Gate area) 
      Cumulative area ratio:   48.12
      Required ratio:    0.00 (Cumulative area) 
      Partial area ratio:  186.11
      Required ratio: 2918.08 (Side area) 
      Cumulative area ratio:  257.78
      Required ratio:    0.00 (Cumulative side area) 


  Pin:   fanout872/A (sky130_fd_sc_hd__buf_2)
    Layer: mcon
      Partial area ratio:    0.18
      Required ratio:    3.00 (Gate area) 
      Cumulative area ratio:    0.18
      Required ratio:    0.00 (Cumulative area) 

    Layer: met1
      Partial area ratio:    2.69
      Required ratio:    0.00 (Gate area) 
      Cumulative area ratio:    2.69
      Required ratio:    0.00 (Cumulative area) 
      Partial area ratio:   12.27
      Required ratio:  400.00 (Side area) 
      Cumulative area ratio:   12.27
      Required ratio:    0.00 (Cumulative side area) 

    Layer: via
      Partial area ratio:    0.28
      Required ratio:    6.00 (Gate area) 
      Cumulative area ratio:    0.46
      Required ratio:    0.00 (Cumulative area) 

    Layer: met2
      Partial area ratio:    1.17
      Required ratio:    0.00 (Gate area) 
      Cumulative area ratio:    3.86
      Required ratio:    0.00 (Cumulative area) 
      Partial area ratio:    5.42
      Required ratio:  400.00 (Side area) 
      Cumulative area ratio:   17.69
      Required ratio:    0.00 (Cumulative side area) 

    Layer: via2
      Partial area ratio:    0.25
      Required ratio:    6.00 (Gate area) 
      Cumulative area ratio:    0.72
      Required ratio:    0.00 (Cumulative area) 

    Layer: met3
      Partial area ratio:  182.46
      Required ratio:    0.00 (Gate area) 
      Cumulative area ratio:  186.33
      Required ratio:    0.00 (Cumulative area) 
      Partial area ratio:  976.42
      Required ratio: 2918.08 (Side area) 
      Cumulative area ratio:  994.11
      Required ratio:    0.00 (Cumulative side area) 

    Layer: via3
      Partial area ratio:    0.28
      Required ratio:   34.63 (Gate area) 
      Cumulative area ratio:    1.00
      Required ratio:    0.00 (Cumulative area) 

    Layer: met4
      Partial area ratio:   34.67
      Required ratio:    0.00 (Gate area) 
      Cumulative area ratio:  221.00
      Required ratio:    0.00 (Cumulative area) 
      Partial area ratio:  186.11
      Required ratio: 2918.08 (Side area) 
      Cumulative area ratio: 1180.23
      Required ratio:    0.00 (Cumulative side area) 


  Pin:   fanout874/A (sky130_fd_sc_hd__buf_2)
    Layer: mcon
      Partial area ratio:    0.18
      Required ratio:    3.00 (Gate area) 
      Cumulative area ratio:    0.18
      Required ratio:    0.00 (Cumulative area) 

    Layer: met1
      Partial area ratio:    4.87
      Required ratio:    0.00 (Gate area) 
      Cumulative area ratio:    4.87
      Required ratio:    0.00 (Cumulative area) 
      Partial area ratio:   23.19
      Required ratio:  400.00 (Side area) 
      Cumulative area ratio:   23.19
      Required ratio:    0.00 (Cumulative side area) 

    Layer: via
      Partial area ratio:    0.28
      Required ratio:    6.00 (Gate area) 
      Cumulative area ratio:    0.46
      Required ratio:    0.00 (Cumulative area) 

    Layer: met2
      Partial area ratio:   32.10
      Required ratio:    0.00 (Gate area) 
      Cumulative area ratio:   36.97
      Required ratio:    0.00 (Cumulative area) 
      Partial area ratio:  158.34
      Required ratio:  400.00 (Side area) 
      Cumulative area ratio:  181.53
      Required ratio:    0.00 (Cumulative side area) 

    Layer: via2
      Partial area ratio:    0.50
      Required ratio:    6.00 (Gate area) 
      Cumulative area ratio:    0.97
      Required ratio:    0.00 (Cumulative area) 

    Layer: met3
      Partial area ratio:   95.27
      Required ratio:    0.00 (Gate area) 
      Cumulative area ratio:  132.24
      Required ratio:    0.00 (Cumulative area) 
      Partial area ratio:  511.41
      Required ratio:  400.00 (Side area) (VIOLATED)
      Cumulative area ratio:  692.94
      Required ratio:    0.00 (Cumulative side area) 

    Layer: via3
      Partial area ratio:    0.14
      Required ratio:    6.00 (Gate area) 
      Cumulative area ratio:    1.11
      Required ratio:    0.00 (Cumulative area) 

    Layer: met4
      Partial area ratio:   34.67
      Required ratio:    0.00 (Gate area) 
      Cumulative area ratio:  166.91
      Required ratio:    0.00 (Cumulative area) 
      Partial area ratio:  186.11
      Required ratio: 2918.08 (Side area) 
      Cumulative area ratio:  879.05
      Required ratio:    0.00 (Cumulative side area) 



Net: net923
  Pin:   _27227_/A (sky130_fd_sc_hd__and3_1)
    Layer: mcon
      Partial area ratio:    0.23
      Required ratio:    3.00 (Gate area) 
      Cumulative area ratio:    0.23
      Required ratio:    0.00 (Cumulative area) 

    Layer: met1
      Partial area ratio:   23.52
      Required ratio:    0.00 (Gate area) 
      Cumulative area ratio:   23.52
      Required ratio:    0.00 (Cumulative area) 
      Partial area ratio:  116.13
      Required ratio:  400.00 (Side area) 
      Cumulative area ratio:  116.13
      Required ratio:    0.00 (Cumulative side area) 

    Layer: via
      Partial area ratio:    0.36
      Required ratio:    6.00 (Gate area) 
      Cumulative area ratio:    0.59
      Required ratio:    0.00 (Cumulative area) 

    Layer: met2
      Partial area ratio:   17.09
      Required ratio:    0.00 (Gate area) 
      Cumulative area ratio:   40.61
      Required ratio:    0.00 (Cumulative area) 
      Partial area ratio:   84.03
      Required ratio:  400.00 (Side area) 
      Cumulative area ratio:  200.16
      Required ratio:    0.00 (Cumulative side area) 

    Layer: via2
      Partial area ratio:    0.32
      Required ratio:    6.00 (Gate area) 
      Cumulative area ratio:    0.90
      Required ratio:    0.00 (Cumulative area) 

    Layer: met3
      Partial area ratio:   99.56
      Required ratio:    0.00 (Gate area) 
      Cumulative area ratio:  140.17
      Required ratio:    0.00 (Cumulative area) 
      Partial area ratio:  534.67
      Required ratio:  400.00 (Side area) (VIOLATED)
      Cumulative area ratio:  734.82
      Required ratio:    0.00 (Cumulative side area) 

    Layer: via3
      Partial area ratio:    0.32
      Required ratio:    6.00 (Gate area) 
      Cumulative area ratio:    1.22
      Required ratio:    0.00 (Cumulative area) 

    Layer: met4
      Partial area ratio:   61.47
      Required ratio:    0.00 (Gate area) 
      Cumulative area ratio:  201.64
      Required ratio:    0.00 (Cumulative area) 
      Partial area ratio:  328.30
      Required ratio: 2956.40 (Side area) 
      Cumulative area ratio: 1063.12
      Required ratio:    0.00 (Cumulative side area) 


  Pin:   fanout916/A (sky130_fd_sc_hd__buf_4)
    Layer: mcon
      Partial area ratio:    0.12
      Required ratio:    3.00 (Gate area) 
      Cumulative area ratio:    0.12
      Required ratio:    0.00 (Cumulative area) 

    Layer: met1
      Partial area ratio:    8.69
      Required ratio:    0.00 (Gate area) 
      Cumulative area ratio:    8.69
      Required ratio:    0.00 (Cumulative area) 
      Partial area ratio:   42.68
      Required ratio:  400.00 (Side area) 
      Cumulative area ratio:   42.68
      Required ratio:    0.00 (Cumulative side area) 

    Layer: via
      Partial area ratio:    0.18
      Required ratio:    6.00 (Gate area) 
      Cumulative area ratio:    0.30
      Required ratio:    0.00 (Cumulative area) 

    Layer: met2
      Partial area ratio:    0.75
      Required ratio:    0.00 (Gate area) 
      Cumulative area ratio:    9.44
      Required ratio:    0.00 (Cumulative area) 
      Partial area ratio:    3.48
      Required ratio:  400.00 (Side area) 
      Cumulative area ratio:   46.16
      Required ratio:    0.00 (Cumulative side area) 

    Layer: via2
      Partial area ratio:    0.16
      Required ratio:    6.00 (Gate area) 
      Cumulative area ratio:    0.46
      Required ratio:    0.00 (Cumulative area) 

    Layer: met3
      Partial area ratio:  112.65
      Required ratio:    0.00 (Gate area) 
      Cumulative area ratio:  122.09
      Required ratio:    0.00 (Cumulative area) 
      Partial area ratio:  601.83
      Required ratio: 2956.40 (Side area) 
      Cumulative area ratio:  647.99
      Required ratio:    0.00 (Cumulative side area) 

    Layer: via3
      Partial area ratio:    0.09
      Required ratio:   38.08 (Gate area) 
      Cumulative area ratio:    0.55
      Required ratio:    0.00 (Cumulative area) 

    Layer: met4
      Partial area ratio:   61.47
      Required ratio:    0.00 (Gate area) 
      Cumulative area ratio:  183.56
      Required ratio:    0.00 (Cumulative area) 
      Partial area ratio:  328.30
      Required ratio: 2956.40 (Side area) 
      Cumulative area ratio:  976.29
      Required ratio:    0.00 (Cumulative side area) 


  Pin:   fanout917/A (sky130_fd_sc_hd__clkbuf_2)
    Layer: li1
      Partial area ratio:    0.02
      Required ratio:    0.00 (Gate area) 
      Cumulative area ratio:    0.02
      Required ratio:    0.00 (Cumulative area) 
      Partial area ratio:    0.18
      Required ratio:   75.00 (Side area) 
      Cumulative area ratio:    0.18
      Required ratio:    0.00 (Cumulative side area) 

    Layer: mcon
      Partial area ratio:    0.14
      Required ratio:    3.00 (Gate area) 
      Cumulative area ratio:    0.14
      Required ratio:    0.00 (Cumulative area) 

    Layer: met1
      Partial area ratio:    0.39
      Required ratio:    0.00 (Gate area) 
      Cumulative area ratio:    0.41
      Required ratio:    0.00 (Cumulative area) 
      Partial area ratio:    1.91
      Required ratio:  400.00 (Side area) 
      Cumulative area ratio:    2.08
      Required ratio:    0.00 (Cumulative side area) 

    Layer: via
      Partial area ratio:    0.11
      Required ratio:    6.00 (Gate area) 
      Cumulative area ratio:    0.24
      Required ratio:    0.00 (Cumulative area) 

    Layer: met2
      Partial area ratio:    0.49
      Required ratio:    0.00 (Gate area) 
      Cumulative area ratio:    0.89
      Required ratio:    0.00 (Cumulative area) 
      Partial area ratio:    2.14
      Required ratio:  400.00 (Side area) 
      Cumulative area ratio:    4.22
      Required ratio:    0.00 (Cumulative side area) 

    Layer: via2
      Partial area ratio:    0.19
      Required ratio:    6.00 (Gate area) 
      Cumulative area ratio:    0.43
      Required ratio:    0.00 (Cumulative area) 

    Layer: met3
      Partial area ratio:    0.59
      Required ratio:    0.00 (Gate area) 
      Cumulative area ratio:    1.48
      Required ratio:    0.00 (Cumulative area) 
      Partial area ratio:    5.33
      Required ratio:  400.00 (Side area) 
      Cumulative area ratio:    9.55
      Required ratio:    0.00 (Cumulative side area) 

    Layer: via3
      Partial area ratio:    0.19
      Required ratio:    6.00 (Gate area) 
      Cumulative area ratio:    0.62
      Required ratio:    0.00 (Cumulative area) 

    Layer: met4
      Partial area ratio:   61.47
      Required ratio:    0.00 (Gate area) 
      Cumulative area ratio:   62.95
      Required ratio:    0.00 (Cumulative area) 
      Partial area ratio:  328.30
      Required ratio: 2956.40 (Side area) 
      Cumulative area ratio:  337.85
      Required ratio:    0.00 (Cumulative side area) 


  Pin:   fanout921/A (sky130_fd_sc_hd__clkbuf_2)
    Layer: mcon
      Partial area ratio:    0.14
      Required ratio:    3.00 (Gate area) 
      Cumulative area ratio:    0.14
      Required ratio:    0.00 (Cumulative area) 

    Layer: met1
      Partial area ratio:    3.00
      Required ratio:    0.00 (Gate area) 
      Cumulative area ratio:    3.00
      Required ratio:    0.00 (Cumulative area) 
      Partial area ratio:   14.12
      Required ratio:  400.00 (Side area) 
      Cumulative area ratio:   14.12
      Required ratio:    0.00 (Cumulative side area) 

    Layer: via
      Partial area ratio:    0.21
      Required ratio:    6.00 (Gate area) 
      Cumulative area ratio:    0.35
      Required ratio:    0.00 (Cumulative area) 

    Layer: met2
      Partial area ratio:    5.97
      Required ratio:    0.00 (Gate area) 
      Cumulative area ratio:    8.96
      Required ratio:    0.00 (Cumulative area) 
      Partial area ratio:   28.94
      Required ratio: 2956.40 (Side area) 
      Cumulative area ratio:   43.05
      Required ratio:    0.00 (Cumulative side area) 

    Layer: via2
      Partial area ratio:    0.19
      Required ratio:   38.08 (Gate area) 
      Cumulative area ratio:    0.53
      Required ratio:    0.00 (Cumulative area) 

    Layer: met3
      Partial area ratio:  112.65
      Required ratio:    0.00 (Gate area) 
      Cumulative area ratio:  121.62
      Required ratio:    0.00 (Cumulative area) 
      Partial area ratio:  601.83
      Required ratio: 2956.40 (Side area) 
      Cumulative area ratio:  644.88
      Required ratio:    0.00 (Cumulative side area) 

    Layer: via3
      Partial area ratio:    0.09
      Required ratio:   38.08 (Gate area) 
      Cumulative area ratio:    0.62
      Required ratio:    0.00 (Cumulative area) 

    Layer: met4
      Partial area ratio:   61.47
      Required ratio:    0.00 (Gate area) 
      Cumulative area ratio:  183.09
      Required ratio:    0.00 (Cumulative area) 
      Partial area ratio:  328.30
      Required ratio: 2956.40 (Side area) 
      Cumulative area ratio:  973.18
      Required ratio:    0.00 (Cumulative side area) 


  Pin:   fanout922/A (sky130_fd_sc_hd__clkbuf_4)
    Layer: mcon
      Partial area ratio:    0.14
      Required ratio:    3.00 (Gate area) 
      Cumulative area ratio:    0.14
      Required ratio:    0.00 (Cumulative area) 

    Layer: met1
      Partial area ratio:    1.26
      Required ratio:    0.00 (Gate area) 
      Cumulative area ratio:    1.26
      Required ratio:    0.00 (Cumulative area) 
      Partial area ratio:    5.44
      Required ratio:  400.00 (Side area) 
      Cumulative area ratio:    5.44
      Required ratio:    0.00 (Cumulative side area) 

    Layer: via
      Partial area ratio:    0.21
      Required ratio:    6.00 (Gate area) 
      Cumulative area ratio:    0.35
      Required ratio:    0.00 (Cumulative area) 

    Layer: met2
      Partial area ratio:    0.88
      Required ratio:    0.00 (Gate area) 
      Cumulative area ratio:    2.14
      Required ratio:    0.00 (Cumulative area) 
      Partial area ratio:    4.04
      Required ratio:  400.00 (Side area) 
      Cumulative area ratio:    9.48
      Required ratio:    0.00 (Cumulative side area) 

    Layer: via2
      Partial area ratio:    0.19
      Required ratio:    6.00 (Gate area) 
      Cumulative area ratio:    0.53
      Required ratio:    0.00 (Cumulative area) 

    Layer: met3
      Partial area ratio:    0.59
      Required ratio:    0.00 (Gate area) 
      Cumulative area ratio:    2.73
      Required ratio:    0.00 (Cumulative area) 
      Partial area ratio:    5.33
      Required ratio:  400.00 (Side area) 
      Cumulative area ratio:   14.81
      Required ratio:    0.00 (Cumulative side area) 

    Layer: via3
      Partial area ratio:    0.19
      Required ratio:    6.00 (Gate area) 
      Cumulative area ratio:    0.72
      Required ratio:    0.00 (Cumulative area) 

    Layer: met4
      Partial area ratio:   61.47
      Required ratio:    0.00 (Gate area) 
      Cumulative area ratio:   64.20
      Required ratio:    0.00 (Cumulative area) 
      Partial area ratio:  328.30
      Required ratio: 2956.40 (Side area) 
      Cumulative area ratio:  343.11
      Required ratio:    0.00 (Cumulative side area) 



Net: net924
  Pin:   fanout910/A (sky130_fd_sc_hd__clkbuf_4)
    Layer: mcon
      Partial area ratio:    0.14
      Required ratio:    3.00 (Gate area) 
      Cumulative area ratio:    0.14
      Required ratio:    0.00 (Cumulative area) 

    Layer: met1
      Partial area ratio:    1.20
      Required ratio:    0.00 (Gate area) 
      Cumulative area ratio:    1.20
      Required ratio:    0.00 (Cumulative area) 
      Partial area ratio:    5.37
      Required ratio:  400.00 (Side area) 
      Cumulative area ratio:    5.37
      Required ratio:    0.00 (Cumulative side area) 

    Layer: via
      Partial area ratio:    0.17
      Required ratio:    6.00 (Gate area) 
      Cumulative area ratio:    0.30
      Required ratio:    0.00 (Cumulative area) 

    Layer: met2
      Partial area ratio:   32.91
      Required ratio:    0.00 (Gate area) 
      Cumulative area ratio:   34.10
      Required ratio:    0.00 (Cumulative area) 
      Partial area ratio:  162.59
      Required ratio:  400.00 (Side area) 
      Cumulative area ratio:  167.96
      Required ratio:    0.00 (Cumulative side area) 

    Layer: via2
      Partial area ratio:    0.32
      Required ratio:    6.00 (Gate area) 
      Cumulative area ratio:    0.63
      Required ratio:    0.00 (Cumulative area) 

    Layer: met3
      Partial area ratio:  127.57
      Required ratio:    0.00 (Gate area) 
      Cumulative area ratio:  161.67
      Required ratio:    0.00 (Cumulative area) 
      Partial area ratio:  682.63
      Required ratio: 3236.16 (Side area) 
      Cumulative area ratio:  850.59
      Required ratio:    0.00 (Cumulative side area) 

    Layer: via3
      Partial area ratio:    0.13
      Required ratio:   63.25 (Gate area) 
      Cumulative area ratio:    0.76
      Required ratio:    0.00 (Cumulative area) 

    Layer: met4
      Partial area ratio:   44.62
      Required ratio:    0.00 (Gate area) 
      Cumulative area ratio:  206.29
      Required ratio:    0.00 (Cumulative area) 
      Partial area ratio:  238.88
      Required ratio: 3236.16 (Side area) 
      Cumulative area ratio: 1089.47
      Required ratio:    0.00 (Cumulative side area) 


  Pin:   fanout911/A (sky130_fd_sc_hd__buf_4)
    Layer: mcon
      Partial area ratio:    0.12
      Required ratio:    3.00 (Gate area) 
      Cumulative area ratio:    0.12
      Required ratio:    0.00 (Cumulative area) 

    Layer: met1
      Partial area ratio:    2.47
      Required ratio:    0.00 (Gate area) 
      Cumulative area ratio:    2.47
      Required ratio:    0.00 (Cumulative area) 
      Partial area ratio:   11.62
      Required ratio:  400.00 (Side area) 
      Cumulative area ratio:   11.62
      Required ratio:    0.00 (Cumulative side area) 

    Layer: via
      Partial area ratio:    0.18
      Required ratio:    6.00 (Gate area) 
      Cumulative area ratio:    0.30
      Required ratio:    0.00 (Cumulative area) 

    Layer: met2
      Partial area ratio:    0.75
      Required ratio:    0.00 (Gate area) 
      Cumulative area ratio:    3.23
      Required ratio:    0.00 (Cumulative area) 
      Partial area ratio:    3.48
      Required ratio:  400.00 (Side area) 
      Cumulative area ratio:   15.10
      Required ratio:    0.00 (Cumulative side area) 

    Layer: via2
      Partial area ratio:    0.16
      Required ratio:    6.00 (Gate area) 
      Cumulative area ratio:    0.46
      Required ratio:    0.00 (Cumulative area) 

    Layer: met3
      Partial area ratio:    0.50
      Required ratio:    0.00 (Gate area) 
      Cumulative area ratio:    3.73
      Required ratio:    0.00 (Cumulative area) 
      Partial area ratio:    4.59
      Required ratio:  400.00 (Side area) 
      Cumulative area ratio:   19.69
      Required ratio:    0.00 (Cumulative side area) 

    Layer: via3
      Partial area ratio:    0.16
      Required ratio:    6.00 (Gate area) 
      Cumulative area ratio:    0.62
      Required ratio:    0.00 (Cumulative area) 

    Layer: met4
      Partial area ratio:   44.62
      Required ratio:    0.00 (Gate area) 
      Cumulative area ratio:   48.35
      Required ratio:    0.00 (Cumulative area) 
      Partial area ratio:  238.88
      Required ratio: 3236.16 (Side area) 
      Cumulative area ratio:  258.57
      Required ratio:    0.00 (Cumulative side area) 


  Pin:   fanout912/A (sky130_fd_sc_hd__buf_2)
    Layer: mcon
      Partial area ratio:    0.18
      Required ratio:    3.00 (Gate area) 
      Cumulative area ratio:    0.18
      Required ratio:    0.00 (Cumulative area) 

    Layer: met1
      Partial area ratio:    3.48
      Required ratio:    0.00 (Gate area) 
      Cumulative area ratio:    3.48
      Required ratio:    0.00 (Cumulative area) 
      Partial area ratio:   16.24
      Required ratio:  400.00 (Side area) 
      Cumulative area ratio:   16.24
      Required ratio:    0.00 (Cumulative side area) 

    Layer: via
      Partial area ratio:    0.28
      Required ratio:    6.00 (Gate area) 
      Cumulative area ratio:    0.46
      Required ratio:    0.00 (Cumulative area) 

    Layer: met2
      Partial area ratio:    1.17
      Required ratio:    0.00 (Gate area) 
      Cumulative area ratio:    4.66
      Required ratio:    0.00 (Cumulative area) 
      Partial area ratio:    5.42
      Required ratio:  400.00 (Side area) 
      Cumulative area ratio:   21.65
      Required ratio:    0.00 (Cumulative side area) 

    Layer: via2
      Partial area ratio:    0.25
      Required ratio:    6.00 (Gate area) 
      Cumulative area ratio:    0.72
      Required ratio:    0.00 (Cumulative area) 

    Layer: met3
      Partial area ratio:    0.79
      Required ratio:    0.00 (Gate area) 
      Cumulative area ratio:    5.44
      Required ratio:    0.00 (Cumulative area) 
      Partial area ratio:    7.14
      Required ratio:  400.00 (Side area) 
      Cumulative area ratio:   28.80
      Required ratio:    0.00 (Cumulative side area) 

    Layer: via3
      Partial area ratio:    0.25
      Required ratio:    6.00 (Gate area) 
      Cumulative area ratio:    0.97
      Required ratio:    0.00 (Cumulative area) 

    Layer: met4
      Partial area ratio:   44.62
      Required ratio:    0.00 (Gate area) 
      Cumulative area ratio:   50.06
      Required ratio:    0.00 (Cumulative area) 
      Partial area ratio:  238.88
      Required ratio: 3236.16 (Side area) 
      Cumulative area ratio:  267.67
      Required ratio:    0.00 (Cumulative side area) 


  Pin:   fanout915/A (sky130_fd_sc_hd__buf_2)
    Layer: mcon
      Partial area ratio:    0.18
      Required ratio:    3.00 (Gate area) 
      Cumulative area ratio:    0.18
      Required ratio:    0.00 (Cumulative area) 

    Layer: met1
      Partial area ratio:   82.77
      Required ratio:    0.00 (Gate area) 
      Cumulative area ratio:   82.77
      Required ratio:    0.00 (Cumulative area) 
      Partial area ratio:  411.35
      Required ratio:  400.00 (Side area) (VIOLATED)
      Cumulative area ratio:  411.35
      Required ratio:    0.00 (Cumulative side area) 

    Layer: via
      Partial area ratio:    0.57
      Required ratio:    6.00 (Gate area) 
      Cumulative area ratio:    0.75
      Required ratio:    0.00 (Cumulative area) 

    Layer: met2
      Partial area ratio:   32.91
      Required ratio:    0.00 (Gate area) 
      Cumulative area ratio:  115.68
      Required ratio:    0.00 (Cumulative area) 
      Partial area ratio:  162.59
      Required ratio:  400.00 (Side area) 
      Cumulative area ratio:  573.94
      Required ratio:    0.00 (Cumulative side area) 

    Layer: via2
      Partial area ratio:    0.32
      Required ratio:    6.00 (Gate area) 
      Cumulative area ratio:    1.07
      Required ratio:    0.00 (Cumulative area) 

    Layer: met3
      Partial area ratio:  127.57
      Required ratio:    0.00 (Gate area) 
      Cumulative area ratio:  243.25
      Required ratio:    0.00 (Cumulative area) 
      Partial area ratio:  682.63
      Required ratio: 3236.16 (Side area) 
      Cumulative area ratio: 1256.57
      Required ratio:    0.00 (Cumulative side area) 

    Layer: via3
      Partial area ratio:    0.13
      Required ratio:   63.25 (Gate area) 
      Cumulative area ratio:    1.20
      Required ratio:    0.00 (Cumulative area) 

    Layer: met4
      Partial area ratio:   44.62
      Required ratio:    0.00 (Gate area) 
      Cumulative area ratio:  287.87
      Required ratio:    0.00 (Cumulative area) 
      Partial area ratio:  238.88
      Required ratio: 3236.16 (Side area) 
      Cumulative area ratio: 1495.44
      Required ratio:    0.00 (Cumulative side area) 


  Pin:   fanout923/A (sky130_fd_sc_hd__buf_4)
    Layer: mcon
      Partial area ratio:    0.12
      Required ratio:    3.00 (Gate area) 
      Cumulative area ratio:    0.12
      Required ratio:    0.00 (Cumulative area) 

    Layer: met1
      Partial area ratio:    6.27
      Required ratio:    0.00 (Gate area) 
      Cumulative area ratio:    6.27
      Required ratio:    0.00 (Cumulative area) 
      Partial area ratio:   29.90
      Required ratio: 3236.16 (Side area) 
      Cumulative area ratio:   29.90
      Required ratio:    0.00 (Cumulative side area) 

    Layer: via
      Partial area ratio:    0.27
      Required ratio:   63.25 (Gate area) 
      Cumulative area ratio:    0.39
      Required ratio:    0.00 (Cumulative area) 

    Layer: met2
      Partial area ratio:    1.09
      Required ratio:    0.00 (Gate area) 
      Cumulative area ratio:    7.36
      Required ratio:    0.00 (Cumulative area) 
      Partial area ratio:    5.12
      Required ratio: 3236.16 (Side area) 
      Cumulative area ratio:   35.02
      Required ratio:    0.00 (Cumulative side area) 

    Layer: via2
      Partial area ratio:    0.16
      Required ratio:   63.25 (Gate area) 
      Cumulative area ratio:    0.55
      Required ratio:    0.00 (Cumulative area) 

    Layer: met3
      Partial area ratio:  127.57
      Required ratio:    0.00 (Gate area) 
      Cumulative area ratio:  134.93
      Required ratio:    0.00 (Cumulative area) 
      Partial area ratio:  682.63
      Required ratio: 3236.16 (Side area) 
      Cumulative area ratio:  717.65
      Required ratio:    0.00 (Cumulative side area) 

    Layer: via3
      Partial area ratio:    0.13
      Required ratio:   63.25 (Gate area) 
      Cumulative area ratio:    0.68
      Required ratio:    0.00 (Cumulative area) 

    Layer: met4
      Partial area ratio:   44.62
      Required ratio:    0.00 (Gate area) 
      Cumulative area ratio:  179.55
      Required ratio:    0.00 (Cumulative area) 
      Partial area ratio:  238.88
      Required ratio: 3236.16 (Side area) 
      Cumulative area ratio:  956.52
      Required ratio:    0.00 (Cumulative side area) 



Net: net943
  Pin:   _29130_/B (sky130_fd_sc_hd__nand2_1)
    Layer: mcon
      Partial area ratio:    0.12
      Required ratio:    3.00 (Gate area) 
      Cumulative area ratio:    0.12
      Required ratio:    0.00 (Cumulative area) 

    Layer: met1
      Partial area ratio:    2.53
      Required ratio:    0.00 (Gate area) 
      Cumulative area ratio:    2.53
      Required ratio:    0.00 (Cumulative area) 
      Partial area ratio:   11.88
      Required ratio:  400.00 (Side area) 
      Cumulative area ratio:   11.88
      Required ratio:    0.00 (Cumulative side area) 

    Layer: via
      Partial area ratio:    0.18
      Required ratio:    6.00 (Gate area) 
      Cumulative area ratio:    0.30
      Required ratio:    0.00 (Cumulative area) 

    Layer: met2
      Partial area ratio:    0.75
      Required ratio:    0.00 (Gate area) 
      Cumulative area ratio:    3.28
      Required ratio:    0.00 (Cumulative area) 
      Partial area ratio:    3.48
      Required ratio:  400.00 (Side area) 
      Cumulative area ratio:   15.36
      Required ratio:    0.00 (Cumulative side area) 

    Layer: via2
      Partial area ratio:    0.16
      Required ratio:    6.00 (Gate area) 
      Cumulative area ratio:    0.46
      Required ratio:    0.00 (Cumulative area) 

    Layer: met3
      Partial area ratio:   30.22
      Required ratio:    0.00 (Gate area) 
      Cumulative area ratio:   33.50
      Required ratio:    0.00 (Cumulative area) 
      Partial area ratio:  161.92
      Required ratio:  400.00 (Side area) 
      Cumulative area ratio:  177.28
      Required ratio:    0.00 (Cumulative side area) 

    Layer: via3
      Partial area ratio:    0.06
      Required ratio:    6.00 (Gate area) 
      Cumulative area ratio:    0.52
      Required ratio:    0.00 (Cumulative area) 

    Layer: met4
      Partial area ratio:   90.72
      Required ratio:    0.00 (Gate area) 
      Cumulative area ratio:  124.22
      Required ratio:    0.00 (Cumulative area) 
      Partial area ratio:  484.37
      Required ratio: 2801.30 (Side area) 
      Cumulative area ratio:  661.65
      Required ratio:    0.00 (Cumulative side area) 


  Pin:   _29625_/A (sky130_fd_sc_hd__nor2_1)
    Layer: mcon
      Partial area ratio:    0.12
      Required ratio:    3.00 (Gate area) 
      Cumulative area ratio:    0.12
      Required ratio:    0.00 (Cumulative area) 

    Layer: met1
      Partial area ratio:    2.56
      Required ratio:    0.00 (Gate area) 
      Cumulative area ratio:    2.56
      Required ratio:    0.00 (Cumulative area) 
      Partial area ratio:   12.03
      Required ratio:  400.00 (Side area) 
      Cumulative area ratio:   12.03
      Required ratio:    0.00 (Cumulative side area) 

    Layer: via
      Partial area ratio:    0.18
      Required ratio:    6.00 (Gate area) 
      Cumulative area ratio:    0.30
      Required ratio:    0.00 (Cumulative area) 

    Layer: met2
      Partial area ratio:    0.75
      Required ratio:    0.00 (Gate area) 
      Cumulative area ratio:    3.31
      Required ratio:    0.00 (Cumulative area) 
      Partial area ratio:    3.48
      Required ratio:  400.00 (Side area) 
      Cumulative area ratio:   15.51
      Required ratio:    0.00 (Cumulative side area) 

    Layer: via2
      Partial area ratio:    0.16
      Required ratio:    6.00 (Gate area) 
      Cumulative area ratio:    0.46
      Required ratio:    0.00 (Cumulative area) 

    Layer: met3
      Partial area ratio:   30.22
      Required ratio:    0.00 (Gate area) 
      Cumulative area ratio:   33.53
      Required ratio:    0.00 (Cumulative area) 
      Partial area ratio:  161.92
      Required ratio:  400.00 (Side area) 
      Cumulative area ratio:  177.43
      Required ratio:    0.00 (Cumulative side area) 

    Layer: via3
      Partial area ratio:    0.06
      Required ratio:    6.00 (Gate area) 
      Cumulative area ratio:    0.52
      Required ratio:    0.00 (Cumulative area) 

    Layer: met4
      Partial area ratio:   90.72
      Required ratio:    0.00 (Gate area) 
      Cumulative area ratio:  124.25
      Required ratio:    0.00 (Cumulative area) 
      Partial area ratio:  484.37
      Required ratio: 2801.30 (Side area) 
      Cumulative area ratio:  661.80
      Required ratio:    0.00 (Cumulative side area) 


  Pin:   _29626_/B (sky130_fd_sc_hd__or3_1)
    Layer: mcon
      Partial area ratio:    0.23
      Required ratio:    3.00 (Gate area) 
      Cumulative area ratio:    0.23
      Required ratio:    0.00 (Cumulative area) 

    Layer: met1
      Partial area ratio:    5.28
      Required ratio:    0.00 (Gate area) 
      Cumulative area ratio:    5.28
      Required ratio:    0.00 (Cumulative area) 
      Partial area ratio:   24.92
      Required ratio:  400.00 (Side area) 
      Cumulative area ratio:   24.92
      Required ratio:    0.00 (Cumulative side area) 

    Layer: via
      Partial area ratio:    0.36
      Required ratio:    6.00 (Gate area) 
      Cumulative area ratio:    0.59
      Required ratio:    0.00 (Cumulative area) 

    Layer: met2
      Partial area ratio:    1.48
      Required ratio:    0.00 (Gate area) 
      Cumulative area ratio:    6.76
      Required ratio:    0.00 (Cumulative area) 
      Partial area ratio:    6.83
      Required ratio:  400.00 (Side area) 
      Cumulative area ratio:   31.75
      Required ratio:    0.00 (Cumulative side area) 

    Layer: via2
      Partial area ratio:    0.32
      Required ratio:    6.00 (Gate area) 
      Cumulative area ratio:    0.90
      Required ratio:    0.00 (Cumulative area) 

    Layer: met3
      Partial area ratio:   30.22
      Required ratio:    0.00 (Gate area) 
      Cumulative area ratio:   36.98
      Required ratio:    0.00 (Cumulative area) 
      Partial area ratio:  161.92
      Required ratio:  400.00 (Side area) 
      Cumulative area ratio:  193.67
      Required ratio:    0.00 (Cumulative side area) 

    Layer: via3
      Partial area ratio:    0.06
      Required ratio:    6.00 (Gate area) 
      Cumulative area ratio:    0.97
      Required ratio:    0.00 (Cumulative area) 

    Layer: met4
      Partial area ratio:   90.72
      Required ratio:    0.00 (Gate area) 
      Cumulative area ratio:  127.70
      Required ratio:    0.00 (Cumulative area) 
      Partial area ratio:  484.37
      Required ratio: 2801.30 (Side area) 
      Cumulative area ratio:  678.04
      Required ratio:    0.00 (Cumulative side area) 


  Pin:   _30142_/A1 (sky130_fd_sc_hd__mux2_4)
    Layer: mcon
      Partial area ratio:    0.12
      Required ratio:    3.00 (Gate area) 
      Cumulative area ratio:    0.12
      Required ratio:    0.00 (Cumulative area) 

    Layer: met1
      Partial area ratio:    3.16
      Required ratio:    0.00 (Gate area) 
      Cumulative area ratio:    3.16
      Required ratio:    0.00 (Cumulative area) 
      Partial area ratio:   15.03
      Required ratio:  400.00 (Side area) 
      Cumulative area ratio:   15.03
      Required ratio:    0.00 (Cumulative side area) 

    Layer: via
      Partial area ratio:    0.18
      Required ratio:    6.00 (Gate area) 
      Cumulative area ratio:    0.30
      Required ratio:    0.00 (Cumulative area) 

    Layer: met2
      Partial area ratio:    0.75
      Required ratio:    0.00 (Gate area) 
      Cumulative area ratio:    3.91
      Required ratio:    0.00 (Cumulative area) 
      Partial area ratio:    3.48
      Required ratio:  400.00 (Side area) 
      Cumulative area ratio:   18.51
      Required ratio:    0.00 (Cumulative side area) 

    Layer: via2
      Partial area ratio:    0.16
      Required ratio:    6.00 (Gate area) 
      Cumulative area ratio:    0.46
      Required ratio:    0.00 (Cumulative area) 

    Layer: met3
      Partial area ratio:  109.23
      Required ratio:    0.00 (Gate area) 
      Cumulative area ratio:  113.14
      Required ratio:    0.00 (Cumulative area) 
      Partial area ratio:  584.44
      Required ratio:  400.00 (Side area) (VIOLATED)
      Cumulative area ratio:  602.95
      Required ratio:    0.00 (Cumulative side area) 

    Layer: via3
      Partial area ratio:    0.16
      Required ratio:    6.00 (Gate area) 
      Cumulative area ratio:    0.62
      Required ratio:    0.00 (Cumulative area) 

    Layer: met4
      Partial area ratio:   90.72
      Required ratio:    0.00 (Gate area) 
      Cumulative area ratio:  203.86
      Required ratio:    0.00 (Cumulative area) 
      Partial area ratio:  484.37
      Required ratio: 2801.30 (Side area) 
      Cumulative area ratio: 1087.31
      Required ratio:    0.00 (Cumulative side area) 



[INFO ANT-0002] Found 55 net violations.
[INFO ANT-0001] Found 64 pin violations.
