
===========================================================================
report_checks -unconstrained
===========================================================================
======================= min_ff_n40C_1v95 Corner ===================================

Startpoint: _30423_ (rising edge-triggered flip-flop clocked by clk)
Endpoint: _30453_ (rising edge-triggered flip-flop clocked by clk)
Path Group: clk
Path Type: max

Fanout         Cap        Slew       Delay        Time   Description
---------------------------------------------------------------------------------------------
                                  0.000000    0.000000   clock clk (rise edge)
                                  0.000000    0.000000   clock source latency
     2    0.051349    0.175611    0.122326    0.122326 ^ clk (in)
                                                         clk (net)
                      0.175638    0.000000    0.122326 ^ clkbuf_0_clk/A (sky130_fd_sc_hd__clkbuf_16)
     4    0.114039    0.100054    0.169624    0.291951 ^ clkbuf_0_clk/X (sky130_fd_sc_hd__clkbuf_16)
                                                         clknet_0_clk (net)
                      0.100078    0.001545    0.293496 ^ clkbuf_2_2__f_clk/A (sky130_fd_sc_hd__clkbuf_16)
    16    0.160995    0.133743    0.178814    0.472310 ^ clkbuf_2_2__f_clk/X (sky130_fd_sc_hd__clkbuf_16)
                                                         clknet_2_2__leaf_clk (net)
                      0.134283    0.006813    0.479123 ^ clkbuf_leaf_20_clk/A (sky130_fd_sc_hd__clkbuf_8)
    16    0.043433    0.066345    0.136581    0.615704 ^ clkbuf_leaf_20_clk/X (sky130_fd_sc_hd__clkbuf_8)
                                                         clknet_leaf_20_clk (net)
                      0.066345    0.000245    0.615949 ^ _30423_/CLK (sky130_fd_sc_hd__dfxtp_4)
     3    0.104529    0.101243    0.297917    0.913866 v _30423_/Q (sky130_fd_sc_hd__dfxtp_4)
                                                         mantisaBshift[6] (net)
                      0.101243    0.000527    0.914393 v fanout851/A (sky130_fd_sc_hd__buf_12)
     7    0.088012    0.043399    0.133639    1.048032 v fanout851/X (sky130_fd_sc_hd__buf_12)
                                                         net851 (net)
                      0.043410    0.000228    1.048260 v fanout850/A (sky130_fd_sc_hd__buf_6)
     5    0.059956    0.046273    0.108801    1.157060 v fanout850/X (sky130_fd_sc_hd__buf_6)
                                                         net850 (net)
                      0.046274    0.000335    1.157395 v fanout849/A (sky130_fd_sc_hd__buf_6)
     6    0.043187    0.037661    0.099909    1.257304 v fanout849/X (sky130_fd_sc_hd__buf_6)
                                                         net849 (net)
                      0.038535    0.004500    1.261804 v fanout848/A (sky130_fd_sc_hd__buf_6)
    10    0.045123    0.038319    0.098570    1.360374 v fanout848/X (sky130_fd_sc_hd__buf_6)
                                                         net848 (net)
                      0.038633    0.002603    1.362978 v _16170_/B (sky130_fd_sc_hd__or3_1)
     2    0.004551    0.049894    0.205514    1.568492 v _16170_/X (sky130_fd_sc_hd__or3_1)
                                                         _06300_ (net)
                      0.049894    0.000027    1.568519 v _16178_/B (sky130_fd_sc_hd__or4_4)
     1    0.002459    0.054761    0.301513    1.870031 v _16178_/X (sky130_fd_sc_hd__or4_4)
                                                         _06308_ (net)
                      0.054761    0.000010    1.870042 v _16179_/C (sky130_fd_sc_hd__or4_4)
     2    0.013387    0.069178    0.306846    2.176888 v _16179_/X (sky130_fd_sc_hd__or4_4)
                                                         _06309_ (net)
                      0.069178    0.000083    2.176971 v _16181_/A1 (sky130_fd_sc_hd__o21ai_4)
     4    0.014849    0.118335    0.140033    2.317004 ^ _16181_/Y (sky130_fd_sc_hd__o21ai_4)
                                                         _06311_ (net)
                      0.118335    0.000242    2.317246 ^ _16185_/A2 (sky130_fd_sc_hd__a211o_1)
     2    0.010937    0.078063    0.122772    2.440018 ^ _16185_/X (sky130_fd_sc_hd__a211o_1)
                                                         _06315_ (net)
                      0.078063    0.000196    2.440214 ^ _16187_/A1 (sky130_fd_sc_hd__a21o_1)
     4    0.017394    0.117897    0.135619    2.575833 ^ _16187_/X (sky130_fd_sc_hd__a21o_1)
                                                         _06317_ (net)
                      0.117897    0.000092    2.575925 ^ _16188_/B (sky130_fd_sc_hd__nand2_1)
     2    0.014195    0.079818    0.084140    2.660065 v _16188_/Y (sky130_fd_sc_hd__nand2_1)
                                                         _06318_ (net)
                      0.079819    0.000128    2.660193 v _16215_/A1 (sky130_fd_sc_hd__a221o_4)
     3    0.068343    0.092369    0.277871    2.938064 v _16215_/X (sky130_fd_sc_hd__a221o_4)
                                                         _06345_ (net)
                      0.092369    0.000175    2.938239 v fanout481/A (sky130_fd_sc_hd__clkbuf_4)
     7    0.067054    0.095290    0.182486    3.120724 v fanout481/X (sky130_fd_sc_hd__clkbuf_4)
                                                         net481 (net)
                      0.095290    0.000155    3.120879 v fanout480/A (sky130_fd_sc_hd__clkbuf_4)
    10    0.064995    0.092415    0.180951    3.301830 v fanout480/X (sky130_fd_sc_hd__clkbuf_4)
                                                         net480 (net)
                      0.092416    0.000288    3.302118 v _16216_/B1 (sky130_fd_sc_hd__o21a_4)
     3    0.018165    0.038243    0.110859    3.412977 v _16216_/X (sky130_fd_sc_hd__o21a_4)
                                                         _06346_ (net)
                      0.038243    0.000157    3.413134 v _16230_/A2 (sky130_fd_sc_hd__a21oi_2)
     7    0.029760    0.270649    0.232967    3.646101 ^ _16230_/Y (sky130_fd_sc_hd__a21oi_2)
                                                         _06360_ (net)
                      0.270651    0.000637    3.646737 ^ _16233_/C (sky130_fd_sc_hd__and3_1)
     3    0.012711    0.102893    0.167050    3.813787 ^ _16233_/X (sky130_fd_sc_hd__and3_1)
                                                         _06363_ (net)
                      0.102893    0.000131    3.813918 ^ _16242_/A2 (sky130_fd_sc_hd__o21ai_2)
     3    0.007305    0.054020    0.041889    3.855807 v _16242_/Y (sky130_fd_sc_hd__o21ai_2)
                                                         _06372_ (net)
                      0.054020    0.000068    3.855874 v _16254_/A2 (sky130_fd_sc_hd__a311o_1)
     1    0.010126    0.064188    0.227934    4.083808 v _16254_/X (sky130_fd_sc_hd__a311o_1)
                                                         _06384_ (net)
                      0.064188    0.000183    4.083992 v _16264_/A2 (sky130_fd_sc_hd__a21oi_4)
     6    0.033111    0.198022    0.201626    4.285617 ^ _16264_/Y (sky130_fd_sc_hd__a21oi_4)
                                                         _06394_ (net)
                      0.198024    0.000434    4.286052 ^ _16265_/S (sky130_fd_sc_hd__mux2_4)
     4    0.014753    0.049645    0.205443    4.491494 v _16265_/X (sky130_fd_sc_hd__mux2_4)
                                                         _06395_ (net)
                      0.049648    0.000437    4.491932 v _16276_/A (sky130_fd_sc_hd__or2_4)
     4    0.010973    0.039412    0.166939    4.658871 v _16276_/X (sky130_fd_sc_hd__or2_4)
                                                         _06406_ (net)
                      0.039412    0.000112    4.658983 v _16280_/A2 (sky130_fd_sc_hd__a211o_1)
     1    0.003266    0.035166    0.181473    4.840456 v _16280_/X (sky130_fd_sc_hd__a211o_1)
                                                         _06410_ (net)
                      0.035166    0.000037    4.840494 v _16288_/A3 (sky130_fd_sc_hd__a31o_1)
     3    0.008887    0.046315    0.157542    4.998035 v _16288_/X (sky130_fd_sc_hd__a31o_1)
                                                         _06418_ (net)
                      0.046315    0.000059    4.998094 v _16290_/A (sky130_fd_sc_hd__and2_4)
     4    0.021303    0.036911    0.110961    5.109055 v _16290_/X (sky130_fd_sc_hd__and2_4)
                                                         _06420_ (net)
                      0.036912    0.000212    5.109267 v _16297_/S (sky130_fd_sc_hd__mux2_4)
     3    0.024122    0.059910    0.219933    5.329201 v _16297_/X (sky130_fd_sc_hd__mux2_4)
                                                         _06427_ (net)
                      0.059911    0.000307    5.329508 v _16300_/A (sky130_fd_sc_hd__xnor2_4)
     3    0.017893    0.053961    0.118162    5.447670 v _16300_/Y (sky130_fd_sc_hd__xnor2_4)
                                                         _06430_ (net)
                      0.053961    0.000186    5.447855 v _16317_/A1 (sky130_fd_sc_hd__o311ai_4)
     3    0.015877    0.228248    0.249618    5.697474 ^ _16317_/Y (sky130_fd_sc_hd__o311ai_4)
                                                         _06447_ (net)
                      0.228248    0.000226    5.697700 ^ _16328_/A2 (sky130_fd_sc_hd__a221oi_4)
     5    0.019774    0.078035    0.072675    5.770375 v _16328_/Y (sky130_fd_sc_hd__a221oi_4)
                                                         _06458_ (net)
                      0.078035    0.000480    5.770855 v _16355_/A (sky130_fd_sc_hd__or4_4)
     3    0.008112    0.062848    0.338341    6.109197 v _16355_/X (sky130_fd_sc_hd__or4_4)
                                                         _06485_ (net)
                      0.062848    0.000129    6.109326 v _16357_/A2 (sky130_fd_sc_hd__a21oi_1)
     4    0.010508    0.180635    0.183187    6.292513 ^ _16357_/Y (sky130_fd_sc_hd__a21oi_1)
                                                         _06487_ (net)
                      0.180635    0.000067    6.292580 ^ _16373_/B1_N (sky130_fd_sc_hd__o21ba_1)
     2    0.006986    0.038526    0.113606    6.406186 v _16373_/X (sky130_fd_sc_hd__o21ba_1)
                                                         _06503_ (net)
                      0.038526    0.000055    6.406240 v _16376_/A1 (sky130_fd_sc_hd__a211o_4)
     4    0.012846    0.044382    0.213460    6.619700 v _16376_/X (sky130_fd_sc_hd__a211o_4)
                                                         _06506_ (net)
                      0.044382    0.000133    6.619834 v _16379_/A1 (sky130_fd_sc_hd__a211o_4)
     5    0.026151    0.058057    0.233586    6.853420 v _16379_/X (sky130_fd_sc_hd__a211o_4)
                                                         _06509_ (net)
                      0.058057    0.000289    6.853708 v _16424_/A1 (sky130_fd_sc_hd__a211o_1)
     1    0.008471    0.052708    0.185240    7.038948 v _16424_/X (sky130_fd_sc_hd__a211o_1)
                                                         _06554_ (net)
                      0.052708    0.000078    7.039026 v _16425_/B (sky130_fd_sc_hd__xor2_2)
     4    0.014593    0.160685    0.151918    7.190944 ^ _16425_/X (sky130_fd_sc_hd__xor2_2)
                                                         _06555_ (net)
                      0.160685    0.000115    7.191060 ^ _16426_/B (sky130_fd_sc_hd__xnor2_1)
     3    0.008067    0.059522    0.071388    7.262448 v _16426_/Y (sky130_fd_sc_hd__xnor2_1)
                                                         _06556_ (net)
                      0.059522    0.000100    7.262547 v _16432_/A3 (sky130_fd_sc_hd__o31a_1)
     4    0.015210    0.070225    0.193081    7.455628 v _16432_/X (sky130_fd_sc_hd__o31a_1)
                                                         _06562_ (net)
                      0.070225    0.000251    7.455880 v _16435_/A1 (sky130_fd_sc_hd__a211o_1)
     3    0.010443    0.058189    0.197045    7.652925 v _16435_/X (sky130_fd_sc_hd__a211o_1)
                                                         _06565_ (net)
                      0.058189    0.000217    7.653141 v _16439_/A1 (sky130_fd_sc_hd__a311o_1)
     1    0.008667    0.060491    0.191732    7.844873 v _16439_/X (sky130_fd_sc_hd__a311o_1)
                                                         _06569_ (net)
                      0.060491    0.000096    7.844969 v _16442_/B1 (sky130_fd_sc_hd__a221oi_4)
     6    0.025305    0.217875    0.211015    8.055984 ^ _16442_/Y (sky130_fd_sc_hd__a221oi_4)
                                                         _06572_ (net)
                      0.217875    0.000346    8.056331 ^ max_cap423/A (sky130_fd_sc_hd__buf_6)
     5    0.029257    0.052578    0.100135    8.156466 ^ max_cap423/X (sky130_fd_sc_hd__buf_6)
                                                         net423 (net)
                      0.052593    0.000833    8.157299 ^ _16473_/S (sky130_fd_sc_hd__mux2_4)
     4    0.011715    0.046171    0.197243    8.354542 v _16473_/X (sky130_fd_sc_hd__mux2_4)
                                                         _06603_ (net)
                      0.046171    0.000054    8.354596 v _16477_/A2 (sky130_fd_sc_hd__o21ba_4)
     2    0.004812    0.026192    0.122612    8.477208 v _16477_/X (sky130_fd_sc_hd__o21ba_4)
                                                         _06607_ (net)
                      0.026192    0.000052    8.477261 v _16479_/A (sky130_fd_sc_hd__or4_4)
     2    0.007041    0.061515    0.319156    8.796417 v _16479_/X (sky130_fd_sc_hd__or4_4)
                                                         _06609_ (net)
                      0.061516    0.000101    8.796518 v _16482_/A1 (sky130_fd_sc_hd__a31o_1)
     2    0.008818    0.046095    0.138984    8.935502 v _16482_/X (sky130_fd_sc_hd__a31o_1)
                                                         _06612_ (net)
                      0.046095    0.000179    8.935681 v _16486_/A2 (sky130_fd_sc_hd__a211o_4)
     3    0.014471    0.046344    0.223758    9.159440 v _16486_/X (sky130_fd_sc_hd__a211o_4)
                                                         _06616_ (net)
                      0.046344    0.000113    9.159553 v _16498_/B (sky130_fd_sc_hd__and4_4)
     7    0.020092    0.041314    0.131203    9.290755 v _16498_/X (sky130_fd_sc_hd__and4_4)
                                                         _06628_ (net)
                      0.041314    0.000385    9.291140 v _16561_/B (sky130_fd_sc_hd__or4b_4)
     3    0.006861    0.061494    0.311633    9.602772 v _16561_/X (sky130_fd_sc_hd__or4b_4)
                                                         _06691_ (net)
                      0.061494    0.000051    9.602823 v _16563_/A (sky130_fd_sc_hd__and3_1)
     3    0.007373    0.040666    0.114158    9.716980 v _16563_/X (sky130_fd_sc_hd__and3_1)
                                                         _06693_ (net)
                      0.040666    0.000028    9.717008 v _16566_/C (sky130_fd_sc_hd__or4_4)
     1    0.002601    0.054979    0.278050    9.995058 v _16566_/X (sky130_fd_sc_hd__or4_4)
                                                         _06696_ (net)
                      0.054979    0.000022    9.995081 v _16567_/C (sky130_fd_sc_hd__or4_4)
     2    0.010251    0.065450    0.300404   10.295485 v _16567_/X (sky130_fd_sc_hd__or4_4)
                                                         _06697_ (net)
                      0.065450    0.000205   10.295690 v _16571_/A2 (sky130_fd_sc_hd__a31o_4)
     4    0.015621    0.038157    0.169782   10.465472 v _16571_/X (sky130_fd_sc_hd__a31o_4)
                                                         _06701_ (net)
                      0.038157    0.000206   10.465678 v _16575_/A1 (sky130_fd_sc_hd__a311o_4)
     3    0.016871    0.057975    0.220358   10.686036 v _16575_/X (sky130_fd_sc_hd__a311o_4)
                                                         _06705_ (net)
                      0.057975    0.000194   10.686230 v _16579_/A2 (sky130_fd_sc_hd__a21oi_4)
     4    0.018041    0.128926    0.148577   10.834807 ^ _16579_/Y (sky130_fd_sc_hd__a21oi_4)
                                                         _06709_ (net)
                      0.128926    0.000203   10.835010 ^ fanout421/A (sky130_fd_sc_hd__buf_6)
     5    0.032230    0.055360    0.099450   10.934460 ^ fanout421/X (sky130_fd_sc_hd__buf_6)
                                                         net421 (net)
                      0.055430    0.001210   10.935670 ^ _16597_/S (sky130_fd_sc_hd__mux2_4)
     3    0.012827    0.047382    0.199263   11.134933 v _16597_/X (sky130_fd_sc_hd__mux2_4)
                                                         _06727_ (net)
                      0.047409    0.000421   11.135353 v _16620_/B (sky130_fd_sc_hd__and2_4)
     1    0.002664    0.020669    0.100677   11.236031 v _16620_/X (sky130_fd_sc_hd__and2_4)
                                                         _06750_ (net)
                      0.020669    0.000024   11.236054 v _16621_/B (sky130_fd_sc_hd__or2_4)
     2    0.009450    0.037963    0.141554   11.377608 v _16621_/X (sky130_fd_sc_hd__or2_4)
                                                         _06751_ (net)
                      0.037963    0.000054   11.377663 v _16623_/A2 (sky130_fd_sc_hd__o41a_4)
     4    0.017943    0.063340    0.309295   11.686957 v _16623_/X (sky130_fd_sc_hd__o41a_4)
                                                         _06753_ (net)
                      0.063343    0.000522   11.687480 v _16648_/A1 (sky130_fd_sc_hd__a2111o_1)
     2    0.013778    0.077402    0.268494   11.955974 v _16648_/X (sky130_fd_sc_hd__a2111o_1)
                                                         _06778_ (net)
                      0.077402    0.000106   11.956079 v _16652_/A2 (sky130_fd_sc_hd__a21oi_4)
     5    0.028197    0.175205    0.189873   12.145952 ^ _16652_/Y (sky130_fd_sc_hd__a21oi_4)
                                                         _06782_ (net)
                      0.175205    0.000232   12.146184 ^ fanout420/A (sky130_fd_sc_hd__buf_8)
     5    0.031344    0.047888    0.093184   12.239368 ^ fanout420/X (sky130_fd_sc_hd__buf_8)
                                                         net420 (net)
                      0.047894    0.000576   12.239944 ^ _16702_/S (sky130_fd_sc_hd__mux2_4)
     3    0.008135    0.042378    0.190188   12.430133 v _16702_/X (sky130_fd_sc_hd__mux2_4)
                                                         _06832_ (net)
                      0.042378    0.000073   12.430205 v _16703_/B (sky130_fd_sc_hd__and2_4)
     3    0.009164    0.026864    0.108374   12.538579 v _16703_/X (sky130_fd_sc_hd__and2_4)
                                                         _06833_ (net)
                      0.026864    0.000126   12.538706 v _16705_/A (sky130_fd_sc_hd__or2_4)
     2    0.007733    0.036306    0.153588   12.692294 v _16705_/X (sky130_fd_sc_hd__or2_4)
                                                         _06835_ (net)
                      0.036306    0.000075   12.692369 v _16711_/A (sky130_fd_sc_hd__or3_4)
     1    0.008879    0.050705    0.238059   12.930428 v _16711_/X (sky130_fd_sc_hd__or3_4)
                                                         _06841_ (net)
                      0.050705    0.000077   12.930505 v _16715_/A1 (sky130_fd_sc_hd__o21ai_4)
     3    0.014603    0.117103    0.132828   13.063333 ^ _16715_/Y (sky130_fd_sc_hd__o21ai_4)
                                                         _06845_ (net)
                      0.117103    0.000384   13.063717 ^ _16728_/A2 (sky130_fd_sc_hd__a211oi_2)
     2    0.007133    0.058615    0.059728   13.123445 v _16728_/Y (sky130_fd_sc_hd__a211oi_2)
                                                         _06858_ (net)
                      0.058615    0.000067   13.123511 v _16734_/A3 (sky130_fd_sc_hd__o311a_4)
     3    0.020373    0.057919    0.223324   13.346836 v _16734_/X (sky130_fd_sc_hd__o311a_4)
                                                         _06864_ (net)
                      0.057919    0.001057   13.347893 v _16736_/A (sky130_fd_sc_hd__nor2_2)
     3    0.018497    0.156930    0.155867   13.503760 ^ _16736_/Y (sky130_fd_sc_hd__nor2_2)
                                                         _06866_ (net)
                      0.156930    0.000175   13.503935 ^ fanout418/A (sky130_fd_sc_hd__buf_6)
     5    0.020365    0.040074    0.088676   13.592611 ^ fanout418/X (sky130_fd_sc_hd__buf_6)
                                                         net418 (net)
                      0.040074    0.000073   13.592684 ^ _16781_/S (sky130_fd_sc_hd__mux2_2)
     3    0.011808    0.052541    0.219185   13.811869 v _16781_/X (sky130_fd_sc_hd__mux2_2)
                                                         _06911_ (net)
                      0.052541    0.000264   13.812132 v _16783_/B (sky130_fd_sc_hd__xnor2_1)
     2    0.006276    0.129531    0.129448   13.941581 ^ _16783_/Y (sky130_fd_sc_hd__xnor2_1)
                                                         _06913_ (net)
                      0.129531    0.000031   13.941612 ^ _16794_/B1 (sky130_fd_sc_hd__a21o_1)
     3    0.015449    0.105301    0.109565   14.051177 ^ _16794_/X (sky130_fd_sc_hd__a21o_1)
                                                         _06924_ (net)
                      0.105301    0.000154   14.051331 ^ _16796_/A1 (sky130_fd_sc_hd__a21oi_4)
     3    0.010824    0.044341    0.042149   14.093480 v _16796_/Y (sky130_fd_sc_hd__a21oi_4)
                                                         _06926_ (net)
                      0.044342    0.000146   14.093625 v _16798_/A1 (sky130_fd_sc_hd__o21ai_2)
     2    0.007599    0.094436    0.111265   14.204890 ^ _16798_/Y (sky130_fd_sc_hd__o21ai_2)
                                                         _06928_ (net)
                      0.094436    0.000113   14.205003 ^ _16800_/A1 (sky130_fd_sc_hd__a21o_1)
     3    0.014703    0.100748    0.125760   14.330763 ^ _16800_/X (sky130_fd_sc_hd__a21o_1)
                                                         _06930_ (net)
                      0.100748    0.000162   14.330924 ^ _16801_/A1 (sky130_fd_sc_hd__a21oi_4)
     5    0.017320    0.047290    0.049725   14.380649 v _16801_/Y (sky130_fd_sc_hd__a21oi_4)
                                                         _06931_ (net)
                      0.047290    0.000295   14.380944 v _16805_/A3 (sky130_fd_sc_hd__o311a_4)
     3    0.010609    0.045775    0.202799   14.583743 v _16805_/X (sky130_fd_sc_hd__o311a_4)
                                                         _06935_ (net)
                      0.045775    0.000130   14.583872 v _16810_/A2 (sky130_fd_sc_hd__o211a_4)
     5    0.021893    0.045662    0.167864   14.751737 v _16810_/X (sky130_fd_sc_hd__o211a_4)
                                                         _06940_ (net)
                      0.045663    0.000231   14.751967 v _16830_/A2 (sky130_fd_sc_hd__a21oi_4)
     6    0.034206    0.203091    0.198172   14.950139 ^ _16830_/Y (sky130_fd_sc_hd__a21oi_4)
                                                         _06960_ (net)
                      0.203104    0.001261   14.951401 ^ _16832_/A (sky130_fd_sc_hd__nor2_4)
     3    0.023545    0.059731    0.047374   14.998775 v _16832_/Y (sky130_fd_sc_hd__nor2_4)
                                                         _06962_ (net)
                      0.059734    0.000343   14.999117 v fanout417/A (sky130_fd_sc_hd__buf_8)
     5    0.035202    0.030166    0.101483   15.100600 v fanout417/X (sky130_fd_sc_hd__buf_8)
                                                         net417 (net)
                      0.030168    0.000284   15.100884 v _16881_/S (sky130_fd_sc_hd__mux2_4)
     5    0.032229    0.068213    0.226789   15.327674 v _16881_/X (sky130_fd_sc_hd__mux2_4)
                                                         _07011_ (net)
                      0.068213    0.000213   15.327887 v _16884_/A (sky130_fd_sc_hd__xnor2_4)
     2    0.014049    0.048851    0.116810   15.444696 v _16884_/Y (sky130_fd_sc_hd__xnor2_4)
                                                         _07014_ (net)
                      0.048851    0.000158   15.444855 v _16900_/A (sky130_fd_sc_hd__nor4_4)
     1    0.005970    0.150264    0.190882   15.635736 ^ _16900_/Y (sky130_fd_sc_hd__nor4_4)
                                                         _07030_ (net)
                      0.150264    0.000064   15.635800 ^ _16923_/A2 (sky130_fd_sc_hd__a211o_4)
     4    0.025217    0.061795    0.125446   15.761247 ^ _16923_/X (sky130_fd_sc_hd__a211o_4)
                                                         _07053_ (net)
                      0.061827    0.001291   15.762538 ^ _16927_/A1 (sky130_fd_sc_hd__a21oi_4)
     3    0.018753    0.042493    0.045807   15.808345 v _16927_/Y (sky130_fd_sc_hd__a21oi_4)
                                                         _07057_ (net)
                      0.042494    0.000377   15.808722 v _16929_/A1 (sky130_fd_sc_hd__o211ai_4)
     4    0.028118    0.205894    0.200931   16.009653 ^ _16929_/Y (sky130_fd_sc_hd__o211ai_4)
                                                         _07059_ (net)
                      0.205894    0.000725   16.010378 ^ _16935_/A2 (sky130_fd_sc_hd__a31oi_4)
     5    0.022263    0.090059    0.093278   16.103655 v _16935_/Y (sky130_fd_sc_hd__a31oi_4)
                                                         _07065_ (net)
                      0.090060    0.000529   16.104185 v _16995_/D (sky130_fd_sc_hd__or4_4)
     3    0.009261    0.064273    0.268757   16.372942 v _16995_/X (sky130_fd_sc_hd__or4_4)
                                                         _07125_ (net)
                      0.064273    0.000075   16.373016 v _16997_/A (sky130_fd_sc_hd__and3_1)
     3    0.008515    0.044223    0.118945   16.491962 v _16997_/X (sky130_fd_sc_hd__and3_1)
                                                         _07127_ (net)
                      0.044223    0.000057   16.492020 v _17007_/A (sky130_fd_sc_hd__or4_4)
     1    0.003048    0.055671    0.314847   16.806866 v _17007_/X (sky130_fd_sc_hd__or4_4)
                                                         _07137_ (net)
                      0.055671    0.000032   16.806898 v _17008_/C (sky130_fd_sc_hd__or4_4)
     3    0.014022    0.070013    0.308301   17.115198 v _17008_/X (sky130_fd_sc_hd__or4_4)
                                                         _07138_ (net)
                      0.070013    0.000568   17.115767 v _17030_/A2 (sky130_fd_sc_hd__a21o_1)
     3    0.009653    0.044499    0.146384   17.262152 v _17030_/X (sky130_fd_sc_hd__a21o_1)
                                                         _07160_ (net)
                      0.044499    0.000073   17.262224 v _17055_/A2 (sky130_fd_sc_hd__a21o_4)
     7    0.032413    0.048712    0.167484   17.429708 v _17055_/X (sky130_fd_sc_hd__a21o_4)
                                                         _07185_ (net)
                      0.048723    0.000712   17.430420 v _17103_/A2 (sky130_fd_sc_hd__a211o_1)
     2    0.006216    0.044775    0.197526   17.627945 v _17103_/X (sky130_fd_sc_hd__a211o_1)
                                                         _07233_ (net)
                      0.044775    0.000059   17.628004 v _17154_/B1 (sky130_fd_sc_hd__o211a_1)
     3    0.008167    0.044395    0.095820   17.723825 v _17154_/X (sky130_fd_sc_hd__o211a_1)
                                                         _07284_ (net)
                      0.044395    0.000044   17.723869 v _17158_/A (sky130_fd_sc_hd__or4_4)
     1    0.004850    0.058397    0.319954   18.043823 v _17158_/X (sky130_fd_sc_hd__or4_4)
                                                         _07288_ (net)
                      0.058397    0.000105   18.043928 v _17161_/B (sky130_fd_sc_hd__or4b_4)
     1    0.003564    0.056612    0.308791   18.352718 v _17161_/X (sky130_fd_sc_hd__or4b_4)
                                                         _07291_ (net)
                      0.056612    0.000046   18.352766 v _17163_/A2 (sky130_fd_sc_hd__o41a_1)
     2    0.015513    0.084939    0.299101   18.651867 v _17163_/X (sky130_fd_sc_hd__o41a_1)
                                                         _07293_ (net)
                      0.084940    0.000517   18.652384 v _17169_/A1 (sky130_fd_sc_hd__a21oi_4)
     4    0.021810    0.146101    0.155879   18.808262 ^ _17169_/Y (sky130_fd_sc_hd__a21oi_4)
                                                         _07299_ (net)
                      0.146103    0.000783   18.809046 ^ _17173_/A1 (sky130_fd_sc_hd__a21oi_4)
     3    0.013910    0.051719    0.048370   18.857416 v _17173_/Y (sky130_fd_sc_hd__a21oi_4)
                                                         _07303_ (net)
                      0.051719    0.000190   18.857605 v _17187_/A3 (sky130_fd_sc_hd__o311a_4)
     3    0.017375    0.054566    0.216627   19.074232 v _17187_/X (sky130_fd_sc_hd__o311a_4)
                                                         _07317_ (net)
                      0.054568    0.000393   19.074625 v _17193_/A3 (sky130_fd_sc_hd__o311a_4)
     8    0.030445    0.066174    0.233708   19.308332 v _17193_/X (sky130_fd_sc_hd__o311a_4)
                                                         _07323_ (net)
                      0.066192    0.001029   19.309362 v _17254_/A (sky130_fd_sc_hd__or3_4)
     4    0.010437    0.052417    0.251140   19.560501 v _17254_/X (sky130_fd_sc_hd__or3_4)
                                                         _07384_ (net)
                      0.052417    0.000041   19.560543 v _17258_/A (sky130_fd_sc_hd__and3_1)
     3    0.007812    0.042030    0.111944   19.672487 v _17258_/X (sky130_fd_sc_hd__and3_1)
                                                         _07388_ (net)
                      0.042030    0.000094   19.672581 v _17267_/B (sky130_fd_sc_hd__or4_4)
     2    0.005071    0.058780    0.306301   19.978882 v _17267_/X (sky130_fd_sc_hd__or4_4)
                                                         _07397_ (net)
                      0.058780    0.000041   19.978922 v _17284_/D (sky130_fd_sc_hd__or4_4)
     3    0.011412    0.066854    0.262833   20.241756 v _17284_/X (sky130_fd_sc_hd__or4_4)
                                                         _07414_ (net)
                      0.066854    0.000286   20.242041 v _17288_/A2 (sky130_fd_sc_hd__a211o_1)
     3    0.012176    0.062803    0.225899   20.467941 v _17288_/X (sky130_fd_sc_hd__a211o_1)
                                                         _07418_ (net)
                      0.062804    0.000346   20.468287 v _17293_/A2 (sky130_fd_sc_hd__a211o_1)
     2    0.006437    0.045488    0.203082   20.671370 v _17293_/X (sky130_fd_sc_hd__a211o_1)
                                                         _07423_ (net)
                      0.045488    0.000025   20.671394 v _17298_/A1 (sky130_fd_sc_hd__a21o_4)
     5    0.024162    0.042228    0.152099   20.823492 v _17298_/X (sky130_fd_sc_hd__a21o_4)
                                                         _07428_ (net)
                      0.042231    0.000389   20.823881 v _17315_/A2 (sky130_fd_sc_hd__a21oi_4)
     4    0.025661    0.163462    0.168310   20.992191 ^ _17315_/Y (sky130_fd_sc_hd__a21oi_4)
                                                         _07445_ (net)
                      0.163462    0.000300   20.992493 ^ fanout411/A (sky130_fd_sc_hd__buf_8)
     6    0.038591    0.055644    0.098661   21.091152 ^ fanout411/X (sky130_fd_sc_hd__buf_8)
                                                         net411 (net)
                      0.055644    0.000183   21.091335 ^ fanout410/A (sky130_fd_sc_hd__buf_8)
     5    0.030662    0.045400    0.080911   21.172247 ^ fanout410/X (sky130_fd_sc_hd__buf_8)
                                                         net410 (net)
                      0.045472    0.001151   21.173397 ^ _17357_/S (sky130_fd_sc_hd__mux2_4)
     4    0.024987    0.060734    0.214516   21.387915 v _17357_/X (sky130_fd_sc_hd__mux2_4)
                                                         _07487_ (net)
                      0.060734    0.000238   21.388153 v _17359_/B (sky130_fd_sc_hd__xnor2_4)
     2    0.007528    0.047130    0.092959   21.481112 v _17359_/Y (sky130_fd_sc_hd__xnor2_4)
                                                         _07489_ (net)
                      0.047130    0.000059   21.481169 v _17364_/A (sky130_fd_sc_hd__or2_4)
     2    0.005295    0.033764    0.157049   21.638220 v _17364_/X (sky130_fd_sc_hd__or2_4)
                                                         _07494_ (net)
                      0.033764    0.000059   21.638277 v _17394_/A (sky130_fd_sc_hd__or4_4)
     2    0.006733    0.061162    0.320975   21.959253 v _17394_/X (sky130_fd_sc_hd__or4_4)
                                                         _07524_ (net)
                      0.061162    0.000105   21.959358 v _17403_/A1 (sky130_fd_sc_hd__a41o_1)
     2    0.008488    0.047260    0.139858   22.099216 v _17403_/X (sky130_fd_sc_hd__a41o_1)
                                                         _07533_ (net)
                      0.047260    0.000169   22.099384 v _17426_/A1 (sky130_fd_sc_hd__a21o_1)
     2    0.007901    0.039016    0.117158   22.216541 v _17426_/X (sky130_fd_sc_hd__a21o_1)
                                                         _07556_ (net)
                      0.039016    0.000158   22.216700 v _17441_/A2 (sky130_fd_sc_hd__a311o_1)
     2    0.005361    0.048360    0.201968   22.418669 v _17441_/X (sky130_fd_sc_hd__a311o_1)
                                                         _07571_ (net)
                      0.048360    0.000023   22.418692 v _17444_/A2 (sky130_fd_sc_hd__a21o_1)
     2    0.010365    0.045724    0.141021   22.559713 v _17444_/X (sky130_fd_sc_hd__a21o_1)
                                                         _07574_ (net)
                      0.045724    0.000101   22.559814 v _17448_/A2 (sky130_fd_sc_hd__a21oi_2)
     1    0.005778    0.079869    0.104707   22.664522 ^ _17448_/Y (sky130_fd_sc_hd__a21oi_2)
                                                         _07578_ (net)
                      0.079869    0.000066   22.664587 ^ fanout409/A (sky130_fd_sc_hd__buf_6)
     6    0.039779    0.065383    0.100417   22.765005 ^ fanout409/X (sky130_fd_sc_hd__buf_6)
                                                         net409 (net)
                      0.065415    0.000302   22.765306 ^ fanout408/A (sky130_fd_sc_hd__buf_8)
     5    0.034490    0.049781    0.086519   22.851826 ^ fanout408/X (sky130_fd_sc_hd__buf_8)
                                                         net408 (net)
                      0.049792    0.000727   22.852552 ^ _17463_/S (sky130_fd_sc_hd__mux2_4)
     4    0.013281    0.047894    0.199272   23.051825 v _17463_/X (sky130_fd_sc_hd__mux2_4)
                                                         _07593_ (net)
                      0.047895    0.000265   23.052090 v _17465_/B (sky130_fd_sc_hd__and2_4)
     1    0.002675    0.020681    0.100901   23.152990 v _17465_/X (sky130_fd_sc_hd__and2_4)
                                                         _07595_ (net)
                      0.020681    0.000012   23.153002 v _17466_/A (sky130_fd_sc_hd__or2_4)
     4    0.014983    0.043649    0.162700   23.315702 v _17466_/X (sky130_fd_sc_hd__or2_4)
                                                         _07596_ (net)
                      0.043649    0.000076   23.315779 v _17479_/A2 (sky130_fd_sc_hd__o311a_4)
     2    0.006134    0.040657    0.224189   23.539967 v _17479_/X (sky130_fd_sc_hd__o311a_4)
                                                         _07609_ (net)
                      0.040657    0.000066   23.540033 v _17535_/A (sky130_fd_sc_hd__and3_1)
     3    0.010225    0.048412    0.115222   23.655254 v _17535_/X (sky130_fd_sc_hd__and3_1)
                                                         _07665_ (net)
                      0.048412    0.000190   23.655445 v _17583_/A (sky130_fd_sc_hd__or4_4)
     1    0.009059    0.063997    0.330564   23.986008 v _17583_/X (sky130_fd_sc_hd__or4_4)
                                                         _07713_ (net)
                      0.063997    0.000082   23.986090 v _17590_/A2 (sky130_fd_sc_hd__a211oi_4)
     5    0.029259    0.281469    0.289111   24.275202 ^ _17590_/Y (sky130_fd_sc_hd__a211oi_4)
                                                         _07720_ (net)
                      0.281469    0.000661   24.275862 ^ clone2/A (sky130_fd_sc_hd__clkbuf_2)
     5    0.028888    0.124659    0.168464   24.444326 ^ clone2/X (sky130_fd_sc_hd__clkbuf_2)
                                                         net935 (net)
                      0.124659    0.000265   24.444592 ^ _17618_/S (sky130_fd_sc_hd__mux2_2)
     4    0.017283    0.062017    0.242393   24.686983 v _17618_/X (sky130_fd_sc_hd__mux2_2)
                                                         _07748_ (net)
                      0.062019    0.000401   24.687386 v _17620_/B (sky130_fd_sc_hd__xnor2_1)
     3    0.007439    0.151111    0.145434   24.832819 ^ _17620_/Y (sky130_fd_sc_hd__xnor2_1)
                                                         _07750_ (net)
                      0.151111    0.000050   24.832869 ^ _17621_/B (sky130_fd_sc_hd__and2_1)
     1    0.009506    0.078151    0.124951   24.957819 ^ _17621_/X (sky130_fd_sc_hd__and2_1)
                                                         _07751_ (net)
                      0.078151    0.000105   24.957924 ^ _17638_/A1 (sky130_fd_sc_hd__a31oi_4)
     4    0.017309    0.067295    0.069859   25.027782 v _17638_/Y (sky130_fd_sc_hd__a31oi_4)
                                                         _07768_ (net)
                      0.067296    0.000439   25.028221 v _17656_/A2 (sky130_fd_sc_hd__o311a_4)
     3    0.009108    0.044050    0.237590   25.265812 v _17656_/X (sky130_fd_sc_hd__o311a_4)
                                                         _07786_ (net)
                      0.044097    0.000178   25.265989 v _17682_/A1 (sky130_fd_sc_hd__a21o_1)
     3    0.010357    0.045744    0.123380   25.389370 v _17682_/X (sky130_fd_sc_hd__a21o_1)
                                                         _07812_ (net)
                      0.045744    0.000203   25.389572 v _17737_/A2 (sky130_fd_sc_hd__a21o_1)
     1    0.004852    0.030030    0.122524   25.512096 v _17737_/X (sky130_fd_sc_hd__a21o_1)
                                                         _07867_ (net)
                      0.030030    0.000041   25.512136 v _17745_/A2 (sky130_fd_sc_hd__a21oi_2)
     1    0.005737    0.079624    0.098265   25.610401 ^ _17745_/Y (sky130_fd_sc_hd__a21oi_2)
                                                         _07875_ (net)
                      0.079624    0.000060   25.610462 ^ fanout403/A (sky130_fd_sc_hd__buf_6)
     7    0.046691    0.075301    0.107368   25.717831 ^ fanout403/X (sky130_fd_sc_hd__buf_6)
                                                         net403 (net)
                      0.075340    0.000732   25.718563 ^ fanout401/A (sky130_fd_sc_hd__buf_12)
     5    0.035371    0.040914    0.084547   25.803110 ^ fanout401/X (sky130_fd_sc_hd__buf_12)
                                                         net401 (net)
                      0.041036    0.001556   25.804667 ^ _17784_/S (sky130_fd_sc_hd__mux2_4)
     3    0.010764    0.045173    0.193220   25.997885 v _17784_/X (sky130_fd_sc_hd__mux2_4)
                                                         _07914_ (net)
                      0.045173    0.000195   25.998081 v _17786_/B (sky130_fd_sc_hd__xnor2_1)
     2    0.007368    0.061640    0.097314   26.095394 v _17786_/Y (sky130_fd_sc_hd__xnor2_1)
                                                         _07916_ (net)
                      0.061640    0.000071   26.095467 v _17789_/A (sky130_fd_sc_hd__or2_4)
     4    0.013462    0.041974    0.175206   26.270672 v _17789_/X (sky130_fd_sc_hd__or2_4)
                                                         _07919_ (net)
                      0.041974    0.000146   26.270817 v _17812_/A1 (sky130_fd_sc_hd__a2111o_1)
     2    0.008947    0.063551    0.243711   26.514528 v _17812_/X (sky130_fd_sc_hd__a2111o_1)
                                                         _07942_ (net)
                      0.063551    0.000160   26.514688 v _17843_/A2 (sky130_fd_sc_hd__a211o_4)
     2    0.013174    0.044782    0.227914   26.742601 v _17843_/X (sky130_fd_sc_hd__a211o_4)
                                                         _07973_ (net)
                      0.044782    0.000261   26.742863 v _17849_/B (sky130_fd_sc_hd__nand3b_4)
     4    0.022255    0.076206    0.079854   26.822718 ^ _17849_/Y (sky130_fd_sc_hd__nand3b_4)
                                                         _07979_ (net)
                      0.076207    0.000506   26.823223 ^ _17873_/A (sky130_fd_sc_hd__nand3_4)
     4    0.020866    0.070997    0.062958   26.886181 v _17873_/Y (sky130_fd_sc_hd__nand3_4)
                                                         _08003_ (net)
                      0.070997    0.000197   26.886379 v _17904_/A1 (sky130_fd_sc_hd__a21o_4)
     6    0.027804    0.045040    0.164679   27.051058 v _17904_/X (sky130_fd_sc_hd__a21o_4)
                                                         _08034_ (net)
                      0.045046    0.000533   27.051590 v _17909_/A1 (sky130_fd_sc_hd__a21oi_4)
     3    0.018002    0.128852    0.128304   27.179895 ^ _17909_/Y (sky130_fd_sc_hd__a21oi_4)
                                                         _08039_ (net)
                      0.128852    0.000144   27.180038 ^ fanout397/A (sky130_fd_sc_hd__buf_6)
     5    0.033759    0.057459    0.100810   27.280849 ^ fanout397/X (sky130_fd_sc_hd__buf_6)
                                                         net397 (net)
                      0.057539    0.001354   27.282202 ^ _17936_/S (sky130_fd_sc_hd__mux2_4)
     4    0.025849    0.061890    0.217208   27.499411 v _17936_/X (sky130_fd_sc_hd__mux2_4)
                                                         _08066_ (net)
                      0.061895    0.000567   27.499977 v _17937_/A (sky130_fd_sc_hd__xnor2_4)
     3    0.011785    0.045470    0.111331   27.611307 v _17937_/Y (sky130_fd_sc_hd__xnor2_4)
                                                         _08067_ (net)
                      0.045470    0.000068   27.611376 v _17961_/A (sky130_fd_sc_hd__or4_4)
     1    0.004423    0.057728    0.319112   27.930487 v _17961_/X (sky130_fd_sc_hd__or4_4)
                                                         _08091_ (net)
                      0.057728    0.000039   27.930527 v _17966_/A1 (sky130_fd_sc_hd__o31a_4)
     6    0.023132    0.056249    0.251861   28.182386 v _17966_/X (sky130_fd_sc_hd__o31a_4)
                                                         _08096_ (net)
                      0.056249    0.000799   28.183186 v _18084_/A1 (sky130_fd_sc_hd__a211o_4)
     2    0.013256    0.044942    0.220199   28.403385 v _18084_/X (sky130_fd_sc_hd__a211o_4)
                                                         _08214_ (net)
                      0.044942    0.000153   28.403538 v _18086_/A2 (sky130_fd_sc_hd__a21oi_4)
     5    0.034861    0.206011    0.200439   28.603977 ^ _18086_/Y (sky130_fd_sc_hd__a21oi_4)
                                                         _08216_ (net)
                      0.206011    0.000364   28.604342 ^ fanout392/A (sky130_fd_sc_hd__buf_8)
     5    0.034566    0.051968    0.097449   28.701790 ^ fanout392/X (sky130_fd_sc_hd__buf_8)
                                                         net392 (net)
                      0.052086    0.001691   28.703482 ^ _18160_/S (sky130_fd_sc_hd__mux2_4)
     3    0.024344    0.060408    0.215033   28.918514 v _18160_/X (sky130_fd_sc_hd__mux2_4)
                                                         _08290_ (net)
                      0.060416    0.000650   28.919165 v _18162_/B (sky130_fd_sc_hd__xnor2_4)
     2    0.010837    0.111903    0.117502   29.036667 ^ _18162_/Y (sky130_fd_sc_hd__xnor2_4)
                                                         _08292_ (net)
                      0.111903    0.000080   29.036747 ^ _18164_/A1 (sky130_fd_sc_hd__o21ai_2)
     3    0.011240    0.048432    0.059785   29.096533 v _18164_/Y (sky130_fd_sc_hd__o21ai_2)
                                                         _08294_ (net)
                      0.048432    0.000112   29.096643 v _18167_/A2 (sky130_fd_sc_hd__a31o_1)
     3    0.008995    0.046615    0.156239   29.252884 v _18167_/X (sky130_fd_sc_hd__a31o_1)
                                                         _08297_ (net)
                      0.046615    0.000126   29.253010 v _18193_/A2 (sky130_fd_sc_hd__a21o_1)
     5    0.017216    0.064509    0.157570   29.410580 v _18193_/X (sky130_fd_sc_hd__a21o_1)
                                                         _08323_ (net)
                      0.064511    0.000417   29.410997 v _18198_/A2 (sky130_fd_sc_hd__a21o_1)
     4    0.017908    0.066397    0.165784   29.576780 v _18198_/X (sky130_fd_sc_hd__a21o_1)
                                                         _08328_ (net)
                      0.066397    0.000272   29.577053 v _18204_/A1 (sky130_fd_sc_hd__a21bo_4)
     4    0.020135    0.040769    0.162496   29.739548 v _18204_/X (sky130_fd_sc_hd__a21bo_4)
                                                         _08334_ (net)
                      0.040770    0.000224   29.739773 v _18259_/A2 (sky130_fd_sc_hd__a21o_1)
     1    0.006600    0.035016    0.126194   29.865967 v _18259_/X (sky130_fd_sc_hd__a21o_1)
                                                         _08389_ (net)
                      0.035016    0.000107   29.866074 v fanout390/A (sky130_fd_sc_hd__buf_6)
     8    0.043691    0.037158    0.097291   29.963364 v fanout390/X (sky130_fd_sc_hd__buf_6)
                                                         net390 (net)
                      0.037162    0.000419   29.963783 v fanout388/A (sky130_fd_sc_hd__clkbuf_2)
     5    0.024598    0.067961    0.111683   30.075466 v fanout388/X (sky130_fd_sc_hd__clkbuf_2)
                                                         net388 (net)
                      0.067967    0.000657   30.076124 v _18363_/S (sky130_fd_sc_hd__mux2_1)
     3    0.021022    0.100831    0.256705   30.332829 v _18363_/X (sky130_fd_sc_hd__mux2_1)
                                                         _08493_ (net)
                      0.100841    0.001059   30.333887 v _18370_/B (sky130_fd_sc_hd__nor2_1)
     3    0.011192    0.152838    0.153452   30.487339 ^ _18370_/Y (sky130_fd_sc_hd__nor2_1)
                                                         _08500_ (net)
                      0.152838    0.000139   30.487478 ^ _18383_/B (sky130_fd_sc_hd__nor2_1)
     2    0.007774    0.052714    0.049930   30.537409 v _18383_/Y (sky130_fd_sc_hd__nor2_1)
                                                         _08513_ (net)
                      0.052714    0.000039   30.537447 v _18384_/C (sky130_fd_sc_hd__and3b_1)
     4    0.019749    0.075874    0.168104   30.705551 v _18384_/X (sky130_fd_sc_hd__and3b_1)
                                                         _08514_ (net)
                      0.075878    0.000643   30.706194 v _18450_/B (sky130_fd_sc_hd__and4_1)
     2    0.008664    0.045662    0.143491   30.849684 v _18450_/X (sky130_fd_sc_hd__and4_1)
                                                         _08580_ (net)
                      0.045663    0.000203   30.849888 v _18451_/A2 (sky130_fd_sc_hd__a21oi_1)
     3    0.010358    0.178601    0.175486   31.025373 ^ _18451_/Y (sky130_fd_sc_hd__a21oi_1)
                                                         _08581_ (net)
                      0.178601    0.000099   31.025473 ^ fanout384/A (sky130_fd_sc_hd__clkbuf_4)
    10    0.040083    0.097827    0.170118   31.195591 ^ fanout384/X (sky130_fd_sc_hd__clkbuf_4)
                                                         net384 (net)
                      0.097828    0.000490   31.196081 ^ _18454_/B (sky130_fd_sc_hd__nand2_4)
     2    0.019944    0.042727    0.049688   31.245770 v _18454_/Y (sky130_fd_sc_hd__nand2_4)
                                                         _08584_ (net)
                      0.042727    0.000156   31.245926 v fanout381/A (sky130_fd_sc_hd__buf_8)
     5    0.031086    0.028181    0.091816   31.337742 v fanout381/X (sky130_fd_sc_hd__buf_8)
                                                         net381 (net)
                      0.028181    0.000107   31.337849 v fanout380/A (sky130_fd_sc_hd__buf_8)
     5    0.034856    0.029990    0.087795   31.425644 v fanout380/X (sky130_fd_sc_hd__buf_8)
                                                         net380 (net)
                      0.030007    0.000654   31.426296 v fanout379/A (sky130_fd_sc_hd__buf_8)
     7    0.031704    0.028408    0.086935   31.513231 v fanout379/X (sky130_fd_sc_hd__buf_8)
                                                         net379 (net)
                      0.028413    0.000369   31.513601 v fanout378/A (sky130_fd_sc_hd__buf_8)
     5    0.029064    0.027222    0.084601   31.598202 v fanout378/X (sky130_fd_sc_hd__buf_8)
                                                         net378 (net)
                      0.027238    0.000639   31.598843 v _18526_/S (sky130_fd_sc_hd__mux2_4)
     3    0.021401    0.057335    0.213728   31.812569 v _18526_/X (sky130_fd_sc_hd__mux2_4)
                                                         _08656_ (net)
                      0.057335    0.000135   31.812704 v _18528_/A (sky130_fd_sc_hd__xnor2_4)
     4    0.015285    0.051079    0.113847   31.926552 v _18528_/Y (sky130_fd_sc_hd__xnor2_4)
                                                         _08658_ (net)
                      0.051079    0.000117   31.926668 v _18538_/B (sky130_fd_sc_hd__or3b_4)
     1    0.002383    0.043366    0.221554   32.148224 v _18538_/X (sky130_fd_sc_hd__or3b_4)
                                                         _08668_ (net)
                      0.043366    0.000025   32.148247 v _18539_/A_N (sky130_fd_sc_hd__and4bb_1)
     2    0.011731    0.097870    0.200775   32.349022 ^ _18539_/X (sky130_fd_sc_hd__and4bb_1)
                                                         _08669_ (net)
                      0.097870    0.000082   32.349102 ^ _18646_/C_N (sky130_fd_sc_hd__or3b_4)
     5    0.030547    0.075792    0.272635   32.621738 v _18646_/X (sky130_fd_sc_hd__or3b_4)
                                                         _08776_ (net)
                      0.075823    0.001400   32.623138 v _18647_/A2 (sky130_fd_sc_hd__a21oi_4)
     4    0.025786    0.164127    0.181171   32.804310 ^ _18647_/Y (sky130_fd_sc_hd__a21oi_4)
                                                         _08777_ (net)
                      0.164127    0.000103   32.804413 ^ fanout377/A (sky130_fd_sc_hd__buf_6)
     5    0.033968    0.058252    0.102659   32.907070 ^ fanout377/X (sky130_fd_sc_hd__buf_6)
                                                         net377 (net)
                      0.058262    0.000792   32.907864 ^ _18656_/A (sky130_fd_sc_hd__nor2_1)
     4    0.021799    0.094451    0.074984   32.982849 v _18656_/Y (sky130_fd_sc_hd__nor2_1)
                                                         _08786_ (net)
                      0.094453    0.000320   32.983166 v fanout373/A (sky130_fd_sc_hd__clkbuf_4)
    10    0.047186    0.072770    0.162828   33.145996 v fanout373/X (sky130_fd_sc_hd__clkbuf_4)
                                                         net373 (net)
                      0.072780    0.000874   33.146870 v _18703_/A1 (sky130_fd_sc_hd__o31a_2)
     4    0.022315    0.068776    0.262272   33.409142 v _18703_/X (sky130_fd_sc_hd__o31a_2)
                                                         _08833_ (net)
                      0.068777    0.000398   33.409538 v _18705_/B (sky130_fd_sc_hd__xnor2_1)
     3    0.008340    0.158396    0.157435   33.566975 ^ _18705_/Y (sky130_fd_sc_hd__xnor2_1)
                                                         _08835_ (net)
                      0.158396    0.000099   33.567074 ^ _18707_/C (sky130_fd_sc_hd__and3_1)
     2    0.005877    0.055681    0.122263   33.689335 ^ _18707_/X (sky130_fd_sc_hd__and3_1)
                                                         _08837_ (net)
                      0.055681    0.000092   33.689430 ^ _18709_/D_N (sky130_fd_sc_hd__or4b_4)
     4    0.026430    0.084138    0.309360   33.998787 v _18709_/X (sky130_fd_sc_hd__or4b_4)
                                                         _08839_ (net)
                      0.084138    0.000806   33.999596 v _18859_/A (sky130_fd_sc_hd__nor2_4)
     6    0.021164    0.112200    0.133838   34.133434 ^ _18859_/Y (sky130_fd_sc_hd__nor2_4)
                                                         _08989_ (net)
                      0.112200    0.000373   34.133804 ^ _18880_/A2 (sky130_fd_sc_hd__a211o_1)
     1    0.003795    0.034663    0.089450   34.223255 ^ _18880_/X (sky130_fd_sc_hd__a211o_1)
                                                         _09010_ (net)
                      0.034663    0.000050   34.223305 ^ fanout368/A (sky130_fd_sc_hd__clkbuf_4)
     9    0.062848    0.145362    0.169354   34.392662 ^ fanout368/X (sky130_fd_sc_hd__clkbuf_4)
                                                         net368 (net)
                      0.145364    0.000473   34.393131 ^ fanout367/A (sky130_fd_sc_hd__buf_6)
    10    0.047024    0.076108    0.115058   34.508190 ^ fanout367/X (sky130_fd_sc_hd__buf_6)
                                                         net367 (net)
                      0.076154    0.000782   34.508972 ^ _18930_/S (sky130_fd_sc_hd__mux2_4)
     5    0.025813    0.061873    0.218083   34.727055 v _18930_/X (sky130_fd_sc_hd__mux2_4)
                                                         _09060_ (net)
                      0.061895    0.001066   34.728123 v _18933_/B (sky130_fd_sc_hd__xnor2_2)
     3    0.013165    0.159498    0.149662   34.877785 ^ _18933_/Y (sky130_fd_sc_hd__xnor2_2)
                                                         _09063_ (net)
                      0.159498    0.000085   34.877869 ^ _18953_/D (sky130_fd_sc_hd__and4_1)
     2    0.019403    0.145872    0.206704   35.084572 ^ _18953_/X (sky130_fd_sc_hd__and4_1)
                                                         _09083_ (net)
                      0.145872    0.000668   35.085239 ^ _18982_/C (sky130_fd_sc_hd__nand4_4)
     3    0.007641    0.065150    0.063633   35.148872 v _18982_/Y (sky130_fd_sc_hd__nand4_4)
                                                         _09112_ (net)
                      0.065150    0.000078   35.148952 v _19017_/A2 (sky130_fd_sc_hd__a2111o_1)
     3    0.011959    0.072167    0.294943   35.443893 v _19017_/X (sky130_fd_sc_hd__a2111o_1)
                                                         _09147_ (net)
                      0.072167    0.000366   35.444260 v _19018_/A1 (sky130_fd_sc_hd__a21o_1)
     4    0.012845    0.052110    0.140279   35.584538 v _19018_/X (sky130_fd_sc_hd__a21o_1)
                                                         _09148_ (net)
                      0.052111    0.000242   35.584782 v _19054_/A2 (sky130_fd_sc_hd__a21o_1)
     5    0.025001    0.086922    0.179025   35.763805 v _19054_/X (sky130_fd_sc_hd__a21o_1)
                                                         _09184_ (net)
                      0.086922    0.000131   35.763935 v fanout365/A (sky130_fd_sc_hd__buf_6)
     5    0.029233    0.029847    0.111516   35.875454 v fanout365/X (sky130_fd_sc_hd__buf_6)
                                                         net365 (net)
                      0.030002    0.001751   35.877205 v _19103_/A2 (sky130_fd_sc_hd__a211o_1)
     3    0.007159    0.048070    0.194927   36.072132 v _19103_/X (sky130_fd_sc_hd__a211o_1)
                                                         _09233_ (net)
                      0.048070    0.000068   36.072197 v _19105_/B (sky130_fd_sc_hd__and3_1)
     3    0.008301    0.043597    0.125848   36.198048 v _19105_/X (sky130_fd_sc_hd__and3_1)
                                                         _09235_ (net)
                      0.043597    0.000089   36.198135 v _19108_/B (sky130_fd_sc_hd__or4b_4)
     2    0.008877    0.063907    0.316561   36.514698 v _19108_/X (sky130_fd_sc_hd__or4b_4)
                                                         _09238_ (net)
                      0.063907    0.000071   36.514767 v _19166_/B (sky130_fd_sc_hd__nor4_2)
     1    0.003348    0.138302    0.169141   36.683910 ^ _19166_/Y (sky130_fd_sc_hd__nor4_2)
                                                         _09296_ (net)
                      0.138302    0.000039   36.683949 ^ _19173_/A1 (sky130_fd_sc_hd__a221o_2)
     4    0.020260    0.084645    0.148965   36.832912 ^ _19173_/X (sky130_fd_sc_hd__a221o_2)
                                                         _09303_ (net)
                      0.084648    0.000632   36.833546 ^ _19202_/A2 (sky130_fd_sc_hd__a221o_1)
     4    0.020722    0.154577    0.176783   37.010330 ^ _19202_/X (sky130_fd_sc_hd__a221o_1)
                                                         _09332_ (net)
                      0.154579    0.000554   37.010883 ^ _19233_/A1 (sky130_fd_sc_hd__a41o_4)
     8    0.040531    0.098782    0.190809   37.201691 ^ _19233_/X (sky130_fd_sc_hd__a41o_4)
                                                         _09363_ (net)
                      0.098785    0.000728   37.202419 ^ _19267_/A2 (sky130_fd_sc_hd__a21o_1)
     2    0.011718    0.082085    0.117744   37.320164 ^ _19267_/X (sky130_fd_sc_hd__a21o_1)
                                                         _09397_ (net)
                      0.082085    0.000224   37.320389 ^ fanout360/A (sky130_fd_sc_hd__buf_6)
     5    0.034729    0.058309    0.095273   37.415661 ^ fanout360/X (sky130_fd_sc_hd__buf_6)
                                                         net360 (net)
                      0.058369    0.001503   37.417164 ^ fanout358/A (sky130_fd_sc_hd__buf_8)
     5    0.032683    0.047843    0.083023   37.500187 ^ fanout358/X (sky130_fd_sc_hd__buf_8)
                                                         net358 (net)
                      0.047906    0.001066   37.501251 ^ _19343_/S (sky130_fd_sc_hd__mux2_4)
     3    0.009766    0.044115    0.192944   37.694199 v _19343_/X (sky130_fd_sc_hd__mux2_4)
                                                         _09473_ (net)
                      0.044115    0.000107   37.694305 v _19344_/B (sky130_fd_sc_hd__and2_4)
     2    0.006131    0.024509    0.105292   37.799595 v _19344_/X (sky130_fd_sc_hd__and2_4)
                                                         _09474_ (net)
                      0.024509    0.000050   37.799644 v _19346_/A (sky130_fd_sc_hd__or2_4)
     2    0.007301    0.035846    0.152056   37.951702 v _19346_/X (sky130_fd_sc_hd__or2_4)
                                                         _09476_ (net)
                      0.035846    0.000050   37.951752 v _19354_/D (sky130_fd_sc_hd__or4_4)
     2    0.005650    0.059842    0.244924   38.196674 v _19354_/X (sky130_fd_sc_hd__or4_4)
                                                         _09484_ (net)
                      0.059842    0.000060   38.196735 v _19355_/C (sky130_fd_sc_hd__or4_4)
     4    0.012549    0.068207    0.306773   38.503510 v _19355_/X (sky130_fd_sc_hd__or4_4)
                                                         _09485_ (net)
                      0.068207    0.000234   38.503742 v _19417_/A2 (sky130_fd_sc_hd__a2111o_1)
     3    0.016017    0.084342    0.308944   38.812687 v _19417_/X (sky130_fd_sc_hd__a2111o_1)
                                                         _09547_ (net)
                      0.084346    0.000675   38.813362 v _19448_/A2 (sky130_fd_sc_hd__a2111o_4)
     7    0.033794    0.079351    0.363652   39.177013 v _19448_/X (sky130_fd_sc_hd__a2111o_4)
                                                         _09578_ (net)
                      0.079351    0.000330   39.177345 v _19461_/A (sky130_fd_sc_hd__nand2_4)
     2    0.011563    0.047738    0.062666   39.240013 ^ _19461_/Y (sky130_fd_sc_hd__nand2_4)
                                                         _09591_ (net)
                      0.047738    0.000107   39.240120 ^ fanout357/A (sky130_fd_sc_hd__buf_8)
     5    0.034268    0.049580    0.081943   39.322060 ^ fanout357/X (sky130_fd_sc_hd__buf_8)
                                                         net357 (net)
                      0.049643    0.001418   39.323479 ^ fanout355/A (sky130_fd_sc_hd__buf_8)
     5    0.033699    0.048757    0.082050   39.405529 ^ fanout355/X (sky130_fd_sc_hd__buf_8)
                                                         net355 (net)
                      0.048828    0.001208   39.406738 ^ _19507_/S (sky130_fd_sc_hd__mux2_4)
     4    0.025588    0.061383    0.215810   39.622547 v _19507_/X (sky130_fd_sc_hd__mux2_4)
                                                         _09637_ (net)
                      0.061385    0.000405   39.622952 v _19510_/A (sky130_fd_sc_hd__xnor2_4)
     3    0.010429    0.044455    0.109043   39.731995 v _19510_/Y (sky130_fd_sc_hd__xnor2_4)
                                                         _09640_ (net)
                      0.044455    0.000146   39.732140 v _19528_/A (sky130_fd_sc_hd__or4_4)
     1    0.004072    0.057160    0.317794   40.049934 v _19528_/X (sky130_fd_sc_hd__or4_4)
                                                         _09658_ (net)
                      0.057160    0.000064   40.049999 v _19529_/C1 (sky130_fd_sc_hd__a211o_1)
     3    0.006991    0.047467    0.125429   40.175426 v _19529_/X (sky130_fd_sc_hd__a211o_1)
                                                         _09659_ (net)
                      0.047467    0.000064   40.175491 v _19562_/A2 (sky130_fd_sc_hd__a2111o_1)
     4    0.016911    0.087099    0.304869   40.480358 v _19562_/X (sky130_fd_sc_hd__a2111o_1)
                                                         _09692_ (net)
                      0.087101    0.000593   40.480953 v _19596_/A2 (sky130_fd_sc_hd__a2111o_1)
     3    0.009888    0.066947    0.294431   40.775383 v _19596_/X (sky130_fd_sc_hd__a2111o_1)
                                                         _09726_ (net)
                      0.066947    0.000114   40.775497 v _19631_/A2 (sky130_fd_sc_hd__a21bo_1)
     3    0.012501    0.052656    0.162121   40.937618 v _19631_/X (sky130_fd_sc_hd__a21bo_1)
                                                         _09761_ (net)
                      0.052656    0.000131   40.937752 v _19642_/A2 (sky130_fd_sc_hd__a21o_1)
     3    0.012475    0.051046    0.148226   41.085976 v _19642_/X (sky130_fd_sc_hd__a21o_1)
                                                         _09772_ (net)
                      0.051046    0.000096   41.086071 v fanout352/A (sky130_fd_sc_hd__buf_6)
     5    0.020944    0.025699    0.091557   41.177631 v fanout352/X (sky130_fd_sc_hd__buf_6)
                                                         net352 (net)
                      0.025712    0.000536   41.178165 v _19667_/A1 (sky130_fd_sc_hd__a21o_1)
     3    0.007504    0.037795    0.107576   41.285744 v _19667_/X (sky130_fd_sc_hd__a21o_1)
                                                         _09797_ (net)
                      0.037795    0.000096   41.285839 v _19704_/C (sky130_fd_sc_hd__and3_1)
     3    0.008175    0.043153    0.131894   41.417732 v _19704_/X (sky130_fd_sc_hd__and3_1)
                                                         _09834_ (net)
                      0.043153    0.000068   41.417801 v _19714_/B (sky130_fd_sc_hd__or4_4)
     3    0.008850    0.063724    0.314898   41.732700 v _19714_/X (sky130_fd_sc_hd__or4_4)
                                                         _09844_ (net)
                      0.063724    0.000036   41.732735 v _19719_/C (sky130_fd_sc_hd__or4_4)
     5    0.112737    0.160626    0.423029   42.155762 v _19719_/X (sky130_fd_sc_hd__or4_4)
                                                         _09849_ (net)
                      0.160626    0.000668   42.156429 v _19723_/C1 (sky130_fd_sc_hd__o2111ai_4)
     5    0.021964    0.202130    0.139426   42.295856 ^ _19723_/Y (sky130_fd_sc_hd__o2111ai_4)
                                                         _09853_ (net)
                      0.202130    0.000210   42.296066 ^ _19783_/C (sky130_fd_sc_hd__nand3_4)
     5    0.027927    0.084388    0.082451   42.378517 v _19783_/Y (sky130_fd_sc_hd__nand3_4)
                                                         _09913_ (net)
                      0.084400    0.000767   42.379284 v _19852_/A2 (sky130_fd_sc_hd__a2111o_4)
     7    0.038996    0.084847    0.370708   42.749992 v _19852_/X (sky130_fd_sc_hd__a2111o_4)
                                                         _09982_ (net)
                      0.084847    0.000355   42.750347 v _19881_/A (sky130_fd_sc_hd__nand2_8)
     5    0.034032    0.064456    0.079527   42.829876 ^ _19881_/Y (sky130_fd_sc_hd__nand2_8)
                                                         _10011_ (net)
                      0.064456    0.000224   42.830101 ^ fanout347/A (sky130_fd_sc_hd__buf_8)
     5    0.032465    0.047507    0.084604   42.914703 ^ fanout347/X (sky130_fd_sc_hd__buf_8)
                                                         net347 (net)
                      0.047511    0.000494   42.915199 ^ _19942_/S (sky130_fd_sc_hd__mux2_4)
     4    0.025473    0.061455    0.215366   43.130562 v _19942_/X (sky130_fd_sc_hd__mux2_4)
                                                         _10072_ (net)
                      0.061459    0.000540   43.131104 v _19943_/A (sky130_fd_sc_hd__xnor2_4)
     4    0.013655    0.051904    0.113520   43.244625 v _19943_/Y (sky130_fd_sc_hd__xnor2_4)
                                                         _10073_ (net)
                      0.051904    0.000103   43.244728 v _19954_/B (sky130_fd_sc_hd__or4_4)
     2    0.007472    0.062067    0.314742   43.559467 v _19954_/X (sky130_fd_sc_hd__or4_4)
                                                         _10084_ (net)
                      0.062067    0.000075   43.559544 v _19958_/A2 (sky130_fd_sc_hd__o31a_1)
     2    0.013704    0.065904    0.214929   43.774471 v _19958_/X (sky130_fd_sc_hd__o31a_1)
                                                         _10088_ (net)
                      0.065904    0.000167   43.774639 v _20023_/A2 (sky130_fd_sc_hd__o2111ai_4)
     6    0.036240    0.266001    0.242636   44.017273 ^ _20023_/Y (sky130_fd_sc_hd__o2111ai_4)
                                                         _10153_ (net)
                      0.266002    0.001258   44.018532 ^ _20056_/C (sky130_fd_sc_hd__nand3_4)
     6    0.023998    0.086146    0.078110   44.096642 v _20056_/Y (sky130_fd_sc_hd__nand3_4)
                                                         _10186_ (net)
                      0.086149    0.000181   44.096825 v _20091_/A (sky130_fd_sc_hd__nand2_4)
     1    0.008048    0.041808    0.058986   44.155807 ^ _20091_/Y (sky130_fd_sc_hd__nand2_4)
                                                         _10221_ (net)
                      0.041808    0.000082   44.155891 ^ fanout343/A (sky130_fd_sc_hd__buf_8)
     7    0.046818    0.063603    0.091614   44.247505 ^ fanout343/X (sky130_fd_sc_hd__buf_8)
                                                         net343 (net)
                      0.063604    0.000210   44.247715 ^ fanout342/A (sky130_fd_sc_hd__buf_6)
    10    0.059642    0.093327    0.117641   44.365356 ^ fanout342/X (sky130_fd_sc_hd__buf_6)
                                                         net342 (net)
                      0.093392    0.002018   44.367374 ^ _20098_/S (sky130_fd_sc_hd__mux2_4)
     4    0.016579    0.051994    0.207841   44.575214 v _20098_/X (sky130_fd_sc_hd__mux2_4)
                                                         _10228_ (net)
                      0.051999    0.000536   44.575752 v _20101_/B (sky130_fd_sc_hd__xnor2_1)
     1    0.004647    0.049546    0.090282   44.666031 v _20101_/Y (sky130_fd_sc_hd__xnor2_1)
                                                         _10231_ (net)
                      0.049546    0.000043   44.666077 v _20102_/A (sky130_fd_sc_hd__inv_2)
     3    0.013244    0.049997    0.060155   44.726231 ^ _20102_/Y (sky130_fd_sc_hd__inv_2)
                                                         _10232_ (net)
                      0.049997    0.000110   44.726341 ^ _20121_/A1 (sky130_fd_sc_hd__o211ai_2)
     4    0.016182    0.076807    0.082917   44.809258 v _20121_/Y (sky130_fd_sc_hd__o211ai_2)
                                                         _10251_ (net)
                      0.076833    0.000270   44.809525 v _20156_/A3 (sky130_fd_sc_hd__a31o_4)
     3    0.013964    0.036333    0.180275   44.989803 v _20156_/X (sky130_fd_sc_hd__a31o_4)
                                                         _10286_ (net)
                      0.036334    0.000259   44.990063 v _20217_/A2 (sky130_fd_sc_hd__a221o_4)
     8    0.037528    0.067155    0.256058   45.246120 v _20217_/X (sky130_fd_sc_hd__a221o_4)
                                                         _10353_ (net)
                      0.067187    0.001350   45.247471 v _20303_/A2 (sky130_fd_sc_hd__a21o_1)
     3    0.014171    0.055792    0.157467   45.404938 v _20303_/X (sky130_fd_sc_hd__a21o_1)
                                                         _10448_ (net)
                      0.055792    0.000124   45.405060 v fanout339/A (sky130_fd_sc_hd__buf_8)
     6    0.042491    0.034341    0.103068   45.508129 v fanout339/X (sky130_fd_sc_hd__buf_8)
                                                         net339 (net)
                      0.034440    0.001609   45.509739 v fanout338/A (sky130_fd_sc_hd__buf_8)
     5    0.029396    0.027350    0.087446   45.597183 v fanout338/X (sky130_fd_sc_hd__buf_8)
                                                         net338 (net)
                      0.027375    0.000746   45.597931 v _20359_/S (sky130_fd_sc_hd__mux2_4)
     3    0.007548    0.041754    0.191214   45.789143 v _20359_/X (sky130_fd_sc_hd__mux2_4)
                                                         _10509_ (net)
                      0.041754    0.000068   45.789211 v _20361_/B (sky130_fd_sc_hd__and2_4)
     2    0.011594    0.028832    0.111164   45.900375 v _20361_/X (sky130_fd_sc_hd__and2_4)
                                                         _10512_ (net)
                      0.028832    0.000139   45.900517 v _20362_/B (sky130_fd_sc_hd__nor2_4)
     2    0.008008    0.060888    0.058023   45.958538 ^ _20362_/Y (sky130_fd_sc_hd__nor2_4)
                                                         _10513_ (net)
                      0.060888    0.000050   45.958588 ^ _20363_/C_N (sky130_fd_sc_hd__or3b_4)
     1    0.003883    0.045633    0.223473   46.182060 v _20363_/X (sky130_fd_sc_hd__or3b_4)
                                                         _10514_ (net)
                      0.045633    0.000043   46.182102 v _20364_/C (sky130_fd_sc_hd__or4_4)
     5    0.016081    0.072320    0.309612   46.491714 v _20364_/X (sky130_fd_sc_hd__or4_4)
                                                         _10515_ (net)
                      0.072321    0.000263   46.491978 v _20427_/A2 (sky130_fd_sc_hd__a2111o_4)
     6    0.024579    0.070303    0.347836   46.839813 v _20427_/X (sky130_fd_sc_hd__a2111o_4)
                                                         _10584_ (net)
                      0.070303    0.000540   46.840355 v _20484_/A1 (sky130_fd_sc_hd__a2111oi_1)
     2    0.007889    0.359249    0.328647   47.169003 ^ _20484_/Y (sky130_fd_sc_hd__a2111oi_1)
                                                         _10647_ (net)
                      0.359249    0.000099   47.169102 ^ fanout335/A (sky130_fd_sc_hd__clkbuf_2)
    10    0.033968    0.145188    0.183828   47.352928 ^ fanout335/X (sky130_fd_sc_hd__clkbuf_2)
                                                         net335 (net)
                      0.145242    0.000778   47.353706 ^ _20580_/B (sky130_fd_sc_hd__or3_1)
     3    0.008174    0.062961    0.108201   47.461906 ^ _20580_/X (sky130_fd_sc_hd__or3_1)
                                                         _10752_ (net)
                      0.062961    0.000114   47.462021 ^ _20582_/A2 (sky130_fd_sc_hd__a21oi_1)
     4    0.010400    0.071339    0.067683   47.529705 v _20582_/Y (sky130_fd_sc_hd__a21oi_1)
                                                         _10755_ (net)
                      0.071339    0.000156   47.529861 v _20593_/A (sky130_fd_sc_hd__or4b_4)
     1    0.003446    0.056520    0.326260   47.856121 v _20593_/X (sky130_fd_sc_hd__or4b_4)
                                                         _10767_ (net)
                      0.056520    0.000043   47.856163 v _20594_/A (sky130_fd_sc_hd__or4_4)
     2    0.009029    0.063950    0.333138   48.189301 v _20594_/X (sky130_fd_sc_hd__or4_4)
                                                         _10768_ (net)
                      0.063950    0.000181   48.189484 v _20595_/C (sky130_fd_sc_hd__or4_4)
     2    0.007539    0.062142    0.297838   48.487320 v _20595_/X (sky130_fd_sc_hd__or4_4)
                                                         _10769_ (net)
                      0.062142    0.000043   48.487362 v _20675_/A2 (sky130_fd_sc_hd__o221a_4)
     4    0.015483    0.043085    0.178947   48.666309 v _20675_/X (sky130_fd_sc_hd__o221a_4)
                                                         _10857_ (net)
                      0.043085    0.000181   48.666492 v _20704_/A1 (sky130_fd_sc_hd__a211o_4)
     5    0.031594    0.063032    0.239094   48.905586 v _20704_/X (sky130_fd_sc_hd__a211o_4)
                                                         _10889_ (net)
                      0.063032    0.000249   48.905834 v _20765_/A (sky130_fd_sc_hd__nand2_4)
     2    0.016508    0.055605    0.064333   48.970165 ^ _20765_/Y (sky130_fd_sc_hd__nand2_4)
                                                         _10956_ (net)
                      0.055605    0.000213   48.970379 ^ fanout330/A (sky130_fd_sc_hd__buf_8)
     6    0.037874    0.053610    0.087326   49.057705 ^ fanout330/X (sky130_fd_sc_hd__buf_8)
                                                         net330 (net)
                      0.053613    0.000487   49.058193 ^ fanout329/A (sky130_fd_sc_hd__buf_12)
     6    0.044249    0.047623    0.085489   49.143681 ^ fanout329/X (sky130_fd_sc_hd__buf_12)
                                                         net329 (net)
                      0.047703    0.001307   49.144989 ^ fanout328/A (sky130_fd_sc_hd__buf_12)
     5    0.038128    0.042688    0.080625   49.225613 ^ fanout328/X (sky130_fd_sc_hd__buf_12)
                                                         net328 (net)
                      0.042739    0.000842   49.226456 ^ _20912_/S (sky130_fd_sc_hd__mux2_4)
     4    0.025791    0.061562    0.214619   49.441074 v _20912_/X (sky130_fd_sc_hd__mux2_4)
                                                         _11117_ (net)
                      0.061572    0.000757   49.441830 v _20915_/A (sky130_fd_sc_hd__xnor2_4)
     3    0.007931    0.038652    0.105359   49.547192 v _20915_/Y (sky130_fd_sc_hd__xnor2_4)
                                                         _11120_ (net)
                      0.038652    0.000050   49.547241 v _20923_/C (sky130_fd_sc_hd__or4_4)
     2    0.006394    0.060699    0.287528   49.834770 v _20923_/X (sky130_fd_sc_hd__or4_4)
                                                         _11129_ (net)
                      0.060699    0.000082   49.834850 v _20956_/C (sky130_fd_sc_hd__or3_4)
     2    0.011525    0.053587    0.214193   50.049046 v _20956_/X (sky130_fd_sc_hd__or3_4)
                                                         _11165_ (net)
                      0.053587    0.000099   50.049145 v _20966_/A1 (sky130_fd_sc_hd__o31ai_4)
     2    0.015155    0.195720    0.222375   50.271519 ^ _20966_/Y (sky130_fd_sc_hd__o31ai_4)
                                                         _11176_ (net)
                      0.195720    0.000465   50.271984 ^ wire327/A (sky130_fd_sc_hd__buf_6)
     5    0.032112    0.056252    0.102322   50.374306 ^ wire327/X (sky130_fd_sc_hd__buf_6)
                                                         net327 (net)
                      0.056254    0.000423   50.374729 ^ _20973_/A2 (sky130_fd_sc_hd__a21o_4)
     5    0.031910    0.072341    0.112994   50.487720 ^ _20973_/X (sky130_fd_sc_hd__a21o_4)
                                                         _11184_ (net)
                      0.072341    0.000323   50.488045 ^ fanout326/A (sky130_fd_sc_hd__buf_12)
     5    0.035762    0.041188    0.084217   50.572262 ^ fanout326/X (sky130_fd_sc_hd__buf_12)
                                                         net326 (net)
                      0.041290    0.001418   50.573681 ^ _20982_/B2 (sky130_fd_sc_hd__a22oi_1)
     1    0.004937    0.085315    0.044349   50.618027 v _20982_/Y (sky130_fd_sc_hd__a22oi_1)
                                                         _11194_ (net)
                      0.085315    0.000050   50.618080 v _20986_/A (sky130_fd_sc_hd__xnor2_1)
     2    0.008067    0.062074    0.118575   50.736652 v _20986_/Y (sky130_fd_sc_hd__xnor2_1)
                                                         _11198_ (net)
                      0.062074    0.000032   50.736687 v _20987_/A1 (sky130_fd_sc_hd__o31a_1)
     2    0.010082    0.056219    0.216076   50.952763 v _20987_/X (sky130_fd_sc_hd__o31a_1)
                                                         _11199_ (net)
                      0.056219    0.000131   50.952892 v _20989_/A1 (sky130_fd_sc_hd__o21ba_4)
     3    0.010335    0.031480    0.150873   51.103767 v _20989_/X (sky130_fd_sc_hd__o21ba_4)
                                                         _11201_ (net)
                      0.031480    0.000160   51.103928 v _20999_/A2 (sky130_fd_sc_hd__o22ai_2)
     3    0.009711    0.122102    0.116163   51.220089 ^ _20999_/Y (sky130_fd_sc_hd__o22ai_2)
                                                         _11212_ (net)
                      0.122102    0.000178   51.220268 ^ _21030_/A1 (sky130_fd_sc_hd__a41o_1)
     4    0.019535    0.143661    0.180336   51.400604 ^ _21030_/X (sky130_fd_sc_hd__a41o_1)
                                                         _11245_ (net)
                      0.143661    0.000597   51.401199 ^ _21062_/A2 (sky130_fd_sc_hd__a221o_2)
     5    0.027495    0.111178    0.168455   51.569656 ^ _21062_/X (sky130_fd_sc_hd__a221o_2)
                                                         _11280_ (net)
                      0.111178    0.000497   51.570152 ^ _21132_/A1 (sky130_fd_sc_hd__a41o_4)
     5    0.039637    0.097470    0.181409   51.751560 ^ _21132_/X (sky130_fd_sc_hd__a41o_4)
                                                         _11356_ (net)
                      0.097521    0.002089   51.753651 ^ _21197_/A2 (sky130_fd_sc_hd__a21o_1)
     1    0.007960    0.058659    0.100595   51.854244 ^ _21197_/X (sky130_fd_sc_hd__a21o_1)
                                                         _11426_ (net)
                      0.058659    0.000075   51.854321 ^ fanout323/A (sky130_fd_sc_hd__buf_8)
     7    0.055702    0.073448    0.102901   51.957222 ^ fanout323/X (sky130_fd_sc_hd__buf_8)
                                                         net323 (net)
                      0.073479    0.000263   51.957485 ^ fanout322/A (sky130_fd_sc_hd__buf_12)
     5    0.028631    0.035561    0.080071   52.037556 ^ fanout322/X (sky130_fd_sc_hd__buf_12)
                                                         net322 (net)
                      0.035587    0.000863   52.038418 ^ _21271_/S (sky130_fd_sc_hd__mux2_4)
     4    0.014858    0.049748    0.199009   52.237427 v _21271_/X (sky130_fd_sc_hd__mux2_4)
                                                         _11507_ (net)
                      0.049749    0.000274   52.237701 v _21272_/B (sky130_fd_sc_hd__xnor2_1)
     3    0.010772    0.071551    0.110763   52.348461 v _21272_/Y (sky130_fd_sc_hd__xnor2_1)
                                                         _11508_ (net)
                      0.071551    0.000043   52.348507 v _21278_/C (sky130_fd_sc_hd__nor4_1)
     2    0.018924    0.546207    0.454893   52.803398 ^ _21278_/Y (sky130_fd_sc_hd__nor4_1)
                                                         _11514_ (net)
                      0.546207    0.000092   52.803490 ^ _21289_/A1 (sky130_fd_sc_hd__a211o_1)
     3    0.015598    0.108895    0.140240   52.943729 ^ _21289_/X (sky130_fd_sc_hd__a211o_1)
                                                         _11526_ (net)
                      0.108895    0.000242   52.943974 ^ _21319_/A2 (sky130_fd_sc_hd__a221o_2)
     4    0.019344    0.081384    0.142006   53.085979 ^ _21319_/X (sky130_fd_sc_hd__a221o_2)
                                                         _11558_ (net)
                      0.081385    0.000522   53.086502 ^ _21349_/B1 (sky130_fd_sc_hd__a221o_2)
     6    0.031708    0.126796    0.162444   53.248943 ^ _21349_/X (sky130_fd_sc_hd__a221o_2)
                                                         _11591_ (net)
                      0.126799    0.000835   53.249779 ^ _21412_/A2 (sky130_fd_sc_hd__a21o_1)
     3    0.009886    0.070678    0.113513   53.363293 ^ _21412_/X (sky130_fd_sc_hd__a21o_1)
                                                         _11660_ (net)
                      0.070678    0.000103   53.363396 ^ _21417_/A1 (sky130_fd_sc_hd__a31o_1)
     1    0.006117    0.052800    0.096666   53.460060 ^ _21417_/X (sky130_fd_sc_hd__a31o_1)
                                                         _11665_ (net)
                      0.052800    0.000075   53.460136 ^ fanout318/A (sky130_fd_sc_hd__buf_6)
     7    0.052599    0.083293    0.108862   53.568996 ^ fanout318/X (sky130_fd_sc_hd__buf_6)
                                                         net318 (net)
                      0.083293    0.000131   53.569130 ^ fanout316/A (sky130_fd_sc_hd__clkbuf_4)
    10    0.056290    0.131838    0.173642   53.742771 ^ fanout316/X (sky130_fd_sc_hd__clkbuf_4)
                                                         net316 (net)
                      0.131921    0.002711   53.745483 ^ _21549_/S (sky130_fd_sc_hd__mux2_2)
     4    0.029917    0.084755    0.263682   54.009167 v _21549_/X (sky130_fd_sc_hd__mux2_2)
                                                         _11808_ (net)
                      0.084844    0.002473   54.011639 v _21552_/B (sky130_fd_sc_hd__xnor2_1)
     3    0.010860    0.074917    0.124732   54.136372 v _21552_/Y (sky130_fd_sc_hd__xnor2_1)
                                                         _11812_ (net)
                      0.074917    0.000078   54.136448 v _21565_/B (sky130_fd_sc_hd__or4b_1)
     1    0.003447    0.056126    0.295774   54.432220 v _21565_/X (sky130_fd_sc_hd__or4b_1)
                                                         _11825_ (net)
                      0.056126    0.000043   54.432266 v _21566_/C (sky130_fd_sc_hd__or3_4)
     4    0.018910    0.062987    0.226027   54.658291 v _21566_/X (sky130_fd_sc_hd__or3_4)
                                                         _11826_ (net)
                      0.062987    0.000483   54.658775 v _21570_/A1 (sky130_fd_sc_hd__a21o_4)
     7    0.031563    0.048011    0.165084   54.823860 v _21570_/X (sky130_fd_sc_hd__a21o_4)
                                                         _11830_ (net)
                      0.048011    0.000270   54.824127 v _21578_/A1 (sky130_fd_sc_hd__a21o_2)
     8    0.030170    0.068897    0.169031   54.993160 v _21578_/X (sky130_fd_sc_hd__a21o_2)
                                                         _11838_ (net)
                      0.068897    0.000234   54.993393 v _21640_/A (sky130_fd_sc_hd__and3_1)
     1    0.004796    0.033263    0.108777   55.102173 v _21640_/X (sky130_fd_sc_hd__and3_1)
                                                         _11904_ (net)
                      0.033263    0.000085   55.102257 v fanout311/A (sky130_fd_sc_hd__clkbuf_2)
     5    0.032730    0.087824    0.125365   55.227623 v fanout311/X (sky130_fd_sc_hd__clkbuf_2)
                                                         net311 (net)
                      0.087824    0.000369   55.227989 v _21647_/A1 (sky130_fd_sc_hd__o31ai_4)
     5    0.030419    0.295882    0.310500   55.538490 ^ _21647_/Y (sky130_fd_sc_hd__o31ai_4)
                                                         _11912_ (net)
                      0.295882    0.000895   55.539387 ^ _21780_/B (sky130_fd_sc_hd__xnor2_2)
     3    0.013277    0.077067    0.069484   55.608871 v _21780_/Y (sky130_fd_sc_hd__xnor2_2)
                                                         _12058_ (net)
                      0.077068    0.000213   55.609085 v _21803_/A (sky130_fd_sc_hd__nor4_2)
     2    0.007713    0.199085    0.235669   55.844753 ^ _21803_/Y (sky130_fd_sc_hd__nor4_2)
                                                         _12084_ (net)
                      0.199085    0.000050   55.844803 ^ max_cap304/A (sky130_fd_sc_hd__buf_1)
     2    0.009303    0.086962    0.098595   55.943398 ^ max_cap304/X (sky130_fd_sc_hd__buf_1)
                                                         net304 (net)
                      0.086962    0.000068   55.943466 ^ _21828_/A1 (sky130_fd_sc_hd__a21o_1)
     3    0.019381    0.130420    0.145196   56.088661 ^ _21828_/X (sky130_fd_sc_hd__a21o_1)
                                                         _12111_ (net)
                      0.130428    0.000856   56.089516 ^ _21861_/B (sky130_fd_sc_hd__nand4_2)
     6    0.017069    0.100743    0.109068   56.198586 v _21861_/Y (sky130_fd_sc_hd__nand4_2)
                                                         _12148_ (net)
                      0.100743    0.000178   56.198761 v _21917_/A_N (sky130_fd_sc_hd__nand2b_2)
     2    0.028742    0.086708    0.185391   56.384155 v _21917_/Y (sky130_fd_sc_hd__nand2b_2)
                                                         _12209_ (net)
                      0.086710    0.000380   56.384533 v fanout302/A (sky130_fd_sc_hd__buf_2)
    10    0.048347    0.081902    0.157346   56.541882 v fanout302/X (sky130_fd_sc_hd__buf_2)
                                                         net302 (net)
                      0.081920    0.001236   56.543118 v _21949_/A2 (sky130_fd_sc_hd__a311o_1)
     3    0.010344    0.065210    0.238558   56.781673 v _21949_/X (sky130_fd_sc_hd__a311o_1)
                                                         _12244_ (net)
                      0.065211    0.000291   56.781967 v _21952_/C (sky130_fd_sc_hd__and3_1)
     2    0.005657    0.035623    0.134321   56.916286 v _21952_/X (sky130_fd_sc_hd__and3_1)
                                                         _12248_ (net)
                      0.035623    0.000068   56.916355 v _21961_/C (sky130_fd_sc_hd__or4b_4)
     3    0.011305    0.066779    0.298176   57.214531 v _21961_/X (sky130_fd_sc_hd__or4b_4)
                                                         _12258_ (net)
                      0.066779    0.000277   57.214806 v _21976_/D (sky130_fd_sc_hd__or4_4)
     3    0.010598    0.065857    0.263846   57.478653 v _21976_/X (sky130_fd_sc_hd__or4_4)
                                                         _12274_ (net)
                      0.065857    0.000092   57.478745 v _22001_/A2 (sky130_fd_sc_hd__a2111o_1)
     4    0.014127    0.078441    0.302311   57.781055 v _22001_/X (sky130_fd_sc_hd__a2111o_1)
                                                         _12302_ (net)
                      0.078441    0.000139   57.781197 v _22061_/A2 (sky130_fd_sc_hd__a2111o_4)
     7    0.034126    0.079796    0.361936   58.143131 v _22061_/X (sky130_fd_sc_hd__a2111o_4)
                                                         _12368_ (net)
                      0.079829    0.001517   58.144650 v _22173_/A2 (sky130_fd_sc_hd__o21ba_4)
     3    0.022111    0.042118    0.158643   58.303291 v _22173_/X (sky130_fd_sc_hd__o21ba_4)
                                                         _12491_ (net)
                      0.042131    0.000675   58.303967 v fanout296/A (sky130_fd_sc_hd__buf_8)
     5    0.025220    0.025456    0.088445   58.392410 v fanout296/X (sky130_fd_sc_hd__buf_8)
                                                         net296 (net)
                      0.025526    0.001133   58.393543 v _22192_/A (sky130_fd_sc_hd__nand2_1)
     1    0.005448    0.051723    0.047550   58.441093 ^ _22192_/Y (sky130_fd_sc_hd__nand2_1)
                                                         _12512_ (net)
                      0.051723    0.000060   58.441154 ^ fanout294/A (sky130_fd_sc_hd__clkbuf_4)
     9    0.048915    0.115790    0.154035   58.595188 ^ fanout294/X (sky130_fd_sc_hd__clkbuf_4)
                                                         net294 (net)
                      0.115790    0.000163   58.595352 ^ fanout293/A (sky130_fd_sc_hd__buf_8)
    10    0.059094    0.077515    0.112152   58.707504 ^ fanout293/X (sky130_fd_sc_hd__buf_8)
                                                         net293 (net)
                      0.077554    0.001407   58.708912 ^ _22207_/S (sky130_fd_sc_hd__mux2_2)
     4    0.016385    0.060482    0.235353   58.944263 v _22207_/X (sky130_fd_sc_hd__mux2_2)
                                                         _12528_ (net)
                      0.060482    0.000309   58.944572 v _22210_/B (sky130_fd_sc_hd__xnor2_1)
     3    0.011346    0.076689    0.116948   59.061523 v _22210_/Y (sky130_fd_sc_hd__xnor2_1)
                                                         _12531_ (net)
                      0.076689    0.000107   59.061630 v _22225_/A (sky130_fd_sc_hd__or3b_4)
     3    0.016466    0.061500    0.274532   59.336163 v _22225_/X (sky130_fd_sc_hd__or3b_4)
                                                         _12548_ (net)
                      0.061500    0.000131   59.336292 v _22258_/A2 (sky130_fd_sc_hd__o311a_4)
     5    0.025862    0.062106    0.261988   59.598282 v _22258_/X (sky130_fd_sc_hd__o311a_4)
                                                         _12584_ (net)
                      0.062144    0.000782   59.599060 v _22310_/A1 (sky130_fd_sc_hd__o211a_1)
     1    0.004296    0.033010    0.153712   59.752773 v _22310_/X (sky130_fd_sc_hd__o211a_1)
                                                         _12641_ (net)
                      0.033010    0.000071   59.752846 v fanout289/A (sky130_fd_sc_hd__clkbuf_2)
     5    0.027077    0.073997    0.114603   59.867447 v fanout289/X (sky130_fd_sc_hd__clkbuf_2)
                                                         net289 (net)
                      0.073997    0.000149   59.867596 v fanout288/A (sky130_fd_sc_hd__clkbuf_4)
    10    0.046151    0.071707    0.152376   60.019974 v fanout288/X (sky130_fd_sc_hd__clkbuf_4)
                                                         net288 (net)
                      0.071709    0.000533   60.020504 v _22432_/A (sky130_fd_sc_hd__nand2_1)
     2    0.011077    0.084802    0.092690   60.113197 ^ _22432_/Y (sky130_fd_sc_hd__nand2_1)
                                                         _12776_ (net)
                      0.084802    0.000099   60.113297 ^ fanout285/A (sky130_fd_sc_hd__clkbuf_2)
     5    0.024624    0.106296    0.133120   60.246414 ^ fanout285/X (sky130_fd_sc_hd__clkbuf_2)
                                                         net285 (net)
                      0.106296    0.000398   60.246815 ^ _22503_/S (sky130_fd_sc_hd__mux2_2)
     5    0.022748    0.071527    0.249692   60.496506 v _22503_/X (sky130_fd_sc_hd__mux2_2)
                                                         _12854_ (net)
                      0.071536    0.000846   60.497353 v _22505_/B1 (sky130_fd_sc_hd__o221ai_2)
     3    0.008954    0.135321    0.142990   60.640339 ^ _22505_/Y (sky130_fd_sc_hd__o221ai_2)
                                                         _12856_ (net)
                      0.135321    0.000178   60.640518 ^ _22543_/C_N (sky130_fd_sc_hd__or4bb_4)
     3    0.007810    0.062879    0.329877   60.970394 v _22543_/X (sky130_fd_sc_hd__or4bb_4)
                                                         _12898_ (net)
                      0.062879    0.000071   60.970467 v _22547_/A1 (sky130_fd_sc_hd__a21o_1)
     4    0.016885    0.063532    0.146613   61.117081 v _22547_/X (sky130_fd_sc_hd__a21o_1)
                                                         _12902_ (net)
                      0.063534    0.000419   61.117500 v _22582_/A2 (sky130_fd_sc_hd__a211o_4)
     5    0.029077    0.060682    0.248427   61.365925 v _22582_/X (sky130_fd_sc_hd__a211o_4)
                                                         _12941_ (net)
                      0.060729    0.001492   61.367416 v _22643_/A2 (sky130_fd_sc_hd__o221a_4)
     1    0.011063    0.038191    0.171006   61.538425 v _22643_/X (sky130_fd_sc_hd__o221a_4)
                                                         _13008_ (net)
                      0.038210    0.000306   61.538731 v fanout281/A (sky130_fd_sc_hd__buf_8)
     8    0.044698    0.035790    0.096250   61.634979 v fanout281/X (sky130_fd_sc_hd__buf_8)
                                                         net281 (net)
                      0.036177    0.002998   61.637978 v fanout280/A (sky130_fd_sc_hd__buf_8)
     5    0.022151    0.023922    0.084526   61.722504 v fanout280/X (sky130_fd_sc_hd__buf_8)
                                                         net280 (net)
                      0.023933    0.000462   61.722965 v _22851_/B1 (sky130_fd_sc_hd__a2bb2o_4)
     3    0.009289    0.030179    0.137689   61.860657 v _22851_/X (sky130_fd_sc_hd__a2bb2o_4)
                                                         _13237_ (net)
                      0.030179    0.000107   61.860764 v _22853_/B (sky130_fd_sc_hd__and3_4)
     5    0.013908    0.033848    0.116714   61.977474 v _22853_/X (sky130_fd_sc_hd__and3_4)
                                                         _13239_ (net)
                      0.033848    0.000064   61.977539 v _22865_/A (sky130_fd_sc_hd__or4_4)
     1    0.002924    0.055498    0.311140   62.288677 v _22865_/X (sky130_fd_sc_hd__or4_4)
                                                         _13252_ (net)
                      0.055498    0.000028   62.288708 v _22866_/C1 (sky130_fd_sc_hd__a2111o_1)
     3    0.008800    0.062952    0.188514   62.477222 v _22866_/X (sky130_fd_sc_hd__a2111o_1)
                                                         _13253_ (net)
                      0.062952    0.000156   62.477379 v _22870_/C (sky130_fd_sc_hd__and3_1)
     4    0.013162    0.056690    0.156184   62.633564 v _22870_/X (sky130_fd_sc_hd__and3_1)
                                                         _13257_ (net)
                      0.056691    0.000313   62.633877 v _22897_/C (sky130_fd_sc_hd__or3_4)
     3    0.011012    0.053071    0.211820   62.845695 v _22897_/X (sky130_fd_sc_hd__or3_4)
                                                         _13287_ (net)
                      0.053071    0.000227   62.845921 v _22929_/A2 (sky130_fd_sc_hd__a21o_1)
     4    0.015594    0.059852    0.156028   63.001949 v _22929_/X (sky130_fd_sc_hd__a21o_1)
                                                         _13322_ (net)
                      0.059852    0.000291   63.002243 v _22958_/A2 (sky130_fd_sc_hd__a21oi_2)
     2    0.013505    0.136164    0.152639   63.154881 ^ _22958_/Y (sky130_fd_sc_hd__a21oi_2)
                                                         _13354_ (net)
                      0.136164    0.000334   63.155216 ^ fanout271/A (sky130_fd_sc_hd__buf_6)
     6    0.043604    0.071261    0.111079   63.266293 ^ fanout271/X (sky130_fd_sc_hd__buf_6)
                                                         net271 (net)
                      0.071325    0.001727   63.268021 ^ _23358_/B (sky130_fd_sc_hd__or4b_4)
     5    0.025209    0.063732    0.117829   63.385849 ^ _23358_/X (sky130_fd_sc_hd__or4b_4)
                                                         _13794_ (net)
                      0.063774    0.001492   63.387341 ^ rebuffer147/A (sky130_fd_sc_hd__buf_6)
     1    0.009913    0.024721    0.066834   63.454174 ^ rebuffer147/X (sky130_fd_sc_hd__buf_6)
                                                         net1080 (net)
                      0.024721    0.000114   63.454288 ^ _23362_/C (sky130_fd_sc_hd__nor4_4)
     2    0.006902    0.050878    0.024549   63.478840 v _23362_/Y (sky130_fd_sc_hd__nor4_4)
                                                         _13799_ (net)
                      0.050878    0.000064   63.478901 v wire258/A (sky130_fd_sc_hd__clkbuf_1)
     3    0.006706    0.032439    0.077279   63.556179 v wire258/X (sky130_fd_sc_hd__clkbuf_1)
                                                         net258 (net)
                      0.032439    0.000057   63.556236 v _23364_/A (sky130_fd_sc_hd__and3_1)
     3    0.007746    0.041842    0.104230   63.660465 v _23364_/X (sky130_fd_sc_hd__and3_1)
                                                         _13801_ (net)
                      0.041842    0.000036   63.660503 v _23386_/B (sky130_fd_sc_hd__or4b_4)
     2    0.006121    0.060584    0.310259   63.970760 v _23386_/X (sky130_fd_sc_hd__or4b_4)
                                                         _13825_ (net)
                      0.060585    0.000071   63.970833 v _23387_/A (sky130_fd_sc_hd__or3_4)
     3    0.008389    0.050205    0.245443   64.216278 v _23387_/X (sky130_fd_sc_hd__or3_4)
                                                         _13826_ (net)
                      0.050205    0.000071   64.216347 v _23388_/A (sky130_fd_sc_hd__or3_4)
     3    0.010513    0.052510    0.245834   64.462181 v _23388_/X (sky130_fd_sc_hd__or3_4)
                                                         _13827_ (net)
                      0.052510    0.000128   64.462311 v _23395_/D (sky130_fd_sc_hd__or4_4)
     2    0.022157    0.080269    0.280458   64.742767 v _23395_/X (sky130_fd_sc_hd__or4_4)
                                                         _13835_ (net)
                      0.080269    0.001243   64.744011 v _23396_/B1 (sky130_fd_sc_hd__a311o_4)
     4    0.027035    0.067310    0.195399   64.939407 v _23396_/X (sky130_fd_sc_hd__a311o_4)
                                                         _13836_ (net)
                      0.067313    0.000561   64.939972 v fanout256/A (sky130_fd_sc_hd__buf_8)
     8    0.030347    0.027727    0.102247   65.042213 v fanout256/X (sky130_fd_sc_hd__buf_8)
                                                         net256 (net)
                      0.027738    0.000526   65.042740 v _23597_/S (sky130_fd_sc_hd__mux2_4)
     4    0.028997    0.064813    0.222187   65.264931 v _23597_/X (sky130_fd_sc_hd__mux2_4)
                                                         _14057_ (net)
                      0.064813    0.000185   65.265114 v _23599_/B (sky130_fd_sc_hd__or2_4)
     3    0.010904    0.039349    0.158870   65.423981 v _23599_/X (sky130_fd_sc_hd__or2_4)
                                                         _14059_ (net)
                      0.039349    0.000057   65.424042 v _23608_/B (sky130_fd_sc_hd__or4b_4)
     1    0.002758    0.055453    0.300382   65.724426 v _23608_/X (sky130_fd_sc_hd__or4b_4)
                                                         _14069_ (net)
                      0.055453    0.000021   65.724442 v _23609_/C (sky130_fd_sc_hd__or4_4)
     6    0.017237    0.073833    0.314991   66.039436 v _23609_/X (sky130_fd_sc_hd__or4_4)
                                                         _14070_ (net)
                      0.073833    0.000220   66.039658 v _23723_/C (sky130_fd_sc_hd__or4b_4)
     2    0.005803    0.060133    0.298790   66.338448 v _23723_/X (sky130_fd_sc_hd__or4b_4)
                                                         _14196_ (net)
                      0.060133    0.000071   66.338516 v _23725_/B (sky130_fd_sc_hd__or3_4)
     2    0.012542    0.054718    0.240689   66.579208 v _23725_/X (sky130_fd_sc_hd__or3_4)
                                                         _14198_ (net)
                      0.054718    0.000206   66.579414 v fanout249/A (sky130_fd_sc_hd__buf_8)
     5    0.033392    0.029537    0.097984   66.677399 v fanout249/X (sky130_fd_sc_hd__buf_8)
                                                         net249 (net)
                      0.029537    0.000057   66.677452 v fanout248/A (sky130_fd_sc_hd__clkbuf_4)
    10    0.046510    0.071764    0.134996   66.812447 v fanout248/X (sky130_fd_sc_hd__clkbuf_4)
                                                         net248 (net)
                      0.071782    0.001080   66.813530 v _23926_/S (sky130_fd_sc_hd__mux2_1)
     4    0.012737    0.073956    0.233250   67.046776 v _23926_/X (sky130_fd_sc_hd__mux2_1)
                                                         _14419_ (net)
                      0.073956    0.000249   67.047028 v _23979_/B1 (sky130_fd_sc_hd__o22ai_1)
     2    0.006103    0.124368    0.127294   67.174324 ^ _23979_/Y (sky130_fd_sc_hd__o22ai_1)
                                                         _14477_ (net)
                      0.124368    0.000050   67.174370 ^ _23980_/B (sky130_fd_sc_hd__nand2b_1)
     1    0.009916    0.060923    0.072362   67.246735 v _23980_/Y (sky130_fd_sc_hd__nand2b_1)
                                                         _14478_ (net)
                      0.060923    0.000142   67.246872 v _23982_/A1 (sky130_fd_sc_hd__o311ai_4)
     3    0.018359    0.243944    0.263974   67.510849 ^ _23982_/Y (sky130_fd_sc_hd__o311ai_4)
                                                         _14481_ (net)
                      0.243944    0.000412   67.511261 ^ _23983_/D_N (sky130_fd_sc_hd__or4b_1)
     1    0.002942    0.053501    0.244071   67.755333 v _23983_/X (sky130_fd_sc_hd__or4b_1)
                                                         _14482_ (net)
                      0.053501    0.000028   67.755363 v _23990_/B (sky130_fd_sc_hd__nand3_1)
     2    0.005999    0.069172    0.078650   67.834007 ^ _23990_/Y (sky130_fd_sc_hd__nand3_1)
                                                         _14489_ (net)
                      0.069172    0.000050   67.834061 ^ _23992_/C1 (sky130_fd_sc_hd__a211o_1)
     1    0.004497    0.039073    0.067054   67.901115 ^ _23992_/X (sky130_fd_sc_hd__a211o_1)
                                                         _14492_ (net)
                      0.039073    0.000057   67.901169 ^ fanout244/A (sky130_fd_sc_hd__clkbuf_2)
     5    0.026537    0.113897    0.127180   68.028351 ^ fanout244/X (sky130_fd_sc_hd__clkbuf_2)
                                                         net244 (net)
                      0.113903    0.000696   68.029045 ^ fanout242/A (sky130_fd_sc_hd__buf_2)
     5    0.031185    0.117275    0.150322   68.179367 ^ fanout242/X (sky130_fd_sc_hd__buf_2)
                                                         net242 (net)
                      0.117276    0.000675   68.180046 ^ fanout241/A (sky130_fd_sc_hd__buf_6)
    10    0.048052    0.077273    0.114113   68.294159 ^ fanout241/X (sky130_fd_sc_hd__buf_6)
                                                         net241 (net)
                      0.077341    0.001847   68.296005 ^ _24023_/S (sky130_fd_sc_hd__mux2_1)
     4    0.020053    0.097584    0.252577   68.548584 v _24023_/X (sky130_fd_sc_hd__mux2_1)
                                                         _14526_ (net)
                      0.097589    0.000789   68.549370 v _24026_/B (sky130_fd_sc_hd__xnor2_1)
     3    0.011758    0.206762    0.204231   68.753601 ^ _24026_/Y (sky130_fd_sc_hd__xnor2_1)
                                                         _14529_ (net)
                      0.206762    0.000171   68.753769 ^ _24035_/B (sky130_fd_sc_hd__nand4_1)
     1    0.007876    0.087932    0.091816   68.845589 v _24035_/Y (sky130_fd_sc_hd__nand4_1)
                                                         _14539_ (net)
                      0.087933    0.000256   68.845848 v _24036_/B1 (sky130_fd_sc_hd__a211o_1)
     4    0.014629    0.069720    0.180840   69.026688 v _24036_/X (sky130_fd_sc_hd__a211o_1)
                                                         _14540_ (net)
                      0.069720    0.000163   69.026848 v _24092_/A1 (sky130_fd_sc_hd__a2111o_1)
     3    0.014382    0.079273    0.272472   69.299324 v _24092_/X (sky130_fd_sc_hd__a2111o_1)
                                                         _14602_ (net)
                      0.079274    0.000433   69.299751 v _24124_/A1 (sky130_fd_sc_hd__a31o_4)
     5    0.023394    0.044430    0.177202   69.476959 v _24124_/X (sky130_fd_sc_hd__a31o_4)
                                                         _14637_ (net)
                      0.044442    0.000661   69.477615 v _24158_/A1 (sky130_fd_sc_hd__a21oi_4)
     3    0.019254    0.134517    0.132474   69.610092 ^ _24158_/Y (sky130_fd_sc_hd__a21oi_4)
                                                         _14674_ (net)
                      0.134517    0.000156   69.610245 ^ fanout239/A (sky130_fd_sc_hd__buf_4)
    10    0.032838    0.074403    0.126278   69.736526 ^ fanout239/X (sky130_fd_sc_hd__buf_4)
                                                         net239 (net)
                      0.074411    0.000853   69.737373 ^ _24242_/A (sky130_fd_sc_hd__nor2_1)
     2    0.012987    0.073762    0.058783   69.796158 v _24242_/Y (sky130_fd_sc_hd__nor2_1)
                                                         _14767_ (net)
                      0.073763    0.000171   69.796333 v fanout237/A (sky130_fd_sc_hd__clkbuf_4)
    10    0.049805    0.075973    0.156845   69.953178 v fanout237/X (sky130_fd_sc_hd__clkbuf_4)
                                                         net237 (net)
                      0.076000    0.001378   69.954552 v _24250_/A2 (sky130_fd_sc_hd__a21oi_2)
     4    0.011784    0.123519    0.149299   70.103851 ^ _24250_/Y (sky130_fd_sc_hd__a21oi_2)
                                                         _14775_ (net)
                      0.123519    0.000114   70.103966 ^ _24252_/C_N (sky130_fd_sc_hd__or3b_4)
     2    0.008642    0.052191    0.241691   70.345657 v _24252_/X (sky130_fd_sc_hd__or3b_4)
                                                         _14778_ (net)
                      0.052191    0.000213   70.345871 v _24274_/B (sky130_fd_sc_hd__or4_4)
     3    0.011975    0.067524    0.324164   70.670036 v _24274_/X (sky130_fd_sc_hd__or4_4)
                                                         _14802_ (net)
                      0.067524    0.000277   70.670311 v _24301_/A2 (sky130_fd_sc_hd__a21o_1)
     4    0.012878    0.052181    0.154373   70.824684 v _24301_/X (sky130_fd_sc_hd__a21o_1)
                                                         _14832_ (net)
                      0.052181    0.000078   70.824760 v _24365_/A2 (sky130_fd_sc_hd__a2111o_4)
     6    0.031593    0.077140    0.350653   71.175415 v _24365_/X (sky130_fd_sc_hd__a2111o_4)
                                                         _14902_ (net)
                      0.077144    0.000604   71.176018 v _24442_/A1 (sky130_fd_sc_hd__a21oi_4)
     9    0.042202    0.239880    0.224802   71.400818 ^ _24442_/Y (sky130_fd_sc_hd__a21oi_4)
                                                         _14987_ (net)
                      0.239884    0.000753   71.401573 ^ _24503_/B (sky130_fd_sc_hd__or3_1)
     3    0.012983    0.094827    0.136630   71.538208 ^ _24503_/X (sky130_fd_sc_hd__or3_1)
                                                         _15054_ (net)
                      0.094827    0.000362   71.538567 ^ _24507_/A1 (sky130_fd_sc_hd__a21oi_1)
     4    0.012332    0.070203    0.077321   71.615891 v _24507_/Y (sky130_fd_sc_hd__a21oi_1)
                                                         _15058_ (net)
                      0.070203    0.000149   71.616035 v _24517_/A (sky130_fd_sc_hd__or4_4)
     2    0.007531    0.062147    0.334559   71.950600 v _24517_/X (sky130_fd_sc_hd__or4_4)
                                                         _15069_ (net)
                      0.062147    0.000078   71.950676 v _24529_/A1 (sky130_fd_sc_hd__o32a_4)
     3    0.011325    0.045887    0.244064   72.194740 v _24529_/X (sky130_fd_sc_hd__o32a_4)
                                                         _15082_ (net)
                      0.045887    0.000263   72.195000 v _24555_/A2 (sky130_fd_sc_hd__a2111o_1)
     3    0.010090    0.067136    0.281531   72.476532 v _24555_/X (sky130_fd_sc_hd__a2111o_1)
                                                         _15111_ (net)
                      0.067136    0.000036   72.476570 v _24586_/A1 (sky130_fd_sc_hd__a21o_1)
     3    0.012781    0.051968    0.138229   72.614799 v _24586_/X (sky130_fd_sc_hd__a21o_1)
                                                         _00264_ (net)
                      0.051969    0.000313   72.615112 v _24621_/A1 (sky130_fd_sc_hd__a21bo_1)
     5    0.018882    0.070704    0.155566   72.770676 v _24621_/X (sky130_fd_sc_hd__a21bo_1)
                                                         _00303_ (net)
                      0.070706    0.000476   72.771156 v _24726_/A1 (sky130_fd_sc_hd__a21oi_1)
     2    0.010685    0.183121    0.172960   72.944115 ^ _24726_/Y (sky130_fd_sc_hd__a21oi_1)
                                                         _00418_ (net)
                      0.183122    0.000334   72.944450 ^ fanout227/A (sky130_fd_sc_hd__buf_2)
    10    0.036258    0.135424    0.170807   73.115257 ^ fanout227/X (sky130_fd_sc_hd__buf_2)
                                                         net227 (net)
                      0.135471    0.000497   73.115753 ^ _24811_/B (sky130_fd_sc_hd__or3_4)
     4    0.012233    0.039529    0.108557   73.224312 ^ _24811_/X (sky130_fd_sc_hd__or3_4)
                                                         _00512_ (net)
                      0.039529    0.000135   73.224442 ^ rebuffer108/A (sky130_fd_sc_hd__buf_1)
     1    0.002642    0.031005    0.052538   73.276978 ^ rebuffer108/X (sky130_fd_sc_hd__buf_1)
                                                         net1041 (net)
                      0.031005    0.000021   73.277000 ^ _24815_/A1 (sky130_fd_sc_hd__a21oi_1)
     3    0.008802    0.058926    0.051152   73.328156 v _24815_/Y (sky130_fd_sc_hd__a21oi_1)
                                                         _00516_ (net)
                      0.058926    0.000064   73.328217 v _24826_/A (sky130_fd_sc_hd__or4_4)
     1    0.004088    0.057260    0.322565   73.650787 v _24826_/X (sky130_fd_sc_hd__or4_4)
                                                         _00528_ (net)
                      0.057260    0.000057   73.650841 v _24827_/A (sky130_fd_sc_hd__or4_4)
     3    0.009289    0.064246    0.333934   73.984772 v _24827_/X (sky130_fd_sc_hd__or4_4)
                                                         _00529_ (net)
                      0.064246    0.000121   73.984894 v _24859_/B (sky130_fd_sc_hd__or3_4)
     2    0.011708    0.053795    0.240675   74.225571 v _24859_/X (sky130_fd_sc_hd__or3_4)
                                                         _00564_ (net)
                      0.053795    0.000064   74.225632 v _24956_/A3 (sky130_fd_sc_hd__o31ai_4)
     3    0.014885    0.194328    0.173806   74.399437 ^ _24956_/Y (sky130_fd_sc_hd__o31ai_4)
                                                         _00671_ (net)
                      0.194328    0.000284   74.399727 ^ max_cap213/A (sky130_fd_sc_hd__buf_6)
     5    0.027112    0.049350    0.097238   74.496964 ^ max_cap213/X (sky130_fd_sc_hd__buf_6)
                                                         net213 (net)
                      0.049350    0.000234   74.497200 ^ _25231_/A2 (sky130_fd_sc_hd__a211o_1)
     1    0.006599    0.051520    0.090921   74.588120 ^ _25231_/X (sky130_fd_sc_hd__a211o_1)
                                                         _00973_ (net)
                      0.051520    0.000099   74.588219 ^ fanout212/A (sky130_fd_sc_hd__buf_6)
     7    0.047274    0.075742    0.103128   74.691345 ^ fanout212/X (sky130_fd_sc_hd__buf_6)
                                                         net212 (net)
                      0.075802    0.001734   74.693077 ^ clone23/A (sky130_fd_sc_hd__dlymetal6s2s_1)
     5    0.037896    0.291034    0.248541   74.941620 ^ clone23/X (sky130_fd_sc_hd__dlymetal6s2s_1)
                                                         net956 (net)
                      0.291040    0.001073   74.942696 ^ _25239_/S (sky130_fd_sc_hd__mux2_2)
     3    0.019748    0.066213    0.250608   75.193298 v _25239_/X (sky130_fd_sc_hd__mux2_2)
                                                         _00981_ (net)
                      0.066238    0.001215   75.194519 v _25240_/B (sky130_fd_sc_hd__nor2_1)
     2    0.005457    0.088515    0.090878   75.285393 ^ _25240_/Y (sky130_fd_sc_hd__nor2_1)
                                                         _00982_ (net)
                      0.088515    0.000021   75.285416 ^ _25253_/B1 (sky130_fd_sc_hd__a31o_1)
     2    0.008538    0.068313    0.086416   75.371834 ^ _25253_/X (sky130_fd_sc_hd__a31o_1)
                                                         _00997_ (net)
                      0.068313    0.000107   75.371941 ^ _25254_/A2 (sky130_fd_sc_hd__a21o_1)
     5    0.024252    0.161278    0.168662   75.540604 ^ _25254_/X (sky130_fd_sc_hd__a21o_1)
                                                         _00998_ (net)
                      0.161280    0.000497   75.541100 ^ _25317_/A1 (sky130_fd_sc_hd__a221o_2)
     5    0.028674    0.115524    0.173578   75.714676 ^ _25317_/X (sky130_fd_sc_hd__a221o_2)
                                                         _01067_ (net)
                      0.115525    0.000647   75.715324 ^ _25382_/A (sky130_fd_sc_hd__nand3_4)
     6    0.029516    0.084503    0.083723   75.799049 v _25382_/Y (sky130_fd_sc_hd__nand3_4)
                                                         _01139_ (net)
                      0.084507    0.000469   75.799515 v _25449_/A1 (sky130_fd_sc_hd__a21o_4)
     8    0.034370    0.050421    0.175156   75.974670 v _25449_/X (sky130_fd_sc_hd__a21o_4)
                                                         _01212_ (net)
                      0.050463    0.001315   75.975983 v _25492_/A (sky130_fd_sc_hd__nand2_4)
     1    0.008266    0.036307    0.046882   76.022865 ^ _25492_/Y (sky130_fd_sc_hd__nand2_4)
                                                         _01260_ (net)
                      0.036308    0.000092   76.022957 ^ fanout208/A (sky130_fd_sc_hd__buf_8)
     8    0.057679    0.075717    0.099242   76.122200 ^ fanout208/X (sky130_fd_sc_hd__buf_8)
                                                         net208 (net)
                      0.075721    0.000455   76.122658 ^ fanout206/A (sky130_fd_sc_hd__buf_8)
    10    0.053453    0.070903    0.104826   76.227478 ^ fanout206/X (sky130_fd_sc_hd__buf_8)
                                                         net206 (net)
                      0.070903    0.000263   76.227745 ^ _25612_/S (sky130_fd_sc_hd__mux2_4)
     5    0.017792    0.053577    0.208523   76.436264 v _25612_/X (sky130_fd_sc_hd__mux2_4)
                                                         _01391_ (net)
                      0.053579    0.000419   76.436684 v _25618_/B1 (sky130_fd_sc_hd__a2bb2o_1)
     2    0.005796    0.045276    0.184478   76.621162 v _25618_/X (sky130_fd_sc_hd__a2bb2o_1)
                                                         _01397_ (net)
                      0.045276    0.000036   76.621201 v _25620_/A4 (sky130_fd_sc_hd__a41o_1)
     2    0.005931    0.038897    0.168264   76.789467 v _25620_/X (sky130_fd_sc_hd__a41o_1)
                                                         _01399_ (net)
                      0.038897    0.000050   76.789513 v _25625_/A2 (sky130_fd_sc_hd__a21o_1)
     1    0.004776    0.029769    0.119726   76.909241 v _25625_/X (sky130_fd_sc_hd__a21o_1)
                                                         _01405_ (net)
                      0.029769    0.000043   76.909286 v _25626_/B1 (sky130_fd_sc_hd__a31o_4)
     6    0.030724    0.050402    0.103590   77.012871 v _25626_/X (sky130_fd_sc_hd__a31o_4)
                                                         _01406_ (net)
                      0.050446    0.001322   77.014198 v _25657_/A2 (sky130_fd_sc_hd__a21o_1)
     3    0.015779    0.060378    0.155502   77.169701 v _25657_/X (sky130_fd_sc_hd__a21o_1)
                                                         _01440_ (net)
                      0.060378    0.000185   77.169884 v _25804_/A2 (sky130_fd_sc_hd__a31o_1)
     1    0.004613    0.032963    0.145519   77.315399 v _25804_/X (sky130_fd_sc_hd__a31o_1)
                                                         _01602_ (net)
                      0.032963    0.000021   77.315422 v fanout205/A (sky130_fd_sc_hd__buf_6)
     6    0.040193    0.035226    0.094524   77.409943 v fanout205/X (sky130_fd_sc_hd__buf_6)
                                                         net205 (net)
                      0.035241    0.000675   77.410622 v fanout203/A (sky130_fd_sc_hd__buf_8)
     5    0.029805    0.027544    0.088008   77.498627 v fanout203/X (sky130_fd_sc_hd__buf_8)
                                                         net203 (net)
                      0.027593    0.001016   77.499641 v fanout202/A (sky130_fd_sc_hd__buf_8)
     5    0.031526    0.028362    0.085720   77.585365 v fanout202/X (sky130_fd_sc_hd__buf_8)
                                                         net202 (net)
                      0.028362    0.000142   77.585503 v _25852_/S (sky130_fd_sc_hd__mux2_4)
     5    0.020631    0.056641    0.213177   77.798683 v _25852_/X (sky130_fd_sc_hd__mux2_4)
                                                         _01655_ (net)
                      0.056642    0.000384   77.799065 v _25857_/B (sky130_fd_sc_hd__xnor2_1)
     2    0.007021    0.059003    0.100691   77.899757 v _25857_/Y (sky130_fd_sc_hd__xnor2_1)
                                                         _01660_ (net)
                      0.059003    0.000114   77.899872 v _25891_/A (sky130_fd_sc_hd__or4b_4)
     2    0.006954    0.061561    0.331106   78.230980 v _25891_/X (sky130_fd_sc_hd__or4b_4)
                                                         _01697_ (net)
                      0.061561    0.000121   78.231102 v _25894_/A2 (sky130_fd_sc_hd__a21o_1)
     1    0.004512    0.029168    0.127102   78.358200 v _25894_/X (sky130_fd_sc_hd__a21o_1)
                                                         _01700_ (net)
                      0.029168    0.000071   78.358269 v _25895_/A2 (sky130_fd_sc_hd__a21o_1)
     4    0.013498    0.053954    0.141945   78.500214 v _25895_/X (sky130_fd_sc_hd__a21o_1)
                                                         _01701_ (net)
                      0.053954    0.000142   78.500359 v _25948_/A1 (sky130_fd_sc_hd__a311o_1)
     2    0.012153    0.070316    0.201680   78.702042 v _25948_/X (sky130_fd_sc_hd__a311o_1)
                                                         _01759_ (net)
                      0.070319    0.000504   78.702545 v _26270_/A2 (sky130_fd_sc_hd__a21o_1)
     1    0.004910    0.030230    0.131401   78.833946 v _26270_/X (sky130_fd_sc_hd__a21o_1)
                                                         _02112_ (net)
                      0.030230    0.000043   78.833984 v fanout196/A (sky130_fd_sc_hd__buf_6)
     8    0.047471    0.039881    0.095540   78.929527 v fanout196/X (sky130_fd_sc_hd__buf_6)
                                                         net196 (net)
                      0.039890    0.000512   78.930038 v fanout195/A (sky130_fd_sc_hd__buf_8)
     7    0.035545    0.030760    0.092477   79.022514 v fanout195/X (sky130_fd_sc_hd__buf_8)
                                                         net195 (net)
                      0.030801    0.000291   79.022804 v _26371_/A (sky130_fd_sc_hd__nand2_1)
     1    0.007933    0.068484    0.061412   79.084221 ^ _26371_/Y (sky130_fd_sc_hd__nand2_1)
                                                         _02224_ (net)
                      0.068484    0.000163   79.084381 ^ fanout192/A (sky130_fd_sc_hd__buf_6)
    10    0.058265    0.091674    0.117254   79.201637 ^ fanout192/X (sky130_fd_sc_hd__buf_6)
                                                         net192 (net)
                      0.091710    0.001492   79.203125 ^ fanout191/A (sky130_fd_sc_hd__buf_4)
    10    0.055546    0.118504    0.149541   79.352669 ^ fanout191/X (sky130_fd_sc_hd__buf_4)
                                                         net191 (net)
                      0.118588    0.002601   79.355270 ^ _26494_/S (sky130_fd_sc_hd__mux2_2)
     5    0.020068    0.066727    0.246686   79.601959 v _26494_/X (sky130_fd_sc_hd__mux2_2)
                                                         _02358_ (net)
                      0.066731    0.000576   79.602531 v _26497_/B (sky130_fd_sc_hd__xnor2_1)
     3    0.009421    0.179630    0.167979   79.770508 ^ _26497_/Y (sky130_fd_sc_hd__xnor2_1)
                                                         _02361_ (net)
                      0.179630    0.000064   79.770576 ^ _26506_/D_N (sky130_fd_sc_hd__or4b_4)
     1    0.003273    0.056177    0.275492   80.046066 v _26506_/X (sky130_fd_sc_hd__or4b_4)
                                                         _02371_ (net)
                      0.056177    0.000036   80.046104 v _26710_/C (sky130_fd_sc_hd__or4_4)
     4    0.042500    0.100639    0.349949   80.396049 v _26710_/X (sky130_fd_sc_hd__or4_4)
                                                         _02594_ (net)
                      0.100733    0.002785   80.398834 v _26803_/A2 (sky130_fd_sc_hd__o311ai_4)
     3    0.016910    0.234860    0.256939   80.655777 ^ _26803_/Y (sky130_fd_sc_hd__o311ai_4)
                                                         _02697_ (net)
                      0.234860    0.000163   80.655937 ^ _26805_/C1 (sky130_fd_sc_hd__a2111o_1)
     1    0.005397    0.046402    0.082743   80.738686 ^ _26805_/X (sky130_fd_sc_hd__a2111o_1)
                                                         _02699_ (net)
                      0.046402    0.000050   80.738731 ^ fanout186/A (sky130_fd_sc_hd__buf_6)
     6    0.043476    0.070544    0.098375   80.837105 ^ fanout186/X (sky130_fd_sc_hd__buf_6)
                                                         net186 (net)
                      0.070575    0.001201   80.838310 ^ fanout184/A (sky130_fd_sc_hd__buf_8)
     8    0.045990    0.062767    0.097202   80.935509 ^ fanout184/X (sky130_fd_sc_hd__buf_8)
                                                         net184 (net)
                      0.062827    0.001577   80.937088 ^ clone59/A (sky130_fd_sc_hd__clkbuf_2)
     5    0.024535    0.105781    0.128139   81.065224 ^ clone59/X (sky130_fd_sc_hd__clkbuf_2)
                                                         net992 (net)
                      0.105781    0.000213   81.065437 ^ _26887_/S (sky130_fd_sc_hd__mux2_1)
     3    0.012097    0.072060    0.230870   81.296310 v _26887_/X (sky130_fd_sc_hd__mux2_1)
                                                         _02788_ (net)
                      0.072060    0.000291   81.296600 v _26889_/B (sky130_fd_sc_hd__xnor2_1)
     2    0.008764    0.164363    0.163148   81.459747 ^ _26889_/Y (sky130_fd_sc_hd__xnor2_1)
                                                         _02790_ (net)
                      0.164363    0.000099   81.459846 ^ _26890_/A (sky130_fd_sc_hd__inv_2)
     3    0.018844    0.057670    0.052019   81.511864 v _26890_/Y (sky130_fd_sc_hd__inv_2)
                                                         _02791_ (net)
                      0.057671    0.000206   81.512070 v _26907_/A2 (sky130_fd_sc_hd__a311oi_4)
     5    0.017708    0.250096    0.250189   81.762260 ^ _26907_/Y (sky130_fd_sc_hd__a311oi_4)
                                                         _02810_ (net)
                      0.250097    0.000405   81.762665 ^ _26908_/C (sky130_fd_sc_hd__nor3_2)
     4    0.019364    0.082113    0.065626   81.828293 v _26908_/Y (sky130_fd_sc_hd__nor3_2)
                                                         _02811_ (net)
                      0.082114    0.000163   81.828453 v _26968_/A2 (sky130_fd_sc_hd__o311a_1)
     2    0.012043    0.066279    0.252612   82.081070 v _26968_/X (sky130_fd_sc_hd__o311a_1)
                                                         _02877_ (net)
                      0.066280    0.000355   82.081421 v fanout176/A (sky130_fd_sc_hd__buf_4)
     9    0.038455    0.046278    0.128438   82.209862 v fanout176/X (sky130_fd_sc_hd__buf_4)
                                                         net176 (net)
                      0.046310    0.001172   82.211037 v _27430_/C (sky130_fd_sc_hd__or4b_4)
     4    0.012699    0.068381    0.304240   82.515274 v _27430_/X (sky130_fd_sc_hd__or4b_4)
                                                         _03381_ (net)
                      0.068381    0.000099   82.515373 v _27456_/A (sky130_fd_sc_hd__or3_4)
     2    0.006581    0.048258    0.244754   82.760124 v _27456_/X (sky130_fd_sc_hd__or3_4)
                                                         _03410_ (net)
                      0.048258    0.000064   82.760193 v _27462_/C (sky130_fd_sc_hd__or4_4)
     1    0.009125    0.064079    0.296033   83.056221 v _27462_/X (sky130_fd_sc_hd__or4_4)
                                                         _03417_ (net)
                      0.064079    0.000099   83.056320 v _27463_/A1 (sky130_fd_sc_hd__a21oi_4)
     3    0.015364    0.116995    0.125787   83.182114 ^ _27463_/Y (sky130_fd_sc_hd__a21oi_4)
                                                         _03418_ (net)
                      0.116996    0.000306   83.182419 ^ _27465_/D_N (sky130_fd_sc_hd__nor4b_4)
     2    0.006012    0.148897    0.145647   83.328064 ^ _27465_/Y (sky130_fd_sc_hd__nor4b_4)
                                                         _03420_ (net)
                      0.148897    0.000071   83.328133 ^ max_cap154/A (sky130_fd_sc_hd__clkbuf_1)
     2    0.004688    0.048607    0.071807   83.399940 ^ max_cap154/X (sky130_fd_sc_hd__clkbuf_1)
                                                         net154 (net)
                      0.048607    0.000028   83.399971 ^ max_cap153/A (sky130_fd_sc_hd__clkbuf_1)
     2    0.005461    0.054307    0.070976   83.470947 ^ max_cap153/X (sky130_fd_sc_hd__clkbuf_1)
                                                         net153 (net)
                      0.054307    0.000071   83.471016 ^ _27509_/D_N (sky130_fd_sc_hd__or4b_4)
     1    0.004920    0.058617    0.269623   83.740639 v _27509_/X (sky130_fd_sc_hd__or4b_4)
                                                         _03467_ (net)
                      0.058617    0.000043   83.740685 v _27510_/B1 (sky130_fd_sc_hd__a211o_4)
     7    0.037164    0.068594    0.195541   83.936226 v _27510_/X (sky130_fd_sc_hd__a211o_4)
                                                         _03468_ (net)
                      0.068737    0.002757   83.938980 v _27512_/B (sky130_fd_sc_hd__or3_4)
     5    0.031126    0.073025    0.269843   84.208824 v _27512_/X (sky130_fd_sc_hd__or3_4)
                                                         _03471_ (net)
                      0.073025    0.000107   84.208931 v fanout150/A (sky130_fd_sc_hd__buf_8)
     5    0.028950    0.027126    0.103761   84.312691 v fanout150/X (sky130_fd_sc_hd__buf_8)
                                                         net150 (net)
                      0.027174    0.001009   84.313698 v _27553_/S (sky130_fd_sc_hd__mux2_4)
     3    0.021626    0.057954    0.213930   84.527634 v _27553_/X (sky130_fd_sc_hd__mux2_4)
                                                         _03516_ (net)
                      0.057954    0.000242   84.527870 v _27555_/A (sky130_fd_sc_hd__xnor2_4)
     4    0.012726    0.121011    0.141242   84.669113 ^ _27555_/Y (sky130_fd_sc_hd__xnor2_4)
                                                         _03518_ (net)
                      0.121011    0.000092   84.669205 ^ _27557_/D_N (sky130_fd_sc_hd__or4b_4)
     2    0.008379    0.063308    0.285390   84.954597 v _27557_/X (sky130_fd_sc_hd__or4b_4)
                                                         _03520_ (net)
                      0.063308    0.000078   84.954674 v _27559_/C (sky130_fd_sc_hd__or4_4)
     3    0.011354    0.066733    0.305484   85.260155 v _27559_/X (sky130_fd_sc_hd__or4_4)
                                                         _03522_ (net)
                      0.066733    0.000149   85.260307 v _27771_/B (sky130_fd_sc_hd__or4_4)
     2    0.009302    0.064279    0.323439   85.583748 v _27771_/X (sky130_fd_sc_hd__or4_4)
                                                         _03754_ (net)
                      0.064279    0.000234   85.583977 v _27782_/D_N (sky130_fd_sc_hd__or4b_4)
     2    0.004527    0.025469    0.141114   85.725090 ^ _27782_/X (sky130_fd_sc_hd__or4b_4)
                                                         _03766_ (net)
                      0.025469    0.000028   85.725121 ^ rebuffer86/A (sky130_fd_sc_hd__buf_1)
     1    0.002418    0.029036    0.048402   85.773521 ^ rebuffer86/X (sky130_fd_sc_hd__buf_1)
                                                         net1019 (net)
                      0.029036    0.000007   85.773529 ^ rebuffer85/A (sky130_fd_sc_hd__clkbuf_1)
     1    0.005156    0.051729    0.065320   85.838852 ^ rebuffer85/X (sky130_fd_sc_hd__clkbuf_1)
                                                         net1018 (net)
                      0.051729    0.000021   85.838875 ^ rebuffer77/A (sky130_fd_sc_hd__buf_6)
     1    0.018747    0.036111    0.074657   85.913528 ^ rebuffer77/X (sky130_fd_sc_hd__buf_6)
                                                         net1010 (net)
                      0.036111    0.000185   85.913712 ^ _27783_/B (sky130_fd_sc_hd__nor2_8)
     3    0.015373    0.049153    0.021707   85.935425 v _27783_/Y (sky130_fd_sc_hd__nor2_8)
                                                         _03767_ (net)
                      0.049153    0.000178   85.935600 v rebuffer144/A (sky130_fd_sc_hd__buf_6)
     1    0.026212    0.027880    0.093834   86.029434 v rebuffer144/X (sky130_fd_sc_hd__buf_6)
                                                         net1077 (net)
                      0.028149    0.001627   86.031059 v fanout139/A (sky130_fd_sc_hd__buf_8)
     5    0.028265    0.026756    0.084277   86.115341 v fanout139/X (sky130_fd_sc_hd__buf_8)
                                                         net139 (net)
                      0.026776    0.000647   86.115982 v _27786_/B (sky130_fd_sc_hd__nand2_8)
     2    0.012544    0.036605    0.046278   86.162262 ^ _27786_/Y (sky130_fd_sc_hd__nand2_8)
                                                         _03770_ (net)
                      0.036605    0.000192   86.162453 ^ fanout135/A (sky130_fd_sc_hd__buf_4)
    10    0.066164    0.139578    0.151509   86.313965 ^ fanout135/X (sky130_fd_sc_hd__buf_4)
                                                         net135 (net)
                      0.139578    0.000156   86.314117 ^ _28127_/S (sky130_fd_sc_hd__mux2_2)
     4    0.019511    0.065756    0.246693   86.560814 v _28127_/X (sky130_fd_sc_hd__mux2_2)
                                                         _04143_ (net)
                      0.065758    0.000483   86.561295 v _28129_/B (sky130_fd_sc_hd__xnor2_2)
     5    0.013575    0.162903    0.153634   86.714928 ^ _28129_/Y (sky130_fd_sc_hd__xnor2_2)
                                                         _04145_ (net)
                      0.162903    0.000036   86.714966 ^ _28145_/B (sky130_fd_sc_hd__and4_1)
     3    0.014603    0.113487    0.185324   86.900291 ^ _28145_/X (sky130_fd_sc_hd__and4_1)
                                                         _04162_ (net)
                      0.113487    0.000441   86.900726 ^ _28146_/D_N (sky130_fd_sc_hd__nor4b_1)
     1    0.009971    0.348072    0.294754   87.195480 ^ _28146_/Y (sky130_fd_sc_hd__nor4b_1)
                                                         _04163_ (net)
                      0.348072    0.000313   87.195793 ^ wire128/A (sky130_fd_sc_hd__buf_1)
     3    0.013466    0.122469    0.118547   87.314346 ^ wire128/X (sky130_fd_sc_hd__buf_1)
                                                         net128 (net)
                      0.122470    0.000270   87.314613 ^ _28214_/C_N (sky130_fd_sc_hd__nor3b_4)
     4    0.038415    0.327479    0.305270   87.619881 ^ _28214_/Y (sky130_fd_sc_hd__nor3b_4)
                                                         _04238_ (net)
                      0.327479    0.000270   87.620155 ^ _28248_/A (sky130_fd_sc_hd__nor2_1)
     2    0.012725    0.099768    0.082110   87.702263 v _28248_/Y (sky130_fd_sc_hd__nor2_1)
                                                         _04275_ (net)
                      0.099768    0.000185   87.702446 v fanout123/A (sky130_fd_sc_hd__buf_4)
    10    0.066656    0.065829    0.164164   87.866615 v fanout123/X (sky130_fd_sc_hd__buf_4)
                                                         net123 (net)
                      0.065923    0.002203   87.868813 v fanout122/A (sky130_fd_sc_hd__clkbuf_2)
     5    0.022732    0.063522    0.120046   87.988861 v fanout122/X (sky130_fd_sc_hd__clkbuf_2)
                                                         net122 (net)
                      0.063523    0.000377   87.989235 v _28251_/B (sky130_fd_sc_hd__nand2_2)
     2    0.021581    0.094476    0.101686   88.090927 ^ _28251_/Y (sky130_fd_sc_hd__nand2_2)
                                                         _04279_ (net)
                      0.094476    0.000135   88.091057 ^ fanout118/A (sky130_fd_sc_hd__clkbuf_8)
    10    0.086575    0.118415    0.164391   88.255447 ^ fanout118/X (sky130_fd_sc_hd__clkbuf_8)
                                                         net118 (net)
                      0.118518    0.002885   88.258331 ^ _28880_/S (sky130_fd_sc_hd__mux2_1)
     4    0.014699    0.080076    0.239822   88.498154 v _28880_/X (sky130_fd_sc_hd__mux2_1)
                                                         _04965_ (net)
                      0.080077    0.000419   88.498573 v _28882_/B (sky130_fd_sc_hd__xnor2_1)
     4    0.010660    0.067297    0.122213   88.620789 v _28882_/Y (sky130_fd_sc_hd__xnor2_1)
                                                         _04968_ (net)
                      0.067297    0.000114   88.620903 v _29004_/A (sky130_fd_sc_hd__or3_4)
     2    0.014002    0.056317    0.257991   88.878891 v _29004_/X (sky130_fd_sc_hd__or3_4)
                                                         _05098_ (net)
                      0.056317    0.000441   88.879333 v _29005_/C (sky130_fd_sc_hd__or4_4)
     4    0.020234    0.078445    0.320512   89.199844 v _29005_/X (sky130_fd_sc_hd__or4_4)
                                                         _05099_ (net)
                      0.078445    0.000291   89.200134 v _29105_/A2 (sky130_fd_sc_hd__o31ai_4)
     4    0.020015    0.227387    0.238757   89.438896 ^ _29105_/Y (sky130_fd_sc_hd__o31ai_4)
                                                         _05199_ (net)
                      0.227387    0.000185   89.439079 ^ _29107_/C (sky130_fd_sc_hd__or4_4)
     3    0.023047    0.059805    0.135891   89.574974 ^ _29107_/X (sky130_fd_sc_hd__or4_4)
                                                         _05201_ (net)
                      0.059808    0.000483   89.575455 ^ rebuffer74/A (sky130_fd_sc_hd__buf_1)
     1    0.003175    0.035488    0.058897   89.634354 ^ rebuffer74/X (sky130_fd_sc_hd__buf_1)
                                                         net1007 (net)
                      0.035488    0.000036   89.634384 ^ rebuffer63/A (sky130_fd_sc_hd__buf_1)
     1    0.002729    0.031667    0.052260   89.686646 ^ rebuffer63/X (sky130_fd_sc_hd__buf_1)
                                                         net996 (net)
                      0.031667    0.000014   89.686661 ^ rebuffer30/A (sky130_fd_sc_hd__clkbuf_2)
     3    0.022743    0.098644    0.114170   89.800827 ^ rebuffer30/X (sky130_fd_sc_hd__clkbuf_2)
                                                         net963 (net)
                      0.098683    0.001585   89.802414 ^ fanout115/A (sky130_fd_sc_hd__clkbuf_4)
    10    0.045446    0.108151    0.161521   89.963936 ^ fanout115/X (sky130_fd_sc_hd__clkbuf_4)
                                                         net115 (net)
                      0.108151    0.000355   89.964294 ^ _29382_/S (sky130_fd_sc_hd__mux2_2)
     4    0.019338    0.065465    0.244192   90.208481 v _29382_/X (sky130_fd_sc_hd__mux2_2)
                                                         _05494_ (net)
                      0.065467    0.000448   90.208931 v _29384_/B (sky130_fd_sc_hd__xnor2_2)
     3    0.025624    0.264231    0.226841   90.435768 ^ _29384_/Y (sky130_fd_sc_hd__xnor2_2)
                                                         _05496_ (net)
                      0.264232    0.000455   90.436226 ^ _29403_/A (sky130_fd_sc_hd__nand4_4)
     3    0.013226    0.094715    0.077982   90.514206 v _29403_/Y (sky130_fd_sc_hd__nand4_4)
                                                         _05517_ (net)
                      0.094715    0.000256   90.514465 v _29405_/B (sky130_fd_sc_hd__or4_4)
     1    0.024008    0.081830    0.359641   90.874107 v _29405_/X (sky130_fd_sc_hd__or4_4)
                                                         _05519_ (net)
                      0.081830    0.000483   90.874588 v _29406_/C (sky130_fd_sc_hd__or4_4)
     2    0.029267    0.086660    0.340862   91.215446 v _29406_/X (sky130_fd_sc_hd__or4_4)
                                                         _05520_ (net)
                      0.086707    0.001840   91.217293 v _29471_/C (sky130_fd_sc_hd__and4_1)
     1    0.009208    0.047441    0.160860   91.378151 v _29471_/X (sky130_fd_sc_hd__and4_1)
                                                         _05592_ (net)
                      0.047441    0.000171   91.378319 v fanout114/A (sky130_fd_sc_hd__buf_8)
     6    0.065565    0.042956    0.108685   91.487007 v fanout114/X (sky130_fd_sc_hd__buf_8)
                                                         net114 (net)
                      0.043494    0.003652   91.490654 v fanout113/A (sky130_fd_sc_hd__buf_8)
     5    0.044012    0.035151    0.098595   91.589256 v fanout113/X (sky130_fd_sc_hd__buf_8)
                                                         net113 (net)
                      0.035295    0.001947   91.591202 v _29524_/A (sky130_fd_sc_hd__nand2_8)
     2    0.034237    0.060576    0.058989   91.650192 ^ _29524_/Y (sky130_fd_sc_hd__nand2_8)
                                                         _05650_ (net)
                      0.060595    0.000668   91.650856 ^ fanout108/A (sky130_fd_sc_hd__buf_8)
     6    0.050198    0.066921    0.098382   91.749237 ^ fanout108/X (sky130_fd_sc_hd__buf_8)
                                                         net108 (net)
                      0.066927    0.000526   91.749763 ^ clone65/A (sky130_fd_sc_hd__dlymetal6s2s_1)
     5    0.040791    0.311632    0.261295   92.011063 ^ clone65/X (sky130_fd_sc_hd__dlymetal6s2s_1)
                                                         net998 (net)
                      0.311642    0.001450   92.012512 ^ _29546_/S (sky130_fd_sc_hd__mux2_2)
     3    0.013627    0.055978    0.239233   92.251740 v _29546_/X (sky130_fd_sc_hd__mux2_2)
                                                         _05673_ (net)
                      0.055978    0.000249   92.251991 v _29548_/B (sky130_fd_sc_hd__xnor2_2)
     6    0.018722    0.082036    0.119556   92.371544 v _29548_/Y (sky130_fd_sc_hd__xnor2_2)
                                                         _05675_ (net)
                      0.082037    0.000256   92.371803 v _29549_/B (sky130_fd_sc_hd__or2_1)
     1    0.008849    0.052287    0.160924   92.532722 v _29549_/X (sky130_fd_sc_hd__or2_1)
                                                         _05676_ (net)
                      0.052287    0.000085   92.532814 v _29579_/C (sky130_fd_sc_hd__nor4_4)
     2    0.009639    0.179466    0.174694   92.707504 ^ _29579_/Y (sky130_fd_sc_hd__nor4_4)
                                                         _05708_ (net)
                      0.179466    0.000050   92.707558 ^ _29624_/A2 (sky130_fd_sc_hd__a221o_2)
     4    0.033685    0.134094    0.187931   92.895485 ^ _29624_/X (sky130_fd_sc_hd__a221o_2)
                                                         _05755_ (net)
                      0.134141    0.002053   92.897537 ^ _29726_/D_N (sky130_fd_sc_hd__or4b_4)
     1    0.002488    0.054940    0.271477   93.169014 v _29726_/X (sky130_fd_sc_hd__or4b_4)
                                                         _05861_ (net)
                      0.054940    0.000014   93.169029 v _29742_/B (sky130_fd_sc_hd__and3b_2)
     7    0.048332    0.094494    0.202760   93.371788 v _29742_/X (sky130_fd_sc_hd__and3b_2)
                                                         _05877_ (net)
                      0.094770    0.003624   93.375412 v _29832_/B (sky130_fd_sc_hd__nand2_4)
     1    0.010230    0.047228    0.075310   93.450722 ^ _29832_/Y (sky130_fd_sc_hd__nand2_4)
                                                         _05967_ (net)
                      0.047228    0.000234   93.450958 ^ fanout100/A (sky130_fd_sc_hd__buf_8)
     6    0.060574    0.079111    0.103952   93.554909 ^ fanout100/X (sky130_fd_sc_hd__buf_8)
                                                         net100 (net)
                      0.079112    0.000291   93.555206 ^ fanout99/A (sky130_fd_sc_hd__buf_8)
     7    0.038835    0.054755    0.092896   93.648102 ^ fanout99/X (sky130_fd_sc_hd__buf_8)
                                                         net99 (net)
                      0.054765    0.000604   93.648705 ^ fanout98/A (sky130_fd_sc_hd__buf_8)
     5    0.026188    0.040512    0.076682   93.725388 ^ fanout98/X (sky130_fd_sc_hd__buf_8)
                                                         net98 (net)
                      0.040618    0.001400   93.726784 ^ _29998_/S (sky130_fd_sc_hd__mux2_4)
     2    0.005951    0.040036    0.184983   93.911766 v _29998_/X (sky130_fd_sc_hd__mux2_4)
                                                         _06133_ (net)
                      0.040036    0.000092   93.911858 v _29999_/B (sky130_fd_sc_hd__and2_4)
     2    0.005066    0.023314    0.101934   94.013794 v _29999_/X (sky130_fd_sc_hd__and2_4)
                                                         _06134_ (net)
                      0.023314    0.000021   94.013817 v _30006_/B_N (sky130_fd_sc_hd__and4bb_1)
     2    0.012443    0.102834    0.206896   94.220711 ^ _30006_/X (sky130_fd_sc_hd__and4bb_1)
                                                         _06141_ (net)
                      0.102834    0.000142   94.220856 ^ _30019_/A (sky130_fd_sc_hd__nand4_4)
     2    0.007453    0.056867    0.052374   94.273232 v _30019_/Y (sky130_fd_sc_hd__nand4_4)
                                                         _06154_ (net)
                      0.056867    0.000064   94.273293 v _30043_/B (sky130_fd_sc_hd__or4bb_4)
     2    0.007079    0.062022    0.317947   94.591240 v _30043_/X (sky130_fd_sc_hd__or4bb_4)
                                                         _06178_ (net)
                      0.062022    0.000064   94.591301 v _30077_/A2 (sky130_fd_sc_hd__o221a_4)
     1    0.009790    0.037016    0.169393   94.760696 v _30077_/X (sky130_fd_sc_hd__o221a_4)
                                                         _06212_ (net)
                      0.037016    0.000327   94.761024 v _30079_/A2_N (sky130_fd_sc_hd__a2bb2o_4)
     1    0.015999    0.046471    0.139408   94.900429 ^ _30079_/X (sky130_fd_sc_hd__a2bb2o_4)
                                                         _06214_ (net)
                      0.046479    0.000625   94.901054 ^ _30082_/A2 (sky130_fd_sc_hd__a22oi_4)
     1    0.016998    0.060537    0.051230   94.952286 v _30082_/Y (sky130_fd_sc_hd__a22oi_4)
                                                         _06217_ (net)
                      0.060542    0.001059   94.953346 v _30139_/B1 (sky130_fd_sc_hd__o22a_1)
     1    0.002639    0.025975    0.111264   95.064613 v _30139_/X (sky130_fd_sc_hd__o22a_1)
                                                         _00170_ (net)
                      0.025975    0.000021   95.064629 v _30453_/D (sky130_fd_sc_hd__dfxtp_4)
                                             95.064629   data arrival time

                                 25.000000   25.000000   clock clk (rise edge)
                                  0.000000   25.000000   clock source latency
     2    0.051349    0.175611    0.122327   25.122326 ^ clk (in)
                                                         clk (net)
                      0.175638    0.000000   25.122326 ^ clkbuf_0_clk/A (sky130_fd_sc_hd__clkbuf_16)
     4    0.114039    0.100054    0.169624   25.291950 ^ clkbuf_0_clk/X (sky130_fd_sc_hd__clkbuf_16)
                                                         clknet_0_clk (net)
                      0.100096    0.001933   25.293882 ^ clkbuf_2_1__f_clk/A (sky130_fd_sc_hd__clkbuf_16)
    13    0.174664    0.144126    0.186917   25.480801 ^ clkbuf_2_1__f_clk/X (sky130_fd_sc_hd__clkbuf_16)
                                                         clknet_2_1__leaf_clk (net)
                      0.144386    0.004940   25.485741 ^ clkbuf_leaf_4_clk/A (sky130_fd_sc_hd__clkbuf_8)
     3    0.009602    0.028594    0.105024   25.590763 ^ clkbuf_leaf_4_clk/X (sky130_fd_sc_hd__clkbuf_8)
                                                         clknet_leaf_4_clk (net)
                      0.028594    0.000078   25.590841 ^ _30453_/CLK (sky130_fd_sc_hd__dfxtp_4)
                                 -0.250000   25.340843   clock uncertainty
                                  0.000000   25.340843   clock reconvergence pessimism
                                 -0.068240   25.272602   library setup time
                                             25.272602   data required time
---------------------------------------------------------------------------------------------
                                             25.272602   data required time
                                            -95.064629   data arrival time
---------------------------------------------------------------------------------------------
                                            -69.792023   slack (VIOLATED)




===========================================================================
report_checks --slack_max -0.01
============================================================================
======================= min_ff_n40C_1v95 Corner ===================================

Startpoint: _30423_ (rising edge-triggered flip-flop clocked by clk)
Endpoint: _30453_ (rising edge-triggered flip-flop clocked by clk)
Path Group: clk
Path Type: max

Fanout         Cap        Slew       Delay        Time   Description
---------------------------------------------------------------------------------------------
                                  0.000000    0.000000   clock clk (rise edge)
                                  0.000000    0.000000   clock source latency
     2    0.051349    0.175611    0.122326    0.122326 ^ clk (in)
                                                         clk (net)
                      0.175638    0.000000    0.122326 ^ clkbuf_0_clk/A (sky130_fd_sc_hd__clkbuf_16)
     4    0.114039    0.100054    0.169624    0.291951 ^ clkbuf_0_clk/X (sky130_fd_sc_hd__clkbuf_16)
                                                         clknet_0_clk (net)
                      0.100078    0.001545    0.293496 ^ clkbuf_2_2__f_clk/A (sky130_fd_sc_hd__clkbuf_16)
    16    0.160995    0.133743    0.178814    0.472310 ^ clkbuf_2_2__f_clk/X (sky130_fd_sc_hd__clkbuf_16)
                                                         clknet_2_2__leaf_clk (net)
                      0.134283    0.006813    0.479123 ^ clkbuf_leaf_20_clk/A (sky130_fd_sc_hd__clkbuf_8)
    16    0.043433    0.066345    0.136581    0.615704 ^ clkbuf_leaf_20_clk/X (sky130_fd_sc_hd__clkbuf_8)
                                                         clknet_leaf_20_clk (net)
                      0.066345    0.000245    0.615949 ^ _30423_/CLK (sky130_fd_sc_hd__dfxtp_4)
     3    0.104529    0.101243    0.297917    0.913866 v _30423_/Q (sky130_fd_sc_hd__dfxtp_4)
                                                         mantisaBshift[6] (net)
                      0.101243    0.000527    0.914393 v fanout851/A (sky130_fd_sc_hd__buf_12)
     7    0.088012    0.043399    0.133639    1.048032 v fanout851/X (sky130_fd_sc_hd__buf_12)
                                                         net851 (net)
                      0.043410    0.000228    1.048260 v fanout850/A (sky130_fd_sc_hd__buf_6)
     5    0.059956    0.046273    0.108801    1.157060 v fanout850/X (sky130_fd_sc_hd__buf_6)
                                                         net850 (net)
                      0.046274    0.000335    1.157395 v fanout849/A (sky130_fd_sc_hd__buf_6)
     6    0.043187    0.037661    0.099909    1.257304 v fanout849/X (sky130_fd_sc_hd__buf_6)
                                                         net849 (net)
                      0.038535    0.004500    1.261804 v fanout848/A (sky130_fd_sc_hd__buf_6)
    10    0.045123    0.038319    0.098570    1.360374 v fanout848/X (sky130_fd_sc_hd__buf_6)
                                                         net848 (net)
                      0.038633    0.002603    1.362978 v _16170_/B (sky130_fd_sc_hd__or3_1)
     2    0.004551    0.049894    0.205514    1.568492 v _16170_/X (sky130_fd_sc_hd__or3_1)
                                                         _06300_ (net)
                      0.049894    0.000027    1.568519 v _16178_/B (sky130_fd_sc_hd__or4_4)
     1    0.002459    0.054761    0.301513    1.870031 v _16178_/X (sky130_fd_sc_hd__or4_4)
                                                         _06308_ (net)
                      0.054761    0.000010    1.870042 v _16179_/C (sky130_fd_sc_hd__or4_4)
     2    0.013387    0.069178    0.306846    2.176888 v _16179_/X (sky130_fd_sc_hd__or4_4)
                                                         _06309_ (net)
                      0.069178    0.000083    2.176971 v _16181_/A1 (sky130_fd_sc_hd__o21ai_4)
     4    0.014849    0.118335    0.140033    2.317004 ^ _16181_/Y (sky130_fd_sc_hd__o21ai_4)
                                                         _06311_ (net)
                      0.118335    0.000242    2.317246 ^ _16185_/A2 (sky130_fd_sc_hd__a211o_1)
     2    0.010937    0.078063    0.122772    2.440018 ^ _16185_/X (sky130_fd_sc_hd__a211o_1)
                                                         _06315_ (net)
                      0.078063    0.000196    2.440214 ^ _16187_/A1 (sky130_fd_sc_hd__a21o_1)
     4    0.017394    0.117897    0.135619    2.575833 ^ _16187_/X (sky130_fd_sc_hd__a21o_1)
                                                         _06317_ (net)
                      0.117897    0.000092    2.575925 ^ _16188_/B (sky130_fd_sc_hd__nand2_1)
     2    0.014195    0.079818    0.084140    2.660065 v _16188_/Y (sky130_fd_sc_hd__nand2_1)
                                                         _06318_ (net)
                      0.079819    0.000128    2.660193 v _16215_/A1 (sky130_fd_sc_hd__a221o_4)
     3    0.068343    0.092369    0.277871    2.938064 v _16215_/X (sky130_fd_sc_hd__a221o_4)
                                                         _06345_ (net)
                      0.092369    0.000175    2.938239 v fanout481/A (sky130_fd_sc_hd__clkbuf_4)
     7    0.067054    0.095290    0.182486    3.120724 v fanout481/X (sky130_fd_sc_hd__clkbuf_4)
                                                         net481 (net)
                      0.095290    0.000155    3.120879 v fanout480/A (sky130_fd_sc_hd__clkbuf_4)
    10    0.064995    0.092415    0.180951    3.301830 v fanout480/X (sky130_fd_sc_hd__clkbuf_4)
                                                         net480 (net)
                      0.092416    0.000288    3.302118 v _16216_/B1 (sky130_fd_sc_hd__o21a_4)
     3    0.018165    0.038243    0.110859    3.412977 v _16216_/X (sky130_fd_sc_hd__o21a_4)
                                                         _06346_ (net)
                      0.038243    0.000157    3.413134 v _16230_/A2 (sky130_fd_sc_hd__a21oi_2)
     7    0.029760    0.270649    0.232967    3.646101 ^ _16230_/Y (sky130_fd_sc_hd__a21oi_2)
                                                         _06360_ (net)
                      0.270651    0.000637    3.646737 ^ _16233_/C (sky130_fd_sc_hd__and3_1)
     3    0.012711    0.102893    0.167050    3.813787 ^ _16233_/X (sky130_fd_sc_hd__and3_1)
                                                         _06363_ (net)
                      0.102893    0.000131    3.813918 ^ _16242_/A2 (sky130_fd_sc_hd__o21ai_2)
     3    0.007305    0.054020    0.041889    3.855807 v _16242_/Y (sky130_fd_sc_hd__o21ai_2)
                                                         _06372_ (net)
                      0.054020    0.000068    3.855874 v _16254_/A2 (sky130_fd_sc_hd__a311o_1)
     1    0.010126    0.064188    0.227934    4.083808 v _16254_/X (sky130_fd_sc_hd__a311o_1)
                                                         _06384_ (net)
                      0.064188    0.000183    4.083992 v _16264_/A2 (sky130_fd_sc_hd__a21oi_4)
     6    0.033111    0.198022    0.201626    4.285617 ^ _16264_/Y (sky130_fd_sc_hd__a21oi_4)
                                                         _06394_ (net)
                      0.198024    0.000434    4.286052 ^ _16265_/S (sky130_fd_sc_hd__mux2_4)
     4    0.014753    0.049645    0.205443    4.491494 v _16265_/X (sky130_fd_sc_hd__mux2_4)
                                                         _06395_ (net)
                      0.049648    0.000437    4.491932 v _16276_/A (sky130_fd_sc_hd__or2_4)
     4    0.010973    0.039412    0.166939    4.658871 v _16276_/X (sky130_fd_sc_hd__or2_4)
                                                         _06406_ (net)
                      0.039412    0.000112    4.658983 v _16280_/A2 (sky130_fd_sc_hd__a211o_1)
     1    0.003266    0.035166    0.181473    4.840456 v _16280_/X (sky130_fd_sc_hd__a211o_1)
                                                         _06410_ (net)
                      0.035166    0.000037    4.840494 v _16288_/A3 (sky130_fd_sc_hd__a31o_1)
     3    0.008887    0.046315    0.157542    4.998035 v _16288_/X (sky130_fd_sc_hd__a31o_1)
                                                         _06418_ (net)
                      0.046315    0.000059    4.998094 v _16290_/A (sky130_fd_sc_hd__and2_4)
     4    0.021303    0.036911    0.110961    5.109055 v _16290_/X (sky130_fd_sc_hd__and2_4)
                                                         _06420_ (net)
                      0.036912    0.000212    5.109267 v _16297_/S (sky130_fd_sc_hd__mux2_4)
     3    0.024122    0.059910    0.219933    5.329201 v _16297_/X (sky130_fd_sc_hd__mux2_4)
                                                         _06427_ (net)
                      0.059911    0.000307    5.329508 v _16300_/A (sky130_fd_sc_hd__xnor2_4)
     3    0.017893    0.053961    0.118162    5.447670 v _16300_/Y (sky130_fd_sc_hd__xnor2_4)
                                                         _06430_ (net)
                      0.053961    0.000186    5.447855 v _16317_/A1 (sky130_fd_sc_hd__o311ai_4)
     3    0.015877    0.228248    0.249618    5.697474 ^ _16317_/Y (sky130_fd_sc_hd__o311ai_4)
                                                         _06447_ (net)
                      0.228248    0.000226    5.697700 ^ _16328_/A2 (sky130_fd_sc_hd__a221oi_4)
     5    0.019774    0.078035    0.072675    5.770375 v _16328_/Y (sky130_fd_sc_hd__a221oi_4)
                                                         _06458_ (net)
                      0.078035    0.000480    5.770855 v _16355_/A (sky130_fd_sc_hd__or4_4)
     3    0.008112    0.062848    0.338341    6.109197 v _16355_/X (sky130_fd_sc_hd__or4_4)
                                                         _06485_ (net)
                      0.062848    0.000129    6.109326 v _16357_/A2 (sky130_fd_sc_hd__a21oi_1)
     4    0.010508    0.180635    0.183187    6.292513 ^ _16357_/Y (sky130_fd_sc_hd__a21oi_1)
                                                         _06487_ (net)
                      0.180635    0.000067    6.292580 ^ _16373_/B1_N (sky130_fd_sc_hd__o21ba_1)
     2    0.006986    0.038526    0.113606    6.406186 v _16373_/X (sky130_fd_sc_hd__o21ba_1)
                                                         _06503_ (net)
                      0.038526    0.000055    6.406240 v _16376_/A1 (sky130_fd_sc_hd__a211o_4)
     4    0.012846    0.044382    0.213460    6.619700 v _16376_/X (sky130_fd_sc_hd__a211o_4)
                                                         _06506_ (net)
                      0.044382    0.000133    6.619834 v _16379_/A1 (sky130_fd_sc_hd__a211o_4)
     5    0.026151    0.058057    0.233586    6.853420 v _16379_/X (sky130_fd_sc_hd__a211o_4)
                                                         _06509_ (net)
                      0.058057    0.000289    6.853708 v _16424_/A1 (sky130_fd_sc_hd__a211o_1)
     1    0.008471    0.052708    0.185240    7.038948 v _16424_/X (sky130_fd_sc_hd__a211o_1)
                                                         _06554_ (net)
                      0.052708    0.000078    7.039026 v _16425_/B (sky130_fd_sc_hd__xor2_2)
     4    0.014593    0.160685    0.151918    7.190944 ^ _16425_/X (sky130_fd_sc_hd__xor2_2)
                                                         _06555_ (net)
                      0.160685    0.000115    7.191060 ^ _16426_/B (sky130_fd_sc_hd__xnor2_1)
     3    0.008067    0.059522    0.071388    7.262448 v _16426_/Y (sky130_fd_sc_hd__xnor2_1)
                                                         _06556_ (net)
                      0.059522    0.000100    7.262547 v _16432_/A3 (sky130_fd_sc_hd__o31a_1)
     4    0.015210    0.070225    0.193081    7.455628 v _16432_/X (sky130_fd_sc_hd__o31a_1)
                                                         _06562_ (net)
                      0.070225    0.000251    7.455880 v _16435_/A1 (sky130_fd_sc_hd__a211o_1)
     3    0.010443    0.058189    0.197045    7.652925 v _16435_/X (sky130_fd_sc_hd__a211o_1)
                                                         _06565_ (net)
                      0.058189    0.000217    7.653141 v _16439_/A1 (sky130_fd_sc_hd__a311o_1)
     1    0.008667    0.060491    0.191732    7.844873 v _16439_/X (sky130_fd_sc_hd__a311o_1)
                                                         _06569_ (net)
                      0.060491    0.000096    7.844969 v _16442_/B1 (sky130_fd_sc_hd__a221oi_4)
     6    0.025305    0.217875    0.211015    8.055984 ^ _16442_/Y (sky130_fd_sc_hd__a221oi_4)
                                                         _06572_ (net)
                      0.217875    0.000346    8.056331 ^ max_cap423/A (sky130_fd_sc_hd__buf_6)
     5    0.029257    0.052578    0.100135    8.156466 ^ max_cap423/X (sky130_fd_sc_hd__buf_6)
                                                         net423 (net)
                      0.052593    0.000833    8.157299 ^ _16473_/S (sky130_fd_sc_hd__mux2_4)
     4    0.011715    0.046171    0.197243    8.354542 v _16473_/X (sky130_fd_sc_hd__mux2_4)
                                                         _06603_ (net)
                      0.046171    0.000054    8.354596 v _16477_/A2 (sky130_fd_sc_hd__o21ba_4)
     2    0.004812    0.026192    0.122612    8.477208 v _16477_/X (sky130_fd_sc_hd__o21ba_4)
                                                         _06607_ (net)
                      0.026192    0.000052    8.477261 v _16479_/A (sky130_fd_sc_hd__or4_4)
     2    0.007041    0.061515    0.319156    8.796417 v _16479_/X (sky130_fd_sc_hd__or4_4)
                                                         _06609_ (net)
                      0.061516    0.000101    8.796518 v _16482_/A1 (sky130_fd_sc_hd__a31o_1)
     2    0.008818    0.046095    0.138984    8.935502 v _16482_/X (sky130_fd_sc_hd__a31o_1)
                                                         _06612_ (net)
                      0.046095    0.000179    8.935681 v _16486_/A2 (sky130_fd_sc_hd__a211o_4)
     3    0.014471    0.046344    0.223758    9.159440 v _16486_/X (sky130_fd_sc_hd__a211o_4)
                                                         _06616_ (net)
                      0.046344    0.000113    9.159553 v _16498_/B (sky130_fd_sc_hd__and4_4)
     7    0.020092    0.041314    0.131203    9.290755 v _16498_/X (sky130_fd_sc_hd__and4_4)
                                                         _06628_ (net)
                      0.041314    0.000385    9.291140 v _16561_/B (sky130_fd_sc_hd__or4b_4)
     3    0.006861    0.061494    0.311633    9.602772 v _16561_/X (sky130_fd_sc_hd__or4b_4)
                                                         _06691_ (net)
                      0.061494    0.000051    9.602823 v _16563_/A (sky130_fd_sc_hd__and3_1)
     3    0.007373    0.040666    0.114158    9.716980 v _16563_/X (sky130_fd_sc_hd__and3_1)
                                                         _06693_ (net)
                      0.040666    0.000028    9.717008 v _16566_/C (sky130_fd_sc_hd__or4_4)
     1    0.002601    0.054979    0.278050    9.995058 v _16566_/X (sky130_fd_sc_hd__or4_4)
                                                         _06696_ (net)
                      0.054979    0.000022    9.995081 v _16567_/C (sky130_fd_sc_hd__or4_4)
     2    0.010251    0.065450    0.300404   10.295485 v _16567_/X (sky130_fd_sc_hd__or4_4)
                                                         _06697_ (net)
                      0.065450    0.000205   10.295690 v _16571_/A2 (sky130_fd_sc_hd__a31o_4)
     4    0.015621    0.038157    0.169782   10.465472 v _16571_/X (sky130_fd_sc_hd__a31o_4)
                                                         _06701_ (net)
                      0.038157    0.000206   10.465678 v _16575_/A1 (sky130_fd_sc_hd__a311o_4)
     3    0.016871    0.057975    0.220358   10.686036 v _16575_/X (sky130_fd_sc_hd__a311o_4)
                                                         _06705_ (net)
                      0.057975    0.000194   10.686230 v _16579_/A2 (sky130_fd_sc_hd__a21oi_4)
     4    0.018041    0.128926    0.148577   10.834807 ^ _16579_/Y (sky130_fd_sc_hd__a21oi_4)
                                                         _06709_ (net)
                      0.128926    0.000203   10.835010 ^ fanout421/A (sky130_fd_sc_hd__buf_6)
     5    0.032230    0.055360    0.099450   10.934460 ^ fanout421/X (sky130_fd_sc_hd__buf_6)
                                                         net421 (net)
                      0.055430    0.001210   10.935670 ^ _16597_/S (sky130_fd_sc_hd__mux2_4)
     3    0.012827    0.047382    0.199263   11.134933 v _16597_/X (sky130_fd_sc_hd__mux2_4)
                                                         _06727_ (net)
                      0.047409    0.000421   11.135353 v _16620_/B (sky130_fd_sc_hd__and2_4)
     1    0.002664    0.020669    0.100677   11.236031 v _16620_/X (sky130_fd_sc_hd__and2_4)
                                                         _06750_ (net)
                      0.020669    0.000024   11.236054 v _16621_/B (sky130_fd_sc_hd__or2_4)
     2    0.009450    0.037963    0.141554   11.377608 v _16621_/X (sky130_fd_sc_hd__or2_4)
                                                         _06751_ (net)
                      0.037963    0.000054   11.377663 v _16623_/A2 (sky130_fd_sc_hd__o41a_4)
     4    0.017943    0.063340    0.309295   11.686957 v _16623_/X (sky130_fd_sc_hd__o41a_4)
                                                         _06753_ (net)
                      0.063343    0.000522   11.687480 v _16648_/A1 (sky130_fd_sc_hd__a2111o_1)
     2    0.013778    0.077402    0.268494   11.955974 v _16648_/X (sky130_fd_sc_hd__a2111o_1)
                                                         _06778_ (net)
                      0.077402    0.000106   11.956079 v _16652_/A2 (sky130_fd_sc_hd__a21oi_4)
     5    0.028197    0.175205    0.189873   12.145952 ^ _16652_/Y (sky130_fd_sc_hd__a21oi_4)
                                                         _06782_ (net)
                      0.175205    0.000232   12.146184 ^ fanout420/A (sky130_fd_sc_hd__buf_8)
     5    0.031344    0.047888    0.093184   12.239368 ^ fanout420/X (sky130_fd_sc_hd__buf_8)
                                                         net420 (net)
                      0.047894    0.000576   12.239944 ^ _16702_/S (sky130_fd_sc_hd__mux2_4)
     3    0.008135    0.042378    0.190188   12.430133 v _16702_/X (sky130_fd_sc_hd__mux2_4)
                                                         _06832_ (net)
                      0.042378    0.000073   12.430205 v _16703_/B (sky130_fd_sc_hd__and2_4)
     3    0.009164    0.026864    0.108374   12.538579 v _16703_/X (sky130_fd_sc_hd__and2_4)
                                                         _06833_ (net)
                      0.026864    0.000126   12.538706 v _16705_/A (sky130_fd_sc_hd__or2_4)
     2    0.007733    0.036306    0.153588   12.692294 v _16705_/X (sky130_fd_sc_hd__or2_4)
                                                         _06835_ (net)
                      0.036306    0.000075   12.692369 v _16711_/A (sky130_fd_sc_hd__or3_4)
     1    0.008879    0.050705    0.238059   12.930428 v _16711_/X (sky130_fd_sc_hd__or3_4)
                                                         _06841_ (net)
                      0.050705    0.000077   12.930505 v _16715_/A1 (sky130_fd_sc_hd__o21ai_4)
     3    0.014603    0.117103    0.132828   13.063333 ^ _16715_/Y (sky130_fd_sc_hd__o21ai_4)
                                                         _06845_ (net)
                      0.117103    0.000384   13.063717 ^ _16728_/A2 (sky130_fd_sc_hd__a211oi_2)
     2    0.007133    0.058615    0.059728   13.123445 v _16728_/Y (sky130_fd_sc_hd__a211oi_2)
                                                         _06858_ (net)
                      0.058615    0.000067   13.123511 v _16734_/A3 (sky130_fd_sc_hd__o311a_4)
     3    0.020373    0.057919    0.223324   13.346836 v _16734_/X (sky130_fd_sc_hd__o311a_4)
                                                         _06864_ (net)
                      0.057919    0.001057   13.347893 v _16736_/A (sky130_fd_sc_hd__nor2_2)
     3    0.018497    0.156930    0.155867   13.503760 ^ _16736_/Y (sky130_fd_sc_hd__nor2_2)
                                                         _06866_ (net)
                      0.156930    0.000175   13.503935 ^ fanout418/A (sky130_fd_sc_hd__buf_6)
     5    0.020365    0.040074    0.088676   13.592611 ^ fanout418/X (sky130_fd_sc_hd__buf_6)
                                                         net418 (net)
                      0.040074    0.000073   13.592684 ^ _16781_/S (sky130_fd_sc_hd__mux2_2)
     3    0.011808    0.052541    0.219185   13.811869 v _16781_/X (sky130_fd_sc_hd__mux2_2)
                                                         _06911_ (net)
                      0.052541    0.000264   13.812132 v _16783_/B (sky130_fd_sc_hd__xnor2_1)
     2    0.006276    0.129531    0.129448   13.941581 ^ _16783_/Y (sky130_fd_sc_hd__xnor2_1)
                                                         _06913_ (net)
                      0.129531    0.000031   13.941612 ^ _16794_/B1 (sky130_fd_sc_hd__a21o_1)
     3    0.015449    0.105301    0.109565   14.051177 ^ _16794_/X (sky130_fd_sc_hd__a21o_1)
                                                         _06924_ (net)
                      0.105301    0.000154   14.051331 ^ _16796_/A1 (sky130_fd_sc_hd__a21oi_4)
     3    0.010824    0.044341    0.042149   14.093480 v _16796_/Y (sky130_fd_sc_hd__a21oi_4)
                                                         _06926_ (net)
                      0.044342    0.000146   14.093625 v _16798_/A1 (sky130_fd_sc_hd__o21ai_2)
     2    0.007599    0.094436    0.111265   14.204890 ^ _16798_/Y (sky130_fd_sc_hd__o21ai_2)
                                                         _06928_ (net)
                      0.094436    0.000113   14.205003 ^ _16800_/A1 (sky130_fd_sc_hd__a21o_1)
     3    0.014703    0.100748    0.125760   14.330763 ^ _16800_/X (sky130_fd_sc_hd__a21o_1)
                                                         _06930_ (net)
                      0.100748    0.000162   14.330924 ^ _16801_/A1 (sky130_fd_sc_hd__a21oi_4)
     5    0.017320    0.047290    0.049725   14.380649 v _16801_/Y (sky130_fd_sc_hd__a21oi_4)
                                                         _06931_ (net)
                      0.047290    0.000295   14.380944 v _16805_/A3 (sky130_fd_sc_hd__o311a_4)
     3    0.010609    0.045775    0.202799   14.583743 v _16805_/X (sky130_fd_sc_hd__o311a_4)
                                                         _06935_ (net)
                      0.045775    0.000130   14.583872 v _16810_/A2 (sky130_fd_sc_hd__o211a_4)
     5    0.021893    0.045662    0.167864   14.751737 v _16810_/X (sky130_fd_sc_hd__o211a_4)
                                                         _06940_ (net)
                      0.045663    0.000231   14.751967 v _16830_/A2 (sky130_fd_sc_hd__a21oi_4)
     6    0.034206    0.203091    0.198172   14.950139 ^ _16830_/Y (sky130_fd_sc_hd__a21oi_4)
                                                         _06960_ (net)
                      0.203104    0.001261   14.951401 ^ _16832_/A (sky130_fd_sc_hd__nor2_4)
     3    0.023545    0.059731    0.047374   14.998775 v _16832_/Y (sky130_fd_sc_hd__nor2_4)
                                                         _06962_ (net)
                      0.059734    0.000343   14.999117 v fanout417/A (sky130_fd_sc_hd__buf_8)
     5    0.035202    0.030166    0.101483   15.100600 v fanout417/X (sky130_fd_sc_hd__buf_8)
                                                         net417 (net)
                      0.030168    0.000284   15.100884 v _16881_/S (sky130_fd_sc_hd__mux2_4)
     5    0.032229    0.068213    0.226789   15.327674 v _16881_/X (sky130_fd_sc_hd__mux2_4)
                                                         _07011_ (net)
                      0.068213    0.000213   15.327887 v _16884_/A (sky130_fd_sc_hd__xnor2_4)
     2    0.014049    0.048851    0.116810   15.444696 v _16884_/Y (sky130_fd_sc_hd__xnor2_4)
                                                         _07014_ (net)
                      0.048851    0.000158   15.444855 v _16900_/A (sky130_fd_sc_hd__nor4_4)
     1    0.005970    0.150264    0.190882   15.635736 ^ _16900_/Y (sky130_fd_sc_hd__nor4_4)
                                                         _07030_ (net)
                      0.150264    0.000064   15.635800 ^ _16923_/A2 (sky130_fd_sc_hd__a211o_4)
     4    0.025217    0.061795    0.125446   15.761247 ^ _16923_/X (sky130_fd_sc_hd__a211o_4)
                                                         _07053_ (net)
                      0.061827    0.001291   15.762538 ^ _16927_/A1 (sky130_fd_sc_hd__a21oi_4)
     3    0.018753    0.042493    0.045807   15.808345 v _16927_/Y (sky130_fd_sc_hd__a21oi_4)
                                                         _07057_ (net)
                      0.042494    0.000377   15.808722 v _16929_/A1 (sky130_fd_sc_hd__o211ai_4)
     4    0.028118    0.205894    0.200931   16.009653 ^ _16929_/Y (sky130_fd_sc_hd__o211ai_4)
                                                         _07059_ (net)
                      0.205894    0.000725   16.010378 ^ _16935_/A2 (sky130_fd_sc_hd__a31oi_4)
     5    0.022263    0.090059    0.093278   16.103655 v _16935_/Y (sky130_fd_sc_hd__a31oi_4)
                                                         _07065_ (net)
                      0.090060    0.000529   16.104185 v _16995_/D (sky130_fd_sc_hd__or4_4)
     3    0.009261    0.064273    0.268757   16.372942 v _16995_/X (sky130_fd_sc_hd__or4_4)
                                                         _07125_ (net)
                      0.064273    0.000075   16.373016 v _16997_/A (sky130_fd_sc_hd__and3_1)
     3    0.008515    0.044223    0.118945   16.491962 v _16997_/X (sky130_fd_sc_hd__and3_1)
                                                         _07127_ (net)
                      0.044223    0.000057   16.492020 v _17007_/A (sky130_fd_sc_hd__or4_4)
     1    0.003048    0.055671    0.314847   16.806866 v _17007_/X (sky130_fd_sc_hd__or4_4)
                                                         _07137_ (net)
                      0.055671    0.000032   16.806898 v _17008_/C (sky130_fd_sc_hd__or4_4)
     3    0.014022    0.070013    0.308301   17.115198 v _17008_/X (sky130_fd_sc_hd__or4_4)
                                                         _07138_ (net)
                      0.070013    0.000568   17.115767 v _17030_/A2 (sky130_fd_sc_hd__a21o_1)
     3    0.009653    0.044499    0.146384   17.262152 v _17030_/X (sky130_fd_sc_hd__a21o_1)
                                                         _07160_ (net)
                      0.044499    0.000073   17.262224 v _17055_/A2 (sky130_fd_sc_hd__a21o_4)
     7    0.032413    0.048712    0.167484   17.429708 v _17055_/X (sky130_fd_sc_hd__a21o_4)
                                                         _07185_ (net)
                      0.048723    0.000712   17.430420 v _17103_/A2 (sky130_fd_sc_hd__a211o_1)
     2    0.006216    0.044775    0.197526   17.627945 v _17103_/X (sky130_fd_sc_hd__a211o_1)
                                                         _07233_ (net)
                      0.044775    0.000059   17.628004 v _17154_/B1 (sky130_fd_sc_hd__o211a_1)
     3    0.008167    0.044395    0.095820   17.723825 v _17154_/X (sky130_fd_sc_hd__o211a_1)
                                                         _07284_ (net)
                      0.044395    0.000044   17.723869 v _17158_/A (sky130_fd_sc_hd__or4_4)
     1    0.004850    0.058397    0.319954   18.043823 v _17158_/X (sky130_fd_sc_hd__or4_4)
                                                         _07288_ (net)
                      0.058397    0.000105   18.043928 v _17161_/B (sky130_fd_sc_hd__or4b_4)
     1    0.003564    0.056612    0.308791   18.352718 v _17161_/X (sky130_fd_sc_hd__or4b_4)
                                                         _07291_ (net)
                      0.056612    0.000046   18.352766 v _17163_/A2 (sky130_fd_sc_hd__o41a_1)
     2    0.015513    0.084939    0.299101   18.651867 v _17163_/X (sky130_fd_sc_hd__o41a_1)
                                                         _07293_ (net)
                      0.084940    0.000517   18.652384 v _17169_/A1 (sky130_fd_sc_hd__a21oi_4)
     4    0.021810    0.146101    0.155879   18.808262 ^ _17169_/Y (sky130_fd_sc_hd__a21oi_4)
                                                         _07299_ (net)
                      0.146103    0.000783   18.809046 ^ _17173_/A1 (sky130_fd_sc_hd__a21oi_4)
     3    0.013910    0.051719    0.048370   18.857416 v _17173_/Y (sky130_fd_sc_hd__a21oi_4)
                                                         _07303_ (net)
                      0.051719    0.000190   18.857605 v _17187_/A3 (sky130_fd_sc_hd__o311a_4)
     3    0.017375    0.054566    0.216627   19.074232 v _17187_/X (sky130_fd_sc_hd__o311a_4)
                                                         _07317_ (net)
                      0.054568    0.000393   19.074625 v _17193_/A3 (sky130_fd_sc_hd__o311a_4)
     8    0.030445    0.066174    0.233708   19.308332 v _17193_/X (sky130_fd_sc_hd__o311a_4)
                                                         _07323_ (net)
                      0.066192    0.001029   19.309362 v _17254_/A (sky130_fd_sc_hd__or3_4)
     4    0.010437    0.052417    0.251140   19.560501 v _17254_/X (sky130_fd_sc_hd__or3_4)
                                                         _07384_ (net)
                      0.052417    0.000041   19.560543 v _17258_/A (sky130_fd_sc_hd__and3_1)
     3    0.007812    0.042030    0.111944   19.672487 v _17258_/X (sky130_fd_sc_hd__and3_1)
                                                         _07388_ (net)
                      0.042030    0.000094   19.672581 v _17267_/B (sky130_fd_sc_hd__or4_4)
     2    0.005071    0.058780    0.306301   19.978882 v _17267_/X (sky130_fd_sc_hd__or4_4)
                                                         _07397_ (net)
                      0.058780    0.000041   19.978922 v _17284_/D (sky130_fd_sc_hd__or4_4)
     3    0.011412    0.066854    0.262833   20.241756 v _17284_/X (sky130_fd_sc_hd__or4_4)
                                                         _07414_ (net)
                      0.066854    0.000286   20.242041 v _17288_/A2 (sky130_fd_sc_hd__a211o_1)
     3    0.012176    0.062803    0.225899   20.467941 v _17288_/X (sky130_fd_sc_hd__a211o_1)
                                                         _07418_ (net)
                      0.062804    0.000346   20.468287 v _17293_/A2 (sky130_fd_sc_hd__a211o_1)
     2    0.006437    0.045488    0.203082   20.671370 v _17293_/X (sky130_fd_sc_hd__a211o_1)
                                                         _07423_ (net)
                      0.045488    0.000025   20.671394 v _17298_/A1 (sky130_fd_sc_hd__a21o_4)
     5    0.024162    0.042228    0.152099   20.823492 v _17298_/X (sky130_fd_sc_hd__a21o_4)
                                                         _07428_ (net)
                      0.042231    0.000389   20.823881 v _17315_/A2 (sky130_fd_sc_hd__a21oi_4)
     4    0.025661    0.163462    0.168310   20.992191 ^ _17315_/Y (sky130_fd_sc_hd__a21oi_4)
                                                         _07445_ (net)
                      0.163462    0.000300   20.992493 ^ fanout411/A (sky130_fd_sc_hd__buf_8)
     6    0.038591    0.055644    0.098661   21.091152 ^ fanout411/X (sky130_fd_sc_hd__buf_8)
                                                         net411 (net)
                      0.055644    0.000183   21.091335 ^ fanout410/A (sky130_fd_sc_hd__buf_8)
     5    0.030662    0.045400    0.080911   21.172247 ^ fanout410/X (sky130_fd_sc_hd__buf_8)
                                                         net410 (net)
                      0.045472    0.001151   21.173397 ^ _17357_/S (sky130_fd_sc_hd__mux2_4)
     4    0.024987    0.060734    0.214516   21.387915 v _17357_/X (sky130_fd_sc_hd__mux2_4)
                                                         _07487_ (net)
                      0.060734    0.000238   21.388153 v _17359_/B (sky130_fd_sc_hd__xnor2_4)
     2    0.007528    0.047130    0.092959   21.481112 v _17359_/Y (sky130_fd_sc_hd__xnor2_4)
                                                         _07489_ (net)
                      0.047130    0.000059   21.481169 v _17364_/A (sky130_fd_sc_hd__or2_4)
     2    0.005295    0.033764    0.157049   21.638220 v _17364_/X (sky130_fd_sc_hd__or2_4)
                                                         _07494_ (net)
                      0.033764    0.000059   21.638277 v _17394_/A (sky130_fd_sc_hd__or4_4)
     2    0.006733    0.061162    0.320975   21.959253 v _17394_/X (sky130_fd_sc_hd__or4_4)
                                                         _07524_ (net)
                      0.061162    0.000105   21.959358 v _17403_/A1 (sky130_fd_sc_hd__a41o_1)
     2    0.008488    0.047260    0.139858   22.099216 v _17403_/X (sky130_fd_sc_hd__a41o_1)
                                                         _07533_ (net)
                      0.047260    0.000169   22.099384 v _17426_/A1 (sky130_fd_sc_hd__a21o_1)
     2    0.007901    0.039016    0.117158   22.216541 v _17426_/X (sky130_fd_sc_hd__a21o_1)
                                                         _07556_ (net)
                      0.039016    0.000158   22.216700 v _17441_/A2 (sky130_fd_sc_hd__a311o_1)
     2    0.005361    0.048360    0.201968   22.418669 v _17441_/X (sky130_fd_sc_hd__a311o_1)
                                                         _07571_ (net)
                      0.048360    0.000023   22.418692 v _17444_/A2 (sky130_fd_sc_hd__a21o_1)
     2    0.010365    0.045724    0.141021   22.559713 v _17444_/X (sky130_fd_sc_hd__a21o_1)
                                                         _07574_ (net)
                      0.045724    0.000101   22.559814 v _17448_/A2 (sky130_fd_sc_hd__a21oi_2)
     1    0.005778    0.079869    0.104707   22.664522 ^ _17448_/Y (sky130_fd_sc_hd__a21oi_2)
                                                         _07578_ (net)
                      0.079869    0.000066   22.664587 ^ fanout409/A (sky130_fd_sc_hd__buf_6)
     6    0.039779    0.065383    0.100417   22.765005 ^ fanout409/X (sky130_fd_sc_hd__buf_6)
                                                         net409 (net)
                      0.065415    0.000302   22.765306 ^ fanout408/A (sky130_fd_sc_hd__buf_8)
     5    0.034490    0.049781    0.086519   22.851826 ^ fanout408/X (sky130_fd_sc_hd__buf_8)
                                                         net408 (net)
                      0.049792    0.000727   22.852552 ^ _17463_/S (sky130_fd_sc_hd__mux2_4)
     4    0.013281    0.047894    0.199272   23.051825 v _17463_/X (sky130_fd_sc_hd__mux2_4)
                                                         _07593_ (net)
                      0.047895    0.000265   23.052090 v _17465_/B (sky130_fd_sc_hd__and2_4)
     1    0.002675    0.020681    0.100901   23.152990 v _17465_/X (sky130_fd_sc_hd__and2_4)
                                                         _07595_ (net)
                      0.020681    0.000012   23.153002 v _17466_/A (sky130_fd_sc_hd__or2_4)
     4    0.014983    0.043649    0.162700   23.315702 v _17466_/X (sky130_fd_sc_hd__or2_4)
                                                         _07596_ (net)
                      0.043649    0.000076   23.315779 v _17479_/A2 (sky130_fd_sc_hd__o311a_4)
     2    0.006134    0.040657    0.224189   23.539967 v _17479_/X (sky130_fd_sc_hd__o311a_4)
                                                         _07609_ (net)
                      0.040657    0.000066   23.540033 v _17535_/A (sky130_fd_sc_hd__and3_1)
     3    0.010225    0.048412    0.115222   23.655254 v _17535_/X (sky130_fd_sc_hd__and3_1)
                                                         _07665_ (net)
                      0.048412    0.000190   23.655445 v _17583_/A (sky130_fd_sc_hd__or4_4)
     1    0.009059    0.063997    0.330564   23.986008 v _17583_/X (sky130_fd_sc_hd__or4_4)
                                                         _07713_ (net)
                      0.063997    0.000082   23.986090 v _17590_/A2 (sky130_fd_sc_hd__a211oi_4)
     5    0.029259    0.281469    0.289111   24.275202 ^ _17590_/Y (sky130_fd_sc_hd__a211oi_4)
                                                         _07720_ (net)
                      0.281469    0.000661   24.275862 ^ clone2/A (sky130_fd_sc_hd__clkbuf_2)
     5    0.028888    0.124659    0.168464   24.444326 ^ clone2/X (sky130_fd_sc_hd__clkbuf_2)
                                                         net935 (net)
                      0.124659    0.000265   24.444592 ^ _17618_/S (sky130_fd_sc_hd__mux2_2)
     4    0.017283    0.062017    0.242393   24.686983 v _17618_/X (sky130_fd_sc_hd__mux2_2)
                                                         _07748_ (net)
                      0.062019    0.000401   24.687386 v _17620_/B (sky130_fd_sc_hd__xnor2_1)
     3    0.007439    0.151111    0.145434   24.832819 ^ _17620_/Y (sky130_fd_sc_hd__xnor2_1)
                                                         _07750_ (net)
                      0.151111    0.000050   24.832869 ^ _17621_/B (sky130_fd_sc_hd__and2_1)
     1    0.009506    0.078151    0.124951   24.957819 ^ _17621_/X (sky130_fd_sc_hd__and2_1)
                                                         _07751_ (net)
                      0.078151    0.000105   24.957924 ^ _17638_/A1 (sky130_fd_sc_hd__a31oi_4)
     4    0.017309    0.067295    0.069859   25.027782 v _17638_/Y (sky130_fd_sc_hd__a31oi_4)
                                                         _07768_ (net)
                      0.067296    0.000439   25.028221 v _17656_/A2 (sky130_fd_sc_hd__o311a_4)
     3    0.009108    0.044050    0.237590   25.265812 v _17656_/X (sky130_fd_sc_hd__o311a_4)
                                                         _07786_ (net)
                      0.044097    0.000178   25.265989 v _17682_/A1 (sky130_fd_sc_hd__a21o_1)
     3    0.010357    0.045744    0.123380   25.389370 v _17682_/X (sky130_fd_sc_hd__a21o_1)
                                                         _07812_ (net)
                      0.045744    0.000203   25.389572 v _17737_/A2 (sky130_fd_sc_hd__a21o_1)
     1    0.004852    0.030030    0.122524   25.512096 v _17737_/X (sky130_fd_sc_hd__a21o_1)
                                                         _07867_ (net)
                      0.030030    0.000041   25.512136 v _17745_/A2 (sky130_fd_sc_hd__a21oi_2)
     1    0.005737    0.079624    0.098265   25.610401 ^ _17745_/Y (sky130_fd_sc_hd__a21oi_2)
                                                         _07875_ (net)
                      0.079624    0.000060   25.610462 ^ fanout403/A (sky130_fd_sc_hd__buf_6)
     7    0.046691    0.075301    0.107368   25.717831 ^ fanout403/X (sky130_fd_sc_hd__buf_6)
                                                         net403 (net)
                      0.075340    0.000732   25.718563 ^ fanout401/A (sky130_fd_sc_hd__buf_12)
     5    0.035371    0.040914    0.084547   25.803110 ^ fanout401/X (sky130_fd_sc_hd__buf_12)
                                                         net401 (net)
                      0.041036    0.001556   25.804667 ^ _17784_/S (sky130_fd_sc_hd__mux2_4)
     3    0.010764    0.045173    0.193220   25.997885 v _17784_/X (sky130_fd_sc_hd__mux2_4)
                                                         _07914_ (net)
                      0.045173    0.000195   25.998081 v _17786_/B (sky130_fd_sc_hd__xnor2_1)
     2    0.007368    0.061640    0.097314   26.095394 v _17786_/Y (sky130_fd_sc_hd__xnor2_1)
                                                         _07916_ (net)
                      0.061640    0.000071   26.095467 v _17789_/A (sky130_fd_sc_hd__or2_4)
     4    0.013462    0.041974    0.175206   26.270672 v _17789_/X (sky130_fd_sc_hd__or2_4)
                                                         _07919_ (net)
                      0.041974    0.000146   26.270817 v _17812_/A1 (sky130_fd_sc_hd__a2111o_1)
     2    0.008947    0.063551    0.243711   26.514528 v _17812_/X (sky130_fd_sc_hd__a2111o_1)
                                                         _07942_ (net)
                      0.063551    0.000160   26.514688 v _17843_/A2 (sky130_fd_sc_hd__a211o_4)
     2    0.013174    0.044782    0.227914   26.742601 v _17843_/X (sky130_fd_sc_hd__a211o_4)
                                                         _07973_ (net)
                      0.044782    0.000261   26.742863 v _17849_/B (sky130_fd_sc_hd__nand3b_4)
     4    0.022255    0.076206    0.079854   26.822718 ^ _17849_/Y (sky130_fd_sc_hd__nand3b_4)
                                                         _07979_ (net)
                      0.076207    0.000506   26.823223 ^ _17873_/A (sky130_fd_sc_hd__nand3_4)
     4    0.020866    0.070997    0.062958   26.886181 v _17873_/Y (sky130_fd_sc_hd__nand3_4)
                                                         _08003_ (net)
                      0.070997    0.000197   26.886379 v _17904_/A1 (sky130_fd_sc_hd__a21o_4)
     6    0.027804    0.045040    0.164679   27.051058 v _17904_/X (sky130_fd_sc_hd__a21o_4)
                                                         _08034_ (net)
                      0.045046    0.000533   27.051590 v _17909_/A1 (sky130_fd_sc_hd__a21oi_4)
     3    0.018002    0.128852    0.128304   27.179895 ^ _17909_/Y (sky130_fd_sc_hd__a21oi_4)
                                                         _08039_ (net)
                      0.128852    0.000144   27.180038 ^ fanout397/A (sky130_fd_sc_hd__buf_6)
     5    0.033759    0.057459    0.100810   27.280849 ^ fanout397/X (sky130_fd_sc_hd__buf_6)
                                                         net397 (net)
                      0.057539    0.001354   27.282202 ^ _17936_/S (sky130_fd_sc_hd__mux2_4)
     4    0.025849    0.061890    0.217208   27.499411 v _17936_/X (sky130_fd_sc_hd__mux2_4)
                                                         _08066_ (net)
                      0.061895    0.000567   27.499977 v _17937_/A (sky130_fd_sc_hd__xnor2_4)
     3    0.011785    0.045470    0.111331   27.611307 v _17937_/Y (sky130_fd_sc_hd__xnor2_4)
                                                         _08067_ (net)
                      0.045470    0.000068   27.611376 v _17961_/A (sky130_fd_sc_hd__or4_4)
     1    0.004423    0.057728    0.319112   27.930487 v _17961_/X (sky130_fd_sc_hd__or4_4)
                                                         _08091_ (net)
                      0.057728    0.000039   27.930527 v _17966_/A1 (sky130_fd_sc_hd__o31a_4)
     6    0.023132    0.056249    0.251861   28.182386 v _17966_/X (sky130_fd_sc_hd__o31a_4)
                                                         _08096_ (net)
                      0.056249    0.000799   28.183186 v _18084_/A1 (sky130_fd_sc_hd__a211o_4)
     2    0.013256    0.044942    0.220199   28.403385 v _18084_/X (sky130_fd_sc_hd__a211o_4)
                                                         _08214_ (net)
                      0.044942    0.000153   28.403538 v _18086_/A2 (sky130_fd_sc_hd__a21oi_4)
     5    0.034861    0.206011    0.200439   28.603977 ^ _18086_/Y (sky130_fd_sc_hd__a21oi_4)
                                                         _08216_ (net)
                      0.206011    0.000364   28.604342 ^ fanout392/A (sky130_fd_sc_hd__buf_8)
     5    0.034566    0.051968    0.097449   28.701790 ^ fanout392/X (sky130_fd_sc_hd__buf_8)
                                                         net392 (net)
                      0.052086    0.001691   28.703482 ^ _18160_/S (sky130_fd_sc_hd__mux2_4)
     3    0.024344    0.060408    0.215033   28.918514 v _18160_/X (sky130_fd_sc_hd__mux2_4)
                                                         _08290_ (net)
                      0.060416    0.000650   28.919165 v _18162_/B (sky130_fd_sc_hd__xnor2_4)
     2    0.010837    0.111903    0.117502   29.036667 ^ _18162_/Y (sky130_fd_sc_hd__xnor2_4)
                                                         _08292_ (net)
                      0.111903    0.000080   29.036747 ^ _18164_/A1 (sky130_fd_sc_hd__o21ai_2)
     3    0.011240    0.048432    0.059785   29.096533 v _18164_/Y (sky130_fd_sc_hd__o21ai_2)
                                                         _08294_ (net)
                      0.048432    0.000112   29.096643 v _18167_/A2 (sky130_fd_sc_hd__a31o_1)
     3    0.008995    0.046615    0.156239   29.252884 v _18167_/X (sky130_fd_sc_hd__a31o_1)
                                                         _08297_ (net)
                      0.046615    0.000126   29.253010 v _18193_/A2 (sky130_fd_sc_hd__a21o_1)
     5    0.017216    0.064509    0.157570   29.410580 v _18193_/X (sky130_fd_sc_hd__a21o_1)
                                                         _08323_ (net)
                      0.064511    0.000417   29.410997 v _18198_/A2 (sky130_fd_sc_hd__a21o_1)
     4    0.017908    0.066397    0.165784   29.576780 v _18198_/X (sky130_fd_sc_hd__a21o_1)
                                                         _08328_ (net)
                      0.066397    0.000272   29.577053 v _18204_/A1 (sky130_fd_sc_hd__a21bo_4)
     4    0.020135    0.040769    0.162496   29.739548 v _18204_/X (sky130_fd_sc_hd__a21bo_4)
                                                         _08334_ (net)
                      0.040770    0.000224   29.739773 v _18259_/A2 (sky130_fd_sc_hd__a21o_1)
     1    0.006600    0.035016    0.126194   29.865967 v _18259_/X (sky130_fd_sc_hd__a21o_1)
                                                         _08389_ (net)
                      0.035016    0.000107   29.866074 v fanout390/A (sky130_fd_sc_hd__buf_6)
     8    0.043691    0.037158    0.097291   29.963364 v fanout390/X (sky130_fd_sc_hd__buf_6)
                                                         net390 (net)
                      0.037162    0.000419   29.963783 v fanout388/A (sky130_fd_sc_hd__clkbuf_2)
     5    0.024598    0.067961    0.111683   30.075466 v fanout388/X (sky130_fd_sc_hd__clkbuf_2)
                                                         net388 (net)
                      0.067967    0.000657   30.076124 v _18363_/S (sky130_fd_sc_hd__mux2_1)
     3    0.021022    0.100831    0.256705   30.332829 v _18363_/X (sky130_fd_sc_hd__mux2_1)
                                                         _08493_ (net)
                      0.100841    0.001059   30.333887 v _18370_/B (sky130_fd_sc_hd__nor2_1)
     3    0.011192    0.152838    0.153452   30.487339 ^ _18370_/Y (sky130_fd_sc_hd__nor2_1)
                                                         _08500_ (net)
                      0.152838    0.000139   30.487478 ^ _18383_/B (sky130_fd_sc_hd__nor2_1)
     2    0.007774    0.052714    0.049930   30.537409 v _18383_/Y (sky130_fd_sc_hd__nor2_1)
                                                         _08513_ (net)
                      0.052714    0.000039   30.537447 v _18384_/C (sky130_fd_sc_hd__and3b_1)
     4    0.019749    0.075874    0.168104   30.705551 v _18384_/X (sky130_fd_sc_hd__and3b_1)
                                                         _08514_ (net)
                      0.075878    0.000643   30.706194 v _18450_/B (sky130_fd_sc_hd__and4_1)
     2    0.008664    0.045662    0.143491   30.849684 v _18450_/X (sky130_fd_sc_hd__and4_1)
                                                         _08580_ (net)
                      0.045663    0.000203   30.849888 v _18451_/A2 (sky130_fd_sc_hd__a21oi_1)
     3    0.010358    0.178601    0.175486   31.025373 ^ _18451_/Y (sky130_fd_sc_hd__a21oi_1)
                                                         _08581_ (net)
                      0.178601    0.000099   31.025473 ^ fanout384/A (sky130_fd_sc_hd__clkbuf_4)
    10    0.040083    0.097827    0.170118   31.195591 ^ fanout384/X (sky130_fd_sc_hd__clkbuf_4)
                                                         net384 (net)
                      0.097828    0.000490   31.196081 ^ _18454_/B (sky130_fd_sc_hd__nand2_4)
     2    0.019944    0.042727    0.049688   31.245770 v _18454_/Y (sky130_fd_sc_hd__nand2_4)
                                                         _08584_ (net)
                      0.042727    0.000156   31.245926 v fanout381/A (sky130_fd_sc_hd__buf_8)
     5    0.031086    0.028181    0.091816   31.337742 v fanout381/X (sky130_fd_sc_hd__buf_8)
                                                         net381 (net)
                      0.028181    0.000107   31.337849 v fanout380/A (sky130_fd_sc_hd__buf_8)
     5    0.034856    0.029990    0.087795   31.425644 v fanout380/X (sky130_fd_sc_hd__buf_8)
                                                         net380 (net)
                      0.030007    0.000654   31.426296 v fanout379/A (sky130_fd_sc_hd__buf_8)
     7    0.031704    0.028408    0.086935   31.513231 v fanout379/X (sky130_fd_sc_hd__buf_8)
                                                         net379 (net)
                      0.028413    0.000369   31.513601 v fanout378/A (sky130_fd_sc_hd__buf_8)
     5    0.029064    0.027222    0.084601   31.598202 v fanout378/X (sky130_fd_sc_hd__buf_8)
                                                         net378 (net)
                      0.027238    0.000639   31.598843 v _18526_/S (sky130_fd_sc_hd__mux2_4)
     3    0.021401    0.057335    0.213728   31.812569 v _18526_/X (sky130_fd_sc_hd__mux2_4)
                                                         _08656_ (net)
                      0.057335    0.000135   31.812704 v _18528_/A (sky130_fd_sc_hd__xnor2_4)
     4    0.015285    0.051079    0.113847   31.926552 v _18528_/Y (sky130_fd_sc_hd__xnor2_4)
                                                         _08658_ (net)
                      0.051079    0.000117   31.926668 v _18538_/B (sky130_fd_sc_hd__or3b_4)
     1    0.002383    0.043366    0.221554   32.148224 v _18538_/X (sky130_fd_sc_hd__or3b_4)
                                                         _08668_ (net)
                      0.043366    0.000025   32.148247 v _18539_/A_N (sky130_fd_sc_hd__and4bb_1)
     2    0.011731    0.097870    0.200775   32.349022 ^ _18539_/X (sky130_fd_sc_hd__and4bb_1)
                                                         _08669_ (net)
                      0.097870    0.000082   32.349102 ^ _18646_/C_N (sky130_fd_sc_hd__or3b_4)
     5    0.030547    0.075792    0.272635   32.621738 v _18646_/X (sky130_fd_sc_hd__or3b_4)
                                                         _08776_ (net)
                      0.075823    0.001400   32.623138 v _18647_/A2 (sky130_fd_sc_hd__a21oi_4)
     4    0.025786    0.164127    0.181171   32.804310 ^ _18647_/Y (sky130_fd_sc_hd__a21oi_4)
                                                         _08777_ (net)
                      0.164127    0.000103   32.804413 ^ fanout377/A (sky130_fd_sc_hd__buf_6)
     5    0.033968    0.058252    0.102659   32.907070 ^ fanout377/X (sky130_fd_sc_hd__buf_6)
                                                         net377 (net)
                      0.058262    0.000792   32.907864 ^ _18656_/A (sky130_fd_sc_hd__nor2_1)
     4    0.021799    0.094451    0.074984   32.982849 v _18656_/Y (sky130_fd_sc_hd__nor2_1)
                                                         _08786_ (net)
                      0.094453    0.000320   32.983166 v fanout373/A (sky130_fd_sc_hd__clkbuf_4)
    10    0.047186    0.072770    0.162828   33.145996 v fanout373/X (sky130_fd_sc_hd__clkbuf_4)
                                                         net373 (net)
                      0.072780    0.000874   33.146870 v _18703_/A1 (sky130_fd_sc_hd__o31a_2)
     4    0.022315    0.068776    0.262272   33.409142 v _18703_/X (sky130_fd_sc_hd__o31a_2)
                                                         _08833_ (net)
                      0.068777    0.000398   33.409538 v _18705_/B (sky130_fd_sc_hd__xnor2_1)
     3    0.008340    0.158396    0.157435   33.566975 ^ _18705_/Y (sky130_fd_sc_hd__xnor2_1)
                                                         _08835_ (net)
                      0.158396    0.000099   33.567074 ^ _18707_/C (sky130_fd_sc_hd__and3_1)
     2    0.005877    0.055681    0.122263   33.689335 ^ _18707_/X (sky130_fd_sc_hd__and3_1)
                                                         _08837_ (net)
                      0.055681    0.000092   33.689430 ^ _18709_/D_N (sky130_fd_sc_hd__or4b_4)
     4    0.026430    0.084138    0.309360   33.998787 v _18709_/X (sky130_fd_sc_hd__or4b_4)
                                                         _08839_ (net)
                      0.084138    0.000806   33.999596 v _18859_/A (sky130_fd_sc_hd__nor2_4)
     6    0.021164    0.112200    0.133838   34.133434 ^ _18859_/Y (sky130_fd_sc_hd__nor2_4)
                                                         _08989_ (net)
                      0.112200    0.000373   34.133804 ^ _18880_/A2 (sky130_fd_sc_hd__a211o_1)
     1    0.003795    0.034663    0.089450   34.223255 ^ _18880_/X (sky130_fd_sc_hd__a211o_1)
                                                         _09010_ (net)
                      0.034663    0.000050   34.223305 ^ fanout368/A (sky130_fd_sc_hd__clkbuf_4)
     9    0.062848    0.145362    0.169354   34.392662 ^ fanout368/X (sky130_fd_sc_hd__clkbuf_4)
                                                         net368 (net)
                      0.145364    0.000473   34.393131 ^ fanout367/A (sky130_fd_sc_hd__buf_6)
    10    0.047024    0.076108    0.115058   34.508190 ^ fanout367/X (sky130_fd_sc_hd__buf_6)
                                                         net367 (net)
                      0.076154    0.000782   34.508972 ^ _18930_/S (sky130_fd_sc_hd__mux2_4)
     5    0.025813    0.061873    0.218083   34.727055 v _18930_/X (sky130_fd_sc_hd__mux2_4)
                                                         _09060_ (net)
                      0.061895    0.001066   34.728123 v _18933_/B (sky130_fd_sc_hd__xnor2_2)
     3    0.013165    0.159498    0.149662   34.877785 ^ _18933_/Y (sky130_fd_sc_hd__xnor2_2)
                                                         _09063_ (net)
                      0.159498    0.000085   34.877869 ^ _18953_/D (sky130_fd_sc_hd__and4_1)
     2    0.019403    0.145872    0.206704   35.084572 ^ _18953_/X (sky130_fd_sc_hd__and4_1)
                                                         _09083_ (net)
                      0.145872    0.000668   35.085239 ^ _18982_/C (sky130_fd_sc_hd__nand4_4)
     3    0.007641    0.065150    0.063633   35.148872 v _18982_/Y (sky130_fd_sc_hd__nand4_4)
                                                         _09112_ (net)
                      0.065150    0.000078   35.148952 v _19017_/A2 (sky130_fd_sc_hd__a2111o_1)
     3    0.011959    0.072167    0.294943   35.443893 v _19017_/X (sky130_fd_sc_hd__a2111o_1)
                                                         _09147_ (net)
                      0.072167    0.000366   35.444260 v _19018_/A1 (sky130_fd_sc_hd__a21o_1)
     4    0.012845    0.052110    0.140279   35.584538 v _19018_/X (sky130_fd_sc_hd__a21o_1)
                                                         _09148_ (net)
                      0.052111    0.000242   35.584782 v _19054_/A2 (sky130_fd_sc_hd__a21o_1)
     5    0.025001    0.086922    0.179025   35.763805 v _19054_/X (sky130_fd_sc_hd__a21o_1)
                                                         _09184_ (net)
                      0.086922    0.000131   35.763935 v fanout365/A (sky130_fd_sc_hd__buf_6)
     5    0.029233    0.029847    0.111516   35.875454 v fanout365/X (sky130_fd_sc_hd__buf_6)
                                                         net365 (net)
                      0.030002    0.001751   35.877205 v _19103_/A2 (sky130_fd_sc_hd__a211o_1)
     3    0.007159    0.048070    0.194927   36.072132 v _19103_/X (sky130_fd_sc_hd__a211o_1)
                                                         _09233_ (net)
                      0.048070    0.000068   36.072197 v _19105_/B (sky130_fd_sc_hd__and3_1)
     3    0.008301    0.043597    0.125848   36.198048 v _19105_/X (sky130_fd_sc_hd__and3_1)
                                                         _09235_ (net)
                      0.043597    0.000089   36.198135 v _19108_/B (sky130_fd_sc_hd__or4b_4)
     2    0.008877    0.063907    0.316561   36.514698 v _19108_/X (sky130_fd_sc_hd__or4b_4)
                                                         _09238_ (net)
                      0.063907    0.000071   36.514767 v _19166_/B (sky130_fd_sc_hd__nor4_2)
     1    0.003348    0.138302    0.169141   36.683910 ^ _19166_/Y (sky130_fd_sc_hd__nor4_2)
                                                         _09296_ (net)
                      0.138302    0.000039   36.683949 ^ _19173_/A1 (sky130_fd_sc_hd__a221o_2)
     4    0.020260    0.084645    0.148965   36.832912 ^ _19173_/X (sky130_fd_sc_hd__a221o_2)
                                                         _09303_ (net)
                      0.084648    0.000632   36.833546 ^ _19202_/A2 (sky130_fd_sc_hd__a221o_1)
     4    0.020722    0.154577    0.176783   37.010330 ^ _19202_/X (sky130_fd_sc_hd__a221o_1)
                                                         _09332_ (net)
                      0.154579    0.000554   37.010883 ^ _19233_/A1 (sky130_fd_sc_hd__a41o_4)
     8    0.040531    0.098782    0.190809   37.201691 ^ _19233_/X (sky130_fd_sc_hd__a41o_4)
                                                         _09363_ (net)
                      0.098785    0.000728   37.202419 ^ _19267_/A2 (sky130_fd_sc_hd__a21o_1)
     2    0.011718    0.082085    0.117744   37.320164 ^ _19267_/X (sky130_fd_sc_hd__a21o_1)
                                                         _09397_ (net)
                      0.082085    0.000224   37.320389 ^ fanout360/A (sky130_fd_sc_hd__buf_6)
     5    0.034729    0.058309    0.095273   37.415661 ^ fanout360/X (sky130_fd_sc_hd__buf_6)
                                                         net360 (net)
                      0.058369    0.001503   37.417164 ^ fanout358/A (sky130_fd_sc_hd__buf_8)
     5    0.032683    0.047843    0.083023   37.500187 ^ fanout358/X (sky130_fd_sc_hd__buf_8)
                                                         net358 (net)
                      0.047906    0.001066   37.501251 ^ _19343_/S (sky130_fd_sc_hd__mux2_4)
     3    0.009766    0.044115    0.192944   37.694199 v _19343_/X (sky130_fd_sc_hd__mux2_4)
                                                         _09473_ (net)
                      0.044115    0.000107   37.694305 v _19344_/B (sky130_fd_sc_hd__and2_4)
     2    0.006131    0.024509    0.105292   37.799595 v _19344_/X (sky130_fd_sc_hd__and2_4)
                                                         _09474_ (net)
                      0.024509    0.000050   37.799644 v _19346_/A (sky130_fd_sc_hd__or2_4)
     2    0.007301    0.035846    0.152056   37.951702 v _19346_/X (sky130_fd_sc_hd__or2_4)
                                                         _09476_ (net)
                      0.035846    0.000050   37.951752 v _19354_/D (sky130_fd_sc_hd__or4_4)
     2    0.005650    0.059842    0.244924   38.196674 v _19354_/X (sky130_fd_sc_hd__or4_4)
                                                         _09484_ (net)
                      0.059842    0.000060   38.196735 v _19355_/C (sky130_fd_sc_hd__or4_4)
     4    0.012549    0.068207    0.306773   38.503510 v _19355_/X (sky130_fd_sc_hd__or4_4)
                                                         _09485_ (net)
                      0.068207    0.000234   38.503742 v _19417_/A2 (sky130_fd_sc_hd__a2111o_1)
     3    0.016017    0.084342    0.308944   38.812687 v _19417_/X (sky130_fd_sc_hd__a2111o_1)
                                                         _09547_ (net)
                      0.084346    0.000675   38.813362 v _19448_/A2 (sky130_fd_sc_hd__a2111o_4)
     7    0.033794    0.079351    0.363652   39.177013 v _19448_/X (sky130_fd_sc_hd__a2111o_4)
                                                         _09578_ (net)
                      0.079351    0.000330   39.177345 v _19461_/A (sky130_fd_sc_hd__nand2_4)
     2    0.011563    0.047738    0.062666   39.240013 ^ _19461_/Y (sky130_fd_sc_hd__nand2_4)
                                                         _09591_ (net)
                      0.047738    0.000107   39.240120 ^ fanout357/A (sky130_fd_sc_hd__buf_8)
     5    0.034268    0.049580    0.081943   39.322060 ^ fanout357/X (sky130_fd_sc_hd__buf_8)
                                                         net357 (net)
                      0.049643    0.001418   39.323479 ^ fanout355/A (sky130_fd_sc_hd__buf_8)
     5    0.033699    0.048757    0.082050   39.405529 ^ fanout355/X (sky130_fd_sc_hd__buf_8)
                                                         net355 (net)
                      0.048828    0.001208   39.406738 ^ _19507_/S (sky130_fd_sc_hd__mux2_4)
     4    0.025588    0.061383    0.215810   39.622547 v _19507_/X (sky130_fd_sc_hd__mux2_4)
                                                         _09637_ (net)
                      0.061385    0.000405   39.622952 v _19510_/A (sky130_fd_sc_hd__xnor2_4)
     3    0.010429    0.044455    0.109043   39.731995 v _19510_/Y (sky130_fd_sc_hd__xnor2_4)
                                                         _09640_ (net)
                      0.044455    0.000146   39.732140 v _19528_/A (sky130_fd_sc_hd__or4_4)
     1    0.004072    0.057160    0.317794   40.049934 v _19528_/X (sky130_fd_sc_hd__or4_4)
                                                         _09658_ (net)
                      0.057160    0.000064   40.049999 v _19529_/C1 (sky130_fd_sc_hd__a211o_1)
     3    0.006991    0.047467    0.125429   40.175426 v _19529_/X (sky130_fd_sc_hd__a211o_1)
                                                         _09659_ (net)
                      0.047467    0.000064   40.175491 v _19562_/A2 (sky130_fd_sc_hd__a2111o_1)
     4    0.016911    0.087099    0.304869   40.480358 v _19562_/X (sky130_fd_sc_hd__a2111o_1)
                                                         _09692_ (net)
                      0.087101    0.000593   40.480953 v _19596_/A2 (sky130_fd_sc_hd__a2111o_1)
     3    0.009888    0.066947    0.294431   40.775383 v _19596_/X (sky130_fd_sc_hd__a2111o_1)
                                                         _09726_ (net)
                      0.066947    0.000114   40.775497 v _19631_/A2 (sky130_fd_sc_hd__a21bo_1)
     3    0.012501    0.052656    0.162121   40.937618 v _19631_/X (sky130_fd_sc_hd__a21bo_1)
                                                         _09761_ (net)
                      0.052656    0.000131   40.937752 v _19642_/A2 (sky130_fd_sc_hd__a21o_1)
     3    0.012475    0.051046    0.148226   41.085976 v _19642_/X (sky130_fd_sc_hd__a21o_1)
                                                         _09772_ (net)
                      0.051046    0.000096   41.086071 v fanout352/A (sky130_fd_sc_hd__buf_6)
     5    0.020944    0.025699    0.091557   41.177631 v fanout352/X (sky130_fd_sc_hd__buf_6)
                                                         net352 (net)
                      0.025712    0.000536   41.178165 v _19667_/A1 (sky130_fd_sc_hd__a21o_1)
     3    0.007504    0.037795    0.107576   41.285744 v _19667_/X (sky130_fd_sc_hd__a21o_1)
                                                         _09797_ (net)
                      0.037795    0.000096   41.285839 v _19704_/C (sky130_fd_sc_hd__and3_1)
     3    0.008175    0.043153    0.131894   41.417732 v _19704_/X (sky130_fd_sc_hd__and3_1)
                                                         _09834_ (net)
                      0.043153    0.000068   41.417801 v _19714_/B (sky130_fd_sc_hd__or4_4)
     3    0.008850    0.063724    0.314898   41.732700 v _19714_/X (sky130_fd_sc_hd__or4_4)
                                                         _09844_ (net)
                      0.063724    0.000036   41.732735 v _19719_/C (sky130_fd_sc_hd__or4_4)
     5    0.112737    0.160626    0.423029   42.155762 v _19719_/X (sky130_fd_sc_hd__or4_4)
                                                         _09849_ (net)
                      0.160626    0.000668   42.156429 v _19723_/C1 (sky130_fd_sc_hd__o2111ai_4)
     5    0.021964    0.202130    0.139426   42.295856 ^ _19723_/Y (sky130_fd_sc_hd__o2111ai_4)
                                                         _09853_ (net)
                      0.202130    0.000210   42.296066 ^ _19783_/C (sky130_fd_sc_hd__nand3_4)
     5    0.027927    0.084388    0.082451   42.378517 v _19783_/Y (sky130_fd_sc_hd__nand3_4)
                                                         _09913_ (net)
                      0.084400    0.000767   42.379284 v _19852_/A2 (sky130_fd_sc_hd__a2111o_4)
     7    0.038996    0.084847    0.370708   42.749992 v _19852_/X (sky130_fd_sc_hd__a2111o_4)
                                                         _09982_ (net)
                      0.084847    0.000355   42.750347 v _19881_/A (sky130_fd_sc_hd__nand2_8)
     5    0.034032    0.064456    0.079527   42.829876 ^ _19881_/Y (sky130_fd_sc_hd__nand2_8)
                                                         _10011_ (net)
                      0.064456    0.000224   42.830101 ^ fanout347/A (sky130_fd_sc_hd__buf_8)
     5    0.032465    0.047507    0.084604   42.914703 ^ fanout347/X (sky130_fd_sc_hd__buf_8)
                                                         net347 (net)
                      0.047511    0.000494   42.915199 ^ _19942_/S (sky130_fd_sc_hd__mux2_4)
     4    0.025473    0.061455    0.215366   43.130562 v _19942_/X (sky130_fd_sc_hd__mux2_4)
                                                         _10072_ (net)
                      0.061459    0.000540   43.131104 v _19943_/A (sky130_fd_sc_hd__xnor2_4)
     4    0.013655    0.051904    0.113520   43.244625 v _19943_/Y (sky130_fd_sc_hd__xnor2_4)
                                                         _10073_ (net)
                      0.051904    0.000103   43.244728 v _19954_/B (sky130_fd_sc_hd__or4_4)
     2    0.007472    0.062067    0.314742   43.559467 v _19954_/X (sky130_fd_sc_hd__or4_4)
                                                         _10084_ (net)
                      0.062067    0.000075   43.559544 v _19958_/A2 (sky130_fd_sc_hd__o31a_1)
     2    0.013704    0.065904    0.214929   43.774471 v _19958_/X (sky130_fd_sc_hd__o31a_1)
                                                         _10088_ (net)
                      0.065904    0.000167   43.774639 v _20023_/A2 (sky130_fd_sc_hd__o2111ai_4)
     6    0.036240    0.266001    0.242636   44.017273 ^ _20023_/Y (sky130_fd_sc_hd__o2111ai_4)
                                                         _10153_ (net)
                      0.266002    0.001258   44.018532 ^ _20056_/C (sky130_fd_sc_hd__nand3_4)
     6    0.023998    0.086146    0.078110   44.096642 v _20056_/Y (sky130_fd_sc_hd__nand3_4)
                                                         _10186_ (net)
                      0.086149    0.000181   44.096825 v _20091_/A (sky130_fd_sc_hd__nand2_4)
     1    0.008048    0.041808    0.058986   44.155807 ^ _20091_/Y (sky130_fd_sc_hd__nand2_4)
                                                         _10221_ (net)
                      0.041808    0.000082   44.155891 ^ fanout343/A (sky130_fd_sc_hd__buf_8)
     7    0.046818    0.063603    0.091614   44.247505 ^ fanout343/X (sky130_fd_sc_hd__buf_8)
                                                         net343 (net)
                      0.063604    0.000210   44.247715 ^ fanout342/A (sky130_fd_sc_hd__buf_6)
    10    0.059642    0.093327    0.117641   44.365356 ^ fanout342/X (sky130_fd_sc_hd__buf_6)
                                                         net342 (net)
                      0.093392    0.002018   44.367374 ^ _20098_/S (sky130_fd_sc_hd__mux2_4)
     4    0.016579    0.051994    0.207841   44.575214 v _20098_/X (sky130_fd_sc_hd__mux2_4)
                                                         _10228_ (net)
                      0.051999    0.000536   44.575752 v _20101_/B (sky130_fd_sc_hd__xnor2_1)
     1    0.004647    0.049546    0.090282   44.666031 v _20101_/Y (sky130_fd_sc_hd__xnor2_1)
                                                         _10231_ (net)
                      0.049546    0.000043   44.666077 v _20102_/A (sky130_fd_sc_hd__inv_2)
     3    0.013244    0.049997    0.060155   44.726231 ^ _20102_/Y (sky130_fd_sc_hd__inv_2)
                                                         _10232_ (net)
                      0.049997    0.000110   44.726341 ^ _20121_/A1 (sky130_fd_sc_hd__o211ai_2)
     4    0.016182    0.076807    0.082917   44.809258 v _20121_/Y (sky130_fd_sc_hd__o211ai_2)
                                                         _10251_ (net)
                      0.076833    0.000270   44.809525 v _20156_/A3 (sky130_fd_sc_hd__a31o_4)
     3    0.013964    0.036333    0.180275   44.989803 v _20156_/X (sky130_fd_sc_hd__a31o_4)
                                                         _10286_ (net)
                      0.036334    0.000259   44.990063 v _20217_/A2 (sky130_fd_sc_hd__a221o_4)
     8    0.037528    0.067155    0.256058   45.246120 v _20217_/X (sky130_fd_sc_hd__a221o_4)
                                                         _10353_ (net)
                      0.067187    0.001350   45.247471 v _20303_/A2 (sky130_fd_sc_hd__a21o_1)
     3    0.014171    0.055792    0.157467   45.404938 v _20303_/X (sky130_fd_sc_hd__a21o_1)
                                                         _10448_ (net)
                      0.055792    0.000124   45.405060 v fanout339/A (sky130_fd_sc_hd__buf_8)
     6    0.042491    0.034341    0.103068   45.508129 v fanout339/X (sky130_fd_sc_hd__buf_8)
                                                         net339 (net)
                      0.034440    0.001609   45.509739 v fanout338/A (sky130_fd_sc_hd__buf_8)
     5    0.029396    0.027350    0.087446   45.597183 v fanout338/X (sky130_fd_sc_hd__buf_8)
                                                         net338 (net)
                      0.027375    0.000746   45.597931 v _20359_/S (sky130_fd_sc_hd__mux2_4)
     3    0.007548    0.041754    0.191214   45.789143 v _20359_/X (sky130_fd_sc_hd__mux2_4)
                                                         _10509_ (net)
                      0.041754    0.000068   45.789211 v _20361_/B (sky130_fd_sc_hd__and2_4)
     2    0.011594    0.028832    0.111164   45.900375 v _20361_/X (sky130_fd_sc_hd__and2_4)
                                                         _10512_ (net)
                      0.028832    0.000139   45.900517 v _20362_/B (sky130_fd_sc_hd__nor2_4)
     2    0.008008    0.060888    0.058023   45.958538 ^ _20362_/Y (sky130_fd_sc_hd__nor2_4)
                                                         _10513_ (net)
                      0.060888    0.000050   45.958588 ^ _20363_/C_N (sky130_fd_sc_hd__or3b_4)
     1    0.003883    0.045633    0.223473   46.182060 v _20363_/X (sky130_fd_sc_hd__or3b_4)
                                                         _10514_ (net)
                      0.045633    0.000043   46.182102 v _20364_/C (sky130_fd_sc_hd__or4_4)
     5    0.016081    0.072320    0.309612   46.491714 v _20364_/X (sky130_fd_sc_hd__or4_4)
                                                         _10515_ (net)
                      0.072321    0.000263   46.491978 v _20427_/A2 (sky130_fd_sc_hd__a2111o_4)
     6    0.024579    0.070303    0.347836   46.839813 v _20427_/X (sky130_fd_sc_hd__a2111o_4)
                                                         _10584_ (net)
                      0.070303    0.000540   46.840355 v _20484_/A1 (sky130_fd_sc_hd__a2111oi_1)
     2    0.007889    0.359249    0.328647   47.169003 ^ _20484_/Y (sky130_fd_sc_hd__a2111oi_1)
                                                         _10647_ (net)
                      0.359249    0.000099   47.169102 ^ fanout335/A (sky130_fd_sc_hd__clkbuf_2)
    10    0.033968    0.145188    0.183828   47.352928 ^ fanout335/X (sky130_fd_sc_hd__clkbuf_2)
                                                         net335 (net)
                      0.145242    0.000778   47.353706 ^ _20580_/B (sky130_fd_sc_hd__or3_1)
     3    0.008174    0.062961    0.108201   47.461906 ^ _20580_/X (sky130_fd_sc_hd__or3_1)
                                                         _10752_ (net)
                      0.062961    0.000114   47.462021 ^ _20582_/A2 (sky130_fd_sc_hd__a21oi_1)
     4    0.010400    0.071339    0.067683   47.529705 v _20582_/Y (sky130_fd_sc_hd__a21oi_1)
                                                         _10755_ (net)
                      0.071339    0.000156   47.529861 v _20593_/A (sky130_fd_sc_hd__or4b_4)
     1    0.003446    0.056520    0.326260   47.856121 v _20593_/X (sky130_fd_sc_hd__or4b_4)
                                                         _10767_ (net)
                      0.056520    0.000043   47.856163 v _20594_/A (sky130_fd_sc_hd__or4_4)
     2    0.009029    0.063950    0.333138   48.189301 v _20594_/X (sky130_fd_sc_hd__or4_4)
                                                         _10768_ (net)
                      0.063950    0.000181   48.189484 v _20595_/C (sky130_fd_sc_hd__or4_4)
     2    0.007539    0.062142    0.297838   48.487320 v _20595_/X (sky130_fd_sc_hd__or4_4)
                                                         _10769_ (net)
                      0.062142    0.000043   48.487362 v _20675_/A2 (sky130_fd_sc_hd__o221a_4)
     4    0.015483    0.043085    0.178947   48.666309 v _20675_/X (sky130_fd_sc_hd__o221a_4)
                                                         _10857_ (net)
                      0.043085    0.000181   48.666492 v _20704_/A1 (sky130_fd_sc_hd__a211o_4)
     5    0.031594    0.063032    0.239094   48.905586 v _20704_/X (sky130_fd_sc_hd__a211o_4)
                                                         _10889_ (net)
                      0.063032    0.000249   48.905834 v _20765_/A (sky130_fd_sc_hd__nand2_4)
     2    0.016508    0.055605    0.064333   48.970165 ^ _20765_/Y (sky130_fd_sc_hd__nand2_4)
                                                         _10956_ (net)
                      0.055605    0.000213   48.970379 ^ fanout330/A (sky130_fd_sc_hd__buf_8)
     6    0.037874    0.053610    0.087326   49.057705 ^ fanout330/X (sky130_fd_sc_hd__buf_8)
                                                         net330 (net)
                      0.053613    0.000487   49.058193 ^ fanout329/A (sky130_fd_sc_hd__buf_12)
     6    0.044249    0.047623    0.085489   49.143681 ^ fanout329/X (sky130_fd_sc_hd__buf_12)
                                                         net329 (net)
                      0.047703    0.001307   49.144989 ^ fanout328/A (sky130_fd_sc_hd__buf_12)
     5    0.038128    0.042688    0.080625   49.225613 ^ fanout328/X (sky130_fd_sc_hd__buf_12)
                                                         net328 (net)
                      0.042739    0.000842   49.226456 ^ _20912_/S (sky130_fd_sc_hd__mux2_4)
     4    0.025791    0.061562    0.214619   49.441074 v _20912_/X (sky130_fd_sc_hd__mux2_4)
                                                         _11117_ (net)
                      0.061572    0.000757   49.441830 v _20915_/A (sky130_fd_sc_hd__xnor2_4)
     3    0.007931    0.038652    0.105359   49.547192 v _20915_/Y (sky130_fd_sc_hd__xnor2_4)
                                                         _11120_ (net)
                      0.038652    0.000050   49.547241 v _20923_/C (sky130_fd_sc_hd__or4_4)
     2    0.006394    0.060699    0.287528   49.834770 v _20923_/X (sky130_fd_sc_hd__or4_4)
                                                         _11129_ (net)
                      0.060699    0.000082   49.834850 v _20956_/C (sky130_fd_sc_hd__or3_4)
     2    0.011525    0.053587    0.214193   50.049046 v _20956_/X (sky130_fd_sc_hd__or3_4)
                                                         _11165_ (net)
                      0.053587    0.000099   50.049145 v _20966_/A1 (sky130_fd_sc_hd__o31ai_4)
     2    0.015155    0.195720    0.222375   50.271519 ^ _20966_/Y (sky130_fd_sc_hd__o31ai_4)
                                                         _11176_ (net)
                      0.195720    0.000465   50.271984 ^ wire327/A (sky130_fd_sc_hd__buf_6)
     5    0.032112    0.056252    0.102322   50.374306 ^ wire327/X (sky130_fd_sc_hd__buf_6)
                                                         net327 (net)
                      0.056254    0.000423   50.374729 ^ _20973_/A2 (sky130_fd_sc_hd__a21o_4)
     5    0.031910    0.072341    0.112994   50.487720 ^ _20973_/X (sky130_fd_sc_hd__a21o_4)
                                                         _11184_ (net)
                      0.072341    0.000323   50.488045 ^ fanout326/A (sky130_fd_sc_hd__buf_12)
     5    0.035762    0.041188    0.084217   50.572262 ^ fanout326/X (sky130_fd_sc_hd__buf_12)
                                                         net326 (net)
                      0.041290    0.001418   50.573681 ^ _20982_/B2 (sky130_fd_sc_hd__a22oi_1)
     1    0.004937    0.085315    0.044349   50.618027 v _20982_/Y (sky130_fd_sc_hd__a22oi_1)
                                                         _11194_ (net)
                      0.085315    0.000050   50.618080 v _20986_/A (sky130_fd_sc_hd__xnor2_1)
     2    0.008067    0.062074    0.118575   50.736652 v _20986_/Y (sky130_fd_sc_hd__xnor2_1)
                                                         _11198_ (net)
                      0.062074    0.000032   50.736687 v _20987_/A1 (sky130_fd_sc_hd__o31a_1)
     2    0.010082    0.056219    0.216076   50.952763 v _20987_/X (sky130_fd_sc_hd__o31a_1)
                                                         _11199_ (net)
                      0.056219    0.000131   50.952892 v _20989_/A1 (sky130_fd_sc_hd__o21ba_4)
     3    0.010335    0.031480    0.150873   51.103767 v _20989_/X (sky130_fd_sc_hd__o21ba_4)
                                                         _11201_ (net)
                      0.031480    0.000160   51.103928 v _20999_/A2 (sky130_fd_sc_hd__o22ai_2)
     3    0.009711    0.122102    0.116163   51.220089 ^ _20999_/Y (sky130_fd_sc_hd__o22ai_2)
                                                         _11212_ (net)
                      0.122102    0.000178   51.220268 ^ _21030_/A1 (sky130_fd_sc_hd__a41o_1)
     4    0.019535    0.143661    0.180336   51.400604 ^ _21030_/X (sky130_fd_sc_hd__a41o_1)
                                                         _11245_ (net)
                      0.143661    0.000597   51.401199 ^ _21062_/A2 (sky130_fd_sc_hd__a221o_2)
     5    0.027495    0.111178    0.168455   51.569656 ^ _21062_/X (sky130_fd_sc_hd__a221o_2)
                                                         _11280_ (net)
                      0.111178    0.000497   51.570152 ^ _21132_/A1 (sky130_fd_sc_hd__a41o_4)
     5    0.039637    0.097470    0.181409   51.751560 ^ _21132_/X (sky130_fd_sc_hd__a41o_4)
                                                         _11356_ (net)
                      0.097521    0.002089   51.753651 ^ _21197_/A2 (sky130_fd_sc_hd__a21o_1)
     1    0.007960    0.058659    0.100595   51.854244 ^ _21197_/X (sky130_fd_sc_hd__a21o_1)
                                                         _11426_ (net)
                      0.058659    0.000075   51.854321 ^ fanout323/A (sky130_fd_sc_hd__buf_8)
     7    0.055702    0.073448    0.102901   51.957222 ^ fanout323/X (sky130_fd_sc_hd__buf_8)
                                                         net323 (net)
                      0.073479    0.000263   51.957485 ^ fanout322/A (sky130_fd_sc_hd__buf_12)
     5    0.028631    0.035561    0.080071   52.037556 ^ fanout322/X (sky130_fd_sc_hd__buf_12)
                                                         net322 (net)
                      0.035587    0.000863   52.038418 ^ _21271_/S (sky130_fd_sc_hd__mux2_4)
     4    0.014858    0.049748    0.199009   52.237427 v _21271_/X (sky130_fd_sc_hd__mux2_4)
                                                         _11507_ (net)
                      0.049749    0.000274   52.237701 v _21272_/B (sky130_fd_sc_hd__xnor2_1)
     3    0.010772    0.071551    0.110763   52.348461 v _21272_/Y (sky130_fd_sc_hd__xnor2_1)
                                                         _11508_ (net)
                      0.071551    0.000043   52.348507 v _21278_/C (sky130_fd_sc_hd__nor4_1)
     2    0.018924    0.546207    0.454893   52.803398 ^ _21278_/Y (sky130_fd_sc_hd__nor4_1)
                                                         _11514_ (net)
                      0.546207    0.000092   52.803490 ^ _21289_/A1 (sky130_fd_sc_hd__a211o_1)
     3    0.015598    0.108895    0.140240   52.943729 ^ _21289_/X (sky130_fd_sc_hd__a211o_1)
                                                         _11526_ (net)
                      0.108895    0.000242   52.943974 ^ _21319_/A2 (sky130_fd_sc_hd__a221o_2)
     4    0.019344    0.081384    0.142006   53.085979 ^ _21319_/X (sky130_fd_sc_hd__a221o_2)
                                                         _11558_ (net)
                      0.081385    0.000522   53.086502 ^ _21349_/B1 (sky130_fd_sc_hd__a221o_2)
     6    0.031708    0.126796    0.162444   53.248943 ^ _21349_/X (sky130_fd_sc_hd__a221o_2)
                                                         _11591_ (net)
                      0.126799    0.000835   53.249779 ^ _21412_/A2 (sky130_fd_sc_hd__a21o_1)
     3    0.009886    0.070678    0.113513   53.363293 ^ _21412_/X (sky130_fd_sc_hd__a21o_1)
                                                         _11660_ (net)
                      0.070678    0.000103   53.363396 ^ _21417_/A1 (sky130_fd_sc_hd__a31o_1)
     1    0.006117    0.052800    0.096666   53.460060 ^ _21417_/X (sky130_fd_sc_hd__a31o_1)
                                                         _11665_ (net)
                      0.052800    0.000075   53.460136 ^ fanout318/A (sky130_fd_sc_hd__buf_6)
     7    0.052599    0.083293    0.108862   53.568996 ^ fanout318/X (sky130_fd_sc_hd__buf_6)
                                                         net318 (net)
                      0.083293    0.000131   53.569130 ^ fanout316/A (sky130_fd_sc_hd__clkbuf_4)
    10    0.056290    0.131838    0.173642   53.742771 ^ fanout316/X (sky130_fd_sc_hd__clkbuf_4)
                                                         net316 (net)
                      0.131921    0.002711   53.745483 ^ _21549_/S (sky130_fd_sc_hd__mux2_2)
     4    0.029917    0.084755    0.263682   54.009167 v _21549_/X (sky130_fd_sc_hd__mux2_2)
                                                         _11808_ (net)
                      0.084844    0.002473   54.011639 v _21552_/B (sky130_fd_sc_hd__xnor2_1)
     3    0.010860    0.074917    0.124732   54.136372 v _21552_/Y (sky130_fd_sc_hd__xnor2_1)
                                                         _11812_ (net)
                      0.074917    0.000078   54.136448 v _21565_/B (sky130_fd_sc_hd__or4b_1)
     1    0.003447    0.056126    0.295774   54.432220 v _21565_/X (sky130_fd_sc_hd__or4b_1)
                                                         _11825_ (net)
                      0.056126    0.000043   54.432266 v _21566_/C (sky130_fd_sc_hd__or3_4)
     4    0.018910    0.062987    0.226027   54.658291 v _21566_/X (sky130_fd_sc_hd__or3_4)
                                                         _11826_ (net)
                      0.062987    0.000483   54.658775 v _21570_/A1 (sky130_fd_sc_hd__a21o_4)
     7    0.031563    0.048011    0.165084   54.823860 v _21570_/X (sky130_fd_sc_hd__a21o_4)
                                                         _11830_ (net)
                      0.048011    0.000270   54.824127 v _21578_/A1 (sky130_fd_sc_hd__a21o_2)
     8    0.030170    0.068897    0.169031   54.993160 v _21578_/X (sky130_fd_sc_hd__a21o_2)
                                                         _11838_ (net)
                      0.068897    0.000234   54.993393 v _21640_/A (sky130_fd_sc_hd__and3_1)
     1    0.004796    0.033263    0.108777   55.102173 v _21640_/X (sky130_fd_sc_hd__and3_1)
                                                         _11904_ (net)
                      0.033263    0.000085   55.102257 v fanout311/A (sky130_fd_sc_hd__clkbuf_2)
     5    0.032730    0.087824    0.125365   55.227623 v fanout311/X (sky130_fd_sc_hd__clkbuf_2)
                                                         net311 (net)
                      0.087824    0.000369   55.227989 v _21647_/A1 (sky130_fd_sc_hd__o31ai_4)
     5    0.030419    0.295882    0.310500   55.538490 ^ _21647_/Y (sky130_fd_sc_hd__o31ai_4)
                                                         _11912_ (net)
                      0.295882    0.000895   55.539387 ^ _21780_/B (sky130_fd_sc_hd__xnor2_2)
     3    0.013277    0.077067    0.069484   55.608871 v _21780_/Y (sky130_fd_sc_hd__xnor2_2)
                                                         _12058_ (net)
                      0.077068    0.000213   55.609085 v _21803_/A (sky130_fd_sc_hd__nor4_2)
     2    0.007713    0.199085    0.235669   55.844753 ^ _21803_/Y (sky130_fd_sc_hd__nor4_2)
                                                         _12084_ (net)
                      0.199085    0.000050   55.844803 ^ max_cap304/A (sky130_fd_sc_hd__buf_1)
     2    0.009303    0.086962    0.098595   55.943398 ^ max_cap304/X (sky130_fd_sc_hd__buf_1)
                                                         net304 (net)
                      0.086962    0.000068   55.943466 ^ _21828_/A1 (sky130_fd_sc_hd__a21o_1)
     3    0.019381    0.130420    0.145196   56.088661 ^ _21828_/X (sky130_fd_sc_hd__a21o_1)
                                                         _12111_ (net)
                      0.130428    0.000856   56.089516 ^ _21861_/B (sky130_fd_sc_hd__nand4_2)
     6    0.017069    0.100743    0.109068   56.198586 v _21861_/Y (sky130_fd_sc_hd__nand4_2)
                                                         _12148_ (net)
                      0.100743    0.000178   56.198761 v _21917_/A_N (sky130_fd_sc_hd__nand2b_2)
     2    0.028742    0.086708    0.185391   56.384155 v _21917_/Y (sky130_fd_sc_hd__nand2b_2)
                                                         _12209_ (net)
                      0.086710    0.000380   56.384533 v fanout302/A (sky130_fd_sc_hd__buf_2)
    10    0.048347    0.081902    0.157346   56.541882 v fanout302/X (sky130_fd_sc_hd__buf_2)
                                                         net302 (net)
                      0.081920    0.001236   56.543118 v _21949_/A2 (sky130_fd_sc_hd__a311o_1)
     3    0.010344    0.065210    0.238558   56.781673 v _21949_/X (sky130_fd_sc_hd__a311o_1)
                                                         _12244_ (net)
                      0.065211    0.000291   56.781967 v _21952_/C (sky130_fd_sc_hd__and3_1)
     2    0.005657    0.035623    0.134321   56.916286 v _21952_/X (sky130_fd_sc_hd__and3_1)
                                                         _12248_ (net)
                      0.035623    0.000068   56.916355 v _21961_/C (sky130_fd_sc_hd__or4b_4)
     3    0.011305    0.066779    0.298176   57.214531 v _21961_/X (sky130_fd_sc_hd__or4b_4)
                                                         _12258_ (net)
                      0.066779    0.000277   57.214806 v _21976_/D (sky130_fd_sc_hd__or4_4)
     3    0.010598    0.065857    0.263846   57.478653 v _21976_/X (sky130_fd_sc_hd__or4_4)
                                                         _12274_ (net)
                      0.065857    0.000092   57.478745 v _22001_/A2 (sky130_fd_sc_hd__a2111o_1)
     4    0.014127    0.078441    0.302311   57.781055 v _22001_/X (sky130_fd_sc_hd__a2111o_1)
                                                         _12302_ (net)
                      0.078441    0.000139   57.781197 v _22061_/A2 (sky130_fd_sc_hd__a2111o_4)
     7    0.034126    0.079796    0.361936   58.143131 v _22061_/X (sky130_fd_sc_hd__a2111o_4)
                                                         _12368_ (net)
                      0.079829    0.001517   58.144650 v _22173_/A2 (sky130_fd_sc_hd__o21ba_4)
     3    0.022111    0.042118    0.158643   58.303291 v _22173_/X (sky130_fd_sc_hd__o21ba_4)
                                                         _12491_ (net)
                      0.042131    0.000675   58.303967 v fanout296/A (sky130_fd_sc_hd__buf_8)
     5    0.025220    0.025456    0.088445   58.392410 v fanout296/X (sky130_fd_sc_hd__buf_8)
                                                         net296 (net)
                      0.025526    0.001133   58.393543 v _22192_/A (sky130_fd_sc_hd__nand2_1)
     1    0.005448    0.051723    0.047550   58.441093 ^ _22192_/Y (sky130_fd_sc_hd__nand2_1)
                                                         _12512_ (net)
                      0.051723    0.000060   58.441154 ^ fanout294/A (sky130_fd_sc_hd__clkbuf_4)
     9    0.048915    0.115790    0.154035   58.595188 ^ fanout294/X (sky130_fd_sc_hd__clkbuf_4)
                                                         net294 (net)
                      0.115790    0.000163   58.595352 ^ fanout293/A (sky130_fd_sc_hd__buf_8)
    10    0.059094    0.077515    0.112152   58.707504 ^ fanout293/X (sky130_fd_sc_hd__buf_8)
                                                         net293 (net)
                      0.077554    0.001407   58.708912 ^ _22207_/S (sky130_fd_sc_hd__mux2_2)
     4    0.016385    0.060482    0.235353   58.944263 v _22207_/X (sky130_fd_sc_hd__mux2_2)
                                                         _12528_ (net)
                      0.060482    0.000309   58.944572 v _22210_/B (sky130_fd_sc_hd__xnor2_1)
     3    0.011346    0.076689    0.116948   59.061523 v _22210_/Y (sky130_fd_sc_hd__xnor2_1)
                                                         _12531_ (net)
                      0.076689    0.000107   59.061630 v _22225_/A (sky130_fd_sc_hd__or3b_4)
     3    0.016466    0.061500    0.274532   59.336163 v _22225_/X (sky130_fd_sc_hd__or3b_4)
                                                         _12548_ (net)
                      0.061500    0.000131   59.336292 v _22258_/A2 (sky130_fd_sc_hd__o311a_4)
     5    0.025862    0.062106    0.261988   59.598282 v _22258_/X (sky130_fd_sc_hd__o311a_4)
                                                         _12584_ (net)
                      0.062144    0.000782   59.599060 v _22310_/A1 (sky130_fd_sc_hd__o211a_1)
     1    0.004296    0.033010    0.153712   59.752773 v _22310_/X (sky130_fd_sc_hd__o211a_1)
                                                         _12641_ (net)
                      0.033010    0.000071   59.752846 v fanout289/A (sky130_fd_sc_hd__clkbuf_2)
     5    0.027077    0.073997    0.114603   59.867447 v fanout289/X (sky130_fd_sc_hd__clkbuf_2)
                                                         net289 (net)
                      0.073997    0.000149   59.867596 v fanout288/A (sky130_fd_sc_hd__clkbuf_4)
    10    0.046151    0.071707    0.152376   60.019974 v fanout288/X (sky130_fd_sc_hd__clkbuf_4)
                                                         net288 (net)
                      0.071709    0.000533   60.020504 v _22432_/A (sky130_fd_sc_hd__nand2_1)
     2    0.011077    0.084802    0.092690   60.113197 ^ _22432_/Y (sky130_fd_sc_hd__nand2_1)
                                                         _12776_ (net)
                      0.084802    0.000099   60.113297 ^ fanout285/A (sky130_fd_sc_hd__clkbuf_2)
     5    0.024624    0.106296    0.133120   60.246414 ^ fanout285/X (sky130_fd_sc_hd__clkbuf_2)
                                                         net285 (net)
                      0.106296    0.000398   60.246815 ^ _22503_/S (sky130_fd_sc_hd__mux2_2)
     5    0.022748    0.071527    0.249692   60.496506 v _22503_/X (sky130_fd_sc_hd__mux2_2)
                                                         _12854_ (net)
                      0.071536    0.000846   60.497353 v _22505_/B1 (sky130_fd_sc_hd__o221ai_2)
     3    0.008954    0.135321    0.142990   60.640339 ^ _22505_/Y (sky130_fd_sc_hd__o221ai_2)
                                                         _12856_ (net)
                      0.135321    0.000178   60.640518 ^ _22543_/C_N (sky130_fd_sc_hd__or4bb_4)
     3    0.007810    0.062879    0.329877   60.970394 v _22543_/X (sky130_fd_sc_hd__or4bb_4)
                                                         _12898_ (net)
                      0.062879    0.000071   60.970467 v _22547_/A1 (sky130_fd_sc_hd__a21o_1)
     4    0.016885    0.063532    0.146613   61.117081 v _22547_/X (sky130_fd_sc_hd__a21o_1)
                                                         _12902_ (net)
                      0.063534    0.000419   61.117500 v _22582_/A2 (sky130_fd_sc_hd__a211o_4)
     5    0.029077    0.060682    0.248427   61.365925 v _22582_/X (sky130_fd_sc_hd__a211o_4)
                                                         _12941_ (net)
                      0.060729    0.001492   61.367416 v _22643_/A2 (sky130_fd_sc_hd__o221a_4)
     1    0.011063    0.038191    0.171006   61.538425 v _22643_/X (sky130_fd_sc_hd__o221a_4)
                                                         _13008_ (net)
                      0.038210    0.000306   61.538731 v fanout281/A (sky130_fd_sc_hd__buf_8)
     8    0.044698    0.035790    0.096250   61.634979 v fanout281/X (sky130_fd_sc_hd__buf_8)
                                                         net281 (net)
                      0.036177    0.002998   61.637978 v fanout280/A (sky130_fd_sc_hd__buf_8)
     5    0.022151    0.023922    0.084526   61.722504 v fanout280/X (sky130_fd_sc_hd__buf_8)
                                                         net280 (net)
                      0.023933    0.000462   61.722965 v _22851_/B1 (sky130_fd_sc_hd__a2bb2o_4)
     3    0.009289    0.030179    0.137689   61.860657 v _22851_/X (sky130_fd_sc_hd__a2bb2o_4)
                                                         _13237_ (net)
                      0.030179    0.000107   61.860764 v _22853_/B (sky130_fd_sc_hd__and3_4)
     5    0.013908    0.033848    0.116714   61.977474 v _22853_/X (sky130_fd_sc_hd__and3_4)
                                                         _13239_ (net)
                      0.033848    0.000064   61.977539 v _22865_/A (sky130_fd_sc_hd__or4_4)
     1    0.002924    0.055498    0.311140   62.288677 v _22865_/X (sky130_fd_sc_hd__or4_4)
                                                         _13252_ (net)
                      0.055498    0.000028   62.288708 v _22866_/C1 (sky130_fd_sc_hd__a2111o_1)
     3    0.008800    0.062952    0.188514   62.477222 v _22866_/X (sky130_fd_sc_hd__a2111o_1)
                                                         _13253_ (net)
                      0.062952    0.000156   62.477379 v _22870_/C (sky130_fd_sc_hd__and3_1)
     4    0.013162    0.056690    0.156184   62.633564 v _22870_/X (sky130_fd_sc_hd__and3_1)
                                                         _13257_ (net)
                      0.056691    0.000313   62.633877 v _22897_/C (sky130_fd_sc_hd__or3_4)
     3    0.011012    0.053071    0.211820   62.845695 v _22897_/X (sky130_fd_sc_hd__or3_4)
                                                         _13287_ (net)
                      0.053071    0.000227   62.845921 v _22929_/A2 (sky130_fd_sc_hd__a21o_1)
     4    0.015594    0.059852    0.156028   63.001949 v _22929_/X (sky130_fd_sc_hd__a21o_1)
                                                         _13322_ (net)
                      0.059852    0.000291   63.002243 v _22958_/A2 (sky130_fd_sc_hd__a21oi_2)
     2    0.013505    0.136164    0.152639   63.154881 ^ _22958_/Y (sky130_fd_sc_hd__a21oi_2)
                                                         _13354_ (net)
                      0.136164    0.000334   63.155216 ^ fanout271/A (sky130_fd_sc_hd__buf_6)
     6    0.043604    0.071261    0.111079   63.266293 ^ fanout271/X (sky130_fd_sc_hd__buf_6)
                                                         net271 (net)
                      0.071325    0.001727   63.268021 ^ _23358_/B (sky130_fd_sc_hd__or4b_4)
     5    0.025209    0.063732    0.117829   63.385849 ^ _23358_/X (sky130_fd_sc_hd__or4b_4)
                                                         _13794_ (net)
                      0.063774    0.001492   63.387341 ^ rebuffer147/A (sky130_fd_sc_hd__buf_6)
     1    0.009913    0.024721    0.066834   63.454174 ^ rebuffer147/X (sky130_fd_sc_hd__buf_6)
                                                         net1080 (net)
                      0.024721    0.000114   63.454288 ^ _23362_/C (sky130_fd_sc_hd__nor4_4)
     2    0.006902    0.050878    0.024549   63.478840 v _23362_/Y (sky130_fd_sc_hd__nor4_4)
                                                         _13799_ (net)
                      0.050878    0.000064   63.478901 v wire258/A (sky130_fd_sc_hd__clkbuf_1)
     3    0.006706    0.032439    0.077279   63.556179 v wire258/X (sky130_fd_sc_hd__clkbuf_1)
                                                         net258 (net)
                      0.032439    0.000057   63.556236 v _23364_/A (sky130_fd_sc_hd__and3_1)
     3    0.007746    0.041842    0.104230   63.660465 v _23364_/X (sky130_fd_sc_hd__and3_1)
                                                         _13801_ (net)
                      0.041842    0.000036   63.660503 v _23386_/B (sky130_fd_sc_hd__or4b_4)
     2    0.006121    0.060584    0.310259   63.970760 v _23386_/X (sky130_fd_sc_hd__or4b_4)
                                                         _13825_ (net)
                      0.060585    0.000071   63.970833 v _23387_/A (sky130_fd_sc_hd__or3_4)
     3    0.008389    0.050205    0.245443   64.216278 v _23387_/X (sky130_fd_sc_hd__or3_4)
                                                         _13826_ (net)
                      0.050205    0.000071   64.216347 v _23388_/A (sky130_fd_sc_hd__or3_4)
     3    0.010513    0.052510    0.245834   64.462181 v _23388_/X (sky130_fd_sc_hd__or3_4)
                                                         _13827_ (net)
                      0.052510    0.000128   64.462311 v _23395_/D (sky130_fd_sc_hd__or4_4)
     2    0.022157    0.080269    0.280458   64.742767 v _23395_/X (sky130_fd_sc_hd__or4_4)
                                                         _13835_ (net)
                      0.080269    0.001243   64.744011 v _23396_/B1 (sky130_fd_sc_hd__a311o_4)
     4    0.027035    0.067310    0.195399   64.939407 v _23396_/X (sky130_fd_sc_hd__a311o_4)
                                                         _13836_ (net)
                      0.067313    0.000561   64.939972 v fanout256/A (sky130_fd_sc_hd__buf_8)
     8    0.030347    0.027727    0.102247   65.042213 v fanout256/X (sky130_fd_sc_hd__buf_8)
                                                         net256 (net)
                      0.027738    0.000526   65.042740 v _23597_/S (sky130_fd_sc_hd__mux2_4)
     4    0.028997    0.064813    0.222187   65.264931 v _23597_/X (sky130_fd_sc_hd__mux2_4)
                                                         _14057_ (net)
                      0.064813    0.000185   65.265114 v _23599_/B (sky130_fd_sc_hd__or2_4)
     3    0.010904    0.039349    0.158870   65.423981 v _23599_/X (sky130_fd_sc_hd__or2_4)
                                                         _14059_ (net)
                      0.039349    0.000057   65.424042 v _23608_/B (sky130_fd_sc_hd__or4b_4)
     1    0.002758    0.055453    0.300382   65.724426 v _23608_/X (sky130_fd_sc_hd__or4b_4)
                                                         _14069_ (net)
                      0.055453    0.000021   65.724442 v _23609_/C (sky130_fd_sc_hd__or4_4)
     6    0.017237    0.073833    0.314991   66.039436 v _23609_/X (sky130_fd_sc_hd__or4_4)
                                                         _14070_ (net)
                      0.073833    0.000220   66.039658 v _23723_/C (sky130_fd_sc_hd__or4b_4)
     2    0.005803    0.060133    0.298790   66.338448 v _23723_/X (sky130_fd_sc_hd__or4b_4)
                                                         _14196_ (net)
                      0.060133    0.000071   66.338516 v _23725_/B (sky130_fd_sc_hd__or3_4)
     2    0.012542    0.054718    0.240689   66.579208 v _23725_/X (sky130_fd_sc_hd__or3_4)
                                                         _14198_ (net)
                      0.054718    0.000206   66.579414 v fanout249/A (sky130_fd_sc_hd__buf_8)
     5    0.033392    0.029537    0.097984   66.677399 v fanout249/X (sky130_fd_sc_hd__buf_8)
                                                         net249 (net)
                      0.029537    0.000057   66.677452 v fanout248/A (sky130_fd_sc_hd__clkbuf_4)
    10    0.046510    0.071764    0.134996   66.812447 v fanout248/X (sky130_fd_sc_hd__clkbuf_4)
                                                         net248 (net)
                      0.071782    0.001080   66.813530 v _23926_/S (sky130_fd_sc_hd__mux2_1)
     4    0.012737    0.073956    0.233250   67.046776 v _23926_/X (sky130_fd_sc_hd__mux2_1)
                                                         _14419_ (net)
                      0.073956    0.000249   67.047028 v _23979_/B1 (sky130_fd_sc_hd__o22ai_1)
     2    0.006103    0.124368    0.127294   67.174324 ^ _23979_/Y (sky130_fd_sc_hd__o22ai_1)
                                                         _14477_ (net)
                      0.124368    0.000050   67.174370 ^ _23980_/B (sky130_fd_sc_hd__nand2b_1)
     1    0.009916    0.060923    0.072362   67.246735 v _23980_/Y (sky130_fd_sc_hd__nand2b_1)
                                                         _14478_ (net)
                      0.060923    0.000142   67.246872 v _23982_/A1 (sky130_fd_sc_hd__o311ai_4)
     3    0.018359    0.243944    0.263974   67.510849 ^ _23982_/Y (sky130_fd_sc_hd__o311ai_4)
                                                         _14481_ (net)
                      0.243944    0.000412   67.511261 ^ _23983_/D_N (sky130_fd_sc_hd__or4b_1)
     1    0.002942    0.053501    0.244071   67.755333 v _23983_/X (sky130_fd_sc_hd__or4b_1)
                                                         _14482_ (net)
                      0.053501    0.000028   67.755363 v _23990_/B (sky130_fd_sc_hd__nand3_1)
     2    0.005999    0.069172    0.078650   67.834007 ^ _23990_/Y (sky130_fd_sc_hd__nand3_1)
                                                         _14489_ (net)
                      0.069172    0.000050   67.834061 ^ _23992_/C1 (sky130_fd_sc_hd__a211o_1)
     1    0.004497    0.039073    0.067054   67.901115 ^ _23992_/X (sky130_fd_sc_hd__a211o_1)
                                                         _14492_ (net)
                      0.039073    0.000057   67.901169 ^ fanout244/A (sky130_fd_sc_hd__clkbuf_2)
     5    0.026537    0.113897    0.127180   68.028351 ^ fanout244/X (sky130_fd_sc_hd__clkbuf_2)
                                                         net244 (net)
                      0.113903    0.000696   68.029045 ^ fanout242/A (sky130_fd_sc_hd__buf_2)
     5    0.031185    0.117275    0.150322   68.179367 ^ fanout242/X (sky130_fd_sc_hd__buf_2)
                                                         net242 (net)
                      0.117276    0.000675   68.180046 ^ fanout241/A (sky130_fd_sc_hd__buf_6)
    10    0.048052    0.077273    0.114113   68.294159 ^ fanout241/X (sky130_fd_sc_hd__buf_6)
                                                         net241 (net)
                      0.077341    0.001847   68.296005 ^ _24023_/S (sky130_fd_sc_hd__mux2_1)
     4    0.020053    0.097584    0.252577   68.548584 v _24023_/X (sky130_fd_sc_hd__mux2_1)
                                                         _14526_ (net)
                      0.097589    0.000789   68.549370 v _24026_/B (sky130_fd_sc_hd__xnor2_1)
     3    0.011758    0.206762    0.204231   68.753601 ^ _24026_/Y (sky130_fd_sc_hd__xnor2_1)
                                                         _14529_ (net)
                      0.206762    0.000171   68.753769 ^ _24035_/B (sky130_fd_sc_hd__nand4_1)
     1    0.007876    0.087932    0.091816   68.845589 v _24035_/Y (sky130_fd_sc_hd__nand4_1)
                                                         _14539_ (net)
                      0.087933    0.000256   68.845848 v _24036_/B1 (sky130_fd_sc_hd__a211o_1)
     4    0.014629    0.069720    0.180840   69.026688 v _24036_/X (sky130_fd_sc_hd__a211o_1)
                                                         _14540_ (net)
                      0.069720    0.000163   69.026848 v _24092_/A1 (sky130_fd_sc_hd__a2111o_1)
     3    0.014382    0.079273    0.272472   69.299324 v _24092_/X (sky130_fd_sc_hd__a2111o_1)
                                                         _14602_ (net)
                      0.079274    0.000433   69.299751 v _24124_/A1 (sky130_fd_sc_hd__a31o_4)
     5    0.023394    0.044430    0.177202   69.476959 v _24124_/X (sky130_fd_sc_hd__a31o_4)
                                                         _14637_ (net)
                      0.044442    0.000661   69.477615 v _24158_/A1 (sky130_fd_sc_hd__a21oi_4)
     3    0.019254    0.134517    0.132474   69.610092 ^ _24158_/Y (sky130_fd_sc_hd__a21oi_4)
                                                         _14674_ (net)
                      0.134517    0.000156   69.610245 ^ fanout239/A (sky130_fd_sc_hd__buf_4)
    10    0.032838    0.074403    0.126278   69.736526 ^ fanout239/X (sky130_fd_sc_hd__buf_4)
                                                         net239 (net)
                      0.074411    0.000853   69.737373 ^ _24242_/A (sky130_fd_sc_hd__nor2_1)
     2    0.012987    0.073762    0.058783   69.796158 v _24242_/Y (sky130_fd_sc_hd__nor2_1)
                                                         _14767_ (net)
                      0.073763    0.000171   69.796333 v fanout237/A (sky130_fd_sc_hd__clkbuf_4)
    10    0.049805    0.075973    0.156845   69.953178 v fanout237/X (sky130_fd_sc_hd__clkbuf_4)
                                                         net237 (net)
                      0.076000    0.001378   69.954552 v _24250_/A2 (sky130_fd_sc_hd__a21oi_2)
     4    0.011784    0.123519    0.149299   70.103851 ^ _24250_/Y (sky130_fd_sc_hd__a21oi_2)
                                                         _14775_ (net)
                      0.123519    0.000114   70.103966 ^ _24252_/C_N (sky130_fd_sc_hd__or3b_4)
     2    0.008642    0.052191    0.241691   70.345657 v _24252_/X (sky130_fd_sc_hd__or3b_4)
                                                         _14778_ (net)
                      0.052191    0.000213   70.345871 v _24274_/B (sky130_fd_sc_hd__or4_4)
     3    0.011975    0.067524    0.324164   70.670036 v _24274_/X (sky130_fd_sc_hd__or4_4)
                                                         _14802_ (net)
                      0.067524    0.000277   70.670311 v _24301_/A2 (sky130_fd_sc_hd__a21o_1)
     4    0.012878    0.052181    0.154373   70.824684 v _24301_/X (sky130_fd_sc_hd__a21o_1)
                                                         _14832_ (net)
                      0.052181    0.000078   70.824760 v _24365_/A2 (sky130_fd_sc_hd__a2111o_4)
     6    0.031593    0.077140    0.350653   71.175415 v _24365_/X (sky130_fd_sc_hd__a2111o_4)
                                                         _14902_ (net)
                      0.077144    0.000604   71.176018 v _24442_/A1 (sky130_fd_sc_hd__a21oi_4)
     9    0.042202    0.239880    0.224802   71.400818 ^ _24442_/Y (sky130_fd_sc_hd__a21oi_4)
                                                         _14987_ (net)
                      0.239884    0.000753   71.401573 ^ _24503_/B (sky130_fd_sc_hd__or3_1)
     3    0.012983    0.094827    0.136630   71.538208 ^ _24503_/X (sky130_fd_sc_hd__or3_1)
                                                         _15054_ (net)
                      0.094827    0.000362   71.538567 ^ _24507_/A1 (sky130_fd_sc_hd__a21oi_1)
     4    0.012332    0.070203    0.077321   71.615891 v _24507_/Y (sky130_fd_sc_hd__a21oi_1)
                                                         _15058_ (net)
                      0.070203    0.000149   71.616035 v _24517_/A (sky130_fd_sc_hd__or4_4)
     2    0.007531    0.062147    0.334559   71.950600 v _24517_/X (sky130_fd_sc_hd__or4_4)
                                                         _15069_ (net)
                      0.062147    0.000078   71.950676 v _24529_/A1 (sky130_fd_sc_hd__o32a_4)
     3    0.011325    0.045887    0.244064   72.194740 v _24529_/X (sky130_fd_sc_hd__o32a_4)
                                                         _15082_ (net)
                      0.045887    0.000263   72.195000 v _24555_/A2 (sky130_fd_sc_hd__a2111o_1)
     3    0.010090    0.067136    0.281531   72.476532 v _24555_/X (sky130_fd_sc_hd__a2111o_1)
                                                         _15111_ (net)
                      0.067136    0.000036   72.476570 v _24586_/A1 (sky130_fd_sc_hd__a21o_1)
     3    0.012781    0.051968    0.138229   72.614799 v _24586_/X (sky130_fd_sc_hd__a21o_1)
                                                         _00264_ (net)
                      0.051969    0.000313   72.615112 v _24621_/A1 (sky130_fd_sc_hd__a21bo_1)
     5    0.018882    0.070704    0.155566   72.770676 v _24621_/X (sky130_fd_sc_hd__a21bo_1)
                                                         _00303_ (net)
                      0.070706    0.000476   72.771156 v _24726_/A1 (sky130_fd_sc_hd__a21oi_1)
     2    0.010685    0.183121    0.172960   72.944115 ^ _24726_/Y (sky130_fd_sc_hd__a21oi_1)
                                                         _00418_ (net)
                      0.183122    0.000334   72.944450 ^ fanout227/A (sky130_fd_sc_hd__buf_2)
    10    0.036258    0.135424    0.170807   73.115257 ^ fanout227/X (sky130_fd_sc_hd__buf_2)
                                                         net227 (net)
                      0.135471    0.000497   73.115753 ^ _24811_/B (sky130_fd_sc_hd__or3_4)
     4    0.012233    0.039529    0.108557   73.224312 ^ _24811_/X (sky130_fd_sc_hd__or3_4)
                                                         _00512_ (net)
                      0.039529    0.000135   73.224442 ^ rebuffer108/A (sky130_fd_sc_hd__buf_1)
     1    0.002642    0.031005    0.052538   73.276978 ^ rebuffer108/X (sky130_fd_sc_hd__buf_1)
                                                         net1041 (net)
                      0.031005    0.000021   73.277000 ^ _24815_/A1 (sky130_fd_sc_hd__a21oi_1)
     3    0.008802    0.058926    0.051152   73.328156 v _24815_/Y (sky130_fd_sc_hd__a21oi_1)
                                                         _00516_ (net)
                      0.058926    0.000064   73.328217 v _24826_/A (sky130_fd_sc_hd__or4_4)
     1    0.004088    0.057260    0.322565   73.650787 v _24826_/X (sky130_fd_sc_hd__or4_4)
                                                         _00528_ (net)
                      0.057260    0.000057   73.650841 v _24827_/A (sky130_fd_sc_hd__or4_4)
     3    0.009289    0.064246    0.333934   73.984772 v _24827_/X (sky130_fd_sc_hd__or4_4)
                                                         _00529_ (net)
                      0.064246    0.000121   73.984894 v _24859_/B (sky130_fd_sc_hd__or3_4)
     2    0.011708    0.053795    0.240675   74.225571 v _24859_/X (sky130_fd_sc_hd__or3_4)
                                                         _00564_ (net)
                      0.053795    0.000064   74.225632 v _24956_/A3 (sky130_fd_sc_hd__o31ai_4)
     3    0.014885    0.194328    0.173806   74.399437 ^ _24956_/Y (sky130_fd_sc_hd__o31ai_4)
                                                         _00671_ (net)
                      0.194328    0.000284   74.399727 ^ max_cap213/A (sky130_fd_sc_hd__buf_6)
     5    0.027112    0.049350    0.097238   74.496964 ^ max_cap213/X (sky130_fd_sc_hd__buf_6)
                                                         net213 (net)
                      0.049350    0.000234   74.497200 ^ _25231_/A2 (sky130_fd_sc_hd__a211o_1)
     1    0.006599    0.051520    0.090921   74.588120 ^ _25231_/X (sky130_fd_sc_hd__a211o_1)
                                                         _00973_ (net)
                      0.051520    0.000099   74.588219 ^ fanout212/A (sky130_fd_sc_hd__buf_6)
     7    0.047274    0.075742    0.103128   74.691345 ^ fanout212/X (sky130_fd_sc_hd__buf_6)
                                                         net212 (net)
                      0.075802    0.001734   74.693077 ^ clone23/A (sky130_fd_sc_hd__dlymetal6s2s_1)
     5    0.037896    0.291034    0.248541   74.941620 ^ clone23/X (sky130_fd_sc_hd__dlymetal6s2s_1)
                                                         net956 (net)
                      0.291040    0.001073   74.942696 ^ _25239_/S (sky130_fd_sc_hd__mux2_2)
     3    0.019748    0.066213    0.250608   75.193298 v _25239_/X (sky130_fd_sc_hd__mux2_2)
                                                         _00981_ (net)
                      0.066238    0.001215   75.194519 v _25240_/B (sky130_fd_sc_hd__nor2_1)
     2    0.005457    0.088515    0.090878   75.285393 ^ _25240_/Y (sky130_fd_sc_hd__nor2_1)
                                                         _00982_ (net)
                      0.088515    0.000021   75.285416 ^ _25253_/B1 (sky130_fd_sc_hd__a31o_1)
     2    0.008538    0.068313    0.086416   75.371834 ^ _25253_/X (sky130_fd_sc_hd__a31o_1)
                                                         _00997_ (net)
                      0.068313    0.000107   75.371941 ^ _25254_/A2 (sky130_fd_sc_hd__a21o_1)
     5    0.024252    0.161278    0.168662   75.540604 ^ _25254_/X (sky130_fd_sc_hd__a21o_1)
                                                         _00998_ (net)
                      0.161280    0.000497   75.541100 ^ _25317_/A1 (sky130_fd_sc_hd__a221o_2)
     5    0.028674    0.115524    0.173578   75.714676 ^ _25317_/X (sky130_fd_sc_hd__a221o_2)
                                                         _01067_ (net)
                      0.115525    0.000647   75.715324 ^ _25382_/A (sky130_fd_sc_hd__nand3_4)
     6    0.029516    0.084503    0.083723   75.799049 v _25382_/Y (sky130_fd_sc_hd__nand3_4)
                                                         _01139_ (net)
                      0.084507    0.000469   75.799515 v _25449_/A1 (sky130_fd_sc_hd__a21o_4)
     8    0.034370    0.050421    0.175156   75.974670 v _25449_/X (sky130_fd_sc_hd__a21o_4)
                                                         _01212_ (net)
                      0.050463    0.001315   75.975983 v _25492_/A (sky130_fd_sc_hd__nand2_4)
     1    0.008266    0.036307    0.046882   76.022865 ^ _25492_/Y (sky130_fd_sc_hd__nand2_4)
                                                         _01260_ (net)
                      0.036308    0.000092   76.022957 ^ fanout208/A (sky130_fd_sc_hd__buf_8)
     8    0.057679    0.075717    0.099242   76.122200 ^ fanout208/X (sky130_fd_sc_hd__buf_8)
                                                         net208 (net)
                      0.075721    0.000455   76.122658 ^ fanout206/A (sky130_fd_sc_hd__buf_8)
    10    0.053453    0.070903    0.104826   76.227478 ^ fanout206/X (sky130_fd_sc_hd__buf_8)
                                                         net206 (net)
                      0.070903    0.000263   76.227745 ^ _25612_/S (sky130_fd_sc_hd__mux2_4)
     5    0.017792    0.053577    0.208523   76.436264 v _25612_/X (sky130_fd_sc_hd__mux2_4)
                                                         _01391_ (net)
                      0.053579    0.000419   76.436684 v _25618_/B1 (sky130_fd_sc_hd__a2bb2o_1)
     2    0.005796    0.045276    0.184478   76.621162 v _25618_/X (sky130_fd_sc_hd__a2bb2o_1)
                                                         _01397_ (net)
                      0.045276    0.000036   76.621201 v _25620_/A4 (sky130_fd_sc_hd__a41o_1)
     2    0.005931    0.038897    0.168264   76.789467 v _25620_/X (sky130_fd_sc_hd__a41o_1)
                                                         _01399_ (net)
                      0.038897    0.000050   76.789513 v _25625_/A2 (sky130_fd_sc_hd__a21o_1)
     1    0.004776    0.029769    0.119726   76.909241 v _25625_/X (sky130_fd_sc_hd__a21o_1)
                                                         _01405_ (net)
                      0.029769    0.000043   76.909286 v _25626_/B1 (sky130_fd_sc_hd__a31o_4)
     6    0.030724    0.050402    0.103590   77.012871 v _25626_/X (sky130_fd_sc_hd__a31o_4)
                                                         _01406_ (net)
                      0.050446    0.001322   77.014198 v _25657_/A2 (sky130_fd_sc_hd__a21o_1)
     3    0.015779    0.060378    0.155502   77.169701 v _25657_/X (sky130_fd_sc_hd__a21o_1)
                                                         _01440_ (net)
                      0.060378    0.000185   77.169884 v _25804_/A2 (sky130_fd_sc_hd__a31o_1)
     1    0.004613    0.032963    0.145519   77.315399 v _25804_/X (sky130_fd_sc_hd__a31o_1)
                                                         _01602_ (net)
                      0.032963    0.000021   77.315422 v fanout205/A (sky130_fd_sc_hd__buf_6)
     6    0.040193    0.035226    0.094524   77.409943 v fanout205/X (sky130_fd_sc_hd__buf_6)
                                                         net205 (net)
                      0.035241    0.000675   77.410622 v fanout203/A (sky130_fd_sc_hd__buf_8)
     5    0.029805    0.027544    0.088008   77.498627 v fanout203/X (sky130_fd_sc_hd__buf_8)
                                                         net203 (net)
                      0.027593    0.001016   77.499641 v fanout202/A (sky130_fd_sc_hd__buf_8)
     5    0.031526    0.028362    0.085720   77.585365 v fanout202/X (sky130_fd_sc_hd__buf_8)
                                                         net202 (net)
                      0.028362    0.000142   77.585503 v _25852_/S (sky130_fd_sc_hd__mux2_4)
     5    0.020631    0.056641    0.213177   77.798683 v _25852_/X (sky130_fd_sc_hd__mux2_4)
                                                         _01655_ (net)
                      0.056642    0.000384   77.799065 v _25857_/B (sky130_fd_sc_hd__xnor2_1)
     2    0.007021    0.059003    0.100691   77.899757 v _25857_/Y (sky130_fd_sc_hd__xnor2_1)
                                                         _01660_ (net)
                      0.059003    0.000114   77.899872 v _25891_/A (sky130_fd_sc_hd__or4b_4)
     2    0.006954    0.061561    0.331106   78.230980 v _25891_/X (sky130_fd_sc_hd__or4b_4)
                                                         _01697_ (net)
                      0.061561    0.000121   78.231102 v _25894_/A2 (sky130_fd_sc_hd__a21o_1)
     1    0.004512    0.029168    0.127102   78.358200 v _25894_/X (sky130_fd_sc_hd__a21o_1)
                                                         _01700_ (net)
                      0.029168    0.000071   78.358269 v _25895_/A2 (sky130_fd_sc_hd__a21o_1)
     4    0.013498    0.053954    0.141945   78.500214 v _25895_/X (sky130_fd_sc_hd__a21o_1)
                                                         _01701_ (net)
                      0.053954    0.000142   78.500359 v _25948_/A1 (sky130_fd_sc_hd__a311o_1)
     2    0.012153    0.070316    0.201680   78.702042 v _25948_/X (sky130_fd_sc_hd__a311o_1)
                                                         _01759_ (net)
                      0.070319    0.000504   78.702545 v _26270_/A2 (sky130_fd_sc_hd__a21o_1)
     1    0.004910    0.030230    0.131401   78.833946 v _26270_/X (sky130_fd_sc_hd__a21o_1)
                                                         _02112_ (net)
                      0.030230    0.000043   78.833984 v fanout196/A (sky130_fd_sc_hd__buf_6)
     8    0.047471    0.039881    0.095540   78.929527 v fanout196/X (sky130_fd_sc_hd__buf_6)
                                                         net196 (net)
                      0.039890    0.000512   78.930038 v fanout195/A (sky130_fd_sc_hd__buf_8)
     7    0.035545    0.030760    0.092477   79.022514 v fanout195/X (sky130_fd_sc_hd__buf_8)
                                                         net195 (net)
                      0.030801    0.000291   79.022804 v _26371_/A (sky130_fd_sc_hd__nand2_1)
     1    0.007933    0.068484    0.061412   79.084221 ^ _26371_/Y (sky130_fd_sc_hd__nand2_1)
                                                         _02224_ (net)
                      0.068484    0.000163   79.084381 ^ fanout192/A (sky130_fd_sc_hd__buf_6)
    10    0.058265    0.091674    0.117254   79.201637 ^ fanout192/X (sky130_fd_sc_hd__buf_6)
                                                         net192 (net)
                      0.091710    0.001492   79.203125 ^ fanout191/A (sky130_fd_sc_hd__buf_4)
    10    0.055546    0.118504    0.149541   79.352669 ^ fanout191/X (sky130_fd_sc_hd__buf_4)
                                                         net191 (net)
                      0.118588    0.002601   79.355270 ^ _26494_/S (sky130_fd_sc_hd__mux2_2)
     5    0.020068    0.066727    0.246686   79.601959 v _26494_/X (sky130_fd_sc_hd__mux2_2)
                                                         _02358_ (net)
                      0.066731    0.000576   79.602531 v _26497_/B (sky130_fd_sc_hd__xnor2_1)
     3    0.009421    0.179630    0.167979   79.770508 ^ _26497_/Y (sky130_fd_sc_hd__xnor2_1)
                                                         _02361_ (net)
                      0.179630    0.000064   79.770576 ^ _26506_/D_N (sky130_fd_sc_hd__or4b_4)
     1    0.003273    0.056177    0.275492   80.046066 v _26506_/X (sky130_fd_sc_hd__or4b_4)
                                                         _02371_ (net)
                      0.056177    0.000036   80.046104 v _26710_/C (sky130_fd_sc_hd__or4_4)
     4    0.042500    0.100639    0.349949   80.396049 v _26710_/X (sky130_fd_sc_hd__or4_4)
                                                         _02594_ (net)
                      0.100733    0.002785   80.398834 v _26803_/A2 (sky130_fd_sc_hd__o311ai_4)
     3    0.016910    0.234860    0.256939   80.655777 ^ _26803_/Y (sky130_fd_sc_hd__o311ai_4)
                                                         _02697_ (net)
                      0.234860    0.000163   80.655937 ^ _26805_/C1 (sky130_fd_sc_hd__a2111o_1)
     1    0.005397    0.046402    0.082743   80.738686 ^ _26805_/X (sky130_fd_sc_hd__a2111o_1)
                                                         _02699_ (net)
                      0.046402    0.000050   80.738731 ^ fanout186/A (sky130_fd_sc_hd__buf_6)
     6    0.043476    0.070544    0.098375   80.837105 ^ fanout186/X (sky130_fd_sc_hd__buf_6)
                                                         net186 (net)
                      0.070575    0.001201   80.838310 ^ fanout184/A (sky130_fd_sc_hd__buf_8)
     8    0.045990    0.062767    0.097202   80.935509 ^ fanout184/X (sky130_fd_sc_hd__buf_8)
                                                         net184 (net)
                      0.062827    0.001577   80.937088 ^ clone59/A (sky130_fd_sc_hd__clkbuf_2)
     5    0.024535    0.105781    0.128139   81.065224 ^ clone59/X (sky130_fd_sc_hd__clkbuf_2)
                                                         net992 (net)
                      0.105781    0.000213   81.065437 ^ _26887_/S (sky130_fd_sc_hd__mux2_1)
     3    0.012097    0.072060    0.230870   81.296310 v _26887_/X (sky130_fd_sc_hd__mux2_1)
                                                         _02788_ (net)
                      0.072060    0.000291   81.296600 v _26889_/B (sky130_fd_sc_hd__xnor2_1)
     2    0.008764    0.164363    0.163148   81.459747 ^ _26889_/Y (sky130_fd_sc_hd__xnor2_1)
                                                         _02790_ (net)
                      0.164363    0.000099   81.459846 ^ _26890_/A (sky130_fd_sc_hd__inv_2)
     3    0.018844    0.057670    0.052019   81.511864 v _26890_/Y (sky130_fd_sc_hd__inv_2)
                                                         _02791_ (net)
                      0.057671    0.000206   81.512070 v _26907_/A2 (sky130_fd_sc_hd__a311oi_4)
     5    0.017708    0.250096    0.250189   81.762260 ^ _26907_/Y (sky130_fd_sc_hd__a311oi_4)
                                                         _02810_ (net)
                      0.250097    0.000405   81.762665 ^ _26908_/C (sky130_fd_sc_hd__nor3_2)
     4    0.019364    0.082113    0.065626   81.828293 v _26908_/Y (sky130_fd_sc_hd__nor3_2)
                                                         _02811_ (net)
                      0.082114    0.000163   81.828453 v _26968_/A2 (sky130_fd_sc_hd__o311a_1)
     2    0.012043    0.066279    0.252612   82.081070 v _26968_/X (sky130_fd_sc_hd__o311a_1)
                                                         _02877_ (net)
                      0.066280    0.000355   82.081421 v fanout176/A (sky130_fd_sc_hd__buf_4)
     9    0.038455    0.046278    0.128438   82.209862 v fanout176/X (sky130_fd_sc_hd__buf_4)
                                                         net176 (net)
                      0.046310    0.001172   82.211037 v _27430_/C (sky130_fd_sc_hd__or4b_4)
     4    0.012699    0.068381    0.304240   82.515274 v _27430_/X (sky130_fd_sc_hd__or4b_4)
                                                         _03381_ (net)
                      0.068381    0.000099   82.515373 v _27456_/A (sky130_fd_sc_hd__or3_4)
     2    0.006581    0.048258    0.244754   82.760124 v _27456_/X (sky130_fd_sc_hd__or3_4)
                                                         _03410_ (net)
                      0.048258    0.000064   82.760193 v _27462_/C (sky130_fd_sc_hd__or4_4)
     1    0.009125    0.064079    0.296033   83.056221 v _27462_/X (sky130_fd_sc_hd__or4_4)
                                                         _03417_ (net)
                      0.064079    0.000099   83.056320 v _27463_/A1 (sky130_fd_sc_hd__a21oi_4)
     3    0.015364    0.116995    0.125787   83.182114 ^ _27463_/Y (sky130_fd_sc_hd__a21oi_4)
                                                         _03418_ (net)
                      0.116996    0.000306   83.182419 ^ _27465_/D_N (sky130_fd_sc_hd__nor4b_4)
     2    0.006012    0.148897    0.145647   83.328064 ^ _27465_/Y (sky130_fd_sc_hd__nor4b_4)
                                                         _03420_ (net)
                      0.148897    0.000071   83.328133 ^ max_cap154/A (sky130_fd_sc_hd__clkbuf_1)
     2    0.004688    0.048607    0.071807   83.399940 ^ max_cap154/X (sky130_fd_sc_hd__clkbuf_1)
                                                         net154 (net)
                      0.048607    0.000028   83.399971 ^ max_cap153/A (sky130_fd_sc_hd__clkbuf_1)
     2    0.005461    0.054307    0.070976   83.470947 ^ max_cap153/X (sky130_fd_sc_hd__clkbuf_1)
                                                         net153 (net)
                      0.054307    0.000071   83.471016 ^ _27509_/D_N (sky130_fd_sc_hd__or4b_4)
     1    0.004920    0.058617    0.269623   83.740639 v _27509_/X (sky130_fd_sc_hd__or4b_4)
                                                         _03467_ (net)
                      0.058617    0.000043   83.740685 v _27510_/B1 (sky130_fd_sc_hd__a211o_4)
     7    0.037164    0.068594    0.195541   83.936226 v _27510_/X (sky130_fd_sc_hd__a211o_4)
                                                         _03468_ (net)
                      0.068737    0.002757   83.938980 v _27512_/B (sky130_fd_sc_hd__or3_4)
     5    0.031126    0.073025    0.269843   84.208824 v _27512_/X (sky130_fd_sc_hd__or3_4)
                                                         _03471_ (net)
                      0.073025    0.000107   84.208931 v fanout150/A (sky130_fd_sc_hd__buf_8)
     5    0.028950    0.027126    0.103761   84.312691 v fanout150/X (sky130_fd_sc_hd__buf_8)
                                                         net150 (net)
                      0.027174    0.001009   84.313698 v _27553_/S (sky130_fd_sc_hd__mux2_4)
     3    0.021626    0.057954    0.213930   84.527634 v _27553_/X (sky130_fd_sc_hd__mux2_4)
                                                         _03516_ (net)
                      0.057954    0.000242   84.527870 v _27555_/A (sky130_fd_sc_hd__xnor2_4)
     4    0.012726    0.121011    0.141242   84.669113 ^ _27555_/Y (sky130_fd_sc_hd__xnor2_4)
                                                         _03518_ (net)
                      0.121011    0.000092   84.669205 ^ _27557_/D_N (sky130_fd_sc_hd__or4b_4)
     2    0.008379    0.063308    0.285390   84.954597 v _27557_/X (sky130_fd_sc_hd__or4b_4)
                                                         _03520_ (net)
                      0.063308    0.000078   84.954674 v _27559_/C (sky130_fd_sc_hd__or4_4)
     3    0.011354    0.066733    0.305484   85.260155 v _27559_/X (sky130_fd_sc_hd__or4_4)
                                                         _03522_ (net)
                      0.066733    0.000149   85.260307 v _27771_/B (sky130_fd_sc_hd__or4_4)
     2    0.009302    0.064279    0.323439   85.583748 v _27771_/X (sky130_fd_sc_hd__or4_4)
                                                         _03754_ (net)
                      0.064279    0.000234   85.583977 v _27782_/D_N (sky130_fd_sc_hd__or4b_4)
     2    0.004527    0.025469    0.141114   85.725090 ^ _27782_/X (sky130_fd_sc_hd__or4b_4)
                                                         _03766_ (net)
                      0.025469    0.000028   85.725121 ^ rebuffer86/A (sky130_fd_sc_hd__buf_1)
     1    0.002418    0.029036    0.048402   85.773521 ^ rebuffer86/X (sky130_fd_sc_hd__buf_1)
                                                         net1019 (net)
                      0.029036    0.000007   85.773529 ^ rebuffer85/A (sky130_fd_sc_hd__clkbuf_1)
     1    0.005156    0.051729    0.065320   85.838852 ^ rebuffer85/X (sky130_fd_sc_hd__clkbuf_1)
                                                         net1018 (net)
                      0.051729    0.000021   85.838875 ^ rebuffer77/A (sky130_fd_sc_hd__buf_6)
     1    0.018747    0.036111    0.074657   85.913528 ^ rebuffer77/X (sky130_fd_sc_hd__buf_6)
                                                         net1010 (net)
                      0.036111    0.000185   85.913712 ^ _27783_/B (sky130_fd_sc_hd__nor2_8)
     3    0.015373    0.049153    0.021707   85.935425 v _27783_/Y (sky130_fd_sc_hd__nor2_8)
                                                         _03767_ (net)
                      0.049153    0.000178   85.935600 v rebuffer144/A (sky130_fd_sc_hd__buf_6)
     1    0.026212    0.027880    0.093834   86.029434 v rebuffer144/X (sky130_fd_sc_hd__buf_6)
                                                         net1077 (net)
                      0.028149    0.001627   86.031059 v fanout139/A (sky130_fd_sc_hd__buf_8)
     5    0.028265    0.026756    0.084277   86.115341 v fanout139/X (sky130_fd_sc_hd__buf_8)
                                                         net139 (net)
                      0.026776    0.000647   86.115982 v _27786_/B (sky130_fd_sc_hd__nand2_8)
     2    0.012544    0.036605    0.046278   86.162262 ^ _27786_/Y (sky130_fd_sc_hd__nand2_8)
                                                         _03770_ (net)
                      0.036605    0.000192   86.162453 ^ fanout135/A (sky130_fd_sc_hd__buf_4)
    10    0.066164    0.139578    0.151509   86.313965 ^ fanout135/X (sky130_fd_sc_hd__buf_4)
                                                         net135 (net)
                      0.139578    0.000156   86.314117 ^ _28127_/S (sky130_fd_sc_hd__mux2_2)
     4    0.019511    0.065756    0.246693   86.560814 v _28127_/X (sky130_fd_sc_hd__mux2_2)
                                                         _04143_ (net)
                      0.065758    0.000483   86.561295 v _28129_/B (sky130_fd_sc_hd__xnor2_2)
     5    0.013575    0.162903    0.153634   86.714928 ^ _28129_/Y (sky130_fd_sc_hd__xnor2_2)
                                                         _04145_ (net)
                      0.162903    0.000036   86.714966 ^ _28145_/B (sky130_fd_sc_hd__and4_1)
     3    0.014603    0.113487    0.185324   86.900291 ^ _28145_/X (sky130_fd_sc_hd__and4_1)
                                                         _04162_ (net)
                      0.113487    0.000441   86.900726 ^ _28146_/D_N (sky130_fd_sc_hd__nor4b_1)
     1    0.009971    0.348072    0.294754   87.195480 ^ _28146_/Y (sky130_fd_sc_hd__nor4b_1)
                                                         _04163_ (net)
                      0.348072    0.000313   87.195793 ^ wire128/A (sky130_fd_sc_hd__buf_1)
     3    0.013466    0.122469    0.118547   87.314346 ^ wire128/X (sky130_fd_sc_hd__buf_1)
                                                         net128 (net)
                      0.122470    0.000270   87.314613 ^ _28214_/C_N (sky130_fd_sc_hd__nor3b_4)
     4    0.038415    0.327479    0.305270   87.619881 ^ _28214_/Y (sky130_fd_sc_hd__nor3b_4)
                                                         _04238_ (net)
                      0.327479    0.000270   87.620155 ^ _28248_/A (sky130_fd_sc_hd__nor2_1)
     2    0.012725    0.099768    0.082110   87.702263 v _28248_/Y (sky130_fd_sc_hd__nor2_1)
                                                         _04275_ (net)
                      0.099768    0.000185   87.702446 v fanout123/A (sky130_fd_sc_hd__buf_4)
    10    0.066656    0.065829    0.164164   87.866615 v fanout123/X (sky130_fd_sc_hd__buf_4)
                                                         net123 (net)
                      0.065923    0.002203   87.868813 v fanout122/A (sky130_fd_sc_hd__clkbuf_2)
     5    0.022732    0.063522    0.120046   87.988861 v fanout122/X (sky130_fd_sc_hd__clkbuf_2)
                                                         net122 (net)
                      0.063523    0.000377   87.989235 v _28251_/B (sky130_fd_sc_hd__nand2_2)
     2    0.021581    0.094476    0.101686   88.090927 ^ _28251_/Y (sky130_fd_sc_hd__nand2_2)
                                                         _04279_ (net)
                      0.094476    0.000135   88.091057 ^ fanout118/A (sky130_fd_sc_hd__clkbuf_8)
    10    0.086575    0.118415    0.164391   88.255447 ^ fanout118/X (sky130_fd_sc_hd__clkbuf_8)
                                                         net118 (net)
                      0.118518    0.002885   88.258331 ^ _28880_/S (sky130_fd_sc_hd__mux2_1)
     4    0.014699    0.080076    0.239822   88.498154 v _28880_/X (sky130_fd_sc_hd__mux2_1)
                                                         _04965_ (net)
                      0.080077    0.000419   88.498573 v _28882_/B (sky130_fd_sc_hd__xnor2_1)
     4    0.010660    0.067297    0.122213   88.620789 v _28882_/Y (sky130_fd_sc_hd__xnor2_1)
                                                         _04968_ (net)
                      0.067297    0.000114   88.620903 v _29004_/A (sky130_fd_sc_hd__or3_4)
     2    0.014002    0.056317    0.257991   88.878891 v _29004_/X (sky130_fd_sc_hd__or3_4)
                                                         _05098_ (net)
                      0.056317    0.000441   88.879333 v _29005_/C (sky130_fd_sc_hd__or4_4)
     4    0.020234    0.078445    0.320512   89.199844 v _29005_/X (sky130_fd_sc_hd__or4_4)
                                                         _05099_ (net)
                      0.078445    0.000291   89.200134 v _29105_/A2 (sky130_fd_sc_hd__o31ai_4)
     4    0.020015    0.227387    0.238757   89.438896 ^ _29105_/Y (sky130_fd_sc_hd__o31ai_4)
                                                         _05199_ (net)
                      0.227387    0.000185   89.439079 ^ _29107_/C (sky130_fd_sc_hd__or4_4)
     3    0.023047    0.059805    0.135891   89.574974 ^ _29107_/X (sky130_fd_sc_hd__or4_4)
                                                         _05201_ (net)
                      0.059808    0.000483   89.575455 ^ rebuffer74/A (sky130_fd_sc_hd__buf_1)
     1    0.003175    0.035488    0.058897   89.634354 ^ rebuffer74/X (sky130_fd_sc_hd__buf_1)
                                                         net1007 (net)
                      0.035488    0.000036   89.634384 ^ rebuffer63/A (sky130_fd_sc_hd__buf_1)
     1    0.002729    0.031667    0.052260   89.686646 ^ rebuffer63/X (sky130_fd_sc_hd__buf_1)
                                                         net996 (net)
                      0.031667    0.000014   89.686661 ^ rebuffer30/A (sky130_fd_sc_hd__clkbuf_2)
     3    0.022743    0.098644    0.114170   89.800827 ^ rebuffer30/X (sky130_fd_sc_hd__clkbuf_2)
                                                         net963 (net)
                      0.098683    0.001585   89.802414 ^ fanout115/A (sky130_fd_sc_hd__clkbuf_4)
    10    0.045446    0.108151    0.161521   89.963936 ^ fanout115/X (sky130_fd_sc_hd__clkbuf_4)
                                                         net115 (net)
                      0.108151    0.000355   89.964294 ^ _29382_/S (sky130_fd_sc_hd__mux2_2)
     4    0.019338    0.065465    0.244192   90.208481 v _29382_/X (sky130_fd_sc_hd__mux2_2)
                                                         _05494_ (net)
                      0.065467    0.000448   90.208931 v _29384_/B (sky130_fd_sc_hd__xnor2_2)
     3    0.025624    0.264231    0.226841   90.435768 ^ _29384_/Y (sky130_fd_sc_hd__xnor2_2)
                                                         _05496_ (net)
                      0.264232    0.000455   90.436226 ^ _29403_/A (sky130_fd_sc_hd__nand4_4)
     3    0.013226    0.094715    0.077982   90.514206 v _29403_/Y (sky130_fd_sc_hd__nand4_4)
                                                         _05517_ (net)
                      0.094715    0.000256   90.514465 v _29405_/B (sky130_fd_sc_hd__or4_4)
     1    0.024008    0.081830    0.359641   90.874107 v _29405_/X (sky130_fd_sc_hd__or4_4)
                                                         _05519_ (net)
                      0.081830    0.000483   90.874588 v _29406_/C (sky130_fd_sc_hd__or4_4)
     2    0.029267    0.086660    0.340862   91.215446 v _29406_/X (sky130_fd_sc_hd__or4_4)
                                                         _05520_ (net)
                      0.086707    0.001840   91.217293 v _29471_/C (sky130_fd_sc_hd__and4_1)
     1    0.009208    0.047441    0.160860   91.378151 v _29471_/X (sky130_fd_sc_hd__and4_1)
                                                         _05592_ (net)
                      0.047441    0.000171   91.378319 v fanout114/A (sky130_fd_sc_hd__buf_8)
     6    0.065565    0.042956    0.108685   91.487007 v fanout114/X (sky130_fd_sc_hd__buf_8)
                                                         net114 (net)
                      0.043494    0.003652   91.490654 v fanout113/A (sky130_fd_sc_hd__buf_8)
     5    0.044012    0.035151    0.098595   91.589256 v fanout113/X (sky130_fd_sc_hd__buf_8)
                                                         net113 (net)
                      0.035295    0.001947   91.591202 v _29524_/A (sky130_fd_sc_hd__nand2_8)
     2    0.034237    0.060576    0.058989   91.650192 ^ _29524_/Y (sky130_fd_sc_hd__nand2_8)
                                                         _05650_ (net)
                      0.060595    0.000668   91.650856 ^ fanout108/A (sky130_fd_sc_hd__buf_8)
     6    0.050198    0.066921    0.098382   91.749237 ^ fanout108/X (sky130_fd_sc_hd__buf_8)
                                                         net108 (net)
                      0.066927    0.000526   91.749763 ^ clone65/A (sky130_fd_sc_hd__dlymetal6s2s_1)
     5    0.040791    0.311632    0.261295   92.011063 ^ clone65/X (sky130_fd_sc_hd__dlymetal6s2s_1)
                                                         net998 (net)
                      0.311642    0.001450   92.012512 ^ _29546_/S (sky130_fd_sc_hd__mux2_2)
     3    0.013627    0.055978    0.239233   92.251740 v _29546_/X (sky130_fd_sc_hd__mux2_2)
                                                         _05673_ (net)
                      0.055978    0.000249   92.251991 v _29548_/B (sky130_fd_sc_hd__xnor2_2)
     6    0.018722    0.082036    0.119556   92.371544 v _29548_/Y (sky130_fd_sc_hd__xnor2_2)
                                                         _05675_ (net)
                      0.082037    0.000256   92.371803 v _29549_/B (sky130_fd_sc_hd__or2_1)
     1    0.008849    0.052287    0.160924   92.532722 v _29549_/X (sky130_fd_sc_hd__or2_1)
                                                         _05676_ (net)
                      0.052287    0.000085   92.532814 v _29579_/C (sky130_fd_sc_hd__nor4_4)
     2    0.009639    0.179466    0.174694   92.707504 ^ _29579_/Y (sky130_fd_sc_hd__nor4_4)
                                                         _05708_ (net)
                      0.179466    0.000050   92.707558 ^ _29624_/A2 (sky130_fd_sc_hd__a221o_2)
     4    0.033685    0.134094    0.187931   92.895485 ^ _29624_/X (sky130_fd_sc_hd__a221o_2)
                                                         _05755_ (net)
                      0.134141    0.002053   92.897537 ^ _29726_/D_N (sky130_fd_sc_hd__or4b_4)
     1    0.002488    0.054940    0.271477   93.169014 v _29726_/X (sky130_fd_sc_hd__or4b_4)
                                                         _05861_ (net)
                      0.054940    0.000014   93.169029 v _29742_/B (sky130_fd_sc_hd__and3b_2)
     7    0.048332    0.094494    0.202760   93.371788 v _29742_/X (sky130_fd_sc_hd__and3b_2)
                                                         _05877_ (net)
                      0.094770    0.003624   93.375412 v _29832_/B (sky130_fd_sc_hd__nand2_4)
     1    0.010230    0.047228    0.075310   93.450722 ^ _29832_/Y (sky130_fd_sc_hd__nand2_4)
                                                         _05967_ (net)
                      0.047228    0.000234   93.450958 ^ fanout100/A (sky130_fd_sc_hd__buf_8)
     6    0.060574    0.079111    0.103952   93.554909 ^ fanout100/X (sky130_fd_sc_hd__buf_8)
                                                         net100 (net)
                      0.079112    0.000291   93.555206 ^ fanout99/A (sky130_fd_sc_hd__buf_8)
     7    0.038835    0.054755    0.092896   93.648102 ^ fanout99/X (sky130_fd_sc_hd__buf_8)
                                                         net99 (net)
                      0.054765    0.000604   93.648705 ^ fanout98/A (sky130_fd_sc_hd__buf_8)
     5    0.026188    0.040512    0.076682   93.725388 ^ fanout98/X (sky130_fd_sc_hd__buf_8)
                                                         net98 (net)
                      0.040618    0.001400   93.726784 ^ _29998_/S (sky130_fd_sc_hd__mux2_4)
     2    0.005951    0.040036    0.184983   93.911766 v _29998_/X (sky130_fd_sc_hd__mux2_4)
                                                         _06133_ (net)
                      0.040036    0.000092   93.911858 v _29999_/B (sky130_fd_sc_hd__and2_4)
     2    0.005066    0.023314    0.101934   94.013794 v _29999_/X (sky130_fd_sc_hd__and2_4)
                                                         _06134_ (net)
                      0.023314    0.000021   94.013817 v _30006_/B_N (sky130_fd_sc_hd__and4bb_1)
     2    0.012443    0.102834    0.206896   94.220711 ^ _30006_/X (sky130_fd_sc_hd__and4bb_1)
                                                         _06141_ (net)
                      0.102834    0.000142   94.220856 ^ _30019_/A (sky130_fd_sc_hd__nand4_4)
     2    0.007453    0.056867    0.052374   94.273232 v _30019_/Y (sky130_fd_sc_hd__nand4_4)
                                                         _06154_ (net)
                      0.056867    0.000064   94.273293 v _30043_/B (sky130_fd_sc_hd__or4bb_4)
     2    0.007079    0.062022    0.317947   94.591240 v _30043_/X (sky130_fd_sc_hd__or4bb_4)
                                                         _06178_ (net)
                      0.062022    0.000064   94.591301 v _30077_/A2 (sky130_fd_sc_hd__o221a_4)
     1    0.009790    0.037016    0.169393   94.760696 v _30077_/X (sky130_fd_sc_hd__o221a_4)
                                                         _06212_ (net)
                      0.037016    0.000327   94.761024 v _30079_/A2_N (sky130_fd_sc_hd__a2bb2o_4)
     1    0.015999    0.046471    0.139408   94.900429 ^ _30079_/X (sky130_fd_sc_hd__a2bb2o_4)
                                                         _06214_ (net)
                      0.046479    0.000625   94.901054 ^ _30082_/A2 (sky130_fd_sc_hd__a22oi_4)
     1    0.016998    0.060537    0.051230   94.952286 v _30082_/Y (sky130_fd_sc_hd__a22oi_4)
                                                         _06217_ (net)
                      0.060542    0.001059   94.953346 v _30139_/B1 (sky130_fd_sc_hd__o22a_1)
     1    0.002639    0.025975    0.111264   95.064613 v _30139_/X (sky130_fd_sc_hd__o22a_1)
                                                         _00170_ (net)
                      0.025975    0.000021   95.064629 v _30453_/D (sky130_fd_sc_hd__dfxtp_4)
                                             95.064629   data arrival time

                                 25.000000   25.000000   clock clk (rise edge)
                                  0.000000   25.000000   clock source latency
     2    0.051349    0.175611    0.122327   25.122326 ^ clk (in)
                                                         clk (net)
                      0.175638    0.000000   25.122326 ^ clkbuf_0_clk/A (sky130_fd_sc_hd__clkbuf_16)
     4    0.114039    0.100054    0.169624   25.291950 ^ clkbuf_0_clk/X (sky130_fd_sc_hd__clkbuf_16)
                                                         clknet_0_clk (net)
                      0.100096    0.001933   25.293882 ^ clkbuf_2_1__f_clk/A (sky130_fd_sc_hd__clkbuf_16)
    13    0.174664    0.144126    0.186917   25.480801 ^ clkbuf_2_1__f_clk/X (sky130_fd_sc_hd__clkbuf_16)
                                                         clknet_2_1__leaf_clk (net)
                      0.144386    0.004940   25.485741 ^ clkbuf_leaf_4_clk/A (sky130_fd_sc_hd__clkbuf_8)
     3    0.009602    0.028594    0.105024   25.590763 ^ clkbuf_leaf_4_clk/X (sky130_fd_sc_hd__clkbuf_8)
                                                         clknet_leaf_4_clk (net)
                      0.028594    0.000078   25.590841 ^ _30453_/CLK (sky130_fd_sc_hd__dfxtp_4)
                                 -0.250000   25.340843   clock uncertainty
                                  0.000000   25.340843   clock reconvergence pessimism
                                 -0.068240   25.272602   library setup time
                                             25.272602   data required time
---------------------------------------------------------------------------------------------
                                             25.272602   data required time
                                            -95.064629   data arrival time
---------------------------------------------------------------------------------------------
                                            -69.792023   slack (VIOLATED)




===========================================================================
 report_check_types -max_slew -max_cap -max_fanout -violators
============================================================================
======================= min_ff_n40C_1v95 Corner ===================================

max fanout

Pin                                   Limit Fanout  Slack
---------------------------------------------------------
clkbuf_leaf_14_clk/X                     10     18     -8 (VIOLATED)
clkbuf_leaf_29_clk/X                     10     17     -7 (VIOLATED)
clkbuf_2_2__f_clk/X                      10     16     -6 (VIOLATED)
clkbuf_leaf_20_clk/X                     10     16     -6 (VIOLATED)
clkbuf_leaf_21_clk/X                     10     16     -6 (VIOLATED)
clkbuf_leaf_24_clk/X                     10     16     -6 (VIOLATED)
clkbuf_leaf_13_clk/X                     10     15     -5 (VIOLATED)
clkbuf_leaf_28_clk/X                     10     15     -5 (VIOLATED)
clkbuf_2_1__f_clk/X                      10     13     -3 (VIOLATED)
clkbuf_leaf_15_clk/X                     10     13     -3 (VIOLATED)
clkbuf_leaf_19_clk/X                     10     13     -3 (VIOLATED)
_30484_/Q                                10     12     -2 (VIOLATED)
clkbuf_2_3__f_clk/X                      10     12     -2 (VIOLATED)
fanout120/X                              10     12     -2 (VIOLATED)
fanout482/X                              10     12     -2 (VIOLATED)
fanout790/X                              10     12     -2 (VIOLATED)
clkbuf_2_0__f_clk/X                      10     11        (VIOLATED)
clkbuf_leaf_18_clk/X                     10     11        (VIOLATED)
clkbuf_leaf_22_clk/X                     10     11        (VIOLATED)
clkbuf_leaf_36_clk/X                     10     11        (VIOLATED)
fanout559/X                              10     11        (VIOLATED)
fanout723/X                              10     11        (VIOLATED)
fanout729/X                              10     11        (VIOLATED)
fanout756/X                              10     11        (VIOLATED)
fanout766/X                              10     11        (VIOLATED)
fanout789/X                              10     11        (VIOLATED)
fanout796/X                              10     11        (VIOLATED)
fanout798/X                              10     11        (VIOLATED)
fanout810/X                              10     11        (VIOLATED)
fanout824/X                              10     11        (VIOLATED)



===========================================================================
report_parasitic_annotation -report_unannotated
============================================================================
Found 38 unannotated drivers.
 clkload0/Y
 clkload1/Y
 clkload10/X
 clkload11/X
 clkload12/X
 clkload13/X
 clkload14/X
 clkload15/X
 clkload16/Y
 clkload17/Y
 clkload18/Y
 clkload19/X
 clkload2/Y
 clkload20/X
 clkload21/Y
 clkload22/Y
 clkload23/Y
 clkload24/Y
 clkload25/Y
 clkload26/X
 clkload27/X
 clkload28/Y
 clkload29/Y
 clkload3/Y
 clkload30/Y
 clkload31/Y
 clkload32/Y
 clkload33/Y
 clkload34/Y
 clkload35/Y
 clkload36/Y
 clkload37/Y
 clkload4/Y
 clkload5/X
 clkload6/Y
 clkload7/Y
 clkload8/Y
 clkload9/X
Found 0 partially unannotated drivers.

===========================================================================
max slew violation count 0
max fanout violation count 30
max cap violation count 0
============================================================================

===========================================================================
check_setup -verbose -unconstrained_endpoints -multiple_clock -no_clock -no_input_delay -loops -generated_clocks
===========================================================================
