net,length_um
net1471,1.14179mm
net1434,1.10178mm
net1570,1.01646mm
clknet_0_clk,940.57µm
net1398,935.31µm
net1502,920.71µm
net1632,893.96µm
divider_instance.mantisaBshift\[15\],881.19µm
_03700_,872.25µm
net1417,847.9µm
_17657_,832.575µm
add_mantisa\[19\],832.06µm
net1442,823.44µm
_02749_,817.91µm
_17385_,813.13µm
add_mantisa\[22\],805.76µm
add_mantisa\[18\],799.84µm
_02673_,797.97µm
_02722_,796.675µm
add_mantisa\[16\],794.98µm
divider_instance.mantisaBshift\[23\],790.36µm
net1584,777.53µm
net1138,774.14µm
add_mantisa\[21\],773.81µm
net1151,769.63µm
net1158,766.48µm
divider_instance.mantisaBshift\[13\],758.8µm
add_mantisa\[20\],743.9µm
_17521_,735.91µm
net1725,726.77µm
net1615,724.23µm
net1112,719.9µm
clknet_2_0_0_clk,716.23µm
net1692,714.2µm
_02740_,712.36µm
net1426,709.74µm
net547,703.19µm
_17525_,701.11µm
clk,700.35µm
net1216,700.31µm
divider_instance.mantisaBshift\[8\],698.44µm
net769,693.94µm
net1165,685.83µm
net1721,684.78µm
_02701_,680.175µm
divider_instance.mantisaBshift\[21\],677.34µm
net585,677.07µm
clknet_2_3_0_clk,674.27µm
divider_instance.mantisaBshift\[6\],672.13µm
net1457,671.19µm
clknet_2_2_0_clk,670.24µm
clknet_2_1_0_clk,667.52µm
net819,663.35µm
net1719,661.19µm
_17660_,655.04µm
_21715_,654.685µm
add_mantisa\[17\],654.28µm
net1689,653.11µm
net839,652.51µm
net1760,650.15µm
net1728,649.43µm
net1170,645.85µm
net690,643.35µm
_17318_,638.57µm
net1695,628.42µm
net2014,626.13µm
add_exp\[1\],622.47µm
net1749,620.32µm
net1196,619.14µm
_17726_,616.52µm
net653,615.25µm
_03585_,612.11µm
net698,609.92µm
net1740,609.75µm
net1707,608.86µm
net1553,608.27µm
net891,606.965µm
divider_instance.mantisaBshift\[12\],606.36µm
_21631_,602.025µm
net1412,601.875µm
net1686,600.14µm
net1758,599.99µm
net1223,598.61µm
_21638_,596.34µm
net1773,594.81µm
_02715_,594.74µm
net1677,592.16µm
net1737,591.95µm
add_exp\[6\],591.11µm
net803,590.33µm
net660,588.44µm
_17659_,585.99µm
net1730,584.3µm
_02751_,583.45µm
_10341_,581.29µm
net25,579.2µm
_17725_,578.895µm
net1,578.6µm
net787,576.71µm
_21627_,576.4µm
add_exp\[4\],574.7µm
net702,573.59µm
net1485,570.89µm
net1752,570.08µm
net1766,566.36µm
net1169,565.24µm
net645,564.01µm
net1392,563.845µm
divider_instance.mantisaBshift\[16\],563.49µm
_17727_,561.165µm
net609,558.03µm
net1700,553.84µm
_02675_,553.36µm
_17658_,548.9µm
net823,545.78µm
net1680,544.52µm
net1389,544.32µm
net1693,544.21µm
net1710,544.06µm
_17317_,543.07µm
_02730_,541.015µm
net1542,539.92µm
net780,539.58µm
add_mantisa\[6\],536.48µm
net1102,534.525µm
add_mantisa\[4\],534.15µm
_17320_,533.8µm
net637,531.1µm
net851,528.83µm
net1508,527.38µm
net1763,526.66µm
net1452,524.16µm
net1037,521.7µm
net26,521.12µm
net574,520.2µm
net1124,519.27µm
net1145,519.07µm
net1641,518.1µm
net1747,517.75µm
net625,516.14µm
net1716,514.81µm
net1746,514.74µm
divider_instance.mantisaBshift\[19\],514.33µm
net291,514.11µm
net1698,513.68µm
net1292,513.26µm
net667,513.02µm
_17457_,511.19µm
_03010_,511.08µm
net582,509.26µm
net1753,508.56µm
net99,508.1µm
net1046,508.06µm
net1729,506.39µm
net601,504.5µm
net626,501.55µm
net1682,498.44µm
_03009_,495.58µm
add_mantisa\[15\],495.42µm
net1755,495.27µm
net649,493.69µm
net1743,493.45µm
_17453_,492.49µm
net100,492.42µm
reorder_buf_instance.value1\[29\],492.34µm
net1255,491.445µm
reorder_buf_instance.value1\[22\],490.555µm
_03655_,490.1µm
net850,489.88µm
net1759,488.83µm
net1713,487.13µm
net8,487.06µm
_17522_,487.03µm
net1697,486.47µm
add_mantisa\[8\],486.26µm
net1683,485.97µm
reorder_buf_instance.value0\[14\],485.94µm
net1209,485.46µm
net641,484.81µm
net9,484.47µm
net630,482.8µm
net92,481µm
net1200,480.12µm
net1481,480.01µm
_03256_,479.58µm
net1756,479.53µm
net865,479.275µm
net1516,478.97µm
net98,478.95µm
net1687,477.59µm
net1600,476.39µm
net1601,475.89µm
_21639_,475.88µm
net1068,472.315µm
net748,472.2µm
net578,471.65µm
net709,471.31µm
add_mantisa\[12\],470.26µm
net568,470.04µm
_18386_,469.82µm
net1275,466.83µm
net1262,466.82µm
net1765,466.43µm
net895,466.33µm
net1459,466.22µm
net788,466µm
net97,464.48µm
net1734,464.17µm
_17387_,462.18µm
net751,461.76µm
net14,461.46µm
net1762,461.08µm
net57,460.72µm
add_exp\[5\],460.46µm
net15,460.27µm
_02735_,460.24µm
net1261,459.82µm
clknet_5_0__leaf_clk,459.76µm
net1702,459.56µm
net1283,458.92µm
net1733,458.78µm
net13,458.76µm
net878,457.84µm
net570,457.59µm
net1252,457.51µm
_09564_,457.07µm
add_mantisa\[10\],456.79µm
_17455_,456.755µm
net1668,456.38µm
add_exp\[2\],454.4µm
_03589_,453.685µm
net1202,452.57µm
net843,452.35µm
net23,451.72µm
net1513,451.62µm
net1491,451.28µm
net664,450.47µm
net10,449.42µm
net1669,446.86µm
add_mantisa\[5\],446.34µm
reorder_buf_instance.value1\[21\],445.98µm
net1672,444.2µm
net1660,443.4µm
net796,442.89µm
net770,442.86µm
net1666,442.66µm
net1507,441.92µm
net950,441.72µm
net11,441.4µm
net1676,440.92µm
net1423,439.23µm
net1405,438.94µm
net1055,437.145µm
net1744,437.06µm
_17319_,436.86µm
net1483,436.7µm
net1694,436.56µm
reorder_buf_instance.value2\[17\],436.39µm
_17389_,435.88µm
_18380_,435.58µm
net1142,435.48µm
add_exp\[7\],435.46µm
net1634,435.23µm
net1757,435.18µm
reorder_buf_instance.value1\[10\],435.12µm
net1455,434.845µm
multiplier_instance.PPG.B\[20\],434.77µm
net705,434.55µm
net778,434.24µm
net1784,434.16µm
net1536,434.06µm
net12,432.81µm
reorder_buf_instance.value0\[3\],432.79µm
net654,431.82µm
net1679,430.63µm
net566,430.27µm
net1465,428.58µm
net1129,428.34µm
net87,426.4µm
divider_instance.mantisaBshift\[7\],424.7µm
net804,424.28µm
net1475,423.92µm
net1665,423.67µm
mult_exp\[2\],423.62µm
net1137,422.83µm
net614,421.67µm
net686,421.37µm
net736,420.13µm
net1726,420µm
net1547,419.32µm
net1690,419.32µm
net22,419.15µm
net1181,418.67µm
net1206,417.91µm
net1266,417.91µm
net1722,416.86µm
net1218,416.45µm
net1525,416.26µm
mult_exp\[5\],416.14µm
net816,415.5µm
add_mantisa\[3\],415.02µm
net708,414.03µm
net1222,413.95µm
net711,413.65µm
net1750,412.98µm
net1770,412.96µm
net1468,412.94µm
net327,411.735µm
net1276,411.41µm
mult_exp\[4\],410.9µm
net1190,410.87µm
net1182,410.855µm
net1681,410.47µm
net1248,410.11µm
net1738,409µm
mult_exp\[1\],408.97µm
net1382,408.97µm
net558,407.92µm
net1445,407.92µm
net1723,407.8µm
net6,407.3µm
net1478,407.05µm
net754,405.99µm
net1711,405.92µm
net774,405µm
net846,404.17µm
add_mantisa\[9\],403.1µm
net784,402.74µm
add_mantisa\[13\],402.58µm
net1774,402.38µm
net1277,401.61µm
net1703,401.5µm
net1649,401.45µm
_11217_,401.4µm
net1736,401.02µm
net1662,400.57µm
net1203,400.31µm
_18373_,399.65µm
net17,399.18µm
net339,398.24µm
net618,397.42µm
net1732,396.91µm
net1751,396.8µm
net1210,396.66µm
net1509,396.12µm
add_mantisa\[1\],396.02µm
net1696,395.425µm
net21,395µm
add_exp\[0\],394.25µm
_17728_,394.2µm
net903,393.37µm
reorder_buf_instance.value2\[2\],393.28µm
net562,393.025µm
_02795_,392.72µm
net1449,390.89µm
reorder_buf_instance.value1\[19\],390.7µm
net1183,388.66µm
net1549,388.2µm
net1741,387.86µm
net1393,387.52µm
net758,387.34µm
net835,387.32µm
net946,387.28µm
net1201,387.24µm
net800,387.06µm
net776,386.58µm
net2075,386.13µm
net713,386.01µm
net792,384.99µm
net594,384.76µm
_03012_,384.65µm
net1505,384.09µm
net1748,383.73µm
net1238,383.665µm
net673,383.55µm
net1781,383.3µm
net1637,382.77µm
net1769,382.27µm
net1714,381.68µm
net747,381.5µm
net683,381.27µm
_02792_,380.66µm
net876,380.12µm
net1095,379.3µm
net586,378.86µm
_18388_,378.36µm
net596,377.91µm
net1191,377.835µm
_16772_,376.78µm
net1240,376.43µm
net602,376.23µm
net647,373.885µm
net755,373.355µm
net608,372.93µm
_07190_,372.78µm
net721,372.42µm
_16585_,370.21µm
net1427,370.16µm
add_mantisa\[7\],370.15µm
net814,369.97µm
net606,369.85µm
net1384,369.34µm
net1708,369.14µm
multiplier_instance.PPG.B\[22\],369.11µm
net1064,368.7µm
net1575,368.56µm
net1163,368.515µm
net560,367.69µm
net723,367.65µm
net806,367.65µm
net1658,367.52µm
net1768,367.475µm
clknet_5_10__leaf_clk,366.82µm
net1699,365.72µm
net27,364.78µm
net1174,364.73µm
add_mantisa\[14\],364.56µm
net1684,364.51µm
net1670,364.44µm
net633,364.14µm
clknet_5_11__leaf_clk,363.91µm
net1130,363.77µm
net1493,363.21µm
net859,362.75µm
net894,361.84µm
net1133,361.21µm
net1499,361.18µm
net695,361.08µm
add_mantisa\[11\],360.16µm
net604,358.715µm
multiplier_instance.PPG.B\[19\],358.42µm
net964,358.38µm
net610,358.32µm
net1253,358.18µm
net590,357.94µm
net1414,357.72µm
net628,357.69µm
net1555,357.58µm
net1735,357.42µm
net802,357.065µm
net717,356.66µm
net899,356.26µm
net694,356.135µm
net1787,356µm
net848,355.59µm
net640,355.24µm
net1263,354.425µm
net1224,354.09µm
net321,353.58µm
net240,353.56µm
net691,353.37µm
net1166,352.92µm
net1227,352.64µm
net1504,352.4µm
net325,352.01µm
_07189_,351.96µm
net1381,351.54µm
reorder_buf_instance.value1\[17\],351.43µm
net829,350.79µm
net1779,350.5µm
net842,350.405µm
net1657,350.23µm
net1177,350.1µm
net1226,350.095µm
clknet_5_23__leaf_clk,349.84µm
divider_instance.mantisaBshift\[9\],349.74µm
net1754,349.66µm
net771,347.7µm
net1583,347.28µm
net598,347.22µm
net1401,347.06µm
net1663,346.06µm
net1435,345.8µm
net251,345.52µm
net952,345.3µm
net1144,345.09µm
net1225,344.49µm
mult_exp\[3\],343.84µm
net1269,343.51µm
net1463,343.49µm
net1654,343.26µm
net668,343.01µm
net834,342.63µm
net1520,342.55µm
reorder_buf_instance.value2\[21\],342.23µm
net581,342.1µm
net741,341.74µm
net879,341.66µm
add_exp\[3\],341.36µm
net616,341.21µm
net557,340.72µm
net1675,340.62µm
multiplier_instance.PPG.A\[10\],340.41µm
net634,339.75µm
net1778,339.75µm
net1294,339.56µm
net1705,339.36µm
net1230,338.75µm
net852,338.68µm
net811,338.075µm
net648,337.96µm
net738,337.39µm
net762,337.39µm
multiplier_instance.PPG.B\[13\],337.34µm
net745,337.065µm
clknet_5_8__leaf_clk,336.98µm
net1678,336.62µm
net642,335.78µm
net1065,335.05µm
net644,334.65µm
net853,334.13µm
reorder_buf_instance.value1\[8\],333.8µm
net1212,333.56µm
net20,333.04µm
net666,332.66µm
net1651,332.56µm
net808,331.62µm
multiplier_instance.PPG.B\[14\],331.44µm
net1282,331.44µm
net1167,331.35µm
net636,331.28µm
net1149,329.24µm
net343,329µm
net679,327.97µm
net855,327.57µm
net1246,327.5µm
adder_buffer.out\[37\],326.92µm
net1771,326.8µm
net355,325.93µm
mult_mantisa\[16\],325.74µm
net682,325.45µm
net765,325.29µm
_16695_,325.25µm
net1032,324.29µm
net1474,323.7µm
net687,323.69µm
net1339,323.2µm
net624,323.04µm
net235,322.74µm
_10340_,322.49µm
net826,322.26µm
net1214,322.12µm
clknet_5_9__leaf_clk,321.82µm
net1237,321.005µm
net1653,320.86µm
net1527,320.78µm
net1531,320.74µm
net622,320.43µm
net1154,320.22µm
net817,319.97µm
net1783,319.69µm
_11433_,318.94µm
net580,318.81µm
net1402,318.33µm
net818,317.88µm
net697,316.92µm
_16552_,316.91µm
net631,316.54µm
net1161,316.53µm
net1153,315.625µm
net1776,315.61µm
net810,315.13µm
net700,315.1µm
net822,314.75µm
net31,314.64µm
net2,314.16µm
net347,314.08µm
net7,314.07µm
net651,313.9µm
_16684_,313.54µm
clknet_5_31__leaf_clk,313.41µm
net1496,313.22µm
net786,312.89µm
net1673,312.78µm
net1777,312.74µm
net1561,312.67µm
net1691,312.63µm
net336,312.18µm
net1523,312.11µm
net1127,311.96µm
net719,311.32µm
reorder_buf_instance.value2\[0\],311.15µm
net600,311.11µm
net1775,310.31µm
multiplier_instance.PPG.B\[18\],310.26µm
net900,310.24µm
multiplier_instance.PPG.B\[8\],310.22µm
net1639,310.08µm
net1717,309.4µm
net744,309.15µm
net1648,309.06µm
net760,308.92µm
net750,308.82µm
net1233,308.57µm
net101,308.44µm
net632,308.16µm
net588,307.86µm
net689,307.84µm
net1646,307.74µm
net1636,307.53µm
net16,307.36µm
net863,306.67µm
net812,306.63µm
net1767,305.89µm
_12161_,305.79µm
_02794_,305.505µm
net828,305.11µm
net832,305.06µm
_10834_,304.88µm
net1148,304.76µm
net888,304.72µm
net584,304.6µm
net1473,304.59µm
add_mantisa\[2\],304.26µm
net782,304.2µm
net317,303.76µm
net5,303.73µm
net656,303.67µm
net1609,303.6µm
clknet_5_12__leaf_clk,303.6µm
net1554,303.2µm
net902,302.74µm
_07188_,302.59µm
net638,301.81µm
net715,301.47µm
net1655,301.46µm
net1541,301.39µm
net1482,301.295µm
net1629,300.89µm
net646,300.41µm
net1647,300.35µm
net896,299.57µm
net1176,299.34µm
_07184_,299.12µm
net1568,298.98µm
net1156,298.93µm
net1232,298.89µm
_03587_,298.65µm
net892,298.59µm
reorder_buf_instance.value2\[5\],298.38µm
net1420,298.18µm
net1588,298.1µm
net1780,297.68µm
net1059,297.39µm
net1067,297.27µm
net820,296.96µm
net1550,296.56µm
net1399,296.47µm
net145,296.38µm
net1587,296.34µm
net761,296.26µm
net1633,296.04µm
net869,295.685µm
net3,295.04µm
net592,294.24µm
net1506,293.66µm
net1128,293.56µm
net231,292.6µm
net2012,292.58µm
net675,292.49µm
net1268,292.46µm
reorder_buf_instance.value0\[2\],292.44µm
net790,292.12µm
net1495,292.03µm
net1173,291.82µm
net672,291.7µm
net1304,291.58µm
clknet_5_5__leaf_clk,291.52µm
net1492,290.815µm
net1125,290.6µm
divider_instance.mantisaBshift\[10\],290.01µm
net1041,289.72µm
net1606,289.45µm
net1652,289.4µm
net948,288.4µm
net1419,288.09µm
net2027,288.02µm
net1217,287.97µm
net837,287.46µm
net1431,287.1µm
net1992,287.1µm
net1436,286.98µm
net927,286.96µm
net564,286.37µm
net1164,286.25µm
net1439,286.05µm
net801,285.47µm
net572,285.45µm
net1993,285.19µm
clknet_5_6__leaf_clk,285.14µm
add_mantisa\[0\],284.66µm
net1229,284.525µm
net712,284.52µm
net1704,284.42µm
net1186,284.22µm
net1656,283.53µm
reorder_buf_instance.value0\[13\],283.44µm
net838,283.2µm
net757,283.18µm
net1132,282.51µm
net1260,282.38µm
net4,282.37µm
mult_mantisa\[15\],282.35µm
net920,281.96µm
net1644,281.88µm
net1391,281.8µm
net1739,280.72µm
net42,280.65µm
net670,280.4µm
net849,280.31µm
net1454,279.65µm
clknet_5_3__leaf_clk,278.84µm
net635,278.69µm
net845,278.69µm
net753,278.16µm
_02793_,277.98µm
net1243,277.49µm
net867,277.35µm
net1535,277.23µm
net1279,277.22µm
reorder_buf_instance.value1\[30\],276.96µm
_16750_,276.74µm
net1560,276.69µm
net1671,276.57µm
net2097,276.1µm
_17523_,275.85µm
net945,275.745µm
net1556,275.58µm
net143,275.43µm
_18387_,275.42µm
net1580,275.22µm
net1562,274.95µm
net1085,273.79µm
net350,273.68µm
net861,273.62µm
net576,273.44µm
net1076,273.11µm
net1461,272.8µm
net1640,271.98µm
net825,271.75µm
reorder_buf_instance.value0\[0\],271.7µm
net1189,271.01µm
net1332,271µm
multiplier_instance.PPG.B\[7\],269.16µm
net1429,269µm
net917,268.88µm
net1143,268.79µm
net781,268.64µm
net1172,268.14µm
net1447,267.71µm
net1558,267.41µm
net19,267.4µm
_00843_,267.325µm
net922,266.72µm
net583,266.17µm
net1688,266.04µm
net798,265.87µm
net1115,265.86µm
net1720,265.73µm
_16673_,265.52µm
net1231,264.29µm
_18377_,264.14µm
net1106,264.085µm
multiplier_instance.PPG.A\[5\],263.96µm
net966,263.88µm
net1706,263.8µm
net890,263.65µm
net1567,263.54µm
net716,263.26µm
net688,262.94µm
net1498,262.66µm
_14001_,262.44µm
net873,262.05µm
net1745,261.94µm
net1221,261.62µm
net59,261.33µm
net775,261µm
net1425,260.92µm
clknet_5_14__leaf_clk,260.82µm
net925,260.49µm
net28,260.26µm
net1244,260.16µm
clknet_5_15__leaf_clk,259.96µm
net1274,259.66µm
net701,259.58µm
net1469,259.56µm
net943,259.38µm
net662,259.02µm
clknet_5_7__leaf_clk,258.94µm
net45,258.62µm
net857,258.49µm
net1674,258.44µm
net36,257.5µm
net794,257.33µm
net29,257.24µm
net1242,256.47µm
net328,255.585µm
_16717_,255.54µm
net620,255.515µm
net652,255.4µm
net248,255.09µm
net1603,254.46µm
net579,254.4µm
net1635,254.29µm
_11434_,254.2µm
net740,254.13µm
net976,254.04µm
net1534,253.82µm
net32,253.43µm
net1168,253.23µm
net1245,252.34µm
net1139,251.64µm
net1383,251.55µm
_06403_,251.51µm
net1352,251.23µm
net1028,251.12µm
_16706_,250.8µm
_00071_,250.69µm
net1100,250.595µm
net30,250.38µm
net1422,250.26µm
net1479,250.25µm
net685,250.01µm
net1056,249.48µm
net612,249.24µm
net1446,249.24µm
net681,249.12µm
net970,248.94µm
net1290,248.78µm
net743,248.32µm
net605,248.15µm
net264,248µm
_18394_,247.89µm
net984,247.66µm
net1462,247.65µm
reorder_buf_instance.value2\[1\],247.33µm
multiplier_instance.PPG.B\[0\],245.86µm
net61,245.81µm
net1390,245.56µm
net597,244.99µm
net986,244.78µm
net1413,244.5µm
net777,243.92µm
net1500,243.65µm
net1490,243.6µm
net1018,243.32µm
net1038,243.3µm
net1264,242.785µm
reorder_buf_instance.value0\[31\],242.69µm
add_sign,242.54µm
net785,242.435µm
net1162,242.39µm
net1281,241.22µm
net1180,241.05µm
net693,240.13µm
net563,239.93µm
net49,239.89µm
net1488,239.88µm
net1280,239.18µm
net1042,239.16µm
clknet_5_22__leaf_clk,239.01µm
net1256,239µm
net1546,238.98µm
net1267,238.9µm
_10678_,238.36µm
net862,238.02µm
net915,237.34µm
net710,236.98µm
net1050,236.93µm
net1612,236.76µm
net1659,236.66µm
net725,235.93µm
net18,235.79µm
net1251,235.305µm
net1185,235.24µm
net1309,234.44µm
net1082,234.19µm
net671,234.17µm
net595,234.135µm
net1178,233.42µm
net138,233.28µm
net1026,233.28µm
net1278,233.28µm
_16739_,233.18µm
net1517,232.96µm
net898,232.91µm
net871,232.395µm
net1208,232.18µm
net1060,231.98µm
clknet_5_27__leaf_clk,231.78µm
net1157,231.48µm
net607,231.18µm
net56,230.72µm
net692,230.335µm
_16574_,229.9µm
net1146,229.88µm
net991,229.82µm
_16794_,229.7µm
net1077,229.36µm
reorder_buf_instance.value0\[9\],229.35µm
net650,229.31µm
net1204,228.84µm
net1194,228.66µm
clknet_5_4__leaf_clk,228.14µm
net24,228.12µm
_05757_,227.36µm
net60,227.28µm
net1087,226.64µm
clknet_5_13__leaf_clk,226.46µm
net1685,226.18µm
net324,226.13µm
net320,225.82µm
net146,225.76µm
net1171,225.63µm
net1533,225.28µm
net1007,225.12µm
net1416,225.015µm
net1195,224.955µm
net593,224.94µm
net1571,224.92µm
net1379,224.88µm
_16761_,224.66µm
net1800,224.65µm
net1047,224.49µm
net546,224.28µm
net1572,224.27µm
clknet_5_25__leaf_clk,224.09µm
net720,223.46µm
_09872_,223.43µm
net207,223.37µm
net1029,223.06µm
net1080,222.78µm
mult_mantisa\[12\],222.64µm
net1450,222.58µm
net665,222.49µm
net202,222.2µm
clknet_5_19__leaf_clk,222.14µm
net1597,221.72µm
multiplier_instance.PPG.A\[23\],221.64µm
net791,221.62µm
net1049,221.62µm
_02674_,221.6µm
net1134,221.47µm
clknet_5_1__leaf_clk,221.38µm
net1645,221.26µm
net312,221.24µm
net1487,221.1µm
net1623,221.02µm
net173,221µm
net680,221µm
net912,220.91µm
_07515_,220.89µm
net1035,220.73µm
net1187,220.44µm
net591,220.42µm
net1458,220.405µm
_16662_,220.4µm
net174,220.14µm
net1380,219.72µm
_14911_,219.445µm
net974,219.36µm
net1107,219.34µm
net589,219.24µm
net331,219.08µm
net2008,219.06µm
net1207,219.05µm
_18378_,218.93µm
adder_buffer.out\[36\],218.48µm
clknet_5_16__leaf_clk,218.15µm
net1254,218.06µm
net1062,217.84µm
net1403,217.67µm
add_mantisaB\[2\],217.02µm
net1192,216.99µm
net1081,216.85µm
net874,216.605µm
net603,216.43µm
net759,216.13µm
clknet_5_28__leaf_clk,215.76µm
net1159,215.47µm
net1150,215.22µm
net1193,215.015µm
reorder_buf_instance.value0\[17\],215.01µm
net1409,214.91µm
adder_instance.mantisaresult\[43\],214.8µm
net1742,214.72µm
net1935,214.63µm
net534,214.62µm
net256,214.6µm
net1511,214.54µm
net1090,214.44µm
_16640_,213.98µm
multiplier_instance.PPG.A\[3\],213.98µm
net951,213.91µm
net983,213.72µm
net1301,213.6µm
net1096,213.535µm
net699,213.42µm
net52,213.38µm
net1532,212.84µm
net1108,212.835µm
net1053,212.63µm
net1484,212.62µm
net599,212.5µm
net1197,212.43µm
net1011,212.28µm
net1718,212.21µm
net1241,212µm
net571,211.98µm
net1619,211.78µm
net565,211.67µm
net1565,211.02µm
net661,211µm
net639,210.87µm
net841,210.78µm
net1618,210.66µm
net525,210.24µm
net1540,210.06µm
net1257,209.94µm
net333,209.9µm
net742,209.88µm
net1058,209.74µm
net1624,209.72µm
net1510,209.7µm
net171,209.655µm
net1524,209.16µm
net718,209.12µm
net836,208.87µm
net329,208.82µm
net924,208.79µm
net385,208.62µm
net1497,208.54µm
net1593,208.48µm
_10962_,208.31µm
net847,208.2µm
net893,207.99µm
net768,207.9µm
_18379_,207.87µm
net1605,207.38µm
_16530_,207.3µm
net684,207.3µm
clknet_5_2__leaf_clk,206.8µm
multiplier_instance.PPG.A\[15\],206.68µm
reorder_buf_instance.value0\[16\],206.54µm
net1472,206.48µm
net962,206.47µm
net1091,206.38µm
net1440,205.97µm
net1820,205.36µm
net292,205.32µm
_11640_,205µm
net309,204.955µm
net2060,204.88µm
net1031,204.8µm
net542,204.25µm
multiplier_instance.PPG.B\[21\],204.22µm
net1086,203.76µm
net1219,203.56µm
net942,203.43µm
net901,203.04µm
net54,202.85µm
clknet_5_26__leaf_clk,202.74µm
net1099,202.65µm
net914,202.52µm
net947,202.02µm
_12983_,202µm
multiplier_instance.PPG.A\[14\],201.79µm
net50,201.76µm
net1397,201.66µm
net1015,201.54µm
net1066,201.25µm
_03701_,201.18µm
net1529,201.18µm
_21765_,201.06µm
net575,200.87µm
net1306,200.675µm
net1566,200.31µm
reorder_buf_instance.value2\[4\],200µm
net919,199.93µm
reorder_buf_instance.value2\[3\],199.76µm
multiplier_instance.PPG.A\[2\],199.71µm
net2011,199.69µm
net795,199.52µm
net833,199.43µm
net1040,199.3µm
net1097,199.3µm
net1247,199.295µm
net1643,199.24µm
net313,199.135µm
_10918_,199.07µm
_16651_,199.04µm
net1273,198.38µm
net617,197.99µm
net1563,197.96µm
net1727,197.22µm
net41,197.15µm
net1437,197.14µm
net844,196.98µm
net2081,196.86µm
net1072,196.45µm
net1631,196.26µm
net277,196.06µm
net1539,196.01µm
net195,195.895µm
net1764,195.76µm
net33,195.685µm
net779,195.65µm
net696,195.45µm
net821,195.2µm
_14076_,194.97µm
net1519,194.74µm
net1528,194.685µm
net657,194.53µm
net39,194.09µm
net1667,193.87µm
net297,193.79µm
net965,193.78µm
net2112,193.76µm
net1948,193.66µm
net809,193.59µm
net1016,193.52µm
net1613,193.47µm
net555,193.45µm
net1236,193.34µm
_21738_,193.32µm
_16728_,193.28µm
net1073,193.25µm
net47,193.2µm
net704,193.08µm
adder_buffer.out\[31\],192.85µm
net1123,192.66µm
net827,192.56µm
reorder_buf_instance.value0\[12\],192.42µm
net227,192.42µm
clknet_5_17__leaf_clk,191.62µm
net1126,191.6µm
_07733_,191.52µm
net228,191.16µm
net1317,191.11µm
net703,190.84µm
net1044,190.51µm
net1791,190.29µm
_07194_,190.17µm
net707,190.02µm
net1799,189.44µm
net1512,189.22µm
_08679_,189.13µm
net926,189.08µm
net2013,188.94µm
net46,188.65µm
net1074,188.6µm
net387,188.51µm
net1782,188.28µm
net1258,187.94µm
adder_buffer.out\[35\],187.93µm
net587,187.8µm
net987,187.52µm
net1569,187.45µm
reorder_buf_instance.value2\[15\],187.44µm
net1300,187.29µm
net2047,187.15µm
net615,186.69µm
_16783_,186.6µm
net1579,186.49µm
net1807,186.24µm
reorder_buf_instance.value2\[19\],186.2µm
_13999_,186.06µm
net1661,185.85µm
_13365_,185.69µm
net1296,185.5µm
_07370_,185.41µm
net756,185.15µm
net1544,185.03µm
_04567_,185.02µm
net2050,184.88µm
net1518,184.77µm
net2074,184.74µm
net866,184.65µm
net53,184.19µm
net505,183.84µm
net1205,183.64µm
net1025,183.57µm
_14077_,183.52µm
reorder_buf_instance.value2\[16\],183.52µm
net1270,183.49µm
net1988,183.215µm
net1318,183.16µm
net168,183.13µm
net2120,182.96µm
net262,182.68µm
net854,182.55µm
reorder_buf_instance.value2\[13\],182.4µm
net989,182.2µm
net573,182.19µm
net674,182.18µm
net358,181.7µm
net1103,181.31µm
net1884,181.28µm
net1543,181.24µm
net913,181.21µm
net1731,181.16µm
net305,181.06µm
net824,180.92µm
net2084,180.92µm
_14000_,180.84µm
net224,180.76µm
_13981_,180.74µm
net294,180.66µm
_07939_,180.615µm
net669,180.54µm
net623,180.42µm
net860,180.27µm
_11378_,180.26µm
net299,180.24µm
reorder_buf_instance.value2\[12\],180.16µm
net1030,180.14µm
net1494,180.02µm
net1614,179.94µm
_14078_,179.92µm
net1213,179.84µm
net1250,179.78µm
net1804,179.56µm
net643,179.465µm
net1467,179.43µm
net1664,179.42µm
net1051,179.31µm
reorder_buf_instance.value2\[8\],179.29µm
net1486,178.74µm
net1014,178.73µm
net1559,178.7µm
net935,178.46µm
net316,178.32µm
net1932,178.255µm
net561,178.165µm
net939,178µm
net1083,177.8µm
net335,177.7µm
net1890,177.62µm
net749,177.6µm
net1048,177.56µm
net1929,177.4µm
net1411,176.9µm
adder_buffer.out\[32\],176.87µm
net222,176.48µm
net1438,176.32µm
_12985_,176.2µm
adder_instance.mantisaresult\[39\],175.68µm
net1198,175.46µm
net1548,175.36µm
net746,175.26µm
reorder_buf_instance.value0\[4\],175.21µm
net815,175.02µm
net1564,174.86µm
net1109,174.795µm
_11709_,174.62µm
net1024,174.04µm
clknet_5_29__leaf_clk,174.04µm
_10472_,174.02µm
net55,173.96µm
adder_instance.mantisaresult\[42\],173.92µm
net190,173.9µm
net1359,173.86µm
net982,173.72µm
net2059,173.58µm
net1489,173.515µm
net1938,173.51µm
net1650,173.19µm
net366,173.06µm
net990,172.8µm
net1638,172.79µm
net967,172.72µm
_04689_,172.69µm
_10963_,172.59µm
net1215,172.36µm
net941,172.35µm
net856,172.2µm
net619,172.12µm
clknet_5_24__leaf_clk,171.88µm
net1433,171.53µm
divider_instance.mantisaAshift\[42\],171.5µm
net569,171.18µm
multiplier_instance.TT.CPA.sum\[26\],171.04µm
reorder_buf_instance.value0\[15\],170.85µm
net789,170.62µm
net1945,170.42µm
net1869,170.405µm
net1152,170.4µm
net1111,170.375µm
net932,170.32µm
_09494_,170.115µm
net923,170.09µm
net1272,169.93µm
net1761,169.44µm
net215,169.31µm
net1857,169.29µm
net988,169.21µm
divider_instance.mantisaAshift\[40\],169.18µm
net1034,169.18µm
net1626,169.17µm
net1578,169.08µm
_16519_,169.04µm
adder_buffer.out\[34\],168.9µm
net918,168.84µm
divider_instance.mantisaresult\[19\],168.82µm
multiplier_instance.PPG.B\[17\],168.69µm
_15615_,168.37µm
net783,168.34µm
net1371,168.3µm
net1712,168.3µm
net1724,167.96µm
net1418,167.82µm
net1862,167.62µm
net326,167.58µm
net1577,167.46µm
_03667_,167.39µm
net1408,167.08µm
add_mantisaB\[3\],167.075µm
_16311_,166.99µm
net2115,166.92µm
net1973,166.73µm
net1589,166.7µm
net1864,166.685µm
net1070,166.64µm
net58,166.49µm
net1806,166.48µm
net1388,166.24µm
_11438_,166.12µm
net1110,166.075µm
net197,166.07µm
net1140,166.06µm
multiplier_instance.TT.CPA.sum\[25\],165.97µm
reorder_buf_instance.value2\[22\],165.96µm
net972,165.87µm
_04252_,165.81µm
net734,165.66µm
net1249,165.55µm
net1303,165.52µm
net949,165.48µm
net897,165.24µm
net1259,165µm
net1160,164.86µm
net739,164.63µm
net1052,164.44µm
_08618_,164.4µm
net2003,164.38µm
net1887,164.235µm
net773,164.2µm
net159,164.07µm
_03659_,164µm
net909,163.97µm
divider_instance.mantisaresult\[45\],163.92µm
net1991,163.83µm
clknet_5_20__leaf_clk,163.83µm
_16541_,163.68µm
reorder_buf_instance.value2\[14\],163.31µm
adder_instance.expmiddle\[5\],163.2µm
_09373_,163.12µm
_15211_,163.06µm
clknet_5_21__leaf_clk,162.94µm
net167,162.7µm
net1061,162.62µm
net1265,162.62µm
adder_instance.expmiddle\[6\],162.57µm
net764,162.46µm
net1155,162.46µm
reorder_buf_instance.value2\[18\],162.45µm
net613,162.45µm
reorder_buf_instance.value1\[18\],162.43µm
net465,161.98µm
net1179,161.98µm
net247,161.94µm
net1033,161.88µm
net763,161.875µm
net1987,161.82µm
net889,161.73µm
clknet_5_30__leaf_clk,161.7µm
divider_instance.mantisaresult\[39\],161.475µm
net1293,161.42µm
net1480,161.4µm
net246,161.32µm
net1586,161.24µm
net51,161.22µm
net999,161.2µm
net2109,161.2µm
net2009,161.08µm
net1871,160.91µm
_16400_,160.55µm
divider_instance.mantisaresult\[34\],160.34µm
net1069,160.08µm
_08855_,159.87µm
net216,159.76µm
net2090,159.69µm
net181,159.2µm
net706,159.18µm
net953,158.73µm
_09374_,158.725µm
_16563_,158.68µm
net1386,158.66µm
net1211,158.42µm
_08163_,158.28µm
net870,158.26µm
net1934,158.155µm
_15631_,158.12µm
net531,158.12µm
net752,157.98µm
net1043,157.75µm
net2106,157.62µm
divider_instance.expmiddlea\[3\],157.28µm
_08854_,157.225µm
clknet_leaf_217_clk,157.01µm
multiplier_instance.PPG.B\[1\],156.84µm
_15113_,156.62µm
net1421,156.5µm
net1184,156.46µm
net1772,156.44µm
net1305,156.25µm
net797,155.45µm
net1372,155.27µm
net1515,155.26µm
net1105,154.995µm
net934,154.99µm
net1503,154.79µm
adder_buffer.out\[38\],154.62µm
divider_instance.mantisaresult\[18\],154.595µm
net629,154.52µm
net284,154.4µm
net1131,154.34µm
net1456,154.3µm
net1307,154.26µm
net1460,154.14µm
net1576,153.785µm
reorder_buf_instance.value1\[6\],153.78µm
net1175,153.5µm
net301,153.26µm
net1285,153.08µm
net985,152.91µm
net1092,152.9µm
net724,152.76µm
net1950,152.755µm
_04154_,152.66µm
net858,152.54µm
net1922,152.4µm
net1927,152.38µm
divider_instance.expmiddleb\[0\],152.3µm
net973,152.25µm
net1084,152.01µm
net141,151.98µm
clknet_leaf_173_clk,151.94µm
net2088,151.8µm
multiplier_instance.PPG.B\[16\],151.66µm
net1984,151.64µm
net229,151.48µm
net1582,151.48µm
net318,151.42µm
_06518_,151.415µm
net1928,151.38µm
net1344,151.34µm
_11963_,151.32µm
net1451,151.32µm
net176,150.94µm
net1616,150.88µm
net266,150.78µm
_06156_,150.74µm
_18513_,150.7µm
net337,150.62µm
net793,150.6µm
net1141,150.48µm
divider_instance.mantisaAshift\[43\],150.44µm
net1982,150.26µm
net1373,150.18µm
net1585,149.96µm
net349,149.91µm
net1078,149.82µm
net1410,149.76µm
_17821_,149.72µm
net342,149.655µm
adder_instance.mantisaresult\[56\],149.64µm
net1477,149.46µm
_07330_,149.4µm
net1552,149.36µm
net1850,149.03µm
net1557,148.84µm
_10305_,148.68µm
net921,148.61µm
adder_instance.mantisaAshift\[48\],148.42µm
_11957_,148.36µm
net911,148.23µm
net1610,148.175µm
net2026,148.02µm
net1592,147.9µm
_13367_,147.86µm
net1942,147.68µm
adder_buffer.out\[39\],147.5µm
net1599,147.26µm
clknet_leaf_234_clk,147.14µm
_14329_,147.09µm
_08856_,147.04µm
multiplier_instance.PPG.B\[15\],147.02µm
_06335_,147.01µm
net1822,146.97µm
net1701,146.7µm
net1985,146.66µm
reorder_buf_instance.value0\[8\],146.62µm
net2073,146.58µm
_05662_,146.52µm
_14912_,146.52µm
net1962,146.42µm
net203,146.3µm
net2038,146.22µm
adder_buffer.out\[20\],146.2µm
net218,146.18µm
net334,146.02µm
net1995,145.7µm
_11923_,145.42µm
_09225_,145.33µm
net1075,145.28µm
net1351,145.28µm
_09332_,145.27µm
net1453,145.21µm
net1989,144.88µm
net290,144.84µm
net1596,144.8µm
net354,144.72µm
_14782_,144.6µm
net394,144.475µm
net180,144.36µm
adder_instance.mantisaresult\[54\],144.35µm
net840,144.27µm
net267,144.14µm
mult_mantisa\[20\],144.1µm
net813,144µm
net1328,143.88µm
net1521,143.745µm
net1886,143.47µm
net627,143.465µm
net975,143.425µm
net1545,143.31µm
_09348_,143.28µm
_13794_,143.105µm
net255,143.02µm
net1990,143.015µm
net1823,142.92µm
_07516_,142.9µm
net1885,142.835µm
net332,142.8µm
net1308,142.76µm
net1407,142.68µm
net170,142.66µm
net241,142.56µm
adder_buffer.out\[3\],142.46µm
clknet_leaf_184_clk,142.44µm
net533,142.4µm
net1794,142.4µm
_18389_,142.38µm
net1926,142.22µm
_15405_,142.18µm
net1063,142.17µm
net1594,142.04µm
reorder_buf_instance.value0\[1\],142.02µm
net1349,142.02µm
net556,142µm
clknet_5_18__leaf_clk,141.86µm
_16363_,141.82µm
net872,141.78µm
net1818,141.74µm
net44,141.62µm
net261,141.58µm
net1135,141.58µm
divider_instance.expmiddlea\[2\],141.49µm
net1071,141.42µm
net1551,141.32µm
net1374,141.16µm
net1825,140.9µm
net340,140.8µm
net1896,140.695µm
_16349_,140.69µm
clknet_leaf_188_clk,140.64µm
net219,140.57µm
net559,140.55µm
add_mantisaB\[0\],140.51µm
net514,140.37µm
net1953,140.32µm
reorder_buf_instance.value2\[20\],140.3µm
divider_instance.mantisaresult\[17\],140.22µm
net1798,140.2µm
_11710_,140.1µm
net1912,140.085µm
reorder_buf_instance.value1\[23\],140.045µm
net1854,140.02µm
net567,139.875µm
net1537,139.72µm
net2017,139.69µm
_10100_,139.51µm
net1394,139.42µm
add_mantisaB\[4\],139.4µm
_11437_,139.335µm
net1617,139.32µm
net537,139.28µm
adder_instance.mantisaresult\[57\],139.15µm
net360,139.03µm
net2102,139.02µm
net1271,138.94µm
net957,138.88µm
_07940_,138.76µm
_16388_,138.74µm
net1940,138.5µm
add_mantisaB\[14\],138.49µm
net1466,138.26µm
_21780_,138.17µm
net198,138.025µm
_15078_,137.94µm
reorder_buf_instance.value1\[9\],137.93µm
net1625,137.9µm
net545,137.76µm
_18392_,137.66µm
_03656_,137.52µm
net1888,137.46µm
_05687_,137.4µm
reorder_buf_instance.value0\[11\],137.37µm
reorder_buf_instance.value2\[7\],137.34µm
net353,137.26µm
clknet_leaf_189_clk,136.98µm
_10682_,136.9µm
mult_buffer.out\[32\],136.9µm
net1000,136.67µm
net1385,136.635µm
_18393_,136.42µm
net1234,136.38µm
_15451_,136.35µm
_04005_,136.16µm
reorder_buf_instance.value0\[7\],136.14µm
net345,136.06µm
add_mantisaB\[1\],136µm
clknet_leaf_203_clk,135.98µm
net1918,135.97µm
net1079,135.95µm
reorder_buf_instance.head\[2\],135.88µm
reorder_buf_instance.value2\[9\],135.88µm
net2063,135.88µm
_13796_,135.84µm
net1930,135.69µm
net1892,135.615µm
_16378_,135.44µm
net728,135.38µm
net304,135.34µm
net1045,135.34µm
_07584_,135.26µm
clknet_leaf_223_clk,135.2µm
_06334_,135.14µm
_14331_,135.06µm
multiplier_instance.PPG.A\[22\],135.06µm
divider_instance.mantisaresult\[21\],135.03µm
adder_instance.mantisaresult\[55\],134.95µm
net276,134.94µm
net864,134.78µm
clknet_leaf_186_clk,134.74µm
net807,134.61µm
net1501,134.54µm
net407,134.495µm
_15344_,134.49µm
_06711_,134.38µm
net1424,134.36µm
_10043_,134.28µm
add_mantisaB\[5\],134.25µm
net995,133.86µm
clknet_leaf_200_clk,133.835µm
net2094,133.8µm
net152,133.76µm
clknet_leaf_180_clk,133.755µm
_11958_,133.615µm
net2093,133.535µm
_04074_,133.5µm
divider_instance.inf1,133.42µm
net1868,133.42µm
net513,133.34µm
net1136,133.26µm
_15604_,133.19µm
divider_instance.undefined1,133.135µm
_05666_,133.12µm
_21760_,133.06µm
net1957,132.98µm
net1098,132.9µm
net175,132.88µm
net1448,132.6µm
divider_instance.mantisaAshift\[41\],132.26µm
_02570_,132.2µm
net1302,132.14µm
clknet_leaf_179_clk,132.08µm
_02868_,131.98µm
_02670_,131.8µm
net540,131.76µm
net1883,131.76µm
net2054,131.74µm
net1370,131.645µm
net214,131.32µm
net2118,131.05µm
net1538,131.04µm
net1526,130.82µm
net735,130.66µm
net64,130.46µm
net1530,130.3µm
net1642,130.3µm
adder_instance.mantisaresult\[53\],130.16µm
net737,130.15µm
net1322,130.1µm
net1338,130.075µm
net655,129.955µm
clknet_leaf_230_clk,129.915µm
net1464,129.86µm
net63,129.79µm
reorder_buf_instance.write_location0\[3\],129.68µm
net1027,129.68µm
clknet_leaf_201_clk,129.68µm
net994,129.51µm
net1355,129.48µm
net348,129.46µm
net1286,129.41µm
multiplier_instance.TT.CPA.sum\[27\],129.34µm
net2065,129.26µm
divider_instance.expmiddleb\[7\],129.2µm
_07601_,129.135µm
net2095,129.01µm
net1320,128.945µm
net1104,128.84µm
net1622,128.82µm
net2119,128.68µm
net1841,128.54µm
net3297,128.54µm
net960,128.52µm
net1829,128.52µm
clknet_leaf_21_clk,128.44µm
clknet_leaf_181_clk,128.36µm
net48,128.34µm
_11711_,128.25µm
net2046,128.24µm
net1235,128.16µm
net330,128.14µm
net611,128.1µm
_05655_,128.09µm
net1994,128.05µm
net1819,127.83µm
net1846,127.82µm
net916,127.76µm
_10964_,127.6µm
net405,127.53µm
net1976,127.45µm
net1607,127.44µm
net868,127.38µm
net196,127.37µm
net1908,127.335µm
_05703_,127.32µm
net963,127.32µm
net260,127.14µm
net714,127.04µm
_05649_,126.93µm
net1954,126.62µm
net676,126.6µm
net2021,126.56µm
divider_instance.mantisaresult\[32\],126.46µm
_04952_,126.44µm
net1604,126.44µm
clknet_leaf_227_clk,126.42µm
_07587_,126.36µm
_16393_,126.295µm
_05693_,126.05µm
net1620,125.87µm
_10098_,125.86µm
net1314,125.8µm
net1327,125.76µm
_09163_,125.75µm
_10099_,125.67µm
reorder_buf_instance.value2\[31\],125.62µm
adder_instance.mantisaresult\[38\],125.58µm
multiplier_instance.s3_sum\[43\],125.5µm
net2001,125.49µm
net543,125.44µm
_09431_,125.42µm
net504,125.37µm
net2113,125.36µm
adder_instance.mantisaresult\[16\],125.22µm
net1870,124.99µm
_09562_,124.96µm
divider_instance.mantisaAshift\[47\],124.86µm
clknet_leaf_23_clk,124.86µm
adder_instance.mantisaresult\[36\],124.83µm
_16805_,124.6µm
net1858,124.585µm
_18374_,124.58µm
divider_instance.expmiddlea\[4\],124.48µm
clknet_leaf_99_clk,124.405µm
divider_instance.mantisaAshift\[46\],124.38µm
net1916,124.37µm
_14274_,124.32µm
net137,124.24µm
net142,124.13µm
data_location\[2\],124.12µm
net1986,124.03µm
divider_instance.mantisaresult\[2\],123.95µm
net449,123.94µm
net1319,123.935µm
net1430,123.86µm
net1853,123.81µm
net1331,123.8µm
net722,123.7µm
net149,123.68µm
net1842,123.61µm
net376,123.48µm
net2111,123.4µm
divider_instance.mantisaAshift\[60\],123.36µm
net367,123.22µm
_18391_,123.19µm
net139,123.08µm
_03520_,123.04µm
_10306_,123µm
multiplier_instance.PPG.B\[6\],122.96µm
adder_instance.mantisaBshift\[12\],122.955µm
_13795_,122.82µm
net178,122.78µm
net151,122.74µm
net1039,122.64µm
_09563_,122.6µm
_10555_,122.23µm
net314,122.18µm
net1969,122.18µm
_06533_,122.14µm
net1345,122.125µm
net1851,122.085µm
mult_mantisa\[4\],122.02µm
net199,122µm
_01434_,121.985µm
net1827,121.93µm
net501,121.85µm
reorder_buf_instance.write_location0\[2\],121.8µm
_05572_,121.78µm
net158,121.52µm
net1802,121.39µm
adder_instance.mantisaresult\[32\],121.17µm
net40,121.12µm
net1814,121.1µm
net1958,121.04µm
net887,121.005µm
net940,120.95µm
net1628,120.7µm
net1906,120.685µm
net341,120.68µm
_03475_,120.58µm
net799,120.52µm
net1812,120.48µm
_18310_,120.46µm
_09338_,120.44µm
net1831,120.345µm
_12153_,120.32µm
net1289,120.3µm
adder_instance.mantisaAshift\[49\],120.29µm
net1960,120.235µm
_04809_,120.22µm
net1855,120.195µm
net1602,120.15µm
net2030,120.13µm
adder_instance.mantisaresult\[50\],120.07µm
net805,119.88µm
net1838,119.88µm
net1590,119.8µm
net2049,119.78µm
net1522,119.76µm
divider_instance.expmiddleb\[5\],119.72µm
net421,119.7µm
net179,119.56µm
reorder_buf_instance.value2\[6\],119.5µm
net1914,119.48µm
net293,119.475µm
_09346_,119.42µm
net233,119.37µm
net1959,119.24µm
_07613_,119.225µm
net362,119.22µm
reorder_buf_instance.value0\[18\],119.2µm
net1876,119.2µm
net1432,119.15µm
net1905,119.145µm
net1824,119.11µm
add_mantisaB\[7\],118.98µm
net2082,118.96µm
net1910,118.9µm
net510,118.74µm
net2010,118.73µm
_11197_,118.72µm
adder_instance.mantisaresult\[25\],118.68µm
net2104,118.6µm
multiplier_instance.s3_sum\[24\],118.58µm
adder_instance.mantisaresult\[44\],118.54µm
divider_instance.mantisaAshift\[52\],118.48µm
_04513_,118.47µm
clknet_leaf_218_clk,118.4µm
net2108,118.32µm
net2041,118.295µm
adder_buffer.value\[36\],118.24µm
net1611,118.18µm
net1598,118.16µm
_14343_,118.14µm
adder_instance.mantisaresult\[7\],118.14µm
_05756_,118.12µm
net275,117.96µm
net1057,117.83µm
clknet_leaf_192_clk,117.76µm
net1709,117.72µm
clknet_leaf_183_clk,117.64µm
net1341,117.6µm
net1964,117.6µm
clknet_leaf_177_clk,117.6µm
net3279,117.56µm
data_location\[0\],117.5µm
adder_buffer.out\[0\],117.4µm
net352,117.36µm
net1978,117.2µm
net1400,117.15µm
net1476,117.01µm
adder_instance.mantisaresult\[35\],116.98µm
net1340,116.975µm
clknet_leaf_206_clk,116.82µm
net270,116.74µm
net1630,116.68µm
net239,116.575µm
net2114,116.52µm
net1315,116.385µm
net232,116.38µm
net1002,116.37µm
data_location\[3\],116.28µm
_02560_,116.24µm
clknet_leaf_75_clk,116.24µm
_06748_,116.135µm
net1199,115.88µm
net311,115.795µm
_06930_,115.79µm
adder_instance.mantisaresult\[19\],115.73µm
_08401_,115.7µm
net283,115.68µm
_16187_,115.66µm
net2080,115.43µm
clknet_leaf_22_clk,115.38µm
net726,115.36µm
_08853_,115.2µm
net34,115.14µm
net621,115.06µm
net148,114.98µm
_14367_,114.96µm
net1852,114.85µm
net322,114.78µm
net373,114.78µm
net2053,114.78µm
net1581,114.74µm
divider_instance.mantisaresult\[22\],114.735µm
net1848,114.66µm
net993,114.58µm
net1834,114.56µm
net161,114.54µm
net969,114.54µm
_13175_,114.48µm
divider_instance.mantisaAshift\[53\],114.48µm
clknet_leaf_77_clk,114.44µm
_16868_,114.31µm
net71,114.22µm
net1936,114.12µm
clknet_leaf_233_clk,114.08µm
_14281_,114µm
net2051,114µm
net370,113.82µm
net296,113.795µm
adder_instance.mantisaresult\[12\],113.74µm
net1894,113.63µm
net831,113.61µm
net1573,113.57µm
net166,113.53µm
_15624_,113.51µm
net210,113.48µm
_02567_,113.42µm
clknet_leaf_245_clk,113.38µm
net2025,113.34µm
net2072,113.32µm
divider_instance.expmiddlec\[3\],113.265µm
reorder_buf_instance.value2\[29\],113.22µm
adder_instance.mantisaAshift\[47\],113.19µm
divider_instance.mantisaAshift\[44\],113.19µm
divider_instance.mantisaA0\[15\],113.16µm
net830,113.15µm
_15614_,113.08µm
divider_instance.mantisaresult\[0\],113.06µm
clknet_leaf_24_clk,112.995µm
_13797_,112.92µm
net931,112.92µm
net1299,112.88µm
net1971,112.8µm
net1101,112.795µm
adder_instance.mantisaresult\[46\],112.7µm
net399,112.66µm
_18516_,112.56µm
net1979,112.5µm
divider_instance.mantisaresult\[28\],112.385µm
net532,112.38µm
net1239,112.38µm
_07617_,112.33µm
net1444,112.3µm
net1875,112.295µm
net1879,112.24µm
net466,112.22µm
net287,112.14µm
net257,112.12µm
clknet_leaf_130_clk,112.1µm
net372,111.98µm
net1920,111.95µm
_10669_,111.86µm
net1335,111.76µm
net1295,111.755µm
net1956,111.665µm
net577,111.6µm
net1415,111.49µm
net1608,111.48µm
net1808,111.48µm
net553,111.475µm
divider_instance.expmiddleb\[1\],111.39µm
net1514,111.37µm
_03404_,111.33µm
net1904,110.96µm
reorder_buf_instance.value0\[23\],110.84µm
clknet_leaf_106_clk,110.74µm
net1835,110.72µm
_14448_,110.64µm
adder_instance.expmiddle\[4\],110.6µm
net1997,110.52µm
net1974,110.38µm
_05697_,110.34µm
_03343_,110.16µm
_07625_,110.16µm
reorder_buf_instance.value0\[29\],110.16µm
net374,110.02µm
net172,109.9µm
net541,109.76µm
net519,109.68µm
net446,109.65µm
net384,109.62µm
_05645_,109.58µm
net2007,109.48µm
adder_instance.mantisaBshift\[31\],109.39µm
adder_instance.mantisaresult\[14\],109.23µm
clknet_leaf_187_clk,109.21µm
net486,109.12µm
net388,108.99µm
adder_instance.mantisaresult\[13\],108.96µm
net944,108.95µm
_01435_,108.865µm
net1933,108.86µm
adder_instance.mantisaBshift\[14\],108.835µm
net1298,108.82µm
net2101,108.82µm
clknet_leaf_146_clk,108.78µm
net460,108.54µm
net1849,108.54µm
net357,108.5µm
net144,108.48µm
net1406,108.46µm
adder_instance.mantisaresult\[11\],108.44µm
clknet_leaf_4_clk,108.42µm
_10958_,108.41µm
_06210_,108.4µm
_01805_,108.385µm
net1395,108.3µm
net1354,108.28µm
net1054,108.22µm
clknet_leaf_110_clk,108.22µm
divider_instance.mantisaresult\[30\],108.115µm
net1881,107.955µm
net375,107.915µm
net1329,107.9µm
clknet_leaf_244_clk,107.84µm
net249,107.72µm
clknet_leaf_42_clk,107.72µm
adder_instance.mantisaresult\[8\],107.69µm
net2098,107.66µm
multiplier_instance.s3_sum\[44\],107.5µm
reorder_buf_instance.value0\[22\],107.42µm
data_location\[1\],107.4µm
_07594_,107.36µm
net263,107.26µm
_01629_,107.18µm
_18369_,107.1µm
_02720_,107.06µm
net379,107.06µm
net1377,107.06µm
_13230_,106.96µm
net409,106.905µm
net2110,106.9µm
divider_instance.mantisaresult\[15\],106.815µm
net1847,106.76µm
net363,106.66µm
adder_buffer.value\[39\],106.62µm
net1946,106.6µm
adder_instance.mantisaresult\[52\],106.58µm
divider_instance.mantisaresult\[23\],106.52µm
net493,106.46µm
net910,106.36µm
_13793_,106.28µm
net1786,106.28µm
net1975,106.26µm
adder_instance.mantisaresult\[40\],106.2µm
reorder_buf_instance.head\[3\],106.19µm
_09894_,106.18µm
net1972,106.13µm
net1880,106.12µm
_18478_,106.1µm
divider_instance.expmiddlec\[4\],106µm
net1816,106µm
net462,105.94µm
net1830,105.91µm
net1375,105.875µm
divider_instance.expmiddleb\[6\],105.86µm
net1840,105.84µm
net1903,105.815µm
net392,105.78µm
net380,105.68µm
clknet_leaf_18_clk,105.68µm
net1284,105.62µm
net1036,105.52µm
net3228,105.46µm
net420,105.44µm
clknet_leaf_33_clk,105.44µm
divider_instance.mantisaresult\[20\],105.32µm
net2045,105.28µm
net498,105.27µm
_10694_,105.2µm
divider_instance.mantisaresult\[25\],105.2µm
_05501_,105.08µm
adder_instance.mantisaresult\[45\],105.075µm
adder_instance.mantisaresult\[4\],105.06µm
net1627,105.04µm
net933,104.94µm
net271,104.82µm
net3313,104.8µm
_07497_,104.76µm
_16853_,104.695µm
adder_instance.mantisaresult\[37\],104.67µm
net1826,104.66µm
clknet_leaf_207_clk,104.66µm
net1968,104.655µm
clknet_leaf_142_clk,104.6µm
_05451_,104.59µm
net1921,104.59µm
reorder_buf_instance.value1\[14\],104.55µm
clknet_leaf_232_clk,104.54µm
_18930_,104.5µm
net1878,104.48µm
adder_instance.mantisaresult\[58\],104.44µm
net1287,104.42µm
net1574,104.42µm
_06904_,104.3µm
_13369_,104.25µm
net282,104.23µm
_12688_,104.22µm
net351,104.13µm
div_buffer.out\[32\],104.08µm
net2096,104.08µm
clknet_leaf_53_clk,104.04µm
_03373_,104.03µm
net663,104.01µm
_17815_,103.915µm
_05896_,103.91µm
net238,103.83µm
net772,103.74µm
net1817,103.66µm
net1346,103.64µm
clknet_leaf_66_clk,103.34µm
adder_buffer.value\[30\],103.3µm
net1832,103.28µm
net2070,103.28µm
_18411_,103.24µm
net908,103.24µm
adder_instance.mantisaAshift\[50\],103.22µm
net223,103.22µm
clknet_leaf_94_clk,103.18µm
_01480_,103.115µm
net2004,103.02µm
net885,103µm
adder_instance.mantisaresult\[41\],102.98µm
adder_instance.mantisaAshift\[51\],102.92µm
net346,102.86µm
multiplier_instance.PPG.A\[13\],102.76µm
net1010,102.76µm
net544,102.72µm
net2064,102.7µm
_09784_,102.62µm
clknet_leaf_93_clk,102.62µm
clknet_leaf_229_clk,102.6µm
clknet_leaf_197_clk,102.56µm
multiplier_instance.TT.CPA.sum\[23\],102.54µm
net1797,102.51µm
net1013,102.415µm
clknet_leaf_241_clk,102.38µm
adder_buffer.value\[38\],102.3µm
mult_mantisa\[3\],102.3µm
_14913_,102.14µm
net3198,102.01µm
net499,101.99µm
net530,101.97µm
net1877,101.94µm
net201,101.92µm
multiplier_instance.PPG.B\[12\],101.82µm
net2037,101.82µm
adder_instance.mantisaresult\[49\],101.69µm
net441,101.66µm
net1967,101.58µm
net1621,101.56µm
net936,101.54µm
_16869_,101.5µm
net1919,101.475µm
net1441,101.34µm
net236,101.26µm
net2023,101.22µm
adder_instance.mantisaBshift\[10\],101.21µm
_11017_,101.2µm
_05891_,101.12µm
clknet_leaf_57_clk,101.08µm
_06963_,101µm
_07141_,100.92µm
divider_instance.expmiddlec\[2\],100.91µm
net226,100.68µm
clknet_leaf_237_clk,100.675µm
net212,100.67µm
_14264_,100.66µm
multiplier_instance.TT.CPA.sum\[28\],100.64µm
_11212_,100.62µm
net302,100.62µm
clknet_leaf_160_clk,100.62µm
clknet_leaf_205_clk,100.56µm
net1297,100.555µm
_05840_,100.5µm
net998,100.48µm
net1595,100.45µm
_18435_,100.41µm
net1931,100.335µm
_04453_,100.26µm
net961,100.26µm
_07941_,100.18µm
_06623_,100.1µm
clknet_leaf_45_clk,100.1µm
net3252,100.1µm
div_mantisaB\[17\],100.08µm
net1874,100.08µm
reorder_buf_instance.value0\[30\],100.06µm
clknet_leaf_111_clk,99.98µm
_07137_,99.93µm
net386,99.92µm
adder_instance.mantisaresult\[24\],99.78µm
_16168_,99.7µm
_18538_,99.66µm
net1966,99.52µm
clknet_leaf_131_clk,99.41µm
reorder_buf_instance.value1\[7\],99.33µm
_09353_,99.14µm
net1965,99.09µm
clknet_leaf_74_clk,99.08µm
_07631_,99.04µm
clknet_leaf_176_clk,98.9µm
clknet_leaf_49_clk,98.88µm
net2062,98.86µm
net2083,98.85µm
_01804_,98.84µm
_16003_,98.84µm
clknet_leaf_196_clk,98.82µm
clknet_leaf_14_clk,98.78µm
mult_mantisa\[10\],98.76µm
_14556_,98.74µm
adder_instance.mantisaresult\[10\],98.66µm
_18309_,98.52µm
_05395_,98.5µm
net1900,98.31µm
_19862_,98.28µm
_10937_,98.26µm
net1924,98.23µm
net396,98.175µm
divider_instance.mantisaresult\[1\],98.09µm
net308,98.06µm
net1999,98.06µm
net1836,97.98µm
_15484_,97.92µm
_18383_,97.9µm
_18224_,97.86µm
reorder_buf_instance.write_location1\[0\],97.84µm
clknet_leaf_30_clk,97.82µm
net554,97.81µm
net1470,97.76µm
net209,97.74µm
_03402_,97.67µm
_14075_,97.66µm
net959,97.64µm
_07093_,97.56µm
divider_instance.expmiddlec\[5\],97.47µm
_11964_,97.42µm
net393,97.41µm
_10366_,97.38µm
_18213_,97.38µm
net2107,97.35µm
_18312_,97.2µm
net1088,97.195µm
divider_instance.mantisaresult\[8\],97.12µm
_18381_,97.04µm
_02741_,97.03µm
_03418_,97µm
clknet_leaf_149_clk,96.98µm
clknet_leaf_172_clk,96.86µm
net3215,96.72µm
net1796,96.71µm
clknet_leaf_260_clk,96.7µm
_03424_,96.59µm
net2015,96.52µm
clknet_leaf_133_clk,96.52µm
net1844,96.45µm
net3206,96.44µm
net1093,96.36µm
net2061,96.36µm
adder_instance.expmiddlec\[4\],96.3µm
net1980,96.3µm
_15627_,96.29µm
net1983,96.23µm
_07904_,96.2µm
_07428_,96.18µm
net323,96.16µm
clknet_leaf_88_clk,96.16µm
net1867,96.12µm
clknet_leaf_96_clk,96.11µm
adder_instance.mantisaBshift\[13\],96.1µm
_00004_,96.065µm
net535,96.065µm
net1021,96µm
adder_instance.mantisaresult\[22\],95.92µm
_06938_,95.88µm
net766,95.8µm
adder_instance.mantisaBshift\[28\],95.76µm
net461,95.76µm
_10865_,95.72µm
net733,95.68µm
net1003,95.64µm
_01468_,95.625µm
_15954_,95.58µm
net1113,95.28µm
net1428,95.225µm
clknet_leaf_90_clk,95.22µm
clknet_leaf_256_clk,95.18µm
net929,95.16µm
adder_instance.mantisaresult\[18\],95.15µm
net2089,95.14µm
_10693_,95.12µm
divider_instance.expmiddlec\[0\],95.04µm
_05850_,95.035µm
_09014_,94.99µm
net417,94.98µm
adder_instance.mantisaresult\[48\],94.95µm
_21768_,94.93µm
multiplier_instance.TT.CPA.sum\[24\],94.9µm
reorder_buf_instance.value2\[30\],94.9µm
_09342_,94.88µm
multiplier_instance.TT.CPA.sum\[29\],94.76µm
net1970,94.64µm
_10130_,94.6µm
net1228,94.58µm
_13368_,94.46µm
net539,94.44µm
_11162_,94.42µm
_05397_,94.38µm
_06336_,94.2µm
net2055,94.18µm
net1793,94.07µm
clknet_leaf_27_clk,94.03µm
clknet_leaf_68_clk,94.02µm
clknet_leaf_153_clk,93.86µm
clknet_leaf_257_clk,93.85µm
clknet_leaf_85_clk,93.84µm
net1376,93.78µm
_11407_,93.76µm
clknet_leaf_91_clk,93.76µm
multiplier_instance.PPG.A\[12\],93.74µm
_17851_,93.715µm
adder_instance.mantisaresult\[15\],93.715µm
net225,93.7µm
_10204_,93.6µm
divider_instance.mantisaresult\[14\],93.51µm
_03370_,93.4µm
clknet_leaf_28_clk,93.4µm
clknet_leaf_191_clk,93.38µm
_09638_,93.36µm
_02716_,93.32µm
adder_instance.mantisaresult\[47\],93.32µm
net371,93.315µm
_18457_,93.26µm
net528,93.16µm
_07706_,93.14µm
net250,93.14µm
net1805,93.08µm
adder_buffer.head\[0\],93µm
net1898,93µm
_11924_,92.96µm
net1337,92.94µm
clknet_leaf_92_clk,92.94µm
net1937,92.895µm
adder_buffer.value\[22\],92.88µm
reorder_buf_instance.value0\[25\],92.88µm
_02934_,92.78µm
_03077_,92.78µm
net2068,92.76µm
mult_mantisaA\[11\],92.7µm
adder_instance.mantisaresult\[9\],92.66µm
net477,92.66µm
_15565_,92.64µm
net211,92.62µm
_15626_,92.53µm
_08334_,92.455µm
net2058,92.44µm
net2091,92.37µm
net160,92.32µm
net390,92.3µm
net487,92.29µm
_09085_,92.2µm
divider_instance.mantisaresult\[40\],92.18µm
div_mantisaB\[16\],92.1µm
_09692_,92µm
_09889_,92µm
_03393_,91.94µm
_11273_,91.93µm
clknet_leaf_216_clk,91.9µm
_00028_,91.88µm
net1952,91.88µm
net548,91.86µm
reorder_buf_instance.write_location1\[1\],91.8µm
div_mantisaB\[19\],91.7µm
_17200_,91.68µm
adder_instance.mantisaBshift\[5\],91.68µm
reorder_buf_instance.value2\[11\],91.62µm
net1443,91.6µm
adder_instance.expmiddlec\[5\],91.59µm
net3262,91.5µm
divider_instance.mantisaresult\[31\],91.49µm
_10261_,91.46µm
clknet_leaf_65_clk,91.42µm
_15622_,91.38µm
reorder_buf_instance.write_location0\[1\],91.38µm
_17854_,91.31µm
net1792,91.31µm
_10338_,91.27µm
_03369_,91.22µm
clknet_leaf_79_clk,91.22µm
net2020,91.2µm
net882,91.18µm
clknet_leaf_97_clk,91.16µm
net1811,91.15µm
net1120,91.135µm
net186,91.12µm
net274,91µm
clknet_leaf_82_clk,90.96µm
_14877_,90.94µm
net444,90.86µm
clknet_leaf_202_clk,90.86µm
net1996,90.83µm
net659,90.78µm
adder_instance.mantisaBshift\[21\],90.76µm
mult_mantisa\[13\],90.74µm
adder_instance.mantisaAshift\[53\],90.72µm
net306,90.7µm
net1378,90.68µm
net1810,90.61µm
net448,90.54µm
adder_instance.mantisaresult\[51\],90.53µm
_14003_,90.51µm
_00007_,90.48µm
mult_mantisaA\[6\],90.42µm
net495,90.41µm
net658,90.36µm
control\[1\],90.32µm
_14626_,90.29µm
net470,90.28µm
net2116,90.28µm
_10327_,90.24µm
net1715,90.2µm
_00005_,90.135µm
divider_instance.mantisaresult\[9\],90.12µm
_03361_,90.09µm
_01431_,90.045µm
clknet_leaf_219_clk,89.92µm
_12702_,89.86µm
_15618_,89.83µm
net1828,89.79µm
net1119,89.74µm
net2067,89.74µm
clknet_leaf_127_clk,89.66µm
net3216,89.64µm
net2066,89.47µm
net381,89.425µm
net729,89.42µm
net1911,89.38µm
net445,89.33µm
mult_mantisaA\[5\],89.26µm
_03352_,89.2µm
divider_instance.mantisaresult\[59\],89.18µm
div_mantisaB\[18\],89.16µm
clknet_leaf_44_clk,89.16µm
net3199,89.11µm
net43,89.07µm
net526,89.02µm
_14743_,89µm
_08680_,88.94µm
clknet_leaf_46_clk,88.88µm
net2040,88.86µm
clknet_leaf_34_clk,88.82µm
net1147,88.8µm
net1336,88.72µm
divider_instance.mantisaresult\[3\],88.715µm
net150,88.71µm
divider_instance.mantisaresult\[41\],88.7µm
net2117,88.64µm
adder_instance.mantisaresult\[6\],88.62µm
net552,88.62µm
net279,88.6µm
net2057,88.6µm
_12220_,88.57µm
_21736_,88.52µm
net426,88.46µm
net2100,88.45µm
reorder_buf_instance.write_location1\[3\],88.43µm
net520,88.42µm
multiplier_instance.TT.CPA.sum\[30\],88.38µm
reorder_buf_instance.write_location1\[2\],88.34µm
clknet_leaf_195_clk,88.32µm
adder_buffer.value\[37\],88.26µm
_10330_,88.22µm
net904,88.16µm
_16350_,88.12µm
_18619_,88.07µm
div_buffer.head\[0\],88.02µm
_05914_,87.98µm
mult_buffer.head\[0\],87.92µm
_06618_,87.88µm
_03723_,87.82µm
net1845,87.8µm
_05489_,87.78µm
net272,87.74µm
net538,87.73µm
_08948_,87.72µm
_16486_,87.72µm
_11166_,87.635µm
net1220,87.62µm
_05004_,87.57µm
_04620_,87.56µm
clknet_leaf_159_clk,87.53µm
net1882,87.42µm
net1872,87.4µm
net2022,87.22µm
div_expB\[0\],87.16µm
net1017,87.16µm
net1866,87.08µm
net1012,87.04µm
net906,86.98µm
net1856,86.84µm
clknet_leaf_25_clk,86.83µm
_03278_,86.78µm
_03353_,86.74µm
net1008,86.64µm
divider_instance.mantisaresult\[33\],86.615µm
divider_instance.mantisaresult\[38\],86.58µm
net1342,86.56µm
_05858_,86.54µm
clknet_leaf_1_clk,86.54µm
adder_instance.expmiddlec\[3\],86.48µm
mult_mantisaB\[9\],86.41µm
_05010_,86.4µm
_05015_,86.4µm
_20813_,86.4µm
_16011_,86.36µm
_08126_,86.3µm
net491,86.19µm
net1188,86.18µm
clknet_leaf_84_clk,86.18µm
net268,86.12µm
net252,86.06µm
_03883_,85.94µm
_10387_,85.905µm
adder_instance.expmiddle\[7\],85.82µm
divider_instance.mantisaAshift\[59\],85.78µm
net1350,85.78µm
net1944,85.77µm
net1861,85.76µm
net1915,85.76µm
_06176_,85.73µm
_14566_,85.725µm
net38,85.69µm
net2035,85.58µm
adder_instance.mantisaresult\[59\],85.57µm
net732,85.56µm
net2000,85.49µm
_00070_,85.465µm
_15183_,85.43µm
_05843_,85.33µm
clknet_leaf_122_clk,85.33µm
_10052_,85.3µm
adder_instance.mantisaresult\[34\],85.28µm
net1998,85.27µm
_02708_,85.24µm
_04383_,85.22µm
net488,85.2µm
net1312,85.2µm
net1116,85.14µm
net877,85.12µm
_07645_,85.08µm
net1947,85.08µm
_07493_,85.06µm
_15628_,84.895µm
clknet_leaf_228_clk,84.875µm
clknet_leaf_16_clk,84.86µm
_12905_,84.84µm
_17239_,84.78µm
reorder_buf_instance.value1\[27\],84.72µm
reorder_buf_instance.value2\[27\],84.72µm
_05504_,84.67µm
net253,84.66µm
net2048,84.635µm
clknet_leaf_137_clk,84.62µm
_02548_,84.6µm
clknet_leaf_170_clk,84.56µm
clknet_leaf_103_clk,84.3µm
div_expB\[1\],84.205µm
clknet_leaf_10_clk,84.2µm
_02932_,84.17µm
net447,84.16µm
adder_instance.mantisaresult\[20\],84.14µm
_14774_,84.12µm
net1917,84.12µm
_10351_,84.04µm
net254,83.98µm
_10757_,83.94µm
net1902,83.94µm
_03943_,83.92µm
_05618_,83.88µm
net472,83.88µm
net2103,83.84µm
clknet_leaf_32_clk,83.82µm
_10917_,83.78µm
_03302_,83.65µm
net2077,83.62µm
net2052,83.6µm
net3201,83.475µm
add_expA\[1\],83.44µm
net2002,83.42µm
_03408_,83.38µm
clknet_leaf_98_clk,83.36µm
clknet_leaf_246_clk,83.3µm
clknet_leaf_112_clk,83.21µm
net140,83.18µm
net2039,83.15µm
clknet_leaf_231_clk,83.09µm
clknet_leaf_36_clk,83.08µm
adder_buffer.out\[4\],83.07µm
clknet_leaf_20_clk,82.89µm
_00064_,82.885µm
_03476_,82.88µm
_10598_,82.86µm
_03665_,82.84µm
_17852_,82.82µm
_09146_,82.81µm
_13703_,82.81µm
_05105_,82.74µm
net2087,82.74µm
net189,82.72µm
net1404,82.69µm
multiplier_instance.PPG.A\[11\],82.66µm
net886,82.66µm
_10870_,82.64µm
_10947_,82.6µm
net1334,82.53µm
_03303_,82.46µm
_13711_,82.44µm
net955,82.44µm
_10308_,82.42µm
net265,82.36µm
net220,82.34µm
_09598_,82.32µm
clknet_leaf_154_clk,82.3µm
adder_buffer.value\[25\],82.29µm
_09351_,82.28µm
divider_instance.expmiddlec\[1\],82.28µm
net2024,82.24µm
divider_instance.mantisaAshift\[50\],82.22µm
_09969_,82.2µm
_03698_,82.18µm
add_expB\[0\],82.175µm
_03377_,82.16µm
net996,82.16µm
_12986_,82.1µm
clknet_leaf_171_clk,82.075µm
_16848_,82.07µm
_19885_,82.02µm
clknet_leaf_19_clk,82µm
clknet_leaf_254_clk,81.98µm
clknet_leaf_105_clk,81.94µm
net930,81.9µm
adder_instance.mantisaresult\[26\],81.85µm
mult_exp\[7\],81.84µm
_03663_,81.795µm
_13758_,81.78µm
clknet_leaf_17_clk,81.78µm
_14079_,81.72µm
_10500_,81.68µm
_10905_,81.68µm
divider_instance.mantisaresult\[11\],81.68µm
_05633_,81.67µm
_14332_,81.62µm
clknet_leaf_199_clk,81.54µm
_02748_,81.53µm
_05904_,81.52µm
net258,81.52µm
net3280,81.5µm
multiplier_instance.TT.CPA.sum\[42\],81.42µm
net958,81.42µm
_05722_,81.4µm
_18102_,81.32µm
_21129_,81.32µm
adder_instance.mantisaBshift\[25\],81.32µm
_14627_,81.3µm
divider_instance.mantisaAshift\[54\],81.22µm
net416,81.14µm
net2085,81.13µm
_03389_,81.12µm
_04103_,81.06µm
_14780_,81.04µm
net3292,80.96µm
_13524_,80.92µm
net62,80.92µm
reorder_buf_instance.value0\[10\],80.9µm
net2018,80.88µm
_16452_,80.86µm
net1860,80.86µm
_16475_,80.72µm
net1348,80.7µm
_03376_,80.64µm
reorder_buf_instance.write_location2\[2\],80.64µm
_15008_,80.62µm
net1925,80.615µm
divider_instance.mantisaresult\[26\],80.595µm
_19844_,80.52µm
net2034,80.48µm
clknet_leaf_158_clk,80.46µm
_05265_,80.34µm
net997,80.34µm
net1396,80.33µm
net481,80.3µm
_03426_,80.23µm
adder_instance.mantisaBshift\[15\],80.23µm
net3194,80.22µm
_10945_,80.165µm
net3318,80.16µm
clknet_leaf_63_clk,80.06µm
net368,80.04µm
_11679_,79.98µm
_10439_,79.92µm
net2044,79.8µm
_10804_,79.74µm
net1939,79.71µm
net480,79.67µm
adder_buffer.value\[29\],79.66µm
adder_instance.mantisaBshift\[0\],79.64µm
net295,79.64µm
clknet_leaf_0_clk,79.6µm
_06201_,79.56µm
net1324,79.5µm
net2099,79.5µm
_01469_,79.445µm
net529,79.405µm
_03672_,79.4µm
clknet_leaf_12_clk,79.395µm
_12930_,79.34µm
net429,79.34µm
clknet_leaf_152_clk,79.32µm
_03336_,79.3µm
_11987_,79.3µm
net382,79.24µm
_06333_,79.1µm
adder_buffer.out\[17\],79.06µm
clknet_leaf_139_clk,79.06µm
net1356,79.04µm
net217,79.03µm
_16212_,79.01µm
clknet_leaf_243_clk,78.94µm
clknet_leaf_224_clk,78.92µm
_07176_,78.76µm
clknet_leaf_182_clk,78.61µm
reorder_buf_instance.write_location2\[1\],78.58µm
_10641_,78.56µm
clknet_leaf_70_clk,78.5µm
net319,78.4µm
clknet_leaf_72_clk,78.4µm
net1001,78.38µm
mult_mantisa\[5\],78.34µm
_17819_,78.32µm
_18101_,78.28µm
clknet_leaf_61_clk,78.275µm
_00068_,78.22µm
adder_instance.mantisaresult\[21\],78.18µm
net269,78.04µm
net377,78.04µm
_18384_,78.02µm
net230,78.02µm
net2043,78.02µm
adder_instance.mantisaBshift\[11\],77.98µm
clknet_leaf_174_clk,77.98µm
_05253_,77.92µm
_09786_,77.9µm
clknet_leaf_161_clk,77.855µm
net383,77.81µm
_15125_,77.78µm
adder_instance.mantisaBshift\[19\],77.74µm
net289,77.72µm
_03335_,77.7µm
_05257_,77.7µm
_10793_,77.7µm
div_expB\[2\],77.62µm
_04369_,77.6µm
net213,77.59µm
net397,77.54µm
clknet_leaf_6_clk,77.48µm
reorder_buf_instance.value1\[11\],77.43µm
net1291,77.38µm
_01474_,77.325µm
_06166_,77.2µm
_11896_,77.19µm
net2032,77.18µm
_13713_,77.13µm
net1977,77.13µm
reorder_buf_instance.value2\[25\],77.12µm
_05243_,77.08µm
clknet_leaf_235_clk,77.06µm
net288,77.02µm
_16629_,77µm
net1121,77µm
net2078,77µm
net1909,76.98µm
_12672_,76.95µm
_16850_,76.93µm
_16607_,76.88µm
_10590_,76.82µm
_12765_,76.78µm
_14038_,76.74µm
_05573_,76.66µm
_15012_,76.59µm
_06628_,76.56µm
clknet_leaf_47_clk,76.48µm
net1333,76.46µm
net1821,76.44µm
_14699_,76.425µm
_18490_,76.4µm
mult_mantisaA\[7\],76.36µm
clknet_leaf_204_clk,76.36µm
_15617_,76.34µm
net875,76.33µm
mult_mantisa\[9\],76.32µm
_10683_,76.3µm
_15995_,76.26µm
_02671_,76.24µm
_10050_,76.24µm
clknet_leaf_128_clk,76.22µm
_15126_,76.18µm
clknet_leaf_43_clk,76.18µm
clknet_leaf_151_clk,76.15µm
divider_instance.mantisaresult\[27\],76.12µm
adder_instance.mantisaBshift\[30\],76.1µm
_15621_,75.98µm
_18204_,75.96µm
_16508_,75.94µm
net2028,75.92µm
_18480_,75.9µm
_09082_,75.86µm
_15180_,75.84µm
_05604_,75.79µm
_02935_,75.78µm
net2069,75.76µm
_18407_,75.74µm
clknet_leaf_129_clk,75.72µm
_11413_,75.71µm
net200,75.7µm
_15862_,75.68µm
_21769_,75.63µm
net928,75.62µm
_09649_,75.6µm
_10942_,75.6µm
_16870_,75.54µm
_20102_,75.44µm
net1963,75.41µm
clknet_leaf_29_clk,75.38µm
_17227_,75.34µm
_04386_,75.31µm
adder_instance.mantisaBshift\[61\],75.26µm
divider_instance.mantisaresult\[46\],75.16µm
div_mantisaB\[20\],75.14µm
_18467_,75.08µm
adder_instance.mantisaresult\[28\],75.06µm
multiplier_instance.TT.CPA.sum\[40\],75.04µm
_09590_,75.02µm
divider_instance.mantisaresult\[13\],75µm
_07576_,74.96µm
_16626_,74.96µm
clknet_leaf_26_clk,74.9µm
clknet_leaf_71_clk,74.88µm
_03318_,74.84µm
reorder_buf_instance.value0\[21\],74.8µm
clknet_leaf_67_clk,74.78µm
_05637_,74.76µm
_16596_,74.74µm
_11191_,74.7µm
clknet_leaf_162_clk,74.62µm
_06646_,74.6µm
_11280_,74.6µm
divider_instance.mantisaAshift\[51\],74.57µm
_09917_,74.51µm
_07671_,74.5µm
_03254_,74.46µm
_03686_,74.44µm
clknet_leaf_157_clk,74.42µm
_07258_,74.39µm
_17817_,74.34µm
_11904_,74.335µm
net518,74.28µm
clknet_leaf_126_clk,74.26µm
_06839_,74.23µm
_14941_,74.22µm
mult_buffer.value\[38\],74.22µm
clknet_leaf_155_clk,74.22µm
_02745_,74.21µm
_10595_,74.2µm
adder_buffer.out\[30\],74.16µm
net3220,74.14µm
net208,74.1µm
_10232_,74.08µm
_11672_,74.06µm
_03230_,74.02µm
adder_instance.expmiddlec\[0\],74µm
net463,74µm
net37,73.98µm
_07878_,73.94µm
net2031,73.92µm
mult_buffer.value\[32\],73.9µm
net515,73.82µm
net443,73.74µm
_00001_,73.735µm
_17873_,73.67µm
_03403_,73.65µm
_17175_,73.56µm
_12906_,73.48µm
div_mantisaB\[21\],73.46µm
_01477_,73.445µm
clknet_leaf_62_clk,73.4µm
clknet_leaf_168_clk,73.4µm
adder_instance.mantisaBshift\[9\],73.27µm
_17254_,73.22µm
adder_instance.mantisaresult\[60\],73.22µm
net338,73.2µm
_21714_,73.18µm
_06482_,73.16µm
net1313,73.16µm
net1951,73.155µm
net1353,73.12µm
net1897,73.105µm
net883,73.08µm
_09359_,72.96µm
_05436_,72.9µm
_15578_,72.86µm
_18839_,72.84µm
_04527_,72.8µm
net2056,72.8µm
_15191_,72.78µm
net1325,72.73µm
_10798_,72.71µm
net2006,72.71µm
adder_instance.expmiddlec\[6\],72.7µm
clknet_leaf_236_clk,72.7µm
net1785,72.64µm
_08643_,72.6µm
_03447_,72.58µm
net968,72.56µm
net1955,72.52µm
net494,72.48µm
net1837,72.46µm
clknet_leaf_116_clk,72.46µm
adder_instance.four_man\[39\],72.42µm
net35,72.35µm
_11429_,72.32µm
_16497_,72.3µm
_02676_,72.29µm
_07866_,72.22µm
clknet_leaf_123_clk,72.2µm
adder_buffer.out\[2\],72.19µm
_09323_,72.18µm
clknet_leaf_78_clk,72.18µm
control\[0\],72.04µm
_05116_,72.02µm
net473,72.02µm
multiplier_instance.TT.CPA.sum\[41\],72µm
divider_instance.mantisaresult\[4\],71.98µm
add_mantisaA\[21\],71.92µm
_10676_,71.89µm
net1022,71.66µm
_00996_,71.585µm
net485,71.58µm
_16849_,71.5µm
adder_instance.mantisaresult\[3\],71.48µm
net516,71.46µm
net3176,71.46µm
_14334_,71.43µm
_04520_,71.395µm
_14925_,71.39µm
clknet_leaf_165_clk,71.38µm
net439,71.37µm
clknet_leaf_242_clk,71.36µm
_01607_,71.345µm
_20655_,71.34µm
divider_instance.expmiddlec\[6\],71.32µm
net884,71.32µm
_11929_,71.28µm
_02700_,71.22µm
_09130_,71.16µm
_10453_,71.16µm
divider_instance.mantisaresult\[29\],71.16µm
clknet_leaf_190_clk,71.14µm
clknet_leaf_164_clk,71.12µm
_05000_,71.1µm
mult_buffer.value\[37\],71.1µm
net3258,71.04µm
_03653_,71µm
_17161_,70.94µm
_16971_,70.9µm
_11690_,70.86µm
div_buffer.head\[1\],70.86µm
clknet_leaf_80_clk,70.855µm
mult_expB\[2\],70.76µm
_09536_,70.74µm
net2092,70.74µm
reorder_buf_instance.value0\[26\],70.72µm
net2042,70.7µm
adder_instance.expmiddlec\[7\],70.66µm
_05098_,70.62µm
clknet_leaf_144_clk,70.62µm
_06128_,70.6µm
_10948_,70.58µm
_14317_,70.52µm
reorder_buf_instance.value1\[28\],70.52µm
net1949,70.52µm
net2079,70.51µm
net221,70.5µm
_18445_,70.44µm
net468,70.4µm
_16019_,70.39µm
net300,70.26µm
_21262_,70.24µm
net2076,70.2µm
clknet_leaf_258_clk,70.2µm
net395,70.17µm
net273,70.12µm
divider_instance.mantisaresult\[12\],70.1µm
_04083_,70.08µm
_11196_,70.02µm
clknet_leaf_141_clk,70.015µm
_10051_,69.96µm
_06036_,69.89µm
_02737_,69.88µm
_15629_,69.88µm
mult_expB\[1\],69.78µm
net315,69.78µm
_02683_,69.74µm
_10939_,69.73µm
_16604_,69.7µm
_16284_,69.6µm
_09712_,69.56µm
_09352_,69.48µm
adder_instance.mantisaresult\[17\],69.38µm
net423,69.36µm
_14316_,69.32µm
_11171_,69.315µm
_15562_,69.21µm
_01625_,69.145µm
_18111_,69.1µm
adder_buffer.value\[31\],69.1µm
adder_instance.mantisaresult\[23\],69.1µm
_12562_,69.08µm
net400,69.08µm
_10606_,69.06µm
net1004,69.04µm
_16806_,69.02µm
_16735_,69µm
_10041_,68.94µm
_04573_,68.91µm
multiplier_instance.PPG.A\[8\],68.9µm
clknet_leaf_48_clk,68.86µm
reorder_buf_instance.value0\[20\],68.82µm
_03392_,68.75µm
_10713_,68.7µm
_11269_,68.69µm
clknet_leaf_136_clk,68.68µm
divider_instance.mantisaresult\[6\],68.66µm
_11428_,68.62µm
_16618_,68.62µm
net2917,68.62µm
_05963_,68.6µm
net490,68.6µm
adder_buffer.value\[19\],68.56µm
clknet_leaf_58_clk,68.56µm
net245,68.54µm
_18108_,68.5µm
_05150_,68.48µm
_02691_,68.43µm
clknet_leaf_212_clk,68.42µm
_02747_,68.4µm
_10620_,68.4µm
_10714_,68.4µm
net1321,68.38µm
div_mantisaA\[16\],68.36µm
_10362_,68.33µm
adder_instance.mantisaAshift\[52\],68.3µm
_02686_,68.285µm
_18517_,68.18µm
clknet_leaf_250_clk,68.12µm
_10625_,68.1µm
clknet_leaf_69_clk,68.06µm
clknet_leaf_220_clk,68.04µm
net523,67.96µm
mult_exp\[0\],67.94µm
net398,67.94µm
clknet_leaf_255_clk,67.94µm
net1913,67.92µm
_12144_,67.91µm
_15832_,67.9µm
_18904_,67.9µm
_09933_,67.86µm
divider_instance.mantisaAshift\[63\],67.84µm
_09870_,67.82µm
_21198_,67.8µm
_03423_,67.79µm
_00000_,67.72µm
_04108_,67.72µm
_11439_,67.72µm
_02768_,67.68µm
_11666_,67.68µm
_10959_,67.67µm
divider_instance.mantisaresult\[44\],67.66µm
clknet_leaf_81_clk,67.64µm
net469,67.63µm
clknet_leaf_185_clk,67.615µm
_10300_,67.61µm
divider_instance.mantisaAshift\[49\],67.58µm
clknet_leaf_89_clk,67.575µm
_07499_,67.56µm
clknet_leaf_59_clk,67.555µm
_11430_,67.55µm
_14628_,67.54µm
divider_instance.expmiddlec\[7\],67.54µm
net361,67.48µm
net412,67.48µm
net77,67.46µm
net93,67.46µm
net457,67.46µm
_09899_,67.4µm
_05493_,67.38µm
clknet_leaf_50_clk,67.38µm
_11186_,67.36µm
_08335_,67.32µm
_05398_,67.24µm
_12193_,67.22µm
_11416_,67.2µm
net378,67.18µm
_09953_,67.16µm
net1347,67.16µm
_00063_,67.145µm
_16993_,67.14µm
clknet_leaf_208_clk,67.14µm
adder_instance.mantisaresult\[31\],67.12µm
_14368_,67.06µm
_05544_,67.015µm
_03658_,66.96µm
_03079_,66.95µm
_07022_,66.94µm
_20438_,66.94µm
clknet_leaf_138_clk,66.94µm
net188,66.935µm
_02697_,66.92µm
net551,66.92µm
_03406_,66.9µm
adder_instance.inf2,66.9µm
clknet_leaf_40_clk,66.9µm
add_expA\[2\],66.89µm
_09904_,66.85µm
_18758_,66.8µm
net1019,66.8µm
net3380,66.8µm
_11678_,66.77µm
_05751_,66.74µm
net298,66.735µm
net3375,66.72µm
_10756_,66.69µm
_06931_,66.68µm
_16615_,66.6µm
net3348,66.59µm
div_mantisaA\[17\],66.56µm
net536,66.56µm
_16445_,66.52µm
clknet_leaf_251_clk,66.49µm
mult_expB\[4\],66.44µm
net484,66.44µm
_18439_,66.36µm
_15987_,66.34µm
_12664_,66.32µm
_16193_,66.29µm
_13710_,66.28µm
_06775_,66.23µm
_10402_,66.19µm
_09928_,66.18µm
_10833_,66.18µm
clknet_leaf_221_clk,66.18µm
_09923_,66.16µm
_02521_,66.12µm
_10255_,66.1µm
_10813_,66.1µm
clknet_leaf_86_clk,66.09µm
_11138_,66.05µm
net410,66.02µm
net419,66.02µm
net280,65.98µm
net3335,65.98µm
_03414_,65.965µm
_08489_,65.94µm
_13432_,65.9µm
_16824_,65.9µm
net1288,65.88µm
_17285_,65.84µm
_06236_,65.82µm
adder_instance.mantisaresult\[63\],65.82µm
_07718_,65.78µm
net1943,65.78µm
_05901_,65.76µm
net422,65.76µm
_10781_,65.72µm
_09696_,65.7µm
net1316,65.7µm
_15056_,65.69µm
clknet_leaf_132_clk,65.62µm
clknet_leaf_247_clk,65.58µm
_10292_,65.56µm
net1591,65.56µm
_16464_,65.54µm
_14982_,65.5µm
net413,65.5µm
net506,65.47µm
net411,65.46µm
net1343,65.45µm
_12007_,65.44µm
adder_instance.mantisaA0\[23\],65.42µm
net442,65.29µm
_09128_,65.28µm
_16169_,65.19µm
_10271_,65.18µm
_10209_,65.16µm
net1899,65.16µm
_05137_,65.14µm
_16448_,65.14µm
net359,65.08µm
_08060_,65.06µm
add_mantisaA\[22\],65.06µm
net956,65.06µm
net3285,65.06µm
_11364_,65.04µm
_10408_,64.925µm
_15459_,64.92µm
net1364,64.92µm
_10123_,64.9µm
_15830_,64.9µm
_12459_,64.86µm
_11246_,64.84µm
_11204_,64.82µm
multiplier_instance.EB.exponent_b\[3\],64.82µm
adder_instance.mantisaBshift\[62\],64.8µm
adder_instance.mantisaBshift\[8\],64.78µm
clknet_leaf_175_clk,64.78µm
clknet_leaf_178_clk,64.78µm
_07111_,64.74µm
net1889,64.68µm
_16398_,64.605µm
_12724_,64.48µm
net3203,64.425µm
net511,64.4µm
clknet_leaf_51_clk,64.38µm
_12632_,64.37µm
net401,64.32µm
net438,64.32µm
_11426_,64.3µm
net3268,64.3µm
_02684_,64.26µm
_15806_,64.24µm
_02933_,64.22µm
_11180_,64.2µm
_13702_,64.16µm
net1895,64.14µm
_06587_,64.1µm
_04921_,64.08µm
net2029,64.04µm
_12377_,64.01µm
_04647_,64µm
_03398_,63.98µm
_17156_,63.89µm
_17145_,63.86µm
adder_instance.mantisaB0\[13\],63.84µm
adder_instance.mantisaBshift\[16\],63.8µm
net731,63.76µm
clknet_leaf_121_clk,63.74µm
adder_instance.expmiddlec\[2\],63.705µm
adder_instance.mantisaBshift\[29\],63.675µm
clknet_leaf_240_clk,63.64µm
_10339_,63.62µm
add_mantisaB\[8\],63.62µm
_11145_,63.6µm
_18265_,63.56µm
clknet_leaf_166_clk,63.56µm
_16417_,63.52µm
_15435_,63.51µm
_11084_,63.5µm
_10405_,63.42µm
_15633_,63.42µm
_02721_,63.4µm
_11721_,63.395µm
_11674_,63.38µm
clknet_leaf_73_clk,63.35µm
_15826_,63.34µm
multiplier_instance.PPG.A\[9\],63.3µm
_10311_,63.26µm
div_mantisa\[18\],63.26µm
net1815,63.2µm
_04624_,63.18µm
_17214_,63.16µm
net907,63.12µm
net1789,63.115µm
_04672_,63.11µm
_08014_,63.1µm
_08634_,63.1µm
_17822_,63.1µm
_05121_,63.04µm
_20717_,63.04µm
_04678_,63.02µm
_16990_,62.99µm
net1941,62.96µm
_18509_,62.94µm
net527,62.92µm
_18251_,62.89µm
divider_instance.mantisaresult\[51\],62.89µm
_10630_,62.87µm
_21748_,62.84µm
_14987_,62.81µm
_10285_,62.76µm
_10809_,62.76µm
_19214_,62.76µm
net1387,62.76µm
_08397_,62.74µm
_18133_,62.72µm
_03724_,62.7µm
net880,62.68µm
_18616_,62.54µm
add_mantisaA\[3\],62.54µm
_02706_,62.5µm
_09830_,62.5µm
divider_instance.zero0,62.5µm
_13866_,62.48µm
_15802_,62.44µm
_03422_,62.435µm
_14256_,62.38µm
adder_buffer.value\[24\],62.38µm
_10391_,62.36µm
_05659_,62.345µm
adder_instance.mantisaA0\[0\],62.32µm
_14822_,62.31µm
net1118,62.28µm
_12464_,62.27µm
_17086_,62.27µm
_16937_,62.25µm
_05262_,62.24µm
_09060_,62.24µm
_16883_,62.23µm
multiplier_instance.EB.exponent_b\[0\],62.22µm
_06632_,62.14µm
_12164_,62.14µm
_13433_,62.14µm
_18276_,62.08µm
net550,62.08µm
_15414_,62.03µm
_16222_,62.03µm
_01604_,62.005µm
_03397_,62µm
net431,61.95µm
_14089_,61.92µm
add_expB\[4\],61.88µm
_05947_,61.87µm
_01524_,61.805µm
_16633_,61.8µm
_06591_,61.79µm
_01482_,61.765µm
_06106_,61.765µm
_13372_,61.76µm
_17823_,61.7µm
_10384_,61.66µm
net406,61.66µm
clknet_leaf_35_clk,61.66µm
clknet_leaf_259_clk,61.62µm
_05435_,61.6µm
_06033_,61.58µm
_05717_,61.54µm
_18311_,61.5µm
net1357,61.495µm
_03219_,61.48µm
_04980_,61.48µm
_03239_,61.46µm
adder_instance.mantisaresult\[27\],61.42µm
_10664_,61.4µm
_11126_,61.36µm
net503,61.32µm
clknet_leaf_248_clk,61.32µm
_21629_,61.28µm
_16538_,61.26µm
net440,61.24µm
_07496_,61.22µm
net517,61.205µm
_04275_,61.2µm
reorder_buf_instance.write_location2\[0\],61.2µm
_17027_,61.185µm
_17078_,61.125µm
_06850_,61.12µm
_10777_,61.12µm
net954,61.1µm
net474,61.08µm
net502,61.05µm
_04986_,61.04µm
_07934_,60.94µm
_10450_,60.92µm
adder_instance.expmiddle\[2\],60.92µm
_11421_,60.86µm
_04784_,60.805µm
_06905_,60.8µm
_10817_,60.76µm
_20215_,60.76µm
clknet_leaf_76_clk,60.72µm
_12891_,60.64µm
_18288_,60.64µm
_11133_,60.62µm
_20269_,60.58µm
_16787_,60.56µm
net1310,60.56µm
net1330,60.56µm
net3317,60.56µm
_13785_,60.54µm
_03080_,60.52µm
_05143_,60.52µm
divider_instance.mantisaresult\[50\],60.52µm
reorder_buf_instance.write_location2\[3\],60.46µm
_03255_,60.36µm
net3129,60.36µm
_07105_,60.3µm
_12723_,60.3µm
_17865_,60.3µm
divider_instance.mantisaresult\[10\],60.3µm
_03390_,60.28µm
_07788_,60.26µm
_13445_,60.18µm
_16821_,60.18µm
_16657_,60.14µm
net3270,60.12µm
_09514_,60.1µm
_11161_,60.1µm
net3175,60.05µm
_12200_,60.04µm
net1809,60.02µm
net1981,60.02µm
_16291_,60.01µm
_10470_,59.88µm
_09435_,59.86µm
_09810_,59.86µm
_16884_,59.84µm
_14365_,59.82µm
net1907,59.8µm
_12434_,59.76µm
_11524_,59.74µm
net482,59.74µm
_08028_,59.72µm
clknet_leaf_226_clk,59.66µm
_02714_,59.62µm
net497,59.62µm
clknet_leaf_9_clk,59.44µm
adder_instance.mantisaB0\[17\],59.42µm
clknet_leaf_41_clk,59.42µm
divider_instance.mantisaresult\[37\],59.4µm
_16494_,59.38µm
_14273_,59.34µm
adder_instance.mantisaBshift\[17\],59.32µm
clknet_leaf_113_clk,59.32µm
_13168_,59.3µm
multiplier_instance.EB.exponent_b\[4\],59.26µm
_20331_,59.22µm
_08231_,59.2µm
clknet_leaf_140_clk,59.16µm
_10251_,59.14µm
multiplier_instance.PPG.B\[11\],59.12µm
_04957_,59.1µm
_14358_,59.1µm
_09441_,59.08µm
adder_instance.mantisaAshift\[46\],59.08µm
divider_instance.mantisaresult\[7\],59.08µm
clknet_leaf_64_clk,59.04µm
_10873_,59.02µm
net455,59.02µm
net428,59.01µm
_12010_,58.98µm
_15752_,58.96µm
_15429_,58.93µm
_16822_,58.795µm
adder_instance.four_man\[44\],58.78µm
_15319_,58.7µm
mult_expB\[0\],58.7µm
clknet_leaf_238_clk,58.69µm
_03380_,58.68µm
_09120_,58.67µm
net1833,58.66µm
_14048_,58.64µm
adder_instance.mantisaBshift\[18\],58.6µm
_11937_,58.58µm
net1365,58.58µm
_09988_,58.46µm
_06338_,58.45µm
_09447_,58.4µm
clknet_leaf_249_clk,58.4µm
net2189,58.325µm
_16921_,58.32µm
div_mantisaB\[22\],58.32µm
net3266,58.32µm
_17818_,58.3µm
_03660_,58.24µm
_11358_,58.18µm
_13688_,58.18µm
mult_mantisaB\[21\],58.18µm
net1891,58.18µm
_09503_,58.16µm
clknet_leaf_210_clk,58.16µm
adder_instance.mantisaresult\[29\],58.14µm
_16223_,58.11µm
_03306_,58.06µm
_14342_,58.04µm
_12466_,58.02µm
_20160_,58.02µm
_11925_,57.98µm
_18514_,57.98µm
_07018_,57.94µm
_15411_,57.92µm
_18088_,57.91µm
add_expB\[1\],57.9µm
_18483_,57.89µm
_04793_,57.87µm
_04401_,57.83µm
_10634_,57.8µm
adder_instance.mantisaAshift\[54\],57.8µm
net500,57.76µm
_07432_,57.74µm
adder_instance.mantisaresult\[30\],57.7µm
net2071,57.7µm
_05418_,57.69µm
_16823_,57.68µm
adder_instance.mantisaBshift\[1\],57.62µm
clknet_leaf_124_clk,57.62µm
adder_instance.mantisaBshift\[20\],57.56µm
div_mantisaA\[19\],57.56µm
net307,57.56µm
_04847_,57.54µm
_08776_,57.53µm
net1813,57.52µm
clknet_leaf_104_clk,57.52µm
_08408_,57.5µm
clknet_leaf_119_clk,57.48µm
_07870_,57.46µm
net436,57.415µm
clknet_leaf_11_clk,57.4µm
divider_instance.mantisaresult\[55\],57.38µm
_10278_,57.36µm
_08298_,57.34µm
multiplier_instance.PPG.A\[16\],57.32µm
net1788,57.305µm
_10671_,57.3µm
_21630_,57.3µm
_05109_,57.28µm
net3339,57.25µm
_20532_,57.24µm
_02739_,57.22µm
_05036_,57.22µm
_20109_,57.22µm
_10695_,57.2µm
divider_instance.mantisaresult\[54\],57.19µm
_21635_,57.18µm
adder_instance.four_man\[41\],57.18µm
_09613_,57.16µm
_12966_,57.16µm
net1863,57.145µm
_04503_,57.1µm
_17454_,57.06µm
_17922_,57.06µm
_20059_,57.06µm
net1795,57.02µm
_12978_,57µm
add_mantisaB\[6\],57µm
reorder_buf_instance.value2\[26\],56.98µm
_20679_,56.96µm
_18122_,56.94µm
adder_buffer.value\[28\],56.94µm
_11414_,56.93µm
net243,56.9µm
net767,56.9µm
_10613_,56.88µm
_11206_,56.88µm
net234,56.88µm
_06443_,56.86µm
_13648_,56.86µm
_10215_,56.82µm
_21476_,56.76µm
adder_instance.inf3,56.76µm
_10503_,56.74µm
net507,56.675µm
_09520_,56.67µm
_09617_,56.64µm
_10421_,56.64µm
net242,56.58µm
_09508_,56.57µm
_05752_,56.54µm
_07249_,56.48µm
net1923,56.435µm
_04444_,56.42µm
_04897_,56.42µm
_03223_,56.41µm
_17187_,56.4µm
div_mantisa\[16\],56.4µm
net3179,56.4µm
_07915_,56.38µm
net3202,56.38µm
net427,56.35µm
_04231_,56.34µm
add_mantisaA\[2\],56.3µm
_09525_,56.28µm
net415,56.28µm
multiplier_instance.EB.exponent_b\[1\],56.275µm
net403,56.25µm
_09466_,56.24µm
_17316_,56.24µm
_10244_,56.22µm
_17062_,56.22µm
_20578_,56.18µm
_06540_,56.045µm
_04155_,56.04µm
add_mantisaA\[14\],56µm
_12115_,55.97µm
_02710_,55.89µm
clknet_leaf_95_clk,55.86µm
_10878_,55.84µm
_12307_,55.8µm
net1865,55.79µm
net1801,55.78µm
_05291_,55.76µm
_15558_,55.76µm
mult_mantisaB\[6\],55.75µm
_05740_,55.72µm
_21626_,55.69µm
_10398_,55.68µm
net3249,55.68µm
_17090_,55.65µm
_17011_,55.6µm
_17812_,55.58µm
_18153_,55.58µm
_10400_,55.56µm
net437,55.415µm
_03215_,55.4µm
_09579_,55.4µm
_11776_,55.4µm
reorder_buf_instance.value2\[23\],55.38µm
net1961,55.34µm
_14544_,55.32µm
_05824_,55.31µm
_06653_,55.28µm
net1893,55.24µm
_09804_,55.22µm
net424,55.22µm
clknet_leaf_60_clk,55.18µm
_05912_,55.12µm
_14180_,55.11µm
_07676_,55.1µm
_08331_,55.1µm
_18167_,55.07µm
_09152_,55.06µm
_10941_,55.04µm
_14056_,55.03µm
adder_instance.mantisaAshift\[61\],55µm
net979,55µm
net524,54.98µm
net1839,54.98µm
_15437_,54.94µm
adder_buffer.value\[4\],54.86µm
clknet_leaf_31_clk,54.86µm
_18376_,54.84µm
adder_buffer.out\[28\],54.84µm
net1009,54.84µm
adder_instance.expmiddle\[1\],54.82µm
clknet_leaf_55_clk,54.82µm
net3374,54.82µm
_13053_,54.8µm
net2033,54.8µm
_11423_,54.76µm
_04798_,54.74µm
_12173_,54.73µm
_06762_,54.72µm
net1005,54.68µm
_18177_,54.66µm
net1311,54.635µm
_14295_,54.62µm
_12951_,54.6µm
net509,54.52µm
_09816_,54.51µm
net492,54.5µm
_11651_,54.42µm
divider_instance.mantisaresult\[49\],54.42µm
mult_mantisaA\[4\],54.42µm
net980,54.42µm
clknet_leaf_239_clk,54.42µm
net2612,54.34µm
net73,54.32µm
net3246,54.32µm
net3298,54.3µm
_16789_,54.22µm
_04497_,54.2µm
_17234_,54.2µm
_15630_,54.19µm
_16412_,54.18µm
divider_instance.mantisaresult\[5\],54.18µm
_09546_,54.17µm
_10894_,54.14µm
_05733_,54.095µm
_03417_,54.04µm
_11249_,53.98µm
_01018_,53.965µm
_07816_,53.96µm
_16234_,53.92µm
_15613_,53.9µm
net402,53.9µm
_04661_,53.82µm
_09745_,53.82µm
adder_instance.mantisaBshift\[55\],53.8µm
_14836_,53.79µm
_02688_,53.78µm
_20719_,53.76µm
_02680_,53.74µm
_06943_,53.74µm
clknet_leaf_101_clk,53.72µm
_12768_,53.65µm
_15433_,53.645µm
_05325_,53.64µm
adder_instance.expmiddle\[0\],53.64µm
_09238_,53.62µm
div_expB\[3\],53.62µm
_04758_,53.6µm
clknet_leaf_107_clk,53.56µm
_02790_,53.55µm
_05977_,53.54µm
_02702_,53.52µm
divider_instance.mantisaAshift\[48\],53.44µm
_15941_,53.42µm
net1094,53.34µm
_07693_,53.3µm
_14565_,53.3µm
_13183_,53.26µm
net187,53.26µm
mult_mantisaA\[12\],53.24µm
_12345_,53.22µm
net389,53.22µm
_15190_,53.1µm
_15828_,53.1µm
_07911_,53.08µm
_10766_,53.06µm
_16587_,53µm
clknet_leaf_169_clk,53µm
_11988_,52.94µm
_14776_,52.92µm
net1006,52.92µm
net3230,52.92µm
_19022_,52.9µm
_11939_,52.88µm
add_expB\[3\],52.84µm
add_mantisaA\[4\],52.74µm
_18039_,52.68µm
_03664_,52.665µm
_03383_,52.66µm
net1803,52.62µm
_09702_,52.6µm
_04603_,52.58µm
_07437_,52.58µm
net730,52.58µm
_11719_,52.56µm
adder_instance.mantisaBshift\[26\],52.56µm
_07916_,52.52µm
_12003_,52.5µm
div_mantisaA\[18\],52.5µm
_03953_,52.48µm
_16241_,52.48µm
adder_instance.four_man\[46\],52.48µm
_10509_,52.42µm
_04655_,52.36µm
net453,52.36µm
_15794_,52.34µm
_16871_,52.34µm
add_mantisaB\[22\],52.34µm
_16462_,52.3µm
_03216_,52.28µm
_09794_,52.27µm
_01525_,52.26µm
_13871_,52.22µm
net471,52.22µm
_04441_,52.18µm
_12109_,52.14µm
_03993_,52.12µm
_15873_,52.12µm
_15169_,52.08µm
net476,52.08µm
net3345,52.06µm
_15477_,52.05µm
net432,52.04µm
net937,52.035µm
_06438_,52µm
_11319_,51.98µm
net727,51.92µm
net489,51.915µm
add_expB\[2\],51.895µm
_03898_,51.88µm
clknet_leaf_215_clk,51.88µm
_06583_,51.84µm
_15192_,51.83µm
_03998_,51.78µm
_14351_,51.78µm
net3247,51.78µm
_11215_,51.72µm
add_expA\[0\],51.72µm
_15753_,51.69µm
_09048_,51.68µm
_14268_,51.68µm
_11953_,51.66µm
_10890_,51.64µm
_21467_,51.62µm
_10649_,51.58µm
net1843,51.56µm
_18313_,51.54µm
_07662_,51.5µm
_09836_,51.5µm
_18853_,51.48µm
_09461_,51.46µm
net992,51.45µm
_04925_,51.42µm
_14598_,51.42µm
_17846_,51.4µm
_17941_,51.4µm
_06742_,51.38µm
_10782_,51.38µm
_15193_,51.36µm
_15511_,51.3µm
adder_instance.mantisaresult\[33\],51.29µm
_07094_,51.28µm
_03814_,51.27µm
net905,51.26µm
_13253_,51.25µm
_03220_,51.2µm
_10280_,51.16µm
_03790_,51.14µm
clknet_leaf_194_clk,51.12µm
_13131_,51.1µm
_06204_,51.02µm
_06123_,51µm
_08638_,51µm
_10956_,51µm
_00069_,50.94µm
net522,50.93µm
adder_instance.mantisaA0\[2\],50.9µm
net278,50.9µm
_06832_,50.87µm
_18390_,50.86µm
_19980_,50.84µm
_08841_,50.82µm
divider_instance.mantisaresult\[35\],50.78µm
_16273_,50.77µm
_10224_,50.76µm
_14706_,50.76µm
net3205,50.76µm
_04769_,50.66µm
_16771_,50.64µm
_03833_,50.6µm
_16439_,50.6µm
_08124_,50.58µm
_05837_,50.54µm
_11535_,50.5µm
_13584_,50.5µm
_12091_,50.465µm
adder_instance.expmiddlec\[1\],50.46µm
_17853_,50.44µm
_10216_,50.39µm
_12445_,50.34µm
_19160_,50.32µm
_06526_,50.26µm
_11619_,50.24µm
reorder_buf_instance.value1\[2\],50.24µm
_20217_,50.225µm
net1901,50.225µm
_05396_,50.22µm
_11726_,50.22µm
_01466_,50.205µm
_03262_,50.2µm
_11518_,50.2µm
_12186_,50.2µm
_08931_,50.18µm
_12189_,50.18µm
_18090_,50.18µm
net1020,50.16µm
_18110_,50.15µm
net1859,50.15µm
_03384_,50.12µm
_11447_,50.1µm
_15818_,50.1µm
_05866_,50.09µm
mult_mantisaB\[19\],50.09µm
_14304_,50.08µm
_16220_,50.08µm
divider_instance.mantisaA0\[1\],50.04µm
net3322,50µm
_01626_,49.985µm
_05354_,49.98µm
_15035_,49.96µm
_12675_,49.94µm
divider_instance.mantisaresult\[62\],49.92µm
_10915_,49.9µm
_15625_,49.9µm
adder_instance.four_man\[50\],49.88µm
clknet_leaf_150_clk,49.88µm
_08567_,49.86µm
clknet_leaf_7_clk,49.86µm
_16386_,49.76µm
_17990_,49.76µm
_18095_,49.76µm
_05571_,49.75µm
_04537_,49.74µm
_09632_,49.72µm
mult_buffer.value\[36\],49.72µm
_11657_,49.7µm
_12923_,49.7µm
net75,49.68µm
_12191_,49.65µm
_03413_,49.64µm
_12440_,49.64µm
_04755_,49.58µm
_05578_,49.58µm
_07719_,49.58µm
reorder_buf_instance.value1\[5\],49.58µm
net450,49.58µm
_02209_,49.575µm
net3301,49.56µm
_12713_,49.52µm
adder_instance.mantisaAshift\[55\],49.48µm
net1367,49.46µm
clknet_leaf_225_clk,49.425µm
_05332_,49.42µm
reorder_buf_instance.value1\[0\],49.42µm
_17933_,49.4µm
adder_instance.four_man\[49\],49.38µm
divider_instance.mantisaAshift\[56\],49.38µm
_10696_,49.36µm
_15497_,49.36µm
mult_mantisaB\[22\],49.34µm
multiplier_instance.TT.genblk1\[7\].CSA1.C\[27\],49.33µm
_15003_,49.32µm
_18743_,49.32µm
_09763_,49.3µm
net3191,49.3µm
_02717_,49.28µm
_14761_,49.26µm
net3188,49.24µm
_12640_,49.2µm
_03217_,49.16µm
_10448_,49.16µm
adder_instance.four_man\[48\],49.1µm
divider_instance.mantisaresult\[47\],49.1µm
net414,49.1µm
_06528_,49.08µm
_14883_,49.08µm
_05836_,49.06µm
_10540_,49.04µm
_18860_,49.02µm
clknet_leaf_211_clk,49.01µm
_02862_,49µm
_17035_,49µm
_02936_,48.98µm
_10761_,48.96µm
multiplier_instance.s1_exp_b\[5\],48.94µm
clknet_leaf_83_clk,48.94µm
_09132_,48.92µm
_11907_,48.92µm
_10658_,48.88µm
net81,48.88µm
divider_instance.mantisaB0\[0\],48.86µm
_06544_,48.85µm
mult_mantisaB\[11\],48.84µm
_10692_,48.82µm
clknet_leaf_109_clk,48.82µm
_15097_,48.805µm
_03378_,48.8µm
_19396_,48.78µm
net2086,48.76µm
clknet_leaf_102_clk,48.74µm
_16927_,48.72µm
_14037_,48.68µm
_13491_,48.62µm
_14832_,48.62µm
_21633_,48.62µm
_02704_,48.55µm
_19498_,48.54µm
divider_instance.mantisaresult\[60\],48.54µm
_11529_,48.5µm
_10434_,48.48µm
_11956_,48.45µm
_02727_,48.44µm
_15790_,48.44µm
_18137_,48.44µm
_02694_,48.43µm
_11410_,48.42µm
divider_instance.mantisaAshift\[45\],48.42µm
_12840_,48.4µm
clknet_leaf_135_clk,48.4µm
_17103_,48.39µm
_13786_,48.38µm
_18123_,48.38µm
divider_instance.mantisaA0\[5\],48.34µm
divider_instance.mantisaAshift\[58\],48.3µm
divider_instance.mantisaresult\[63\],48.3µm
clknet_leaf_262_clk,48.28µm
_08492_,48.22µm
_13518_,48.22µm
net1369,48.215µm
_18638_,48.18µm
_12535_,48.16µm
mult_mantisaA\[13\],48.12µm
clknet_leaf_143_clk,48.08µm
_21374_,48.06µm
_10911_,48.05µm
_10897_,48.02µm
_17297_,48.02µm
_17023_,48.01µm
_18041_,47.97µm
_13982_,47.92µm
_12582_,47.87µm
_04991_,47.86µm
add_expA\[7\],47.835µm
_14579_,47.81µm
_08092_,47.76µm
_11845_,47.715µm
_17314_,47.7µm
_15634_,47.68µm
_13235_,47.665µm
_18728_,47.66µm
_20714_,47.66µm
net1360,47.66µm
_05973_,47.62µm
_20988_,47.62µm
adder_instance.mantisaAshift\[62\],47.6µm
_13964_,47.59µm
_02731_,47.58µm
clknet_leaf_214_clk,47.56µm
_14936_,47.52µm
_19354_,47.5µm
_05679_,47.46µm
_16173_,47.46µm
_17098_,47.46µm
_03429_,47.44µm
_12711_,47.44µm
_12970_,47.44µm
_05166_,47.4µm
add_mantisaB\[10\],47.36µm
adder_instance.mantisaBshift\[60\],47.36µm
clknet_leaf_252_clk,47.32µm
_08317_,47.31µm
_18949_,47.3µm
net408,47.28µm
_08617_,47.275µm
_07028_,47.26µm
reorder_buf_instance.value1\[4\],47.26µm
_02729_,47.24µm
_20585_,47.215µm
_04636_,47.2µm
_11656_,47.2µm
net2036,47.2µm
mult_mantisaA\[8\],47.17µm
_09475_,47.16µm
_11984_,47.14µm
_08570_,47.1µm
_15814_,47.1µm
_20598_,47.1µm
_09104_,47.08µm
_19425_,47.08µm
_10323_,47.06µm
clknet_leaf_37_clk,47.06µm
adder_buffer.out\[19\],47.02µm
net512,47.02µm
_14458_,47.01µm
_04395_,46.98µm
_05031_,46.98µm
_05946_,46.96µm
_16501_,46.96µm
div_expB\[5\],46.94µm
_04839_,46.93µm
_04776_,46.92µm
_11387_,46.9µm
net303,46.9µm
_17131_,46.86µm
_18154_,46.84µm
net1873,46.84µm
_04743_,46.82µm
_06856_,46.82µm
_14412_,46.82µm
net483,46.8µm
_04813_,46.78µm
_03401_,46.74µm
_10373_,46.74µm
_09811_,46.72µm
_02725_,46.7µm
_02937_,46.7µm
_03841_,46.7µm
_14139_,46.7µm
net1361,46.69µm
_05780_,46.68µm
_15383_,46.64µm
_11928_,46.63µm
_03949_,46.62µm
_05361_,46.58µm
_04065_,46.56µm
_13458_,46.56µm
_17274_,46.56µm
_20899_,46.56µm
_06684_,46.54µm
_12975_,46.54µm
_19152_,46.54µm
_06605_,46.5µm
_11930_,46.46µm
_11412_,46.44µm
_15085_,46.44µm
_05969_,46.42µm
_11389_,46.41µm
_12146_,46.4µm
_07710_,46.38µm
_10097_,46.38µm
_07841_,46.36µm
_14658_,46.36µm
_11053_,46.34µm
_12707_,46.32µm
adder_instance.four_man\[52\],46.3µm
clknet_leaf_167_clk,46.3µm
_10955_,46.28µm
_02208_,46.265µm
_13423_,46.26µm
_13526_,46.26µm
_10922_,46.22µm
_17147_,46.22µm
_04445_,46.18µm
_14664_,46.18µm
_17095_,46.165µm
_09057_,46.16µm
_12948_,46.14µm
_20972_,46.14µm
_18067_,46.12µm
_18814_,46.12µm
_08915_,46.09µm
_06029_,46.06µm
divider_instance.mantisaresult\[48\],46.02µm
_06990_,45.98µm
multiplier_instance.s3_sum\[29\],45.98µm
_09297_,45.9µm
_09129_,45.88µm
_15520_,45.86µm
_15833_,45.86µm
_16996_,45.86µm
_17038_,45.86µm
_11119_,45.82µm
_19156_,45.82µm
_07847_,45.8µm
_16025_,45.8µm
mult_mantisaB\[10\],45.8µm
_17029_,45.78µm
_21703_,45.78µm
_05805_,45.77µm
_21772_,45.76µm
_11427_,45.735µm
_03519_,45.7µm
_20775_,45.7µm
adder_instance.mantisaB0\[15\],45.7µm
_15603_,45.66µm
_16205_,45.65µm
adder_instance.mantisaBshift\[22\],45.64µm
_15469_,45.63µm
adder_instance.mantisaBshift\[37\],45.62µm
_10936_,45.6µm
_21434_,45.6µm
net3211,45.6µm
_10743_,45.59µm
_13277_,45.58µm
_18186_,45.56µm
add_mantisaB\[20\],45.56µm
_13453_,45.55µm
_17814_,45.54µm
_12836_,45.52µm
_12868_,45.52µm
_12941_,45.52µm
_16688_,45.52µm
_20510_,45.52µm
_11622_,45.5µm
add_mantisaA\[16\],45.5µm
_02693_,45.49µm
_17307_,45.48µm
_17926_,45.46µm
divider_instance.mantisaresult\[42\],45.46µm
mult_expA\[4\],45.46µm
_09706_,45.42µm
_07177_,45.38µm
_13936_,45.38µm
_07490_,45.365µm
add_mantisaA\[12\],45.36µm
net1790,45.36µm
clknet_leaf_125_clk,45.36µm
_16444_,45.34µm
_04855_,45.3µm
clknet_leaf_156_clk,45.28µm
_06207_,45.26µm
_16727_,45.26µm
clknet_leaf_261_clk,45.26µm
net549,45.25µm
_05053_,45.24µm
_05818_,45.24µm
_06620_,45.24µm
div_expB\[4\],45.22µm
_03399_,45.14µm
_11911_,45.14µm
_12456_,45.14µm
_14557_,45.1µm
_16907_,45.02µm
_13789_,45µm
_17208_,45µm
_11064_,44.98µm
_11654_,44.98µm
adder_instance.mantisaresult\[1\],44.98µm
_08724_,44.96µm
_12175_,44.96µm
_21634_,44.96µm
_14585_,44.93µm
_12937_,44.92µm
_13523_,44.9µm
add_expA\[3\],44.85µm
_15007_,44.84µm
clknet_leaf_115_clk,44.84µm
_11747_,44.835µm
_08332_,44.82µm
_01521_,44.805µm
_11541_,44.8µm
multiplier_instance.PPG.A\[18\],44.8µm
_10731_,44.79µm
_17109_,44.78µm
add_mantisaA\[15\],44.78µm
_12703_,44.77µm
_09394_,44.74µm
_10651_,44.72µm
_16371_,44.7µm
_17067_,44.68µm
_13459_,44.67µm
adder_instance.four_man\[42\],44.64µm
_09149_,44.6µm
net3329,44.58µm
_03224_,44.54µm
clknet_leaf_253_clk,44.52µm
net981,44.49µm
_18002_,44.48µm
_09103_,44.42µm
_10438_,44.4µm
net451,44.4µm
adder_buffer.out\[23\],44.34µm
adder_buffer.value\[21\],44.34µm
net433,44.34µm
_17948_,44.3µm
_18117_,44.28µm
_16303_,44.26µm
_16650_,44.26µm
_09159_,44.24µm
_14259_,44.22µm
_15610_,44.22µm
_17984_,44.22µm
_14793_,44.2µm
_12680_,44.18µm
_20729_,44.18µm
_21502_,44.18µm
_05748_,44.14µm
_08601_,44.14µm
_12674_,44.105µm
_06133_,44.04µm
_14516_,44.04µm
_04964_,44µm
net1358,43.98µm
_09668_,43.95µm
_09573_,43.94µm
_19096_,43.92µm
_10295_,43.9µm
_15377_,43.9µm
adder_instance.mantisaBshift\[23\],43.9µm
_05209_,43.88µm
_14815_,43.88µm
_15855_,43.88µm
_18508_,43.88µm
_15000_,43.86µm
_09086_,43.84µm
_11664_,43.82µm
_03253_,43.81µm
_06091_,43.8µm
_09871_,43.8µm
_12678_,43.8µm
_19208_,43.8µm
mult_mantisaB\[7\],43.76µm
_07296_,43.74µm
_03244_,43.72µm
_16198_,43.72µm
_14763_,43.68µm
_09204_,43.66µm
_14975_,43.655µm
_09909_,43.635µm
_05094_,43.62µm
_13462_,43.62µm
_20247_,43.62µm
_03834_,43.6µm
_04292_,43.6µm
_16182_,43.6µm
_20901_,43.6µm
add_expB\[6\],43.6µm
_09151_,43.58µm
_21756_,43.56µm
_12208_,43.52µm
_15408_,43.51µm
net977,43.455µm
_14190_,43.44µm
_12197_,43.43µm
_13427_,43.425µm
_06816_,43.42µm
_13737_,43.4µm
_05991_,43.39µm
_19987_,43.365µm
_13449_,43.34µm
_17295_,43.34µm
clknet_leaf_163_clk,43.34µm
_08143_,43.32µm
_10367_,43.31µm
_16900_,43.3µm
_20238_,43.28µm
_09350_,43.24µm
_13563_,43.24µm
_10907_,43.22µm
_09186_,43.2µm
_13957_,43.2µm
_13422_,43.18µm
net3333,43.18µm
_08579_,43.12µm
_10515_,43.08µm
_14156_,43.08µm
_05755_,43.075µm
_13506_,43.06µm
mult_mantisaB\[12\],43.06µm
_08064_,43.04µm
divider_instance.expadd\[4\],43.04µm
_03415_,43.02µm
_20312_,43.02µm
_09754_,43µm
adder_buffer.out\[24\],43µm
_16668_,42.96µm
_03263_,42.94µm
_04864_,42.94µm
_05377_,42.92µm
_13994_,42.92µm
_19801_,42.92µm
adder_buffer.out\[5\],42.92µm
_13686_,42.9µm
_03890_,42.88µm
_04766_,42.88µm
_11834_,42.88µm
_16411_,42.86µm
_19487_,42.86µm
_21500_,42.86µm
adder_instance.mantisaAshift\[43\],42.86µm
_12203_,42.84µm
_13993_,42.82µm
_16406_,42.78µm
_09459_,42.76µm
net1368,42.76µm
_16730_,42.74µm
_15179_,42.7µm
_18087_,42.69µm
_09799_,42.68µm
_16237_,42.68µm
_05221_,42.66µm
_10954_,42.65µm
_03245_,42.63µm
_11926_,42.63µm
_05369_,42.6µm
_20691_,42.6µm
_04735_,42.58µm
_14070_,42.58µm
_03586_,42.56µm
adder_instance.mantisaresult\[2\],42.56µm
_07080_,42.52µm
_07304_,42.5µm
_20470_,42.48µm
_10375_,42.44µm
_14827_,42.44µm
_17169_,42.44µm
_21755_,42.42µm
adder_instance.mantisaAshift\[45\],42.41µm
_03232_,42.36µm
_03674_,42.34µm
_12194_,42.34µm
_14589_,42.3µm
_06975_,42.28µm
_09656_,42.28µm
_14467_,42.28µm
adder_instance.mantisaBshift\[58\],42.24µm
_11697_,42.22µm
_05048_,42.2µm
_09824_,42.2µm
_18385_,42.2µm
_10836_,42.18µm
_14608_,42.14µm
_10751_,42.1µm
_15082_,42.08µm
add_mantisaA\[13\],42.06µm
_09720_,42.04µm
_20531_,42.04µm
_16644_,42.02µm
_20816_,42µm
_13268_,41.98µm
_17119_,41.98µm
divider_instance.mantisaAshift\[62\],41.98µm
_09336_,41.96µm
_11906_,41.96µm
_20614_,41.96µm
clknet_leaf_39_clk,41.96µm
net3259,41.96µm
_03235_,41.94µm
_16804_,41.9µm
net1363,41.9µm
_04226_,41.88µm
_11546_,41.88µm
net369,41.86µm
multiplier_instance.EB.exponent_a\[6\],41.82µm
_12321_,41.81µm
_05408_,41.8µm
_20019_,41.8µm
_05948_,41.78µm
_09141_,41.78µm
_12037_,41.78µm
_21764_,41.78µm
_17181_,41.76µm
multiplier_instance.EB.exponent_b\[2\],41.76µm
_11371_,41.74µm
_12207_,41.74µm
_13130_,41.74µm
_15816_,41.72µm
_15837_,41.72µm
_18894_,41.72µm
_06296_,41.71µm
_04036_,41.7µm
_05554_,41.7µm
_08869_,41.7µm
_10772_,41.7µm
_12783_,41.7µm
_16365_,41.7µm
_14929_,41.68µm
_12383_,41.66µm
_06114_,41.65µm
_10388_,41.64µm
divider_instance.mantisaA0\[4\],41.64µm
_05600_,41.635µm
_20841_,41.62µm
divider_instance.mantisaA0\[2\],41.62µm
_15506_,41.6µm
_07479_,41.59µm
_11735_,41.56µm
_06679_,41.54µm
_12932_,41.54µm
_15135_,41.54µm
net508,41.54µm
_05712_,41.5µm
_12940_,41.5µm
_19539_,41.5µm
_02738_,41.48µm
_06040_,41.48µm
_04286_,41.46µm
_05206_,41.46µm
_06395_,41.46µm
_12637_,41.46µm
_11415_,41.42µm
_17097_,41.41µm
_06716_,41.4µm
_07158_,41.39µm
_06555_,41.38µm
_14201_,41.38µm
_15089_,41.38µm
_18895_,41.38µm
_16747_,41.36µm
_07927_,41.34µm
_14624_,41.34µm
_18060_,41.34µm
adder_instance.four_man\[43\],41.34µm
net404,41.34µm
net418,41.325µm
_09604_,41.32µm
_19081_,41.32µm
_09963_,41.31µm
_19145_,41.305µm
_10843_,41.3µm
_12994_,41.26µm
_16289_,41.24µm
_10951_,41.2µm
_16023_,41.19µm
_05801_,41.18µm
_05909_,41.16µm
_12005_,41.12µm
_17880_,41.12µm
mult_mantisaB\[13\],41.12µm
_06804_,41.1µm
_11209_,41.08µm
_17128_,41.05µm
_15680_,41.04µm
_03395_,41µm
_05273_,41µm
_07811_,41µm
_15800_,41µm
_18479_,41µm
net1089,40.99µm
_16433_,40.98µm
_12232_,40.97µm
clknet_leaf_222_clk,40.96µm
_07682_,40.94µm
_09327_,40.92µm
_10360_,40.9µm
_16723_,40.9µm
add_expB\[7\],40.875µm
_02744_,40.86µm
_08051_,40.86µm
adder_instance.mantisaBshift\[24\],40.86µm
_14369_,40.84µm
divider_instance.mantisaresult\[43\],40.84µm
_11663_,40.8µm
_08179_,40.78µm
_21147_,40.78µm
_15425_,40.76µm
_08393_,40.74µm
_16472_,40.74µm
_18040_,40.72µm
_03677_,40.715µm
net425,40.7µm
_19917_,40.68µm
divider_instance.mantisaresult\[36\],40.68µm
multiplier_instance.TT.genblk1\[7\].CSA1.C\[28\],40.66µm
_07487_,40.62µm
_19024_,40.62µm
_20325_,40.62µm
_17207_,40.6µm
_05949_,40.58µm
add_mantisaA\[20\],40.56µm
_05075_,40.54µm
_17115_,40.53µm
_05810_,40.52µm
_16812_,40.52µm
_05602_,40.5µm
_21625_,40.5µm
_06550_,40.48µm
_02866_,40.46µm
_09005_,40.46µm
_13775_,40.44µm
_20839_,40.44µm
add_mantisaA\[0\],40.42µm
adder_instance.expadd\[3\],40.4µm
_08550_,40.38µm
_16895_,40.38µm
net3294,40.38µm
_03294_,40.36µm
_03386_,40.36µm
_19319_,40.36µm
_08310_,40.32µm
_11607_,40.32µm
_18299_,40.28µm
_04448_,40.24µm
_04590_,40.24µm
_14028_,40.24µm
divider_instance.mantisaB0\[3\],40.24µm
_02690_,40.2µm
_14483_,40.18µm
_12071_,40.16µm
_04804_,40.14µm
_18438_,40.14µm
_18064_,40.1µm
_05998_,40.08µm
_08390_,40.08µm
_11397_,40.08µm
_16851_,40.08µm
_07835_,40.04µm
_13514_,40.04µm
adder_instance.mantisaAshift\[42\],40.04µm
_14059_,40.02µm
adder_buffer.out\[9\],39.98µm
_03711_,39.96µm
_05526_,39.96µm
_03326_,39.94µm
_06891_,39.94µm
_09067_,39.94µm
_18013_,39.93µm
net2105,39.92µm
_19963_,39.9µm
_06219_,39.88µm
_18481_,39.88µm
_16721_,39.84µm
_08852_,39.82µm
_10047_,39.82µm
adder_instance.four_man\[47\],39.82µm
_08145_,39.8µm
_14064_,39.8µm
_17194_,39.8µm
_07862_,39.78µm
_16337_,39.78µm
_18506_,39.78µm
_20323_,39.78µm
_08359_,39.76µm
_15582_,39.76µm
_04254_,39.74µm
_15804_,39.74µm
clknet_leaf_120_clk,39.74µm
_14990_,39.72µm
_15018_,39.72µm
_18099_,39.72µm
_03288_,39.7µm
_03994_,39.7µm
_02703_,39.68µm
_03222_,39.66µm
_04282_,39.66µm
_15129_,39.66µm
_21774_,39.66µm
add_mantisaA\[6\],39.64µm
_07503_,39.62µm
_20897_,39.62µm
_20742_,39.61µm
add_mantisaA\[1\],39.56µm
adder_instance.mantisaresult\[61\],39.54µm
_07926_,39.52µm
_12296_,39.52µm
_20639_,39.52µm
_20366_,39.48µm
add_mantisaA\[19\],39.48µm
_03990_,39.415µm
_12908_,39.4µm
_20628_,39.4µm
_01032_,39.385µm
_08721_,39.38µm
_03718_,39.36µm
net2019,39.36µm
_15409_,39.32µm
net2016,39.32µm
add_mantisaB\[9\],39.31µm
_06087_,39.26µm
_14574_,39.26µm
_21231_,39.26µm
_11961_,39.24µm
adder_instance.mantisaBshift\[59\],39.24µm
_11898_,39.225µm
_08203_,39.22µm
_14312_,39.22µm
_14012_,39.2µm
div_mantisa\[20\],39.2µm
_00974_,39.16µm
_10499_,39.16µm
_17221_,39.12µm
_05749_,39.095µm
_15397_,39.08µm
_16760_,39.08µm
_11233_,39.06µm
_14760_,39.06µm
_12989_,39.04µm
add_expA\[4\],39.04µm
_18257_,39.02µm
_02865_,39µm
_05767_,39µm
_14971_,38.98µm
_16867_,38.98µm
divider_instance.mantisaAshift\[57\],38.98µm
_19990_,38.96µm
_18209_,38.94µm
_07127_,38.92µm
_12244_,38.92µm
_16973_,38.92µm
_09819_,38.9µm
_17276_,38.9µm
adder_instance.mantisaB0\[21\],38.9µm
_11019_,38.87µm
_11781_,38.85µm
_09422_,38.84µm
_09659_,38.84µm
_12317_,38.84µm
net881,38.84µm
_06986_,38.8µm
_18217_,38.8µm
_07711_,38.78µm
_08612_,38.78µm
_10005_,38.78µm
_11730_,38.78µm
_17857_,38.76µm
_18731_,38.72µm
adder_instance.mantisaBshift\[2\],38.72µm
_19351_,38.7µm
_16567_,38.68µm
_16523_,38.67µm
_04120_,38.66µm
_05226_,38.66µm
_12185_,38.66µm
_14621_,38.66µm
multiplier_instance.s3_sum\[28\],38.64µm
adder_buffer.out\[29\],38.62µm
_08664_,38.6µm
multiplier_instance.PPG.A\[0\],38.6µm
net1323,38.6µm
net430,38.59µm
_19307_,38.58µm
_08668_,38.56µm
_17860_,38.56µm
adder_buffer.out\[22\],38.56µm
_04439_,38.5µm
_12648_,38.5µm
_21059_,38.48µm
_11649_,38.46µm
_03440_,38.455µm
adder_instance.mantisaresult\[5\],38.44µm
_08553_,38.43µm
_04442_,38.42µm
_10685_,38.42µm
_21744_,38.4µm
_12415_,38.39µm
_07299_,38.32µm
_10885_,38.32µm
add_expA\[6\],38.32µm
_06531_,38.3µm
_21195_,38.3µm
mult_buffer.value\[39\],38.3µm
_13187_,38.285µm
net3293,38.28µm
_10938_,38.26µm
_16426_,38.26µm
divider_instance.mantisaresult\[58\],38.26µm
_06194_,38.25µm
_08043_,38.24µm
_12895_,38.24µm
_17245_,38.24µm
_18469_,38.24µm
_20619_,38.24µm
_20698_,38.235µm
_07467_,38.225µm
_07964_,38.22µm
_11693_,38.18µm
_02733_,38.16µm
_11882_,38.16µm
_12646_,38.16µm
_18208_,38.16µm
_07720_,38.14µm
_14539_,38.14µm
_18173_,38.14µm
_07901_,38.12µm
add_expB\[5\],38.105µm
mult_mantisaA\[15\],38.1µm
_15482_,38.06µm
_14949_,38.05µm
_03346_,38.04µm
_15016_,38.04µm
_16890_,38.02µm
div_mantisaA\[11\],38.02µm
_11692_,38.01µm
_11952_,38µm
_03283_,37.98µm
_13255_,37.98µm
_13258_,37.98µm
_14634_,37.98µm
_15287_,37.98µm
_12047_,37.94µm
_16847_,37.94µm
_15848_,37.92µm
clknet_leaf_117_clk,37.9µm
net3291,37.88µm
_21712_,37.865µm
_09534_,37.86µm
net3234,37.86µm
_11785_,37.82µm
_11675_,37.79µm
_03670_,37.78µm
_02668_,37.74µm
_04362_,37.73µm
_04058_,37.72µm
_05215_,37.72µm
_16906_,37.72µm
_18070_,37.72µm
_13486_,37.7µm
_14907_,37.7µm
_14713_,37.68µm
_15427_,37.67µm
_14232_,37.66µm
_16569_,37.64µm
_16915_,37.64µm
_10060_,37.62µm
_08424_,37.58µm
_14132_,37.58µm
_11894_,37.54µm
_05859_,37.52µm
_06290_,37.52µm
_18708_,37.52µm
_05570_,37.48µm
_12507_,37.47µm
_07686_,37.46µm
_18079_,37.46µm
divider_instance.mantisaresult\[53\],37.45µm
_09597_,37.44µm
_13249_,37.44µm
_15075_,37.44µm
_07653_,37.4µm
_15869_,37.4µm
_03270_,37.38µm
_04949_,37.36µm
_18869_,37.36µm
_16815_,37.32µm
net85,37.32µm
_09539_,37.3µm
_16355_,37.28µm
_02771_,37.26µm
_04912_,37.26µm
_15457_,37.26µm
_17068_,37.26µm
_06513_,37.23µm
_13473_,37.23µm
net80,37.22µm
_14285_,37.18µm
_03228_,37.16µm
_03407_,37.16µm
_04151_,37.14µm
_08792_,37.14µm
_14737_,37.14µm
_21707_,37.14µm
_11639_,37.12µm
mult_buffer.head\[1\],37.12µm
net3281,37.1µm
_07896_,37.08µm
_18944_,37.08µm
_03238_,37.06µm
_03726_,37.06µm
_15514_,37.06µm
_03799_,37.05µm
divider_instance.mantisaresult\[24\],37.04µm
net1122,37.04µm
_03391_,37.02µm
_06303_,37.02µm
_21316_,37.02µm
net464,37.02µm
net978,37µm
_09858_,36.98µm
_18455_,36.98µm
_06224_,36.96µm
_12430_,36.96µm
_16194_,36.96µm
_08635_,36.94µm
_13588_,36.94µm
_07793_,36.92µm
_17896_,36.92µm
_21779_,36.92µm
adder_instance.expadd\[2\],36.92µm
_03218_,36.9µm
_20827_,36.9µm
_14605_,36.88µm
_17835_,36.88µm
_11571_,36.86µm
_15623_,36.86µm
_06913_,36.84µm
_10547_,36.84µm
_15677_,36.84µm
_15838_,36.84µm
_19696_,36.84µm
_12213_,36.825µm
_17139_,36.82µm
_11059_,36.8µm
_20769_,36.8µm
_15228_,36.78µm
_17113_,36.78µm
_20297_,36.76µm
_10445_,36.74µm
_09418_,36.73µm
_05196_,36.72µm
_10464_,36.68µm
_12928_,36.68µm
_13838_,36.68µm
divider_instance.mantisaresult\[56\],36.66µm
_14388_,36.64µm
_04739_,36.62µm
_07278_,36.62µm
_07825_,36.62µm
_11976_,36.62µm
_08403_,36.58µm
_12458_,36.56µm
_13751_,36.56µm
_15465_,36.56µm
_18611_,36.56µm
_20922_,36.54µm
net1362,36.54µm
_07062_,36.53µm
_11973_,36.53µm
_21623_,36.5µm
_05272_,36.4µm
_17260_,36.4µm
_07178_,36.39µm
_10580_,36.38µm
_18193_,36.38µm
adder_instance.mantisaBshift\[52\],36.34µm
_03229_,36.335µm
_07471_,36.32µm
multiplier_instance.EB.exponent_a\[2\],36.32µm
_16809_,36.26µm
_20480_,36.26µm
_11537_,36.24µm
_16765_,36.24µm
_09841_,36.22µm
net479,36.2µm
_07167_,36.18µm
_11308_,36.18µm
_04873_,36.16µm
_11483_,36.16µm
_13210_,36.14µm
_08391_,36.1µm
adder_instance.four_man\[51\],36.1µm
_07806_,36.08µm
_09182_,36.08µm
_10344_,36.08µm
_14349_,36.08µm
net456,36.08µm
_06656_,36.06µm
_07889_,36.06µm
_09072_,36.06µm
_14353_,36.06µm
_18185_,36.06µm
net478,36.06µm
_03518_,36.04µm
_16267_,36.04µm
_20187_,36.04µm
_04206_,36.03µm
_19869_,36.02µm
_10914_,36µm
_03939_,35.98µm
_16290_,35.98µm
_21369_,35.98µm
_05854_,35.965µm
_07204_,35.96µm
_13363_,35.96µm
_17202_,35.94µm
_18969_,35.94µm
clknet_leaf_56_clk,35.94µm
_02520_,35.935µm
_13944_,35.92µm
_11686_,35.91µm
_12478_,35.9µm
_17956_,35.9µm
_20391_,35.9µm
div_expA\[2\],35.86µm
_07691_,35.84µm
_04141_,35.82µm
net1326,35.82µm
_11042_,35.8µm
_11258_,35.8µm
_16807_,35.795µm
_04272_,35.78µm
_09232_,35.78µm
_04823_,35.76µm
_14781_,35.76µm
multiplier_instance.s3_sum\[30\],35.74µm
_15093_,35.705µm
_15679_,35.68µm
_18613_,35.68µm
_06196_,35.66µm
_07147_,35.66µm
_11954_,35.66µm
_13647_,35.66µm
_10427_,35.64µm
_10430_,35.64µm
_17061_,35.64µm
_19026_,35.64µm
_05249_,35.62µm
net3347,35.62µm
_09293_,35.6µm
_18129_,35.6µm
net3378,35.6µm
multiplier_instance.s3_sum\[33\],35.58µm
_06745_,35.56µm
_10505_,35.56µm
_08857_,35.54µm
_12023_,35.52µm
_17907_,35.52µm
clknet_leaf_213_clk,35.52µm
_16174_,35.5µm
_11856_,35.46µm
_17303_,35.46µm
_13940_,35.44µm
_16855_,35.42µm
_17196_,35.42µm
net3172,35.41µm
_03265_,35.4µm
_11805_,35.4µm
adder_instance.mantisaA0\[1\],35.4µm
div_mantisa\[11\],35.4µm
net3210,35.38µm
_01789_,35.365µm
net434,35.36µm
_05809_,35.34µm
_21249_,35.32µm
_05340_,35.3µm
_16757_,35.3µm
_18047_,35.28µm
_07802_,35.26µm
_10904_,35.26µm
_06917_,35.24µm
_11182_,35.24µm
_17041_,35.24µm
_18475_,35.24µm
_06534_,35.23µm
_13243_,35.22µm
net2188,35.22µm
_21353_,35.205µm
_07657_,35.2µm
_08980_,35.18µm
_00973_,35.16µm
_03281_,35.16µm
_14102_,35.16µm
_21368_,35.16µm
_04948_,35.14µm
_08640_,35.14µm
_20258_,35.1µm
_07768_,35.08µm
_20778_,35.06µm
_05935_,35.04µm
_08844_,35.04µm
_13271_,35.04µm
_17069_,35.04µm
net3155,35.04µm
_04020_,35.02µm
_09465_,35.01µm
_05453_,35µm
_08650_,35µm
_19030_,34.98µm
_16374_,34.96µm
_09290_,34.94µm
_09139_,34.915µm
_11862_,34.905µm
_13194_,34.9µm
_20020_,34.9µm
multiplier_instance.s2_exp_b\[6\],34.9µm
_02709_,34.86µm
_05310_,34.86µm
_08563_,34.86µm
_10435_,34.86µm
_14090_,34.86µm
_07034_,34.84µm
_19880_,34.84µm
_04539_,34.82µm
_20337_,34.82µm
_04432_,34.8µm
_11214_,34.8µm
net3149,34.8µm
_13521_,34.785µm
adder_buffer.out\[7\],34.78µm
_21747_,34.775µm
_12566_,34.76µm
_20332_,34.76µm
_05656_,34.74µm
_12195_,34.74µm
_14171_,34.74µm
_21437_,34.74µm
adder_instance.expadd\[0\],34.74µm
_03237_,34.72µm
_18998_,34.72µm
mult_expA\[7\],34.72µm
_08239_,34.705µm
_20352_,34.705µm
_21754_,34.7µm
_18049_,34.69µm
_01461_,34.685µm
_03887_,34.68µm
_05520_,34.68µm
_11252_,34.68µm
_11662_,34.68µm
_03766_,34.64µm
_12127_,34.64µm
_20404_,34.62µm
_03517_,34.6µm
_16543_,34.6µm
net938,34.6µm
_12241_,34.59µm
_14738_,34.58µm
_17820_,34.58µm
_18134_,34.58µm
net2202,34.58µm
_10240_,34.56µm
_14547_,34.56µm
_03234_,34.55µm
adder_buffer.out\[18\],34.52µm
_00067_,34.505µm
_14736_,34.5µm
net452,34.5µm
_06332_,34.48µm
adder_instance.mantisaAshift\[60\],34.48µm
net3290,34.46µm
_09051_,34.44µm
_04390_,34.42µm
_18372_,34.42µm
_03227_,34.4µm
_11917_,34.4µm
_12916_,34.4µm
_06177_,34.38µm
_12017_,34.38µm
_16948_,34.38µm
add_mantisaA\[17\],34.38µm
multiplier_instance.s1_exp_b\[7\],34.38µm
net435,34.38µm
_09089_,34.36µm
_13201_,34.36µm
_20186_,34.36µm
_21729_,34.35µm
_06405_,34.34µm
_07928_,34.34µm
_10458_,34.34µm
_17164_,34.34µm
net1023,34.32µm
_06948_,34.3µm
_10346_,34.3µm
_11399_,34.3µm
divider_instance.zero3,34.3µm
_20319_,34.28µm
add_mantisaB\[19\],34.28µm
adder_instance.mantisaB0\[9\],34.28µm
_05839_,34.26µm
_06564_,34.26µm
_14697_,34.255µm
_04555_,34.24µm
_17591_,34.24µm
_04009_,34.22µm
_16703_,34.22µm
_05773_,34.18µm
_09093_,34.18µm
_14650_,34.14µm
_15398_,34.14µm
_08279_,34.12µm
_14648_,34.12µm
_20311_,34.12µm
_11604_,34.1µm
_20221_,34.1µm
_20726_,34.1µm
net2975,34.1µm
_20945_,34.09µm
_04720_,34.08µm
_10252_,34.07µm
_11574_,34.06µm
_13589_,34.06µm
_20728_,34.06µm
_13701_,33.98µm
_19284_,33.97µm
_04950_,33.96µm
_19661_,33.96µm
_20050_,33.96µm
_10993_,33.95µm
_13787_,33.94µm
adder_buffer.out\[21\],33.94µm
_09286_,33.92µm
_10609_,33.92µm
adder_instance.expadd\[4\],33.92µm
_03241_,33.9µm
_11764_,33.9µm
_16631_,33.88µm
_17918_,33.88µm
_20425_,33.88µm
_08781_,33.86µm
_16763_,33.86µm
_04870_,33.84µm
_04940_,33.84µm
_14596_,33.84µm
_05534_,33.82µm
_07925_,33.82µm
_08054_,33.82µm
_12088_,33.82µm
_13625_,33.82µm
_19989_,33.82µm
_04663_,33.8µm
_09973_,33.8µm
_15410_,33.8µm
_07990_,33.79µm
_01259_,33.785µm
_07199_,33.76µm
_16754_,33.76µm
_06752_,33.72µm
_09092_,33.72µm
_12734_,33.72µm
_09137_,33.715µm
_17829_,33.7µm
_11036_,33.68µm
_11436_,33.68µm
_13762_,33.68µm
_20024_,33.68µm
_06881_,33.66µm
_15448_,33.66µm
_17020_,33.66µm
_19892_,33.66µm
_03249_,33.64µm
_17889_,33.64µm
_15040_,33.635µm
_15859_,33.62µm
net3334,33.62µm
_04630_,33.6µm
_08111_,33.6µm
_11955_,33.6µm
_16266_,33.58µm
_20271_,33.58µm
_04006_,33.56µm
_04147_,33.54µm
_06216_,33.54µm
_14910_,33.54µm
_13772_,33.535µm
_03250_,33.52µm
_04565_,33.52µm
_09526_,33.52µm
_16708_,33.5µm
_05613_,33.49µm
_05286_,33.48µm
_05581_,33.475µm
_17287_,33.46µm
_20525_,33.46µm
net3331,33.46µm
_12469_,33.44µm
_14740_,33.44µm
_04088_,33.42µm
_08954_,33.42µm
_09206_,33.42µm
_10496_,33.42µm
_12388_,33.42µm
_12400_,33.42µm
_14036_,33.42µm
clknet_leaf_145_clk,33.42µm
_14041_,33.4µm
_16923_,33.4µm
_21716_,33.4µm
_14287_,33.38µm
_04146_,33.36µm
_05189_,33.36µm
net2972,33.36µm
_18459_,33.34µm
_07728_,33.3µm
_13754_,33.3µm
_18862_,33.28µm
_17300_,33.26µm
adder_instance.mantisaB0\[7\],33.26µm
_16882_,33.24µm
add_mantisaA\[5\],33.24µm
_05382_,33.22µm
_03240_,33.2µm
_03275_,33.2µm
_12098_,33.2µm
_12623_,33.2µm
_13135_,33.2µm
adder_buffer.out\[8\],33.2µm
_18917_,33.18µm
_20537_,33.18µm
_21296_,33.18µm
_13551_,33.16µm
net1117,33.15µm
_13237_,33.1µm
_15024_,33.1µm
_12170_,33.08µm
_02750_,33.06µm
_18694_,33.06µm
_20201_,33.055µm
_17965_,33.04µm
div_mantisaB\[11\],33.04µm
_04135_,33.02µm
_05413_,33.02µm
_07868_,33.02µm
_13805_,33.02µm
_15165_,33.02µm
_17114_,33.02µm
_10463_,33µm
_18274_,33µm
_16705_,32.98µm
_11223_,32.96µm
_20227_,32.96µm
_18286_,32.945µm
_04078_,32.92µm
_06926_,32.92µm
_14465_,32.92µm
_18140_,32.92µm
_20522_,32.92µm
_19172_,32.9µm
_19453_,32.9µm
net3200,32.88µm
_08465_,32.86µm
_03221_,32.84µm
_09949_,32.84µm
_16226_,32.84µm
_16477_,32.82µm
_17973_,32.82µm
_10420_,32.8µm
add_mantisaA\[18\],32.8µm
_09158_,32.78µm
_10746_,32.77µm
_18805_,32.76µm
_18986_,32.76µm
divider_instance.mantisaresult\[52\],32.76µm
net344,32.76µm
_18691_,32.68µm
_19299_,32.68µm
adder_instance.mantisaBshift\[36\],32.68µm
_16383_,32.665µm
adder_instance.mantisaAshift\[44\],32.66µm
net458,32.66µm
_05709_,32.64µm
_14383_,32.64µm
_12442_,32.62µm
_14283_,32.62µm
_17159_,32.62µm
_17968_,32.62µm
reorder_buf_instance.head\[0\],32.6µm
_11187_,32.58µm
_15400_,32.58µm
adder_instance.mantisaB0\[2\],32.58µm
mult_buffer.tail\[1\],32.58µm
_10324_,32.56µm
_13622_,32.56µm
net2589,32.56µm
_08860_,32.54µm
_10853_,32.54µm
_20917_,32.54µm
_07501_,32.52µm
_09684_,32.52µm
_11366_,32.52µm
net3356,32.5µm
_14178_,32.48µm
_05835_,32.46µm
_08325_,32.44µm
_17130_,32.44µm
adder_instance.mantisaBshift\[39\],32.44µm
_05344_,32.42µm
_15792_,32.4µm
multiplier_instance.PPG.B\[5\],32.4µm
_07509_,32.38µm
_17022_,32.38µm
_19479_,32.38µm
adder_instance.mantisaBshift\[46\],32.38µm
net391,32.38µm
_08847_,32.36µm
_14844_,32.36µm
_13500_,32.34µm
_17863_,32.34µm
_09635_,32.3µm
_15555_,32.3µm
_13841_,32.28µm
_16949_,32.28µm
_18061_,32.28µm
_13274_,32.275µm
_09875_,32.27µm
add_mantisaB\[16\],32.27µm
_09812_,32.26µm
_20608_,32.26µm
div_mantisa\[0\],32.26µm
_01787_,32.245µm
_12272_,32.24µm
_19908_,32.24µm
_07375_,32.22µm
_07863_,32.22µm
_16297_,32.22µm
_04457_,32.2µm
_15133_,32.2µm
_16540_,32.2µm
_08430_,32.18µm
_13951_,32.18µm
_02685_,32.16µm
_13732_,32.16µm
_16613_,32.16µm
_16894_,32.12µm
divider_instance.signA2,32.12µm
_16924_,32.11µm
_05508_,32.1µm
_19863_,32.1µm
_07993_,32.08µm
_08367_,32.08µm
_19261_,32.08µm
net3242,32.08µm
_06286_,32.06µm
_13556_,32.06µm
_18162_,32.06µm
_06351_,32.04µm
_13218_,32.04µm
_14372_,32.04µm
_09592_,32.02µm
_09959_,32.02µm
_18823_,32.02µm
_16954_,32.01µm
_04548_,32.005µm
_09606_,32µm
_09665_,32µm
_19211_,32µm
divider_instance.mantisaB0\[9\],32µm
_06060_,31.98µm
_21504_,31.98µm
_11265_,31.96µm
_12569_,31.96µm
_16782_,31.96µm
_01595_,31.945µm
_13553_,31.94µm
multiplier_instance.s3_sum\[31\],31.94µm
_08225_,31.92µm
_14298_,31.92µm
_21713_,31.92µm
_06455_,31.9µm
_06747_,31.9µm
_14251_,31.9µm
_14587_,31.9µm
_14354_,31.88µm
_10382_,31.86µm
_17213_,31.84µm
_18437_,31.84µm
_05280_,31.82µm
_11983_,31.82µm
mult_mantisaA\[10\],31.82µm
_09504_,31.8µm
net182,31.8µm
_08137_,31.76µm
_14676_,31.76µm
_20629_,31.76µm
_03247_,31.72µm
_06187_,31.72µm
_07484_,31.72µm
_14718_,31.72µm
_20378_,31.72µm
_09658_,31.715µm
_15470_,31.71µm
_03008_,31.7µm
_06473_,31.7µm
_09939_,31.7µm
_09358_,31.68µm
net184,31.66µm
_15541_,31.655µm
clknet_leaf_147_clk,31.65µm
_08900_,31.64µm
_15005_,31.63µm
_06724_,31.62µm
_06736_,31.62µm
_15857_,31.62µm
multiplier_instance.TT.CPA.sum\[38\],31.62µm
_03705_,31.6µm
adder_instance.four_man\[54\],31.6µm
_02736_,31.58µm
_08762_,31.57µm
_11314_,31.56µm
_20789_,31.56µm
adder_instance.mantisaBshift\[40\],31.56µm
_04207_,31.54µm
_02938_,31.5µm
_12463_,31.5µm
_16488_,31.5µm
_16905_,31.5µm
_05741_,31.48µm
_05876_,31.48µm
_15847_,31.48µm
_06662_,31.46µm
_08433_,31.46µm
_11936_,31.46µm
_14899_,31.46µm
add_mantisaA\[7\],31.46µm
add_mantisaA\[8\],31.46µm
mult_buffer.tail\[0\],31.46µm
_03317_,31.44µm
_03940_,31.44µm
_12920_,31.44µm
_16741_,31.44µm
_18081_,31.44µm
_14769_,31.415µm
_20092_,31.4µm
_13655_,31.38µm
_19434_,31.38µm
_10046_,31.37µm
_06095_,31.36µm
_06573_,31.36µm
_14424_,31.36µm
_20407_,31.36µm
_07714_,31.34µm
_20688_,31.34µm
_04824_,31.32µm
_15446_,31.32µm
_12198_,31.3µm
_15709_,31.3µm
_20944_,31.3µm
_09886_,31.29µm
_08519_,31.26µm
_09101_,31.26µm
add_mantisaA\[9\],31.26µm
_15029_,31.25µm
_21730_,31.24µm
_17054_,31.22µm
_13213_,31.2µm
_18201_,31.2µm
_09470_,31.18µm
_14026_,31.18µm
_12665_,31.16µm
multiplier_instance.TT.genblk1\[3\].CSA1.A\[13\],31.16µm
_14642_,31.14µm
net2186,31.125µm
_10196_,31.12µm
_20705_,31.12µm
_09337_,31.1µm
_13229_,31.1µm
_11349_,31.08µm
_03231_,31.06µm
_06391_,31.06µm
_09670_,31.06µm
_18605_,31.06µm
_05820_,31.04µm
adder_instance.expmiddled\[7\],31.02µm
_05193_,31.01µm
_07070_,31µm
_13734_,31µm
_18268_,31µm
_09438_,30.98µm
_04614_,30.96µm
_14421_,30.96µm
_20420_,30.96µm
_14532_,30.94µm
_10886_,30.92µm
_11463_,30.92µm
_19459_,30.92µm
_21189_,30.9µm
_21340_,30.9µm
_11840_,30.88µm
_13378_,30.88µm
_03243_,30.87µm
_09212_,30.86µm
_09741_,30.86µm
_12872_,30.86µm
_05907_,30.84µm
_14052_,30.84µm
_03251_,30.82µm
_05586_,30.82µm
_02941_,30.8µm
_07055_,30.8µm
_17100_,30.8µm
_17386_,30.8µm
net155,30.79µm
_12433_,30.78µm
_14093_,30.78µm
net2184,30.78µm
_10356_,30.76µm
_14637_,30.76µm
_07301_,30.74µm
_13767_,30.74µm
_14023_,30.74µm
_21421_,30.74µm
_06691_,30.73µm
_20999_,30.72µm
_05584_,30.7µm
_09950_,30.7µm
_14032_,30.7µm
_14855_,30.7µm
_16686_,30.7µm
_18300_,30.7µm
_18831_,30.7µm
_08978_,30.68µm
_14361_,30.68µm
_17052_,30.68µm
_03865_,30.67µm
_06704_,30.66µm
clknet_leaf_148_clk,30.66µm
_14318_,30.64µm
net3307,30.64µm
_11891_,30.62µm
_06972_,30.61µm
_05959_,30.6µm
_06778_,30.6µm
_07347_,30.6µm
_16512_,30.6µm
_04100_,30.58µm
_07708_,30.58µm
net2946,30.58µm
_03788_,30.56µm
_16255_,30.55µm
_06370_,30.54µm
_07731_,30.54µm
_20492_,30.54µm
_03918_,30.52µm
_12960_,30.52µm
_19350_,30.52µm
adder_instance.mantisaresult\[0\],30.52µm
_03984_,30.5µm
_16367_,30.5µm
net1366,30.5µm
_16270_,30.48µm
_15712_,30.475µm
_03568_,30.46µm
_06525_,30.46µm
_15594_,30.46µm
_04802_,30.42µm
_06311_,30.42µm
_14069_,30.42µm
_07107_,30.38µm
_07890_,30.38µm
_09220_,30.38µm
_12350_,30.38µm
_05612_,30.36µm
_04195_,30.34µm
_16591_,30.34µm
_21112_,30.34µm
net3147,30.34µm
_05590_,30.32µm
_09948_,30.32µm
_13602_,30.32µm
_14324_,30.32µm
mult_expA\[5\],30.32µm
_05305_,30.3µm
add_expA\[5\],30.29µm
_10205_,30.285µm
_08348_,30.28µm
_04904_,30.26µm
_11216_,30.26µm
_09630_,30.24µm
_11594_,30.24µm
_11915_,30.24µm
_12598_,30.24µm
_19090_,30.24µm
_20122_,30.24µm
_11687_,30.22µm
_14209_,30.22µm
_20878_,30.22µm
_04668_,30.2µm
_11339_,30.2µm
_18512_,30.2µm
_20693_,30.2µm
_20834_,30.2µm
div_expA\[3\],30.2µm
_14917_,30.18µm
adder_instance.mantisaresult\[62\],30.18µm
_09727_,30.16µm
_11288_,30.16µm
_15453_,30.16µm
_15682_,30.16µm
_16683_,30.16µm
_18943_,30.16µm
_21461_,30.16µm
_16183_,30.14µm
_17007_,30.14µm
_02682_,30.12µm
_04875_,30.12µm
_08684_,30.12µm
_20992_,30.12µm
reorder_buf_instance.value1\[1\],30.1µm
_20762_,30.085µm
_03388_,30.08µm
_04024_,30.08µm
_14977_,30.08µm
_19547_,30.08µm
_20548_,30.08µm
_18668_,30.04µm
_08677_,30.02µm
_04866_,30.005µm
_06104_,30µm
_13817_,30µm
_20172_,30µm
divider_instance.mantisaresult\[16\],30µm
_08206_,29.98µm
_15523_,29.98µm
adder_instance.mantisaBshift\[27\],29.98µm
_04818_,29.96µm
_12182_,29.94µm
_13219_,29.94µm
net2711,29.94µm
net3177,29.94µm
_13437_,29.93µm
_05718_,29.92µm
_04181_,29.9µm
_08610_,29.9µm
_02561_,29.88µm
_05037_,29.88µm
_06242_,29.88µm
_07287_,29.88µm
_07932_,29.88µm
_03252_,29.86µm
_03340_,29.86µm
_09683_,29.86µm
_04561_,29.84µm
_05133_,29.84µm
_06384_,29.84µm
_09912_,29.84µm
_13850_,29.84µm
_15114_,29.84µm
_15675_,29.84µm
net3269,29.84µm
_11818_,29.83µm
_08667_,29.82µm
_09693_,29.82µm
_18033_,29.82µm
_10325_,29.8µm
_18062_,29.8µm
net496,29.8µm
adder_instance.expadd\[5\],29.795µm
_02788_,29.78µm
_03309_,29.78µm
_05035_,29.78µm
_03146_,29.76µm
_10093_,29.76µm
_11638_,29.76µm
_16485_,29.76µm
_12771_,29.74µm
_13717_,29.74µm
_18836_,29.74µm
_09427_,29.72µm
_11560_,29.7µm
_16510_,29.7µm
_18180_,29.7µm
net185,29.7µm
_18055_,29.69µm
_06023_,29.68µm
_13861_,29.68µm
_03673_,29.66µm
_06364_,29.66µm
_09252_,29.66µm
_10332_,29.66µm
net3162,29.66µm
_00985_,29.64µm
_03225_,29.64µm
_13190_,29.64µm
_15104_,29.62µm
_07001_,29.61µm
_03756_,29.6µm
_08371_,29.6µm
_20710_,29.6µm
_02939_,29.58µm
_04832_,29.58µm
_11299_,29.58µm
_11700_,29.58µm
_17985_,29.58µm
multiplier_instance.EB.exponent_a\[5\],29.58µm
reorder_buf_instance.array\[4\]\[31\],29.58µm
_09008_,29.56µm
_12056_,29.56µm
divider_instance.mantisaB0\[13\],29.56µm
_10095_,29.545µm
_04012_,29.54µm
_20028_,29.54µm
_05442_,29.52µm
_06779_,29.52µm
_16974_,29.505µm
_04149_,29.5µm
_14958_,29.5µm
_15092_,29.46µm
net2005,29.46µm
_04470_,29.44µm
_16643_,29.44µm
_17249_,29.44µm
adder_instance.mantisaBshift\[57\],29.42µm
divider_instance.mantisaB0\[1\],29.42µm
_04918_,29.4µm
_09372_,29.4µm
_11198_,29.4µm
_17934_,29.4µm
net86,29.4µm
_11931_,29.38µm
_12156_,29.38µm
_21344_,29.38µm
_09651_,29.36µm
_17149_,29.36µm
_02566_,29.32µm
_18715_,29.32µm
_19576_,29.32µm
_20613_,29.32µm
_21365_,29.32µm
_05821_,29.315µm
_20369_,29.3µm
_17898_,29.28µm
net96,29.28µm
net3086,29.28µm
_14319_,29.275µm
_15686_,29.265µm
_15276_,29.26µm
_03903_,29.24µm
_08363_,29.24µm
_09228_,29.24µm
_16547_,29.24µm
reorder_buf_instance.value1\[13\],29.22µm
_09636_,29.21µm
_06977_,29.2µm
_17092_,29.2µm
_20003_,29.2µm
adder_buffer.out\[16\],29.18µm
_02692_,29.16µm
_09623_,29.16µm
_11996_,29.16µm
_12431_,29.16µm
_14378_,29.16µm
_06862_,29.14µm
_11327_,29.14µm
_18198_,29.14µm
_15595_,29.12µm
_19355_,29.12µm
_20971_,29.12µm
_03966_,29.1µm
_06876_,29.1µm
_09629_,29.1µm
_12178_,29.1µm
_12231_,29.1µm
net3253,29.1µm
_09790_,29.09µm
_14084_,29.08µm
_14159_,29.08µm
_19078_,29.08µm
_04509_,29.06µm
_12041_,29.06µm
_14757_,29.06µm
net2187,29.06µm
_01465_,29.045µm
_02711_,29.04µm
_15531_,29.04µm
_12865_,29.035µm
_07091_,29.01µm
_06624_,29µm
_16402_,29µm
reorder_buf_instance.value1\[15\],29µm
_04042_,28.98µm
_04209_,28.98µm
_06181_,28.98µm
_10520_,28.98µm
_14407_,28.98µm
_14620_,28.98µm
_21709_,28.98µm
_03942_,28.96µm
_06056_,28.96µm
_04546_,28.955µm
_03226_,28.94µm
_09522_,28.94µm
_11069_,28.94µm
_12722_,28.94µm
_13222_,28.94µm
_14398_,28.94µm
_14694_,28.94µm
adder_instance.mantisaAshift\[39\],28.94µm
adder_instance.mantisaBshift\[48\],28.93µm
_10273_,28.92µm
_02757_,28.9µm
_11802_,28.9µm
net3278,28.9µm
_06805_,28.88µm
_15985_,28.88µm
_20211_,28.88µm
adder_buffer.value\[6\],28.88µm
_02718_,28.86µm
_04876_,28.86µm
_05629_,28.86µm
_08269_,28.86µm
_13371_,28.86µm
_19594_,28.86µm
_10067_,28.84µm
_14725_,28.84µm
_16376_,28.84µm
net3030,28.84µm
_15428_,28.83µm
_04477_,28.82µm
_16593_,28.82µm
_17066_,28.82µm
_20720_,28.82µm
_10310_,28.8µm
_16810_,28.8µm
_11376_,28.78µm
_04355_,28.76µm
_08435_,28.76µm
_08919_,28.76µm
_13413_,28.76µm
multiplier_instance.TT.CPA.sum\[39\],28.76µm
_04934_,28.74µm
_06287_,28.74µm
_13242_,28.74µm
_18858_,28.74µm
_20521_,28.74µm
_14756_,28.72µm
_20228_,28.72µm
multiplier_instance.s3_nan,28.72µm
_04693_,28.7µm
_11789_,28.7µm
_12461_,28.7µm
_14722_,28.695µm
_15715_,28.68µm
_17910_,28.68µm
_06172_,28.665µm
_06785_,28.66µm
_16984_,28.66µm
_17070_,28.64µm
_06581_,28.6µm
_09776_,28.6µm
_15586_,28.6µm
_17107_,28.6µm
final_out[27],28.6µm
divider_instance.mantisaAshift\[55\],28.595µm
_14459_,28.59µm
_18148_,28.59µm
_19326_,28.58µm
_04686_,28.56µm
_11822_,28.56µm
_14461_,28.56µm
_06459_,28.54µm
_08626_,28.54µm
_18181_,28.53µm
_20458_,28.52µm
_03822_,28.46µm
_04683_,28.46µm
_05444_,28.46µm
_14355_,28.46µm
_15013_,28.46µm
_15455_,28.45µm
_16414_,28.44µm
_10319_,28.43µm
_12772_,28.42µm
_14018_,28.4µm
_15909_,28.4µm
_18851_,28.4µm
_20529_,28.4µm
adder_buffer.value\[18\],28.4µm
_18105_,28.38µm
_08440_,28.375µm
_03338_,28.36µm
_05992_,28.36µm
_16818_,28.36µm
net2122,28.36µm
_08446_,28.34µm
_18143_,28.34µm
_05623_,28.32µm
_17053_,28.32µm
_19101_,28.32µm
_10480_,28.3µm
_04310_,28.28µm
_17125_,28.28µm
_18505_,28.28µm
_20947_,28.28µm
net2450,28.28µm
net3323,28.28µm
_08788_,28.26µm
_05582_,28.255µm
_04213_,28.24µm
_13489_,28.24µm
_13615_,28.24µm
_20725_,28.24µm
_07749_,28.22µm
_14707_,28.22µm
_05514_,28.2µm
_16909_,28.2µm
_18028_,28.2µm
_15533_,28.18µm
_09942_,28.16µm
_18293_,28.16µm
final_out[6],28.15µm
_08708_,28.14µm
_16642_,28.14µm
_16670_,28.14µm
_18546_,28.14µm
add_mantisaB\[12\],28.13µm
_07084_,28.12µm
_14576_,28.12µm
_14720_,28.12µm
net459,28.12µm
_04348_,28.1µm
_11847_,28.1µm
_14404_,28.1µm
_19538_,28.1µm
_19842_,28.1µm
_05784_,28.08µm
_05502_,28.06µm
_19127_,28.06µm
_20004_,28.06µm
_11885_,28.04µm
_13042_,28.04µm
_03425_,28.02µm
_07441_,28.02µm
_11489_,28.02µm
_12629_,28.02µm
_20721_,28.02µm
_09955_,28.01µm
_08672_,28µm
_10532_,28µm
_18238_,28µm
_21157_,28µm
_02843_,27.98µm
_10379_,27.98µm
_13285_,27.98µm
_13313_,27.98µm
_17928_,27.98µm
_21225_,27.98µm
_06722_,27.96µm
_07121_,27.96µm
_08242_,27.96µm
_12770_,27.96µm
_15422_,27.96µm
_16021_,27.955µm
_19175_,27.94µm
_18068_,27.925µm
_13540_,27.92µm
_17033_,27.92µm
_20200_,27.92µm
_06945_,27.9µm
_09680_,27.9µm
_08085_,27.88µm
_11878_,27.88µm
_14263_,27.88µm
_06768_,27.86µm
_12341_,27.86µm
_12706_,27.86µm
_21275_,27.86µm
_01448_,27.845µm
_04199_,27.84µm
_04398_,27.84µm
_09119_,27.84µm
_17102_,27.84µm
_07980_,27.82µm
_11424_,27.82µm
_15536_,27.82µm
_07914_,27.81µm
_07974_,27.8µm
_14098_,27.8µm
_19871_,27.8µm
reorder_buf_instance.ready_check\[9\],27.8µm
_12627_,27.795µm
_07460_,27.78µm
_17293_,27.78µm
_21184_,27.78µm
_06610_,27.76µm
_13742_,27.76µm
_07213_,27.755µm
_07023_,27.74µm
_09280_,27.74µm
_09833_,27.74µm
_13478_,27.74µm
_20903_,27.74µm
_16827_,27.735µm
_13631_,27.73µm
_13747_,27.73µm
_07861_,27.72µm
_18323_,27.72µm
_11392_,27.71µm
_08739_,27.7µm
_10708_,27.7µm
_20557_,27.7µm
_03405_,27.69µm
_15142_,27.69µm
_05465_,27.68µm
_09396_,27.68µm
_11151_,27.66µm
_15382_,27.66µm
_17064_,27.66µm
_10940_,27.65µm
_08752_,27.64µm
net3121,27.61µm
_06799_,27.6µm
_09857_,27.6µm
_10460_,27.6µm
_16986_,27.6µm
_17009_,27.6µm
_21271_,27.6µm
_05754_,27.58µm
_05072_,27.57µm
_08303_,27.565µm
_06079_,27.56µm
_07412_,27.56µm
_10903_,27.56µm
_11283_,27.54µm
_11578_,27.54µm
_13347_,27.54µm
_03236_,27.52µm
_03292_,27.52µm
_18892_,27.52µm
_21074_,27.5µm
adder_instance.mantisaBshift\[51\],27.5µm
_05867_,27.48µm
_07002_,27.48µm
_09957_,27.48µm
_11097_,27.48µm
_14609_,27.48µm
_16600_,27.48µm
_16912_,27.48µm
_17108_,27.48µm
_17983_,27.48µm
_18679_,27.48µm
_20526_,27.48µm
_07488_,27.46µm
_01132_,27.445µm
_13933_,27.44µm
_19037_,27.44µm
adder_instance.four_man\[40\],27.44µm
_10819_,27.42µm
_11242_,27.41µm
_11851_,27.4µm
_12803_,27.4µm
_13651_,27.4µm
_19583_,27.4µm
_21718_,27.4µm
multiplier_instance.EB.exponent_a\[1\],27.4µm
_12034_,27.38µm
_04115_,27.36µm
_15898_,27.36µm
_03242_,27.34µm
_05244_,27.34µm
_13892_,27.34µm
_16602_,27.34µm
_17015_,27.34µm
_08742_,27.33µm
_07074_,27.32µm
final_out[24],27.32µm
_03748_,27.26µm
_14303_,27.26µm
_16259_,27.26µm
_18052_,27.26µm
_07363_,27.24µm
_08693_,27.24µm
_12980_,27.24µm
_14301_,27.24µm
_16503_,27.24µm
_21533_,27.24µm
_08592_,27.22µm
_12653_,27.22µm
mult_mantisaB\[18\],27.22µm
_07289_,27.21µm
_08545_,27.2µm
_10748_,27.2µm
_14451_,27.19µm
_04639_,27.18µm
_13387_,27.16µm
_18159_,27.15µm
_03150_,27.14µm
_09167_,27.14µm
_14943_,27.14µm
_15051_,27.14µm
_12124_,27.12µm
_13683_,27.12µm
_13746_,27.12µm
_01417_,27.105µm
_06304_,27.1µm
_06517_,27.1µm
_07031_,27.1µm
_11488_,27.1µm
_11797_,27.1µm
_14341_,27.1µm
_16218_,27.1µm
_16361_,27.1µm
_21605_,27.1µm
_09172_,27.08µm
_11820_,27.08µm
_12061_,27.08µm
_12475_,27.08µm
_13114_,27.08µm
_18076_,27.08µm
_16207_,27.075µm
_06642_,27.06µm
_07953_,27.06µm
_08086_,27.06µm
_08971_,27.06µm
_09368_,27.06µm
adder_instance.mantisaB0\[5\],27.06µm
_04568_,27.04µm
_15159_,27.04µm
net3145,27.04µm
_11874_,27.02µm
_05727_,27.01µm
_06923_,27µm
_11798_,27µm
_12054_,27µm
net3104,27µm
net3116,27µm
_18017_,26.995µm
_20324_,26.995µm
_03266_,26.98µm
_20237_,26.98µm
_09992_,26.96µm
_20063_,26.96µm
_14196_,26.94µm
_20305_,26.94µm
_20861_,26.94µm
adder_instance.mantisaB0\[19\],26.94µm
mult_expB\[5\],26.94µm
multiplier_instance.EB.exponent_a\[0\],26.94µm
_13339_,26.9µm
_14058_,26.9µm
_19243_,26.9µm
_09644_,26.895µm
_04142_,26.89µm
_08871_,26.87µm
_03946_,26.86µm
_16264_,26.86µm
_12134_,26.84µm
_07743_,26.82µm
_12133_,26.82µm
_04566_,26.8µm
_07247_,26.8µm
_16434_,26.8µm
adder_instance.mantisaAshift\[40\],26.8µm
_09443_,26.78µm
_11075_,26.78µm
multiplier_instance.s3_zero,26.78µm
_16415_,26.76µm
_16925_,26.76µm
_03636_,26.74µm
_04217_,26.74µm
_19200_,26.74µm
_07702_,26.73µm
_11158_,26.72µm
_16185_,26.72µm
_17951_,26.72µm
_18987_,26.72µm
_19540_,26.72µm
_11400_,26.71µm
_10432_,26.7µm
_18016_,26.7µm
_20753_,26.7µm
_17882_,26.685µm
_06493_,26.68µm
_07523_,26.68µm
_14121_,26.68µm
_15490_,26.68µm
_03880_,26.66µm
_07921_,26.66µm
_09308_,26.66µm
_12031_,26.66µm
last_nop,26.66µm
_08129_,26.65µm
_15100_,26.64µm
_18196_,26.64µm
_18275_,26.64µm
_19603_,26.64µm
_08380_,26.62µm
_10055_,26.6µm
_14241_,26.6µm
_15187_,26.6µm
_20452_,26.6µm
net3130,26.6µm
_06506_,26.58µm
divider_instance.mantisaresult\[61\],26.58µm
_14391_,26.56µm
_16275_,26.56µm
_19827_,26.56µm
_05640_,26.55µm
_13494_,26.54µm
_14297_,26.54µm
_13519_,26.535µm
_09401_,26.52µm
_12705_,26.52µm
_14062_,26.52µm
_16710_,26.52µm
_18503_,26.52µm
_12325_,26.505µm
_08809_,26.5µm
_13139_,26.5µm
_15419_,26.5µm
_16437_,26.5µm
_16981_,26.5µm
_07387_,26.49µm
_09058_,26.48µm
_11602_,26.475µm
_06971_,26.46µm
_08642_,26.46µm
_17005_,26.46µm
_20229_,26.46µm
_06010_,26.45µm
_13100_,26.45µm
_11303_,26.44µm
_13354_,26.44µm
_21416_,26.44µm
adder_instance.mantisaBshift\[4\],26.44µm
_18703_,26.43µm
_15367_,26.42µm
_18038_,26.42µm
_20376_,26.42µm
_03130_,26.4µm
_05480_,26.4µm
_10058_,26.4µm
_11110_,26.4µm
_12196_,26.4µm
_13914_,26.4µm
_14430_,26.4µm
_17281_,26.4µm
_20446_,26.4µm
adder_buffer.out\[14\],26.4µm
_03787_,26.38µm
_01128_,26.375µm
_05178_,26.36µm
_06900_,26.36µm
_08174_,26.36µm
_04604_,26.34µm
_04616_,26.34µm
_08758_,26.34µm
_14979_,26.34µm
_15474_,26.34µm
_19956_,26.32µm
div_expA\[5\],26.32µm
_14480_,26.31µm
_21294_,26.31µm
_11749_,26.3µm
_15462_,26.3µm
net2195,26.3µm
_01115_,26.285µm
_03708_,26.28µm
_06050_,26.28µm
_07123_,26.28µm
_09596_,26.28µm
_13663_,26.28µm
_14851_,26.28µm
net3282,26.28µm
_04397_,26.27µm
_04351_,26.26µm
_09208_,26.26µm
_13835_,26.26µm
_14575_,26.26µm
_17074_,26.26µm
_20552_,26.26µm
_03744_,26.24µm
_12129_,26.24µm
_05883_,26.22µm
_07922_,26.22µm
_13018_,26.22µm
_17019_,26.22µm
_17919_,26.22µm
_20121_,26.22µm
_09682_,26.2µm
_13048_,26.195µm
_21196_,26.195µm
_14671_,26.19µm
_03339_,26.18µm
_05029_,26.18µm
_09364_,26.18µm
_16677_,26.18µm
_17162_,26.18µm
_13581_,26.16µm
_13760_,26.16µm
_18493_,26.16µm
_19297_,26.16µm
_06071_,26.14µm
_15607_,26.14µm
_04684_,26.12µm
_12692_,26.12µm
_14652_,26.12µm
_14888_,26.12µm
_18436_,26.12µm
_04933_,26.1µm
_08357_,26.1µm
_09838_,26.1µm
_13178_,26.1µm
_14523_,26.1µm
_16580_,26.1µm
_19076_,26.1µm
_19463_,26.1µm
_15559_,26.085µm
_06956_,26.08µm
_09319_,26.08µm
_13756_,26.08µm
_03937_,26.06µm
_19069_,26.06µm
_19228_,26.06µm
_09581_,26.05µm
_06602_,26.04µm
_05516_,26.035µm
_05719_,26.02µm
_12939_,26.02µm
_14830_,26.01µm
_04472_,26µm
_08597_,25.98µm
_04099_,25.97µm
_02669_,25.96µm
_03299_,25.96µm
_13954_,25.96µm
_16027_,25.96µm
_16852_,25.96µm
_21617_,25.96µm
net3284,25.96µm
_17795_,25.945µm
_03809_,25.94µm
_04267_,25.94µm
_13883_,25.94µm
_06012_,25.92µm
_06788_,25.92µm
_15819_,25.92µm
_16970_,25.92µm
_21795_,25.92µm
_03734_,25.915µm
_12608_,25.9µm
net2913,25.9µm
_03474_,25.86µm
_06835_,25.86µm
_07323_,25.86µm
_13696_,25.86µm
_20365_,25.86µm
_07912_,25.84µm
_12142_,25.84µm
_14438_,25.84µm
_15798_,25.84µm
_01445_,25.825µm
_12392_,25.82µm
_17430_,25.82µm
add_mantisaB\[17\],25.82µm
_04710_,25.8µm
_09224_,25.8µm
_19988_,25.8µm
_06466_,25.78µm
_15787_,25.78µm
_20933_,25.78µm
multiplier_instance.EB.exponent_a\[3\],25.78µm
adder_buffer.array\[2\]\[8\],25.77µm
_03922_,25.76µm
_07115_,25.76µm
_09148_,25.76µm
_13469_,25.76µm
_21541_,25.76µm
divider_instance.mantisaA0\[14\],25.76µm
_21224_,25.75µm
_08572_,25.74µm
_10586_,25.74µm
_01183_,25.725µm
_03434_,25.72µm
_16637_,25.72µm
_20104_,25.72µm
_06967_,25.7µm
_07208_,25.7µm
_13088_,25.7µm
_12910_,25.695µm
_05844_,25.69µm
_09582_,25.66µm
_11479_,25.64µm
_14444_,25.64µm
_17987_,25.64µm
_20257_,25.64µm
net3054,25.62µm
_05606_,25.6µm
_10049_,25.6µm
_19867_,25.6µm
_20091_,25.6µm
_07909_,25.58µm
_14732_,25.58µm
_14824_,25.58µm
_08383_,25.57µm
_05715_,25.56µm
_08356_,25.54µm
_12279_,25.54µm
_12574_,25.54µm
_15424_,25.54µm
_20462_,25.54µm
reorder_buf_instance.ready_check\[10\],25.525µm
_03212_,25.52µm
_03387_,25.52µm
_05910_,25.52µm
_06212_,25.52µm
_09357_,25.52µm
_15389_,25.52µm
adder_instance.mantisaBshift\[42\],25.52µm
_01299_,25.5µm
_14416_,25.5µm
_16622_,25.5µm
_14661_,25.48µm
_20894_,25.48µm
_21757_,25.48µm
_15184_,25.475µm
_03657_,25.46µm
_10454_,25.44µm
_10787_,25.44µm
_14309_,25.44µm
_19375_,25.44µm
_20882_,25.44µm
_06809_,25.42µm
_13623_,25.42µm
_15099_,25.4µm
_17962_,25.4µm
_18176_,25.4µm
_19549_,25.4µm
_20528_,25.4µm
_12363_,25.38µm
_05527_,25.36µm
_10442_,25.36µm
_10957_,25.36µm
_14894_,25.36µm
_16968_,25.36µm
_19554_,25.36µm
adder_instance.mantisaBshift\[54\],25.36µm
_20549_,25.355µm
_13408_,25.35µm
_06431_,25.34µm
_14942_,25.34µm
_10916_,25.33µm
_03828_,25.32µm
_13359_,25.32µm
_13670_,25.32µm
_20421_,25.32µm
_15512_,25.3µm
_17120_,25.3µm
divider_instance.mantisaB0\[20\],25.3µm
reorder_buf_instance.array\[8\]\[21\],25.3µm
_03873_,25.28µm
_21274_,25.28µm
multiplier_instance.s3_sum\[25\],25.28µm
_13457_,25.26µm
_13679_,25.26µm
_19438_,25.26µm
clknet_leaf_87_clk,25.26µm
_04577_,25.24µm
_05927_,25.24µm
_17979_,25.24µm
mult_signB,25.24µm
_14128_,25.235µm
_07604_,25.22µm
_12266_,25.22µm
_17935_,25.22µm
_05089_,25.215µm
_07495_,25.2µm
_08659_,25.2µm
_17044_,25.2µm
_03692_,25.18µm
_07010_,25.18µm
_08674_,25.18µm
_12471_,25.18µm
_13642_,25.18µm
_18287_,25.18µm
_20103_,25.18µm
_21636_,25.18µm
_07295_,25.16µm
_08426_,25.16µm
_08048_,25.155µm
_20631_,25.155µm
_06255_,25.14µm
_19327_,25.14µm
_17002_,25.12µm
_20794_,25.12µm
_09412_,25.1µm
_12847_,25.1µm
_15588_,25.1µm
_17994_,25.09µm
_04975_,25.08µm
_08830_,25.08µm
_12426_,25.08µm
_14204_,25.08µm
_14636_,25.08µm
_01049_,25.065µm
_06263_,25.06µm
_12160_,25.06µm
_14022_,25.06µm
_03781_,25.04µm
_16499_,25.04µm
_17903_,25.04µm
_17905_,25.04µm
_01470_,25.025µm
_09770_,25.02µm
_13781_,25.02µm
adder_instance.mantisaBshift\[49\],25.02µm
_17850_,25.005µm
_14512_,24.985µm
_03312_,24.98µm
_13934_,24.98µm
_19699_,24.98µm
_15329_,24.97µm
_10702_,24.96µm
_20283_,24.96µm
_09861_,24.94µm
_12488_,24.94µm
_20477_,24.94µm
_11334_,24.935µm
_02695_,24.92µm
_03233_,24.92µm
_08636_,24.92µm
_11759_,24.92µm
_18689_,24.92µm
multiplier_instance.PPG.A\[17\],24.92µm
_09363_,24.9µm
_13010_,24.9µm
_21239_,24.9µm
net3037,24.9µm
_07427_,24.88µm
_17077_,24.88µm
multiplier_instance.EB.exponent_flag,24.88µm
_05795_,24.86µm
_10710_,24.86µm
_08128_,24.85µm
_09380_,24.84µm
_13485_,24.84µm
_14276_,24.84µm
_21028_,24.84µm
_12547_,24.82µm
_15688_,24.82µm
_18456_,24.82µm
_03687_,24.81µm
_04859_,24.8µm
_11668_,24.8µm
_15380_,24.8µm
_04827_,24.78µm
_05625_,24.78µm
_13395_,24.78µm
_05511_,24.76µm
_09153_,24.76µm
_10535_,24.76µm
_11755_,24.76µm
_12117_,24.76µm
_12421_,24.76µm
_12965_,24.76µm
_17801_,24.745µm
_09002_,24.74µm
_12964_,24.74µm
adder_instance.mantisaBshift\[56\],24.74µm
_12525_,24.72µm
_15815_,24.72µm
_18071_,24.72µm
_20916_,24.72µm
_12073_,24.71µm
_11609_,24.7µm
_13441_,24.7µm
_16814_,24.7µm
_17072_,24.7µm
_06450_,24.68µm
_06996_,24.68µm
_08500_,24.68µm
_09275_,24.68µm
_18234_,24.68µm
_13985_,24.67µm
_19273_,24.67µm
net3119,24.665µm
_12139_,24.66µm
_13195_,24.66µm
_16918_,24.66µm
_17839_,24.66µm
_14791_,24.65µm
_09867_,24.64µm
_16299_,24.64µm
_12785_,24.63µm
_20108_,24.625µm
_03347_,24.62µm
_11086_,24.62µm
_12944_,24.6µm
_02760_,24.58µm
_04402_,24.58µm
_14540_,24.58µm
_19209_,24.58µm
_05596_,24.56µm
_06845_,24.56µm
_12636_,24.56µm
_21025_,24.56µm
div_mantisaB\[12\],24.56µm
_02857_,24.54µm
_07040_,24.54µm
_07829_,24.54µm
_09199_,24.54µm
_11783_,24.54µm
_11997_,24.54µm
_13637_,24.54µm
_16423_,24.54µm
_20298_,24.54µm
_21387_,24.54µm
_06270_,24.52µm
_12619_,24.52µm
_14554_,24.52µm
_14708_,24.52µm
_15208_,24.52µm
_16036_,24.52µm
_18673_,24.52µm
_14449_,24.5µm
_14847_,24.5µm
_19086_,24.5µm
_09505_,24.48µm
_11480_,24.48µm
_13154_,24.48µm
_16091_,24.48µm
_02966_,24.46µm
_06738_,24.46µm
_09929_,24.46µm
_11646_,24.46µm
adder_buffer.tail\[1\],24.46µm
multiplier_instance.PPG.A\[19\],24.46µm
_06130_,24.44µm
_08136_,24.44µm
_14617_,24.44µm
_11625_,24.42µm
_11705_,24.42µm
_14956_,24.42µm
_17003_,24.42µm
_10353_,24.4µm
_13661_,24.4µm
_14127_,24.4µm
adder_instance.mantisaBshift\[3\],24.4µm
_21179_,24.39µm
_00006_,24.38µm
_02940_,24.38µm
_14321_,24.38µm
clknet_leaf_209_clk,24.38µm
_08071_,24.35µm
_14182_,24.34µm
_20105_,24.34µm
_05199_,24.32µm
_07101_,24.32µm
_08039_,24.3µm
_08372_,24.3µm
_16935_,24.3µm
_19657_,24.3µm
div_mantisaB\[7\],24.3µm
_15893_,24.29µm
_05620_,24.28µm
_07855_,24.28µm
_11830_,24.28µm
_13495_,24.26µm
_13294_,24.25µm
_04247_,24.24µm
_07472_,24.24µm
_15171_,24.24µm
_16803_,24.24µm
_21351_,24.225µm
_06935_,24.22µm
_14601_,24.22µm
_03909_,24.2µm
_06018_,24.2µm
_13092_,24.2µm
_14282_,24.2µm
_11289_,24.185µm
_05484_,24.18µm
_07314_,24.18µm
_08285_,24.18µm
_11367_,24.18µm
_12055_,24.18µm
_13729_,24.18µm
_14810_,24.16µm
_10927_,24.145µm
div_expA\[1\],24.145µm
_08131_,24.14µm
_13580_,24.14µm
_13669_,24.14µm
_03987_,24.13µm
_08842_,24.12µm
_09553_,24.12µm
_10312_,24.12µm
_12551_,24.12µm
add_mantisaA\[11\],24.12µm
_16281_,24.11µm
_06886_,24.1µm
_07211_,24.1µm
_10372_,24.1µm
_12676_,24.1µm
_13880_,24.1µm
_14426_,24.1µm
_16190_,24.1µm
adder_buffer.out\[13\],24.1µm
_08798_,24.09µm
_08801_,24.08µm
_13475_,24.08µm
_13765_,24.08µm
_21254_,24.08µm
_15772_,24.06µm
_21409_,24.06µm
_04038_,24.05µm
_03147_,24.04µm
_10102_,24.04µm
_11393_,24.04µm
_11708_,24.04µm
_16892_,24.04µm
net3169,24.04µm
_12802_,24.02µm
_20774_,24.02µm
mult_expA\[3\],24.02µm
_07945_,24.01µm
_04175_,24µm
_06026_,24µm
_08017_,24µm
_11698_,24µm
_14165_,24µm
_19872_,24µm
divider_instance.expmiddlea\[6\],24µm
net3283,24µm
_17989_,23.98µm
net131,23.98µm
_11374_,23.975µm
_03477_,23.96µm
_05026_,23.96µm
_08000_,23.96µm
_08280_,23.96µm
_09015_,23.96µm
_09669_,23.96µm
_10574_,23.96µm
_19790_,23.96µm
clknet_leaf_108_clk,23.96µm
_02577_,23.92µm
_15519_,23.92µm
_15545_,23.92µm
_14220_,23.9µm
_15501_,23.9µm
div_expA\[0\],23.9µm
adder_instance.mantisaBshift\[7\],23.89µm
_03128_,23.88µm
_07984_,23.88µm
_16624_,23.88µm
_20235_,23.88µm
_20372_,23.88µm
net3276,23.88µm
_09699_,23.85µm
_08140_,23.84µm
_09662_,23.84µm
_10848_,23.84µm
_13406_,23.84µm
_16639_,23.84µm
_20912_,23.84µm
_20960_,23.84µm
_09489_,23.82µm
_17083_,23.82µm
_19002_,23.82µm
_10286_,23.8µm
_11727_,23.8µm
_16338_,23.8µm
_07223_,23.78µm
_19755_,23.76µm
_06452_,23.75µm
_03685_,23.74µm
_05531_,23.74µm
_05611_,23.74µm
adder_instance.expmiddled\[6\],23.72µm
adder_instance.mantisaB0\[14\],23.72µm
net1114,23.7µm
net3139,23.7µm
_05885_,23.66µm
_11641_,23.66µm
mult_mantisaB\[17\],23.66µm
_11814_,23.65µm
_03367_,23.64µm
_05961_,23.64µm
_09115_,23.64µm
_16057_,23.64µm
_19125_,23.64µm
_11385_,23.625µm
_03654_,23.62µm
_07703_,23.62µm
_12362_,23.62µm
_14768_,23.62µm
_16380_,23.62µm
_19835_,23.62µm
_21516_,23.62µm
net154,23.62µm
_08006_,23.61µm
_03366_,23.6µm
_21443_,23.6µm
_08972_,23.58µm
net2175,23.58µm
_07565_,23.56µm
_13620_,23.56µm
_04763_,23.54µm
_06806_,23.54µm
_06827_,23.54µm
_16336_,23.54µm
_16880_,23.54µm
_06067_,23.52µm
_06239_,23.52µm
_11234_,23.52µm
_12254_,23.52µm
_14255_,23.52µm
_20821_,23.5µm
_01125_,23.495µm
_09511_,23.48µm
adder_instance.mantisaBshift\[35\],23.48µm
final_out[25],23.48µm
_03806_,23.46µm
_06005_,23.46µm
_11382_,23.46µm
_14625_,23.46µm
_04372_,23.44µm
_07416_,23.44µm
_08736_,23.44µm
_11443_,23.44µm
_15834_,23.44µm
adder_buffer.value\[11\],23.44µm
_06561_,23.42µm
_15048_,23.42µm
adder_buffer.tail\[0\],23.42µm
_05750_,23.4µm
_11317_,23.39µm
_08226_,23.38µm
_13256_,23.38µm
_15836_,23.38µm
adder_instance.mantisaA0\[15\],23.38µm
_19204_,23.375µm
_08526_,23.36µm
_20923_,23.36µm
_08101_,23.34µm
_13716_,23.34µm
_15105_,23.34µm
_07504_,23.3µm
_11281_,23.3µm
_11946_,23.3µm
_17837_,23.3µm
_18855_,23.3µm
_19309_,23.3µm
_20353_,23.3µm
_13535_,23.28µm
_18642_,23.28µm
_13922_,23.26µm
_15053_,23.26µm
final_out[11],23.25µm
_07043_,23.24µm
_15434_,23.24µm
_11028_,23.23µm
_05277_,23.225µm
_11102_,23.22µm
_14043_,23.22µm
_18226_,23.22µm
_10415_,23.2µm
_12658_,23.2µm
_14049_,23.2µm
div_expB\[6\],23.2µm
_13693_,23.18µm
_14203_,23.18µm
adder_instance.mantisaBshift\[53\],23.18µm
_19503_,23.165µm
_07526_,23.16µm
_18003_,23.16µm
_20850_,23.16µm
_08503_,23.14µm
_09674_,23.14µm
_12661_,23.14µm
_13405_,23.14µm
_13532_,23.14µm
_19050_,23.14µm
_19400_,23.14µm
multiplier_instance.s3_sum\[37\],23.14µm
_06065_,23.13µm
_06496_,23.12µm
_09885_,23.12µm
_12609_,23.11µm
_04954_,23.1µm
_14488_,23.1µm
_15188_,23.1µm
_20348_,23.1µm
_06318_,23.08µm
_06821_,23.08µm
_08289_,23.08µm
_13240_,23.08µm
_15527_,23.08µm
_19410_,23.08µm
_04127_,23.06µm
_14553_,23.06µm
_19626_,23.06µm
_08487_,23.04µm
_09244_,23.04µm
_13974_,23.04µm
_14529_,23.04µm
_14698_,23.04µm
_15189_,23.04µm
_01108_,23.025µm
_06238_,23.02µm
adder_instance.mantisaBshift\[43\],23.01µm
_07949_,23µm
_13948_,23µm
_16132_,23µm
_18075_,22.995µm
_05945_,22.96µm
_11023_,22.96µm
_14837_,22.96µm
_17450_,22.96µm
_08532_,22.94µm
_08755_,22.94µm
_08835_,22.94µm
_08985_,22.94µm
_10258_,22.94µm
_01046_,22.925µm
_03011_,22.92µm
_07506_,22.92µm
_07850_,22.92µm
_09076_,22.92µm
_12086_,22.92µm
multiplier_instance.s2_inf,22.92µm
_04242_,22.9µm
_05664_,22.9µm
_08768_,22.9µm
_15567_,22.9µm
_18623_,22.9µm
_03213_,22.88µm
_07092_,22.88µm
_08586_,22.88µm
_12292_,22.88µm
_13429_,22.88µm
_11451_,22.86µm
_11979_,22.86µm
_13349_,22.86µm
_14509_,22.86µm
_15001_,22.86µm
_16490_,22.86µm
_21745_,22.86µm
net3256,22.86µm
_00065_,22.845µm
_06399_,22.84µm
_08339_,22.84µm
_11559_,22.84µm
_12311_,22.84µm
_13690_,22.84µm
_19664_,22.84µm
_05760_,22.82µm
_06848_,22.82µm
_07073_,22.82µm
_08594_,22.82µm
_14569_,22.82µm
reorder_buf_instance.ready_check\[4\],22.82µm
_03145_,22.8µm
_04405_,22.8µm
_08139_,22.8µm
_15696_,22.8µm
_18222_,22.8µm
adder_instance.mantisaB0\[22\],22.8µm
_10021_,22.78µm
_10753_,22.78µm
_11992_,22.78µm
_18650_,22.78µm
_19784_,22.78µm
_04789_,22.76µm
_07546_,22.76µm
_08922_,22.76µm
_12386_,22.76µm
clknet_leaf_198_clk,22.76µm
_06474_,22.74µm
_14790_,22.74µm
_16282_,22.74µm
_18007_,22.74µm
_07809_,22.72µm
_13546_,22.72µm
_19170_,22.72µm
_05936_,22.715µm
_05364_,22.71µm
_08747_,22.7µm
_13302_,22.7µm
_20902_,22.7µm
_21199_,22.7µm
multiplier_instance.PPG.B\[4\],22.7µm
_06565_,22.68µm
_13247_,22.68µm
_16126_,22.68µm
_18242_,22.68µm
net2312,22.68µm
_08481_,22.66µm
_11184_,22.66µm
_11587_,22.66µm
_18854_,22.66µm
net677,22.66µm
_21595_,22.645µm
_08365_,22.64µm
_21160_,22.64µm
adder_instance.mantisaBshift\[45\],22.64µm
_12798_,22.62µm
_14113_,22.62µm
_16854_,22.62µm
_15139_,22.6µm
net2775,22.6µm
_06233_,22.59µm
_08696_,22.58µm
_16216_,22.58µm
_18237_,22.58µm
_20430_,22.58µm
div_mantisaB\[15\],22.58µm
net3250,22.58µm
_04889_,22.57µm
_06258_,22.57µm
_02855_,22.56µm
_13709_,22.56µm
_16942_,22.56µm
net2315,22.56µm
_10610_,22.54µm
div_expB\[7\],22.54µm
_09997_,22.52µm
_12697_,22.52µm
_19018_,22.52µm
net2265,22.52µm
_03506_,22.51µm
_02765_,22.5µm
_14689_,22.5µm
_20095_,22.5µm
_07773_,22.48µm
_12861_,22.48µm
_13024_,22.48µm
_03789_,22.46µm
_04375_,22.46µm
_05095_,22.46µm
_06800_,22.46µm
_10672_,22.46µm
adder_buffer.array\[1\]\[24\],22.46µm
_12503_,22.44µm
_13012_,22.44µm
_14673_,22.44µm
_16916_,22.44µm
_17063_,22.44µm
_03738_,22.42µm
_09565_,22.42µm
_11261_,22.42µm
_12148_,22.42µm
_14849_,22.42µm
_06796_,22.4µm
_07476_,22.4µm
_10376_,22.4µm
_11718_,22.4µm
_14809_,22.4µm
net2493,22.4µm
_19995_,22.38µm
_11913_,22.36µm
_13474_,22.36µm
_20299_,22.36µm
net3233,22.36µm
_03433_,22.34µm
_04128_,22.34µm
_08327_,22.34µm
_09310_,22.34µm
_12762_,22.34µm
_17001_,22.34µm
_11975_,22.33µm
_06907_,22.32µm
_07411_,22.32µm
_11969_,22.32µm
_13122_,22.32µm
_14108_,22.32µm
_18427_,22.32µm
_19181_,22.32µm
_07193_,22.3µm
_12044_,22.3µm
_13502_,22.3µm
_18659_,22.3µm
_19226_,22.3µm
_07281_,22.28µm
_07396_,22.28µm
_07871_,22.28µm
_15155_,22.28µm
_16878_,22.28µm
net3212,22.28µm
_11967_,22.26µm
_15387_,22.26µm
net2527,22.26µm
multiplier_instance.EB.exponent_b\[5\],22.25µm
_03958_,22.24µm
_06772_,22.24µm
_12933_,22.24µm
_03345_,22.22µm
_05550_,22.22µm
_06094_,22.22µm
_10726_,22.22µm
_13714_,22.22µm
_20158_,22.22µm
_09200_,22.205µm
_10482_,22.19µm
_02864_,22.18µm
_12408_,22.18µm
_15492_,22.18µm
_16221_,22.18µm
mult_mantisaB\[15\],22.18µm
clknet_leaf_38_clk,22.18µm
_09453_,22.16µm
_11296_,22.16µm
_13308_,22.16µm
_15338_,22.16µm
adder_buffer.value\[23\],22.16µm
_12635_,22.145µm
_07046_,22.14µm
_10558_,22.14µm
_11900_,22.14µm
_14786_,22.14µm
_16070_,22.14µm
_16348_,22.14µm
_20424_,22.14µm
add_mantisaB\[15\],22.14µm
_03759_,22.12µm
_03861_,22.12µm
_10908_,22.12µm
_13211_,22.12µm
_16446_,22.12µm
_19571_,22.12µm
net2846,22.12µm
net2797,22.115µm
_06142_,22.1µm
_06688_,22.1µm
_07015_,22.08µm
_07651_,22.08µm
_08461_,22.08µm
_13929_,22.08µm
divider_instance.mantisaresult\[57\],22.08µm
_10617_,22.06µm
_11883_,22.06µm
_15058_,22.06µm
_15543_,22.06µm
_18876_,22.06µm
_19458_,22.06µm
_10395_,22.05µm
_05579_,22.04µm
_06774_,22.04µm
_08639_,22.04µm
_09095_,22.04µm
_09981_,22.04µm
_10447_,22.04µm
_14457_,22.04µm
_17756_,22.04µm
_19182_,22.04µm
_19841_,22.04µm
_04071_,22.02µm
_11090_,22.02µm
_08548_,22.015µm
_16020_,22.01µm
_03810_,22µm
_05522_,22µm
_06228_,22µm
_06392_,22µm
_15041_,22µm
_15146_,22µm
adder_instance.mantisaB0\[3\],22µm
_06052_,21.98µm
_13898_,21.98µm
_08887_,21.96µm
_09758_,21.96µm
_12602_,21.96µm
_16001_,21.96µm
_16873_,21.96µm
_06360_,21.94µm
_08449_,21.94µm
_11025_,21.94µm
_12246_,21.94µm
_13970_,21.94µm
_06139_,21.92µm
_06291_,21.92µm
_07067_,21.92µm
_07724_,21.92µm
_14478_,21.92µm
_14993_,21.92µm
_18051_,21.92µm
net3274,21.92µm
_07269_,21.9µm
_11120_,21.88µm
_11336_,21.88µm
_12002_,21.88µm
_13573_,21.88µm
_19082_,21.88µm
_20684_,21.88µm
_11744_,21.87µm
_03410_,21.86µm
_13282_,21.86µm
_05370_,21.855µm
_07753_,21.84µm
_10923_,21.84µm
_13505_,21.84µm
_02391_,21.825µm
_08715_,21.82µm
_06993_,21.8µm
_08657_,21.8µm
_10390_,21.8µm
_12593_,21.8µm
_13447_,21.8µm
_12378_,21.79µm
_10632_,21.78µm
_14578_,21.78µm
_16988_,21.78µm
_05964_,21.76µm
_18022_,21.76µm
adder_instance.mantisaAshift\[56\],21.76µm
_07297_,21.74µm
_08726_,21.74µm
_08982_,21.74µm
_12069_,21.74µm
_10106_,21.725µm
_08505_,21.72µm
_11809_,21.72µm
_13515_,21.72µm
_15321_,21.72µm
_21118_,21.72µm
_10185_,21.7µm
_12605_,21.7µm
_13832_,21.7µm
_20535_,21.7µm
_06101_,21.68µm
_08850_,21.68µm
_19674_,21.68µm
_20511_,21.68µm
_06116_,21.66µm
_06485_,21.66µm
_06811_,21.66µm
_10403_,21.66µm
_11565_,21.66µm
_18194_,21.66µm
_18250_,21.66µm
mult_expA\[2\],21.66µm
net164,21.66µm
_07403_,21.65µm
_05328_,21.64µm
_05873_,21.64µm
_13461_,21.64µm
_04960_,21.62µm
_05574_,21.62µm
_14559_,21.62µm
reorder_buf_instance.array\[12\]\[18\],21.62µm
_07554_,21.6µm
_10607_,21.6µm
_03246_,21.58µm
_09355_,21.58µm
_12844_,21.58µm
_17590_,21.58µm
_19405_,21.58µm
_20077_,21.58µm
_21018_,21.58µm
_21166_,21.58µm
_03926_,21.56µm
_05813_,21.56µm
_21538_,21.56µm
_09852_,21.555µm
_07972_,21.54µm
_08119_,21.54µm
_15416_,21.54µm
_17087_,21.54µm
_18797_,21.54µm
_12448_,21.535µm
_04391_,21.52µm
_07807_,21.52µm
_15131_,21.52µm
_19740_,21.52µm
net2341,21.52µm
_20776_,21.51µm
_20807_,21.51µm
_11767_,21.5µm
_14817_,21.5µm
_09061_,21.48µm
_14275_,21.48µm
_16215_,21.48µm
_16875_,21.48µm
_01563_,21.465µm
_08897_,21.465µm
_05306_,21.46µm
_11194_,21.46µm
_11475_,21.46µm
_17006_,21.46µm
_17171_,21.46µm
_18010_,21.46µm
_08574_,21.44µm
_08994_,21.44µm
_09411_,21.44µm
_11995_,21.44µm
_12587_,21.44µm
_13740_,21.44µm
_21743_,21.44µm
_03784_,21.425µm
_11978_,21.42µm
_12536_,21.42µm
_14373_,21.42µm
_16243_,21.42µm
_20112_,21.4µm
divider_instance.expadd\[0\],21.4µm
_06887_,21.38µm
_10226_,21.38µm
_12486_,21.38µm
_12934_,21.38µm
_14066_,21.38µm
_14753_,21.38µm
net3133,21.38µm
_01454_,21.365µm
_04413_,21.36µm
_04613_,21.36µm
_10156_,21.36µm
_18072_,21.36µm
_18232_,21.36µm
_21054_,21.36µm
div_mantisa\[8\],21.36µm
_14900_,21.35µm
_03782_,21.34µm
_08623_,21.34µm
_09430_,21.32µm
_19014_,21.32µm
_07284_,21.3µm
_10679_,21.3µm
_15638_,21.3µm
div_mantisaA\[7\],21.3µm
mult_mantisaA\[21\],21.3µm
_13617_,21.28µm
_15547_,21.28µm
_01266_,21.265µm
_07384_,21.26µm
_07709_,21.26µm
_09283_,21.26µm
_06630_,21.25µm
_03929_,21.24µm
_07498_,21.24µm
_09256_,21.24µm
_17957_,21.24µm
_18004_,21.24µm
_06057_,21.22µm
_16778_,21.22µm
_20072_,21.22µm
_11353_,21.21µm
_11549_,21.21µm
_02563_,21.2µm
_04704_,21.2µm
_15577_,21.2µm
multiplier_instance.s3_sum\[32\],21.2µm
_05783_,21.18µm
_06909_,21.18µm
_07087_,21.18µm
_15134_,21.175µm
_05908_,21.16µm
_08114_,21.16µm
_08831_,21.16µm
_14208_,21.16µm
_15483_,21.16µm
_21394_,21.16µm
_13109_,21.155µm
_08926_,21.14µm
_09116_,21.14µm
_16418_,21.14µm
_21056_,21.14µm
_07318_,21.13µm
_15128_,21.13µm
_01440_,21.125µm
_07448_,21.12µm
_10241_,21.12µm
_13128_,21.12µm
_13814_,21.12µm
_14019_,21.12µm
_17988_,21.12µm
_19991_,21.12µm
_20220_,21.12µm
_20980_,21.12µm
reorder_buf_instance.array\[4\]\[27\],21.12µm
_04153_,21.1µm
_19947_,21.1µm
_12690_,21.09µm
_04345_,21.08µm
_08161_,21.08µm
_10700_,21.08µm
_10709_,21.08µm
_16265_,21.08µm
_16555_,21.08µm
_17970_,21.08µm
_18488_,21.08µm
_19582_,21.08µm
_11205_,21.06µm
final_out[19],21.05µm
_09413_,21.04µm
_13723_,21.04µm
net2471,21.04µm
_03869_,21.02µm
_04264_,21.02µm
_16409_,21.02µm
_16483_,21.02µm
_06037_,21.005µm
_06928_,21µm
_07899_,21µm
_09842_,21µm
_12876_,21µm
_13619_,21µm
_14083_,21µm
_15507_,21µm
_17406_,21µm
_21038_,21µm
_21361_,21µm
_08939_,20.98µm
_21259_,20.965µm
_04318_,20.96µm
_12172_,20.96µm
net2699,20.96µm
_11237_,20.94µm
_02891_,20.92µm
_11614_,20.92µm
_13465_,20.92µm
_19972_,20.92µm
_18195_,20.9µm
_18261_,20.9µm
_05474_,20.88µm
_09419_,20.88µm
_15977_,20.88µm
_16756_,20.88µm
_17900_,20.88µm
_18319_,20.88µm
_19494_,20.88µm
adder_instance.mantisaBshift\[44\],20.88µm
_06125_,20.86µm
_08469_,20.86µm
_14116_,20.86µm
_16933_,20.86µm
_02743_,20.84µm
_06002_,20.84µm
_12403_,20.84µm
_12790_,20.84µm
_12949_,20.84µm
_13671_,20.84µm
_14198_,20.84µm
_14773_,20.84µm
_16262_,20.84µm
_03772_,20.82µm
_06136_,20.82µm
_08142_,20.82µm
_09312_,20.82µm
_09530_,20.82µm
_07172_,20.8µm
_07579_,20.8µm
_11243_,20.8µm
_17793_,20.79µm
_04944_,20.78µm
_06818_,20.78µm
_08515_,20.78µm
_09688_,20.78µm
_14989_,20.78µm
_15376_,20.78µm
_15901_,20.78µm
_16292_,20.78µm
_18843_,20.78µm
_19709_,20.78µm
_20777_,20.78µm
net2182,20.78µm
net2270,20.78µm
_13098_,20.775µm
_07434_,20.76µm
_16384_,20.76µm
_02931_,20.74µm
_13120_,20.74µm
_15534_,20.74µm
_16964_,20.74µm
_19044_,20.74µm
_21227_,20.74µm
_11635_,20.72µm
_12298_,20.72µm
_12332_,20.715µm
_03681_,20.7µm
_08565_,20.7µm
_16931_,20.7µm
_04468_,20.69µm
_03682_,20.68µm
_11951_,20.68µm
_16962_,20.68µm
_05315_,20.66µm
_09094_,20.66µm
_11379_,20.66µm
_15403_,20.66µm
_20065_,20.66µm
_20889_,20.66µm
adder_instance.mantisaB0\[20\],20.66µm
net2177,20.66µm
_12439_,20.64µm
_21255_,20.64µm
_05389_,20.63µm
_01458_,20.625µm
_07355_,20.62µm
_12481_,20.62µm
_12584_,20.62µm
_15072_,20.62µm
_21379_,20.62µm
_20418_,20.6µm
_02762_,20.58µm
_06596_,20.58µm
_11322_,20.58µm
_12269_,20.58µm
_15324_,20.58µm
_11039_,20.56µm
_12749_,20.56µm
_18472_,20.56µm
_08928_,20.54µm
_09009_,20.54µm
_10982_,20.54µm
_12696_,20.54µm
_13963_,20.54µm
_15341_,20.54µm
_20264_,20.54µm
net678,20.54µm
_04411_,20.52µm
_14114_,20.52µm
_21293_,20.52µm
multiplier_instance.s3_sum\[39\],20.52µm
_06183_,20.5µm
_08662_,20.5µm
_11465_,20.5µm
_12235_,20.5µm
_13304_,20.5µm
_18562_,20.5µm
adder_instance.mantisaAshift\[57\],20.5µm
_03678_,20.495µm
_14862_,20.49µm
_08251_,20.485µm
_07216_,20.48µm
_10930_,20.48µm
_14149_,20.48µm
adder_buffer.array\[3\]\[21\],20.48µm
div_mantisaB\[14\],20.48µm
divider_instance.signA1,20.48µm
_21311_,20.465µm
_04736_,20.46µm
_09305_,20.46µm
_12106_,20.46µm
_13857_,20.46µm
_16031_,20.46µm
_17866_,20.46µm
div_mantisaA\[6\],20.46µm
_08902_,20.44µm
_15375_,20.44µm
_07226_,20.425µm
_03751_,20.42µm
_04205_,20.42µm
_07241_,20.42µm
_11460_,20.42µm
_11525_,20.42µm
_12903_,20.42µm
_15364_,20.42µm
_16009_,20.42µm
divider_instance.zero2,20.42µm
_02029_,20.405µm
_07095_,20.4µm
_07929_,20.4µm
_11941_,20.4µm
_12081_,20.4µm
_13225_,20.4µm
_15906_,20.4µm
_16609_,20.4µm
_19210_,20.4µm
_20466_,20.4µm
_21383_,20.4µm
adder_instance.mantisaB0\[16\],20.4µm
_06365_,20.38µm
_11346_,20.38µm
_12371_,20.38µm
_12424_,20.38µm
_15757_,20.38µm
_21422_,20.38µm
add_mantisaB\[18\],20.38µm
_04417_,20.36µm
_05154_,20.36µm
multiplier_instance.TT.genblk1\[2\].CSA1.B\[30\],20.36µm
_01340_,20.345µm
_08824_,20.34µm
_12015_,20.34µm
_20260_,20.34µm
_14897_,20.33µm
_04869_,20.32µm
_08529_,20.32µm
_10881_,20.32µm
_15637_,20.32µm
_19460_,20.32µm
_08094_,20.3µm
_10926_,20.3µm
_11920_,20.3µm
_14612_,20.3µm
_20308_,20.3µm
adder_instance.mantisaBshift\[41\],20.3µm
net3265,20.3µm
_16861_,20.28µm
_21019_,20.28µm
net113,20.28µm
_04902_,20.26µm
_12168_,20.26µm
_13882_,20.26µm
_14087_,20.26µm
_14290_,20.26µm
_03289_,20.24µm
_08190_,20.24µm
_08633_,20.24µm
_19338_,20.24µm
adder_instance.inf1,20.24µm
adder_instance.mantisaB0\[11\],20.24µm
_04772_,20.23µm
_06611_,20.22µm
_07348_,20.22µm
_08988_,20.22µm
_14296_,20.22µm
_04359_,20.2µm
_11513_,20.2µm
_12427_,20.2µm
_13189_,20.2µm
_15234_,20.2µm
mult_mantisaA\[1\],20.2µm
_14362_,20.195µm
_04423_,20.18µm
_18750_,20.18µm
_04300_,20.16µm
_05269_,20.16µm
_06729_,20.16µm
_07937_,20.16µm
_11341_,20.16µm
_12027_,20.16µm
_14995_,20.16µm
_15030_,20.16µm
_11530_,20.14µm
reorder_buf_instance.array\[13\]\[2\],20.125µm
_04486_,20.12µm
_10840_,20.12µm
_07842_,20.1µm
_17993_,20.1µm
net111,20.1µm
_01339_,20.085µm
_06551_,20.08µm
_10645_,20.08µm
_12717_,20.08µm
_14337_,20.08µm
_17177_,20.08µm
_20946_,20.08µm
_21335_,20.08µm
div_mantisaB\[9\],20.08µm
_09650_,20.06µm
_14254_,20.06µm
_14716_,20.06µm
_19399_,20.06µm
multiplier_instance.s3_sum\[41\],20.06µm
_11074_,20.055µm
_06593_,20.04µm
_11507_,20.04µm
_12663_,20.04µm
_12942_,20.04µm
_14034_,20.04µm
_19057_,20.04µm
net3093,20.04µm
_04748_,20.02µm
_04988_,20.02µm
_14409_,20.02µm
_14932_,20.02µm
_15357_,20.02µm
_20145_,20.02µm
_05681_,20µm
_12356_,20µm
_12669_,20µm
_15464_,20µm
_15642_,20µm
_18754_,20µm
_07170_,19.985µm
_06115_,19.98µm
_16904_,19.98µm
_18910_,19.98µm
divider_instance.expmiddled\[6\],19.98µm
reorder_buf_instance.head\[1\],19.98µm
_06647_,19.96µm
_08658_,19.96µm
_09847_,19.96µm
_18762_,19.96µm
_18837_,19.96µm
_19392_,19.96µm
_20457_,19.96µm
_21107_,19.96µm
_04778_,19.94µm
_04968_,19.94µm
_12630_,19.94µm
_12743_,19.94µm
_16680_,19.94µm
_20034_,19.94µm
net2397,19.94µm
_03755_,19.92µm
_08821_,19.92µm
_13056_,19.92µm
_13397_,19.92µm
_13972_,19.92µm
_14389_,19.92µm
add_mantisaB\[21\],19.92µm
adder_buffer.array\[0\]\[11\],19.92µm
_02158_,19.905µm
_03675_,19.9µm
_09432_,19.9µm
_19131_,19.9µm
clknet_leaf_13_clk,19.9µm
net3373,19.9µm
_05745_,19.895µm
_13887_,19.89µm
_04983_,19.88µm
_09749_,19.88µm
_12887_,19.88µm
_17310_,19.88µm
_17992_,19.88µm
adder_buffer.out\[26\],19.88µm
net3113,19.87µm
_07008_,19.86µm
_07229_,19.86µm
_08036_,19.86µm
_10987_,19.86µm
_12773_,19.86µm
_13777_,19.86µm
_15967_,19.86µm
reorder_buf_instance.ready_check\[6\],19.845µm
_16286_,19.84µm
_17833_,19.84µm
_18447_,19.84µm
_08345_,19.82µm
_10035_,19.82µm
_10354_,19.82µm
_13946_,19.82µm
_20043_,19.82µm
_05986_,19.81µm
_01592_,19.805µm
_08394_,19.8µm
_12238_,19.8µm
_15144_,19.8µm
_16746_,19.8µm
_20763_,19.8µm
_08641_,19.79µm
_03142_,19.78µm
_04306_,19.78µm
_07051_,19.78µm
_08539_,19.78µm
_16865_,19.78µm
_05960_,19.76µm
_10736_,19.76µm
_16542_,19.76µm
_17247_,19.76µm
_11452_,19.75µm
_03078_,19.74µm
_05385_,19.74µm
_11732_,19.74µm
_13202_,19.74µm
_21110_,19.735µm
_06830_,19.72µm
_10493_,19.72µm
_12447_,19.72µm
_12921_,19.72µm
_18215_,19.72µm
_19535_,19.72µm
_20387_,19.72µm
multiplier_instance.PPG.B\[2\],19.72µm
_03374_,19.7µm
_06612_,19.7µm
_07457_,19.7µm
_07808_,19.7µm
_07820_,19.7µm
_11031_,19.7µm
_18569_,19.7µm
_18799_,19.7µm
_03291_,19.68µm
_09773_,19.68µm
_10786_,19.68µm
_11230_,19.68µm
_20636_,19.68µm
_21349_,19.68µm
_16885_,19.67µm
_01166_,19.665µm
_14009_,19.66µm
_18711_,19.66µm
_19975_,19.66µm
_06225_,19.64µm
_19212_,19.64µm
adder_instance.expmiddlea\[7\],19.64µm
_04592_,19.62µm
_09344_,19.62µm
_13731_,19.62µm
_14348_,19.62µm
_18029_,19.62µm
div_expA\[4\],19.62µm
div_mantisa\[12\],19.62µm
_00982_,19.605µm
_08645_,19.6µm
_13917_,19.6µm
_19527_,19.6µm
_20800_,19.6µm
a[9],19.6µm
adder_instance.mantisaAshift\[59\],19.595µm
reorder_buf_instance.array\[13\]\[28\],19.585µm
_04098_,19.58µm
_08222_,19.58µm
_10228_,19.58µm
_18712_,19.58µm
_20853_,19.58µm
_08833_,19.56µm
_09926_,19.56µm
_01467_,19.54µm
_07305_,19.54µm
_09647_,19.54µm
_09725_,19.54µm
_10146_,19.54µm
_15949_,19.54µm
_18890_,19.54µm
_04364_,19.52µm
_07409_,19.52µm
_13975_,19.52µm
final_out[17],19.51µm
multiplier_instance.EB.exponent_b\[7\],19.51µm
_04356_,19.5µm
_09690_,19.5µm
_10020_,19.5µm
_12849_,19.5µm
_18164_,19.5µm
_20410_,19.5µm
reorder_buf_instance.array\[12\]\[17\],19.5µm
_04973_,19.48µm
_07371_,19.48µm
_15118_,19.48µm
_20574_,19.48µm
final_out[14],19.47µm
_03923_,19.46µm
_10871_,19.46µm
_14310_,19.46µm
adder_buffer.out\[15\],19.46µm
_14967_,19.44µm
_15074_,19.44µm
_17112_,19.44µm
divider_instance.four_man\[34\],19.44µm
multiplier_instance.TT.genblk1\[2\].CSA1.A\[10\],19.44µm
_03478_,19.42µm
_13017_,19.42µm
_13888_,19.42µm
_14751_,19.42µm
_20533_,19.42µm
adder_instance.mantisaBshift\[34\],19.42µm
_10891_,19.415µm
_09652_,19.4µm
_09865_,19.4µm
_17912_,19.4µm
_18452_,19.4µm
multiplier_instance.TT.genblk1\[1\].CSA1.A\[19\],19.4µm
_05647_,19.38µm
_07445_,19.38µm
_09041_,19.38µm
_09234_,19.38µm
_09408_,19.38µm
_10740_,19.38µm
_12337_,19.38µm
_16060_,19.38µm
_17855_,19.38µm
_21046_,19.38µm
_07783_,19.36µm
_10675_,19.36µm
_11408_,19.36µm
_13941_,19.36µm
_14690_,19.36µm
_16944_,19.36µm
_18661_,19.36µm
_19809_,19.36µm
_04161_,19.34µm
_07524_,19.34µm
_10879_,19.34µm
_11643_,19.34µm
_12736_,19.34µm
_20586_,19.34µm
_09369_,19.325µm
_06872_,19.32µm
_18975_,19.32µm
net2519,19.32µm
_20559_,19.31µm
_04601_,19.3µm
_08818_,19.3µm
_10563_,19.3µm
_10666_,19.3µm
_12282_,19.3µm
_13380_,19.3µm
_04794_,19.295µm
_03344_,19.28µm
_08443_,19.28µm
_13810_,19.28µm
_15681_,19.28µm
_16860_,19.28µm
_16957_,19.28µm
_18066_,19.28µm
_18460_,19.28µm
_20306_,19.28µm
_04981_,19.26µm
_09179_,19.26µm
_19846_,19.26µm
mult_buffer.array\[2\]\[38\],19.26µm
net2194,19.26µm
_07272_,19.25µm
_05402_,19.24µm
_05744_,19.24µm
_05920_,19.24µm
_08940_,19.24µm
_12050_,19.24µm
_05630_,19.22µm
_10233_,19.22µm
_10778_,19.22µm
_16075_,19.22µm
_13039_,19.215µm
_05626_,19.2µm
_08551_,19.2µm
_10990_,19.2µm
_13118_,19.2µm
_15348_,19.2µm
_15661_,19.2µm
_20447_,19.2µm
_10265_,19.195µm
_10028_,19.18µm
_12407_,19.18µm
_19418_,19.18µm
adder_instance.mantisaB0\[0\],19.18µm
div_mantisa\[21\],19.18µm
_03852_,19.16µm
_05753_,19.16µm
_08510_,19.16µm
_18723_,19.16µm
_11613_,19.15µm
_07814_,19.14µm
_12856_,19.14µm
_13034_,19.14µm
_16197_,19.14µm
net521,19.14µm
_20478_,19.135µm
_04785_,19.12µm
_04977_,19.12µm
_09482_,19.12µm
_12913_,19.12µm
_14880_,19.12µm
_17222_,19.12µm
multiplier_instance.PPG.A\[1\],19.12µm
multiplier_instance.TT.genblk1\[0\].CSA1.B\[2\],19.12µm
_12775_,19.105µm
_13045_,19.1µm
net2340,19.1µm
net2510,19.1µm
_09157_,19.08µm
_11218_,19.08µm
_12715_,19.08µm
_15856_,19.08µm
_19191_,19.08µm
_19870_,19.08µm
divider_instance.mantisaB0\[10\],19.08µm
clknet_leaf_3_clk,19.08µm
_05771_,19.07µm
_02809_,19.06µm
_06645_,19.06µm
_08840_,19.06µm
_11536_,19.06µm
_13743_,19.06µm
_16732_,19.05µm
_03358_,19.04µm
_04587_,19.04µm
_06039_,19.04µm
_08653_,19.04µm
_09264_,19.04µm
_11962_,19.04µm
_13779_,19.04µm
_16244_,19.04µm
_17950_,19.04µm
div_buffer.array\[3\]\[37\],19.04µm
net2349,19.04µm
_03762_,19.02µm
_05893_,19.02µm
_09391_,19.02µm
_09805_,19.02µm
_10529_,19.02µm
_11750_,19.02µm
_13078_,19.02µm
_19704_,19.02µm
_08710_,19µm
_11761_,19µm
_14864_,19µm
_15026_,19µm
_15156_,19µm
_21079_,19µm
clknet_leaf_15_clk,19µm
net2889,19µm
_05882_,18.99µm
_06266_,18.98µm
_19003_,18.98µm
_20659_,18.98µm
_21720_,18.98µm
multiplier_instance.s1_exp_a\[2\],18.98µm
net136,18.98µm
add_mantisaB\[13\],18.97µm
_05509_,18.96µm
_07985_,18.96µm
_10473_,18.96µm
_13073_,18.96µm
_19737_,18.96µm
_20895_,18.96µm
_18742_,18.955µm
_08254_,18.94µm
_09113_,18.94µm
_11154_,18.94µm
_12656_,18.94µm
_12766_,18.94µm
_08318_,18.93µm
_03354_,18.92µm
_05175_,18.92µm
_11156_,18.92µm
_11192_,18.92µm
_12613_,18.92µm
_14828_,18.92µm
_19542_,18.92µm
_21604_,18.92µm
_01030_,18.905µm
_06019_,18.9µm
_08300_,18.9µm
_06822_,18.89µm
_05420_,18.885µm
_09685_,18.88µm
_14599_,18.88µm
_14891_,18.88µm
div_mantisa\[10\],18.88µm
_09210_,18.87µm
_11402_,18.86µm
_14962_,18.86µm
_16343_,18.86µm
_04507_,18.84µm
_05930_,18.84µm
_12084_,18.84µm
_16929_,18.84µm
_19555_,18.84µm
_21753_,18.84µm
_04820_,18.82µm
_05283_,18.82µm
_05916_,18.82µm
_11633_,18.82µm
_11751_,18.82µm
_12000_,18.82µm
_12919_,18.82µm
_18375_,18.82µm
multiplier_instance.TT.genblk1\[1\].CSA1.B\[27\],18.82µm
net108,18.82µm
_07550_,18.8µm
_11276_,18.8µm
_12513_,18.8µm
_14299_,18.8µm
_07017_,18.78µm
_10039_,18.78µm
_11361_,18.78µm
_19340_,18.78µm
multiplier_instance.TT.genblk1\[3\].CSA1.A\[15\],18.78µm
_02728_,18.76µm
_05768_,18.76µm
_08966_,18.76µm
_11469_,18.76µm
multiplier_instance.TT.genblk1\[3\].CSA1.B\[10\],18.76µm
_07888_,18.74µm
_08407_,18.74µm
_10114_,18.74µm
_12498_,18.74µm
_16707_,18.74µm
_19490_,18.74µm
reorder_buf_instance.array\[9\]\[0\],18.74µm
net2814,18.74µm
_18352_,18.735µm
_02942_,18.72µm
_06521_,18.72µm
_07417_,18.72µm
_08273_,18.72µm
adder_buffer.array\[0\]\[22\],18.72µm
adder_instance.inf0,18.72µm
_08606_,18.7µm
_09106_,18.7µm
_13226_,18.7µm
_13806_,18.7µm
_14320_,18.7µm
_14939_,18.7µm
_19534_,18.7µm
net165,18.7µm
_04171_,18.68µm
_08957_,18.68µm
_09177_,18.68µm
_17441_,18.68µm
_18145_,18.68µm
reorder_buf_instance.array\[4\]\[12\],18.68µm
_01131_,18.665µm
_04053_,18.66µm
_07454_,18.66µm
_08808_,18.66µm
_09531_,18.66µm
_10929_,18.66µm
_10980_,18.66µm
_11225_,18.66µm
_12834_,18.66µm
_14562_,18.66µm
_14775_,18.66µm
_18014_,18.66µm
div_mantisaB\[2\],18.66µm
_03467_,18.64µm
_11455_,18.64µm
_14631_,18.64µm
_15517_,18.64µm
_03932_,18.62µm
_04807_,18.62µm
_07099_,18.62µm
_11098_,18.62µm
_12739_,18.62µm
_15325_,18.62µm
_19130_,18.62µm
_11045_,18.6µm
_13147_,18.6µm
_15885_,18.6µm
_16421_,18.6µm
_17842_,18.6µm
_20226_,18.6µm
_21268_,18.6µm
c[21],18.6µm
_08080_,18.59µm
_03487_,18.58µm
_04305_,18.58µm
_10016_,18.58µm
_12249_,18.58µm
_12684_,18.58µm
_12855_,18.58µm
_13733_,18.58µm
_14230_,18.58µm
_14567_,18.58µm
_18660_,18.58µm
_20977_,18.58µm
_21329_,18.58µm
_13961_,18.575µm
_06453_,18.56µm
_10876_,18.56µm
_10961_,18.56µm
net2609,18.56µm
_03544_,18.54µm
_05467_,18.54µm
_06708_,18.54µm
_11007_,18.54µm
_13337_,18.54µm
_13900_,18.54µm
_01441_,18.52µm
_07969_,18.52µm
_11094_,18.52µm
_14739_,18.52µm
_16171_,18.52µm
_16436_,18.52µm
_16773_,18.52µm
_09026_,18.51µm
_08427_,18.5µm
_11889_,18.5µm
_12877_,18.5µm
_13117_,18.49µm
_14960_,18.49µm
_13097_,18.485µm
_05372_,18.48µm
_10862_,18.48µm
_16920_,18.48µm
_16980_,18.48µm
_18298_,18.48µm
_20979_,18.48µm
mult_mantisaB\[1\],18.48µm
multiplier_instance.s2_exp_a\[4\],18.48µm
_06271_,18.46µm
_06824_,18.46µm
_09047_,18.46µm
_14859_,18.46µm
_18672_,18.46µm
_03017_,18.44µm
_04844_,18.44µm
_09736_,18.44µm
_15450_,18.44µm
_18741_,18.44µm
reorder_buf_instance.array\[2\]\[26\],18.44µm
reorder_buf_instance.array\[9\]\[17\],18.425µm
_08495_,18.42µm
_12369_,18.42µm
_18172_,18.42µm
_21285_,18.42µm
_15164_,18.41µm
_01031_,18.405µm
_04404_,18.4µm
_06162_,18.4µm
_08558_,18.4µm
_12090_,18.4µm
_12096_,18.4µm
_14655_,18.4µm
_16676_,18.4µm
_19703_,18.4µm
net133,18.4µm
net3267,18.4µm
_21093_,18.38µm
_07090_,18.37µm
_01185_,18.365µm
_04407_,18.36µm
_08593_,18.36µm
_09271_,18.36µm
_15138_,18.36µm
multiplier_instance.TT.genblk1\[2\].CSA1.A\[9\],18.36µm
_11320_,18.35µm
_06277_,18.34µm
_06503_,18.34µm
_10137_,18.34µm
_12366_,18.34µm
_14727_,18.34µm
_14984_,18.34µm
_16232_,18.34µm
adder_instance.mantisaB0\[1\],18.34µm
_04174_,18.32µm
_05040_,18.32µm
_10665_,18.32µm
_16195_,18.32µm
_18976_,18.32µm
_18977_,18.32µm
_19856_,18.32µm
div_buffer.out\[37\],18.32µm
multiplier_instance.EB.exponent_a\[4\],18.32µm
_08795_,18.31µm
_01781_,18.305µm
_04033_,18.3µm
_04129_,18.3µm
_09970_,18.3µm
_15812_,18.3µm
_16181_,18.3µm
_03248_,18.28µm
_03891_,18.28µm
_06508_,18.28µm
_08661_,18.28µm
_09978_,18.28µm
_15930_,18.28µm
reorder_buf_instance.array\[4\]\[29\],18.28µm
_06730_,18.26µm
_10014_,18.26µm
_12419_,18.26µm
_11947_,18.25µm
_03801_,18.24µm
_12118_,18.24µm
_13375_,18.24µm
_15080_,18.24µm
_19690_,18.24µm
_08624_,18.235µm
_05479_,18.22µm
_07076_,18.22µm
_07726_,18.22µm
_09226_,18.22µm
_09730_,18.22µm
_13086_,18.22µm
_20893_,18.22µm
mult_mantisaA\[22\],18.22µm
net2759,18.22µm
_12726_,18.2µm
_13410_,18.2µm
_16994_,18.2µm
_18561_,18.2µm
_12864_,18.19µm
_14474_,18.185µm
_04387_,18.18µm
_06981_,18.18µm
_11567_,18.18µm
_13160_,18.18µm
_13611_,18.18µm
_17514_,18.18µm
_18171_,18.18µm
reorder_buf_instance.array\[0\]\[3\],18.18µm
_03381_,18.16µm
_11130_,18.16µm
_15874_,18.16µm
_19614_,18.16µm
div_mantisa\[9\],18.16µm
final_out[8],18.15µm
_14336_,18.14µm
net119,18.14µm
net2930,18.14µm
_05043_,18.12µm
_06901_,18.12µm
_10104_,18.12µm
_15442_,18.12µm
_15877_,18.12µm
_05871_,18.1µm
_07316_,18.1µm
_07418_,18.1µm
_08195_,18.1µm
_20208_,18.1µm
_20296_,18.1µm
reorder_buf_instance.array\[3\]\[27\],18.1µm
_12792_,18.095µm
_20696_,18.095µm
_03007_,18.08µm
_04185_,18.08µm
_05186_,18.08µm
_05826_,18.08µm
_10684_,18.08µm
_13645_,18.08µm
_15432_,18.08µm
_15632_,18.08µm
_18571_,18.08µm
_18643_,18.08µm
_20355_,18.08µm
multiplier_instance.EB.exponent_b\[6\],18.08µm
_04262_,18.06µm
_07201_,18.06µm
_09371_,18.06µm
_14393_,18.06µm
_21388_,18.06µm
multiplier_instance.TT.genblk1\[6\].CSA1.B\[38\],18.06µm
_10357_,18.04µm
_20144_,18.04µm
divider_instance.mantisaB0\[6\],18.04µm
_07049_,18.02µm
_09155_,18.02µm
_10026_,18.02µm
_10298_,18.02µm
_10417_,18.02µm
_13197_,18.02µm
_13312_,18.02µm
_14166_,18.02µm
_18542_,18.02µm
_18772_,18.02µm
_21050_,18.02µm
reorder_buf_instance.array\[5\]\[20\],18.005µm
_05023_,18µm
_05335_,18µm
_07124_,18µm
_07397_,18µm
_09486_,18µm
_12539_,18µm
_12886_,18µm
_20409_,18µm
adder_instance.mantisaAshift\[58\],18µm
mult_expA\[6\],18µm
final_out[5],17.99µm
_07057_,17.98µm
_07082_,17.98µm
_08105_,17.98µm
_09560_,17.98µm
_10131_,17.98µm
_14909_,17.98µm
_15975_,17.98µm
_16106_,17.98µm
_17502_,17.98µm
_18581_,17.98µm
_19436_,17.98µm
_21148_,17.98µm
_21562_,17.98µm
_02992_,17.96µm
_05638_,17.96µm
_07665_,17.96µm
_12276_,17.96µm
adder_instance.mantisaBshift\[47\],17.96µm
divider_instance.expmiddled\[5\],17.96µm
net2274,17.96µm
_03382_,17.94µm
_05211_,17.94µm
_09361_,17.94µm
_09593_,17.94µm
_10075_,17.94µm
_11922_,17.94µm
_18891_,17.94µm
_05966_,17.93µm
_11600_,17.93µm
_04641_,17.92µm
_11815_,17.92µm
_11970_,17.92µm
_13776_,17.92µm
_17914_,17.92µm
_18999_,17.92µm
add_mantisaA\[10\],17.92µm
adder_instance.mantisaAshift\[41\],17.92µm
_04560_,17.9µm
_08003_,17.9µm
_11520_,17.9µm
_12869_,17.9µm
_20634_,17.9µm
_21206_,17.9µm
div_expA\[7\],17.9µm
_05988_,17.88µm
_12284_,17.88µm
div_signB,17.88µm
net2447,17.88µm
_05887_,17.86µm
_06179_,17.86µm
_09485_,17.86µm
_09540_,17.86µm
_10158_,17.86µm
_11591_,17.86µm
_12634_,17.86µm
_15288_,17.86µm
_20550_,17.86µm
_20637_,17.86µm
div_buffer.tail\[0\],17.86µm
_05055_,17.84µm
_05736_,17.84µm
_06015_,17.84µm
_15067_,17.84µm
_15441_,17.84µm
_20842_,17.84µm
net2331,17.84µm
_08375_,17.83µm
_12666_,17.82µm
_15539_,17.82µm
_16034_,17.82µm
_16099_,17.82µm
_19048_,17.82µm
_01537_,17.805µm
_06046_,17.8µm
_10631_,17.8µm
_13549_,17.8µm
_21646_,17.8µm
mult_mantisa\[2\],17.8µm
final_out[20],17.79µm
_13287_,17.78µm
_19981_,17.78µm
_20204_,17.78µm
_21559_,17.78µm
net122,17.78µm
_05563_,17.775µm
_04257_,17.77µm
add_mantisaB\[11\],17.77µm
_01829_,17.76µm
_03304_,17.76µm
_05803_,17.76µm
_13334_,17.76µm
_14518_,17.76µm
_16429_,17.76µm
_14439_,17.75µm
_02681_,17.74µm
_03750_,17.74µm
_08388_,17.74µm
_10554_,17.74µm
_17046_,17.74µm
_20111_,17.74µm
mult_mantisaB\[14\],17.74µm
net454,17.74µm
_09376_,17.72µm
_09455_,17.72µm
_06072_,17.7µm
_08881_,17.7µm
_09415_,17.7µm
_11048_,17.7µm
_11884_,17.7µm
_12527_,17.7µm
_18000_,17.7µm
multiplier_instance.TT.genblk1\[2\].CSA1.A\[28\],17.7µm
_18361_,17.69µm
_03319_,17.68µm
_05594_,17.68µm
_07407_,17.68µm
_15636_,17.68µm
_15708_,17.68µm
_21089_,17.68µm
reorder_buf_instance.ready_check\[14\],17.67µm
_07545_,17.66µm
_09213_,17.66µm
_15167_,17.66µm
_15964_,17.66µm
_15124_,17.655µm
_02978_,17.64µm
_09697_,17.64µm
_10599_,17.64µm
_12742_,17.64µm
_16667_,17.64µm
_03362_,17.62µm
_05156_,17.62µm
_06274_,17.62µm
_07419_,17.62µm
_08587_,17.62µm
_09020_,17.62µm
_09304_,17.62µm
_15032_,17.62µm
_16951_,17.62µm
adder_buffer.out\[11\],17.62µm
_02438_,17.615µm
_05954_,17.6µm
_08258_,17.6µm
_10317_,17.6µm
_10489_,17.6µm
_14153_,17.6µm
_15599_,17.6µm
_16360_,17.6µm
_20833_,17.6µm
net2170,17.6µm
reorder_buf_instance.array\[5\]\[15\],17.585µm
_09268_,17.58µm
_10129_,17.58µm
_10691_,17.58µm
_11586_,17.58µm
_20556_,17.58µm
div_buffer.array\[0\]\[38\],17.58µm
_03430_,17.565µm
_08933_,17.56µm
_11066_,17.56µm
_14117_,17.56µm
_14280_,17.56µm
_14818_,17.56µm
_17844_,17.56µm
_18214_,17.56µm
_19019_,17.56µm
_19526_,17.56µm
_19722_,17.56µm
_19955_,17.56µm
_20133_,17.56µm
net2716,17.56µm
net2960,17.56µm
_06323_,17.54µm
_06357_,17.54µm
_08025_,17.54µm
_14965_,17.54µm
_17859_,17.54µm
_19448_,17.54µm
_20464_,17.54µm
net3007,17.54µm
_21098_,17.53µm
_03935_,17.52µm
_04608_,17.52µm
_05146_,17.52µm
_05938_,17.52µm
_07956_,17.52µm
_08260_,17.52µm
_08999_,17.52µm
_10428_,17.52µm
_11965_,17.52µm
_12287_,17.52µm
_13783_,17.52µm
_19075_,17.52µm
adder_buffer.array\[3\]\[22\],17.52µm
net2616,17.52µm
net3079,17.52µm
_01198_,17.515µm
_18174_,17.505µm
_04675_,17.5µm
_06324_,17.5µm
_14091_,17.5µm
_14767_,17.5µm
_17118_,17.5µm
_05730_,17.49µm
_03638_,17.48µm
_04799_,17.48µm
_08845_,17.48µm
_09588_,17.48µm
_10784_,17.48µm
_11226_,17.48µm
_15551_,17.48µm
_15808_,17.48µm
_20911_,17.48µm
divider_instance.inf2,17.48µm
divider_instance.mantisaB0\[15\],17.48µm
_19652_,17.475µm
_02990_,17.46µm
_05705_,17.46µm
_09975_,17.46µm
_12867_,17.46µm
_15362_,17.46µm
_17901_,17.46µm
_17996_,17.46µm
_05819_,17.45µm
_08575_,17.45µm
adder_buffer.array\[3\]\[16\],17.45µm
_10235_,17.44µm
_11292_,17.44µm
_12531_,17.44µm
_13234_,17.44µm
_18328_,17.44µm
_21324_,17.44µm
_03778_,17.42µm
_04494_,17.42µm
_04761_,17.42µm
_05421_,17.42µm
_06160_,17.42µm
_06879_,17.42µm
_07626_,17.42µm
_10294_,17.42µm
_18646_,17.42µm
_06751_,17.4µm
_07439_,17.4µm
_12731_,17.4µm
_14919_,17.4µm
_18406_,17.4µm
_00845_,17.38µm
_05597_,17.38µm
div_buffer.array\[0\]\[39\],17.38µm
_05995_,17.36µm
_19647_,17.36µm
multiplier_instance.PPG.genblk1\[9\].masked\[17\],17.36µm
net2259,17.36µm
_03974_,17.35µm
_06434_,17.34µm
_12394_,17.34µm
_12557_,17.34µm
_13755_,17.34µm
multiplier_instance.PPG.B\[3\],17.34µm
_14610_,17.33µm
_01090_,17.325µm
_03770_,17.32µm
_05870_,17.32µm
_07520_,17.32µm
_07907_,17.32µm
_09004_,17.32µm
_11547_,17.32µm
_13479_,17.32µm
reorder_buf_instance.ready_check\[13\],17.32µm
_18696_,17.315µm
_04030_,17.3µm
_08778_,17.3µm
_10218_,17.3µm
_11893_,17.3µm
_11897_,17.3µm
_15273_,17.3µm
_16881_,17.3µm
_21775_,17.3µm
multiplier_instance.TT.genblk1\[3\].CSA1.A\[24\],17.3µm
_01602_,17.285µm
_14561_,17.285µm
_08313_,17.28µm
_10163_,17.28µm
_10551_,17.28µm
_12294_,17.28µm
_13338_,17.28µm
_13568_,17.28µm
_13605_,17.28µm
_13771_,17.28µm
_15443_,17.28µm
_21441_,17.28µm
adder_instance.expmiddled\[0\],17.28µm
_07180_,17.27µm
_02333_,17.265µm
_02365_,17.265µm
_03811_,17.26µm
_09704_,17.26µm
_12809_,17.26µm
_18867_,17.26µm
div_mantisaB\[1\],17.26µm
mult_expB\[7\],17.26µm
_14521_,17.245µm
_06694_,17.24µm
_06759_,17.24µm
_06983_,17.24µm
_13511_,17.24µm
_13851_,17.24µm
_16561_,17.24µm
_17520_,17.24µm
_17958_,17.24µm
_21015_,17.24µm
net104,17.24µm
_15917_,17.22µm
_17670_,17.22µm
_20154_,17.22µm
c[4],17.22µm
_03308_,17.2µm
_07153_,17.2µm
_08098_,17.2µm
_08789_,17.2µm
_10487_,17.2µm
_14145_,17.2µm
_16843_,17.2µm
_17106_,17.2µm
multiplier_instance.TT.genblk1\[5\].CSA1.A\[20\],17.2µm
_13071_,17.195µm
_05375_,17.18µm
_11255_,17.18µm
_16960_,17.18µm
_04446_,17.16µm
_07883_,17.16µm
_08157_,17.16µm
_10023_,17.16µm
_17089_,17.16µm
_21220_,17.15µm
_03469_,17.14µm
_03695_,17.14µm
_07736_,17.14µm
_08942_,17.14µm
_14447_,17.14µm
_18504_,17.14µm
multiplier_instance.TT.genblk1\[7\].CSA1.B\[31\],17.14µm
reorder_buf_instance.array\[6\]\[21\],17.14µm
_03875_,17.12µm
_04081_,17.12µm
_09796_,17.12µm
_09931_,17.12µm
_11760_,17.12µm
_12454_,17.12µm
_12896_,17.12µm
_16566_,17.12µm
_17094_,17.12µm
_18896_,17.12µm
_18961_,17.12µm
net3344,17.12µm
_09318_,17.11µm
_03259_,17.1µm
_05001_,17.1µm
_07268_,17.1µm
_09625_,17.1µm
_12668_,17.1µm
_15086_,17.1µm
_17864_,17.1µm
_04222_,17.08µm
_12578_,17.08µm
_13542_,17.08µm
_16389_,17.08µm
_18443_,17.08µm
net2739,17.08µm
_07634_,17.07µm
_00980_,17.06µm
_04363_,17.06µm
_05066_,17.06µm
_05485_,17.06µm
_06833_,17.06µm
_07131_,17.06µm
_07327_,17.06µm
_08862_,17.06µm
_11471_,17.06µm
_13833_,17.06µm
_18763_,17.06µm
_19138_,17.06µm
_20054_,17.06µm
adder_buffer.array\[3\]\[34\],17.06µm
reorder_buf_instance.array\[0\]\[30\],17.06µm
reorder_buf_instance.array\[2\]\[25\],17.06µm
_16724_,17.05µm
_03356_,17.04µm
_04685_,17.04µm
_06016_,17.04µm
_12532_,17.04µm
_15502_,17.04µm
net2441,17.04µm
mult_buffer.array\[2\]\[37\],17.03µm
_06510_,17.02µm
_07804_,17.02µm
_08568_,17.02µm
_09653_,17.02µm
_10303_,17.02µm
_11409_,17.02µm
_11799_,17.02µm
_12381_,17.02µm
_12835_,17.02µm
_15122_,17.02µm
_15982_,17.02µm
_16537_,17.02µm
_19217_,17.02µm
_20677_,17.02µm
b[25],17.02µm
final_out[22],17.01µm
_13905_,17µm
_14486_,17µm
_18497_,17µm
_05063_,16.98µm
_06418_,16.98µm
_11111_,16.98µm
_12452_,16.98µm
_12522_,16.98µm
_13390_,16.98µm
_13843_,16.98µm
_14418_,16.98µm
_18589_,16.98µm
_20991_,16.98µm
_16689_,16.965µm
_10164_,16.96µm
_20336_,16.96µm
_04214_,16.94µm
_05162_,16.94µm
_08022_,16.94µm
_09974_,16.94µm
_13417_,16.94µm
_13872_,16.94µm
_14526_,16.94µm
_16354_,16.94µm
_18021_,16.94µm
_20155_,16.94µm
net3117,16.94µm
_07160_,16.93µm
_19119_,16.93µm
_18907_,16.92µm
_06178_,16.9µm
_10247_,16.9µm
_03420_,16.89µm
_02478_,16.885µm
_05007_,16.88µm
_05619_,16.88µm
_06597_,16.88µm
_13845_,16.88µm
_15152_,16.88µm
_21060_,16.88µm
_04690_,16.87µm
_02761_,16.86µm
_04528_,16.86µm
_06753_,16.86µm
_06865_,16.86µm
_07652_,16.86µm
_08452_,16.86µm
_10596_,16.86µm
_14517_,16.86µm
_15576_,16.86µm
_18458_,16.86µm
_20990_,16.86µm
_03741_,16.855µm
_07725_,16.85µm
_11870_,16.85µm
_10413_,16.84µm
_10611_,16.84µm
_11532_,16.84µm
_03783_,16.82µm
_04028_,16.82µm
_04060_,16.82µm
_05491_,16.82µm
_07081_,16.82µm
_09646_,16.82µm
_10559_,16.82µm
_10983_,16.82µm
_12397_,16.82µm
_13889_,16.82µm
_19363_,16.82µm
mult_sign,16.82µm
multiplier_instance.TT.genblk1\[0\].CSA1.A\[10\],16.82µm
_05230_,16.8µm
_12786_,16.8µm
_06417_,16.78µm
_06424_,16.78µm
_06787_,16.78µm
_10139_,16.78µm
_16685_,16.78µm
_17266_,16.78µm
_19179_,16.78µm
_19271_,16.78µm
_21509_,16.78µm
_06320_,16.77µm
_16254_,16.765µm
_02584_,16.76µm
_08589_,16.76µm
_13265_,16.76µm
_13649_,16.76µm
_14029_,16.76µm
_14330_,16.76µm
adder_instance.mantisaA0\[3\],16.76µm
net2950,16.76µm
_01246_,16.755µm
_03456_,16.74µm
_06884_,16.74µm
_08727_,16.74µm
_13960_,16.74µm
_14245_,16.74µm
_20416_,16.74µm
_21686_,16.74µm
_21128_,16.73µm
final_out[9],16.73µm
_02919_,16.72µm
_05792_,16.72µm
_06588_,16.72µm
_07574_,16.72µm
_08608_,16.72µm
_08812_,16.72µm
_10859_,16.72µm
_11702_,16.72µm
_12511_,16.72µm
_16755_,16.72µm
_17848_,16.72µm
net2570,16.72µm
_07265_,16.71µm
_11873_,16.7µm
_14234_,16.7µm
_14306_,16.7µm
_19512_,16.7µm
reorder_buf_instance.array\[12\]\[9\],16.7µm
_01267_,16.685µm
_01551_,16.685µm
_05540_,16.68µm
_06831_,16.68µm
_08220_,16.68µm
_08879_,16.68µm
_12225_,16.68µm
_14604_,16.68µm
_14930_,16.68µm
_15571_,16.68µm
_15925_,16.68µm
_17432_,16.68µm
_17452_,16.68µm
net2604,16.68µm
_04935_,16.66µm
_05292_,16.66µm
_08718_,16.66µm
_11642_,16.66µm
_14878_,16.66µm
_15764_,16.66µm
_16229_,16.66µm
_07161_,16.64µm
_07466_,16.64µm
_10767_,16.64µm
_11305_,16.64µm
_14702_,16.64µm
_16621_,16.64µm
_17042_,16.64µm
_17262_,16.64µm
_17831_,16.64µm
_18545_,16.64µm
multiplier_instance.TT.genblk1\[5\].CSA1.A\[24\],16.64µm
_03722_,16.62µm
_04238_,16.62µm
_05414_,16.62µm
_06354_,16.62µm
_08304_,16.62µm
_11596_,16.62µm
_11597_,16.62µm
_15786_,16.62µm
_17945_,16.62µm
_18938_,16.62µm
_21608_,16.62µm
multiplier_instance.TT.genblk1\[0\].CSA1.B\[1\],16.62µm
_05077_,16.6µm
_07976_,16.6µm
_15480_,16.6µm
net475,16.6µm
_04651_,16.58µm
_04892_,16.58µm
_04908_,16.58µm
_05100_,16.58µm
_18191_,16.58µm
_05838_,16.56µm
_13821_,16.56µm
_14218_,16.56µm
adder_buffer.array\[1\]\[30\],16.56µm
_12667_,16.555µm
_02412_,16.545µm
_07220_,16.54µm
_07423_,16.54µm
_09277_,16.54µm
_13924_,16.54µm
_16322_,16.54µm
_17442_,16.54µm
_20481_,16.54µm
_20563_,16.525µm
_04164_,16.52µm
_06158_,16.52µm
_07758_,16.52µm
_08062_,16.52µm
_10200_,16.52µm
_20046_,16.52µm
_20150_,16.52µm
multiplier_instance.s3_sum\[34\],16.52µm
_07794_,16.515µm
_03327_,16.5µm
_09542_,16.5µm
_12912_,16.5µm
_13451_,16.5µm
_14422_,16.5µm
_16369_,16.5µm
_10166_,16.48µm
_15087_,16.48µm
_18441_,16.48µm
_19222_,16.48µm
_04084_,16.47µm
_09707_,16.46µm
_13536_,16.46µm
_14839_,16.46µm
_20291_,16.46µm
adder_instance.expmiddled\[5\],16.46µm
b[10],16.46µm
_06966_,16.44µm
_12515_,16.44µm
_14030_,16.44µm
_18840_,16.44µm
_21616_,16.44µm
multiplier_instance.PPG.genblk1\[15\].masked\[19\],16.44µm
_07311_,16.43µm
_21396_,16.43µm
_06890_,16.425µm
_03650_,16.42µm
_06085_,16.42µm
_06300_,16.42µm
_07217_,16.42µm
_11583_,16.42µm
_11810_,16.42µm
_19967_,16.42µm
multiplier_instance.TT.CPA.sum\[31\],16.42µm
_08322_,16.415µm
_07252_,16.41µm
reorder_buf_instance.array\[4\]\[1\],16.41µm
_03372_,16.4µm
_10810_,16.4µm
_12151_,16.4µm
_15700_,16.4µm
_19997_,16.4µm
_20612_,16.4µm
reorder_buf_instance.array\[15\]\[30\],16.4µm
_00984_,16.385µm
_05457_,16.38µm
_08701_,16.38µm
_15426_,16.38µm
_18806_,16.38µm
_21009_,16.38µm
adder_buffer.array\[2\]\[13\],16.365µm
reorder_buf_instance.array\[5\]\[19\],16.365µm
_06889_,16.36µm
_07047_,16.36µm
_07769_,16.36µm
_10845_,16.36µm
_11000_,16.36µm
_12259_,16.36µm
_21618_,16.36µm
_07293_,16.355µm
_10132_,16.35µm
_04380_,16.34µm
_07664_,16.34µm
_10780_,16.34µm
_15231_,16.34µm
_15693_,16.34µm
net2724,16.34µm
_17826_,16.33µm
_10838_,16.32µm
_11864_,16.32µm
_15641_,16.32µm
_21114_,16.32µm
_20632_,16.315µm
_03148_,16.3µm
_06922_,16.3µm
_08759_,16.3µm
_12999_,16.3µm
_18206_,16.3µm
_19718_,16.3µm
div_mantisa\[4\],16.3µm
multiplier_instance.TT.genblk1\[2\].CSA1.B\[9\],16.3µm
_06755_,16.29µm
_08052_,16.29µm
_15481_,16.285µm
_02698_,16.28µm
_12799_,16.28µm
_13124_,16.28µm
_15616_,16.28µm
_19558_,16.28µm
_02359_,16.275µm
_08540_,16.27µm
_05557_,16.26µm
_05865_,16.26µm
_08734_,16.26µm
_09742_,16.26µm
_11464_,16.26µm
_12899_,16.26µm
_13415_,16.26µm
_16358_,16.26µm
_02753_,16.24µm
_06374_,16.24µm
_06823_,16.24µm
_09254_,16.24µm
_12352_,16.24µm
_12425_,16.24µm
_12988_,16.24µm
_18783_,16.24µm
net74,16.24µm
_02562_,16.22µm
_06157_,16.22µm
_09887_,16.22µm
_10355_,16.22µm
_10716_,16.22µm
_11178_,16.22µm
_13032_,16.22µm
net2121,16.22µm
_04330_,16.2µm
_04695_,16.2µm
_08259_,16.2µm
_09999_,16.2µm
_13149_,16.2µm
_14479_,16.2µm
_16206_,16.2µm
_02149_,16.18µm
_03763_,16.18µm
_16584_,16.18µm
_16709_,16.18µm
_16753_,16.18µm
_17887_,16.18µm
_19288_,16.18µm
_20955_,16.18µm
_08297_,16.16µm
_14920_,16.16µm
_15308_,16.16µm
_16080_,16.16µm
_16455_,16.16µm
_17923_,16.16µm
_18994_,16.16µm
_19575_,16.16µm
multiplier_instance.TT.genblk1\[3\].CSA1.A\[21\],16.16µm
_02970_,16.14µm
_03983_,16.14µm
_04475_,16.14µm
_05079_,16.14µm
_06660_,16.14µm
_09433_,16.14µm
_10155_,16.14µm
_10175_,16.14µm
_11701_,16.14µm
_12267_,16.14µm
_13142_,16.14µm
_14185_,16.14µm
_15498_,16.14µm
reorder_buf_instance.empty,16.14µm
_14560_,16.13µm
_10557_,16.125µm
_07016_,16.12µm
_16492_,16.12µm
_17129_,16.12µm
reorder_buf_instance.array\[9\]\[25\],16.12µm
_08620_,16.11µm
_09221_,16.11µm
_11634_,16.1µm
_11803_,16.1µm
_13174_,16.1µm
_19514_,16.1µm
_19800_,16.1µm
_20406_,16.1µm
_21433_,16.1µm
adder_buffer.array\[0\]\[14\],16.1µm
adder_buffer.array\[1\]\[39\],16.1µm
_11584_,16.095µm
_13842_,16.09µm
_20449_,16.09µm
_02312_,16.085µm
_07372_,16.08µm
_14700_,16.08µm
_18832_,16.08µm
_20512_,16.08µm
multiplier_instance.PPG.genblk1\[13\].masked\[3\],16.08µm
_00046_,16.06µm
_03749_,16.06µm
_03757_,16.06µm
_06707_,16.06µm
_07196_,16.06µm
_08067_,16.06µm
_12097_,16.06µm
_12695_,16.06µm
_14144_,16.06µm
_21552_,16.06µm
reorder_buf_instance.array\[6\]\[20\],16.06µm
reorder_buf_instance.ready_check\[12\],16.06µm
_08783_,16.05µm
_01314_,16.045µm
_11497_,16.04µm
_11598_,16.04µm
_12019_,16.04µm
_12181_,16.04µm
_12441_,16.04µm
_13667_,16.04µm
_14345_,16.04µm
_19141_,16.04µm
_01330_,16.025µm
_07052_,16.02µm
_07987_,16.02µm
_08894_,16.02µm
_09516_,16.02µm
_10147_,16.02µm
_14172_,16.02µm
_14436_,16.02µm
_15685_,16.02µm
_16138_,16.02µm
_19833_,16.02µm
_20507_,16.02µm
_21012_,16.02µm
_21174_,16.02µm
_21305_,16.02µm
_03767_,16µm
_14667_,16µm
_19483_,15.995µm
_03849_,15.98µm
_06120_,15.98µm
_07796_,15.98µm
_09066_,15.98µm
adder_instance.expmiddlea\[3\],15.98µm
multiplier_instance.TT.genblk1\[3\].CSA1.B\[22\],15.98µm
multiplier_instance.TT.genblk1\[5\].CSA1.A\[36\],15.98µm
clknet_leaf_134_clk,15.98µm
_11556_,15.975µm
_13125_,15.97µm
_10065_,15.965µm
_07451_,15.96µm
_12103_,15.96µm
_16055_,15.96µm
_18655_,15.96µm
_21332_,15.96µm
_21497_,15.96µm
_21781_,15.96µm
net3240,15.96µm
final_out[21],15.95µm
_04212_,15.94µm
_05383_,15.94µm
_07097_,15.94µm
_08312_,15.94µm
_11843_,15.94µm
_12882_,15.94µm
_13077_,15.94µm
_13529_,15.94µm
_13741_,15.94µm
_14207_,15.94µm
_15420_,15.94µm
_19247_,15.94µm
_19886_,15.94µm
_20123_,15.94µm
_21164_,15.94µm
_05689_,15.92µm
_07171_,15.92µm
_10854_,15.92µm
_10996_,15.92µm
_12830_,15.92µm
_18738_,15.92µm
_19140_,15.92µm
_02679_,15.9µm
_07938_,15.9µm
_10600_,15.9µm
_10699_,15.9µm
_12310_,15.9µm
_13782_,15.9µm
_14952_,15.9µm
_17137_,15.9µm
reorder_buf_instance.array\[3\]\[15\],15.9µm
_05482_,15.88µm
_06241_,15.88µm
_09382_,15.88µm
_13037_,15.88µm
_16312_,15.88µm
_17255_,15.88µm
_20795_,15.88µm
net2183,15.88µm
_04484_,15.86µm
_05650_,15.86µm
_10203_,15.86µm
_12616_,15.86µm
_18397_,15.86µm
_19562_,15.86µm
adder_buffer.array\[1\]\[19\],15.86µm
_00003_,15.84µm
_01831_,15.84µm
_06994_,15.84µm
_09733_,15.84µm
_11174_,15.84µm
_12808_,15.84µm
_13811_,15.84µm
_15117_,15.84µm
_18515_,15.84µm
_18690_,15.84µm
_19602_,15.84µm
_19802_,15.84µm
_20214_,15.835µm
_05192_,15.82µm
_05851_,15.82µm
_06929_,15.82µm
_12329_,15.82µm
multiplier_instance.TT.genblk1\[3\].CSA1.B\[24\],15.82µm
_04626_,15.81µm
_04342_,15.8µm
_04725_,15.8µm
_08573_,15.8µm
_08666_,15.8µm
_12991_,15.8µm
_16576_,15.8µm
_17518_,15.8µm
_18125_,15.8µm
_19027_,15.8µm
adder_buffer.array\[3\]\[13\],15.8µm
divider_instance.mantisaA0\[12\],15.8µm
multiplier_instance.TT.genblk1\[0\].CSA1.A\[21\],15.8µm
multiplier_instance.TT.genblk1\[6\].CSA1.B\[21\],15.8µm
_07513_,15.795µm
_03800_,15.78µm
_03967_,15.78µm
_04535_,15.78µm
_06267_,15.78µm
_09365_,15.78µm
_10069_,15.78µm
_13807_,15.78µm
_21402_,15.78µm
div_mantisa\[15\],15.78µm
net2825,15.78µm
_05473_,15.76µm
_06110_,15.76µm
_11245_,15.76µm
_16995_,15.76µm
_18614_,15.76µm
_20505_,15.76µm
_21761_,15.76µm
_06189_,15.74µm
_10768_,15.74µm
_11490_,15.74µm
_11753_,15.74µm
_15198_,15.74µm
_19114_,15.74µm
_21655_,15.74µm
_02350_,15.725µm
_06232_,15.72µm
_07650_,15.72µm
_08413_,15.72µm
_09377_,15.72µm
_09620_,15.72µm
_11113_,15.72µm
_15299_,15.72µm
_19939_,15.72µm
_21010_,15.72µm
reorder_buf_instance.array\[4\]\[30\],15.72µm
net3099,15.72µm
div_expA\[6\],15.715µm
_05669_,15.7µm
_07789_,15.7µm
_09914_,15.7µm
_11496_,15.7µm
_13165_,15.7µm
_16720_,15.7µm
_17940_,15.7µm
_17942_,15.7µm
_20929_,15.7µm
multiplier_instance.TT.genblk1\[1\].CSA1.C\[27\],15.7µm
reorder_buf_instance.array\[11\]\[1\],15.7µm
_03817_,15.69µm
_02996_,15.68µm
_05458_,15.68µm
_05779_,15.68µm
_06649_,15.68µm
_06744_,15.68µm
_10184_,15.68µm
_10724_,15.68µm
_11203_,15.68µm
_15653_,15.68µm
_16184_,15.68µm
_03838_,15.66µm
_09262_,15.66µm
_10063_,15.66µm
_10622_,15.66µm
_13608_,15.66µm
_17834_,15.66µm
_09388_,15.655µm
_08670_,15.65µm
_01047_,15.64µm
_04547_,15.64µm
_06030_,15.64µm
_15745_,15.64µm
_15914_,15.64µm
_17798_,15.64µm
_20198_,15.64µm
_13639_,15.63µm
_03329_,15.62µm
_07562_,15.62µm
_09496_,15.62µm
_04189_,15.6µm
_06857_,15.6µm
_07058_,15.6µm
_14016_,15.6µm
_17978_,15.6µm
_19047_,15.6µm
_20508_,15.6µm
_21005_,15.6µm
_21429_,15.6µm
_21556_,15.6µm
multiplier_instance.s3_sum\[40\],15.6µm
_17832_,15.59µm
_06328_,15.58µm
_07152_,15.58µm
_08148_,15.58µm
_08472_,15.58µm
_10433_,15.58µm
_12649_,15.58µm
reorder_buf_instance.ready_check\[8\],15.58µm
_13060_,15.565µm
_07103_,15.56µm
_09162_,15.56µm
_10190_,15.56µm
_10414_,15.56µm
_10612_,15.56µm
_12709_,15.56µm
_18398_,15.56µm
_20181_,15.56µm
reorder_buf_instance.array\[3\]\[23\],15.56µm
_07179_,15.54µm
_08270_,15.54µm
_09965_,15.54µm
_12542_,15.54µm
_15063_,15.54µm
_15553_,15.54µm
b[11],15.54µm
_05939_,15.53µm
_01025_,15.525µm
adder_buffer.array\[2\]\[11\],15.525µm
_08015_,15.52µm
_11791_,15.52µm
_11869_,15.52µm
_14583_,15.52µm
mult_mantisaB\[5\],15.52µm
_08744_,15.515µm
_07996_,15.5µm
_10121_,15.5µm
_12275_,15.5µm
_16328_,15.5µm
_09873_,15.49µm
reorder_buf_instance.array\[12\]\[31\],15.49µm
_07389_,15.485µm
_03314_,15.48µm
_05362_,15.48µm
_05823_,15.48µm
_07165_,15.48µm
_07832_,15.48µm
_08293_,15.48µm
_09995_,15.48µm
_10744_,15.48µm
_10867_,15.48µm
_12006_,15.48µm
_13881_,15.48µm
_15070_,15.48µm
_15667_,15.48µm
_16333_,15.48µm
_18573_,15.48µm
_19580_,15.48µm
_21203_,15.48µm
_01788_,15.465µm
_06957_,15.46µm
_12614_,15.46µm
_13455_,15.46µm
_18468_,15.46µm
_19816_,15.46µm
_21258_,15.46µm
_04622_,15.44µm
_08151_,15.44µm
_09315_,15.44µm
_13146_,15.44µm
_20877_,15.44µm
_20913_,15.44µm
_21124_,15.44µm
_21413_,15.44µm
multiplier_instance.TT.genblk1\[3\].CSA1.C\[16\],15.44µm
reorder_buf_instance.array\[11\]\[26\],15.44µm
_12075_,15.435µm
_02572_,15.42µm
_04152_,15.42µm
_04963_,15.42µm
_06358_,15.42µm
_06702_,15.42µm
_08349_,15.42µm
_10850_,15.42µm
_17031_,15.42µm
_15749_,15.415µm
_06949_,15.41µm
_03746_,15.4µm
_12261_,15.4µm
_16955_,15.4µm
_17953_,15.4µm
_18899_,15.4µm
_19666_,15.4µm
_19748_,15.39µm
_05695_,15.38µm
_05906_,15.38µm
_14645_,15.38µm
_17630_,15.38µm
_19379_,15.38µm
reorder_buf_instance.array\[3\]\[10\],15.38µm
net2266,15.38µm
_04349_,15.36µm
_04970_,15.36µm
_05229_,15.36µm
_06339_,15.36µm
_08974_,15.36µm
_14327_,15.36µm
_20952_,15.36µm
adder_instance.expmiddleb\[1\],15.36µm
clknet_leaf_193_clk,15.36µm
_04901_,15.355µm
_01263_,15.345µm
_07531_,15.34µm
_11652_,15.34µm
_15361_,15.34µm
_15915_,15.34µm
_17229_,15.34µm
_19631_,15.34µm
_20032_,15.34µm
_20610_,15.34µm
_21068_,15.34µm
div_mantisa\[19\],15.34µm
multiplier_instance.s2_sign,15.34µm
_09456_,15.32µm
_09989_,15.32µm
_10614_,15.32µm
_12026_,15.32µm
_14025_,15.32µm
_14434_,15.32µm
_17311_,15.32µm
_19173_,15.32µm
reorder_buf_instance.array\[10\]\[13\],15.32µm
reorder_buf_instance.array\[12\]\[29\],15.32µm
reorder_buf_instance.array\[9\]\[7\],15.32µm
reorder_buf_instance.success,15.32µm
_06251_,15.3µm
_08246_,15.3µm
_08837_,15.3µm
_14590_,15.3µm
_16087_,15.3µm
_17272_,15.3µm
divider_instance.mantisaB0\[5\],15.3µm
_04504_,15.29µm
_01016_,15.285µm
_07041_,15.28µm
_08338_,15.28µm
_10475_,15.28µm
_13207_,15.28µm
_15130_,15.28µm
_15620_,15.28µm
_15754_,15.28µm
_16729_,15.28µm
_17168_,15.28µm
_17182_,15.28µm
_17936_,15.28µm
a[2],15.28µm
reorder_buf_instance.array\[15\]\[13\],15.28µm
reorder_buf_instance.array\[1\]\[16\],15.28µm
_13383_,15.27µm
_13508_,15.27µm
_05496_,15.26µm
_05714_,15.26µm
_05917_,15.26µm
_08115_,15.26µm
_08154_,15.26µm
_08479_,15.26µm
_10889_,15.26µm
_14632_,15.26µm
reorder_buf_instance.ready_check\[0\],15.26µm
_13753_,15.245µm
_10027_,15.24µm
_11343_,15.24µm
_12509_,15.24µm
_13865_,15.24µm
_14535_,15.24µm
_18440_,15.24µm
_18934_,15.24µm
_19759_,15.24µm
_20558_,15.24µm
_20906_,15.24µm
divider_instance.expadd\[3\],15.24µm
reorder_buf_instance.array\[9\]\[5\],15.24µm
reorder_buf_instance.ready_check\[3\],15.24µm
_09663_,15.23µm
_09862_,15.23µm
_12410_,15.23µm
_03931_,15.22µm
_04196_,15.22µm
_05438_,15.22µm
_08714_,15.22µm
_09107_,15.22µm
_09777_,15.22µm
_12759_,15.22µm
_14142_,15.22µm
_16134_,15.22µm
_18036_,15.22µm
_18911_,15.22µm
multiplier_instance.TT.genblk1\[4\].CSA1.A\[30\],15.22µm
_04192_,15.2µm
_09769_,15.2µm
_12518_,15.2µm
_14797_,15.2µm
_15663_,15.2µm
_19415_,15.2µm
reorder_buf_instance.array\[7\]\[26\],15.2µm
_09198_,15.19µm
_01588_,15.185µm
_05576_,15.18µm
_05877_,15.18µm
_07553_,15.18µm
_09070_,15.18µm
_14741_,15.18µm
_17510_,15.18µm
_18113_,15.18µm
adder_buffer.array\[1\]\[27\],15.18µm
multiplier_instance.TT.genblk1\[2\].CSA1.B\[10\],15.18µm
_07130_,15.16µm
_11173_,15.16µm
_11329_,15.16µm
_11745_,15.16µm
_14686_,15.16µm
c[28],15.16µm
_07595_,15.15µm
_21762_,15.15µm
_01815_,15.14µm
_03324_,15.14µm
_03850_,15.14µm
_04064_,15.14µm
_05141_,15.14µm
_08688_,15.14µm
_09195_,15.14µm
_09247_,15.14µm
_10066_,15.14µm
_11422_,15.14µm
_12738_,15.14µm
_13421_,15.14µm
_13766_,15.14µm
_14542_,15.14µm
_15922_,15.14µm
_15970_,15.14µm
_16046_,15.14µm
_16866_,15.14µm
_21103_,15.14µm
reorder_buf_instance.array\[7\]\[6\],15.14µm
_04177_,15.12µm
_10416_,15.12µm
_11264_,15.12µm
_11355_,15.12µm
_14134_,15.12µm
_14955_,15.12µm
_18093_,15.12µm
_18594_,15.12µm
_20819_,15.12µm
div_buffer.array\[0\]\[37\],15.12µm
mult_mantisaB\[8\],15.12µm
net2242,15.12µm
_05950_,15.115µm
_06314_,15.11µm
_03668_,15.1µm
_04662_,15.1µm
_05399_,15.1µm
_05694_,15.1µm
_06307_,15.1µm
_06667_,15.1µm
_06700_,15.1µm
_08627_,15.1µm
_10830_,15.1µm
_12979_,15.1µm
_14744_,15.1µm
_15157_,15.1µm
_19387_,15.1µm
adder_buffer.array\[0\]\[3\],15.1µm
adder_buffer.array\[3\]\[39\],15.1µm
_02755_,15.08µm
net204,15.08µm
_03582_,15.06µm
_08366_,15.06µm
_11742_,15.06µm
_12078_,15.06µm
_12083_,15.06µm
_15544_,15.06µm
_19641_,15.06µm
_20164_,15.06µm
net130,15.06µm
_13069_,15.04µm
div_mantisaA\[12\],15.04µm
reorder_buf_instance.array\[1\]\[18\],15.04µm
_09069_,15.03µm
_01315_,15.025µm
_02851_,15.02µm
_05179_,15.02µm
_06693_,15.02µm
_07942_,15.02µm
_09615_,15.02µm
_10081_,15.02µm
_10587_,15.02µm
_10984_,15.02µm
_12072_,15.02µm
_17830_,15.02µm
_20140_,15.02µm
div_mantisaA\[5\],15.02µm
_00848_,15.005µm
_08210_,15.005µm
_02763_,15µm
_05931_,15µm
_06842_,15µm
_12718_,15µm
_14983_,15µm
_16493_,15µm
_18788_,15µm
_19449_,15µm
_21664_,15µm
net2505,15µm
net2973,15µm
_04688_,14.98µm
_06439_,14.98µm
_07544_,14.98µm
_19028_,14.98µm
reorder_buf_instance.array\[7\]\[25\],14.98µm
_12521_,14.965µm
_04119_,14.96µm
_05002_,14.96µm
_14866_,14.96µm
_16802_,14.96µm
_19054_,14.96µm
divider_instance.mantisaA0\[17\],14.96µm
mult_mantisaB\[4\],14.96µm
_10177_,14.94µm
_13497_,14.94µm
_13571_,14.94µm
_13828_,14.94µm
_18203_,14.94µm
_18766_,14.94µm
_19285_,14.94µm
_21320_,14.94µm
_02519_,14.925µm
_05996_,14.92µm
_07776_,14.92µm
_08321_,14.92µm
_08753_,14.92µm
_09144_,14.92µm
_12883_,14.92µm
_16586_,14.92µm
_16740_,14.92µm
_17039_,14.92µm
_17706_,14.92µm
_18104_,14.92µm
_21391_,14.92µm
net2317,14.92µm
net2994,14.92µm
_11386_,14.91µm
_05543_,14.9µm
_09300_,14.9µm
_11141_,14.9µm
_12853_,14.9µm
_12925_,14.9µm
_13208_,14.9µm
_13927_,14.9µm
_16052_,14.9µm
_17233_,14.9µm
_18624_,14.9µm
_02380_,14.895µm
_10900_,14.885µm
_03484_,14.88µm
_16441_,14.88µm
_16692_,14.88µm
_17028_,14.88µm
_18740_,14.88µm
net286,14.88µm
_05432_,14.86µm
_07191_,14.86µm
_07919_,14.86µm
_11418_,14.86µm
_11590_,14.86µm
_11770_,14.86µm
_12057_,14.86µm
_18030_,14.86µm
_19878_,14.86µm
_20292_,14.86µm
_04050_,14.84µm
_06213_,14.84µm
_06273_,14.84µm
_11037_,14.84µm
_11104_,14.84µm
_19480_,14.84µm
_21721_,14.84µm
_06347_,14.82µm
_07343_,14.82µm
_08072_,14.82µm
_12534_,14.82µm
_13328_,14.82µm
_13480_,14.82µm
reorder_buf_instance.array\[9\]\[11\],14.82µm
net2357,14.82µm
net2431,14.82µm
_03443_,14.815µm
_04049_,14.81µm
_03069_,14.8µm
_05615_,14.8µm
_05897_,14.8µm
_06586_,14.8µm
_08647_,14.8µm
_09627_,14.8µm
_11016_,14.8µm
_13979_,14.8µm
_14210_,14.8µm
_16256_,14.8µm
_16975_,14.8µm
_18160_,14.8µm
_18466_,14.8µm
_20566_,14.8µm
net3096,14.8µm
_01297_,14.785µm
_04240_,14.78µm
_05490_,14.78µm
_12167_,14.78µm
_12863_,14.78µm
_16675_,14.78µm
_18926_,14.78µm
_19750_,14.78µm
adder_instance.mantisaBshift\[50\],14.78µm
multiplier_instance.s3_inf,14.78µm
_05595_,14.76µm
_06782_,14.76µm
_08536_,14.76µm
_09081_,14.76µm
_09876_,14.76µm
_10451_,14.76µm
_11918_,14.76µm
_15109_,14.76µm
_16632_,14.76µm
_17037_,14.76µm
_18739_,14.76µm
_20662_,14.76µm
_05216_,14.74µm
_05631_,14.74µm
_05682_,14.74µm
_06416_,14.74µm
_10898_,14.74µm
_11631_,14.74µm
_12290_,14.74µm
_13910_,14.74µm
_14895_,14.74µm
_19776_,14.74µm
adder_instance.mantisaB0\[12\],14.74µm
_16196_,14.73µm
_10116_,14.725µm
_05879_,14.72µm
_08218_,14.72µm
_10380_,14.72µm
_14453_,14.72µm
_16447_,14.72µm
_17884_,14.72µm
_18073_,14.72µm
adder_buffer.array\[1\]\[36\],14.72µm
reorder_buf_instance.array\[4\]\[14\],14.72µm
reorder_buf_instance.array\[6\]\[17\],14.72µm
_00835_,14.715µm
_01158_,14.705µm
_02510_,14.7µm
_03900_,14.7µm
_07262_,14.7µm
_08582_,14.7µm
_14472_,14.7µm
_15561_,14.7µm
_17192_,14.7µm
_17747_,14.7µm
c[31],14.7µm
_21462_,14.69µm
_09822_,14.685µm
_06118_,14.68µm
_09657_,14.68µm
_11077_,14.68µm
_12449_,14.68µm
_12510_,14.68µm
_13666_,14.68µm
_13800_,14.68µm
_14494_,14.68µm
_14787_,14.68µm
_15488_,14.68µm
_19632_,14.68µm
_21491_,14.68µm
net2247,14.68µm
_12263_,14.675µm
_15933_,14.67µm
_03964_,14.66µm
_05076_,14.66µm
_06863_,14.66µm
_13634_,14.66µm
_14572_,14.66µm
_18401_,14.66µm
_18544_,14.66µm
_18621_,14.66µm
_19969_,14.66µm
adder_buffer.array\[0\]\[23\],14.66µm
multiplier_instance.TT.genblk1\[5\].CSA1.A\[34\],14.66µm
_13280_,14.645µm
_09561_,14.64µm
_09813_,14.64µm
_09850_,14.64µm
_10591_,14.64µm
_12179_,14.64µm
_14027_,14.64µm
_14162_,14.64µm
_14380_,14.64µm
_14473_,14.64µm
_19116_,14.64µm
_20651_,14.64µm
multiplier_instance.s1_exp_a\[0\],14.64µm
net116,14.64µm
_19484_,14.635µm
_02779_,14.62µm
_06673_,14.62µm
_14871_,14.62µm
_20339_,14.62µm
c[12],14.62µm
_01630_,14.605µm
_01824_,14.605µm
_08384_,14.605µm
_05034_,14.6µm
_07897_,14.6µm
_10289_,14.6µm
_13873_,14.6µm
_14217_,14.6µm
_15415_,14.6µm
_16208_,14.6µm
_18465_,14.6µm
adder_instance.mantisaBshift\[32\],14.6µm
_02310_,14.595µm
_08588_,14.595µm
_05466_,14.59µm
_02758_,14.58µm
_04219_,14.58µm
_04266_,14.58µm
_05657_,14.58µm
_07568_,14.58µm
_12013_,14.58µm
_14466_,14.58µm
_19254_,14.58µm
_19385_,14.58µm
_12832_,14.575µm
_02782_,14.56µm
_04004_,14.56µm
_05212_,14.56µm
_05609_,14.56µm
_05725_,14.56µm
_09961_,14.56µm
_11107_,14.56µm
_21013_,14.56µm
multiplier_instance.TT.genblk1\[3\].CSA1.A\[25\],14.56µm
reorder_buf_instance.array\[12\]\[5\],14.56µm
reorder_buf_instance.array\[1\]\[22\],14.56µm
reorder_buf_instance.array\[2\]\[8\],14.56µm
_02705_,14.54µm
_03630_,14.54µm
_04295_,14.54µm
_05868_,14.54µm
_11050_,14.54µm
_11228_,14.54µm
_12971_,14.54µm
_14050_,14.54µm
_16345_,14.54µm
_21540_,14.54µm
divider_instance.four_man\[32\],14.54µm
reorder_buf_instance.array\[12\]\[8\],14.54µm
_00846_,14.525µm
_03287_,14.52µm
_03632_,14.52µm
_04258_,14.52µm
_04499_,14.52µm
_06469_,14.52µm
_06732_,14.52µm
_07491_,14.52µm
_08889_,14.52µm
_11581_,14.52µm
_11974_,14.52µm
_13296_,14.52µm
_18923_,14.52µm
_21759_,14.52µm
_06584_,14.5µm
_06594_,14.5µm
_07187_,14.5µm
_08315_,14.5µm
_11659_,14.5µm
_13050_,14.5µm
_15123_,14.5µm
_18043_,14.5µm
_18252_,14.5µm
_19524_,14.5µm
_21456_,14.5µm
div_buffer.array\[2\]\[38\],14.485µm
_04415_,14.48µm
_07474_,14.48µm
_07874_,14.48µm
_08169_,14.48µm
_08973_,14.48µm
_09594_,14.48µm
_12763_,14.48µm
_12890_,14.48µm
_18112_,14.48µm
_18366_,14.48µm
multiplier_instance.PPG.A\[4\],14.48µm
reorder_buf_instance.array\[3\]\[14\],14.48µm
_05207_,14.47µm
_00009_,14.46µm
_03504_,14.46µm
_09170_,14.46µm
_10153_,14.46µm
_14669_,14.46µm
_15175_,14.46µm
_18243_,14.46µm
_19061_,14.46µm
_19147_,14.46µm
_12453_,14.44µm
_13599_,14.44µm
_17504_,14.44µm
_19362_,14.44µm
multiplier_instance.TT.genblk1\[1\].CSA1.B\[26\],14.44µm
reorder_buf_instance.array\[4\]\[13\],14.44µm
_06250_,14.42µm
_07004_,14.42µm
_08609_,14.42µm
_09767_,14.42µm
_11512_,14.42µm
_12265_,14.42µm
_12571_,14.42µm
_13320_,14.42µm
_14292_,14.42µm
_15076_,14.42µm
_15402_,14.42µm
_15597_,14.42µm
_16430_,14.42µm
_16654_,14.42µm
_17010_,14.42µm
_17512_,14.42µm
_18091_,14.42µm
multiplier_instance.TT.genblk1\[6\].CSA1.C\[23\],14.42µm
multiplier_instance.TT.genblk1\[7\].CSA1.C\[26\],14.42µm
_04228_,14.4µm
_05371_,14.4µm
_19507_,14.4µm
multiplier_instance.TT.genblk1\[0\].CSA1.B\[9\],14.4µm
_07833_,14.39µm
_08813_,14.385µm
_02997_,14.38µm
_04184_,14.38µm
_05378_,14.38µm
_11202_,14.38µm
_11842_,14.38µm
_16123_,14.38µm
_19692_,14.38µm
_21308_,14.38µm
adder_instance.mantisaBshift\[6\],14.38µm
net2290,14.38µm
_09920_,14.37µm
_13016_,14.37µm
_05505_,14.36µm
_05855_,14.36µm
_10176_,14.36µm
_18477_,14.36µm
b[27],14.36µm
divider_instance.undefined2,14.36µm
_02327_,14.345µm
_04160_,14.34µm
_05405_,14.34µm
_06481_,14.34µm
_09820_,14.34µm
_11728_,14.34µm
_13206_,14.34µm
_15313_,14.34µm
_16375_,14.34µm
_16777_,14.34µm
_16930_,14.34µm
_17915_,14.34µm
_18827_,14.34µm
_19637_,14.34µm
_20738_,14.34µm
final_out[28],14.33µm
_02974_,14.32µm
_03323_,14.32µm
_10553_,14.32µm
net2300,14.32µm
_03257_,14.3µm
_05348_,14.3µm
_07784_,14.3µm
_16112_,14.3µm
_16301_,14.3µm
_18476_,14.3µm
_18914_,14.3µm
_20118_,14.3µm
adder_buffer.value\[20\],14.3µm
multiplier_instance.PPG.genblk1\[15\].masked\[7\],14.3µm
multiplier_instance.TT.genblk1\[5\].CSA1.B\[39\],14.3µm
_01997_,14.295µm
_05223_,14.285µm
_03485_,14.28µm
_04697_,14.28µm
_05061_,14.28µm
_05323_,14.28µm
_09243_,14.28µm
_10245_,14.28µm
_15038_,14.28µm
_16107_,14.28µm
_18341_,14.28µm
_19203_,14.28µm
_20373_,14.28µm
_21263_,14.28µm
_21483_,14.28µm
_03330_,14.26µm
_13289_,14.26µm
_14151_,14.26µm
_17550_,14.26µm
_20844_,14.26µm
reorder_buf_instance.array\[3\]\[31\],14.26µm
final_out[29],14.25µm
_05925_,14.24µm
_09760_,14.24µm
_11135_,14.24µm
_15821_,14.24µm
_17292_,14.24µm
_18575_,14.24µm
_13911_,14.23µm
_02950_,14.22µm
_06402_,14.22µm
_07164_,14.22µm
_09033_,14.22µm
_10183_,14.22µm
_11381_,14.22µm
_11905_,14.22µm
_13094_,14.22µm
_14392_,14.22µm
_19325_,14.22µm
_19611_,14.22µm
_20886_,14.22µm
_21048_,14.22µm
net3081,14.22µm
_07713_,14.2µm
_11344_,14.2µm
_12820_,14.2µm
_13396_,14.2µm
_13812_,14.2µm
_17290_,14.2µm
_19533_,14.2µm
multiplier_instance.EB.exponent_a\[7\],14.2µm
net3132,14.2µm
_03906_,14.18µm
_04287_,14.18µm
_06944_,14.18µm
_08773_,14.18µm
_09966_,14.18µm
_10501_,14.18µm
_11250_,14.18µm
_11738_,14.18µm
_15176_,14.18µm
_18548_,14.18µm
_18583_,14.18µm
_21689_,14.18µm
adder_buffer.array\[0\]\[2\],14.18µm
net2318,14.18µm
_04659_,14.16µm
_06413_,14.16µm
_08076_,14.16µm
_18752_,14.16µm
_01343_,14.155µm
_02777_,14.14µm
_04079_,14.14µm
_04339_,14.14µm
_05320_,14.14µm
_07559_,14.14µm
_08486_,14.14µm
_13314_,14.14µm
_13392_,14.14µm
_13875_,14.14µm
_16659_,14.14µm
_17270_,14.14µm
_20168_,14.14µm
_20444_,14.14µm
_19935_,14.135µm
_04170_,14.12µm
_08330_,14.12µm
_08678_,14.12µm
_16427_,14.12µm
_07679_,14.1µm
_12977_,14.1µm
_13903_,14.1µm
_15296_,14.1µm
_15393_,14.1µm
_17444_,14.1µm
_17858_,14.1µm
_20067_,14.1µm
net3353,14.1µm
_08691_,14.08µm
_09808_,14.08µm
_11384_,14.08µm
_13193_,14.08µm
_14586_,14.08µm
_16471_,14.08µm
_16725_,14.08µm
_17938_,14.08µm
_21600_,14.08µm
net2736,14.08µm
_04384_,14.06µm
_04581_,14.06µm
_08024_,14.06µm
_08352_,14.06µm
_08598_,14.06µm
_09752_,14.06µm
_09788_,14.06µm
_09967_,14.06µm
_10349_,14.06µm
_11794_,14.06µm
_20588_,14.06µm
_21214_,14.06µm
reorder_buf_instance.ready_check\[11\],14.06µm
net2573,14.06µm
_03260_,14.04µm
_04304_,14.04µm
_04358_,14.04µm
_04722_,14.04µm
_04819_,14.04µm
_04943_,14.04µm
_05726_,14.04µm
_07453_,14.04µm
_11989_,14.04µm
_14496_,14.04µm
_14858_,14.04µm
_16846_,14.04µm
_20288_,14.04µm
_20473_,14.04µm
adder_instance.signA0,14.04µm
divider_instance.zero1,14.04µm
_05349_,14.02µm
_06062_,14.02µm
_11579_,14.02µm
_11592_,14.02µm
_12227_,14.02µm
_13969_,14.02µm
_13997_,14.02µm
_14400_,14.02µm
_16887_,14.02µm
_19620_,14.02µm
divider_instance.mantisaB0\[7\],14.02µm
multiplier_instance.TT.genblk1\[2\].CSA1.A\[26\],14.02µm
reorder_buf_instance.array\[12\]\[6\],14.02µm
_06042_,14.01µm
multiplier_instance.TT.genblk1\[5\].CSA1.B\[24\],14.01µm
_05282_,14µm
_05507_,14µm
_06345_,14µm
_07263_,14µm
_07746_,14µm
_10151_,14µm
_10507_,14µm
_14017_,14µm
_15222_,14µm
_15574_,14µm
_15797_,14µm
_16148_,14µm
_18184_,14µm
_18496_,14µm
_19495_,14µm
_20243_,14µm
div_mantisaB\[13\],14µm
reorder_buf_instance.array\[14\]\[10\],14µm
net2715,14µm
_04236_,13.98µm
_06371_,13.98µm
_12579_,13.98µm
_13029_,13.98µm
_16110_,13.98µm
_21359_,13.98µm
adder_buffer.array\[0\]\[32\],13.98µm
mult_mantisaA\[2\],13.98µm
multiplier_instance.TT.genblk1\[3\].CSA1.A\[10\],13.98µm
_06546_,13.97µm
_01578_,13.965µm
_03732_,13.96µm
_04190_,13.96µm
_06559_,13.96µm
_08463_,13.96µm
_16913_,13.96µm
_17336_,13.96µm
_17700_,13.96µm
_18092_,13.96µm
_20551_,13.96µm
_20607_,13.96µm
_20996_,13.96µm
divider_instance.expmiddlea\[7\],13.96µm
reorder_buf_instance.array\[3\]\[18\],13.96µm
net2255,13.96µm
net2338,13.96µm
net3004,13.96µm
_03846_,13.94µm
_05763_,13.94µm
_06569_,13.94µm
_08007_,13.94µm
_08276_,13.94µm
_10061_,13.94µm
_11012_,13.94µm
_11804_,13.94µm
_12255_,13.94µm
_14063_,13.94µm
_14394_,13.94µm
_16347_,13.94µm
_18790_,13.94µm
_20006_,13.94µm
adder_buffer.array\[1\]\[11\],13.94µm
multiplier_instance.TT.genblk1\[1\].CSA1.A\[5\],13.94µm
_10758_,13.935µm
_01344_,13.925µm
_06954_,13.92µm
_10663_,13.92µm
_11014_,13.92µm
_15580_,13.92µm
_16899_,13.92µm
_17684_,13.92µm
_18719_,13.92µm
_20021_,13.92µm
_20377_,13.92µm
_21566_,13.92µm
_21705_,13.92µm
divider_instance.expmiddled\[3\],13.92µm
divider_instance.mantisaBshift\[0\],13.92µm
reorder_buf_instance.array\[10\]\[20\],13.92µm
reorder_buf_instance.array\[5\]\[25\],13.905µm
_03307_,13.9µm
_05565_,13.9µm
_09985_,13.9µm
_13704_,13.9µm
_15107_,13.9µm
_17024_,13.9µm
_17312_,13.9µm
_17961_,13.9µm
_18239_,13.9µm
_19857_,13.9µm
_19924_,13.9µm
_21596_,13.9µm
_07620_,13.89µm
_00918_,13.885µm
_19419_,13.885µm
_01826_,13.88µm
_07163_,13.88µm
_08075_,13.88µm
_10585_,13.88µm
_15185_,13.88µm
_15839_,13.88µm
_19630_,13.88µm
_20346_,13.88µm
_20802_,13.88µm
_21250_,13.88µm
multiplier_instance.TT.genblk1\[0\].CSA1.A\[20\],13.88µm
reorder_buf_instance.array\[3\]\[22\],13.88µm
_01463_,13.865µm
_02929_,13.86µm
_03795_,13.86µm
_08839_,13.86µm
_09414_,13.86µm
_10575_,13.86µm
_12945_,13.86µm
_16645_,13.86µm
_18610_,13.86µm
_21328_,13.86µm
_09837_,13.85µm
_13169_,13.845µm
_03606_,13.84µm
_05429_,13.84µm
_05561_,13.84µm
_06340_,13.84µm
_06878_,13.84µm
_07763_,13.84µm
_10141_,13.84µm
_10193_,13.84µm
_15384_,13.84µm
_19186_,13.84µm
_19957_,13.84µm
_21322_,13.84µm
adder_instance.sub,13.84µm
multiplier_instance.s1_sign,13.84µm
net2537,13.84µm
_01242_,13.825µm
_06570_,13.82µm
_08398_,13.82µm
_06955_,13.805µm
_03745_,13.8µm
_04320_,13.8µm
_04418_,13.8µm
_05919_,13.8µm
_06102_,13.8µm
_08996_,13.8µm
_10084_,13.8µm
_11790_,13.8µm
_12370_,13.8µm
_13351_,13.8µm
_13938_,13.8µm
_16408_,13.8µm
_20012_,13.8µm
_21612_,13.8µm
div_buffer.tail\[1\],13.8µm
_14381_,13.795µm
_18192_,13.785µm
_03804_,13.78µm
_04301_,13.78µm
_06535_,13.78µm
_15173_,13.78µm
_16862_,13.78µm
_18664_,13.78µm
c[18],13.78µm
c[23],13.78µm
_13697_,13.77µm
_04335_,13.76µm
_04929_,13.76µm
_06430_,13.76µm
_07339_,13.76µm
_10092_,13.76µm
_11628_,13.76µm
_12206_,13.76µm
_12262_,13.76µm
_13212_,13.76µm
_13239_,13.76µm
_14338_,13.76µm
_14973_,13.76µm
_20887_,13.76µm
adder_buffer.out\[27\],13.76µm
div_buffer.array\[3\]\[38\],13.76µm
_04584_,13.74µm
_05016_,13.74µm
_07393_,13.74µm
_08047_,13.74µm
_11508_,13.74µm
_11994_,13.74µm
_17026_,13.74µm
_17794_,13.74µm
_18808_,13.74µm
_19029_,13.74µm
div_mantisaA\[20\],13.74µm
reorder_buf_instance.array\[2\]\[10\],13.74µm
_04648_,13.72µm
_05172_,13.72µm
_05337_,13.72µm
_08478_,13.72µm
_09171_,13.72µm
_11163_,13.72µm
_19315_,13.72µm
_21424_,13.72µm
multiplier_instance.PPG.A\[20\],13.72µm
reorder_buf_instance.array\[11\]\[27\],13.72µm
net117,13.72µm
net163,13.72µm
_12730_,13.71µm
_20539_,13.71µm
_02004_,13.705µm
_03769_,13.7µm
_05181_,13.7µm
_05224_,13.7µm
_05975_,13.7µm
_11859_,13.7µm
_13923_,13.7µm
_16748_,13.7µm
adder_instance.mantisaB0\[4\],13.7µm
_09099_,13.695µm
_15289_,13.695µm
_10364_,13.69µm
reorder_buf_instance.array\[13\]\[5\],13.685µm
_02713_,13.68µm
_03055_,13.68µm
_03144_,13.68µm
_03864_,13.68µm
_04111_,13.68µm
_04323_,13.68µm
_04946_,13.68µm
_08576_,13.68µm
_13330_,13.68µm
_15759_,13.68µm
_17264_,13.68µm
_17560_,13.68µm
_19403_,13.68µm
_19925_,13.68µm
_21602_,13.68µm
_06947_,13.66µm
_07250_,13.66µm
_11122_,13.66µm
_13074_,13.66µm
_13108_,13.66µm
_17400_,13.66µm
_17828_,13.66µm
_18059_,13.66µm
_20706_,13.66µm
adder_instance.mantisaA0\[16\],13.66µm
reorder_buf_instance.array\[13\]\[25\],13.66µm
net3114,13.66µm
_04728_,13.65µm
_03715_,13.64µm
_03919_,13.64µm
_05058_,13.64µm
_05471_,13.64µm
_07669_,13.64µm
_09499_,13.64µm
_10814_,13.64µm
_12214_,13.64µm
_13937_,13.64µm
_17876_,13.64µm
_19893_,13.64µm
_20357_,13.64µm
_21474_,13.64µm
net2993,13.64µm
_03717_,13.62µm
_06629_,13.62µm
_08185_,13.62µm
_08274_,13.62µm
_10242_,13.62µm
_16250_,13.62µm
_16712_,13.62µm
_17642_,13.62µm
_20368_,13.62µm
_20536_,13.62µm
mult_buffer.out\[36\],13.62µm
multiplier_instance.PPG.genblk1\[13\].masked\[21\],13.62µm
_03584_,13.6µm
_06425_,13.6µm
_07085_,13.6µm
_08488_,13.6µm
_08697_,13.6µm
_10902_,13.6µm
_12224_,13.6µm
_15060_,13.6µm
_15257_,13.6µm
_15436_,13.6µm
_15598_,13.6µm
multiplier_instance.TT.genblk1\[6\].CSA1.B\[19\],13.6µm
reorder_buf_instance.array\[9\]\[10\],13.595µm
_02024_,13.585µm
_02575_,13.58µm
_06959_,13.58µm
_09193_,13.58µm
_10981_,13.58µm
_21561_,13.58µm
net2792,13.58µm
_03175_,13.56µm
_06558_,13.56µm
_09807_,13.56µm
_10818_,13.56µm
_11043_,13.56µm
_12831_,13.56µm
_16941_,13.56µm
_20114_,13.56µm
div_mantisa\[13\],13.56µm
net2824,13.56µm
net3223,13.56µm
_07156_,13.555µm
_15606_,13.55µm
_02163_,13.545µm
_04194_,13.545µm
_09614_,13.545µm
_02568_,13.54µm
_05552_,13.54µm
_05812_,13.54µm
_08277_,13.54µm
_12358_,13.54µm
_14471_,13.54µm
_16037_,13.54µm
_17754_,13.54µm
_19772_,13.54µm
_21095_,13.54µm
mult_expB\[3\],13.54µm
multiplier_instance.TT.CPA.sum\[44\],13.54µm
net2963,13.54µm
_05663_,13.52µm
_06436_,13.52µm
_13004_,13.52µm
_13909_,13.52µm
_14072_,13.52µm
_14188_,13.52µm
_14402_,13.52µm
_15939_,13.52µm
_19017_,13.52µm
_19729_,13.52µm
_21512_,13.52µm
reorder_buf_instance.array\[3\]\[1\],13.52µm
_01778_,13.505µm
_02306_,13.505µm
_03479_,13.5µm
_06791_,13.5µm
_06803_,13.5µm
_08250_,13.5µm
_08591_,13.5µm
_12693_,13.5µm
_14889_,13.5µm
_17257_,13.5µm
_20445_,13.5µm
adder_buffer.value\[2\],13.5µm
mult_buffer.array\[2\]\[36\],13.5µm
reorder_buf_instance.array\[10\]\[9\],13.5µm
net2296,13.5µm
net2417,13.5µm
_02890_,13.48µm
_05110_,13.48µm
_05258_,13.48µm
_06068_,13.48µm
_07065_,13.48µm
_07352_,13.48µm
_07572_,13.48µm
_07761_,13.48µm
_12735_,13.48µm
_12860_,13.48µm
_14031_,13.48µm
_18141_,13.48µm
_21141_,13.48µm
_03808_,13.46µm
_05591_,13.46µm
_06698_,13.46µm
_07614_,13.46µm
_07759_,13.46µm
_14213_,13.46µm
_16022_,13.46µm
_20734_,13.46µm
reorder_buf_instance.array\[0\]\[26\],13.46µm
_01586_,13.455µm
_09918_,13.455µm
_00054_,13.44µm
_03412_,13.44µm
_10272_,13.44µm
_12093_,13.44µm
_17780_,13.44µm
_21319_,13.44µm
_21463_,13.44µm
adder_buffer.array\[0\]\[18\],13.44µm
reorder_buf_instance.array\[9\]\[6\],13.44µm
_03986_,13.425µm
_04955_,13.42µm
_07382_,13.42µm
_11405_,13.42µm
_15219_,13.42µm
_16153_,13.42µm
_17219_,13.42µm
_17775_,13.42µm
_18116_,13.42µm
_18893_,13.42µm
reorder_buf_instance.array\[6\]\[0\],13.42µm
_01003_,13.4µm
_03691_,13.4µm
_04679_,13.4µm
_10729_,13.4µm
_13727_,13.4µm
_14193_,13.4µm
_16050_,13.4µm
_20439_,13.4µm
_21401_,13.4µm
net206,13.4µm
_03092_,13.38µm
_03976_,13.38µm
_05759_,13.38µm
_05932_,13.38µm
_06499_,13.38µm
_06522_,13.38µm
_08233_,13.38µm
_08825_,13.38µm
_09724_,13.38µm
_12219_,13.38µm
_14020_,13.38µm
_14119_,13.38µm
_14187_,13.38µm
_14504_,13.38µm
_17250_,13.38µm
_20116_,13.38µm
_20642_,13.38µm
_01150_,13.365µm
_02338_,13.365µm
reorder_buf_instance.array\[9\]\[13\],13.365µm
_06882_,13.36µm
_09049_,13.36µm
_11854_,13.36µm
_12691_,13.36µm
_15160_,13.36µm
_20701_,13.36µm
div_buffer.array\[1\]\[32\],13.36µm
multiplier_instance.s3_sum\[27\],13.36µm
_08873_,13.34µm
_09156_,13.34µm
_09879_,13.34µm
_10019_,13.34µm
_12256_,13.34µm
_12686_,13.34µm
_12789_,13.34µm
_13364_,13.34µm
_15158_,13.34µm
_16656_,13.34µm
_18654_,13.34µm
_20099_,13.34µm
_21281_,13.34µm
final_out[18],13.33µm
_12357_,13.325µm
_04740_,13.32µm
_05796_,13.32µm
_06285_,13.32µm
_09292_,13.32µm
_16764_,13.32µm
multiplier_instance.s1_exp_a\[4\],13.32µm
_21097_,13.315µm
_05869_,13.31µm
_13185_,13.305µm
_02982_,13.3µm
_04329_,13.3µm
_07365_,13.3µm
_08521_,13.3µm
_10749_,13.3µm
_11569_,13.3µm
_15081_,13.3µm
_15592_,13.3µm
_18086_,13.3µm
_19333_,13.3µm
_21358_,13.3µm
multiplier_instance.PPG.genblk1\[6\].masked\[21\],13.3µm
_07037_,13.29µm
_01178_,13.285µm
adder_buffer.array\[2\]\[5\],13.285µm
_04243_,13.28µm
_08483_,13.28µm
_10967_,13.28µm
_11157_,13.28µm
_11453_,13.28µm
_15373_,13.28µm
_19442_,13.27µm
_02030_,13.265µm
reorder_buf_instance.array\[5\]\[13\],13.265µm
_03438_,13.26µm
_04324_,13.26µm
_04408_,13.26µm
_04706_,13.26µm
_04926_,13.26µm
_06380_,13.26µm
_06777_,13.26µm
_07957_,13.26µm
_11448_,13.26µm
_13424_,13.26µm
_13442_,13.26µm
_14335_,13.26µm
_17278_,13.26µm
_18971_,13.26µm
_18992_,13.26µm
_19074_,13.26µm
_19714_,13.26µm
_19996_,13.26µm
_21286_,13.26µm
_21531_,13.26µm
mult_expB\[6\],13.26µm
net2911,13.26µm
adder_buffer.array\[2\]\[9\],13.25µm
adder_buffer.array\[2\]\[21\],13.245µm
_05446_,13.24µm
multiplier_instance.TT.genblk1\[6\].CSA1.B\[23\],13.24µm
final_out[2],13.23µm
_00968_,13.225µm
_02601_,13.22µm
_03067_,13.22µm
_06088_,13.22µm
_06635_,13.22µm
_11155_,13.22µm
_12285_,13.22µm
_15988_,13.22µm
adder_instance.mantisaBshift\[38\],13.22µm
reorder_buf_instance.array\[12\]\[11\],13.22µm
_03577_,13.2µm
_04861_,13.2µm
_14240_,13.2µm
_15525_,13.2µm
_18179_,13.2µm
_18792_,13.2µm
multiplier_instance.TT.genblk1\[4\].CSA1.B\[24\],13.2µm
_07852_,13.19µm
_02358_,13.185µm
_05111_,13.185µm
_07951_,13.185µm
_14270_,13.185µm
_04701_,13.18µm
_06246_,13.18µm
_07264_,13.18µm
_07740_,13.18µm
_08090_,13.18µm
_09851_,13.18µm
_10034_,13.18µm
_11055_,13.18µm
_12268_,13.18µm
_13001_,13.18µm
_20562_,13.18µm
_20673_,13.18µm
_21371_,13.18µm
reorder_buf_instance.array\[4\]\[24\],13.18µm
net2308,13.18µm
_15235_,13.17µm
_01818_,13.16µm
_04633_,13.16µm
_05880_,13.16µm
_06463_,13.16µm
_09110_,13.16µm
_10148_,13.16µm
_10485_,13.16µm
_10919_,13.16µm
_16081_,13.16µm
_16443_,13.16µm
_17666_,13.16µm
_18207_,13.16µm
_18500_,13.16µm
_20627_,13.16µm
add_signA,13.16µm
multiplier_instance.TT.genblk1\[2\].CSA1.A\[7\],13.16µm
_06262_,13.155µm
_01566_,13.145µm
_02205_,13.14µm
_04117_,13.14µm
_06306_,13.14µm
_09863_,13.14µm
_10036_,13.14µm
_12729_,13.14µm
_14937_,13.14µm
_15201_,13.14µm
_15267_,13.14µm
_15418_,13.14µm
_18796_,13.14µm
_02475_,13.125µm
_05202_,13.12µm
_12314_,13.12µm
_13264_,13.12µm
_15697_,13.12µm
_20044_,13.12µm
_20936_,13.12µm
net3100,13.12µm
_03669_,13.1µm
_05684_,13.1µm
_06143_,13.1µm
_08549_,13.1µm
_13093_,13.1µm
_16287_,13.1µm
_16603_,13.1µm
_17150_,13.1µm
_18608_,13.1µm
_04302_,13.08µm
_06226_,13.08µm
_08690_,13.08µm
_10142_,13.08µm
_13706_,13.08µm
_14651_,13.08µm
_16438_,13.08µm
_17686_,13.08µm
_18166_,13.08µm
_18404_,13.08µm
adder_buffer.array\[0\]\[12\],13.08µm
div_mantisaB\[6\],13.08µm
multiplier_instance.TT.genblk1\[7\].CSA1.B\[27\],13.08µm
reorder_buf_instance.array\[8\]\[30\],13.08µm
_07893_,13.075µm
_21123_,13.075µm
_21466_,13.065µm
_05461_,13.06µm
_06249_,13.06µm
_07518_,13.06µm
_07606_,13.06µm
_09551_,13.06µm
_09940_,13.06µm
_10857_,13.06µm
_14902_,13.06µm
_14997_,13.06µm
_17952_,13.06µm
_19618_,13.06µm
_20115_,13.06µm
_21586_,13.06µm
reorder_buf_instance.array\[10\]\[5\],13.06µm
_13182_,13.05µm
_02005_,13.045µm
adder_buffer.array\[2\]\[17\],13.045µm
_05073_,13.04µm
_08675_,13.04µm
_10537_,13.04µm
_11566_,13.04µm
_13856_,13.04µm
_14082_,13.04µm
_14724_,13.04µm
_15309_,13.04µm
_17189_,13.04µm
_17589_,13.04µm
_17816_,13.04µm
_18492_,13.04µm
divider_instance.mantisaB0\[4\],13.04µm
divider_instance.mantisaBshift\[3\],13.04µm
mult_mantisaA\[17\],13.04µm
multiplier_instance.PPG.A\[6\],13.04µm
reorder_buf_instance.array\[12\]\[25\],13.04µm
reorder_buf_instance.array\[6\]\[5\],13.04µm
_03272_,13.02µm
_03482_,13.02µm
_06847_,13.02µm
_07205_,13.02µm
_08447_,13.02µm
_11369_,13.02µm
_11848_,13.02µm
_15116_,13.02µm
_16224_,13.02µm
_18212_,13.02µm
_18463_,13.02µm
_18590_,13.02µm
_19909_,13.02µm
adder_buffer.array\[0\]\[21\],13.02µm
multiplier_instance.TT.genblk1\[7\].CSA1.B\[42\],13.02µm
_04605_,13.01µm
_01322_,13.005µm
_02984_,13µm
_03114_,13µm
_05651_,13µm
_05673_,13µm
_06151_,13µm
_09731_,13µm
_10701_,13µm
_16155_,13µm
_17138_,13µm
_19447_,13µm
_19944_,13µm
_19984_,13µm
_21685_,13µm
net3102,13µm
_04132_,12.995µm
_21486_,12.995µm
final_out[15],12.99µm
_05187_,12.98µm
_09378_,12.98µm
_11304_,12.98µm
_11879_,12.98µm
a[5],12.98µm
multiplier_instance.TT.genblk1\[0\].CSA1.A\[11\],12.98µm
multiplier_instance.TT.genblk1\[2\].CSA1.A\[19\],12.98µm
final_out[16],12.97µm
_02581_,12.96µm
_02903_,12.96µm
_02917_,12.96µm
_03184_,12.96µm
_06494_,12.96µm
_07056_,12.96µm
_07421_,12.96µm
_07695_,12.96µm
_08133_,12.96µm
_09554_,12.96µm
_10883_,12.96µm
_11207_,12.96µm
_11260_,12.96µm
_12689_,12.96µm
_13015_,12.96µm
_13171_,12.96µm
_15479_,12.96µm
_16470_,12.96µm
_20432_,12.96µm
_21226_,12.96µm
multiplier_instance.TT.genblk1\[0\].CSA1.B\[3\],12.96µm
_01376_,12.945µm
_05255_,12.945µm
reorder_buf_instance.array\[13\]\[11\],12.945µm
_04645_,12.94µm
_05555_,12.94µm
_10739_,12.94µm
_10794_,12.94µm
_12318_,12.94µm
_14227_,12.94µm
_15785_,12.94µm
_17924_,12.94µm
_19093_,12.94µm
_19476_,12.94µm
div_buffer.array\[2\]\[36\],12.93µm
_03098_,12.92µm
_06031_,12.92µm
_06665_,12.92µm
_09389_,12.92µm
_09937_,12.92µm
_10275_,12.92µm
_10652_,12.92µm
_12540_,12.92µm
_12952_,12.92µm
_15181_,12.92µm
_15556_,12.92µm
_18256_,12.92µm
_20435_,12.92µm
_20924_,12.92µm
_21144_,12.92µm
reorder_buf_instance.array\[8\]\[10\],12.92µm
net2667,12.92µm
_06309_,12.9µm
_06991_,12.9µm
_07332_,12.9µm
_07963_,12.9µm
_08603_,12.9µm
_08695_,12.9µm
_09183_,12.9µm
_13867_,12.9µm
_17030_,12.9µm
_18221_,12.9µm
reorder_buf_instance.array\[13\]\[17\],12.9µm
_02263_,12.885µm
_03471_,12.88µm
_04476_,12.88µm
_04625_,12.88µm
_05102_,12.88µm
_05203_,12.88µm
_05428_,12.88µm
_05807_,12.88µm
_06567_,12.88µm
_07779_,12.88µm
_07851_,12.88µm
_07994_,12.88µm
_08805_,12.88µm
_10389_,12.88µm
_11582_,12.88µm
_12347_,12.88µm
_13908_,12.88µm
_14639_,12.88µm
_14978_,12.88µm
_17154_,12.88µm
_17760_,12.88µm
adder_buffer.array\[3\]\[35\],12.88µm
adder_instance.expmiddlea\[2\],12.88µm
multiplier_instance.TT.genblk1\[4\].CSA1.C\[24\],12.88µm
net2263,12.88µm
net2402,12.88µm
_01282_,12.865µm
_02390_,12.86µm
_05012_,12.86µm
_07772_,12.86µm
_08904_,12.86µm
_12954_,12.86µm
_16385_,12.86µm
_20692_,12.855µm
_03754_,12.84µm
_13652_,12.84µm
_13998_,12.84µm
_14683_,12.84µm
_15445_,12.84µm
_18418_,12.84µm
_21727_,12.84µm
adder_buffer.array\[3\]\[11\],12.84µm
multiplier_instance.TT.genblk1\[2\].CSA1.A\[22\],12.84µm
reorder_buf_instance.array\[0\]\[1\],12.84µm
reorder_buf_instance.array\[7\]\[22\],12.84µm
reorder_buf_instance.array\[7\]\[3\],12.84µm
clknet_leaf_2_clk,12.84µm
_18598_,12.835µm
_19462_,12.83µm
_08748_,12.82µm
_09429_,12.82µm
_13487_,12.82µm
_13644_,12.82µm
_18748_,12.82µm
_18765_,12.82µm
multiplier_instance.TT.genblk1\[0\].CSA1.C\[10\],12.82µm
reorder_buf_instance.array\[1\]\[13\],12.82µm
_15335_,12.81µm
_01170_,12.805µm
_04749_,12.805µm
adder_buffer.array\[2\]\[27\],12.805µm
reorder_buf_instance.array\[1\]\[30\],12.805µm
reorder_buf_instance.array\[9\]\[16\],12.805µm
_02678_,12.8µm
_05333_,12.8µm
_07338_,12.8µm
_07390_,12.8µm
_08290_,12.8µm
_08418_,12.8µm
_09709_,12.8µm
_10335_,12.8µm
_10802_,12.8µm
_10812_,12.8µm
_11739_,12.8µm
_13498_,12.8µm
_16043_,12.8µm
_16838_,12.8µm
_18811_,12.8µm
_19985_,12.8µm
_20485_,12.8µm
_20570_,12.8µm
_20864_,12.8µm
_21471_,12.8µm
div_mantisaA\[9\],12.8µm
multiplier_instance.TT.genblk1\[2\].CSA1.A\[8\],12.8µm
multiplier_instance.TT.genblk1\[3\].CSA1.A\[19\],12.8µm
reorder_buf_instance.array\[10\]\[26\],12.8µm
reorder_buf_instance.array\[8\]\[9\],12.8µm
_12165_,12.795µm
_20285_,12.795µm
_21057_,12.795µm
_00646_,12.79µm
_05433_,12.79µm
_07413_,12.78µm
_14500_,12.78µm
_14703_,12.78µm
_15612_,12.78µm
_21458_,12.78µm
adder_buffer.array\[2\]\[25\],12.765µm
_03714_,12.76µm
_08373_,12.76µm
_11326_,12.76µm
_12398_,12.76µm
_12779_,12.76µm
_13188_,12.76µm
_17736_,12.76µm
_19565_,12.76µm
_21758_,12.76µm
multiplier_instance.TT.genblk1\[3\].CSA1.A\[28\],12.76µm
reorder_buf_instance.array\[6\]\[4\],12.76µm
reorder_buf_instance.array\[7\]\[21\],12.76µm
net2773,12.76µm
_07481_,12.75µm
_06146_,12.74µm
_08265_,12.74µm
_10331_,12.74µm
_14450_,12.74µm
_16150_,12.74µm
_16522_,12.74µm
_19506_,12.74µm
divider_instance.four_man\[33\],12.74µm
_02742_,12.73µm
_03107_,12.73µm
_16217_,12.73µm
_14105_,12.725µm
_20015_,12.725µm
_04263_,12.72µm
_06149_,12.72µm
_09897_,12.72µm
_12303_,12.72µm
_12344_,12.72µm
_12953_,12.72µm
_13283_,12.72µm
_13745_,12.72µm
_14666_,12.72µm
_14746_,12.72µm
_17244_,12.72µm
_18734_,12.72µm
_19579_,12.72µm
_20134_,12.72µm
_21165_,12.72µm
reorder_buf_instance.array\[8\]\[7\],12.72µm
multiplier_instance.TT.genblk1\[3\].CSA1.A\[22\],12.71µm
_06995_,12.7µm
_08692_,12.7µm
_09039_,12.7µm
_10452_,12.7µm
_15461_,12.7µm
_16856_,12.7µm
_19736_,12.7µm
_21230_,12.7µm
div_exp\[6\],12.7µm
div_mantisaA\[0\],12.7µm
mult_buffer.out\[37\],12.7µm
_18098_,12.695µm
_05163_,12.68µm
_07129_,12.68µm
_09883_,12.68µm
_10112_,12.68µm
_10603_,12.68µm
_14445_,12.68µm
_17117_,12.68µm
_19384_,12.68µm
_20280_,12.68µm
_20649_,12.68µm
mult_expA\[0\],12.68µm
reorder_buf_instance.array\[10\]\[15\],12.68µm
reorder_buf_instance.array\[10\]\[2\],12.68µm
reorder_buf_instance.array\[14\]\[2\],12.68µm
reorder_buf_instance.array\[15\]\[11\],12.68µm
reorder_buf_instance.array\[1\]\[8\],12.675µm
_02193_,12.665µm
_01971_,12.66µm
_03033_,12.66µm
_03802_,12.66µm
_04835_,12.66µm
_06657_,12.66µm
_12797_,12.66µm
_16140_,12.66µm
_16405_,12.66µm
_16959_,12.66µm
_20061_,12.66µm
_20506_,12.66µm
_20985_,12.66µm
net2380,12.66µm
_04307_,12.65µm
multiplier_instance.TT.genblk1\[6\].CSA1.C\[28\],12.65µm
_02734_,12.64µm
_07077_,12.64µm
_07622_,12.64µm
_10003_,12.64µm
_10086_,12.64µm
_16498_,12.64µm
_19242_,12.64µm
_19499_,12.64µm
_20097_,12.64µm
_21119_,12.64µm
_03593_,12.62µm
_06245_,12.62µm
_06895_,12.62µm
_10072_,12.62µm
_11403_,12.62µm
_12234_,12.62µm
_12625_,12.62µm
_12662_,12.62µm
_13401_,12.62µm
_13901_,12.62µm
_16579_,12.62µm
_17675_,12.62µm
_18115_,12.62µm
_19648_,12.62µm
_20871_,12.62µm
c[30],12.62µm
net2817,12.62µm
_14954_,12.61µm
final_out[30],12.61µm
_09801_,12.6µm
_11470_,12.6µm
_12760_,12.6µm
_14107_,12.6µm
_14533_,12.6µm
_16305_,12.6µm
_19000_,12.6µm
reorder_buf_instance.array\[1\]\[19\],12.6µm
net2764,12.6µm
_13921_,12.585µm
adder_buffer.array\[2\]\[19\],12.585µm
_03640_,12.58µm
_03973_,12.58µm
_08235_,12.58µm
_10179_,12.58µm
_11267_,12.58µm
_14872_,12.58µm
_15660_,12.58µm
_17955_,12.58µm
_19799_,12.58µm
_20169_,12.58µm
_21397_,12.58µm
multiplier_instance.TT.genblk1\[6\].CSA1.A\[35\],12.58µm
_05455_,12.56µm
_05675_,12.56µm
_07831_,12.56µm
_08386_,12.56µm
_08421_,12.56µm
_10085_,12.56µm
_16736_,12.56µm
_18632_,12.56µm
_19388_,12.56µm
_19852_,12.56µm
_20625_,12.56µm
adder_buffer.array\[1\]\[26\],12.56µm
_19931_,12.555µm
_02839_,12.54µm
_03473_,12.54µm
_06919_,12.54µm
_09901_,12.54µm
_11703_,12.54µm
_12698_,12.54µm
_12721_,12.54µm
_15938_,12.54µm
_17711_,12.54µm
_18838_,12.54µm
_03930_,12.52µm
_04145_,12.52µm
_04319_,12.52µm
_07836_,12.52µm
_07845_,12.52µm
_09034_,12.52µm
_11149_,12.52µm
_19472_,12.52µm
_19732_,12.52µm
_03490_,12.5µm
_04894_,12.5µm
_05170_,12.5µm
_05366_,12.5µm
_06098_,12.5µm
_08378_,12.5µm
_11786_,12.5µm
_11950_,12.5µm
_12162_,12.5µm
_12316_,12.5µm
_12758_,12.5µm
_13868_,12.5µm
_16521_,12.5µm
_16858_,12.5µm
_17291_,12.5µm
_17712_,12.5µm
_18612_,12.5µm
_18864_,12.5µm
_19896_,12.5µm
_20075_,12.5µm
_20680_,12.5µm
_21312_,12.5µm
multiplier_instance.TT.genblk1\[3\].CSA1.B\[27\],12.5µm
multiplier_instance.TT.genblk1\[3\].CSA1.C\[26\],12.5µm
reorder_buf_instance.array\[2\]\[21\],12.5µm
net2552,12.5µm
net2745,12.5µm
_12062_,12.495µm
_06769_,12.48µm
_07408_,12.48µm
_07535_,12.48µm
_07780_,12.48µm
_11003_,12.48µm
_11827_,12.48µm
_12053_,12.48µm
_13825_,12.48µm
_14729_,12.48µm
_15244_,12.48µm
_15918_,12.48µm
_18031_,12.48µm
_19180_,12.48µm
_21002_,12.48µm
reorder_buf_instance.array\[4\]\[2\],12.48µm
_15738_,12.47µm
_02431_,12.465µm
_00849_,12.46µm
_08176_,12.46µm
_21331_,12.46µm
divider_instance.expadd\[2\],12.46µm
adder_buffer.array\[2\]\[2\],12.445µm
_06456_,12.44µm
_10009_,12.44µm
_11010_,12.44µm
_12873_,12.44µm
reorder_buf_instance.array\[1\]\[7\],12.44µm
_01613_,12.425µm
reorder_buf_instance.array\[5\]\[31\],12.425µm
_03706_,12.42µm
_05198_,12.42µm
_05276_,12.42µm
_05318_,12.42µm
_07864_,12.42µm
_10029_,12.42µm
_11047_,12.42µm
_12064_,12.42µm
_16742_,12.42µm
_19372_,12.42µm
_21035_,12.42µm
adder_buffer.array\[3\]\[19\],12.42µm
reorder_buf_instance.array\[8\]\[18\],12.42µm
_00015_,12.4µm
_06215_,12.4µm
_12744_,12.4µm
_13321_,12.4µm
_13759_,12.4µm
c[25],12.4µm
multiplier_instance.TT.genblk1\[1\].CSA1.A\[18\],12.4µm
multiplier_instance.s3_sum\[42\],12.4µm
_02279_,12.385µm
_00979_,12.38µm
_03453_,12.38µm
_05271_,12.38µm
_06786_,12.38µm
_09165_,12.38µm
_12334_,12.38µm
_14801_,12.38µm
_15045_,12.38µm
_17946_,12.38µm
_21551_,12.38µm
_07764_,12.37µm
_08683_,12.37µm
_03164_,12.36µm
_03914_,12.36µm
_08518_,12.36µm
_15820_,12.36µm
_16285_,12.36µm
_18349_,12.36µm
_18945_,12.36µm
_21459_,12.36µm
adder_buffer.array\[0\]\[31\],12.36µm
_03736_,12.34µm
_03927_,12.34µm
_04246_,12.34µm
_05138_,12.34µm
_06107_,12.34µm
_06155_,12.34µm
_06467_,12.34µm
_06514_,12.34µm
_10806_,12.34µm
_11644_,12.34µm
_12183_,12.34µm
_14490_,12.34µm
_16141_,12.34µm
_16176_,12.34µm
_16199_,12.34µm
_18037_,12.34µm
_19921_,12.34µm
_20832_,12.34µm
_21042_,12.34µm
multiplier_instance.TT.genblk1\[6\].CSA1.A\[27\],12.34µm
reorder_buf_instance.array\[12\]\[20\],12.34µm
net310,12.34µm
_03501_,12.32µm
_10321_,12.32µm
_16063_,12.32µm
_19451_,12.32µm
_20479_,12.32µm
_20572_,12.32µm
adder_buffer.array\[1\]\[37\],12.32µm
multiplier_instance.TT.genblk1\[1\].CSA1.B\[10\],12.32µm
multiplier_instance.TT.genblk1\[6\].CSA1.B\[32\],12.32µm
_05980_,12.3µm
_08343_,12.3µm
_09164_,12.3µm
_09192_,12.3µm
_09748_,12.3µm
_12107_,12.3µm
_13471_,12.3µm
_15945_,12.3µm
_18009_,12.3µm
_19073_,12.3µm
_19570_,12.3µm
_19766_,12.3µm
_20818_,12.3µm
_01548_,12.285µm
_01792_,12.285µm
_05017_,12.28µm
_07120_,12.28µm
_07821_,12.28µm
_11993_,12.28µm
_15960_,12.28µm
divider_instance.four_man\[28\],12.28µm
divider_instance.four_man\[31\],12.28µm
multiplier_instance.TT.genblk1\[1\].CSA1.A\[26\],12.28µm
reorder_buf_instance.array\[14\]\[13\],12.28µm
net2254,12.28µm
net2983,12.28µm
net3330,12.28µm
final_out[4],12.27µm
_02106_,12.265µm
_03729_,12.26µm
_05227_,12.26µm
_06092_,12.26µm
_06487_,12.26µm
_06725_,12.26µm
_07560_,12.26µm
_07910_,12.26µm
_08288_,12.26µm
_13435_,12.26µm
_17524_,12.26µm
_20736_,12.26µm
multiplier_instance.TT.genblk1\[5\].CSA1.B\[19\],12.26µm
net2285,12.26µm
_07483_,12.25µm
_05902_,12.24µm
_07705_,12.24µm
_10521_,12.24µm
_10973_,12.24µm
_11442_,12.24µm
_14174_,12.24µm
_14359_,12.24µm
_16420_,12.24µm
_18525_,12.24µm
_18873_,12.24µm
_20727_,12.24µm
_21355_,12.24µm
_07362_,12.23µm
_05140_,12.22µm
_06131_,12.22µm
_06813_,12.22µm
_06903_,12.22µm
_07244_,12.22µm
_10455_,12.22µm
_10582_,12.22µm
_12401_,12.22µm
_16177_,12.22µm
_16394_,12.22µm
_20647_,12.22µm
_20883_,12.22µm
multiplier_instance.TT.genblk1\[0\].CSA1.A\[5\],12.22µm
multiplier_instance.TT.genblk1\[6\].CSA1.B\[22\],12.22µm
reorder_buf_instance.array\[6\]\[22\],12.22µm
reorder_buf_instance.full,12.22µm
_07455_,12.215µm
_05698_,12.2µm
_08301_,12.2µm
_11239_,12.2µm
_11795_,12.2µm
_12641_,12.2µm
_13067_,12.2µm
_13616_,12.2µm
_15270_,12.2µm
_15322_,12.2µm
_17486_,12.2µm
_18580_,12.2µm
_18962_,12.2µm
_20412_,12.2µm
_20581_,12.2µm
_06373_,12.18µm
_09601_,12.18µm
_10333_,12.18µm
_10628_,12.18µm
_11515_,12.18µm
_14812_,12.18µm
_16762_,12.18µm
_16797_,12.18µm
_17787_,12.18µm
divider_instance.four_man\[17\],12.18µm
divider_instance.four_man\[23\],12.18µm
reorder_buf_instance.array\[12\]\[4\],12.18µm
_02511_,12.175µm
_18415_,12.175µm
_01169_,12.165µm
_04461_,12.16µm
_06641_,12.16µm
_10829_,12.16µm
_10933_,12.16µm
_12745_,12.16µm
_14123_,12.16µm
_15937_,12.16µm
_16236_,12.16µm
_16658_,12.16µm
_17408_,12.16µm
_17618_,12.16µm
_19998_,12.16µm
_20314_,12.16µm
multiplier_instance.TT.genblk1\[1\].CSA1.A\[10\],12.16µm
multiplier_instance.s3_sum\[45\],12.16µm
reorder_buf_instance.array\[7\]\[24\],12.16µm
_08595_,12.15µm
multiplier_instance.TT.genblk1\[6\].CSA1.A\[23\],12.15µm
_04227_,12.14µm
_08198_,12.14µm
_08451_,12.14µm
_11846_,12.14µm
_12468_,12.14µm
_12826_,12.14µm
_13306_,12.14µm
_14841_,12.14µm
adder_instance.mantisaA0\[9\],12.14µm
mult_mantisaB\[20\],12.14µm
reorder_buf_instance.array\[4\]\[16\],12.14µm
_02991_,12.12µm
_03279_,12.12µm
_04552_,12.12µm
_07943_,12.12µm
_11990_,12.12µm
_12101_,12.12µm
_12387_,12.12µm
_12793_,12.12µm
_13081_,12.12µm
_13855_,12.12µm
_16416_,12.12µm
_18932_,12.12µm
_19277_,12.105µm
_08180_,12.1µm
_09075_,12.1µm
_10523_,12.1µm
_11121_,12.1µm
_11200_,12.1µm
_11890_,12.1µm
_12230_,12.1µm
_12444_,12.1µm
_12827_,12.1µm
_12993_,12.1µm
_13102_,12.1µm
_14237_,12.1µm
_17980_,12.1µm
_20611_,12.1µm
_21735_,12.1µm
_12211_,12.095µm
_02394_,12.085µm
_03684_,12.08µm
_05499_,12.08µm
_08355_,12.08µm
_08458_,12.08µm
_12063_,12.08µm
_13627_,12.08µm
_13942_,12.08µm
_15102_,12.08µm
_17574_,12.08µm
_19122_,12.08µm
_19187_,12.08µm
_19496_,12.08µm
adder_buffer.array\[2\]\[10\],12.07µm
_05266_,12.06µm
_07688_,12.06µm
_09896_,12.06µm
_12372_,12.06µm
mult_mantisaA\[0\],12.06µm
reorder_buf_instance.array\[5\]\[1\],12.06µm
net3105,12.06µm
_02849_,12.04µm
_03435_,12.04µm
_05955_,12.04µm
_08252_,12.04µm
_08410_,12.04µm
_08952_,12.04µm
_09062_,12.04µm
_12099_,12.04µm
_12223_,12.04µm
_12554_,12.04µm
_12568_,12.04µm
_12927_,12.04µm
_13138_,12.04µm
_14614_,12.04µm
_15743_,12.04µm
_19373_,12.04µm
multiplier_instance.TT.genblk1\[3\].CSA1.B\[21\],12.04µm
multiplier_instance.TT.genblk1\[5\].CSA1.C\[17\],12.04µm
reorder_buf_instance.array\[12\]\[22\],12.04µm
net2252,12.04µm
multiplier_instance.TT.genblk1\[4\].CSA1.C\[30\],12.03µm
_10637_,12.025µm
_03497_,12.02µm
_03507_,12.02µm
_05070_,12.02µm
_05201_,12.02µm
_09891_,12.02µm
_13161_,12.02µm
_16101_,12.02µm
_19188_,12.02µm
reorder_buf_instance.array\[10\]\[8\],12.02µm
_04341_,12.005µm
reorder_buf_instance.array\[5\]\[14\],12.005µm
_06633_,12µm
_09343_,12µm
_12699_,12µm
_13398_,12µm
_14308_,12µm
_17572_,12µm
_07755_,11.985µm
_03290_,11.98µm
_12816_,11.98µm
_13894_,11.98µm
_17614_,11.98µm
_20848_,11.98µm
_21078_,11.98µm
_21182_,11.98µm
_21431_,11.98µm
_21440_,11.98µm
_01182_,11.965µm
reorder_buf_instance.array\[1\]\[27\],11.965µm
_02835_,11.96µm
_05734_,11.96µm
_06757_,11.96µm
_08182_,11.96µm
_09079_,11.96µm
_09729_,11.96µm
_11875_,11.96µm
_14314_,11.96µm
_14363_,11.96µm
_15059_,11.96µm
_18665_,11.96µm
_20766_,11.96µm
_20862_,11.96µm
_21229_,11.96µm
adder_buffer.array\[1\]\[25\],11.96µm
reorder_buf_instance.array\[4\]\[6\],11.96µm
_02308_,11.945µm
_08898_,11.945µm
_07145_,11.94µm
_08127_,11.94µm
_08147_,11.94µm
_16977_,11.94µm
_17409_,11.94µm
_19773_,11.94µm
a[7],11.94µm
c[6],11.94µm
_04714_,11.93µm
_06766_,11.93µm
_20675_,11.93µm
_05519_,11.92µm
_05699_,11.92µm
_05924_,11.92µm
_06663_,11.92µm
_09645_,11.92µm
_10680_,11.92µm
_11667_,11.92µm
_13988_,11.92µm
_21277_,11.92µm
reorder_buf_instance.array\[8\]\[19\],11.92µm
_11404_,11.91µm
_01113_,11.905µm
reorder_buf_instance.array\[9\]\[21\],11.905µm
_04093_,11.9µm
_11311_,11.9µm
_15993_,11.9µm
_18139_,11.9µm
_19468_,11.9µm
_20456_,11.9µm
_09982_,11.89µm
_01493_,11.885µm
_00002_,11.88µm
_04273_,11.88µm
_04558_,11.88µm
_04885_,11.88µm
_06082_,11.88µm
_07597_,11.88µm
_07754_,11.88µm
_07880_,11.88µm
_10143_,11.88µm
_11291_,11.88µm
_19115_,11.88µm
_20796_,11.88µm
_20851_,11.88µm
adder_buffer.array\[3\]\[4\],11.88µm
reorder_buf_instance.array\[11\]\[14\],11.88µm
reorder_buf_instance.array\[14\]\[12\],11.88µm
reorder_buf_instance.array\[15\]\[10\],11.88µm
reorder_buf_instance.array\[8\]\[31\],11.88µm
reorder_buf_instance.value1\[12\],11.88µm
_08648_,11.87µm
_20641_,11.87µm
_10015_,11.865µm
_05410_,11.86µm
_06446_,11.86µm
_12764_,11.86µm
_13035_,11.86µm
_13089_,11.86µm
_19426_,11.86µm
_21417_,11.86µm
adder_buffer.array\[2\]\[34\],11.85µm
_00997_,11.845µm
_03574_,11.84µm
_04425_,11.84µm
_07401_,11.84µm
_07405_,11.84µm
_07699_,11.84µm
_11071_,11.84µm
_12748_,11.84µm
_13159_,11.84µm
_13311_,11.84µm
_13915_,11.84µm
_15761_,11.84µm
_16004_,11.84µm
_19195_,11.84µm
_19444_,11.84µm
_20754_,11.84µm
_21116_,11.84µm
reorder_buf_instance.array\[7\]\[8\],11.84µm
net2743,11.84µm
_07654_,11.82µm
_08916_,11.82µm
_13558_,11.82µm
_15150_,11.82µm
_16482_,11.82µm
_16525_,11.82µm
_17384_,11.82µm
_17396_,11.82µm
_17738_,11.82µm
_19838_,11.82µm
mult_mantisaA\[18\],11.82µm
net2169,11.82µm
net3049,11.82µm
_02294_,11.805µm
_04421_,11.8µm
_07319_,11.8µm
_07378_,11.8µm
_07827_,11.8µm
_09340_,11.8µm
_10011_,11.8µm
_14543_,11.8µm
_15371_,11.8µm
_18126_,11.8µm
_19382_,11.8µm
_20374_,11.8µm
_20898_,11.8µm
_21593_,11.8µm
mult_mantisaB\[2\],11.8µm
multiplier_instance.TT.genblk1\[1\].CSA1.B\[23\],11.8µm
multiplier_instance.TT.genblk1\[5\].CSA1.A\[31\],11.8µm
net2898,11.8µm
net2920,11.8µm
_13846_,11.79µm
_15673_,11.79µm
_02447_,11.78µm
_04574_,11.78µm
_07462_,11.78µm
_08770_,11.78µm
_08811_,11.78µm
_10201_,11.78µm
_10790_,11.78µm
_13054_,11.78µm
_13481_,11.78µm
_14115_,11.78µm
_15230_,11.78µm
_17468_,11.78µm
_17641_,11.78µm
_17908_,11.78µm
reorder_buf_instance.array\[11\]\[22\],11.78µm
adder_buffer.array\[2\]\[18\],11.77µm
_01202_,11.765µm
_04606_,11.76µm
_04759_,11.76µm
_07659_,11.76µm
_08243_,11.76µm
_10884_,11.76µm
_11284_,11.76µm
_12911_,11.76µm
_13002_,11.76µm
_13356_,11.76µm
_15666_,11.76µm
_17690_,11.76µm
net3138,11.76µm
_00365_,11.75µm
_04982_,11.75µm
_01260_,11.745µm
_00040_,11.74µm
_02726_,11.74µm
_04707_,11.74µm
_05177_,11.74µm
_10410_,11.74µm
_16500_,11.74µm
_17722_,11.74µm
_19137_,11.74µm
_19365_,11.74µm
_19455_,11.74µm
_20315_,11.74µm
_21192_,11.74µm
divider_instance.mantisaB0\[14\],11.74µm
net2563,11.74µm
_14976_,11.73µm
_01580_,11.725µm
_04331_,11.72µm
_06801_,11.72µm
_06840_,11.72µm
_07385_,11.72µm
_08089_,11.72µm
_14229_,11.72µm
_14903_,11.72µm
_15601_,11.72µm
_17592_,11.72µm
_18644_,11.72µm
_20783_,11.72µm
div_mantisa\[1\],11.72µm
multiplier_instance.TT.genblk1\[3\].CSA1.A\[16\],11.72µm
multiplier_instance.TT.genblk1\[3\].CSA1.B\[16\],11.72µm
_02169_,11.705µm
_03120_,11.7µm
_06330_,11.7µm
_08400_,11.7µm
_09098_,11.7µm
_10478_,11.7µm
_13133_,11.7µm
_13719_,11.7µm
_14146_,11.7µm
_15151_,11.7µm
_15468_,11.7µm
_16524_,11.7µm
_19673_,11.7µm
_20110_,11.7µm
_20830_,11.7µm
multiplier_instance.PPG.A\[21\],11.7µm
multiplier_instance.PPG.genblk1\[19\].masked\[21\],11.7µm
net2249,11.7µm
net2298,11.7µm
_19670_,11.69µm
_03825_,11.68µm
_04462_,11.68µm
_06001_,11.68µm
_08899_,11.68µm
_09329_,11.68µm
_10113_,11.68µm
_14024_,11.68µm
_14247_,11.68µm
_15421_,11.68µm
_15600_,11.68µm
_08569_,11.67µm
_02015_,11.665µm
adder_buffer.array\[2\]\[26\],11.665µm
_04426_,11.66µm
_06066_,11.66µm
_06325_,11.66µm
_07903_,11.66µm
_09272_,11.66µm
_09448_,11.66µm
_09964_,11.66µm
_10180_,11.66µm
_12095_,11.66µm
_13261_,11.66µm
_14080_,11.66µm
_15770_,11.66µm
_16641_,11.66µm
_17398_,11.66µm
_17498_,11.66µm
_18267_,11.66µm
_18729_,11.66µm
multiplier_instance.TT.genblk1\[0\].CSA1.C\[25\],11.66µm
multiplier_instance.TT.genblk1\[4\].CSA1.B\[18\],11.66µm
reorder_buf_instance.array\[15\]\[14\],11.66µm
net3111,11.66µm
_04311_,11.65µm
final_out[7],11.65µm
_03972_,11.64µm
_12755_,11.64µm
_14110_,11.64µm
_18974_,11.64µm
_20797_,11.64µm
multiplier_instance.TT.genblk1\[5\].CSA1.B\[34\],11.64µm
multiplier_instance.TT.genblk1\[6\].CSA1.A\[33\],11.64µm
reorder_buf_instance.array\[2\]\[20\],11.64µm
_19424_,11.635µm
reorder_buf_instance.array\[9\]\[8\],11.635µm
_08731_,11.63µm
reorder_buf_instance.array\[4\]\[4\],11.63µm
_01065_,11.625µm
_03409_,11.62µm
_05517_,11.62µm
_07359_,11.62µm
_07923_,11.62µm
_08077_,11.62µm
_08152_,11.62µm
_08682_,11.62µm
_08865_,11.62µm
_09064_,11.62µm
_09571_,11.62µm
_10345_,11.62µm
_12473_,11.62µm
_12719_,11.62µm
_15378_,11.62µm
_16819_,11.62µm
_17615_,11.62µm
_18666_,11.62µm
_21763_,11.62µm
multiplier_instance.TT.genblk1\[2\].CSA1.A\[17\],11.62µm
multiplier_instance.TT.genblk1\[2\].CSA1.C\[25\],11.62µm
multiplier_instance.TT.genblk1\[5\].CSA1.B\[25\],11.62µm
multiplier_instance.TT.genblk1\[5\].CSA1.B\[38\],11.62µm
reorder_buf_instance.array\[10\]\[22\],11.62µm
net2322,11.62µm
_06537_,11.6µm
_08950_,11.6µm
_11219_,11.6µm
_13104_,11.6µm
_18871_,11.6µm
_19561_,11.6µm
b[15],11.6µm
b[5],11.6µm
reorder_buf_instance.array\[1\]\[15\],11.6µm
_08911_,11.585µm
_03056_,11.58µm
_03214_,11.58µm
_04085_,11.58µm
_04419_,11.58µm
_04997_,11.58µm
_05020_,11.58µm
_05113_,11.58µm
_06920_,11.58µm
_08863_,11.58µm
_11238_,11.58µm
_11552_,11.58µm
_14723_,11.58µm
_14772_,11.58µm
_15295_,11.58µm
_15824_,11.58µm
_17680_,11.58µm
_17701_,11.58µm
_18006_,11.58µm
_18507_,11.58µm
_20213_,11.58µm
_20382_,11.58µm
_21261_,11.58µm
multiplier_instance.PPG.genblk1\[16\].masked\[7\],11.58µm
net2213,11.58µm
net2467,11.58µm
net157,11.57µm
_05566_,11.565µm
_18356_,11.565µm
_04487_,11.56µm
_09266_,11.56µm
_13705_,11.56µm
_16425_,11.56µm
_20242_,11.56µm
_21692_,11.56µm
reorder_buf_instance.array\[0\]\[11\],11.56µm
_02393_,11.545µm
adder_buffer.array\[2\]\[30\],11.545µm
reorder_buf_instance.array\[1\]\[2\],11.545µm
_03580_,11.54µm
_04168_,11.54µm
_04549_,11.54µm
_05373_,11.54µm
_05401_,11.54µm
_06419_,11.54µm
_07012_,11.54µm
_08703_,11.54µm
_08895_,11.54µm
_11762_,11.54µm
_12428_,11.54µm
_13978_,11.54µm
_14800_,11.54µm
_18012_,11.54µm
_18551_,11.54µm
_21006_,11.54µm
_21624_,11.54µm
adder_buffer.array\[0\]\[4\],11.54µm
adder_buffer.array\[1\]\[1\],11.54µm
adder_buffer.array\[1\]\[23\],11.54µm
adder_instance.mantisaB0\[6\],11.54µm
div_mantisaB\[10\],11.54µm
multiplier_instance.TT.genblk1\[3\].CSA1.B\[28\],11.54µm
multiplier_instance.TT.genblk1\[6\].CSA1.C\[27\],11.54µm
multiplier_instance.s3_sum\[38\],11.54µm
reorder_buf_instance.array\[11\]\[30\],11.54µm
net2578,11.54µm
_02128_,11.52µm
_03385_,11.52µm
_03847_,11.52µm
_05251_,11.52µm
_08044_,11.52µm
_08168_,11.52µm
_10397_,11.52µm
_12176_,11.52µm
_17939_,11.52µm
_18755_,11.52µm
_21003_,11.52µm
multiplier_instance.TT.genblk1\[7\].CSA1.C\[39\],11.52µm
reorder_buf_instance.array\[2\]\[9\],11.52µm
_13819_,11.515µm
_03208_,11.5µm
_04440_,11.5µm
_05321_,11.5µm
_05884_,11.5µm
_06868_,11.5µm
_06892_,11.5µm
_07799_,11.5µm
_09797_,11.5µm
_10108_,11.5µm
_10424_,11.5µm
_10868_,11.5µm
_11038_,11.5µm
_12505_,11.5µm
_13300_,11.5µm
_15268_,11.5µm
_16308_,11.5µm
_18630_,11.5µm
_19901_,11.5µm
_20185_,11.5µm
adder_buffer.array\[0\]\[6\],11.5µm
multiplier_instance.TT.genblk1\[0\].CSA1.C\[19\],11.5µm
multiplier_instance.TT.genblk1\[2\].CSA1.A\[29\],11.5µm
reorder_buf_instance.array\[10\]\[11\],11.5µm
reorder_buf_instance.array\[10\]\[21\],11.5µm
_00019_,11.485µm
_02389_,11.485µm
_21628_,11.485µm
_02819_,11.48µm
_06936_,11.48µm
_07846_,11.48µm
_11347_,11.48µm
a[12],11.48µm
b[7],11.48µm
_05250_,11.46µm
_10474_,11.46µm
_10583_,11.46µm
_10654_,11.46µm
_11466_,11.46µm
_12904_,11.46µm
_13324_,11.46µm
_15548_,11.46µm
_18146_,11.46µm
_18367_,11.46µm
_18578_,11.46µm
_20022_,11.46µm
_21407_,11.46µm
multiplier_instance.TT.genblk1\[2\].CSA1.A\[15\],11.46µm
_05551_,11.445µm
_06317_,11.44µm
_07195_,11.44µm
multiplier_instance.TT.genblk1\[3\].CSA1.C\[25\],11.44µm
reorder_buf_instance.ready_check\[2\],11.43µm
_04716_,11.42µm
_04790_,11.42µm
_07848_,11.42µm
_09191_,11.42µm
_10950_,11.42µm
_11673_,11.42µm
_12594_,11.42µm
_12659_,11.42µm
_13007_,11.42µm
_14186_,11.42µm
_14495_,11.42µm
_15695_,11.42µm
_16062_,11.42µm
_17676_,11.42µm
_18683_,11.42µm
multiplier_instance.TT.genblk1\[7\].CSA1.B\[34\],11.42µm
reorder_buf_instance.array\[0\]\[15\],11.42µm
reorder_buf_instance.array\[11\]\[24\],11.42µm
reorder_buf_instance.array\[12\]\[13\],11.42µm
reorder_buf_instance.array\[14\]\[27\],11.42µm
net112,11.42µm
net3090,11.42µm
_07698_,11.41µm
adder_buffer.array\[2\]\[28\],11.41µm
_01195_,11.405µm
_07722_,11.4µm
_08191_,11.4µm
_10365_,11.4µm
reorder_buf_instance.array\[14\]\[7\],11.4µm
_02385_,11.385µm
_20071_,11.385µm
_02151_,11.38µm
_09866_,11.38µm
_13527_,11.38µm
_16317_,11.38µm
_16780_,11.38µm
_17259_,11.38µm
_17947_,11.38µm
_18710_,11.38µm
_20541_,11.38µm
_21668_,11.38µm
adder_buffer.array\[3\]\[20\],11.38µm
reorder_buf_instance.array\[0\]\[23\],11.38µm
reorder_buf_instance.array\[12\]\[24\],11.38µm
reorder_buf_instance.array\[7\]\[17\],11.38µm
net2328,11.38µm
_03264_,11.36µm
_03439_,11.36µm
_04416_,11.36µm
_09608_,11.36µm
_11307_,11.36µm
_14577_,11.36µm
_18485_,11.36µm
_18486_,11.36µm
divider_instance.mantisaB0\[18\],11.36µm
multiplier_instance.TT.genblk1\[2\].CSA1.A\[18\],11.36µm
multiplier_instance.TT.genblk1\[7\].CSA1.A\[42\],11.36µm
net2760,11.36µm
net3261,11.36µm
net3289,11.36µm
_11316_,11.345µm
_04500_,11.34µm
_04947_,11.34µm
_06925_,11.34µm
_08346_,11.34µm
_08557_,11.34µm
_08743_,11.34µm
_09755_,11.34µm
_10969_,11.34µm
_12201_,11.34µm
_13610_,11.34µm
_14594_,11.34µm
_19293_,11.34µm
_19345_,11.34µm
_19840_,11.34µm
adder_buffer.array\[3\]\[9\],11.34µm
multiplier_instance.TT.genblk1\[5\].CSA1.B\[36\],11.34µm
reorder_buf_instance.array\[11\]\[18\],11.34µm
_06639_,11.33µm
_01175_,11.325µm
_15143_,11.32µm
_18627_,11.32µm
_19149_,11.32µm
_20961_,11.32µm
_21791_,11.32µm
adder_buffer.array\[0\]\[20\],11.32µm
net84,11.32µm
net110,11.32µm
net2905,11.32µm
net3058,11.32µm
_14693_,11.31µm
_00308_,11.3µm
_04022_,11.3µm
_04773_,11.3µm
_05852_,11.3µm
_07585_,11.3µm
_08107_,11.3µm
_09239_,11.3µm
_09334_,11.3µm
_09420_,11.3µm
_10807_,11.3µm
_12777_,11.3µm
_13674_,11.3µm
_15563_,11.3µm
_17475_,11.3µm
_20156_,11.3µm
divider_instance.expadd\[5\],11.3µm
reorder_buf_instance.array\[15\]\[24\],11.3µm
reorder_buf_instance.array\[15\]\[5\],11.3µm
reorder_buf_instance.array\[2\]\[24\],11.3µm
_06953_,11.29µm
_13977_,11.29µm
_05942_,11.28µm
_07277_,11.28µm
_09609_,11.28µm
_11176_,11.28µm
_13658_,11.28µm
_15251_,11.28µm
_16116_,11.28µm
_16146_,11.28µm
_17792_,11.28µm
_18524_,11.28µm
_19427_,11.28µm
_20137_,11.28µm
_21455_,11.28µm
adder_instance.mantisaA0\[7\],11.28µm
div_mantisaA\[15\],11.28µm
_20927_,11.27µm
adder_buffer.array\[2\]\[22\],11.265µm
_03368_,11.26µm
_04540_,11.26µm
_07635_,11.26µm
_11351_,11.26µm
_12499_,11.26µm
_12931_,11.26µm
_12976_,11.26µm
_16359_,11.26µm
_16458_,11.26µm
_18566_,11.26µm
_20949_,11.26µm
divider_instance.expadd\[6\],11.26µm
mult_buffer.array\[1\]\[39\],11.26µm
multiplier_instance.TT.genblk1\[5\].CSA1.A\[35\],11.26µm
reorder_buf_instance.array\[9\]\[28\],11.26µm
net3186,11.26µm
_01272_,11.245µm
_15734_,11.245µm
_01078_,11.24µm
_02873_,11.24µm
_04200_,11.24µm
_04469_,11.24µm
_10524_,11.24µm
_11502_,11.24µm
_13418_,11.24µm
_15476_,11.24µm
_16157_,11.24µm
_16478_,11.24µm
_16489_,11.24µm
_16958_,11.24µm
_18523_,11.24µm
_18604_,11.24µm
_18634_,11.24µm
_19007_,11.24µm
_19042_,11.24µm
_19120_,11.24µm
multiplier_instance.TT.genblk1\[1\].CSA1.A\[17\],11.24µm
multiplier_instance.TT.genblk1\[3\].CSA1.A\[29\],11.24µm
net2264,11.24µm
_01020_,11.225µm
_02292_,11.225µm
_03676_,11.22µm
_04744_,11.22µm
_10071_,11.22µm
_10953_,11.22µm
_11061_,11.22µm
_13006_,11.22µm
_17606_,11.22µm
_18152_,11.22µm
_20301_,11.22µm
div_mantisaA\[2\],11.22µm
div_mantisaA\[4\],11.22µm
multiplier_instance.TT.genblk1\[1\].CSA1.B\[7\],11.22µm
multiplier_instance.TT.genblk1\[6\].CSA1.C\[20\],11.22µm
net2631,11.22µm
_01553_,11.205µm
_02185_,11.205µm
_00233_,11.2µm
_02583_,11.2µm
_02956_,11.2µm
_04366_,11.2µm
_04517_,11.2µm
_06765_,11.2µm
_08374_,11.2µm
_08908_,11.2µm
_12141_,11.2µm
_12685_,11.2µm
_15203_,11.2µm
_16115_,11.2µm
_16147_,11.2µm
_16505_,11.2µm
_16535_,11.2µm
_17664_,11.2µm
_18158_,11.2µm
_19881_,11.2µm
reorder_buf_instance.array\[7\]\[30\],11.2µm
net3251,11.2µm
_09778_,11.195µm
_03733_,11.19µm
_02896_,11.18µm
_08523_,11.18µm
_11445_,11.18µm
_12752_,11.18µm
_13058_,11.18µm
_14482_,11.18µm
_14833_,11.18µm
_15431_,11.18µm
_16005_,11.18µm
_19021_,11.18µm
_19658_,11.18µm
net123,11.18µm
div_buffer.array\[2\]\[39\],11.165µm
reorder_buf_instance.array\[1\]\[31\],11.165µm
_02383_,11.16µm
_02847_,11.16µm
_03573_,11.16µm
_03941_,11.16µm
_04047_,11.16µm
_07309_,11.16µm
_09515_,11.16µm
_09672_,11.16µm
_14054_,11.16µm
_14175_,11.16µm
_15694_,11.16µm
_19364_,11.16µm
_19370_,11.16µm
_19545_,11.16µm
_20909_,11.16µm
mult_buffer.array\[1\]\[32\],11.16µm
multiplier_instance.PPG.B\[9\],11.16µm
multiplier_instance.TT.genblk1\[7\].CSA1.B\[30\],11.16µm
net2388,11.16µm
net2499,11.16µm
net2811,11.16µm
_18083_,11.15µm
_02300_,11.145µm
_07242_,11.14µm
_08026_,11.14µm
_13085_,11.14µm
_17920_,11.14µm
a[14],11.14µm
a[1],11.14µm
a[29],11.14µm
b[17],11.14µm
_10602_,11.135µm
_02914_,11.12µm
_03073_,11.12µm
_04013_,11.12µm
_04437_,11.12µm
_04519_,11.12µm
_08183_,11.12µm
_08213_,11.12µm
_09557_,11.12µm
_10821_,11.12µm
_13374_,11.12µm
_14485_,11.12µm
_15286_,11.12µm
_15845_,11.12µm
_16180_,11.12µm
_16469_,11.12µm
_16568_,11.12µm
_16575_,11.12µm
_17748_,11.12µm
_17892_,11.12µm
_18053_,11.12µm
_19252_,11.12µm
_19627_,11.12µm
_20026_,11.12µm
net2379,11.12µm
_11500_,11.11µm
_02313_,11.105µm
_03969_,11.1µm
_04542_,11.1µm
_04681_,11.1µm
_05525_,11.1µm
_07240_,11.1µm
_11333_,11.1µm
_14679_,11.1µm
_15739_,11.1µm
_16015_,11.1µm
_16419_,11.1µm
_19135_,11.1µm
_19635_,11.1µm
_19783_,11.1µm
_21044_,11.1µm
reorder_buf_instance.array\[13\]\[9\],11.1µm
reorder_buf_instance.array\[4\]\[22\],11.1µm
net285,11.1µm
_08992_,11.095µm
_02284_,11.085µm
_04025_,11.08µm
_04657_,11.08µm
_04731_,11.08µm
_06672_,11.08µm
_09621_,11.08µm
_10013_,11.08µm
_10169_,11.08µm
_11004_,11.08µm
_11688_,11.08µm
_11844_,11.08µm
_12032_,11.08µm
_12514_,11.08µm
_14140_,11.08µm
_17811_,11.08µm
_18210_,11.08µm
_18454_,11.08µm
_18789_,11.08µm
_20189_,11.08µm
adder_buffer.array\[3\]\[28\],11.08µm
adder_buffer.array\[3\]\[31\],11.08µm
reorder_buf_instance.array\[11\]\[12\],11.08µm
net2346,11.08µm
net2818,11.08µm
_01231_,11.075µm
_18553_,11.07µm
_02309_,11.065µm
_01308_,11.06µm
_08700_,11.06µm
_12756_,11.06µm
_15010_,11.06µm
_15560_,11.06µm
_16897_,11.06µm
_16965_,11.06µm
_19918_,11.06µm
_21026_,11.06µm
adder_buffer.array\[3\]\[36\],11.06µm
reorder_buf_instance.array\[13\]\[18\],11.06µm
reorder_buf_instance.array\[1\]\[14\],11.045µm
_04543_,11.04µm
_05559_,11.04µm
_07068_,11.04µm
_08947_,11.04µm
_10997_,11.04µm
_12548_,11.04µm
_12727_,11.04µm
_13111_,11.04µm
_18489_,11.04µm
_18596_,11.04µm
_19456_,11.04µm
multiplier_instance.TT.genblk1\[6\].CSA1.B\[25\],11.04µm
_01247_,11.025µm
_01640_,11.02µm
_02386_,11.02µm
_04315_,11.02µm
_07098_,11.02µm
_15370_,11.02µm
_20716_,11.02µm
_21061_,11.02µm
_21063_,11.02µm
a[0],11.02µm
a[13],11.02µm
a[19],11.02µm
b[19],11.02µm
c[0],11.02µm
c[17],11.02µm
_01583_,11.015µm
_06234_,11.01µm
_12289_,11µm
_12841_,11µm
_16726_,11µm
_20340_,11µm
_20689_,11µm
_20870_,11µm
_21427_,11µm
_03331_,10.98µm
_08507_,10.98µm
_10711_,10.98µm
_11887_,10.98µm
_13158_,10.98µm
_13576_,10.98µm
_13770_,10.98µm
_17986_,10.98µm
_20347_,10.98µm
adder_buffer.array\[3\]\[12\],10.98µm
multiplier_instance.TT.genblk1\[0\].CSA1.C\[24\],10.98µm
_03785_,10.96µm
_06385_,10.96µm
_06462_,10.96µm
_07452_,10.96µm
_10017_,10.96µm
_10592_,10.96µm
_12104_,10.96µm
_14046_,10.96µm
_14745_,10.96µm
_15439_,10.96µm
_18362_,10.96µm
_18963_,10.96µm
_19304_,10.96µm
_19685_,10.96µm
_20463_,10.96µm
_20571_,10.96µm
_21039_,10.96µm
divider_instance.undefined0,10.96µm
mult_mantisaB\[16\],10.96µm
multiplier_instance.TT.genblk1\[0\].CSA1.A\[9\],10.96µm
multiplier_instance.TT.genblk1\[3\].CSA1.C\[17\],10.96µm
reorder_buf_instance.array\[14\]\[20\],10.96µm
reorder_buf_instance.array\[4\]\[15\],10.96µm
reorder_buf_instance.array\[8\]\[25\],10.96µm
net192,10.96µm
_06951_,10.955µm
multiplier_instance.TT.genblk1\[2\].CSA1.B\[27\],10.95µm
_07570_,10.945µm
_06109_,10.94µm
_10576_,10.94µm
_12177_,10.94µm
_14938_,10.94µm
_16276_,10.94µm
_17040_,10.94µm
_18601_,10.94µm
_18800_,10.94µm
multiplier_instance.TT.genblk1\[2\].CSA1.C\[30\],10.94µm
reorder_buf_instance.array\[14\]\[21\],10.94µm
reorder_buf_instance.array\[1\]\[29\],10.935µm
_19412_,10.925µm
reorder_buf_instance.array\[5\]\[29\],10.925µm
_02707_,10.92µm
_07891_,10.92µm
_09605_,10.92µm
_10491_,10.92µm
_11831_,10.92µm
_14758_,10.92µm
_16714_,10.92µm
_18695_,10.92µm
_19314_,10.92µm
net2614,10.92µm
net2636,10.92µm
net2843,10.92µm
_01124_,10.905µm
_11695_,10.905µm
_07621_,10.9µm
_08720_,10.9µm
_09250_,10.9µm
_15356_,10.9µm
_15992_,10.9µm
_18216_,10.9µm
_20396_,10.9µm
_20768_,10.9µm
multiplier_instance.TT.CPA.sum\[43\],10.9µm
net2582,10.9µm
net2804,10.9µm
_08705_,10.88µm
_09258_,10.88µm
_11168_,10.88µm
_12359_,10.88µm
_12997_,10.88µm
_13052_,10.88µm
_15094_,10.88µm
_15349_,10.88µm
_16833_,10.88µm
_17586_,10.88µm
_19848_,10.88µm
_20498_,10.88µm
_21480_,10.88µm
multiplier_instance.TT.genblk1\[6\].CSA1.C\[36\],10.88µm
net107,10.88µm
_08340_,10.87µm
_04412_,10.86µm
_04856_,10.86µm
_08484_,10.86µm
_10393_,10.86µm
_10467_,10.86µm
_11179_,10.86µm
_11722_,10.86µm
_16214_,10.86µm
_16431_,10.86µm
_16627_,10.86µm
_16893_,10.86µm
_18292_,10.86µm
multiplier_instance.TT.genblk1\[7\].CSA1.B\[28\],10.86µm
_05878_,10.855µm
_15265_,10.85µm
_18058_,10.85µm
_02297_,10.845µm
_04993_,10.84µm
_07527_,10.84µm
_07975_,10.84µm
_09853_,10.84µm
_11491_,10.84µm
_13269_,10.84µm
_14161_,10.84µm
_15868_,10.84µm
_19218_,10.84µm
_19595_,10.84µm
_19686_,10.84µm
_20371_,10.84µm
_20599_,10.84µm
_21221_,10.84µm
net2721,10.84µm
multiplier_instance.TT.genblk1\[0\].CSA1.A\[12\],10.835µm
net2655,10.83µm
_03600_,10.82µm
_03999_,10.82µm
_05874_,10.82µm
_11383_,10.82µm
_11444_,10.82µm
_12757_,10.82µm
_13591_,10.82µm
_13928_,10.82µm
_15033_,10.82µm
_15509_,10.82µm
_16283_,10.82µm
_16830_,10.82µm
_18382_,10.82µm
_19077_,10.82µm
_19169_,10.82µm
_19847_,10.82µm
_19914_,10.82µm
_20565_,10.82µm
_20965_,10.82µm
_20974_,10.82µm
divider_instance.mantisaA0\[16\],10.82µm
reorder_buf_instance.array\[3\]\[26\],10.82µm
net3137,10.82µm
_03320_,10.8µm
_07381_,10.8µm
_10149_,10.8µm
_10661_,10.8µm
_11148_,10.8µm
_11772_,10.8µm
_11982_,10.8µm
_12825_,10.8µm
_13874_,10.8µm
_13989_,10.8µm
_17770_,10.8µm
_18358_,10.8µm
_18359_,10.8µm
_18471_,10.8µm
_19598_,10.8µm
adder_instance.signA1,10.8µm
mult_mantisaA\[9\],10.8µm
net3107,10.8µm
_01021_,10.795µm
_01309_,10.785µm
_01429_,10.785µm
_02138_,10.785µm
_02546_,10.78µm
_03138_,10.78µm
_05087_,10.78µm
_05339_,10.78µm
_05817_,10.78µm
_07810_,10.78µm
_07859_,10.78µm
_08962_,10.78µm
_09971_,10.78µm
_15372_,10.78µm
_16239_,10.78µm
_16465_,10.78µm
_16889_,10.78µm
_17282_,10.78µm
_17428_,10.78µm
_17476_,10.78µm
_18402_,10.78µm
_19109_,10.78µm
adder_instance.mantisaA0\[10\],10.78µm
c[13],10.78µm
reorder_buf_instance.array\[3\]\[21\],10.78µm
_11390_,10.77µm
_04043_,10.76µm
_08263_,10.76µm
_08711_,10.76µm
_09282_,10.76µm
_09806_,10.76µm
_11032_,10.76µm
_13323_,10.76µm
_19060_,10.76µm
net125,10.76µm
_01302_,10.745µm
_02139_,10.745µm
adder_buffer.array\[2\]\[15\],10.745µm
_05126_,10.74µm
_08827_,10.74µm
_09913_,10.74µm
_10002_,10.74µm
_10168_,10.74µm
_11492_,10.74µm
_12020_,10.74µm
_14994_,10.74µm
_15835_,10.74µm
_16051_,10.74µm
_16078_,10.74µm
_16987_,10.74µm
_17600_,10.74µm
_18253_,10.74µm
_18774_,10.74µm
_20401_,10.74µm
adder_buffer.value\[8\],10.74µm
reorder_buf_instance.array\[10\]\[31\],10.74µm
reorder_buf_instance.array\[6\]\[3\],10.74µm
reorder_buf_instance.value1\[3\],10.74µm
net2902,10.74µm
_01123_,10.735µm
multiplier_instance.TT.genblk1\[1\].CSA1.C\[26\],10.735µm
_09042_,10.73µm
_09979_,10.73µm
_03867_,10.72µm
_03879_,10.72µm
_04377_,10.72µm
_04699_,10.72µm
_04717_,10.72µm
_05982_,10.72µm
_10479_,10.72µm
_13597_,10.72µm
_14441_,10.72µm
_15238_,10.72µm
_15703_,10.72µm
_17975_,10.72µm
_19441_,10.72µm
_19596_,10.72µm
_20666_,10.72µm
_21029_,10.72µm
_06743_,10.715µm
_02732_,10.7µm
_04783_,10.7µm
_08106_,10.7µm
_08353_,10.7µm
_09715_,10.7µm
_10042_,10.7µm
_10513_,10.7µm
_11419_,10.7µm
_13162_,10.7µm
_14545_,10.7µm
_15243_,10.7µm
_15817_,10.7µm
_15879_,10.7µm
_16058_,10.7µm
_17420_,10.7µm
_17549_,10.7µm
_17768_,10.7µm
_18669_,10.7µm
_20345_,10.7µm
_20546_,10.7µm
_21658_,10.7µm
multiplier_instance.TT.genblk1\[7\].CSA1.C\[44\],10.7µm
clknet_leaf_100_clk,10.7µm
_06472_,10.695µm
_03333_,10.68µm
_05538_,10.68µm
_06103_,10.68µm
_21087_,10.68µm
b[22],10.68µm
reorder_buf_instance.array\[9\]\[20\],10.68µm
_03065_,10.66µm
_06168_,10.66µm
_07019_,10.66µm
_07136_,10.66µm
_07997_,10.66µm
_09267_,10.66µm
_09660_,10.66µm
_10165_,10.66µm
_10888_,10.66µm
_11511_,10.66µm
_12389_,10.66µm
_12982_,10.66µm
_13932_,10.66µm
_16188_,10.66µm
_16553_,10.66µm
_16619_,10.66µm
_17075_,10.66µm
_17380_,10.66µm
_17531_,10.66µm
_17856_,10.66µm
_18284_,10.66µm
_20011_,10.66µm
_21326_,10.66µm
adder_buffer.array\[0\]\[36\],10.66µm
adder_instance.expadd\[1\],10.66µm
reorder_buf_instance.array\[4\]\[10\],10.66µm
net2998,10.66µm
_14695_,10.65µm
reorder_buf_instance.array\[1\]\[17\],10.645µm
_01011_,10.64µm
_04632_,10.64µm
_07700_,10.64µm
_10256_,10.64µm
_11005_,10.64µm
_11293_,10.64µm
_12423_,10.64µm
_14678_,10.64µm
_15705_,10.64µm
_16947_,10.64µm
_17000_,10.64µm
_17464_,10.64µm
_19550_,10.64µm
multiplier_instance.TT.genblk1\[2\].CSA1.C\[17\],10.64µm
_20925_,10.63µm
_01433_,10.625µm
_02276_,10.625µm
reorder_buf_instance.array\[1\]\[21\],10.625µm
reorder_buf_instance.array\[9\]\[30\],10.625µm
_04907_,10.62µm
_05635_,10.62µm
_05791_,10.62µm
_08560_,10.62µm
_09428_,10.62µm
_09859_,10.62µm
_10851_,10.62µm
_11998_,10.62µm
_12313_,10.62µm
_12751_,10.62µm
_12915_,10.62µm
_15337_,10.62µm
_16357_,10.62µm
_18165_,10.62µm
_18554_,10.62µm
_19049_,10.62µm
_19771_,10.62µm
_19854_,10.62µm
_19971_,10.62µm
_21070_,10.62µm
adder_buffer.array\[0\]\[0\],10.62µm
adder_buffer.array\[0\]\[16\],10.62µm
adder_buffer.array\[1\]\[3\],10.62µm
adder_buffer.array\[3\]\[18\],10.62µm
multiplier_instance.TT.genblk1\[1\].CSA1.A\[15\],10.62µm
multiplier_instance.TT.genblk1\[4\].CSA1.A\[15\],10.62µm
reorder_buf_instance.array\[8\]\[17\],10.62µm
_11035_,10.61µm
_02150_,10.605µm
_12014_,10.6µm
_18946_,10.6µm
_21108_,10.6µm
_14061_,10.595µm
_10211_,10.59µm
_00039_,10.585µm
_02571_,10.58µm
_05735_,10.58µm
_06486_,10.58µm
_07173_,10.58µm
_08307_,10.58µm
_08411_,10.58µm
_08629_,10.58µm
_08941_,10.58µm
_10544_,10.58µm
_10623_,10.58µm
_14870_,10.58µm
_14980_,10.58µm
_15020_,10.58µm
_16647_,10.58µm
_17133_,10.58µm
_19959_,10.58µm
_20857_,10.58µm
_21031_,10.58µm
_21309_,10.58µm
net2257,10.58µm
net2625,10.58µm
_11391_,10.57µm
_01278_,10.565µm
_02265_,10.565µm
_02318_,10.565µm
_02949_,10.56µm
_03068_,10.56µm
_04557_,10.56µm
_10126_,10.56µm
_12355_,10.56µm
_13310_,10.56µm
_16583_,10.56µm
_16612_,10.56µm
_16966_,10.56µm
_20873_,10.56µm
b[14],10.56µm
c[9],10.56µm
_20868_,10.545µm
_03842_,10.54µm
_04337_,10.54µm
_04490_,10.54µm
_09187_,10.54µm
_10422_,10.54µm
_10721_,10.54µm
_11150_,10.54µm
_12590_,10.54µm
_15154_,10.54µm
_15255_,10.54µm
_18128_,10.54µm
_18988_,10.54µm
_19898_,10.54µm
_19962_,10.54µm
_20934_,10.54µm
_21543_,10.54µm
multiplier_instance.TT.genblk1\[2\].CSA1.A\[21\],10.54µm
multiplier_instance.TT.genblk1\[2\].CSA1.B\[7\],10.54µm
multiplier_instance.TT.genblk1\[7\].CSA1.C\[24\],10.54µm
reorder_buf_instance.array\[0\]\[0\],10.54µm
reorder_buf_instance.array\[3\]\[19\],10.54µm
net132,10.54µm
_01790_,10.525µm
_02302_,10.525µm
_02348_,10.525µm
_03261_,10.52µm
_04112_,10.52µm
_05472_,10.52µm
_06407_,10.52µm
_07351_,10.52µm
_08990_,10.52µm
_10542_,10.52µm
_11713_,10.52µm
_15472_,10.52µm
_21527_,10.52µm
_13684_,10.51µm
_01146_,10.505µm
_01801_,10.505µm
_10444_,10.505µm
_03962_,10.5µm
_04945_,10.5µm
_05083_,10.5µm
_05454_,10.5µm
_05607_,10.5µm
_06344_,10.5µm
_06409_,10.5µm
_06781_,10.5µm
_07036_,10.5µm
_07683_,10.5µm
_10188_,10.5µm
_11183_,10.5µm
_12187_,10.5µm
_19422_,10.5µm
_19780_,10.5µm
_19787_,10.5µm
_19808_,10.5µm
_20828_,10.5µm
adder_instance.mantisaBshift\[33\],10.5µm
multiplier_instance.TT.genblk1\[1\].CSA1.A\[8\],10.5µm
multiplier_instance.TT.genblk1\[4\].CSA1.B\[20\],10.5µm
multiplier_instance.TT.genblk1\[5\].CSA1.B\[29\],10.5µm
multiplier_instance.TT.genblk1\[7\].CSA1.B\[23\],10.5µm
reorder_buf_instance.array\[12\]\[27\],10.5µm
reorder_buf_instance.array\[15\]\[0\],10.5µm
reorder_buf_instance.array\[15\]\[4\],10.5µm
reorder_buf_instance.array\[7\]\[1\],10.5µm
reorder_buf_instance.array\[8\]\[1\],10.5µm
reorder_buf_instance.array\[8\]\[23\],10.5µm
reorder_buf_instance.ready_check\[5\],10.5µm
_01843_,10.485µm
_02220_,10.485µm
_06209_,10.48µm
_13612_,10.48µm
_15079_,10.48µm
_15326_,10.48µm
_16258_,10.48µm
_19585_,10.48µm
_19911_,10.48µm
_12959_,10.47µm
_01147_,10.465µm
_00013_,10.46µm
_03334_,10.46µm
_12309_,10.46µm
_12342_,10.46µm
_13172_,10.46µm
_13590_,10.46µm
_14591_,10.46µm
_15858_,10.46µm
_16989_,10.46µm
_17021_,10.46µm
_18168_,10.46µm
_19517_,10.46µm
_20782_,10.46µm
multiplier_instance.TT.genblk1\[4\].CSA1.A\[14\],10.46µm
multiplier_instance.TT.genblk1\[4\].CSA1.B\[19\],10.46µm
multiplier_instance.TT.genblk1\[6\].CSA1.C\[29\],10.46µm
multiplier_instance.TT.genblk1\[7\].CSA1.A\[39\],10.46µm
multiplier_instance.TT.genblk1\[7\].CSA1.C\[40\],10.46µm
net2236,10.46µm
net2560,10.46µm
net2617,10.46µm
_18107_,10.455µm
_17916_,10.45µm
_00235_,10.44µm
_02565_,10.44µm
_03095_,10.44µm
_03740_,10.44µm
_04221_,10.44µm
_04652_,10.44µm
_06343_,10.44µm
_10033_,10.44µm
_14892_,10.44µm
_16245_,10.44µm
b[23],10.44µm
net2176,10.44µm
net2179,10.44µm
net2483,10.44µm
net3153,10.44µm
net3350,10.44µm
_04698_,10.425µm
_21130_,10.425µm
_03721_,10.42µm
_04914_,10.42µm
_04956_,10.42µm
_05848_,10.42µm
_08737_,10.42µm
_09825_,10.42µm
_11968_,10.42µm
_12092_,10.42µm
_13137_,10.42µm
_16449_,10.42µm
_18989_,10.42µm
_20474_,10.42µm
_21410_,10.42µm
_21731_,10.42µm
net2146,10.42µm
_01026_,10.405µm
_02797_,10.4µm
_04649_,10.4µm
_06350_,10.4µm
_07605_,10.4µm
_08049_,10.4µm
_10492_,10.4µm
_13164_,10.4µm
_14202_,10.4µm
_15444_,10.4µm
_15656_,10.4µm
_16131_,10.4µm
_16209_,10.4µm
_16453_,10.4µm
_18687_,10.4µm
_20993_,10.4µm
_21105_,10.4µm
divider_instance.mantisaA0\[3\],10.4µm
mult_mantisa\[19\],10.4µm
multiplier_instance.TT.genblk1\[0\].CSA1.B\[24\],10.4µm
multiplier_instance.TT.genblk1\[1\].CSA1.B\[20\],10.4µm
reorder_buf_instance.array\[6\]\[18\],10.4µm
reorder_buf_instance.array\[7\]\[0\],10.4µm
net2347,10.4µm
net2827,10.4µm
net3083,10.4µm
net3225,10.4µm
_19079_,10.395µm
_08134_,10.39µm
adder_buffer.array\[2\]\[12\],10.39µm
_02815_,10.38µm
_05652_,10.38µm
_07547_,10.38µm
_10688_,10.38µm
_11022_,10.38µm
_11092_,10.38µm
_13079_,10.38µm
_15737_,10.38µm
_17434_,10.38µm
_18713_,10.38µm
_18841_,10.38µm
_20667_,10.38µm
div_buffer.out\[39\],10.38µm
reorder_buf_instance.array\[14\]\[3\],10.38µm
reorder_buf_instance.array\[15\]\[20\],10.38µm
reorder_buf_instance.array\[7\]\[28\],10.38µm
_04510_,10.37µm
_19884_,10.37µm
_01608_,10.365µm
_02180_,10.365µm
_02559_,10.36µm
_02712_,10.36µm
_04637_,10.36µm
_05707_,10.36µm
_06243_,10.36µm
_10322_,10.36µm
_11752_,10.36µm
_11777_,10.36µm
_12166_,10.36µm
_14224_,10.36µm
_15110_,10.36µm
_15608_,10.36µm
_18802_,10.36µm
_19239_,10.36µm
_20443_,10.36µm
_20482_,10.36µm
_21700_,10.36µm
div_mantisaA\[10\],10.36µm
mult_buffer.array\[3\]\[37\],10.36µm
multiplier_instance.TT.genblk1\[6\].CSA1.B\[24\],10.36µm
net2574,10.36µm
net3263,10.36µm
_14515_,10.355µm
_03444_,10.34µm
_03719_,10.34µm
_03950_,10.34µm
_10374_,10.34µm
_13454_,10.34µm
_14057_,10.34µm
_15381_,10.34µm
_16549_,10.34µm
_16702_,10.34µm
_16766_,10.34µm
_18347_,10.34µm
_18422_,10.34µm
_19085_,10.34µm
_19927_,10.34µm
_18842_,10.335µm
_00342_,10.33µm
_01153_,10.325µm
_02481_,10.325µm
_01828_,10.32µm
_03057_,10.32µm
_03618_,10.32µm
_04124_,10.32µm
_04270_,10.32µm
_07475_,10.32µm
_09052_,10.32µm
_10091_,10.32µm
_10267_,10.32µm
_11076_,10.32µm
_13830_,10.32µm
_14931_,10.32µm
_15521_,10.32µm
_15550_,10.32µm
_15690_,10.32µm
_15881_,10.32µm
_16581_,10.32µm
_17804_,10.32µm
_18245_,10.32µm
_18444_,10.32µm
_18981_,10.32µm
_19983_,10.32µm
adder_instance.mantisaB0\[10\],10.32µm
net2332,10.32µm
net2852,10.32µm
_01160_,10.305µm
_02994_,10.3µm
_03868_,10.3µm
_03982_,10.3µm
_04811_,10.3µm
_04840_,10.3µm
_06589_,10.3µm
_07154_,10.3µm
_08580_,10.3µm
_09173_,10.3µm
_09314_,10.3µm
_09935_,10.3µm
_12116_,10.3µm
_13344_,10.3µm
_13560_,10.3µm
_13863_,10.3µm
_19348_,10.3µm
_21021_,10.3µm
_21158_,10.3µm
adder_instance.expmiddled\[1\],10.3µm
multiplier_instance.TT.genblk1\[5\].CSA1.C\[39\],10.3µm
reorder_buf_instance.array\[1\]\[3\],10.3µm
_03153_,10.28µm
_03807_,10.28µm
_03954_,10.28µm
_05296_,10.28µm
_06654_,10.28µm
_07030_,10.28µm
_07328_,10.28µm
_08512_,10.28µm
_09575_,10.28µm
_10178_,10.28µm
_10762_,10.28µm
_11060_,10.28µm
_11570_,10.28µm
_12119_,10.28µm
_13063_,10.28µm
_13768_,10.28µm
_14042_,10.28µm
_14279_,10.28µm
_14696_,10.28µm
_14733_,10.28µm
_15021_,10.28µm
_15290_,10.28µm
_16121_,10.28µm
_18331_,10.28µm
_19302_,10.28µm
_19461_,10.28µm
_19738_,10.28µm
_21333_,10.28µm
divider_instance.expadd\[7\],10.28µm
divider_instance.mantisaA0\[6\],10.28µm
multiplier_instance.TT.genblk1\[4\].CSA1.C\[18\],10.28µm
reorder_buf_instance.array\[14\]\[9\],10.28µm
reorder_buf_instance.array\[2\]\[1\],10.28µm
reorder_buf_instance.array\[6\]\[6\],10.28µm
net3165,10.28µm
_01152_,10.275µm
_14375_,10.275µm
_05390_,10.26µm
_06445_,10.26µm
_06883_,10.26µm
_17695_,10.26µm
_19599_,10.26µm
_19653_,10.26µm
mult_mantisaA\[16\],10.26µm
reorder_buf_instance.array\[7\]\[5\],10.26µm
multiplier_instance.TT.genblk1\[4\].CSA1.C\[34\],10.255µm
_20713_,10.25µm
_19623_,10.245µm
_04370_,10.24µm
_04882_,10.24µm
_05923_,10.24µm
_07449_,10.24µm
_07781_,10.24µm
_08905_,10.24µm
_08909_,10.24µm
_10030_,10.24µm
_10913_,10.24µm
_11189_,10.24µm
_14921_,10.24µm
_20723_,10.24µm
multiplier_instance.TT.genblk1\[3\].CSA1.A\[31\],10.24µm
reorder_buf_instance.array\[15\]\[16\],10.24µm
_00876_,10.225µm
_06807_,10.22µm
_08001_,10.22µm
_10656_,10.22µm
_13342_,10.22µm
_15670_,10.22µm
_16665_,10.22µm
a[18],10.22µm
a[30],10.22µm
b[24],10.22µm
_04808_,10.2µm
_05051_,10.2µm
_05406_,10.2µm
_06783_,10.2µm
_11510_,10.2µm
_13586_,10.2µm
_14170_,10.2µm
_14813_,10.2µm
_15199_,10.2µm
_19213_,10.2µm
_19551_,10.2µm
_20188_,10.2µm
_21086_,10.2µm
adder_buffer.out\[10\],10.2µm
adder_instance.expmiddled\[3\],10.2µm
multiplier_instance.PPG.genblk1\[4\].masked\[18\],10.2µm
_03437_,10.18µm
_04101_,10.18µm
_05506_,10.18µm
_07786_,10.18µm
_08016_,10.18µm
_08494_,10.18µm
_08516_,10.18µm
_09423_,10.18µm
_09480_,10.18µm
_09713_,10.18µm
_11067_,10.18µm
_19184_,10.18µm
_21171_,10.18µm
_21367_,10.18µm
reorder_buf_instance.array\[5\]\[10\],10.165µm
_03876_,10.16µm
_04617_,10.16µm
_04821_,10.16µm
_07872_,10.16µm
_08490_,10.16µm
_09122_,10.16µm
_09676_,10.16µm
_11671_,10.16µm
_12800_,10.16µm
_12892_,10.16µm
_13598_,10.16µm
_15711_,10.16µm
_17943_,10.16µm
_18069_,10.16µm
_18852_,10.16µm
_19010_,10.16µm
_20389_,10.16µm
_20600_,10.16µm
_21150_,10.16µm
adder_buffer.array\[3\]\[8\],10.16µm
multiplier_instance.TT.genblk1\[2\].CSA1.A\[24\],10.16µm
multiplier_instance.TT.genblk1\[2\].CSA1.B\[24\],10.16µm
multiplier_instance.TT.genblk1\[5\].CSA1.B\[26\],10.16µm
net3013,10.16µm
_09126_,10.155µm
_01174_,10.145µm
_01614_,10.14µm
_03003_,10.14µm
_05184_,10.14µm
_05263_,10.14µm
_06433_,10.14µm
_10171_,10.14µm
_11253_,10.14µm
_15552_,10.14µm
_16271_,10.14µm
_19289_,10.14µm
_19950_,10.14µm
multiplier_instance.TT.genblk1\[3\].CSA1.A\[32\],10.14µm
multiplier_instance.TT.genblk1\[5\].CSA1.B\[31\],10.14µm
_20415_,10.125µm
div_buffer.array\[2\]\[32\],10.125µm
_04109_,10.12µm
_09096_,10.12µm
_14659_,10.12µm
_15331_,10.12µm
_15643_,10.12µm
_16340_,10.12µm
_19556_,10.12µm
_21245_,10.12µm
net2597,10.12µm
_01226_,10.105µm
_02156_,10.105µm
_02628_,10.1µm
_05782_,10.1µm
_06169_,10.1µm
_08058_,10.1µm
_17045_,10.1µm
_21134_,10.1µm
a[26],10.1µm
c[19],10.1µm
_14795_,10.09µm
_03273_,10.08µm
_04559_,10.08µm
_04696_,10.08µm
_04703_,10.08µm
_04905_,10.08µm
_07239_,10.08µm
_07860_,10.08µm
_08162_,10.08µm
_11476_,10.08µm
_11707_,10.08µm
_12769_,10.08µm
_12961_,10.08µm
_13322_,10.08µm
_13414_,10.08µm
_13662_,10.08µm
_15237_,10.08µm
_15748_,10.08µm
_16235_,10.08µm
_17248_,10.08µm
_18417_,10.08µm
_18693_,10.08µm
_19298_,10.08µm
_20854_,10.08µm
adder_buffer.array\[1\]\[13\],10.08µm
adder_buffer.array\[3\]\[24\],10.08µm
multiplier_instance.TT.genblk1\[5\].CSA1.A\[30\],10.08µm
reorder_buf_instance.array\[11\]\[6\],10.08µm
reorder_buf_instance.array\[15\]\[15\],10.08µm
net2936,10.08µm
net3124,10.08µm
net3168,10.08µm
_08262_,10.075µm
_11002_,10.075µm
_00657_,10.07µm
_17226_,10.07µm
_04886_,10.065µm
_09180_,10.06µm
_09934_,10.06µm
_11210_,10.06µm
_11473_,10.06µm
_12553_,10.06µm
_12603_,10.06µm
_16247_,10.06µm
_19634_,10.06µm
_19905_,10.06µm
_21439_,10.055µm
_01325_,10.045µm
_02316_,10.045µm
_02499_,10.045µm
reorder_buf_instance.array\[1\]\[24\],10.045µm
_03286_,10.04µm
_03779_,10.04µm
_03786_,10.04µm
_04027_,10.04µm
_04732_,10.04µm
_04899_,10.04µm
_05536_,10.04µm
_06137_,10.04µm
_06150_,10.04µm
_07181_,10.04µm
_09333_,10.04µm
_09610_,10.04µm
_09664_,10.04µm
_09831_,10.04µm
_09993_,10.04µm
_10510_,10.04µm
_12338_,10.04µm
_12563_,10.04µm
_13325_,10.04µm
_13862_,10.04µm
_14536_,10.04µm
_15111_,10.04µm
_15962_,10.04µm
_18794_,10.04µm
_19303_,10.04µm
_19720_,10.04µm
_20468_,10.04µm
_21138_,10.04µm
mult_buffer.array\[2\]\[39\],10.04µm
multiplier_instance.TT.genblk1\[0\].CSA1.C\[23\],10.04µm
multiplier_instance.TT.genblk1\[1\].CSA1.A\[4\],10.04µm
multiplier_instance.TT.genblk1\[6\].CSA1.A\[34\],10.04µm
multiplier_instance.s2_exp_a\[0\],10.04µm
reorder_buf_instance.array\[10\]\[27\],10.04µm
reorder_buf_instance.array\[11\]\[13\],10.04µm
reorder_buf_instance.array\[3\]\[25\],10.04µm
_18365_,10.035µm
_15672_,10.03µm
_06038_,10.02µm
_06293_,10.02µm
_18094_,10.02µm
_18190_,10.02µm
_11543_,10.01µm
_01550_,10.005µm
_01664_,10µm
_04482_,10µm
_08876_,10µm
_09506_,10µm
_10212_,10µm
_11867_,10µm
_12828_,10µm
_15853_,10µm
_17640_,10µm
_17694_,10µm
_18599_,10µm
_20707_,10µm
div_mantisa\[14\],10µm
divider_instance.mantisaA0\[22\],10µm
reorder_buf_instance.array\[8\]\[2\],10µm
_03064_,9.98µm
_04113_,9.98µm
_05153_,9.98µm
_06989_,9.98µm
_10111_,9.98µm
_10138_,9.98µm
_10167_,9.98µm
_14705_,9.98µm
_17076_,9.98µm
_17143_,9.98µm
_19689_,9.98µm
_19891_,9.98µm
_20386_,9.98µm
_20967_,9.98µm
_21032_,9.98µm
_21451_,9.98µm
adder_buffer.array\[0\]\[7\],9.98µm
divider_instance.four_man\[25\],9.98µm
adder_buffer.array\[2\]\[23\],9.965µm
_04123_,9.96µm
_04433_,9.96µm
_06982_,9.96µm
_07259_,9.96µm
_09240_,9.96µm
_09241_,9.96µm
_11857_,9.96µm
_12924_,9.96µm
_13072_,9.96µm
_13893_,9.96µm
_14684_,9.96µm
_15077_,9.96µm
_15725_,9.96µm
_17672_,9.96µm
_18957_,9.96µm
_20587_,9.96µm
multiplier_instance.TT.genblk1\[2\].CSA1.B\[16\],9.96µm
reorder_buf_instance.array\[7\]\[16\],9.96µm
_02010_,9.955µm
_02320_,9.945µm
_02968_,9.94µm
_03280_,9.94µm
_05983_,9.94µm
_06682_,9.94µm
_06808_,9.94µm
_06859_,9.94µm
_07666_,9.94µm
_07954_,9.94µm
_08554_,9.94µm
_09366_,9.94µm
_10150_,9.94µm
_10293_,9.94µm
_11323_,9.94µm
_11616_,9.94µm
_11841_,9.94µm
_12171_,9.94µm
_13603_,9.94µm
_15440_,9.94µm
_16296_,9.94µm
_18118_,9.94µm
_18121_,9.94µm
_19183_,9.94µm
_20029_,9.94µm
_20745_,9.94µm
_21071_,9.94µm
adder_buffer.array\[0\]\[10\],9.94µm
adder_buffer.array\[0\]\[37\],9.94µm
divider_instance.mantisaA0\[7\],9.94µm
divider_instance.mantisaB0\[21\],9.94µm
multiplier_instance.PPG.A\[7\],9.94µm
multiplier_instance.TT.genblk1\[1\].CSA1.C\[14\],9.94µm
multiplier_instance.TT.genblk1\[4\].CSA1.B\[13\],9.94µm
multiplier_instance.TT.genblk1\[4\].CSA1.B\[27\],9.94µm
multiplier_instance.s1_exp_a\[7\],9.94µm
reorder_buf_instance.array\[10\]\[4\],9.94µm
reorder_buf_instance.array\[2\]\[14\],9.94µm
reorder_buf_instance.array\[2\]\[7\],9.94µm
_07721_,9.93µm
_14051_,9.93µm
_11285_,9.925µm
_00328_,9.92µm
_03505_,9.92µm
_06315_,9.92µm
_08959_,9.92µm
_10313_,9.92µm
_10995_,9.92µm
_11562_,9.92µm
_11595_,9.92µm
_12576_,9.92µm
_13184_,9.92µm
_15068_,9.92µm
_15141_,9.92µm
_15883_,9.92µm
_18355_,9.92µm
_19107_,9.92µm
_19600_,9.92µm
_20343_,9.92µm
_20755_,9.92µm
_21570_,9.92µm
multiplier_instance.TT.genblk1\[5\].CSA1.A\[29\],9.92µm
_07358_,9.91µm
_01898_,9.9µm
_02719_,9.9µm
_03180_,9.9µm
_03694_,9.9µm
_04730_,9.9µm
_05160_,9.9µm
_07392_,9.9µm
_07646_,9.9µm
_08455_,9.9µm
_09030_,9.9µm
_10846_,9.9µm
_11533_,9.9µm
_20248_,9.9µm
_21777_,9.9µm
adder_buffer.array\[1\]\[8\],9.9µm
adder_instance.mantisaA0\[21\],9.9µm
div_exp\[1\],9.9µm
adder_buffer.array\[2\]\[3\],9.89µm
_18704_,9.885µm
_19329_,9.885µm
_02869_,9.88µm
_03179_,9.88µm
_03989_,9.88µm
_04393_,9.88µm
_05562_,9.88µm
_06393_,9.88µm
_06613_,9.88µm
_10110_,9.88µm
_12918_,9.88µm
_13467_,9.88µm
_13724_,9.88µm
_14491_,9.88µm
_14644_,9.88µm
_14701_,9.88µm
net120,9.88µm
_05700_,9.87µm
_01749_,9.865µm
_03190_,9.86µm
_04208_,9.86µm
_05119_,9.86µm
_06077_,9.86µm
_07306_,9.86µm
_09230_,9.86µm
_11888_,9.86µm
_14278_,9.86µm
_16800_,9.86µm
_17047_,9.86µm
_17304_,9.86µm
_17322_,9.86µm
_18916_,9.86µm
net2261,9.86µm
net2293,9.86µm
net2583,9.86µm
net3066,9.86µm
adder_buffer.array\[2\]\[24\],9.85µm
_01887_,9.845µm
_02099_,9.84µm
_03325_,9.84µm
_03857_,9.84µm
_04105_,9.84µm
_05028_,9.84µm
_06378_,9.84µm
_07357_,9.84µm
_07680_,9.84µm
_08029_,9.84µm
_08186_,9.84µm
_10728_,9.84µm
_11143_,9.84µm
_11310_,9.84µm
_12122_,9.84µm
_13203_,9.84µm
_14222_,9.84µm
_18919_,9.84µm
_20683_,9.84µm
mult_mantisaB\[3\],9.84µm
reorder_buf_instance.array\[0\]\[10\],9.84µm
_14506_,9.83µm
_06739_,9.825µm
_21058_,9.825µm
_03094_,9.82µm
_03189_,9.82µm
_03697_,9.82µm
_03977_,9.82µm
_05294_,9.82µm
_05326_,9.82µm
_05416_,9.82µm
_05746_,9.82µm
_06819_,9.82µm
_07485_,9.82µm
_10237_,9.82µm
_11425_,9.82µm
_12174_,9.82µm
_13566_,9.82µm
_14682_,9.82µm
_15246_,9.82µm
_15496_,9.82µm
_16257_,9.82µm
_18063_,9.82µm
_19381_,9.82µm
_20005_,9.82µm
_20190_,9.82µm
_20268_,9.82µm
_20294_,9.82µm
_20663_,9.82µm
_21145_,9.82µm
_21469_,9.82µm
_21782_,9.82µm
div_mantisaA\[13\],9.82µm
multiplier_instance.TT.genblk1\[4\].CSA1.C\[21\],9.82µm
multiplier_instance.TT.genblk1\[6\].CSA1.A\[37\],9.82µm
reorder_buf_instance.array\[15\]\[17\],9.82µm
reorder_buf_instance.array\[15\]\[6\],9.82µm
reorder_buf_instance.array\[7\]\[12\],9.82µm
net2698,9.82µm
net2837,9.82µm
_10348_,9.8µm
_12839_,9.8µm
_13214_,9.8µm
_17183_,9.8µm
_18065_,9.8µm
_20822_,9.8µm
mult_buffer.array\[3\]\[32\],9.8µm
reorder_buf_instance.array\[12\]\[0\],9.8µm
_03170_,9.78µm
_04556_,9.78µm
_05069_,9.78µm
_05830_,9.78µm
_06492_,9.78µm
_07146_,9.78µm
_07739_,9.78µm
_08456_,9.78µm
_10281_,9.78µm
_10287_,9.78µm
_10406_,9.78µm
_11694_,9.78µm
_12212_,9.78µm
_13585_,9.78µm
_15042_,9.78µm
_17186_,9.78µm
_17490_,9.78µm
_17697_,9.78µm
_18048_,9.78µm
_18296_,9.78µm
_20658_,9.78µm
_21568_,9.78µm
adder_buffer.out\[12\],9.78µm
multiplier_instance.TT.genblk1\[0\].CSA1.C\[7\],9.78µm
multiplier_instance.TT.genblk1\[1\].CSA1.A\[21\],9.78µm
multiplier_instance.TT.genblk1\[4\].CSA1.A\[21\],9.78µm
multiplier_instance.TT.genblk1\[6\].CSA1.B\[39\],9.78µm
net2234,9.78µm
net2282,9.78µm
_01171_,9.775µm
_05200_,9.77µm
_21776_,9.77µm
_04210_,9.76µm
_17740_,9.76µm
_18280_,9.76µm
a[21],9.76µm
b[1],9.76µm
multiplier_instance.PPG.genblk1\[12\].masked\[22\],9.76µm
net3227,9.76µm
_01281_,9.745µm
_13155_,9.745µm
_00461_,9.74µm
_03419_,9.74µm
_03710_,9.74µm
_03995_,9.74µm
_04481_,9.74µm
_05357_,9.74µm
_05720_,9.74µm
_07589_,9.74µm
_08116_,9.74µm
_09000_,9.74µm
_12024_,9.74µm
_14573_,9.74µm
_18410_,9.74µm
_18983_,9.74µm
_21640_,9.74µm
adder_buffer.array\[1\]\[18\],9.74µm
adder_instance.expmiddlea\[0\],9.74µm
multiplier_instance.s3_sum\[36\],9.74µm
reorder_buf_instance.array\[3\]\[30\],9.74µm
reorder_buf_instance.array\[4\]\[0\],9.74µm
_20846_,9.735µm
_04594_,9.72µm
_05546_,9.72µm
_06259_,9.72µm
_09766_,9.72µm
_15044_,9.72µm
_17204_,9.72µm
_20543_,9.72µm
_21096_,9.72µm
multiplier_instance.TT.genblk1\[1\].CSA1.A\[9\],9.72µm
reorder_buf_instance.array\[9\]\[12\],9.72µm
_09626_,9.705µm
_00469_,9.7µm
_02689_,9.7µm
_04136_,9.7µm
_04237_,9.7µm
_04379_,9.7µm
_04516_,9.7µm
_04852_,9.7µm
_05218_,9.7µm
_07425_,9.7µm
_08097_,9.7µm
_08173_,9.7µm
_09083_,9.7µm
_09584_,9.7µm
_09643_,9.7µm
_09869_,9.7µm
_13279_,9.7µm
_13440_,9.7µm
_15258_,9.7µm
_16030_,9.7µm
_16122_,9.7µm
_17080_,9.7µm
_18717_,9.7µm
_20309_,9.7µm
_20360_,9.7µm
_21161_,9.7µm
_21406_,9.7µm
_21740_,9.7µm
adder_buffer.array\[1\]\[20\],9.7µm
adder_buffer.array\[1\]\[22\],9.7µm
adder_buffer.array\[3\]\[10\],9.7µm
adder_buffer.array\[3\]\[37\],9.7µm
div_mantisa\[3\],9.7µm
multiplier_instance.TT.genblk1\[0\].CSA1.A\[3\],9.7µm
multiplier_instance.TT.genblk1\[4\].CSA1.B\[17\],9.7µm
multiplier_instance.TT.genblk1\[4\].CSA1.B\[31\],9.7µm
multiplier_instance.TT.genblk1\[5\].CSA1.A\[15\],9.7µm
multiplier_instance.TT.genblk1\[7\].CSA1.B\[35\],9.7µm
reorder_buf_instance.array\[0\]\[27\],9.7µm
reorder_buf_instance.array\[10\]\[28\],9.7µm
_01130_,9.685µm
_01342_,9.685µm
_09043_,9.68µm
_17696_,9.68µm
_17949_,9.68µm
_19011_,9.68µm
_19276_,9.68µm
_19775_,9.68µm
_20117_,9.68µm
multiplier_instance.TT.genblk1\[7\].CSA1.A\[23\],9.68µm
reorder_buf_instance.array\[2\]\[23\],9.68µm
_02287_,9.675µm
_00032_,9.66µm
_06299_,9.66µm
_06480_,9.66µm
_07162_,9.66µm
_09133_,9.66µm
_12340_,9.66µm
_17364_,9.66µm
_20202_,9.66µm
_20490_,9.66µm
_20624_,9.66µm
net2754,9.66µm
net3236,9.66µm
_01168_,9.655µm
multiplier_instance.TT.genblk1\[6\].CSA1.B\[34\],9.655µm
_21492_,9.65µm
_01799_,9.645µm
_02323_,9.645µm
_02455_,9.645µm
_02467_,9.645µm
_06557_,9.645µm
_18248_,9.645µm
_03277_,9.64µm
_04848_,9.64µm
_08993_,9.64µm
_14047_,9.64µm
_15671_,9.64µm
_16124_,9.64µm
_17258_,9.64µm
b[13],9.64µm
b[4],9.64µm
c[14],9.64µm
c[1],9.64µm
c[20],9.64µm
divider_instance.expmiddleb\[4\],9.64µm
multiplier_instance.PPG.genblk1\[19\].masked\[4\],9.64µm
_01109_,9.635µm
_15475_,9.63µm
adder_buffer.array\[2\]\[37\],9.625µm
multiplier_instance.TT.genblk1\[5\].CSA1.B\[21\],9.625µm
_03480_,9.62µm
_04138_,9.62µm
_04865_,9.62µm
_05853_,9.62µm
_07144_,9.62µm
_08112_,9.62µm
_10299_,9.62µm
_15027_,9.62µm
_15281_,9.62µm
_15583_,9.62µm
_19059_,9.62µm
_19519_,9.62µm
_20633_,9.62µm
_21036_,9.62µm
_21537_,9.62µm
adder_buffer.array\[3\]\[23\],9.62µm
multiplier_instance.TT.genblk1\[3\].CSA1.A\[18\],9.62µm
multiplier_instance.TT.genblk1\[4\].CSA1.C\[22\],9.62µm
reorder_buf_instance.array\[11\]\[25\],9.62µm
net2897,9.62µm
net3033,9.62µm
net3156,9.62µm
_19572_,9.61µm
_04829_,9.6µm
_06906_,9.6µm
_11147_,9.6µm
_12130_,9.6µm
_13609_,9.6µm
_16792_,9.6µm
_16978_,9.6µm
_17917_,9.6µm
_19133_,9.6µm
_19721_,9.6µm
_21051_,9.6µm
mult_mantisa\[18\],9.6µm
reorder_buf_instance.array\[14\]\[16\],9.6µm
reorder_buf_instance.ready_check\[7\],9.6µm
net3184,9.6µm
_11545_,9.59µm
_02666_,9.58µm
_02993_,9.58µm
_05085_,9.58µm
_05828_,9.58µm
_06619_,9.58µm
_07532_,9.58µm
_07598_,9.58µm
_08286_,9.58µm
_09027_,9.58µm
_10358_,9.58µm
_11029_,9.58µm
_11503_,9.58µm
_11626_,9.58µm
_13057_,9.58µm
_13196_,9.58µm
_13769_,9.58µm
_14386_,9.58µm
_16044_,9.58µm
_16463_,9.58µm
_18170_,9.58µm
_18751_,9.58µm
_19270_,9.58µm
_19853_,9.58µm
_20885_,9.58µm
multiplier_instance.TT.genblk1\[0\].CSA1.B\[10\],9.58µm
multiplier_instance.TT.genblk1\[1\].CSA1.C\[23\],9.58µm
multiplier_instance.TT.genblk1\[6\].CSA1.A\[22\],9.58µm
reorder_buf_instance.array\[12\]\[10\],9.58µm
reorder_buf_instance.array\[15\]\[1\],9.58µm
reorder_buf_instance.array\[15\]\[9\],9.58µm
reorder_buf_instance.array\[3\]\[12\],9.58µm
reorder_buf_instance.array\[7\]\[23\],9.58µm
reorder_buf_instance.array\[7\]\[7\],9.58µm
_20079_,9.575µm
adder_buffer.array\[2\]\[16\],9.565µm
_10659_,9.56µm
_15088_,9.56µm
_16745_,9.56µm
multiplier_instance.TT.genblk1\[4\].CSA1.A\[29\],9.56µm
net3035,9.56µm
reorder_buf_instance.array\[13\]\[26\],9.545µm
_00061_,9.54µm
_01807_,9.54µm
_02859_,9.54µm
_05970_,9.54µm
_06367_,9.54µm
_08382_,9.54µm
_13068_,9.54µm
_14408_,9.54µm
_14508_,9.54µm
_20489_,9.54µm
_21163_,9.54µm
multiplier_instance.TT.genblk1\[3\].CSA1.A\[30\],9.54µm
multiplier_instance.TT.genblk1\[5\].CSA1.A\[26\],9.54µm
net91,9.54µm
net2330,9.54µm
net2727,9.54µm
_01324_,9.535µm
_02195_,9.535µm
_02578_,9.52µm
_06024_,9.52µm
_06124_,9.52µm
_06264_,9.52µm
_07086_,9.52µm
_07696_,9.52µm
_12038_,9.52µm
_13129_,9.52µm
_13305_,9.52µm
_15535_,9.52µm
_15769_,9.52µm
_16743_,9.52µm
_18700_,9.52µm
_18931_,9.52µm
_19868_,9.52µm
_20173_,9.52µm
divider_instance.mantisaB0\[19\],9.52µm
multiplier_instance.PPG.genblk1\[16\].masked\[11\],9.52µm
net3136,9.52µm
_03743_,9.5µm
_05190_,9.5µm
_08170_,9.5µm
_08749_,9.5µm
_18629_,9.5µm
_18702_,9.5µm
_20058_,9.5µm
_21412_,9.5µm
mult_buffer.array\[3\]\[39\],9.5µm
multiplier_instance.TT.genblk1\[4\].CSA1.A\[16\],9.5µm
reorder_buf_instance.array\[15\]\[19\],9.5µm
_18942_,9.49µm
_04849_,9.48µm
_05834_,9.48µm
_06735_,9.48µm
_09321_,9.48µm
_10763_,9.48µm
_11372_,9.48µm
_14468_,9.48µm
_14865_,9.48µm
_15684_,9.48µm
_16674_,9.48µm
_16876_,9.48µm
_17410_,9.48µm
_17492_,9.48µm
_18229_,9.48µm
_18848_,9.48µm
_19511_,9.48µm
_20083_,9.48µm
_20177_,9.48µm
_20699_,9.48µm
_20976_,9.48µm
_21523_,9.48µm
adder_buffer.out\[25\],9.48µm
multiplier_instance.TT.genblk1\[3\].CSA1.B\[31\],9.48µm
multiplier_instance.TT.genblk1\[5\].CSA1.B\[16\],9.48µm
multiplier_instance.s2_exp_b\[4\],9.48µm
reorder_buf_instance.array\[0\]\[24\],9.48µm
reorder_buf_instance.array\[0\]\[7\],9.48µm
reorder_buf_instance.array\[10\]\[29\],9.48µm
net2949,9.48µm
_04045_,9.46µm
_04643_,9.46µm
_04842_,9.46µm
_05161_,9.46µm
_08864_,9.46µm
_09854_,9.46µm
_10068_,9.46µm
_10646_,9.46µm
_11487_,9.46µm
_12588_,9.46µm
_15260_,9.46µm
_18499_,9.46µm
_18913_,9.46µm
_19785_,9.46µm
_20052_,9.46µm
_20518_,9.46µm
_20820_,9.46µm
multiplier_instance.TT.genblk1\[7\].CSA1.A\[34\],9.46µm
reorder_buf_instance.array\[11\]\[20\],9.46µm
reorder_buf_instance.array\[15\]\[12\],9.46µm
reorder_buf_instance.array\[13\]\[27\],9.455µm
reorder_buf_instance.array\[5\]\[9\],9.455µm
_01083_,9.445µm
_01451_,9.445µm
_02377_,9.445µm
_02639_,9.44µm
_03070_,9.44µm
_06305_,9.44µm
_07701_,9.44µm
_10000_,9.44µm
_10441_,9.44µm
_12373_,9.44µm
_13144_,9.44µm
_15359_,9.44µm
_16539_,9.44µm
_16690_,9.44µm
_17724_,9.44µm
_17788_,9.44µm
_19266_,9.44µm
_19450_,9.44µm
_19592_,9.44µm
_20192_,9.44µm
_21603_,9.44µm
divider_instance.mantisaA0\[13\],9.44µm
divider_instance.mantisaA0\[8\],9.44µm
multiplier_instance.TT.genblk1\[0\].CSA1.A\[17\],9.44µm
multiplier_instance.TT.genblk1\[0\].CSA1.A\[2\],9.44µm
net2706,9.44µm
_00808_,9.42µm
_01823_,9.42µm
_02930_,9.42µm
_02971_,9.42µm
_03558_,9.42µm
_08323_,9.42µm
_09006_,9.42µm
_10943_,9.42µm
_13389_,9.42µm
_14519_,9.42µm
_14709_,9.42µm
_15314_,9.42µm
_17419_,9.42µm
_17744_,9.42µm
multiplier_instance.TT.genblk1\[4\].CSA1.C\[27\],9.42µm
reorder_buf_instance.array\[10\]\[23\],9.42µm
reorder_buf_instance.array\[8\]\[14\],9.42µm
reorder_buf_instance.array\[13\]\[15\],9.415µm
_01391_,9.405µm
_02353_,9.405µm
_02557_,9.4µm
_02677_,9.4µm
_03596_,9.4µm
_04224_,9.4µm
_04828_,9.4µm
_07886_,9.4µm
_08172_,9.4µm
_08619_,9.4µm
_08848_,9.4µm
_09864_,9.4µm
_11332_,9.4µm
_16480_,9.4µm
_17358_,9.4µm
_17403_,9.4µm
_17674_,9.4µm
_19246_,9.4µm
_21209_,9.4µm
div_mantisa\[7\],9.4µm
multiplier_instance.TT.genblk1\[0\].CSA1.B\[5\],9.4µm
multiplier_instance.TT.genblk1\[4\].CSA1.A\[20\],9.4µm
_00208_,9.38µm
_03760_,9.38µm
_04726_,9.38µm
_04871_,9.38µm
_07443_,9.38µm
_07777_,9.38µm
_08068_,9.38µm
_10329_,9.38µm
_10347_,9.38µm
_14570_,9.38µm
_17678_,9.38µm
_19473_,9.38µm
_21212_,9.38µm
_21546_,9.38µm
adder_buffer.array\[0\]\[19\],9.38µm
multiplier_instance.TT.genblk1\[2\].CSA1.C\[10\],9.38µm
net2856,9.38µm
_01811_,9.375µm
_11495_,9.375µm
reorder_buf_instance.array\[13\]\[31\],9.375µm
_18161_,9.37µm
_02255_,9.365µm
_02395_,9.365µm
_00059_,9.36µm
_02902_,9.36µm
_03739_,9.36µm
_04039_,9.36µm
_05743_,9.36µm
_06027_,9.36µm
_06603_,9.36µm
_07965_,9.36µm
_08199_,9.36µm
_09091_,9.36µm
_10525_,9.36µm
_11072_,9.36µm
_11712_,9.36µm
_12322_,9.36µm
_14133_,9.36µm
_16655_,9.36µm
_18019_,9.36µm
_18824_,9.36µm
_19390_,9.36µm
_19705_,9.36µm
_19932_,9.36µm
_20025_,9.36µm
_20553_,9.36µm
_20847_,9.36µm
_21122_,9.36µm
_21132_,9.36µm
_21240_,9.36µm
_21785_,9.36µm
multiplier_instance.TT.genblk1\[1\].CSA1.B\[9\],9.36µm
reorder_buf_instance.array\[4\]\[20\],9.36µm
reorder_buf_instance.array\[4\]\[26\],9.36µm
reorder_buf_instance.array\[7\]\[10\],9.36µm
reorder_buf_instance.array\[7\]\[2\],9.36µm
net194,9.36µm
net2598,9.36µm
net2720,9.36µm
net2875,9.36µm
_03205_,9.34µm
_05281_,9.34µm
_05468_,9.34µm
_05742_,9.34µm
_07236_,9.34µm
_08240_,9.34µm
_08475_,9.34µm
_08938_,9.34µm
_13715_,9.34µm
_18768_,9.34µm
_19717_,9.34µm
_20513_,9.34µm
_21149_,9.34µm
_21468_,9.34µm
_02530_,9.335µm
_20174_,9.335µm
_00820_,9.325µm
_02586_,9.32µm
_03132_,9.32µm
_03521_,9.32µm
_05039_,9.32µm
_05799_,9.32µm
_06244_,9.32µm
_06421_,9.32µm
_12209_,9.32µm
_13066_,9.32µm
_13836_,9.32µm
_16520_,9.32µm
_16793_,9.32µm
_18565_,9.32µm
_19117_,9.32µm
_19590_,9.32µm
_20750_,9.32µm
reorder_buf_instance.array\[8\]\[13\],9.32µm
net2569,9.32µm
_00263_,9.31µm
_02915_,9.3µm
_04055_,9.3µm
_06342_,9.3µm
_08546_,9.3µm
_08888_,9.3µm
_12581_,9.3µm
_13592_,9.3µm
_15302_,9.3µm
b[0],9.3µm
b[21],9.3µm
b[26],9.3µm
b[2],9.3µm
b[3],9.3µm
_02420_,9.285µm
reorder_buf_instance.array\[5\]\[22\],9.285µm
_03661_,9.28µm
_04068_,9.28µm
_04289_,9.28µm
_04774_,9.28µm
_05680_,9.28µm
_07591_,9.28µm
_11359_,9.28µm
_11603_,9.28µm
_12561_,9.28µm
_14167_,9.28µm
_18510_,9.28µm
_18520_,9.28µm
_19733_,9.28µm
_20152_,9.28µm
reorder_buf_instance.array\[4\]\[28\],9.28µm
_02486_,9.26µm
_04089_,9.26µm
_04094_,9.26µm
_04851_,9.26µm
_05464_,9.26µm
_07602_,9.26µm
_08404_,9.26µm
_10783_,9.26µm
_11517_,9.26µm
_11837_,9.26µm
_17862_,9.26µm
_18587_,9.26µm
_18882_,9.26µm
_18948_,9.26µm
_19391_,9.26µm
_20454_,9.26µm
div_buffer.array\[2\]\[37\],9.25µm
_01136_,9.245µm
_18348_,9.245µm
_03006_,9.24µm
_03894_,9.24µm
_04239_,9.24µm
_05427_,9.24µm
_05537_,9.24µm
_06910_,9.24µm
_07185_,9.24µm
_08611_,9.24µm
_12110_,9.24µm
_12399_,9.24µm
_12558_,9.24µm
_12998_,9.24µm
_13152_,9.24µm
_13533_,9.24µm
_13735_,9.24µm
_15549_,9.24µm
_15890_,9.24µm
_17081_,9.24µm
_18825_,9.24µm
_19850_,9.24µm
_20653_,9.24µm
_21315_,9.24µm
_21436_,9.24µm
adder_buffer.array\[1\]\[2\],9.24µm
adder_buffer.array\[3\]\[15\],9.24µm
divider_instance.expmiddled\[0\],9.24µm
multiplier_instance.TT.genblk1\[0\].CSA1.C\[14\],9.24µm
multiplier_instance.TT.genblk1\[6\].CSA1.C\[33\],9.24µm
reorder_buf_instance.array\[9\]\[1\],9.235µm
_12417_,9.23µm
_16681_,9.23µm
_01201_,9.225µm
_01774_,9.225µm
_12304_,9.225µm
_00977_,9.22µm
_02600_,9.22µm
_03016_,9.22µm
_11431_,9.22µm
_12805_,9.22µm
_13192_,9.22µm
_16424_,9.22µm
_16442_,9.22µm
_16697_,9.22µm
_19219_,9.22µm
reorder_buf_instance.array\[15\]\[26\],9.22µm
reorder_buf_instance.array\[15\]\[3\],9.22µm
final_out[23],9.21µm
_05132_,9.2µm
_11696_,9.2µm
_12429_,9.2µm
_05139_,9.19µm
_13318_,9.19µm
_01261_,9.185µm
_01693_,9.185µm
_01779_,9.185µm
_02498_,9.185µm
_05289_,9.18µm
_07902_,9.18µm
_11504_,9.18µm
_17663_,9.18µm
a[23],9.18µm
c[22],9.18µm
c[8],9.18µm
_13309_,9.17µm
_02775_,9.16µm
_03375_,9.16µm
_05678_,9.16µm
_06851_,9.16µm
_08103_,9.16µm
_09154_,9.16µm
_09510_,9.16µm
_10296_,9.16µm
_10827_,9.16µm
_11568_,9.16µm
_12963_,9.16µm
_13022_,9.16µm
_13232_,9.16µm
_13918_,9.16µm
_14002_,9.16µm
_14901_,9.16µm
_18412_,9.16µm
_18828_,9.16µm
_19643_,9.16µm
_21007_,9.16µm
_21017_,9.16µm
_21236_,9.16µm
multiplier_instance.TT.genblk1\[6\].CSA1.B\[20\],9.16µm
reorder_buf_instance.array\[15\]\[2\],9.16µm
net3171,9.16µm
adder_buffer.array\[2\]\[29\],9.15µm
_03881_,9.14µm
_04218_,9.14µm
_04734_,9.14µm
_12335_,9.14µm
_17872_,9.14µm
_20594_,9.14µm
_21327_,9.14µm
reorder_buf_instance.array\[11\]\[0\],9.14µm
reorder_buf_instance.array\[2\]\[3\],9.14µm
_12422_,9.135µm
_00595_,9.13µm
_02429_,9.125µm
_04156_,9.12µm
_05941_,9.12µm
_06740_,9.12µm
_06988_,9.12µm
_07770_,9.12µm
_07960_,9.12µm
_08534_,9.12µm
_08542_,9.12µm
_09036_,9.12µm
_10221_,9.12µm
_10334_,9.12µm
_10747_,9.12µm
_11177_,9.12µm
_13107_,9.12µm
_14798_,9.12µm
_16304_,9.12µm
_18980_,9.12µm
_19393_,9.12µm
_19654_,9.12µm
_20064_,9.12µm
_20937_,9.12µm
_21185_,9.12µm
_21280_,9.12µm
multiplier_instance.TT.genblk1\[0\].CSA1.C\[8\],9.12µm
multiplier_instance.TT.genblk1\[1\].CSA1.B\[8\],9.12µm
multiplier_instance.TT.genblk1\[3\].CSA1.B\[18\],9.12µm
multiplier_instance.TT.genblk1\[6\].CSA1.A\[18\],9.12µm
multiplier_instance.TT.genblk1\[6\].CSA1.C\[31\],9.12µm
reorder_buf_instance.array\[11\]\[2\],9.12µm
reorder_buf_instance.array\[15\]\[21\],9.12µm
reorder_buf_instance.array\[2\]\[5\],9.12µm
reorder_buf_instance.array\[3\]\[3\],9.12µm
net2323,9.12µm
_12819_,9.115µm
_06327_,9.1µm
_10127_,9.1µm
_12375_,9.1µm
_14223_,9.1µm
_14244_,9.1µm
_15649_,9.1µm
_16077_,9.1µm
_19727_,9.1µm
multiplier_instance.TT.genblk1\[2\].CSA1.B\[28\],9.1µm
_02767_,9.08µm
_05159_,9.08µm
_07282_,9.08µm
_07478_,9.08µm
_10173_,9.08µm
_11015_,9.08µm
_11959_,9.08µm
_17698_,9.08µm
adder_instance.four_man\[53\],9.08µm
div_mantisaA\[3\],9.08µm
net2178,9.08µm
_21180_,9.07µm
_01225_,9.065µm
_16130_,9.065µm
_07291_,9.06µm
_10371_,9.06µm
_10734_,9.06µm
_11256_,9.06µm
_11377_,9.06µm
_16786_,9.06µm
_17376_,9.06µm
_19207_,9.06µm
_19617_,9.06µm
multiplier_instance.PPG.genblk1\[10\].masked\[11\],9.06µm
net2793,9.06µm
net3094,9.06µm
_15674_,9.045µm
reorder_buf_instance.array\[9\]\[26\],9.045µm
_03348_,9.04µm
_04031_,9.04µm
_05497_,9.04µm
_05833_,9.04µm
_08175_,9.04µm
_08442_,9.04µm
_09038_,9.04µm
_09055_,9.04µm
_09294_,9.04µm
_09484_,9.04µm
_10008_,9.04µm
_11309_,9.04µm
_11458_,9.04µm
_11808_,9.04µm
_12969_,9.04µm
_13959_,9.04µm
_14783_,9.04µm
_15587_,9.04µm
_15910_,9.04µm
_16049_,9.04µm
_18759_,9.04µm
_18921_,9.04µm
_19084_,9.04µm
_19467_,9.04µm
_20176_,9.04µm
_20383_,9.04µm
_20915_,9.04µm
_21419_,9.04µm
reorder_buf_instance.array\[3\]\[5\],9.04µm
reorder_buf_instance.array\[8\]\[27\],9.04µm
_19491_,9.03µm
_01830_,9.02µm
_02752_,9.02µm
_02921_,9.02µm
_03101_,9.02µm
_03297_,9.02µm
_04658_,9.02µm
_05811_,9.02µm
_06064_,9.02µm
_06676_,9.02µm
_08122_,9.02µm
_08149_,9.02µm
_08719_,9.02µm
_10031_,9.02µm
_10134_,9.02µm
_11286_,9.02µm
_11531_,9.02µm
_12493_,9.02µm
_12812_,9.02µm
_12990_,9.02µm
_13316_,9.02µm
_13749_,9.02µm
_14879_,9.02µm
_15304_,9.02µm
_16249_,9.02µm
_16601_,9.02µm
_18074_,9.02µm
_18189_,9.02µm
_18368_,9.02µm
_18567_,9.02µm
_18577_,9.02µm
_18662_,9.02µm
_18953_,9.02µm
_19033_,9.02µm
_19401_,9.02µm
_19513_,9.02µm
_20193_,9.02µm
_20276_,9.02µm
_20436_,9.02µm
_20930_,9.02µm
_21384_,9.02µm
_21465_,9.02µm
adder_buffer.array\[3\]\[14\],9.02µm
adder_buffer.array\[3\]\[26\],9.02µm
adder_instance.expmiddleb\[7\],9.02µm
div_buffer.out\[38\],9.02µm
mult_buffer.array\[3\]\[36\],9.02µm
multiplier_instance.PPG.genblk1\[14\].masked\[20\],9.02µm
multiplier_instance.TT.CPA.sum\[32\],9.02µm
multiplier_instance.TT.genblk1\[0\].CSA1.B\[7\],9.02µm
multiplier_instance.s3_sum\[26\],9.02µm
net2272,9.02µm
net2486,9.02µm
net2626,9.02µm
net3015,9.02µm
net3039,9.02µm
adder_buffer.array\[2\]\[0\],9.01µm
_04000_,9µm
_04427_,9µm
_04450_,9µm
_08196_,9µm
_09201_,9µm
_12411_,9µm
_13803_,9µm
_17388_,9µm
_19310_,9µm
_21222_,9µm
_21472_,9µm
_21477_,9µm
_21696_,9µm
adder_buffer.array\[1\]\[21\],9µm
reorder_buf_instance.array\[11\]\[31\],9µm
reorder_buf_instance.array\[2\]\[2\],9µm
_20073_,8.99µm
_01017_,8.985µm
_01029_,8.985µm
_01571_,8.985µm
_01995_,8.985µm
_02861_,8.98µm
_02944_,8.98µm
_03836_,8.98µm
_04203_,8.98µm
_05298_,8.98µm
_08396_,8.98µm
_08890_,8.98µm
_09124_,8.98µm
_09259_,8.98µm
_09303_,8.98µm
_11231_,8.98µm
_11270_,8.98µm
_11966_,8.98µm
_13562_,8.98µm
_14906_,8.98µm
_15043_,8.98µm
_17610_,8.98µm
_18241_,8.98µm
_18521_,8.98µm
_19986_,8.98µm
_21395_,8.98µm
multiplier_instance.TT.genblk1\[4\].CSA1.C\[25\],8.98µm
multiplier_instance.TT.genblk1\[7\].CSA1.B\[36\],8.98µm
multiplier_instance.TT.genblk1\[7\].CSA1.B\[45\],8.98µm
net147,8.98µm
net2741,8.98µm
_13332_,8.97µm
_02985_,8.96µm
_03088_,8.96µm
_03116_,8.96µm
_03203_,8.96µm
_05677_,8.96µm
_06866_,8.96µm
_08171_,8.96µm
_08232_,8.96µm
_09687_,8.96µm
_12694_,8.96µm
_13557_,8.96µm
_19779_,8.96µm
reorder_buf_instance.array\[13\]\[16\],8.955µm
_01257_,8.945µm
_01587_,8.945µm
_02080_,8.945µm
_02349_,8.945µm
_03106_,8.94µm
_03271_,8.94µm
_03560_,8.94µm
_03622_,8.94µm
_05388_,8.94µm
_05862_,8.94µm
_06741_,8.94µm
_09552_,8.94µm
_14094_,8.94µm
_15840_,8.94µm
_16926_,8.94µm
_17484_,8.94µm
_17622_,8.94µm
_17758_,8.94µm
_17902_,8.94µm
_18820_,8.94µm
_19045_,8.94µm
_19804_,8.94µm
_19977_,8.94µm
_20994_,8.94µm
multiplier_instance.PPG.genblk1\[19\].masked\[9\],8.94µm
reorder_buf_instance.array\[0\]\[8\],8.94µm
reorder_buf_instance.array\[14\]\[23\],8.94µm
net2230,8.94µm
net2353,8.94µm
net2445,8.94µm
net2687,8.94µm
_00658_,8.93µm
_07564_,8.93µm
final_out[13],8.93µm
_04070_,8.92µm
_04202_,8.92µm
_05790_,8.92µm
_06388_,8.92µm
_08087_,8.92µm
_08165_,8.92µm
_08214_,8.92µm
_09585_,8.92µm
_10543_,8.92µm
_11417_,8.92µm
_11432_,8.92µm
_13638_,8.92µm
_13879_,8.92µm
_15177_,8.92µm
_18106_,8.92µm
_18780_,8.92µm
_19663_,8.92µm
_21317_,8.92µm
_21584_,8.92µm
adder_buffer.array\[0\]\[28\],8.92µm
multiplier_instance.TT.genblk1\[4\].CSA1.A\[13\],8.92µm
multiplier_instance.TT.genblk1\[7\].CSA1.A\[35\],8.92µm
_12305_,8.915µm
_02876_,8.9µm
_03204_,8.9µm
_03644_,8.9µm
_03774_,8.9µm
_03824_,8.9µm
_05993_,8.9µm
_06411_,8.9µm
_08045_,8.9µm
_08088_,8.9µm
_08141_,8.9µm
_09209_,8.9µm
_09679_,8.9µm
_09947_,8.9µm
_11825_,8.9µm
_12638_,8.9µm
_12900_,8.9µm
_13826_,8.9µm
_13884_,8.9µm
_13958_,8.9µm
_13976_,8.9µm
_13996_,8.9µm
_14437_,8.9µm
_15529_,8.9µm
_15810_,8.9µm
_17374_,8.9µm
_17981_,8.9µm
_19192_,8.9µm
_19221_,8.9µm
_19601_,8.9µm
_20081_,8.9µm
_20493_,8.9µm
_20958_,8.9µm
adder_buffer.array\[0\]\[34\],8.9µm
multiplier_instance.TT.genblk1\[0\].CSA1.A\[16\],8.9µm
multiplier_instance.TT.genblk1\[1\].CSA1.B\[5\],8.9µm
multiplier_instance.TT.genblk1\[7\].CSA1.C\[38\],8.9µm
reorder_buf_instance.array\[14\]\[19\],8.9µm
reorder_buf_instance.array\[14\]\[24\],8.9µm
reorder_buf_instance.array\[15\]\[27\],8.9µm
reorder_buf_instance.array\[15\]\[7\],8.9µm
reorder_buf_instance.array\[6\]\[12\],8.9µm
reorder_buf_instance.array\[7\]\[14\],8.9µm
net205,8.9µm
net2159,8.9µm
net3062,8.9µm
_02326_,8.895µm
_18651_,8.89µm
reorder_buf_instance.array\[13\]\[6\],8.885µm
_10359_,8.88µm
_10750_,8.88µm
_13019_,8.88µm
_16903_,8.88µm
_18716_,8.88µm
_20008_,8.88µm
div_mantisaA\[14\],8.88µm
multiplier_instance.TT.genblk1\[3\].CSA1.A\[12\],8.88µm
multiplier_instance.TT.genblk1\[3\].CSA1.B\[20\],8.88µm
multiplier_instance.TT.genblk1\[4\].CSA1.B\[29\],8.88µm
multiplier_instance.TT.genblk1\[7\].CSA1.A\[27\],8.88µm
reorder_buf_instance.array\[5\]\[21\],8.88µm
reorder_buf_instance.array\[6\]\[13\],8.88µm
reorder_buf_instance.array\[8\]\[20\],8.88µm
_04095_,8.86µm
_05235_,8.86µm
_06773_,8.86µm
_08292_,8.86µm
_09087_,8.86µm
_09121_,8.86µm
_10186_,8.86µm
_10469_,8.86µm
_11714_,8.86µm
_12323_,8.86µm
_13023_,8.86µm
_13254_,8.86µm
_16103_,8.86µm
_16351_,8.86µm
_17382_,8.86µm
_17424_,8.86µm
_17436_,8.86µm
_17551_,8.86µm
_17785_,8.86µm
_19123_,8.86µm
_20751_,8.86µm
_21223_,8.86µm
multiplier_instance.TT.genblk1\[1\].CSA1.A\[12\],8.86µm
multiplier_instance.TT.genblk1\[3\].CSA1.C\[27\],8.86µm
multiplier_instance.TT.genblk1\[6\].CSA1.B\[27\],8.86µm
reorder_buf_instance.array\[3\]\[11\],8.86µm
net2595,8.86µm
net2697,8.86µm
_05518_,8.85µm
_11901_,8.85µm
_12679_,8.85µm
_06817_,8.84µm
_10276_,8.84µm
_13123_,8.84µm
_18255_,8.84µm
_18340_,8.84µm
_20825_,8.84µm
a[16],8.84µm
a[17],8.84µm
a[20],8.84µm
a[22],8.84µm
a[24],8.84µm
a[25],8.84µm
a[28],8.84µm
a[3],8.84µm
a[6],8.84µm
b[28],8.84µm
b[29],8.84µm
b[30],8.84µm
multiplier_instance.TT.genblk1\[4\].CSA1.A\[33\],8.84µm
net2455,8.84µm
net2599,8.84µm
net3336,8.84µm
_02468_,8.825µm
reorder_buf_instance.array\[5\]\[18\],8.825µm
_03680_,8.82µm
_03893_,8.82µm
_05033_,8.82µm
_05129_,8.82µm
_05299_,8.82µm
_06640_,8.82µm
_07218_,8.82µm
_07342_,8.82µm
_09105_,8.82µm
_10140_,8.82µm
_10874_,8.82µm
_11838_,8.82µm
_12622_,8.82µm
_12651_,8.82µm
_12740_,8.82µm
_13333_,8.82µm
_13431_,8.82µm
_14525_,8.82µm
_17716_,8.82µm
_19071_,8.82µm
_19378_,8.82µm
_20031_,8.82µm
_20461_,8.82µm
_20747_,8.82µm
_21498_,8.82µm
_21580_,8.82µm
adder_buffer.array\[1\]\[34\],8.82µm
adder_buffer.array\[3\]\[7\],8.82µm
multiplier_instance.TT.genblk1\[1\].CSA1.B\[22\],8.82µm
reorder_buf_instance.array\[12\]\[3\],8.82µm
net3195,8.82µm
_01791_,8.805µm
_01135_,8.8µm
_04381_,8.8µm
_04523_,8.8µm
_04660_,8.8µm
_07540_,8.8µm
_09880_,8.8µm
_10077_,8.8µm
_10704_,8.8µm
_12813_,8.8µm
_13574_,8.8µm
_15153_,8.8µm
_16901_,8.8µm
_16969_,8.8µm
_18230_,8.8µm
_19993_,8.8µm
_20674_,8.8µm
_21064_,8.8µm
multiplier_instance.TT.genblk1\[0\].CSA1.C\[20\],8.8µm
_08439_,8.795µm
_03061_,8.78µm
_04891_,8.78µm
_05060_,8.78µm
_05174_,8.78µm
_06292_,8.78µm
_07818_,8.78µm
_08344_,8.78µm
_08362_,8.78µm
_09478_,8.78µm
_10476_,8.78µm
_11468_,8.78µm
_12123_,8.78µm
_12169_,8.78µm
_12492_,8.78µm
_13577_,8.78µm
_16094_,8.78µm
_19150_,8.78µm
_19358_,8.78µm
_19726_,8.78µm
_20379_,8.78µm
_20388_,8.78µm
_20494_,8.78µm
_21511_,8.78µm
adder_buffer.array\[0\]\[9\],8.78µm
multiplier_instance.TT.genblk1\[3\].CSA1.C\[28\],8.78µm
multiplier_instance.TT.genblk1\[6\].CSA1.B\[42\],8.78µm
multiplier_instance.TT.genblk1\[7\].CSA1.C\[30\],8.78µm
multiplier_instance.TT.genblk1\[7\].CSA1.C\[41\],8.78µm
reorder_buf_instance.array\[12\]\[15\],8.78µm
reorder_buf_instance.array\[14\]\[11\],8.78µm
reorder_buf_instance.array\[14\]\[15\],8.78µm
reorder_buf_instance.array\[2\]\[22\],8.78µm
net2830,8.78µm
_01184_,8.765µm
_01637_,8.76µm
_01723_,8.76µm
_16410_,8.76µm
_17057_,8.76µm
_19624_,8.76µm
multiplier_instance.TT.genblk1\[5\].CSA1.C\[24\],8.76µm
net2267,8.76µm
_01585_,8.745µm
_03662_,8.745µm
_03035_,8.74µm
_03111_,8.74µm
_05241_,8.74µm
_05443_,8.74µm
_13752_,8.74µm
_16461_,8.74µm
_17688_,8.74µm
_20620_,8.74µm
_21522_,8.74µm
_21688_,8.74µm
multiplier_instance.PPG.genblk1\[8\].masked\[9\],8.74µm
net2507,8.74µm
net3275,8.74µm
_16556_,8.73µm
_01105_,8.725µm
_01254_,8.725µm
_01854_,8.725µm
_03712_,8.72µm
_04877_,8.72µm
_08078_,8.72µm
_09410_,8.72µm
_10643_,8.72µm
_21405_,8.72µm
_21577_,8.72µm
a[10],8.72µm
a[11],8.72µm
a[15],8.72µm
a[4],8.72µm
a[8],8.72µm
b[12],8.72µm
b[16],8.72µm
b[18],8.72µm
b[20],8.72µm
b[6],8.72µm
b[8],8.72µm
b[9],8.72µm
c[10],8.72µm
c[11],8.72µm
c[24],8.72µm
c[26],8.72µm
c[27],8.72µm
c[29],8.72µm
c[3],8.72µm
c[7],8.72µm
multiplier_instance.PPG.genblk1\[10\].masked\[12\],8.72µm
multiplier_instance.TT.genblk1\[7\].CSA1.A\[44\],8.72µm
reset,8.72µm
net3014,8.72µm
_01275_,8.715µm
_02432_,8.705µm
_03796_,8.7µm
_04182_,8.7µm
_04467_,8.7µm
_04810_,8.7µm
_05802_,8.7µm
_09248_,8.7µm
_10302_,8.7µm
_10670_,8.7µm
_10789_,8.7µm
_12529_,8.7µm
_14356_,8.7µm
_14734_,8.7µm
_15568_,8.7µm
_15657_,8.7µm
_19206_,8.7µm
_19367_,8.7µm
_19432_,8.7µm
_19518_,8.7µm
_20287_,8.7µm
_20453_,8.7µm
_20484_,8.7µm
_21529_,8.7µm
multiplier_instance.TT.genblk1\[1\].CSA1.C\[19\],8.7µm
multiplier_instance.TT.genblk1\[4\].CSA1.A\[19\],8.7µm
reorder_buf_instance.array\[4\]\[7\],8.7µm
reorder_buf_instance.array\[6\]\[15\],8.7µm
_19223_,8.695µm
_03359_,8.68µm
_05347_,8.68µm
_10318_,8.68µm
_10443_,8.68µm
_11871_,8.68µm
_15508_,8.68µm
_16939_,8.68µm
_18247_,8.68µm
_18732_,8.68µm
_20178_,8.68µm
_20773_,8.68µm
_21611_,8.68µm
multiplier_instance.TT.genblk1\[0\].CSA1.C\[3\],8.68µm
multiplier_instance.TT.genblk1\[7\].CSA1.B\[24\],8.68µm
net2171,8.68µm
net2222,8.68µm
_21323_,8.675µm
_01307_,8.665µm
_21187_,8.665µm
reorder_buf_instance.array\[13\]\[20\],8.665µm
reorder_buf_instance.array\[9\]\[18\],8.665µm
_03752_,8.66µm
_04524_,8.66µm
_06853_,8.66µm
_06854_,8.66µm
_07302_,8.66µm
_07738_,8.66µm
_08654_,8.66µm
_09288_,8.66µm
_09586_,8.66µm
_10073_,8.66µm
_10174_,8.66µm
_10638_,8.66µm
_10715_,8.66µm
_10970_,8.66µm
_12462_,8.66µm
_12670_,8.66µm
_12957_,8.66µm
_13263_,8.66µm
_15137_,8.66µm
_16331_,8.66µm
_17088_,8.66µm
_18803_,8.66µm
_18887_,8.66µm
_19165_,8.66µm
_19481_,8.66µm
_19747_,8.66µm
_19825_,8.66µm
_20488_,8.66µm
_21746_,8.66µm
adder_buffer.array\[3\]\[1\],8.66µm
multiplier_instance.TT.genblk1\[5\].CSA1.B\[37\],8.66µm
multiplier_instance.TT.genblk1\[5\].CSA1.C\[18\],8.66µm
reorder_buf_instance.array\[10\]\[16\],8.66µm
reorder_buf_instance.array\[11\]\[9\],8.66µm
reorder_buf_instance.array\[15\]\[28\],8.66µm
reorder_buf_instance.array\[2\]\[4\],8.66µm
reorder_buf_instance.array\[6\]\[26\],8.66µm
_10986_,8.65µm
_20295_,8.64µm
_20987_,8.64µm
adder_instance.sub1,8.64µm
_03168_,8.62µm
_05477_,8.62µm
_07580_,8.62µm
_08337_,8.62µm
_09544_,8.62µm
_09785_,8.62µm
_10001_,8.62µm
_11118_,8.62µm
_13036_,8.62µm
_13509_,8.62µm
_19443_,8.62µm
_13691_,8.615µm
_02362_,8.605µm
_02086_,8.6µm
_03158_,8.6µm
_03481_,8.6µm
_04962_,8.6µm
_05729_,8.6µm
_08901_,8.6µm
_09189_,8.6µm
_13483_,8.6µm
_13595_,8.6µm
_16000_,8.6µm
_18084_,8.6µm
_18449_,8.6µm
_19229_,8.6µm
_19291_,8.6µm
_19429_,8.6µm
_21534_,8.6µm
_21783_,8.6µm
multiplier_instance.PPG.genblk1\[13\].masked\[5\],8.6µm
net2565,8.6µm
net2816,8.6µm
net3152,8.6µm
_00079_,8.59µm
_01211_,8.585µm
_02023_,8.585µm
adder_buffer.array\[2\]\[32\],8.585µm
_04471_,8.58µm
_04691_,8.58µm
_05958_,8.58µm
_07388_,8.58µm
_07623_,8.58µm
_07673_,8.58µm
_08628_,8.58µm
_10516_,8.58µm
_13153_,8.58µm
_15071_,8.58µm
_15229_,8.58µm
_16042_,8.58µm
_17105_,8.58µm
_20806_,8.58µm
_21342_,8.58µm
multiplier_instance.TT.genblk1\[2\].CSA1.B\[13\],8.58µm
multiplier_instance.TT.genblk1\[6\].CSA1.B\[33\],8.58µm
reorder_buf_instance.array\[0\]\[28\],8.58µm
reorder_buf_instance.array\[0\]\[31\],8.58µm
reorder_buf_instance.array\[8\]\[28\],8.58µm
_01393_,8.565µm
_00038_,8.56µm
_02883_,8.56µm
_03161_,8.56µm
_03186_,8.56µm
_08987_,8.56µm
_09403_,8.56µm
_10082_,8.56µm
_10526_,8.56µm
_12125_,8.56µm
_13191_,8.56µm
_13854_,8.56µm
_14501_,8.56µm
_15655_,8.56µm
_16047_,8.56µm
_17357_,8.56µm
_17471_,8.56µm
_17546_,8.56µm
_17552_,8.56µm
_17633_,8.56µm
_17692_,8.56µm
_18522_,8.56µm
_19097_,8.56µm
_19489_,8.56µm
_19803_,8.56µm
_19817_,8.56µm
_19982_,8.56µm
_20442_,8.56µm
_21660_,8.56µm
adder_buffer.array\[1\]\[31\],8.56µm
divider_instance.expmiddleb\[3\],8.56µm
multiplier_instance.PPG.genblk1\[19\].masked\[6\],8.56µm
multiplier_instance.TT.genblk1\[6\].CSA1.A\[38\],8.56µm
reorder_buf_instance.ready_check\[1\],8.56µm
net193,8.56µm
net2219,8.56µm
net2324,8.56µm
net2813,8.56µm
net2854,8.56µm
net3040,8.56µm
_13450_,8.555µm
adder_buffer.array\[2\]\[14\],8.55µm
_07537_,8.54µm
_08108_,8.54µm
_08496_,8.54µm
_11948_,8.54µm
_11971_,8.54µm
_14985_,8.54µm
_16067_,8.54µm
_16999_,8.54µm
_17448_,8.54µm
_18350_,8.54µm
_18572_,8.54µm
_19067_,8.54µm
_19523_,8.54µm
_19936_,8.54µm
_20037_,8.54µm
_20660_,8.54µm
multiplier_instance.PPG.genblk1\[22\].masked\[22\],8.54µm
multiplier_instance.TT.CPA.sum\[35\],8.54µm
reorder_buf_instance.array\[10\]\[6\],8.54µm
reorder_buf_instance.array\[13\]\[14\],8.535µm
multiplier_instance.TT.genblk1\[2\].CSA1.B\[12\],8.53µm
_01327_,8.525µm
_02240_,8.525µm
_02256_,8.525µm
_02315_,8.525µm
_02332_,8.525µm
_00053_,8.52µm
_02829_,8.52µm
_02924_,8.52µm
_02952_,8.52µm
_03050_,8.52µm
_03089_,8.52µm
_03494_,8.52µm
_03853_,8.52µm
_04928_,8.52µm
_05128_,8.52µm
_05979_,8.52µm
_06049_,8.52µm
_06595_,8.52µm
_08018_,8.52µm
_08444_,8.52µm
_10045_,8.52µm
_10054_,8.52µm
_13180_,8.52µm
_15783_,8.52µm
_16460_,8.52µm
_16669_,8.52µm
_16731_,8.52µm
_16738_,8.52µm
_17999_,8.52µm
_18543_,8.52µm
_18905_,8.52µm
_20275_,8.52µm
_21532_,8.52µm
adder_buffer.array\[1\]\[12\],8.52µm
adder_buffer.value\[5\],8.52µm
adder_instance.mantisaA0\[8\],8.52µm
div_buffer.array\[0\]\[36\],8.52µm
multiplier_instance.PPG.genblk1\[0\].masked\[9\],8.52µm
multiplier_instance.TT.genblk1\[2\].CSA1.B\[20\],8.52µm
multiplier_instance.s1_exp_a\[3\],8.52µm
net68,8.52µm
net2313,8.52µm
net3101,8.52µm
_02723_,8.5µm
_04514_,8.5µm
_04792_,8.5µm
_05422_,8.5µm
_06331_,8.5µm
_08271_,8.5µm
_11040_,8.5µm
_11610_,8.5µm
_12457_,8.5µm
_13361_,8.5µm
_14039_,8.5µm
_15554_,8.5µm
_16592_,8.5µm
_19897_,8.5µm
_19900_,8.5µm
divider_instance.mantisaB0\[22\],8.5µm
multiplier_instance.TT.genblk1\[4\].CSA1.A\[12\],8.5µm
reorder_buf_instance.array\[8\]\[24\],8.5µm
_09404_,8.495µm
_01624_,8.485µm
_02304_,8.485µm
_02627_,8.48µm
_03797_,8.48µm
_04023_,8.48µm
_04479_,8.48µm
_04715_,8.48µm
_05130_,8.48µm
_05636_,8.48µm
_06519_,8.48µm
_06687_,8.48µm
_07059_,8.48µm
_08177_,8.48µm
_09050_,8.48µm
_09991_,8.48µm
_12962_,8.48µm
_14235_,8.48µm
_14712_,8.48µm
_15284_,8.48µm
_15746_,8.48µm
_15775_,8.48µm
_17709_,8.48µm
_18609_,8.48µm
_20866_,8.48µm
multiplier_instance.TT.genblk1\[0\].CSA1.A\[18\],8.48µm
reorder_buf_instance.array\[7\]\[31\],8.48µm
net70,8.48µm
net134,8.48µm
net2365,8.48µm
net2768,8.48µm
final_out[3],8.47µm
_03282_,8.46µm
_03461_,8.46µm
_04596_,8.46µm
_04673_,8.46µm
_04727_,8.46µm
_06429_,8.46µm
_06964_,8.46µm
_07609_,8.46µm
_07766_,8.46µm
_08227_,8.46µm
_09328_,8.46µm
_12487_,8.46µm
_14044_,8.46µm
_14606_,8.46µm
_14748_,8.46µm
_17827_,8.46µm
_19225_,8.46µm
_20708_,8.46µm
adder_buffer.array\[3\]\[17\],8.46µm
_20393_,8.455µm
_00886_,8.445µm
_01983_,8.445µm
adder_buffer.array\[2\]\[39\],8.445µm
_03173_,8.44µm
_03206_,8.44µm
_03578_,8.44µm
_03829_,8.44µm
_04091_,8.44µm
_04834_,8.44µm
_05875_,8.44µm
_06220_,8.44µm
_08441_,8.44µm
_08453_,8.44µm
_08687_,8.44µm
_08934_,8.44µm
_08958_,8.44µm
_09558_,8.44µm
_09722_,8.44µm
_10304_,8.44µm
_10723_,8.44µm
_10892_,8.44µm
_13220_,8.44µm
_14360_,8.44µm
_15396_,8.44µm
_16017_,8.44µm
_16026_,8.44µm
_17225_,8.44µm
_17544_,8.44µm
_17869_,8.44µm
_18272_,8.44µm
_18297_,8.44µm
_18670_,8.44µm
_19112_,8.44µm
_19283_,8.44µm
_19406_,8.44µm
_19895_,8.44µm
_20100_,8.44µm
_20233_,8.44µm
_20749_,8.44µm
_20896_,8.44µm
_21558_,8.44µm
adder_buffer.array\[1\]\[10\],8.44µm
adder_buffer.value\[17\],8.44µm
multiplier_instance.TT.genblk1\[1\].CSA1.C\[24\],8.44µm
multiplier_instance.TT.genblk1\[3\].CSA1.C\[19\],8.44µm
multiplier_instance.TT.genblk1\[6\].CSA1.A\[25\],8.44µm
reorder_buf_instance.array\[11\]\[3\],8.44µm
reorder_buf_instance.array\[12\]\[19\],8.44µm
reorder_buf_instance.array\[14\]\[30\],8.44µm
net2246,8.44µm
net2904,8.44µm
_12958_,8.43µm
_02436_,8.42µm
_04283_,8.42µm
_05101_,8.42µm
_08937_,8.42µm
_10159_,8.42µm
_10461_,8.42µm
_11498_,8.42µm
_17587_,8.42µm
_19311_,8.42µm
_19445_,8.42µm
_21571_,8.42µm
div_mantisaA\[8\],8.42µm
_01280_,8.415µm
_17014_,8.415µm
reorder_buf_instance.array\[9\]\[14\],8.415µm
_03753_,8.41µm
_09718_,8.41µm
_02369_,8.405µm
_02907_,8.4µm
_02976_,8.4µm
_03060_,8.4µm
_03470_,8.4µm
_06918_,8.4µm
_07468_,8.4µm
_08209_,8.4µm
_09732_,8.4µm
_11612_,8.4µm
_13355_,8.4µm
_15722_,8.4µm
_16024_,8.4µm
_17566_,8.4µm
_18461_,8.4µm
_21092_,8.4µm
reorder_buf_instance.array\[2\]\[6\],8.4µm
net2185,8.4µm
net2668,8.4µm
net2890,8.4µm
net3370,8.4µm
_05728_,8.395µm
_04779_,8.39µm
_10925_,8.39µm
_12633_,8.39µm
_06523_,8.38µm
_12152_,8.38µm
_13541_,8.38µm
_14249_,8.38µm
_17841_,8.38µm
_19964_,8.38µm
_20262_,8.38µm
adder_instance.mantisaA0\[12\],8.38µm
reorder_buf_instance.array\[9\]\[24\],8.38µm
reorder_buf_instance.array\[9\]\[29\],8.38µm
net3254,8.38µm
_17576_,8.37µm
_01151_,8.365µm
_06615_,8.365µm
_00530_,8.36µm
_02603_,8.36µm
_04529_,8.36µm
_04611_,8.36µm
_04742_,8.36µm
_04765_,8.36µm
_04941_,8.36µm
_05288_,8.36µm
_05437_,8.36µm
_05605_,8.36µm
_06950_,8.36µm
_07663_,8.36µm
_07812_,8.36µm
_09628_,8.36µm
_10032_,8.36µm
_10219_,8.36µm
_11658_,8.36µm
_12889_,8.36µm
_14497_,8.36µm
_14948_,8.36µm
_14963_,8.36µm
_16779_,8.36µm
_17179_,8.36µm
_17431_,8.36µm
_17580_,8.36µm
_19913_,8.36µm
_20448_,8.36µm
_20803_,8.36µm
_20983_,8.36µm
_21104_,8.36µm
_21172_,8.36µm
adder_buffer.array\[3\]\[2\],8.36µm
div_mantisaB\[0\],8.36µm
multiplier_instance.TT.genblk1\[3\].CSA1.A\[11\],8.36µm
multiplier_instance.TT.genblk1\[4\].CSA1.A\[24\],8.36µm
multiplier_instance.TT.genblk1\[7\].CSA1.B\[33\],8.36µm
reorder_buf_instance.array\[3\]\[24\],8.36µm
net3190,8.36µm
_01319_,8.355µm
_06576_,8.35µm
_01432_,8.34µm
_03432_,8.34µm
_06147_,8.34µm
_07881_,8.34µm
_09599_,8.34µm
_12935_,8.34µm
_13446_,8.34µm
_13822_,8.34µm
_14415_,8.34µm
_16407_,8.34µm
_18353_,8.34µm
_18680_,8.34µm
_19894_,8.34µm
_19929_,8.34µm
_21482_,8.34µm
multiplier_instance.TT.genblk1\[1\].CSA1.B\[13\],8.34µm
reorder_buf_instance.array\[11\]\[8\],8.34µm
net2954,8.34µm
_03830_,8.335µm
_02477_,8.325µm
_13145_,8.325µm
reorder_buf_instance.array\[13\]\[23\],8.325µm
_03899_,8.32µm
_04570_,8.32µm
_04909_,8.32µm
_05185_,8.32µm
_05886_,8.32µm
_06200_,8.32µm
_06714_,8.32µm
_07336_,8.32µm
_07648_,8.32µm
_07672_,8.32µm
_09479_,8.32µm
_10297_,8.32µm
_11009_,8.32µm
_11980_,8.32µm
_13543_,8.32µm
_15665_,8.32µm
_17875_,8.32µm
_19383_,8.32µm
_20277_,8.32µm
_20519_,8.32µm
_21380_,8.32µm
_21683_,8.32µm
adder_buffer.array\[3\]\[25\],8.32µm
adder_buffer.array\[3\]\[30\],8.32µm
enable_write\[0\],8.32µm
multiplier_instance.TT.genblk1\[0\].CSA1.C\[11\],8.32µm
multiplier_instance.TT.genblk1\[3\].CSA1.B\[29\],8.32µm
multiplier_instance.TT.genblk1\[3\].CSA1.C\[20\],8.32µm
multiplier_instance.TT.genblk1\[5\].CSA1.B\[28\],8.32µm
multiplier_instance.TT.genblk1\[7\].CSA1.B\[22\],8.32µm
multiplier_instance.TT.genblk1\[7\].CSA1.B\[41\],8.32µm
_02351_,8.315µm
_01323_,8.305µm
_02028_,8.305µm
_12807_,8.3µm
_14021_,8.3µm
_15247_,8.3µm
_21208_,8.3µm
mult_mantisa\[8\],8.3µm
net2227,8.3µm
_00739_,8.29µm
_07771_,8.29µm
_21525_,8.29µm
_02456_,8.285µm
_09990_,8.28µm
_12508_,8.28µm
_14719_,8.28µm
_15965_,8.28µm
_16776_,8.28µm
_19320_,8.28µm
mult_buffer.out\[39\],8.28µm
_01204_,8.265µm
_01258_,8.265µm
_01341_,8.265µm
_01649_,8.265µm
_02009_,8.265µm
_05092_,8.26µm
_06192_,8.26µm
_16711_,8.26µm
_17243_,8.26µm
_17517_,8.26µm
_18470_,8.26µm
_20239_,8.26µm
_20592_,8.26µm
_20743_,8.26µm
_21648_,8.26µm
a[27],8.26µm
c[15],8.26µm
c[16],8.26µm
multiplier_instance.PPG.genblk1\[5\].masked\[18\],8.26µm
multiplier_instance.TT.genblk1\[4\].CSA1.A\[23\],8.26µm
done,8.25µm
_18991_,8.245µm
_04562_,8.24µm
_04713_,8.24µm
_06428_,8.24µm
_06784_,8.24µm
_10198_,8.24µm
_10477_,8.24µm
_10633_,8.24µm
_11315_,8.24µm
_11538_,8.24µm
_11632_,8.24µm
_13643_,8.24µm
_13827_,8.24µm
_15740_,8.24µm
_15980_,8.24µm
_18863_,8.24µm
_19281_,8.24µm
_19435_,8.24µm
_19578_,8.24µm
_19688_,8.24µm
_19923_,8.24µm
_20165_,8.24µm
_20771_,8.24µm
adder_buffer.array\[3\]\[32\],8.24µm
div_buffer.array\[0\]\[32\],8.24µm
divider_instance.expmiddled\[4\],8.24µm
multiplier_instance.PPG.genblk1\[6\].masked\[6\],8.24µm
multiplier_instance.TT.genblk1\[3\].CSA1.B\[32\],8.24µm
multiplier_instance.TT.genblk1\[5\].CSA1.C\[34\],8.24µm
multiplier_instance.TT.genblk1\[6\].CSA1.A\[30\],8.24µm
reorder_buf_instance.array\[10\]\[12\],8.24µm
reorder_buf_instance.array\[2\]\[30\],8.24µm
net3260,8.24µm
net3392,8.24µm
_11300_,8.23µm
_01328_,8.225µm
_02219_,8.225µm
_00056_,8.22µm
_05674_,8.22µm
_08713_,8.22µm
_14104_,8.22µm
_15294_,8.22µm
_15478_,8.22µm
_16572_,8.22µm
_16938_,8.22µm
_18371_,8.22µm
multiplier_instance.TT.genblk1\[5\].CSA1.A\[33\],8.22µm
_20804_,8.21µm
_20814_,8.205µm
_03341_,8.2µm
_03921_,8.2µm
_04080_,8.2µm
_04396_,8.2µm
_04850_,8.2µm
_06870_,8.2µm
_09131_,8.2µm
_09878_,8.2µm
_10133_,8.2µm
_10795_,8.2µm
_10800_,8.2µm
_11172_,8.2µm
_15605_,8.2µm
_15702_,8.2µm
_15979_,8.2µm
_16484_,8.2µm
_19249_,8.2µm
_19342_,8.2µm
_19708_,8.2µm
_20085_,8.2µm
_20380_,8.2µm
_20715_,8.2µm
_20855_,8.2µm
mult_expA\[1\],8.2µm
multiplier_instance.TT.genblk1\[1\].CSA1.C\[7\],8.2µm
multiplier_instance.TT.genblk1\[4\].CSA1.B\[26\],8.2µm
multiplier_instance.TT.genblk1\[6\].CSA1.A\[20\],8.2µm
multiplier_instance.TT.genblk1\[7\].CSA1.A\[22\],8.2µm
reorder_buf_instance.array\[10\]\[3\],8.2µm
reorder_buf_instance.array\[11\]\[15\],8.2µm
reorder_buf_instance.array\[12\]\[23\],8.2µm
net106,8.2µm
_01134_,8.195µm
_20222_,8.19µm
multiplier_instance.TT.genblk1\[1\].CSA1.A\[13\],8.19µm
_04738_,8.18µm
_01650_,8.175µm
_09216_,8.17µm
_16074_,8.17µm
_03536_,8.16µm
_04431_,8.16µm
_05962_,8.16µm
_07313_,8.16µm
_08247_,8.16µm
_08474_,8.16µm
_08858_,8.16µm
_10697_,8.16µm
_12943_,8.16µm
_14150_,8.16µm
_15724_,8.16µm
_15984_,8.16µm
_16781_,8.16µm
_18901_,8.16µm
_19051_,8.16µm
_19146_,8.16µm
_20195_,8.16µm
divider_instance.four_man\[35\],8.16µm
multiplier_instance.PPG.genblk1\[3\].masked\[8\],8.16µm
net102,8.16µm
_09512_,8.155µm
_02766_,8.14µm
_05644_,8.14µm
_07197_,8.14µm
_10056_,8.14µm
_11152_,8.14µm
_12620_,8.14µm
_12654_,8.14µm
_16487_,8.14µm
_17366_,8.14µm
_18211_,8.14µm
_19279_,8.14µm
_19629_,8.14µm
_19781_,8.14µm
_21135_,8.14µm
_21244_,8.14µm
_21690_,8.14µm
divider_instance.mantisaB0\[2\],8.14µm
mult_mantisa\[17\],8.14µm
multiplier_instance.PPG.genblk1\[18\].masked\[4\],8.14µm
multiplier_instance.PPG.genblk1\[19\].masked\[11\],8.14µm
multiplier_instance.PPG.genblk1\[2\].masked\[8\],8.14µm
net2392,8.14µm
_18781_,8.125µm
_03321_,8.12µm
_03856_,8.12µm
_04711_,8.12µm
_05621_,8.12µm
_09673_,8.12µm
_10934_,8.12µm
_11254_,8.12µm
_12190_,8.12µm
_14004_,8.12µm
_15236_,8.12µm
_15875_,8.12µm
_17174_,8.12µm
_19153_,8.12µm
_19241_,8.12µm
_19707_,8.12µm
_20148_,8.12µm
_20395_,8.12µm
_20756_,8.12µm
_21267_,8.12µm
_21766_,8.12µm
adder_buffer.array\[3\]\[5\],8.12µm
adder_instance.expmiddled\[4\],8.12µm
divider_instance.expadd\[1\],8.12µm
multiplier_instance.TT.genblk1\[4\].CSA1.C\[16\],8.12µm
multiplier_instance.TT.genblk1\[7\].CSA1.A\[30\],8.12µm
reorder_buf_instance.array\[3\]\[8\],8.12µm
reorder_buf_instance.ready_check\[15\],8.12µm
_09386_,8.11µm
_07231_,8.105µm
_01079_,8.1µm
_02973_,8.1µm
_03595_,8.1µm
_03702_,8.1µm
_04144_,8.1µm
_04235_,8.1µm
_07006_,8.1µm
_07577_,8.1µm
_09848_,8.1µm
_10569_,8.1µm
_10712_,8.1µm
_11188_,8.1µm
_11340_,8.1µm
_11477_,8.1µm
_12936_,8.1µm
_13291_,8.1µm
_14045_,8.1µm
_14618_,8.1µm
_15990_,8.1µm
_15996_,8.1µm
_16506_,8.1µm
_16982_,8.1µm
_17218_,8.1µm
_17799_,8.1µm
_18560_,8.1µm
_18965_,8.1µm
_19321_,8.1µm
_19588_,8.1µm
_19651_,8.1µm
_21598_,8.1µm
multiplier_instance.PPG.genblk1\[22\].masked\[8\],8.1µm
multiplier_instance.TT.genblk1\[0\].CSA1.A\[4\],8.1µm
multiplier_instance.TT.genblk1\[4\].CSA1.A\[18\],8.1µm
reorder_buf_instance.array\[10\]\[14\],8.1µm
net126,8.1µm
net2888,8.1µm
net3197,8.1µm
_00159_,8.09µm
_02667_,8.08µm
_03858_,8.08µm
_05905_,8.08µm
_07981_,8.08µm
_08511_,8.08µm
_08764_,8.08µm
_09125_,8.08µm
_12544_,8.08µm
_13596_,8.08µm
_14592_,8.08µm
_15430_,8.08µm
_16713_,8.08µm
_18559_,8.08µm
_21235_,8.08µm
reorder_buf_instance.array\[5\]\[8\],8.08µm
_16826_,8.075µm
multiplier_instance.TT.genblk1\[3\].CSA1.B\[15\],8.075µm
_07541_,8.07µm
_01074_,8.065µm
_01702_,8.065µm
_02254_,8.065µm
reorder_buf_instance.array\[5\]\[16\],8.065µm
_00027_,8.06µm
_02101_,8.06µm
_02618_,8.06µm
_02854_,8.06µm
_02905_,8.06µm
_03037_,8.06µm
_03540_,8.06µm
_03642_,8.06µm
_07183_,8.06µm
_09253_,8.06µm
_10484_,8.06µm
_11706_,8.06µm
_12874_,8.06µm
_13370_,8.06µm
_15683_,8.06µm
_16082_,8.06µm
_16653_,8.06µm
_17352_,8.06µm
_17445_,8.06µm
_19943_,8.06µm
_20138_,8.06µm
net2654,8.06µm
_05194_,8.04µm
_06044_,8.04µm
_09090_,8.04µm
_11509_,8.04µm
_13761_,8.04µm
_13801_,8.04µm
_15049_,8.04µm
_15239_,8.04µm
_16597_,8.04µm
_16634_,8.04µm
_17960_,8.04µm
adder_buffer.value\[13\],8.04µm
_01002_,8.025µm
_01102_,8.025µm
_01172_,8.025µm
_01304_,8.025µm
_01498_,8.025µm
_02366_,8.025µm
reorder_buf_instance.array\[9\]\[15\],8.025µm
_02590_,8.02µm
_02817_,8.02µm
_03178_,8.02µm
_03538_,8.02µm
_04791_,8.02µm
_04992_,8.02µm
_06235_,8.02µm
_07149_,8.02µm
_09024_,8.02µm
_09442_,8.02µm
_09809_,8.02µm
_10125_,8.02µm
_10161_,8.02µm
_13186_,8.02µm
_13575_,8.02µm
_14527_,8.02µm
_15336_,8.02µm
_15742_,8.02µm
_17231_,8.02µm
_18697_,8.02µm
_20514_,8.02µm
_21622_,8.02µm
adder_buffer.array\[3\]\[3\],8.02µm
adder_instance.mantisaB0\[18\],8.02µm
mult_buffer.array\[0\]\[32\],8.02µm
multiplier_instance.TT.genblk1\[5\].CSA1.A\[37\],8.02µm
multiplier_instance.s3_sum\[46\],8.02µm
_10062_,8.015µm
_01333_,8.005µm
_01821_,8.005µm
_02461_,8.005µm
reorder_buf_instance.array\[1\]\[10\],8.005µm
_05989_,8µm
_06229_,8µm
_07446_,8µm
_08866_,8µm
_09370_,8µm
_11684_,8µm
_12039_,8µm
_13055_,8µm
_13299_,8µm
_13501_,8µm
_13676_,8µm
_15352_,8µm
_16570_,8µm
_17707_,8µm
_17772_,8µm
_18950_,8µm
_18954_,8µm
_19300_,8µm
_20517_,8µm
_20722_,8µm
_21490_,8µm
multiplier_instance.TT.genblk1\[5\].CSA1.A\[25\],8µm
_01728_,7.985µm
_02894_,7.98µm
_03615_,7.98µm
_03649_,7.98µm
_04373_,7.98µm
_04607_,7.98µm
_04631_,7.98µm
_04746_,7.98µm
_05222_,7.98µm
_05827_,7.98µm
_06145_,7.98µm
_06414_,7.98µm
_07122_,7.98µm
_07458_,7.98µm
_07596_,7.98µm
_07977_,7.98µm
_08010_,7.98µm
_08164_,7.98µm
_08872_,7.98µm
_08967_,7.98µm
_09100_,7.98µm
_09424_,7.98µm
_09452_,7.98µm
_09616_,7.98µm
_10064_,7.98µm
_10504_,7.98µm
_10774_,7.98µm
_11553_,7.98µm
_12396_,7.98µm
_12577_,7.98µm
_12791_,7.98µm
_12804_,7.98µm
_13090_,7.98µm
_13510_,7.98µm
_14803_,7.98µm
_15658_,7.98µm
_15676_,7.98µm
_15687_,7.98µm
_16346_,7.98µm
_16991_,7.98µm
_17343_,7.98µm
_17673_,7.98µm
_17683_,7.98µm
_17731_,7.98µm
_17891_,7.98µm
_17937_,7.98µm
_19812_,7.98µm
_19836_,7.98µm
_20009_,7.98µm
_20053_,7.98µm
_20166_,7.98µm
_20758_,7.98µm
_21279_,7.98µm
_21667_,7.98µm
adder_buffer.out\[1\],7.98µm
divider_instance.mantisaBshift\[4\],7.98µm
reorder_buf_instance.array\[14\]\[1\],7.98µm
reorder_buf_instance.array\[2\]\[18\],7.98µm
reorder_buf_instance.array\[3\]\[20\],7.98µm
reorder_buf_instance.array\[3\]\[9\],7.98µm
reorder_buf_instance.array\[7\]\[13\],7.98µm
net2873,7.98µm
net2976,7.98µm
_01752_,7.975µm
_03296_,7.975µm
_02746_,7.96µm
_04898_,7.96µm
_06032_,7.96µm
_10208_,7.96µm
_13278_,7.96µm
_19038_,7.96µm
_19711_,7.96µm
_19910_,7.96µm
_20266_,7.96µm
_21448_,7.96µm
_18027_,7.955µm
reorder_buf_instance.array\[1\]\[25\],7.955µm
reorder_buf_instance.array\[5\]\[17\],7.955µm
_02958_,7.94µm
_03652_,7.94µm
_03690_,7.94µm
_04204_,7.94µm
_04733_,7.94µm
_05358_,7.94µm
_06432_,7.94µm
_06706_,7.94µm
_08084_,7.94µm
_08605_,7.94µm
_08963_,7.94µm
_09123_,7.94µm
_09147_,7.94µm
_11499_,7.94µm
_14876_,7.94µm
_15921_,7.94µm
_16450_,7.94µm
_16545_,7.94µm
_16578_,7.94µm
_17585_,7.94µm
_18169_,7.94µm
_18539_,7.94µm
_19798_,7.94µm
_21679_,7.94µm
net2992,7.94µm
_01654_,7.925µm
_00010_,7.92µm
_01008_,7.92µm
_02502_,7.92µm
_03915_,7.92µm
_08965_,7.92µm
_09735_,7.92µm
_12750_,7.92µm
_15101_,7.92µm
net2896,7.92µm
_00668_,7.91µm
_09677_,7.91µm
_02162_,7.905µm
_18770_,7.905µm
reorder_buf_instance.array\[1\]\[23\],7.905µm
_03863_,7.9µm
_04456_,7.9µm
_05360_,7.9µm
_05971_,7.9µm
_08416_,7.9µm
_08476_,7.9µm
_08559_,7.9µm
_08616_,7.9µm
_08673_,7.9µm
_08785_,7.9µm
_09074_,7.9µm
_09884_,7.9µm
_10396_,7.9µm
_11079_,7.9µm
_11637_,7.9µm
_11912_,7.9µm
_13895_,7.9µm
_14403_,7.9µm
_14653_,7.9µm
_14950_,7.9µm
_15368_,7.9µm
_16321_,7.9µm
_16992_,7.9µm
_17059_,7.9µm
_19020_,7.9µm
_19398_,7.9µm
_20289_,7.9µm
_20397_,7.9µm
_20568_,7.9µm
_21081_,7.9µm
_21576_,7.9µm
adder_buffer.array\[3\]\[27\],7.9µm
adder_buffer.array\[3\]\[29\],7.9µm
multiplier_instance.TT.genblk1\[0\].CSA1.C\[6\],7.9µm
multiplier_instance.TT.genblk1\[3\].CSA1.A\[23\],7.9µm
reorder_buf_instance.array\[4\]\[5\],7.9µm
net2847,7.9µm
_17995_,7.895µm
adder_buffer.array\[2\]\[31\],7.89µm
adder_buffer.array\[2\]\[6\],7.89µm
_01554_,7.88µm
_02343_,7.88µm
_03805_,7.88µm
_06129_,7.88µm
_07632_,7.88µm
_08886_,7.88µm
_09316_,7.88µm
_10742_,7.88µm
_13876_,7.88µm
_17206_,7.88µm
_18240_,7.88µm
_18556_,7.88µm
_18626_,7.88µm
_18817_,7.88µm
_19110_,7.88µm
_19454_,7.88µm
_19742_,7.88µm
_19875_,7.88µm
_20741_,7.88µm
_20779_,7.88µm
_20954_,7.88µm
_21197_,7.88µm
_21377_,7.88µm
_21666_,7.88µm
multiplier_instance.TT.genblk1\[3\].CSA1.B\[13\],7.88µm
reorder_buf_instance.array\[0\]\[5\],7.88µm
_04563_,7.86µm
_04868_,7.86µm
_05545_,7.86µm
_05691_,7.86µm
_08019_,7.86µm
_09084_,7.86µm
_12087_,7.86µm
_13173_,7.86µm
_13864_,7.86µm
_14065_,7.86µm
_17763_,7.86µm
_17963_,7.86µm
_19344_,7.86µm
_19566_,7.86µm
_19933_,7.86µm
_20931_,7.86µm
_21381_,7.86µm
_21423_,7.86µm
_21513_,7.86µm
_21555_,7.86µm
multiplier_instance.TT.genblk1\[7\].CSA1.B\[26\],7.86µm
reorder_buf_instance.array\[0\]\[22\],7.86µm
reorder_buf_instance.array\[2\]\[19\],7.86µm
_15242_,7.85µm
_21587_,7.85µm
_01600_,7.845µm
_01639_,7.845µm
net2240,7.845µm
_03666_,7.84µm
_07838_,7.84µm
_11743_,7.84µm
_16327_,7.84µm
_17840_,7.84µm
_20212_,7.84µm
_01747_,7.825µm
_06426_,7.825µm
_00751_,7.82µm
_00765_,7.82µm
_03054_,7.82µm
_07905_,7.82µm
_12080_,7.82µm
_12643_,7.82µm
_13837_,7.82µm
_14147_,7.82µm
_15036_,7.82µm
_15127_,7.82µm
_15320_,7.82µm
_17193_,7.82µm
multiplier_instance.PPG.genblk1\[16\].masked\[22\],7.82µm
net2156,7.82µm
net2217,7.82µm
net3312,7.82µm
_01163_,7.815µm
_20891_,7.81µm
_01270_,7.805µm
_02505_,7.805µm
_10394_,7.805µm
_02264_,7.8µm
_02838_,7.8µm
_14615_,7.8µm
_15064_,7.8µm
_15659_,7.8µm
_17180_,7.8µm
_19464_,7.8µm
net2536,7.8µm
final_out[0],7.79µm
final_out[31],7.79µm
_00999_,7.78µm
_03058_,7.78µm
_05345_,7.78µm
_06000_,7.78µm
_06386_,7.78µm
_06770_,7.78µm
_06961_,7.78µm
_07529_,7.78µm
_07858_,7.78µm
_08192_,7.78µm
_08646_,7.78µm
_09021_,7.78µm
_09168_,7.78µm
_09454_,7.78µm
_09471_,7.78µm
_11345_,7.78µm
_11354_,7.78µm
_11852_,7.78µm
_12402_,7.78µm
_13439_,7.78µm
_14118_,7.78µm
_14856_,7.78µm
_15789_,7.78µm
_17861_,7.78µm
_18345_,7.78µm
_18726_,7.78µm
_19106_,7.78µm
_19164_,7.78µm
_19231_,7.78µm
_19360_,7.78µm
_19609_,7.78µm
_19832_,7.78µm
_19879_,7.78µm
_20328_,7.78µm
_21304_,7.78µm
_21385_,7.78µm
multiplier_instance.TT.genblk1\[0\].CSA1.B\[15\],7.78µm
multiplier_instance.TT.genblk1\[1\].CSA1.A\[7\],7.78µm
multiplier_instance.TT.genblk1\[4\].CSA1.A\[31\],7.78µm
multiplier_instance.TT.genblk1\[6\].CSA1.A\[19\],7.78µm
multiplier_instance.TT.genblk1\[7\].CSA1.C\[43\],7.78µm
reorder_buf_instance.array\[12\]\[1\],7.78µm
reorder_buf_instance.array\[6\]\[7\],7.78µm
net114,7.78µm
net2910,7.78µm
_19749_,7.77µm
_01926_,7.765µm
_08219_,7.76µm
_10192_,7.76µm
_10401_,7.76µm
_10681_,7.76µm
_10799_,7.76µm
_14927_,7.76µm
_16038_,7.76µm
_16069_,7.76µm
_16571_,7.76µm
_19161_,7.76µm
_19762_,7.76µm
_21101_,7.76µm
multiplier_instance.PPG.genblk1\[6\].masked\[19\],7.76µm
_00260_,7.75µm
_01310_,7.745µm
_18354_,7.745µm
_02881_,7.74µm
_03819_,7.74µm
_06408_,7.74µm
_06575_,7.74µm
_07294_,7.74µm
_10399_,7.74µm
_12526_,7.74µm
_12575_,7.74µm
_13818_,7.74µm
_14157_,7.74µm
_18324_,7.74µm
_18951_,7.74µm
_19111_,7.74µm
_19560_,7.74µm
_19687_,7.74µm
_19760_,7.74µm
_19945_,7.74µm
_20182_,7.74µm
_21177_,7.74µm
_21213_,7.74µm
_21300_,7.74µm
div_mantisaB\[4\],7.74µm
multiplier_instance.TT.genblk1\[3\].CSA1.B\[19\],7.74µm
multiplier_instance.TT.genblk1\[4\].CSA1.B\[23\],7.74µm
multiplier_instance.TT.genblk1\[7\].CSA1.C\[35\],7.74µm
reorder_buf_instance.array\[14\]\[29\],7.74µm
reorder_buf_instance.array\[7\]\[4\],7.74µm
net3148,7.735µm
_02479_,7.725µm
_07556_,7.72µm
_15515_,7.72µm
_16516_,7.72µm
_01080_,7.705µm
_04857_,7.7µm
_06650_,7.7µm
_08012_,7.7µm
_08784_,7.7µm
_09619_,7.7µm
_11394_,7.7µm
_12085_,7.7µm
_12700_,7.7µm
_13224_,7.7µm
_14462_,7.7µm
_14552_,7.7µm
_16159_,7.7µm
_16288_,7.7µm
_18109_,7.7µm
_18491_,7.7µm
_18540_,7.7µm
_19883_,7.7µm
_20180_,7.7µm
_21334_,7.7µm
_21741_,7.7µm
divider_instance.mantisaB0\[17\],7.7µm
multiplier_instance.TT.genblk1\[3\].CSA1.C\[30\],7.7µm
net2279,7.7µm
_19953_,7.69µm
net115,7.69µm
_01196_,7.685µm
_01900_,7.68µm
_02083_,7.68µm
_02853_,7.68µm
_02987_,7.68µm
_03913_,7.68µm
_06341_,7.68µm
_08514_,7.68µm
_09618_,7.68µm
_10872_,7.68µm
_11337_,7.68µm
_11648_,7.68µm
_13083_,7.68µm
_13343_,7.68µm
_16189_,7.68µm
_17122_,7.68µm
_17240_,7.68µm
_17283_,7.68µm
_17369_,7.68µm
_17558_,7.68µm
_17752_,7.68µm
_18937_,7.68µm
_19877_,7.68µm
_20035_,7.68µm
_20261_,7.68µm
_20302_,7.68µm
_20685_,7.68µm
multiplier_instance.TT.genblk1\[0\].CSA1.B\[8\],7.68µm
multiplier_instance.TT.genblk1\[3\].CSA1.A\[17\],7.68µm
multiplier_instance.s2_exp_a\[5\],7.68µm
net2594,7.68µm
net3237,7.67µm
_05125_,7.665µm
reorder_buf_instance.array\[9\]\[23\],7.665µm
_02784_,7.66µm
_04409_,7.66µm
_04585_,7.66µm
_04729_,7.66µm
_04777_,7.66µm
_05789_,7.66µm
_05985_,7.66µm
_06069_,7.66µm
_06524_,7.66µm
_06737_,7.66µm
_06812_,7.66µm
_07494_,7.66µm
_07539_,7.66µm
_07610_,7.66µm
_07677_,7.66µm
_09246_,7.66µm
_09291_,7.66µm
_09335_,7.66µm
_09543_,7.66µm
_09574_,7.66µm
_10326_,7.66µm
_10369_,7.66µm
_10550_,7.66µm
_11277_,7.66µm
_11778_,7.66µm
_13315_,7.66µm
_14129_,7.66µm
_16716_,7.66µm
_18227_,7.66µm
_19139_,7.66µm
_19420_,7.66µm
_19735_,7.66µm
_20279_,7.66µm
_20384_,7.66µm
_20496_,7.66µm
_21256_,7.66µm
_21273_,7.66µm
_21425_,7.66µm
adder_buffer.array\[0\]\[26\],7.66µm
mult_buffer.array\[0\]\[36\],7.66µm
multiplier_instance.TT.genblk1\[3\].CSA1.B\[17\],7.66µm
multiplier_instance.TT.genblk1\[5\].CSA1.C\[22\],7.66µm
multiplier_instance.TT.genblk1\[6\].CSA1.A\[39\],7.66µm
reorder_buf_instance.array\[8\]\[5\],7.66µm
_08320_,7.655µm
reorder_buf_instance.array\[1\]\[5\],7.655µm
_02831_,7.64µm
_03524_,7.64µm
_03579_,7.64µm
_03707_,7.64µm
_03924_,7.64µm
_03981_,7.64µm
_04090_,7.64µm
_04187_,7.64µm
_05560_,7.64µm
_07637_,7.64µm
_07913_,7.64µm
_08032_,7.64µm
_08096_,7.64µm
_08431_,7.64µm
_08878_,7.64µm
_08943_,7.64µm
_10773_,7.64µm
_13987_,7.64µm
_14762_,7.64µm
_15017_,7.64µm
_15037_,7.64µm
_15174_,7.64µm
_15253_,7.64µm
_15291_,7.64µm
_15404_,7.64µm
_16170_,7.64µm
_16595_,7.64µm
_17976_,7.64µm
_18798_,7.64µm
_19034_,7.64µm
_19268_,7.64µm
_19374_,7.64µm
_19649_,7.64µm
_21303_,7.64µm
adder_buffer.array\[1\]\[32\],7.64µm
div_mantisaA\[21\],7.64µm
mult_mantisa\[22\],7.64µm
multiplier_instance.PPG.genblk1\[16\].masked\[18\],7.64µm
multiplier_instance.PPG.genblk1\[19\].masked\[15\],7.64µm
multiplier_instance.PPG.genblk1\[7\].masked\[2\],7.64µm
multiplier_instance.TT.genblk1\[1\].CSA1.B\[19\],7.64µm
multiplier_instance.TT.genblk1\[2\].CSA1.C\[22\],7.64µm
multiplier_instance.TT.genblk1\[2\].CSA1.C\[23\],7.64µm
multiplier_instance.TT.genblk1\[4\].CSA1.A\[35\],7.64µm
multiplier_instance.TT.genblk1\[5\].CSA1.B\[22\],7.64µm
multiplier_instance.TT.genblk1\[5\].CSA1.C\[38\],7.64µm
net2193,7.64µm
_20799_,7.635µm
_20678_,7.63µm
reorder_buf_instance.array\[13\]\[30\],7.625µm
_06771_,7.62µm
_08944_,7.62µm
_16382_,7.62µm
_17414_,7.62µm
_18413_,7.62µm
_18635_,7.62µm
_18810_,7.62µm
_20265_,7.62µm
_20863_,7.62µm
adder_buffer.array\[0\]\[24\],7.62µm
div_mantisaB\[5\],7.62µm
reorder_buf_instance.array\[10\]\[24\],7.62µm
reorder_buf_instance.array\[5\]\[24\],7.615µm
_11373_,7.61µm
_13286_,7.61µm
_00992_,7.605µm
_01165_,7.605µm
_01426_,7.605µm
_01863_,7.605µm
_02473_,7.605µm
_02564_,7.6µm
_02626_,7.6µm
_02764_,7.6µm
_02837_,7.6µm
_02951_,7.6µm
_02963_,7.6µm
_03021_,7.6µm
_03082_,7.6µm
_03090_,7.6µm
_07280_,7.6µm
_08038_,7.6µm
_10248_,7.6µm
_12496_,7.6µm
_13430_,7.6µm
_14638_,7.6µm
_16039_,7.6µm
_16079_,7.6µm
_16474_,7.6µm
_16863_,7.6µm
_17577_,7.6µm
_17723_,7.6µm
_20282_,7.6µm
_21408_,7.6µm
mult_mantisa\[1\],7.6µm
multiplier_instance.TT.genblk1\[6\].CSA1.C\[41\],7.6µm
net2648,7.6µm
_19904_,7.585µm
reorder_buf_instance.array\[5\]\[27\],7.585µm
_02619_,7.58µm
_03258_,7.58µm
_07480_,7.58µm
_07660_,7.58µm
_09717_,7.58µm
_10004_,7.58µm
_12851_,7.58µm
_13404_,7.58µm
_13967_,7.58µm
_14111_,7.58µm
_14238_,7.58µm
_14503_,7.58µm
_14804_,7.58µm
_15054_,7.58µm
_16143_,7.58µm
_16511_,7.58µm
_16515_,7.58µm
_17530_,7.58µm
_18592_,7.58µm
_19610_,7.58µm
_19768_,7.58µm
_20040_,7.58µm
net2545,7.58µm
_15997_,7.57µm
final_out[10],7.57µm
_00008_,7.565µm
_01569_,7.565µm
_01853_,7.565µm
_02289_,7.565µm
_02460_,7.565µm
_00643_,7.56µm
_02852_,7.56µm
_02875_,7.56µm
_03084_,7.56µm
_03450_,7.56µm
_03548_,7.56µm
_04493_,7.56µm
_04598_,7.56µm
_05210_,7.56µm
_05304_,7.56µm
_06070_,7.56µm
_06608_,7.56µm
_07429_,7.56µm
_07465_,7.56µm
_08110_,7.56µm
_08760_,7.56µm
_09065_,7.56µm
_09068_,7.56µm
_09202_,7.56µm
_09823_,7.56µm
_09915_,7.56µm
_10707_,7.56µm
_11935_,7.56µm
_12324_,7.56µm
_12543_,7.56µm
_13675_,7.56µm
_14189_,7.56µm
_15163_,7.56µm
_15861_,7.56µm
_16098_,7.56µm
_16172_,7.56µm
_16630_,7.56µm
_17416_,7.56µm
_18482_,7.56µm
_19700_,7.56µm
_20038_,7.56µm
_20417_,7.56µm
_21216_,7.56µm
_21447_,7.56µm
_21449_,7.56µm
_21619_,7.56µm
div_buffer.value\[37\],7.56µm
multiplier_instance.TT.genblk1\[5\].CSA1.A\[27\],7.56µm
reorder_buf_instance.array\[12\]\[12\],7.56µm
net2350,7.56µm
net2408,7.56µm
net2435,7.56µm
net2680,7.56µm
net3146,7.56µm
net3222,7.56µm
_19890_,7.555µm
_01335_,7.545µm
_01675_,7.545µm
_02422_,7.545µm
_20760_,7.545µm
_04455_,7.54µm
_06214_,7.54µm
_06709_,7.54µm
_07260_,7.54µm
_08326_,7.54µm
_10144_,7.54µm
_11128_,7.54µm
_11647_,7.54µm
_12159_,7.54µm
_13750_,7.54µm
_13916_,7.54µm
_14246_,7.54µm
_14874_,7.54µm
_18357_,7.54µm
_18399_,7.54µm
_18760_,7.54µm
_19176_,7.54µm
_19694_,7.54µm
_19698_,7.54µm
_19887_,7.54µm
_20016_,7.54µm
_20342_,7.54µm
_20880_,7.54µm
_21253_,7.54µm
_21452_,7.54µm
adder_buffer.array\[1\]\[4\],7.54µm
multiplier_instance.TT.genblk1\[0\].CSA1.B\[4\],7.54µm
multiplier_instance.TT.genblk1\[1\].CSA1.A\[25\],7.54µm
multiplier_instance.TT.genblk1\[5\].CSA1.A\[16\],7.54µm
net78,7.54µm
_14313_,7.525µm
_02084_,7.52µm
_02899_,7.52µm
_03096_,7.52µm
_03276_,7.52µm
_03499_,7.52µm
_03634_,7.52µm
_03761_,7.52µm
_03776_,7.52µm
_04296_,7.52µm
_04314_,7.52µm
_04781_,7.52µm
_04922_,7.52µm
_05228_,7.52µm
_05394_,7.52µm
_06666_,7.52µm
_06671_,7.52µm
_06678_,7.52µm
_07292_,7.52µm
_08118_,7.52µm
_08584_,7.52µm
_08615_,7.52µm
_08867_,7.52µm
_10738_,7.52µm
_10752_,7.52µm
_10826_,7.52µm
_12866_,7.52µm
_13980_,7.52µm
_14257_,7.52µm
_14966_,7.52µm
_15256_,7.52µm
_15277_,7.52µm
_15463_,7.52µm
_15698_,7.52µm
_16007_,7.52µm
_16089_,7.52µm
_17483_,7.52µm
_17487_,7.52µm
_17637_,7.52µm
_17645_,7.52µm
_18320_,7.52µm
_18909_,7.52µm
_19103_,7.52µm
_19282_,7.52µm
_19567_,7.52µm
_21597_,7.52µm
multiplier_instance.TT.genblk1\[5\].CSA1.A\[18\],7.52µm
multiplier_instance.TT.genblk1\[5\].CSA1.B\[20\],7.52µm
reorder_buf_instance.array\[6\]\[28\],7.52µm
reorder_buf_instance.array\[7\]\[11\],7.52µm
net259,7.52µm
net2372,7.52µm
net2581,7.52µm
net3144,7.52µm
_01502_,7.515µm
_03051_,7.5µm
_06793_,7.5µm
_17479_,7.5µm
_18430_,7.5µm
_18576_,7.5µm
_21583_,7.5µm
_21641_,7.5µm
reorder_buf_instance.array\[9\]\[31\],7.5µm
reorder_buf_instance.array\[13\]\[1\],7.495µm
_01572_,7.485µm
_09477_,7.485µm
_03015_,7.48µm
_03159_,7.48µm
_03198_,7.48µm
_03647_,7.48µm
_05872_,7.48µm
_05894_,7.48µm
_06536_,7.48µm
_06798_,7.48µm
_09528_,7.48µm
_14074_,7.48µm
_21697_,7.48µm
multiplier_instance.TT.genblk1\[4\].CSA1.B\[25\],7.48µm
_01535_,7.465µm
_03274_,7.46µm
_03925_,7.46µm
_07063_,7.46µm
_08009_,7.46µm
_08527_,7.46µm
_12497_,7.46µm
_13384_,7.46µm
_14857_,7.46µm
_15241_,7.46µm
_18294_,7.46µm
_19544_,7.46µm
_19710_,7.46µm
_20759_,7.46µm
net3308,7.46µm
_08782_,7.455µm
_01410_,7.445µm
_02979_,7.44µm
_03554_,7.44µm
_03848_,7.44µm
_04879_,7.44µm
_06912_,7.44µm
_07128_,7.44µm
_07148_,7.44µm
_07431_,7.44µm
_09921_,7.44µm
_10103_,7.44µm
_10314_,7.44µm
_10522_,7.44µm
_11139_,7.44µm
_12567_,7.44µm
_14135_,7.44µm
_14440_,7.44µm
_15310_,7.44µm
_15807_,7.44µm
_15882_,7.44µm
_15973_,7.44µm
_16012_,7.44µm
_17321_,7.44µm
_17496_,7.44µm
_17894_,7.44µm
_18709_,7.44µm
_19234_,7.44µm
_19245_,7.44µm
_19278_,7.44µm
_19508_,7.44µm
_19744_,7.44µm
_19793_,7.44µm
_20224_,7.44µm
_20963_,7.44µm
_21210_,7.44µm
_21601_,7.44µm
adder_buffer.array\[3\]\[6\],7.44µm
multiplier_instance.TT.genblk1\[0\].CSA1.A\[23\],7.44µm
multiplier_instance.TT.genblk1\[1\].CSA1.C\[18\],7.44µm
multiplier_instance.TT.genblk1\[6\].CSA1.B\[30\],7.44µm
reorder_buf_instance.array\[0\]\[16\],7.44µm
reorder_buf_instance.array\[10\]\[1\],7.44µm
reorder_buf_instance.array\[12\]\[26\],7.44µm
reorder_buf_instance.array\[7\]\[20\],7.44µm
net88,7.44µm
_14374_,7.43µm
_01251_,7.42µm
_04166_,7.42µm
_06074_,7.42µm
_13722_,7.42µm
_15842_,7.42µm
_16118_,7.42µm
_19930_,7.42µm
_21653_,7.42µm
net2260,7.42µm
net2829,7.42µm
reorder_buf_instance.array\[9\]\[4\],7.415µm
_11441_,7.41µm
_01513_,7.405µm
_02100_,7.4µm
_02986_,7.4µm
_04994_,7.4µm
_05232_,7.4µm
_06397_,7.4µm
_07274_,7.4µm
_07608_,7.4µm
_08387_,7.4µm
_08702_,7.4µm
_10154_,7.4µm
_11153_,7.4µm
_11933_,7.4µm
_12484_,7.4µm
_13087_,7.4µm
_17404_,7.4µm
_17612_,7.4µm
_19129_,7.4µm
_20051_,7.4µm
_20082_,7.4µm
_20354_,7.4µm
_20835_,7.4µm
adder_buffer.array\[0\]\[17\],7.4µm
adder_buffer.array\[1\]\[29\],7.4µm
divider_instance.expmiddled\[1\],7.4µm
mult_mantisaA\[3\],7.4µm
multiplier_instance.PPG.genblk1\[16\].masked\[15\],7.4µm
multiplier_instance.TT.genblk1\[2\].CSA1.B\[14\],7.4µm
multiplier_instance.TT.genblk1\[2\].CSA1.C\[15\],7.4µm
multiplier_instance.TT.genblk1\[7\].CSA1.B\[25\],7.4µm
net128,7.4µm
_03547_,7.39µm
_00892_,7.385µm
_00896_,7.385µm
_01119_,7.385µm
_01657_,7.385µm
_02198_,7.385µm
_02328_,7.385µm
_05922_,7.38µm
_11611_,7.38µm
_18360_,7.38µm
_19797_,7.38µm
_21131_,7.38µm
net2237,7.38µm
_02895_,7.36µm
_08730_,7.36µm
_12817_,7.36µm
_13143_,7.36µm
_13564_,7.36µm
_15714_,7.36µm
_15796_,7.36µm
_16356_,7.36µm
_01334_,7.345µm
_01355_,7.345µm
_01746_,7.345µm
_02127_,7.345µm
_02433_,7.345µm
_12559_,7.345µm
_18235_,7.345µm
net3031,7.345µm
_00870_,7.34µm
_03442_,7.34µm
_04485_,7.34µm
_06337_,7.34µm
_09235_,7.34µm
_11683_,7.34µm
_12881_,7.34µm
_15773_,7.34µm
_17269_,7.34µm
_18364_,7.34µm
_19368_,7.34µm
multiplier_instance.PPG.genblk1\[18\].masked\[8\],7.34µm
net2666,7.34µm
_00576_,7.33µm
_00034_,7.325µm
_02778_,7.32µm
_03938_,7.32µm
_04067_,7.32µm
_04131_,7.32µm
_04915_,7.32µm
_05254_,7.32µm
_05758_,7.32µm
_06958_,7.32µm
_07894_,7.32µm
_09111_,7.32µm
_09375_,7.32µm
_10604_,7.32µm
_11660_,7.32µm
_11949_,7.32µm
_12042_,7.32µm
_13227_,7.32µm
_15651_,7.32µm
_17921_,7.32µm
_19764_,7.32µm
_19968_,7.32µm
_20142_,7.32µm
_20604_,7.32µm
_20815_,7.32µm
_20858_,7.32µm
_21076_,7.32µm
_21506_,7.32µm
_21579_,7.32µm
multiplier_instance.TT.genblk1\[2\].CSA1.C\[29\],7.32µm
multiplier_instance.TT.genblk1\[4\].CSA1.A\[26\],7.32µm
multiplier_instance.TT.genblk1\[6\].CSA1.B\[31\],7.32µm
reorder_buf_instance.array\[12\]\[28\],7.32µm
reorder_buf_instance.array\[3\]\[16\],7.32µm
reorder_buf_instance.array\[3\]\[6\],7.32µm
reorder_buf_instance.array\[7\]\[18\],7.32µm
net3321,7.32µm
_18737_,7.31µm
_01785_,7.305µm
_01797_,7.305µm
_05274_,7.3µm
_07349_,7.3µm
_10971_,7.3µm
_11661_,7.3µm
_14164_,7.3µm
_19767_,7.3µm
_19818_,7.3µm
_20918_,7.3µm
mult_mantisaA\[14\],7.3µm
multiplier_instance.TT.genblk1\[7\].CSA1.A\[40\],7.3µm
reorder_buf_instance.array\[3\]\[4\],7.3µm
reorder_buf_instance.value1\[26\],7.3µm
net2461,7.3µm
_04392_,7.295µm
reorder_buf_instance.array\[5\]\[0\],7.295µm
reorder_buf_instance.array\[9\]\[22\],7.295µm
reorder_buf_instance.array\[9\]\[27\],7.285µm
reorder_buf_instance.array\[9\]\[9\],7.285µm
_02807_,7.28µm
_03196_,7.28µm
_03489_,7.28µm
_05532_,7.28µm
_05716_,7.28µm
_06441_,7.28µm
_06686_,7.28µm
_07159_,7.28µm
_08613_,7.28µm
_10754_,7.28µm
_11123_,7.28µm
_13820_,7.28µm
_14961_,7.28µm
_15249_,7.28µm
_16014_,7.28µm
_16451_,7.28µm
_18395_,7.28µm
_19039_,7.28µm
_19312_,7.28µm
_19343_,7.28µm
_20281_,7.28µm
enable_write\[1\],7.28µm
multiplier_instance.TT.genblk1\[0\].CSA1.C\[4\],7.28µm
multiplier_instance.TT.genblk1\[2\].CSA1.B\[8\],7.28µm
multiplier_instance.TT.genblk1\[7\].CSA1.A\[36\],7.28µm
reorder_buf_instance.array\[0\]\[14\],7.28µm
reorder_buf_instance.array\[0\]\[29\],7.28µm
reorder_buf_instance.array\[11\]\[5\],7.28µm
reorder_buf_instance.array\[2\]\[29\],7.28µm
reorder_buf_instance.array\[8\]\[11\],7.28µm
net2615,7.28µm
_11493_,7.26µm
multiplier_instance.PPG.genblk1\[19\].masked\[16\],7.26µm
net2172,7.26µm
_05013_,7.25µm
_20801_,7.25µm
_01312_,7.245µm
_02189_,7.245µm
_14489_,7.245µm
net2931,7.245µm
_03878_,7.24µm
_04937_,7.24µm
_05778_,7.24µm
_05898_,7.24µm
_11746_,7.24µm
_12573_,7.24µm
_14986_,7.24µm
_16514_,7.24µm
_17099_,7.24µm
_19522_,7.24µm
_19644_,7.24µm
_19645_,7.24µm
_19992_,7.24µm
_21521_,7.24µm
divider_instance.expmiddlea\[1\],7.24µm
mult_buffer.array\[1\]\[38\],7.24µm
multiplier_instance.TT.genblk1\[2\].CSA1.A\[23\],7.24µm
multiplier_instance.s1_exp_a\[6\],7.24µm
_08457_,7.235µm
_01313_,7.225µm
_02144_,7.22µm
_02822_,7.22µm
_03285_,7.22µm
_03298_,7.22µm
_03607_,7.22µm
_04430_,7.22µm
_04642_,7.22µm
_05915_,7.22µm
_06231_,7.22µm
_07582_,7.22µm
_08281_,7.22µm
_09666_,7.22µm
_10206_,7.22µm
_10831_,7.22µm
_11008_,7.22µm
_11275_,7.22µm
_11636_,7.22µm
_12252_,7.22µm
_13373_,7.22µm
_13816_,7.22µm
_14228_,7.22µm
_14307_,7.22µm
_14328_,7.22µm
_14747_,7.22µm
_15300_,7.22µm
_15591_,7.22µm
_15998_,7.22µm
_16129_,7.22µm
_17360_,7.22µm
_17704_,7.22µm
_17771_,7.22µm
_17779_,7.22µm
_18303_,7.22µm
_18606_,7.22µm
_18620_,7.22µm
_18958_,7.22µm
_19280_,7.22µm
_20293_,7.22µm
_21055_,7.22µm
_21588_,7.22µm
adder_buffer.array\[0\]\[15\],7.22µm
adder_instance.expmiddleb\[0\],7.22µm
divider_instance.expmiddled\[2\],7.22µm
divider_instance.four_man\[26\],7.22µm
divider_instance.mantisaA0\[23\],7.22µm
mult_buffer.array\[1\]\[37\],7.22µm
multiplier_instance.TT.genblk1\[1\].CSA1.A\[20\],7.22µm
multiplier_instance.TT.genblk1\[5\].CSA1.A\[23\],7.22µm
reorder_buf_instance.array\[11\]\[28\],7.22µm
net2155,7.22µm
net2378,7.22µm
net2562,7.22µm
net2567,7.22µm
net3027,7.22µm
net3224,7.22µm
net3326,7.22µm
net3357,7.22µm
_09450_,7.215µm
_11934_,7.215µm
_00713_,7.21µm
adder_buffer.array\[2\]\[7\],7.21µm
_03803_,7.2µm
_04220_,7.2µm
_05430_,7.2µm
_06061_,7.2µm
_07013_,7.2µm
_08660_,7.2µm
_08694_,7.2µm
_09383_,7.2µm
_11083_,7.2µm
_11605_,7.2µm
_13528_,7.2µm
_13971_,7.2µm
_16204_,7.2µm
_16211_,7.2µm
_17305_,7.2µm
_17573_,7.2µm
_17718_,7.2µm
_17878_,7.2µm
_18416_,7.2µm
_18663_,7.2µm
_19088_,7.2µm
_19569_,7.2µm
_20232_,7.2µm
_21113_,7.2µm
_21496_,7.2µm
_21589_,7.2µm
adder_instance.expadd\[6\],7.2µm
adder_instance.expmiddled\[2\],7.2µm
div_buffer.array\[3\]\[32\],7.2µm
multiplier_instance.TT.genblk1\[6\].CSA1.C\[24\],7.2µm
reorder_buf_instance.array\[0\]\[9\],7.2µm
_01684_,7.18µm
_02143_,7.18µm
_02388_,7.18µm
_02623_,7.18µm
_02844_,7.18µm
_02879_,7.18µm
_03027_,7.18µm
_03049_,7.18µm
_03609_,7.18µm
_03978_,7.18µm
_04669_,7.18µm
_05956_,7.18µm
_06308_,7.18µm
_06705_,7.18µm
_07307_,7.18µm
_08217_,7.18µm
_08771_,7.18µm
_09331_,7.18µm
_09381_,7.18µm
_10157_,7.18µm
_10170_,7.18µm
_10644_,7.18µm
_11940_,7.18µm
_12288_,7.18µm
_12810_,7.18µm
_12968_,7.18µm
_13199_,7.18µm
_13250_,7.18µm
_14446_,7.18µm
_14765_,7.18µm
_14826_,7.18µm
_14970_,7.18µm
_15334_,7.18µm
_15639_,7.18µm
_15767_,7.18µm
_16700_,7.18µm
_17153_,7.18µm
_17482_,7.18µm
_17508_,7.18µm
_17913_,7.18µm
_18269_,7.18µm
_18550_,7.18µm
_18972_,7.18µm
_19158_,7.18µm
_19376_,7.18µm
_19876_,7.18µm
_20399_,7.18µm
_20733_,7.18µm
_21088_,7.18µm
adder_buffer.array\[3\]\[38\],7.18µm
divider_instance.inf0,7.18µm
divider_instance.mantisaB0\[23\],7.18µm
multiplier_instance.TT.genblk1\[0\].CSA1.C\[12\],7.18µm
multiplier_instance.TT.genblk1\[4\].CSA1.B\[33\],7.18µm
multiplier_instance.TT.genblk1\[6\].CSA1.B\[41\],7.18µm
net2619,7.18µm
net2686,7.18µm
net2735,7.18µm
net2840,7.18µm
net3182,7.18µm
_00893_,7.165µm
_02314_,7.165µm
_00060_,7.16µm
_03791_,7.16µm
_06699_,7.16µm
_09483_,7.16µm
_09815_,7.16µm
_15646_,7.16µm
_21376_,7.16µm
multiplier_instance.TT.genblk1\[2\].CSA1.C\[12\],7.16µm
_21372_,7.155µm
_07542_,7.15µm
_00861_,7.145µm
_01106_,7.145µm
_01442_,7.145µm
_01518_,7.145µm
_01796_,7.145µm
_02450_,7.145µm
_00446_,7.14µm
_02088_,7.14µm
_02812_,7.14µm
_03122_,7.14µm
_03468_,7.14µm
_06346_,7.14µm
_09675_,7.14µm
_10841_,7.14µm
_10965_,7.14µm
_13177_,7.14µm
_15215_,7.14µm
_15516_,7.14µm
_16544_,7.14µm
_16554_,7.14µm
_16699_,7.14µm
_17368_,7.14µm
_17375_,7.14µm
_18813_,7.14µm
multiplier_instance.PPG.genblk1\[14\].masked\[14\],7.14µm
multiplier_instance.PPG.genblk1\[18\].masked\[11\],7.14µm
net2289,7.14µm
_00956_,7.125µm
_03872_,7.12µm
_04463_,7.12µm
_06516_,7.12µm
_07202_,7.12µm
_07450_,7.12µm
_07641_,7.12µm
_08709_,7.12µm
_08951_,7.12µm
_12728_,7.12µm
_14099_,7.12µm
_15585_,7.12µm
_16532_,7.12µm
_20162_,7.12µm
_20547_,7.12µm
_20998_,7.12µm
_21170_,7.12µm
multiplier_instance.TT.genblk1\[7\].CSA1.A\[43\],7.12µm
_02444_,7.115µm
_01222_,7.105µm
_01871_,7.105µm
_01872_,7.105µm
_02017_,7.105µm
adder_buffer.array\[2\]\[36\],7.105µm
_02588_,7.1µm
_02625_,7.1µm
_02825_,7.1µm
_04069_,7.1µm
_04165_,7.1µm
_04183_,7.1µm
_05307_,7.1µm
_06601_,7.1µm
_08417_,7.1µm
_08969_,7.1µm
_09326_,7.1µm
_09907_,7.1µm
_10932_,7.1µm
_12030_,7.1µm
_12192_,7.1µm
_12716_,7.1µm
_12821_,7.1µm
_13434_,7.1µm
_13680_,7.1µm
_13906_,7.1µm
_14040_,7.1µm
_15065_,7.1µm
_15345_,7.1µm
_15493_,7.1µm
_16403_,7.1µm
_16784_,7.1µm
_17363_,7.1µm
_17422_,7.1µm
_17598_,7.1µm
_17648_,7.1µm
_18446_,7.1µm
_18699_,7.1µm
_18773_,7.1µm
_18935_,7.1µm
_19098_,7.1µm
_20124_,7.1µm
_20129_,7.1µm
_20230_,7.1µm
_20370_,7.1µm
_20487_,7.1µm
_20534_,7.1µm
_20567_,7.1µm
_20652_,7.1µm
_20665_,7.1µm
_20838_,7.1µm
_21136_,7.1µm
_21155_,7.1µm
_21528_,7.1µm
adder_buffer.array\[0\]\[13\],7.1µm
adder_instance.mantisaA0\[11\],7.1µm
divider_instance.four_man\[36\],7.1µm
multiplier_instance.TT.genblk1\[0\].CSA1.B\[17\],7.1µm
multiplier_instance.TT.genblk1\[5\].CSA1.B\[23\],7.1µm
multiplier_instance.s2_zero,7.1µm
reorder_buf_instance.array\[0\]\[17\],7.1µm
reorder_buf_instance.array\[4\]\[23\],7.1µm
net2427,7.1µm
net2842,7.1µm
net2915,7.1µm
net2957,7.1µm
net2979,7.1µm
net3009,7.1µm
net3089,7.1µm
_21637_,7.095µm
_07404_,7.09µm
_20216_,7.09µm
reorder_buf_instance.array\[1\]\[26\],7.085µm
_03371_,7.08µm
_04569_,7.08µm
_06717_,7.08µm
_07420_,7.08µm
_08796_,7.08µm
_09550_,7.08µm
_11164_,7.08µm
_14629_,7.08µm
_14643_,7.08µm
_14677_,7.08µm
_15829_,7.08µm
_17871_,7.08µm
_19134_,7.08µm
_19177_,7.08µm
_20969_,7.08µm
_21290_,7.08µm
_21569_,7.08µm
multiplier_instance.TT.CS6.A\[46\],7.08µm
multiplier_instance.TT.genblk1\[0\].CSA1.C\[13\],7.08µm
multiplier_instance.TT.genblk1\[3\].CSA1.A\[27\],7.08µm
reorder_buf_instance.array\[12\]\[16\],7.08µm
net2767,7.08µm
adder_buffer.array\[2\]\[4\],7.065µm
net2311,7.065µm
_02845_,7.06µm
_02960_,7.06µm
_03030_,7.06µm
_03062_,7.06µm
_03109_,7.06µm
_03131_,7.06µm
_03169_,7.06µm
_03192_,7.06µm
_03454_,7.06µm
_03933_,7.06µm
_04193_,7.06µm
_04942_,7.06µm
_05374_,7.06µm
_05392_,7.06µm
_05569_,7.06µm
_06100_,7.06µm
_06834_,7.06µm
_06965_,7.06µm
_07024_,7.06µm
_07245_,7.06µm
_07500_,7.06µm
_08419_,7.06µm
_08473_,7.06µm
_09517_,7.06µm
_09523_,7.06µm
_09527_,7.06µm
_09787_,7.06µm
_10199_,7.06µm
_10572_,7.06µm
_11001_,7.06µm
_11091_,7.06µm
_12506_,7.06µm
_12681_,7.06µm
_12984_,7.06µm
_13646_,7.06µm
_13802_,7.06µm
_13930_,7.06µm
_14005_,7.06µm
_14300_,7.06µm
_14714_,7.06µm
_14869_,7.06µm
_15046_,7.06µm
_15098_,7.06µm
_15120_,7.06µm
_15271_,7.06µm
_16085_,7.06µm
_16719_,7.06µm
_16841_,7.06µm
_17127_,7.06µm
_17172_,7.06µm
_17417_,7.06µm
_17438_,7.06µm
_17539_,7.06µm
_17603_,7.06µm
_17621_,7.06µm
_18114_,7.06µm
_18579_,7.06µm
_18775_,7.06µm
_19394_,7.06µm
_19684_,7.06µm
_20183_,7.06µm
_20317_,7.06µm
_20501_,7.06µm
_20617_,7.06µm
_20905_,7.06µm
_21094_,7.06µm
_21100_,7.06µm
_21234_,7.06µm
_21432_,7.06µm
_21711_,7.06µm
divider_instance.undefined3,7.06µm
multiplier_instance.PPG.B\[10\],7.06µm
multiplier_instance.TT.genblk1\[1\].CSA1.A\[23\],7.06µm
multiplier_instance.TT.genblk1\[1\].CSA1.C\[21\],7.06µm
multiplier_instance.TT.genblk1\[4\].CSA1.C\[20\],7.06µm
multiplier_instance.TT.genblk1\[6\].CSA1.C\[37\],7.06µm
reorder_buf_instance.array\[10\]\[18\],7.06µm
reorder_buf_instance.array\[14\]\[14\],7.06µm
reorder_buf_instance.array\[15\]\[29\],7.06µm
net2600,7.06µm
net3180,7.06µm
_02108_,7.045µm
_03207_,7.04µm
_09481_,7.04µm
_09968_,7.04µm
_16749_,7.04µm
_17547_,7.04µm
_17719_,7.04µm
_20209_,7.04µm
_19937_,7.035µm
_01354_,7.025µm
net2319,7.025µm
_01430_,7.02µm
_01189_,7.015µm
_01403_,7.015µm
_05097_,7µm
_05583_,7µm
_08434_,7µm
_08815_,7µm
_10436_,7µm
_10627_,7µm
_11103_,7µm
_12494_,7µm
_14015_,7µm
_15194_,7µm
_15316_,7µm
_16310_,7µm
_19677_,7µm
multiplier_instance.TT.genblk1\[5\].CSA1.C\[26\],7µm
reorder_buf_instance.array\[5\]\[23\],7µm
_06713_,6.99µm
_02374_,6.985µm
_11555_,6.985µm
_03590_,6.98µm
_04059_,6.98µm
_04602_,6.98µm
_05045_,6.98µm
_05057_,6.98µm
_05847_,6.98µm
_06497_,6.98µm
_06571_,6.98µm
_06998_,6.98µm
_07230_,6.98µm
_07233_,6.98µm
_07865_,6.98µm
_10629_,6.98µm
_12621_,6.98µm
_13110_,6.98µm
_13925_,6.98µm
_14007_,6.98µm
_14265_,6.98µm
_14456_,6.98µm
_15774_,6.98µm
_15795_,6.98µm
_16573_,6.98µm
_16952_,6.98µm
_19672_,6.98µm
_20219_,6.98µm
_20284_,6.98µm
_20602_,6.98µm
_20640_,6.98µm
_20735_,6.98µm
_21033_,6.98µm
_21276_,6.98µm
_21352_,6.98µm
_21519_,6.98µm
_21545_,6.98µm
_21582_,6.98µm
multiplier_instance.PPG.genblk1\[21\].masked\[23\],6.98µm
multiplier_instance.TT.genblk1\[0\].CSA1.B\[18\],6.98µm
multiplier_instance.TT.genblk1\[2\].CSA1.A\[16\],6.98µm
multiplier_instance.TT.genblk1\[2\].CSA1.C\[18\],6.98µm
multiplier_instance.TT.genblk1\[7\].CSA1.C\[29\],6.98µm
reorder_buf_instance.array\[14\]\[6\],6.98µm
reorder_buf_instance.array\[2\]\[0\],6.98µm
net124,6.98µm
_03559_,6.965µm
_01043_,6.96µm
_01103_,6.96µm
_02161_,6.96µm
_07830_,6.96µm
_10423_,6.96µm
_11350_,6.96µm
_11724_,6.96µm
_12586_,6.96µm
_14176_,6.96µm
_15264_,6.96µm
_15570_,6.96µm
_16564_,6.96µm
_21345_,6.96µm
multiplier_instance.TT.genblk1\[1\].CSA1.C\[16\],6.96µm
_05308_,6.955µm
_00291_,6.94µm
_03550_,6.94µm
_05774_,6.94µm
_06422_,6.94µm
_07704_,6.94µm
_09249_,6.94µm
_09945_,6.94µm
_10567_,6.94µm
_13953_,6.94µm
_15896_,6.94µm
_18199_,6.94µm
_18431_,6.94µm
_20467_,6.94µm
_21178_,6.94µm
_21560_,6.94µm
_21590_,6.94µm
adder_buffer.array\[0\]\[35\],6.94µm
adder_buffer.array\[1\]\[17\],6.94µm
adder_buffer.array\[1\]\[38\],6.94µm
multiplier_instance.TT.genblk1\[5\].CSA1.A\[28\],6.94µm
multiplier_instance.TT.genblk1\[6\].CSA1.B\[26\],6.94µm
reorder_buf_instance.array\[8\]\[3\],6.94µm
_01192_,6.935µm
reorder_buf_instance.array\[1\]\[12\],6.935µm
_01213_,6.925µm
_01321_,6.925µm
_01501_,6.925µm
_02223_,6.925µm
_12611_,6.92µm
_00242_,6.91µm
_00429_,6.91µm
final_out[12],6.91µm
_02442_,6.905µm
_02948_,6.9µm
_09393_,6.9µm
_11342_,6.9µm
_14764_,6.9µm
_15809_,6.9µm
multiplier_instance.PPG.genblk1\[21\].masked\[21\],6.9µm
reorder_buf_instance.array\[5\]\[4\],6.9µm
net2645,6.9µm
net2692,6.9µm
stall,6.89µm
_01337_,6.885µm
_01628_,6.885µm
_01634_,6.885µm
_01844_,6.885µm
net2304,6.885µm
_00012_,6.88µm
_00021_,6.88µm
_00184_,6.88µm
_03269_,6.88µm
_08120_,6.88µm
_08266_,6.88µm
_10385_,6.88µm
_16246_,6.88µm
_18157_,6.88µm
_19421_,6.88µm
mult_mantisa\[0\],6.88µm
multiplier_instance.PPG.genblk1\[5\].masked\[23\],6.88µm
multiplier_instance.TT.genblk1\[0\].CSA1.A\[13\],6.88µm
net3074,6.88µm
_00462_,6.87µm
_08405_,6.87µm
_00888_,6.865µm
_03551_,6.86µm
_04052_,6.86µm
_04582_,6.86µm
_05475_,6.86µm
_06173_,6.86µm
_06184_,6.86µm
_06545_,6.86µm
_06560_,6.86µm
_06582_,6.86µm
_06795_,6.86µm
_06914_,6.86µm
_07950_,6.86µm
_08722_,6.86µm
_09309_,6.86µm
_09849_,6.86µm
_10566_,6.86µm
_10733_,6.86µm
_11363_,6.86µm
_12843_,6.86µm
_14852_,6.86µm
_15379_,6.86µm
_16160_,6.86µm
_16908_,6.86µm
_17091_,6.86µm
_17372_,6.86µm
_18008_,6.86µm
_18844_,6.86µm
_19053_,6.86µm
_19196_,6.86µm
_19616_,6.86µm
_19659_,6.86µm
_19769_,6.86µm
_19828_,6.86µm
_20001_,6.86µm
_20107_,6.86µm
_20234_,6.86µm
_20263_,6.86µm
_20392_,6.86µm
_20515_,6.86µm
_20941_,6.86µm
_21390_,6.86µm
adder_buffer.array\[0\]\[30\],6.86µm
mult_buffer.array\[3\]\[38\],6.86µm
multiplier_instance.TT.genblk1\[0\].CSA1.B\[19\],6.86µm
multiplier_instance.TT.genblk1\[2\].CSA1.C\[21\],6.86µm
multiplier_instance.TT.genblk1\[3\].CSA1.B\[12\],6.86µm
multiplier_instance.TT.genblk1\[3\].CSA1.C\[33\],6.86µm
multiplier_instance.TT.genblk1\[5\].CSA1.C\[28\],6.86µm
reorder_buf_instance.array\[14\]\[5\],6.86µm
reorder_buf_instance.array\[2\]\[17\],6.86µm
reorder_buf_instance.array\[6\]\[23\],6.86µm
net2440,6.86µm
net2700,6.86µm
_01534_,6.855µm
_01038_,6.845µm
_05521_,6.84µm
_08561_,6.84µm
_11440_,6.84µm
_11474_,6.84µm
_14766_,6.84µm
_15699_,6.84µm
_18785_,6.84µm
_19501_,6.84µm
_19683_,6.84µm
_19778_,6.84µm
_19819_,6.84µm
_19866_,6.84µm
multiplier_instance.PPG.genblk1\[13\].masked\[4\],6.84µm
multiplier_instance.TT.genblk1\[6\].CSA1.A\[36\],6.84µm
_07324_,6.83µm
_02031_,6.825µm
_02381_,6.825µm
reorder_buf_instance.array\[5\]\[7\],6.825µm
_02783_,6.82µm
_03592_,6.82µm
_07785_,6.82µm
_08716_,6.82µm
_09217_,6.82µm
_09577_,6.82µm
_09789_,6.82µm
_20000_,6.82µm
_20413_,6.82µm
multiplier_instance.TT.genblk1\[5\].CSA1.A\[19\],6.82µm
reorder_buf_instance.array\[11\]\[29\],6.82µm
reorder_buf_instance.array\[11\]\[7\],6.82µm
reorder_buf_instance.array\[15\]\[31\],6.82µm
reorder_buf_instance.array\[15\]\[8\],6.82µm
reorder_buf_instance.array\[8\]\[15\],6.82µm
net103,6.82µm
_19655_,6.81µm
_02044_,6.805µm
_00078_,6.8µm
_02549_,6.8µm
_13618_,6.8µm
_14481_,6.8µm
_17604_,6.8µm
_03043_,6.78µm
_06058_,6.78µm
_06538_,6.78µm
_06780_,6.78µm
_09607_,6.78µm
_10230_,6.78µm
_10686_,6.78µm
_10816_,6.78µm
_11850_,6.78µm
_14735_,6.78µm
_15894_,6.78µm
_16922_,6.78µm
_18260_,6.78µm
_18947_,6.78µm
_19099_,6.78µm
_20055_,6.78µm
_20126_,6.78µm
_21800_,6.78µm
div_mantisa\[17\],6.78µm
multiplier_instance.PPG.genblk1\[22\].masked\[15\],6.78µm
multiplier_instance.s2_nan,6.78µm
net2420,6.78µm
_00107_,6.77µm
_01516_,6.765µm
_01975_,6.765µm
_02345_,6.765µm
_02655_,6.76µm
_04313_,6.76µm
_04951_,6.76µm
_06197_,6.76µm
_06604_,6.76µm
_07989_,6.76µm
_08155_,6.76µm
_08802_,6.76µm
_08820_,6.76µm
_08846_,6.76µm
_08910_,6.76µm
_09012_,6.76µm
_09694_,6.76µm
_10578_,6.76µm
_11540_,6.76µm
_12645_,6.76µm
_12914_,6.76µm
_12987_,6.76µm
_13064_,6.76µm
_13241_,6.76µm
_13295_,6.76µm
_14432_,6.76µm
_15262_,6.76µm
_15991_,6.76µm
_16053_,6.76µm
_16590_,6.76µm
_16623_,6.76µm
_17190_,6.76µm
_17636_,6.76µm
_17890_,6.76µm
_18527_,6.76µm
_19197_,6.76µm
_19286_,6.76µm
_19431_,6.76µm
_20554_,6.76µm
_21154_,6.76µm
adder_buffer.array\[1\]\[16\],6.76µm
div_buffer.out\[36\],6.76µm
mult_mantisaB\[0\],6.76µm
multiplier_instance.PPG.genblk1\[10\].masked\[16\],6.76µm
multiplier_instance.PPG.genblk1\[13\].masked\[18\],6.76µm
multiplier_instance.TT.genblk1\[1\].CSA1.C\[13\],6.76µm
multiplier_instance.TT.genblk1\[2\].CSA1.C\[19\],6.76µm
multiplier_instance.TT.genblk1\[3\].CSA1.B\[23\],6.76µm
multiplier_instance.TT.genblk1\[4\].CSA1.B\[15\],6.76µm
multiplier_instance.TT.genblk1\[7\].CSA1.A\[33\],6.76µm
reorder_buf_instance.array\[4\]\[11\],6.76µm
reorder_buf_instance.array\[6\]\[11\],6.76µm
reorder_buf_instance.array\[7\]\[19\],6.76µm
net2376,6.76µm
net2391,6.76µm
net2554,6.76µm
net2685,6.76µm
net2689,6.76µm
net2693,6.76µm
net2705,6.76µm
net2748,6.76µm
net2810,6.76µm
net2844,6.76µm
net2938,6.76µm
net2965,6.76µm
net3077,6.76µm
net3115,6.76µm
_03350_,6.74µm
_03355_,6.74µm
_03851_,6.74µm
_04244_,6.74µm
_04269_,6.74µm
_04279_,6.74µm
_04597_,6.74µm
_04687_,6.74µm
_04987_,6.74µm
_07132_,6.74µm
_07133_,6.74µm
_07534_,6.74µm
_07879_,6.74µm
_09207_,6.74µm
_09436_,6.74µm
_09639_,6.74µm
_11669_,6.74µm
_12210_,6.74µm
_13051_,6.74µm
_14854_,6.74µm
_15263_,6.74µm
_15803_,6.74µm
_15805_,6.74µm
_16113_,6.74µm
_16825_,6.74µm
_18020_,6.74µm
_18784_,6.74µm
_19154_,6.74µm
_19557_,6.74µm
_19743_,6.74µm
_19752_,6.74µm
_21167_,6.74µm
adder_buffer.array\[1\]\[28\],6.74µm
adder_instance.expmiddlea\[4\],6.74µm
divider_instance.inf3,6.74µm
multiplier_instance.TT.genblk1\[0\].CSA1.B\[14\],6.74µm
multiplier_instance.TT.genblk1\[1\].CSA1.C\[20\],6.74µm
multiplier_instance.TT.genblk1\[3\].CSA1.C\[13\],6.74µm
multiplier_instance.TT.genblk1\[3\].CSA1.C\[24\],6.74µm
multiplier_instance.TT.genblk1\[4\].CSA1.B\[16\],6.74µm
multiplier_instance.TT.genblk1\[5\].CSA1.B\[18\],6.74µm
multiplier_instance.TT.genblk1\[5\].CSA1.C\[29\],6.74µm
multiplier_instance.TT.genblk1\[6\].CSA1.C\[25\],6.74µm
multiplier_instance.TT.genblk1\[6\].CSA1.C\[39\],6.74µm
reorder_buf_instance.array\[0\]\[12\],6.74µm
reorder_buf_instance.array\[15\]\[23\],6.74µm
reorder_buf_instance.array\[7\]\[15\],6.74µm
net2731,6.74µm
_03699_,6.735µm
_18720_,6.735µm
_02153_,6.725µm
_16013_,6.725µm
_01816_,6.72µm
_02550_,6.72µm
_02574_,6.72µm
_03036_,6.72µm
_03083_,6.72µm
_03117_,6.72µm
_03126_,6.72µm
_03140_,6.72µm
_03197_,6.72µm
_03563_,6.72µm
_03648_,6.72µm
_04564_,6.72µm
_04627_,6.72µm
_04753_,6.72µm
_05426_,6.72µm
_05951_,6.72µm
_06080_,6.72µm
_06915_,6.72µm
_07920_,6.72µm
_07982_,6.72µm
_08704_,6.72µm
_08875_,6.72µm
_09339_,6.72µm
_10107_,6.72µm
_11681_,6.72µm
_12733_,6.72µm
_14181_,6.72µm
_14311_,6.72µm
_15747_,6.72µm
_15897_,6.72µm
_16035_,6.72µm
_16557_,6.72µm
_16687_,6.72µm
_16790_,6.72µm
_17265_,6.72µm
_17267_,6.72µm
_17340_,6.72µm
_17399_,6.72µm
_17616_,6.72µm
_17689_,6.72µm
_17749_,6.72µm
_17925_,6.72µm
_18558_,6.72µm
_18564_,6.72µm
_18779_,6.72µm
_18812_,6.72µm
_18868_,6.72µm
_19332_,6.72µm
_19607_,6.72µm
_19805_,6.72µm
_20250_,6.72µm
_20956_,6.72µm
_20968_,6.72µm
_21338_,6.72µm
adder_buffer.array\[0\]\[1\],6.72µm
adder_instance.signA3,6.72µm
div_mantisaA\[1\],6.72µm
div_mantisaB\[8\],6.72µm
multiplier_instance.TT.genblk1\[4\].CSA1.B\[32\],6.72µm
multiplier_instance.TT.genblk1\[5\].CSA1.C\[40\],6.72µm
multiplier_instance.TT.genblk1\[6\].CSA1.C\[21\],6.72µm
reorder_buf_instance.array\[0\]\[19\],6.72µm
reorder_buf_instance.array\[3\]\[7\],6.72µm
net2244,6.72µm
net2305,6.72µm
net2530,6.72µm
net2591,6.72µm
net2593,6.72µm
net2644,6.72µm
net2722,6.72µm
net2999,6.72µm
_04278_,6.715µm
_13444_,6.71µm
_00011_,6.705µm
_00821_,6.705µm
_01606_,6.705µm
_01691_,6.705µm
_03768_,6.7µm
_06281_,6.7µm
_15891_,6.7µm
_21773_,6.7µm
multiplier_instance.PPG.genblk1\[4\].masked\[7\],6.7µm
multiplier_instance.TT.genblk1\[3\].CSA1.B\[33\],6.7µm
_02387_,6.695µm
_13011_,6.69µm
_01565_,6.685µm
_01570_,6.685µm
_01573_,6.685µm
_01906_,6.685µm
_02190_,6.685µm
net3158,6.68µm
_20455_,6.675µm
reorder_buf_instance.array\[13\]\[12\],6.665µm
reorder_buf_instance.array\[9\]\[19\],6.665µm
_01685_,6.66µm
_04353_,6.66µm
_05788_,6.66µm
_05926_,6.66µm
_06477_,6.66µm
_07464_,6.66µm
_10079_,6.66µm
_11816_,6.66µm
_12286_,6.66µm
_12780_,6.66µm
_12824_,6.66µm
_13238_,6.66µm
_13991_,6.66µm
_14010_,6.66µm
_14861_,6.66µm
_14896_,6.66µm
_16072_,6.66µm
_16479_,6.66µm
_16788_,6.66µm
_17746_,6.66µm
_18333_,6.66µm
_19275_,6.66µm
_19361_,6.66µm
_19859_,6.66µm
_21139_,6.66µm
_21420_,6.66µm
_21632_,6.66µm
multiplier_instance.TT.genblk1\[7\].CSA1.B\[39\],6.66µm
reorder_buf_instance.array\[11\]\[16\],6.66µm
net3032,6.66µm
_01262_,6.645µm
_01591_,6.645µm
_01680_,6.645µm
_01772_,6.645µm
_02182_,6.645µm
_12460_,6.645µm
_19346_,6.645µm
net2166,6.645µm
_02911_,6.64µm
_03091_,6.64µm
_03614_,6.64µm
_04139_,6.64µm
_04644_,6.64µm
_04795_,6.64µm
_05018_,6.64µm
_05032_,6.64µm
_05088_,6.64µm
_05295_,6.64µm
_05861_,6.64µm
_06294_,6.64µm
_06326_,6.64µm
_06712_,6.64µm
_06973_,6.64µm
_07219_,6.64µm
_07253_,6.64µm
_07978_,6.64µm
_08750_,6.64µm
_08765_,6.64µm
_09078_,6.64µm
_09556_,6.64µm
_10088_,6.64µm
_10548_,6.64µm
_11593_,6.64µm
_13965_,6.64µm
_14755_,6.64µm
_15145_,6.64µm
_15365_,6.64µm
_15449_,6.64µm
_15946_,6.64µm
_16799_,6.64µm
_16945_,6.64µm
_16997_,6.64µm
_17017_,6.64µm
_17050_,6.64µm
_17540_,6.64µm
_17608_,6.64µm
_18424_,6.64µm
_18705_,6.64µm
_18924_,6.64µm
_20096_,6.64µm
_20867_,6.64µm
_21045_,6.64µm
_21510_,6.64µm
adder_buffer.value\[12\],6.64µm
multiplier_instance.TT.genblk1\[2\].CSA1.B\[17\],6.64µm
multiplier_instance.TT.genblk1\[7\].CSA1.A\[24\],6.64µm
multiplier_instance.s2_exp_a\[2\],6.64µm
reorder_buf_instance.array\[15\]\[18\],6.64µm
reorder_buf_instance.value0\[24\],6.64µm
net2470,6.64µm
net2572,6.64µm
net2723,6.64µm
net3170,6.64µm
net3193,6.64µm
net3363,6.64µm
_12725_,6.63µm
_01164_,6.625µm
_01425_,6.625µm
_04211_,6.62µm
_05334_,6.62µm
_05379_,6.62µm
_07303_,6.62µm
_07765_,6.62µm
_09029_,6.62µm
_10070_,6.62µm
_10541_,6.62µm
_10972_,6.62µm
_12489_,6.62µm
_14081_,6.62µm
_14414_,6.62µm
_16533_,6.62µm
_17628_,6.62µm
_18428_,6.62µm
_18434_,6.62µm
_18877_,6.62µm
_20441_,6.62µm
_20711_,6.62µm
_20793_,6.62µm
_21140_,6.62µm
reorder_buf_instance.array\[8\]\[8\],6.62µm
_00515_,6.6µm
_02798_,6.6µm
_02830_,6.6µm
_02841_,6.6µm
_02856_,6.6µm
_03029_,6.6µm
_03039_,6.6µm
_03211_,6.6µm
_03532_,6.6µm
_03534_,6.6µm
_03610_,6.6µm
_04167_,6.6µm
_04451_,6.6µm
_05065_,6.6µm
_06448_,6.6µm
_07237_,6.6µm
_07255_,6.6µm
_07694_,6.6µm
_07946_,6.6µm
_08669_,6.6µm
_08989_,6.6µm
_09716_,6.6µm
_09739_,6.6µm
_10038_,6.6µm
_10465_,6.6µm
_10593_,6.6µm
_10979_,6.6µm
_11506_,6.6µm
_11539_,6.6µm
_11685_,6.6µm
_12202_,6.6µm
_12848_,6.6µm
_13438_,6.6µm
_13773_,6.6µm
_13990_,6.6µm
_14807_,6.6µm
_14944_,6.6µm
_15083_,6.6µm
_15223_,6.6µm
_15252_,6.6µm
_15317_,6.6µm
_16813_,6.6µm
_16817_,6.6µm
_17306_,6.6µm
_17393_,6.6µm
_17536_,6.6µm
_17562_,6.6µm
_17581_,6.6µm
_17766_,6.6µm
_17895_,6.6µm
_18220_,6.6µm
_18236_,6.6µm
_18568_,6.6µm
_18637_,6.6µm
_19016_,6.6µm
_19035_,6.6µm
_19486_,6.6µm
_19529_,6.6µm
_20670_,6.6µm
_20826_,6.6µm
_20874_,6.6µm
_21194_,6.6µm
_21283_,6.6µm
_21404_,6.6µm
_21430_,6.6µm
_21751_,6.6µm
adder_instance.mantisaA0\[13\],6.6µm
div_buffer.value\[38\],6.6µm
multiplier_instance.TT.genblk1\[0\].CSA1.A\[14\],6.6µm
multiplier_instance.TT.genblk1\[0\].CSA1.A\[15\],6.6µm
multiplier_instance.TT.genblk1\[1\].CSA1.A\[11\],6.6µm
multiplier_instance.TT.genblk1\[1\].CSA1.B\[14\],6.6µm
multiplier_instance.TT.genblk1\[4\].CSA1.A\[22\],6.6µm
multiplier_instance.TT.genblk1\[4\].CSA1.C\[28\],6.6µm
reorder_buf_instance.array\[2\]\[13\],6.6µm
net2934,6.6µm
_01252_,6.595µm
_01773_,6.595µm
_01870_,6.595µm
_02772_,6.58µm
_03086_,6.58µm
_07774_,6.58µm
_12909_,6.58µm
_13736_,6.58µm
_17931_,6.58µm
reorder_buf_instance.array\[13\]\[22\],6.58µm
_00840_,6.565µm
_01228_,6.565µm
_01724_,6.565µm
_08031_,6.56µm
_12596_,6.56µm
_02249_,6.54µm
_06501_,6.54µm
_06764_,6.54µm
_08414_,6.54µm
_12102_,6.54µm
_15447_,6.54µm
_16200_,6.54µm
_16734_,6.54µm
_17230_,6.54µm
_17301_,6.54µm
_17944_,6.54µm
_18884_,6.54µm
_19198_,6.54µm
_19889_,6.54µm
_20712_,6.54µm
_20732_,6.54µm
_00811_,6.525µm
_03495_,6.52µm
_03525_,6.52µm
_04385_,6.52µm
_04399_,6.52µm
_04538_,6.52µm
_05107_,6.52µm
_05588_,6.52µm
_05603_,6.52µm
_06045_,6.52µm
_06205_,6.52µm
_06447_,6.52µm
_06828_,6.52µm
_07517_,6.52µm
_08607_,6.52µm
_09490_,6.52µm
_09723_,6.52µm
_10660_,6.52µm
_11780_,6.52µm
_11828_,6.52µm
_11944_,6.52µm
_12450_,6.52µm
_13504_,6.52µm
_14293_,6.52µm
_14514_,6.52µm
_14522_,6.52µm
_14602_,6.52µm
_14846_,6.52µm
_15162_,6.52µm
_15647_,6.52µm
_17299_,6.52µm
_17699_,6.52µm
_17751_,6.52µm
_18585_,6.52µm
_18959_,6.52µm
_19359_,6.52µm
_19706_,6.52µm
_20486_,6.52µm
_20576_,6.52µm
_21336_,6.52µm
_21572_,6.52µm
multiplier_instance.TT.genblk1\[1\].CSA1.B\[25\],6.52µm
multiplier_instance.TT.genblk1\[5\].CSA1.C\[30\],6.52µm
reorder_buf_instance.array\[8\]\[12\],6.52µm
reorder_buf_instance.array\[8\]\[22\],6.52µm
_09844_,6.515µm
_12295_,6.515µm
_01380_,6.5µm
_02211_,6.5µm
_02540_,6.5µm
_04233_,6.5µm
_06396_,6.5µm
_08884_,6.5µm
_13522_,6.5µm
_15224_,6.5µm
_15388_,6.5µm
_17049_,6.5µm
_18730_,6.5µm
net2200,6.5µm
net2231,6.5µm
_15259_,6.49µm
adder_buffer.array\[2\]\[38\],6.49µm
_01137_,6.485µm
_01269_,6.485µm
_02342_,6.485µm
_02364_,6.485µm
_02426_,6.485µm
_00259_,6.48µm
_00598_,6.48µm
_05134_,6.48µm
_06222_,6.48µm
_07638_,6.48µm
_08282_,6.48µm
_08921_,6.48µm
_09231_,6.48µm
_19792_,6.48µm
_20120_,6.48µm
adder_buffer.array\[1\]\[14\],6.48µm
adder_buffer.array\[1\]\[5\],6.48µm
div_buffer.array\[3\]\[36\],6.48µm
mult_buffer.out\[38\],6.48µm
reorder_buf_instance.array\[12\]\[14\],6.48µm
_01089_,6.465µm
_01229_,6.465µm
_01428_,6.465µm
_07386_,6.46µm
_15572_,6.46µm
_16435_,6.46µm
_18464_,6.46µm
_08422_,6.45µm
_14754_,6.45µm
_00018_,6.44µm
_03102_,6.44µm
_04162_,6.44µm
_06689_,6.44µm
_07803_,6.44µm
_10101_,6.44µm
_11564_,6.44µm
_12875_,6.44µm
_16313_,6.44µm
_18085_,6.44µm
_18574_,6.44µm
multiplier_instance.PPG.genblk1\[2\].masked\[16\],6.44µm
reorder_buf_instance.array\[13\]\[8\],6.44µm
net2783,6.44µm
net3187,6.44µm
_08208_,6.43µm
_01224_,6.425µm
_01648_,6.425µm
_00025_,6.42µm
_03459_,6.42µm
_03907_,6.42µm
_04121_,6.42µm
_05668_,6.42µm
_15140_,6.42µm
_16344_,6.42µm
_19258_,6.42µm
mult_exp\[6\],6.42µm
multiplier_instance.PPG.genblk1\[10\].masked\[15\],6.42µm
multiplier_instance.PPG.genblk1\[23\].masked\[9\],6.42µm
multiplier_instance.PPG.genblk1\[7\].masked\[12\],6.42µm
_02173_,6.405µm
reorder_buf_instance.array\[1\]\[1\],6.405µm
_00229_,6.4µm
_03794_,6.4µm
_04114_,6.4µm
_04913_,6.4µm
_04917_,6.4µm
_06284_,6.4µm
_06488_,6.4µm
_07689_,6.4µm
_08095_,6.4µm
_08733_,6.4µm
_08896_,6.4µm
_09474_,6.4µm
_09791_,6.4µm
_09827_,6.4µm
_11105_,6.4µm
_11914_,6.4µm
_13516_,6.4µm
_14806_,6.4µm
_15485_,6.4µm
_15540_,6.4µm
_16086_,6.4µm
_17886_,6.4µm
_19108_,6.4µm
_19171_,6.4µm
_19352_,6.4µm
_19712_,6.4µm
_20400_,6.4µm
_20623_,6.4µm
_20644_,6.4µm
_20703_,6.4µm
_20730_,6.4µm
_21014_,6.4µm
_21270_,6.4µm
_21393_,6.4µm
_21475_,6.4µm
divider_instance.expmiddled\[7\],6.4µm
divider_instance.mantisaBshift\[14\],6.4µm
multiplier_instance.TT.genblk1\[4\].CSA1.B\[14\],6.4µm
multiplier_instance.TT.genblk1\[7\].CSA1.C\[31\],6.4µm
multiplier_instance.TT.genblk1\[7\].CSA1.C\[34\],6.4µm
reorder_buf_instance.array\[12\]\[2\],6.4µm
reorder_buf_instance.array\[14\]\[31\],6.4µm
reorder_buf_instance.array\[3\]\[28\],6.4µm
net2787,6.4µm
_05530_,6.38µm
_07849_,6.38µm
_08328_,6.38µm
_16459_,6.38µm
_18056_,6.38µm
_20203_,6.38µm
div_buffer.array\[1\]\[39\],6.38µm
multiplier_instance.PPG.genblk1\[18\].masked\[3\],6.38µm
multiplier_instance.TT.genblk1\[1\].CSA1.B\[12\],6.38µm
multiplier_instance.s3_sum\[35\],6.38µm
reorder_buf_instance.array\[10\]\[0\],6.38µm
_01081_,6.365µm
_01087_,6.365µm
_01245_,6.365µm
_01631_,6.365µm
_01859_,6.365µm
_01860_,6.365µm
_01875_,6.365µm
_01967_,6.365µm
_01985_,6.365µm
_02155_,6.365µm
_02445_,6.365µm
_02785_,6.36µm
_02913_,6.36µm
_03300_,6.36µm
_05195_,6.36µm
_09589_,6.36µm
_12040_,6.36µm
_13939_,6.36µm
_19669_,6.36µm
multiplier_instance.PPG.genblk1\[5\].masked\[2\],6.36µm
reorder_buf_instance.array\[0\]\[18\],6.36µm
_02488_,6.355µm
_19843_,6.355µm
multiplier_instance.TT.genblk1\[4\].CSA1.C\[15\],6.355µm
_20695_,6.33µm
_01462_,6.325µm
_01603_,6.325µm
_04449_,6.32µm
_04511_,6.32µm
_05173_,6.32µm
_06749_,6.32µm
_08040_,6.32µm
_08329_,6.32µm
_08663_,6.32µm
_09535_,6.32µm
_10512_,6.32µm
_10568_,6.32µm
_11943_,6.32µm
_15644_,6.32µm
_16820_,6.32µm
_18850_,6.32µm
_19976_,6.32µm
_20087_,6.32µm
_20919_,6.32µm
_21202_,6.32µm
multiplier_instance.TT.genblk1\[0\].CSA1.A\[8\],6.32µm
multiplier_instance.TT.genblk1\[1\].CSA1.C\[17\],6.32µm
reorder_buf_instance.array\[1\]\[4\],6.32µm
net82,6.32µm
net3127,6.32µm
net3231,6.32µm
_12644_,6.31µm
multiplier_instance.TT.genblk1\[4\].CSA1.A\[34\],6.31µm
_01695_,6.305µm
_01894_,6.305µm
_02286_,6.305µm
_01814_,6.3µm
_03502_,6.3µm
_03529_,6.3µm
_03605_,6.3µm
_04410_,6.3µm
_04478_,6.3µm
_04893_,6.3µm
_04996_,6.3µm
_05122_,6.3µm
_05529_,6.3µm
_05592_,6.3µm
_05690_,6.3µm
_05785_,6.3µm
_06063_,6.3µm
_06076_,6.3µm
_07538_,6.3µm
_07716_,6.3µm
_07775_,6.3µm
_08851_,6.3µm
_09354_,6.3µm
_09548_,6.3µm
_10741_,6.3µm
_11886_,6.3µm
_12346_,6.3µm
_12879_,6.3µm
_13157_,6.3µm
_13381_,6.3µm
_13739_,6.3µm
_14194_,6.3µm
_14410_,6.3µm
_14603_,6.3µm
_15454_,6.3µm
_16139_,6.3µm
_16268_,6.3µm
_16774_,6.3µm
_17212_,6.3µm
_17745_,6.3µm
_17897_,6.3µm
_18024_,6.3µm
_18649_,6.3µm
_18857_,6.3µm
_19559_,6.3µm
_20056_,6.3µm
_21090_,6.3µm
_21585_,6.3µm
_21676_,6.3µm
_21732_,6.3µm
adder_instance.expmiddlea\[5\],6.3µm
mult_buffer.array\[0\]\[39\],6.3µm
multiplier_instance.PPG.genblk1\[12\].masked\[8\],6.3µm
multiplier_instance.PPG.genblk1\[22\].masked\[11\],6.3µm
multiplier_instance.PPG.genblk1\[5\].masked\[19\],6.3µm
multiplier_instance.PPG.genblk1\[6\].masked\[15\],6.3µm
multiplier_instance.TT.genblk1\[1\].CSA1.B\[18\],6.3µm
multiplier_instance.TT.genblk1\[2\].CSA1.A\[6\],6.3µm
reorder_buf_instance.array\[4\]\[18\],6.3µm
reorder_buf_instance.value2\[28\],6.3µm
net2147,6.3µm
net2733,6.3µm
net2878,6.3µm
net2947,6.3µm
net3021,6.3µm
_20330_,6.29µm
_00900_,6.285µm
_02201_,6.285µm
_04312_,6.28µm
_05117_,6.28µm
_05787_,6.28µm
_06034_,6.28µm
_06733_,6.28µm
_07489_,6.28µm
_07647_,6.28µm
_07817_,6.28µm
_08556_,6.28µm
_09473_,6.28µm
_10978_,6.28µm
_11318_,6.28µm
_12274_,6.28µm
_12291_,6.28µm
_13870_,6.28µm
_16040_,6.28µm
_16210_,6.28µm
_17013_,6.28µm
_17495_,6.28µm
_17497_,6.28µm
_18433_,6.28µm
_18749_,6.28µm
_19005_,6.28µm
_19094_,6.28µm
_19205_,6.28µm
_19564_,6.28µm
_20106_,6.28µm
_21153_,6.28µm
_21501_,6.28µm
_21515_,6.28µm
_21549_,6.28µm
adder_buffer.array\[1\]\[7\],6.28µm
multiplier_instance.TT.genblk1\[5\].CSA1.C\[27\],6.28µm
multiplier_instance.TT.genblk1\[5\].CSA1.C\[36\],6.28µm
multiplier_instance.TT.genblk1\[7\].CSA1.C\[37\],6.28µm
_05157_,6.275µm
_01803_,6.26µm
_02943_,6.26µm
_03427_,6.26µm
_03500_,6.26µm
_03542_,6.26µm
_03608_,6.26µm
_04551_,6.26µm
_04878_,6.26µm
_05056_,6.26µm
_05068_,6.26µm
_05071_,6.26µm
_05081_,6.26µm
_05831_,6.26µm
_06202_,6.26µm
_06279_,6.26µm
_06362_,6.26µm
_06578_,6.26µm
_07414_,6.26µm
_07795_,6.26µm
_08379_,6.26µm
_10361_,6.26µm
_10689_,6.26µm
_10928_,6.26µm
_11024_,6.26µm
_11853_,6.26µm
_12491_,6.26µm
_13403_,6.26µm
_13983_,6.26µm
_16048_,6.26µm
_16117_,6.26µm
_16307_,6.26µm
_16775_,6.26µm
_16936_,6.26µm
_17253_,6.26µm
_17373_,6.26µm
_17390_,6.26µm
_17407_,6.26µm
_17415_,6.26µm
_17461_,6.26µm
_17477_,6.26µm
_17534_,6.26µm
_17537_,6.26µm
_17971_,6.26µm
_18279_,6.26µm
_18396_,6.26µm
_18426_,6.26µm
_18681_,6.26µm
_18870_,6.26µm
_18922_,6.26µm
_19331_,6.26µm
_19724_,6.26µm
_20890_,6.26µm
_20986_,6.26µm
_21062_,6.26µm
_21133_,6.26µm
_21550_,6.26µm
adder_instance.mantisaA0\[6\],6.26µm
divider_instance.mantisaB0\[8\],6.26µm
multiplier_instance.TT.genblk1\[1\].CSA1.A\[16\],6.26µm
multiplier_instance.TT.genblk1\[2\].CSA1.A\[20\],6.26µm
multiplier_instance.TT.genblk1\[3\].CSA1.A\[9\],6.26µm
multiplier_instance.TT.genblk1\[6\].CSA1.C\[22\],6.26µm
multiplier_instance.TT.genblk1\[6\].CSA1.C\[38\],6.26µm
net2132,6.26µm
net2287,6.26µm
net2384,6.26µm
net2394,6.26µm
net2482,6.26µm
net2658,6.26µm
net2709,6.26µm
net2935,6.26µm
net3071,6.26µm
_03491_,6.24µm
_05164_,6.24µm
_20042_,6.24µm
_01139_,6.225µm
_01559_,6.225µm
_01596_,6.225µm
_01635_,6.225µm
_01662_,6.225µm
_01689_,6.225µm
_02117_,6.225µm
_02200_,6.225µm
_02402_,6.225µm
_02415_,6.225µm
_02542_,6.225µm
final_out[26],6.21µm
_02269_,6.2µm
_02610_,6.2µm
_02648_,6.2µm
_03045_,6.2µm
_03486_,6.2µm
_04571_,6.2µm
_05667_,6.2µm
_06105_,6.2µm
_07155_,6.2µm
_07210_,6.2µm
_07442_,6.2µm
_08081_,6.2µm
_10931_,6.2µm
_11682_,6.2µm
_11932_,6.2µm
_13151_,6.2µm
_13198_,6.2µm
_13657_,6.2µm
_13890_,6.2µm
_16577_,6.2µm
_16652_,6.2µm
_16722_,6.2µm
_18897_,6.2µm
_19731_,6.2µm
_20645_,6.2µm
_20940_,6.2µm
_21066_,6.2µm
_21228_,6.2µm
multiplier_instance.TT.genblk1\[1\].CSA1.A\[14\],6.2µm
multiplier_instance.TT.genblk1\[5\].CSA1.C\[21\],6.2µm
reorder_buf_instance.array\[10\]\[19\],6.2µm
reorder_buf_instance.array\[14\]\[17\],6.2µm
reorder_buf_instance.array\[6\]\[27\],6.2µm
reorder_buf_instance.array\[6\]\[30\],6.2µm
reorder_buf_instance.array\[6\]\[31\],6.2µm
net2555,6.2µm
_01413_,6.185µm
_01627_,6.185µm
_01641_,6.185µm
_01784_,6.185µm
_01901_,6.185µm
_01977_,6.185µm
_02022_,6.185µm
_02361_,6.185µm
_02430_,6.185µm
_11754_,6.185µm
reorder_buf_instance.array\[13\]\[0\],6.185µm
_02885_,6.18µm
_02954_,6.18µm
_04044_,6.18µm
_04628_,6.18µm
_04667_,6.18µm
_04887_,6.18µm
_05022_,6.18µm
_05131_,6.18µm
_05267_,6.18µm
_05380_,6.18µm
_06406_,6.18µm
_06869_,6.18µm
_07039_,6.18µm
_07140_,6.18µm
_07315_,6.18µm
_07369_,6.18µm
_08314_,6.18µm
_09298_,6.18µm
_09325_,6.18µm
_09462_,6.18µm
_09595_,6.18µm
_10337_,6.18µm
_10648_,6.18µm
_10764_,6.18µm
_10976_,6.18µm
_11131_,6.18µm
_11551_,6.18µm
_11757_,6.18µm
_12058_,6.18µm
_12138_,6.18µm
_13488_,6.18µm
_13604_,6.18µm
_13682_,6.18µm
_13860_,6.18µm
_14011_,6.18µm
_14192_,6.18µm
_14922_,6.18µm
_15115_,6.18µm
_16302_,6.18µm
_16588_,6.18µm
_16620_,6.18µm
_17198_,6.18µm
_17327_,6.18µm
_17466_,6.18µm
_17519_,6.18µm
_17584_,6.18µm
_17693_,6.18µm
_18657_,6.18µm
_18684_,6.18µm
_18685_,6.18µm
_18984_,6.18µm
_19126_,6.18µm
_19257_,6.18µm
_19341_,6.18µm
_19642_,6.18µm
_19678_,6.18µm
_19789_,6.18µm
_20437_,6.18µm
_20483_,6.18µm
_20595_,6.18µm
_20646_,6.18µm
_20908_,6.18µm
_20966_,6.18µm
_21237_,6.18µm
_21609_,6.18µm
_21681_,6.18µm
multiplier_instance.PPG.genblk1\[11\].masked\[6\],6.18µm
multiplier_instance.PPG.genblk1\[22\].masked\[12\],6.18µm
multiplier_instance.PPG.genblk1\[9\].masked\[14\],6.18µm
multiplier_instance.TT.genblk1\[3\].CSA1.B\[11\],6.18µm
multiplier_instance.TT.genblk1\[4\].CSA1.A\[32\],6.18µm
multiplier_instance.TT.genblk1\[4\].CSA1.C\[26\],6.18µm
multiplier_instance.TT.genblk1\[6\].CSA1.C\[30\],6.18µm
multiplier_instance.TT.genblk1\[7\].CSA1.B\[44\],6.18µm
reorder_buf_instance.array\[15\]\[25\],6.18µm
reorder_buf_instance.array\[6\]\[25\],6.18µm
reorder_buf_instance.value1\[25\],6.18µm
reorder_buf_instance.write_location0\[0\],6.18µm
net2363,6.18µm
net2438,6.18µm
net2469,6.18µm
net2511,6.18µm
net2908,6.18µm
net3255,6.18µm
adder_buffer.array\[2\]\[35\],6.17µm
_02299_,6.165µm
_01188_,6.16µm
_01294_,6.16µm
_02367_,6.16µm
_03284_,6.16µm
_04148_,6.16µm
_06727_,6.16µm
_07134_,6.16µm
_10234_,6.16µm
_10706_,6.16µm
_13720_,6.16µm
_13834_,6.16µm
_14219_,6.16µm
_15530_,6.16µm
_16114_,6.16µm
_18045_,6.16µm
_19553_,6.16µm
_20070_,6.16µm
_21248_,6.16µm
_21739_,6.16µm
multiplier_instance.TT.genblk1\[0\].CSA1.C\[16\],6.16µm
multiplier_instance.TT.genblk1\[1\].CSA1.A\[6\],6.16µm
reorder_buf_instance.array\[5\]\[6\],6.155µm
reorder_buf_instance.array\[9\]\[3\],6.155µm
_18915_,6.145µm
_02650_,6.14µm
_03040_,6.14µm
_03085_,6.14µm
_03133_,6.14µm
_03457_,6.14µm
_03599_,6.14µm
_03625_,6.14µm
_03683_,6.14µm
_04179_,6.14µm
_04767_,6.14µm
_04953_,6.14µm
_05275_,6.14µm
_05512_,6.14µm
_06097_,6.14µm
_06465_,6.14µm
_07214_,6.14µm
_07603_,6.14µm
_07884_,6.14µm
_07918_,6.14µm
_08936_,6.14µm
_09405_,6.14µm
_09578_,6.14µm
_10626_,6.14µm
_11494_,6.14µm
_12852_,6.14µm
_12950_,6.14µm
_13565_,6.14µm
_13748_,6.14µm
_14053_,6.14µm
_14100_,6.14µm
_14796_,6.14µm
_15022_,6.14µm
_16164_,6.14µm
_16664_,6.14µm
_17325_,6.14µm
_17465_,6.14µm
_17526_,6.14µm
_17575_,6.14µm
_17607_,6.14µm
_17679_,6.14µm
_17715_,6.14µm
_17757_,6.14µm
_18451_,6.14µm
_18997_,6.14µm
_19612_,6.14µm
_19864_,6.14µm
_20018_,6.14µm
_20402_,6.14µm
_21621_,6.14µm
mult_mantisa\[21\],6.14µm
multiplier_instance.PPG.genblk1\[9\].masked\[18\],6.14µm
multiplier_instance.TT.genblk1\[1\].CSA1.B\[21\],6.14µm
multiplier_instance.TT.genblk1\[3\].CSA1.C\[34\],6.14µm
multiplier_instance.s1_nan,6.14µm
reorder_buf_instance.array\[11\]\[23\],6.14µm
reorder_buf_instance.array\[6\]\[14\],6.14µm
reorder_buf_instance.array\[6\]\[29\],6.14µm
net2299,6.14µm
net3272,6.14µm
net3376,6.14µm
_01771_,6.135µm
reorder_buf_instance.array\[1\]\[0\],6.135µm
_00123_,6.13µm
reorder_buf_instance.array\[5\]\[28\],6.12µm
_21151_,6.11µm
_08530_,6.1µm
_00791_,6.09µm
b[31],6.09µm
_01633_,6.085µm
_01798_,6.08µm
_02113_,6.08µm
_02281_,6.08µm
_02780_,6.08µm
_03293_,6.08µm
_05386_,6.08µm
_05553_,6.08µm
_06075_,6.08µm
_06627_,6.08µm
_06893_,6.08µm
_08166_,6.08µm
_09295_,6.08µm
_12528_,6.08µm
_13992_,6.08µm
_14802_,6.08µm
_17036_,6.08µm
_18881_,6.08µm
_21067_,6.08µm
_21264_,6.08µm
multiplier_instance.TT.genblk1\[0\].CSA1.A\[6\],6.08µm
multiplier_instance.TT.genblk1\[4\].CSA1.C\[35\],6.08µm
net2303,6.08µm
_01306_,6.065µm
_01696_,6.065µm
_07561_,6.065µm
reorder_buf_instance.array\[13\]\[24\],6.065µm
_03315_,6.06µm
_03619_,6.06µm
_05452_,6.06µm
_07116_,6.06µm
_07844_,6.06µm
_08376_,6.06µm
_08732_,6.06µm
_08912_,6.06µm
_09943_,6.06µm
_10571_,6.06µm
_10594_,6.06µm
_10615_,6.06µm
_11729_,6.06µm
_12105_,6.06µm
_12136_,6.06µm
_12140_,6.06µm
_12500_,6.06µm
_12517_,6.06µm
_13613_,6.06µm
_14239_,6.06µm
_14928_,6.06µm
_15009_,6.06µm
_15305_,6.06µm
_15811_,6.06µm
_16029_,6.06µm
_16097_,6.06µm
_16203_,6.06µm
_17868_,6.06µm
_18648_,6.06µm
_18656_,6.06µm
_18829_,6.06µm
_19092_,6.06µm
_19148_,6.06µm
_19189_,6.06µm
_19262_,6.06µm
_19504_,6.06µm
_19656_,6.06µm
_20023_,6.06µm
_20036_,6.06µm
_20809_,6.06µm
_20982_,6.06µm
_21082_,6.06µm
_21102_,6.06µm
_21201_,6.06µm
_21737_,6.06µm
adder_buffer.array\[0\]\[38\],6.06µm
multiplier_instance.TT.genblk1\[2\].CSA1.B\[29\],6.06µm
multiplier_instance.TT.genblk1\[4\].CSA1.C\[23\],6.06µm
multiplier_instance.TT.genblk1\[7\].CSA1.B\[38\],6.06µm
reorder_buf_instance.array\[12\]\[21\],6.06µm
reorder_buf_instance.array\[6\]\[2\],6.06µm
net109,6.06µm
net2501,6.06µm
_12327_,6.055µm
_02423_,6.04µm
_02466_,6.04µm
_05417_,6.04µm
_06043_,6.04µm
_06874_,6.04µm
_12801_,6.04µm
_13259_,6.04µm
_13628_,6.04µm
_13968_,6.04µm
_14366_,6.04µm
_15112_,6.04µm
_15346_,6.04µm
_16191_,6.04µm
_16277_,6.04µm
_17224_,6.04µm
_17288_,6.04µm
_17781_,6.04µm
_18747_,6.04µm
_20273_,6.04µm
multiplier_instance.TT.genblk1\[1\].CSA1.C\[6\],6.04µm
multiplier_instance.TT.genblk1\[6\].CSA1.C\[34\],6.04µm
_00911_,6.025µm
_01140_,6.025µm
_01162_,6.025µm
_01274_,6.025µm
_01528_,6.025µm
_01560_,6.025µm
_01576_,6.025µm
_01597_,6.025µm
_02243_,6.025µm
_02262_,6.025µm
_02268_,6.025µm
_02410_,6.025µm
_02453_,6.025µm
_02474_,6.025µm
_02480_,6.025µm
_02494_,6.025µm
_02497_,6.025µm
net2127,6.025µm
net3038,6.025µm
net3362,6.025µm
net3371,6.025µm
_00377_,6.02µm
_08056_,6.02µm
_10124_,6.02µm
_10705_,6.02µm
_13026_,6.02µm
_16278_,6.02µm
_19505_,6.02µm
_19574_,6.02µm
adder_buffer.array\[1\]\[0\],6.02µm
multiplier_instance.PPG.genblk1\[0\].masked\[17\],6.02µm
multiplier_instance.PPG.genblk1\[23\].masked\[17\],6.02µm
multiplier_instance.TT.genblk1\[4\].CSA1.A\[25\],6.02µm
reorder_buf_instance.array\[12\]\[30\],6.02µm
reorder_buf_instance.array\[4\]\[9\],6.02µm
_10343_,6µm
multiplier_instance.PPG.genblk1\[15\].masked\[5\],5.985µm
_03445_,5.98µm
_04700_,5.98µm
_08117_,5.98µm
_10053_,5.98µm
_11771_,5.98µm
_11826_,5.98µm
_13824_,5.98µm
_14777_,5.98µm
_18494_,5.98µm
_21644_,5.98µm
reorder_buf_instance.array\[13\]\[13\],5.98µm
_17252_,5.97µm
_01210_,5.965µm
_01527_,5.965µm
_01754_,5.965µm
_01846_,5.965µm
_01850_,5.965µm
_01892_,5.965µm
_02301_,5.965µm
_00680_,5.96µm
_04958_,5.96µm
_05589_,5.96µm
_05701_,5.96µm
_08817_,5.96µm
_09407_,5.96µm
_15813_,5.96µm
_16646_,5.96µm
_18856_,5.96µm
multiplier_instance.PPG.genblk1\[10\].masked\[7\],5.96µm
multiplier_instance.PPG.genblk1\[4\].masked\[20\],5.96µm
multiplier_instance.TT.CPA.sum\[37\],5.96µm
multiplier_instance.TT.genblk1\[4\].CSA1.B\[35\],5.96µm
multiplier_instance.TT.genblk1\[4\].CSA1.C\[14\],5.96µm
net3174,5.96µm
_18149_,5.955µm
_00101_,5.95µm
_20048_,5.945µm
reorder_buf_instance.array\[5\]\[26\],5.945µm
_00014_,5.94µm
_02183_,5.94µm
_03014_,5.94µm
_04276_,5.94µm
_04406_,5.94µm
_06073_,5.94µm
_06199_,5.94µm
_07329_,5.94µm
_07341_,5.94µm
_07528_,5.94µm
_08104_,5.94µm
_08159_,5.94µm
_08883_,5.94µm
_08997_,5.94µm
_09667_,5.94µm
_10301_,5.94µm
_10895_,5.94µm
_10975_,5.94µm
_11271_,5.94µm
_11485_,5.94µm
_11699_,5.94µm
_11985_,5.94µm
_12880_,5.94µm
_13582_,5.94µm
_13899_,5.94µm
_14646_,5.94µm
_16368_,5.94µm
_17652_,5.94µm
_17929_,5.94µm
_18200_,5.94µm
_18414_,5.94µm
_18547_,5.94µm
_18845_,5.94µm
_19475_,5.94µm
_20090_,5.94µm
_20603_,5.94µm
_20616_,5.94µm
_20702_,5.94µm
_21047_,5.94µm
_21246_,5.94µm
_21306_,5.94µm
mult_mantisaA\[19\],5.94µm
multiplier_instance.TT.genblk1\[1\].CSA1.C\[15\],5.94µm
multiplier_instance.TT.genblk1\[2\].CSA1.B\[22\],5.94µm
multiplier_instance.TT.genblk1\[2\].CSA1.C\[20\],5.94µm
multiplier_instance.TT.genblk1\[3\].CSA1.C\[11\],5.94µm
multiplier_instance.TT.genblk1\[3\].CSA1.C\[23\],5.94µm
multiplier_instance.TT.genblk1\[5\].CSA1.A\[38\],5.94µm
reorder_buf_instance.array\[14\]\[26\],5.94µm
reorder_buf_instance.array\[3\]\[0\],5.94µm
reorder_buf_instance.array\[3\]\[13\],5.94µm
reorder_buf_instance.array\[6\]\[16\],5.94µm
reorder_buf_instance.array\[6\]\[19\],5.94µm
reorder_buf_instance.array\[6\]\[8\],5.94µm
reorder_buf_instance.array\[7\]\[29\],5.94µm
reorder_buf_instance.array\[8\]\[0\],5.94µm
_04640_,5.935µm
_07712_,5.93µm
_02569_,5.92µm
_07970_,5.92µm
_07998_,5.92µm
_09924_,5.92µm
_09952_,5.92µm
_10018_,5.92µm
_14778_,5.92µm
_14924_,5.92µm
_16332_,5.92µm
_16679_,5.92µm
_16701_,5.92µm
_17656_,5.92µm
_18343_,5.92µm
_18764_,5.92µm
_19104_,5.92µm
_19474_,5.92µm
_21554_,5.92µm
_21610_,5.92µm
adder_buffer.head\[1\],5.92µm
multiplier_instance.PPG.genblk1\[7\].masked\[14\],5.92µm
reorder_buf_instance.array\[14\]\[18\],5.92µm
net3151,5.92µm
_00701_,5.91µm
_00766_,5.91µm
_00771_,5.91µm
_02237_,5.905µm
_00734_,5.9µm
_02801_,5.9µm
_03730_,5.9µm
_04572_,5.9µm
_05124_,5.9µm
_14322_,5.9µm
_14370_,5.9µm
_15522_,5.9µm
_19739_,5.9µm
_21453_,5.9µm
reorder_buf_instance.array\[11\]\[11\],5.9µm
reorder_buf_instance.array\[14\]\[22\],5.9µm
reorder_buf_instance.array\[3\]\[2\],5.9µm
_01085_,5.895µm
_01358_,5.895µm
_02179_,5.895µm
_00806_,5.89µm
_01732_,5.885µm
_06541_,5.88µm
_21435_,5.88µm
_00702_,5.87µm
_00837_,5.865µm
_01220_,5.865µm
_04274_,5.86µm
_04984_,5.86µm
_05350_,5.86µm
_05439_,5.86µm
_06227_,5.86µm
_07797_,5.86µm
_09045_,5.86µm
_10087_,5.86µm
_10732_,5.86µm
_12035_,5.86µm
_13228_,5.86µm
_14811_,5.86µm
_15166_,5.86µm
_15851_,5.86µm
_16326_,5.86µm
_17263_,5.86µm
_18821_,5.86µm
_19638_,5.86µm
_20516_,5.86µm
_20995_,5.86µm
_21542_,5.86µm
_21726_,5.86µm
adder_instance.expadd\[7\],5.86µm
divider_instance.mantisaA0\[19\],5.86µm
net2822,5.86µm
net2866,5.86µm
net3019,5.86µm
_12216_,5.85µm
_00833_,5.845µm
_00520_,5.84µm
_01936_,5.84µm
_02609_,5.84µm
_02629_,5.84µm
_02870_,5.84µm
_03100_,5.84µm
_03194_,5.84µm
_03509_,5.84µm
_03535_,5.84µm
_04241_,5.84µm
_04294_,5.84µm
_04512_,5.84µm
_05084_,5.84µm
_05240_,5.84µm
_05478_,5.84µm
_05535_,5.84µm
_05761_,5.84µm
_06003_,5.84µm
_07096_,5.84µm
_07182_,5.84µm
_07234_,5.84µm
_07435_,5.84µm
_07687_,5.84µm
_08767_,5.84µm
_09349_,5.84µm
_09587_,5.84µm
_10182_,5.84µm
_10194_,5.84µm
_10207_,5.84µm
_10288_,5.84µm
_11446_,5.84µm
_12240_,5.84µm
_12376_,5.84µm
_12893_,5.84µm
_13297_,5.84µm
_13493_,5.84µm
_14752_,5.84µm
_15066_,5.84µm
_15401_,5.84µm
_16392_,5.84µm
_16551_,5.84µm
_17148_,5.84µm
_17232_,5.84µm
_17579_,5.84µm
_18183_,5.84µm
_18337_,5.84µm
_18370_,5.84µm
_18645_,5.84µm
_18849_,5.84µm
_19144_,5.84µm
_19167_,5.84µm
_19502_,5.84µm
_19597_,5.84µm
_19605_,5.84µm
_19621_,5.84µm
_19791_,5.84µm
_19899_,5.84µm
_19948_,5.84µm
_20084_,5.84µm
_20153_,5.84µm
_20344_,5.84µm
_20358_,5.84µm
_20575_,5.84µm
_20582_,5.84µm
_20746_,5.84µm
_21115_,5.84µm
adder_buffer.array\[1\]\[15\],5.84µm
adder_instance.signA2,5.84µm
divider_instance.mantisaBshift\[18\],5.84µm
multiplier_instance.PPG.genblk1\[14\].masked\[3\],5.84µm
multiplier_instance.TT.CPA.sum\[46\],5.84µm
multiplier_instance.TT.genblk1\[0\].CSA1.C\[9\],5.84µm
multiplier_instance.TT.genblk1\[1\].CSA1.A\[22\],5.84µm
multiplier_instance.TT.genblk1\[2\].CSA1.B\[23\],5.84µm
multiplier_instance.TT.genblk1\[4\].CSA1.A\[27\],5.84µm
multiplier_instance.TT.genblk1\[5\].CSA1.B\[27\],5.84µm
multiplier_instance.TT.genblk1\[5\].CSA1.B\[35\],5.84µm
multiplier_instance.TT.genblk1\[7\].CSA1.A\[26\],5.84µm
multiplier_instance.TT.genblk1\[7\].CSA1.B\[37\],5.84µm
multiplier_instance.s3_sign,5.84µm
net2245,5.84µm
net2382,5.84µm
net2485,5.84µm
net2730,5.84µm
net2971,5.84µm
_08008_,5.825µm
_03793_,5.82µm
_03956_,5.82µm
_04259_,5.82µm
_04365_,5.82µm
_04531_,5.82µm
_04762_,5.82µm
_05168_,5.82µm
_05842_,5.82µm
_05845_,5.82µm
_06366_,5.82µm
_06607_,5.82µm
_07588_,5.82µm
_07843_,5.82µm
_08920_,5.82µm
_09320_,5.82µm
_10136_,5.82µm
_11457_,5.82µm
_11554_,5.82µm
_11576_,5.82µm
_11812_,5.82µm
_12862_,5.82µm
_13021_,5.82µm
_13460_,5.82µm
_13466_,5.82µm
_14431_,5.82µm
_15713_,5.82µm
_16404_,5.82µm
_18363_,5.82µm
_18927_,5.82µm
_18995_,5.82µm
_19162_,5.82µm
_19237_,5.82µm
_19536_,5.82µm
_20136_,5.82µm
_20327_,5.82µm
_20427_,5.82µm
_21278_,5.82µm
_21346_,5.82µm
_21508_,5.82µm
_21657_,5.82µm
multiplier_instance.TT.genblk1\[1\].CSA1.B\[15\],5.82µm
multiplier_instance.TT.genblk1\[3\].CSA1.C\[22\],5.82µm
multiplier_instance.TT.genblk1\[4\].CSA1.B\[34\],5.82µm
multiplier_instance.TT.genblk1\[4\].CSA1.C\[29\],5.82µm
multiplier_instance.TT.genblk1\[5\].CSA1.A\[17\],5.82µm
multiplier_instance.TT.genblk1\[5\].CSA1.C\[19\],5.82µm
reorder_buf_instance.array\[4\]\[8\],5.82µm
net162,5.82µm
net2333,5.82µm
_01144_,5.815µm
_05312_,5.815µm
_18967_,5.81µm
_01024_,5.805µm
_01190_,5.805µm
_01420_,5.805µm
_02166_,5.805µm
_02152_,5.8µm
_02225_,5.8µm
_02636_,5.8µm
_02909_,5.8µm
_03044_,5.8µm
_03466_,5.8µm
_03773_,5.8µm
_03944_,5.8µm
_04225_,5.8µm
_04492_,5.8µm
_04609_,5.8µm
_05027_,5.8µm
_05445_,5.8µm
_05711_,5.8µm
_05929_,5.8µm
_05952_,5.8µm
_06170_,5.8µm
_06185_,5.8µm
_06390_,5.8µm
_06449_,5.8µm
_06626_,5.8µm
_07117_,5.8µm
_07656_,5.8µm
_08717_,5.8µm
_09472_,5.8µm
_09583_,5.8µm
_09759_,5.8µm
_09946_,5.8µm
_10044_,5.8µm
_10225_,5.8µm
_10418_,5.8µm
_10875_,5.8µm
_11095_,5.8µm
_11190_,5.8µm
_11575_,5.8µm
_11765_,5.8µm
_12222_,5.8µm
_13204_,5.8µm
_13852_,5.8µm
_14492_,5.8µm
_14726_,5.8µm
_15274_,5.8µm
_15911_,5.8µm
_16466_,5.8µm
_16534_,5.8µm
_17238_,5.8µm
_17334_,5.8µm
_17337_,5.8µm
_17601_,5.8µm
_17613_,5.8µm
_17654_,5.8µm
_17710_,5.8µm
_17765_,5.8µm
_18233_,5.8µm
_18264_,5.8µm
_19113_,5.8µm
_19238_,5.8µm
_19676_,5.8µm
_20057_,5.8µm
_20251_,5.8µm
_20363_,5.8µm
_20530_,5.8µm
_20545_,5.8µm
_20643_,5.8µm
_20668_,5.8µm
_20686_,5.8µm
_21672_,5.8µm
div_buffer.value\[39\],5.8µm
div_exp\[5\],5.8µm
multiplier_instance.PPG.genblk1\[16\].masked\[3\],5.8µm
multiplier_instance.TT.genblk1\[0\].CSA1.C\[22\],5.8µm
multiplier_instance.TT.genblk1\[3\].CSA1.C\[21\],5.8µm
multiplier_instance.TT.genblk1\[5\].CSA1.A\[32\],5.8µm
reorder_buf_instance.array\[11\]\[19\],5.8µm
reorder_buf_instance.array\[11\]\[21\],5.8µm
reorder_buf_instance.array\[4\]\[17\],5.8µm
net127,5.8µm
net2152,5.8µm
net2262,5.8µm
net2301,5.8µm
net2310,5.8µm
net2369,5.8µm
net2404,5.8µm
net2411,5.8µm
net2434,5.8µm
net2468,5.8µm
net2639,5.8µm
net2647,5.8µm
net2860,5.8µm
net2951,5.8µm
net2981,5.8µm
net3053,5.8µm
net3395,5.8µm
_19105_,5.795µm
_02019_,5.785µm
_19294_,5.78µm
_20997_,5.78µm
_21694_,5.78µm
_00858_,5.765µm
_01227_,5.765µm
_01715_,5.765µm
_01867_,5.765µm
_02049_,5.765µm
net2553,5.765µm
_03877_,5.75µm
_21260_,5.745µm
_02823_,5.74µm
_02927_,5.74µm
_03157_,5.74µm
_03185_,5.74µm
_04046_,5.74µm
_05356_,5.74µm
_05627_,5.74µm
_05856_,5.74µm
_06329_,5.74µm
_06636_,5.74µm
_08299_,5.74µm
_09780_,5.74µm
_11829_,5.74µm
_12137_,5.74µm
_12973_,5.74µm
_13080_,5.74µm
_13350_,5.74µm
_14168_,5.74µm
_14513_,5.74µm
_14860_,5.74µm
_15091_,5.74µm
_16502_,5.74µm
_16546_,5.74µm
_16562_,5.74µm
_18103_,5.74µm
_18595_,5.74µm
_19013_,5.74µm
_19414_,5.74µm
_19430_,5.74µm
_19581_,5.74µm
_20817_,5.74µm
reorder_buf_instance.array\[4\]\[25\],5.74µm
reorder_buf_instance.value1\[24\],5.74µm
_17501_,5.735µm
_21181_,5.73µm
_01117_,5.725µm
_01221_,5.725µm
_01544_,5.725µm
_02413_,5.725µm
reorder_buf_instance.array\[13\]\[21\],5.725µm
_00634_,5.72µm
_02021_,5.72µm
_02585_,5.72µm
_03160_,5.72µm
_03546_,5.72µm
_03602_,5.72µm
_03992_,5.72µm
_04923_,5.72µm
_05044_,5.72µm
_05231_,5.72µm
_05403_,5.72µm
_05486_,5.72µm
_06478_,5.72µm
_06547_,5.72µm
_06746_,5.72µm
_07882_,5.72µm
_08093_,5.72µm
_08130_,5.72µm
_08236_,5.72µm
_08253_,5.72µm
_08533_,5.72µm
_08685_,5.72µm
_09446_,5.72µm
_09611_,5.72µm
_09800_,5.72µm
_10989_,5.72µm
_11356_,5.72µm
_12018_,5.72µm
_12082_,5.72µm
_12312_,5.72µm
_13340_,5.72µm
_14333_,5.72µm
_14429_,5.72µm
_15650_,5.72µm
_16606_,5.72µm
_16768_,5.72µm
_17065_,5.72µm
_17165_,5.72µm
_17332_,5.72µm
_17742_,5.72µm
_17911_,5.72µm
_18557_,5.72µm
_18600_,5.72µm
_18682_,5.72µm
_19230_,5.72µm
_19290_,5.72µm
_19782_,5.72µm
_19806_,5.72µm
_19814_,5.72µm
_19940_,5.72µm
_20147_,5.72µm
_20329_,5.72µm
_20381_,5.72µm
_20739_,5.72µm
_20837_,5.72µm
_20951_,5.72µm
_21000_,5.72µm
_21175_,5.72µm
_21218_,5.72µm
_21414_,5.72µm
_21547_,5.72µm
_21607_,5.72µm
div_buffer.value\[36\],5.72µm
multiplier_instance.TT.genblk1\[1\].CSA1.C\[28\],5.72µm
multiplier_instance.TT.genblk1\[3\].CSA1.A\[14\],5.72µm
multiplier_instance.TT.genblk1\[7\].CSA1.A\[28\],5.72µm
reorder_buf_instance.array\[15\]\[22\],5.72µm
reorder_buf_instance.array\[3\]\[29\],5.72µm
reorder_buf_instance.array\[8\]\[26\],5.72µm
net105,5.72µm
net129,5.72µm
net2344,5.72µm
net2481,5.72µm
net2649,5.72µm
net2964,5.72µm
net2988,5.72µm
net3025,5.72µm
net3209,5.72µm
net3264,5.72µm
_01129_,5.715µm
_01610_,5.705µm
_11872_,5.705µm
_04007_,5.7µm
_04034_,5.7µm
_04293_,5.7µm
_05302_,5.7µm
_05488_,5.7µm
_05676_,5.7µm
_06643_,5.7µm
_07175_,5.7µm
_08537_,5.7µm
_10581_,5.7µm
_11235_,5.7µm
_13583_,5.7µm
_14271_,5.7µm
_15311_,5.7µm
_15467_,5.7µm
_19470_,5.7µm
_19716_,5.7µm
_20731_,5.7µm
adder_instance.four_man\[59\],5.7µm
multiplier_instance.TT.genblk1\[1\].CSA1.B\[6\],5.7µm
multiplier_instance.TT.genblk1\[3\].CSA1.A\[26\],5.7µm
multiplier_instance.TT.genblk1\[3\].CSA1.C\[14\],5.7µm
_02624_,5.68µm
_02645_,5.68µm
_02656_,5.68µm
_02759_,5.68µm
_02892_,5.68µm
_02962_,5.68µm
_03018_,5.68µm
_03151_,5.68µm
_03896_,5.68µm
_03916_,5.68µm
_04075_,5.68µm
_04721_,5.68µm
_04853_,5.68µm
_05313_,5.68µm
_05434_,5.68µm
_05556_,5.68µm
_05793_,5.68µm
_05999_,5.68µm
_06099_,5.68µm
_06659_,5.68µm
_07048_,5.68µm
_07380_,5.68µm
_07924_,5.68µm
_08035_,5.68µm
_08806_,5.68µm
_09117_,5.68µm
_10090_,5.68µm
_10320_,5.68µm
_10407_,5.68µm
_10796_,5.68µm
_10849_,5.68µm
_11201_,5.68µm
_12570_,5.68µm
_13127_,5.68µm
_14346_,5.68µm
_14550_,5.68µm
_14662_,5.68µm
_14853_,5.68µm
_15170_,5.68µm
_15282_,5.68µm
_15343_,5.68µm
_15727_,5.68µm
_15892_,5.68µm
_15952_,5.68µm
_16625_,5.68µm
_16886_,5.68µm
_17185_,5.68µm
_17331_,5.68µm
_17381_,5.68µm
_17538_,5.68µm
_17553_,5.68µm
_17634_,5.68µm
_17662_,5.68µm
_18903_,5.68µm
_19193_,5.68µm
_19813_,5.68µm
_20246_,5.68µm
_20252_,5.68µm
_20426_,5.68µm
_20428_,5.68µm
_20752_,5.68µm
_20840_,5.68µm
_20875_,5.68µm
_20910_,5.68µm
_21001_,5.68µm
_21242_,5.68µm
_21282_,5.68µm
_21366_,5.68µm
_21661_,5.68µm
_21790_,5.68µm
divider_instance.mantisaBshift\[22\],5.68µm
multiplier_instance.TT.genblk1\[1\].CSA1.C\[5\],5.68µm
reorder_buf_instance.array\[2\]\[31\],5.68µm
net2228,5.68µm
net2370,5.68µm
net2371,5.68µm
net2533,5.68µm
net2788,5.68µm
net2815,5.68µm
net3398,5.68µm
_02025_,5.675µm
_02437_,5.675µm
_02470_,5.675µm
_02483_,5.675µm
_12330_,5.655µm
_00217_,5.65µm
_00600_,5.65µm
_01503_,5.645µm
_01709_,5.645µm
_01743_,5.645µm
_02398_,5.645µm
_02401_,5.645µm
_11115_,5.64µm
_16178_,5.635µm
_14258_,5.63µm
a[31],5.63µm
reorder_buf_instance.array\[13\]\[4\],5.625µm
_00937_,5.62µm
_01411_,5.62µm
_01436_,5.62µm
_01443_,5.62µm
_01762_,5.62µm
_01812_,5.62µm
_02523_,5.62µm
_04297_,5.62µm
_05500_,5.62µm
_08460_,5.62µm
_09661_,5.62µm
_10223_,5.62µm
_12328_,5.62µm
_15161_,5.62µm
_15546_,5.62µm
_15793_,5.62µm
_15958_,5.62µm
_16260_,5.62µm
_21030_,5.62µm
multiplier_instance.s3_sum\[23\],5.62µm
net3163,5.62µm
net3359,5.62µm
_14154_,5.605µm
reorder_buf_instance.array\[13\]\[3\],5.605µm
reorder_buf_instance.array\[13\]\[7\],5.605µm
reorder_buf_instance.array\[5\]\[12\],5.605µm
reorder_buf_instance.array\[5\]\[30\],5.605µm
net2229,5.605µm
_00209_,5.6µm
_00677_,5.6µm
_03152_,5.6µm
_03332_,5.6µm
_03411_,5.6µm
_03452_,5.6µm
_03920_,5.6µm
_03960_,5.6µm
_03965_,5.6µm
_04104_,5.6µm
_04232_,5.6µm
_05614_,5.6µm
_05890_,5.6µm
_06387_,5.6µm
_06515_,5.6µm
_07209_,5.6µm
_07308_,5.6µm
_07552_,5.6µm
_08501_,5.6µm
_09324_,5.6µm
_10657_,5.6µm
_11159_,5.6µm
_11263_,5.6µm
_11676_,5.6µm
_11999_,5.6µm
_12113_,5.6µm
_12251_,5.6µm
_12326_,5.6µm
_13945_,5.6µm
_14750_,5.6µm
_14959_,5.6µm
_15926_,5.6µm
_16219_,5.6µm
_17349_,5.6µm
_17927_,5.6µm
_18473_,5.6µm
_18622_,5.6µm
_18795_,5.6µm
_18889_,5.6µm
_18918_,5.6µm
_19032_,5.6µm
_19062_,5.6µm
_19500_,5.6µm
_20334_,5.6µm
_21073_,5.6µm
adder_buffer.array\[3\]\[0\],5.6µm
div_buffer.array\[1\]\[36\],5.6µm
multiplier_instance.TT.genblk1\[1\].CSA1.B\[16\],5.6µm
multiplier_instance.TT.genblk1\[2\].CSA1.C\[9\],5.6µm
multiplier_instance.TT.genblk1\[6\].CSA1.A\[32\],5.6µm
reorder_buf_instance.array\[2\]\[12\],5.6µm
net2343,5.6µm
net2405,5.6µm
net2433,5.6µm
net2769,5.6µm
_02107_,5.58µm
_02786_,5.58µm
_05144_,5.58µm
_09016_,5.58µm
_09112_,5.58µm
_10518_,5.58µm
_13537_,5.58µm
_15500_,5.58µm
_16230_,5.58µm
_17845_,5.58µm
_18495_,5.58µm
_19264_,5.58µm
_20236_,5.58µm
_21678_,5.58µm
_03975_,5.57µm
_18534_,5.57µm
_00082_,5.56µm
_00097_,5.56µm
_00192_,5.56µm
_00280_,5.56µm
_00626_,5.56µm
_06009_,5.56µm
_06297_,5.56µm
_06841_,5.56µm
_09260_,5.56µm
_12474_,5.56µm
_15951_,5.56µm
_21065_,5.56µm
_21784_,5.56µm
multiplier_instance.PPG.genblk1\[8\].masked\[2\],5.56µm
_01845_,5.555µm
_02192_,5.555µm
_01890_,5.545µm
_01944_,5.545µm
_02406_,5.545µm
net2425,5.545µm
_00241_,5.53µm
_00453_,5.53µm
_00665_,5.53µm
_00715_,5.53µm
_01277_,5.525µm
_03572_,5.52µm
_03758_,5.52µm
_04344_,5.52µm
_04491_,5.52µm
_05003_,5.52µm
_05670_,5.52µm
_11526_,5.52µm
_14125_,5.52µm
_14710_,5.52µm
_14951_,5.52µm
_15579_,5.52µm
_15719_,5.52µm
_21684_,5.52µm
net2398,5.52µm
net2549,5.52µm
net3085,5.52µm
net3110,5.52µm
net3213,5.52µm
_01239_,5.505µm
_01485_,5.505µm
_01677_,5.505µm
_01737_,5.505µm
_01793_,5.505µm
_02172_,5.505µm
_02229_,5.505µm
_02278_,5.505µm
_02321_,5.505µm
_00321_,5.5µm
_00387_,5.5µm
_00537_,5.5µm
_00644_,5.5µm
_02621_,5.5µm
_05158_,5.5µm
_07800_,5.5µm
_09994_,5.5µm
_12121_,5.5µm
_16758_,5.5µm
_19056_,5.5µm
_20950_,5.5µm
_21517_,5.5µm
multiplier_instance.PPG.genblk1\[0\].masked\[23\],5.5µm
multiplier_instance.PPG.genblk1\[11\].masked\[1\],5.5µm
multiplier_instance.PPG.genblk1\[14\].masked\[16\],5.5µm
multiplier_instance.PPG.genblk1\[2\].masked\[0\],5.5µm
_00476_,5.49µm
_16769_,5.49µm
_19201_,5.485µm
reorder_buf_instance.array\[13\]\[19\],5.485µm
_01937_,5.48µm
_03431_,5.48µm
_04066_,5.48µm
_05123_,5.48µm
_05800_,5.48µm
_05997_,5.48µm
_06703_,5.48µm
_06939_,5.48µm
_07917_,5.48µm
_08158_,5.48µm
_09839_,5.48µm
_10552_,5.48µm
_11301_,5.48µm
_11782_,5.48µm
_13677_,5.48µm
_15204_,5.48µm
_16910_,5.48µm
_17096_,5.48µm
_17470_,5.48µm
_18314_,5.48µm
_18996_,5.48µm
_19974_,5.48µm
_20304_,5.48µm
_20333_,5.48µm
_20349_,5.48µm
_20682_,5.48µm
_20938_,5.48µm
_21023_,5.48µm
_21053_,5.48µm
adder_buffer.array\[0\]\[27\],5.48µm
multiplier_instance.TT.genblk1\[0\].CSA1.B\[20\],5.48µm
multiplier_instance.TT.genblk1\[0\].CSA1.C\[17\],5.48µm
multiplier_instance.TT.genblk1\[3\].CSA1.B\[30\],5.48µm
multiplier_instance.TT.genblk1\[3\].CSA1.C\[12\],5.48µm
multiplier_instance.TT.genblk1\[6\].CSA1.B\[37\],5.48µm
reorder_buf_instance.array\[14\]\[0\],5.48µm
reorder_buf_instance.array\[6\]\[1\],5.48µm
net365,5.48µm
net2138,5.48µm
net2918,5.48µm
_02529_,5.475µm
_00753_,5.46µm
_04137_,5.46µm
_04750_,5.46µm
_05899_,5.46µm
_07198_,5.46µm
_11132_,5.46µm
_12833_,5.46µm
_14315_,5.46µm
_16704_,5.46µm
_16715_,5.46µm
_18786_,5.46µm
multiplier_instance.PPG.genblk1\[7\].masked\[11\],5.46µm
multiplier_instance.TT.genblk1\[4\].CSA1.B\[28\],5.46µm
_00232_,5.45µm
_01289_,5.445µm
_07684_,5.445µm
_04814_,5.44µm
_08245_,5.44µm
_12682_,5.44µm
_15050_,5.44µm
_19357_,5.44µm
_01110_,5.435µm
_01255_,5.435µm
_02001_,5.435µm
_16105_,5.43µm
_00860_,5.425µm
_06153_,5.41µm
c[5],5.41µm
_03031_,5.4µm
_03511_,5.4µm
_03552_,5.4µm
_03860_,5.4µm
_04159_,5.4µm
_04505_,5.4µm
_04593_,5.4µm
_04682_,5.4µm
_04969_,5.4µm
_06134_,5.4µm
_06483_,5.4µm
_06927_,5.4µm
_08491_,5.4µm
_11868_,5.4µm
_12012_,5.4µm
_13113_,5.4µm
_13419_,5.4µm
_13482_,5.4µm
_13635_,5.4µm
_14286_,5.4µm
_14825_,5.4µm
_15841_,5.4µm
_17085_,5.4µm
_17836_,5.4µm
_19174_,5.4µm
_20928_,5.4µm
_21043_,5.4µm
_21708_,5.4µm
divider_instance.mantisaB0\[11\],5.4µm
multiplier_instance.PPG.genblk1\[10\].masked\[0\],5.4µm
multiplier_instance.TT.genblk1\[6\].CSA1.C\[43\],5.4µm
net2373,5.4µm
net3372,5.4µm
_10667_,5.385µm
_01827_,5.38µm
_02098_,5.38µm
_02644_,5.38µm
_02824_,5.38µm
_02893_,5.38µm
_03162_,5.38µm
_03528_,5.38µm
_04037_,5.38µm
_04465_,5.38µm
_04719_,5.38µm
_04846_,5.38µm
_04995_,5.38µm
_05239_,5.38µm
_05290_,5.38µm
_05311_,5.38µm
_05343_,5.38µm
_06028_,5.38µm
_06361_,5.38µm
_06440_,5.38µm
_06491_,5.38µm
_07335_,5.38µm
_07592_,5.38µm
_07822_,5.38µm
_08041_,5.38µm
_08113_,5.38µm
_08234_,5.38µm
_08237_,5.38µm
_09242_,5.38µm
_09345_,5.38µm
_09566_,5.38µm
_09817_,5.38µm
_10577_,5.38µm
_11312_,5.38µm
_11388_,5.38µm
_12390_,5.38µm
_12512_,5.38µm
_12806_,5.38µm
_13448_,5.38µm
_13468_,5.38µm
_13931_,5.38µm
_14152_,5.38µm
_14215_,5.38µm
_14261_,5.38µm
_14680_,5.38µm
_14835_,5.38µm
_15202_,5.38µm
_15214_,5.38µm
_15217_,5.38µm
_15279_,5.38µm
_15564_,5.38µm
_15691_,5.38µm
_15778_,5.38µm
_15903_,5.38µm
_15944_,5.38µm
_15957_,5.38µm
_15999_,5.38µm
_16120_,5.38µm
_16145_,5.38µm
_16318_,5.38µm
_16678_,5.38µm
_16946_,5.38µm
_17104_,5.38µm
_17347_,5.38µm
_17378_,5.38µm
_17467_,5.38µm
_17802_,5.38µm
_17964_,5.38µm
_17991_,5.38µm
_18593_,5.38µm
_18641_,5.38µm
_19248_,5.38µm
_19251_,5.38µm
_19265_,5.38µm
_19934_,5.38µm
_20013_,5.38µm
_20027_,5.38µm
_20141_,5.38µm
_20245_,5.38µm
_20274_,5.38µm
_21370_,5.38µm
_21428_,5.38µm
_21478_,5.38µm
_21518_,5.38µm
_21706_,5.38µm
adder_buffer.array\[1\]\[6\],5.38µm
adder_instance.four_man\[61\],5.38µm
div_signA,5.38µm
divider_instance.four_man\[38\],5.38µm
mult_mantisa\[11\],5.38µm
multiplier_instance.PPG.genblk1\[0\].masked\[3\],5.38µm
multiplier_instance.PPG.genblk1\[22\].masked\[17\],5.38µm
multiplier_instance.TT.genblk1\[1\].CSA1.C\[8\],5.38µm
multiplier_instance.TT.genblk1\[2\].CSA1.C\[8\],5.38µm
multiplier_instance.s1_exp_b\[6\],5.38µm
net118,5.38µm
net2198,5.38µm
net2399,5.38µm
net2514,5.38µm
net2585,5.38µm
net2662,5.38µm
net2756,5.38µm
net2899,5.38µm
net2984,5.38µm
net3076,5.38µm
net3095,5.38µm
net3126,5.38µm
net3382,5.38µm
_07801_,5.375µm
adder_buffer.array\[2\]\[1\],5.37µm
_01197_,5.365µm
_01290_,5.365µm
_02464_,5.365µm
_04378_,5.365µm
_02756_,5.36µm
_03063_,5.36µm
_03363_,5.36µm
_03503_,5.36µm
_03747_,5.36µm
_03870_,5.36µm
_04579_,5.36µm
_05052_,5.36µm
_07569_,5.36µm
_07616_,5.36µm
_07732_,5.36µm
_08368_,5.36µm
_08406_,5.36µm
_08525_,5.36µm
_08689_,5.36µm
_10727_,5.36µm
_10866_,5.36µm
_11185_,5.36µm
_12052_,5.36µm
_12416_,5.36µm
_12720_,5.36µm
_12818_,5.36µm
_13329_,5.36µm
_13699_,5.36µm
_14221_,5.36µm
_14262_,5.36µm
_14347_,5.36µm
_14385_,5.36µm
_14390_,5.36µm
_14534_,5.36µm
_14692_,5.36µm
_14838_,5.36µm
_15312_,5.36µm
_15823_,5.36µm
_16028_,5.36µm
_16261_,5.36µm
_18351_,5.36µm
_18807_,5.36µm
_18835_,5.36µm
_18906_,5.36µm
_19058_,5.36µm
_19066_,5.36µm
_19874_,5.36µm
_20471_,5.36µm
_20579_,5.36µm
_21188_,5.36µm
_21348_,5.36µm
_21362_,5.36µm
multiplier_instance.TT.genblk1\[0\].CSA1.B\[12\],5.36µm
multiplier_instance.TT.genblk1\[1\].CSA1.C\[11\],5.36µm
multiplier_instance.TT.genblk1\[2\].CSA1.C\[26\],5.36µm
multiplier_instance.TT.genblk1\[5\].CSA1.C\[20\],5.36µm
multiplier_instance.TT.genblk1\[5\].CSA1.C\[35\],5.36µm
multiplier_instance.TT.genblk1\[7\].CSA1.C\[33\],5.36µm
net2360,5.36µm
_20101_,5.355µm
_11704_,5.35µm
_01776_,5.345µm
_16279_,5.345µm
_02593_,5.34µm
_02637_,5.34µm
_02791_,5.34µm
_02947_,5.34µm
_03042_,5.34µm
_03081_,5.34µm
_03166_,5.34µm
_03177_,5.34µm
_03460_,5.34µm
_03537_,5.34µm
_03737_,5.34µm
_04328_,5.34µm
_04422_,5.34µm
_04801_,5.34µm
_06401_,5.34µm
_06415_,5.34µm
_07053_,5.34µm
_07088_,5.34µm
_07628_,5.34µm
_07707_,5.34µm
_07762_,5.34µm
_07898_,5.34µm
_08976_,5.34µm
_09273_,5.34µm
_09360_,5.34µm
_09492_,5.34µm
_09698_,5.34µm
_09980_,5.34µm
_10270_,5.34µm
_10307_,5.34µm
_10468_,5.34µm
_10538_,5.34µm
_11020_,5.34µm
_11051_,5.34µm
_11142_,5.34µm
_11195_,5.34µm
_11221_,5.34µm
_11653_,5.34µm
_11945_,5.34µm
_12343_,5.34µm
_12600_,5.34µm
_12781_,5.34µm
_13116_,5.34µm
_13231_,5.34µm
_13503_,5.34µm
_13935_,5.34µm
_14141_,5.34µm
_14272_,5.34µm
_14452_,5.34µm
_14555_,5.34µm
_14953_,5.34µm
_15471_,5.34µm
_15499_,5.34µm
_15532_,5.34µm
_15645_,5.34µm
_15731_,5.34µm
_15750_,5.34µm
_15916_,5.34µm
_15919_,5.34µm
_16100_,5.34µm
_16240_,5.34µm
_16362_,5.34µm
_16513_,5.34µm
_17223_,5.34µm
_17350_,5.34µm
_17355_,5.34µm
_17361_,5.34µm
_17394_,5.34µm
_17397_,5.34µm
_17456_,5.34µm
_17619_,5.34µm
_17703_,5.34µm
_17759_,5.34µm
_18054_,5.34µm
_18281_,5.34µm
_18727_,5.34µm
_18757_,5.34µm
_18978_,5.34µm
_19159_,5.34µm
_19758_,5.34µm
_20127_,5.34µm
_20943_,5.34µm
_21301_,5.34µm
_21364_,5.34µm
_21734_,5.34µm
_21778_,5.34µm
adder_instance.mantisaA0\[14\],5.34µm
div_mantisaA\[22\],5.34µm
multiplier_instance.PPG.genblk1\[14\].masked\[5\],5.34µm
multiplier_instance.PPG.genblk1\[19\].masked\[12\],5.34µm
multiplier_instance.PPG.genblk1\[1\].masked\[18\],5.34µm
multiplier_instance.PPG.genblk1\[21\].masked\[5\],5.34µm
multiplier_instance.PPG.genblk1\[23\].masked\[4\],5.34µm
multiplier_instance.TT.genblk1\[6\].CSA1.C\[40\],5.34µm
multiplier_instance.s1_exp_b\[3\],5.34µm
multiplier_instance.s2_exp_b\[3\],5.34µm
reorder_buf_instance.value2\[24\],5.34µm
net169,5.34µm
net2232,5.34µm
net2791,5.34µm
net3338,5.34µm
net3358,5.34µm
net3361,5.34µm
_00118_,5.33µm
_00374_,5.33µm
_00681_,5.33µm
_00727_,5.33µm
_01523_,5.315µm
_19951_,5.31µm
_20681_,5.31µm
final_out[1],5.31µm
_00852_,5.305µm
_01098_,5.305µm
_01311_,5.305µm
_01346_,5.305µm
_01499_,5.305µm
_01876_,5.305µm
_02303_,5.305µm
_02472_,5.305µm
_02504_,5.305µm
_02506_,5.305µm
_00867_,5.3µm
_01268_,5.3µm
_12495_,5.3µm
_00725_,5.29µm
reorder_buf_instance.array\[1\]\[6\],5.285µm
_02515_,5.28µm
_02617_,5.28µm
_02872_,5.28µm
_04999_,5.28µm
_05469_,5.28µm
_05762_,5.28µm
_06553_,5.28µm
_06896_,5.28µm
_07436_,5.28µm
_07744_,5.28µm
_07790_,5.28µm
_08255_,5.28µm
_08528_,5.28µm
_08555_,5.28µm
_09925_,5.28µm
_10059_,5.28µm
_10222_,5.28µm
_10985_,5.28µm
_11100_,5.28µm
_13858_,5.28µm
_15460_,5.28µm
_15989_,5.28µm
_16467_,5.28µm
_16526_,5.28µm
_16548_,5.28µm
_16614_,5.28µm
_17391_,5.28µm
_17395_,5.28µm
_17966_,5.28µm
_18278_,5.28µm
_18675_,5.28µm
_19232_,5.28µm
_19369_,5.28µm
_19701_,5.28µm
_20017_,5.28µm
_20411_,5.28µm
_20499_,5.28µm
_21193_,5.28µm
adder_buffer.value\[10\],5.28µm
adder_buffer.value\[35\],5.28µm
multiplier_instance.TT.genblk1\[0\].CSA1.A\[19\],5.28µm
multiplier_instance.TT.genblk1\[2\].CSA1.A\[13\],5.28µm
multiplier_instance.TT.genblk1\[2\].CSA1.B\[18\],5.28µm
multiplier_instance.TT.genblk1\[2\].CSA1.B\[26\],5.28µm
multiplier_instance.TT.genblk1\[2\].CSA1.C\[27\],5.28µm
multiplier_instance.TT.genblk1\[6\].CSA1.B\[28\],5.28µm
_00877_,5.265µm
_00986_,5.265µm
_01039_,5.265µm
_01127_,5.265µm
_01300_,5.265µm
_01303_,5.265µm
_01549_,5.265µm
_01567_,5.265µm
_01718_,5.265µm
_01795_,5.265µm
_02242_,5.265µm
_02339_,5.265µm
_02487_,5.265µm
_02543_,5.265µm
reorder_buf_instance.array\[5\]\[3\],5.265µm
_03097_,5.26µm
_03364_,5.26µm
_03557_,5.26µm
_03720_,5.26µm
_03882_,5.26µm
_03904_,5.26µm
_04583_,5.26µm
_04836_,5.26µm
_05245_,5.26µm
_05338_,5.26µm
_05425_,5.26µm
_05495_,5.26µm
_05528_,5.26µm
_05568_,5.26µm
_05587_,5.26µm
_05608_,5.26µm
_05913_,5.26µm
_05978_,5.26µm
_06542_,5.26µm
_06696_,5.26µm
_06946_,5.26µm
_07169_,5.26µm
_07290_,5.26µm
_07697_,5.26µm
_07751_,5.26µm
_07873_,5.26µm
_07995_,5.26µm
_08074_,5.26µm
_08498_,5.26µm
_08676_,5.26µm
_09071_,5.26µm
_10213_,5.26µm
_10545_,5.26µm
_11240_,5.26µm
_11306_,5.26µm
_11501_,5.26µm
_11860_,5.26µm
_11986_,5.26µm
_12243_,5.26µm
_12443_,5.26µm
_12560_,5.26µm
_13148_,5.26µm
_13244_,5.26µm
_13341_,5.26µm
_13352_,5.26µm
_13552_,5.26µm
_14126_,5.26µm
_14179_,5.26µm
_14425_,5.26µm
_15849_,5.26µm
_15852_,5.26µm
_16324_,5.26µm
_16559_,5.26µm
_16718_,5.26µm
_17123_,5.26µm
_17338_,5.26µm
_17421_,5.26µm
_17541_,5.26µm
_17649_,5.26µm
_17665_,5.26µm
_17776_,5.26µm
_17849_,5.26µm
_18097_,5.26µm
_18429_,5.26µm
_18966_,5.26µm
_19428_,5.26µm
_19492_,5.26µm
_19552_,5.26µm
_19604_,5.26µm
_19757_,5.26µm
_19855_,5.26µm
_20007_,5.26µm
_20098_,5.26µm
_20139_,5.26µm
_20429_,5.26µm
_20542_,5.26µm
_20648_,5.26µm
_20787_,5.26µm
_21085_,5.26µm
_21109_,5.26µm
_21204_,5.26µm
_21392_,5.26µm
_21411_,5.26µm
_21415_,5.26µm
_21507_,5.26µm
_21563_,5.26µm
adder_buffer.array\[0\]\[39\],5.26µm
adder_buffer.value\[9\],5.26µm
multiplier_instance.PPG.genblk1\[23\].masked\[22\],5.26µm
multiplier_instance.TT.genblk1\[4\].CSA1.A\[17\],5.26µm
multiplier_instance.TT.genblk1\[4\].CSA1.C\[36\],5.26µm
multiplier_instance.TT.genblk1\[6\].CSA1.A\[24\],5.26µm
multiplier_instance.TT.genblk1\[6\].CSA1.C\[32\],5.26µm
reorder_buf_instance.array\[10\]\[10\],5.26µm
reorder_buf_instance.array\[10\]\[25\],5.26µm
reorder_buf_instance.array\[10\]\[7\],5.26µm
reorder_buf_instance.array\[14\]\[28\],5.26µm
reorder_buf_instance.array\[2\]\[27\],5.26µm
reorder_buf_instance.value0\[28\],5.26µm
net2377,5.26µm
net2488,5.26µm
net2540,5.26µm
net2665,5.26µm
net2677,5.26µm
net2726,5.26µm
net2826,5.26µm
net3092,5.26µm
net3103,5.26µm
_09194_,5.245µm
_00822_,5.24µm
_03149_,5.24µm
_05330_,5.24µm
_05641_,5.24µm
_06894_,5.24µm
_08184_,5.24µm
_08283_,5.24µm
_08333_,5.24µm
_08409_,5.24µm
_09181_,5.24µm
_09257_,5.24µm
_13385_,5.24µm
_15207_,5.24µm
_17909_,5.24µm
_19064_,5.24µm
_20656_,5.24µm
_21125_,5.24µm
_21298_,5.24µm
_21614_,5.24µm
multiplier_instance.TT.genblk1\[6\].CSA1.A\[29\],5.24µm
reorder_buf_instance.array\[6\]\[24\],5.24µm
_01091_,5.235µm
_00491_,5.22µm
_02804_,5.22µm
_02821_,5.22µm
_02972_,5.22µm
_02988_,5.22µm
_03024_,5.22µm
_03052_,5.22µm
_03066_,5.22µm
_03121_,5.22µm
_04332_,5.22µm
_04788_,5.22µm
_05042_,5.22µm
_05054_,5.22µm
_05329_,5.22µm
_05940_,5.22µm
_05984_,5.22µm
_06093_,5.22µm
_06154_,5.22µm
_06658_,5.22µm
_07135_,5.22µm
_07383_,5.22µm
_07549_,5.22µm
_07658_,5.22µm
_08347_,5.22µm
_08740_,5.22µm
_08964_,5.22µm
_08983_,5.22µm
_09001_,5.22µm
_09768_,5.22µm
_09795_,5.22µm
_09998_,5.22µm
_10720_,5.22µm
_10880_,5.22µm
_11087_,5.22µm
_11146_,5.22µm
_12016_,5.22µm
_12270_,5.22µm
_13176_,5.22µm
_13345_,5.22µm
_13544_,5.22µm
_13712_,5.22µm
_13848_,5.22µm
_14008_,5.22µm
_14205_,5.22µm
_14454_,5.22µm
_14623_,5.22µm
_14904_,5.22µm
_15225_,5.22µm
_15369_,5.22µm
_15524_,5.22µm
_15860_,5.22µm
_15924_,5.22µm
_15943_,5.22µm
_15956_,5.22µm
_16095_,5.22µm
_16102_,5.22µm
_16175_,5.22µm
_16636_,5.22µm
_16696_,5.22µm
_17241_,5.22µm
_17330_,5.22µm
_17473_,5.22µm
_17509_,5.22µm
_17545_,5.22µm
_17594_,5.22µm
_17778_,5.22µm
_18885_,5.22µm
_19009_,5.22µm
_19155_,5.22µm
_19753_,5.22µm
_19851_,5.22µm
_20356_,5.22µm
_20671_,5.22µm
_21037_,5.22µm
_21295_,5.22µm
_21389_,5.22µm
_21797_,5.22µm
_21798_,5.22µm
multiplier_instance.PPG.genblk1\[11\].masked\[4\],5.22µm
net2309,5.22µm
net2497,5.22µm
_01561_,5.215µm
_08877_,5.21µm
_11655_,5.2µm
_19682_,5.2µm
_21117_,5.19µm
_01652_,5.185µm
_01708_,5.185µm
_01978_,5.185µm
_01992_,5.185µm
_02060_,5.185µm
net2579,5.185µm
_00981_,5.18µm
_01019_,5.18µm
_01023_,5.18µm
_02544_,5.18µm
_08968_,5.18µm
_00351_,5.17µm
_01199_,5.165µm
_01725_,5.165µm
_01734_,5.165µm
_02057_,5.165µm
_00916_,5.16µm
_02283_,5.16µm
_02397_,5.16µm
_04097_,5.16µm
_04102_,5.16µm
_04354_,5.16µm
_06720_,5.16µm
_06815_,5.16µm
_06940_,5.16µm
_07400_,5.16µm
_07681_,5.16µm
_09073_,5.16µm
_09984_,5.16µm
_11459_,5.16µm
_11691_,5.16µm
_13273_,5.16µm
_13831_,5.16µm
_14068_,5.16µm
_17691_,5.16µm
_17838_,5.16µm
_17847_,5.16µm
_19478_,5.16µm
_19530_,5.16µm
multiplier_instance.TT.genblk1\[5\].CSA1.A\[21\],5.16µm
net2336,5.16µm
net2418,5.16µm
net2419,5.16µm
net3360,5.16µm
_02536_,5.155µm
_04775_,5.14µm
_05246_,5.14µm
_05259_,5.14µm
_05547_,5.14µm
_05777_,5.14µm
_06606_,5.14µm
_06674_,5.14µm
_07619_,5.14µm
_07624_,5.14µm
_07787_,5.14µm
_07931_,5.14µm
_08030_,5.14µm
_08358_,5.14µm
_08513_,5.14µm
_08665_,5.14µm
_08956_,5.14µm
_09263_,5.14µm
_09307_,5.14µm
_10117_,5.14µm
_10446_,5.14µm
_11615_,5.14µm
_11902_,5.14µm
_12066_,5.14µm
_13407_,5.14µm
_14613_,5.14µm
_14947_,5.14µm
_15423_,5.14µm
_16093_,5.14µm
_16796_,5.14µm
_17569_,5.14µm
_17717_,5.14µm
_18745_,5.14µm
_19055_,5.14µm
_19216_,5.14µm
_19335_,5.14µm
_19347_,5.14µm
_19573_,5.14µm
_19719_,5.14µm
_19907_,5.14µm
_19915_,5.14µm
_19949_,5.14µm
_19979_,5.14µm
_20359_,5.14µm
_20497_,5.14µm
_20790_,5.14µm
_21169_,5.14µm
_21297_,5.14µm
_21356_,5.14µm
_21450_,5.14µm
adder_buffer.array\[0\]\[5\],5.14µm
div_buffer.array\[1\]\[38\],5.14µm
mult_signA,5.14µm
multiplier_instance.TT.genblk1\[1\].CSA1.B\[17\],5.14µm
multiplier_instance.TT.genblk1\[2\].CSA1.A\[12\],5.14µm
multiplier_instance.TT.genblk1\[2\].CSA1.A\[27\],5.14µm
multiplier_instance.TT.genblk1\[3\].CSA1.C\[15\],5.14µm
multiplier_instance.TT.genblk1\[6\].CSA1.B\[36\],5.14µm
reorder_buf_instance.array\[7\]\[9\],5.14µm
net2157,5.14µm
net2327,5.14µm
net2556,5.14µm
net2624,5.14µm
net2785,5.14µm
_01405_,5.135µm
_01504_,5.135µm
_09385_,5.135µm
_02248_,5.125µm
_05404_,5.12µm
_06844_,5.12µm
_08874_,5.12µm
_08927_,5.12µm
_09169_,5.12µm
_11769_,5.12µm
_12128_,5.12µm
_14935_,5.12µm
_17210_,5.12µm
_19633_,5.12µm
net2206,5.12µm
net3217,5.12µm
net3368,5.12µm
_05616_,5.105µm
_00783_,5.1µm
_20984_,5.1µm
net121,5.1µm
_00958_,5.095µm
_01111_,5.095µm
_01765_,5.095µm
_02382_,5.095µm
_05808_,5.095µm
_07967_,5.095µm
_00946_,5.085µm
_01101_,5.085µm
_01316_,5.085µm
_01488_,5.085µm
_01643_,5.085µm
_01667_,5.085µm
_01672_,5.085µm
_01703_,5.085µm
_01951_,5.085µm
_02199_,5.085µm
net3120,5.085µm
_00148_,5.07µm
_01329_,5.065µm
_01965_,5.065µm
_00023_,5.06µm
_04092_,5.06µm
_04338_,5.06µm
_04979_,5.06µm
_05974_,5.06µm
_06253_,5.06µm
_06860_,5.06µm
_06911_,5.06µm
_12114_,5.06µm
_14502_,5.06µm
_14588_,5.06µm
_16252_,5.06µm
_18617_,5.06µm
_20621_,5.06µm
_21670_,5.06µm
net2926,5.06µm
_01179_,5.045µm
_01407_,5.045µm
_01418_,5.045µm
_02002_,5.045µm
_02126_,5.045µm
_02191_,5.045µm
_02451_,5.045µm
_00499_,5.04µm
_04837_,5.04µm
_07410_,5.04µm
_07463_,5.04µm
_09832_,5.04µm
_10966_,5.04µm
_11044_,5.04µm
_12981_,5.04µm
_18156_,5.04µm
_21215_,5.04µm
_21651_,5.04µm
_21701_,5.04µm
multiplier_instance.PPG.genblk1\[10\].masked\[9\],5.04µm
multiplier_instance.PPG.genblk1\[7\].masked\[15\],5.04µm
net177,5.04µm
net2329,5.04µm
net2635,5.04µm
net2962,5.04µm
_13248_,5.03µm
_00382_,5.02µm
_00613_,5.02µm
_03496_,5.02µm
_04756_,5.02µm
_06282_,5.02µm
_06592_,5.02µm
_06987_,5.02µm
_07394_,5.02µm
_08057_,5.02µm
_08763_,5.02µm
_09019_,5.02µm
_09387_,5.02µm
_09882_,5.02µm
_10411_,5.02µm
_11165_,5.02µm
_11472_,5.02µm
_11505_,5.02µm
_12795_,5.02µm
_13020_,5.02µm
_13525_,5.02µm
_14863_,5.02µm
_16330_,5.02µm
_16372_,5.02µm
_16517_,5.02µm
_18316_,5.02µm
_18777_,5.02µm
_18819_,5.02µm
_20047_,5.02µm
_20074_,5.02µm
_21314_,5.02µm
_21770_,5.02µm
divider_instance.mantisaBshift\[2\],5.02µm
multiplier_instance.TT.genblk1\[3\].CSA1.C\[18\],5.02µm
multiplier_instance.TT.genblk1\[4\].CSA1.C\[19\],5.02µm
multiplier_instance.TT.genblk1\[4\].CSA1.C\[31\],5.02µm
multiplier_instance.TT.genblk1\[5\].CSA1.C\[31\],5.02µm
multiplier_instance.TT.genblk1\[6\].CSA1.B\[40\],5.02µm
multiplier_instance.TT.genblk1\[7\].CSA1.A\[38\],5.02µm
multiplier_instance.TT.genblk1\[7\].CSA1.B\[43\],5.02µm
multiplier_instance.TT.genblk1\[7\].CSA1.C\[23\],5.02µm
multiplier_instance.TT.genblk1\[7\].CSA1.C\[25\],5.02µm
multiplier_instance.TT.genblk1\[7\].CSA1.C\[32\],5.02µm
reorder_buf_instance.array\[0\]\[21\],5.02µm
_01579_,5.015µm
_20618_,5.015µm
_13091_,5.005µm
_02551_,5µm
_07533_,5µm
_10952_,5µm
_13167_,5µm
_14384_,5µm
_16898_,5µm
_18263_,5µm
_18875_,5µm
_19681_,5µm
multiplier_instance.PPG.genblk1\[14\].masked\[1\],5µm
multiplier_instance.PPG.genblk1\[4\].masked\[11\],5µm
multiplier_instance.TT.genblk1\[0\].CSA1.A\[7\],5µm
reorder_buf_instance.array\[5\]\[2\],5µm
net2161,5µm
net2180,5µm
_00084_,4.99µm
_20921_,4.99µm
_01536_,4.985µm
_12747_,4.98µm
multiplier_instance.TT.genblk1\[7\].CSA1.A\[41\],4.98µm
_01764_,4.975µm
_02095_,4.975µm
_20240_,4.97µm
net2798,4.965µm
_07422_,4.95µm
operand[3],4.95µm
_07256_,4.945µm
_01075_,4.94µm
_01822_,4.94µm
_01832_,4.94µm
_04054_,4.94µm
_04248_,4.94µm
_05112_,4.94µm
_05252_,4.94µm
_05424_,4.94µm
_05447_,4.94µm
_06117_,4.94µm
_06165_,4.94µm
_06302_,4.94µm
_06356_,4.94µm
_06490_,4.94µm
_06719_,4.94µm
_06921_,4.94µm
_07026_,4.94µm
_07054_,4.94µm
_07238_,4.94µm
_07444_,4.94µm
_08053_,4.94µm
_09468_,4.94µm
_09502_,4.94µm
_09782_,4.94µm
_11229_,4.94µm
_12420_,4.94µm
_12524_,4.94µm
_12823_,4.94µm
_13233_,4.94µm
_13530_,4.94µm
_13839_,4.94µm
_13902_,4.94µm
_13962_,4.94µm
_15269_,4.94µm
_15353_,4.94µm
_15664_,4.94µm
_16339_,4.94µm
_17101_,4.94µm
_17280_,4.94µm
_17883_,4.94µm
_18100_,4.94µm
_18334_,4.94µm
_18462_,4.94µm
_19306_,4.94µm
_19639_,4.94µm
_19837_,4.94µm
_19966_,4.94µm
_20125_,4.94µm
_20131_,4.94µm
_20341_,4.94µm
_20650_,4.94µm
_21205_,4.94µm
adder_instance.four_man\[58\],4.94µm
multiplier_instance.PPG.genblk1\[18\].masked\[21\],4.94µm
multiplier_instance.TT.genblk1\[1\].CSA1.A\[3\],4.94µm
net2779,4.94µm
net3047,4.94µm
_00244_,4.93µm
_00642_,4.93µm
_13101_,4.93µm
_00126_,4.92µm
_01679_,4.92µm
_02614_,4.92µm
_02754_,4.92µm
_03267_,4.92µm
_03268_,4.92µm
_03545_,4.92µm
_03813_,4.92µm
_03980_,4.92µm
_04216_,4.92µm
_04343_,4.92µm
_04838_,4.92µm
_04966_,4.92µm
_05236_,4.92µm
_05297_,4.92µm
_05459_,4.92µm
_05832_,4.92µm
_06014_,4.92µm
_06081_,4.92µm
_06444_,4.92µm
_06460_,4.92µm
_06690_,4.92µm
_06726_,4.92µm
_06731_,4.92µm
_06797_,4.92µm
_06980_,4.92µm
_07020_,4.92µm
_07900_,4.92µm
_08502_,4.92µm
_08766_,4.92µm
_09040_,4.92µm
_09296_,4.92µm
_09541_,4.92µm
_09908_,4.92µm
_10007_,4.92µm
_10239_,4.92µm
_10621_,4.92µm
_10636_,4.92µm
_10718_,4.92µm
_10737_,4.92µm
_11557_,4.92µm
_11833_,4.92µm
_11942_,4.92µm
_11972_,4.92µm
_12100_,4.92µm
_12149_,4.92µm
_12754_,4.92µm
_12788_,4.92µm
_13668_,4.92µm
_14148_,4.92µm
_14537_,4.92µm
_14688_,4.92µm
_15121_,4.92µm
_15735_,4.92µm
_16054_,4.92µm
_16151_,4.92µm
_16167_,4.92µm
_16476_,4.92µm
_17071_,4.92µm
_17110_,4.92µm
_17173_,4.92µm
_17411_,4.92µm
_17506_,4.92µm
_18290_,4.92µm
_18315_,4.92µm
_18327_,4.92µm
_18346_,4.92µm
_18537_,4.92µm
_18584_,4.92µm
_18591_,4.92µm
_19471_,4.92µm
_19628_,4.92µm
_20151_,4.92µm
_20748_,4.92µm
_20770_,4.92µm
_21126_,4.92µm
_21347_,4.92µm
_21378_,4.92µm
_21446_,4.92µm
adder_buffer.array\[1\]\[9\],4.92µm
adder_buffer.value\[16\],4.92µm
div_mantisaB\[3\],4.92µm
div_sign,4.92µm
divider_instance.four_man\[24\],4.92µm
multiplier_instance.PPG.genblk1\[15\].masked\[23\],4.92µm
multiplier_instance.PPG.genblk1\[2\].masked\[5\],4.92µm
multiplier_instance.PPG.genblk1\[7\].masked\[17\],4.92µm
multiplier_instance.PPG.genblk1\[8\].masked\[1\],4.92µm
multiplier_instance.PPG.genblk1\[8\].masked\[20\],4.92µm
multiplier_instance.s1_exp_b\[4\],4.92µm
multiplier_instance.s2_exp_b\[2\],4.92µm
reorder_buf_instance.array\[12\]\[7\],4.92µm
reorder_buf_instance.array\[8\]\[29\],4.92µm
net2158,4.92µm
net2162,4.92µm
net2496,4.92µm
net2886,4.92µm
net2919,4.92µm
net3064,4.92µm
net3078,4.92µm
_09936_,4.91µm
_00856_,4.905µm
_02244_,4.905µm
_02554_,4.9µm
_05270_,4.9µm
_06599_,4.9µm
_07745_,4.9µm
_08420_,4.9µm
_09028_,4.9µm
_09031_,4.9µm
_09136_,4.9µm
_09500_,4.9µm
_09641_,4.9µm
_10822_,4.9µm
_11026_,4.9µm
_13115_,4.9µm
_13886_,4.9µm
_14055_,4.9µm
_14499_,4.9µm
_15278_,4.9µm
_15825_,4.9µm
_16377_,4.9µm
_18423_,4.9µm
_18982_,4.9µm
_19665_,4.9µm
_20272_,4.9µm
_20316_,4.9µm
_21190_,4.9µm
_21232_,4.9µm
multiplier_instance.TT.genblk1\[0\].CSA1.C\[18\],4.9µm
multiplier_instance.TT.genblk1\[2\].CSA1.C\[28\],4.9µm
multiplier_instance.TT.genblk1\[3\].CSA1.B\[26\],4.9µm
multiplier_instance.TT.genblk1\[3\].CSA1.C\[32\],4.9µm
multiplier_instance.TT.genblk1\[6\].CSA1.B\[29\],4.9µm
reorder_buf_instance.array\[0\]\[6\],4.9µm
reorder_buf_instance.array\[14\]\[25\],4.9µm
reorder_buf_instance.array\[14\]\[8\],4.9µm
reorder_buf_instance.array\[2\]\[28\],4.9µm
reorder_buf_instance.array\[8\]\[6\],4.9µm
net3226,4.895µm
_17197_,4.89µm
_00901_,4.885µm
_00994_,4.885µm
_01318_,4.885µm
_02533_,4.885µm
_14326_,4.885µm
_01658_,4.88µm
_02592_,4.88µm
_02605_,4.88µm
_02620_,4.88µm
_02802_,4.88µm
_02811_,4.88µm
_02880_,4.88µm
_02995_,4.88µm
_03020_,4.88µm
_03022_,4.88µm
_03076_,4.88µm
_03099_,4.88µm
_03135_,4.88µm
_03195_,4.88µm
_03210_,4.88µm
_03623_,4.88µm
_03626_,4.88µm
_04051_,4.88µm
_04705_,4.88µm
_05643_,4.88µm
_05794_,4.88µm
_06011_,4.88µm
_06359_,4.88µm
_06383_,4.88µm
_06468_,4.88µm
_06836_,4.88µm
_07142_,4.88µm
_07590_,4.88µm
_07805_,4.88µm
_08034_,4.88µm
_08197_,4.88µm
_08261_,4.88µm
_08728_,4.88µm
_09118_,4.88µm
_10238_,4.88µm
_11244_,4.88µm
_11262_,4.88µm
_11484_,4.88µm
_11558_,4.88µm
_11716_,4.88µm
_12413_,4.88µm
_12565_,4.88µm
_13121_,4.88µm
_13251_,4.88µm
_13393_,4.88µm
_13995_,4.88µm
_14443_,4.88µm
_14794_,4.88µm
_15780_,4.88µm
_15788_,4.88µm
_15950_,4.88µm
_16248_,4.88µm
_16432_,4.88µm
_16518_,4.88µm
_16608_,4.88µm
_17555_,4.88µm
_17571_,4.88µm
_17624_,4.88µm
_17635_,4.88µm
_17721_,4.88µm
_17888_,4.88µm
_18130_,4.88µm
_18155_,4.88µm
_18187_,4.88µm
_18302_,4.88µm
_18603_,4.88µm
_18736_,4.88µm
_19295_,4.88µm
_19497_,4.88µm
_20184_,4.88µm
_20361_,4.88µm
_20781_,4.88µm
_20785_,4.88µm
_20823_,4.88µm
_21321_,4.88µm
_21375_,4.88µm
div_buffer.array\[3\]\[39\],4.88µm
multiplier_instance.PPG.genblk1\[14\].masked\[2\],4.88µm
multiplier_instance.PPG.genblk1\[23\].masked\[3\],4.88µm
multiplier_instance.PPG.genblk1\[3\].masked\[11\],4.88µm
net2283,4.88µm
net2288,4.88µm
net2325,4.88µm
net2429,4.88µm
net2475,4.88µm
net2524,4.88µm
net2543,4.88µm
net2750,4.88µm
net2876,4.88µm
net3000,4.88µm
net3006,4.88µm
net3055,4.88µm
net3306,4.88µm
net3320,4.88µm
_00237_,4.87µm
_00631_,4.87µm
_00789_,4.87µm
_00881_,4.865µm
_00310_,4.85µm
_00528_,4.85µm
_00838_,4.845µm
_00853_,4.845µm
_01040_,4.845µm
_01042_,4.845µm
_01138_,4.845µm
_01159_,4.845µm
_01205_,4.845µm
_01317_,4.845µm
_01368_,4.845µm
_01374_,4.845µm
_01446_,4.845µm
_01484_,4.845µm
_01557_,4.845µm
_01619_,4.845µm
_01644_,4.845µm
_01770_,4.845µm
_01842_,4.845µm
_01938_,4.845µm
_01939_,4.845µm
_01994_,4.845µm
_02105_,4.845µm
_02171_,4.845µm
_02247_,4.845µm
_02274_,4.845µm
_02277_,4.845µm
_02411_,4.845µm
_02425_,4.845µm
net2167,4.845µm
_16917_,4.835µm
_00724_,4.83µm
_19236_,4.83µm
_02509_,4.825µm
_02606_,4.82µm
_02634_,4.82µm
_02665_,4.82µm
_04116_,4.82µm
_05064_,4.82µm
_05300_,4.82µm
_05483_,4.82µm
_05632_,4.82µm
_06625_,4.82µm
_06715_,4.82µm
_08207_,4.82µm
_08462_,4.82µm
_08497_,4.82µm
_08836_,4.82µm
_09018_,4.82µm
_09322_,4.82µm
_10864_,4.82µm
_10901_,4.82µm
_11420_,4.82µm
_11807_,4.82µm
_12642_,4.82µm
_12845_,4.82µm
_13061_,4.82µm
_14183_,4.82µm
_14731_,4.82µm
_14885_,4.82µm
_14957_,4.82µm
_15504_,4.82µm
_15513_,4.82µm
_16733_,4.82µm
_16751_,4.82µm
_16844_,4.82µm
_17653_,4.82µm
_18408_,4.82µm
_18442_,4.82µm
_18474_,4.82µm
_18721_,4.82µm
_21494_,4.82µm
multiplier_instance.TT.genblk1\[2\].CSA1.C\[11\],4.82µm
multiplier_instance.TT.genblk1\[2\].CSA1.C\[14\],4.82µm
multiplier_instance.TT.genblk1\[3\].CSA1.A\[20\],4.82µm
multiplier_instance.TT.genblk1\[6\].CSA1.A\[31\],4.82µm
multiplier_instance.TT.genblk1\[6\].CSA1.C\[42\],4.82µm
multiplier_instance.TT.genblk1\[7\].CSA1.B\[29\],4.82µm
reorder_buf_instance.array\[0\]\[25\],4.82µm
reorder_buf_instance.array\[0\]\[4\],4.82µm
_15028_,4.815µm
_13470_,4.81µm
_00066_,4.805µm
_00976_,4.805µm
_02291_,4.805µm
_02496_,4.805µm
reorder_buf_instance.array\[5\]\[11\],4.805µm
reorder_buf_instance.array\[9\]\[2\],4.805µm
_01808_,4.8µm
_02612_,4.8µm
_02874_,4.8µm
_03053_,4.8µm
_03357_,4.8µm
_03565_,4.8µm
_03765_,4.8µm
_04215_,4.8µm
_04309_,4.8µm
_04336_,4.8µm
_04881_,4.8µm
_05082_,4.8µm
_05234_,4.8µm
_05450_,4.8µm
_05710_,4.8µm
_05889_,4.8µm
_06288_,4.8µm
_06313_,4.8µm
_06572_,4.8µm
_06692_,4.8µm
_07005_,4.8µm
_07366_,4.8µm
_07607_,4.8µm
_07723_,4.8µm
_07748_,4.8µm
_08011_,4.8µm
_08121_,4.8µm
_08144_,4.8µm
_08150_,4.8µm
_08520_,4.8µm
_08745_,4.8µm
_08882_,4.8µm
_09037_,4.8µm
_09219_,4.8µm
_09301_,4.8µm
_09302_,4.8µm
_10722_,4.8µm
_10779_,4.8µm
_10921_,4.8µm
_11137_,4.8µm
_11175_,4.8µm
_11294_,4.8µm
_11348_,4.8µm
_11689_,4.8µm
_11861_,4.8µm
_12257_,4.8µm
_12446_,4.8µm
_12761_,4.8µm
_12776_,4.8µm
_12938_,4.8µm
_13791_,4.8µm
_14216_,4.8µm
_14325_,4.8µm
_14524_,4.8µm
_14564_,4.8µm
_14968_,4.8µm
_15327_,4.8µm
_15340_,4.8µm
_15354_,4.8µm
_15976_,4.8µm
_16066_,4.8µm
_16456_,4.8µm
_17371_,4.8µm
_17446_,4.8µm
_17533_,4.8µm
_17564_,4.8µm
_17611_,4.8µm
_17626_,4.8µm
_17714_,4.8µm
_17720_,4.8µm
_18202_,4.8µm
_18336_,4.8µm
_18487_,4.8µm
_18552_,4.8µm
_18618_,4.8µm
_18776_,4.8µm
_18861_,4.8µm
_18883_,4.8µm
_18886_,4.8µm
_18920_,4.8µm
_19089_,4.8µm
_19095_,4.8µm
_19860_,4.8µm
_20089_,4.8µm
_20170_,4.8µm
_20179_,4.8µm
_20255_,4.8µm
_20326_,4.8µm
_20460_,4.8µm
_20569_,4.8µm
_20786_,4.8µm
_20791_,4.8µm
_20810_,4.8µm
_20824_,4.8µm
_20859_,4.8µm
_20973_,4.8µm
_21077_,4.8µm
_21325_,4.8µm
_21505_,4.8µm
_21573_,4.8µm
_21699_,4.8µm
multiplier_instance.PPG.genblk1\[2\].masked\[10\],4.8µm
multiplier_instance.TT.genblk1\[5\].CSA1.B\[33\],4.8µm
multiplier_instance.TT.genblk1\[5\].CSA1.C\[25\],4.8µm
multiplier_instance.TT.genblk1\[6\].CSA1.A\[21\],4.8µm
multiplier_instance.TT.genblk1\[7\].CSA1.A\[32\],4.8µm
reorder_buf_instance.array\[10\]\[30\],4.8µm
reorder_buf_instance.array\[11\]\[10\],4.8µm
reorder_buf_instance.array\[14\]\[4\],4.8µm
reorder_buf_instance.array\[6\]\[9\],4.8µm
net2351,4.8µm
net2387,4.8µm
net2659,4.8µm
net2688,4.8µm
net2809,4.8µm
net2885,4.8µm
_17167_,4.79µm
_01014_,4.785µm
_03451_,4.78µm
_04843_,4.78µm
_05145_,4.78µm
_07298_,4.78µm
_08385_,4.78µm
_09710_,4.78µm
_10549_,4.78µm
_12112_,4.78µm
_14484_,4.78µm
_17459_,4.78µm
_19015_,4.78µm
_21656_,4.78µm
net2174,4.78µm
_01363_,4.765µm
_02641_,4.76µm
_02769_,4.76µm
_02789_,4.76µm
_02957_,4.76µm
_02967_,4.76µm
_02998_,4.76µm
_03072_,4.76µm
_03463_,4.76µm
_04198_,4.76µm
_04674_,4.76µm
_04936_,4.76µm
_04971_,4.76µm
_06006_,4.76µm
_06398_,4.76µm
_06511_,4.76µm
_06898_,4.76µm
_07438_,4.76µm
_07947_,4.76µm
_07999_,4.76µm
_09135_,4.76µm
_09761_,4.76µm
_10118_,4.76µm
_11078_,4.76µm
_12617_,4.76µm
_14784_,4.76µm
_14915_,4.76µm
_15119_,4.76µm
_15494_,4.76µm
_15495_,4.76µm
_15721_,4.76µm
_16628_,4.76µm
_17034_,4.76µm
_17356_,4.76µm
_17362_,4.76µm
_18147_,4.76µm
_18692_,4.76µm
_19068_,4.76µm
_21454_,4.76µm
divider_instance.mantisaBshift\[17\],4.76µm
net2871,4.76µm
net2877,4.76µm
_02512_,4.755µm
_01396_,4.745µm
_02545_,4.745µm
_00761_,4.73µm
_00871_,4.725µm
_02352_,4.725µm
_02354_,4.72µm
_15744_,4.705µm
_21723_,4.705µm
_00863_,4.7µm
_00921_,4.7µm
_00947_,4.7µm
_01369_,4.7µm
_01476_,4.7µm
_02125_,4.7µm
_02188_,4.7µm
_02252_,4.7µm
_02295_,4.7µm
_02298_,4.7µm
_03689_,4.7µm
_05067_,4.7µm
_06265_,4.7µm
_06562_,4.7µm
_08059_,4.7µm
_08480_,4.7µm
_08578_,4.7µm
_09976_,4.7µm
_10808_,4.7µm
_14558_,4.7µm
_19318_,4.7µm
_19667_,4.7µm
_20869_,4.7µm
_21357_,4.7µm
multiplier_instance.TT.genblk1\[4\].CSA1.B\[22\],4.7µm
net2835,4.7µm
net3355,4.7µm
net3379,4.7µm
reorder_buf_instance.array\[13\]\[10\],4.685µm
reorder_buf_instance.array\[1\]\[9\],4.685µm
_00315_,4.68µm
_00317_,4.68µm
_00339_,4.68µm
_00650_,4.68µm
_00754_,4.68µm
_03696_,4.68µm
_04506_,4.68µm
_05009_,4.68µm
_06230_,4.68µm
_07106_,4.68µm
_07331_,4.68µm
_07486_,4.68µm
_07933_,4.68µm
_07935_,4.68µm
_08070_,4.68µm
_08868_,4.68µm
_09077_,4.68µm
_09287_,4.68µm
_09537_,4.68µm
_10588_,4.68µm
_11030_,4.68µm
_11623_,4.68µm
_11763_,4.68µm
_12021_,4.68µm
_12074_,4.68µm
_12348_,4.68µm
_12585_,4.68µm
_12655_,4.68µm
_12955_,4.68µm
_13360_,4.68µm
_14848_,4.68µm
_16192_,4.68µm
_16306_,4.68µm
_17093_,4.68µm
_17236_,4.68µm
_18501_,4.68µm
_18767_,4.68µm
_18970_,4.68µm
_19741_,4.68µm
_19941_,4.68µm
_20088_,4.68µm
_20362_,4.68µm
_20475_,4.68µm
_20654_,4.68µm
_20792_,4.68µm
_20829_,4.68µm
_21137_,4.68µm
_21373_,4.68µm
mult_buffer.array\[0\]\[37\],4.68µm
multiplier_instance.PPG.genblk1\[16\].masked\[8\],4.68µm
multiplier_instance.PPG.genblk1\[21\].masked\[2\],4.68µm
multiplier_instance.PPG.genblk1\[5\].masked\[20\],4.68µm
multiplier_instance.TT.genblk1\[0\].CSA1.B\[6\],4.68µm
multiplier_instance.TT.genblk1\[0\].CSA1.C\[2\],4.68µm
multiplier_instance.TT.genblk1\[2\].CSA1.A\[14\],4.68µm
multiplier_instance.TT.genblk1\[2\].CSA1.B\[15\],4.68µm
multiplier_instance.TT.genblk1\[6\].CSA1.C\[26\],4.68µm
multiplier_instance.TT.genblk1\[7\].CSA1.A\[29\],4.68µm
reorder_buf_instance.array\[11\]\[17\],4.68µm
net2224,4.68µm
_02293_,4.675µm
_21354_,4.67µm
_02672_,4.66µm
_03311_,4.66µm
_08583_,4.66µm
_08772_,4.66µm
_12404_,4.66µm
_15210_,4.66µm
_15913_,4.66µm
_21677_,4.66µm
multiplier_instance.TT.genblk1\[1\].CSA1.C\[22\],4.66µm
net3150,4.66µm
net3328,4.66µm
_13463_,4.64µm
_00818_,4.625µm
_01375_,4.625µm
_01481_,4.625µm
_01483_,4.625µm
_01489_,4.625µm
_01531_,4.625µm
_01590_,4.625µm
_01638_,4.625µm
_01935_,4.625µm
_01999_,4.625µm
_02011_,4.625µm
_02341_,4.625µm
_02346_,4.625µm
_00470_,4.61µm
_00484_,4.61µm
_00497_,4.61µm
_00640_,4.61µm
operand[2],4.61µm
_03886_,4.6µm
_04389_,4.6µm
_05047_,4.6µm
_06974_,4.6µm
_07227_,4.6µm
_07611_,4.6µm
_07885_,4.6µm
_08046_,4.6µm
_09127_,4.6µm
_09814_,4.6µm
_09951_,4.6µm
_12538_,4.6µm
_13150_,4.6µm
_13548_,4.6µm
_13966_,4.6µm
_14269_,4.6µm
_15052_,4.6µm
_15755_,4.6µm
_16381_,4.6µm
_17488_,4.6µm
_18753_,4.6µm
multiplier_instance.PPG.genblk1\[21\].masked\[8\],4.6µm
multiplier_instance.PPG.genblk1\[9\].masked\[22\],4.6µm
net2703,4.6µm
net2907,4.6µm
net2927,4.6µm
net2929,4.6µm
net3068,4.6µm
_04459_,4.595µm
_17764_,4.59µm
_00935_,4.585µm
_00939_,4.585µm
_00960_,4.585µm
_00963_,4.585µm
_01177_,4.585µm
_01365_,4.585µm
_01389_,4.585µm
_01421_,4.585µm
_01574_,4.585µm
_01913_,4.585µm
_02370_,4.585µm
_02507_,4.585µm
_02526_,4.585µm
_00392_,4.58µm
_00409_,4.58µm
_00416_,4.58µm
_03472_,4.58µm
_04526_,4.58µm
_04978_,4.58µm
_05099_,4.58µm
_05363_,4.58µm
_05440_,4.58µm
_05671_,4.58µm
_06756_,4.58µm
_07029_,4.58µm
_08822_,4.58µm
_09521_,4.58µm
_11272_,4.58µm
_12228_,4.58µm
_14267_,4.58µm
_15407_,4.58µm
_16179_,4.58µm
_18586_,4.58µm
_18925_,4.58µm
_19546_,4.58µm
multiplier_instance.PPG.genblk1\[13\].masked\[10\],4.58µm
multiplier_instance.PPG.genblk1\[19\].masked\[7\],4.58µm
multiplier_instance.PPG.genblk1\[1\].masked\[17\],4.58µm
net2142,4.58µm
net2150,4.58µm
net2948,4.58µm
net3173,4.58µm
_20014_,4.565µm
_00331_,4.56µm
_03910_,4.56µm
_04299_,4.56µm
_06877_,4.56µm
_07060_,4.56µm
_08342_,4.56µm
_08984_,4.56µm
_09188_,4.56µm
_09944_,4.56µm
_11411_,4.56µm
_11981_,4.56µm
_12380_,4.56µm
_12477_,4.56µm
_13569_,4.56µm
_13950_,4.56µm
_14656_,4.56µm
_14668_,4.56µm
_14890_,4.56µm
_16495_,4.56µm
_17904_,4.56µm
_19606_,4.56µm
_19928_,4.56µm
_20094_,4.56µm
_20561_,4.56µm
_21252_,4.56µm
_21488_,4.56µm
adder_instance.mantisaB0\[8\],4.56µm
enable_write\[2\],4.56µm
multiplier_instance.TT.genblk1\[0\].CSA1.B\[11\],4.56µm
multiplier_instance.TT.genblk1\[0\].CSA1.C\[15\],4.56µm
multiplier_instance.TT.genblk1\[5\].CSA1.C\[32\],4.56µm
multiplier_instance.TT.genblk1\[6\].CSA1.A\[26\],4.56µm
reorder_buf_instance.array\[0\]\[13\],4.56µm
reorder_buf_instance.array\[2\]\[11\],4.56µm
reorder_buf_instance.array\[6\]\[10\],4.56µm
net2381,4.56µm
net3034,4.56µm
_01241_,4.555µm
_04284_,4.555µm
_03541_,4.55µm
_01360_,4.545µm
adder_buffer.array\[2\]\[20\],4.545µm
_00222_,4.54µm
_00324_,4.54µm
_00380_,4.54µm
_00542_,4.54µm
_00630_,4.54µm
_00800_,4.54µm
_07224_,4.54µm
_09603_,4.54µm
_09855_,4.54µm
_11046_,4.54µm
_12111_,4.54µm
_13346_,4.54µm
_15602_,4.54µm
_15948_,4.54µm
multiplier_instance.PPG.genblk1\[11\].masked\[2\],4.54µm
multiplier_instance.PPG.genblk1\[13\].masked\[13\],4.54µm
multiplier_instance.PPG.genblk1\[17\].masked\[17\],4.54µm
multiplier_instance.PPG.genblk1\[17\].masked\[22\],4.54µm
multiplier_instance.PPG.genblk1\[1\].masked\[7\],4.54µm
multiplier_instance.PPG.genblk1\[5\].masked\[6\],4.54µm
multiplier_instance.PPG.genblk1\[6\].masked\[2\],4.54µm
multiplier_instance.PPG.genblk1\[7\].masked\[16\],4.54µm
net2383,4.54µm
_00506_,4.53µm
_00535_,4.53µm
_00572_,4.53µm
_00736_,4.53µm
_02241_,4.525µm
_21111_,4.52µm
_18955_,4.5µm
_01925_,4.485µm
_02236_,4.485µm
_03136_,4.48µm
_03693_,4.48µm
_03874_,4.48µm
_04003_,4.48µm
_04082_,4.48µm
_04436_,4.48µm
_05062_,4.48µm
_05411_,4.48µm
_06767_,4.48µm
_07346_,4.48µm
_08221_,4.48µm
_08955_,4.48µm
_09284_,4.48µm
_09818_,4.48µm
_10801_,4.48µm
_11013_,4.48µm
_11169_,4.48µm
_11588_,4.48µm
_11927_,4.48µm
_12079_,4.48µm
_12815_,4.48µm
_12995_,4.48µm
_13572_,4.48µm
_13665_,4.48µm
_14095_,4.48µm
_14266_,4.48µm
_14834_,4.48µm
_15635_,4.48µm
_15654_,4.48µm
_16319_,4.48µm
_17056_,4.48µm
_17142_,4.48µm
_17284_,4.48µm
_17668_,4.48µm
_17825_,4.48µm
_19255_,4.48µm
_19323_,4.48µm
_19520_,4.48µm
_19912_,4.48µm
_20335_,4.48µm
_21243_,4.48µm
adder_instance.mantisaA0\[4\],4.48µm
multiplier_instance.PPG.genblk1\[23\].masked\[7\],4.48µm
net2528,4.48µm
_12300_,4.475µm
_00150_,4.47µm
_00718_,4.47µm
_01099_,4.46µm
_01669_,4.46µm
_01676_,4.46µm
_01682_,4.46µm
_01683_,4.46µm
_02097_,4.46µm
_02558_,4.46µm
_02580_,4.46µm
_02608_,4.46µm
_02616_,4.46µm
_02632_,4.46µm
_02633_,4.46µm
_02827_,4.46µm
_03134_,4.46µm
_03188_,4.46µm
_03365_,4.46µm
_03488_,4.46µm
_03613_,4.46µm
_03777_,4.46µm
_03889_,4.46µm
_04173_,4.46µm
_04255_,4.46µm
_04280_,4.46µm
_04664_,4.46µm
_04745_,4.46µm
_04805_,4.46µm
_04817_,4.46µm
_05080_,4.46µm
_05135_,4.46µm
_05367_,4.46µm
_05409_,4.46µm
_05548_,4.46µm
_05567_,4.46µm
_05593_,4.46µm
_06248_,4.46µm
_06375_,4.46µm
_06897_,4.46µm
_06899_,4.46µm
_07050_,4.46µm
_07312_,4.46µm
_07361_,4.46µm
_07456_,4.46µm
_07877_,4.46µm
_08370_,4.46µm
_08604_,4.46µm
_08725_,4.46µm
_08816_,4.46µm
_09032_,4.46µm
_09299_,4.46µm
_09397_,4.46µm
_09449_,4.46µm
_09518_,4.46µm
_09634_,4.46µm
_09910_,4.46µm
_10010_,4.46µm
_10811_,4.46µm
_11136_,4.46µm
_12550_,4.46µm
_13003_,4.46µm
_13043_,4.46µm
_13878_,4.46µm
_14277_,4.46µm
_14401_,4.46µm
_14635_,4.46µm
_14675_,4.46µm
_15250_,4.46µm
_15272_,4.46µm
_15339_,4.46µm
_15569_,4.46µm
_15593_,4.46µm
_15701_,4.46µm
_15953_,4.46µm
_16294_,4.46µm
_16334_,4.46µm
_16352_,4.46µm
_16509_,4.46µm
_17237_,4.46µm
_17308_,4.46µm
_17348_,4.46µm
_17499_,4.46µm
_17507_,4.46µm
_17568_,4.46µm
_17632_,4.46µm
_17782_,4.46µm
_17791_,4.46µm
_17881_,4.46µm
_18005_,4.46µm
_18615_,4.46µm
_18640_,4.46µm
_18865_,4.46µm
_19008_,4.46µm
_19043_,4.46µm
_19143_,4.46µm
_19151_,4.46µm
_19313_,4.46µm
_19334_,4.46µm
_19493_,4.46µm
_19577_,4.46µm
_20196_,4.46µm
_20338_,4.46µm
_20583_,4.46µm
_20881_,4.46µm
_21162_,4.46µm
_21291_,4.46µm
_21642_,4.46µm
adder_instance.mantisaA0\[18\],4.46µm
div_exp\[2\],4.46µm
div_exp\[4\],4.46µm
divider_instance.expmiddlea\[5\],4.46µm
divider_instance.mantisaB0\[12\],4.46µm
multiplier_instance.PPG.genblk1\[11\].masked\[5\],4.46µm
multiplier_instance.PPG.genblk1\[13\].masked\[9\],4.46µm
multiplier_instance.PPG.genblk1\[17\].masked\[2\],4.46µm
multiplier_instance.PPG.genblk1\[7\].masked\[21\],4.46µm
multiplier_instance.TT.genblk1\[1\].CSA1.C\[9\],4.46µm
multiplier_instance.TT.genblk1\[2\].CSA1.C\[13\],4.46µm
multiplier_instance.TT.genblk1\[2\].CSA1.C\[24\],4.46µm
multiplier_instance.TT.genblk1\[7\].CSA1.A\[31\],4.46µm
multiplier_instance.TT.genblk1\[7\].CSA1.B\[32\],4.46µm
multiplier_instance.s2_exp_a\[1\],4.46µm
multiplier_instance.s2_exp_a\[3\],4.46µm
reorder_buf_instance.array\[2\]\[16\],4.46µm
reorder_buf_instance.array\[7\]\[27\],4.46µm
net156,4.46µm
net2143,4.46µm
net2421,4.46µm
net2487,4.46µm
net2500,4.46µm
net2529,4.46µm
net2544,4.46µm
net2576,4.46µm
net2704,4.46µm
net2770,4.46µm
net2777,4.46µm
net2789,4.46µm
net2861,4.46µm
net2865,4.46µm
net2991,4.46µm
net3069,4.46µm
net3075,4.46µm
net3214,4.46µm
net3243,4.46µm
net3309,4.46µm
_10893_,4.455µm
_11081_,4.455µm
_01156_,4.445µm
_02112_,4.445µm
_02238_,4.445µm
_02407_,4.445µm
_16859_,4.445µm
_02613_,4.44µm
_03508_,4.44µm
_03826_,4.44µm
_05815_,4.44µm
_05846_,4.44µm
_06008_,4.44µm
_06382_,4.44µm
_06464_,4.44µm
_08073_,4.44µm
_08204_,4.44µm
_08361_,4.44µm
_08506_,4.44µm
_08803_,4.44µm
_09222_,4.44µm
_09341_,4.44µm
_11085_,4.44µm
_11297_,4.44µm
_15581_,4.44µm
_15706_,4.44µm
_16770_,4.44µm
_17345_,4.44µm
_17535_,4.44µm
_17906_,4.44µm
_19004_,4.44µm
_19269_,4.44µm
_19356_,4.44µm
_19622_,4.44µm
_19811_,4.44µm
_20538_,4.44µm
_21464_,4.44µm
multiplier_instance.TT.genblk1\[0\].CSA1.C\[5\],4.44µm
multiplier_instance.TT.genblk1\[1\].CSA1.C\[12\],4.44µm
multiplier_instance.TT.genblk1\[5\].CSA1.B\[17\],4.44µm
net191,4.44µm
_00903_,4.425µm
_01028_,4.425µm
_01414_,4.425µm
_01437_,4.425µm
_01555_,4.425µm
_01802_,4.425µm
_02116_,4.425µm
_02522_,4.425µm
_09986_,4.425µm
_10160_,4.425µm
_18879_,4.425µm
_00062_,4.42µm
_00311_,4.42µm
_00567_,4.42µm
_01897_,4.42µm
_02587_,4.42µm
_02622_,4.42µm
_02696_,4.42µm
_03059_,4.42µm
_03172_,4.42µm
_03539_,4.42µm
_03866_,4.42µm
_04434_,4.42µm
_05431_,4.42µm
_06295_,4.42µm
_07157_,4.42µm
_07760_,4.42µm
_08193_,4.42µm
_08377_,4.42µm
_08986_,4.42µm
_09881_,4.42µm
_09996_,4.42µm
_10128_,4.42µm
_10946_,4.42µm
_11617_,4.42µm
_11899_,4.42µm
_13376_,4.42µm
_13425_,4.42µm
_14253_,4.42µm
_14260_,4.42µm
_14593_,4.42µm
_14654_,4.42µm
_15763_,4.42µm
_15801_,4.42µm
_16274_,4.42µm
_17199_,4.42µm
_17543_,4.42µm
_17554_,4.42µm
_17557_,4.42µm
_17651_,4.42µm
_18273_,4.42µm
_18291_,4.42µm
_18531_,4.42µm
_18678_,4.42µm
_18826_,4.42µm
_18933_,4.42µm
_19065_,4.42µm
_19646_,4.42µm
_19960_,4.42µm
_20476_,4.42µm
_20724_,4.42µm
_21592_,4.42µm
adder_instance.op,4.42µm
mult_mantisa\[6\],4.42µm
multiplier_instance.PPG.genblk1\[12\].masked\[1\],4.42µm
multiplier_instance.TT.genblk1\[7\].CSA1.C\[36\],4.42µm
net153,4.42µm
net2153,4.42µm
net2539,4.42µm
net2643,4.42µm
net2933,4.42µm
net3022,4.42µm
_01059_,4.415µm
_14006_,4.395µm
c[2],4.39µm
_01093_,4.385µm
_01612_,4.385µm
_01873_,4.385µm
_01880_,4.385µm
_01883_,4.385µm
_01950_,4.385µm
_01974_,4.385µm
_02075_,4.385µm
_02081_,4.385µm
_02109_,4.385µm
_02330_,4.385µm
_02344_,4.385µm
_02485_,4.385µm
net2124,4.385µm
net2164,4.385µm
net2339,4.385µm
_01541_,4.38µm
_02288_,4.38µm
_02405_,4.38µm
_19888_,4.38µm
_00482_,4.37µm
_00898_,4.365µm
_00933_,4.36µm
_02642_,4.36µm
_02983_,4.36µm
_03635_,4.36µm
_04874_,4.36µm
_05127_,4.36µm
_06171_,4.36µm
_13813_,4.36µm
_14395_,4.36µm
_14998_,4.36µm
_16104_,4.36µm
_16943_,4.36µm
_17235_,4.36µm
_17463_,4.36µm
_17677_,4.36µm
_18295_,4.36µm
_18787_,4.36µm
_18793_,4.36µm
_19287_,4.36µm
_20320_,4.36µm
_20981_,4.36µm
_21535_,4.36µm
multiplier_instance.TT.genblk1\[0\].CSA1.B\[16\],4.36µm
multiplier_instance.TT.genblk1\[0\].CSA1.B\[23\],4.36µm
multiplier_instance.TT.genblk1\[2\].CSA1.B\[11\],4.36µm
multiplier_instance.TT.genblk1\[2\].CSA1.B\[19\],4.36µm
multiplier_instance.TT.genblk1\[5\].CSA1.B\[30\],4.36µm
multiplier_instance.TT.genblk1\[6\].CSA1.B\[35\],4.36µm
net69,4.36µm
net2738,4.36µm
_15096_,4.355µm
_18880_,4.345µm
_18898_,4.345µm
_02611_,4.34µm
_02631_,4.34µm
_02653_,4.34µm
_02661_,4.34µm
_02803_,4.34µm
_02887_,4.34µm
_03071_,4.34µm
_03394_,4.34µm
_03483_,4.34µm
_03510_,4.34µm
_03591_,4.34µm
_03780_,4.34µm
_03963_,4.34µm
_04014_,4.34µm
_04521_,4.34µm
_04806_,4.34µm
_05772_,4.34µm
_05888_,4.34µm
_05933_,4.34µm
_06004_,4.34µm
_06041_,4.34µm
_06051_,4.34µm
_06275_,4.34µm
_06298_,4.34µm
_06527_,4.34µm
_06677_,4.34µm
_07143_,4.34µm
_07558_,4.34µm
_07828_,4.34µm
_07853_,4.34µm
_07955_,4.34µm
_08037_,4.34µm
_08079_,4.34µm
_08571_,4.34µm
_09013_,4.34µm
_09218_,4.34µm
_09270_,4.34µm
_09398_,4.34µm
_09402_,4.34µm
_09602_,4.34µm
_09750_,4.34µm
_09772_,4.34µm
_10214_,4.34µm
_10315_,4.34µm
_10409_,4.34µm
_10437_,4.34µm
_10785_,4.34µm
_10906_,4.34µm
_11062_,4.34µm
_11677_,4.34µm
_11977_,4.34µm
_12163_,4.34µm
_12302_,4.34µm
_12465_,4.34µm
_12589_,4.34µm
_12922_,4.34µm
_13281_,4.34µm
_13319_,4.34µm
_13358_,4.34µm
_13391_,4.34µm
_13641_,4.34µm
_13692_,4.34µm
_14284_,4.34µm
_14820_,4.34µm
_14829_,4.34µm
_14873_,4.34µm
_14893_,4.34µm
_14964_,4.34µm
_14992_,4.34µm
_15301_,4.34µm
_15391_,4.34µm
_15491_,4.34µm
_15528_,4.34µm
_15573_,4.34µm
_15729_,4.34µm
_15822_,4.34µm
_15971_,4.34µm
_15981_,4.34µm
_16152_,4.34µm
_16227_,4.34µm
_16617_,4.34µm
_16816_,4.34µm
_17141_,4.34µm
_17279_,4.34µm
_17313_,4.34µm
_17354_,4.34µm
_17377_,4.34µm
_17418_,4.34µm
_17462_,4.34µm
_17638_,4.34µm
_17702_,4.34µm
_17753_,4.34µm
_17786_,4.34µm
_18151_,4.34µm
_18706_,4.34µm
_19185_,4.34µm
_19336_,4.34µm
_19349_,4.34µm
_19408_,4.34µm
_19433_,4.34µm
_19586_,4.34µm
_19774_,4.34µm
_20253_,4.34µm
_20307_,4.34µm
_20318_,4.34µm
_20450_,4.34µm
_20451_,4.34µm
_20740_,4.34µm
_20811_,4.34µm
_20876_,4.34µm
_20892_,4.34µm
_20975_,4.34µm
_21027_,4.34µm
_21142_,4.34µm
_21156_,4.34µm
_21272_,4.34µm
_21489_,4.34µm
_21548_,4.34µm
_21793_,4.34µm
adder_buffer.out\[6\],4.34µm
adder_buffer.value\[14\],4.34µm
adder_buffer.value\[26\],4.34µm
divider_instance.mantisaAshift\[61\],4.34µm
multiplier_instance.PPG.genblk1\[8\].masked\[5\],4.34µm
multiplier_instance.TT.genblk1\[1\].CSA1.A\[24\],4.34µm
multiplier_instance.TT.genblk1\[4\].CSA1.B\[36\],4.34µm
multiplier_instance.TT.genblk1\[4\].CSA1.C\[17\],4.34µm
multiplier_instance.TT.genblk1\[5\].CSA1.C\[37\],4.34µm
multiplier_instance.TT.genblk1\[6\].CSA1.A\[40\],4.34µm
reorder_buf_instance.array\[11\]\[4\],4.34µm
reorder_buf_instance.value1\[16\],4.34µm
net89,4.34µm
net2561,4.34µm
net2753,4.34µm
net2757,4.34µm
net2974,4.34µm
net3011,4.34µm
net3098,4.34µm
_01497_,4.335µm
_02482_,4.325µm
_02818_,4.32µm
_04435_,4.32µm
_04860_,4.32µm
_05148_,4.32µm
_05309_,4.32µm
_15057_,4.32µm
_08998_,4.31µm
_01674_,4.305µm
_00925_,4.295µm
_01401_,4.295µm
_01533_,4.295µm
_01699_,4.295µm
_02197_,4.295µm
_02356_,4.295µm
_02360_,4.285µm
_07615_,4.28µm
reorder_buf_instance.array\[1\]\[11\],4.28µm
_00454_,4.27µm
_00709_,4.27µm
operand[0],4.27µm
operand[1],4.27µm
_01206_,4.265µm
net2226,4.265µm
net2356,4.265µm
_02046_,4.26µm
_20879_,4.245µm
_00844_,4.24µm
_00864_,4.24µm
_00878_,4.24µm
_01148_,4.24µm
_01349_,4.24µm
_01508_,4.24µm
_01609_,4.24µm
_01940_,4.24µm
_02177_,4.24µm
_02452_,4.24µm
_03305_,4.24µm
_03671_,4.24µm
_03997_,4.24µm
_04285_,4.24µm
_04464_,4.24µm
_05665_,4.24µm
_05953_,4.24µm
_06135_,4.24µm
_08522_,4.24µm
_08769_,4.24µm
_09705_,4.24µm
_11287_,4.24µm
_12094_,4.24µm
_13303_,4.24µm
_13907_,4.24µm
_14364_,4.24µm
_15791_,4.24µm
_15866_,4.24µm
_16473_,4.24µm
_17151_,4.24µm
_17737_,4.24µm
_17879_,4.24µm
_18305_,4.24µm
_21233_,4.24µm
net2478,4.24µm
net3140,4.24µm
net3273,4.24µm
_20350_,4.225µm
reorder_buf_instance.array\[13\]\[29\],4.225µm
reorder_buf_instance.array\[1\]\[20\],4.225µm
_00125_,4.22µm
_00738_,4.22µm
_04447_,4.22µm
_04458_,4.22µm
_05806_,4.22µm
_05944_,4.22µm
_06529_,4.22µm
_07285_,4.22µm
_07510_,4.22µm
_08020_,4.22µm
_08066_,4.22µm
_08188_,4.22µm
_08932_,4.22µm
_10195_,4.22µm
_10284_,4.22µm
_10377_,4.22µm
_11266_,4.22µm
_11550_,4.22µm
_11725_,4.22µm
_12043_,4.22µm
_12599_,4.22µm
_13507_,4.22µm
_13681_,4.22µm
_14460_,4.22µm
_15061_,4.22µm
_15732_,4.22µm
_16390_,4.22µm
_18533_,4.22µm
_18928_,4.22µm
_19482_,4.22µm
_19509_,4.22µm
_19532_,4.22µm
_19756_,4.22µm
_19952_,4.22µm
_20254_,4.22µm
_20852_,4.22µm
_20907_,4.22µm
_21075_,4.22µm
adder_buffer.array\[0\]\[29\],4.22µm
adder_buffer.array\[0\]\[8\],4.22µm
multiplier_instance.TT.genblk1\[0\].CSA1.B\[21\],4.22µm
multiplier_instance.TT.genblk1\[1\].CSA1.C\[25\],4.22µm
multiplier_instance.TT.genblk1\[5\].CSA1.A\[22\],4.22µm
reorder_buf_instance.array\[4\]\[3\],4.22µm
net2684,4.22µm
_01517_,4.215µm
_02400_,4.215µm
_09011_,4.21µm
_02774_,4.2µm
_04327_,4.2µm
_05287_,4.2µm
_05628_,4.2µm
_06152_,4.2µm
_07206_,4.2µm
_09056_,4.2µm
_09211_,4.2µm
_09612_,4.2µm
_11232_,4.2µm
_11302_,4.2µm
_12001_,4.2µm
_12351_,4.2µm
_13246_,4.2µm
_14463_,4.2µm
_16397_,4.2µm
_18733_,4.2µm
_19537_,4.2µm
_21120_,4.2µm
multiplier_instance.TT.genblk1\[2\].CSA1.C\[16\],4.2µm
_02340_,4.195µm
_19821_,4.19µm
_08229_,4.18µm
_09109_,4.18µm
_19770_,4.18µm
_10910_,4.17µm
_18400_,4.17µm
_00814_,4.165µm
_00884_,4.165µm
_01279_,4.165µm
_01283_,4.165µm
_01505_,4.165µm
_01519_,4.165µm
_01564_,4.165µm
_01929_,4.165µm
_01957_,4.165µm
_01960_,4.165µm
_02068_,4.165µm
_02319_,4.165µm
_02357_,4.165µm
_02458_,4.165µm
net2740,4.165µm
_00100_,4.15µm
_00303_,4.15µm
_00414_,4.15µm
_00538_,4.15µm
_00606_,4.15µm
_00609_,4.15µm
_00629_,4.15µm
_00788_,4.15µm
_00799_,4.15µm
_02307_,4.145µm
_00031_,4.14µm
_00041_,4.14µm
_03041_,4.14µm
_03771_,4.14µm
_04576_,4.14µm
_05319_,4.14µm
_05686_,4.14µm
_05968_,4.14µm
_06055_,4.14µm
_08201_,4.14µm
_08212_,4.14µm
_08903_,4.14µm
_10048_,4.14µm
_10511_,4.14µm
_10844_,4.14µm
_11282_,4.14µm
_13284_,4.14µm
_13744_,4.14µm
_14226_,4.14µm
_15232_,4.14µm
_15392_,4.14µm
_16550_,4.14µm
_16693_,4.14µm
_17932_,4.14µm
_19858_,4.14µm
_21360_,4.14µm
multiplier_instance.PPG.genblk1\[0\].masked\[14\],4.14µm
multiplier_instance.PPG.genblk1\[0\].masked\[20\],4.14µm
multiplier_instance.PPG.genblk1\[12\].masked\[16\],4.14µm
multiplier_instance.PPG.genblk1\[6\].masked\[23\],4.14µm
multiplier_instance.PPG.genblk1\[7\].masked\[4\],4.14µm
net2362,4.14µm
net2416,4.14µm
net2436,4.14µm
net2464,4.14µm
net2673,4.14µm
net2821,4.14µm
net2939,4.14µm
net3065,4.14µm
net3131,4.14µm
_01427_,4.125µm
_01996_,4.125µm
_02414_,4.125µm
_00035_,4.12µm
_00044_,4.12µm
_02981_,4.12µm
_03137_,4.12µm
_05816_,4.12µm
_06017_,4.12µm
_08804_,4.12µm
_09877_,4.12µm
_10759_,4.12µm
_10912_,4.12µm
_12280_,4.12µm
_12437_,4.12µm
_16767_,4.12µm
_17413_,4.12µm
_17705_,4.12µm
_18834_,4.12µm
_20207_,4.12µm
_20223_,4.12µm
_20904_,4.12µm
multiplier_instance.PPG.genblk1\[6\].masked\[5\],4.12µm
multiplier_instance.TT.CPA.sum\[45\],4.12µm
net2141,4.12µm
net2149,4.12µm
net2423,4.12µm
net3008,4.12µm
net3303,4.12µm
_18270_,4.115µm
_21399_,4.115µm
_00250_,4.1µm
_03493_,4.1µm
_05776_,4.1µm
_10797_,4.1µm
_10887_,4.1µm
_12467_,4.1µm
_14568_,4.1µm
_16041_,4.1µm
_17016_,4.1µm
_17043_,4.1µm
_18249_,4.1µm
_18277_,4.1µm
_18453_,4.1µm
_18816_,4.1µm
_19102_,4.1µm
_19330_,4.1µm
_19625_,4.1µm
_20405_,4.1µm
_20914_,4.1µm
_21265_,4.1µm
_21292_,4.1µm
_21445_,4.1µm
multiplier_instance.PPG.genblk1\[20\].masked\[20\],4.1µm
reorder_buf_instance.array\[1\]\[28\],4.1µm
reorder_buf_instance.array\[2\]\[15\],4.1µm
reorder_buf_instance.array\[8\]\[4\],4.1µm
net3059,4.1µm
_12476_,4.095µm
_00220_,4.08µm
_00708_,4.08µm
_04754_,4.08µm
_09166_,4.08µm
_12907_,4.08µm
_16791_,4.08µm
_17136_,4.08µm
_19826_,4.08µm
_21671_,4.08µm
multiplier_instance.PPG.genblk1\[12\].masked\[23\],4.08µm
multiplier_instance.PPG.genblk1\[1\].masked\[13\],4.08µm
multiplier_instance.PPG.genblk1\[21\].masked\[15\],4.08µm
multiplier_instance.PPG.genblk1\[6\].masked\[18\],4.08µm
multiplier_instance.PPG.genblk1\[7\].masked\[7\],4.08µm
multiplier_instance.TT.CPA.sum\[47\],4.08µm
_16136_,4.075µm
_00385_,4.07µm
_00545_,4.07µm
_01068_,4.065µm
_01351_,4.065µm
_01455_,4.065µm
_02222_,4.065µm
_02404_,4.065µm
_15186_,4.06µm
_00827_,4.045µm
_02159_,4.045µm
_02508_,4.045µm
net2128,4.045µm
_17500_,4.04µm
_00490_,4.03µm
_13326_,4.03µm
_06025_,4.025µm
_02699_,4.02µm
_03871_,4.02µm
_03945_,4.02µm
_04229_,4.02µm
_04420_,4.02µm
_04692_,4.02µm
_04760_,4.02µm
_05317_,4.02µm
_05359_,4.02µm
_05825_,4.02µm
_06108_,4.02µm
_06758_,4.02µm
_07310_,4.02µm
_07644_,4.02µm
_07750_,4.02µm
_08275_,4.02µm
_08278_,4.02µm
_08319_,4.02µm
_08723_,4.02µm
_08914_,4.02µm
_09289_,4.02µm
_10429_,4.02µm
_10639_,4.02µm
_10852_,4.02µm
_11049_,4.02µm
_11627_,4.02µm
_12135_,4.02µm
_12253_,4.02µm
_12365_,4.02µm
_12533_,4.02µm
_13276_,4.02µm
_13335_,4.02µm
_13579_,4.02µm
_13698_,4.02µm
_13718_,4.02µm
_13788_,4.02µm
_14085_,4.02µm
_14427_,4.02µm
_15220_,4.02µm
_15966_,4.02µm
_16016_,4.02µm
_16186_,4.02µm
_16582_,4.02µm
_18326_,4.02µm
_19121_,4.02µm
_19822_,4.02µm
_19839_,4.02µm
_20210_,4.02µm
_20270_,4.02µm
_21041_,4.02µm
_21426_,4.02µm
_21599_,4.02µm
divider_instance.expmiddlea\[0\],4.02µm
divider_instance.four_man\[21\],4.02µm
multiplier_instance.PPG.genblk1\[14\].masked\[18\],4.02µm
multiplier_instance.PPG.genblk1\[1\].masked\[4\],4.02µm
reorder_buf_instance.value0\[6\],4.02µm
net2352,4.02µm
net2452,4.02µm
net2453,4.02µm
net2987,4.02µm
net3346,4.02µm
_04883_,4.015µm
_00153_,4µm
_00521_,4µm
_01022_,4µm
_01848_,4µm
_02206_,4µm
_02226_,4µm
_02231_,4µm
_02589_,4µm
_02638_,4µm
_02858_,4µm
_02901_,4µm
_02975_,4µm
_03000_,4µm
_03108_,4µm
_03163_,4µm
_03310_,4µm
_03428_,4µm
_03603_,4µm
_03637_,4µm
_03639_,4µm
_04191_,4µm
_04290_,4µm
_04316_,4µm
_04333_,4µm
_04360_,4µm
_04466_,4µm
_04635_,4µm
_04932_,4µm
_05011_,4µm
_05248_,4µm
_05585_,4µm
_05601_,4µm
_05786_,4µm
_06090_,4µm
_06138_,4µm
_06167_,4µm
_06247_,4µm
_06556_,4µm
_06997_,4µm
_06999_,4µm
_07066_,4µm
_07166_,4µm
_07477_,4µm
_07543_,4µm
_07792_,4µm
_07840_,4µm
_08249_,4µm
_08508_,4µm
_08791_,4µm
_08823_,4µm
_08929_,4µm
_08949_,4µm
_09022_,4µm
_09317_,4µm
_09738_,4µm
_09828_,4µm
_09902_,4µm
_10363_,4µm
_10431_,4µm
_10466_,4µm
_11018_,4µm
_11241_,4µm
_12059_,4µm
_12229_,4µm
_12239_,4µm
_12384_,4µm
_12572_,4µm
_12592_,4µm
_12732_,4µm
_12837_,4µm
_12878_,4µm
_13209_,4µm
_13290_,4µm
_13490_,4µm
_13559_,4µm
_13600_,4µm
_13636_,4µm
_13694_,4µm
_13815_,4µm
_14120_,4µm
_14411_,4µm
_14665_,4µm
_14969_,4µm
_15136_,4µm
_15200_,4µm
_15888_,4µm
_15935_,4µm
_16008_,4µm
_16440_,4µm
_16531_,4µm
_16744_,4µm
_16785_,4µm
_16914_,4µm
_17060_,4µm
_17176_,4µm
_17191_,4µm
_17201_,4µm
_17379_,4µm
_17458_,4µm
_17491_,4µm
_17578_,4µm
_17627_,4µm
_17667_,4µm
_17959_,4µm
_18011_,4µm
_18322_,4µm
_18425_,4µm
_18804_,4µm
_18818_,4µm
_18866_,4µm
_19199_,4µm
_19516_,4µm
_19525_,4µm
_19619_,4µm
_19942_,4µm
_20033_,4µm
_20205_,4µm
_20375_,4µm
_20589_,4µm
_20609_,4µm
_20672_,4µm
_20798_,4µm
_21186_,4µm
_21289_,4µm
_21302_,4µm
_21318_,4µm
_21363_,4µm
_21524_,4µm
_21553_,4µm
_21654_,4µm
_21719_,4µm
adder_buffer.value\[34\],4µm
div_buffer.value\[32\],4µm
divider_instance.four_man\[30\],4µm
divider_instance.mantisaA0\[21\],4µm
mult_buffer.array\[0\]\[38\],4µm
mult_buffer.array\[2\]\[32\],4µm
multiplier_instance.PPG.genblk1\[17\].masked\[11\],4µm
multiplier_instance.PPG.genblk1\[18\].masked\[16\],4µm
multiplier_instance.PPG.genblk1\[2\].masked\[21\],4µm
multiplier_instance.PPG.genblk1\[4\].masked\[3\],4µm
multiplier_instance.PPG.genblk1\[7\].masked\[23\],4µm
multiplier_instance.TT.genblk1\[2\].CSA1.A\[11\],4µm
multiplier_instance.TT.genblk1\[3\].CSA1.C\[29\],4µm
multiplier_instance.TT.genblk1\[5\].CSA1.C\[23\],4µm
reorder_buf_instance.value1\[20\],4µm
net2133,4µm
net2495,4µm
net2508,4µm
net2551,4µm
net2674,4µm
net2707,4µm
net2763,4µm
net2805,4µm
net2853,4µm
net2893,4µm
net2909,4µm
net2978,4µm
net3070,4µm
net3288,4µm
_03854_,3.99µm
_02121_,3.985µm
_02130_,3.985µm
_02399_,3.985µm
_02500_,3.985µm
_02516_,3.985µm
_07813_,3.985µm
_18846_,3.985µm
_00532_,3.98µm
_02599_,3.98µm
_03628_,3.98µm
_05365_,3.98µm
_07271_,3.98µm
_10999_,3.98µm
_11033_,3.98µm
_11213_,3.98µm
_14096_,3.98µm
_14996_,3.98µm
_15756_,3.98µm
_16323_,3.98µm
_17542_,3.98µm
_19220_,3.98µm
multiplier_instance.TT.genblk1\[7\].CSA1.C\[42\],3.98µm
_01367_,3.975µm
net3192,3.975µm
_00975_,3.965µm
_01044_,3.965µm
_01969_,3.965µm
_02093_,3.965µm
_19402_,3.95µm
_01988_,3.945µm
_00816_,3.925µm
_00841_,3.925µm
_00868_,3.925µm
_00880_,3.925µm
_01037_,3.925µm
_01176_,3.925µm
_01353_,3.925µm
_01361_,3.925µm
_01394_,3.925µm
_01416_,3.925µm
_01491_,3.925µm
_01562_,3.925µm
_01605_,3.925µm
_01617_,3.925µm
_01833_,3.925µm
_01840_,3.925µm
_01942_,3.925µm
_01953_,3.925µm
_02089_,3.925µm
_02110_,3.925µm
_02176_,3.925µm
_02239_,3.925µm
_02296_,3.925µm
_02322_,3.925µm
_02373_,3.925µm
_02378_,3.925µm
_00325_,3.91µm
_12822_,3.91µm
_11577_,3.905µm
_01250_,3.9µm
_01601_,3.9µm
_02652_,3.9µm
_02920_,3.9µm
_03905_,3.9µm
_04073_,3.9µm
_05264_,3.9µm
_05448_,3.9µm
_06563_,3.9µm
_06908_,3.9µm
_07078_,3.9µm
_07212_,3.9µm
_08364_,3.9µm
_08389_,3.9µm
_08415_,3.9µm
_08953_,3.9µm
_09888_,3.9µm
_10236_,3.9µm
_10597_,3.9µm
_11170_,3.9µm
_12902_,3.9µm
_14122_,3.9µm
_14647_,3.9µm
_14785_,3.9µm
_14905_,3.9µm
_15283_,3.9µm
_15351_,3.9µm
_17755_,3.9µm
_19256_,3.9µm
_19267_,3.9µm
_19417_,3.9µm
_19861_,3.9µm
_19920_,3.9µm
_20422_,3.9µm
_20431_,3.9µm
_20520_,3.9µm
_20718_,3.9µm
_21016_,3.9µm
adder_instance.expmiddleb\[5\],3.9µm
divider_instance.mantisaB0\[16\],3.9µm
multiplier_instance.PPG.genblk1\[18\].masked\[1\],3.9µm
multiplier_instance.TT.genblk1\[0\].CSA1.A\[22\],3.9µm
net2451,3.9µm
net2781,3.9µm
_06427_,3.895µm
_14657_,3.895µm
_18936_,3.89µm
_00357_,3.88µm
_01076_,3.88µm
_02842_,3.88µm
_02867_,3.88µm
_03002_,3.88µm
_03124_,3.88µm
_03141_,3.88µm
_03154_,3.88µm
_03183_,3.88µm
_03187_,3.88µm
_03200_,3.88µm
_03448_,3.88µm
_03462_,3.88µm
_03527_,3.88µm
_03581_,3.88µm
_03601_,3.88µm
_03835_,3.88µm
_04061_,3.88µm
_04063_,3.88µm
_04277_,3.88µm
_04495_,3.88µm
_04515_,3.88µm
_04541_,3.88µm
_05059_,3.88µm
_05237_,3.88µm
_05278_,3.88µm
_05322_,3.88µm
_05449_,3.88µm
_05660_,3.88µm
_05814_,3.88µm
_05928_,3.88µm
_05967_,3.88µm
_06021_,3.88µm
_06086_,3.88µm
_06470_,3.88µm
_06507_,3.88µm
_06697_,3.88µm
_06837_,3.88µm
_06875_,3.88µm
_07007_,3.88µm
_07025_,3.88µm
_07150_,3.88µm
_07275_,3.88µm
_07325_,3.88µm
_07333_,3.88µm
_07368_,3.88µm
_07618_,3.88µm
_07674_,3.88µm
_07737_,3.88µm
_08699_,3.88µm
_08712_,3.88µm
_08777_,3.88µm
_08790_,3.88µm
_08828_,3.88µm
_08970_,3.88µm
_09059_,3.88µm
_09197_,3.88µm
_09347_,3.88µm
_09400_,3.88µm
_09533_,3.88µm
_09567_,3.88µm
_09774_,3.88µm
_10220_,3.88µm
_10291_,3.88µm
_10368_,3.88µm
_10457_,3.88µm
_10589_,3.88µm
_10642_,3.88µm
_10755_,3.88µm
_10974_,3.88µm
_10977_,3.88µm
_10994_,3.88µm
_11112_,3.88µm
_11193_,3.88µm
_11208_,3.88µm
_11274_,3.88µm
_11395_,3.88µm
_11454_,3.88µm
_11527_,3.88µm
_11909_,3.88µm
_12009_,3.88µm
_12438_,3.88µm
_12607_,3.88µm
_12626_,3.88µm
_12683_,3.88µm
_13082_,3.88µm
_13141_,3.88µm
_13163_,3.88µm
_13217_,3.88µm
_13452_,3.88µm
_14073_,3.88µm
_14160_,3.88µm
_14428_,3.88µm
_15015_,3.88µm
_15047_,3.88µm
_15226_,3.88µm
_15452_,3.88µm
_15648_,3.88µm
_15765_,3.88µm
_16061_,3.88µm
_16295_,3.88µm
_16468_,3.88µm
_16536_,3.88µm
_16666_,3.88µm
_16698_,3.88µm
_17124_,3.88µm
_17140_,3.88µm
_17777_,3.88µm
_18182_,3.88µm
_18448_,3.88µm
_18518_,3.88µm
_18526_,3.88µm
_18529_,3.88µm
_18530_,3.88µm
_18674_,3.88µm
_18725_,3.88µm
_18744_,3.88µm
_18874_,3.88µm
_19041_,3.88µm
_19063_,3.88µm
_19259_,3.88µm
_19317_,3.88µm
_19395_,3.88µm
_19413_,3.88µm
_19439_,3.88µm
_19485_,3.88µm
_19882_,3.88µm
_20130_,3.88µm
_20161_,3.88µm
_20163_,3.88µm
_20414_,3.88µm
_20434_,3.88µm
_20784_,3.88µm
_20836_,3.88µm
_21022_,3.88µm
_21083_,3.88µm
_21269_,3.88µm
_21382_,3.88µm
_21536_,3.88µm
adder_buffer.array\[0\]\[25\],3.88µm
divider_instance.mantisaBshift\[20\],3.88µm
multiplier_instance.TT.genblk1\[0\].CSA1.A\[1\],3.88µm
multiplier_instance.TT.genblk1\[0\].CSA1.B\[13\],3.88µm
multiplier_instance.TT.genblk1\[2\].CSA1.A\[25\],3.88µm
multiplier_instance.TT.genblk1\[5\].CSA1.B\[32\],3.88µm
multiplier_instance.TT.genblk1\[5\].CSA1.C\[33\],3.88µm
multiplier_instance.TT.genblk1\[7\].CSA1.A\[25\],3.88µm
reorder_buf_instance.array\[8\]\[16\],3.88µm
net2163,3.88µm
net2192,3.88µm
net2396,3.88µm
net2409,3.88µm
net2414,3.88µm
net2430,3.88µm
net2515,3.88µm
net3327,3.88µm
net2126,3.875µm
_00993_,3.865µm
_01048_,3.865µm
_07273_,3.86µm
_07398_,3.86µm
_08381_,3.86µm
_08991_,3.86µm
_10991_,3.86µm
_20398_,3.86µm
mult_mantisa\[14\],3.86µm
multiplier_instance.TT.CPA.sum\[36\],3.86µm
_03612_,3.85µm
multiplier_instance.TT.genblk1\[3\].CSA1.C\[31\],3.84µm
_00662_,3.81µm
_00669_,3.81µm
_00746_,3.81µm
_01114_,3.805µm
_01223_,3.805µm
_01357_,3.805µm
_01930_,3.805µm
_01945_,3.805µm
_00847_,3.8µm
_06763_,3.8µm
_00874_,3.78µm
_00897_,3.78µm
_00954_,3.78µm
_01145_,3.78µm
_01400_,3.78µm
_01424_,3.78µm
_01546_,3.78µm
_01882_,3.78µm
_01904_,3.78µm
_01963_,3.78µm
_02026_,3.78µm
_02058_,3.78µm
_02064_,3.78µm
_02070_,3.78µm
_02134_,3.78µm
_02160_,3.78µm
_02215_,3.78µm
_02375_,3.78µm
_02417_,3.78µm
_02806_,3.78µm
_03917_,3.78µm
_04130_,3.78µm
_04924_,3.78µm
_04959_,3.78µm
_05702_,3.78µm
_06683_,3.78µm
_06937_,3.78µm
_07415_,3.78µm
_08160_,3.78µm
_08741_,3.78µm
_09426_,3.78µm
_10562_,3.78µm
_10791_,3.78µm
_11734_,3.78µm
_13096_,3.78µm
_13550_,3.78µm
_13891_,3.78µm
_13912_,3.78µm
_13973_,3.78µm
_15350_,3.78µm
_15799_,3.78µm
_15831_,3.78µm
_16068_,3.78µm
_16341_,3.78µm
_16395_,3.78µm
_16413_,3.78µm
_17469_,3.78µm
_17599_,3.78µm
_19132_,3.78µm
_19745_,3.78µm
_20128_,3.78µm
_21682_,3.78µm
net2208,3.78µm
net2596,3.78µm
net2728,3.78µm
_00042_,3.76µm
_00197_,3.76µm
_00215_,3.76µm
_00252_,3.76µm
_00277_,3.76µm
_00309_,3.76µm
_00442_,3.76µm
_00494_,3.76µm
_00752_,3.76µm
_00755_,3.76µm
_00915_,3.76µm
_02547_,3.76µm
_02860_,3.76µm
_03996_,3.76µm
_04976_,3.76µm
_04990_,3.76µm
_05648_,3.76µm
_05857_,3.76µm
_06476_,3.76µm
_06479_,3.76µm
_07035_,3.76µm
_07174_,3.76µm
_07778_,3.76µm
_07856_,3.76µm
_07908_,3.76µm
_08436_,3.76µm
_09417_,3.76µm
_11070_,3.76µm
_11880_,3.76µm
_12956_,3.76µm
_13119_,3.76µm
_13763_,3.76µm
_14131_,3.76µm
_15330_,3.76µm
_16154_,3.76µm
_17126_,3.76µm
_17620_,3.76µm
_18677_,3.76µm
_19157_,3.76µm
_20078_,3.76µm
_20249_,3.76µm
_20423_,3.76µm
_20700_,3.76µm
_21288_,3.76µm
multiplier_instance.PPG.genblk1\[21\].masked\[0\],3.76µm
multiplier_instance.TT.genblk1\[0\].CSA1.B\[22\],3.76µm
multiplier_instance.TT.genblk1\[4\].CSA1.C\[32\],3.76µm
multiplier_instance.TT.genblk1\[6\].CSA1.C\[35\],3.76µm
net2139,3.76µm
net2823,3.76µm
net2901,3.76µm
_03885_,3.755µm
_06180_,3.74µm
_08295_,3.74µm
_08859_,3.74µm
_11375_,3.74µm
_12008_,3.74µm
_13587_,3.74µm
net2220,3.74µm
_18077_,3.71µm
_01086_,3.705µm
_01216_,3.705µm
_01479_,3.705µm
_01775_,3.705µm
_02078_,3.705µm
_02416_,3.705µm
_02440_,3.705µm
_02514_,3.705µm
net2129,3.705µm
_03775_,3.695µm
_11670_,3.695µm
_00168_,3.69µm
_00202_,3.69µm
_00536_,3.69µm
_00750_,3.69µm
_00763_,3.69µm
_00767_,3.69µm
_01736_,3.685µm
_01838_,3.685µm
_02006_,3.685µm
_00022_,3.68µm
_01825_,3.68µm
_03957_,3.68µm
_04172_,3.68µm
_04371_,3.68µm
_04530_,3.68µm
_05030_,3.68µm
_06206_,3.68µm
_06721_,3.68µm
_06861_,3.68µm
_06942_,3.68µm
_07042_,3.68µm
_07461_,3.68µm
_08544_,3.68µm
_11248_,3.68µm
_11740_,3.68µm
_11788_,3.68µm
_12199_,3.68µm
_14184_,3.68µm
_14435_,3.68µm
_14511_,3.68µm
_14771_,3.68µm
_15011_,3.68µm
_15333_,3.68µm
_16649_,3.68µm
_18175_,3.68µm
_18859_,3.68µm
_18940_,3.68µm
_19118_,3.68µm
_19715_,3.68µm
_20286_,3.68µm
_20394_,3.68µm
_20590_,3.68µm
_20761_,3.68µm
multiplier_instance.PPG.genblk1\[10\].masked\[2\],3.68µm
multiplier_instance.PPG.genblk1\[10\].masked\[5\],3.68µm
multiplier_instance.PPG.genblk1\[15\].masked\[17\],3.68µm
multiplier_instance.PPG.genblk1\[20\].masked\[7\],3.68µm
multiplier_instance.PPG.genblk1\[4\].masked\[14\],3.68µm
multiplier_instance.PPG.genblk1\[4\].masked\[15\],3.68µm
net2558,3.68µm
net2633,3.68µm
net2887,3.68µm
net2932,3.68µm
net3041,3.68µm
net3045,3.68µm
net3067,3.68µm
net3087,3.68µm
_00422_,3.66µm
_00447_,3.66µm
_00684_,3.66µm
_02555_,3.66µm
_04186_,3.66µm
_04443_,3.66µm
_04589_,3.66µm
_05766_,3.66µm
_05981_,3.66µm
_06111_,3.66µm
_06598_,3.66µm
_07747_,3.66µm
_09762_,3.66µm
_10105_,3.66µm
_10837_,3.66µm
_11801_,3.66µm
_13728_,3.66µm
_13896_,3.66µm
_16073_,3.66µm
_16233_,3.66µm
_17004_,3.66µm
_17271_,3.66µm
_18018_,3.66µm
multiplier_instance.PPG.genblk1\[0\].masked\[18\],3.66µm
multiplier_instance.PPG.genblk1\[10\].masked\[14\],3.66µm
multiplier_instance.PPG.genblk1\[12\].masked\[7\],3.66µm
multiplier_instance.PPG.genblk1\[14\].masked\[7\],3.66µm
multiplier_instance.PPG.genblk1\[23\].masked\[14\],3.66µm
multiplier_instance.PPG.genblk1\[3\].masked\[17\],3.66µm
multiplier_instance.PPG.genblk1\[3\].masked\[4\],3.66µm
multiplier_instance.PPG.genblk1\[4\].masked\[13\],3.66µm
multiplier_instance.PPG.genblk1\[5\].masked\[1\],3.66µm
multiplier_instance.PPG.genblk1\[6\].masked\[1\],3.66µm
multiplier_instance.TT.CPA.sum\[33\],3.66µm
net2154,3.66µm
net2181,3.66µm
net2566,3.66µm
net2729,3.66µm
net3315,3.66µm
_00346_,3.64µm
_00559_,3.64µm
_00804_,3.64µm
_02576_,3.64µm
_03911_,3.64µm
_03970_,3.64µm
_05523_,3.64µm
_06083_,3.64µm
_07027_,3.64µm
_07983_,3.64µm
_09176_,3.64µm
_09771_,3.64µm
_10316_,3.64µm
_10745_,3.64µm
_10823_,3.64µm
_12624_,3.64µm
_13099_,3.64µm
_18258_,3.64µm
_18421_,3.64µm
_19070_,3.64µm
_19178_,3.64µm
_21485_,3.64µm
net2218,3.64µm
net2664,3.64µm
_01837_,3.635µm
_10259_,3.63µm
net2925,3.62µm
_00403_,3.61µm
_00596_,3.61µm
net2375,3.605µm
_15762_,3.595µm
_00145_,3.59µm
_00146_,3.59µm
_00373_,3.59µm
_00424_,3.59µm
_00425_,3.59µm
_00582_,3.59µm
_00656_,3.59µm
_00830_,3.585µm
_01001_,3.585µm
_01142_,3.585µm
_01547_,3.585µm
_01599_,3.585µm
_01952_,3.585µm
net2571,3.585µm
_12483_,3.58µm
_00169_,3.57µm
_00227_,3.57µm
_00371_,3.57µm
_01903_,3.565µm
_10197_,3.565µm
_15972_,3.565µm
_02096_,3.56µm
_02145_,3.56µm
_02207_,3.56µm
_02218_,3.56µm
_03831_,3.56µm
_04001_,3.56µm
_04087_,3.56µm
_04143_,3.56µm
_04150_,3.56µm
_04634_,3.56µm
_04752_,3.56µm
_04863_,3.56µm
_05303_,3.56µm
_05355_,3.56µm
_06389_,3.56µm
_06420_,3.56µm
_06502_,3.56µm
_06776_,3.56µm
_06924_,3.56µm
_07038_,3.56µm
_07069_,3.56µm
_07322_,3.56µm
_07350_,3.56µm
_07952_,3.56µm
_09161_,3.56µm
_09313_,3.56µm
_09379_,3.56µm
_09962_,3.56µm
_10089_,3.56µm
_10514_,3.56µm
_10776_,3.56µm
_10855_,3.56µm
_11129_,3.56µm
_11523_,3.56µm
_11793_,3.56µm
_11866_,3.56µm
_12155_,3.56µm
_12746_,3.56µm
_13520_,3.56µm
_13545_,3.56µm
_13757_,3.56µm
_13798_,3.56µm
_13808_,3.56µm
_14014_,3.56µm
_14060_,3.56µm
_14137_,3.56µm
_14138_,3.56µm
_15864_,3.56µm
_16156_,3.56µm
_18163_,3.56µm
_18228_,3.56µm
_18597_,3.56µm
_19046_,3.56µm
_19465_,3.56µm
_19591_,3.56µm
_19668_,3.56µm
_20132_,3.56µm
_20843_,3.56µm
_21479_,3.56µm
_21786_,3.56µm
adder_instance.expmiddlea\[6\],3.56µm
adder_instance.expmiddleb\[3\],3.56µm
adder_instance.mantisaA0\[19\],3.56µm
div_exp\[7\],3.56µm
divider_instance.expmiddleb\[2\],3.56µm
divider_instance.mantisaA0\[10\],3.56µm
multiplier_instance.PPG.genblk1\[14\].masked\[10\],3.56µm
multiplier_instance.TT.genblk1\[4\].CSA1.B\[21\],3.56µm
net2337,3.56µm
net2393,3.56µm
net2442,3.56µm
net2650,3.56µm
net2882,3.56µm
net3003,3.56µm
net3012,3.56µm
net3238,3.56µm
net3343,3.56µm
_10074_,3.545µm
_00049_,3.54µm
_00051_,3.54µm
_00255_,3.54µm
_00540_,3.54µm
_00577_,3.54µm
_00621_,3.54µm
_00670_,3.54µm
_00697_,3.54µm
_01656_,3.54µm
_01809_,3.54µm
_01813_,3.54µm
_02591_,3.54µm
_02635_,3.54µm
_02799_,3.54µm
_02808_,3.54µm
_02886_,3.54µm
_02888_,3.54µm
_02922_,3.54µm
_03028_,3.54µm
_03048_,3.54µm
_03349_,3.54µm
_03516_,3.54µm
_03641_,3.54µm
_03703_,3.54µm
_03952_,3.54µm
_04134_,3.54µm
_04163_,3.54µm
_04256_,3.54µm
_04260_,3.54µm
_04346_,3.54µm
_04480_,3.54µm
_04532_,3.54µm
_04553_,3.54µm
_04575_,3.54µm
_04580_,3.54µm
_04771_,3.54µm
_04974_,3.54µm
_04998_,3.54µm
_05183_,3.54µm
_05368_,3.54µm
_05470_,3.54µm
_05558_,3.54µm
_05822_,3.54µm
_05892_,3.54µm
_05987_,3.54µm
_06188_,3.54µm
_06217_,3.54µm
_06454_,3.54µm
_06580_,3.54µm
_06609_,3.54µm
_06933_,3.54µm
_06985_,3.54µm
_07083_,3.54µm
_07257_,3.54µm
_07300_,3.54µm
_07391_,3.54µm
_07469_,3.54µm
_07906_,3.54µm
_07930_,3.54µm
_08083_,3.54µm
_08306_,3.54µm
_08468_,3.54µm
_08729_,3.54µm
_08945_,3.54µm
_09023_,3.54µm
_09229_,3.54µm
_09237_,3.54µm
_09281_,3.54µm
_09390_,3.54µm
_09439_,3.54µm
_09529_,3.54µm
_09703_,3.54µm
_09740_,3.54µm
_09802_,3.54µm
_10181_,3.54µm
_10350_,3.54µm
_10519_,3.54µm
_10616_,3.54µm
_10828_,3.54µm
_10860_,3.54µm
_11034_,3.54µm
_11124_,3.54µm
_11450_,3.54µm
_11573_,3.54µm
_11733_,3.54µm
_11748_,3.54µm
_11774_,3.54µm
_11855_,3.54µm
_12077_,3.54µm
_12120_,3.54µm
_12737_,3.54µm
_12857_,3.54µm
_13025_,3.54µm
_13041_,3.54µm
_13260_,3.54µm
_13272_,3.54µm
_13353_,3.54µm
_13567_,3.54µm
_14397_,3.54µm
_14419_,3.54µm
_14619_,3.54µm
_14840_,3.54µm
_14918_,3.54µm
_15662_,3.54µm
_15689_,3.54µm
_15730_,3.54µm
_15776_,3.54µm
_15968_,3.54µm
_16166_,3.54µm
_16238_,3.54µm
_16457_,3.54µm
_16979_,3.54µm
_17170_,3.54µm
_17954_,3.54µm
_18044_,3.54µm
_18246_,3.54µm
_18283_,3.54µm
_18342_,3.54µm
_18403_,3.54µm
_18498_,3.54µm
_18549_,3.54µm
_18761_,3.54µm
_18769_,3.54µm
_18979_,3.54µm
_18985_,3.54µm
_19012_,3.54µm
_19568_,3.54µm
_19660_,3.54µm
_19679_,3.54µm
_19831_,3.54µm
_19970_,3.54µm
_20143_,3.54µm
_20321_,3.54µm
_20419_,3.54µm
_20849_,3.54µm
_20920_,3.54µm
_20978_,3.54µm
_21020_,3.54µm
_21219_,3.54µm
_21284_,3.54µm
_21307_,3.54µm
_21337_,3.54µm
adder_buffer.value\[27\],3.54µm
adder_instance.expmiddlea\[1\],3.54µm
div_exp\[3\],3.54µm
div_mantisa\[22\],3.54µm
div_mantisa\[2\],3.54µm
divider_instance.four_man\[39\],3.54µm
divider_instance.mantisaA0\[18\],3.54µm
mult_mantisa\[7\],3.54µm
multiplier_instance.PPG.genblk1\[0\].masked\[21\],3.54µm
multiplier_instance.PPG.genblk1\[10\].masked\[8\],3.54µm
multiplier_instance.PPG.genblk1\[14\].masked\[13\],3.54µm
multiplier_instance.PPG.genblk1\[18\].masked\[6\],3.54µm
multiplier_instance.PPG.genblk1\[1\].masked\[0\],3.54µm
multiplier_instance.PPG.genblk1\[2\].masked\[13\],3.54µm
multiplier_instance.TT.genblk1\[0\].CSA1.C\[21\],3.54µm
reorder_buf_instance.array\[0\]\[20\],3.54µm
net2134,3.54µm
net2253,3.54µm
net2281,3.54µm
net2366,3.54µm
net2432,3.54µm
net2439,3.54µm
net2506,3.54µm
net2509,3.54µm
net2522,3.54µm
net2546,3.54µm
net2590,3.54µm
net2605,3.54µm
net2651,3.54µm
net2676,3.54µm
net2682,3.54µm
net2683,3.54µm
net2702,3.54µm
net2713,3.54µm
net2755,3.54µm
net2786,3.54µm
net2832,3.54µm
net2855,3.54µm
net2906,3.54µm
net2924,3.54µm
net2940,3.54µm
net2977,3.54µm
net2980,3.54µm
net2985,3.54µm
net2990,3.54µm
net3073,3.54µm
net3125,3.54µm
net3135,3.54µm
net3302,3.54µm
_13512_,3.535µm
_00869_,3.525µm
_00304_,3.52µm
_03564_,3.52µm
_05393_,3.52µm
_05510_,3.52µm
_05704_,3.52µm
_06723_,3.52µm
_07100_,3.52µm
_07109_,3.52µm
_07876_,3.52µm
_09941_,3.52µm
_11542_,3.52µm
_12076_,3.52µm
_12281_,3.52µm
_12741_,3.52µm
_12929_,3.52µm
_13844_,3.52µm
_14352_,3.52µm
_15248_,3.52µm
_16837_,3.52µm
_17451_,3.52µm
_18833_,3.52µm
_20544_,3.52µm
_20942_,3.52µm
multiplier_instance.TT.genblk1\[3\].CSA1.B\[25\],3.52µm
_01143_,3.515µm
_01207_,3.505µm
_01422_,3.505µm
_01856_,3.505µm
_02379_,3.505µm
_02538_,3.505µm
_06054_,3.505µm
_00103_,3.49µm
_02045_,3.485µm
_12946_,3.475µm
_21673_,3.47µm
_00817_,3.465µm
_00819_,3.465µm
_00832_,3.465µm
_00862_,3.465µm
_00899_,3.465µm
_01141_,3.465µm
_01155_,3.465µm
_01200_,3.465µm
_01203_,3.465µm
_01399_,3.465µm
_01444_,3.465µm
_01496_,3.465µm
_01500_,3.465µm
_01526_,3.465µm
_01552_,3.465µm
_01558_,3.465µm
_01582_,3.465µm
_01766_,3.465µm
_01884_,3.465µm
_01885_,3.465µm
_01923_,3.465µm
_01958_,3.465µm
_01959_,3.465µm
_02012_,3.465µm
_02033_,3.465µm
_02037_,3.465µm
_02221_,3.465µm
_02337_,3.465µm
_12046_,3.45µm
_01013_,3.44µm
_02816_,3.44µm
_02846_,3.44µm
_02916_,3.44µm
_02926_,3.44µm
_02928_,3.44µm
_02953_,3.44µm
_02959_,3.44µm
_02969_,3.44µm
_03075_,3.44µm
_03087_,3.44µm
_03127_,3.44µm
_03139_,3.44µm
_03155_,3.44µm
_03167_,3.44µm
_03543_,3.44µm
_03553_,3.44µm
_03583_,3.44µm
_03643_,3.44µm
_04666_,3.44µm
_04903_,3.44µm
_05114_,3.44µm
_05342_,3.44µm
_07857_,3.44µm
_07936_,3.44µm
_08135_,3.44µm
_09114_,3.44µm
_09905_,3.44µm
_11665_,3.44µm
_12601_,3.44µm
_13366_,3.44µm
_13411_,3.44µm
_13849_,3.44µm
_14071_,3.44µm
_14759_,3.44µm
_15073_,3.44µm
_15221_,3.44µm
_15575_,3.44µm
_15927_,3.44µm
_16201_,3.44µm
_16504_,3.44µm
_16610_,3.44µm
_16663_,3.44µm
_17132_,3.44µm
_17329_,3.44µm
_17359_,3.44µm
_17405_,3.44µm
_17429_,3.44µm
_17433_,3.44µm
_17435_,3.44µm
_17437_,3.44µm
_17527_,3.44µm
_17567_,3.44µm
_17583_,3.44µm
_17597_,3.44µm
_17617_,3.44µm
_17647_,3.44µm
_17655_,3.44µm
_17671_,3.44µm
_17741_,3.44µm
_17789_,3.44µm
_18528_,3.44µm
_19166_,3.44µm
_20002_,3.44µm
_21143_,3.44µm
_21310_,3.44µm
_21659_,3.44µm
multiplier_instance.TT.genblk1\[1\].CSA1.B\[24\],3.44µm
multiplier_instance.TT.genblk1\[1\].CSA1.B\[4\],3.44µm
multiplier_instance.TT.genblk1\[2\].CSA1.B\[21\],3.44µm
multiplier_instance.TT.genblk1\[2\].CSA1.B\[25\],3.44µm
net183,3.44µm
net2921,3.44µm
net2942,3.44µm
net2969,3.44µm
reorder_buf_instance.array\[5\]\[5\],3.425µm
_00500_,3.42µm
_02210_,3.42µm
_02579_,3.42µm
_02820_,3.42µm
_02923_,3.42µm
_02964_,3.42µm
_02989_,3.42µm
_03005_,3.42µm
_03019_,3.42µm
_03105_,3.42µm
_03118_,3.42µm
_03342_,3.42µm
_03446_,3.42µm
_03464_,3.42µm
_03522_,3.42µm
_03567_,3.42µm
_03569_,3.42µm
_03576_,3.42µm
_03604_,3.42µm
_03884_,3.42µm
_03934_,3.42µm
_04106_,3.42µm
_04321_,3.42µm
_04357_,3.42µm
_04429_,3.42µm
_04488_,3.42µm
_04578_,3.42µm
_04830_,3.42µm
_04911_,3.42µm
_05005_,3.42µm
_05021_,3.42µm
_05050_,3.42µm
_05481_,3.42µm
_05658_,3.42µm
_05737_,3.42µm
_06053_,3.42µm
_06174_,3.42µm
_06349_,3.42µm
_06376_,3.42µm
_06471_,3.42µm
_06695_,3.42µm
_07119_,3.42µm
_07251_,3.42µm
_07276_,3.42µm
_07364_,3.42µm
_07512_,3.42µm
_07521_,3.42µm
_07735_,3.42µm
_07892_,3.42µm
_08132_,3.42µm
_08244_,3.42µm
_08284_,3.42µm
_08399_,3.42µm
_08622_,3.42µm
_08656_,3.42µm
_08698_,3.42µm
_08754_,3.42µm
_08757_,3.42µm
_08793_,3.42µm
_08891_,3.42µm
_09010_,3.42µm
_09063_,3.42µm
_09261_,3.42µm
_09655_,3.42µm
_09695_,3.42µm
_09840_,3.42µm
_09906_,3.42µm
_09977_,3.42µm
_09983_,3.42µm
_10078_,3.42µm
_10253_,3.42µm
_10805_,3.42µm
_10815_,3.42µm
_10839_,3.42µm
_10858_,3.42µm
_10861_,3.42µm
_10899_,3.42µm
_11089_,3.42µm
_11330_,3.42µm
_11370_,3.42µm
_11467_,3.42µm
_11482_,3.42µm
_11720_,3.42µm
_11813_,3.42µm
_12022_,3.42µm
_12217_,3.42µm
_12293_,3.42µm
_12490_,3.42µm
_12549_,3.42µm
_12859_,3.42µm
_13005_,3.42µm
_13027_,3.42µm
_13070_,3.42µm
_13181_,3.42µm
_13221_,3.42µm
_13426_,3.42µm
_13654_,3.42µm
_13707_,3.42µm
_13790_,3.42µm
_13955_,3.42µm
_14191_,3.42µm
_14357_,3.42µm
_14376_,3.42µm
_14382_,3.42µm
_14808_,3.42µm
_14831_,3.42µm
_14875_,3.42µm
_15596_,3.42µm
_15678_,3.42µm
_15692_,3.42µm
_15710_,3.42µm
_15782_,3.42µm
_15844_,3.42µm
_15846_,3.42µm
_15961_,3.42µm
_15963_,3.42µm
_16018_,3.42µm
_16092_,3.42µm
_16144_,3.42µm
_16163_,3.42µm
_16231_,3.42µm
_16599_,3.42µm
_16836_,3.42µm
_16934_,3.42µm
_17344_,3.42µm
_17559_,3.42µm
_17733_,3.42µm
_18078_,3.42µm
_18142_,3.42µm
_18344_,3.42µm
_18536_,3.42µm
_18541_,3.42µm
_18639_,3.42µm
_18686_,3.42µm
_18701_,3.42µm
_18707_,3.42µm
_18735_,3.42µm
_19031_,3.42µm
_19142_,3.42µm
_19250_,3.42µm
_19305_,3.42µm
_19308_,3.42µm
_19386_,3.42µm
_19397_,3.42µm
_19404_,3.42µm
_19423_,3.42µm
_19563_,3.42µm
_19640_,3.42µm
_19693_,3.42µm
_19845_,3.42µm
_19849_,3.42µm
_19965_,3.42µm
_20010_,3.42µm
_20157_,3.42µm
_20231_,3.42µm
_20256_,3.42µm
_20303_,3.42µm
_20433_,3.42µm
_20491_,3.42µm
_20593_,3.42µm
_20657_,3.42µm
_20694_,3.42µm
_20856_,3.42µm
_20900_,3.42µm
_20926_,3.42µm
_20962_,3.42µm
_20964_,3.42µm
_21034_,3.42µm
_21398_,3.42µm
_21442_,3.42µm
_21470_,3.42µm
_21578_,3.42µm
_21594_,3.42µm
_21643_,3.42µm
_21787_,3.42µm
multiplier_instance.TT.genblk1\[2\].CSA1.C\[31\],3.42µm
multiplier_instance.TT.genblk1\[3\].CSA1.B\[14\],3.42µm
multiplier_instance.TT.genblk1\[4\].CSA1.B\[30\],3.42µm
multiplier_instance.TT.genblk1\[7\].CSA1.B\[40\],3.42µm
reorder_buf_instance.value0\[19\],3.42µm
reorder_buf_instance.value2\[10\],3.42µm
net971,3.42µm
net2196,3.42µm
net2210,3.42µm
net2297,3.42µm
net2345,3.42µm
net2359,3.42µm
net2476,3.42µm
net2489,3.42µm
net2586,3.42µm
net2587,3.42µm
net2646,3.42µm
net2696,3.42µm
net2803,3.42µm
net2841,3.42µm
net3141,3.42µm
net3142,3.42µm
net3232,3.42µm
_02428_,3.415µm
_00913_,3.405µm
_01006_,3.405µm
_01055_,3.405µm
_01464_,3.405µm
_00108_,3.4µm
_00141_,3.4µm
_00157_,3.4µm
_00477_,3.4µm
_00700_,3.4µm
_00762_,3.4µm
_06191_,3.4µm
_11362_,3.4µm
_13357_,3.4µm
_14546_,3.4µm
_18801_,3.4µm
_01522_,3.395µm
_10608_,3.39µm
_04862_,3.385µm
_08774_,3.38µm
_16251_,3.38µm
_00113_,3.35µm
_00239_,3.35µm
_00518_,3.35µm
_18929_,3.35µm
_01058_,3.345µm
_01082_,3.345µm
_01180_,3.345µm
_01187_,3.345µm
_01212_,3.345µm
_01288_,3.345µm
_01490_,3.345µm
_01750_,3.345µm
_01760_,3.345µm
_02027_,3.345µm
_02059_,3.345µm
_02376_,3.345µm
_01045_,3.34µm
net2125,3.34µm
_00813_,3.32µm
_00842_,3.32µm
_00872_,3.32µm
_00879_,3.32µm
_01064_,3.32µm
_01320_,3.32µm
_01408_,3.32µm
_01450_,3.32µm
_02040_,3.32µm
_02072_,3.32µm
_02140_,3.32µm
_02230_,3.32µm
_02253_,3.32µm
_02434_,3.32µm
_02491_,3.32µm
_02537_,3.32µm
_04768_,3.32µm
_05732_,3.32µm
_05863_,3.32µm
_06655_,3.32µm
_07567_,3.32µm
_07948_,3.32µm
_08268_,3.32µm
_08429_,3.32µm
_09279_,3.32µm
_09469_,3.32µm
_09721_,3.32µm
_09803_,3.32µm
_09916_,3.32µm
_11114_,3.32µm
_12393_,3.32µm
_12671_,3.32µm
_13640_,3.32µm
_13952_,3.32µm
_14177_,3.32µm
_14981_,3.32µm
_15827_,3.32µm
_15940_,3.32µm
_16428_,3.32µm
_16558_,3.32µm
_18308_,3.32µm
_18317_,3.32µm
_19440_,3.32µm
_21564_,3.32µm
net2355,3.32µm
net2385,3.32µm
net3295,3.32µm
net3384,3.32µm
_20503_,3.305µm
_00085_,3.3µm
_00156_,3.3µm
_00262_,3.3µm
_00286_,3.3µm
_00435_,3.3µm
_00480_,3.3µm
_00544_,3.3µm
_00625_,3.3µm
_00735_,3.3µm
_00742_,3.3µm
_00743_,3.3µm
_00785_,3.3µm
_03727_,3.3µm
_03844_,3.3µm
_04107_,3.3µm
_04350_,3.3µm
_04489_,3.3µm
_04741_,3.3µm
_04896_,3.3µm
_04930_,3.3µm
_05104_,3.3µm
_05142_,3.3µm
_05149_,3.3µm
_05285_,3.3µm
_05696_,3.3µm
_07612_,3.3µm
_08614_,3.3µm
_08686_,3.3µm
_08892_,3.3µm
_08925_,3.3µm
_09798_,3.3µm
_10262_,3.3µm
_11608_,3.3µm
_13653_,3.3µm
_13660_,3.3µm
_14305_,3.3µm
_14571_,3.3µm
_14584_,3.3µm
_14663_,3.3µm
_15458_,3.3µm
_18144_,3.3µm
_20068_,3.3µm
_20767_,3.3µm
multiplier_instance.PPG.genblk1\[10\].masked\[21\],3.3µm
multiplier_instance.PPG.genblk1\[16\].masked\[9\],3.3µm
multiplier_instance.PPG.genblk1\[1\].masked\[2\],3.3µm
reorder_buf_instance.array\[10\]\[17\],3.3µm
net2135,3.3µm
_01276_,3.295µm
_01568_,3.295µm
_01934_,3.265µm
_15538_,3.26µm
_00660_,3.25µm
_00810_,3.245µm
_00995_,3.245µm
_01234_,3.245µm
_01240_,3.245µm
_01336_,3.245µm
_01542_,3.245µm
_01713_,3.245µm
_01738_,3.245µm
_01740_,3.245µm
_01886_,3.245µm
_01914_,3.245µm
_01917_,3.245µm
_01919_,3.245µm
_01922_,3.245µm
_01927_,3.245µm
_01941_,3.245µm
_02020_,3.245µm
_02035_,3.245µm
_02038_,3.245µm
_02052_,3.245µm
_02077_,3.245µm
_02136_,3.245µm
_02194_,3.245µm
_02334_,3.245µm
_02347_,3.245µm
_02454_,3.245µm
net2462,3.245µm
net2618,3.245µm
_17774_,3.24µm
_00112_,3.23µm
_00194_,3.23µm
_00246_,3.23µm
_00300_,3.23µm
_00358_,3.23µm
_00391_,3.23µm
_00394_,3.23µm
_00456_,3.23µm
_00722_,3.23µm
_00801_,3.23µm
_04125_,3.23µm
_19903_,3.23µm
_01053_,3.225µm
_01383_,3.225µm
_01720_,3.225µm
_01755_,3.225µm
_02261_,3.225µm
_01806_,3.22µm
_03709_,3.22µm
_03948_,3.22µm
_03988_,3.22µm
_04008_,3.22µm
_04140_,3.22µm
_04334_,3.22µm
_04400_,3.22µm
_04972_,3.22µm
_05492_,3.22µm
_05577_,3.22µm
_05654_,3.22µm
_05661_,3.22µm
_05976_,3.22µm
_06022_,3.22µm
_06193_,3.22µm
_06505_,3.22µm
_06532_,3.22µm
_06543_,3.22µm
_06916_,3.22µm
_07402_,3.22µm
_07798_,3.22µm
_07824_,3.22µm
_07968_,3.22µm
_08050_,3.22µm
_08786_,3.22µm
_08819_,3.22µm
_09145_,3.22µm
_09519_,3.22µm
_09756_,3.22µm
_09898_,3.22µm
_10274_,3.22µm
_10370_,3.22µm
_10471_,3.22µm
_10502_,3.22µm
_10508_,3.22µm
_10533_,3.22µm
_10703_,3.22µm
_11295_,3.22µm
_11572_,3.22µm
_12237_,3.22µm
_12264_,3.22µm
_13416_,3.22µm
_13570_,3.22µm
_14350_,3.22µm
_14779_,3.22µm
_14886_,3.22µm
_15132_,3.22µm
_15850_,3.22µm
_16983_,3.22µm
_17982_,3.22µm
_18096_,3.22µm
_18136_,3.22µm
_19006_,3.22µm
_20615_,3.22µm
_20805_,3.22µm
multiplier_instance.PPG.genblk1\[0\].masked\[13\],3.22µm
multiplier_instance.PPG.genblk1\[16\].masked\[14\],3.22µm
multiplier_instance.PPG.genblk1\[1\].masked\[11\],3.22µm
multiplier_instance.PPG.genblk1\[22\].masked\[4\],3.22µm
multiplier_instance.PPG.genblk1\[22\].masked\[5\],3.22µm
multiplier_instance.PPG.genblk1\[3\].masked\[5\],3.22µm
multiplier_instance.PPG.genblk1\[9\].masked\[16\],3.22µm
multiplier_instance.s1_exp_a\[1\],3.22µm
multiplier_instance.s1_exp_a\[5\],3.22µm
multiplier_instance.s1_exp_b\[0\],3.22µm
multiplier_instance.s2_exp_b\[1\],3.22µm
multiplier_instance.s2_exp_b\[5\],3.22µm
net2201,3.22µm
net2243,3.22µm
net2828,3.22µm
net2845,3.22µm
net2872,3.22µm
net2903,3.22µm
net3106,3.22µm
net3159,3.22µm
net3164,3.22µm
net3271,3.22µm
net3304,3.22µm
net3381,3.22µm
_00047_,3.2µm
_00055_,3.2µm
_00093_,3.2µm
_00282_,3.2µm
_03295_,3.2µm
_04015_,3.2µm
_04176_,3.2µm
_04326_,3.2µm
_06237_,3.2µm
_06549_,3.2µm
_06661_,3.2µm
_06864_,3.2µm
_08590_,3.2µm
_08630_,3.2µm
_08913_,3.2µm
_12250_,3.2µm
_13000_,3.2µm
_13065_,3.2µm
_14340_,3.2µm
_14670_,3.2µm
_16560_,3.2µm
_18218_,3.2µm
_18325_,3.2µm
_18902_,3.2µm
_19650_,3.2µm
_20206_,3.2µm
_20509_,3.2µm
_20560_,3.2µm
_21675_,3.2µm
multiplier_instance.PPG.genblk1\[13\].masked\[6\],3.2µm
multiplier_instance.PPG.genblk1\[18\].masked\[13\],3.2µm
multiplier_instance.PPG.genblk1\[20\].masked\[12\],3.2µm
multiplier_instance.PPG.genblk1\[23\].masked\[13\],3.2µm
multiplier_instance.PPG.genblk1\[2\].masked\[6\],3.2µm
multiplier_instance.PPG.genblk1\[2\].masked\[7\],3.2µm
multiplier_instance.PPG.genblk1\[3\].masked\[16\],3.2µm
multiplier_instance.PPG.genblk1\[3\].masked\[2\],3.2µm
multiplier_instance.PPG.genblk1\[7\].masked\[6\],3.2µm
multiplier_instance.PPG.genblk1\[9\].masked\[5\],3.2µm
multiplier_instance.PPG.genblk1\[9\].masked\[7\],3.2µm
net2523,3.2µm
_00129_,3.18µm
_00498_,3.18µm
_00541_,3.18µm
_00773_,3.18µm
_06381_,3.18µm
_08228_,3.18µm
_08681_,3.18µm
_10832_,3.18µm
_12188_,3.18µm
_14940_,3.18µm
_15095_,3.18µm
_16142_,3.18µm
_16594_,3.18µm
_16888_,3.18µm
_19260_,3.18µm
_21121_,3.18µm
reorder_buf_instance.array\[3\]\[17\],3.18µm
net2801,3.18µm
_00834_,3.175µm
_00887_,3.175µm
_01243_,3.175µm
_01686_,3.175µm
_01751_,3.175µm
_02213_,3.175µm
_02290_,3.175µm
_02525_,3.175µm
net2584,3.17µm
_00969_,3.165µm
_01000_,3.165µm
_02016_,3.165µm
_02085_,3.165µm
_02216_,3.165µm
_03498_,3.16µm
_00163_,3.15µm
_00238_,3.15µm
_00729_,3.15µm
_02273_,3.145µm
_04501_,3.14µm
_10392_,3.14µm
_12435_,3.14µm
_00098_,3.13µm
_00253_,3.13µm
_00319_,3.13µm
_00836_,3.125µm
_01298_,3.125µm
net2130,3.125µm
_03191_,3.12µm
_15031_,3.11µm
_01794_,3.105µm
_02654_,3.1µm
_02687_,3.1µm
_03731_,3.1µm
_03902_,3.1µm
_03928_,3.1µm
_04035_,3.1µm
_04253_,3.1µm
_04352_,3.1µm
_04460_,3.1µm
_04496_,3.1µm
_04629_,3.1µm
_04671_,3.1µm
_05165_,3.1µm
_05256_,3.1µm
_05268_,3.1µm
_05324_,3.1µm
_05412_,3.1µm
_05575_,3.1µm
_05764_,3.1µm
_06218_,3.1µm
_06316_,3.1µm
_06321_,3.1µm
_06495_,3.1µm
_06750_,3.1µm
_06754_,3.1µm
_06761_,3.1µm
_06810_,3.1µm
_06934_,3.1µm
_07009_,3.1µm
_07079_,3.1µm
_07118_,3.1µm
_07203_,3.1µm
_07447_,3.1µm
_07578_,3.1µm
_07593_,3.1µm
_07741_,3.1µm
_08125_,3.1µm
_08780_,3.1µm
_08829_,3.1µm
_08924_,3.1µm
_09044_,3.1µm
_09185_,3.1µm
_09406_,3.1µm
_09501_,3.1µm
_09545_,3.1µm
_09633_,3.1µm
_09792_,3.1µm
_09927_,3.1µm
_09956_,3.1µm
_10266_,3.1µm
_10673_,3.1µm
_10717_,3.1µm
_10719_,3.1µm
_10863_,3.1µm
_10992_,3.1µm
_11181_,3.1µm
_11220_,3.1µm
_11227_,3.1µm
_11251_,3.1µm
_11462_,3.1µm
_11528_,3.1µm
_11620_,3.1µm
_11717_,3.1µm
_11821_,3.1µm
_11916_,3.1µm
_12247_,3.1µm
_12470_,3.1µm
_12612_,3.1µm
_12618_,3.1µm
_12871_,3.1µm
_13014_,3.1µm
_13047_,3.1µm
_13132_,3.1µm
_13656_,3.1µm
_13956_,3.1µm
_14231_,3.1µm
_14715_,3.1µm
_14721_,3.1µm
_14749_,3.1µm
_15503_,3.1µm
_15704_,3.1µm
_15902_,3.1µm
_15928_,3.1µm
_15955_,3.1µm
_16280_,3.1µm
_16387_,3.1µm
_16527_,3.1µm
_17294_,3.1µm
_17796_,3.1µm
_17810_,3.1µm
_17893_,3.1µm
_17967_,3.1µm
_18001_,3.1µm
_18271_,3.1µm
_18282_,3.1µm
_18419_,3.1µm
_19541_,3.1µm
_19777_,3.1µm
_19810_,3.1µm
_20502_,3.1µm
_20989_,3.1µm
_21645_,3.1µm
_21695_,3.1µm
_21752_,3.1µm
_21788_,3.1µm
_21796_,3.1µm
divider_instance.signA0,3.1µm
multiplier_instance.TT.genblk1\[1\].CSA1.B\[11\],3.1µm
multiplier_instance.TT.genblk1\[6\].CSA1.A\[28\],3.1µm
net2782,3.1µm
net3219,3.1µm
net3235,3.1µm
net3367,3.1µm
_07377_,3.09µm
_12301_,3.085µm
_00048_,3.08µm
_00089_,3.08µm
_00261_,3.08µm
_00483_,3.08µm
_00505_,3.08µm
_00608_,3.08µm
_00717_,3.08µm
_01663_,3.08µm
_01666_,3.08µm
_02596_,3.08µm
_02647_,3.08µm
_02658_,3.08µm
_02897_,3.08µm
_02900_,3.08µm
_02910_,3.08µm
_03093_,3.08µm
_03129_,3.08µm
_03328_,3.08µm
_03396_,3.08µm
_03436_,3.08µm
_03549_,3.08µm
_03575_,3.08µm
_03839_,3.08µm
_03855_,3.08µm
_04018_,3.08µm
_04473_,3.08µm
_04615_,3.08µm
_04618_,3.08µm
_04650_,3.08µm
_04654_,3.08µm
_04900_,3.08µm
_05188_,3.08µm
_05247_,3.08µm
_05284_,3.08µm
_05301_,3.08µm
_05391_,3.08µm
_05407_,3.08µm
_05549_,3.08µm
_05580_,3.08µm
_05797_,3.08µm
_06020_,3.08µm
_06203_,3.08µm
_06208_,3.08µm
_06352_,3.08µm
_06363_,3.08µm
_06500_,3.08µm
_06579_,3.08µm
_06600_,3.08µm
_06710_,3.08µm
_06814_,3.08µm
_06867_,3.08µm
_06871_,3.08µm
_06984_,3.08µm
_07033_,3.08µm
_07071_,3.08µm
_07138_,3.08µm
_07279_,3.08µm
_07459_,3.08µm
_07525_,3.08µm
_07557_,3.08µm
_07581_,3.08µm
_07757_,3.08µm
_07895_,3.08µm
_07966_,3.08µm
_07991_,3.08µm
_08102_,3.08µm
_08153_,3.08µm
_08202_,3.08µm
_08272_,3.08µm
_08392_,3.08µm
_08509_,3.08µm
_08652_,3.08µm
_08756_,3.08µm
_08918_,3.08µm
_08946_,3.08µm
_09143_,3.08µm
_09538_,3.08µm
_09719_,3.08µm
_09734_,3.08µm
_09821_,3.08µm
_09834_,3.08µm
_10231_,3.08µm
_10282_,3.08µm
_10426_,3.08µm
_10655_,3.08µm
_11027_,3.08µm
_11298_,3.08µm
_11325_,3.08µm
_11396_,3.08µm
_11561_,3.08µm
_11563_,3.08µm
_11650_,3.08µm
_11903_,3.08µm
_11921_,3.08µm
_12089_,3.08µm
_12236_,3.08µm
_12258_,3.08µm
_12315_,3.08µm
_12360_,3.08µm
_12367_,3.08µm
_12610_,3.08µm
_12687_,3.08µm
_12712_,3.08µm
_12846_,3.08µm
_12974_,3.08µm
_13044_,3.08µm
_13059_,3.08µm
_13223_,3.08µm
_13262_,3.08µm
_13293_,3.08µm
_13388_,3.08µm
_13554_,3.08µm
_13774_,3.08µm
_13885_,3.08µm
_14103_,3.08µm
_14199_,3.08µm
_14548_,3.08µm
_14711_,3.08µm
_15182_,3.08µm
_15205_,3.08µm
_15275_,3.08µm
_15280_,3.08µm
_15298_,3.08µm
_15342_,3.08µm
_15360_,3.08µm
_15728_,3.08µm
_15878_,3.08µm
_15908_,3.08µm
_15912_,3.08µm
_15936_,3.08µm
_16056_,3.08µm
_16109_,3.08µm
_16228_,3.08µm
_16315_,3.08µm
_16353_,3.08µm
_16370_,3.08µm
_16919_,3.08µm
_16985_,3.08µm
_17163_,3.08µm
_17215_,3.08µm
_17440_,3.08µm
_17563_,3.08µm
_17582_,3.08µm
_17595_,3.08µm
_17874_,3.08µm
_17899_,3.08µm
_18057_,3.08µm
_18219_,3.08µm
_18432_,3.08µm
_18724_,3.08µm
_18822_,3.08µm
_18872_,3.08µm
_18900_,3.08µm
_19272_,3.08µm
_19328_,3.08µm
_19416_,3.08µm
_19469_,3.08µm
_19754_,3.08µm
_19796_,3.08µm
_20191_,3.08µm
_20199_,3.08µm
_20225_,3.08µm
_20584_,3.08µm
_20638_,3.08µm
_20812_,3.08µm
_20932_,3.08µm
_21168_,3.08µm
_21339_,3.08µm
_21341_,3.08µm
_21581_,3.08µm
_21662_,3.08µm
_21674_,3.08µm
_21698_,3.08µm
_21710_,3.08µm
adder_buffer.value\[1\],3.08µm
adder_buffer.value\[3\],3.08µm
adder_instance.expmiddleb\[6\],3.08µm
adder_instance.mantisaA0\[17\],3.08µm
adder_instance.mantisaA0\[22\],3.08µm
divider_instance.four_man\[20\],3.08µm
divider_instance.four_man\[37\],3.08µm
divider_instance.signA3,3.08µm
mult_mantisaA\[20\],3.08µm
multiplier_instance.PPG.genblk1\[0\].masked\[6\],3.08µm
multiplier_instance.PPG.genblk1\[0\].masked\[7\],3.08µm
multiplier_instance.PPG.genblk1\[14\].masked\[11\],3.08µm
multiplier_instance.PPG.genblk1\[23\].masked\[11\],3.08µm
multiplier_instance.PPG.genblk1\[23\].masked\[20\],3.08µm
multiplier_instance.PPG.genblk1\[2\].masked\[4\],3.08µm
multiplier_instance.PPG.genblk1\[3\].masked\[7\],3.08µm
multiplier_instance.PPG.genblk1\[6\].masked\[13\],3.08µm
multiplier_instance.TT.genblk1\[1\].CSA1.C\[10\],3.08µm
multiplier_instance.TT.genblk1\[4\].CSA1.C\[33\],3.08µm
multiplier_instance.s2_exp_b\[0\],3.08µm
multiplier_instance.s2_exp_b\[7\],3.08µm
net364,3.08µm
net2144,3.08µm
net2148,3.08µm
net2223,3.08µm
net2233,3.08µm
net2403,3.08µm
net2426,3.08µm
net2446,3.08µm
net2448,3.08µm
net2484,3.08µm
net2492,3.08µm
net2531,3.08µm
net2564,3.08µm
net2568,3.08µm
net2627,3.08µm
net2641,3.08µm
net2681,3.08µm
net2701,3.08µm
net2710,3.08µm
net2848,3.08µm
net2869,3.08µm
net2870,3.08µm
net2928,3.08µm
net2956,3.08µm
net2968,3.08µm
net3005,3.08µm
net3023,3.08µm
net3028,3.08µm
net3042,3.08µm
net3044,3.08µm
net3063,3.08µm
net3091,3.08µm
net3097,3.08µm
net3134,3.08µm
net3154,3.08µm
net3204,3.08µm
net3342,3.08µm
net3396,3.08µm
_07232_,3.07µm
_01372_,3.065µm
_00191_,3.06µm
_00314_,3.06µm
_00687_,3.06µm
_02832_,3.06µm
_03115_,3.06µm
_03629_,3.06µm
_05957_,3.06µm
_08470_,3.06µm
_12639_,3.06µm
_15899_,3.06µm
_19746_,3.06µm
_21620_,3.06µm
_01217_,3.055µm
_01767_,3.055µm
_02424_,3.055µm
_00851_,3.045µm
_00855_,3.045µm
_01027_,3.045µm
_01236_,3.045µm
_01238_,3.045µm
_01406_,3.045µm
_01415_,3.045µm
_01456_,3.045µm
_01593_,3.045µm
_01701_,3.045µm
_01731_,3.045µm
_01733_,3.045µm
_01758_,3.045µm
_01910_,3.045µm
_01986_,3.045µm
_02018_,3.045µm
_02056_,3.045µm
_02087_,3.045µm
_02181_,3.045µm
_02186_,3.045µm
_02187_,3.045µm
_02531_,3.045µm
_02534_,3.045µm
_02539_,3.045µm
_00531_,3.03µm
_10449_,3.03µm
_07032_,3.025µm
_00792_,3.01µm
_00873_,3.005µm
_00885_,3.005µm
_00953_,3.005µm
_01036_,3.005µm
_01061_,3.005µm
_01069_,3.005µm
_01095_,3.005µm
_01494_,3.005µm
_01495_,3.005µm
_01687_,3.005µm
_01719_,3.005µm
_01729_,3.005µm
_01874_,3.005µm
_01908_,3.005µm
_01912_,3.005µm
_01918_,3.005µm
_01921_,3.005µm
_01924_,3.005µm
_02007_,3.005µm
_02069_,3.005µm
_02133_,3.005µm
_02224_,3.005µm
_02257_,3.005µm
_02448_,3.005µm
_02501_,3.005µm
_11328_,2.995µm
_00058_,2.98µm
_02014_,2.98µm
_02489_,2.98µm
_02597_,2.98µm
_03023_,2.98µm
_03038_,2.98µm
_04040_,2.98µm
_04250_,2.98µm
_05524_,2.98µm
_05723_,2.98µm
_06048_,2.98µm
_06283_,2.98µm
_07151_,2.98µm
_07192_,2.98µm
_10120_,2.98µm
_10601_,2.98µm
_11324_,2.98µm
_11606_,2.98µm
_11756_,2.98µm
_12482_,2.98µm
_12516_,2.98µm
_13949_,2.98µm
_14155_,2.98µm
_14908_,2.98µm
_15923_,2.98µm
_16598_,2.98µm
_16611_,2.98µm
_16798_,2.98µm
_17646_,2.98µm
_18653_,2.98µm
_18791_,2.98µm
_18815_,2.98µm
_19723_,2.98µm
_20555_,2.98µm
_20697_,2.98µm
_20757_,2.98µm
_21183_,2.98µm
_21191_,2.98µm
_21691_,2.98µm
adder_buffer.value\[15\],2.98µm
multiplier_instance.PPG.genblk1\[5\].masked\[13\],2.98µm
net3196,2.98µm
_12070_,2.975µm
_00083_,2.96µm
_00142_,2.96µm
_00264_,2.96µm
_00269_,2.96µm
_00513_,2.96µm
_01673_,2.96µm
_02595_,2.96µm
_02651_,2.96µm
_02814_,2.96µm
_03181_,2.96µm
_03531_,2.96µm
_03624_,2.96µm
_03713_,2.96µm
_03792_,2.96µm
_03843_,2.96µm
_04062_,2.96µm
_04223_,2.96µm
_04525_,2.96µm
_04534_,2.96µm
_04646_,2.96µm
_04737_,2.96µm
_04815_,2.96µm
_05006_,2.96µm
_05074_,2.96µm
_05293_,2.96µm
_05441_,2.96µm
_05610_,2.96µm
_05685_,2.96µm
_05829_,2.96µm
_05943_,2.96µm
_06113_,2.96µm
_06268_,2.96µm
_06368_,2.96µm
_06400_,2.96µm
_06616_,2.96µm
_06621_,2.96µm
_06792_,2.96µm
_06794_,2.96µm
_06873_,2.96µm
_07064_,2.96µm
_07075_,2.96µm
_07334_,2.96µm
_07344_,2.96µm
_07551_,2.96µm
_07633_,2.96µm
_07715_,2.96µm
_07944_,2.96µm
_07958_,2.96µm
_07988_,2.96µm
_08294_,2.96µm
_08336_,2.96µm
_08402_,2.96µm
_08466_,2.96µm
_08547_,2.96µm
_08600_,2.96µm
_08832_,2.96µm
_08975_,2.96µm
_09080_,2.96µm
_09108_,2.96µm
_09142_,2.96µm
_09150_,2.96µm
_09214_,2.96µm
_09278_,2.96µm
_09362_,2.96µm
_09445_,2.96µm
_09497_,2.96µm
_09591_,2.96µm
_09642_,2.96µm
_09743_,2.96µm
_09757_,2.96µm
_09922_,2.96µm
_10024_,2.96µm
_10328_,2.96µm
_10662_,2.96µm
_10824_,2.96µm
_11088_,2.96µm
_11116_,2.96µm
_11127_,2.96µm
_11222_,2.96µm
_11360_,2.96µm
_11435_,2.96µm
_11521_,2.96µm
_11522_,2.96µm
_11624_,2.96µm
_11758_,2.96µm
_11811_,2.96µm
_11824_,2.96µm
_11919_,2.96µm
_12049_,2.96µm
_12067_,2.96µm
_12145_,2.96µm
_12204_,2.96µm
_12205_,2.96µm
_12233_,2.96µm
_12299_,2.96µm
_12320_,2.96µm
_12479_,2.96µm
_12714_,2.96µm
_12842_,2.96µm
_12850_,2.96µm
_12894_,2.96µm
_13205_,2.96µm
_13275_,2.96µm
_13409_,2.96µm
_13477_,2.96µm
_13547_,2.96µm
_13606_,2.96µm
_13678_,2.96µm
_13708_,2.96µm
_13804_,2.96µm
_13904_,2.96µm
_13920_,2.96µm
_14236_,2.96µm
_14455_,2.96µm
_14530_,2.96µm
_14728_,2.96µm
_14788_,2.96µm
_14845_,2.96µm
_15023_,2.96µm
_15172_,2.96µm
_15261_,2.96µm
_15347_,2.96µm
_15417_,2.96µm
_15566_,2.96µm
_15584_,2.96µm
_15619_,2.96µm
_15640_,2.96µm
_15652_,2.96µm
_15717_,2.96µm
_15726_,2.96µm
_15895_,2.96µm
_16045_,2.96µm
_16149_,2.96µm
_16399_,2.96µm
_16454_,2.96µm
_16507_,2.96µm
_16529_,2.96µm
_16648_,2.96µm
_16691_,2.96µm
_16829_,2.96µm
_16840_,2.96µm
_16845_,2.96µm
_16857_,2.96µm
_16874_,2.96µm
_16877_,2.96µm
_16879_,2.96µm
_16928_,2.96µm
_16972_,2.96µm
_17135_,2.96µm
_17195_,2.96µm
_17402_,2.96µm
_17425_,2.96µm
_17443_,2.96µm
_17447_,2.96µm
_17449_,2.96µm
_17472_,2.96µm
_17493_,2.96µm
_17511_,2.96µm
_17565_,2.96µm
_17669_,2.96µm
_17729_,2.96µm
_17806_,2.96µm
_17877_,2.96µm
_18025_,2.96µm
_18131_,2.96µm
_18135_,2.96µm
_18188_,2.96µm
_18266_,2.96µm
_18332_,2.96µm
_18405_,2.96µm
_18535_,2.96µm
_18888_,2.96µm
_18939_,2.96µm
_18960_,2.96µm
_19274_,2.96µm
_19366_,2.96µm
_19584_,2.96µm
_19695_,2.96µm
_19697_,2.96µm
_19761_,2.96µm
_19834_,2.96µm
_20197_,2.96µm
_20469_,2.96µm
_20495_,2.96µm
_20540_,2.96µm
_20596_,2.96µm
_20764_,2.96µm
_20765_,2.96µm
_20772_,2.96µm
_21069_,2.96µm
_21247_,2.96µm
_21400_,2.96µm
_21544_,2.96µm
_21665_,2.96µm
_21669_,2.96µm
_21687_,2.96µm
adder_buffer.value\[7\],2.96µm
divider_instance.mantisaBshift\[1\],2.96µm
mult_buffer.array\[1\]\[36\],2.96µm
multiplier_instance.PPG.genblk1\[18\].masked\[7\],2.96µm
multiplier_instance.PPG.genblk1\[20\].masked\[16\],2.96µm
multiplier_instance.PPG.genblk1\[23\].masked\[16\],2.96µm
multiplier_instance.TT.genblk1\[4\].CSA1.A\[28\],2.96µm
multiplier_instance.TT.genblk1\[6\].CSA1.A\[41\],2.96µm
net2191,2.96µm
net2708,2.96µm
net2714,2.96µm
net2806,2.96µm
_02094_,2.955µm
_00989_,2.945µm
_01116_,2.935µm
_02039_,2.935µm
_17339_,2.92µm
_00883_,2.885µm
_01084_,2.885µm
_01253_,2.885µm
_01660_,2.885µm
_01700_,2.885µm
_02174_,2.885µm
_02270_,2.885µm
_02457_,2.885µm
_01538_,2.88µm
_01868_,2.88µm
_00815_,2.86µm
_01073_,2.86µm
_01291_,2.86µm
_01398_,2.86µm
_01506_,2.86µm
_01594_,2.86µm
_01621_,2.86µm
_01646_,2.86µm
_01748_,2.86µm
_01865_,2.86µm
_01889_,2.86µm
_01905_,2.86µm
_01990_,2.86µm
_02104_,2.86µm
_02132_,2.86µm
_02154_,2.86µm
_02246_,2.86µm
_02305_,2.86µm
_02371_,2.86µm
_03046_,2.86µm
_04747_,2.86µm
_05214_,2.86µm
_06379_,2.86µm
_07356_,2.86µm
_07986_,2.86µm
_08181_,2.86µm
_08189_,2.86µm
_09835_,2.86µm
_09868_,2.86µm
_09890_,2.86µm
_10573_,2.86µm
_10735_,2.86µm
_10842_,2.86µm
_12660_,2.86µm
_12811_,2.86µm
_13377_,2.86µm
_13986_,2.86µm
_14423_,2.86µm
_15768_,2.86µm
_16759_,2.86µm
_17268_,2.86µm
_19296_,2.86µm
net2204,2.86µm
net2239,2.86µm
net2494,2.86µm
net2520,2.86µm
net2547,2.86µm
net2656,2.86µm
net2996,2.86µm
net3161,2.86µm
net3248,2.86µm
net3386,2.86µm
net3397,2.86µm
_00072_,2.84µm
_00076_,2.84µm
_00077_,2.84µm
_00080_,2.84µm
_00106_,2.84µm
_00147_,2.84µm
_00167_,2.84µm
_00181_,2.84µm
_00199_,2.84µm
_00200_,2.84µm
_00204_,2.84µm
_00213_,2.84µm
_00224_,2.84µm
_00245_,2.84µm
_00251_,2.84µm
_00287_,2.84µm
_00327_,2.84µm
_00334_,2.84µm
_00335_,2.84µm
_00337_,2.84µm
_00338_,2.84µm
_00345_,2.84µm
_00352_,2.84µm
_00359_,2.84µm
_00372_,2.84µm
_00398_,2.84µm
_00405_,2.84µm
_00411_,2.84µm
_00417_,2.84µm
_00430_,2.84µm
_00449_,2.84µm
_00464_,2.84µm
_00472_,2.84µm
_00517_,2.84µm
_00551_,2.84µm
_00556_,2.84µm
_00560_,2.84µm
_00578_,2.84µm
_00590_,2.84µm
_00601_,2.84µm
_00619_,2.84µm
_00620_,2.84µm
_00624_,2.84µm
_00666_,2.84µm
_00690_,2.84µm
_00692_,2.84µm
_00696_,2.84µm
_00704_,2.84µm
_00705_,2.84µm
_00719_,2.84µm
_00720_,2.84µm
_00721_,2.84µm
_00733_,2.84µm
_00740_,2.84µm
_00760_,2.84µm
_00778_,2.84µm
_00779_,2.84µm
_00784_,2.84µm
_00802_,2.84µm
_02961_,2.84µm
_04452_,2.84µm
_05014_,2.84µm
_05242_,2.84µm
_05460_,2.84µm
_05895_,2.84µm
_07072_,2.84µm
_07514_,2.84µm
_08907_,2.84µm
_09205_,2.84µm
_09711_,2.84µm
_09826_,2.84µm
_17116_,2.84µm
_19235_,2.84µm
_19371_,2.84µm
_19865_,2.84µm
_20524_,2.84µm
_21575_,2.84µm
adder_buffer.array\[1\]\[35\],2.84µm
multiplier_instance.PPG.genblk1\[12\].masked\[10\],2.84µm
multiplier_instance.PPG.genblk1\[12\].masked\[17\],2.84µm
multiplier_instance.PPG.genblk1\[13\].masked\[15\],2.84µm
multiplier_instance.PPG.genblk1\[13\].masked\[7\],2.84µm
multiplier_instance.PPG.genblk1\[18\].masked\[18\],2.84µm
multiplier_instance.PPG.genblk1\[19\].masked\[18\],2.84µm
multiplier_instance.PPG.genblk1\[1\].masked\[5\],2.84µm
multiplier_instance.PPG.genblk1\[21\].masked\[18\],2.84µm
multiplier_instance.PPG.genblk1\[22\].masked\[18\],2.84µm
multiplier_instance.PPG.genblk1\[6\].masked\[7\],2.84µm
multiplier_instance.PPG.genblk1\[8\].masked\[7\],2.84µm
multiplier_instance.PPG.genblk1\[9\].masked\[23\],2.84µm
multiplier_instance.TT.genblk1\[7\].CSA1.C\[45\],2.84µm
reorder_buf_instance.array\[0\]\[2\],2.84µm
net2374,2.84µm
net2386,2.84µm
net2504,2.84µm
_01265_,2.835µm
_01305_,2.835µm
_01839_,2.835µm
_02282_,2.835µm
_02484_,2.835µm
_13517_,2.835µm
_10835_,2.805µm
_00839_,2.785µm
_00951_,2.785µm
_00966_,2.785µm
_01096_,2.785µm
_01161_,2.785µm
_01218_,2.785µm
_01286_,2.785µm
_01379_,2.785µm
_01392_,2.785µm
_01478_,2.785µm
_01530_,2.785µm
_01543_,2.785µm
_01651_,2.785µm
_01741_,2.785µm
_01757_,2.785µm
_01834_,2.785µm
_01836_,2.785µm
_01862_,2.785µm
_01888_,2.785µm
_01928_,2.785µm
_01933_,2.785µm
_01949_,2.785µm
_02043_,2.785µm
_02258_,2.785µm
_02285_,2.785µm
_02372_,2.785µm
_02439_,2.785µm
_02441_,2.785µm
_06190_,2.785µm
net2199,2.785µm
net2737,2.785µm
_10506_,2.78µm
_00073_,2.77µm
_00132_,2.77µm
_00171_,2.77µm
_00322_,2.77µm
_00580_,2.77µm
_00674_,2.77µm
multiplier_instance.PPG.genblk1\[2\].masked\[12\],2.765µm
_00016_,2.76µm
_00033_,2.76µm
_04011_,2.76µm
_04394_,2.76µm
_04600_,2.76µm
_04623_,2.76µm
_05008_,2.76µm
_05136_,2.76µm
_05197_,2.76µm
_05205_,2.76µm
_05213_,2.76µm
_05419_,2.76µm
_05494_,2.76µm
_05513_,2.76µm
_05533_,2.76µm
_05634_,2.76µm
_06186_,2.76µm
_06458_,2.76µm
_06574_,2.76µm
_06855_,2.76µm
_06885_,2.76µm
_07168_,2.76µm
_07207_,2.76µm
_07215_,2.76µm
_07470_,2.76µm
_07992_,2.76µm
_08445_,2.76µm
_08917_,2.76µm
_08930_,2.76µm
_09035_,2.76µm
_09175_,2.76µm
_09547_,2.76µm
_09764_,2.76µm
_09932_,2.76µm
_10243_,2.76µm
_10820_,2.76µm
_10877_,2.76µm
_10896_,2.76µm
_10909_,2.76µm
_11819_,2.76µm
_11858_,2.76µm
_11877_,2.76µm
_12248_,2.76µm
_12283_,2.76µm
_12336_,2.76µm
_12385_,2.76µm
_12502_,2.76µm
_12556_,2.76µm
_12657_,2.76µm
_13049_,2.76µm
_13476_,2.76µm
_13685_,2.76µm
_14252_,2.76µm
_14288_,2.76µm
_14475_,2.76µm
_14531_,2.76µm
_14717_,2.76µm
_14916_,2.76µm
_15355_,2.76µm
_15983_,2.76µm
_16832_,2.76µm
_17032_,2.76µm
_17051_,2.76µm
_17073_,2.76µm
_17155_,2.76µm
_17682_,2.76µm
_18304_,2.76µm
_18307_,2.76µm
_19072_,2.76µm
_20403_,2.76µm
_20865_,2.76µm
multiplier_instance.PPG.genblk1\[0\].masked\[8\],2.76µm
multiplier_instance.PPG.genblk1\[12\].masked\[13\],2.76µm
multiplier_instance.PPG.genblk1\[13\].masked\[0\],2.76µm
multiplier_instance.PPG.genblk1\[13\].masked\[12\],2.76µm
multiplier_instance.PPG.genblk1\[14\].masked\[22\],2.76µm
multiplier_instance.PPG.genblk1\[14\].masked\[8\],2.76µm
multiplier_instance.PPG.genblk1\[15\].masked\[12\],2.76µm
multiplier_instance.PPG.genblk1\[17\].masked\[12\],2.76µm
multiplier_instance.PPG.genblk1\[17\].masked\[20\],2.76µm
multiplier_instance.PPG.genblk1\[17\].masked\[21\],2.76µm
multiplier_instance.PPG.genblk1\[17\].masked\[8\],2.76µm
multiplier_instance.PPG.genblk1\[4\].masked\[16\],2.76µm
multiplier_instance.PPG.genblk1\[5\].masked\[10\],2.76µm
multiplier_instance.PPG.genblk1\[5\].masked\[22\],2.76µm
multiplier_instance.PPG.genblk1\[7\].masked\[20\],2.76µm
multiplier_instance.PPG.genblk1\[7\].masked\[9\],2.76µm
net2251,2.76µm
net2358,2.76µm
net2412,2.76µm
net2502,2.76µm
net2503,2.76µm
net2535,2.76µm
net2602,2.76µm
net2608,2.76µm
net2621,2.76µm
net2670,2.76µm
net2691,2.76µm
net2732,2.76µm
net2749,2.76µm
net2795,2.76µm
net2851,2.76µm
net2858,2.76µm
net2867,2.76µm
net2880,2.76µm
net2884,2.76µm
net2892,2.76µm
net2914,2.76µm
net2944,2.76µm
net3016,2.76µm
net3018,2.76µm
net3051,2.76µm
net3060,2.76µm
net3088,2.76µm
net3160,2.76µm
net3349,2.76µm
net3351,2.76µm
net3383,2.76µm
net3394,2.76µm
_14549_,2.745µm
_00117_,2.74µm
_00193_,2.74µm
_00407_,2.74µm
_00747_,2.74µm
_02573_,2.74µm
_03704_,2.74µm
_03892_,2.74µm
_03897_,2.74µm
_04281_,2.74µm
_05106_,2.74µm
_08437_,2.74µm
_08517_,2.74µm
_09392_,2.74µm
_09783_,2.74µm
_10210_,2.74µm
_11278_,2.74µm
_11585_,2.74µm
_12778_,2.74µm
_13780_,2.74µm
_15178_,2.74µm
_15843_,2.74µm
_17767_,2.74µm
_17930_,2.74µm
_19168_,2.74µm
_19999_,2.74µm
_20970_,2.74µm
_21663_,2.74µm
multiplier_instance.PPG.genblk1\[12\].masked\[20\],2.74µm
multiplier_instance.PPG.genblk1\[15\].masked\[16\],2.74µm
multiplier_instance.PPG.genblk1\[15\].masked\[4\],2.74µm
multiplier_instance.PPG.genblk1\[19\].masked\[2\],2.74µm
multiplier_instance.PPG.genblk1\[1\].masked\[14\],2.74µm
multiplier_instance.PPG.genblk1\[22\].masked\[14\],2.74µm
multiplier_instance.PPG.genblk1\[4\].masked\[6\],2.74µm
multiplier_instance.PPG.genblk1\[7\].masked\[8\],2.74µm
multiplier_instance.PPG.genblk1\[9\].masked\[11\],2.74µm
multiplier_instance.PPG.genblk1\[9\].masked\[19\],2.74µm
net2136,2.74µm
net2137,2.74µm
net3052,2.74µm
_00187_,2.72µm
_00214_,2.72µm
_00267_,2.72µm
_00458_,2.72µm
_00683_,2.72µm
_03156_,2.72µm
_04782_,2.72µm
_05108_,2.72µm
_09025_,2.72µm
_09903_,2.72µm
_17750_,2.72µm
_18602_,2.72µm
multiplier_instance.s1_exp_b\[1\],2.72µm
multiplier_instance.s1_exp_b\[2\],2.72µm
_00828_,2.715µm
_00938_,2.715µm
_01010_,2.715µm
_01050_,2.715µm
_01097_,2.715µm
_01181_,2.715µm
_01352_,2.715µm
_01386_,2.715µm
_01515_,2.715µm
_01688_,2.715µm
_01955_,2.715µm
_02259_,2.715µm
_02260_,2.715µm
_02524_,2.715µm
_21728_,2.715µm
_01060_,2.705µm
_08354_,2.705µm
_01133_,2.695µm
_00096_,2.69µm
_00122_,2.69µm
_00135_,2.69µm
_00140_,2.69µm
_00231_,2.69µm
_00248_,2.69µm
_00275_,2.69µm
_00332_,2.69µm
_00356_,2.69µm
_00366_,2.69µm
_00367_,2.69µm
_00426_,2.69µm
_00437_,2.69µm
_00474_,2.69µm
_00487_,2.69µm
_00543_,2.69µm
_00566_,2.69µm
_00597_,2.69µm
_00615_,2.69µm
_00678_,2.69µm
_00695_,2.69µm
_00741_,2.69µm
_00745_,2.69µm
_00757_,2.69µm
_00774_,2.69µm
_00782_,2.69µm
_04454_,2.68µm
_00589_,2.67µm
_00663_,2.67µm
_00775_,2.67µm
_03360_,2.64µm
_03379_,2.64µm
_03985_,2.64µm
_04712_,2.64µm
_04890_,2.64µm
_04938_,2.64µm
_05091_,2.64µm
_05400_,2.64µm
_05598_,2.64µm
_05706_,2.64µm
_05775_,2.64µm
_06789_,2.64µm
_07061_,2.64µm
_07373_,2.64µm
_07440_,2.64µm
_07507_,2.64µm
_08004_,2.64µm
_08807_,2.64µm
_09017_,2.64µm
_09416_,2.64µm
_09491_,2.64µm
_10076_,2.64µm
_10386_,2.64µm
_10483_,2.64µm
_10530_,2.64µm
_10584_,2.64µm
_11357_,2.64µm
_11839_,2.64µm
_12143_,2.64µm
_12147_,2.64µm
_12319_,2.64µm
_12331_,2.64µm
_12432_,2.64µm
_12546_,2.64µm
_12628_,2.64µm
_12885_,2.64µm
_13112_,2.64µm
_13140_,2.64µm
_13317_,2.64µm
_13436_,2.64µm
_13484_,2.64µm
_13621_,2.64µm
_13633_,2.64µm
_13943_,2.64µm
_14510_,2.64µm
_15019_,2.64µm
_15039_,2.64µm
_15865_,2.64µm
_15887_,2.64µm
_15900_,2.64µm
_16059_,2.64µm
_16165_,2.64µm
_17012_,2.64µm
_17018_,2.64µm
_17309_,2.64µm
_17870_,2.64µm
_18150_,2.64µm
_18582_,2.64µm
_19830_,2.64µm
_20465_,2.64µm
_20845_,2.64µm
_21008_,2.64µm
_21473_,2.64µm
_21615_,2.64µm
_21693_,2.64µm
_21789_,2.64µm
div_mantisa\[6\],2.64µm
divider_instance.four_man\[29\],2.64µm
multiplier_instance.PPG.genblk1\[13\].masked\[11\],2.64µm
multiplier_instance.PPG.genblk1\[13\].masked\[2\],2.64µm
multiplier_instance.PPG.genblk1\[15\].masked\[20\],2.64µm
net2742,2.64µm
_02646_,2.635µm
_16269_,2.63µm
_12604_,2.625µm
_00162_,2.62µm
_00676_,2.62µm
_01899_,2.62µm
_02147_,2.62µm
_02157_,2.62µm
_02204_,2.62µm
_02724_,2.62µm
_02918_,2.62µm
_02945_,2.62µm
_02977_,2.62µm
_03110_,2.62µm
_03125_,2.62µm
_03182_,2.62µm
_03209_,2.62µm
_03526_,2.62µm
_03555_,2.62µm
_03562_,2.62µm
_03627_,2.62µm
_03818_,2.62µm
_03832_,2.62µm
_03901_,2.62µm
_03968_,2.62µm
_04169_,2.62µm
_04508_,2.62µm
_04831_,2.62µm
_05415_,2.62µm
_05539_,2.62µm
_05542_,2.62µm
_05653_,2.62µm
_05708_,2.62µm
_05724_,2.62µm
_05934_,2.62µm
_06007_,2.62µm
_06161_,2.62µm
_06175_,2.62µm
_06276_,2.62µm
_06437_,2.62µm
_06475_,2.62µm
_06512_,2.62µm
_06554_,2.62µm
_06577_,2.62µm
_06932_,2.62µm
_06941_,2.62µm
_06952_,2.62µm
_06962_,2.62µm
_07235_,2.62µm
_07267_,2.62µm
_07270_,2.62µm
_07395_,2.62µm
_07433_,2.62µm
_07548_,2.62µm
_07566_,2.62µm
_07571_,2.62µm
_07823_,2.62µm
_07875_,2.62µm
_07971_,2.62µm
_08055_,2.62µm
_08223_,2.62µm
_08264_,2.62µm
_08267_,2.62µm
_08305_,2.62µm
_08485_,2.62µm
_08538_,2.62µm
_08566_,2.62µm
_08585_,2.62µm
_08746_,2.62µm
_08814_,2.62µm
_08826_,2.62µm
_08834_,2.62µm
_09007_,2.62µm
_09174_,2.62µm
_09395_,2.62µm
_09495_,2.62µm
_09570_,2.62µm
_09576_,2.62µm
_09691_,2.62µm
_09781_,2.62µm
_09892_,2.62µm
_09938_,2.62µm
_10249_,2.62µm
_10268_,2.62µm
_10383_,2.62µm
_10527_,2.62µm
_10668_,2.62µm
_10698_,2.62µm
_10769_,2.62µm
_10788_,2.62µm
_10935_,2.62µm
_10944_,2.62µm
_11006_,2.62µm
_11041_,2.62µm
_11073_,2.62µm
_11236_,2.62µm
_11368_,2.62µm
_11481_,2.62µm
_11544_,2.62µm
_11784_,2.62µm
_11836_,2.62µm
_12184_,2.62µm
_12898_,2.62µm
_12992_,2.62µm
_13215_,2.62µm
_13292_,2.62µm
_13472_,2.62µm
_13531_,2.62µm
_13601_,2.62µm
_13629_,2.62µm
_13650_,2.62µm
_13673_,2.62µm
_13926_,2.62µm
_13947_,2.62µm
_14088_,2.62µm
_14163_,2.62µm
_14214_,2.62µm
_14396_,2.62µm
_14611_,2.62µm
_14633_,2.62µm
_14691_,2.62µm
_14842_,2.62µm
_14868_,2.62µm
_14974_,2.62µm
_15195_,2.62µm
_15293_,2.62µm
_15386_,2.62µm
_15473_,2.62µm
_15537_,2.62µm
_15589_,2.62µm
_15720_,2.62µm
_15760_,2.62µm
_15929_,2.62µm
_16033_,2.62µm
_16076_,2.62µm
_16108_,2.62µm
_16127_,2.62µm
_16162_,2.62µm
_16225_,2.62µm
_16325_,2.62µm
_16366_,2.62µm
_16422_,2.62µm
_16801_,2.62µm
_17058_,2.62µm
_17121_,2.62µm
_17188_,2.62µm
_17203_,2.62µm
_17341_,2.62µm
_17365_,2.62µm
_17367_,2.62µm
_17481_,2.62µm
_17529_,2.62µm
_17556_,2.62µm
_17561_,2.62µm
_17661_,2.62µm
_17732_,2.62µm
_17743_,2.62µm
_17769_,2.62µm
_17803_,2.62µm
_18015_,2.62µm
_18032_,2.62µm
_18046_,2.62µm
_18120_,2.62µm
_18223_,2.62µm
_18225_,2.62µm
_18330_,2.62µm
_18532_,2.62µm
_18607_,2.62µm
_18676_,2.62µm
_18698_,2.62µm
_18782_,2.62µm
_19025_,2.62µm
_19100_,2.62µm
_19292_,2.62µm
_19411_,2.62µm
_19437_,2.62µm
_19608_,2.62µm
_19916_,2.62µm
_20039_,2.62µm
_20086_,2.62µm
_20113_,2.62µm
_20119_,2.62µm
_20606_,2.62µm
_20780_,2.62µm
_20957_,2.62µm
_21052_,2.62µm
_21207_,2.62µm
_21487_,2.62µm
_21680_,2.62µm
_21742_,2.62µm
adder_instance.expmiddleb\[2\],2.62µm
adder_instance.expmiddleb\[4\],2.62µm
adder_instance.four_man\[55\],2.62µm
adder_instance.four_man\[56\],2.62µm
div_buffer.array\[1\]\[37\],2.62µm
divider_instance.four_man\[22\],2.62µm
divider_instance.mantisaA0\[11\],2.62µm
multiplier_instance.PPG.genblk1\[19\].masked\[0\],2.62µm
multiplier_instance.PPG.genblk1\[1\].masked\[9\],2.62µm
multiplier_instance.PPG.genblk1\[20\].masked\[4\],2.62µm
multiplier_instance.PPG.genblk1\[22\].masked\[10\],2.62µm
multiplier_instance.PPG.genblk1\[23\].masked\[12\],2.62µm
multiplier_instance.PPG.genblk1\[2\].masked\[17\],2.62µm
multiplier_instance.PPG.genblk1\[3\].masked\[15\],2.62µm
multiplier_instance.PPG.genblk1\[6\].masked\[3\],2.62µm
multiplier_instance.PPG.genblk1\[7\].masked\[19\],2.62µm
net2258,2.62µm
net2342,2.62µm
net2367,2.62µm
net2400,2.62µm
net2444,2.62µm
net2466,2.62µm
net2473,2.62µm
net2517,2.62µm
net2526,2.62µm
net2577,2.62µm
net2642,2.62µm
net2660,2.62µm
net2679,2.62µm
net2862,2.62µm
net2900,2.62µm
net2941,2.62µm
net2952,2.62µm
net2961,2.62µm
net2986,2.62µm
net3002,2.62µm
net3010,2.62µm
net3029,2.62µm
net3056,2.62µm
net3108,2.62µm
net3143,2.62µm
net3218,2.62µm
net3286,2.62µm
net3324,2.62µm
net3340,2.62µm
_04985_,2.61µm
_01409_,2.605µm
_01460_,2.605µm
_12967_,2.6µm
_18197_,2.6µm
_00948_,2.595µm
_01698_,2.595µm
_02135_,2.595µm
_14881_,2.59µm
_00866_,2.585µm
_00904_,2.585µm
_00912_,2.585µm
_00945_,2.585µm
_00967_,2.585µm
_00970_,2.585µm
_00987_,2.585µm
_00991_,2.585µm
_01034_,2.585µm
_01054_,2.585µm
_01066_,2.585µm
_01215_,2.585µm
_01350_,2.585µm
_01423_,2.585µm
_01453_,2.585µm
_01623_,2.585µm
_01655_,2.585µm
_01777_,2.585µm
_01864_,2.585µm
_01893_,2.585µm
_01947_,2.585µm
_01972_,2.585µm
_02122_,2.585µm
_02184_,2.585µm
_02272_,2.585µm
_02311_,2.585µm
_02329_,2.585µm
_02355_,2.585µm
_02421_,2.585µm
_02517_,2.585µm
_02541_,2.585µm
_05769_,2.585µm
net2221,2.585µm
net2538,2.585µm
_17631_,2.58µm
_00638_,2.57µm
_00121_,2.55µm
_00343_,2.55µm
_00859_,2.545µm
_00895_,2.545µm
_00914_,2.545µm
_00955_,2.545µm
_00961_,2.545µm
_01033_,2.545µm
_01094_,2.545µm
_01100_,2.545µm
_01118_,2.545µm
_01126_,2.545µm
_01284_,2.545µm
_01301_,2.545µm
_01348_,2.545µm
_01377_,2.545µm
_01385_,2.545µm
_01397_,2.545µm
_01472_,2.545µm
_01512_,2.545µm
_01632_,2.545µm
_01659_,2.545µm
_01716_,2.545µm
_01717_,2.545µm
_01786_,2.545µm
_01800_,2.545µm
_01810_,2.545µm
_01943_,2.545µm
_01970_,2.545µm
_01973_,2.545µm
_01979_,2.545µm
_02041_,2.545µm
_02055_,2.545µm
_02067_,2.545µm
_02071_,2.545µm
_02114_,2.545µm
_02118_,2.545µm
_02120_,2.545µm
_02131_,2.545µm
_02137_,2.545µm
_02141_,2.545µm
_02168_,2.545µm
_02202_,2.545µm
_02214_,2.545µm
_02228_,2.545µm
_02235_,2.545µm
_02267_,2.545µm
_02324_,2.545µm
_02331_,2.545µm
_02384_,2.545µm
_02392_,2.545µm
_02449_,2.545µm
_02079_,2.54µm
_11057_,2.54µm
net2286,2.54µm
_00902_,2.52µm
_01256_,2.52µm
_01820_,2.52µm
_02245_,2.52µm
_02528_,2.52µm
_02607_,2.52µm
_02660_,2.52µm
_02664_,2.52µm
_02908_,2.52µm
_03026_,2.52µm
_03032_,2.52µm
_03034_,2.52µm
_03074_,2.52µm
_03193_,2.52µm
_03816_,2.52µm
_04298_,2.52µm
_04533_,2.52µm
_05238_,2.52µm
_06096_,2.52µm
_06119_,2.52µm
_06126_,2.52µm
_06144_,2.52µm
_06198_,2.52µm
_06261_,2.52µm
_06548_,2.52µm
_06718_,2.52µm
_08350_,2.52µm
_08467_,2.52µm
_09487_,2.52µm
_09493_,2.52µm
_09987_,2.52µm
_11106_,2.52µm
_11268_,2.52µm
_11335_,2.52µm
_12564_,2.52µm
_12677_,2.52µm
_13799_,2.52µm
_14580_,2.52µm
_14882_,2.52µm
_15395_,2.52µm
_15781_,2.52µm
_15871_,2.52µm
_16998_,2.52µm
_17152_,2.52µm
_17216_,2.52µm
_17217_,2.52µm
_17289_,2.52µm
_18050_,2.52µm
_18878_,2.52µm
_19488_,2.52µm
_19713_,2.52µm
_21503_,2.52µm
_21704_,2.52µm
multiplier_instance.TT.genblk1\[7\].CSA1.A\[37\],2.52µm
_10792_,2.515µm
_00105_,2.5µm
_00210_,2.5µm
_00218_,2.5µm
_00307_,2.5µm
_00326_,2.5µm
_00413_,2.5µm
_00485_,2.5µm
_00492_,2.5µm
_00502_,2.5µm
_00508_,2.5µm
_00522_,2.5µm
_00529_,2.5µm
_00574_,2.5µm
_00585_,2.5µm
_02582_,2.5µm
_02663_,2.5µm
_02810_,2.5µm
_02840_,2.5µm
_02878_,2.5µm
_02889_,2.5µm
_02912_,2.5µm
_03103_,2.5µm
_03199_,2.5µm
_03492_,2.5µm
_03951_,2.5µm
_04201_,2.5µm
_04340_,2.5µm
_04374_,2.5µm
_04665_,2.5µm
_04670_,2.5µm
_04702_,2.5µm
_04718_,2.5µm
_04724_,2.5µm
_04826_,2.5µm
_04872_,2.5µm
_04910_,2.5µm
_04927_,2.5µm
_04931_,2.5µm
_05041_,2.5µm
_05152_,2.5µm
_05155_,2.5µm
_05456_,2.5µm
_05672_,2.5µm
_05692_,2.5µm
_05921_,2.5µm
_05937_,2.5µm
_06140_,2.5µm
_06254_,2.5µm
_06451_,2.5µm
_06520_,2.5µm
_06617_,2.5µm
_06622_,2.5µm
_06669_,2.5µm
_06760_,2.5µm
_06790_,2.5µm
_06846_,2.5µm
_06978_,2.5µm
_07000_,2.5µm
_07108_,2.5µm
_07222_,2.5µm
_07246_,2.5µm
_07261_,2.5µm
_07286_,2.5µm
_07337_,2.5µm
_07354_,2.5µm
_07492_,2.5µm
_07642_,2.5µm
_07668_,2.5µm
_07685_,2.5µm
_07756_,2.5µm
_08082_,2.5µm
_08099_,2.5µm
_08215_,2.5µm
_08241_,2.5µm
_08248_,2.5µm
_08302_,2.5µm
_08499_,2.5µm
_08541_,2.5µm
_08552_,2.5µm
_08602_,2.5µm
_08631_,2.5µm
_08671_,2.5µm
_08906_,2.5µm
_08923_,2.5µm
_08960_,2.5µm
_08961_,2.5µm
_08977_,2.5µm
_09003_,2.5µm
_09097_,2.5µm
_09196_,2.5µm
_09233_,2.5µm
_09568_,2.5µm
_09700_,2.5µm
_09753_,2.5µm
_09930_,2.5µm
_09954_,2.5µm
_10217_,2.5µm
_10283_,2.5µm
_10497_,2.5µm
_10517_,2.5µm
_10528_,2.5µm
_10531_,2.5µm
_10770_,2.5µm
_10771_,2.5µm
_11063_,2.5µm
_11580_,2.5µm
_11629_,2.5µm
_11876_,2.5µm
_11991_,2.5µm
_12045_,2.5µm
_12132_,2.5µm
_12157_,2.5µm
_12271_,2.5µm
_12364_,2.5µm
_12519_,2.5µm
_12597_,2.5µm
_12606_,2.5µm
_12615_,2.5µm
_12647_,2.5µm
_12650_,2.5µm
_12794_,2.5µm
_12814_,2.5µm
_12858_,2.5µm
_13038_,2.5µm
_13076_,2.5µm
_13103_,2.5µm
_13126_,2.5µm
_13257_,2.5µm
_13266_,2.5µm
_13386_,2.5µm
_13664_,2.5µm
_13687_,2.5µm
_13726_,2.5µm
_14136_,2.5µm
_14294_,2.5µm
_14371_,2.5µm
_14433_,2.5µm
_14470_,2.5µm
_14528_,2.5µm
_14687_,2.5µm
_15002_,2.5µm
_15069_,2.5µm
_15363_,2.5µm
_15366_,2.5µm
_15399_,2.5µm
_15412_,2.5µm
_15438_,2.5µm
_15669_,2.5µm
_16010_,2.5µm
_16084_,2.5µm
_16096_,2.5µm
_16137_,2.5µm
_16202_,2.5µm
_16242_,2.5µm
_16864_,2.5µm
_16872_,2.5µm
_16896_,2.5µm
_16940_,2.5µm
_17134_,2.5µm
_17209_,2.5µm
_17246_,2.5µm
_17256_,2.5µm
_17275_,2.5µm
_17324_,2.5µm
_17474_,2.5µm
_17478_,2.5µm
_17528_,2.5µm
_17687_,2.5µm
_17783_,2.5µm
_17800_,2.5µm
_18132_,2.5µm
_18178_,2.5µm
_18231_,2.5µm
_18502_,2.5µm
_18511_,2.5µm
_18519_,2.5µm
_18555_,2.5µm
_18588_,2.5µm
_18631_,2.5µm
_18688_,2.5µm
_18912_,2.5µm
_18952_,2.5µm
_19023_,2.5µm
_19253_,2.5µm
_19521_,2.5µm
_19531_,2.5µm
_19548_,2.5µm
_19671_,2.5µm
_19730_,2.5µm
_19763_,2.5µm
_19786_,2.5µm
_19938_,2.5µm
_19961_,2.5µm
_20093_,2.5µm
_20167_,2.5µm
_20171_,2.5µm
_20194_,2.5µm
_20267_,2.5µm
_20313_,2.5µm
_20472_,2.5µm
_20577_,2.5µm
_20597_,2.5µm
_20601_,2.5µm
_20687_,2.5µm
_20737_,2.5µm
_20744_,2.5µm
_20831_,2.5µm
_20939_,2.5µm
_21011_,2.5µm
_21024_,2.5µm
_21040_,2.5µm
_21099_,2.5µm
_21176_,2.5µm
_21241_,2.5µm
_21350_,2.5µm
_21481_,2.5µm
_21493_,2.5µm
_21591_,2.5µm
_21613_,2.5µm
_21724_,2.5µm
add_signB,2.5µm
adder_buffer.value\[32\],2.5µm
divider_instance.mantisaBshift\[5\],2.5µm
multiplier_instance.PPG.genblk1\[12\].masked\[18\],2.5µm
multiplier_instance.PPG.genblk1\[12\].masked\[9\],2.5µm
multiplier_instance.PPG.genblk1\[1\].masked\[19\],2.5µm
multiplier_instance.PPG.genblk1\[3\].masked\[9\],2.5µm
multiplier_instance.PPG.genblk1\[6\].masked\[9\],2.5µm
multiplier_instance.PPG.genblk1\[9\].masked\[2\],2.5µm
multiplier_instance.PPG.genblk1\[9\].masked\[6\],2.5µm
reorder_buf_instance.array\[4\]\[21\],2.5µm
reorder_buf_instance.value0\[27\],2.5µm
net76,2.5µm
net2295,2.5µm
net2307,2.5µm
net2326,2.5µm
net2516,2.5µm
net2638,2.5µm
net2712,2.5µm
net2895,2.5µm
net3257,2.5µm
net3316,2.5µm
net3319,2.5µm
net3352,2.5µm
_00971_,2.485µm
_00998_,2.485µm
_01004_,2.485µm
_01449_,2.485µm
_01492_,2.485µm
_01618_,2.485µm
_01636_,2.485µm
_01653_,2.485µm
_01711_,2.485µm
_01896_,2.485µm
_01968_,2.485µm
_01991_,2.485µm
_01998_,2.485µm
_02102_,2.485µm
_02266_,2.485µm
_05487_,2.48µm
_15390_,2.48µm
_11331_,2.46µm
_17773_,2.45µm
_01235_,2.435µm
_00524_,2.43µm
_01186_,2.425µm
_01457_,2.425µm
_01759_,2.425µm
_01273_,2.42µm
_01388_,2.42µm
_01611_,2.42µm
_01616_,2.42µm
_01620_,2.42µm
_01745_,2.42µm
_01851_,2.42µm
_01852_,2.42µm
_01964_,2.42µm
_02003_,2.42µm
_02091_,2.42µm
_03859_,2.4µm
_04347_,2.4µm
_05171_,2.4µm
_05384_,2.4µm
_05900_,2.4µm
_06404_,2.4µm
_07104_,2.4µm
_07511_,2.4µm
_08065_,2.4µm
_08707_,2.4µm
_08751_,2.4µm
_09274_,2.4µm
_09285_,2.4µm
_09311_,2.4µm
_09958_,2.4µm
_10677_,2.4µm
_10847_,2.4µm
_11224_,2.4µm
_12353_,2.4µm
_14291_,2.4µm
_14538_,2.4µm
_14843_,2.4µm
_15889_,2.4µm
_16161_,2.4µm
_16335_,2.4µm
_16496_,2.4µm
_17302_,2.4µm
net2463,2.4µm
net3241,2.4µm
net3245,2.4µm
net3388,2.4µm
_00088_,2.38µm
_00099_,2.38µm
_00127_,2.38µm
_00131_,2.38µm
_00144_,2.38µm
_00149_,2.38µm
_00164_,2.38µm
_00173_,2.38µm
_00174_,2.38µm
_00175_,2.38µm
_00223_,2.38µm
_00230_,2.38µm
_00243_,2.38µm
_00256_,2.38µm
_00257_,2.38µm
_00265_,2.38µm
_00268_,2.38µm
_00279_,2.38µm
_00292_,2.38µm
_00294_,2.38µm
_00296_,2.38µm
_00297_,2.38µm
_00302_,2.38µm
_00313_,2.38µm
_00323_,2.38µm
_00344_,2.38µm
_00362_,2.38µm
_00393_,2.38µm
_00465_,2.38µm
_00466_,2.38µm
_00495_,2.38µm
_00501_,2.38µm
_00510_,2.38µm
_00526_,2.38µm
_00527_,2.38µm
_00550_,2.38µm
_00553_,2.38µm
_00564_,2.38µm
_00569_,2.38µm
_00581_,2.38µm
_00583_,2.38µm
_00586_,2.38µm
_00592_,2.38µm
_00602_,2.38µm
_00605_,2.38µm
_00607_,2.38µm
_00651_,2.38µm
_00661_,2.38µm
_00682_,2.38µm
_00689_,2.38µm
_00693_,2.38µm
_00714_,2.38µm
_00716_,2.38µm
_00756_,2.38µm
_00786_,2.38µm
_00803_,2.38µm
_00807_,2.38µm
_04368_,2.38µm
_04786_,2.38µm
_05115_,2.38µm
_05642_,2.38µm
_05739_,2.38µm
_08005_,2.38µm
_08027_,2.38µm
_08621_,2.38µm
_09356_,2.38µm
_10122_,2.38µm
_11398_,2.38µm
_14520_,2.38µm
_15741_,2.38µm
_16083_,2.38µm
_17809_,2.38µm
_19820_,2.38µm
_20080_,2.38µm
_21152_,2.38µm
_21722_,2.38µm
multiplier_instance.PPG.genblk1\[0\].masked\[15\],2.38µm
multiplier_instance.PPG.genblk1\[11\].masked\[11\],2.38µm
multiplier_instance.PPG.genblk1\[21\].masked\[9\],2.38µm
multiplier_instance.PPG.genblk1\[23\].masked\[21\],2.38µm
multiplier_instance.PPG.genblk1\[8\].masked\[4\],2.38µm
net2415,2.38µm
net2695,2.38µm
net2916,2.38µm
_00889_,2.375µm
_00890_,2.375µm
_00923_,2.375µm
_00936_,2.375µm
_01067_,2.375µm
_01232_,2.375µm
_01287_,2.375µm
_01359_,2.375µm
_01471_,2.375µm
_01705_,2.375µm
_01739_,2.375µm
_01780_,2.375µm
_01931_,2.375µm
_02111_,2.375µm
_02212_,2.375µm
_02471_,2.375µm
net2131,2.375µm
_09751_,2.345µm
_04895_,2.33µm
_14464_,2.33µm
_14926_,2.33µm
_00831_,2.325µm
_00850_,2.325µm
_00875_,2.325µm
_00952_,2.325µm
_00978_,2.325µm
_01088_,2.325µm
_01104_,2.325µm
_01120_,2.325µm
_01157_,2.325µm
_01167_,2.325µm
_01219_,2.325µm
_01292_,2.325µm
_01295_,2.325µm
_01338_,2.325µm
_01366_,2.325µm
_01370_,2.325µm
_01373_,2.325µm
_01387_,2.325µm
_01390_,2.325µm
_01473_,2.325µm
_01486_,2.325µm
_01487_,2.325µm
_01520_,2.325µm
_01598_,2.325µm
_01661_,2.325µm
_01681_,2.325µm
_01704_,2.325µm
_01722_,2.325µm
_01742_,2.325µm
_01768_,2.325µm
_01769_,2.325µm
_01835_,2.325µm
_01841_,2.325µm
_01847_,2.325µm
_01907_,2.325µm
_01911_,2.325µm
_01954_,2.325µm
_01961_,2.325µm
_01962_,2.325µm
_01984_,2.325µm
_02008_,2.325µm
_02062_,2.325µm
_02123_,2.325µm
_02170_,2.325µm
_02280_,2.325µm
_02535_,2.325µm
_09509_,2.325µm
net2123,2.325µm
net2525,2.325µm
_06319_,2.31µm
_02552_,2.305µm
multiplier_instance.PPG.genblk1\[0\].masked\[10\],2.305µm
_00026_,2.3µm
_00036_,2.3µm
_03351_,2.3µm
_03512_,2.3µm
_03513_,2.3µm
_03616_,2.3µm
_04056_,2.3µm
_04133_,2.3µm
_04197_,2.3µm
_04308_,2.3µm
_04653_,2.3µm
_04920_,2.3µm
_05220_,2.3µm
_05260_,2.3µm
_05688_,2.3µm
_06223_,2.3µm
_06257_,2.3µm
_06412_,2.3µm
_06530_,2.3µm
_07266_,2.3µm
_07320_,2.3µm
_07326_,2.3µm
_07353_,2.3µm
_07430_,2.3µm
_07522_,2.3µm
_07867_,2.3µm
_07962_,2.3µm
_08224_,2.3µm
_08425_,2.3µm
_08649_,2.3µm
_08775_,2.3µm
_08799_,2.3µm
_09215_,2.3µm
_09251_,2.3µm
_09276_,2.3µm
_10481_,2.3µm
_10494_,2.3µm
_10534_,2.3µm
_10570_,2.3µm
_10687_,2.3µm
_10825_,2.3µm
_11108_,2.3µm
_11817_,2.3µm
_11908_,2.3µm
_12131_,2.3µm
_12349_,2.3µm
_12368_,2.3µm
_12480_,2.3µm
_12530_,2.3µm
_13028_,2.3µm
_13134_,2.3µm
_13270_,2.3µm
_13331_,2.3µm
_13348_,2.3µm
_13394_,2.3µm
_13428_,2.3µm
_13539_,2.3µm
_13659_,2.3µm
_13689_,2.3µm
_13853_,2.3µm
_14106_,2.3µm
_14158_,2.3µm
_14195_,2.3µm
_14200_,2.3µm
_14233_,2.3µm
_14248_,2.3µm
_14323_,2.3µm
_14406_,2.3µm
_14413_,2.3µm
_14442_,2.3µm
_14505_,2.3µm
_15245_,2.3µm
_15285_,2.3µm
_15394_,2.3µm
_15456_,2.3µm
_15510_,2.3µm
_15668_,2.3µm
_16263_,2.3µm
_16342_,2.3µm
_16682_,2.3µm
_17082_,2.3µm
_17220_,2.3µm
_17805_,2.3µm
_17972_,2.3µm
_18484_,2.3µm
_18563_,2.3µm
_18628_,2.3µm
_18964_,2.3µm
_19163_,2.3µm
_19510_,2.3µm
_19593_,2.3µm
_19795_,2.3µm
_19958_,2.3µm
_20290_,2.3µm
_20300_,2.3µm
_20630_,2.3µm
_21004_,2.3µm
_21127_,2.3µm
_21530_,2.3µm
_21574_,2.3µm
multiplier_instance.PPG.genblk1\[0\].masked\[19\],2.3µm
multiplier_instance.PPG.genblk1\[10\].masked\[18\],2.3µm
multiplier_instance.PPG.genblk1\[11\].masked\[10\],2.3µm
multiplier_instance.PPG.genblk1\[12\].masked\[15\],2.3µm
multiplier_instance.PPG.genblk1\[13\].masked\[17\],2.3µm
multiplier_instance.PPG.genblk1\[13\].masked\[19\],2.3µm
multiplier_instance.PPG.genblk1\[15\].masked\[6\],2.3µm
multiplier_instance.PPG.genblk1\[16\].masked\[2\],2.3µm
multiplier_instance.PPG.genblk1\[17\].masked\[3\],2.3µm
multiplier_instance.PPG.genblk1\[19\].masked\[3\],2.3µm
multiplier_instance.PPG.genblk1\[20\].masked\[10\],2.3µm
multiplier_instance.PPG.genblk1\[20\].masked\[17\],2.3µm
multiplier_instance.PPG.genblk1\[21\].masked\[11\],2.3µm
multiplier_instance.PPG.genblk1\[21\].masked\[1\],2.3µm
multiplier_instance.PPG.genblk1\[22\].masked\[19\],2.3µm
multiplier_instance.PPG.genblk1\[2\].masked\[3\],2.3µm
multiplier_instance.PPG.genblk1\[4\].masked\[17\],2.3µm
multiplier_instance.PPG.genblk1\[4\].masked\[8\],2.3µm
multiplier_instance.PPG.genblk1\[5\].masked\[14\],2.3µm
multiplier_instance.PPG.genblk1\[5\].masked\[3\],2.3µm
multiplier_instance.PPG.genblk1\[5\].masked\[8\],2.3µm
multiplier_instance.PPG.genblk1\[6\].masked\[20\],2.3µm
multiplier_instance.PPG.genblk1\[6\].masked\[4\],2.3µm
multiplier_instance.PPG.genblk1\[8\].masked\[21\],2.3µm
multiplier_instance.PPG.genblk1\[8\].masked\[6\],2.3µm
multiplier_instance.s1_zero,2.3µm
net2165,2.3µm
net2173,2.3µm
net2190,2.3µm
net2203,2.3µm
net2207,2.3µm
net2209,2.3µm
net2211,2.3µm
net2212,2.3µm
net2215,2.3µm
net2235,2.3µm
net2238,2.3µm
net2268,2.3µm
net2354,2.3µm
net2406,2.3µm
net2407,2.3µm
net2422,2.3µm
net2428,2.3µm
net2459,2.3µm
net2490,2.3µm
net2592,2.3µm
net2603,2.3µm
net2623,2.3µm
net2628,2.3µm
net2634,2.3µm
net2637,2.3µm
net2653,2.3µm
net2661,2.3µm
net2669,2.3µm
net2719,2.3µm
net2758,2.3µm
net2776,2.3µm
net2794,2.3µm
net2800,2.3µm
net2838,2.3µm
net2839,2.3µm
net2937,2.3µm
net2943,2.3µm
net3020,2.3µm
net3123,2.3µm
net3208,2.3µm
net3277,2.3µm
net3299,2.3µm
net3337,2.3µm
net3369,2.3µm
net3390,2.3µm
_00094_,2.28µm
_00111_,2.28µm
_00271_,2.28µm
_00361_,2.28µm
_00376_,2.28µm
_00400_,2.28µm
_00486_,2.28µm
_00496_,2.28µm
_00555_,2.28µm
_00557_,2.28µm
_00593_,2.28µm
_04676_,2.28µm
_05765_,2.28µm
_06112_,2.28µm
_06888_,2.28µm
_06902_,2.28µm
_07125_,2.28µm
_07482_,2.28µm
_07629_,2.28µm
_07667_,2.28µm
_08351_,2.28µm
_08893_,2.28µm
_09559_,2.28µm
_11519_,2.28µm
_11599_,2.28µm
_11741_,2.28µm
_11766_,2.28µm
_11806_,2.28µm
_13216_,2.28µm
_14789_,2.28µm
_15413_,2.28µm
_16911_,2.28µm
_17211_,2.28µm
_17273_,2.28µm
_17998_,2.28µm
_18450_,2.28µm
_20135_,2.28µm
_20527_,2.28µm
_20709_,2.28µm
_21403_,2.28µm
_21649_,2.28µm
multiplier_instance.PPG.genblk1\[11\].masked\[0\],2.28µm
multiplier_instance.PPG.genblk1\[16\].masked\[19\],2.28µm
multiplier_instance.PPG.genblk1\[18\].masked\[0\],2.28µm
multiplier_instance.PPG.genblk1\[18\].masked\[15\],2.28µm
multiplier_instance.PPG.genblk1\[19\].masked\[22\],2.28µm
multiplier_instance.PPG.genblk1\[20\].masked\[2\],2.28µm
multiplier_instance.PPG.genblk1\[21\].masked\[17\],2.28µm
multiplier_instance.PPG.genblk1\[22\].masked\[23\],2.28µm
multiplier_instance.PPG.genblk1\[23\].masked\[10\],2.28µm
multiplier_instance.PPG.genblk1\[23\].masked\[5\],2.28µm
multiplier_instance.PPG.genblk1\[2\].masked\[19\],2.28µm
multiplier_instance.PPG.genblk1\[2\].masked\[2\],2.28µm
multiplier_instance.PPG.genblk1\[3\].masked\[14\],2.28µm
multiplier_instance.PPG.genblk1\[4\].masked\[4\],2.28µm
multiplier_instance.PPG.genblk1\[7\].masked\[18\],2.28µm
multiplier_instance.PPG.genblk1\[8\].masked\[0\],2.28µm
multiplier_instance.PPG.genblk1\[8\].masked\[12\],2.28µm
multiplier_instance.PPG.genblk1\[8\].masked\[23\],2.28µm
multiplier_instance.TT.CPA.sum\[34\],2.28µm
net2269,2.28µm
_09532_,2.26µm
_00942_,2.255µm
_00965_,2.255µm
_01173_,2.255µm
_01230_,2.255µm
_01694_,2.255µm
_01706_,2.255µm
_02042_,2.255µm
_02217_,2.255µm
_02418_,2.255µm
_07639_,2.255µm
_00074_,2.23µm
_00081_,2.23µm
_00086_,2.23µm
_00102_,2.23µm
_00104_,2.23µm
_00119_,2.23µm
_00120_,2.23µm
_00124_,2.23µm
_00128_,2.23µm
_00130_,2.23µm
_00138_,2.23µm
_00151_,2.23µm
_00154_,2.23µm
_00160_,2.23µm
_00201_,2.23µm
_00205_,2.23µm
_00207_,2.23µm
_00212_,2.23µm
_00219_,2.23µm
_00221_,2.23µm
_00228_,2.23µm
_00266_,2.23µm
_00270_,2.23µm
_00272_,2.23µm
_00273_,2.23µm
_00276_,2.23µm
_00278_,2.23µm
_00284_,2.23µm
_00288_,2.23µm
_00295_,2.23µm
_00305_,2.23µm
_00306_,2.23µm
_00318_,2.23µm
_00333_,2.23µm
_00348_,2.23µm
_00349_,2.23µm
_00350_,2.23µm
_00360_,2.23µm
_00368_,2.23µm
_00383_,2.23µm
_00388_,2.23µm
_00397_,2.23µm
_00415_,2.23µm
_00418_,2.23µm
_00419_,2.23µm
_00428_,2.23µm
_00433_,2.23µm
_00439_,2.23µm
_00440_,2.23µm
_00444_,2.23µm
_00445_,2.23µm
_00448_,2.23µm
_00451_,2.23µm
_00452_,2.23µm
_00457_,2.23µm
_00463_,2.23µm
_00475_,2.23µm
_00478_,2.23µm
_00479_,2.23µm
_00509_,2.23µm
_00516_,2.23µm
_00519_,2.23µm
_00523_,2.23µm
_00533_,2.23µm
_00534_,2.23µm
_00546_,2.23µm
_00549_,2.23µm
_00552_,2.23µm
_00563_,2.23µm
_00568_,2.23µm
_00570_,2.23µm
_00571_,2.23µm
_00573_,2.23µm
_00584_,2.23µm
_00588_,2.23µm
_00604_,2.23µm
_00611_,2.23µm
_00612_,2.23µm
_00618_,2.23µm
_00623_,2.23µm
_00647_,2.23µm
_00652_,2.23µm
_00654_,2.23µm
_00672_,2.23µm
_00673_,2.23µm
_00685_,2.23µm
_00686_,2.23µm
_00688_,2.23µm
_00691_,2.23µm
_00694_,2.23µm
_00698_,2.23µm
_00699_,2.23µm
_00703_,2.23µm
_00706_,2.23µm
_00707_,2.23µm
_00737_,2.23µm
_00744_,2.23µm
_00749_,2.23µm
_00758_,2.23µm
_00759_,2.23µm
_00768_,2.23µm
_00772_,2.23µm
_00777_,2.23µm
_00781_,2.23µm
_00787_,2.23µm
_00796_,2.23µm
_10456_,2.23µm
_00924_,2.225µm
_00180_,2.21µm
_00468_,2.21µm
_00471_,2.21µm
_00610_,2.21µm
_01107_,2.205µm
_01589_,2.205µm
_01412_,2.2µm
_01575_,2.2µm
_21749_,2.185µm
_00024_,2.18µm
_02773_,2.18µm
_02776_,2.18µm
_02925_,2.18µm
_03174_,2.18µm
_03566_,2.18µm
_03594_,2.18µm
_03728_,2.18µm
_03840_,2.18µm
_04048_,2.18µm
_04057_,2.18µm
_04178_,2.18µm
_04245_,2.18µm
_04268_,2.18µm
_04303_,2.18µm
_04414_,2.18µm
_04424_,2.18µm
_04845_,2.18µm
_05103_,2.18µm
_05261_,2.18µm
_05387_,2.18µm
_05476_,2.18µm
_05639_,2.18µm
_06127_,2.18µm
_06163_,2.18µm
_06240_,2.18µm
_06252_,2.18µm
_06256_,2.18µm
_06484_,2.18µm
_06644_,2.18µm
_06664_,2.18µm
_06681_,2.18µm
_06838_,2.18µm
_07426_,2.18µm
_07661_,2.18µm
_07675_,2.18µm
_07839_,2.18µm
_07961_,2.18µm
_08002_,2.18µm
_08013_,2.18µm
_08063_,2.18µm
_08156_,2.18µm
_08194_,2.18µm
_08230_,2.18µm
_08256_,2.18µm
_08438_,2.18µm
_08596_,2.18µm
_09053_,2.18µm
_09265_,2.18µm
_09524_,2.18µm
_09681_,2.18µm
_09708_,2.18µm
_09856_,2.18µm
_09960_,2.18µm
_10257_,2.18µm
_10277_,2.18µm
_10539_,2.18µm
_10674_,2.18µm
_10882_,2.18µm
_11096_,2.18µm
_11313_,2.18µm
_11406_,2.18µm
_11737_,2.18µm
_12126_,2.18µm
_12260_,2.18µm
_12278_,2.18µm
_12361_,2.18µm
_12395_,2.18µm
_12409_,2.18µm
_12520_,2.18µm
_12854_,2.18µm
_13009_,2.18µm
_13156_,2.18µm
_13382_,2.18µm
_13420_,2.18µm
_13630_,2.18µm
_13823_,2.18µm
_13840_,2.18µm
_14097_,2.18µm
_14109_,2.18µm
_14112_,2.18µm
_14143_,2.18µm
_14377_,2.18µm
_14417_,2.18µm
_14563_,2.18µm
_14630_,2.18µm
_14674_,2.18µm
_14814_,2.18µm
_14898_,2.18µm
_14914_,2.18µm
_14933_,2.18µm
_15328_,2.18µm
_15716_,2.18µm
_15758_,2.18µm
_15876_,2.18µm
_15932_,2.18µm
_15978_,2.18µm
_15994_,2.18µm
_16111_,2.18µm
_16128_,2.18µm
_16253_,2.18µm
_16967_,2.18µm
_17055_,2.18µm
_17342_,2.18µm
_17370_,2.18µm
_17532_,2.18µm
_17570_,2.18µm
_17644_,2.18µm
_17650_,2.18µm
_17797_,2.18µm
_17867_,2.18µm
_17885_,2.18µm
_18119_,2.18µm
_18244_,2.18µm
_18254_,2.18µm
_19377_,2.18µm
_19823_,2.18µm
_20062_,2.18µm
_20573_,2.18µm
_20669_,2.18µm
_21080_,2.18µm
_21106_,2.18µm
_21418_,2.18µm
_21567_,2.18µm
multiplier_instance.PPG.genblk1\[10\].masked\[10\],2.18µm
multiplier_instance.PPG.genblk1\[11\].masked\[17\],2.18µm
multiplier_instance.PPG.genblk1\[15\].masked\[11\],2.18µm
multiplier_instance.PPG.genblk1\[17\].masked\[16\],2.18µm
multiplier_instance.PPG.genblk1\[18\].masked\[20\],2.18µm
multiplier_instance.PPG.genblk1\[1\].masked\[20\],2.18µm
multiplier_instance.PPG.genblk1\[21\].masked\[14\],2.18µm
multiplier_instance.PPG.genblk1\[21\].masked\[3\],2.18µm
multiplier_instance.PPG.genblk1\[21\].masked\[4\],2.18µm
multiplier_instance.PPG.genblk1\[3\].masked\[21\],2.18µm
multiplier_instance.PPG.genblk1\[6\].masked\[14\],2.18µm
net95,2.18µm
net3157,2.18µm
_02640_,2.175µm
_09190_,2.17µm
_00043_,2.16µm
_00137_,2.16µm
_00165_,2.16µm
_00177_,2.16µm
_00196_,2.16µm
_00254_,2.16µm
_00341_,2.16µm
_00511_,2.16µm
_00547_,2.16µm
_00790_,2.16µm
_01665_,2.16µm
_01671_,2.16µm
_01756_,2.16µm
_02146_,2.16µm
_02615_,2.16µm
_02643_,2.16µm
_02828_,2.16µm
_02834_,2.16µm
_02884_,2.16µm
_02980_,2.16µm
_03004_,2.16µm
_03123_,2.16µm
_03301_,2.16µm
_03400_,2.16µm
_03514_,2.16µm
_03515_,2.16µm
_03598_,2.16µm
_03812_,2.16µm
_03820_,2.16µm
_03821_,2.16µm
_03936_,2.16µm
_03959_,2.16µm
_04017_,2.16µm
_04019_,2.16µm
_04076_,2.16µm
_04234_,2.16µm
_04251_,2.16µm
_04325_,2.16µm
_04474_,2.16µm
_04498_,2.16µm
_04536_,2.16µm
_04586_,2.16µm
_04591_,2.16µm
_04599_,2.16µm
_04680_,2.16µm
_04751_,2.16µm
_04816_,2.16µm
_04833_,2.16µm
_04880_,2.16µm
_04884_,2.16µm
_04906_,2.16µm
_04916_,2.16µm
_04919_,2.16µm
_04967_,2.16µm
_04989_,2.16µm
_05151_,2.16µm
_05167_,2.16µm
_05169_,2.16µm
_05219_,2.16µm
_05314_,2.16µm
_05327_,2.16µm
_05341_,2.16µm
_05463_,2.16µm
_05498_,2.16µm
_05541_,2.16µm
_05599_,2.16µm
_05624_,2.16µm
_05781_,2.16µm
_05918_,2.16µm
_06121_,2.16µm
_06159_,2.16µm
_06164_,2.16µm
_06280_,2.16µm
_06301_,2.16µm
_06322_,2.16µm
_06355_,2.16µm
_06372_,2.16µm
_06410_,2.16µm
_06442_,2.16µm
_06648_,2.16µm
_06652_,2.16µm
_06675_,2.16µm
_06968_,2.16µm
_06979_,2.16µm
_07011_,2.16µm
_07021_,2.16µm
_07044_,2.16µm
_07113_,2.16µm
_07114_,2.16µm
_07221_,2.16µm
_07243_,2.16µm
_07248_,2.16µm
_07321_,2.16µm
_07575_,2.16µm
_07599_,2.16µm
_07690_,2.16µm
_07692_,2.16µm
_07729_,2.16µm
_08138_,2.16µm
_08291_,2.16µm
_08308_,2.16µm
_08311_,2.16µm
_08360_,2.16µm
_08423_,2.16µm
_08454_,2.16µm
_08493_,2.16µm
_08504_,2.16µm
_08524_,2.16µm
_08644_,2.16µm
_08880_,2.16µm
_09178_,2.16µm
_09227_,2.16µm
_09399_,2.16µm
_09444_,2.16µm
_09467_,2.16µm
_09476_,2.16µm
_09569_,2.16µm
_09737_,2.16µm
_09744_,2.16µm
_09779_,2.16µm
_09843_,2.16µm
_09972_,2.16µm
_10135_,2.16µm
_10145_,2.16µm
_10152_,2.16µm
_10191_,2.16µm
_10246_,2.16µm
_10250_,2.16µm
_10412_,2.16µm
_10495_,2.16µm
_10564_,2.16µm
_10618_,2.16µm
_10760_,2.16µm
_10988_,2.16µm
_11011_,2.16µm
_11056_,2.16µm
_11058_,2.16µm
_11065_,2.16µm
_11068_,2.16µm
_11080_,2.16µm
_11160_,2.16µm
_11321_,2.16µm
_11456_,2.16µm
_11486_,2.16µm
_11715_,2.16µm
_11863_,2.16µm
_11865_,2.16µm
_11881_,2.16µm
_11895_,2.16µm
_12180_,2.16µm
_12221_,2.16µm
_12245_,2.16µm
_12277_,2.16µm
_12374_,2.16µm
_12382_,2.16µm
_12391_,2.16µm
_12412_,2.16µm
_12455_,2.16µm
_12501_,2.16µm
_12523_,2.16µm
_12545_,2.16µm
_12753_,2.16µm
_12884_,2.16µm
_12888_,2.16µm
_13031_,2.16µm
_13095_,2.16µm
_13166_,2.16µm
_13362_,2.16µm
_13400_,2.16µm
_13412_,2.16µm
_13594_,2.16µm
_13700_,2.16µm
_13730_,2.16µm
_13778_,2.16µm
_13897_,2.16µm
_14013_,2.16µm
_14130_,2.16µm
_14212_,2.16µm
_14225_,2.16µm
_14487_,2.16µm
_14640_,2.16µm
_14649_,2.16µm
_14704_,2.16µm
_14730_,2.16µm
_14805_,2.16µm
_15025_,2.16µm
_15084_,2.16µm
_15106_,2.16µm
_15206_,2.16µm
_15209_,2.16µm
_15216_,2.16µm
_15266_,2.16µm
_15303_,2.16µm
_15307_,2.16µm
_15358_,2.16µm
_15374_,2.16µm
_15385_,2.16µm
_15526_,2.16µm
_15611_,2.16µm
_15707_,2.16µm
_15736_,2.16µm
_15751_,2.16µm
_15771_,2.16µm
_15777_,2.16µm
_15863_,2.16µm
_15880_,2.16µm
_15959_,2.16µm
_15986_,2.16µm
_16065_,2.16µm
_16119_,2.16µm
_16125_,2.16µm
_16272_,2.16µm
_16316_,2.16µm
_16401_,2.16µm
_16589_,2.16µm
_17146_,2.16µm
_17157_,2.16µm
_17178_,2.16µm
_17286_,2.16µm
_17351_,2.16µm
_17401_,2.16µm
_17412_,2.16µm
_17423_,2.16µm
_17427_,2.16µm
_17439_,2.16µm
_17790_,2.16µm
_17843_,2.16µm
_17974_,2.16µm
_18205_,2.16µm
_18285_,2.16µm
_18409_,2.16µm
_18420_,2.16µm
_18625_,2.16µm
_18636_,2.16µm
_18647_,2.16µm
_18671_,2.16µm
_18718_,2.16µm
_18756_,2.16µm
_18771_,2.16µm
_18908_,2.16µm
_18941_,2.16µm
_19036_,2.16µm
_19040_,2.16µm
_19083_,2.16µm
_19194_,2.16µm
_19240_,2.16µm
_19407_,2.16µm
_19446_,2.16µm
_19466_,2.16µm
_19515_,2.16µm
_19528_,2.16µm
_19543_,2.16µm
_19613_,2.16µm
_19662_,2.16µm
_19765_,2.16µm
_20041_,2.16µm
_20278_,2.16µm
_20322_,2.16µm
_20364_,2.16µm
_20390_,2.16µm
_20591_,2.16µm
_20605_,2.16µm
_20622_,2.16µm
_20635_,2.16µm
_20661_,2.16µm
_20704_,2.16µm
_21049_,2.16µm
_21217_,2.16µm
_21238_,2.16µm
_21287_,2.16µm
_21313_,2.16µm
_21343_,2.16µm
_21386_,2.16µm
_21526_,2.16µm
_21750_,2.16µm
_21792_,2.16µm
adder_buffer.value\[0\],2.16µm
adder_instance.four_man\[45\],2.16µm
adder_instance.mantisaA0\[5\],2.16µm
divider_instance.four_man\[27\],2.16µm
multiplier_instance.PPG.genblk1\[0\].masked\[12\],2.16µm
multiplier_instance.PPG.genblk1\[10\].masked\[17\],2.16µm
multiplier_instance.PPG.genblk1\[10\].masked\[1\],2.16µm
multiplier_instance.PPG.genblk1\[10\].masked\[22\],2.16µm
multiplier_instance.PPG.genblk1\[10\].masked\[23\],2.16µm
multiplier_instance.PPG.genblk1\[10\].masked\[4\],2.16µm
multiplier_instance.PPG.genblk1\[11\].masked\[22\],2.16µm
multiplier_instance.PPG.genblk1\[11\].masked\[23\],2.16µm
multiplier_instance.PPG.genblk1\[12\].masked\[4\],2.16µm
multiplier_instance.PPG.genblk1\[13\].masked\[16\],2.16µm
multiplier_instance.PPG.genblk1\[15\].masked\[3\],2.16µm
multiplier_instance.PPG.genblk1\[16\].masked\[4\],2.16µm
multiplier_instance.PPG.genblk1\[17\].masked\[14\],2.16µm
multiplier_instance.PPG.genblk1\[17\].masked\[23\],2.16µm
multiplier_instance.PPG.genblk1\[18\].masked\[10\],2.16µm
multiplier_instance.PPG.genblk1\[19\].masked\[14\],2.16µm
multiplier_instance.PPG.genblk1\[19\].masked\[1\],2.16µm
multiplier_instance.PPG.genblk1\[1\].masked\[22\],2.16µm
multiplier_instance.PPG.genblk1\[20\].masked\[1\],2.16µm
multiplier_instance.PPG.genblk1\[20\].masked\[9\],2.16µm
multiplier_instance.PPG.genblk1\[21\].masked\[19\],2.16µm
multiplier_instance.PPG.genblk1\[22\].masked\[3\],2.16µm
multiplier_instance.PPG.genblk1\[22\].masked\[9\],2.16µm
multiplier_instance.PPG.genblk1\[23\].masked\[18\],2.16µm
multiplier_instance.PPG.genblk1\[2\].masked\[1\],2.16µm
multiplier_instance.PPG.genblk1\[3\].masked\[22\],2.16µm
multiplier_instance.PPG.genblk1\[3\].masked\[6\],2.16µm
multiplier_instance.PPG.genblk1\[5\].masked\[9\],2.16µm
multiplier_instance.PPG.genblk1\[6\].masked\[10\],2.16µm
multiplier_instance.PPG.genblk1\[7\].masked\[0\],2.16µm
multiplier_instance.PPG.genblk1\[7\].masked\[1\],2.16µm
multiplier_instance.PPG.genblk1\[8\].masked\[3\],2.16µm
multiplier_instance.PPG.genblk1\[9\].masked\[0\],2.16µm
reorder_buf_instance.array\[4\]\[19\],2.16µm
net79,2.16µm
net281,2.16µm
net2145,2.16µm
net2321,2.16µm
net2474,2.16µm
net2518,2.16µm
net2588,2.16µm
net2620,2.16µm
net2630,2.16µm
net2657,2.16µm
net2744,2.16µm
net2752,2.16µm
net2761,2.16µm
net2774,2.16µm
net2784,2.16µm
net2796,2.16µm
net2802,2.16µm
net2863,2.16µm
net2874,2.16µm
net2879,2.16µm
net2922,2.16µm
net2955,2.16µm
net2958,2.16µm
net2989,2.16µm
net2997,2.16µm
net3080,2.16µm
net3207,2.16µm
net3389,2.16µm
net3393,2.16µm
_00927_,2.145µm
_01112_,2.145µm
_01191_,2.145µm
_01271_,2.145µm
_01439_,2.145µm
_01475_,2.145µm
_01509_,2.145µm
_02403_,2.145µm
_02443_,2.145µm
_02465_,2.145µm
_06489_,2.14µm
_00909_,2.135µm
_00931_,2.125µm
_00962_,2.125µm
_01007_,2.125µm
_01041_,2.125µm
_01051_,2.125µm
_01072_,2.125µm
_01293_,2.125µm
_01382_,2.125µm
_01581_,2.125µm
_01697_,2.125µm
_01707_,2.125µm
_01891_,2.125µm
_01956_,2.125µm
_01966_,2.125µm
_01980_,2.125µm
_02050_,2.125µm
_02196_,2.125µm
_02234_,2.125µm
_02251_,2.125µm
_02271_,2.125µm
_02476_,2.125µm
_02492_,2.125µm
net2197,2.125µm
net2883,2.125µm
_15723_,2.11µm
_00198_,2.09µm
_05096_,2.09µm
_00812_,2.085µm
_00824_,2.085µm
_00825_,2.085µm
_00826_,2.085µm
_00857_,2.085µm
_00894_,2.085µm
_00922_,2.085µm
_00943_,2.085µm
_00959_,2.085µm
_00972_,2.085µm
_00983_,2.085µm
_01012_,2.085µm
_01071_,2.085µm
_01154_,2.085µm
_01193_,2.085µm
_01194_,2.085µm
_01249_,2.085µm
_01347_,2.085µm
_01452_,2.085µm
_01642_,2.085µm
_01726_,2.085µm
_01753_,2.085µm
_01782_,2.085µm
_01946_,2.085µm
_01976_,2.085µm
_01993_,2.085µm
_02032_,2.085µm
_02054_,2.085µm
_02065_,2.085µm
_02167_,2.085µm
_02233_,2.085µm
_02250_,2.085µm
_02469_,2.085µm
_02490_,2.085µm
_02532_,2.085µm
net3185,2.085µm
_00950_,2.08µm
_01237_,2.08µm
_01296_,2.08µm
_01419_,2.08µm
_02275_,2.08µm
_02363_,2.08µm
_02462_,2.08µm
_02493_,2.08µm
_19973_,2.08µm
net3314,2.08µm
_02594_,2.06µm
_02598_,2.06µm
_02602_,2.06µm
_02604_,2.06µm
_02649_,2.06µm
_02659_,2.06µm
_02662_,2.06µm
_02781_,2.06µm
_02787_,2.06µm
_02904_,2.06µm
_03449_,2.06µm
_03633_,2.06µm
_04029_,2.06µm
_04388_,2.06µm
_05503_,2.06µm
_06089_,2.06µm
_07186_,2.06µm
_08091_,2.06µm
_09440_,2.06µm
_10254_,2.06µm
_10290_,2.06µm
_10556_,2.06µm
_10920_,2.06µm
_11775_,2.06µm
_11849_,2.06µm
_12708_,2.06µm
_12897_,2.06µm
_13075_,2.06µm
_13084_,2.06µm
_14302_,2.06µm
_14672_,2.06µm
_15055_,2.06µm
_15168_,2.06µm
_15766_,2.06µm
_15870_,2.06µm
_15931_,2.06µm
_15934_,2.06µm
_15942_,2.06µm
_16158_,2.06µm
_16481_,2.06µm
_16491_,2.06µm
_17079_,2.06µm
_17242_,2.06µm
_17807_,2.06µm
_18138_,2.06µm
_18259_,2.06µm
_19233_,2.06µm
_19389_,2.06µm
_19824_,2.06µm
_20385_,2.06µm
net237,2.06µm
_12218_,2.05µm
_00095_,2.04µm
_00115_,2.04µm
_00355_,2.04µm
_00389_,2.04µm
_00408_,2.04µm
_00438_,2.04µm
_00460_,2.04µm
_00622_,2.04µm
_00639_,2.04µm
_00748_,2.04µm
_00795_,2.04µm
_02657_,2.04µm
_02833_,2.04µm
_03025_,2.04µm
_03201_,2.04µm
_03313_,2.04µm
_03465_,2.04µm
_03571_,2.04µm
_03588_,2.04µm
_03827_,2.04µm
_03947_,2.04µm
_03971_,2.04µm
_04612_,2.04µm
_04694_,2.04µm
_04787_,2.04µm
_05120_,2.04µm
_05147_,2.04µm
_05182_,2.04µm
_05381_,2.04µm
_05738_,2.04µm
_05881_,2.04µm
_06035_,2.04µm
_06047_,2.04µm
_06122_,2.04µm
_06148_,2.04µm
_06211_,2.04µm
_06289_,2.04µm
_06614_,2.04µm
_06734_,2.04µm
_07126_,2.04µm
_07139_,2.04µm
_07225_,2.04µm
_07406_,2.04µm
_07649_,2.04µm
_07854_,2.04µm
_07959_,2.04µm
_08021_,2.04µm
_08100_,2.04µm
_08369_,2.04µm
_08412_,2.04µm
_08432_,2.04µm
_08482_,2.04µm
_08562_,2.04µm
_08599_,2.04µm
_08651_,2.04µm
_08797_,2.04µm
_08935_,2.04µm
_08979_,2.04µm
_09046_,2.04µm
_09160_,2.04µm
_09245_,2.04µm
_09513_,2.04µm
_09549_,2.04µm
_09671_,2.04µm
_09678_,2.04µm
_09726_,2.04µm
_09765_,2.04µm
_09775_,2.04µm
_10012_,2.04µm
_10037_,2.04µm
_10189_,2.04µm
_10309_,2.04µm
_10378_,2.04µm
_10486_,2.04µm
_10856_,2.04µm
_11259_,2.04µm
_11380_,2.04µm
_11461_,2.04µm
_11478_,2.04µm
_11589_,2.04µm
_11736_,2.04µm
_12065_,2.04µm
_12306_,2.04µm
_12308_,2.04µm
_12451_,2.04µm
_12541_,2.04µm
_12673_,2.04µm
_12774_,2.04µm
_12796_,2.04µm
_12947_,2.04µm
_13179_,2.04µm
_13252_,2.04µm
_13443_,2.04µm
_13578_,2.04µm
_13626_,2.04µm
_13847_,2.04µm
_14086_,2.04µm
_14092_,2.04µm
_14124_,2.04µm
_14600_,2.04µm
_14616_,2.04µm
_14641_,2.04µm
_14884_,2.04µm
_14945_,2.04µm
_15062_,2.04µm
_15103_,2.04µm
_15147_,2.04µm
_15148_,2.04µm
_15487_,2.04µm
_15884_,2.04µm
_15947_,2.04µm
_16088_,2.04µm
_16293_,2.04µm
_16298_,2.04µm
_16309_,2.04µm
_16565_,2.04µm
_16661_,2.04µm
_16795_,2.04µm
_16902_,2.04µm
_16950_,2.04µm
_17261_,2.04µm
_17513_,2.04µm
_17548_,2.04µm
_17977_,2.04µm
_18080_,2.04µm
_18714_,2.04µm
_18722_,2.04µm
_18809_,2.04µm
_18968_,2.04µm
_19052_,2.04µm
_19087_,2.04µm
_19091_,2.04µm
_19124_,2.04µm
_19190_,2.04µm
_19244_,2.04µm
_19301_,2.04µm
_19380_,2.04µm
_19615_,2.04µm
_19702_,2.04µm
_19728_,2.04µm
_19807_,2.04µm
_19815_,2.04µm
_19902_,2.04µm
_19919_,2.04µm
_20049_,2.04µm
_20066_,2.04µm
_20241_,2.04µm
_20351_,2.04µm
_20408_,2.04µm
_20564_,2.04µm
_20580_,2.04µm
_20676_,2.04µm
_20788_,2.04µm
_20860_,2.04µm
_21072_,2.04µm
_21084_,2.04µm
_21211_,2.04µm
_21606_,2.04µm
multiplier_instance.PPG.genblk1\[22\].masked\[21\],2.04µm
multiplier_instance.PPG.genblk1\[23\].masked\[19\],2.04µm
net67,2.04µm
net135,2.04µm
net356,2.04µm
net2671,2.04µm
net3072,2.04µm
_00944_,2.025µm
_00988_,2.025µm
_01009_,2.025µm
_01015_,2.025µm
_01052_,2.025µm
_01062_,2.025µm
_01070_,2.025µm
_01077_,2.025µm
_01326_,2.025µm
_01331_,2.025µm
_01332_,2.025µm
_01345_,2.025µm
_01378_,2.025µm
_01402_,2.025µm
_01404_,2.025µm
_01540_,2.025µm
_01615_,2.025µm
_01668_,2.025µm
_01690_,2.025µm
_01763_,2.025µm
_01817_,2.025µm
_01819_,2.025µm
_01849_,2.025µm
_01855_,2.025µm
_01857_,2.025µm
_01858_,2.025µm
_01869_,2.025µm
_01877_,2.025µm
_01878_,2.025µm
_01879_,2.025µm
_01881_,2.025µm
_01895_,2.025µm
_01920_,2.025µm
_01948_,2.025µm
_01987_,2.025µm
_01989_,2.025µm
_02051_,2.025µm
_02082_,2.025µm
_02092_,2.025µm
_02103_,2.025µm
_02178_,2.025µm
_02232_,2.025µm
_02495_,2.025µm
_17489_,2.01µm
multiplier_instance.PPG.genblk1\[14\].masked\[23\],2.005µm
_08238_,1.95µm
_10336_,1.95µm
_02965_,1.94µm
_03322_,1.94µm
_03631_,1.94µm
_03955_,1.94µm
_04438_,1.94µm
_04554_,1.94µm
_04656_,1.94µm
_04770_,1.94µm
_04854_,1.94µm
_05078_,1.94µm
_05376_,1.94µm
_05617_,1.94µm
_06059_,1.94µm
_06348_,1.94µm
_06552_,1.94µm
_06590_,1.94µm
_07110_,1.94µm
_07670_,1.94µm
_08800_,1.94µm
_09458_,1.94µm
_09829_,1.94µm
_09911_,1.94µm
_10202_,1.94µm
_10404_,1.94µm
_10619_,1.94µm
_10624_,1.94µm
_10869_,1.94µm
_10968_,1.94µm
_11125_,1.94µm
_11723_,1.94µm
_12004_,1.94µm
_12150_,1.94µm
_14493_,1.94µm
_15323_,1.94µm
_15854_,1.94µm
_16831_,1.94µm
_16839_,1.94µm
_17084_,1.94µm
_17383_,1.94µm
_17515_,1.94µm
_18262_,1.94µm
_18306_,1.94µm
_19589_,1.94µm
_19794_,1.94µm
_21200_,1.94µm
net2225,1.94µm
net2424,1.94µm
net2734,1.94µm
net3109,1.94µm
net3354,1.94µm
net3377,1.94µm
net3387,1.94µm
_09747_,1.93µm
_00917_,1.915µm
_01381_,1.915µm
_01511_,1.915µm
_01539_,1.915µm
_02036_,1.915µm
_02335_,1.915µm
_14405_,1.885µm
_00829_,1.865µm
_00854_,1.865µm
_00907_,1.865µm
_00919_,1.865µm
_00920_,1.865µm
_00940_,1.865µm
_00957_,1.865µm
_00964_,1.865µm
_01005_,1.865µm
_01035_,1.865µm
_01056_,1.865µm
_01057_,1.865µm
_01063_,1.865µm
_01092_,1.865µm
_01121_,1.865µm
_01122_,1.865µm
_01149_,1.865µm
_01214_,1.865µm
_01244_,1.865µm
_01264_,1.865µm
_01356_,1.865µm
_01362_,1.865µm
_01395_,1.865µm
_01532_,1.865µm
_01577_,1.865µm
_01622_,1.865µm
_01645_,1.865µm
_01647_,1.865µm
_01710_,1.865µm
_01721_,1.865µm
_01744_,1.865µm
_01761_,1.865µm
_01861_,1.865µm
_01866_,1.865µm
_01902_,1.865µm
_01909_,1.865µm
_01916_,1.865µm
_01932_,1.865µm
_01981_,1.865µm
_01982_,1.865µm
_02013_,1.865µm
_02034_,1.865µm
_02047_,1.865µm
_02048_,1.865µm
_02063_,1.865µm
_02066_,1.865µm
_02074_,1.865µm
_02076_,1.865µm
_02090_,1.865µm
_02115_,1.865µm
_02119_,1.865µm
_02124_,1.865µm
_02142_,1.865µm
_02164_,1.865µm
_02175_,1.865µm
_02325_,1.865µm
_02396_,1.865µm
_02409_,1.865µm
_04708_,1.865µm
net2280,1.865µm
_00020_,1.84µm
_00037_,1.84µm
_00045_,1.84µm
_00057_,1.84µm
_03202_,1.84µm
_03798_,1.84µm
_03837_,1.84µm
_03845_,1.84µm
_03979_,1.84µm
_04041_,1.84µm
_04126_,1.84µm
_04180_,1.84µm
_04522_,1.84µm
_04764_,1.84µm
_04812_,1.84µm
_04858_,1.84µm
_04867_,1.84µm
_05046_,1.84µm
_05090_,1.84µm
_05225_,1.84µm
_05564_,1.84µm
_05622_,1.84µm
_06141_,1.84µm
_06269_,1.84µm
_06278_,1.84µm
_06353_,1.84µm
_06568_,1.84µm
_06668_,1.84µm
_06728_,1.84µm
_06880_,1.84µm
_07014_,1.84µm
_07045_,1.84µm
_07200_,1.84µm
_07317_,1.84µm
_07379_,1.84µm
_07519_,1.84µm
_07530_,1.84µm
_07536_,1.84µm
_07630_,1.84µm
_07643_,1.84µm
_07727_,1.84µm
_07730_,1.84µm
_07742_,1.84µm
_07752_,1.84µm
_07767_,1.84µm
_07815_,1.84µm
_07834_,1.84µm
_07869_,1.84µm
_07887_,1.84µm
_07973_,1.84µm
_07979_,1.84µm
_08178_,1.84µm
_08187_,1.84µm
_08205_,1.84µm
_08216_,1.84µm
_08448_,1.84µm
_08471_,1.84µm
_08761_,1.84µm
_08843_,1.84µm
_09138_,1.84µm
_09255_,1.84µm
_09306_,1.84µm
_09464_,1.84µm
_09507_,1.84µm
_09648_,1.84µm
_09728_,1.84µm
_09746_,1.84µm
_09845_,1.84µm
_10269_,1.84µm
_10279_,1.84µm
_10419_,1.84µm
_10425_,1.84µm
_10579_,1.84µm
_10605_,1.84µm
_10998_,1.84µm
_11338_,1.84µm
_11365_,1.84µm
_11796_,1.84µm
_11832_,1.84µm
_11835_,1.84µm
_11892_,1.84µm
_12025_,1.84µm
_12060_,1.84µm
_12297_,1.84µm
_12414_,1.84µm
_12583_,1.84µm
_12652_,1.84µm
_12901_,1.84µm
_13040_,1.84µm
_13236_,1.84µm
_13245_,1.84µm
_13298_,1.84µm
_13307_,1.84µm
_13555_,1.84µm
_13672_,1.84µm
_14211_,1.84µm
_14243_,1.84µm
_14339_,1.84µm
_14469_,1.84µm
_14595_,1.84µm
_14792_,1.84µm
_14821_,1.84µm
_14923_,1.84µm
_14946_,1.84µm
_15034_,1.84µm
_15297_,1.84µm
_15489_,1.84µm
_15867_,1.84µm
_15969_,1.84µm
_16032_,1.84µm
_16213_,1.84µm
_16379_,1.84µm
_16671_,1.84µm
_17144_,1.84µm
_18026_,1.84µm
_18301_,1.84µm
_18321_,1.84µm
_18329_,1.84µm
_18830_,1.84µm
_18847_,1.84µm
_18973_,1.84µm
_19202_,1.84µm
_19636_,1.84µm
_19725_,1.84µm
_20459_,1.84µm
_20500_,1.84µm
_20690_,1.84µm
_21173_,1.84µm
_21457_,1.84µm
multiplier_instance.PPG.genblk1\[0\].masked\[2\],1.84µm
multiplier_instance.PPG.genblk1\[0\].masked\[4\],1.84µm
multiplier_instance.PPG.genblk1\[10\].masked\[20\],1.84µm
multiplier_instance.PPG.genblk1\[10\].masked\[3\],1.84µm
multiplier_instance.PPG.genblk1\[11\].masked\[12\],1.84µm
multiplier_instance.PPG.genblk1\[11\].masked\[13\],1.84µm
multiplier_instance.PPG.genblk1\[11\].masked\[14\],1.84µm
multiplier_instance.PPG.genblk1\[11\].masked\[15\],1.84µm
multiplier_instance.PPG.genblk1\[11\].masked\[16\],1.84µm
multiplier_instance.PPG.genblk1\[11\].masked\[18\],1.84µm
multiplier_instance.PPG.genblk1\[11\].masked\[19\],1.84µm
multiplier_instance.PPG.genblk1\[11\].masked\[21\],1.84µm
multiplier_instance.PPG.genblk1\[11\].masked\[9\],1.84µm
multiplier_instance.PPG.genblk1\[12\].masked\[11\],1.84µm
multiplier_instance.PPG.genblk1\[12\].masked\[12\],1.84µm
multiplier_instance.PPG.genblk1\[12\].masked\[14\],1.84µm
multiplier_instance.PPG.genblk1\[12\].masked\[3\],1.84µm
multiplier_instance.PPG.genblk1\[13\].masked\[14\],1.84µm
multiplier_instance.PPG.genblk1\[13\].masked\[1\],1.84µm
multiplier_instance.PPG.genblk1\[13\].masked\[20\],1.84µm
multiplier_instance.PPG.genblk1\[13\].masked\[22\],1.84µm
multiplier_instance.PPG.genblk1\[13\].masked\[23\],1.84µm
multiplier_instance.PPG.genblk1\[13\].masked\[8\],1.84µm
multiplier_instance.PPG.genblk1\[14\].masked\[12\],1.84µm
multiplier_instance.PPG.genblk1\[14\].masked\[15\],1.84µm
multiplier_instance.PPG.genblk1\[14\].masked\[6\],1.84µm
multiplier_instance.PPG.genblk1\[14\].masked\[9\],1.84µm
multiplier_instance.PPG.genblk1\[15\].masked\[0\],1.84µm
multiplier_instance.PPG.genblk1\[15\].masked\[15\],1.84µm
multiplier_instance.PPG.genblk1\[15\].masked\[18\],1.84µm
multiplier_instance.PPG.genblk1\[15\].masked\[21\],1.84µm
multiplier_instance.PPG.genblk1\[15\].masked\[22\],1.84µm
multiplier_instance.PPG.genblk1\[15\].masked\[2\],1.84µm
multiplier_instance.PPG.genblk1\[15\].masked\[8\],1.84µm
multiplier_instance.PPG.genblk1\[16\].masked\[13\],1.84µm
multiplier_instance.PPG.genblk1\[16\].masked\[16\],1.84µm
multiplier_instance.PPG.genblk1\[16\].masked\[1\],1.84µm
multiplier_instance.PPG.genblk1\[16\].masked\[21\],1.84µm
multiplier_instance.PPG.genblk1\[16\].masked\[23\],1.84µm
multiplier_instance.PPG.genblk1\[16\].masked\[6\],1.84µm
multiplier_instance.PPG.genblk1\[17\].masked\[15\],1.84µm
multiplier_instance.PPG.genblk1\[17\].masked\[18\],1.84µm
multiplier_instance.PPG.genblk1\[17\].masked\[1\],1.84µm
multiplier_instance.PPG.genblk1\[17\].masked\[5\],1.84µm
multiplier_instance.PPG.genblk1\[17\].masked\[9\],1.84µm
multiplier_instance.PPG.genblk1\[18\].masked\[12\],1.84µm
multiplier_instance.PPG.genblk1\[18\].masked\[14\],1.84µm
multiplier_instance.PPG.genblk1\[18\].masked\[17\],1.84µm
multiplier_instance.PPG.genblk1\[18\].masked\[22\],1.84µm
multiplier_instance.PPG.genblk1\[18\].masked\[23\],1.84µm
multiplier_instance.PPG.genblk1\[18\].masked\[5\],1.84µm
multiplier_instance.PPG.genblk1\[18\].masked\[9\],1.84µm
multiplier_instance.PPG.genblk1\[19\].masked\[17\],1.84µm
multiplier_instance.PPG.genblk1\[19\].masked\[19\],1.84µm
multiplier_instance.PPG.genblk1\[19\].masked\[20\],1.84µm
multiplier_instance.PPG.genblk1\[19\].masked\[23\],1.84µm
multiplier_instance.PPG.genblk1\[19\].masked\[5\],1.84µm
multiplier_instance.PPG.genblk1\[19\].masked\[8\],1.84µm
multiplier_instance.PPG.genblk1\[1\].masked\[12\],1.84µm
multiplier_instance.PPG.genblk1\[1\].masked\[1\],1.84µm
multiplier_instance.PPG.genblk1\[1\].masked\[23\],1.84µm
multiplier_instance.PPG.genblk1\[1\].masked\[3\],1.84µm
multiplier_instance.PPG.genblk1\[1\].masked\[6\],1.84µm
multiplier_instance.PPG.genblk1\[20\].masked\[0\],1.84µm
multiplier_instance.PPG.genblk1\[20\].masked\[13\],1.84µm
multiplier_instance.PPG.genblk1\[20\].masked\[14\],1.84µm
multiplier_instance.PPG.genblk1\[20\].masked\[18\],1.84µm
multiplier_instance.PPG.genblk1\[20\].masked\[19\],1.84µm
multiplier_instance.PPG.genblk1\[20\].masked\[22\],1.84µm
multiplier_instance.PPG.genblk1\[20\].masked\[5\],1.84µm
multiplier_instance.PPG.genblk1\[20\].masked\[6\],1.84µm
multiplier_instance.PPG.genblk1\[21\].masked\[10\],1.84µm
multiplier_instance.PPG.genblk1\[21\].masked\[16\],1.84µm
multiplier_instance.PPG.genblk1\[21\].masked\[20\],1.84µm
multiplier_instance.PPG.genblk1\[21\].masked\[22\],1.84µm
multiplier_instance.PPG.genblk1\[21\].masked\[6\],1.84µm
multiplier_instance.PPG.genblk1\[21\].masked\[7\],1.84µm
multiplier_instance.PPG.genblk1\[22\].masked\[13\],1.84µm
multiplier_instance.PPG.genblk1\[22\].masked\[16\],1.84µm
multiplier_instance.PPG.genblk1\[22\].masked\[20\],1.84µm
multiplier_instance.PPG.genblk1\[22\].masked\[2\],1.84µm
multiplier_instance.PPG.genblk1\[22\].masked\[7\],1.84µm
multiplier_instance.PPG.genblk1\[23\].masked\[0\],1.84µm
multiplier_instance.PPG.genblk1\[23\].masked\[15\],1.84µm
multiplier_instance.PPG.genblk1\[23\].masked\[2\],1.84µm
multiplier_instance.PPG.genblk1\[2\].masked\[15\],1.84µm
multiplier_instance.PPG.genblk1\[2\].masked\[18\],1.84µm
multiplier_instance.PPG.genblk1\[2\].masked\[20\],1.84µm
multiplier_instance.PPG.genblk1\[2\].masked\[23\],1.84µm
multiplier_instance.PPG.genblk1\[3\].masked\[0\],1.84µm
multiplier_instance.PPG.genblk1\[3\].masked\[10\],1.84µm
multiplier_instance.PPG.genblk1\[3\].masked\[19\],1.84µm
multiplier_instance.PPG.genblk1\[3\].masked\[20\],1.84µm
multiplier_instance.PPG.genblk1\[3\].masked\[3\],1.84µm
multiplier_instance.PPG.genblk1\[4\].masked\[1\],1.84µm
multiplier_instance.PPG.genblk1\[4\].masked\[2\],1.84µm
multiplier_instance.PPG.genblk1\[4\].masked\[5\],1.84µm
multiplier_instance.PPG.genblk1\[4\].masked\[9\],1.84µm
multiplier_instance.PPG.genblk1\[5\].masked\[0\],1.84µm
multiplier_instance.PPG.genblk1\[5\].masked\[11\],1.84µm
multiplier_instance.PPG.genblk1\[5\].masked\[12\],1.84µm
multiplier_instance.PPG.genblk1\[5\].masked\[15\],1.84µm
multiplier_instance.PPG.genblk1\[5\].masked\[16\],1.84µm
multiplier_instance.PPG.genblk1\[5\].masked\[21\],1.84µm
multiplier_instance.PPG.genblk1\[5\].masked\[7\],1.84µm
multiplier_instance.PPG.genblk1\[6\].masked\[0\],1.84µm
multiplier_instance.PPG.genblk1\[6\].masked\[11\],1.84µm
multiplier_instance.PPG.genblk1\[6\].masked\[12\],1.84µm
multiplier_instance.PPG.genblk1\[6\].masked\[16\],1.84µm
multiplier_instance.PPG.genblk1\[6\].masked\[17\],1.84µm
multiplier_instance.PPG.genblk1\[6\].masked\[8\],1.84µm
multiplier_instance.PPG.genblk1\[8\].masked\[11\],1.84µm
multiplier_instance.PPG.genblk1\[8\].masked\[14\],1.84µm
multiplier_instance.PPG.genblk1\[8\].masked\[17\],1.84µm
multiplier_instance.PPG.genblk1\[8\].masked\[18\],1.84µm
multiplier_instance.PPG.genblk1\[8\].masked\[8\],1.84µm
multiplier_instance.PPG.genblk1\[9\].masked\[10\],1.84µm
multiplier_instance.PPG.genblk1\[9\].masked\[1\],1.84µm
multiplier_instance.PPG.genblk1\[9\].masked\[20\],1.84µm
multiplier_instance.PPG.genblk1\[9\].masked\[21\],1.84µm
net2151,1.84µm
net2160,1.84µm
net2168,1.84µm
net2205,1.84µm
net2449,1.84µm
net2456,1.84µm
net2521,1.84µm
net2559,1.84µm
net2575,1.84µm
net2580,1.84µm
net2766,1.84µm
net2772,1.84µm
net2820,1.84µm
net2857,1.84µm
net2859,1.84µm
net2891,1.84µm
net2967,1.84µm
net2982,1.84µm
net3024,1.84µm
net3036,1.84µm
net3048,1.84µm
net3166,1.84µm
net3178,1.84µm
net3181,1.84µm
net3183,1.84µm
net3244,1.84µm
net3287,1.84µm
net3300,1.84µm
net3311,1.84µm
net3325,1.84µm
net3341,1.84µm
_16752_,1.83µm
_00029_,1.82µm
_00050_,1.82µm
_00087_,1.82µm
_00090_,1.82µm
_00116_,1.82µm
_00133_,1.82µm
_00136_,1.82µm
_00155_,1.82µm
_00172_,1.82µm
_00179_,1.82µm
_00225_,1.82µm
_00236_,1.82µm
_00249_,1.82µm
_00258_,1.82µm
_00293_,1.82µm
_00298_,1.82µm
_00301_,1.82µm
_00320_,1.82µm
_00329_,1.82µm
_00336_,1.82µm
_00340_,1.82µm
_00354_,1.82µm
_00386_,1.82µm
_00402_,1.82µm
_00404_,1.82µm
_00406_,1.82µm
_00410_,1.82µm
_00420_,1.82µm
_00431_,1.82µm
_00434_,1.82µm
_00436_,1.82µm
_00443_,1.82µm
_00459_,1.82µm
_00473_,1.82µm
_00481_,1.82µm
_00488_,1.82µm
_00493_,1.82µm
_00504_,1.82µm
_00512_,1.82µm
_00539_,1.82µm
_00548_,1.82µm
_00554_,1.82µm
_00562_,1.82µm
_00565_,1.82µm
_00579_,1.82µm
_00587_,1.82µm
_00591_,1.82µm
_00603_,1.82µm
_00632_,1.82µm
_00633_,1.82µm
_00636_,1.82µm
_00655_,1.82µm
_00664_,1.82µm
_00667_,1.82µm
_00675_,1.82µm
_00710_,1.82µm
_00712_,1.82µm
_00728_,1.82µm
_00730_,1.82µm
_00731_,1.82µm
_00732_,1.82µm
_00776_,1.82µm
_00780_,1.82µm
_00794_,1.82µm
_00798_,1.82µm
_00805_,1.82µm
_00809_,1.82µm
_04072_,1.82µm
_04157_,1.82µm
_04621_,1.82µm
_06820_,1.82µm
_08123_,1.82µm
_08531_,1.82µm
_08543_,1.82µm
_08810_,1.82µm
_09269_,1.82µm
_10022_,1.82µm
_11779_,1.82µm
_12048_,1.82µm
_12537_,1.82µm
_12926_,1.82µm
_13499_,1.82µm
_14582_,1.82µm
_15318_,1.82µm
_16811_,1.82µm
_16932_,1.82µm
_16956_,1.82µm
_17277_,1.82µm
_17593_,1.82µm
_18124_,1.82µm
_18127_,1.82µm
multiplier_instance.PPG.genblk1\[0\].masked\[16\],1.82µm
multiplier_instance.PPG.genblk1\[0\].masked\[1\],1.82µm
multiplier_instance.PPG.genblk1\[10\].masked\[19\],1.82µm
multiplier_instance.PPG.genblk1\[10\].masked\[6\],1.82µm
multiplier_instance.PPG.genblk1\[11\].masked\[20\],1.82µm
multiplier_instance.PPG.genblk1\[11\].masked\[3\],1.82µm
multiplier_instance.PPG.genblk1\[11\].masked\[7\],1.82µm
multiplier_instance.PPG.genblk1\[11\].masked\[8\],1.82µm
multiplier_instance.PPG.genblk1\[12\].masked\[0\],1.82µm
multiplier_instance.PPG.genblk1\[12\].masked\[21\],1.82µm
multiplier_instance.PPG.genblk1\[12\].masked\[5\],1.82µm
multiplier_instance.PPG.genblk1\[14\].masked\[19\],1.82µm
multiplier_instance.PPG.genblk1\[14\].masked\[4\],1.82µm
multiplier_instance.PPG.genblk1\[16\].masked\[0\],1.82µm
multiplier_instance.PPG.genblk1\[16\].masked\[10\],1.82µm
multiplier_instance.PPG.genblk1\[16\].masked\[17\],1.82µm
multiplier_instance.PPG.genblk1\[17\].masked\[0\],1.82µm
multiplier_instance.PPG.genblk1\[17\].masked\[10\],1.82µm
multiplier_instance.PPG.genblk1\[17\].masked\[4\],1.82µm
multiplier_instance.PPG.genblk1\[17\].masked\[6\],1.82µm
multiplier_instance.PPG.genblk1\[17\].masked\[7\],1.82µm
multiplier_instance.PPG.genblk1\[19\].masked\[10\],1.82µm
multiplier_instance.PPG.genblk1\[19\].masked\[13\],1.82µm
multiplier_instance.PPG.genblk1\[1\].masked\[15\],1.82µm
multiplier_instance.PPG.genblk1\[1\].masked\[16\],1.82µm
multiplier_instance.PPG.genblk1\[1\].masked\[21\],1.82µm
multiplier_instance.PPG.genblk1\[20\].masked\[15\],1.82µm
multiplier_instance.PPG.genblk1\[20\].masked\[3\],1.82µm
multiplier_instance.PPG.genblk1\[20\].masked\[8\],1.82µm
multiplier_instance.PPG.genblk1\[22\].masked\[1\],1.82µm
multiplier_instance.PPG.genblk1\[23\].masked\[1\],1.82µm
multiplier_instance.PPG.genblk1\[23\].masked\[6\],1.82µm
multiplier_instance.PPG.genblk1\[2\].masked\[22\],1.82µm
multiplier_instance.PPG.genblk1\[3\].masked\[12\],1.82µm
multiplier_instance.PPG.genblk1\[3\].masked\[18\],1.82µm
multiplier_instance.PPG.genblk1\[3\].masked\[1\],1.82µm
multiplier_instance.PPG.genblk1\[3\].masked\[23\],1.82µm
multiplier_instance.PPG.genblk1\[4\].masked\[0\],1.82µm
multiplier_instance.PPG.genblk1\[4\].masked\[12\],1.82µm
multiplier_instance.PPG.genblk1\[4\].masked\[22\],1.82µm
multiplier_instance.PPG.genblk1\[4\].masked\[23\],1.82µm
multiplier_instance.PPG.genblk1\[5\].masked\[4\],1.82µm
multiplier_instance.PPG.genblk1\[5\].masked\[5\],1.82µm
multiplier_instance.PPG.genblk1\[7\].masked\[22\],1.82µm
multiplier_instance.PPG.genblk1\[8\].masked\[13\],1.82µm
multiplier_instance.PPG.genblk1\[8\].masked\[19\],1.82µm
multiplier_instance.PPG.genblk1\[9\].masked\[12\],1.82µm
multiplier_instance.PPG.genblk1\[9\].masked\[13\],1.82µm
multiplier_instance.PPG.genblk1\[9\].masked\[15\],1.82µm
multiplier_instance.PPG.genblk1\[9\].masked\[3\],1.82µm
multiplier_instance.PPG.genblk1\[9\].masked\[4\],1.82µm
multiplier_instance.PPG.genblk1\[9\].masked\[8\],1.82µm
multiplier_instance.PPG.genblk1\[9\].masked\[9\],1.82µm
_15466_,1.81µm
_10960_,1.8µm
_17048_,1.795µm
_14988_,1.79µm
_00110_,1.75µm
_00316_,1.75µm
_00423_,1.75µm
_00575_,1.75µm
_00635_,1.75µm
_00641_,1.75µm
_00671_,1.75µm
_01209_,1.745µm
_00932_,1.74µm
_13538_,1.725µm
_04361_,1.72µm
_04550_,1.72µm
_04595_,1.72µm
_04610_,1.72µm
_04677_,1.72µm
_05118_,1.72µm
_05352_,1.72µm
_05990_,1.72µm
_06435_,1.72µm
_06637_,1.72µm
_06685_,1.72µm
_06852_,1.72µm
_06992_,1.72µm
_07473_,1.72µm
_07826_,1.72µm
_08287_,1.72µm
_08395_,1.72µm
_08464_,1.72µm
_08981_,1.72µm
_09088_,1.72µm
_09223_,1.72µm
_09236_,1.72µm
_09330_,1.72µm
_09701_,1.72µm
_10057_,1.72µm
_10490_,1.72µm
_10635_,1.72µm
_11109_,1.72µm
_11140_,1.72µm
_11290_,1.72µm
_11621_,1.72µm
_11680_,1.72µm
_13046_,1.72µm
_13399_,1.72µm
_13792_,1.72µm
_13829_,1.72µm
_14206_,1.72µm
_14991_,1.72µm
_15149_,1.72µm
_15872_,1.72µm
_15904_,1.72µm
_15907_,1.72µm
_16006_,1.72µm
_16133_,1.72µm
_16300_,1.72µm
_16396_,1.72µm
_16635_,1.72µm
_16808_,1.72µm
_16976_,1.72µm
_17158_,1.72µm
_19680_,1.72µm
_19691_,1.72µm
_19734_,1.72µm
_20159_,1.72µm
_20808_,1.72µm
_20935_,1.72µm
_21520_,1.72µm
_21647_,1.72µm
_21794_,1.72µm
_21799_,1.72µm
_12354_,1.715µm
_08033_,1.705µm
_00017_,1.7µm
_00143_,1.7µm
_00183_,1.7µm
_00240_,1.7µm
_00290_,1.7µm
_00330_,1.7µm
_00370_,1.7µm
_00375_,1.7µm
_00395_,1.7µm
_00396_,1.7µm
_00399_,1.7µm
_00616_,1.7µm
_00648_,1.7µm
_00679_,1.7µm
_00723_,1.7µm
_00726_,1.7µm
_00770_,1.7µm
_02227_,1.7µm
_02630_,1.7µm
_02770_,1.7µm
_02850_,1.7µm
_03119_,1.7µm
_03143_,1.7µm
_03651_,1.7µm
_03735_,1.7µm
_03742_,1.7µm
_03912_,1.7µm
_03961_,1.7µm
_04032_,1.7µm
_04096_,1.7µm
_04118_,1.7µm
_04158_,1.7µm
_04230_,1.7µm
_04723_,1.7µm
_04800_,1.7µm
_04965_,1.7µm
_05049_,1.7µm
_05346_,1.7µm
_05351_,1.7µm
_05731_,1.7µm
_05841_,1.7µm
_05860_,1.7µm
_05965_,1.7µm
_06132_,1.7µm
_06310_,1.7µm
_06539_,1.7µm
_06638_,1.7µm
_06826_,1.7µm
_06976_,1.7µm
_07112_,1.7µm
_07228_,1.7µm
_07340_,1.7µm
_07367_,1.7µm
_07424_,1.7µm
_07508_,1.7µm
_07627_,1.7µm
_07636_,1.7µm
_08023_,1.7µm
_08042_,1.7µm
_08061_,1.7µm
_08109_,1.7µm
_08211_,1.7µm
_08257_,1.7µm
_08341_,1.7µm
_08428_,1.7µm
_08477_,1.7µm
_08632_,1.7µm
_08779_,1.7µm
_08838_,1.7µm
_08885_,1.7µm
_09054_,1.7µm
_09102_,1.7µm
_09384_,1.7µm
_09409_,1.7µm
_09463_,1.7µm
_09600_,1.7µm
_09622_,1.7µm
_09624_,1.7µm
_09654_,1.7µm
_09714_,1.7µm
_09793_,1.7µm
_09860_,1.7µm
_10083_,1.7µm
_10119_,1.7µm
_10162_,1.7µm
_10187_,1.7µm
_10229_,1.7µm
_10263_,1.7µm
_10536_,1.7µm
_10560_,1.7µm
_10647_,1.7µm
_10690_,1.7µm
_10730_,1.7µm
_10924_,1.7µm
_11021_,1.7µm
_11144_,1.7µm
_11247_,1.7µm
_11257_,1.7µm
_11534_,1.7µm
_11601_,1.7µm
_11768_,1.7µm
_11910_,1.7µm
_11938_,1.7µm
_12226_,1.7µm
_12242_,1.7µm
_12339_,1.7µm
_12379_,1.7µm
_12631_,1.7µm
_12710_,1.7µm
_12782_,1.7µm
_12829_,1.7µm
_12917_,1.7µm
_12972_,1.7µm
_12996_,1.7µm
_13008_,1.7µm
_13301_,1.7µm
_13402_,1.7µm
_13513_,1.7µm
_13614_,1.7µm
_13695_,1.7µm
_13721_,1.7µm
_13725_,1.7µm
_13784_,1.7µm
_14101_,1.7µm
_14169_,1.7µm
_14399_,1.7µm
_14507_,1.7µm
_14551_,1.7µm
_14581_,1.7µm
_14607_,1.7µm
_14816_,1.7µm
_14819_,1.7µm
_14867_,1.7µm
_14887_,1.7µm
_14934_,1.7µm
_15090_,1.7µm
_15196_,1.7µm
_15213_,1.7µm
_15218_,1.7µm
_15227_,1.7µm
_15332_,1.7µm
_15542_,1.7µm
_15733_,1.7µm
_15784_,1.7µm
_15886_,1.7µm
_15920_,1.7µm
_16064_,1.7µm
_16391_,1.7µm
_16672_,1.7µm
_16828_,1.7µm
_16842_,1.7µm
_17008_,1.7µm
_17025_,1.7µm
_17205_,1.7µm
_17251_,1.7µm
_17353_,1.7µm
_17588_,1.7µm
_17784_,1.7µm
_18034_,1.7µm
_18289_,1.7µm
_18570_,1.7µm
_18633_,1.7µm
_18658_,1.7µm
_18746_,1.7µm
_18778_,1.7µm
_18956_,1.7µm
_19001_,1.7µm
_19128_,1.7µm
_19316_,1.7µm
_19324_,1.7µm
_19339_,1.7µm
_19452_,1.7µm
_19457_,1.7µm
_19477_,1.7µm
_19788_,1.7µm
_19922_,1.7µm
_19926_,1.7µm
_19978_,1.7µm
_19994_,1.7µm
_20076_,1.7µm
_20244_,1.7µm
_20440_,1.7µm
_20664_,1.7µm
_20948_,1.7µm
_21091_,1.7µm
_21251_,1.7µm
_21257_,1.7µm
_21444_,1.7µm
_21460_,1.7µm
_21499_,1.7µm
adder_instance.four_man\[60\],1.7µm
adder_instance.mantisaA0\[20\],1.7µm
divider_instance.mantisaA0\[9\],1.7µm
multiplier_instance.PPG.genblk1\[0\].masked\[22\],1.7µm
multiplier_instance.PPG.genblk1\[12\].masked\[6\],1.7µm
multiplier_instance.PPG.genblk1\[15\].masked\[10\],1.7µm
multiplier_instance.PPG.genblk1\[15\].masked\[9\],1.7µm
multiplier_instance.PPG.genblk1\[16\].masked\[12\],1.7µm
multiplier_instance.PPG.genblk1\[16\].masked\[20\],1.7µm
multiplier_instance.PPG.genblk1\[16\].masked\[5\],1.7µm
multiplier_instance.PPG.genblk1\[17\].masked\[13\],1.7µm
multiplier_instance.PPG.genblk1\[17\].masked\[19\],1.7µm
multiplier_instance.PPG.genblk1\[1\].masked\[10\],1.7µm
multiplier_instance.PPG.genblk1\[1\].masked\[8\],1.7µm
multiplier_instance.PPG.genblk1\[22\].masked\[0\],1.7µm
multiplier_instance.PPG.genblk1\[7\].masked\[13\],1.7µm
multiplier_instance.PPG.genblk1\[8\].masked\[15\],1.7µm
multiplier_instance.s2_exp_a\[6\],1.7µm
net94,1.7µm
net244,1.7µm
net2214,1.7µm
net2302,1.7µm
net2368,1.7µm
net2479,1.7µm
net2532,1.7µm
net2534,1.7µm
net2622,1.7µm
net2762,1.7µm
net2807,1.7µm
net2819,1.7µm
net2864,1.7µm
net3001,1.7µm
net3043,1.7µm
net3082,1.7µm
net3118,1.7µm
net3296,1.7µm
net3310,1.7µm
net3391,1.7µm
_14289_,1.69µm
_00882_,1.685µm
_00905_,1.685µm
_00906_,1.685µm
_00908_,1.685µm
_00910_,1.685µm
_00926_,1.685µm
_00928_,1.685µm
_00929_,1.685µm
_00930_,1.685µm
_00941_,1.685µm
_01364_,1.685µm
_01371_,1.685µm
_01438_,1.685µm
_01507_,1.685µm
_01510_,1.685µm
_01514_,1.685µm
_01545_,1.685µm
_01556_,1.685µm
_02408_,1.685µm
_02427_,1.685µm
_02435_,1.685µm
_02446_,1.685µm
_02463_,1.685µm
_02513_,1.685µm
_02518_,1.685µm
net2410,1.685µm
net2443,1.685µm
net2601,1.685µm
net2765,1.685µm
net3189,1.685µm
_12215_,1.61µm
_02796_,1.6µm
_02800_,1.6µm
_02826_,1.6µm
_02836_,1.6µm
_02848_,1.6µm
_02882_,1.6µm
_02898_,1.6µm
_02906_,1.6µm
_02955_,1.6µm
_02999_,1.6µm
_03001_,1.6µm
_03013_,1.6µm
_03113_,1.6µm
_03165_,1.6µm
_03171_,1.6µm
_03441_,1.6µm
_03523_,1.6µm
_03533_,1.6µm
_03561_,1.6µm
_03597_,1.6µm
_03611_,1.6µm
_03617_,1.6µm
_03621_,1.6µm
_03645_,1.6µm
_05038_,1.6µm
_08870_,1.6µm
_10109_,1.6µm
_10264_,1.6µm
_11449_,1.6µm
_11800_,1.6µm
_13267_,1.6µm
_13919_,1.6µm
_14999_,1.6µm
_15292_,1.6µm
_16320_,1.6µm
_17166_,1.6µm
_17323_,1.6µm
_17333_,1.6µm
_17335_,1.6µm
_17485_,1.6µm
_17503_,1.6µm
_17505_,1.6µm
_17605_,1.6µm
_17609_,1.6µm
_17623_,1.6µm
_17625_,1.6µm
_17629_,1.6µm
_17639_,1.6µm
_17643_,1.6µm
_17681_,1.6µm
_17685_,1.6µm
_17713_,1.6µm
_17735_,1.6µm
_17739_,1.6µm
_17761_,1.6µm
divider_instance.mantisaBshift\[11\],1.6µm
reorder_buf_instance.value1\[31\],1.6µm
_00934_,1.575µm
_01233_,1.575µm
_01529_,1.575µm
_01714_,1.575µm
_01727_,1.575µm
_02000_,1.575µm
_02165_,1.575µm
_02336_,1.575µm
_02503_,1.575µm
_02527_,1.575µm
_08146_,1.56µm
multiplier_instance.PPG.genblk1\[7\].masked\[5\],1.545µm
_04261_,1.48µm
_04265_,1.48µm
_04291_,1.48µm
_04376_,1.48µm
_04502_,1.48µm
_04822_,1.48µm
_04939_,1.48µm
_05025_,1.48µm
_05093_,1.48µm
_05208_,1.48µm
_05279_,1.48µm
_05804_,1.48µm
_05849_,1.48µm
_05903_,1.48µm
_06498_,1.48µm
_06631_,1.48µm
_06849_,1.48µm
_07374_,1.48µm
_07583_,1.48µm
_07782_,1.48µm
_08564_,1.48µm
_08787_,1.48µm
_08794_,1.48µm
_08861_,1.48µm
_10025_,1.48µm
_10765_,1.48µm
_10803_,1.48µm
_10949_,1.48µm
_11211_,1.48µm
_11401_,1.48µm
_11630_,1.48µm
_12068_,1.48µm
_13327_,1.48µm
_13607_,1.48µm
_13877_,1.48µm
_14379_,1.48µm
_14420_,1.48µm
_15212_,1.48µm
_15315_,1.48µm
_16364_,1.48µm
_16834_,1.48µm
_17160_,1.48µm
_18023_,1.48µm
_18042_,1.48µm
_20218_,1.48µm
_21565_,1.48µm
net2248,1.48µm
net3221,1.48µm
net3366,1.48µm
_06084_,1.46µm
_10725_,1.46µm
_12436_,1.46µm
_14622_,1.46µm
_05204_,1.425µm
_00823_,1.405µm
_00865_,1.405µm
_00891_,1.405µm
_00949_,1.405µm
_00990_,1.405µm
_01208_,1.405µm
_01248_,1.405µm
_01285_,1.405µm
_01384_,1.405µm
_01447_,1.405µm
_01459_,1.405µm
_01584_,1.405µm
_01670_,1.405µm
_01692_,1.405µm
_01712_,1.405µm
_01730_,1.405µm
_01735_,1.405µm
_01783_,1.405µm
_01915_,1.405µm
_02053_,1.405µm
_02061_,1.405µm
_02073_,1.405µm
_02129_,1.405µm
_02317_,1.405µm
_02368_,1.405µm
_02419_,1.405µm
_02459_,1.405µm
_02805_,1.38µm
_02813_,1.38µm
_02863_,1.38µm
_02871_,1.38µm
_02877_,1.38µm
_02946_,1.38µm
_03047_,1.38µm
_03104_,1.38µm
_03112_,1.38µm
_03176_,1.38µm
_03316_,1.38µm
_03337_,1.38µm
_03530_,1.38µm
_03556_,1.38µm
_03570_,1.38µm
_03620_,1.38µm
_03646_,1.38µm
_03764_,1.38µm
_03823_,1.38µm
_03895_,1.38µm
_04317_,1.38µm
_04382_,1.38µm
_04619_,1.38µm
_04709_,1.38µm
_04796_,1.38µm
_04888_,1.38µm
_05019_,1.38µm
_05683_,1.38µm
_06078_,1.38µm
_06195_,1.38µm
_06260_,1.38µm
_06369_,1.38µm
_06377_,1.38µm
_06461_,1.38µm
_06504_,1.38µm
_06509_,1.38µm
_07376_,1.38µm
_07399_,1.38µm
_07563_,1.38µm
_07586_,1.38µm
_07734_,1.38µm
_07791_,1.38µm
_08200_,1.38µm
_08309_,1.38µm
_08655_,1.38µm
_09134_,1.38µm
_09140_,1.38µm
_09203_,1.38µm
_09434_,1.38µm
_09460_,1.38µm
_09488_,1.38µm
_09640_,1.38µm
_09893_,1.38µm
_10040_,1.38µm
_10080_,1.38µm
_10227_,1.38µm
_10546_,1.38µm
_10653_,1.38µm
_11052_,1.38µm
_11099_,1.38µm
_11618_,1.38µm
_11823_,1.38µm
_12028_,1.38µm
_12033_,1.38µm
_12108_,1.38µm
_12405_,1.38µm
_12485_,1.38µm
_12555_,1.38µm
_12580_,1.38µm
_12704_,1.38µm
_12767_,1.38µm
_12787_,1.38µm
_12870_,1.38µm
_13593_,1.38µm
_13984_,1.38µm
_14197_,1.38µm
_14242_,1.38µm
_14498_,1.38µm
_14660_,1.38µm
_14770_,1.38µm
_14799_,1.38µm
_15254_,1.38µm
_15718_,1.38µm
_15779_,1.38µm
_16071_,1.38µm
_16329_,1.38µm
_16528_,1.38µm
_16638_,1.38µm
_17184_,1.38µm
_17326_,1.38µm
_17328_,1.38µm
_17346_,1.38µm
_17392_,1.38µm
_17426_,1.38µm
_17460_,1.38µm
_17480_,1.38µm
_17494_,1.38µm
_17516_,1.38µm
_17596_,1.38µm
_17602_,1.38µm
_17708_,1.38µm
_17730_,1.38µm
_17734_,1.38µm
_17762_,1.38µm
_18652_,1.38µm
_18667_,1.38µm
_18990_,1.38µm
_19215_,1.38µm
_19322_,1.38µm
_19353_,1.38µm
_19409_,1.38µm
_19587_,1.38µm
_19946_,1.38µm
_20045_,1.38µm
_21146_,1.38µm
_21299_,1.38µm
_21438_,1.38µm
_21771_,1.38µm
net2216,1.38µm
net2256,1.38µm
net2316,1.38µm
net2335,1.38µm
net2390,1.38µm
net2437,1.38µm
net2454,1.38µm
net2491,1.38µm
net2498,1.38µm
net2542,1.38µm
net2606,1.38µm
net2610,1.38µm
net2690,1.38µm
net2718,1.38µm
net2725,1.38µm
net2746,1.38µm
net2747,1.38µm
net2751,1.38µm
net2831,1.38µm
net2834,1.38µm
net2836,1.38µm
net2849,1.38µm
net2868,1.38µm
net2881,1.38µm
net2995,1.38µm
net3026,1.38µm
net3046,1.38µm
net3061,1.38µm
net3122,1.38µm
net3229,1.38µm
net3239,1.38µm
net3332,1.38µm
_00030_,1.36µm
_00052_,1.36µm
_00075_,1.36µm
_00091_,1.36µm
_00092_,1.36µm
_00109_,1.36µm
_00114_,1.36µm
_00134_,1.36µm
_00139_,1.36µm
_00152_,1.36µm
_00158_,1.36µm
_00161_,1.36µm
_00166_,1.36µm
_00170_,1.36µm
_00176_,1.36µm
_00178_,1.36µm
_00182_,1.36µm
_00185_,1.36µm
_00186_,1.36µm
_00188_,1.36µm
_00189_,1.36µm
_00190_,1.36µm
_00195_,1.36µm
_00203_,1.36µm
_00206_,1.36µm
_00211_,1.36µm
_00216_,1.36µm
_00226_,1.36µm
_00234_,1.36µm
_00247_,1.36µm
_00274_,1.36µm
_00281_,1.36µm
_00283_,1.36µm
_00285_,1.36µm
_00289_,1.36µm
_00299_,1.36µm
_00312_,1.36µm
_00347_,1.36µm
_00353_,1.36µm
_00363_,1.36µm
_00364_,1.36µm
_00369_,1.36µm
_00378_,1.36µm
_00379_,1.36µm
_00381_,1.36µm
_00384_,1.36µm
_00390_,1.36µm
_00401_,1.36µm
_00412_,1.36µm
_00421_,1.36µm
_00427_,1.36µm
_00432_,1.36µm
_00441_,1.36µm
_00450_,1.36µm
_00455_,1.36µm
_00467_,1.36µm
_00489_,1.36µm
_00503_,1.36µm
_00507_,1.36µm
_00514_,1.36µm
_00525_,1.36µm
_00558_,1.36µm
_00561_,1.36µm
_00594_,1.36µm
_00599_,1.36µm
_00614_,1.36µm
_00617_,1.36µm
_00627_,1.36µm
_00628_,1.36µm
_00637_,1.36µm
_00645_,1.36µm
_00649_,1.36µm
_00653_,1.36µm
_00659_,1.36µm
_00711_,1.36µm
_00764_,1.36µm
_00769_,1.36µm
_00793_,1.36µm
_00797_,1.36µm
_02553_,1.36µm
_02556_,1.36µm
_04428_,1.36µm
_04638_,1.36µm
_05217_,1.36µm
_06423_,1.36µm
_09555_,1.36µm
_09689_,1.36µm
_11101_,1.36µm
_11773_,1.36µm
_15240_,1.36µm
_15306_,1.36µm
_16963_,1.36µm
_17997_,1.36µm
_21495_,1.36µm
multiplier_instance.PPG.genblk1\[0\].masked\[11\],1.36µm
multiplier_instance.PPG.genblk1\[0\].masked\[5\],1.36µm
multiplier_instance.PPG.genblk1\[10\].masked\[13\],1.36µm
multiplier_instance.PPG.genblk1\[12\].masked\[19\],1.36µm
multiplier_instance.PPG.genblk1\[12\].masked\[2\],1.36µm
multiplier_instance.PPG.genblk1\[14\].masked\[0\],1.36µm
multiplier_instance.PPG.genblk1\[14\].masked\[17\],1.36µm
multiplier_instance.PPG.genblk1\[14\].masked\[21\],1.36µm
multiplier_instance.PPG.genblk1\[15\].masked\[13\],1.36µm
multiplier_instance.PPG.genblk1\[15\].masked\[14\],1.36µm
multiplier_instance.PPG.genblk1\[15\].masked\[1\],1.36µm
multiplier_instance.PPG.genblk1\[18\].masked\[19\],1.36µm
multiplier_instance.PPG.genblk1\[18\].masked\[2\],1.36µm
multiplier_instance.PPG.genblk1\[20\].masked\[11\],1.36µm
multiplier_instance.PPG.genblk1\[20\].masked\[21\],1.36µm
multiplier_instance.PPG.genblk1\[20\].masked\[23\],1.36µm
multiplier_instance.PPG.genblk1\[21\].masked\[12\],1.36µm
multiplier_instance.PPG.genblk1\[21\].masked\[13\],1.36µm
multiplier_instance.PPG.genblk1\[22\].masked\[6\],1.36µm
multiplier_instance.PPG.genblk1\[23\].masked\[8\],1.36µm
multiplier_instance.PPG.genblk1\[2\].masked\[11\],1.36µm
multiplier_instance.PPG.genblk1\[2\].masked\[14\],1.36µm
multiplier_instance.PPG.genblk1\[2\].masked\[9\],1.36µm
multiplier_instance.PPG.genblk1\[3\].masked\[13\],1.36µm
multiplier_instance.PPG.genblk1\[4\].masked\[10\],1.36µm
multiplier_instance.PPG.genblk1\[4\].masked\[19\],1.36µm
multiplier_instance.PPG.genblk1\[4\].masked\[21\],1.36µm
multiplier_instance.PPG.genblk1\[5\].masked\[17\],1.36µm
multiplier_instance.PPG.genblk1\[6\].masked\[22\],1.36µm
multiplier_instance.PPG.genblk1\[7\].masked\[10\],1.36µm
multiplier_instance.PPG.genblk1\[7\].masked\[3\],1.36µm
multiplier_instance.PPG.genblk1\[8\].masked\[10\],1.36µm
multiplier_instance.PPG.genblk1\[8\].masked\[16\],1.36µm
multiplier_instance.PPG.genblk1\[8\].masked\[22\],1.36µm
net2140,1.36µm
net2894,1.32µm
_04757_,1.31µm
_21266_,1.295µm
_03421_,1.26µm
_03455_,1.26µm
_03716_,1.26µm
_04002_,1.26µm
_04010_,1.26µm
_04026_,1.26µm
_04122_,1.26µm
_04544_,1.26µm
_04961_,1.26µm
_05176_,1.26µm
_05331_,1.26µm
_05462_,1.26µm
_05713_,1.26µm
_05994_,1.26µm
_06221_,1.26µm
_06272_,1.26µm
_06394_,1.26µm
_06701_,1.26µm
_06858_,1.26µm
_07089_,1.26µm
_07102_,1.26µm
_07288_,1.26µm
_07555_,1.26µm
_07819_,1.26µm
_08738_,1.26µm
_08849_,1.26µm
_09572_,1.26µm
_09580_,1.26µm
_10381_,1.26µm
_10565_,1.26µm
_11352_,1.26µm
_11548_,1.26µm
_11645_,1.26µm
_12406_,1.26µm
_12784_,1.26µm
_13106_,1.26µm
_13170_,1.26µm
_13496_,1.26µm
_13561_,1.26µm
_13624_,1.26µm
_13632_,1.26µm
_13738_,1.26µm
_13809_,1.26µm
_13859_,1.26µm
_14685_,1.26µm
_15557_,1.26µm
_16002_,1.26µm
_17228_,1.26µm
_17298_,1.26µm
_17315_,1.26µm
_18318_,1.26µm
_19263_,1.26µm
_19829_,1.26µm
_19873_,1.26µm
_20069_,1.26µm
_21330_,1.26µm
_21539_,1.26µm
adder_instance.expmiddle\[3\],1.26µm
divider_instance.four_man\[19\],1.26µm
divider_instance.mantisaA0\[0\],1.26µm
divider_instance.mantisaA0\[20\],1.26µm
multiplier_instance.TT.genblk1\[7\].CSA1.A\[21\],1.26µm
net467,1.26µm
net2413,1.26µm
_09686_,1.25µm
_05864_,1.16µm
_01678_,1.14µm
_04367_,1.14µm
_04588_,1.14µm
_05024_,1.14µm
_05316_,1.14µm
_07345_,1.14µm
_08324_,1.14µm
_09367_,1.14µm
_09457_,1.14µm
_09900_,1.14µm
_10094_,1.14µm
_10459_,1.14µm
_10462_,1.14µm
_10561_,1.14µm
_11093_,1.14µm
_11792_,1.14µm
_12029_,1.14µm
_12051_,1.14µm
_12472_,1.14µm
_12591_,1.14µm
_13033_,1.14µm
_13456_,1.14µm
_14476_,1.14µm
_15006_,1.14µm
_15197_,1.14µm
_15233_,1.14µm
_15406_,1.14µm
_15505_,1.14µm
_16090_,1.14µm
_16373_,1.14µm
_16891_,1.14µm
_16961_,1.14µm
_18089_,1.14µm
_19224_,1.14µm
_19675_,1.14µm
_19751_,1.14µm
_20523_,1.14µm
_20884_,1.14µm
_21484_,1.14µm
_21557_,1.14µm
_21767_,1.14µm
reorder_buf_instance.value0\[5\],1.14µm
net83,1.14µm
_13464_,1.1µm
_09895_,1.085µm
_13913_,1.085µm
_16694_,1.03µm
_03688_,1.02µm
_03725_,1.02µm
_03908_,1.02µm
_04077_,1.02µm
_04271_,1.02µm
_04545_,1.02µm
_05972_,1.02µm
_06182_,1.02µm
_06970_,1.02µm
_07003_,1.02µm
_08316_,1.02µm
_08735_,1.02µm
_08995_,1.02µm
_09421_,1.02µm
_09846_,1.02µm
_10650_,1.02µm
_10775_,1.02µm
_13492_,1.02µm
_14250_,1.02µm
_14477_,1.02µm
_15609_,1.02µm
_15905_,1.02µm
_16616_,1.02µm
_21650_,1.02µm
_21652_,1.02µm
_21702_,1.02µm
net2241,1.02µm
net2250,1.02µm
net2953,1.02µm
_11054_,0.94µm
_03679_,0.92µm
_03888_,0.92µm
_04016_,0.92µm
_04086_,0.92µm
_04110_,0.92µm
_04188_,0.92µm
_04322_,0.92µm
_04483_,0.92µm
_04841_,0.92µm
_05353_,0.92µm
_05423_,0.92µm
_05646_,0.92µm
_05721_,0.92µm
_05770_,0.92µm
_05798_,0.92µm
_05911_,0.92µm
_06457_,0.92µm
_06585_,0.92µm
_06680_,0.92µm
_06802_,0.92µm
_06843_,0.92µm
_06960_,0.92µm
_07254_,0.92µm
_07600_,0.92µm
_07717_,0.92µm
_08069_,0.92µm
_08167_,0.92µm
_08459_,0.92µm
_08577_,0.92µm
_08637_,0.92µm
_08706_,0.92µm
_09437_,0.92µm
_09631_,0.92µm
_10006_,0.92µm
_10172_,0.92µm
_10342_,0.92µm
_10488_,0.92µm
_11167_,0.92µm
_11279_,0.92µm
_11516_,0.92µm
_11731_,0.92µm
_11960_,0.92µm
_12011_,0.92µm
_12036_,0.92µm
_12154_,0.92µm
_12158_,0.92µm
_12273_,0.92µm
_12333_,0.92µm
_12418_,0.92µm
_12701_,0.92µm
_13013_,0.92µm
_13062_,0.92µm
_13105_,0.92µm
_13136_,0.92µm
_13200_,0.92µm
_13288_,0.92µm
_13336_,0.92µm
_13764_,0.92µm
_13869_,0.92µm
_14033_,0.92µm
_14035_,0.92µm
_14597_,0.92µm
_14681_,0.92µm
_14742_,0.92µm
_14823_,0.92µm
_14850_,0.92µm
_14972_,0.92µm
_15014_,0.92µm
_16135_,0.92µm
_16314_,0.92µm
_17111_,0.92µm
_17296_,0.92µm
_17813_,0.92µm
_17824_,0.92µm
_18335_,0.92µm
_18338_,0.92µm
_18339_,0.92µm
_19080_,0.92µm
_19337_,0.92µm
_19954_,0.92µm
_20060_,0.92µm
_20149_,0.92µm
_20175_,0.92µm
_20310_,0.92µm
_20504_,0.92µm
_20872_,0.92µm
_20953_,0.92µm
_20959_,0.92µm
_21159_,0.92µm
_21725_,0.92µm
net2348,0.92µm
net2389,0.92µm
net2395,0.92µm
net2457,0.92µm
net2458,0.92µm
net2465,0.92µm
net2472,0.92µm
net2629,0.92µm
net2640,0.92µm
net2672,0.92µm
net2694,0.92µm
net2717,0.92µm
net2771,0.92µm
net2812,0.92µm
net2850,0.92µm
net2966,0.92µm
net3112,0.92µm
_15108_,0.82µm
_02148_,0.8µm
_02203_,0.8µm
_03458_,0.8µm
_04403_,0.8µm
_04780_,0.8µm
_05086_,0.8µm
_05233_,0.8µm
_07360_,0.8µm
_07502_,0.8µm
_07505_,0.8µm
_07655_,0.8µm
_08296_,0.8µm
_08625_,0.8µm
_09874_,0.8µm
_11199_,0.8µm
_14067_,0.8µm
_15486_,0.8µm
_15518_,0.8µm
_15590_,0.8µm
_15974_,0.8µm
_16953_,0.8µm
_18035_,0.8µm
_18082_,0.8µm
adder_instance.four_man\[57\],0.8µm
div_exp\[0\],0.8µm
div_mantisa\[5\],0.8µm
divider_instance.four_man\[18\],0.8µm
multiplier_instance.TT.genblk1\[4\].CSA1.C\[37\],0.8µm
multiplier_instance.s1_inf,0.8µm
net65,0.8µm
net66,0.8µm
net72,0.8µm
net90,0.8µm
_13534_,0.49µm
_03416_,0.46µm
_03815_,0.46µm
_03862_,0.46µm
_03991_,0.46µm
_04021_,0.46µm
_04249_,0.46µm
_04288_,0.46µm
_04518_,0.46µm
_04797_,0.46µm
_04803_,0.46µm
_04825_,0.46µm
_05180_,0.46µm
_05191_,0.46µm
_05336_,0.46µm
_05515_,0.46µm
_05747_,0.46µm
_06013_,0.46µm
_06312_,0.46µm
_06566_,0.46µm
_06634_,0.46µm
_06651_,0.46µm
_06670_,0.46µm
_06825_,0.46µm
_06829_,0.46µm
_06969_,0.46µm
_07283_,0.46µm
_07573_,0.46µm
_07640_,0.46µm
_07678_,0.46µm
_07837_,0.46µm
_08450_,0.46µm
_08535_,0.46µm
_08581_,0.46µm
_09184_,0.46µm
_09425_,0.46µm
_09451_,0.46µm
_09498_,0.46µm
_09637_,0.46µm
_09919_,0.46µm
_10096_,0.46µm
_10115_,0.46µm
_10260_,0.46µm
_10352_,0.46µm
_10440_,0.46µm
_10498_,0.46µm
_10640_,0.46µm
_11082_,0.46µm
_11117_,0.46µm
_11134_,0.46µm
_11514_,0.46µm
_11787_,0.46µm
_12504_,0.46µm
_12552_,0.46µm
_12595_,0.46µm
_12838_,0.46µm
_13030_,0.46µm
_13379_,0.46µm
_14173_,0.46µm
_14344_,0.46µm
_14387_,0.46µm
_14541_,0.46µm
_15004_,0.46µm
_16605_,0.46µm
_16660_,0.46µm
_16737_,0.46µm
_16835_,0.46µm
_17808_,0.46µm
_17969_,0.46µm
_18993_,0.46µm
_19136_,0.46µm
_19227_,0.46µm
_19906_,0.46µm
_20030_,0.46µm
_20146_,0.46µm
_20259_,0.46µm
_20367_,0.46µm
_20626_,0.46µm
_20888_,0.46µm
_21514_,0.46µm
_21717_,0.46µm
_21733_,0.46µm
multiplier_instance.s2_exp_a\[7\],0.46µm
net2271,0.46µm
net2273,0.46µm
net2275,0.46µm
net2276,0.46µm
net2277,0.46µm
net2278,0.46µm
net2284,0.46µm
net2291,0.46µm
net2292,0.46µm
net2294,0.46µm
net2306,0.46µm
net2314,0.46µm
net2320,0.46µm
net2334,0.46µm
net2361,0.46µm
net2364,0.46µm
net2401,0.46µm
net2460,0.46µm
net2477,0.46µm
net2480,0.46µm
net2512,0.46µm
net2513,0.46µm
net2541,0.46µm
net2548,0.46µm
net2550,0.46µm
net2557,0.46µm
net2607,0.46µm
net2611,0.46µm
net2613,0.46µm
net2632,0.46µm
net2652,0.46µm
net2663,0.46µm
net2675,0.46µm
net2678,0.46µm
net2778,0.46µm
net2780,0.46µm
net2790,0.46µm
net2799,0.46µm
net2808,0.46µm
net2833,0.46µm
net2912,0.46µm
net2923,0.46µm
net2945,0.46µm
net2959,0.46µm
net2970,0.46µm
net3017,0.46µm
net3050,0.46µm
net3057,0.46µm
net3084,0.46µm
net3128,0.46µm
net3167,0.46µm
net3305,0.46µm
net3364,0.46µm
net3365,0.46µm
net3385,0.46µm
