Net: _02675_
  Pin:   fanout1076/A (sky130_fd_sc_hd__buf_2)
    Layer: mcon
      Partial area ratio:    0.18
      Required ratio:    3.00 (Gate area) 
      Cumulative area ratio:    0.18
      Required ratio:    0.00 (Cumulative area) 

    Layer: met1
      Partial area ratio:   15.29
      Required ratio:    0.00 (Gate area) 
      Cumulative area ratio:   15.29
      Required ratio:    0.00 (Cumulative area) 
      Partial area ratio:   74.17
      Required ratio: 2778.20 (Side area) 
      Cumulative area ratio:   74.17
      Required ratio:    0.00 (Cumulative side area) 

    Layer: via
      Partial area ratio:    0.42
      Required ratio:   22.04 (Gate area) 
      Cumulative area ratio:    0.61
      Required ratio:    0.00 (Cumulative area) 

    Layer: met2
      Partial area ratio:   20.14
      Required ratio:    0.00 (Gate area) 
      Cumulative area ratio:   35.43
      Required ratio:    0.00 (Cumulative area) 
      Partial area ratio:   99.52
      Required ratio: 2778.20 (Side area) 
      Cumulative area ratio:  173.69
      Required ratio:    0.00 (Cumulative side area) 

    Layer: via2
      Partial area ratio:    0.25
      Required ratio:   22.04 (Gate area) 
      Cumulative area ratio:    0.86
      Required ratio:    0.00 (Cumulative area) 

    Layer: met3
      Partial area ratio:  176.52
      Required ratio:    0.00 (Gate area) 
      Cumulative area ratio:  211.95
      Required ratio:    0.00 (Cumulative area) 
      Partial area ratio:  944.40
      Required ratio: 2778.20 (Side area) 
      Cumulative area ratio: 1118.09
      Required ratio:    0.00 (Cumulative side area) 

    Layer: via3
      Partial area ratio:    0.13
      Required ratio:   22.04 (Gate area) 
      Cumulative area ratio:    0.98
      Required ratio:    0.00 (Cumulative area) 

    Layer: met4
      Partial area ratio:    4.38
      Required ratio:    0.00 (Gate area) 
      Cumulative area ratio:  216.33
      Required ratio:    0.00 (Cumulative area) 
      Partial area ratio:   11.87
      Required ratio: 2778.20 (Side area) 
      Cumulative area ratio: 1129.96
      Required ratio:    0.00 (Cumulative side area) 

    Layer: via4
      Partial area ratio:    2.01
      Required ratio:   22.04 (Gate area) 
      Cumulative area ratio:    3.00
      Required ratio:    0.00 (Cumulative area) 

    Layer: met5
      Partial area ratio:  329.39
      Required ratio:    0.00 (Gate area) 
      Cumulative area ratio:  545.72
      Required ratio:    0.00 (Cumulative area) 
      Partial area ratio:  502.14
      Required ratio: 2778.20 (Side area) 
      Cumulative area ratio: 1632.10
      Required ratio:    0.00 (Cumulative side area) 


  Pin:   fanout1081/A (sky130_fd_sc_hd__buf_2)
    Layer: mcon
      Partial area ratio:    0.18
      Required ratio:    3.00 (Gate area) 
      Cumulative area ratio:    0.18
      Required ratio:    0.00 (Cumulative area) 

    Layer: met1
      Partial area ratio:    6.30
      Required ratio:    0.00 (Gate area) 
      Cumulative area ratio:    6.30
      Required ratio:    0.00 (Cumulative area) 
      Partial area ratio:   30.32
      Required ratio:  400.00 (Side area) 
      Cumulative area ratio:   30.32
      Required ratio:    0.00 (Cumulative side area) 

    Layer: via
      Partial area ratio:    0.28
      Required ratio:    6.00 (Gate area) 
      Cumulative area ratio:    0.46
      Required ratio:    0.00 (Cumulative area) 

    Layer: met2
      Partial area ratio:    1.17
      Required ratio:    0.00 (Gate area) 
      Cumulative area ratio:    7.47
      Required ratio:    0.00 (Cumulative area) 
      Partial area ratio:    5.42
      Required ratio:  400.00 (Side area) 
      Cumulative area ratio:   35.74
      Required ratio:    0.00 (Cumulative side area) 

    Layer: via2
      Partial area ratio:    0.25
      Required ratio:    6.00 (Gate area) 
      Cumulative area ratio:    0.72
      Required ratio:    0.00 (Cumulative area) 

    Layer: met3
      Partial area ratio:    0.79
      Required ratio:    0.00 (Gate area) 
      Cumulative area ratio:    8.26
      Required ratio:    0.00 (Cumulative area) 
      Partial area ratio:    7.14
      Required ratio:  400.00 (Side area) 
      Cumulative area ratio:   42.88
      Required ratio:    0.00 (Cumulative side area) 

    Layer: via3
      Partial area ratio:    0.25
      Required ratio:    6.00 (Gate area) 
      Cumulative area ratio:    0.97
      Required ratio:    0.00 (Cumulative area) 

    Layer: met4
      Partial area ratio:   21.04
      Required ratio:    0.00 (Gate area) 
      Cumulative area ratio:   29.29
      Required ratio:    0.00 (Cumulative area) 
      Partial area ratio:   89.21
      Required ratio:  400.00 (Side area) 
      Cumulative area ratio:  132.09
      Required ratio:    0.00 (Cumulative side area) 

    Layer: via4
      Partial area ratio:    4.03
      Required ratio:    6.00 (Gate area) 
      Cumulative area ratio:    4.99
      Required ratio:    0.00 (Cumulative area) 

    Layer: met5
      Partial area ratio:  329.39
      Required ratio:    0.00 (Gate area) 
      Cumulative area ratio:  358.69
      Required ratio:    0.00 (Cumulative area) 
      Partial area ratio:  502.14
      Required ratio: 2778.20 (Side area) 
      Cumulative area ratio:  634.23
      Required ratio:    0.00 (Cumulative side area) 


  Pin:   fanout1085/A (sky130_fd_sc_hd__buf_2)
    Layer: mcon
      Partial area ratio:    0.18
      Required ratio:    3.00 (Gate area) 
      Cumulative area ratio:    0.18
      Required ratio:    0.00 (Cumulative area) 

    Layer: met1
      Partial area ratio:    8.87
      Required ratio:    0.00 (Gate area) 
      Cumulative area ratio:    8.87
      Required ratio:    0.00 (Cumulative area) 
      Partial area ratio:   42.51
      Required ratio:  400.00 (Side area) 
      Cumulative area ratio:   42.51
      Required ratio:    0.00 (Cumulative side area) 

    Layer: via
      Partial area ratio:    0.42
      Required ratio:    6.00 (Gate area) 
      Cumulative area ratio:    0.61
      Required ratio:    0.00 (Cumulative area) 

    Layer: met2
      Partial area ratio:  124.32
      Required ratio:    0.00 (Gate area) 
      Cumulative area ratio:  133.19
      Required ratio:    0.00 (Cumulative area) 
      Partial area ratio:  619.32
      Required ratio:  400.00 (Side area) (VIOLATED)
      Cumulative area ratio:  661.83
      Required ratio:    0.00 (Cumulative side area) 

    Layer: via2
      Partial area ratio:    0.50
      Required ratio:    6.00 (Gate area) 
      Cumulative area ratio:    1.11
      Required ratio:    0.00 (Cumulative area) 

    Layer: met3
      Partial area ratio:  176.52
      Required ratio:    0.00 (Gate area) 
      Cumulative area ratio:  309.71
      Required ratio:    0.00 (Cumulative area) 
      Partial area ratio:  944.40
      Required ratio: 2778.20 (Side area) 
      Cumulative area ratio: 1606.23
      Required ratio:    0.00 (Cumulative side area) 

    Layer: via3
      Partial area ratio:    0.13
      Required ratio:   22.04 (Gate area) 
      Cumulative area ratio:    1.24
      Required ratio:    0.00 (Cumulative area) 

    Layer: met4
      Partial area ratio:    4.38
      Required ratio:    0.00 (Gate area) 
      Cumulative area ratio:  314.09
      Required ratio:    0.00 (Cumulative area) 
      Partial area ratio:   11.87
      Required ratio: 2778.20 (Side area) 
      Cumulative area ratio: 1618.11
      Required ratio:    0.00 (Cumulative side area) 

    Layer: via4
      Partial area ratio:    2.01
      Required ratio:   22.04 (Gate area) 
      Cumulative area ratio:    3.25
      Required ratio:    0.00 (Cumulative area) 

    Layer: met5
      Partial area ratio:  329.39
      Required ratio:    0.00 (Gate area) 
      Cumulative area ratio:  643.48
      Required ratio:    0.00 (Cumulative area) 
      Partial area ratio:  502.14
      Required ratio: 2778.20 (Side area) 
      Cumulative area ratio: 2120.25
      Required ratio:    0.00 (Cumulative side area) 



Net: _02701_
  Pin:   fanout871/A (sky130_fd_sc_hd__buf_4)
    Layer: mcon
      Partial area ratio:    0.12
      Required ratio:    3.00 (Gate area) 
      Cumulative area ratio:    0.12
      Required ratio:    0.00 (Cumulative area) 

    Layer: met1
      Partial area ratio:    2.88
      Required ratio:    0.00 (Gate area) 
      Cumulative area ratio:    2.88
      Required ratio:    0.00 (Cumulative area) 
      Partial area ratio:   13.66
      Required ratio:  400.00 (Side area) 
      Cumulative area ratio:   13.66
      Required ratio:    0.00 (Cumulative side area) 

    Layer: via
      Partial area ratio:    0.18
      Required ratio:    6.00 (Gate area) 
      Cumulative area ratio:    0.30
      Required ratio:    0.00 (Cumulative area) 

    Layer: met2
      Partial area ratio:    0.75
      Required ratio:    0.00 (Gate area) 
      Cumulative area ratio:    3.64
      Required ratio:    0.00 (Cumulative area) 
      Partial area ratio:    3.48
      Required ratio:  400.00 (Side area) 
      Cumulative area ratio:   17.14
      Required ratio:    0.00 (Cumulative side area) 

    Layer: via2
      Partial area ratio:    0.16
      Required ratio:    6.00 (Gate area) 
      Cumulative area ratio:    0.46
      Required ratio:    0.00 (Cumulative area) 

    Layer: met3
      Partial area ratio:    9.38
      Required ratio:    0.00 (Gate area) 
      Cumulative area ratio:   13.02
      Required ratio:    0.00 (Cumulative area) 
      Partial area ratio:   53.82
      Required ratio:  400.00 (Side area) 
      Cumulative area ratio:   70.96
      Required ratio:    0.00 (Cumulative side area) 

    Layer: via3
      Partial area ratio:    0.32
      Required ratio:    6.00 (Gate area) 
      Cumulative area ratio:    0.78
      Required ratio:    0.00 (Cumulative area) 

    Layer: met4
      Partial area ratio:   27.60
      Required ratio:    0.00 (Gate area) 
      Cumulative area ratio:   40.62
      Required ratio:    0.00 (Cumulative area) 
      Partial area ratio:  148.37
      Required ratio: 3270.68 (Side area) 
      Cumulative area ratio:  219.33
      Required ratio:    0.00 (Cumulative side area) 


  Pin:   fanout872/A (sky130_fd_sc_hd__buf_2)
    Layer: mcon
      Partial area ratio:    0.18
      Required ratio:    3.00 (Gate area) 
      Cumulative area ratio:    0.18
      Required ratio:    0.00 (Cumulative area) 

    Layer: met1
      Partial area ratio:    3.18
      Required ratio:    0.00 (Gate area) 
      Cumulative area ratio:    3.18
      Required ratio:    0.00 (Cumulative area) 
      Partial area ratio:   15.32
      Required ratio: 2773.88 (Side area) 
      Cumulative area ratio:   15.32
      Required ratio:    0.00 (Cumulative side area) 

    Layer: via
      Partial area ratio:    0.11
      Required ratio:   21.65 (Gate area) 
      Cumulative area ratio:    0.30
      Required ratio:    0.00 (Cumulative area) 

    Layer: met2
      Partial area ratio:    0.45
      Required ratio:    0.00 (Gate area) 
      Cumulative area ratio:    3.64
      Required ratio:    0.00 (Cumulative area) 
      Partial area ratio:    2.13
      Required ratio: 2773.88 (Side area) 
      Cumulative area ratio:   17.45
      Required ratio:    0.00 (Cumulative side area) 

    Layer: via2
      Partial area ratio:    0.07
      Required ratio:   21.65 (Gate area) 
      Cumulative area ratio:    0.36
      Required ratio:    0.00 (Cumulative area) 

    Layer: met3
      Partial area ratio:   66.32
      Required ratio:    0.00 (Gate area) 
      Cumulative area ratio:   69.96
      Required ratio:    0.00 (Cumulative area) 
      Partial area ratio:  354.98
      Required ratio: 2773.88 (Side area) 
      Cumulative area ratio:  372.43
      Required ratio:    0.00 (Cumulative side area) 

    Layer: via3
      Partial area ratio:    0.05
      Required ratio:   21.65 (Gate area) 
      Cumulative area ratio:    0.42
      Required ratio:    0.00 (Cumulative area) 

    Layer: met4
      Partial area ratio:   27.60
      Required ratio:    0.00 (Gate area) 
      Cumulative area ratio:   97.57
      Required ratio:    0.00 (Cumulative area) 
      Partial area ratio:  148.37
      Required ratio: 3270.68 (Side area) 
      Cumulative area ratio:  520.80
      Required ratio:    0.00 (Cumulative side area) 


  Pin:   fanout873/A (sky130_fd_sc_hd__clkbuf_4)
    Layer: mcon
      Partial area ratio:    0.14
      Required ratio:    3.00 (Gate area) 
      Cumulative area ratio:    0.14
      Required ratio:    0.00 (Cumulative area) 

    Layer: met1
      Partial area ratio:    2.68
      Required ratio:    0.00 (Gate area) 
      Cumulative area ratio:    2.68
      Required ratio:    0.00 (Cumulative area) 
      Partial area ratio:   12.54
      Required ratio:  400.00 (Side area) 
      Cumulative area ratio:   12.54
      Required ratio:    0.00 (Cumulative side area) 

    Layer: via
      Partial area ratio:    0.21
      Required ratio:    6.00 (Gate area) 
      Cumulative area ratio:    0.35
      Required ratio:    0.00 (Cumulative area) 

    Layer: met2
      Partial area ratio:    5.58
      Required ratio:    0.00 (Gate area) 
      Cumulative area ratio:    8.26
      Required ratio:    0.00 (Cumulative area) 
      Partial area ratio:   27.03
      Required ratio:  400.00 (Side area) 
      Cumulative area ratio:   39.57
      Required ratio:    0.00 (Cumulative side area) 

    Layer: via2
      Partial area ratio:    0.19
      Required ratio:    6.00 (Gate area) 
      Cumulative area ratio:    0.53
      Required ratio:    0.00 (Cumulative area) 

    Layer: met3
      Partial area ratio:   10.30
      Required ratio:    0.00 (Gate area) 
      Cumulative area ratio:   18.56
      Required ratio:    0.00 (Cumulative area) 
      Partial area ratio:   57.13
      Required ratio:  400.00 (Side area) 
      Cumulative area ratio:   96.69
      Required ratio:    0.00 (Cumulative side area) 

    Layer: via3
      Partial area ratio:    0.19
      Required ratio:    6.00 (Gate area) 
      Cumulative area ratio:    0.72
      Required ratio:    0.00 (Cumulative area) 

    Layer: met4
      Partial area ratio:   27.60
      Required ratio:    0.00 (Gate area) 
      Cumulative area ratio:   46.16
      Required ratio:    0.00 (Cumulative area) 
      Partial area ratio:  148.37
      Required ratio: 3270.68 (Side area) 
      Cumulative area ratio:  245.06
      Required ratio:    0.00 (Cumulative side area) 


  Pin:   fanout874/A (sky130_fd_sc_hd__buf_2)
    Layer: mcon
      Partial area ratio:    0.18
      Required ratio:    3.00 (Gate area) 
      Cumulative area ratio:    0.18
      Required ratio:    0.00 (Cumulative area) 

    Layer: met1
      Partial area ratio:   50.80
      Required ratio:    0.00 (Gate area) 
      Cumulative area ratio:   50.80
      Required ratio:    0.00 (Cumulative area) 
      Partial area ratio:  252.15
      Required ratio:  400.00 (Side area) 
      Cumulative area ratio:  252.15
      Required ratio:    0.00 (Cumulative side area) 

    Layer: via
      Partial area ratio:    0.42
      Required ratio:    6.00 (Gate area) 
      Cumulative area ratio:    0.61
      Required ratio:    0.00 (Cumulative area) 

    Layer: met2
      Partial area ratio:  130.62
      Required ratio:    0.00 (Gate area) 
      Cumulative area ratio:  181.42
      Required ratio:    0.00 (Cumulative area) 
      Partial area ratio:  650.12
      Required ratio:  400.00 (Side area) (VIOLATED)
      Cumulative area ratio:  902.27
      Required ratio:    0.00 (Cumulative side area) 

    Layer: via2
      Partial area ratio:    0.50
      Required ratio:    6.00 (Gate area) 
      Cumulative area ratio:    1.11
      Required ratio:    0.00 (Cumulative area) 

    Layer: met3
      Partial area ratio:   66.32
      Required ratio:    0.00 (Gate area) 
      Cumulative area ratio:  247.74
      Required ratio:    0.00 (Cumulative area) 
      Partial area ratio:  354.98
      Required ratio: 2773.88 (Side area) 
      Cumulative area ratio: 1257.25
      Required ratio:    0.00 (Cumulative side area) 

    Layer: via3
      Partial area ratio:    0.05
      Required ratio:   21.65 (Gate area) 
      Cumulative area ratio:    1.16
      Required ratio:    0.00 (Cumulative area) 

    Layer: met4
      Partial area ratio:   27.60
      Required ratio:    0.00 (Gate area) 
      Cumulative area ratio:  275.34
      Required ratio:    0.00 (Cumulative area) 
      Partial area ratio:  148.37
      Required ratio: 3270.68 (Side area) 
      Cumulative area ratio: 1405.62
      Required ratio:    0.00 (Cumulative side area) 


  Pin:   ANTENNA_335/DIODE (sky130_fd_sc_hd__diode_2)
    Layer: mcon
      Partial area ratio:    0.07
      Required ratio:   10.82 (Gate area) 
      Cumulative area ratio:    0.07
      Required ratio:    0.00 (Cumulative area) 

    Layer: met1
      Partial area ratio:    3.18
      Required ratio:    0.00 (Gate area) 
      Cumulative area ratio:    3.18
      Required ratio:    0.00 (Cumulative area) 
      Partial area ratio:   15.32
      Required ratio: 2773.88 (Side area) 
      Cumulative area ratio:   15.32
      Required ratio:    0.00 (Cumulative side area) 

    Layer: via
      Partial area ratio:    0.11
      Required ratio:   21.65 (Gate area) 
      Cumulative area ratio:    0.18
      Required ratio:    0.00 (Cumulative area) 

    Layer: met2
      Partial area ratio:    0.45
      Required ratio:    0.00 (Gate area) 
      Cumulative area ratio:    3.64
      Required ratio:    0.00 (Cumulative area) 
      Partial area ratio:    2.13
      Required ratio: 2773.88 (Side area) 
      Cumulative area ratio:   17.45
      Required ratio:    0.00 (Cumulative side area) 

    Layer: via2
      Partial area ratio:    0.07
      Required ratio:   21.65 (Gate area) 
      Cumulative area ratio:    0.25
      Required ratio:    0.00 (Cumulative area) 

    Layer: met3
      Partial area ratio:   66.32
      Required ratio:    0.00 (Gate area) 
      Cumulative area ratio:   69.96
      Required ratio:    0.00 (Cumulative area) 
      Partial area ratio:  354.98
      Required ratio: 2773.88 (Side area) 
      Cumulative area ratio:  372.43
      Required ratio:    0.00 (Cumulative side area) 

    Layer: via3
      Partial area ratio:    0.05
      Required ratio:   21.65 (Gate area) 
      Cumulative area ratio:    0.30
      Required ratio:    0.00 (Cumulative area) 

    Layer: met4
      Partial area ratio:   27.60
      Required ratio:    0.00 (Gate area) 
      Cumulative area ratio:   97.57
      Required ratio:    0.00 (Cumulative area) 
      Partial area ratio:  148.37
      Required ratio: 3270.68 (Side area) 
      Cumulative area ratio:  520.80
      Required ratio:    0.00 (Cumulative side area) 



Net: _02730_
  Pin:   fanout859/A (sky130_fd_sc_hd__buf_4)
    Layer: mcon
      Partial area ratio:    0.12
      Required ratio:    3.00 (Gate area) 
      Cumulative area ratio:    0.12
      Required ratio:    0.00 (Cumulative area) 

    Layer: met1
      Partial area ratio:    2.16
      Required ratio:    0.00 (Gate area) 
      Cumulative area ratio:    2.16
      Required ratio:    0.00 (Cumulative area) 
      Partial area ratio:   10.04
      Required ratio:  400.00 (Side area) 
      Cumulative area ratio:   10.04
      Required ratio:    0.00 (Cumulative side area) 

    Layer: via
      Partial area ratio:    0.18
      Required ratio:    6.00 (Gate area) 
      Cumulative area ratio:    0.30
      Required ratio:    0.00 (Cumulative area) 

    Layer: met2
      Partial area ratio:   13.16
      Required ratio:    0.00 (Gate area) 
      Cumulative area ratio:   15.32
      Required ratio:    0.00 (Cumulative area) 
      Partial area ratio:   64.40
      Required ratio: 3096.80 (Side area) 
      Cumulative area ratio:   74.44
      Required ratio:    0.00 (Cumulative side area) 

    Layer: via2
      Partial area ratio:    0.32
      Required ratio:   50.71 (Gate area) 
      Cumulative area ratio:    0.62
      Required ratio:    0.00 (Cumulative area) 

    Layer: met3
      Partial area ratio:   42.82
      Required ratio:    0.00 (Gate area) 
      Cumulative area ratio:   58.14
      Required ratio:    0.00 (Cumulative area) 
      Partial area ratio:  232.15
      Required ratio: 3096.80 (Side area) 
      Cumulative area ratio:  306.59
      Required ratio:    0.00 (Cumulative side area) 

    Layer: via3
      Partial area ratio:    0.32
      Required ratio:   50.71 (Gate area) 
      Cumulative area ratio:    0.95
      Required ratio:    0.00 (Cumulative area) 

    Layer: met4
      Partial area ratio:   88.37
      Required ratio:    0.00 (Gate area) 
      Cumulative area ratio:  146.51
      Required ratio:    0.00 (Cumulative area) 
      Partial area ratio:  473.71
      Required ratio: 3096.80 (Side area) 
      Cumulative area ratio:  780.30
      Required ratio:    0.00 (Cumulative side area) 


  Pin:   fanout860/A (sky130_fd_sc_hd__buf_2)
    Layer: mcon
      Partial area ratio:    0.18
      Required ratio:    3.00 (Gate area) 
      Cumulative area ratio:    0.18
      Required ratio:    0.00 (Cumulative area) 

    Layer: met1
      Partial area ratio:    4.36
      Required ratio:    0.00 (Gate area) 
      Cumulative area ratio:    4.36
      Required ratio:    0.00 (Cumulative area) 
      Partial area ratio:   20.64
      Required ratio:  400.00 (Side area) 
      Cumulative area ratio:   20.64
      Required ratio:    0.00 (Cumulative side area) 

    Layer: via
      Partial area ratio:    0.28
      Required ratio:    6.00 (Gate area) 
      Cumulative area ratio:    0.46
      Required ratio:    0.00 (Cumulative area) 

    Layer: met2
      Partial area ratio:    1.17
      Required ratio:    0.00 (Gate area) 
      Cumulative area ratio:    5.54
      Required ratio:    0.00 (Cumulative area) 
      Partial area ratio:    5.42
      Required ratio:  400.00 (Side area) 
      Cumulative area ratio:   26.05
      Required ratio:    0.00 (Cumulative side area) 

    Layer: via2
      Partial area ratio:    0.25
      Required ratio:    6.00 (Gate area) 
      Cumulative area ratio:    0.72
      Required ratio:    0.00 (Cumulative area) 

    Layer: met3
      Partial area ratio:    0.79
      Required ratio:    0.00 (Gate area) 
      Cumulative area ratio:    6.32
      Required ratio:    0.00 (Cumulative area) 
      Partial area ratio:    7.14
      Required ratio:  400.00 (Side area) 
      Cumulative area ratio:   33.20
      Required ratio:    0.00 (Cumulative side area) 

    Layer: via3
      Partial area ratio:    0.25
      Required ratio:    6.00 (Gate area) 
      Cumulative area ratio:    0.97
      Required ratio:    0.00 (Cumulative area) 

    Layer: met4
      Partial area ratio:   88.37
      Required ratio:    0.00 (Gate area) 
      Cumulative area ratio:   94.69
      Required ratio:    0.00 (Cumulative area) 
      Partial area ratio:  473.71
      Required ratio: 3096.80 (Side area) 
      Cumulative area ratio:  506.91
      Required ratio:    0.00 (Cumulative side area) 


  Pin:   fanout861/A (sky130_fd_sc_hd__clkbuf_4)
    Layer: mcon
      Partial area ratio:    0.14
      Required ratio:    3.00 (Gate area) 
      Cumulative area ratio:    0.14
      Required ratio:    0.00 (Cumulative area) 

    Layer: met1
      Partial area ratio:    2.68
      Required ratio:    0.00 (Gate area) 
      Cumulative area ratio:    2.68
      Required ratio:    0.00 (Cumulative area) 
      Partial area ratio:   12.54
      Required ratio:  400.00 (Side area) 
      Cumulative area ratio:   12.54
      Required ratio:    0.00 (Cumulative side area) 

    Layer: via
      Partial area ratio:    0.21
      Required ratio:    6.00 (Gate area) 
      Cumulative area ratio:    0.35
      Required ratio:    0.00 (Cumulative area) 

    Layer: met2
      Partial area ratio:    0.88
      Required ratio:    0.00 (Gate area) 
      Cumulative area ratio:    3.56
      Required ratio:    0.00 (Cumulative area) 
      Partial area ratio:    4.04
      Required ratio:  400.00 (Side area) 
      Cumulative area ratio:   16.58
      Required ratio:    0.00 (Cumulative side area) 

    Layer: via2
      Partial area ratio:    0.19
      Required ratio:    6.00 (Gate area) 
      Cumulative area ratio:    0.53
      Required ratio:    0.00 (Cumulative area) 

    Layer: met3
      Partial area ratio:   39.46
      Required ratio:    0.00 (Gate area) 
      Cumulative area ratio:   43.01
      Required ratio:    0.00 (Cumulative area) 
      Partial area ratio:  212.62
      Required ratio:  400.00 (Side area) 
      Cumulative area ratio:  229.20
      Required ratio:    0.00 (Cumulative side area) 

    Layer: via3
      Partial area ratio:    0.19
      Required ratio:    6.00 (Gate area) 
      Cumulative area ratio:    0.72
      Required ratio:    0.00 (Cumulative area) 

    Layer: met4
      Partial area ratio:   88.37
      Required ratio:    0.00 (Gate area) 
      Cumulative area ratio:  131.38
      Required ratio:    0.00 (Cumulative area) 
      Partial area ratio:  473.71
      Required ratio: 3096.80 (Side area) 
      Cumulative area ratio:  702.91
      Required ratio:    0.00 (Cumulative side area) 


  Pin:   fanout862/A (sky130_fd_sc_hd__buf_2)
    Layer: mcon
      Partial area ratio:    0.18
      Required ratio:    3.00 (Gate area) 
      Cumulative area ratio:    0.18
      Required ratio:    0.00 (Cumulative area) 

    Layer: met1
      Partial area ratio:    4.02
      Required ratio:    0.00 (Gate area) 
      Cumulative area ratio:    4.02
      Required ratio:    0.00 (Cumulative area) 
      Partial area ratio:   18.94
      Required ratio:  400.00 (Side area) 
      Cumulative area ratio:   18.94
      Required ratio:    0.00 (Cumulative side area) 

    Layer: via
      Partial area ratio:    0.28
      Required ratio:    6.00 (Gate area) 
      Cumulative area ratio:    0.46
      Required ratio:    0.00 (Cumulative area) 

    Layer: met2
      Partial area ratio:    1.17
      Required ratio:    0.00 (Gate area) 
      Cumulative area ratio:    5.20
      Required ratio:    0.00 (Cumulative area) 
      Partial area ratio:    5.42
      Required ratio:  400.00 (Side area) 
      Cumulative area ratio:   24.36
      Required ratio:    0.00 (Cumulative side area) 

    Layer: via2
      Partial area ratio:    0.25
      Required ratio:    6.00 (Gate area) 
      Cumulative area ratio:    0.72
      Required ratio:    0.00 (Cumulative area) 

    Layer: met3
      Partial area ratio:  131.72
      Required ratio:    0.00 (Gate area) 
      Cumulative area ratio:  136.91
      Required ratio:    0.00 (Cumulative area) 
      Partial area ratio:  708.38
      Required ratio:  400.00 (Side area) (VIOLATED)
      Cumulative area ratio:  732.74
      Required ratio:    0.00 (Cumulative side area) 

    Layer: via3
      Partial area ratio:    0.25
      Required ratio:    6.00 (Gate area) 
      Cumulative area ratio:    0.97
      Required ratio:    0.00 (Cumulative area) 

    Layer: met4
      Partial area ratio:   88.37
      Required ratio:    0.00 (Gate area) 
      Cumulative area ratio:  225.28
      Required ratio:    0.00 (Cumulative area) 
      Partial area ratio:  473.71
      Required ratio: 3096.80 (Side area) 
      Cumulative area ratio: 1206.45
      Required ratio:    0.00 (Cumulative side area) 



Net: _03010_
  Pin:   _26855_/A2 (sky130_fd_sc_hd__o22a_1)
    Layer: mcon
      Partial area ratio:    0.12
      Required ratio:    3.00 (Gate area) 
      Cumulative area ratio:    0.12
      Required ratio:    0.00 (Cumulative area) 

    Layer: met1
      Partial area ratio:    2.91
      Required ratio:    0.00 (Gate area) 
      Cumulative area ratio:    2.91
      Required ratio:    0.00 (Cumulative area) 
      Partial area ratio:   13.79
      Required ratio:  400.00 (Side area) 
      Cumulative area ratio:   13.79
      Required ratio:    0.00 (Cumulative side area) 

    Layer: via
      Partial area ratio:    0.18
      Required ratio:    6.00 (Gate area) 
      Cumulative area ratio:    0.30
      Required ratio:    0.00 (Cumulative area) 

    Layer: met2
      Partial area ratio:    4.87
      Required ratio:    0.00 (Gate area) 
      Cumulative area ratio:    7.77
      Required ratio:    0.00 (Cumulative area) 
      Partial area ratio:   23.39
      Required ratio:  400.00 (Side area) 
      Cumulative area ratio:   37.18
      Required ratio:    0.00 (Cumulative side area) 

    Layer: via2
      Partial area ratio:    0.32
      Required ratio:    6.00 (Gate area) 
      Cumulative area ratio:    0.62
      Required ratio:    0.00 (Cumulative area) 

    Layer: met3
      Partial area ratio:   84.40
      Required ratio:    0.00 (Gate area) 
      Cumulative area ratio:   92.17
      Required ratio:    0.00 (Cumulative area) 
      Partial area ratio:  452.95
      Required ratio:  400.00 (Side area) (VIOLATED)
      Cumulative area ratio:  490.12
      Required ratio:    0.00 (Cumulative side area) 

    Layer: via3
      Partial area ratio:    0.16
      Required ratio:    6.00 (Gate area) 
      Cumulative area ratio:    0.78
      Required ratio:    0.00 (Cumulative area) 

    Layer: met4
      Partial area ratio:   15.78
      Required ratio:    0.00 (Gate area) 
      Cumulative area ratio:  107.95
      Required ratio:    0.00 (Cumulative area) 
      Partial area ratio:   85.35
      Required ratio: 2956.40 (Side area) 
      Cumulative area ratio:  575.47
      Required ratio:    0.00 (Cumulative side area) 


  Pin:   _26885_/A2 (sky130_fd_sc_hd__o22a_1)
    Layer: mcon
      Partial area ratio:    0.12
      Required ratio:    3.00 (Gate area) 
      Cumulative area ratio:    0.12
      Required ratio:    0.00 (Cumulative area) 

    Layer: met1
      Partial area ratio:    1.95
      Required ratio:    0.00 (Gate area) 
      Cumulative area ratio:    1.95
      Required ratio:    0.00 (Cumulative area) 
      Partial area ratio:    9.01
      Required ratio:  400.00 (Side area) 
      Cumulative area ratio:    9.01
      Required ratio:    0.00 (Cumulative side area) 

    Layer: via
      Partial area ratio:    0.18
      Required ratio:    6.00 (Gate area) 
      Cumulative area ratio:    0.30
      Required ratio:    0.00 (Cumulative area) 

    Layer: met2
      Partial area ratio:    0.75
      Required ratio:    0.00 (Gate area) 
      Cumulative area ratio:    2.71
      Required ratio:    0.00 (Cumulative area) 
      Partial area ratio:    3.48
      Required ratio:  400.00 (Side area) 
      Cumulative area ratio:   12.49
      Required ratio:    0.00 (Cumulative side area) 

    Layer: via2
      Partial area ratio:    0.16
      Required ratio:    6.00 (Gate area) 
      Cumulative area ratio:    0.46
      Required ratio:    0.00 (Cumulative area) 

    Layer: met3
      Partial area ratio:    0.50
      Required ratio:    0.00 (Gate area) 
      Cumulative area ratio:    3.21
      Required ratio:    0.00 (Cumulative area) 
      Partial area ratio:    4.59
      Required ratio:  400.00 (Side area) 
      Cumulative area ratio:   17.08
      Required ratio:    0.00 (Cumulative side area) 

    Layer: via3
      Partial area ratio:    0.16
      Required ratio:    6.00 (Gate area) 
      Cumulative area ratio:    0.62
      Required ratio:    0.00 (Cumulative area) 

    Layer: met4
      Partial area ratio:   15.78
      Required ratio:    0.00 (Gate area) 
      Cumulative area ratio:   18.99
      Required ratio:    0.00 (Cumulative area) 
      Partial area ratio:   85.35
      Required ratio: 2956.40 (Side area) 
      Cumulative area ratio:  102.42
      Required ratio:    0.00 (Cumulative side area) 


  Pin:   _26888_/A2 (sky130_fd_sc_hd__o22a_1)
    Layer: mcon
      Partial area ratio:    0.12
      Required ratio:    3.00 (Gate area) 
      Cumulative area ratio:    0.12
      Required ratio:    0.00 (Cumulative area) 

    Layer: met1
      Partial area ratio:    3.19
      Required ratio:    0.00 (Gate area) 
      Cumulative area ratio:    3.19
      Required ratio:    0.00 (Cumulative area) 
      Partial area ratio:   15.20
      Required ratio:  400.00 (Side area) 
      Cumulative area ratio:   15.20
      Required ratio:    0.00 (Cumulative side area) 

    Layer: via
      Partial area ratio:    0.18
      Required ratio:    6.00 (Gate area) 
      Cumulative area ratio:    0.30
      Required ratio:    0.00 (Cumulative area) 

    Layer: met2
      Partial area ratio:    0.75
      Required ratio:    0.00 (Gate area) 
      Cumulative area ratio:    3.95
      Required ratio:    0.00 (Cumulative area) 
      Partial area ratio:    3.48
      Required ratio:  400.00 (Side area) 
      Cumulative area ratio:   18.68
      Required ratio:    0.00 (Cumulative side area) 

    Layer: via2
      Partial area ratio:    0.16
      Required ratio:    6.00 (Gate area) 
      Cumulative area ratio:    0.46
      Required ratio:    0.00 (Cumulative area) 

    Layer: met3
      Partial area ratio:   84.40
      Required ratio:    0.00 (Gate area) 
      Cumulative area ratio:   88.34
      Required ratio:    0.00 (Cumulative area) 
      Partial area ratio:  452.95
      Required ratio:  400.00 (Side area) (VIOLATED)
      Cumulative area ratio:  471.63
      Required ratio:    0.00 (Cumulative side area) 

    Layer: via3
      Partial area ratio:    0.16
      Required ratio:    6.00 (Gate area) 
      Cumulative area ratio:    0.62
      Required ratio:    0.00 (Cumulative area) 

    Layer: met4
      Partial area ratio:   15.78
      Required ratio:    0.00 (Gate area) 
      Cumulative area ratio:  104.12
      Required ratio:    0.00 (Cumulative area) 
      Partial area ratio:   85.35
      Required ratio: 2956.40 (Side area) 
      Cumulative area ratio:  556.97
      Required ratio:    0.00 (Cumulative side area) 


  Pin:   fanout750/A (sky130_fd_sc_hd__clkbuf_4)
    Layer: mcon
      Partial area ratio:    0.14
      Required ratio:    3.00 (Gate area) 
      Cumulative area ratio:    0.14
      Required ratio:    0.00 (Cumulative area) 

    Layer: met1
      Partial area ratio:    1.05
      Required ratio:    0.00 (Gate area) 
      Cumulative area ratio:    1.05
      Required ratio:    0.00 (Cumulative area) 
      Partial area ratio:    4.65
      Required ratio:  400.00 (Side area) 
      Cumulative area ratio:    4.65
      Required ratio:    0.00 (Cumulative side area) 

    Layer: via
      Partial area ratio:    0.17
      Required ratio:    6.00 (Gate area) 
      Cumulative area ratio:    0.30
      Required ratio:    0.00 (Cumulative area) 

    Layer: met2
      Partial area ratio:    0.61
      Required ratio:    0.00 (Gate area) 
      Cumulative area ratio:    1.66
      Required ratio:    0.00 (Cumulative area) 
      Partial area ratio:    2.40
      Required ratio:  400.00 (Side area) 
      Cumulative area ratio:    7.05
      Required ratio:    0.00 (Cumulative side area) 

    Layer: via2
      Partial area ratio:    0.19
      Required ratio:    6.00 (Gate area) 
      Cumulative area ratio:    0.49
      Required ratio:    0.00 (Cumulative area) 

    Layer: met3
      Partial area ratio:  156.12
      Required ratio:    0.00 (Gate area) 
      Cumulative area ratio:  157.78
      Required ratio:    0.00 (Cumulative area) 
      Partial area ratio:  834.78
      Required ratio: 2956.40 (Side area) 
      Cumulative area ratio:  841.83
      Required ratio:    0.00 (Cumulative side area) 

    Layer: via3
      Partial area ratio:    0.38
      Required ratio:   38.08 (Gate area) 
      Cumulative area ratio:    0.87
      Required ratio:    0.00 (Cumulative area) 

    Layer: met4
      Partial area ratio:   15.78
      Required ratio:    0.00 (Gate area) 
      Cumulative area ratio:  173.56
      Required ratio:    0.00 (Cumulative area) 
      Partial area ratio:   85.35
      Required ratio: 2956.40 (Side area) 
      Cumulative area ratio:  927.18
      Required ratio:    0.00 (Cumulative side area) 


  Pin:   fanout751/A (sky130_fd_sc_hd__buf_4)
    Layer: mcon
      Partial area ratio:    0.12
      Required ratio:    3.00 (Gate area) 
      Cumulative area ratio:    0.12
      Required ratio:    0.00 (Cumulative area) 

    Layer: met1
      Partial area ratio:    0.96
      Required ratio:    0.00 (Gate area) 
      Cumulative area ratio:    0.96
      Required ratio:    0.00 (Cumulative area) 
      Partial area ratio:    3.85
      Required ratio:  400.00 (Side area) 
      Cumulative area ratio:    3.85
      Required ratio:    0.00 (Cumulative side area) 

    Layer: via
      Partial area ratio:    0.18
      Required ratio:    6.00 (Gate area) 
      Cumulative area ratio:    0.30
      Required ratio:    0.00 (Cumulative area) 

    Layer: met2
      Partial area ratio:    0.75
      Required ratio:    0.00 (Gate area) 
      Cumulative area ratio:    1.71
      Required ratio:    0.00 (Cumulative area) 
      Partial area ratio:    3.48
      Required ratio:  400.00 (Side area) 
      Cumulative area ratio:    7.33
      Required ratio:    0.00 (Cumulative side area) 

    Layer: via2
      Partial area ratio:    0.16
      Required ratio:    6.00 (Gate area) 
      Cumulative area ratio:    0.46
      Required ratio:    0.00 (Cumulative area) 

    Layer: met3
      Partial area ratio:    0.50
      Required ratio:    0.00 (Gate area) 
      Cumulative area ratio:    2.21
      Required ratio:    0.00 (Cumulative area) 
      Partial area ratio:    4.59
      Required ratio:  400.00 (Side area) 
      Cumulative area ratio:   11.92
      Required ratio:    0.00 (Cumulative side area) 

    Layer: via3
      Partial area ratio:    0.16
      Required ratio:    6.00 (Gate area) 
      Cumulative area ratio:    0.62
      Required ratio:    0.00 (Cumulative area) 

    Layer: met4
      Partial area ratio:   15.78
      Required ratio:    0.00 (Gate area) 
      Cumulative area ratio:   18.00
      Required ratio:    0.00 (Cumulative area) 
      Partial area ratio:   85.35
      Required ratio: 2956.40 (Side area) 
      Cumulative area ratio:   97.26
      Required ratio:    0.00 (Cumulative side area) 



Net: _03655_
  Pin:   _27896_/B (sky130_fd_sc_hd__nand2_4)
    Layer: mcon
      Partial area ratio:    0.03
      Required ratio:    3.00 (Gate area) 
      Cumulative area ratio:    0.03
      Required ratio:    0.00 (Cumulative area) 

    Layer: met1
      Partial area ratio:    0.58
      Required ratio:    0.00 (Gate area) 
      Cumulative area ratio:    0.58
      Required ratio:    0.00 (Cumulative area) 
      Partial area ratio:    2.70
      Required ratio:  400.00 (Side area) 
      Cumulative area ratio:    2.70
      Required ratio:    0.00 (Cumulative side area) 

    Layer: via
      Partial area ratio:    0.05
      Required ratio:    6.00 (Gate area) 
      Cumulative area ratio:    0.07
      Required ratio:    0.00 (Cumulative area) 

    Layer: met2
      Partial area ratio:    1.22
      Required ratio:    0.00 (Gate area) 
      Cumulative area ratio:    1.79
      Required ratio:    0.00 (Cumulative area) 
      Partial area ratio:    5.90
      Required ratio:  400.00 (Side area) 
      Cumulative area ratio:    8.60
      Required ratio:    0.00 (Cumulative side area) 

    Layer: via2
      Partial area ratio:    0.04
      Required ratio:    6.00 (Gate area) 
      Cumulative area ratio:    0.11
      Required ratio:    0.00 (Cumulative area) 

    Layer: met3
      Partial area ratio:    0.11
      Required ratio:    0.00 (Gate area) 
      Cumulative area ratio:    1.91
      Required ratio:    0.00 (Cumulative area) 
      Partial area ratio:    1.02
      Required ratio:  400.00 (Side area) 
      Cumulative area ratio:    9.62
      Required ratio:    0.00 (Cumulative side area) 

    Layer: via3
      Partial area ratio:    0.04
      Required ratio:    6.00 (Gate area) 
      Cumulative area ratio:    0.15
      Required ratio:    0.00 (Cumulative area) 

    Layer: met4
      Partial area ratio:   65.48
      Required ratio:    0.00 (Gate area) 
      Cumulative area ratio:   67.38
      Required ratio:    0.00 (Cumulative area) 
      Partial area ratio:  349.84
      Required ratio: 2956.40 (Side area) 
      Cumulative area ratio:  359.46
      Required ratio:    0.00 (Cumulative side area) 


  Pin:   _39637_/A (sky130_fd_sc_hd__or4_1)
    Layer: mcon
      Partial area ratio:    0.23
      Required ratio:    3.00 (Gate area) 
      Cumulative area ratio:    0.23
      Required ratio:    0.00 (Cumulative area) 

    Layer: met1
      Partial area ratio:    7.01
      Required ratio:    0.00 (Gate area) 
      Cumulative area ratio:    7.01
      Required ratio:    0.00 (Cumulative area) 
      Partial area ratio:   33.57
      Required ratio:  400.00 (Side area) 
      Cumulative area ratio:   33.57
      Required ratio:    0.00 (Cumulative side area) 

    Layer: via
      Partial area ratio:    0.36
      Required ratio:    6.00 (Gate area) 
      Cumulative area ratio:    0.59
      Required ratio:    0.00 (Cumulative area) 

    Layer: met2
      Partial area ratio:    1.48
      Required ratio:    0.00 (Gate area) 
      Cumulative area ratio:    8.49
      Required ratio:    0.00 (Cumulative area) 
      Partial area ratio:    6.83
      Required ratio:  400.00 (Side area) 
      Cumulative area ratio:   40.41
      Required ratio:    0.00 (Cumulative side area) 

    Layer: via2
      Partial area ratio:    0.32
      Required ratio:    6.00 (Gate area) 
      Cumulative area ratio:    0.90
      Required ratio:    0.00 (Cumulative area) 

    Layer: met3
      Partial area ratio:  132.41
      Required ratio:    0.00 (Gate area) 
      Cumulative area ratio:  140.90
      Required ratio:    0.00 (Cumulative area) 
      Partial area ratio:  709.90
      Required ratio:  400.00 (Side area) (VIOLATED)
      Cumulative area ratio:  750.31
      Required ratio:    0.00 (Cumulative side area) 

    Layer: via3
      Partial area ratio:    0.32
      Required ratio:    6.00 (Gate area) 
      Cumulative area ratio:    1.22
      Required ratio:    0.00 (Cumulative area) 

    Layer: met4
      Partial area ratio:   65.48
      Required ratio:    0.00 (Gate area) 
      Cumulative area ratio:  206.38
      Required ratio:    0.00 (Cumulative area) 
      Partial area ratio:  349.84
      Required ratio: 2956.40 (Side area) 
      Cumulative area ratio: 1100.15
      Required ratio:    0.00 (Cumulative side area) 


  Pin:   _39719_/A (sky130_fd_sc_hd__or4_1)
    Layer: mcon
      Partial area ratio:    0.23
      Required ratio:    3.00 (Gate area) 
      Cumulative area ratio:    0.23
      Required ratio:    0.00 (Cumulative area) 

    Layer: met1
      Partial area ratio:   24.98
      Required ratio:    0.00 (Gate area) 
      Cumulative area ratio:   24.98
      Required ratio:    0.00 (Cumulative area) 
      Partial area ratio:  122.58
      Required ratio:  400.00 (Side area) 
      Cumulative area ratio:  122.58
      Required ratio:    0.00 (Cumulative side area) 

    Layer: via
      Partial area ratio:    0.54
      Required ratio:    6.00 (Gate area) 
      Cumulative area ratio:    0.77
      Required ratio:    0.00 (Cumulative area) 

    Layer: met2
      Partial area ratio:    1.22
      Required ratio:    0.00 (Gate area) 
      Cumulative area ratio:   26.20
      Required ratio:    0.00 (Cumulative area) 
      Partial area ratio:    5.90
      Required ratio:  400.00 (Side area) 
      Cumulative area ratio:  128.49
      Required ratio:    0.00 (Cumulative side area) 

    Layer: via2
      Partial area ratio:    0.04
      Required ratio:    6.00 (Gate area) 
      Cumulative area ratio:    0.80
      Required ratio:    0.00 (Cumulative area) 

    Layer: met3
      Partial area ratio:    0.11
      Required ratio:    0.00 (Gate area) 
      Cumulative area ratio:   26.31
      Required ratio:    0.00 (Cumulative area) 
      Partial area ratio:    1.02
      Required ratio:  400.00 (Side area) 
      Cumulative area ratio:  129.50
      Required ratio:    0.00 (Cumulative side area) 

    Layer: via3
      Partial area ratio:    0.04
      Required ratio:    6.00 (Gate area) 
      Cumulative area ratio:    0.84
      Required ratio:    0.00 (Cumulative area) 

    Layer: met4
      Partial area ratio:   65.48
      Required ratio:    0.00 (Gate area) 
      Cumulative area ratio:   91.79
      Required ratio:    0.00 (Cumulative area) 
      Partial area ratio:  349.84
      Required ratio: 2956.40 (Side area) 
      Cumulative area ratio:  479.34
      Required ratio:    0.00 (Cumulative side area) 


  Pin:   _39720_/A2 (sky130_fd_sc_hd__a21bo_1)
    Layer: mcon
      Partial area ratio:    0.12
      Required ratio:    3.00 (Gate area) 
      Cumulative area ratio:    0.12
      Required ratio:    0.00 (Cumulative area) 

    Layer: met1
      Partial area ratio:    6.53
      Required ratio:    0.00 (Gate area) 
      Cumulative area ratio:    6.53
      Required ratio:    0.00 (Cumulative area) 
      Partial area ratio:   31.48
      Required ratio:  400.00 (Side area) 
      Cumulative area ratio:   31.48
      Required ratio:    0.00 (Cumulative side area) 

    Layer: via
      Partial area ratio:    0.27
      Required ratio:    6.00 (Gate area) 
      Cumulative area ratio:    0.39
      Required ratio:    0.00 (Cumulative area) 

    Layer: met2
      Partial area ratio:    9.60
      Required ratio:    0.00 (Gate area) 
      Cumulative area ratio:   16.13
      Required ratio:    0.00 (Cumulative area) 
      Partial area ratio:   46.53
      Required ratio: 2956.40 (Side area) 
      Cumulative area ratio:   78.00
      Required ratio:    0.00 (Cumulative side area) 

    Layer: via2
      Partial area ratio:    0.32
      Required ratio:   38.08 (Gate area) 
      Cumulative area ratio:    0.71
      Required ratio:    0.00 (Cumulative area) 

    Layer: met3
      Partial area ratio:   67.91
      Required ratio:    0.00 (Gate area) 
      Cumulative area ratio:   84.05
      Required ratio:    0.00 (Cumulative area) 
      Partial area ratio:  366.00
      Required ratio: 2956.40 (Side area) 
      Cumulative area ratio:  444.00
      Required ratio:    0.00 (Cumulative side area) 

    Layer: via3
      Partial area ratio:    0.32
      Required ratio:   38.08 (Gate area) 
      Cumulative area ratio:    1.04
      Required ratio:    0.00 (Cumulative area) 

    Layer: met4
      Partial area ratio:   65.48
      Required ratio:    0.00 (Gate area) 
      Cumulative area ratio:  149.52
      Required ratio:    0.00 (Cumulative area) 
      Partial area ratio:  349.84
      Required ratio: 2956.40 (Side area) 
      Cumulative area ratio:  793.84
      Required ratio:    0.00 (Cumulative side area) 



Net: _04567_
  Pin:   _39703_/A1 (sky130_fd_sc_hd__mux2_1)
    Layer: mcon
      Partial area ratio:    0.23
      Required ratio:    3.00 (Gate area) 
      Cumulative area ratio:    0.23
      Required ratio:    0.00 (Cumulative area) 

    Layer: met1
      Partial area ratio:    7.99
      Required ratio:    0.00 (Gate area) 
      Cumulative area ratio:    7.99
      Required ratio:    0.00 (Cumulative area) 
      Partial area ratio:   38.50
      Required ratio:  400.00 (Side area) 
      Cumulative area ratio:   38.50
      Required ratio:    0.00 (Cumulative side area) 

    Layer: via
      Partial area ratio:    0.36
      Required ratio:    6.00 (Gate area) 
      Cumulative area ratio:    0.59
      Required ratio:    0.00 (Cumulative area) 

    Layer: met2
      Partial area ratio:  116.76
      Required ratio:    0.00 (Gate area) 
      Cumulative area ratio:  124.75
      Required ratio:    0.00 (Cumulative area) 
      Partial area ratio:  582.36
      Required ratio:  400.00 (Side area) (VIOLATED)
      Cumulative area ratio:  620.86
      Required ratio:    0.00 (Cumulative side area) 

    Layer: via2
      Partial area ratio:    0.32
      Required ratio:    6.00 (Gate area) 
      Cumulative area ratio:    0.90
      Required ratio:    0.00 (Cumulative area) 

    Layer: met3
      Partial area ratio:   33.84
      Required ratio:    0.00 (Gate area) 
      Cumulative area ratio:  158.60
      Required ratio:    0.00 (Cumulative area) 
      Partial area ratio:  184.19
      Required ratio:  400.00 (Side area) 
      Cumulative area ratio:  805.05
      Required ratio:    0.00 (Cumulative side area) 

    Layer: via3
      Partial area ratio:    0.32
      Required ratio:    6.00 (Gate area) 
      Cumulative area ratio:    1.22
      Required ratio:    0.00 (Cumulative area) 

    Layer: met4
      Partial area ratio:   55.31
      Required ratio:    0.00 (Gate area) 
      Cumulative area ratio:  213.90
      Required ratio:    0.00 (Cumulative area) 
      Partial area ratio:  296.35
      Required ratio: 2851.00 (Side area) 
      Cumulative area ratio: 1101.41
      Required ratio:    0.00 (Cumulative side area) 


  Pin:   fanout383/A (sky130_fd_sc_hd__clkbuf_2)
    Layer: mcon
      Partial area ratio:    0.14
      Required ratio:    3.00 (Gate area) 
      Cumulative area ratio:    0.14
      Required ratio:    0.00 (Cumulative area) 

    Layer: met1
      Partial area ratio:    3.15
      Required ratio:    0.00 (Gate area) 
      Cumulative area ratio:    3.15
      Required ratio:    0.00 (Cumulative area) 
      Partial area ratio:   14.87
      Required ratio:  400.00 (Side area) 
      Cumulative area ratio:   14.87
      Required ratio:    0.00 (Cumulative side area) 

    Layer: via
      Partial area ratio:    0.21
      Required ratio:    6.00 (Gate area) 
      Cumulative area ratio:    0.35
      Required ratio:    0.00 (Cumulative area) 

    Layer: met2
      Partial area ratio:    5.97
      Required ratio:    0.00 (Gate area) 
      Cumulative area ratio:    9.12
      Required ratio:    0.00 (Cumulative area) 
      Partial area ratio:   28.94
      Required ratio: 2851.00 (Side area) 
      Cumulative area ratio:   43.81
      Required ratio:    0.00 (Cumulative side area) 

    Layer: via2
      Partial area ratio:    0.19
      Required ratio:   28.59 (Gate area) 
      Cumulative area ratio:    0.53
      Required ratio:    0.00 (Cumulative area) 

    Layer: met3
      Partial area ratio:    0.59
      Required ratio:    0.00 (Gate area) 
      Cumulative area ratio:    9.70
      Required ratio:    0.00 (Cumulative area) 
      Partial area ratio:    5.33
      Required ratio: 2851.00 (Side area) 
      Cumulative area ratio:   49.14
      Required ratio:    0.00 (Cumulative side area) 

    Layer: via3
      Partial area ratio:    0.19
      Required ratio:   28.59 (Gate area) 
      Cumulative area ratio:    0.72
      Required ratio:    0.00 (Cumulative area) 

    Layer: met4
      Partial area ratio:   55.31
      Required ratio:    0.00 (Gate area) 
      Cumulative area ratio:   65.01
      Required ratio:    0.00 (Cumulative area) 
      Partial area ratio:  296.35
      Required ratio: 2851.00 (Side area) 
      Cumulative area ratio:  345.49
      Required ratio:    0.00 (Cumulative side area) 



Net: _16497_
  Pin:   _41173_/B1 (sky130_fd_sc_hd__o21a_1)
    Layer: mcon
      Partial area ratio:    0.12
      Required ratio:    3.00 (Gate area) 
      Cumulative area ratio:    0.12
      Required ratio:    0.00 (Cumulative area) 

    Layer: met1
      Partial area ratio:    3.43
      Required ratio:    0.00 (Gate area) 
      Cumulative area ratio:    3.43
      Required ratio:    0.00 (Cumulative area) 
      Partial area ratio:   16.42
      Required ratio:  400.00 (Side area) 
      Cumulative area ratio:   16.42
      Required ratio:    0.00 (Cumulative side area) 

    Layer: via
      Partial area ratio:    0.18
      Required ratio:    6.00 (Gate area) 
      Cumulative area ratio:    0.30
      Required ratio:    0.00 (Cumulative area) 

    Layer: met2
      Partial area ratio:    0.75
      Required ratio:    0.00 (Gate area) 
      Cumulative area ratio:    4.19
      Required ratio:    0.00 (Cumulative area) 
      Partial area ratio:    3.48
      Required ratio:  400.00 (Side area) 
      Cumulative area ratio:   19.90
      Required ratio:    0.00 (Cumulative side area) 

    Layer: via2
      Partial area ratio:    0.16
      Required ratio:    6.00 (Gate area) 
      Cumulative area ratio:    0.46
      Required ratio:    0.00 (Cumulative area) 

    Layer: met3
      Partial area ratio:   75.77
      Required ratio:    0.00 (Gate area) 
      Cumulative area ratio:   79.96
      Required ratio:    0.00 (Cumulative area) 
      Partial area ratio:  406.01
      Required ratio:  400.00 (Side area) (VIOLATED)
      Cumulative area ratio:  425.91
      Required ratio:    0.00 (Cumulative side area) 

    Layer: via3
      Partial area ratio:    0.16
      Required ratio:    6.00 (Gate area) 
      Cumulative area ratio:    0.62
      Required ratio:    0.00 (Cumulative area) 

    Layer: met4
      Partial area ratio:    8.84
      Required ratio:    0.00 (Gate area) 
      Cumulative area ratio:   88.81
      Required ratio:    0.00 (Cumulative area) 
      Partial area ratio:   49.07
      Required ratio: 2784.80 (Side area) 
      Cumulative area ratio:  474.98
      Required ratio:    0.00 (Cumulative side area) 



Net: _16552_
  Pin:   _41233_/B1 (sky130_fd_sc_hd__o21a_1)
    Layer: mcon
      Partial area ratio:    0.12
      Required ratio:    3.00 (Gate area) 
      Cumulative area ratio:    0.12
      Required ratio:    0.00 (Cumulative area) 

    Layer: met1
      Partial area ratio:    2.05
      Required ratio:    0.00 (Gate area) 
      Cumulative area ratio:    2.05
      Required ratio:    0.00 (Cumulative area) 
      Partial area ratio:    9.52
      Required ratio:  400.00 (Side area) 
      Cumulative area ratio:    9.52
      Required ratio:    0.00 (Cumulative side area) 

    Layer: via
      Partial area ratio:    0.18
      Required ratio:    6.00 (Gate area) 
      Cumulative area ratio:    0.30
      Required ratio:    0.00 (Cumulative area) 

    Layer: met2
      Partial area ratio:   39.93
      Required ratio:    0.00 (Gate area) 
      Cumulative area ratio:   41.98
      Required ratio:    0.00 (Cumulative area) 
      Partial area ratio:  198.90
      Required ratio:  400.00 (Side area) 
      Cumulative area ratio:  208.42
      Required ratio:    0.00 (Cumulative side area) 

    Layer: via2
      Partial area ratio:    0.16
      Required ratio:    6.00 (Gate area) 
      Cumulative area ratio:    0.46
      Required ratio:    0.00 (Cumulative area) 

    Layer: met3
      Partial area ratio:  226.32
      Required ratio:    0.00 (Gate area) 
      Cumulative area ratio:  268.30
      Required ratio:    0.00 (Cumulative area) 
      Partial area ratio: 1208.92
      Required ratio:  400.00 (Side area) (VIOLATED)
      Cumulative area ratio: 1417.34
      Required ratio:    0.00 (Cumulative side area) 

    Layer: via3
      Partial area ratio:    0.16
      Required ratio:    6.00 (Gate area) 
      Cumulative area ratio:    0.62
      Required ratio:    0.00 (Cumulative area) 

    Layer: met4
      Partial area ratio:   75.75
      Required ratio:    0.00 (Gate area) 
      Cumulative area ratio:  344.05
      Required ratio:    0.00 (Cumulative area) 
      Partial area ratio:  405.92
      Required ratio: 2956.40 (Side area) 
      Cumulative area ratio: 1823.25
      Required ratio:    0.00 (Cumulative side area) 



Net: _16805_
  Pin:   _41509_/B1 (sky130_fd_sc_hd__o21a_1)
    Layer: mcon
      Partial area ratio:    0.12
      Required ratio:    3.00 (Gate area) 
      Cumulative area ratio:    0.12
      Required ratio:    0.00 (Cumulative area) 

    Layer: met1
      Partial area ratio:    2.87
      Required ratio:    0.00 (Gate area) 
      Cumulative area ratio:    2.87
      Required ratio:    0.00 (Cumulative area) 
      Partial area ratio:   13.59
      Required ratio:  400.00 (Side area) 
      Cumulative area ratio:   13.59
      Required ratio:    0.00 (Cumulative side area) 

    Layer: via
      Partial area ratio:    0.18
      Required ratio:    6.00 (Gate area) 
      Cumulative area ratio:    0.30
      Required ratio:    0.00 (Cumulative area) 

    Layer: met2
      Partial area ratio:    0.75
      Required ratio:    0.00 (Gate area) 
      Cumulative area ratio:    3.62
      Required ratio:    0.00 (Cumulative area) 
      Partial area ratio:    3.48
      Required ratio:  400.00 (Side area) 
      Cumulative area ratio:   17.07
      Required ratio:    0.00 (Cumulative side area) 

    Layer: via2
      Partial area ratio:    0.16
      Required ratio:    6.00 (Gate area) 
      Cumulative area ratio:    0.46
      Required ratio:    0.00 (Cumulative area) 

    Layer: met3
      Partial area ratio:   92.50
      Required ratio:    0.00 (Gate area) 
      Cumulative area ratio:   96.12
      Required ratio:    0.00 (Cumulative area) 
      Partial area ratio:  495.22
      Required ratio:  400.00 (Side area) (VIOLATED)
      Cumulative area ratio:  512.29
      Required ratio:    0.00 (Cumulative side area) 

    Layer: via3
      Partial area ratio:    0.16
      Required ratio:    6.00 (Gate area) 
      Cumulative area ratio:    0.62
      Required ratio:    0.00 (Cumulative area) 

    Layer: met4
      Partial area ratio:    8.84
      Required ratio:    0.00 (Gate area) 
      Cumulative area ratio:  104.97
      Required ratio:    0.00 (Cumulative area) 
      Partial area ratio:   49.07
      Required ratio: 2778.20 (Side area) 
      Cumulative area ratio:  561.36
      Required ratio:    0.00 (Cumulative side area) 



Net: _17318_
  Pin:   fanout614/A (sky130_fd_sc_hd__buf_4)
    Layer: mcon
      Partial area ratio:    0.12
      Required ratio:    3.00 (Gate area) 
      Cumulative area ratio:    0.12
      Required ratio:    0.00 (Cumulative area) 

    Layer: met1
      Partial area ratio:    1.77
      Required ratio:    0.00 (Gate area) 
      Cumulative area ratio:    1.77
      Required ratio:    0.00 (Cumulative area) 
      Partial area ratio:    8.12
      Required ratio:  400.00 (Side area) 
      Cumulative area ratio:    8.12
      Required ratio:    0.00 (Cumulative side area) 

    Layer: via
      Partial area ratio:    0.18
      Required ratio:    6.00 (Gate area) 
      Cumulative area ratio:    0.30
      Required ratio:    0.00 (Cumulative area) 

    Layer: met2
      Partial area ratio:    0.75
      Required ratio:    0.00 (Gate area) 
      Cumulative area ratio:    2.53
      Required ratio:    0.00 (Cumulative area) 
      Partial area ratio:    3.48
      Required ratio:  400.00 (Side area) 
      Cumulative area ratio:   11.60
      Required ratio:    0.00 (Cumulative side area) 

    Layer: via2
      Partial area ratio:    0.16
      Required ratio:    6.00 (Gate area) 
      Cumulative area ratio:    0.46
      Required ratio:    0.00 (Cumulative area) 

    Layer: met3
      Partial area ratio:   50.74
      Required ratio:    0.00 (Gate area) 
      Cumulative area ratio:   53.27
      Required ratio:    0.00 (Cumulative area) 
      Partial area ratio:  272.48
      Required ratio:  400.00 (Side area) 
      Cumulative area ratio:  284.08
      Required ratio:    0.00 (Cumulative side area) 

    Layer: via3
      Partial area ratio:    0.32
      Required ratio:    6.00 (Gate area) 
      Cumulative area ratio:    0.78
      Required ratio:    0.00 (Cumulative area) 

    Layer: met4
      Partial area ratio:   59.29
      Required ratio:    0.00 (Gate area) 
      Cumulative area ratio:  112.56
      Required ratio:    0.00 (Cumulative area) 
      Partial area ratio:  312.04
      Required ratio: 2956.40 (Side area) 
      Cumulative area ratio:  596.12
      Required ratio:    0.00 (Cumulative side area) 

    Layer: via4
      Partial area ratio:    0.98
      Required ratio:   38.08 (Gate area) 
      Cumulative area ratio:    1.76
      Required ratio:    0.00 (Cumulative area) 

    Layer: met5
      Partial area ratio:  274.74
      Required ratio:    0.00 (Gate area) 
      Cumulative area ratio:  387.29
      Required ratio:    0.00 (Cumulative area) 
      Partial area ratio:  416.83
      Required ratio: 2956.40 (Side area) 
      Cumulative area ratio: 1012.94
      Required ratio:    0.00 (Cumulative side area) 


  Pin:   fanout615/A (sky130_fd_sc_hd__buf_2)
    Layer: mcon
      Partial area ratio:    0.18
      Required ratio:    3.00 (Gate area) 
      Cumulative area ratio:    0.18
      Required ratio:    0.00 (Cumulative area) 

    Layer: met1
      Partial area ratio:    1.80
      Required ratio:    0.00 (Gate area) 
      Cumulative area ratio:    1.80
      Required ratio:    0.00 (Cumulative area) 
      Partial area ratio:    7.85
      Required ratio:  400.00 (Side area) 
      Cumulative area ratio:    7.85
      Required ratio:    0.00 (Cumulative side area) 

    Layer: via
      Partial area ratio:    0.28
      Required ratio:    6.00 (Gate area) 
      Cumulative area ratio:    0.46
      Required ratio:    0.00 (Cumulative area) 

    Layer: met2
      Partial area ratio:    7.47
      Required ratio:    0.00 (Gate area) 
      Cumulative area ratio:    9.27
      Required ratio:    0.00 (Cumulative area) 
      Partial area ratio:   36.21
      Required ratio:  400.00 (Side area) 
      Cumulative area ratio:   44.06
      Required ratio:    0.00 (Cumulative side area) 

    Layer: via2
      Partial area ratio:    0.25
      Required ratio:    6.00 (Gate area) 
      Cumulative area ratio:    0.72
      Required ratio:    0.00 (Cumulative area) 

    Layer: met3
      Partial area ratio:   78.94
      Required ratio:    0.00 (Gate area) 
      Cumulative area ratio:   88.21
      Required ratio:    0.00 (Cumulative area) 
      Partial area ratio:  423.90
      Required ratio:  400.00 (Side area) (VIOLATED)
      Cumulative area ratio:  467.96
      Required ratio:    0.00 (Cumulative side area) 

    Layer: via3
      Partial area ratio:    0.50
      Required ratio:    6.00 (Gate area) 
      Cumulative area ratio:    1.22
      Required ratio:    0.00 (Cumulative area) 

    Layer: met4
      Partial area ratio:   59.29
      Required ratio:    0.00 (Gate area) 
      Cumulative area ratio:  147.50
      Required ratio:    0.00 (Cumulative area) 
      Partial area ratio:  312.04
      Required ratio: 2956.40 (Side area) 
      Cumulative area ratio:  780.00
      Required ratio:    0.00 (Cumulative side area) 

    Layer: via4
      Partial area ratio:    0.98
      Required ratio:   38.08 (Gate area) 
      Cumulative area ratio:    2.20
      Required ratio:    0.00 (Cumulative area) 

    Layer: met5
      Partial area ratio:  274.74
      Required ratio:    0.00 (Gate area) 
      Cumulative area ratio:  422.23
      Required ratio:    0.00 (Cumulative area) 
      Partial area ratio:  416.83
      Required ratio: 2956.40 (Side area) 
      Cumulative area ratio: 1196.82
      Required ratio:    0.00 (Cumulative side area) 


  Pin:   fanout616/A (sky130_fd_sc_hd__buf_4)
    Layer: mcon
      Partial area ratio:    0.12
      Required ratio:    3.00 (Gate area) 
      Cumulative area ratio:    0.12
      Required ratio:    0.00 (Cumulative area) 

    Layer: met1
      Partial area ratio:    4.83
      Required ratio:    0.00 (Gate area) 
      Cumulative area ratio:    4.83
      Required ratio:    0.00 (Cumulative area) 
      Partial area ratio:   23.42
      Required ratio:  400.00 (Side area) 
      Cumulative area ratio:   23.42
      Required ratio:    0.00 (Cumulative side area) 

    Layer: via
      Partial area ratio:    0.18
      Required ratio:    6.00 (Gate area) 
      Cumulative area ratio:    0.30
      Required ratio:    0.00 (Cumulative area) 

    Layer: met2
      Partial area ratio:   84.33
      Required ratio:    0.00 (Gate area) 
      Cumulative area ratio:   89.17
      Required ratio:    0.00 (Cumulative area) 
      Partial area ratio:  419.51
      Required ratio: 2956.40 (Side area) 
      Cumulative area ratio:  442.92
      Required ratio:    0.00 (Cumulative side area) 

    Layer: via2
      Partial area ratio:    0.16
      Required ratio:   38.08 (Gate area) 
      Cumulative area ratio:    0.46
      Required ratio:    0.00 (Cumulative area) 

    Layer: met3
      Partial area ratio:    0.50
      Required ratio:    0.00 (Gate area) 
      Cumulative area ratio:   89.67
      Required ratio:    0.00 (Cumulative area) 
      Partial area ratio:    4.59
      Required ratio: 2956.40 (Side area) 
      Cumulative area ratio:  447.51
      Required ratio:    0.00 (Cumulative side area) 

    Layer: via3
      Partial area ratio:    0.16
      Required ratio:   38.08 (Gate area) 
      Cumulative area ratio:    0.62
      Required ratio:    0.00 (Cumulative area) 

    Layer: met4
      Partial area ratio:   59.29
      Required ratio:    0.00 (Gate area) 
      Cumulative area ratio:  148.96
      Required ratio:    0.00 (Cumulative area) 
      Partial area ratio:  312.04
      Required ratio: 2956.40 (Side area) 
      Cumulative area ratio:  759.55
      Required ratio:    0.00 (Cumulative side area) 

    Layer: via4
      Partial area ratio:    0.98
      Required ratio:   38.08 (Gate area) 
      Cumulative area ratio:    1.60
      Required ratio:    0.00 (Cumulative area) 

    Layer: met5
      Partial area ratio:  274.74
      Required ratio:    0.00 (Gate area) 
      Cumulative area ratio:  423.69
      Required ratio:    0.00 (Cumulative area) 
      Partial area ratio:  416.83
      Required ratio: 2956.40 (Side area) 
      Cumulative area ratio: 1176.38
      Required ratio:    0.00 (Cumulative side area) 


  Pin:   fanout617/A (sky130_fd_sc_hd__buf_2)
    Layer: mcon
      Partial area ratio:    0.18
      Required ratio:    3.00 (Gate area) 
      Cumulative area ratio:    0.18
      Required ratio:    0.00 (Cumulative area) 

    Layer: met1
      Partial area ratio:    2.21
      Required ratio:    0.00 (Gate area) 
      Cumulative area ratio:    2.21
      Required ratio:    0.00 (Cumulative area) 
      Partial area ratio:    9.89
      Required ratio:  400.00 (Side area) 
      Cumulative area ratio:    9.89
      Required ratio:    0.00 (Cumulative side area) 

    Layer: via
      Partial area ratio:    0.28
      Required ratio:    6.00 (Gate area) 
      Cumulative area ratio:    0.46
      Required ratio:    0.00 (Cumulative area) 

    Layer: met2
      Partial area ratio:    1.17
      Required ratio:    0.00 (Gate area) 
      Cumulative area ratio:    3.39
      Required ratio:    0.00 (Cumulative area) 
      Partial area ratio:    5.42
      Required ratio:  400.00 (Side area) 
      Cumulative area ratio:   15.31
      Required ratio:    0.00 (Cumulative side area) 

    Layer: via2
      Partial area ratio:    0.25
      Required ratio:    6.00 (Gate area) 
      Cumulative area ratio:    0.72
      Required ratio:    0.00 (Cumulative area) 

    Layer: met3
      Partial area ratio:    0.79
      Required ratio:    0.00 (Gate area) 
      Cumulative area ratio:    4.17
      Required ratio:    0.00 (Cumulative area) 
      Partial area ratio:    7.14
      Required ratio:  400.00 (Side area) 
      Cumulative area ratio:   22.45
      Required ratio:    0.00 (Cumulative side area) 

    Layer: via3
      Partial area ratio:    0.25
      Required ratio:    6.00 (Gate area) 
      Cumulative area ratio:    0.97
      Required ratio:    0.00 (Cumulative area) 

    Layer: met4
      Partial area ratio:    8.76
      Required ratio:    0.00 (Gate area) 
      Cumulative area ratio:   12.93
      Required ratio:    0.00 (Cumulative area) 
      Partial area ratio:   23.75
      Required ratio:  400.00 (Side area) 
      Cumulative area ratio:   46.20
      Required ratio:    0.00 (Cumulative side area) 

    Layer: via4
      Partial area ratio:    4.03
      Required ratio:    6.00 (Gate area) 
      Cumulative area ratio:    4.99
      Required ratio:    0.00 (Cumulative area) 

    Layer: met5
      Partial area ratio:  274.74
      Required ratio:    0.00 (Gate area) 
      Cumulative area ratio:  287.66
      Required ratio:    0.00 (Cumulative area) 
      Partial area ratio:  416.83
      Required ratio: 2956.40 (Side area) 
      Cumulative area ratio:  463.03
      Required ratio:    0.00 (Cumulative side area) 



Net: _17525_
  Pin:   fanout788/A (sky130_fd_sc_hd__buf_4)
    Layer: mcon
      Partial area ratio:    0.12
      Required ratio:    3.00 (Gate area) 
      Cumulative area ratio:    0.12
      Required ratio:    0.00 (Cumulative area) 

    Layer: met1
      Partial area ratio:    4.27
      Required ratio:    0.00 (Gate area) 
      Cumulative area ratio:    4.27
      Required ratio:    0.00 (Cumulative area) 
      Partial area ratio:   20.85
      Required ratio: 2773.88 (Side area) 
      Cumulative area ratio:   20.85
      Required ratio:    0.00 (Cumulative side area) 

    Layer: via
      Partial area ratio:    0.10
      Required ratio:   21.65 (Gate area) 
      Cumulative area ratio:    0.22
      Required ratio:    0.00 (Cumulative area) 

    Layer: met2
      Partial area ratio:    0.40
      Required ratio:    0.00 (Gate area) 
      Cumulative area ratio:    4.67
      Required ratio:    0.00 (Cumulative area) 
      Partial area ratio:    1.86
      Required ratio: 2773.88 (Side area) 
      Cumulative area ratio:   22.70
      Required ratio:    0.00 (Cumulative side area) 

    Layer: via2
      Partial area ratio:    0.06
      Required ratio:   21.65 (Gate area) 
      Cumulative area ratio:    0.27
      Required ratio:    0.00 (Cumulative area) 

    Layer: met3
      Partial area ratio:   39.55
      Required ratio:    0.00 (Gate area) 
      Cumulative area ratio:   44.22
      Required ratio:    0.00 (Cumulative area) 
      Partial area ratio:  211.92
      Required ratio: 3654.20 (Side area) 
      Cumulative area ratio:  234.62
      Required ratio:    0.00 (Cumulative side area) 

    Layer: via3
      Partial area ratio:    0.01
      Required ratio:  100.88 (Gate area) 
      Cumulative area ratio:    0.29
      Required ratio:    0.00 (Cumulative area) 

    Layer: met4
      Partial area ratio:    0.50
      Required ratio:    0.00 (Gate area) 
      Cumulative area ratio:   44.71
      Required ratio:    0.00 (Cumulative area) 
      Partial area ratio:    1.35
      Required ratio: 3654.20 (Side area) 
      Cumulative area ratio:  235.97
      Required ratio:    0.00 (Cumulative side area) 

    Layer: via4
      Partial area ratio:    0.23
      Required ratio:  100.88 (Gate area) 
      Cumulative area ratio:    0.52
      Required ratio:    0.00 (Cumulative area) 

    Layer: met5
      Partial area ratio:    4.61
      Required ratio:    0.00 (Gate area) 
      Cumulative area ratio:   49.32
      Required ratio:    0.00 (Cumulative area) 
      Partial area ratio:    8.21
      Required ratio: 3654.20 (Side area) 
      Cumulative area ratio:  244.18
      Required ratio:    0.00 (Cumulative side area) 


  Pin:   fanout789/A (sky130_fd_sc_hd__buf_2)
    Layer: mcon
      Partial area ratio:    0.18
      Required ratio:    3.00 (Gate area) 
      Cumulative area ratio:    0.18
      Required ratio:    0.00 (Cumulative area) 

    Layer: met1
      Partial area ratio:    5.61
      Required ratio:    0.00 (Gate area) 
      Cumulative area ratio:    5.61
      Required ratio:    0.00 (Cumulative area) 
      Partial area ratio:   26.86
      Required ratio:  400.00 (Side area) 
      Cumulative area ratio:   26.86
      Required ratio:    0.00 (Cumulative side area) 

    Layer: via
      Partial area ratio:    0.28
      Required ratio:    6.00 (Gate area) 
      Cumulative area ratio:    0.46
      Required ratio:    0.00 (Cumulative area) 

    Layer: met2
      Partial area ratio:    1.17
      Required ratio:    0.00 (Gate area) 
      Cumulative area ratio:    6.78
      Required ratio:    0.00 (Cumulative area) 
      Partial area ratio:    5.42
      Required ratio:  400.00 (Side area) 
      Cumulative area ratio:   32.28
      Required ratio:    0.00 (Cumulative side area) 

    Layer: via2
      Partial area ratio:    0.25
      Required ratio:    6.00 (Gate area) 
      Cumulative area ratio:    0.72
      Required ratio:    0.00 (Cumulative area) 

    Layer: met3
      Partial area ratio:    0.79
      Required ratio:    0.00 (Gate area) 
      Cumulative area ratio:    7.57
      Required ratio:    0.00 (Cumulative area) 
      Partial area ratio:    7.14
      Required ratio:  400.00 (Side area) 
      Cumulative area ratio:   39.42
      Required ratio:    0.00 (Cumulative side area) 

    Layer: via3
      Partial area ratio:    0.25
      Required ratio:    6.00 (Gate area) 
      Cumulative area ratio:    0.97
      Required ratio:    0.00 (Cumulative area) 

    Layer: met4
      Partial area ratio:  282.16
      Required ratio:    0.00 (Gate area) 
      Cumulative area ratio:  289.73
      Required ratio:    0.00 (Cumulative area) 
      Partial area ratio: 1484.83
      Required ratio:  400.00 (Side area) (VIOLATED)
      Cumulative area ratio: 1524.25
      Required ratio:    0.00 (Cumulative side area) 

    Layer: via4
      Partial area ratio:    4.03
      Required ratio:    6.00 (Gate area) 
      Cumulative area ratio:    4.99
      Required ratio:    0.00 (Cumulative area) 

    Layer: met5
      Partial area ratio:    4.61
      Required ratio:    0.00 (Gate area) 
      Cumulative area ratio:  294.33
      Required ratio:    0.00 (Cumulative area) 
      Partial area ratio:    8.21
      Required ratio: 3654.20 (Side area) 
      Cumulative area ratio: 1532.47
      Required ratio:    0.00 (Cumulative side area) 


  Pin:   fanout790/A (sky130_fd_sc_hd__clkbuf_4)
    Layer: mcon
      Partial area ratio:    0.14
      Required ratio:    3.00 (Gate area) 
      Cumulative area ratio:    0.14
      Required ratio:    0.00 (Cumulative area) 

    Layer: met1
      Partial area ratio:    1.39
      Required ratio:    0.00 (Gate area) 
      Cumulative area ratio:    1.39
      Required ratio:    0.00 (Cumulative area) 
      Partial area ratio:    6.47
      Required ratio: 2947.76 (Side area) 
      Cumulative area ratio:    6.47
      Required ratio:    0.00 (Cumulative side area) 

    Layer: via
      Partial area ratio:    0.08
      Required ratio:   37.30 (Gate area) 
      Cumulative area ratio:    0.22
      Required ratio:    0.00 (Cumulative area) 

    Layer: met2
      Partial area ratio:    0.29
      Required ratio:    0.00 (Gate area) 
      Cumulative area ratio:    1.68
      Required ratio:    0.00 (Cumulative area) 
      Partial area ratio:    1.26
      Required ratio: 2947.76 (Side area) 
      Cumulative area ratio:    7.73
      Required ratio:    0.00 (Cumulative side area) 

    Layer: via2
      Partial area ratio:    0.04
      Required ratio:   37.30 (Gate area) 
      Cumulative area ratio:    0.25
      Required ratio:    0.00 (Cumulative area) 

    Layer: met3
      Partial area ratio:   39.55
      Required ratio:    0.00 (Gate area) 
      Cumulative area ratio:   41.23
      Required ratio:    0.00 (Cumulative area) 
      Partial area ratio:  211.92
      Required ratio: 3654.20 (Side area) 
      Cumulative area ratio:  219.65
      Required ratio:    0.00 (Cumulative side area) 

    Layer: via3
      Partial area ratio:    0.01
      Required ratio:  100.88 (Gate area) 
      Cumulative area ratio:    0.27
      Required ratio:    0.00 (Cumulative area) 

    Layer: met4
      Partial area ratio:    0.50
      Required ratio:    0.00 (Gate area) 
      Cumulative area ratio:   41.72
      Required ratio:    0.00 (Cumulative area) 
      Partial area ratio:    1.35
      Required ratio: 3654.20 (Side area) 
      Cumulative area ratio:  221.00
      Required ratio:    0.00 (Cumulative side area) 

    Layer: via4
      Partial area ratio:    0.23
      Required ratio:  100.88 (Gate area) 
      Cumulative area ratio:    0.50
      Required ratio:    0.00 (Cumulative area) 

    Layer: met5
      Partial area ratio:    4.61
      Required ratio:    0.00 (Gate area) 
      Cumulative area ratio:   46.33
      Required ratio:    0.00 (Cumulative area) 
      Partial area ratio:    8.21
      Required ratio: 3654.20 (Side area) 
      Cumulative area ratio:  229.21
      Required ratio:    0.00 (Cumulative side area) 


  Pin:   fanout791/A (sky130_fd_sc_hd__buf_2)
    Layer: mcon
      Partial area ratio:    0.18
      Required ratio:    3.00 (Gate area) 
      Cumulative area ratio:    0.18
      Required ratio:    0.00 (Cumulative area) 

    Layer: met1
      Partial area ratio:    0.46
      Required ratio:    0.00 (Gate area) 
      Cumulative area ratio:    0.46
      Required ratio:    0.00 (Cumulative area) 
      Partial area ratio:    1.97
      Required ratio: 2773.88 (Side area) 
      Cumulative area ratio:    1.97
      Required ratio:    0.00 (Cumulative side area) 

    Layer: via
      Partial area ratio:    0.08
      Required ratio:   21.65 (Gate area) 
      Cumulative area ratio:    0.26
      Required ratio:    0.00 (Cumulative area) 

    Layer: met2
      Partial area ratio:    0.31
      Required ratio:    0.00 (Gate area) 
      Cumulative area ratio:    0.77
      Required ratio:    0.00 (Cumulative area) 
      Partial area ratio:    1.45
      Required ratio: 2773.88 (Side area) 
      Cumulative area ratio:    3.42
      Required ratio:    0.00 (Cumulative side area) 

    Layer: via2
      Partial area ratio:    0.07
      Required ratio:   21.65 (Gate area) 
      Cumulative area ratio:    0.32
      Required ratio:    0.00 (Cumulative area) 

    Layer: met3
      Partial area ratio:   39.55
      Required ratio:    0.00 (Gate area) 
      Cumulative area ratio:   40.32
      Required ratio:    0.00 (Cumulative area) 
      Partial area ratio:  211.92
      Required ratio: 3654.20 (Side area) 
      Cumulative area ratio:  215.33
      Required ratio:    0.00 (Cumulative side area) 

    Layer: via3
      Partial area ratio:    0.01
      Required ratio:  100.88 (Gate area) 
      Cumulative area ratio:    0.34
      Required ratio:    0.00 (Cumulative area) 

    Layer: met4
      Partial area ratio:    0.50
      Required ratio:    0.00 (Gate area) 
      Cumulative area ratio:   40.81
      Required ratio:    0.00 (Cumulative area) 
      Partial area ratio:    1.35
      Required ratio: 3654.20 (Side area) 
      Cumulative area ratio:  216.68
      Required ratio:    0.00 (Cumulative side area) 

    Layer: via4
      Partial area ratio:    0.23
      Required ratio:  100.88 (Gate area) 
      Cumulative area ratio:    0.57
      Required ratio:    0.00 (Cumulative area) 

    Layer: met5
      Partial area ratio:    4.61
      Required ratio:    0.00 (Gate area) 
      Cumulative area ratio:   45.42
      Required ratio:    0.00 (Cumulative area) 
      Partial area ratio:    8.21
      Required ratio: 3654.20 (Side area) 
      Cumulative area ratio:  224.89
      Required ratio:    0.00 (Cumulative side area) 


  Pin:   ANTENNA_71/DIODE (sky130_fd_sc_hd__diode_2)
    Layer: mcon
      Partial area ratio:    0.07
      Required ratio:   10.82 (Gate area) 
      Cumulative area ratio:    0.07
      Required ratio:    0.00 (Cumulative area) 

    Layer: met1
      Partial area ratio:    1.39
      Required ratio:    0.00 (Gate area) 
      Cumulative area ratio:    1.39
      Required ratio:    0.00 (Cumulative area) 
      Partial area ratio:    6.47
      Required ratio: 2947.76 (Side area) 
      Cumulative area ratio:    6.47
      Required ratio:    0.00 (Cumulative side area) 

    Layer: via
      Partial area ratio:    0.08
      Required ratio:   37.30 (Gate area) 
      Cumulative area ratio:    0.15
      Required ratio:    0.00 (Cumulative area) 

    Layer: met2
      Partial area ratio:    0.29
      Required ratio:    0.00 (Gate area) 
      Cumulative area ratio:    1.68
      Required ratio:    0.00 (Cumulative area) 
      Partial area ratio:    1.26
      Required ratio: 2947.76 (Side area) 
      Cumulative area ratio:    7.73
      Required ratio:    0.00 (Cumulative side area) 

    Layer: via2
      Partial area ratio:    0.04
      Required ratio:   37.30 (Gate area) 
      Cumulative area ratio:    0.19
      Required ratio:    0.00 (Cumulative area) 

    Layer: met3
      Partial area ratio:   39.55
      Required ratio:    0.00 (Gate area) 
      Cumulative area ratio:   41.23
      Required ratio:    0.00 (Cumulative area) 
      Partial area ratio:  211.92
      Required ratio: 3654.20 (Side area) 
      Cumulative area ratio:  219.65
      Required ratio:    0.00 (Cumulative side area) 

    Layer: via3
      Partial area ratio:    0.01
      Required ratio:  100.88 (Gate area) 
      Cumulative area ratio:    0.20
      Required ratio:    0.00 (Cumulative area) 

    Layer: met4
      Partial area ratio:    0.50
      Required ratio:    0.00 (Gate area) 
      Cumulative area ratio:   41.72
      Required ratio:    0.00 (Cumulative area) 
      Partial area ratio:    1.35
      Required ratio: 3654.20 (Side area) 
      Cumulative area ratio:  221.00
      Required ratio:    0.00 (Cumulative side area) 

    Layer: via4
      Partial area ratio:    0.23
      Required ratio:  100.88 (Gate area) 
      Cumulative area ratio:    0.43
      Required ratio:    0.00 (Cumulative area) 

    Layer: met5
      Partial area ratio:    4.61
      Required ratio:    0.00 (Gate area) 
      Cumulative area ratio:   46.33
      Required ratio:    0.00 (Cumulative area) 
      Partial area ratio:    8.21
      Required ratio: 3654.20 (Side area) 
      Cumulative area ratio:  229.21
      Required ratio:    0.00 (Cumulative side area) 


  Pin:   ANTENNA_72/DIODE (sky130_fd_sc_hd__diode_2)
    Layer: mcon
      Partial area ratio:    0.07
      Required ratio:   10.82 (Gate area) 
      Cumulative area ratio:    0.07
      Required ratio:    0.00 (Cumulative area) 

    Layer: met1
      Partial area ratio:    1.39
      Required ratio:    0.00 (Gate area) 
      Cumulative area ratio:    1.39
      Required ratio:    0.00 (Cumulative area) 
      Partial area ratio:    6.47
      Required ratio: 2947.76 (Side area) 
      Cumulative area ratio:    6.47
      Required ratio:    0.00 (Cumulative side area) 

    Layer: via
      Partial area ratio:    0.08
      Required ratio:   37.30 (Gate area) 
      Cumulative area ratio:    0.15
      Required ratio:    0.00 (Cumulative area) 

    Layer: met2
      Partial area ratio:    0.29
      Required ratio:    0.00 (Gate area) 
      Cumulative area ratio:    1.68
      Required ratio:    0.00 (Cumulative area) 
      Partial area ratio:    1.26
      Required ratio: 2947.76 (Side area) 
      Cumulative area ratio:    7.73
      Required ratio:    0.00 (Cumulative side area) 

    Layer: via2
      Partial area ratio:    0.04
      Required ratio:   37.30 (Gate area) 
      Cumulative area ratio:    0.19
      Required ratio:    0.00 (Cumulative area) 

    Layer: met3
      Partial area ratio:   39.55
      Required ratio:    0.00 (Gate area) 
      Cumulative area ratio:   41.23
      Required ratio:    0.00 (Cumulative area) 
      Partial area ratio:  211.92
      Required ratio: 3654.20 (Side area) 
      Cumulative area ratio:  219.65
      Required ratio:    0.00 (Cumulative side area) 

    Layer: via3
      Partial area ratio:    0.01
      Required ratio:  100.88 (Gate area) 
      Cumulative area ratio:    0.20
      Required ratio:    0.00 (Cumulative area) 

    Layer: met4
      Partial area ratio:    0.50
      Required ratio:    0.00 (Gate area) 
      Cumulative area ratio:   41.72
      Required ratio:    0.00 (Cumulative area) 
      Partial area ratio:    1.35
      Required ratio: 3654.20 (Side area) 
      Cumulative area ratio:  221.00
      Required ratio:    0.00 (Cumulative side area) 

    Layer: via4
      Partial area ratio:    0.23
      Required ratio:  100.88 (Gate area) 
      Cumulative area ratio:    0.43
      Required ratio:    0.00 (Cumulative area) 

    Layer: met5
      Partial area ratio:    4.61
      Required ratio:    0.00 (Gate area) 
      Cumulative area ratio:   46.33
      Required ratio:    0.00 (Cumulative area) 
      Partial area ratio:    8.21
      Required ratio: 3654.20 (Side area) 
      Cumulative area ratio:  229.21
      Required ratio:    0.00 (Cumulative side area) 


  Pin:   ANTENNA_73/DIODE (sky130_fd_sc_hd__diode_2)
    Layer: mcon
      Partial area ratio:    0.07
      Required ratio:   10.82 (Gate area) 
      Cumulative area ratio:    0.07
      Required ratio:    0.00 (Cumulative area) 

    Layer: met1
      Partial area ratio:    1.90
      Required ratio:    0.00 (Gate area) 
      Cumulative area ratio:    1.90
      Required ratio:    0.00 (Cumulative area) 
      Partial area ratio:    9.07
      Required ratio: 2773.88 (Side area) 
      Cumulative area ratio:    9.07
      Required ratio:    0.00 (Cumulative side area) 

    Layer: via
      Partial area ratio:    0.10
      Required ratio:   21.65 (Gate area) 
      Cumulative area ratio:    0.17
      Required ratio:    0.00 (Cumulative area) 

    Layer: met2
      Partial area ratio:    2.73
      Required ratio:    0.00 (Gate area) 
      Cumulative area ratio:    4.63
      Required ratio:    0.00 (Cumulative area) 
      Partial area ratio:   13.24
      Required ratio: 2773.88 (Side area) 
      Cumulative area ratio:   22.32
      Required ratio:    0.00 (Cumulative side area) 

    Layer: via2
      Partial area ratio:    0.09
      Required ratio:   21.65 (Gate area) 
      Cumulative area ratio:    0.26
      Required ratio:    0.00 (Cumulative area) 

    Layer: met3
      Partial area ratio:   39.55
      Required ratio:    0.00 (Gate area) 
      Cumulative area ratio:   44.18
      Required ratio:    0.00 (Cumulative area) 
      Partial area ratio:  211.92
      Required ratio: 3654.20 (Side area) 
      Cumulative area ratio:  234.23
      Required ratio:    0.00 (Cumulative side area) 

    Layer: via3
      Partial area ratio:    0.01
      Required ratio:  100.88 (Gate area) 
      Cumulative area ratio:    0.28
      Required ratio:    0.00 (Cumulative area) 

    Layer: met4
      Partial area ratio:    0.50
      Required ratio:    0.00 (Gate area) 
      Cumulative area ratio:   44.68
      Required ratio:    0.00 (Cumulative area) 
      Partial area ratio:    1.35
      Required ratio: 3654.20 (Side area) 
      Cumulative area ratio:  235.59
      Required ratio:    0.00 (Cumulative side area) 

    Layer: via4
      Partial area ratio:    0.23
      Required ratio:  100.88 (Gate area) 
      Cumulative area ratio:    0.51
      Required ratio:    0.00 (Cumulative area) 

    Layer: met5
      Partial area ratio:    4.61
      Required ratio:    0.00 (Gate area) 
      Cumulative area ratio:   49.28
      Required ratio:    0.00 (Cumulative area) 
      Partial area ratio:    8.21
      Required ratio: 3654.20 (Side area) 
      Cumulative area ratio:  243.80
      Required ratio:    0.00 (Cumulative side area) 


  Pin:   ANTENNA_348/DIODE (sky130_fd_sc_hd__diode_2)
    Layer: mcon
      Partial area ratio:    0.07
      Required ratio:   10.82 (Gate area) 
      Cumulative area ratio:    0.07
      Required ratio:    0.00 (Cumulative area) 

    Layer: met1
      Partial area ratio:    4.27
      Required ratio:    0.00 (Gate area) 
      Cumulative area ratio:    4.27
      Required ratio:    0.00 (Cumulative area) 
      Partial area ratio:   20.85
      Required ratio: 2773.88 (Side area) 
      Cumulative area ratio:   20.85
      Required ratio:    0.00 (Cumulative side area) 

    Layer: via
      Partial area ratio:    0.10
      Required ratio:   21.65 (Gate area) 
      Cumulative area ratio:    0.17
      Required ratio:    0.00 (Cumulative area) 

    Layer: met2
      Partial area ratio:    0.40
      Required ratio:    0.00 (Gate area) 
      Cumulative area ratio:    4.67
      Required ratio:    0.00 (Cumulative area) 
      Partial area ratio:    1.86
      Required ratio: 2773.88 (Side area) 
      Cumulative area ratio:   22.70
      Required ratio:    0.00 (Cumulative side area) 

    Layer: via2
      Partial area ratio:    0.06
      Required ratio:   21.65 (Gate area) 
      Cumulative area ratio:    0.22
      Required ratio:    0.00 (Cumulative area) 

    Layer: met3
      Partial area ratio:   39.55
      Required ratio:    0.00 (Gate area) 
      Cumulative area ratio:   44.22
      Required ratio:    0.00 (Cumulative area) 
      Partial area ratio:  211.92
      Required ratio: 3654.20 (Side area) 
      Cumulative area ratio:  234.62
      Required ratio:    0.00 (Cumulative side area) 

    Layer: via3
      Partial area ratio:    0.01
      Required ratio:  100.88 (Gate area) 
      Cumulative area ratio:    0.24
      Required ratio:    0.00 (Cumulative area) 

    Layer: met4
      Partial area ratio:    0.50
      Required ratio:    0.00 (Gate area) 
      Cumulative area ratio:   44.71
      Required ratio:    0.00 (Cumulative area) 
      Partial area ratio:    1.35
      Required ratio: 3654.20 (Side area) 
      Cumulative area ratio:  235.97
      Required ratio:    0.00 (Cumulative side area) 

    Layer: via4
      Partial area ratio:    0.23
      Required ratio:  100.88 (Gate area) 
      Cumulative area ratio:    0.47
      Required ratio:    0.00 (Cumulative area) 

    Layer: met5
      Partial area ratio:    4.61
      Required ratio:    0.00 (Gate area) 
      Cumulative area ratio:   49.32
      Required ratio:    0.00 (Cumulative area) 
      Partial area ratio:    8.21
      Required ratio: 3654.20 (Side area) 
      Cumulative area ratio:  244.18
      Required ratio:    0.00 (Cumulative side area) 


  Pin:   ANTENNA_349/DIODE (sky130_fd_sc_hd__diode_2)
    Layer: mcon
      Partial area ratio:    0.07
      Required ratio:   10.82 (Gate area) 
      Cumulative area ratio:    0.07
      Required ratio:    0.00 (Cumulative area) 

    Layer: met1
      Partial area ratio:    0.46
      Required ratio:    0.00 (Gate area) 
      Cumulative area ratio:    0.46
      Required ratio:    0.00 (Cumulative area) 
      Partial area ratio:    1.97
      Required ratio: 2773.88 (Side area) 
      Cumulative area ratio:    1.97
      Required ratio:    0.00 (Cumulative side area) 

    Layer: via
      Partial area ratio:    0.08
      Required ratio:   21.65 (Gate area) 
      Cumulative area ratio:    0.14
      Required ratio:    0.00 (Cumulative area) 

    Layer: met2
      Partial area ratio:    0.31
      Required ratio:    0.00 (Gate area) 
      Cumulative area ratio:    0.77
      Required ratio:    0.00 (Cumulative area) 
      Partial area ratio:    1.45
      Required ratio: 2773.88 (Side area) 
      Cumulative area ratio:    3.42
      Required ratio:    0.00 (Cumulative side area) 

    Layer: via2
      Partial area ratio:    0.07
      Required ratio:   21.65 (Gate area) 
      Cumulative area ratio:    0.21
      Required ratio:    0.00 (Cumulative area) 

    Layer: met3
      Partial area ratio:   39.55
      Required ratio:    0.00 (Gate area) 
      Cumulative area ratio:   40.32
      Required ratio:    0.00 (Cumulative area) 
      Partial area ratio:  211.92
      Required ratio: 3654.20 (Side area) 
      Cumulative area ratio:  215.33
      Required ratio:    0.00 (Cumulative side area) 

    Layer: via3
      Partial area ratio:    0.01
      Required ratio:  100.88 (Gate area) 
      Cumulative area ratio:    0.22
      Required ratio:    0.00 (Cumulative area) 

    Layer: met4
      Partial area ratio:    0.50
      Required ratio:    0.00 (Gate area) 
      Cumulative area ratio:   40.81
      Required ratio:    0.00 (Cumulative area) 
      Partial area ratio:    1.35
      Required ratio: 3654.20 (Side area) 
      Cumulative area ratio:  216.68
      Required ratio:    0.00 (Cumulative side area) 

    Layer: via4
      Partial area ratio:    0.23
      Required ratio:  100.88 (Gate area) 
      Cumulative area ratio:    0.45
      Required ratio:    0.00 (Cumulative area) 

    Layer: met5
      Partial area ratio:    4.61
      Required ratio:    0.00 (Gate area) 
      Cumulative area ratio:   45.42
      Required ratio:    0.00 (Cumulative area) 
      Partial area ratio:    8.21
      Required ratio: 3654.20 (Side area) 
      Cumulative area ratio:  224.89
      Required ratio:    0.00 (Cumulative side area) 



Net: _17725_
  Pin:   fanout566/A (sky130_fd_sc_hd__buf_4)
    Layer: mcon
      Partial area ratio:    0.12
      Required ratio:    3.00 (Gate area) 
      Cumulative area ratio:    0.12
      Required ratio:    0.00 (Cumulative area) 

    Layer: met1
      Partial area ratio:    7.26
      Required ratio:    0.00 (Gate area) 
      Cumulative area ratio:    7.26
      Required ratio:    0.00 (Cumulative area) 
      Partial area ratio:   35.13
      Required ratio:  400.00 (Side area) 
      Cumulative area ratio:   35.13
      Required ratio:    0.00 (Cumulative side area) 

    Layer: via
      Partial area ratio:    0.27
      Required ratio:    6.00 (Gate area) 
      Cumulative area ratio:    0.39
      Required ratio:    0.00 (Cumulative area) 

    Layer: met2
      Partial area ratio:    5.22
      Required ratio:    0.00 (Gate area) 
      Cumulative area ratio:   12.48
      Required ratio:    0.00 (Cumulative area) 
      Partial area ratio:   25.10
      Required ratio:  400.00 (Side area) 
      Cumulative area ratio:   60.23
      Required ratio:    0.00 (Cumulative side area) 

    Layer: via2
      Partial area ratio:    0.32
      Required ratio:    6.00 (Gate area) 
      Cumulative area ratio:    0.71
      Required ratio:    0.00 (Cumulative area) 

    Layer: met3
      Partial area ratio:  101.37
      Required ratio:    0.00 (Gate area) 
      Cumulative area ratio:  113.85
      Required ratio:    0.00 (Cumulative area) 
      Partial area ratio:  544.39
      Required ratio:  400.00 (Side area) (VIOLATED)
      Cumulative area ratio:  604.62
      Required ratio:    0.00 (Cumulative side area) 

    Layer: via3
      Partial area ratio:    0.32
      Required ratio:    6.00 (Gate area) 
      Cumulative area ratio:    1.04
      Required ratio:    0.00 (Cumulative area) 

    Layer: met4
      Partial area ratio:   31.00
      Required ratio:    0.00 (Gate area) 
      Cumulative area ratio:  144.85
      Required ratio:    0.00 (Cumulative area) 
      Partial area ratio:  162.76
      Required ratio: 3270.68 (Side area) 
      Cumulative area ratio:  767.38
      Required ratio:    0.00 (Cumulative side area) 

    Layer: via4
      Partial area ratio:    0.61
      Required ratio:   66.36 (Gate area) 
      Cumulative area ratio:    1.64
      Required ratio:    0.00 (Cumulative area) 

    Layer: met5
      Partial area ratio:   44.37
      Required ratio:    0.00 (Gate area) 
      Cumulative area ratio:  189.22
      Required ratio:    0.00 (Cumulative area) 
      Partial area ratio:   69.51
      Required ratio: 3270.68 (Side area) 
      Cumulative area ratio:  836.89
      Required ratio:    0.00 (Cumulative side area) 


  Pin:   fanout567/A (sky130_fd_sc_hd__clkbuf_2)
    Layer: mcon
      Partial area ratio:    0.14
      Required ratio:    3.00 (Gate area) 
      Cumulative area ratio:    0.14
      Required ratio:    0.00 (Cumulative area) 

    Layer: met1
      Partial area ratio:    7.22
      Required ratio:    0.00 (Gate area) 
      Cumulative area ratio:    7.22
      Required ratio:    0.00 (Cumulative area) 
      Partial area ratio:   34.74
      Required ratio:  400.00 (Side area) 
      Cumulative area ratio:   34.74
      Required ratio:    0.00 (Cumulative side area) 

    Layer: via
      Partial area ratio:    0.32
      Required ratio:    6.00 (Gate area) 
      Cumulative area ratio:    0.45
      Required ratio:    0.00 (Cumulative area) 

    Layer: met2
      Partial area ratio:   15.13
      Required ratio:    0.00 (Gate area) 
      Cumulative area ratio:   22.36
      Required ratio:    0.00 (Cumulative area) 
      Partial area ratio:   74.52
      Required ratio:  400.00 (Side area) 
      Cumulative area ratio:  109.26
      Required ratio:    0.00 (Cumulative side area) 

    Layer: via2
      Partial area ratio:    0.38
      Required ratio:    6.00 (Gate area) 
      Cumulative area ratio:    0.83
      Required ratio:    0.00 (Cumulative area) 

    Layer: met3
      Partial area ratio:   33.66
      Required ratio:    0.00 (Gate area) 
      Cumulative area ratio:   56.02
      Required ratio:    0.00 (Cumulative area) 
      Partial area ratio:  180.69
      Required ratio: 2773.88 (Side area) 
      Cumulative area ratio:  289.94
      Required ratio:    0.00 (Cumulative side area) 

    Layer: via3
      Partial area ratio:    0.05
      Required ratio:   21.65 (Gate area) 
      Cumulative area ratio:    0.88
      Required ratio:    0.00 (Cumulative area) 

    Layer: met4
      Partial area ratio:   31.00
      Required ratio:    0.00 (Gate area) 
      Cumulative area ratio:   87.02
      Required ratio:    0.00 (Cumulative area) 
      Partial area ratio:  162.76
      Required ratio: 3270.68 (Side area) 
      Cumulative area ratio:  452.70
      Required ratio:    0.00 (Cumulative side area) 

    Layer: via4
      Partial area ratio:    0.61
      Required ratio:   66.36 (Gate area) 
      Cumulative area ratio:    1.48
      Required ratio:    0.00 (Cumulative area) 

    Layer: met5
      Partial area ratio:   44.37
      Required ratio:    0.00 (Gate area) 
      Cumulative area ratio:  131.39
      Required ratio:    0.00 (Cumulative area) 
      Partial area ratio:   69.51
      Required ratio: 3270.68 (Side area) 
      Cumulative area ratio:  522.21
      Required ratio:    0.00 (Cumulative side area) 


  Pin:   fanout568/A (sky130_fd_sc_hd__buf_4)
    Layer: mcon
      Partial area ratio:    0.12
      Required ratio:    3.00 (Gate area) 
      Cumulative area ratio:    0.12
      Required ratio:    0.00 (Cumulative area) 

    Layer: met1
      Partial area ratio:    2.56
      Required ratio:    0.00 (Gate area) 
      Cumulative area ratio:    2.56
      Required ratio:    0.00 (Cumulative area) 
      Partial area ratio:   12.05
      Required ratio:  400.00 (Side area) 
      Cumulative area ratio:   12.05
      Required ratio:    0.00 (Cumulative side area) 

    Layer: via
      Partial area ratio:    0.18
      Required ratio:    6.00 (Gate area) 
      Cumulative area ratio:    0.30
      Required ratio:    0.00 (Cumulative area) 

    Layer: met2
      Partial area ratio:    0.75
      Required ratio:    0.00 (Gate area) 
      Cumulative area ratio:    3.31
      Required ratio:    0.00 (Cumulative area) 
      Partial area ratio:    3.48
      Required ratio:  400.00 (Side area) 
      Cumulative area ratio:   15.53
      Required ratio:    0.00 (Cumulative side area) 

    Layer: via2
      Partial area ratio:    0.16
      Required ratio:    6.00 (Gate area) 
      Cumulative area ratio:    0.46
      Required ratio:    0.00 (Cumulative area) 

    Layer: met3
      Partial area ratio:    0.50
      Required ratio:    0.00 (Gate area) 
      Cumulative area ratio:    3.82
      Required ratio:    0.00 (Cumulative area) 
      Partial area ratio:    4.59
      Required ratio:  400.00 (Side area) 
      Cumulative area ratio:   20.12
      Required ratio:    0.00 (Cumulative side area) 

    Layer: via3
      Partial area ratio:    0.16
      Required ratio:    6.00 (Gate area) 
      Cumulative area ratio:    0.62
      Required ratio:    0.00 (Cumulative area) 

    Layer: met4
      Partial area ratio:    5.63
      Required ratio:    0.00 (Gate area) 
      Cumulative area ratio:    9.44
      Required ratio:    0.00 (Cumulative area) 
      Partial area ratio:   15.26
      Required ratio:  400.00 (Side area) 
      Cumulative area ratio:   35.37
      Required ratio:    0.00 (Cumulative side area) 

    Layer: via4
      Partial area ratio:    2.59
      Required ratio:    6.00 (Gate area) 
      Cumulative area ratio:    3.21
      Required ratio:    0.00 (Cumulative area) 

    Layer: met5
      Partial area ratio:   44.37
      Required ratio:    0.00 (Gate area) 
      Cumulative area ratio:   53.82
      Required ratio:    0.00 (Cumulative area) 
      Partial area ratio:   69.51
      Required ratio: 3270.68 (Side area) 
      Cumulative area ratio:  104.88
      Required ratio:    0.00 (Cumulative side area) 


  Pin:   fanout569/A (sky130_fd_sc_hd__buf_2)
    Layer: mcon
      Partial area ratio:    0.18
      Required ratio:    3.00 (Gate area) 
      Cumulative area ratio:    0.18
      Required ratio:    0.00 (Cumulative area) 

    Layer: met1
      Partial area ratio:    7.55
      Required ratio:    0.00 (Gate area) 
      Cumulative area ratio:    7.55
      Required ratio:    0.00 (Cumulative area) 
      Partial area ratio:   37.15
      Required ratio: 2773.88 (Side area) 
      Cumulative area ratio:   37.15
      Required ratio:    0.00 (Cumulative side area) 

    Layer: via
      Partial area ratio:    0.11
      Required ratio:   21.65 (Gate area) 
      Cumulative area ratio:    0.30
      Required ratio:    0.00 (Cumulative area) 

    Layer: met2
      Partial area ratio:    5.39
      Required ratio:    0.00 (Gate area) 
      Cumulative area ratio:   12.95
      Required ratio:    0.00 (Cumulative area) 
      Partial area ratio:   26.65
      Required ratio: 2773.88 (Side area) 
      Cumulative area ratio:   63.80
      Required ratio:    0.00 (Cumulative side area) 

    Layer: via2
      Partial area ratio:    0.07
      Required ratio:   21.65 (Gate area) 
      Cumulative area ratio:    0.36
      Required ratio:    0.00 (Cumulative area) 

    Layer: met3
      Partial area ratio:   33.66
      Required ratio:    0.00 (Gate area) 
      Cumulative area ratio:   46.61
      Required ratio:    0.00 (Cumulative area) 
      Partial area ratio:  180.69
      Required ratio: 2773.88 (Side area) 
      Cumulative area ratio:  244.49
      Required ratio:    0.00 (Cumulative side area) 

    Layer: via3
      Partial area ratio:    0.05
      Required ratio:   21.65 (Gate area) 
      Cumulative area ratio:    0.41
      Required ratio:    0.00 (Cumulative area) 

    Layer: met4
      Partial area ratio:   31.00
      Required ratio:    0.00 (Gate area) 
      Cumulative area ratio:   77.61
      Required ratio:    0.00 (Cumulative area) 
      Partial area ratio:  162.76
      Required ratio: 3270.68 (Side area) 
      Cumulative area ratio:  407.25
      Required ratio:    0.00 (Cumulative side area) 

    Layer: via4
      Partial area ratio:    0.61
      Required ratio:   66.36 (Gate area) 
      Cumulative area ratio:    1.02
      Required ratio:    0.00 (Cumulative area) 

    Layer: met5
      Partial area ratio:   44.37
      Required ratio:    0.00 (Gate area) 
      Cumulative area ratio:  121.98
      Required ratio:    0.00 (Cumulative area) 
      Partial area ratio:   69.51
      Required ratio: 3270.68 (Side area) 
      Cumulative area ratio:  476.76
      Required ratio:    0.00 (Cumulative side area) 


  Pin:   ANTENNA_80/DIODE (sky130_fd_sc_hd__diode_2)
    Layer: mcon
      Partial area ratio:    0.07
      Required ratio:   10.82 (Gate area) 
      Cumulative area ratio:    0.07
      Required ratio:    0.00 (Cumulative area) 

    Layer: met1
      Partial area ratio:    7.55
      Required ratio:    0.00 (Gate area) 
      Cumulative area ratio:    7.55
      Required ratio:    0.00 (Cumulative area) 
      Partial area ratio:   37.15
      Required ratio: 2773.88 (Side area) 
      Cumulative area ratio:   37.15
      Required ratio:    0.00 (Cumulative side area) 

    Layer: via
      Partial area ratio:    0.11
      Required ratio:   21.65 (Gate area) 
      Cumulative area ratio:    0.18
      Required ratio:    0.00 (Cumulative area) 

    Layer: met2
      Partial area ratio:    5.39
      Required ratio:    0.00 (Gate area) 
      Cumulative area ratio:   12.95
      Required ratio:    0.00 (Cumulative area) 
      Partial area ratio:   26.65
      Required ratio: 2773.88 (Side area) 
      Cumulative area ratio:   63.80
      Required ratio:    0.00 (Cumulative side area) 

    Layer: via2
      Partial area ratio:    0.07
      Required ratio:   21.65 (Gate area) 
      Cumulative area ratio:    0.25
      Required ratio:    0.00 (Cumulative area) 

    Layer: met3
      Partial area ratio:   33.66
      Required ratio:    0.00 (Gate area) 
      Cumulative area ratio:   46.61
      Required ratio:    0.00 (Cumulative area) 
      Partial area ratio:  180.69
      Required ratio: 2773.88 (Side area) 
      Cumulative area ratio:  244.49
      Required ratio:    0.00 (Cumulative side area) 

    Layer: via3
      Partial area ratio:    0.05
      Required ratio:   21.65 (Gate area) 
      Cumulative area ratio:    0.30
      Required ratio:    0.00 (Cumulative area) 

    Layer: met4
      Partial area ratio:   31.00
      Required ratio:    0.00 (Gate area) 
      Cumulative area ratio:   77.61
      Required ratio:    0.00 (Cumulative area) 
      Partial area ratio:  162.76
      Required ratio: 3270.68 (Side area) 
      Cumulative area ratio:  407.25
      Required ratio:    0.00 (Cumulative side area) 

    Layer: via4
      Partial area ratio:    0.61
      Required ratio:   66.36 (Gate area) 
      Cumulative area ratio:    0.90
      Required ratio:    0.00 (Cumulative area) 

    Layer: met5
      Partial area ratio:   44.37
      Required ratio:    0.00 (Gate area) 
      Cumulative area ratio:  121.98
      Required ratio:    0.00 (Cumulative area) 
      Partial area ratio:   69.51
      Required ratio: 3270.68 (Side area) 
      Cumulative area ratio:  476.76
      Required ratio:    0.00 (Cumulative side area) 



Net: _17727_
  Pin:   fanout558/A (sky130_fd_sc_hd__buf_4)
    Layer: mcon
      Partial area ratio:    0.12
      Required ratio:    3.00 (Gate area) 
      Cumulative area ratio:    0.12
      Required ratio:    0.00 (Cumulative area) 

    Layer: met1
      Partial area ratio:    2.06
      Required ratio:    0.00 (Gate area) 
      Cumulative area ratio:    2.06
      Required ratio:    0.00 (Cumulative area) 
      Partial area ratio:    9.56
      Required ratio:  400.00 (Side area) 
      Cumulative area ratio:    9.56
      Required ratio:    0.00 (Cumulative side area) 

    Layer: via
      Partial area ratio:    0.18
      Required ratio:    6.00 (Gate area) 
      Cumulative area ratio:    0.30
      Required ratio:    0.00 (Cumulative area) 

    Layer: met2
      Partial area ratio:    0.75
      Required ratio:    0.00 (Gate area) 
      Cumulative area ratio:    2.82
      Required ratio:    0.00 (Cumulative area) 
      Partial area ratio:    3.48
      Required ratio:  400.00 (Side area) 
      Cumulative area ratio:   13.04
      Required ratio:    0.00 (Cumulative side area) 

    Layer: via2
      Partial area ratio:    0.16
      Required ratio:    6.00 (Gate area) 
      Cumulative area ratio:    0.46
      Required ratio:    0.00 (Cumulative area) 

    Layer: met3
      Partial area ratio:   92.53
      Required ratio:    0.00 (Gate area) 
      Cumulative area ratio:   95.35
      Required ratio:    0.00 (Cumulative area) 
      Partial area ratio:  495.35
      Required ratio:  400.00 (Side area) (VIOLATED)
      Cumulative area ratio:  508.39
      Required ratio:    0.00 (Cumulative side area) 

    Layer: via3
      Partial area ratio:    0.32
      Required ratio:    6.00 (Gate area) 
      Cumulative area ratio:    0.78
      Required ratio:    0.00 (Cumulative area) 

    Layer: met4
      Partial area ratio:   53.00
      Required ratio:    0.00 (Gate area) 
      Cumulative area ratio:  148.35
      Required ratio:    0.00 (Cumulative area) 
      Partial area ratio:  276.22
      Required ratio: 2956.40 (Side area) 
      Cumulative area ratio:  784.61
      Required ratio:    0.00 (Cumulative side area) 

    Layer: via4
      Partial area ratio:    1.29
      Required ratio:   38.08 (Gate area) 
      Cumulative area ratio:    2.08
      Required ratio:    0.00 (Cumulative area) 

    Layer: met5
      Partial area ratio:   52.85
      Required ratio:    0.00 (Gate area) 
      Cumulative area ratio:  201.20
      Required ratio:    0.00 (Cumulative area) 
      Partial area ratio:   82.23
      Required ratio: 3130.28 (Side area) 
      Cumulative area ratio:  866.84
      Required ratio:    0.00 (Cumulative side area) 


  Pin:   fanout559/A (sky130_fd_sc_hd__clkbuf_2)
    Layer: mcon
      Partial area ratio:    0.14
      Required ratio:    3.00 (Gate area) 
      Cumulative area ratio:    0.14
      Required ratio:    0.00 (Cumulative area) 

    Layer: met1
      Partial area ratio:    4.68
      Required ratio:    0.00 (Gate area) 
      Cumulative area ratio:    4.68
      Required ratio:    0.00 (Cumulative area) 
      Partial area ratio:   22.53
      Required ratio:  400.00 (Side area) 
      Cumulative area ratio:   22.53
      Required ratio:    0.00 (Cumulative side area) 

    Layer: via
      Partial area ratio:    0.21
      Required ratio:    6.00 (Gate area) 
      Cumulative area ratio:    0.35
      Required ratio:    0.00 (Cumulative area) 

    Layer: met2
      Partial area ratio:    0.88
      Required ratio:    0.00 (Gate area) 
      Cumulative area ratio:    5.56
      Required ratio:    0.00 (Cumulative area) 
      Partial area ratio:    4.04
      Required ratio:  400.00 (Side area) 
      Cumulative area ratio:   26.57
      Required ratio:    0.00 (Cumulative side area) 

    Layer: via2
      Partial area ratio:    0.19
      Required ratio:    6.00 (Gate area) 
      Cumulative area ratio:    0.53
      Required ratio:    0.00 (Cumulative area) 

    Layer: met3
      Partial area ratio:    3.41
      Required ratio:    0.00 (Gate area) 
      Cumulative area ratio:    8.96
      Required ratio:    0.00 (Cumulative area) 
      Partial area ratio:   18.87
      Required ratio: 2773.88 (Side area) 
      Cumulative area ratio:   45.44
      Required ratio:    0.00 (Cumulative side area) 

    Layer: via3
      Partial area ratio:    0.12
      Required ratio:   21.65 (Gate area) 
      Cumulative area ratio:    0.66
      Required ratio:    0.00 (Cumulative area) 

    Layer: met4
      Partial area ratio:   24.82
      Required ratio:    0.00 (Gate area) 
      Cumulative area ratio:   33.78
      Required ratio:    0.00 (Cumulative area) 
      Partial area ratio:  128.43
      Required ratio: 2773.88 (Side area) 
      Cumulative area ratio:  173.88
      Required ratio:    0.00 (Cumulative side area) 

    Layer: via4
      Partial area ratio:    0.79
      Required ratio:   21.65 (Gate area) 
      Cumulative area ratio:    1.45
      Required ratio:    0.00 (Cumulative area) 

    Layer: met5
      Partial area ratio:   52.85
      Required ratio:    0.00 (Gate area) 
      Cumulative area ratio:   86.64
      Required ratio:    0.00 (Cumulative area) 
      Partial area ratio:   82.23
      Required ratio: 3130.28 (Side area) 
      Cumulative area ratio:  256.11
      Required ratio:    0.00 (Cumulative side area) 


  Pin:   fanout560/A (sky130_fd_sc_hd__buf_4)
    Layer: mcon
      Partial area ratio:    0.12
      Required ratio:    3.00 (Gate area) 
      Cumulative area ratio:    0.12
      Required ratio:    0.00 (Cumulative area) 

    Layer: met1
      Partial area ratio:    2.52
      Required ratio:    0.00 (Gate area) 
      Cumulative area ratio:    2.52
      Required ratio:    0.00 (Cumulative area) 
      Partial area ratio:   11.85
      Required ratio:  400.00 (Side area) 
      Cumulative area ratio:   11.85
      Required ratio:    0.00 (Cumulative side area) 

    Layer: via
      Partial area ratio:    0.18
      Required ratio:    6.00 (Gate area) 
      Cumulative area ratio:    0.30
      Required ratio:    0.00 (Cumulative area) 

    Layer: met2
      Partial area ratio:    9.05
      Required ratio:    0.00 (Gate area) 
      Cumulative area ratio:   11.57
      Required ratio:    0.00 (Cumulative area) 
      Partial area ratio:   44.49
      Required ratio:  400.00 (Side area) 
      Cumulative area ratio:   56.34
      Required ratio:    0.00 (Cumulative side area) 

    Layer: via2
      Partial area ratio:    0.16
      Required ratio:    6.00 (Gate area) 
      Cumulative area ratio:    0.46
      Required ratio:    0.00 (Cumulative area) 

    Layer: met3
      Partial area ratio:  126.93
      Required ratio:    0.00 (Gate area) 
      Cumulative area ratio:  138.50
      Required ratio:    0.00 (Cumulative area) 
      Partial area ratio:  682.63
      Required ratio: 2956.40 (Side area) 
      Cumulative area ratio:  738.97
      Required ratio:    0.00 (Cumulative side area) 

    Layer: via3
      Partial area ratio:    0.16
      Required ratio:   38.08 (Gate area) 
      Cumulative area ratio:    0.62
      Required ratio:    0.00 (Cumulative area) 

    Layer: met4
      Partial area ratio:   53.00
      Required ratio:    0.00 (Gate area) 
      Cumulative area ratio:  191.50
      Required ratio:    0.00 (Cumulative area) 
      Partial area ratio:  276.22
      Required ratio: 2956.40 (Side area) 
      Cumulative area ratio: 1015.19
      Required ratio:    0.00 (Cumulative side area) 

    Layer: via4
      Partial area ratio:    1.29
      Required ratio:   38.08 (Gate area) 
      Cumulative area ratio:    1.91
      Required ratio:    0.00 (Cumulative area) 

    Layer: met5
      Partial area ratio:   52.85
      Required ratio:    0.00 (Gate area) 
      Cumulative area ratio:  244.35
      Required ratio:    0.00 (Cumulative area) 
      Partial area ratio:   82.23
      Required ratio: 3130.28 (Side area) 
      Cumulative area ratio: 1097.42
      Required ratio:    0.00 (Cumulative side area) 


  Pin:   fanout561/A (sky130_fd_sc_hd__buf_2)
    Layer: mcon
      Partial area ratio:    0.18
      Required ratio:    3.00 (Gate area) 
      Cumulative area ratio:    0.18
      Required ratio:    0.00 (Cumulative area) 

    Layer: met1
      Partial area ratio:    4.94
      Required ratio:    0.00 (Gate area) 
      Cumulative area ratio:    4.94
      Required ratio:    0.00 (Cumulative area) 
      Partial area ratio:   23.54
      Required ratio:  400.00 (Side area) 
      Cumulative area ratio:   23.54
      Required ratio:    0.00 (Cumulative side area) 

    Layer: via
      Partial area ratio:    0.28
      Required ratio:    6.00 (Gate area) 
      Cumulative area ratio:    0.46
      Required ratio:    0.00 (Cumulative area) 

    Layer: met2
      Partial area ratio:    1.17
      Required ratio:    0.00 (Gate area) 
      Cumulative area ratio:    6.12
      Required ratio:    0.00 (Cumulative area) 
      Partial area ratio:    5.42
      Required ratio:  400.00 (Side area) 
      Cumulative area ratio:   28.96
      Required ratio:    0.00 (Cumulative side area) 

    Layer: via2
      Partial area ratio:    0.25
      Required ratio:    6.00 (Gate area) 
      Cumulative area ratio:    0.72
      Required ratio:    0.00 (Cumulative area) 

    Layer: met3
      Partial area ratio:  235.87
      Required ratio:    0.00 (Gate area) 
      Cumulative area ratio:  241.98
      Required ratio:    0.00 (Cumulative area) 
      Partial area ratio: 1263.85
      Required ratio:  400.00 (Side area) (VIOLATED)
      Cumulative area ratio: 1292.81
      Required ratio:    0.00 (Cumulative side area) 

    Layer: via3
      Partial area ratio:    0.25
      Required ratio:    6.00 (Gate area) 
      Cumulative area ratio:    0.97
      Required ratio:    0.00 (Cumulative area) 

    Layer: met4
      Partial area ratio:   24.82
      Required ratio:    0.00 (Gate area) 
      Cumulative area ratio:  266.81
      Required ratio:    0.00 (Cumulative area) 
      Partial area ratio:  128.43
      Required ratio: 2773.88 (Side area) 
      Cumulative area ratio: 1421.24
      Required ratio:    0.00 (Cumulative side area) 

    Layer: via4
      Partial area ratio:    0.79
      Required ratio:   21.65 (Gate area) 
      Cumulative area ratio:    1.76
      Required ratio:    0.00 (Cumulative area) 

    Layer: met5
      Partial area ratio:   52.85
      Required ratio:    0.00 (Gate area) 
      Cumulative area ratio:  319.66
      Required ratio:    0.00 (Cumulative area) 
      Partial area ratio:   82.23
      Required ratio: 3130.28 (Side area) 
      Cumulative area ratio: 1503.47
      Required ratio:    0.00 (Cumulative side area) 


  Pin:   ANTENNA_82/DIODE (sky130_fd_sc_hd__diode_2)
    Layer: mcon
      Partial area ratio:    0.07
      Required ratio:   10.82 (Gate area) 
      Cumulative area ratio:    0.07
      Required ratio:    0.00 (Cumulative area) 

    Layer: met1
      Partial area ratio:    1.94
      Required ratio:    0.00 (Gate area) 
      Cumulative area ratio:    1.94
      Required ratio:    0.00 (Cumulative area) 
      Partial area ratio:    9.27
      Required ratio: 2773.88 (Side area) 
      Cumulative area ratio:    9.27
      Required ratio:    0.00 (Cumulative side area) 

    Layer: via
      Partial area ratio:    0.10
      Required ratio:   21.65 (Gate area) 
      Cumulative area ratio:    0.17
      Required ratio:    0.00 (Cumulative area) 

    Layer: met2
      Partial area ratio:    0.43
      Required ratio:    0.00 (Gate area) 
      Cumulative area ratio:    2.37
      Required ratio:    0.00 (Cumulative area) 
      Partial area ratio:    1.98
      Required ratio: 2773.88 (Side area) 
      Cumulative area ratio:   11.25
      Required ratio:    0.00 (Cumulative side area) 

    Layer: via2
      Partial area ratio:    0.09
      Required ratio:   21.65 (Gate area) 
      Cumulative area ratio:    0.26
      Required ratio:    0.00 (Cumulative area) 

    Layer: met3
      Partial area ratio:    3.41
      Required ratio:    0.00 (Gate area) 
      Cumulative area ratio:    5.77
      Required ratio:    0.00 (Cumulative area) 
      Partial area ratio:   18.87
      Required ratio: 2773.88 (Side area) 
      Cumulative area ratio:   30.12
      Required ratio:    0.00 (Cumulative side area) 

    Layer: via3
      Partial area ratio:    0.12
      Required ratio:   21.65 (Gate area) 
      Cumulative area ratio:    0.39
      Required ratio:    0.00 (Cumulative area) 

    Layer: met4
      Partial area ratio:   24.82
      Required ratio:    0.00 (Gate area) 
      Cumulative area ratio:   30.60
      Required ratio:    0.00 (Cumulative area) 
      Partial area ratio:  128.43
      Required ratio: 2773.88 (Side area) 
      Cumulative area ratio:  158.56
      Required ratio:    0.00 (Cumulative side area) 

    Layer: via4
      Partial area ratio:    0.79
      Required ratio:   21.65 (Gate area) 
      Cumulative area ratio:    1.18
      Required ratio:    0.00 (Cumulative area) 

    Layer: met5
      Partial area ratio:   52.85
      Required ratio:    0.00 (Gate area) 
      Cumulative area ratio:   83.45
      Required ratio:    0.00 (Cumulative area) 
      Partial area ratio:   82.23
      Required ratio: 3130.28 (Side area) 
      Cumulative area ratio:  240.79
      Required ratio:    0.00 (Cumulative side area) 



Net: _17728_
  Pin:   fanout713/A (sky130_fd_sc_hd__buf_4)
    Layer: mcon
      Partial area ratio:    0.12
      Required ratio:    3.00 (Gate area) 
      Cumulative area ratio:    0.12
      Required ratio:    0.00 (Cumulative area) 

    Layer: met1
      Partial area ratio:    2.89
      Required ratio:    0.00 (Gate area) 
      Cumulative area ratio:    2.89
      Required ratio:    0.00 (Cumulative area) 
      Partial area ratio:   13.72
      Required ratio:  400.00 (Side area) 
      Cumulative area ratio:   13.72
      Required ratio:    0.00 (Cumulative side area) 

    Layer: via
      Partial area ratio:    0.18
      Required ratio:    6.00 (Gate area) 
      Cumulative area ratio:    0.30
      Required ratio:    0.00 (Cumulative area) 

    Layer: met2
      Partial area ratio:    0.75
      Required ratio:    0.00 (Gate area) 
      Cumulative area ratio:    3.65
      Required ratio:    0.00 (Cumulative area) 
      Partial area ratio:    3.48
      Required ratio:  400.00 (Side area) 
      Cumulative area ratio:   17.20
      Required ratio:    0.00 (Cumulative side area) 

    Layer: via2
      Partial area ratio:    0.16
      Required ratio:    6.00 (Gate area) 
      Cumulative area ratio:    0.46
      Required ratio:    0.00 (Cumulative area) 

    Layer: met3
      Partial area ratio:    0.50
      Required ratio:    0.00 (Gate area) 
      Cumulative area ratio:    4.15
      Required ratio:    0.00 (Cumulative area) 
      Partial area ratio:    4.59
      Required ratio:  400.00 (Side area) 
      Cumulative area ratio:   21.79
      Required ratio:    0.00 (Cumulative side area) 

    Layer: via3
      Partial area ratio:    0.16
      Required ratio:    6.00 (Gate area) 
      Cumulative area ratio:    0.62
      Required ratio:    0.00 (Cumulative area) 

    Layer: met4
      Partial area ratio:   38.61
      Required ratio:    0.00 (Gate area) 
      Cumulative area ratio:   42.76
      Required ratio:    0.00 (Cumulative area) 
      Partial area ratio:  191.13
      Required ratio:  400.00 (Side area) 
      Cumulative area ratio:  212.91
      Required ratio:    0.00 (Cumulative side area) 

    Layer: via4
      Partial area ratio:    2.59
      Required ratio:    6.00 (Gate area) 
      Cumulative area ratio:    3.21
      Required ratio:    0.00 (Cumulative area) 

    Layer: met5
      Partial area ratio:  267.30
      Required ratio:    0.00 (Gate area) 
      Cumulative area ratio:  310.06
      Required ratio:    0.00 (Cumulative area) 
      Partial area ratio:  409.61
      Required ratio: 2956.40 (Side area) 
      Cumulative area ratio:  622.52
      Required ratio:    0.00 (Cumulative side area) 


  Pin:   fanout714/A (sky130_fd_sc_hd__clkbuf_2)
    Layer: mcon
      Partial area ratio:    0.14
      Required ratio:    3.00 (Gate area) 
      Cumulative area ratio:    0.14
      Required ratio:    0.00 (Cumulative area) 

    Layer: met1
      Partial area ratio:    2.87
      Required ratio:    0.00 (Gate area) 
      Cumulative area ratio:    2.87
      Required ratio:    0.00 (Cumulative area) 
      Partial area ratio:   13.46
      Required ratio:  400.00 (Side area) 
      Cumulative area ratio:   13.46
      Required ratio:    0.00 (Cumulative side area) 

    Layer: via
      Partial area ratio:    0.21
      Required ratio:    6.00 (Gate area) 
      Cumulative area ratio:    0.35
      Required ratio:    0.00 (Cumulative area) 

    Layer: met2
      Partial area ratio:    0.88
      Required ratio:    0.00 (Gate area) 
      Cumulative area ratio:    3.74
      Required ratio:    0.00 (Cumulative area) 
      Partial area ratio:    4.04
      Required ratio:  400.00 (Side area) 
      Cumulative area ratio:   17.50
      Required ratio:    0.00 (Cumulative side area) 

    Layer: via2
      Partial area ratio:    0.19
      Required ratio:    6.00 (Gate area) 
      Cumulative area ratio:    0.53
      Required ratio:    0.00 (Cumulative area) 

    Layer: met3
      Partial area ratio:    0.59
      Required ratio:    0.00 (Gate area) 
      Cumulative area ratio:    4.33
      Required ratio:    0.00 (Cumulative area) 
      Partial area ratio:    5.33
      Required ratio:  400.00 (Side area) 
      Cumulative area ratio:   22.83
      Required ratio:    0.00 (Cumulative side area) 

    Layer: via3
      Partial area ratio:    0.19
      Required ratio:    6.00 (Gate area) 
      Cumulative area ratio:    0.72
      Required ratio:    0.00 (Cumulative area) 

    Layer: met4
      Partial area ratio:   15.70
      Required ratio:    0.00 (Gate area) 
      Cumulative area ratio:   20.03
      Required ratio:    0.00 (Cumulative area) 
      Partial area ratio:   66.59
      Required ratio:  400.00 (Side area) 
      Cumulative area ratio:   89.42
      Required ratio:    0.00 (Cumulative side area) 

    Layer: via4
      Partial area ratio:    3.00
      Required ratio:    6.00 (Gate area) 
      Cumulative area ratio:    3.73
      Required ratio:    0.00 (Cumulative area) 

    Layer: met5
      Partial area ratio:  267.30
      Required ratio:    0.00 (Gate area) 
      Cumulative area ratio:  287.33
      Required ratio:    0.00 (Cumulative area) 
      Partial area ratio:  409.61
      Required ratio: 2956.40 (Side area) 
      Cumulative area ratio:  499.04
      Required ratio:    0.00 (Cumulative side area) 


  Pin:   fanout715/A (sky130_fd_sc_hd__clkbuf_4)
    Layer: mcon
      Partial area ratio:    0.14
      Required ratio:    3.00 (Gate area) 
      Cumulative area ratio:    0.14
      Required ratio:    0.00 (Cumulative area) 

    Layer: met1
      Partial area ratio:    3.27
      Required ratio:    0.00 (Gate area) 
      Cumulative area ratio:    3.27
      Required ratio:    0.00 (Cumulative area) 
      Partial area ratio:   15.50
      Required ratio:  400.00 (Side area) 
      Cumulative area ratio:   15.50
      Required ratio:    0.00 (Cumulative side area) 

    Layer: via
      Partial area ratio:    0.21
      Required ratio:    6.00 (Gate area) 
      Cumulative area ratio:    0.35
      Required ratio:    0.00 (Cumulative area) 

    Layer: met2
      Partial area ratio:    0.88
      Required ratio:    0.00 (Gate area) 
      Cumulative area ratio:    4.15
      Required ratio:    0.00 (Cumulative area) 
      Partial area ratio:    4.04
      Required ratio:  400.00 (Side area) 
      Cumulative area ratio:   19.54
      Required ratio:    0.00 (Cumulative side area) 

    Layer: via2
      Partial area ratio:    0.19
      Required ratio:    6.00 (Gate area) 
      Cumulative area ratio:    0.53
      Required ratio:    0.00 (Cumulative area) 

    Layer: met3
      Partial area ratio:    0.59
      Required ratio:    0.00 (Gate area) 
      Cumulative area ratio:    4.74
      Required ratio:    0.00 (Cumulative area) 
      Partial area ratio:    5.33
      Required ratio:  400.00 (Side area) 
      Cumulative area ratio:   24.87
      Required ratio:    0.00 (Cumulative side area) 

    Layer: via3
      Partial area ratio:    0.19
      Required ratio:    6.00 (Gate area) 
      Cumulative area ratio:    0.72
      Required ratio:    0.00 (Cumulative area) 

    Layer: met4
      Partial area ratio:    6.54
      Required ratio:    0.00 (Gate area) 
      Cumulative area ratio:   11.27
      Required ratio:    0.00 (Cumulative area) 
      Partial area ratio:   17.73
      Required ratio:  400.00 (Side area) 
      Cumulative area ratio:   42.60
      Required ratio:    0.00 (Cumulative side area) 

    Layer: via4
      Partial area ratio:    3.00
      Required ratio:    6.00 (Gate area) 
      Cumulative area ratio:    3.73
      Required ratio:    0.00 (Cumulative area) 

    Layer: met5
      Partial area ratio:  267.30
      Required ratio:    0.00 (Gate area) 
      Cumulative area ratio:  278.57
      Required ratio:    0.00 (Cumulative area) 
      Partial area ratio:  409.61
      Required ratio: 2956.40 (Side area) 
      Cumulative area ratio:  452.21
      Required ratio:    0.00 (Cumulative side area) 


  Pin:   fanout716/A (sky130_fd_sc_hd__clkbuf_4)
    Layer: mcon
      Partial area ratio:    0.14
      Required ratio:    3.00 (Gate area) 
      Cumulative area ratio:    0.14
      Required ratio:    0.00 (Cumulative area) 

    Layer: met1
      Partial area ratio:    3.17
      Required ratio:    0.00 (Gate area) 
      Cumulative area ratio:    3.17
      Required ratio:    0.00 (Cumulative area) 
      Partial area ratio:   14.97
      Required ratio:  400.00 (Side area) 
      Cumulative area ratio:   14.97
      Required ratio:    0.00 (Cumulative side area) 

    Layer: via
      Partial area ratio:    0.21
      Required ratio:    6.00 (Gate area) 
      Cumulative area ratio:    0.35
      Required ratio:    0.00 (Cumulative area) 

    Layer: met2
      Partial area ratio:    0.88
      Required ratio:    0.00 (Gate area) 
      Cumulative area ratio:    4.05
      Required ratio:    0.00 (Cumulative area) 
      Partial area ratio:    4.04
      Required ratio:  400.00 (Side area) 
      Cumulative area ratio:   19.01
      Required ratio:    0.00 (Cumulative side area) 

    Layer: via2
      Partial area ratio:    0.19
      Required ratio:    6.00 (Gate area) 
      Cumulative area ratio:    0.53
      Required ratio:    0.00 (Cumulative area) 

    Layer: met3
      Partial area ratio:   59.49
      Required ratio:    0.00 (Gate area) 
      Cumulative area ratio:   63.54
      Required ratio:    0.00 (Cumulative area) 
      Partial area ratio:  321.69
      Required ratio:  400.00 (Side area) 
      Cumulative area ratio:  340.70
      Required ratio:    0.00 (Cumulative side area) 

    Layer: via3
      Partial area ratio:    0.38
      Required ratio:    6.00 (Gate area) 
      Cumulative area ratio:    0.91
      Required ratio:    0.00 (Cumulative area) 

    Layer: met4
      Partial area ratio:  109.71
      Required ratio:    0.00 (Gate area) 
      Cumulative area ratio:  173.24
      Required ratio:    0.00 (Cumulative area) 
      Partial area ratio:  550.80
      Required ratio:  400.00 (Side area) (VIOLATED)
      Cumulative area ratio:  891.50
      Required ratio:    0.00 (Cumulative side area) 

    Layer: via4
      Partial area ratio:    6.01
      Required ratio:    6.00 (Gate area) (VIOLATED)

    Layer: met5
      Partial area ratio:  267.30
      Required ratio:    0.00 (Gate area) 
      Cumulative area ratio:  440.54
      Required ratio:    0.00 (Cumulative area) 
      Partial area ratio:  409.61
      Required ratio: 2956.40 (Side area) 
      Cumulative area ratio: 1301.11
      Required ratio:    0.00 (Cumulative side area) 



Net: _18380_
  Pin:   _38147_/A (sky130_fd_sc_hd__nor2_1)
    Layer: mcon
      Partial area ratio:    0.12
      Required ratio:    3.00 (Gate area) 
      Cumulative area ratio:    0.12
      Required ratio:    0.00 (Cumulative area) 

    Layer: met1
      Partial area ratio:   26.42
      Required ratio:    0.00 (Gate area) 
      Cumulative area ratio:   26.42
      Required ratio:    0.00 (Cumulative area) 
      Partial area ratio:  130.88
      Required ratio:  400.00 (Side area) 
      Cumulative area ratio:  130.88
      Required ratio:    0.00 (Cumulative side area) 

    Layer: via
      Partial area ratio:    0.20
      Required ratio:    6.00 (Gate area) 
      Cumulative area ratio:    0.31
      Required ratio:    0.00 (Cumulative area) 

    Layer: met2
      Partial area ratio:    5.05
      Required ratio:    0.00 (Gate area) 
      Cumulative area ratio:   31.47
      Required ratio:    0.00 (Cumulative area) 
      Partial area ratio:   24.79
      Required ratio: 2778.20 (Side area) 
      Cumulative area ratio:  155.67
      Required ratio:    0.00 (Cumulative side area) 

    Layer: via2
      Partial area ratio:    0.09
      Required ratio:   22.04 (Gate area) 
      Cumulative area ratio:    0.40
      Required ratio:    0.00 (Cumulative area) 

    Layer: met3
      Partial area ratio:    4.76
      Required ratio:    0.00 (Gate area) 
      Cumulative area ratio:   36.23
      Required ratio:    0.00 (Cumulative area) 
      Partial area ratio:   26.42
      Required ratio: 2778.20 (Side area) 
      Cumulative area ratio:  182.10
      Required ratio:    0.00 (Cumulative side area) 

    Layer: via3
      Partial area ratio:    0.09
      Required ratio:   22.04 (Gate area) 
      Cumulative area ratio:    0.49
      Required ratio:    0.00 (Cumulative area) 

    Layer: met4
      Partial area ratio:   20.63
      Required ratio:    0.00 (Gate area) 
      Cumulative area ratio:   56.86
      Required ratio:    0.00 (Cumulative area) 
      Partial area ratio:  110.71
      Required ratio: 2778.20 (Side area) 
      Cumulative area ratio:  292.81
      Required ratio:    0.00 (Cumulative side area) 


  Pin:   fanout1226/A (sky130_fd_sc_hd__buf_4)
    Layer: mcon
      Partial area ratio:    0.12
      Required ratio:    3.00 (Gate area) 
      Cumulative area ratio:    0.12
      Required ratio:    0.00 (Cumulative area) 

    Layer: met1
      Partial area ratio:    3.93
      Required ratio:    0.00 (Gate area) 
      Cumulative area ratio:    3.93
      Required ratio:    0.00 (Cumulative area) 
      Partial area ratio:   18.89
      Required ratio:  400.00 (Side area) 
      Cumulative area ratio:   18.89
      Required ratio:    0.00 (Cumulative side area) 

    Layer: via
      Partial area ratio:    0.18
      Required ratio:    6.00 (Gate area) 
      Cumulative area ratio:    0.30
      Required ratio:    0.00 (Cumulative area) 

    Layer: met2
      Partial area ratio:  125.79
      Required ratio:    0.00 (Gate area) 
      Cumulative area ratio:  129.72
      Required ratio:    0.00 (Cumulative area) 
      Partial area ratio:  628.23
      Required ratio:  400.00 (Side area) (VIOLATED)
      Cumulative area ratio:  647.13
      Required ratio:    0.00 (Cumulative side area) 

    Layer: via2
      Partial area ratio:    0.16
      Required ratio:    6.00 (Gate area) 
      Cumulative area ratio:    0.46
      Required ratio:    0.00 (Cumulative area) 

    Layer: met3
      Partial area ratio:   67.41
      Required ratio:    0.00 (Gate area) 
      Cumulative area ratio:  197.13
      Required ratio:    0.00 (Cumulative area) 
      Partial area ratio:  361.41
      Required ratio:  400.00 (Side area) 
      Cumulative area ratio: 1008.53
      Required ratio:    0.00 (Cumulative side area) 

    Layer: via3
      Partial area ratio:    0.16
      Required ratio:    6.00 (Gate area) 
      Cumulative area ratio:    0.62
      Required ratio:    0.00 (Cumulative area) 

    Layer: met4
      Partial area ratio:   20.63
      Required ratio:    0.00 (Gate area) 
      Cumulative area ratio:  217.77
      Required ratio:    0.00 (Cumulative area) 
      Partial area ratio:  110.71
      Required ratio: 2778.20 (Side area) 
      Cumulative area ratio: 1119.24
      Required ratio:    0.00 (Cumulative side area) 


  Pin:   fanout1229/A (sky130_fd_sc_hd__clkbuf_4)
    Layer: mcon
      Partial area ratio:    0.14
      Required ratio:    3.00 (Gate area) 
      Cumulative area ratio:    0.14
      Required ratio:    0.00 (Cumulative area) 

    Layer: met1
      Partial area ratio:   26.42
      Required ratio:    0.00 (Gate area) 
      Cumulative area ratio:   26.42
      Required ratio:    0.00 (Cumulative area) 
      Partial area ratio:  130.88
      Required ratio:  400.00 (Side area) 
      Cumulative area ratio:  130.88
      Required ratio:    0.00 (Cumulative side area) 

    Layer: via
      Partial area ratio:    0.20
      Required ratio:    6.00 (Gate area) 
      Cumulative area ratio:    0.33
      Required ratio:    0.00 (Cumulative area) 

    Layer: met2
      Partial area ratio:    5.05
      Required ratio:    0.00 (Gate area) 
      Cumulative area ratio:   31.47
      Required ratio:    0.00 (Cumulative area) 
      Partial area ratio:   24.79
      Required ratio: 2778.20 (Side area) 
      Cumulative area ratio:  155.67
      Required ratio:    0.00 (Cumulative side area) 

    Layer: via2
      Partial area ratio:    0.09
      Required ratio:   22.04 (Gate area) 
      Cumulative area ratio:    0.42
      Required ratio:    0.00 (Cumulative area) 

    Layer: met3
      Partial area ratio:    4.76
      Required ratio:    0.00 (Gate area) 
      Cumulative area ratio:   36.23
      Required ratio:    0.00 (Cumulative area) 
      Partial area ratio:   26.42
      Required ratio: 2778.20 (Side area) 
      Cumulative area ratio:  182.10
      Required ratio:    0.00 (Cumulative side area) 

    Layer: via3
      Partial area ratio:    0.09
      Required ratio:   22.04 (Gate area) 
      Cumulative area ratio:    0.50
      Required ratio:    0.00 (Cumulative area) 

    Layer: met4
      Partial area ratio:   20.63
      Required ratio:    0.00 (Gate area) 
      Cumulative area ratio:   56.86
      Required ratio:    0.00 (Cumulative area) 
      Partial area ratio:  110.71
      Required ratio: 2778.20 (Side area) 
      Cumulative area ratio:  292.81
      Required ratio:    0.00 (Cumulative side area) 



Net: _21638_
  Pin:   fanout654/A (sky130_fd_sc_hd__clkbuf_8)
    Layer: mcon
      Partial area ratio:    0.07
      Required ratio:    3.00 (Gate area) 
      Cumulative area ratio:    0.07
      Required ratio:    0.00 (Cumulative area) 

    Layer: met1
      Partial area ratio:    1.23
      Required ratio:    0.00 (Gate area) 
      Cumulative area ratio:    1.23
      Required ratio:    0.00 (Cumulative area) 
      Partial area ratio:    5.72
      Required ratio: 2773.88 (Side area) 
      Cumulative area ratio:    5.72
      Required ratio:    0.00 (Cumulative side area) 

    Layer: via
      Partial area ratio:    0.08
      Required ratio:   21.65 (Gate area) 
      Cumulative area ratio:    0.15
      Required ratio:    0.00 (Cumulative area) 

    Layer: met2
      Partial area ratio:    0.30
      Required ratio:    0.00 (Gate area) 
      Cumulative area ratio:    1.53
      Required ratio:    0.00 (Cumulative area) 
      Partial area ratio:    1.18
      Required ratio: 2773.88 (Side area) 
      Cumulative area ratio:    6.90
      Required ratio:    0.00 (Cumulative side area) 

    Layer: via2
      Partial area ratio:    0.05
      Required ratio:   21.65 (Gate area) 
      Cumulative area ratio:    0.19
      Required ratio:    0.00 (Cumulative area) 

    Layer: met3
      Partial area ratio:    0.15
      Required ratio:    0.00 (Gate area) 
      Cumulative area ratio:    1.68
      Required ratio:    0.00 (Cumulative area) 
      Partial area ratio:    1.32
      Required ratio: 2773.88 (Side area) 
      Cumulative area ratio:    8.22
      Required ratio:    0.00 (Cumulative side area) 

    Layer: via3
      Partial area ratio:    0.05
      Required ratio:   21.65 (Gate area) 
      Cumulative area ratio:    0.24
      Required ratio:    0.00 (Cumulative area) 

    Layer: met4
      Partial area ratio:   45.26
      Required ratio:    0.00 (Gate area) 
      Cumulative area ratio:   46.94
      Required ratio:    0.00 (Cumulative area) 
      Partial area ratio:  242.36
      Required ratio: 3130.28 (Side area) 
      Cumulative area ratio:  250.57
      Required ratio:    0.00 (Cumulative side area) 


  Pin:   fanout655/A (sky130_fd_sc_hd__buf_2)
    Layer: mcon
      Partial area ratio:    0.18
      Required ratio:    3.00 (Gate area) 
      Cumulative area ratio:    0.18
      Required ratio:    0.00 (Cumulative area) 

    Layer: met1
      Partial area ratio:    3.05
      Required ratio:    0.00 (Gate area) 
      Cumulative area ratio:    3.05
      Required ratio:    0.00 (Cumulative area) 
      Partial area ratio:   14.65
      Required ratio:  400.00 (Side area) 
      Cumulative area ratio:   14.65
      Required ratio:    0.00 (Cumulative side area) 

    Layer: via
      Partial area ratio:    0.17
      Required ratio:    6.00 (Gate area) 
      Cumulative area ratio:    0.35
      Required ratio:    0.00 (Cumulative area) 

    Layer: met2
      Partial area ratio:    0.70
      Required ratio:    0.00 (Gate area) 
      Cumulative area ratio:    3.75
      Required ratio:    0.00 (Cumulative area) 
      Partial area ratio:    2.96
      Required ratio:  400.00 (Side area) 
      Cumulative area ratio:   17.61
      Required ratio:    0.00 (Cumulative side area) 

    Layer: via2
      Partial area ratio:    0.25
      Required ratio:    6.00 (Gate area) 
      Cumulative area ratio:    0.61
      Required ratio:    0.00 (Cumulative area) 

    Layer: met3
      Partial area ratio:    0.79
      Required ratio:    0.00 (Gate area) 
      Cumulative area ratio:    4.53
      Required ratio:    0.00 (Cumulative area) 
      Partial area ratio:    7.14
      Required ratio:  400.00 (Side area) 
      Cumulative area ratio:   24.75
      Required ratio:    0.00 (Cumulative side area) 

    Layer: via3
      Partial area ratio:    0.25
      Required ratio:    6.00 (Gate area) 
      Cumulative area ratio:    0.86
      Required ratio:    0.00 (Cumulative area) 

    Layer: met4
      Partial area ratio:   45.26
      Required ratio:    0.00 (Gate area) 
      Cumulative area ratio:   49.79
      Required ratio:    0.00 (Cumulative area) 
      Partial area ratio:  242.36
      Required ratio: 3130.28 (Side area) 
      Cumulative area ratio:  267.11
      Required ratio:    0.00 (Cumulative side area) 


  Pin:   fanout656/A (sky130_fd_sc_hd__buf_4)
    Layer: mcon
      Partial area ratio:    0.12
      Required ratio:    3.00 (Gate area) 
      Cumulative area ratio:    0.12
      Required ratio:    0.00 (Cumulative area) 

    Layer: met1
      Partial area ratio:    8.27
      Required ratio:    0.00 (Gate area) 
      Cumulative area ratio:    8.27
      Required ratio:    0.00 (Cumulative area) 
      Partial area ratio:   40.59
      Required ratio:  400.00 (Side area) 
      Cumulative area ratio:   40.59
      Required ratio:    0.00 (Cumulative side area) 

    Layer: via
      Partial area ratio:    0.18
      Required ratio:    6.00 (Gate area) 
      Cumulative area ratio:    0.30
      Required ratio:    0.00 (Cumulative area) 

    Layer: met2
      Partial area ratio:    0.75
      Required ratio:    0.00 (Gate area) 
      Cumulative area ratio:    9.02
      Required ratio:    0.00 (Cumulative area) 
      Partial area ratio:    3.48
      Required ratio:  400.00 (Side area) 
      Cumulative area ratio:   44.06
      Required ratio:    0.00 (Cumulative side area) 

    Layer: via2
      Partial area ratio:    0.16
      Required ratio:    6.00 (Gate area) 
      Cumulative area ratio:    0.46
      Required ratio:    0.00 (Cumulative area) 

    Layer: met3
      Partial area ratio:  101.83
      Required ratio:    0.00 (Gate area) 
      Cumulative area ratio:  110.85
      Required ratio:    0.00 (Cumulative area) 
      Partial area ratio:  548.78
      Required ratio:  400.00 (Side area) (VIOLATED)
      Cumulative area ratio:  592.85
      Required ratio:    0.00 (Cumulative side area) 

    Layer: via3
      Partial area ratio:    0.16
      Required ratio:    6.00 (Gate area) 
      Cumulative area ratio:    0.62
      Required ratio:    0.00 (Cumulative area) 

    Layer: met4
      Partial area ratio:   45.26
      Required ratio:    0.00 (Gate area) 
      Cumulative area ratio:  156.11
      Required ratio:    0.00 (Cumulative area) 
      Partial area ratio:  242.36
      Required ratio: 3130.28 (Side area) 
      Cumulative area ratio:  835.20
      Required ratio:    0.00 (Cumulative side area) 


  Pin:   fanout657/A (sky130_fd_sc_hd__buf_2)
    Layer: mcon
      Partial area ratio:    0.18
      Required ratio:    3.00 (Gate area) 
      Cumulative area ratio:    0.18
      Required ratio:    0.00 (Cumulative area) 

    Layer: met1
      Partial area ratio:    5.94
      Required ratio:    0.00 (Gate area) 
      Cumulative area ratio:    5.94
      Required ratio:    0.00 (Cumulative area) 
      Partial area ratio:   28.54
      Required ratio:  400.00 (Side area) 
      Cumulative area ratio:   28.54
      Required ratio:    0.00 (Cumulative side area) 

    Layer: via
      Partial area ratio:    0.28
      Required ratio:    6.00 (Gate area) 
      Cumulative area ratio:    0.46
      Required ratio:    0.00 (Cumulative area) 

    Layer: met2
      Partial area ratio:   31.77
      Required ratio:    0.00 (Gate area) 
      Cumulative area ratio:   37.71
      Required ratio:    0.00 (Cumulative area) 
      Partial area ratio:  157.72
      Required ratio:  400.00 (Side area) 
      Cumulative area ratio:  186.26
      Required ratio:    0.00 (Cumulative side area) 

    Layer: via2
      Partial area ratio:    0.25
      Required ratio:    6.00 (Gate area) 
      Cumulative area ratio:    0.72
      Required ratio:    0.00 (Cumulative area) 

    Layer: met3
      Partial area ratio:  261.16
      Required ratio:    0.00 (Gate area) 
      Cumulative area ratio:  298.87
      Required ratio:    0.00 (Cumulative area) 
      Partial area ratio: 1395.77
      Required ratio:  400.00 (Side area) (VIOLATED)
      Cumulative area ratio: 1582.04
      Required ratio:    0.00 (Cumulative side area) 

    Layer: via3
      Partial area ratio:    0.25
      Required ratio:    6.00 (Gate area) 
      Cumulative area ratio:    0.97
      Required ratio:    0.00 (Cumulative area) 

    Layer: met4
      Partial area ratio:   45.26
      Required ratio:    0.00 (Gate area) 
      Cumulative area ratio:  344.13
      Required ratio:    0.00 (Cumulative area) 
      Partial area ratio:  242.36
      Required ratio: 3130.28 (Side area) 
      Cumulative area ratio: 1824.39
      Required ratio:    0.00 (Cumulative side area) 


  Pin:   ANTENNA_355/DIODE (sky130_fd_sc_hd__diode_2)
    Layer: mcon
      Partial area ratio:    0.07
      Required ratio:   10.82 (Gate area) 
      Cumulative area ratio:    0.07
      Required ratio:    0.00 (Cumulative area) 

    Layer: met1
      Partial area ratio:    1.23
      Required ratio:    0.00 (Gate area) 
      Cumulative area ratio:    1.23
      Required ratio:    0.00 (Cumulative area) 
      Partial area ratio:    5.72
      Required ratio: 2773.88 (Side area) 
      Cumulative area ratio:    5.72
      Required ratio:    0.00 (Cumulative side area) 

    Layer: via
      Partial area ratio:    0.08
      Required ratio:   21.65 (Gate area) 
      Cumulative area ratio:    0.14
      Required ratio:    0.00 (Cumulative area) 

    Layer: met2
      Partial area ratio:    0.30
      Required ratio:    0.00 (Gate area) 
      Cumulative area ratio:    1.53
      Required ratio:    0.00 (Cumulative area) 
      Partial area ratio:    1.18
      Required ratio: 2773.88 (Side area) 
      Cumulative area ratio:    6.90
      Required ratio:    0.00 (Cumulative side area) 

    Layer: via2
      Partial area ratio:    0.05
      Required ratio:   21.65 (Gate area) 
      Cumulative area ratio:    0.19
      Required ratio:    0.00 (Cumulative area) 

    Layer: met3
      Partial area ratio:    0.15
      Required ratio:    0.00 (Gate area) 
      Cumulative area ratio:    1.68
      Required ratio:    0.00 (Cumulative area) 
      Partial area ratio:    1.32
      Required ratio: 2773.88 (Side area) 
      Cumulative area ratio:    8.22
      Required ratio:    0.00 (Cumulative side area) 

    Layer: via3
      Partial area ratio:    0.05
      Required ratio:   21.65 (Gate area) 
      Cumulative area ratio:    0.24
      Required ratio:    0.00 (Cumulative area) 

    Layer: met4
      Partial area ratio:   45.26
      Required ratio:    0.00 (Gate area) 
      Cumulative area ratio:   46.94
      Required ratio:    0.00 (Cumulative area) 
      Partial area ratio:  242.36
      Required ratio: 3130.28 (Side area) 
      Cumulative area ratio:  250.57
      Required ratio:    0.00 (Cumulative side area) 



Net: add_mantisa\[12\]
  Pin:   _26048_/A1 (sky130_fd_sc_hd__o211a_1)
    Layer: mcon
      Partial area ratio:    0.12
      Required ratio:    3.00 (Gate area) 
      Cumulative area ratio:    0.12
      Required ratio:    0.00 (Cumulative area) 

    Layer: met1
      Partial area ratio:    2.85
      Required ratio:    0.00 (Gate area) 
      Cumulative area ratio:    2.85
      Required ratio:    0.00 (Cumulative area) 
      Partial area ratio:   13.52
      Required ratio:  400.00 (Side area) 
      Cumulative area ratio:   13.52
      Required ratio:    0.00 (Cumulative side area) 

    Layer: via
      Partial area ratio:    0.18
      Required ratio:    6.00 (Gate area) 
      Cumulative area ratio:    0.30
      Required ratio:    0.00 (Cumulative area) 

    Layer: met2
      Partial area ratio:    0.75
      Required ratio:    0.00 (Gate area) 
      Cumulative area ratio:    3.61
      Required ratio:    0.00 (Cumulative area) 
      Partial area ratio:    3.48
      Required ratio:  400.00 (Side area) 
      Cumulative area ratio:   17.00
      Required ratio:    0.00 (Cumulative side area) 

    Layer: via2
      Partial area ratio:    0.16
      Required ratio:    6.00 (Gate area) 
      Cumulative area ratio:    0.46
      Required ratio:    0.00 (Cumulative area) 

    Layer: met3
      Partial area ratio:    8.86
      Required ratio:    0.00 (Gate area) 
      Cumulative area ratio:   12.47
      Required ratio:    0.00 (Cumulative area) 
      Partial area ratio:   49.16
      Required ratio:  400.00 (Side area) 
      Cumulative area ratio:   66.16
      Required ratio:    0.00 (Cumulative side area) 

    Layer: via3
      Partial area ratio:    0.16
      Required ratio:    6.00 (Gate area) 
      Cumulative area ratio:    0.62
      Required ratio:    0.00 (Cumulative area) 

    Layer: met4
      Partial area ratio:   50.50
      Required ratio:    0.00 (Gate area) 
      Cumulative area ratio:   62.97
      Required ratio:    0.00 (Cumulative area) 
      Partial area ratio:  270.61
      Required ratio: 2956.40 (Side area) 
      Cumulative area ratio:  336.77
      Required ratio:    0.00 (Cumulative side area) 


  Pin:   _26279_/A1 (sky130_fd_sc_hd__a22o_1)
    Layer: mcon
      Partial area ratio:    0.12
      Required ratio:    3.00 (Gate area) 
      Cumulative area ratio:    0.12
      Required ratio:    0.00 (Cumulative area) 

    Layer: met1
      Partial area ratio:    1.75
      Required ratio:    0.00 (Gate area) 
      Cumulative area ratio:    1.75
      Required ratio:    0.00 (Cumulative area) 
      Partial area ratio:    8.00
      Required ratio:  400.00 (Side area) 
      Cumulative area ratio:    8.00
      Required ratio:    0.00 (Cumulative side area) 

    Layer: via
      Partial area ratio:    0.18
      Required ratio:    6.00 (Gate area) 
      Cumulative area ratio:    0.30
      Required ratio:    0.00 (Cumulative area) 

    Layer: met2
      Partial area ratio:   94.64
      Required ratio:    0.00 (Gate area) 
      Cumulative area ratio:   96.39
      Required ratio:    0.00 (Cumulative area) 
      Partial area ratio:  472.24
      Required ratio:  400.00 (Side area) (VIOLATED)
      Cumulative area ratio:  480.24
      Required ratio:    0.00 (Cumulative side area) 

    Layer: via2
      Partial area ratio:    0.32
      Required ratio:    6.00 (Gate area) 
      Cumulative area ratio:    0.62
      Required ratio:    0.00 (Cumulative area) 

    Layer: met3
      Partial area ratio:    9.37
      Required ratio:    0.00 (Gate area) 
      Cumulative area ratio:  105.76
      Required ratio:    0.00 (Cumulative area) 
      Partial area ratio:   53.75
      Required ratio:  400.00 (Side area) 
      Cumulative area ratio:  534.00
      Required ratio:    0.00 (Cumulative side area) 

    Layer: via3
      Partial area ratio:    0.32
      Required ratio:    6.00 (Gate area) 
      Cumulative area ratio:    0.95
      Required ratio:    0.00 (Cumulative area) 

    Layer: met4
      Partial area ratio:   50.50
      Required ratio:    0.00 (Gate area) 
      Cumulative area ratio:  156.26
      Required ratio:    0.00 (Cumulative area) 
      Partial area ratio:  270.61
      Required ratio: 2956.40 (Side area) 
      Cumulative area ratio:  804.61
      Required ratio:    0.00 (Cumulative side area) 


  Pin:   _26343_/A1 (sky130_fd_sc_hd__a22o_1)
    Layer: mcon
      Partial area ratio:    0.12
      Required ratio:    3.00 (Gate area) 
      Cumulative area ratio:    0.12
      Required ratio:    0.00 (Cumulative area) 

    Layer: met1
      Partial area ratio:    3.16
      Required ratio:    0.00 (Gate area) 
      Cumulative area ratio:    3.16
      Required ratio:    0.00 (Cumulative area) 
      Partial area ratio:   15.07
      Required ratio:  400.00 (Side area) 
      Cumulative area ratio:   15.07
      Required ratio:    0.00 (Cumulative side area) 

    Layer: via
      Partial area ratio:    0.18
      Required ratio:    6.00 (Gate area) 
      Cumulative area ratio:    0.30
      Required ratio:    0.00 (Cumulative area) 

    Layer: met2
      Partial area ratio:   13.10
      Required ratio:    0.00 (Gate area) 
      Cumulative area ratio:   16.26
      Required ratio:    0.00 (Cumulative area) 
      Partial area ratio:   64.27
      Required ratio: 2956.40 (Side area) 
      Cumulative area ratio:   79.35
      Required ratio:    0.00 (Cumulative side area) 

    Layer: via2
      Partial area ratio:    0.16
      Required ratio:   38.08 (Gate area) 
      Cumulative area ratio:    0.46
      Required ratio:    0.00 (Cumulative area) 

    Layer: met3
      Partial area ratio:   67.41
      Required ratio:    0.00 (Gate area) 
      Cumulative area ratio:   83.67
      Required ratio:    0.00 (Cumulative area) 
      Partial area ratio:  361.41
      Required ratio: 2956.40 (Side area) 
      Cumulative area ratio:  440.75
      Required ratio:    0.00 (Cumulative side area) 

    Layer: via3
      Partial area ratio:    0.16
      Required ratio:   38.08 (Gate area) 
      Cumulative area ratio:    0.62
      Required ratio:    0.00 (Cumulative area) 

    Layer: met4
      Partial area ratio:   50.50
      Required ratio:    0.00 (Gate area) 
      Cumulative area ratio:  134.17
      Required ratio:    0.00 (Cumulative area) 
      Partial area ratio:  270.61
      Required ratio: 2956.40 (Side area) 
      Cumulative area ratio:  711.36
      Required ratio:    0.00 (Cumulative side area) 



Net: add_mantisa\[13\]
  Pin:   _26050_/A1 (sky130_fd_sc_hd__o211a_1)
    Layer: mcon
      Partial area ratio:    0.12
      Required ratio:    3.00 (Gate area) 
      Cumulative area ratio:    0.12
      Required ratio:    0.00 (Cumulative area) 

    Layer: met1
      Partial area ratio:    4.31
      Required ratio:    0.00 (Gate area) 
      Cumulative area ratio:    4.31
      Required ratio:    0.00 (Cumulative area) 
      Partial area ratio:   20.82
      Required ratio:  400.00 (Side area) 
      Cumulative area ratio:   20.82
      Required ratio:    0.00 (Cumulative side area) 

    Layer: via
      Partial area ratio:    0.18
      Required ratio:    6.00 (Gate area) 
      Cumulative area ratio:    0.30
      Required ratio:    0.00 (Cumulative area) 

    Layer: met2
      Partial area ratio:    0.75
      Required ratio:    0.00 (Gate area) 
      Cumulative area ratio:    5.07
      Required ratio:    0.00 (Cumulative area) 
      Partial area ratio:    3.48
      Required ratio:  400.00 (Side area) 
      Cumulative area ratio:   24.29
      Required ratio:    0.00 (Cumulative side area) 

    Layer: via2
      Partial area ratio:    0.16
      Required ratio:    6.00 (Gate area) 
      Cumulative area ratio:    0.46
      Required ratio:    0.00 (Cumulative area) 

    Layer: met3
      Partial area ratio:   75.77
      Required ratio:    0.00 (Gate area) 
      Cumulative area ratio:   80.84
      Required ratio:    0.00 (Cumulative area) 
      Partial area ratio:  406.01
      Required ratio:  400.00 (Side area) (VIOLATED)
      Cumulative area ratio:  430.31
      Required ratio:    0.00 (Cumulative side area) 

    Layer: via3
      Partial area ratio:    0.16
      Required ratio:    6.00 (Gate area) 
      Cumulative area ratio:    0.62
      Required ratio:    0.00 (Cumulative area) 

    Layer: met4
      Partial area ratio:   86.58
      Required ratio:    0.00 (Gate area) 
      Cumulative area ratio:  167.43
      Required ratio:    0.00 (Cumulative area) 
      Partial area ratio:  462.42
      Required ratio: 2778.20 (Side area) 
      Cumulative area ratio:  892.72
      Required ratio:    0.00 (Cumulative side area) 


  Pin:   _26280_/A1 (sky130_fd_sc_hd__a22o_1)
    Layer: mcon
      Partial area ratio:    0.12
      Required ratio:    3.00 (Gate area) 
      Cumulative area ratio:    0.12
      Required ratio:    0.00 (Cumulative area) 

    Layer: met1
      Partial area ratio:    2.79
      Required ratio:    0.00 (Gate area) 
      Cumulative area ratio:    2.79
      Required ratio:    0.00 (Cumulative area) 
      Partial area ratio:   13.21
      Required ratio:  400.00 (Side area) 
      Cumulative area ratio:   13.21
      Required ratio:    0.00 (Cumulative side area) 

    Layer: via
      Partial area ratio:    0.18
      Required ratio:    6.00 (Gate area) 
      Cumulative area ratio:    0.30
      Required ratio:    0.00 (Cumulative area) 

    Layer: met2
      Partial area ratio:    0.75
      Required ratio:    0.00 (Gate area) 
      Cumulative area ratio:    3.55
      Required ratio:    0.00 (Cumulative area) 
      Partial area ratio:    3.48
      Required ratio:  400.00 (Side area) 
      Cumulative area ratio:   16.69
      Required ratio:    0.00 (Cumulative side area) 

    Layer: via2
      Partial area ratio:    0.16
      Required ratio:    6.00 (Gate area) 
      Cumulative area ratio:    0.46
      Required ratio:    0.00 (Cumulative area) 

    Layer: met3
      Partial area ratio:   42.07
      Required ratio:    0.00 (Gate area) 
      Cumulative area ratio:   45.62
      Required ratio:    0.00 (Cumulative area) 
      Partial area ratio:  225.33
      Required ratio: 2778.20 (Side area) 
      Cumulative area ratio:  242.01
      Required ratio:    0.00 (Cumulative side area) 

    Layer: via3
      Partial area ratio:    0.08
      Required ratio:   22.04 (Gate area) 
      Cumulative area ratio:    0.54
      Required ratio:    0.00 (Cumulative area) 

    Layer: met4
      Partial area ratio:   86.58
      Required ratio:    0.00 (Gate area) 
      Cumulative area ratio:  132.20
      Required ratio:    0.00 (Cumulative area) 
      Partial area ratio:  462.42
      Required ratio: 2778.20 (Side area) 
      Cumulative area ratio:  704.43
      Required ratio:    0.00 (Cumulative side area) 


  Pin:   _26344_/A1 (sky130_fd_sc_hd__a22o_1)
    Layer: mcon
      Partial area ratio:    0.12
      Required ratio:    3.00 (Gate area) 
      Cumulative area ratio:    0.12
      Required ratio:    0.00 (Cumulative area) 

    Layer: met1
      Partial area ratio:   28.92
      Required ratio:    0.00 (Gate area) 
      Cumulative area ratio:   28.92
      Required ratio:    0.00 (Cumulative area) 
      Partial area ratio:  143.13
      Required ratio: 2778.20 (Side area) 
      Cumulative area ratio:  143.13
      Required ratio:    0.00 (Cumulative side area) 

    Layer: via
      Partial area ratio:    0.27
      Required ratio:   22.04 (Gate area) 
      Cumulative area ratio:    0.39
      Required ratio:    0.00 (Cumulative area) 

    Layer: met2
      Partial area ratio:    1.09
      Required ratio:    0.00 (Gate area) 
      Cumulative area ratio:   30.01
      Required ratio:    0.00 (Cumulative area) 
      Partial area ratio:    5.12
      Required ratio: 2778.20 (Side area) 
      Cumulative area ratio:  148.25
      Required ratio:    0.00 (Cumulative side area) 

    Layer: via2
      Partial area ratio:    0.16
      Required ratio:   22.04 (Gate area) 
      Cumulative area ratio:    0.55
      Required ratio:    0.00 (Cumulative area) 

    Layer: met3
      Partial area ratio:   42.07
      Required ratio:    0.00 (Gate area) 
      Cumulative area ratio:   72.08
      Required ratio:    0.00 (Cumulative area) 
      Partial area ratio:  225.33
      Required ratio: 2778.20 (Side area) 
      Cumulative area ratio:  373.58
      Required ratio:    0.00 (Cumulative side area) 

    Layer: via3
      Partial area ratio:    0.08
      Required ratio:   22.04 (Gate area) 
      Cumulative area ratio:    0.63
      Required ratio:    0.00 (Cumulative area) 

    Layer: met4
      Partial area ratio:   86.58
      Required ratio:    0.00 (Gate area) 
      Cumulative area ratio:  158.67
      Required ratio:    0.00 (Cumulative area) 
      Partial area ratio:  462.42
      Required ratio: 2778.20 (Side area) 
      Cumulative area ratio:  835.99
      Required ratio:    0.00 (Cumulative side area) 



Net: add_mantisa\[19\]
  Pin:   _26062_/A1 (sky130_fd_sc_hd__o211a_1)
    Layer: mcon
      Partial area ratio:    0.12
      Required ratio:    3.00 (Gate area) 
      Cumulative area ratio:    0.12
      Required ratio:    0.00 (Cumulative area) 

    Layer: met1
      Partial area ratio:    2.06
      Required ratio:    0.00 (Gate area) 
      Cumulative area ratio:    2.06
      Required ratio:    0.00 (Cumulative area) 
      Partial area ratio:    9.56
      Required ratio:  400.00 (Side area) 
      Cumulative area ratio:    9.56
      Required ratio:    0.00 (Cumulative side area) 

    Layer: via
      Partial area ratio:    0.18
      Required ratio:    6.00 (Gate area) 
      Cumulative area ratio:    0.30
      Required ratio:    0.00 (Cumulative area) 

    Layer: met2
      Partial area ratio:    4.80
      Required ratio:    0.00 (Gate area) 
      Cumulative area ratio:    6.86
      Required ratio:    0.00 (Cumulative area) 
      Partial area ratio:   23.26
      Required ratio:  400.00 (Side area) 
      Cumulative area ratio:   32.82
      Required ratio:    0.00 (Cumulative side area) 

    Layer: via2
      Partial area ratio:    0.16
      Required ratio:    6.00 (Gate area) 
      Cumulative area ratio:    0.46
      Required ratio:    0.00 (Cumulative area) 

    Layer: met3
      Partial area ratio:  243.53
      Required ratio:    0.00 (Gate area) 
      Cumulative area ratio:  250.39
      Required ratio:    0.00 (Cumulative area) 
      Partial area ratio: 1302.59
      Required ratio:  400.00 (Side area) (VIOLATED)
      Cumulative area ratio: 1335.42
      Required ratio:    0.00 (Cumulative side area) 

    Layer: via3
      Partial area ratio:    0.16
      Required ratio:    6.00 (Gate area) 
      Cumulative area ratio:    0.62
      Required ratio:    0.00 (Cumulative area) 

    Layer: met4
      Partial area ratio:  128.56
      Required ratio:    0.00 (Gate area) 
      Cumulative area ratio:  378.95
      Required ratio:    0.00 (Cumulative area) 
      Partial area ratio:  686.93
      Required ratio: 2956.40 (Side area) 
      Cumulative area ratio: 2022.35
      Required ratio:    0.00 (Cumulative side area) 


  Pin:   _26286_/A1 (sky130_fd_sc_hd__a22o_1)
    Layer: mcon
      Partial area ratio:    0.12
      Required ratio:    3.00 (Gate area) 
      Cumulative area ratio:    0.12
      Required ratio:    0.00 (Cumulative area) 

    Layer: met1
      Partial area ratio:    1.91
      Required ratio:    0.00 (Gate area) 
      Cumulative area ratio:    1.91
      Required ratio:    0.00 (Cumulative area) 
      Partial area ratio:    8.82
      Required ratio:  400.00 (Side area) 
      Cumulative area ratio:    8.82
      Required ratio:    0.00 (Cumulative side area) 

    Layer: via
      Partial area ratio:    0.18
      Required ratio:    6.00 (Gate area) 
      Cumulative area ratio:    0.30
      Required ratio:    0.00 (Cumulative area) 

    Layer: met2
      Partial area ratio:    4.76
      Required ratio:    0.00 (Gate area) 
      Cumulative area ratio:    6.68
      Required ratio:    0.00 (Cumulative area) 
      Partial area ratio:   23.20
      Required ratio:  400.00 (Side area) 
      Cumulative area ratio:   32.02
      Required ratio:    0.00 (Cumulative side area) 

    Layer: via2
      Partial area ratio:    0.08
      Required ratio:    6.00 (Gate area) 
      Cumulative area ratio:    0.38
      Required ratio:    0.00 (Cumulative area) 

    Layer: met3
      Partial area ratio:   54.62
      Required ratio:    0.00 (Gate area) 
      Cumulative area ratio:   61.30
      Required ratio:    0.00 (Cumulative area) 
      Partial area ratio:  292.25
      Required ratio: 2956.40 (Side area) 
      Cumulative area ratio:  324.27
      Required ratio:    0.00 (Cumulative side area) 

    Layer: via3
      Partial area ratio:    0.08
      Required ratio:   38.08 (Gate area) 
      Cumulative area ratio:    0.46
      Required ratio:    0.00 (Cumulative area) 

    Layer: met4
      Partial area ratio:  128.56
      Required ratio:    0.00 (Gate area) 
      Cumulative area ratio:  189.86
      Required ratio:    0.00 (Cumulative area) 
      Partial area ratio:  686.93
      Required ratio: 2956.40 (Side area) 
      Cumulative area ratio: 1011.21
      Required ratio:    0.00 (Cumulative side area) 


  Pin:   _26350_/A1 (sky130_fd_sc_hd__a22o_1)
    Layer: mcon
      Partial area ratio:    0.12
      Required ratio:    3.00 (Gate area) 
      Cumulative area ratio:    0.12
      Required ratio:    0.00 (Cumulative area) 

    Layer: met1
      Partial area ratio:   61.41
      Required ratio:    0.00 (Gate area) 
      Cumulative area ratio:   61.41
      Required ratio:    0.00 (Cumulative area) 
      Partial area ratio:  305.85
      Required ratio:  400.00 (Side area) 
      Cumulative area ratio:  305.85
      Required ratio:    0.00 (Cumulative side area) 

    Layer: via
      Partial area ratio:    0.27
      Required ratio:    6.00 (Gate area) 
      Cumulative area ratio:    0.39
      Required ratio:    0.00 (Cumulative area) 

    Layer: met2
      Partial area ratio:    4.76
      Required ratio:    0.00 (Gate area) 
      Cumulative area ratio:   66.17
      Required ratio:    0.00 (Cumulative area) 
      Partial area ratio:   23.20
      Required ratio:  400.00 (Side area) 
      Cumulative area ratio:  329.05
      Required ratio:    0.00 (Cumulative side area) 

    Layer: via2
      Partial area ratio:    0.08
      Required ratio:    6.00 (Gate area) 
      Cumulative area ratio:    0.47
      Required ratio:    0.00 (Cumulative area) 

    Layer: met3
      Partial area ratio:   54.62
      Required ratio:    0.00 (Gate area) 
      Cumulative area ratio:  120.79
      Required ratio:    0.00 (Cumulative area) 
      Partial area ratio:  292.25
      Required ratio: 2956.40 (Side area) 
      Cumulative area ratio:  621.30
      Required ratio:    0.00 (Cumulative side area) 

    Layer: via3
      Partial area ratio:    0.08
      Required ratio:   38.08 (Gate area) 
      Cumulative area ratio:    0.55
      Required ratio:    0.00 (Cumulative area) 

    Layer: met4
      Partial area ratio:  128.56
      Required ratio:    0.00 (Gate area) 
      Cumulative area ratio:  249.36
      Required ratio:    0.00 (Cumulative area) 
      Partial area ratio:  686.93
      Required ratio: 2956.40 (Side area) 
      Cumulative area ratio: 1308.23
      Required ratio:    0.00 (Cumulative side area) 



Net: add_mantisa\[8\]
  Pin:   _26040_/A1 (sky130_fd_sc_hd__o211a_1)
    Layer: mcon
      Partial area ratio:    0.12
      Required ratio:    3.00 (Gate area) 
      Cumulative area ratio:    0.12
      Required ratio:    0.00 (Cumulative area) 

    Layer: met1
      Partial area ratio:    2.48
      Required ratio:    0.00 (Gate area) 
      Cumulative area ratio:    2.48
      Required ratio:    0.00 (Cumulative area) 
      Partial area ratio:   11.65
      Required ratio:  400.00 (Side area) 
      Cumulative area ratio:   11.65
      Required ratio:    0.00 (Cumulative side area) 

    Layer: via
      Partial area ratio:    0.18
      Required ratio:    6.00 (Gate area) 
      Cumulative area ratio:    0.30
      Required ratio:    0.00 (Cumulative area) 

    Layer: met2
      Partial area ratio:   90.39
      Required ratio:    0.00 (Gate area) 
      Cumulative area ratio:   92.87
      Required ratio:    0.00 (Cumulative area) 
      Partial area ratio:  451.54
      Required ratio:  400.00 (Side area) (VIOLATED)
      Cumulative area ratio:  463.19
      Required ratio:    0.00 (Cumulative side area) 

    Layer: via2
      Partial area ratio:    0.08
      Required ratio:    6.00 (Gate area) 
      Cumulative area ratio:    0.38
      Required ratio:    0.00 (Cumulative area) 

    Layer: met3
      Partial area ratio:   39.19
      Required ratio:    0.00 (Gate area) 
      Cumulative area ratio:  132.06
      Required ratio:    0.00 (Cumulative area) 
      Partial area ratio:  209.65
      Required ratio: 2956.40 (Side area) 
      Cumulative area ratio:  672.84
      Required ratio:    0.00 (Cumulative side area) 


  Pin:   _26275_/A1 (sky130_fd_sc_hd__a22o_1)
    Layer: mcon
      Partial area ratio:    0.12
      Required ratio:    3.00 (Gate area) 
      Cumulative area ratio:    0.12
      Required ratio:    0.00 (Cumulative area) 

    Layer: met1
      Partial area ratio:    3.62
      Required ratio:    0.00 (Gate area) 
      Cumulative area ratio:    3.62
      Required ratio:    0.00 (Cumulative area) 
      Partial area ratio:   17.34
      Required ratio:  400.00 (Side area) 
      Cumulative area ratio:   17.34
      Required ratio:    0.00 (Cumulative side area) 

    Layer: via
      Partial area ratio:    0.18
      Required ratio:    6.00 (Gate area) 
      Cumulative area ratio:    0.30
      Required ratio:    0.00 (Cumulative area) 

    Layer: met2
      Partial area ratio:   90.39
      Required ratio:    0.00 (Gate area) 
      Cumulative area ratio:   94.00
      Required ratio:    0.00 (Cumulative area) 
      Partial area ratio:  451.54
      Required ratio:  400.00 (Side area) (VIOLATED)
      Cumulative area ratio:  468.88
      Required ratio:    0.00 (Cumulative side area) 

    Layer: via2
      Partial area ratio:    0.08
      Required ratio:    6.00 (Gate area) 
      Cumulative area ratio:    0.38
      Required ratio:    0.00 (Cumulative area) 

    Layer: met3
      Partial area ratio:   39.19
      Required ratio:    0.00 (Gate area) 
      Cumulative area ratio:  133.19
      Required ratio:    0.00 (Cumulative area) 
      Partial area ratio:  209.65
      Required ratio: 2956.40 (Side area) 
      Cumulative area ratio:  678.53
      Required ratio:    0.00 (Cumulative side area) 


  Pin:   _26339_/A1 (sky130_fd_sc_hd__a22o_1)
    Layer: mcon
      Partial area ratio:    0.12
      Required ratio:    3.00 (Gate area) 
      Cumulative area ratio:    0.12
      Required ratio:    0.00 (Cumulative area) 

    Layer: met1
      Partial area ratio:    2.86
      Required ratio:    0.00 (Gate area) 
      Cumulative area ratio:    2.86
      Required ratio:    0.00 (Cumulative area) 
      Partial area ratio:   13.55
      Required ratio:  400.00 (Side area) 
      Cumulative area ratio:   13.55
      Required ratio:    0.00 (Cumulative side area) 

    Layer: via
      Partial area ratio:    0.18
      Required ratio:    6.00 (Gate area) 
      Cumulative area ratio:    0.30
      Required ratio:    0.00 (Cumulative area) 

    Layer: met2
      Partial area ratio:    5.13
      Required ratio:    0.00 (Gate area) 
      Cumulative area ratio:    7.99
      Required ratio:    0.00 (Cumulative area) 
      Partial area ratio:   24.90
      Required ratio: 2956.40 (Side area) 
      Cumulative area ratio:   38.45
      Required ratio:    0.00 (Cumulative side area) 

    Layer: via2
      Partial area ratio:    0.16
      Required ratio:   38.08 (Gate area) 
      Cumulative area ratio:    0.46
      Required ratio:    0.00 (Cumulative area) 

    Layer: met3
      Partial area ratio:   39.19
      Required ratio:    0.00 (Gate area) 
      Cumulative area ratio:   47.18
      Required ratio:    0.00 (Cumulative area) 
      Partial area ratio:  209.65
      Required ratio: 2956.40 (Side area) 
      Cumulative area ratio:  248.10
      Required ratio:    0.00 (Cumulative side area) 



Net: add_mantisa\[9\]
  Pin:   _26042_/A1 (sky130_fd_sc_hd__o211a_1)
    Layer: mcon
      Partial area ratio:    0.12
      Required ratio:    3.00 (Gate area) 
      Cumulative area ratio:    0.12
      Required ratio:    0.00 (Cumulative area) 

    Layer: met1
      Partial area ratio:    2.74
      Required ratio:    0.00 (Gate area) 
      Cumulative area ratio:    2.74
      Required ratio:    0.00 (Cumulative area) 
      Partial area ratio:   12.95
      Required ratio:  400.00 (Side area) 
      Cumulative area ratio:   12.95
      Required ratio:    0.00 (Cumulative side area) 

    Layer: via
      Partial area ratio:    0.18
      Required ratio:    6.00 (Gate area) 
      Cumulative area ratio:    0.30
      Required ratio:    0.00 (Cumulative area) 

    Layer: met2
      Partial area ratio:    0.75
      Required ratio:    0.00 (Gate area) 
      Cumulative area ratio:    3.50
      Required ratio:    0.00 (Cumulative area) 
      Partial area ratio:    3.48
      Required ratio:  400.00 (Side area) 
      Cumulative area ratio:   16.43
      Required ratio:    0.00 (Cumulative side area) 

    Layer: via2
      Partial area ratio:    0.16
      Required ratio:    6.00 (Gate area) 
      Cumulative area ratio:    0.46
      Required ratio:    0.00 (Cumulative area) 

    Layer: met3
      Partial area ratio:  125.96
      Required ratio:    0.00 (Gate area) 
      Cumulative area ratio:  129.45
      Required ratio:    0.00 (Cumulative area) 
      Partial area ratio:  673.65
      Required ratio:  400.00 (Side area) (VIOLATED)
      Cumulative area ratio:  690.08
      Required ratio:    0.00 (Cumulative side area) 

    Layer: via3
      Partial area ratio:    0.16
      Required ratio:    6.00 (Gate area) 
      Cumulative area ratio:    0.62
      Required ratio:    0.00 (Cumulative area) 

    Layer: met4
      Partial area ratio:   78.22
      Required ratio:    0.00 (Gate area) 
      Cumulative area ratio:  207.67
      Required ratio:    0.00 (Cumulative area) 
      Partial area ratio:  417.81
      Required ratio: 2778.20 (Side area) 
      Cumulative area ratio: 1107.89
      Required ratio:    0.00 (Cumulative side area) 


  Pin:   _26276_/A1 (sky130_fd_sc_hd__a22o_1)
    Layer: mcon
      Partial area ratio:    0.12
      Required ratio:    3.00 (Gate area) 
      Cumulative area ratio:    0.12
      Required ratio:    0.00 (Cumulative area) 

    Layer: met1
      Partial area ratio:    3.24
      Required ratio:    0.00 (Gate area) 
      Cumulative area ratio:    3.24
      Required ratio:    0.00 (Cumulative area) 
      Partial area ratio:   15.44
      Required ratio:  400.00 (Side area) 
      Cumulative area ratio:   15.44
      Required ratio:    0.00 (Cumulative side area) 

    Layer: via
      Partial area ratio:    0.18
      Required ratio:    6.00 (Gate area) 
      Cumulative area ratio:    0.30
      Required ratio:    0.00 (Cumulative area) 

    Layer: met2
      Partial area ratio:    0.75
      Required ratio:    0.00 (Gate area) 
      Cumulative area ratio:    3.99
      Required ratio:    0.00 (Cumulative area) 
      Partial area ratio:    3.48
      Required ratio:  400.00 (Side area) 
      Cumulative area ratio:   18.92
      Required ratio:    0.00 (Cumulative side area) 

    Layer: via2
      Partial area ratio:    0.16
      Required ratio:    6.00 (Gate area) 
      Cumulative area ratio:    0.46
      Required ratio:    0.00 (Cumulative area) 

    Layer: met3
      Partial area ratio:   33.95
      Required ratio:    0.00 (Gate area) 
      Cumulative area ratio:   37.94
      Required ratio:    0.00 (Cumulative area) 
      Partial area ratio:  182.95
      Required ratio: 2778.20 (Side area) 
      Cumulative area ratio:  201.87
      Required ratio:    0.00 (Cumulative side area) 

    Layer: via3
      Partial area ratio:    0.08
      Required ratio:   22.04 (Gate area) 
      Cumulative area ratio:    0.54
      Required ratio:    0.00 (Cumulative area) 

    Layer: met4
      Partial area ratio:   78.22
      Required ratio:    0.00 (Gate area) 
      Cumulative area ratio:  116.16
      Required ratio:    0.00 (Cumulative area) 
      Partial area ratio:  417.81
      Required ratio: 2778.20 (Side area) 
      Cumulative area ratio:  619.68
      Required ratio:    0.00 (Cumulative side area) 


  Pin:   _26340_/A1 (sky130_fd_sc_hd__a22o_1)
    Layer: mcon
      Partial area ratio:    0.12
      Required ratio:    3.00 (Gate area) 
      Cumulative area ratio:    0.12
      Required ratio:    0.00 (Cumulative area) 

    Layer: met1
      Partial area ratio:    1.23
      Required ratio:    0.00 (Gate area) 
      Cumulative area ratio:    1.23
      Required ratio:    0.00 (Cumulative area) 
      Partial area ratio:    5.40
      Required ratio:  400.00 (Side area) 
      Cumulative area ratio:    5.40
      Required ratio:    0.00 (Cumulative side area) 

    Layer: via
      Partial area ratio:    0.18
      Required ratio:    6.00 (Gate area) 
      Cumulative area ratio:    0.30
      Required ratio:    0.00 (Cumulative area) 

    Layer: met2
      Partial area ratio:    5.55
      Required ratio:    0.00 (Gate area) 
      Cumulative area ratio:    6.78
      Required ratio:    0.00 (Cumulative area) 
      Partial area ratio:   26.74
      Required ratio: 2778.20 (Side area) 
      Cumulative area ratio:   32.14
      Required ratio:    0.00 (Cumulative side area) 

    Layer: via2
      Partial area ratio:    0.32
      Required ratio:   22.04 (Gate area) 
      Cumulative area ratio:    0.62
      Required ratio:    0.00 (Cumulative area) 

    Layer: met3
      Partial area ratio:   33.95
      Required ratio:    0.00 (Gate area) 
      Cumulative area ratio:   40.73
      Required ratio:    0.00 (Cumulative area) 
      Partial area ratio:  182.95
      Required ratio: 2778.20 (Side area) 
      Cumulative area ratio:  215.09
      Required ratio:    0.00 (Cumulative side area) 

    Layer: via3
      Partial area ratio:    0.08
      Required ratio:   22.04 (Gate area) 
      Cumulative area ratio:    0.70
      Required ratio:    0.00 (Cumulative area) 

    Layer: met4
      Partial area ratio:   78.22
      Required ratio:    0.00 (Gate area) 
      Cumulative area ratio:  118.95
      Required ratio:    0.00 (Cumulative area) 
      Partial area ratio:  417.81
      Required ratio: 2778.20 (Side area) 
      Cumulative area ratio:  632.90
      Required ratio:    0.00 (Cumulative side area) 



Net: divider_instance.mantisaBshift\[16\]
  Pin:   fanout1445/A (sky130_fd_sc_hd__buf_4)
    Layer: mcon
      Partial area ratio:    0.12
      Required ratio:    3.00 (Gate area) 
      Cumulative area ratio:    0.12
      Required ratio:    0.00 (Cumulative area) 

    Layer: met1
      Partial area ratio:    2.08
      Required ratio:    0.00 (Gate area) 
      Cumulative area ratio:    2.08
      Required ratio:    0.00 (Cumulative area) 
      Partial area ratio:    9.64
      Required ratio:  400.00 (Side area) 
      Cumulative area ratio:    9.64
      Required ratio:    0.00 (Cumulative side area) 

    Layer: via
      Partial area ratio:    0.18
      Required ratio:    6.00 (Gate area) 
      Cumulative area ratio:    0.30
      Required ratio:    0.00 (Cumulative area) 

    Layer: met2
      Partial area ratio:    0.75
      Required ratio:    0.00 (Gate area) 
      Cumulative area ratio:    2.83
      Required ratio:    0.00 (Cumulative area) 
      Partial area ratio:    3.48
      Required ratio:  400.00 (Side area) 
      Cumulative area ratio:   13.12
      Required ratio:    0.00 (Cumulative side area) 

    Layer: via2
      Partial area ratio:    0.16
      Required ratio:    6.00 (Gate area) 
      Cumulative area ratio:    0.46
      Required ratio:    0.00 (Cumulative area) 

    Layer: met3
      Partial area ratio:  243.05
      Required ratio:    0.00 (Gate area) 
      Cumulative area ratio:  245.88
      Required ratio:    0.00 (Cumulative area) 
      Partial area ratio: 1298.13
      Required ratio:  400.00 (Side area) (VIOLATED)
      Cumulative area ratio: 1311.26
      Required ratio:    0.00 (Cumulative side area) 

    Layer: via3
      Partial area ratio:    0.16
      Required ratio:    6.00 (Gate area) 
      Cumulative area ratio:    0.62
      Required ratio:    0.00 (Cumulative area) 

    Layer: met4
      Partial area ratio:  164.78
      Required ratio:    0.00 (Gate area) 
      Cumulative area ratio:  410.66
      Required ratio:    0.00 (Cumulative area) 
      Partial area ratio:  879.56
      Required ratio: 2956.40 (Side area) 
      Cumulative area ratio: 2190.82
      Required ratio:    0.00 (Cumulative side area) 


  Pin:   fanout1447/A (sky130_fd_sc_hd__buf_2)
    Layer: mcon
      Partial area ratio:    0.18
      Required ratio:    3.00 (Gate area) 
      Cumulative area ratio:    0.18
      Required ratio:    0.00 (Cumulative area) 

    Layer: met1
      Partial area ratio:    9.50
      Required ratio:    0.00 (Gate area) 
      Cumulative area ratio:    9.50
      Required ratio:    0.00 (Cumulative area) 
      Partial area ratio:   46.34
      Required ratio:  400.00 (Side area) 
      Cumulative area ratio:   46.34
      Required ratio:    0.00 (Cumulative side area) 

    Layer: via
      Partial area ratio:    0.28
      Required ratio:    6.00 (Gate area) 
      Cumulative area ratio:    0.46
      Required ratio:    0.00 (Cumulative area) 

    Layer: met2
      Partial area ratio:    7.99
      Required ratio:    0.00 (Gate area) 
      Cumulative area ratio:   17.49
      Required ratio:    0.00 (Cumulative area) 
      Partial area ratio:   38.76
      Required ratio: 2956.40 (Side area) 
      Cumulative area ratio:   85.10
      Required ratio:    0.00 (Cumulative side area) 

    Layer: via2
      Partial area ratio:    0.25
      Required ratio:   38.08 (Gate area) 
      Cumulative area ratio:    0.72
      Required ratio:    0.00 (Cumulative area) 

    Layer: met3
      Partial area ratio:    0.79
      Required ratio:    0.00 (Gate area) 
      Cumulative area ratio:   18.28
      Required ratio:    0.00 (Cumulative area) 
      Partial area ratio:    7.14
      Required ratio: 2956.40 (Side area) 
      Cumulative area ratio:   92.25
      Required ratio:    0.00 (Cumulative side area) 

    Layer: via3
      Partial area ratio:    0.25
      Required ratio:   38.08 (Gate area) 
      Cumulative area ratio:    0.97
      Required ratio:    0.00 (Cumulative area) 

    Layer: met4
      Partial area ratio:  164.78
      Required ratio:    0.00 (Gate area) 
      Cumulative area ratio:  183.06
      Required ratio:    0.00 (Cumulative area) 
      Partial area ratio:  879.56
      Required ratio: 2956.40 (Side area) 
      Cumulative area ratio:  971.80
      Required ratio:    0.00 (Cumulative side area) 


  Pin:   fanout1452/A (sky130_fd_sc_hd__buf_4)
    Layer: mcon
      Partial area ratio:    0.12
      Required ratio:    3.00 (Gate area) 
      Cumulative area ratio:    0.12
      Required ratio:    0.00 (Cumulative area) 

    Layer: met1
      Partial area ratio:    1.77
      Required ratio:    0.00 (Gate area) 
      Cumulative area ratio:    1.77
      Required ratio:    0.00 (Cumulative area) 
      Partial area ratio:    8.12
      Required ratio:  400.00 (Side area) 
      Cumulative area ratio:    8.12
      Required ratio:    0.00 (Cumulative side area) 

    Layer: via
      Partial area ratio:    0.18
      Required ratio:    6.00 (Gate area) 
      Cumulative area ratio:    0.30
      Required ratio:    0.00 (Cumulative area) 

    Layer: met2
      Partial area ratio:    0.75
      Required ratio:    0.00 (Gate area) 
      Cumulative area ratio:    2.53
      Required ratio:    0.00 (Cumulative area) 
      Partial area ratio:    3.48
      Required ratio:  400.00 (Side area) 
      Cumulative area ratio:   11.60
      Required ratio:    0.00 (Cumulative side area) 

    Layer: via2
      Partial area ratio:    0.16
      Required ratio:    6.00 (Gate area) 
      Cumulative area ratio:    0.46
      Required ratio:    0.00 (Cumulative area) 

    Layer: met3
      Partial area ratio:    0.50
      Required ratio:    0.00 (Gate area) 
      Cumulative area ratio:    3.03
      Required ratio:    0.00 (Cumulative area) 
      Partial area ratio:    4.59
      Required ratio:  400.00 (Side area) 
      Cumulative area ratio:   16.19
      Required ratio:    0.00 (Cumulative side area) 

    Layer: via3
      Partial area ratio:    0.16
      Required ratio:    6.00 (Gate area) 
      Cumulative area ratio:    0.62
      Required ratio:    0.00 (Cumulative area) 

    Layer: met4
      Partial area ratio:  164.78
      Required ratio:    0.00 (Gate area) 
      Cumulative area ratio:  167.82
      Required ratio:    0.00 (Cumulative area) 
      Partial area ratio:  879.56
      Required ratio: 2956.40 (Side area) 
      Cumulative area ratio:  895.75
      Required ratio:    0.00 (Cumulative side area) 



Net: mult_mantisa\[16\]
  Pin:   _26119_/A1 (sky130_fd_sc_hd__mux2_1)
    Layer: mcon
      Partial area ratio:    0.23
      Required ratio:    3.00 (Gate area) 
      Cumulative area ratio:    0.23
      Required ratio:    0.00 (Cumulative area) 

    Layer: met1
      Partial area ratio:    7.48
      Required ratio:    0.00 (Gate area) 
      Cumulative area ratio:    7.48
      Required ratio:    0.00 (Cumulative area) 
      Partial area ratio:   35.94
      Required ratio:  400.00 (Side area) 
      Cumulative area ratio:   35.94
      Required ratio:    0.00 (Cumulative side area) 

    Layer: via
      Partial area ratio:    0.36
      Required ratio:    6.00 (Gate area) 
      Cumulative area ratio:    0.59
      Required ratio:    0.00 (Cumulative area) 

    Layer: met2
      Partial area ratio:    1.48
      Required ratio:    0.00 (Gate area) 
      Cumulative area ratio:    8.97
      Required ratio:    0.00 (Cumulative area) 
      Partial area ratio:    6.83
      Required ratio:  400.00 (Side area) 
      Cumulative area ratio:   42.78
      Required ratio:    0.00 (Cumulative side area) 

    Layer: via2
      Partial area ratio:    0.32
      Required ratio:    6.00 (Gate area) 
      Cumulative area ratio:    0.90
      Required ratio:    0.00 (Cumulative area) 

    Layer: met3
      Partial area ratio:   83.13
      Required ratio:    0.00 (Gate area) 
      Cumulative area ratio:   92.09
      Required ratio:    0.00 (Cumulative area) 
      Partial area ratio:  447.05
      Required ratio:  400.00 (Side area) (VIOLATED)
      Cumulative area ratio:  489.83
      Required ratio:    0.00 (Cumulative side area) 

    Layer: via3
      Partial area ratio:    0.32
      Required ratio:    6.00 (Gate area) 
      Cumulative area ratio:    1.22
      Required ratio:    0.00 (Cumulative area) 

    Layer: met4
      Partial area ratio:   33.80
      Required ratio:    0.00 (Gate area) 
      Cumulative area ratio:  125.89
      Required ratio:    0.00 (Cumulative area) 
      Partial area ratio:  184.00
      Required ratio: 2771.60 (Side area) 
      Cumulative area ratio:  673.83
      Required ratio:    0.00 (Cumulative side area) 



Net: reorder_buf_instance.value0\[12\]
  Pin:   _26047_/A (sky130_fd_sc_hd__or2_1)
    Layer: mcon
      Partial area ratio:    0.23
      Required ratio:    3.00 (Gate area) 
      Cumulative area ratio:    0.23
      Required ratio:    0.00 (Cumulative area) 

    Layer: met1
      Partial area ratio:   11.54
      Required ratio:    0.00 (Gate area) 
      Cumulative area ratio:   11.54
      Required ratio:    0.00 (Cumulative area) 
      Partial area ratio:   56.24
      Required ratio:  400.00 (Side area) 
      Cumulative area ratio:   56.24
      Required ratio:    0.00 (Cumulative side area) 

    Layer: via
      Partial area ratio:    0.36
      Required ratio:    6.00 (Gate area) 
      Cumulative area ratio:    0.59
      Required ratio:    0.00 (Cumulative area) 

    Layer: met2
      Partial area ratio:   10.09
      Required ratio:    0.00 (Gate area) 
      Cumulative area ratio:   21.63
      Required ratio:    0.00 (Cumulative area) 
      Partial area ratio:   48.92
      Required ratio: 2771.60 (Side area) 
      Cumulative area ratio:  105.16
      Required ratio:    0.00 (Cumulative side area) 

    Layer: via2
      Partial area ratio:    0.32
      Required ratio:   21.44 (Gate area) 
      Cumulative area ratio:    0.90
      Required ratio:    0.00 (Cumulative area) 

    Layer: met3
      Partial area ratio:    0.99
      Required ratio:    0.00 (Gate area) 
      Cumulative area ratio:   22.62
      Required ratio:    0.00 (Cumulative area) 
      Partial area ratio:    9.02
      Required ratio: 2771.60 (Side area) 
      Cumulative area ratio:  114.17
      Required ratio:    0.00 (Cumulative side area) 

    Layer: via3
      Partial area ratio:    0.32
      Required ratio:   21.44 (Gate area) 
      Cumulative area ratio:    1.22
      Required ratio:    0.00 (Cumulative area) 

    Layer: met4
      Partial area ratio:   24.78
      Required ratio:    0.00 (Gate area) 
      Cumulative area ratio:   47.40
      Required ratio:    0.00 (Cumulative area) 
      Partial area ratio:  133.52
      Required ratio: 2771.60 (Side area) 
      Cumulative area ratio:  247.69
      Required ratio:    0.00 (Cumulative side area) 


  Pin:   fanout1959/A (sky130_fd_sc_hd__clkbuf_2)
    Layer: mcon
      Partial area ratio:    0.14
      Required ratio:    3.00 (Gate area) 
      Cumulative area ratio:    0.14
      Required ratio:    0.00 (Cumulative area) 

    Layer: met1
      Partial area ratio:   20.76
      Required ratio:    0.00 (Gate area) 
      Cumulative area ratio:   20.76
      Required ratio:    0.00 (Cumulative area) 
      Partial area ratio:  102.95
      Required ratio:  400.00 (Side area) 
      Cumulative area ratio:  102.95
      Required ratio:    0.00 (Cumulative side area) 

    Layer: via
      Partial area ratio:    0.21
      Required ratio:    6.00 (Gate area) 
      Cumulative area ratio:    0.35
      Required ratio:    0.00 (Cumulative area) 

    Layer: met2
      Partial area ratio:    0.88
      Required ratio:    0.00 (Gate area) 
      Cumulative area ratio:   21.64
      Required ratio:    0.00 (Cumulative area) 
      Partial area ratio:    4.04
      Required ratio:  400.00 (Side area) 
      Cumulative area ratio:  106.99
      Required ratio:    0.00 (Cumulative side area) 

    Layer: via2
      Partial area ratio:    0.19
      Required ratio:    6.00 (Gate area) 
      Cumulative area ratio:    0.53
      Required ratio:    0.00 (Cumulative area) 

    Layer: met3
      Partial area ratio:  165.79
      Required ratio:    0.00 (Gate area) 
      Cumulative area ratio:  187.43
      Required ratio:    0.00 (Cumulative area) 
      Partial area ratio:  886.42
      Required ratio:  400.00 (Side area) (VIOLATED)
      Cumulative area ratio:  993.41
      Required ratio:    0.00 (Cumulative side area) 

    Layer: via3
      Partial area ratio:    0.19
      Required ratio:    6.00 (Gate area) 
      Cumulative area ratio:    0.72
      Required ratio:    0.00 (Cumulative area) 

    Layer: met4
      Partial area ratio:   24.78
      Required ratio:    0.00 (Gate area) 
      Cumulative area ratio:  212.21
      Required ratio:    0.00 (Cumulative area) 
      Partial area ratio:  133.52
      Required ratio: 2771.60 (Side area) 
      Cumulative area ratio: 1126.93
      Required ratio:    0.00 (Cumulative side area) 



Net: reorder_buf_instance.value0\[16\]
  Pin:   _26055_/A (sky130_fd_sc_hd__or2_1)
    Layer: mcon
      Partial area ratio:    0.23
      Required ratio:    3.00 (Gate area) 
      Cumulative area ratio:    0.23
      Required ratio:    0.00 (Cumulative area) 

    Layer: met1
      Partial area ratio:   11.98
      Required ratio:    0.00 (Gate area) 
      Cumulative area ratio:   11.98
      Required ratio:    0.00 (Cumulative area) 
      Partial area ratio:   57.03
      Required ratio: 2778.20 (Side area) 
      Cumulative area ratio:   57.03
      Required ratio:    0.00 (Cumulative side area) 

    Layer: via
      Partial area ratio:    0.54
      Required ratio:   22.04 (Gate area) 
      Cumulative area ratio:    0.77
      Required ratio:    0.00 (Cumulative area) 

    Layer: met2
      Partial area ratio:   17.75
      Required ratio:    0.00 (Gate area) 
      Cumulative area ratio:   29.73
      Required ratio:    0.00 (Cumulative area) 
      Partial area ratio:   87.25
      Required ratio: 2778.20 (Side area) 
      Cumulative area ratio:  144.28
      Required ratio:    0.00 (Cumulative side area) 

    Layer: via2
      Partial area ratio:    0.32
      Required ratio:   22.04 (Gate area) 
      Cumulative area ratio:    1.08
      Required ratio:    0.00 (Cumulative area) 

    Layer: met3
      Partial area ratio:  148.84
      Required ratio:    0.00 (Gate area) 
      Cumulative area ratio:  178.57
      Required ratio:    0.00 (Cumulative area) 
      Partial area ratio:  797.52
      Required ratio: 2778.20 (Side area) 
      Cumulative area ratio:  941.80
      Required ratio:    0.00 (Cumulative side area) 

    Layer: via3
      Partial area ratio:    0.32
      Required ratio:   22.04 (Gate area) 
      Cumulative area ratio:    1.40
      Required ratio:    0.00 (Cumulative area) 

    Layer: met4
      Partial area ratio:   15.43
      Required ratio:    0.00 (Gate area) 
      Cumulative area ratio:  194.00
      Required ratio:    0.00 (Cumulative area) 
      Partial area ratio:   84.00
      Required ratio: 2778.20 (Side area) 
      Cumulative area ratio: 1025.80
      Required ratio:    0.00 (Cumulative side area) 


  Pin:   fanout1950/A (sky130_fd_sc_hd__clkbuf_4)
    Layer: mcon
      Partial area ratio:    0.14
      Required ratio:    3.00 (Gate area) 
      Cumulative area ratio:    0.14
      Required ratio:    0.00 (Cumulative area) 

    Layer: met1
      Partial area ratio:    3.18
      Required ratio:    0.00 (Gate area) 
      Cumulative area ratio:    3.18
      Required ratio:    0.00 (Cumulative area) 
      Partial area ratio:   15.04
      Required ratio:  400.00 (Side area) 
      Cumulative area ratio:   15.04
      Required ratio:    0.00 (Cumulative side area) 

    Layer: via
      Partial area ratio:    0.21
      Required ratio:    6.00 (Gate area) 
      Cumulative area ratio:    0.35
      Required ratio:    0.00 (Cumulative area) 

    Layer: met2
      Partial area ratio:    0.88
      Required ratio:    0.00 (Gate area) 
      Cumulative area ratio:    4.06
      Required ratio:    0.00 (Cumulative area) 
      Partial area ratio:    4.04
      Required ratio:  400.00 (Side area) 
      Cumulative area ratio:   19.08
      Required ratio:    0.00 (Cumulative side area) 

    Layer: via2
      Partial area ratio:    0.19
      Required ratio:    6.00 (Gate area) 
      Cumulative area ratio:    0.53
      Required ratio:    0.00 (Cumulative area) 

    Layer: met3
      Partial area ratio:   88.12
      Required ratio:    0.00 (Gate area) 
      Cumulative area ratio:   92.18
      Required ratio:    0.00 (Cumulative area) 
      Partial area ratio:  472.11
      Required ratio:  400.00 (Side area) (VIOLATED)
      Cumulative area ratio:  491.19
      Required ratio:    0.00 (Cumulative side area) 

    Layer: via3
      Partial area ratio:    0.38
      Required ratio:    6.00 (Gate area) 
      Cumulative area ratio:    0.91
      Required ratio:    0.00 (Cumulative area) 

    Layer: met4
      Partial area ratio:   15.43
      Required ratio:    0.00 (Gate area) 
      Cumulative area ratio:  107.61
      Required ratio:    0.00 (Cumulative area) 
      Partial area ratio:   84.00
      Required ratio: 2778.20 (Side area) 
      Cumulative area ratio:  575.19
      Required ratio:    0.00 (Cumulative side area) 


  Pin:   fanout1951/A (sky130_fd_sc_hd__clkbuf_2)
    Layer: mcon
      Partial area ratio:    0.14
      Required ratio:    3.00 (Gate area) 
      Cumulative area ratio:    0.14
      Required ratio:    0.00 (Cumulative area) 

    Layer: met1
      Partial area ratio:    2.67
      Required ratio:    0.00 (Gate area) 
      Cumulative area ratio:    2.67
      Required ratio:    0.00 (Cumulative area) 
      Partial area ratio:   12.47
      Required ratio:  400.00 (Side area) 
      Cumulative area ratio:   12.47
      Required ratio:    0.00 (Cumulative side area) 

    Layer: via
      Partial area ratio:    0.21
      Required ratio:    6.00 (Gate area) 
      Cumulative area ratio:    0.35
      Required ratio:    0.00 (Cumulative area) 

    Layer: met2
      Partial area ratio:    0.88
      Required ratio:    0.00 (Gate area) 
      Cumulative area ratio:    3.55
      Required ratio:    0.00 (Cumulative area) 
      Partial area ratio:    4.04
      Required ratio:  400.00 (Side area) 
      Cumulative area ratio:   16.51
      Required ratio:    0.00 (Cumulative side area) 

    Layer: via2
      Partial area ratio:    0.19
      Required ratio:    6.00 (Gate area) 
      Cumulative area ratio:    0.53
      Required ratio:    0.00 (Cumulative area) 

    Layer: met3
      Partial area ratio:   39.46
      Required ratio:    0.00 (Gate area) 
      Cumulative area ratio:   43.00
      Required ratio:    0.00 (Cumulative area) 
      Partial area ratio:  212.62
      Required ratio:  400.00 (Side area) 
      Cumulative area ratio:  229.13
      Required ratio:    0.00 (Cumulative side area) 

    Layer: via3
      Partial area ratio:    0.19
      Required ratio:    6.00 (Gate area) 
      Cumulative area ratio:    0.72
      Required ratio:    0.00 (Cumulative area) 

    Layer: met4
      Partial area ratio:   15.43
      Required ratio:    0.00 (Gate area) 
      Cumulative area ratio:   58.43
      Required ratio:    0.00 (Cumulative area) 
      Partial area ratio:   84.00
      Required ratio: 2778.20 (Side area) 
      Cumulative area ratio:  313.13
      Required ratio:    0.00 (Cumulative side area) 



Net: reorder_buf_instance.value0\[17\]
  Pin:   _26057_/A (sky130_fd_sc_hd__or2_1)
    Layer: mcon
      Partial area ratio:    0.23
      Required ratio:    3.00 (Gate area) 
      Cumulative area ratio:    0.23
      Required ratio:    0.00 (Cumulative area) 

    Layer: met1
      Partial area ratio:   14.18
      Required ratio:    0.00 (Gate area) 
      Cumulative area ratio:   14.18
      Required ratio:    0.00 (Cumulative area) 
      Partial area ratio:   67.34
      Required ratio: 2771.60 (Side area) 
      Cumulative area ratio:   67.34
      Required ratio:    0.00 (Cumulative side area) 

    Layer: via
      Partial area ratio:    0.54
      Required ratio:   21.44 (Gate area) 
      Cumulative area ratio:    0.77
      Required ratio:    0.00 (Cumulative area) 

    Layer: met2
      Partial area ratio:    2.14
      Required ratio:    0.00 (Gate area) 
      Cumulative area ratio:   16.32
      Required ratio:    0.00 (Cumulative area) 
      Partial area ratio:   10.06
      Required ratio: 2771.60 (Side area) 
      Cumulative area ratio:   77.40
      Required ratio:    0.00 (Cumulative side area) 

    Layer: via2
      Partial area ratio:    0.32
      Required ratio:   21.44 (Gate area) 
      Cumulative area ratio:    1.08
      Required ratio:    0.00 (Cumulative area) 

    Layer: met3
      Partial area ratio:   17.41
      Required ratio:    0.00 (Gate area) 
      Cumulative area ratio:   33.73
      Required ratio:    0.00 (Cumulative area) 
      Partial area ratio:   96.57
      Required ratio: 2771.60 (Side area) 
      Cumulative area ratio:  173.97
      Required ratio:    0.00 (Cumulative side area) 

    Layer: via3
      Partial area ratio:    0.32
      Required ratio:   21.44 (Gate area) 
      Cumulative area ratio:    1.40
      Required ratio:    0.00 (Cumulative area) 

    Layer: met4
      Partial area ratio:   49.18
      Required ratio:    0.00 (Gate area) 
      Cumulative area ratio:   82.91
      Required ratio:    0.00 (Cumulative area) 
      Partial area ratio:  264.00
      Required ratio: 2771.60 (Side area) 
      Cumulative area ratio:  437.97
      Required ratio:    0.00 (Cumulative side area) 


  Pin:   fanout1948/A (sky130_fd_sc_hd__clkbuf_4)
    Layer: mcon
      Partial area ratio:    0.14
      Required ratio:    3.00 (Gate area) 
      Cumulative area ratio:    0.14
      Required ratio:    0.00 (Cumulative area) 

    Layer: met1
      Partial area ratio:    1.49
      Required ratio:    0.00 (Gate area) 
      Cumulative area ratio:    1.49
      Required ratio:    0.00 (Cumulative area) 
      Partial area ratio:    6.82
      Required ratio:  400.00 (Side area) 
      Cumulative area ratio:    6.82
      Required ratio:    0.00 (Cumulative side area) 

    Layer: via
      Partial area ratio:    0.17
      Required ratio:    6.00 (Gate area) 
      Cumulative area ratio:    0.30
      Required ratio:    0.00 (Cumulative area) 

    Layer: met2
      Partial area ratio:    0.61
      Required ratio:    0.00 (Gate area) 
      Cumulative area ratio:    2.09
      Required ratio:    0.00 (Cumulative area) 
      Partial area ratio:    2.40
      Required ratio:  400.00 (Side area) 
      Cumulative area ratio:    9.22
      Required ratio:    0.00 (Cumulative side area) 

    Layer: via2
      Partial area ratio:    0.19
      Required ratio:    6.00 (Gate area) 
      Cumulative area ratio:    0.49
      Required ratio:    0.00 (Cumulative area) 

    Layer: met3
      Partial area ratio:   88.08
      Required ratio:    0.00 (Gate area) 
      Cumulative area ratio:   90.18
      Required ratio:    0.00 (Cumulative area) 
      Partial area ratio:  471.92
      Required ratio:  400.00 (Side area) (VIOLATED)
      Cumulative area ratio:  481.14
      Required ratio:    0.00 (Cumulative side area) 

    Layer: via3
      Partial area ratio:    0.38
      Required ratio:    6.00 (Gate area) 
      Cumulative area ratio:    0.87
      Required ratio:    0.00 (Cumulative area) 

    Layer: met4
      Partial area ratio:   49.18
      Required ratio:    0.00 (Gate area) 
      Cumulative area ratio:  139.36
      Required ratio:    0.00 (Cumulative area) 
      Partial area ratio:  264.00
      Required ratio: 2771.60 (Side area) 
      Cumulative area ratio:  745.14
      Required ratio:    0.00 (Cumulative side area) 


  Pin:   fanout1949/A (sky130_fd_sc_hd__clkbuf_2)
    Layer: mcon
      Partial area ratio:    0.14
      Required ratio:    3.00 (Gate area) 
      Cumulative area ratio:    0.14
      Required ratio:    0.00 (Cumulative area) 

    Layer: met1
      Partial area ratio:    3.00
      Required ratio:    0.00 (Gate area) 
      Cumulative area ratio:    3.00
      Required ratio:    0.00 (Cumulative area) 
      Partial area ratio:   14.12
      Required ratio:  400.00 (Side area) 
      Cumulative area ratio:   14.12
      Required ratio:    0.00 (Cumulative side area) 

    Layer: via
      Partial area ratio:    0.21
      Required ratio:    6.00 (Gate area) 
      Cumulative area ratio:    0.35
      Required ratio:    0.00 (Cumulative area) 

    Layer: met2
      Partial area ratio:   10.11
      Required ratio:    0.00 (Gate area) 
      Cumulative area ratio:   13.11
      Required ratio:    0.00 (Cumulative area) 
      Partial area ratio:   49.71
      Required ratio:  400.00 (Side area) 
      Cumulative area ratio:   63.82
      Required ratio:    0.00 (Cumulative side area) 

    Layer: via2
      Partial area ratio:    0.19
      Required ratio:    6.00 (Gate area) 
      Cumulative area ratio:    0.53
      Required ratio:    0.00 (Cumulative area) 

    Layer: met3
      Partial area ratio:   58.89
      Required ratio:    0.00 (Gate area) 
      Cumulative area ratio:   72.00
      Required ratio:    0.00 (Cumulative area) 
      Partial area ratio:  316.28
      Required ratio:  400.00 (Side area) 
      Cumulative area ratio:  380.10
      Required ratio:    0.00 (Cumulative side area) 

    Layer: via3
      Partial area ratio:    0.19
      Required ratio:    6.00 (Gate area) 
      Cumulative area ratio:    0.72
      Required ratio:    0.00 (Cumulative area) 

    Layer: met4
      Partial area ratio:   49.18
      Required ratio:    0.00 (Gate area) 
      Cumulative area ratio:  121.18
      Required ratio:    0.00 (Cumulative area) 
      Partial area ratio:  264.00
      Required ratio: 2771.60 (Side area) 
      Cumulative area ratio:  644.10
      Required ratio:    0.00 (Cumulative side area) 



Net: reorder_buf_instance.value0\[7\]
  Pin:   _26037_/A (sky130_fd_sc_hd__or2_1)
    Layer: mcon
      Partial area ratio:    0.23
      Required ratio:    3.00 (Gate area) 
      Cumulative area ratio:    0.23
      Required ratio:    0.00 (Cumulative area) 

    Layer: met1
      Partial area ratio:   12.60
      Required ratio:    0.00 (Gate area) 
      Cumulative area ratio:   12.60
      Required ratio:    0.00 (Cumulative area) 
      Partial area ratio:   60.14
      Required ratio: 2771.60 (Side area) 
      Cumulative area ratio:   60.14
      Required ratio:    0.00 (Cumulative side area) 

    Layer: via
      Partial area ratio:    0.54
      Required ratio:   21.44 (Gate area) 
      Cumulative area ratio:    0.77
      Required ratio:    0.00 (Cumulative area) 

    Layer: met2
      Partial area ratio:    2.14
      Required ratio:    0.00 (Gate area) 
      Cumulative area ratio:   14.74
      Required ratio:    0.00 (Cumulative area) 
      Partial area ratio:   10.06
      Required ratio: 2771.60 (Side area) 
      Cumulative area ratio:   70.19
      Required ratio:    0.00 (Cumulative side area) 

    Layer: via2
      Partial area ratio:    0.32
      Required ratio:   21.44 (Gate area) 
      Cumulative area ratio:    1.08
      Required ratio:    0.00 (Cumulative area) 

    Layer: met3
      Partial area ratio:  148.84
      Required ratio:    0.00 (Gate area) 
      Cumulative area ratio:  163.58
      Required ratio:    0.00 (Cumulative area) 
      Partial area ratio:  797.52
      Required ratio: 2771.60 (Side area) 
      Cumulative area ratio:  867.72
      Required ratio:    0.00 (Cumulative side area) 

    Layer: via3
      Partial area ratio:    0.32
      Required ratio:   21.44 (Gate area) 
      Cumulative area ratio:    1.40
      Required ratio:    0.00 (Cumulative area) 

    Layer: met4
      Partial area ratio:    6.46
      Required ratio:    0.00 (Gate area) 
      Cumulative area ratio:  170.04
      Required ratio:    0.00 (Cumulative area) 
      Partial area ratio:   35.82
      Required ratio: 2771.60 (Side area) 
      Cumulative area ratio:  903.54
      Required ratio:    0.00 (Cumulative side area) 


  Pin:   fanout1969/A (sky130_fd_sc_hd__clkbuf_2)
    Layer: mcon
      Partial area ratio:    0.14
      Required ratio:    3.00 (Gate area) 
      Cumulative area ratio:    0.14
      Required ratio:    0.00 (Cumulative area) 

    Layer: met1
      Partial area ratio:    4.02
      Required ratio:    0.00 (Gate area) 
      Cumulative area ratio:    4.02
      Required ratio:    0.00 (Cumulative area) 
      Partial area ratio:   19.24
      Required ratio:  400.00 (Side area) 
      Cumulative area ratio:   19.24
      Required ratio:    0.00 (Cumulative side area) 

    Layer: via
      Partial area ratio:    0.21
      Required ratio:    6.00 (Gate area) 
      Cumulative area ratio:    0.35
      Required ratio:    0.00 (Cumulative area) 

    Layer: met2
      Partial area ratio:    5.58
      Required ratio:    0.00 (Gate area) 
      Cumulative area ratio:    9.60
      Required ratio:    0.00 (Cumulative area) 
      Partial area ratio:   27.03
      Required ratio:  400.00 (Side area) 
      Cumulative area ratio:   46.27
      Required ratio:    0.00 (Cumulative side area) 

    Layer: via2
      Partial area ratio:    0.19
      Required ratio:    6.00 (Gate area) 
      Cumulative area ratio:    0.53
      Required ratio:    0.00 (Cumulative area) 

    Layer: met3
      Partial area ratio:   78.33
      Required ratio:    0.00 (Gate area) 
      Cumulative area ratio:   87.93
      Required ratio:    0.00 (Cumulative area) 
      Partial area ratio:  419.94
      Required ratio:  400.00 (Side area) (VIOLATED)
      Cumulative area ratio:  466.22
      Required ratio:    0.00 (Cumulative side area) 

    Layer: via3
      Partial area ratio:    0.19
      Required ratio:    6.00 (Gate area) 
      Cumulative area ratio:    0.72
      Required ratio:    0.00 (Cumulative area) 

    Layer: met4
      Partial area ratio:    6.46
      Required ratio:    0.00 (Gate area) 
      Cumulative area ratio:   94.38
      Required ratio:    0.00 (Cumulative area) 
      Partial area ratio:   35.82
      Required ratio: 2771.60 (Side area) 
      Cumulative area ratio:  502.04
      Required ratio:    0.00 (Cumulative side area) 



Net: reorder_buf_instance.value0\[9\]
  Pin:   _26041_/A (sky130_fd_sc_hd__or2_1)
    Layer: mcon
      Partial area ratio:    0.23
      Required ratio:    3.00 (Gate area) 
      Cumulative area ratio:    0.23
      Required ratio:    0.00 (Cumulative area) 

    Layer: met1
      Partial area ratio:   13.80
      Required ratio:    0.00 (Gate area) 
      Cumulative area ratio:   13.80
      Required ratio:    0.00 (Cumulative area) 
      Partial area ratio:   66.16
      Required ratio: 2778.20 (Side area) 
      Cumulative area ratio:   66.16
      Required ratio:    0.00 (Cumulative side area) 

    Layer: via
      Partial area ratio:    0.54
      Required ratio:   22.04 (Gate area) 
      Cumulative area ratio:    0.77
      Required ratio:    0.00 (Cumulative area) 

    Layer: met2
      Partial area ratio:    2.14
      Required ratio:    0.00 (Gate area) 
      Cumulative area ratio:   15.95
      Required ratio:    0.00 (Cumulative area) 
      Partial area ratio:   10.06
      Required ratio: 2778.20 (Side area) 
      Cumulative area ratio:   76.21
      Required ratio:    0.00 (Cumulative side area) 

    Layer: via2
      Partial area ratio:    0.32
      Required ratio:   22.04 (Gate area) 
      Cumulative area ratio:    1.08
      Required ratio:    0.00 (Cumulative area) 

    Layer: met3
      Partial area ratio:    0.99
      Required ratio:    0.00 (Gate area) 
      Cumulative area ratio:   16.94
      Required ratio:    0.00 (Cumulative area) 
      Partial area ratio:    9.02
      Required ratio: 2778.20 (Side area) 
      Cumulative area ratio:   85.23
      Required ratio:    0.00 (Cumulative side area) 

    Layer: via3
      Partial area ratio:    0.32
      Required ratio:   22.04 (Gate area) 
      Cumulative area ratio:    1.40
      Required ratio:    0.00 (Cumulative area) 

    Layer: met4
      Partial area ratio:   11.05
      Required ratio:    0.00 (Gate area) 
      Cumulative area ratio:   27.99
      Required ratio:    0.00 (Cumulative area) 
      Partial area ratio:   29.97
      Required ratio: 2778.20 (Side area) 
      Cumulative area ratio:  115.20
      Required ratio:    0.00 (Cumulative side area) 

    Layer: via4
      Partial area ratio:    5.08
      Required ratio:   22.04 (Gate area) 
      Cumulative area ratio:    6.48
      Required ratio:    0.00 (Cumulative area) 

    Layer: met5
      Partial area ratio:  593.75
      Required ratio:    0.00 (Gate area) 
      Cumulative area ratio:  621.74
      Required ratio:    0.00 (Cumulative area) 
      Partial area ratio:  901.95
      Required ratio: 2778.20 (Side area) 
      Cumulative area ratio: 1017.14
      Required ratio:    0.00 (Cumulative side area) 


  Pin:   fanout1965/A (sky130_fd_sc_hd__clkbuf_2)
    Layer: mcon
      Partial area ratio:    0.14
      Required ratio:    3.00 (Gate area) 
      Cumulative area ratio:    0.14
      Required ratio:    0.00 (Cumulative area) 

    Layer: met1
      Partial area ratio:    4.14
      Required ratio:    0.00 (Gate area) 
      Cumulative area ratio:    4.14
      Required ratio:    0.00 (Cumulative area) 
      Partial area ratio:   19.83
      Required ratio:  400.00 (Side area) 
      Cumulative area ratio:   19.83
      Required ratio:    0.00 (Cumulative side area) 

    Layer: via
      Partial area ratio:    0.21
      Required ratio:    6.00 (Gate area) 
      Cumulative area ratio:    0.35
      Required ratio:    0.00 (Cumulative area) 

    Layer: met2
      Partial area ratio:    0.88
      Required ratio:    0.00 (Gate area) 
      Cumulative area ratio:    5.02
      Required ratio:    0.00 (Cumulative area) 
      Partial area ratio:    4.04
      Required ratio:  400.00 (Side area) 
      Cumulative area ratio:   23.88
      Required ratio:    0.00 (Cumulative side area) 

    Layer: via2
      Partial area ratio:    0.19
      Required ratio:    6.00 (Gate area) 
      Cumulative area ratio:    0.53
      Required ratio:    0.00 (Cumulative area) 

    Layer: met3
      Partial area ratio:    0.59
      Required ratio:    0.00 (Gate area) 
      Cumulative area ratio:    5.60
      Required ratio:    0.00 (Cumulative area) 
      Partial area ratio:    5.33
      Required ratio:  400.00 (Side area) 
      Cumulative area ratio:   29.21
      Required ratio:    0.00 (Cumulative side area) 

    Layer: via3
      Partial area ratio:    0.19
      Required ratio:    6.00 (Gate area) 
      Cumulative area ratio:    0.72
      Required ratio:    0.00 (Cumulative area) 

    Layer: met4
      Partial area ratio:  132.32
      Required ratio:    0.00 (Gate area) 
      Cumulative area ratio:  137.93
      Required ratio:    0.00 (Cumulative area) 
      Partial area ratio:  688.56
      Required ratio:  400.00 (Side area) (VIOLATED)
      Cumulative area ratio:  717.77
      Required ratio:    0.00 (Cumulative side area) 

    Layer: via4
      Partial area ratio:    3.00
      Required ratio:    6.00 (Gate area) 
      Cumulative area ratio:    3.73
      Required ratio:    0.00 (Cumulative area) 

    Layer: met5
      Partial area ratio:  593.75
      Required ratio:    0.00 (Gate area) 
      Cumulative area ratio:  731.67
      Required ratio:    0.00 (Cumulative area) 
      Partial area ratio:  901.95
      Required ratio: 2778.20 (Side area) 
      Cumulative area ratio: 1619.72
      Required ratio:    0.00 (Cumulative side area) 



Net: reorder_buf_instance.value2\[0\]
  Pin:   _26151_/A0 (sky130_fd_sc_hd__mux2_1)
    Layer: mcon
      Partial area ratio:    0.23
      Required ratio:    3.00 (Gate area) 
      Cumulative area ratio:    0.23
      Required ratio:    0.00 (Cumulative area) 

    Layer: met1
      Partial area ratio:   12.30
      Required ratio:    0.00 (Gate area) 
      Cumulative area ratio:   12.30
      Required ratio:    0.00 (Cumulative area) 
      Partial area ratio:   60.02
      Required ratio:  400.00 (Side area) 
      Cumulative area ratio:   60.02
      Required ratio:    0.00 (Cumulative side area) 

    Layer: via
      Partial area ratio:    0.36
      Required ratio:    6.00 (Gate area) 
      Cumulative area ratio:    0.59
      Required ratio:    0.00 (Cumulative area) 

    Layer: met2
      Partial area ratio:   10.09
      Required ratio:    0.00 (Gate area) 
      Cumulative area ratio:   22.38
      Required ratio:    0.00 (Cumulative area) 
      Partial area ratio:   48.92
      Required ratio: 2771.60 (Side area) 
      Cumulative area ratio:  108.93
      Required ratio:    0.00 (Cumulative side area) 

    Layer: via2
      Partial area ratio:    0.32
      Required ratio:   21.44 (Gate area) 
      Cumulative area ratio:    0.90
      Required ratio:    0.00 (Cumulative area) 

    Layer: met3
      Partial area ratio:   33.84
      Required ratio:    0.00 (Gate area) 
      Cumulative area ratio:   56.23
      Required ratio:    0.00 (Cumulative area) 
      Partial area ratio:  184.19
      Required ratio: 2771.60 (Side area) 
      Cumulative area ratio:  293.12
      Required ratio:    0.00 (Cumulative side area) 

    Layer: via3
      Partial area ratio:    0.32
      Required ratio:   21.44 (Gate area) 
      Cumulative area ratio:    1.22
      Required ratio:    0.00 (Cumulative area) 

    Layer: met4
      Partial area ratio:   49.20
      Required ratio:    0.00 (Gate area) 
      Cumulative area ratio:  105.43
      Required ratio:    0.00 (Cumulative area) 
      Partial area ratio:  263.79
      Required ratio: 2771.60 (Side area) 
      Cumulative area ratio:  556.91
      Required ratio:    0.00 (Cumulative side area) 


  Pin:   fanout1855/A (sky130_fd_sc_hd__clkbuf_2)
    Layer: mcon
      Partial area ratio:    0.14
      Required ratio:    3.00 (Gate area) 
      Cumulative area ratio:    0.14
      Required ratio:    0.00 (Cumulative area) 

    Layer: met1
      Partial area ratio:    0.87
      Required ratio:    0.00 (Gate area) 
      Cumulative area ratio:    0.87
      Required ratio:    0.00 (Cumulative area) 
      Partial area ratio:    3.66
      Required ratio:  400.00 (Side area) 
      Cumulative area ratio:    3.66
      Required ratio:    0.00 (Cumulative side area) 

    Layer: via
      Partial area ratio:    0.21
      Required ratio:    6.00 (Gate area) 
      Cumulative area ratio:    0.35
      Required ratio:    0.00 (Cumulative area) 

    Layer: met2
      Partial area ratio:   41.86
      Required ratio:    0.00 (Gate area) 
      Cumulative area ratio:   42.73
      Required ratio:    0.00 (Cumulative area) 
      Partial area ratio:  208.44
      Required ratio:  400.00 (Side area) 
      Cumulative area ratio:  212.10
      Required ratio:    0.00 (Cumulative side area) 

    Layer: via2
      Partial area ratio:    0.19
      Required ratio:    6.00 (Gate area) 
      Cumulative area ratio:    0.53
      Required ratio:    0.00 (Cumulative area) 

    Layer: met3
      Partial area ratio:  233.82
      Required ratio:    0.00 (Gate area) 
      Cumulative area ratio:  276.55
      Required ratio:    0.00 (Cumulative area) 
      Partial area ratio: 1249.24
      Required ratio:  400.00 (Side area) (VIOLATED)
      Cumulative area ratio: 1461.34
      Required ratio:    0.00 (Cumulative side area) 

    Layer: via3
      Partial area ratio:    0.19
      Required ratio:    6.00 (Gate area) 
      Cumulative area ratio:    0.72
      Required ratio:    0.00 (Cumulative area) 

    Layer: met4
      Partial area ratio:   49.20
      Required ratio:    0.00 (Gate area) 
      Cumulative area ratio:  325.75
      Required ratio:    0.00 (Cumulative area) 
      Partial area ratio:  263.79
      Required ratio: 2771.60 (Side area) 
      Cumulative area ratio: 1725.13
      Required ratio:    0.00 (Cumulative side area) 



Net: reorder_buf_instance.value2\[3\]
  Pin:   _26157_/A0 (sky130_fd_sc_hd__mux2_1)
    Layer: mcon
      Partial area ratio:    0.23
      Required ratio:    3.00 (Gate area) 
      Cumulative area ratio:    0.23
      Required ratio:    0.00 (Cumulative area) 

    Layer: met1
      Partial area ratio:   10.14
      Required ratio:    0.00 (Gate area) 
      Cumulative area ratio:   10.14
      Required ratio:    0.00 (Cumulative area) 
      Partial area ratio:   47.82
      Required ratio: 2771.60 (Side area) 
      Cumulative area ratio:   47.82
      Required ratio:    0.00 (Cumulative side area) 

    Layer: via
      Partial area ratio:    0.54
      Required ratio:   21.44 (Gate area) 
      Cumulative area ratio:    0.77
      Required ratio:    0.00 (Cumulative area) 

    Layer: met2
      Partial area ratio:    2.14
      Required ratio:    0.00 (Gate area) 
      Cumulative area ratio:   12.28
      Required ratio:    0.00 (Cumulative area) 
      Partial area ratio:   10.06
      Required ratio: 2771.60 (Side area) 
      Cumulative area ratio:   57.88
      Required ratio:    0.00 (Cumulative side area) 

    Layer: via2
      Partial area ratio:    0.32
      Required ratio:   21.44 (Gate area) 
      Cumulative area ratio:    1.08
      Required ratio:    0.00 (Cumulative area) 

    Layer: met3
      Partial area ratio:   33.84
      Required ratio:    0.00 (Gate area) 
      Cumulative area ratio:   46.12
      Required ratio:    0.00 (Cumulative area) 
      Partial area ratio:  184.19
      Required ratio: 2771.60 (Side area) 
      Cumulative area ratio:  242.07
      Required ratio:    0.00 (Cumulative side area) 

    Layer: via3
      Partial area ratio:    0.32
      Required ratio:   21.44 (Gate area) 
      Cumulative area ratio:    1.40
      Required ratio:    0.00 (Cumulative area) 

    Layer: met4
      Partial area ratio:   12.56
      Required ratio:    0.00 (Gate area) 
      Cumulative area ratio:   58.68
      Required ratio:    0.00 (Cumulative area) 
      Partial area ratio:   68.39
      Required ratio: 2771.60 (Side area) 
      Cumulative area ratio:  310.46
      Required ratio:    0.00 (Cumulative side area) 


  Pin:   fanout1849/A (sky130_fd_sc_hd__clkbuf_2)
    Layer: mcon
      Partial area ratio:    0.14
      Required ratio:    3.00 (Gate area) 
      Cumulative area ratio:    0.14
      Required ratio:    0.00 (Cumulative area) 

    Layer: met1
      Partial area ratio:    2.78
      Required ratio:    0.00 (Gate area) 
      Cumulative area ratio:    2.78
      Required ratio:    0.00 (Cumulative area) 
      Partial area ratio:   13.03
      Required ratio:  400.00 (Side area) 
      Cumulative area ratio:   13.03
      Required ratio:    0.00 (Cumulative side area) 

    Layer: via
      Partial area ratio:    0.21
      Required ratio:    6.00 (Gate area) 
      Cumulative area ratio:    0.35
      Required ratio:    0.00 (Cumulative area) 

    Layer: met2
      Partial area ratio:    0.88
      Required ratio:    0.00 (Gate area) 
      Cumulative area ratio:    3.66
      Required ratio:    0.00 (Cumulative area) 
      Partial area ratio:    4.04
      Required ratio:  400.00 (Side area) 
      Cumulative area ratio:   17.07
      Required ratio:    0.00 (Cumulative side area) 

    Layer: via2
      Partial area ratio:    0.19
      Required ratio:    6.00 (Gate area) 
      Cumulative area ratio:    0.53
      Required ratio:    0.00 (Cumulative area) 

    Layer: met3
      Partial area ratio:  176.63
      Required ratio:    0.00 (Gate area) 
      Cumulative area ratio:  180.28
      Required ratio:    0.00 (Cumulative area) 
      Partial area ratio:  948.62
      Required ratio:  400.00 (Side area) (VIOLATED)
      Cumulative area ratio:  965.69
      Required ratio:    0.00 (Cumulative side area) 

    Layer: via3
      Partial area ratio:    0.19
      Required ratio:    6.00 (Gate area) 
      Cumulative area ratio:    0.72
      Required ratio:    0.00 (Cumulative area) 

    Layer: met4
      Partial area ratio:   12.56
      Required ratio:    0.00 (Gate area) 
      Cumulative area ratio:  192.85
      Required ratio:    0.00 (Cumulative area) 
      Partial area ratio:   68.39
      Required ratio: 2771.60 (Side area) 
      Cumulative area ratio: 1034.08
      Required ratio:    0.00 (Cumulative side area) 



Net: net9
  Pin:   _26284_/B2 (sky130_fd_sc_hd__a22o_1)
    Layer: mcon
      Partial area ratio:    0.12
      Required ratio:    3.00 (Gate area) 
      Cumulative area ratio:    0.12
      Required ratio:    0.00 (Cumulative area) 

    Layer: met1
      Partial area ratio:   23.71
      Required ratio:    0.00 (Gate area) 
      Cumulative area ratio:   23.71
      Required ratio:    0.00 (Cumulative area) 
      Partial area ratio:  117.94
      Required ratio: 2773.88 (Side area) 
      Cumulative area ratio:  117.94
      Required ratio:    0.00 (Cumulative side area) 

    Layer: via
      Partial area ratio:    0.12
      Required ratio:   21.65 (Gate area) 
      Cumulative area ratio:    0.24
      Required ratio:    0.00 (Cumulative area) 

    Layer: met2
      Partial area ratio:   25.65
      Required ratio:    0.00 (Gate area) 
      Cumulative area ratio:   49.36
      Required ratio:    0.00 (Cumulative area) 
      Partial area ratio:  127.69
      Required ratio: 3091.96 (Side area) 
      Cumulative area ratio:  245.63
      Required ratio:    0.00 (Cumulative side area) 

    Layer: via2
      Partial area ratio:    0.04
      Required ratio:   50.28 (Gate area) 
      Cumulative area ratio:    0.28
      Required ratio:    0.00 (Cumulative area) 

    Layer: met3
      Partial area ratio:    0.13
      Required ratio:    0.00 (Gate area) 
      Cumulative area ratio:   49.50
      Required ratio:    0.00 (Cumulative area) 
      Partial area ratio:    1.22
      Required ratio: 3091.96 (Side area) 
      Cumulative area ratio:  246.85
      Required ratio:    0.00 (Cumulative side area) 

    Layer: via3
      Partial area ratio:    0.04
      Required ratio:   50.28 (Gate area) 
      Cumulative area ratio:    0.32
      Required ratio:    0.00 (Cumulative area) 

    Layer: met4
      Partial area ratio:   27.56
      Required ratio:    0.00 (Gate area) 
      Cumulative area ratio:   77.06
      Required ratio:    0.00 (Cumulative area) 
      Partial area ratio:  147.45
      Required ratio: 3091.96 (Side area) 
      Cumulative area ratio:  394.30
      Required ratio:    0.00 (Cumulative side area) 


  Pin:   _26348_/B2 (sky130_fd_sc_hd__a22o_1)
    Layer: mcon
      Partial area ratio:    0.12
      Required ratio:    3.00 (Gate area) 
      Cumulative area ratio:    0.12
      Required ratio:    0.00 (Cumulative area) 

    Layer: met1
      Partial area ratio:    3.18
      Required ratio:    0.00 (Gate area) 
      Cumulative area ratio:    3.18
      Required ratio:    0.00 (Cumulative area) 
      Partial area ratio:   15.16
      Required ratio:  400.00 (Side area) 
      Cumulative area ratio:   15.16
      Required ratio:    0.00 (Cumulative side area) 

    Layer: via
      Partial area ratio:    0.18
      Required ratio:    6.00 (Gate area) 
      Cumulative area ratio:    0.30
      Required ratio:    0.00 (Cumulative area) 

    Layer: met2
      Partial area ratio:   25.65
      Required ratio:    0.00 (Gate area) 
      Cumulative area ratio:   28.83
      Required ratio:    0.00 (Cumulative area) 
      Partial area ratio:  127.69
      Required ratio: 3091.96 (Side area) 
      Cumulative area ratio:  142.85
      Required ratio:    0.00 (Cumulative side area) 

    Layer: via2
      Partial area ratio:    0.04
      Required ratio:   50.28 (Gate area) 
      Cumulative area ratio:    0.34
      Required ratio:    0.00 (Cumulative area) 

    Layer: met3
      Partial area ratio:    0.13
      Required ratio:    0.00 (Gate area) 
      Cumulative area ratio:   28.97
      Required ratio:    0.00 (Cumulative area) 
      Partial area ratio:    1.22
      Required ratio: 3091.96 (Side area) 
      Cumulative area ratio:  144.07
      Required ratio:    0.00 (Cumulative side area) 

    Layer: via3
      Partial area ratio:    0.04
      Required ratio:   50.28 (Gate area) 
      Cumulative area ratio:    0.38
      Required ratio:    0.00 (Cumulative area) 

    Layer: met4
      Partial area ratio:   27.56
      Required ratio:    0.00 (Gate area) 
      Cumulative area ratio:   56.53
      Required ratio:    0.00 (Cumulative area) 
      Partial area ratio:  147.45
      Required ratio: 3091.96 (Side area) 
      Cumulative area ratio:  291.52
      Required ratio:    0.00 (Cumulative side area) 


  Pin:   _27628_/A (sky130_fd_sc_hd__and2_1)
    Layer: mcon
      Partial area ratio:    0.23
      Required ratio:    3.00 (Gate area) 
      Cumulative area ratio:    0.23
      Required ratio:    0.00 (Cumulative area) 

    Layer: met1
      Partial area ratio:    6.71
      Required ratio:    0.00 (Gate area) 
      Cumulative area ratio:    6.71
      Required ratio:    0.00 (Cumulative area) 
      Partial area ratio:   32.09
      Required ratio:  400.00 (Side area) 
      Cumulative area ratio:   32.09
      Required ratio:    0.00 (Cumulative side area) 

    Layer: via
      Partial area ratio:    0.36
      Required ratio:    6.00 (Gate area) 
      Cumulative area ratio:    0.59
      Required ratio:    0.00 (Cumulative area) 

    Layer: met2
      Partial area ratio:   17.09
      Required ratio:    0.00 (Gate area) 
      Cumulative area ratio:   23.81
      Required ratio:    0.00 (Cumulative area) 
      Partial area ratio:   84.03
      Required ratio:  400.00 (Side area) 
      Cumulative area ratio:  116.12
      Required ratio:    0.00 (Cumulative side area) 

    Layer: via2
      Partial area ratio:    0.32
      Required ratio:    6.00 (Gate area) 
      Cumulative area ratio:    0.90
      Required ratio:    0.00 (Cumulative area) 

    Layer: met3
      Partial area ratio:   83.13
      Required ratio:    0.00 (Gate area) 
      Cumulative area ratio:  106.93
      Required ratio:    0.00 (Cumulative area) 
      Partial area ratio:  447.05
      Required ratio:  400.00 (Side area) (VIOLATED)
      Cumulative area ratio:  563.17
      Required ratio:    0.00 (Cumulative side area) 

    Layer: via3
      Partial area ratio:    0.32
      Required ratio:    6.00 (Gate area) 
      Cumulative area ratio:    1.22
      Required ratio:    0.00 (Cumulative area) 

    Layer: met4
      Partial area ratio:   27.56
      Required ratio:    0.00 (Gate area) 
      Cumulative area ratio:  134.50
      Required ratio:    0.00 (Cumulative area) 
      Partial area ratio:  147.45
      Required ratio: 3091.96 (Side area) 
      Cumulative area ratio:  710.62
      Required ratio:    0.00 (Cumulative side area) 


  Pin:   ANTENNA_145/DIODE (sky130_fd_sc_hd__diode_2)
    Layer: mcon
      Partial area ratio:    0.07
      Required ratio:   10.82 (Gate area) 
      Cumulative area ratio:    0.07
      Required ratio:    0.00 (Cumulative area) 

    Layer: met1
      Partial area ratio:   23.71
      Required ratio:    0.00 (Gate area) 
      Cumulative area ratio:   23.71
      Required ratio:    0.00 (Cumulative area) 
      Partial area ratio:  117.94
      Required ratio: 2773.88 (Side area) 
      Cumulative area ratio:  117.94
      Required ratio:    0.00 (Cumulative side area) 

    Layer: via
      Partial area ratio:    0.12
      Required ratio:   21.65 (Gate area) 
      Cumulative area ratio:    0.19
      Required ratio:    0.00 (Cumulative area) 

    Layer: met2
      Partial area ratio:   25.65
      Required ratio:    0.00 (Gate area) 
      Cumulative area ratio:   49.36
      Required ratio:    0.00 (Cumulative area) 
      Partial area ratio:  127.69
      Required ratio: 3091.96 (Side area) 
      Cumulative area ratio:  245.63
      Required ratio:    0.00 (Cumulative side area) 

    Layer: via2
      Partial area ratio:    0.04
      Required ratio:   50.28 (Gate area) 
      Cumulative area ratio:    0.23
      Required ratio:    0.00 (Cumulative area) 

    Layer: met3
      Partial area ratio:    0.13
      Required ratio:    0.00 (Gate area) 
      Cumulative area ratio:   49.50
      Required ratio:    0.00 (Cumulative area) 
      Partial area ratio:    1.22
      Required ratio: 3091.96 (Side area) 
      Cumulative area ratio:  246.85
      Required ratio:    0.00 (Cumulative side area) 

    Layer: via3
      Partial area ratio:    0.04
      Required ratio:   50.28 (Gate area) 
      Cumulative area ratio:    0.27
      Required ratio:    0.00 (Cumulative area) 

    Layer: met4
      Partial area ratio:   27.56
      Required ratio:    0.00 (Gate area) 
      Cumulative area ratio:   77.06
      Required ratio:    0.00 (Cumulative area) 
      Partial area ratio:  147.45
      Required ratio: 3091.96 (Side area) 
      Cumulative area ratio:  394.30
      Required ratio:    0.00 (Cumulative side area) 



Net: net15
  Pin:   _26289_/B2 (sky130_fd_sc_hd__a22o_1)
    Layer: mcon
      Partial area ratio:    0.12
      Required ratio:    3.00 (Gate area) 
      Cumulative area ratio:    0.12
      Required ratio:    0.00 (Cumulative area) 

    Layer: met1
      Partial area ratio:    2.66
      Required ratio:    0.00 (Gate area) 
      Cumulative area ratio:    2.66
      Required ratio:    0.00 (Cumulative area) 
      Partial area ratio:   12.53
      Required ratio:  400.00 (Side area) 
      Cumulative area ratio:   12.53
      Required ratio:    0.00 (Cumulative side area) 

    Layer: via
      Partial area ratio:    0.18
      Required ratio:    6.00 (Gate area) 
      Cumulative area ratio:    0.30
      Required ratio:    0.00 (Cumulative area) 

    Layer: met2
      Partial area ratio:    8.67
      Required ratio:    0.00 (Gate area) 
      Cumulative area ratio:   11.32
      Required ratio:    0.00 (Cumulative area) 
      Partial area ratio:   42.71
      Required ratio:  400.00 (Side area) 
      Cumulative area ratio:   55.24
      Required ratio:    0.00 (Cumulative side area) 

    Layer: via2
      Partial area ratio:    0.08
      Required ratio:    6.00 (Gate area) 
      Cumulative area ratio:    0.38
      Required ratio:    0.00 (Cumulative area) 

    Layer: met3
      Partial area ratio:    0.25
      Required ratio:    0.00 (Gate area) 
      Cumulative area ratio:   11.58
      Required ratio:    0.00 (Cumulative area) 
      Partial area ratio:    2.29
      Required ratio:  400.00 (Side area) 
      Cumulative area ratio:   57.54
      Required ratio:    0.00 (Cumulative side area) 

    Layer: via3
      Partial area ratio:    0.08
      Required ratio:    6.00 (Gate area) 
      Cumulative area ratio:    0.46
      Required ratio:    0.00 (Cumulative area) 

    Layer: met4
      Partial area ratio:   46.86
      Required ratio:    0.00 (Gate area) 
      Cumulative area ratio:   58.43
      Required ratio:    0.00 (Cumulative area) 
      Partial area ratio:  250.67
      Required ratio: 2918.08 (Side area) 
      Cumulative area ratio:  308.21
      Required ratio:    0.00 (Cumulative side area) 


  Pin:   _26353_/B2 (sky130_fd_sc_hd__a22o_1)
    Layer: mcon
      Partial area ratio:    0.12
      Required ratio:    3.00 (Gate area) 
      Cumulative area ratio:    0.12
      Required ratio:    0.00 (Cumulative area) 

    Layer: met1
      Partial area ratio:   10.01
      Required ratio:    0.00 (Gate area) 
      Cumulative area ratio:   10.01
      Required ratio:    0.00 (Cumulative area) 
      Partial area ratio:   49.30
      Required ratio:  400.00 (Side area) 
      Cumulative area ratio:   49.30
      Required ratio:    0.00 (Cumulative side area) 

    Layer: via
      Partial area ratio:    0.18
      Required ratio:    6.00 (Gate area) 
      Cumulative area ratio:    0.30
      Required ratio:    0.00 (Cumulative area) 

    Layer: met2
      Partial area ratio:    8.67
      Required ratio:    0.00 (Gate area) 
      Cumulative area ratio:   18.68
      Required ratio:    0.00 (Cumulative area) 
      Partial area ratio:   42.71
      Required ratio:  400.00 (Side area) 
      Cumulative area ratio:   92.01
      Required ratio:    0.00 (Cumulative side area) 

    Layer: via2
      Partial area ratio:    0.08
      Required ratio:    6.00 (Gate area) 
      Cumulative area ratio:    0.38
      Required ratio:    0.00 (Cumulative area) 

    Layer: met3
      Partial area ratio:    0.25
      Required ratio:    0.00 (Gate area) 
      Cumulative area ratio:   18.93
      Required ratio:    0.00 (Cumulative area) 
      Partial area ratio:    2.29
      Required ratio:  400.00 (Side area) 
      Cumulative area ratio:   94.31
      Required ratio:    0.00 (Cumulative side area) 

    Layer: via3
      Partial area ratio:    0.08
      Required ratio:    6.00 (Gate area) 
      Cumulative area ratio:    0.46
      Required ratio:    0.00 (Cumulative area) 

    Layer: met4
      Partial area ratio:   46.86
      Required ratio:    0.00 (Gate area) 
      Cumulative area ratio:   65.79
      Required ratio:    0.00 (Cumulative area) 
      Partial area ratio:  250.67
      Required ratio: 2918.08 (Side area) 
      Cumulative area ratio:  344.97
      Required ratio:    0.00 (Cumulative side area) 


  Pin:   _27623_/A (sky130_fd_sc_hd__and2_1)
    Layer: mcon
      Partial area ratio:    0.23
      Required ratio:    3.00 (Gate area) 
      Cumulative area ratio:    0.23
      Required ratio:    0.00 (Cumulative area) 

    Layer: met1
      Partial area ratio:  165.69
      Required ratio:    0.00 (Gate area) 
      Cumulative area ratio:  165.69
      Required ratio:    0.00 (Cumulative area) 
      Partial area ratio:  826.96
      Required ratio:  400.00 (Side area) (VIOLATED)
      Cumulative area ratio:  826.96
      Required ratio:    0.00 (Cumulative side area) 

    Layer: via
      Partial area ratio:    0.36
      Required ratio:    6.00 (Gate area) 
      Cumulative area ratio:    0.59
      Required ratio:    0.00 (Cumulative area) 

    Layer: met2
      Partial area ratio:   87.60
      Required ratio:    0.00 (Gate area) 
      Cumulative area ratio:  253.28
      Required ratio:    0.00 (Cumulative area) 
      Partial area ratio:  434.09
      Required ratio: 2918.08 (Side area) 
      Cumulative area ratio: 1261.06
      Required ratio:    0.00 (Cumulative side area) 

    Layer: via2
      Partial area ratio:    0.32
      Required ratio:   34.63 (Gate area) 
      Cumulative area ratio:    0.90
      Required ratio:    0.00 (Cumulative area) 

    Layer: met3
      Partial area ratio:    0.99
      Required ratio:    0.00 (Gate area) 
      Cumulative area ratio:  254.27
      Required ratio:    0.00 (Cumulative area) 
      Partial area ratio:    9.02
      Required ratio: 2918.08 (Side area) 
      Cumulative area ratio: 1270.07
      Required ratio:    0.00 (Cumulative side area) 

    Layer: via3
      Partial area ratio:    0.32
      Required ratio:   34.63 (Gate area) 
      Cumulative area ratio:    1.22
      Required ratio:    0.00 (Cumulative area) 

    Layer: met4
      Partial area ratio:   46.86
      Required ratio:    0.00 (Gate area) 
      Cumulative area ratio:  301.13
      Required ratio:    0.00 (Cumulative area) 
      Partial area ratio:  250.67
      Required ratio: 2918.08 (Side area) 
      Cumulative area ratio: 1520.74
      Required ratio:    0.00 (Cumulative side area) 



Net: net25
  Pin:   _26246_/A (sky130_fd_sc_hd__and2_1)
    Layer: mcon
      Partial area ratio:    0.23
      Required ratio:    3.00 (Gate area) 
      Cumulative area ratio:    0.23
      Required ratio:    0.00 (Cumulative area) 

    Layer: met1
      Partial area ratio:    2.50
      Required ratio:    0.00 (Gate area) 
      Cumulative area ratio:    2.50
      Required ratio:    0.00 (Cumulative area) 
      Partial area ratio:   11.86
      Required ratio: 2773.88 (Side area) 
      Cumulative area ratio:   11.86
      Required ratio:    0.00 (Cumulative side area) 

    Layer: via
      Partial area ratio:    0.12
      Required ratio:   21.65 (Gate area) 
      Cumulative area ratio:    0.35
      Required ratio:    0.00 (Cumulative area) 

    Layer: met2
      Partial area ratio:    0.48
      Required ratio:    0.00 (Gate area) 
      Cumulative area ratio:    2.98
      Required ratio:    0.00 (Cumulative area) 
      Partial area ratio:    2.26
      Required ratio: 2773.88 (Side area) 
      Cumulative area ratio:   14.12
      Required ratio:    0.00 (Cumulative side area) 

    Layer: via2
      Partial area ratio:    0.07
      Required ratio:   21.65 (Gate area) 
      Cumulative area ratio:    0.42
      Required ratio:    0.00 (Cumulative area) 

    Layer: met3
      Partial area ratio:   25.91
      Required ratio:    0.00 (Gate area) 
      Cumulative area ratio:   28.90
      Required ratio:    0.00 (Cumulative area) 
      Partial area ratio:  139.37
      Required ratio: 2773.88 (Side area) 
      Cumulative area ratio:  153.49
      Required ratio:    0.00 (Cumulative side area) 

    Layer: via3
      Partial area ratio:    0.05
      Required ratio:   21.65 (Gate area) 
      Cumulative area ratio:    0.47
      Required ratio:    0.00 (Cumulative area) 

    Layer: met4
      Partial area ratio:   23.75
      Required ratio:    0.00 (Gate area) 
      Cumulative area ratio:   52.65
      Required ratio:    0.00 (Cumulative area) 
      Partial area ratio:  127.58
      Required ratio: 3130.28 (Side area) 
      Cumulative area ratio:  281.07
      Required ratio:    0.00 (Cumulative side area) 


  Pin:   _26249_/B2 (sky130_fd_sc_hd__a22o_1)
    Layer: mcon
      Partial area ratio:    0.12
      Required ratio:    3.00 (Gate area) 
      Cumulative area ratio:    0.12
      Required ratio:    0.00 (Cumulative area) 

    Layer: met1
      Partial area ratio:    3.72
      Required ratio:    0.00 (Gate area) 
      Cumulative area ratio:    3.72
      Required ratio:    0.00 (Cumulative area) 
      Partial area ratio:   17.85
      Required ratio:  400.00 (Side area) 
      Cumulative area ratio:   17.85
      Required ratio:    0.00 (Cumulative side area) 

    Layer: via
      Partial area ratio:    0.18
      Required ratio:    6.00 (Gate area) 
      Cumulative area ratio:    0.30
      Required ratio:    0.00 (Cumulative area) 

    Layer: met2
      Partial area ratio:   28.78
      Required ratio:    0.00 (Gate area) 
      Cumulative area ratio:   32.50
      Required ratio:    0.00 (Cumulative area) 
      Partial area ratio:  142.46
      Required ratio:  400.00 (Side area) 
      Cumulative area ratio:  160.31
      Required ratio:    0.00 (Cumulative side area) 

    Layer: via2
      Partial area ratio:    0.32
      Required ratio:    6.00 (Gate area) 
      Cumulative area ratio:    0.62
      Required ratio:    0.00 (Cumulative area) 

    Layer: met3
      Partial area ratio:   25.91
      Required ratio:    0.00 (Gate area) 
      Cumulative area ratio:   58.41
      Required ratio:    0.00 (Cumulative area) 
      Partial area ratio:  139.37
      Required ratio: 2773.88 (Side area) 
      Cumulative area ratio:  299.68
      Required ratio:    0.00 (Cumulative side area) 

    Layer: via3
      Partial area ratio:    0.05
      Required ratio:   21.65 (Gate area) 
      Cumulative area ratio:    0.67
      Required ratio:    0.00 (Cumulative area) 

    Layer: met4
      Partial area ratio:   23.75
      Required ratio:    0.00 (Gate area) 
      Cumulative area ratio:   82.16
      Required ratio:    0.00 (Cumulative area) 
      Partial area ratio:  127.58
      Required ratio: 3130.28 (Side area) 
      Cumulative area ratio:  427.26
      Required ratio:    0.00 (Cumulative side area) 


  Pin:   _26313_/B2 (sky130_fd_sc_hd__a22o_1)
    Layer: mcon
      Partial area ratio:    0.12
      Required ratio:    3.00 (Gate area) 
      Cumulative area ratio:    0.12
      Required ratio:    0.00 (Cumulative area) 

    Layer: met1
      Partial area ratio:   12.53
      Required ratio:    0.00 (Gate area) 
      Cumulative area ratio:   12.53
      Required ratio:    0.00 (Cumulative area) 
      Partial area ratio:   61.88
      Required ratio:  400.00 (Side area) 
      Cumulative area ratio:   61.88
      Required ratio:    0.00 (Cumulative side area) 

    Layer: via
      Partial area ratio:    0.18
      Required ratio:    6.00 (Gate area) 
      Cumulative area ratio:    0.30
      Required ratio:    0.00 (Cumulative area) 

    Layer: met2
      Partial area ratio:    4.87
      Required ratio:    0.00 (Gate area) 
      Cumulative area ratio:   17.39
      Required ratio:    0.00 (Cumulative area) 
      Partial area ratio:   23.39
      Required ratio:  400.00 (Side area) 
      Cumulative area ratio:   85.27
      Required ratio:    0.00 (Cumulative side area) 

    Layer: via2
      Partial area ratio:    0.32
      Required ratio:    6.00 (Gate area) 
      Cumulative area ratio:    0.62
      Required ratio:    0.00 (Cumulative area) 

    Layer: met3
      Partial area ratio:   76.28
      Required ratio:    0.00 (Gate area) 
      Cumulative area ratio:   93.67
      Required ratio:    0.00 (Cumulative area) 
      Partial area ratio:  410.60
      Required ratio:  400.00 (Side area) (VIOLATED)
      Cumulative area ratio:  495.87
      Required ratio:    0.00 (Cumulative side area) 

    Layer: via3
      Partial area ratio:    0.32
      Required ratio:    6.00 (Gate area) 
      Cumulative area ratio:    0.95
      Required ratio:    0.00 (Cumulative area) 

    Layer: met4
      Partial area ratio:   23.75
      Required ratio:    0.00 (Gate area) 
      Cumulative area ratio:  117.43
      Required ratio:    0.00 (Cumulative area) 
      Partial area ratio:  127.58
      Required ratio: 3130.28 (Side area) 
      Cumulative area ratio:  623.46
      Required ratio:    0.00 (Cumulative side area) 


  Pin:   ANTENNA_148/DIODE (sky130_fd_sc_hd__diode_2)
    Layer: mcon
      Partial area ratio:    0.07
      Required ratio:   10.82 (Gate area) 
      Cumulative area ratio:    0.07
      Required ratio:    0.00 (Cumulative area) 

    Layer: met1
      Partial area ratio:    2.50
      Required ratio:    0.00 (Gate area) 
      Cumulative area ratio:    2.50
      Required ratio:    0.00 (Cumulative area) 
      Partial area ratio:   11.86
      Required ratio: 2773.88 (Side area) 
      Cumulative area ratio:   11.86
      Required ratio:    0.00 (Cumulative side area) 

    Layer: via
      Partial area ratio:    0.12
      Required ratio:   21.65 (Gate area) 
      Cumulative area ratio:    0.19
      Required ratio:    0.00 (Cumulative area) 

    Layer: met2
      Partial area ratio:    0.48
      Required ratio:    0.00 (Gate area) 
      Cumulative area ratio:    2.98
      Required ratio:    0.00 (Cumulative area) 
      Partial area ratio:    2.26
      Required ratio: 2773.88 (Side area) 
      Cumulative area ratio:   14.12
      Required ratio:    0.00 (Cumulative side area) 

    Layer: via2
      Partial area ratio:    0.07
      Required ratio:   21.65 (Gate area) 
      Cumulative area ratio:    0.26
      Required ratio:    0.00 (Cumulative area) 

    Layer: met3
      Partial area ratio:   25.91
      Required ratio:    0.00 (Gate area) 
      Cumulative area ratio:   28.90
      Required ratio:    0.00 (Cumulative area) 
      Partial area ratio:  139.37
      Required ratio: 2773.88 (Side area) 
      Cumulative area ratio:  153.49
      Required ratio:    0.00 (Cumulative side area) 

    Layer: via3
      Partial area ratio:    0.05
      Required ratio:   21.65 (Gate area) 
      Cumulative area ratio:    0.31
      Required ratio:    0.00 (Cumulative area) 

    Layer: met4
      Partial area ratio:   23.75
      Required ratio:    0.00 (Gate area) 
      Cumulative area ratio:   52.65
      Required ratio:    0.00 (Cumulative area) 
      Partial area ratio:  127.58
      Required ratio: 3130.28 (Side area) 
      Cumulative area ratio:  281.07
      Required ratio:    0.00 (Cumulative side area) 



Net: net601
  Pin:   _42393_/A2 (sky130_fd_sc_hd__o21a_1)
    Layer: li1
      Partial area ratio:    0.05
      Required ratio:    0.00 (Gate area) 
      Cumulative area ratio:    0.05
      Required ratio:    0.00 (Cumulative area) 
      Partial area ratio:    0.20
      Required ratio:   75.00 (Side area) 
      Cumulative area ratio:    0.20
      Required ratio:    0.00 (Cumulative side area) 

    Layer: mcon
      Partial area ratio:    0.12
      Required ratio:    3.00 (Gate area) 
      Cumulative area ratio:    0.12
      Required ratio:    0.00 (Cumulative area) 

    Layer: met1
      Partial area ratio:    3.30
      Required ratio:    0.00 (Gate area) 
      Cumulative area ratio:    3.35
      Required ratio:    0.00 (Cumulative area) 
      Partial area ratio:   15.75
      Required ratio:  400.00 (Side area) 
      Cumulative area ratio:   15.95
      Required ratio:    0.00 (Cumulative side area) 

    Layer: via
      Partial area ratio:    0.18
      Required ratio:    6.00 (Gate area) 
      Cumulative area ratio:    0.30
      Required ratio:    0.00 (Cumulative area) 

    Layer: met2
      Partial area ratio:    0.75
      Required ratio:    0.00 (Gate area) 
      Cumulative area ratio:    4.11
      Required ratio:    0.00 (Cumulative area) 
      Partial area ratio:    3.48
      Required ratio:  400.00 (Side area) 
      Cumulative area ratio:   19.43
      Required ratio:    0.00 (Cumulative side area) 

    Layer: via2
      Partial area ratio:    0.16
      Required ratio:    6.00 (Gate area) 
      Cumulative area ratio:    0.46
      Required ratio:    0.00 (Cumulative area) 

    Layer: met3
      Partial area ratio:    8.90
      Required ratio:    0.00 (Gate area) 
      Cumulative area ratio:   13.01
      Required ratio:    0.00 (Cumulative area) 
      Partial area ratio:   49.33
      Required ratio:  400.00 (Side area) 
      Cumulative area ratio:   68.76
      Required ratio:    0.00 (Cumulative side area) 

    Layer: via3
      Partial area ratio:    0.32
      Required ratio:    6.00 (Gate area) 
      Cumulative area ratio:    0.78
      Required ratio:    0.00 (Cumulative area) 

    Layer: met4
      Partial area ratio:   33.80
      Required ratio:    0.00 (Gate area) 
      Cumulative area ratio:   46.80
      Required ratio:    0.00 (Cumulative area) 
      Partial area ratio:  178.38
      Required ratio:  400.00 (Side area) 
      Cumulative area ratio:  247.13
      Required ratio:    0.00 (Cumulative side area) 

    Layer: via4
      Partial area ratio:    0.44
      Required ratio:    6.00 (Gate area) 
      Cumulative area ratio:    1.22
      Required ratio:    0.00 (Cumulative area) 

    Layer: met5
      Partial area ratio:   14.51
      Required ratio:    0.00 (Gate area) 
      Cumulative area ratio:   61.32
      Required ratio:    0.00 (Cumulative area) 
      Partial area ratio:   24.03
      Required ratio: 2956.40 (Side area) 
      Cumulative area ratio:  271.16
      Required ratio:    0.00 (Cumulative side area) 


  Pin:   _42432_/A2 (sky130_fd_sc_hd__o21a_1)
    Layer: li1
      Partial area ratio:    0.05
      Required ratio:    0.00 (Gate area) 
      Cumulative area ratio:    0.05
      Required ratio:    0.00 (Cumulative area) 
      Partial area ratio:    0.20
      Required ratio:   75.00 (Side area) 
      Cumulative area ratio:    0.20
      Required ratio:    0.00 (Cumulative side area) 

    Layer: mcon
      Partial area ratio:    0.12
      Required ratio:    3.00 (Gate area) 
      Cumulative area ratio:    0.12
      Required ratio:    0.00 (Cumulative area) 

    Layer: met1
      Partial area ratio:   10.81
      Required ratio:    0.00 (Gate area) 
      Cumulative area ratio:   10.86
      Required ratio:    0.00 (Cumulative area) 
      Partial area ratio:   53.31
      Required ratio:  400.00 (Side area) 
      Cumulative area ratio:   53.51
      Required ratio:    0.00 (Cumulative side area) 

    Layer: via
      Partial area ratio:    0.18
      Required ratio:    6.00 (Gate area) 
      Cumulative area ratio:    0.30
      Required ratio:    0.00 (Cumulative area) 

    Layer: met2
      Partial area ratio:    0.75
      Required ratio:    0.00 (Gate area) 
      Cumulative area ratio:   11.62
      Required ratio:    0.00 (Cumulative area) 
      Partial area ratio:    3.48
      Required ratio:  400.00 (Side area) 
      Cumulative area ratio:   56.99
      Required ratio:    0.00 (Cumulative side area) 

    Layer: via2
      Partial area ratio:    0.16
      Required ratio:    6.00 (Gate area) 
      Cumulative area ratio:    0.46
      Required ratio:    0.00 (Cumulative area) 

    Layer: met3
      Partial area ratio:    0.50
      Required ratio:    0.00 (Gate area) 
      Cumulative area ratio:   12.12
      Required ratio:    0.00 (Cumulative area) 
      Partial area ratio:    4.59
      Required ratio:  400.00 (Side area) 
      Cumulative area ratio:   61.58
      Required ratio:    0.00 (Cumulative side area) 

    Layer: via3
      Partial area ratio:    0.16
      Required ratio:    6.00 (Gate area) 
      Cumulative area ratio:    0.62
      Required ratio:    0.00 (Cumulative area) 

    Layer: met4
      Partial area ratio:   33.80
      Required ratio:    0.00 (Gate area) 
      Cumulative area ratio:   45.92
      Required ratio:    0.00 (Cumulative area) 
      Partial area ratio:  178.38
      Required ratio:  400.00 (Side area) 
      Cumulative area ratio:  239.96
      Required ratio:    0.00 (Cumulative side area) 

    Layer: via4
      Partial area ratio:    0.44
      Required ratio:    6.00 (Gate area) 
      Cumulative area ratio:    1.06
      Required ratio:    0.00 (Cumulative area) 

    Layer: met5
      Partial area ratio:   14.51
      Required ratio:    0.00 (Gate area) 
      Cumulative area ratio:   60.43
      Required ratio:    0.00 (Cumulative area) 
      Partial area ratio:   24.03
      Required ratio: 2956.40 (Side area) 
      Cumulative area ratio:  263.99
      Required ratio:    0.00 (Cumulative side area) 


  Pin:   _42435_/A2 (sky130_fd_sc_hd__o21a_1)
    Layer: li1
      Partial area ratio:    0.05
      Required ratio:    0.00 (Gate area) 
      Cumulative area ratio:    0.05
      Required ratio:    0.00 (Cumulative area) 
      Partial area ratio:    0.20
      Required ratio:   75.00 (Side area) 
      Cumulative area ratio:    0.20
      Required ratio:    0.00 (Cumulative side area) 

    Layer: mcon
      Partial area ratio:    0.12
      Required ratio:    3.00 (Gate area) 
      Cumulative area ratio:    0.12
      Required ratio:    0.00 (Cumulative area) 

    Layer: met1
      Partial area ratio:    3.20
      Required ratio:    0.00 (Gate area) 
      Cumulative area ratio:    3.26
      Required ratio:    0.00 (Cumulative area) 
      Partial area ratio:   15.27
      Required ratio:  400.00 (Side area) 
      Cumulative area ratio:   15.47
      Required ratio:    0.00 (Cumulative side area) 

    Layer: via
      Partial area ratio:    0.18
      Required ratio:    6.00 (Gate area) 
      Cumulative area ratio:    0.30
      Required ratio:    0.00 (Cumulative area) 

    Layer: met2
      Partial area ratio:    0.75
      Required ratio:    0.00 (Gate area) 
      Cumulative area ratio:    4.01
      Required ratio:    0.00 (Cumulative area) 
      Partial area ratio:    3.48
      Required ratio:  400.00 (Side area) 
      Cumulative area ratio:   18.95
      Required ratio:    0.00 (Cumulative side area) 

    Layer: via2
      Partial area ratio:    0.16
      Required ratio:    6.00 (Gate area) 
      Cumulative area ratio:    0.46
      Required ratio:    0.00 (Cumulative area) 

    Layer: met3
      Partial area ratio:    0.50
      Required ratio:    0.00 (Gate area) 
      Cumulative area ratio:    4.52
      Required ratio:    0.00 (Cumulative area) 
      Partial area ratio:    4.59
      Required ratio:  400.00 (Side area) 
      Cumulative area ratio:   23.54
      Required ratio:    0.00 (Cumulative side area) 

    Layer: via3
      Partial area ratio:    0.16
      Required ratio:    6.00 (Gate area) 
      Cumulative area ratio:    0.62
      Required ratio:    0.00 (Cumulative area) 

    Layer: met4
      Partial area ratio:   33.80
      Required ratio:    0.00 (Gate area) 
      Cumulative area ratio:   38.31
      Required ratio:    0.00 (Cumulative area) 
      Partial area ratio:  178.38
      Required ratio:  400.00 (Side area) 
      Cumulative area ratio:  201.92
      Required ratio:    0.00 (Cumulative side area) 

    Layer: via4
      Partial area ratio:    0.44
      Required ratio:    6.00 (Gate area) 
      Cumulative area ratio:    1.06
      Required ratio:    0.00 (Cumulative area) 

    Layer: met5
      Partial area ratio:   14.51
      Required ratio:    0.00 (Gate area) 
      Cumulative area ratio:   52.82
      Required ratio:    0.00 (Cumulative area) 
      Partial area ratio:   24.03
      Required ratio: 2956.40 (Side area) 
      Cumulative area ratio:  225.94
      Required ratio:    0.00 (Cumulative side area) 


  Pin:   _42438_/A2 (sky130_fd_sc_hd__o21a_1)
    Layer: mcon
      Partial area ratio:    0.12
      Required ratio:    3.00 (Gate area) 
      Cumulative area ratio:    0.12
      Required ratio:    0.00 (Cumulative area) 

    Layer: met1
      Partial area ratio:    0.34
      Required ratio:    0.00 (Gate area) 
      Cumulative area ratio:    0.34
      Required ratio:    0.00 (Cumulative area) 
      Partial area ratio:    1.64
      Required ratio:  400.00 (Side area) 
      Cumulative area ratio:    1.64
      Required ratio:    0.00 (Cumulative side area) 

    Layer: via
      Partial area ratio:    0.09
      Required ratio:    6.00 (Gate area) 
      Cumulative area ratio:    0.21
      Required ratio:    0.00 (Cumulative area) 

    Layer: met2
      Partial area ratio:    4.46
      Required ratio:    0.00 (Gate area) 
      Cumulative area ratio:    4.80
      Required ratio:    0.00 (Cumulative area) 
      Partial area ratio:   21.62
      Required ratio:  400.00 (Side area) 
      Cumulative area ratio:   23.26
      Required ratio:    0.00 (Cumulative side area) 

    Layer: via2
      Partial area ratio:    0.16
      Required ratio:    6.00 (Gate area) 
      Cumulative area ratio:    0.37
      Required ratio:    0.00 (Cumulative area) 

    Layer: met3
      Partial area ratio:   83.91
      Required ratio:    0.00 (Gate area) 
      Cumulative area ratio:   88.71
      Required ratio:    0.00 (Cumulative area) 
      Partial area ratio:  448.44
      Required ratio:  400.00 (Side area) (VIOLATED)
      Cumulative area ratio:  471.70
      Required ratio:    0.00 (Cumulative side area) 

    Layer: via3
      Partial area ratio:    0.08
      Required ratio:    6.00 (Gate area) 
      Cumulative area ratio:    0.45
      Required ratio:    0.00 (Cumulative area) 

    Layer: met4
      Partial area ratio:   33.80
      Required ratio:    0.00 (Gate area) 
      Cumulative area ratio:  122.50
      Required ratio:    0.00 (Cumulative area) 
      Partial area ratio:  178.38
      Required ratio:  400.00 (Side area) 
      Cumulative area ratio:  650.08
      Required ratio:    0.00 (Cumulative side area) 

    Layer: via4
      Partial area ratio:    0.44
      Required ratio:    6.00 (Gate area) 
      Cumulative area ratio:    0.89
      Required ratio:    0.00 (Cumulative area) 

    Layer: met5
      Partial area ratio:   14.51
      Required ratio:    0.00 (Gate area) 
      Cumulative area ratio:  137.02
      Required ratio:    0.00 (Cumulative area) 
      Partial area ratio:   24.03
      Required ratio: 2956.40 (Side area) 
      Cumulative area ratio:  674.10
      Required ratio:    0.00 (Cumulative side area) 


  Pin:   fanout598/A (sky130_fd_sc_hd__buf_4)
    Layer: mcon
      Partial area ratio:    0.12
      Required ratio:    3.00 (Gate area) 
      Cumulative area ratio:    0.12
      Required ratio:    0.00 (Cumulative area) 

    Layer: met1
      Partial area ratio:    2.63
      Required ratio:    0.00 (Gate area) 
      Cumulative area ratio:    2.63
      Required ratio:    0.00 (Cumulative area) 
      Partial area ratio:   12.39
      Required ratio:  400.00 (Side area) 
      Cumulative area ratio:   12.39
      Required ratio:    0.00 (Cumulative side area) 

    Layer: via
      Partial area ratio:    0.18
      Required ratio:    6.00 (Gate area) 
      Cumulative area ratio:    0.30
      Required ratio:    0.00 (Cumulative area) 

    Layer: met2
      Partial area ratio:    0.75
      Required ratio:    0.00 (Gate area) 
      Cumulative area ratio:    3.38
      Required ratio:    0.00 (Cumulative area) 
      Partial area ratio:    3.48
      Required ratio:  400.00 (Side area) 
      Cumulative area ratio:   15.87
      Required ratio:    0.00 (Cumulative side area) 

    Layer: via2
      Partial area ratio:    0.16
      Required ratio:    6.00 (Gate area) 
      Cumulative area ratio:    0.46
      Required ratio:    0.00 (Cumulative area) 

    Layer: met3
      Partial area ratio:   51.68
      Required ratio:    0.00 (Gate area) 
      Cumulative area ratio:   55.06
      Required ratio:    0.00 (Cumulative area) 
      Partial area ratio:  281.28
      Required ratio:  400.00 (Side area) 
      Cumulative area ratio:  297.14
      Required ratio:    0.00 (Cumulative side area) 

    Layer: via3
      Partial area ratio:    0.32
      Required ratio:    6.00 (Gate area) 
      Cumulative area ratio:    0.78
      Required ratio:    0.00 (Cumulative area) 

    Layer: met4
      Partial area ratio:   31.20
      Required ratio:    0.00 (Gate area) 
      Cumulative area ratio:   86.26
      Required ratio:    0.00 (Cumulative area) 
      Partial area ratio:  153.54
      Required ratio: 2956.40 (Side area) 
      Cumulative area ratio:  450.68
      Required ratio:    0.00 (Cumulative side area) 

    Layer: via4
      Partial area ratio:    2.59
      Required ratio:   38.08 (Gate area) 
      Cumulative area ratio:    3.37
      Required ratio:    0.00 (Cumulative area) 

    Layer: met5
      Partial area ratio:   14.51
      Required ratio:    0.00 (Gate area) 
      Cumulative area ratio:  100.77
      Required ratio:    0.00 (Cumulative area) 
      Partial area ratio:   24.03
      Required ratio: 2956.40 (Side area) 
      Cumulative area ratio:  474.71
      Required ratio:    0.00 (Cumulative side area) 


  Pin:   fanout599/A (sky130_fd_sc_hd__clkbuf_4)
    Layer: mcon
      Partial area ratio:    0.14
      Required ratio:    3.00 (Gate area) 
      Cumulative area ratio:    0.14
      Required ratio:    0.00 (Cumulative area) 

    Layer: met1
      Partial area ratio:    1.95
      Required ratio:    0.00 (Gate area) 
      Cumulative area ratio:    1.95
      Required ratio:    0.00 (Cumulative area) 
      Partial area ratio:    8.86
      Required ratio:  400.00 (Side area) 
      Cumulative area ratio:    8.86
      Required ratio:    0.00 (Cumulative side area) 

    Layer: via
      Partial area ratio:    0.21
      Required ratio:    6.00 (Gate area) 
      Cumulative area ratio:    0.35
      Required ratio:    0.00 (Cumulative area) 

    Layer: met2
      Partial area ratio:    0.88
      Required ratio:    0.00 (Gate area) 
      Cumulative area ratio:    2.82
      Required ratio:    0.00 (Cumulative area) 
      Partial area ratio:    4.04
      Required ratio:  400.00 (Side area) 
      Cumulative area ratio:   12.90
      Required ratio:    0.00 (Cumulative side area) 

    Layer: via2
      Partial area ratio:    0.19
      Required ratio:    6.00 (Gate area) 
      Cumulative area ratio:    0.53
      Required ratio:    0.00 (Cumulative area) 

    Layer: met3
      Partial area ratio:   10.30
      Required ratio:    0.00 (Gate area) 
      Cumulative area ratio:   13.12
      Required ratio:    0.00 (Cumulative area) 
      Partial area ratio:   57.13
      Required ratio:  400.00 (Side area) 
      Cumulative area ratio:   70.03
      Required ratio:    0.00 (Cumulative side area) 

    Layer: via3
      Partial area ratio:    0.19
      Required ratio:    6.00 (Gate area) 
      Cumulative area ratio:    0.72
      Required ratio:    0.00 (Cumulative area) 

    Layer: met4
      Partial area ratio:   33.80
      Required ratio:    0.00 (Gate area) 
      Cumulative area ratio:   46.92
      Required ratio:    0.00 (Cumulative area) 
      Partial area ratio:  178.38
      Required ratio:  400.00 (Side area) 
      Cumulative area ratio:  248.40
      Required ratio:    0.00 (Cumulative side area) 

    Layer: via4
      Partial area ratio:    0.44
      Required ratio:    6.00 (Gate area) 
      Cumulative area ratio:    1.16
      Required ratio:    0.00 (Cumulative area) 

    Layer: met5
      Partial area ratio:   14.51
      Required ratio:    0.00 (Gate area) 
      Cumulative area ratio:   61.43
      Required ratio:    0.00 (Cumulative area) 
      Partial area ratio:   24.03
      Required ratio: 2956.40 (Side area) 
      Cumulative area ratio:  272.43
      Required ratio:    0.00 (Cumulative side area) 


  Pin:   fanout600/A (sky130_fd_sc_hd__buf_4)
    Layer: mcon
      Partial area ratio:    0.12
      Required ratio:    3.00 (Gate area) 
      Cumulative area ratio:    0.12
      Required ratio:    0.00 (Cumulative area) 

    Layer: met1
      Partial area ratio:    2.43
      Required ratio:    0.00 (Gate area) 
      Cumulative area ratio:    2.43
      Required ratio:    0.00 (Cumulative area) 
      Partial area ratio:   11.40
      Required ratio:  400.00 (Side area) 
      Cumulative area ratio:   11.40
      Required ratio:    0.00 (Cumulative side area) 

    Layer: via
      Partial area ratio:    0.18
      Required ratio:    6.00 (Gate area) 
      Cumulative area ratio:    0.30
      Required ratio:    0.00 (Cumulative area) 

    Layer: met2
      Partial area ratio:   12.60
      Required ratio:    0.00 (Gate area) 
      Cumulative area ratio:   15.03
      Required ratio:    0.00 (Cumulative area) 
      Partial area ratio:   62.29
      Required ratio:  400.00 (Side area) 
      Cumulative area ratio:   73.69
      Required ratio:    0.00 (Cumulative side area) 

    Layer: via2
      Partial area ratio:    0.16
      Required ratio:    6.00 (Gate area) 
      Cumulative area ratio:    0.46
      Required ratio:    0.00 (Cumulative area) 

    Layer: met3
      Partial area ratio:   83.91
      Required ratio:    0.00 (Gate area) 
      Cumulative area ratio:   98.94
      Required ratio:    0.00 (Cumulative area) 
      Partial area ratio:  448.44
      Required ratio:  400.00 (Side area) (VIOLATED)
      Cumulative area ratio:  522.13
      Required ratio:    0.00 (Cumulative side area) 

    Layer: via3
      Partial area ratio:    0.08
      Required ratio:    6.00 (Gate area) 
      Cumulative area ratio:    0.54
      Required ratio:    0.00 (Cumulative area) 

    Layer: met4
      Partial area ratio:   33.80
      Required ratio:    0.00 (Gate area) 
      Cumulative area ratio:  132.74
      Required ratio:    0.00 (Cumulative area) 
      Partial area ratio:  178.38
      Required ratio:  400.00 (Side area) 
      Cumulative area ratio:  700.50
      Required ratio:    0.00 (Cumulative side area) 

    Layer: via4
      Partial area ratio:    0.44
      Required ratio:    6.00 (Gate area) 
      Cumulative area ratio:    0.98
      Required ratio:    0.00 (Cumulative area) 

    Layer: met5
      Partial area ratio:   14.51
      Required ratio:    0.00 (Gate area) 
      Cumulative area ratio:  147.25
      Required ratio:    0.00 (Cumulative area) 
      Partial area ratio:   24.03
      Required ratio: 2956.40 (Side area) 
      Cumulative area ratio:  724.53
      Required ratio:    0.00 (Cumulative side area) 



Net: net602
  Pin:   _42383_/C1 (sky130_fd_sc_hd__a211o_1)
    Layer: mcon
      Partial area ratio:    0.12
      Required ratio:    3.00 (Gate area) 
      Cumulative area ratio:    0.12
      Required ratio:    0.00 (Cumulative area) 

    Layer: met1
      Partial area ratio:    2.53
      Required ratio:    0.00 (Gate area) 
      Cumulative area ratio:    2.53
      Required ratio:    0.00 (Cumulative area) 
      Partial area ratio:   11.89
      Required ratio:  400.00 (Side area) 
      Cumulative area ratio:   11.89
      Required ratio:    0.00 (Cumulative side area) 

    Layer: via
      Partial area ratio:    0.18
      Required ratio:    6.00 (Gate area) 
      Cumulative area ratio:    0.30
      Required ratio:    0.00 (Cumulative area) 

    Layer: met2
      Partial area ratio:    0.75
      Required ratio:    0.00 (Gate area) 
      Cumulative area ratio:    3.28
      Required ratio:    0.00 (Cumulative area) 
      Partial area ratio:    3.48
      Required ratio:  400.00 (Side area) 
      Cumulative area ratio:   15.37
      Required ratio:    0.00 (Cumulative side area) 

    Layer: via2
      Partial area ratio:    0.16
      Required ratio:    6.00 (Gate area) 
      Cumulative area ratio:    0.46
      Required ratio:    0.00 (Cumulative area) 

    Layer: met3
      Partial area ratio:    0.50
      Required ratio:    0.00 (Gate area) 
      Cumulative area ratio:    3.79
      Required ratio:    0.00 (Cumulative area) 
      Partial area ratio:    4.59
      Required ratio:  400.00 (Side area) 
      Cumulative area ratio:   19.96
      Required ratio:    0.00 (Cumulative side area) 

    Layer: via3
      Partial area ratio:    0.16
      Required ratio:    6.00 (Gate area) 
      Cumulative area ratio:    0.62
      Required ratio:    0.00 (Cumulative area) 

    Layer: met4
      Partial area ratio:    6.01
      Required ratio:    0.00 (Gate area) 
      Cumulative area ratio:    9.79
      Required ratio:    0.00 (Cumulative area) 
      Partial area ratio:   32.60
      Required ratio: 2956.40 (Side area) 
      Cumulative area ratio:   52.56
      Required ratio:    0.00 (Cumulative side area) 


  Pin:   _42386_/C1 (sky130_fd_sc_hd__a211o_1)
    Layer: mcon
      Partial area ratio:    0.12
      Required ratio:    3.00 (Gate area) 
      Cumulative area ratio:    0.12
      Required ratio:    0.00 (Cumulative area) 

    Layer: met1
      Partial area ratio:    2.35
      Required ratio:    0.00 (Gate area) 
      Cumulative area ratio:    2.35
      Required ratio:    0.00 (Cumulative area) 
      Partial area ratio:   10.99
      Required ratio:  400.00 (Side area) 
      Cumulative area ratio:   10.99
      Required ratio:    0.00 (Cumulative side area) 

    Layer: via
      Partial area ratio:    0.18
      Required ratio:    6.00 (Gate area) 
      Cumulative area ratio:    0.30
      Required ratio:    0.00 (Cumulative area) 

    Layer: met2
      Partial area ratio:    0.75
      Required ratio:    0.00 (Gate area) 
      Cumulative area ratio:    3.10
      Required ratio:    0.00 (Cumulative area) 
      Partial area ratio:    3.48
      Required ratio:  400.00 (Side area) 
      Cumulative area ratio:   14.47
      Required ratio:    0.00 (Cumulative side area) 

    Layer: via2
      Partial area ratio:    0.16
      Required ratio:    6.00 (Gate area) 
      Cumulative area ratio:    0.46
      Required ratio:    0.00 (Cumulative area) 

    Layer: met3
      Partial area ratio:   17.23
      Required ratio:    0.00 (Gate area) 
      Cumulative area ratio:   20.33
      Required ratio:    0.00 (Cumulative area) 
      Partial area ratio:   93.77
      Required ratio:  400.00 (Side area) 
      Cumulative area ratio:  108.24
      Required ratio:    0.00 (Cumulative side area) 

    Layer: via3
      Partial area ratio:    0.16
      Required ratio:    6.00 (Gate area) 
      Cumulative area ratio:    0.62
      Required ratio:    0.00 (Cumulative area) 

    Layer: met4
      Partial area ratio:    6.01
      Required ratio:    0.00 (Gate area) 
      Cumulative area ratio:   26.34
      Required ratio:    0.00 (Cumulative area) 
      Partial area ratio:   32.60
      Required ratio: 2956.40 (Side area) 
      Cumulative area ratio:  140.84
      Required ratio:    0.00 (Cumulative side area) 


  Pin:   _42395_/C1 (sky130_fd_sc_hd__a211o_1)
    Layer: mcon
      Partial area ratio:    0.12
      Required ratio:    3.00 (Gate area) 
      Cumulative area ratio:    0.12
      Required ratio:    0.00 (Cumulative area) 

    Layer: met1
      Partial area ratio:    2.45
      Required ratio:    0.00 (Gate area) 
      Cumulative area ratio:    2.45
      Required ratio:    0.00 (Cumulative area) 
      Partial area ratio:   11.50
      Required ratio:  400.00 (Side area) 
      Cumulative area ratio:   11.50
      Required ratio:    0.00 (Cumulative side area) 

    Layer: via
      Partial area ratio:    0.18
      Required ratio:    6.00 (Gate area) 
      Cumulative area ratio:    0.30
      Required ratio:    0.00 (Cumulative area) 

    Layer: met2
      Partial area ratio:    0.75
      Required ratio:    0.00 (Gate area) 
      Cumulative area ratio:    3.20
      Required ratio:    0.00 (Cumulative area) 
      Partial area ratio:    3.48
      Required ratio:  400.00 (Side area) 
      Cumulative area ratio:   14.98
      Required ratio:    0.00 (Cumulative side area) 

    Layer: via2
      Partial area ratio:    0.16
      Required ratio:    6.00 (Gate area) 
      Cumulative area ratio:    0.46
      Required ratio:    0.00 (Cumulative area) 

    Layer: met3
      Partial area ratio:  117.65
      Required ratio:    0.00 (Gate area) 
      Cumulative area ratio:  120.86
      Required ratio:    0.00 (Cumulative area) 
      Partial area ratio:  629.33
      Required ratio:  400.00 (Side area) (VIOLATED)
      Cumulative area ratio:  644.31
      Required ratio:    0.00 (Cumulative side area) 

    Layer: via3
      Partial area ratio:    0.32
      Required ratio:    6.00 (Gate area) 
      Cumulative area ratio:    0.78
      Required ratio:    0.00 (Cumulative area) 

    Layer: met4
      Partial area ratio:    6.01
      Required ratio:    0.00 (Gate area) 
      Cumulative area ratio:  126.86
      Required ratio:    0.00 (Cumulative area) 
      Partial area ratio:   32.60
      Required ratio: 2956.40 (Side area) 
      Cumulative area ratio:  676.91
      Required ratio:    0.00 (Cumulative side area) 


  Pin:   _42398_/C1 (sky130_fd_sc_hd__a211o_1)
    Layer: mcon
      Partial area ratio:    0.12
      Required ratio:    3.00 (Gate area) 
      Cumulative area ratio:    0.12
      Required ratio:    0.00 (Cumulative area) 

    Layer: met1
      Partial area ratio:    4.06
      Required ratio:    0.00 (Gate area) 
      Cumulative area ratio:    4.06
      Required ratio:    0.00 (Cumulative area) 
      Partial area ratio:   19.53
      Required ratio:  400.00 (Side area) 
      Cumulative area ratio:   19.53
      Required ratio:    0.00 (Cumulative side area) 

    Layer: via
      Partial area ratio:    0.18
      Required ratio:    6.00 (Gate area) 
      Cumulative area ratio:    0.30
      Required ratio:    0.00 (Cumulative area) 

    Layer: met2
      Partial area ratio:    0.75
      Required ratio:    0.00 (Gate area) 
      Cumulative area ratio:    4.81
      Required ratio:    0.00 (Cumulative area) 
      Partial area ratio:    3.48
      Required ratio:  400.00 (Side area) 
      Cumulative area ratio:   23.01
      Required ratio:    0.00 (Cumulative side area) 

    Layer: via2
      Partial area ratio:    0.16
      Required ratio:    6.00 (Gate area) 
      Cumulative area ratio:    0.46
      Required ratio:    0.00 (Cumulative area) 

    Layer: met3
      Partial area ratio:    0.50
      Required ratio:    0.00 (Gate area) 
      Cumulative area ratio:    5.32
      Required ratio:    0.00 (Cumulative area) 
      Partial area ratio:    4.59
      Required ratio:  400.00 (Side area) 
      Cumulative area ratio:   27.60
      Required ratio:    0.00 (Cumulative side area) 

    Layer: via3
      Partial area ratio:    0.16
      Required ratio:    6.00 (Gate area) 
      Cumulative area ratio:    0.62
      Required ratio:    0.00 (Cumulative area) 

    Layer: met4
      Partial area ratio:    6.01
      Required ratio:    0.00 (Gate area) 
      Cumulative area ratio:   11.32
      Required ratio:    0.00 (Cumulative area) 
      Partial area ratio:   32.60
      Required ratio: 2956.40 (Side area) 
      Cumulative area ratio:   60.20
      Required ratio:    0.00 (Cumulative side area) 


  Pin:   _42410_/C1 (sky130_fd_sc_hd__a211o_1)
    Layer: mcon
      Partial area ratio:    0.12
      Required ratio:    3.00 (Gate area) 
      Cumulative area ratio:    0.12
      Required ratio:    0.00 (Cumulative area) 

    Layer: met1
      Partial area ratio:    9.51
      Required ratio:    0.00 (Gate area) 
      Cumulative area ratio:    9.51
      Required ratio:    0.00 (Cumulative area) 
      Partial area ratio:   46.79
      Required ratio:  400.00 (Side area) 
      Cumulative area ratio:   46.79
      Required ratio:    0.00 (Cumulative side area) 

    Layer: via
      Partial area ratio:    0.18
      Required ratio:    6.00 (Gate area) 
      Cumulative area ratio:    0.30
      Required ratio:    0.00 (Cumulative area) 

    Layer: met2
      Partial area ratio:    8.70
      Required ratio:    0.00 (Gate area) 
      Cumulative area ratio:   18.21
      Required ratio:    0.00 (Cumulative area) 
      Partial area ratio:   42.78
      Required ratio:  400.00 (Side area) 
      Cumulative area ratio:   89.57
      Required ratio:    0.00 (Cumulative side area) 

    Layer: via2
      Partial area ratio:    0.16
      Required ratio:    6.00 (Gate area) 
      Cumulative area ratio:    0.46
      Required ratio:    0.00 (Cumulative area) 

    Layer: met3
      Partial area ratio:   13.05
      Required ratio:    0.00 (Gate area) 
      Cumulative area ratio:   31.26
      Required ratio:    0.00 (Cumulative area) 
      Partial area ratio:   71.50
      Required ratio:  400.00 (Side area) 
      Cumulative area ratio:  161.07
      Required ratio:    0.00 (Cumulative side area) 

    Layer: via3
      Partial area ratio:    0.16
      Required ratio:    6.00 (Gate area) 
      Cumulative area ratio:    0.62
      Required ratio:    0.00 (Cumulative area) 

    Layer: met4
      Partial area ratio:    6.01
      Required ratio:    0.00 (Gate area) 
      Cumulative area ratio:   37.27
      Required ratio:    0.00 (Cumulative area) 
      Partial area ratio:   32.60
      Required ratio: 2956.40 (Side area) 
      Cumulative area ratio:  193.67
      Required ratio:    0.00 (Cumulative side area) 


  Pin:   _42413_/C1 (sky130_fd_sc_hd__a211o_1)
    Layer: mcon
      Partial area ratio:    0.12
      Required ratio:    3.00 (Gate area) 
      Cumulative area ratio:    0.12
      Required ratio:    0.00 (Cumulative area) 

    Layer: met1
      Partial area ratio:    2.42
      Required ratio:    0.00 (Gate area) 
      Cumulative area ratio:    2.42
      Required ratio:    0.00 (Cumulative area) 
      Partial area ratio:   11.33
      Required ratio:  400.00 (Side area) 
      Cumulative area ratio:   11.33
      Required ratio:    0.00 (Cumulative side area) 

    Layer: via
      Partial area ratio:    0.18
      Required ratio:    6.00 (Gate area) 
      Cumulative area ratio:    0.30
      Required ratio:    0.00 (Cumulative area) 

    Layer: met2
      Partial area ratio:   16.59
      Required ratio:    0.00 (Gate area) 
      Cumulative area ratio:   19.00
      Required ratio:    0.00 (Cumulative area) 
      Partial area ratio:   81.98
      Required ratio:  400.00 (Side area) 
      Cumulative area ratio:   93.31
      Required ratio:    0.00 (Cumulative side area) 

    Layer: via2
      Partial area ratio:    0.16
      Required ratio:    6.00 (Gate area) 
      Cumulative area ratio:    0.46
      Required ratio:    0.00 (Cumulative area) 

    Layer: met3
      Partial area ratio:    8.62
      Required ratio:    0.00 (Gate area) 
      Cumulative area ratio:   27.62
      Required ratio:    0.00 (Cumulative area) 
      Partial area ratio:   46.91
      Required ratio: 2956.40 (Side area) 
      Cumulative area ratio:  140.21
      Required ratio:    0.00 (Cumulative side area) 

    Layer: via3
      Partial area ratio:    0.04
      Required ratio:   38.08 (Gate area) 
      Cumulative area ratio:    0.50
      Required ratio:    0.00 (Cumulative area) 

    Layer: met4
      Partial area ratio:    6.01
      Required ratio:    0.00 (Gate area) 
      Cumulative area ratio:   33.63
      Required ratio:    0.00 (Cumulative area) 
      Partial area ratio:   32.60
      Required ratio: 2956.40 (Side area) 
      Cumulative area ratio:  172.82
      Required ratio:    0.00 (Cumulative side area) 


  Pin:   _42449_/C1 (sky130_fd_sc_hd__a211o_1)
    Layer: mcon
      Partial area ratio:    0.12
      Required ratio:    3.00 (Gate area) 
      Cumulative area ratio:    0.12
      Required ratio:    0.00 (Cumulative area) 

    Layer: met1
      Partial area ratio:   14.21
      Required ratio:    0.00 (Gate area) 
      Cumulative area ratio:   14.21
      Required ratio:    0.00 (Cumulative area) 
      Partial area ratio:   69.87
      Required ratio:  400.00 (Side area) 
      Cumulative area ratio:   69.87
      Required ratio:    0.00 (Cumulative side area) 

    Layer: via
      Partial area ratio:    0.27
      Required ratio:    6.00 (Gate area) 
      Cumulative area ratio:    0.39
      Required ratio:    0.00 (Cumulative area) 

    Layer: met2
      Partial area ratio:   16.59
      Required ratio:    0.00 (Gate area) 
      Cumulative area ratio:   30.80
      Required ratio:    0.00 (Cumulative area) 
      Partial area ratio:   81.98
      Required ratio:  400.00 (Side area) 
      Cumulative area ratio:  151.85
      Required ratio:    0.00 (Cumulative side area) 

    Layer: via2
      Partial area ratio:    0.16
      Required ratio:    6.00 (Gate area) 
      Cumulative area ratio:    0.55
      Required ratio:    0.00 (Cumulative area) 

    Layer: met3
      Partial area ratio:    8.62
      Required ratio:    0.00 (Gate area) 
      Cumulative area ratio:   39.42
      Required ratio:    0.00 (Cumulative area) 
      Partial area ratio:   46.91
      Required ratio: 2956.40 (Side area) 
      Cumulative area ratio:  198.76
      Required ratio:    0.00 (Cumulative side area) 

    Layer: via3
      Partial area ratio:    0.04
      Required ratio:   38.08 (Gate area) 
      Cumulative area ratio:    0.59
      Required ratio:    0.00 (Cumulative area) 

    Layer: met4
      Partial area ratio:    6.01
      Required ratio:    0.00 (Gate area) 
      Cumulative area ratio:   45.42
      Required ratio:    0.00 (Cumulative area) 
      Partial area ratio:   32.60
      Required ratio: 2956.40 (Side area) 
      Cumulative area ratio:  231.36
      Required ratio:    0.00 (Cumulative side area) 


  Pin:   _42458_/C1 (sky130_fd_sc_hd__a211o_1)
    Layer: mcon
      Partial area ratio:    0.12
      Required ratio:    3.00 (Gate area) 
      Cumulative area ratio:    0.12
      Required ratio:    0.00 (Cumulative area) 

    Layer: met1
      Partial area ratio:    2.86
      Required ratio:    0.00 (Gate area) 
      Cumulative area ratio:    2.86
      Required ratio:    0.00 (Cumulative area) 
      Partial area ratio:   13.53
      Required ratio:  400.00 (Side area) 
      Cumulative area ratio:   13.53
      Required ratio:    0.00 (Cumulative side area) 

    Layer: via
      Partial area ratio:    0.18
      Required ratio:    6.00 (Gate area) 
      Cumulative area ratio:    0.30
      Required ratio:    0.00 (Cumulative area) 

    Layer: met2
      Partial area ratio:    0.75
      Required ratio:    0.00 (Gate area) 
      Cumulative area ratio:    3.61
      Required ratio:    0.00 (Cumulative area) 
      Partial area ratio:    3.48
      Required ratio:  400.00 (Side area) 
      Cumulative area ratio:   17.01
      Required ratio:    0.00 (Cumulative side area) 

    Layer: via2
      Partial area ratio:    0.16
      Required ratio:    6.00 (Gate area) 
      Cumulative area ratio:    0.46
      Required ratio:    0.00 (Cumulative area) 

    Layer: met3
      Partial area ratio:    8.62
      Required ratio:    0.00 (Gate area) 
      Cumulative area ratio:   12.23
      Required ratio:    0.00 (Cumulative area) 
      Partial area ratio:   46.91
      Required ratio: 2956.40 (Side area) 
      Cumulative area ratio:   63.92
      Required ratio:    0.00 (Cumulative side area) 

    Layer: via3
      Partial area ratio:    0.04
      Required ratio:   38.08 (Gate area) 
      Cumulative area ratio:    0.50
      Required ratio:    0.00 (Cumulative area) 

    Layer: met4
      Partial area ratio:    6.01
      Required ratio:    0.00 (Gate area) 
      Cumulative area ratio:   18.24
      Required ratio:    0.00 (Cumulative area) 
      Partial area ratio:   32.60
      Required ratio: 2956.40 (Side area) 
      Cumulative area ratio:   96.52
      Required ratio:    0.00 (Cumulative side area) 


  Pin:   _42467_/C1 (sky130_fd_sc_hd__a211o_1)
    Layer: mcon
      Partial area ratio:    0.12
      Required ratio:    3.00 (Gate area) 
      Cumulative area ratio:    0.12
      Required ratio:    0.00 (Cumulative area) 

    Layer: met1
      Partial area ratio:    3.24
      Required ratio:    0.00 (Gate area) 
      Cumulative area ratio:    3.24
      Required ratio:    0.00 (Cumulative area) 
      Partial area ratio:   15.46
      Required ratio:  400.00 (Side area) 
      Cumulative area ratio:   15.46
      Required ratio:    0.00 (Cumulative side area) 

    Layer: via
      Partial area ratio:    0.18
      Required ratio:    6.00 (Gate area) 
      Cumulative area ratio:    0.30
      Required ratio:    0.00 (Cumulative area) 

    Layer: met2
      Partial area ratio:   20.97
      Required ratio:    0.00 (Gate area) 
      Cumulative area ratio:   24.21
      Required ratio:    0.00 (Cumulative area) 
      Partial area ratio:  103.43
      Required ratio:  400.00 (Side area) 
      Cumulative area ratio:  118.89
      Required ratio:    0.00 (Cumulative side area) 

    Layer: via2
      Partial area ratio:    0.32
      Required ratio:    6.00 (Gate area) 
      Cumulative area ratio:    0.62
      Required ratio:    0.00 (Cumulative area) 

    Layer: met3
      Partial area ratio:   13.05
      Required ratio:    0.00 (Gate area) 
      Cumulative area ratio:   37.26
      Required ratio:    0.00 (Cumulative area) 
      Partial area ratio:   71.50
      Required ratio:  400.00 (Side area) 
      Cumulative area ratio:  190.39
      Required ratio:    0.00 (Cumulative side area) 

    Layer: via3
      Partial area ratio:    0.16
      Required ratio:    6.00 (Gate area) 
      Cumulative area ratio:    0.78
      Required ratio:    0.00 (Cumulative area) 

    Layer: met4
      Partial area ratio:    6.01
      Required ratio:    0.00 (Gate area) 
      Cumulative area ratio:   43.27
      Required ratio:    0.00 (Cumulative area) 
      Partial area ratio:   32.60
      Required ratio: 2956.40 (Side area) 
      Cumulative area ratio:  222.99
      Required ratio:    0.00 (Cumulative side area) 


  Pin:   _42470_/C1 (sky130_fd_sc_hd__a211o_1)
    Layer: mcon
      Partial area ratio:    0.12
      Required ratio:    3.00 (Gate area) 
      Cumulative area ratio:    0.12
      Required ratio:    0.00 (Cumulative area) 

    Layer: met1
      Partial area ratio:    2.11
      Required ratio:    0.00 (Gate area) 
      Cumulative area ratio:    2.11
      Required ratio:    0.00 (Cumulative area) 
      Partial area ratio:    9.80
      Required ratio:  400.00 (Side area) 
      Cumulative area ratio:    9.80
      Required ratio:    0.00 (Cumulative side area) 

    Layer: via
      Partial area ratio:    0.18
      Required ratio:    6.00 (Gate area) 
      Cumulative area ratio:    0.30
      Required ratio:    0.00 (Cumulative area) 

    Layer: met2
      Partial area ratio:    5.13
      Required ratio:    0.00 (Gate area) 
      Cumulative area ratio:    7.24
      Required ratio:    0.00 (Cumulative area) 
      Partial area ratio:   24.90
      Required ratio: 2956.40 (Side area) 
      Cumulative area ratio:   34.70
      Required ratio:    0.00 (Cumulative side area) 

    Layer: via2
      Partial area ratio:    0.16
      Required ratio:   38.08 (Gate area) 
      Cumulative area ratio:    0.46
      Required ratio:    0.00 (Cumulative area) 

    Layer: met3
      Partial area ratio:    8.62
      Required ratio:    0.00 (Gate area) 
      Cumulative area ratio:   15.86
      Required ratio:    0.00 (Cumulative area) 
      Partial area ratio:   46.91
      Required ratio: 2956.40 (Side area) 
      Cumulative area ratio:   81.61
      Required ratio:    0.00 (Cumulative side area) 

    Layer: via3
      Partial area ratio:    0.04
      Required ratio:   38.08 (Gate area) 
      Cumulative area ratio:    0.50
      Required ratio:    0.00 (Cumulative area) 

    Layer: met4
      Partial area ratio:    6.01
      Required ratio:    0.00 (Gate area) 
      Cumulative area ratio:   21.87
      Required ratio:    0.00 (Cumulative area) 
      Partial area ratio:   32.60
      Required ratio: 2956.40 (Side area) 
      Cumulative area ratio:  114.21
      Required ratio:    0.00 (Cumulative side area) 



Net: net770
  Pin:   _41136_/A (sky130_fd_sc_hd__or3_1)
    Layer: mcon
      Partial area ratio:    0.23
      Required ratio:    3.00 (Gate area) 
      Cumulative area ratio:    0.23
      Required ratio:    0.00 (Cumulative area) 

    Layer: met1
      Partial area ratio:    3.70
      Required ratio:    0.00 (Gate area) 
      Cumulative area ratio:    3.70
      Required ratio:    0.00 (Cumulative area) 
      Partial area ratio:   17.04
      Required ratio:  400.00 (Side area) 
      Cumulative area ratio:   17.04
      Required ratio:    0.00 (Cumulative side area) 

    Layer: via
      Partial area ratio:    0.36
      Required ratio:    6.00 (Gate area) 
      Cumulative area ratio:    0.59
      Required ratio:    0.00 (Cumulative area) 

    Layer: met2
      Partial area ratio:   19.27
      Required ratio:    0.00 (Gate area) 
      Cumulative area ratio:   22.97
      Required ratio:    0.00 (Cumulative area) 
      Partial area ratio:   94.78
      Required ratio:  400.00 (Side area) 
      Cumulative area ratio:  111.82
      Required ratio:    0.00 (Cumulative side area) 

    Layer: via2
      Partial area ratio:    0.21
      Required ratio:    6.00 (Gate area) 
      Cumulative area ratio:    0.80
      Required ratio:    0.00 (Cumulative area) 

    Layer: met3
      Partial area ratio:   25.12
      Required ratio:    0.00 (Gate area) 
      Cumulative area ratio:   48.10
      Required ratio:    0.00 (Cumulative area) 
      Partial area ratio:  135.85
      Required ratio: 2918.08 (Side area) 
      Cumulative area ratio:  247.67
      Required ratio:    0.00 (Cumulative side area) 

    Layer: via3
      Partial area ratio:    0.05
      Required ratio:   34.63 (Gate area) 
      Cumulative area ratio:    0.85
      Required ratio:    0.00 (Cumulative area) 

    Layer: met4
      Partial area ratio:    9.31
      Required ratio:    0.00 (Gate area) 
      Cumulative area ratio:   57.41
      Required ratio:    0.00 (Cumulative area) 
      Partial area ratio:   50.45
      Required ratio: 3091.96 (Side area) 
      Cumulative area ratio:  298.13
      Required ratio:    0.00 (Cumulative side area) 


  Pin:   _41148_/A (sky130_fd_sc_hd__or3_1)
    Layer: mcon
      Partial area ratio:    0.23
      Required ratio:    3.00 (Gate area) 
      Cumulative area ratio:    0.23
      Required ratio:    0.00 (Cumulative area) 

    Layer: met1
      Partial area ratio:   11.74
      Required ratio:    0.00 (Gate area) 
      Cumulative area ratio:   11.74
      Required ratio:    0.00 (Cumulative area) 
      Partial area ratio:   56.58
      Required ratio:  400.00 (Side area) 
      Cumulative area ratio:   56.58
      Required ratio:    0.00 (Cumulative side area) 

    Layer: via
      Partial area ratio:    0.52
      Required ratio:    6.00 (Gate area) 
      Cumulative area ratio:    0.75
      Required ratio:    0.00 (Cumulative area) 

    Layer: met2
      Partial area ratio:    5.63
      Required ratio:    0.00 (Gate area) 
      Cumulative area ratio:   17.37
      Required ratio:    0.00 (Cumulative area) 
      Partial area ratio:   26.69
      Required ratio:  400.00 (Side area) 
      Cumulative area ratio:   83.27
      Required ratio:    0.00 (Cumulative side area) 

    Layer: via2
      Partial area ratio:    0.32
      Required ratio:    6.00 (Gate area) 
      Cumulative area ratio:    1.07
      Required ratio:    0.00 (Cumulative area) 

    Layer: met3
      Partial area ratio:   25.12
      Required ratio:    0.00 (Gate area) 
      Cumulative area ratio:   42.50
      Required ratio:    0.00 (Cumulative area) 
      Partial area ratio:  135.85
      Required ratio: 2918.08 (Side area) 
      Cumulative area ratio:  219.12
      Required ratio:    0.00 (Cumulative side area) 

    Layer: via3
      Partial area ratio:    0.05
      Required ratio:   34.63 (Gate area) 
      Cumulative area ratio:    1.12
      Required ratio:    0.00 (Cumulative area) 

    Layer: met4
      Partial area ratio:    9.31
      Required ratio:    0.00 (Gate area) 
      Cumulative area ratio:   51.81
      Required ratio:    0.00 (Cumulative area) 
      Partial area ratio:   50.45
      Required ratio: 3091.96 (Side area) 
      Cumulative area ratio:  269.58
      Required ratio:    0.00 (Cumulative side area) 


  Pin:   _41160_/A (sky130_fd_sc_hd__or3_1)
    Layer: mcon
      Partial area ratio:    0.23
      Required ratio:    3.00 (Gate area) 
      Cumulative area ratio:    0.23
      Required ratio:    0.00 (Cumulative area) 

    Layer: met1
      Partial area ratio:   11.90
      Required ratio:    0.00 (Gate area) 
      Cumulative area ratio:   11.90
      Required ratio:    0.00 (Cumulative area) 
      Partial area ratio:   57.36
      Required ratio:  400.00 (Side area) 
      Cumulative area ratio:   57.36
      Required ratio:    0.00 (Cumulative side area) 

    Layer: via
      Partial area ratio:    0.52
      Required ratio:    6.00 (Gate area) 
      Cumulative area ratio:    0.75
      Required ratio:    0.00 (Cumulative area) 

    Layer: met2
      Partial area ratio:   19.27
      Required ratio:    0.00 (Gate area) 
      Cumulative area ratio:   31.17
      Required ratio:    0.00 (Cumulative area) 
      Partial area ratio:   94.78
      Required ratio:  400.00 (Side area) 
      Cumulative area ratio:  152.14
      Required ratio:    0.00 (Cumulative side area) 

    Layer: via2
      Partial area ratio:    0.21
      Required ratio:    6.00 (Gate area) 
      Cumulative area ratio:    0.96
      Required ratio:    0.00 (Cumulative area) 

    Layer: met3
      Partial area ratio:   25.12
      Required ratio:    0.00 (Gate area) 
      Cumulative area ratio:   56.29
      Required ratio:    0.00 (Cumulative area) 
      Partial area ratio:  135.85
      Required ratio: 2918.08 (Side area) 
      Cumulative area ratio:  288.00
      Required ratio:    0.00 (Cumulative side area) 

    Layer: via3
      Partial area ratio:    0.05
      Required ratio:   34.63 (Gate area) 
      Cumulative area ratio:    1.02
      Required ratio:    0.00 (Cumulative area) 

    Layer: met4
      Partial area ratio:    9.31
      Required ratio:    0.00 (Gate area) 
      Cumulative area ratio:   65.61
      Required ratio:    0.00 (Cumulative area) 
      Partial area ratio:   50.45
      Required ratio: 3091.96 (Side area) 
      Cumulative area ratio:  338.45
      Required ratio:    0.00 (Cumulative side area) 


  Pin:   _41196_/A (sky130_fd_sc_hd__or3_2)
    Layer: mcon
      Partial area ratio:    0.23
      Required ratio:    3.00 (Gate area) 
      Cumulative area ratio:    0.23
      Required ratio:    0.00 (Cumulative area) 

    Layer: met1
      Partial area ratio:   10.03
      Required ratio:    0.00 (Gate area) 
      Cumulative area ratio:   10.03
      Required ratio:    0.00 (Cumulative area) 
      Partial area ratio:   47.31
      Required ratio: 2918.08 (Side area) 
      Cumulative area ratio:   47.31
      Required ratio:    0.00 (Cumulative side area) 

    Layer: via
      Partial area ratio:    0.54
      Required ratio:   34.63 (Gate area) 
      Cumulative area ratio:    0.77
      Required ratio:    0.00 (Cumulative area) 

    Layer: met2
      Partial area ratio:    2.14
      Required ratio:    0.00 (Gate area) 
      Cumulative area ratio:   12.18
      Required ratio:    0.00 (Cumulative area) 
      Partial area ratio:   10.06
      Required ratio: 2918.08 (Side area) 
      Cumulative area ratio:   57.36
      Required ratio:    0.00 (Cumulative side area) 

    Layer: via2
      Partial area ratio:    0.32
      Required ratio:   34.63 (Gate area) 
      Cumulative area ratio:    1.08
      Required ratio:    0.00 (Cumulative area) 

    Layer: met3
      Partial area ratio:   25.12
      Required ratio:    0.00 (Gate area) 
      Cumulative area ratio:   37.30
      Required ratio:    0.00 (Cumulative area) 
      Partial area ratio:  135.85
      Required ratio: 2918.08 (Side area) 
      Cumulative area ratio:  193.21
      Required ratio:    0.00 (Cumulative side area) 

    Layer: via3
      Partial area ratio:    0.05
      Required ratio:   34.63 (Gate area) 
      Cumulative area ratio:    1.14
      Required ratio:    0.00 (Cumulative area) 

    Layer: met4
      Partial area ratio:    9.31
      Required ratio:    0.00 (Gate area) 
      Cumulative area ratio:   46.61
      Required ratio:    0.00 (Cumulative area) 
      Partial area ratio:   50.45
      Required ratio: 3091.96 (Side area) 
      Cumulative area ratio:  243.67
      Required ratio:    0.00 (Cumulative side area) 


  Pin:   _41220_/A (sky130_fd_sc_hd__or3_2)
    Layer: mcon
      Partial area ratio:    0.23
      Required ratio:    3.00 (Gate area) 
      Cumulative area ratio:    0.23
      Required ratio:    0.00 (Cumulative area) 

    Layer: met1
      Partial area ratio:    5.04
      Required ratio:    0.00 (Gate area) 
      Cumulative area ratio:    5.04
      Required ratio:    0.00 (Cumulative area) 
      Partial area ratio:   23.73
      Required ratio:  400.00 (Side area) 
      Cumulative area ratio:   23.73
      Required ratio:    0.00 (Cumulative side area) 

    Layer: via
      Partial area ratio:    0.36
      Required ratio:    6.00 (Gate area) 
      Cumulative area ratio:    0.59
      Required ratio:    0.00 (Cumulative area) 

    Layer: met2
      Partial area ratio:   94.17
      Required ratio:    0.00 (Gate area) 
      Cumulative area ratio:   99.21
      Required ratio:    0.00 (Cumulative area) 
      Partial area ratio:  468.14
      Required ratio:  400.00 (Side area) (VIOLATED)
      Cumulative area ratio:  491.87
      Required ratio:    0.00 (Cumulative side area) 

    Layer: via2
      Partial area ratio:    0.63
      Required ratio:    6.00 (Gate area) 
      Cumulative area ratio:    1.22
      Required ratio:    0.00 (Cumulative area) 

    Layer: met3
      Partial area ratio:  132.92
      Required ratio:    0.00 (Gate area) 
      Cumulative area ratio:  232.13
      Required ratio:    0.00 (Cumulative area) 
      Partial area ratio:  714.48
      Required ratio:  400.00 (Side area) (VIOLATED)
      Cumulative area ratio: 1206.35
      Required ratio:    0.00 (Cumulative side area) 

    Layer: via3
      Partial area ratio:    0.48
      Required ratio:    6.00 (Gate area) 
      Cumulative area ratio:    1.70
      Required ratio:    0.00 (Cumulative area) 

    Layer: met4
      Partial area ratio:    9.31
      Required ratio:    0.00 (Gate area) 
      Cumulative area ratio:  241.45
      Required ratio:    0.00 (Cumulative area) 
      Partial area ratio:   50.45
      Required ratio: 3091.96 (Side area) 
      Cumulative area ratio: 1256.80
      Required ratio:    0.00 (Cumulative side area) 


  Pin:   _41280_/A (sky130_fd_sc_hd__or3_1)
    Layer: mcon
      Partial area ratio:    0.23
      Required ratio:    3.00 (Gate area) 
      Cumulative area ratio:    0.23
      Required ratio:    0.00 (Cumulative area) 

    Layer: met1
      Partial area ratio:    5.79
      Required ratio:    0.00 (Gate area) 
      Cumulative area ratio:    5.79
      Required ratio:    0.00 (Cumulative area) 
      Partial area ratio:   27.46
      Required ratio:  400.00 (Side area) 
      Cumulative area ratio:   27.46
      Required ratio:    0.00 (Cumulative side area) 

    Layer: via
      Partial area ratio:    0.36
      Required ratio:    6.00 (Gate area) 
      Cumulative area ratio:    0.59
      Required ratio:    0.00 (Cumulative area) 

    Layer: met2
      Partial area ratio:    1.48
      Required ratio:    0.00 (Gate area) 
      Cumulative area ratio:    7.27
      Required ratio:    0.00 (Cumulative area) 
      Partial area ratio:    6.83
      Required ratio:  400.00 (Side area) 
      Cumulative area ratio:   34.29
      Required ratio:    0.00 (Cumulative side area) 

    Layer: via2
      Partial area ratio:    0.32
      Required ratio:    6.00 (Gate area) 
      Cumulative area ratio:    0.90
      Required ratio:    0.00 (Cumulative area) 

    Layer: met3
      Partial area ratio:    0.99
      Required ratio:    0.00 (Gate area) 
      Cumulative area ratio:    8.26
      Required ratio:    0.00 (Cumulative area) 
      Partial area ratio:    9.02
      Required ratio:  400.00 (Side area) 
      Cumulative area ratio:   43.31
      Required ratio:    0.00 (Cumulative side area) 

    Layer: via3
      Partial area ratio:    0.32
      Required ratio:    6.00 (Gate area) 
      Cumulative area ratio:    1.22
      Required ratio:    0.00 (Cumulative area) 

    Layer: met4
      Partial area ratio:    9.31
      Required ratio:    0.00 (Gate area) 
      Cumulative area ratio:   17.57
      Required ratio:    0.00 (Cumulative area) 
      Partial area ratio:   50.45
      Required ratio: 3091.96 (Side area) 
      Cumulative area ratio:   93.76
      Required ratio:    0.00 (Cumulative side area) 


  Pin:   _41292_/A (sky130_fd_sc_hd__or3_1)
    Layer: mcon
      Partial area ratio:    0.23
      Required ratio:    3.00 (Gate area) 
      Cumulative area ratio:    0.23
      Required ratio:    0.00 (Cumulative area) 

    Layer: met1
      Partial area ratio:    3.64
      Required ratio:    0.00 (Gate area) 
      Cumulative area ratio:    3.64
      Required ratio:    0.00 (Cumulative area) 
      Partial area ratio:   16.91
      Required ratio:  400.00 (Side area) 
      Cumulative area ratio:   16.91
      Required ratio:    0.00 (Cumulative side area) 

    Layer: via
      Partial area ratio:    0.34
      Required ratio:    6.00 (Gate area) 
      Cumulative area ratio:    0.57
      Required ratio:    0.00 (Cumulative area) 

    Layer: met2
      Partial area ratio:    9.23
      Required ratio:    0.00 (Gate area) 
      Cumulative area ratio:   12.86
      Required ratio:    0.00 (Cumulative area) 
      Partial area ratio:   43.43
      Required ratio:  400.00 (Side area) 
      Cumulative area ratio:   60.34
      Required ratio:    0.00 (Cumulative side area) 

    Layer: via2
      Partial area ratio:    0.63
      Required ratio:    6.00 (Gate area) 
      Cumulative area ratio:    1.21
      Required ratio:    0.00 (Cumulative area) 

    Layer: met3
      Partial area ratio:  132.92
      Required ratio:    0.00 (Gate area) 
      Cumulative area ratio:  145.78
      Required ratio:    0.00 (Cumulative area) 
      Partial area ratio:  714.48
      Required ratio:  400.00 (Side area) (VIOLATED)
      Cumulative area ratio:  774.82
      Required ratio:    0.00 (Cumulative side area) 

    Layer: via3
      Partial area ratio:    0.48
      Required ratio:    6.00 (Gate area) 
      Cumulative area ratio:    1.68
      Required ratio:    0.00 (Cumulative area) 

    Layer: met4
      Partial area ratio:    9.31
      Required ratio:    0.00 (Gate area) 
      Cumulative area ratio:  155.10
      Required ratio:    0.00 (Cumulative area) 
      Partial area ratio:   50.45
      Required ratio: 3091.96 (Side area) 
      Cumulative area ratio:  825.27
      Required ratio:    0.00 (Cumulative side area) 


  Pin:   _41304_/A (sky130_fd_sc_hd__or3_1)
    Layer: mcon
      Partial area ratio:    0.23
      Required ratio:    3.00 (Gate area) 
      Cumulative area ratio:    0.23
      Required ratio:    0.00 (Cumulative area) 

    Layer: met1
      Partial area ratio:    7.75
      Required ratio:    0.00 (Gate area) 
      Cumulative area ratio:    7.75
      Required ratio:    0.00 (Cumulative area) 
      Partial area ratio:   37.26
      Required ratio:  400.00 (Side area) 
      Cumulative area ratio:   37.26
      Required ratio:    0.00 (Cumulative side area) 

    Layer: via
      Partial area ratio:    0.36
      Required ratio:    6.00 (Gate area) 
      Cumulative area ratio:    0.59
      Required ratio:    0.00 (Cumulative area) 

    Layer: met2
      Partial area ratio:   19.27
      Required ratio:    0.00 (Gate area) 
      Cumulative area ratio:   27.02
      Required ratio:    0.00 (Cumulative area) 
      Partial area ratio:   94.78
      Required ratio:  400.00 (Side area) 
      Cumulative area ratio:  132.04
      Required ratio:    0.00 (Cumulative side area) 

    Layer: via2
      Partial area ratio:    0.21
      Required ratio:    6.00 (Gate area) 
      Cumulative area ratio:    0.80
      Required ratio:    0.00 (Cumulative area) 

    Layer: met3
      Partial area ratio:   25.12
      Required ratio:    0.00 (Gate area) 
      Cumulative area ratio:   52.14
      Required ratio:    0.00 (Cumulative area) 
      Partial area ratio:  135.85
      Required ratio: 2918.08 (Side area) 
      Cumulative area ratio:  267.90
      Required ratio:    0.00 (Cumulative side area) 

    Layer: via3
      Partial area ratio:    0.05
      Required ratio:   34.63 (Gate area) 
      Cumulative area ratio:    0.85
      Required ratio:    0.00 (Cumulative area) 

    Layer: met4
      Partial area ratio:    9.31
      Required ratio:    0.00 (Gate area) 
      Cumulative area ratio:   61.45
      Required ratio:    0.00 (Cumulative area) 
      Partial area ratio:   50.45
      Required ratio: 3091.96 (Side area) 
      Cumulative area ratio:  318.35
      Required ratio:    0.00 (Cumulative side area) 


  Pin:   _41364_/A (sky130_fd_sc_hd__or3_4)
    Layer: mcon
      Partial area ratio:    0.12
      Required ratio:    3.00 (Gate area) 
      Cumulative area ratio:    0.12
      Required ratio:    0.00 (Cumulative area) 

    Layer: met1
      Partial area ratio:    2.07
      Required ratio:    0.00 (Gate area) 
      Cumulative area ratio:    2.07
      Required ratio:    0.00 (Cumulative area) 
      Partial area ratio:    9.80
      Required ratio: 2773.88 (Side area) 
      Cumulative area ratio:    9.80
      Required ratio:    0.00 (Cumulative side area) 

    Layer: via
      Partial area ratio:    0.10
      Required ratio:   21.65 (Gate area) 
      Cumulative area ratio:    0.22
      Required ratio:    0.00 (Cumulative area) 

    Layer: met2
      Partial area ratio:    0.40
      Required ratio:    0.00 (Gate area) 
      Cumulative area ratio:    2.46
      Required ratio:    0.00 (Cumulative area) 
      Partial area ratio:    1.86
      Required ratio: 2773.88 (Side area) 
      Cumulative area ratio:   11.66
      Required ratio:    0.00 (Cumulative side area) 

    Layer: via2
      Partial area ratio:    0.06
      Required ratio:   21.65 (Gate area) 
      Cumulative area ratio:    0.27
      Required ratio:    0.00 (Cumulative area) 

    Layer: met3
      Partial area ratio:    0.18
      Required ratio:    0.00 (Gate area) 
      Cumulative area ratio:    2.64
      Required ratio:    0.00 (Cumulative area) 
      Partial area ratio:    1.67
      Required ratio: 2773.88 (Side area) 
      Cumulative area ratio:   13.32
      Required ratio:    0.00 (Cumulative side area) 

    Layer: via3
      Partial area ratio:    0.06
      Required ratio:   21.65 (Gate area) 
      Cumulative area ratio:    0.33
      Required ratio:    0.00 (Cumulative area) 

    Layer: met4
      Partial area ratio:    9.31
      Required ratio:    0.00 (Gate area) 
      Cumulative area ratio:   11.96
      Required ratio:    0.00 (Cumulative area) 
      Partial area ratio:   50.45
      Required ratio: 3091.96 (Side area) 
      Cumulative area ratio:   63.78
      Required ratio:    0.00 (Cumulative side area) 


  Pin:   _41508_/A (sky130_fd_sc_hd__or3_2)
    Layer: mcon
      Partial area ratio:    0.23
      Required ratio:    3.00 (Gate area) 
      Cumulative area ratio:    0.23
      Required ratio:    0.00 (Cumulative area) 

    Layer: met1
      Partial area ratio:   33.89
      Required ratio:    0.00 (Gate area) 
      Cumulative area ratio:   33.89
      Required ratio:    0.00 (Cumulative area) 
      Partial area ratio:  167.14
      Required ratio:  400.00 (Side area) 
      Cumulative area ratio:  167.14
      Required ratio:    0.00 (Cumulative side area) 

    Layer: via
      Partial area ratio:    0.54
      Required ratio:    6.00 (Gate area) 
      Cumulative area ratio:    0.77
      Required ratio:    0.00 (Cumulative area) 

    Layer: met2
      Partial area ratio:    5.63
      Required ratio:    0.00 (Gate area) 
      Cumulative area ratio:   39.52
      Required ratio:    0.00 (Cumulative area) 
      Partial area ratio:   26.69
      Required ratio:  400.00 (Side area) 
      Cumulative area ratio:  193.83
      Required ratio:    0.00 (Cumulative side area) 

    Layer: via2
      Partial area ratio:    0.32
      Required ratio:    6.00 (Gate area) 
      Cumulative area ratio:    1.08
      Required ratio:    0.00 (Cumulative area) 

    Layer: met3
      Partial area ratio:   25.12
      Required ratio:    0.00 (Gate area) 
      Cumulative area ratio:   64.65
      Required ratio:    0.00 (Cumulative area) 
      Partial area ratio:  135.85
      Required ratio: 2918.08 (Side area) 
      Cumulative area ratio:  329.68
      Required ratio:    0.00 (Cumulative side area) 

    Layer: via3
      Partial area ratio:    0.05
      Required ratio:   34.63 (Gate area) 
      Cumulative area ratio:    1.14
      Required ratio:    0.00 (Cumulative area) 

    Layer: met4
      Partial area ratio:    9.31
      Required ratio:    0.00 (Gate area) 
      Cumulative area ratio:   73.96
      Required ratio:    0.00 (Cumulative area) 
      Partial area ratio:   50.45
      Required ratio: 3091.96 (Side area) 
      Cumulative area ratio:  380.13
      Required ratio:    0.00 (Cumulative side area) 


  Pin:   ANTENNA_387/DIODE (sky130_fd_sc_hd__diode_2)
    Layer: mcon
      Partial area ratio:    0.07
      Required ratio:   10.82 (Gate area) 
      Cumulative area ratio:    0.07
      Required ratio:    0.00 (Cumulative area) 

    Layer: met1
      Partial area ratio:    2.07
      Required ratio:    0.00 (Gate area) 
      Cumulative area ratio:    2.07
      Required ratio:    0.00 (Cumulative area) 
      Partial area ratio:    9.80
      Required ratio: 2773.88 (Side area) 
      Cumulative area ratio:    9.80
      Required ratio:    0.00 (Cumulative side area) 

    Layer: via
      Partial area ratio:    0.10
      Required ratio:   21.65 (Gate area) 
      Cumulative area ratio:    0.17
      Required ratio:    0.00 (Cumulative area) 

    Layer: met2
      Partial area ratio:    0.40
      Required ratio:    0.00 (Gate area) 
      Cumulative area ratio:    2.46
      Required ratio:    0.00 (Cumulative area) 
      Partial area ratio:    1.86
      Required ratio: 2773.88 (Side area) 
      Cumulative area ratio:   11.66
      Required ratio:    0.00 (Cumulative side area) 

    Layer: via2
      Partial area ratio:    0.06
      Required ratio:   21.65 (Gate area) 
      Cumulative area ratio:    0.22
      Required ratio:    0.00 (Cumulative area) 

    Layer: met3
      Partial area ratio:    0.18
      Required ratio:    0.00 (Gate area) 
      Cumulative area ratio:    2.64
      Required ratio:    0.00 (Cumulative area) 
      Partial area ratio:    1.67
      Required ratio: 2773.88 (Side area) 
      Cumulative area ratio:   13.32
      Required ratio:    0.00 (Cumulative side area) 

    Layer: via3
      Partial area ratio:    0.06
      Required ratio:   21.65 (Gate area) 
      Cumulative area ratio:    0.28
      Required ratio:    0.00 (Cumulative area) 

    Layer: met4
      Partial area ratio:    9.31
      Required ratio:    0.00 (Gate area) 
      Cumulative area ratio:   11.96
      Required ratio:    0.00 (Cumulative area) 
      Partial area ratio:   50.45
      Required ratio: 3091.96 (Side area) 
      Cumulative area ratio:   63.78
      Required ratio:    0.00 (Cumulative side area) 



Net: net823
  Pin:   _26941_/B1 (sky130_fd_sc_hd__a22o_1)
    Layer: mcon
      Partial area ratio:    0.12
      Required ratio:    3.00 (Gate area) 
      Cumulative area ratio:    0.12
      Required ratio:    0.00 (Cumulative area) 

    Layer: met1
      Partial area ratio:    3.36
      Required ratio:    0.00 (Gate area) 
      Cumulative area ratio:    3.36
      Required ratio:    0.00 (Cumulative area) 
      Partial area ratio:   16.06
      Required ratio:  400.00 (Side area) 
      Cumulative area ratio:   16.06
      Required ratio:    0.00 (Cumulative side area) 

    Layer: via
      Partial area ratio:    0.18
      Required ratio:    6.00 (Gate area) 
      Cumulative area ratio:    0.30
      Required ratio:    0.00 (Cumulative area) 

    Layer: met2
      Partial area ratio:    0.75
      Required ratio:    0.00 (Gate area) 
      Cumulative area ratio:    4.12
      Required ratio:    0.00 (Cumulative area) 
      Partial area ratio:    3.48
      Required ratio:  400.00 (Side area) 
      Cumulative area ratio:   19.54
      Required ratio:    0.00 (Cumulative side area) 

    Layer: via2
      Partial area ratio:    0.16
      Required ratio:    6.00 (Gate area) 
      Cumulative area ratio:    0.46
      Required ratio:    0.00 (Cumulative area) 

    Layer: met3
      Partial area ratio:    0.50
      Required ratio:    0.00 (Gate area) 
      Cumulative area ratio:    4.62
      Required ratio:    0.00 (Cumulative area) 
      Partial area ratio:    4.59
      Required ratio:  400.00 (Side area) 
      Cumulative area ratio:   24.13
      Required ratio:    0.00 (Cumulative side area) 

    Layer: via3
      Partial area ratio:    0.16
      Required ratio:    6.00 (Gate area) 
      Cumulative area ratio:    0.62
      Required ratio:    0.00 (Cumulative area) 

    Layer: met4
      Partial area ratio:   44.67
      Required ratio:    0.00 (Gate area) 
      Cumulative area ratio:   49.30
      Required ratio:    0.00 (Cumulative area) 
      Partial area ratio:  236.30
      Required ratio: 2956.40 (Side area) 
      Cumulative area ratio:  260.44
      Required ratio:    0.00 (Cumulative side area) 

    Layer: via4
      Partial area ratio:    0.56
      Required ratio:   38.08 (Gate area) 
      Cumulative area ratio:    1.18
      Required ratio:    0.00 (Cumulative area) 

    Layer: met5
      Partial area ratio:   35.89
      Required ratio:    0.00 (Gate area) 
      Cumulative area ratio:   85.18
      Required ratio:    0.00 (Cumulative area) 
      Partial area ratio:   56.22
      Required ratio: 2956.40 (Side area) 
      Cumulative area ratio:  316.65
      Required ratio:    0.00 (Cumulative side area) 


  Pin:   _26980_/B1 (sky130_fd_sc_hd__a22o_1)
    Layer: mcon
      Partial area ratio:    0.12
      Required ratio:    3.00 (Gate area) 
      Cumulative area ratio:    0.12
      Required ratio:    0.00 (Cumulative area) 

    Layer: met1
      Partial area ratio:    2.83
      Required ratio:    0.00 (Gate area) 
      Cumulative area ratio:    2.83
      Required ratio:    0.00 (Cumulative area) 
      Partial area ratio:   13.38
      Required ratio:  400.00 (Side area) 
      Cumulative area ratio:   13.38
      Required ratio:    0.00 (Cumulative side area) 

    Layer: via
      Partial area ratio:    0.18
      Required ratio:    6.00 (Gate area) 
      Cumulative area ratio:    0.30
      Required ratio:    0.00 (Cumulative area) 

    Layer: met2
      Partial area ratio:    0.75
      Required ratio:    0.00 (Gate area) 
      Cumulative area ratio:    3.58
      Required ratio:    0.00 (Cumulative area) 
      Partial area ratio:    3.48
      Required ratio:  400.00 (Side area) 
      Cumulative area ratio:   16.86
      Required ratio:    0.00 (Cumulative side area) 

    Layer: via2
      Partial area ratio:    0.16
      Required ratio:    6.00 (Gate area) 
      Cumulative area ratio:    0.46
      Required ratio:    0.00 (Cumulative area) 

    Layer: met3
      Partial area ratio:    0.50
      Required ratio:    0.00 (Gate area) 
      Cumulative area ratio:    4.08
      Required ratio:    0.00 (Cumulative area) 
      Partial area ratio:    4.59
      Required ratio:  400.00 (Side area) 
      Cumulative area ratio:   21.45
      Required ratio:    0.00 (Cumulative side area) 

    Layer: via3
      Partial area ratio:    0.16
      Required ratio:    6.00 (Gate area) 
      Cumulative area ratio:    0.62
      Required ratio:    0.00 (Cumulative area) 

    Layer: met4
      Partial area ratio:   44.67
      Required ratio:    0.00 (Gate area) 
      Cumulative area ratio:   48.76
      Required ratio:    0.00 (Cumulative area) 
      Partial area ratio:  236.30
      Required ratio: 2956.40 (Side area) 
      Cumulative area ratio:  257.75
      Required ratio:    0.00 (Cumulative side area) 

    Layer: via4
      Partial area ratio:    0.56
      Required ratio:   38.08 (Gate area) 
      Cumulative area ratio:    1.18
      Required ratio:    0.00 (Cumulative area) 

    Layer: met5
      Partial area ratio:   35.89
      Required ratio:    0.00 (Gate area) 
      Cumulative area ratio:   84.65
      Required ratio:    0.00 (Cumulative area) 
      Partial area ratio:   56.22
      Required ratio: 2956.40 (Side area) 
      Cumulative area ratio:  313.97
      Required ratio:    0.00 (Cumulative side area) 


  Pin:   _26983_/B1 (sky130_fd_sc_hd__a22o_1)
    Layer: mcon
      Partial area ratio:    0.12
      Required ratio:    3.00 (Gate area) 
      Cumulative area ratio:    0.12
      Required ratio:    0.00 (Cumulative area) 

    Layer: met1
      Partial area ratio:    3.47
      Required ratio:    0.00 (Gate area) 
      Cumulative area ratio:    3.47
      Required ratio:    0.00 (Cumulative area) 
      Partial area ratio:   16.60
      Required ratio:  400.00 (Side area) 
      Cumulative area ratio:   16.60
      Required ratio:    0.00 (Cumulative side area) 

    Layer: via
      Partial area ratio:    0.18
      Required ratio:    6.00 (Gate area) 
      Cumulative area ratio:    0.30
      Required ratio:    0.00 (Cumulative area) 

    Layer: met2
      Partial area ratio:    0.75
      Required ratio:    0.00 (Gate area) 
      Cumulative area ratio:    4.23
      Required ratio:    0.00 (Cumulative area) 
      Partial area ratio:    3.48
      Required ratio:  400.00 (Side area) 
      Cumulative area ratio:   20.08
      Required ratio:    0.00 (Cumulative side area) 

    Layer: via2
      Partial area ratio:    0.16
      Required ratio:    6.00 (Gate area) 
      Cumulative area ratio:    0.46
      Required ratio:    0.00 (Cumulative area) 

    Layer: met3
      Partial area ratio:    0.50
      Required ratio:    0.00 (Gate area) 
      Cumulative area ratio:    4.73
      Required ratio:    0.00 (Cumulative area) 
      Partial area ratio:    4.59
      Required ratio:  400.00 (Side area) 
      Cumulative area ratio:   24.67
      Required ratio:    0.00 (Cumulative side area) 

    Layer: via3
      Partial area ratio:    0.16
      Required ratio:    6.00 (Gate area) 
      Cumulative area ratio:    0.62
      Required ratio:    0.00 (Cumulative area) 

    Layer: met4
      Partial area ratio:   44.67
      Required ratio:    0.00 (Gate area) 
      Cumulative area ratio:   49.40
      Required ratio:    0.00 (Cumulative area) 
      Partial area ratio:  236.30
      Required ratio: 2956.40 (Side area) 
      Cumulative area ratio:  260.97
      Required ratio:    0.00 (Cumulative side area) 

    Layer: via4
      Partial area ratio:    0.56
      Required ratio:   38.08 (Gate area) 
      Cumulative area ratio:    1.18
      Required ratio:    0.00 (Cumulative area) 

    Layer: met5
      Partial area ratio:   35.89
      Required ratio:    0.00 (Gate area) 
      Cumulative area ratio:   85.29
      Required ratio:    0.00 (Cumulative area) 
      Partial area ratio:   56.22
      Required ratio: 2956.40 (Side area) 
      Cumulative area ratio:  317.19
      Required ratio:    0.00 (Cumulative side area) 


  Pin:   _26986_/B1 (sky130_fd_sc_hd__a22o_1)
    Layer: mcon
      Partial area ratio:    0.12
      Required ratio:    3.00 (Gate area) 
      Cumulative area ratio:    0.12
      Required ratio:    0.00 (Cumulative area) 

    Layer: met1
      Partial area ratio:    6.49
      Required ratio:    0.00 (Gate area) 
      Cumulative area ratio:    6.49
      Required ratio:    0.00 (Cumulative area) 
      Partial area ratio:   31.71
      Required ratio:  400.00 (Side area) 
      Cumulative area ratio:   31.71
      Required ratio:    0.00 (Cumulative side area) 

    Layer: via
      Partial area ratio:    0.18
      Required ratio:    6.00 (Gate area) 
      Cumulative area ratio:    0.30
      Required ratio:    0.00 (Cumulative area) 

    Layer: met2
      Partial area ratio:   12.67
      Required ratio:    0.00 (Gate area) 
      Cumulative area ratio:   19.16
      Required ratio:    0.00 (Cumulative area) 
      Partial area ratio:   62.42
      Required ratio:  400.00 (Side area) 
      Cumulative area ratio:   94.13
      Required ratio:    0.00 (Cumulative side area) 

    Layer: via2
      Partial area ratio:    0.32
      Required ratio:    6.00 (Gate area) 
      Cumulative area ratio:    0.62
      Required ratio:    0.00 (Cumulative area) 

    Layer: met3
      Partial area ratio:  134.82
      Required ratio:    0.00 (Gate area) 
      Cumulative area ratio:  153.99
      Required ratio:    0.00 (Cumulative area) 
      Partial area ratio:  722.84
      Required ratio:  400.00 (Side area) (VIOLATED)
      Cumulative area ratio:  816.97
      Required ratio:    0.00 (Cumulative side area) 

    Layer: via3
      Partial area ratio:    0.32
      Required ratio:    6.00 (Gate area) 
      Cumulative area ratio:    0.95
      Required ratio:    0.00 (Cumulative area) 

    Layer: met4
      Partial area ratio:   30.25
      Required ratio:    0.00 (Gate area) 
      Cumulative area ratio:  184.24
      Required ratio:    0.00 (Cumulative area) 
      Partial area ratio:  154.44
      Required ratio:  400.00 (Side area) 
      Cumulative area ratio:  971.41
      Required ratio:    0.00 (Cumulative side area) 

    Layer: via4
      Partial area ratio:    1.39
      Required ratio:    6.00 (Gate area) 
      Cumulative area ratio:    2.33
      Required ratio:    0.00 (Cumulative area) 

    Layer: met5
      Partial area ratio:   35.89
      Required ratio:    0.00 (Gate area) 
      Cumulative area ratio:  220.13
      Required ratio:    0.00 (Cumulative area) 
      Partial area ratio:   56.22
      Required ratio: 2956.40 (Side area) 
      Cumulative area ratio: 1027.63
      Required ratio:    0.00 (Cumulative side area) 


  Pin:   fanout820/A (sky130_fd_sc_hd__buf_4)
    Layer: mcon
      Partial area ratio:    0.12
      Required ratio:    3.00 (Gate area) 
      Cumulative area ratio:    0.12
      Required ratio:    0.00 (Cumulative area) 

    Layer: met1
      Partial area ratio:    3.38
      Required ratio:    0.00 (Gate area) 
      Cumulative area ratio:    3.38
      Required ratio:    0.00 (Cumulative area) 
      Partial area ratio:   16.15
      Required ratio:  400.00 (Side area) 
      Cumulative area ratio:   16.15
      Required ratio:    0.00 (Cumulative side area) 

    Layer: via
      Partial area ratio:    0.18
      Required ratio:    6.00 (Gate area) 
      Cumulative area ratio:    0.30
      Required ratio:    0.00 (Cumulative area) 

    Layer: met2
      Partial area ratio:    0.75
      Required ratio:    0.00 (Gate area) 
      Cumulative area ratio:    4.13
      Required ratio:    0.00 (Cumulative area) 
      Partial area ratio:    3.48
      Required ratio:  400.00 (Side area) 
      Cumulative area ratio:   19.63
      Required ratio:    0.00 (Cumulative side area) 

    Layer: via2
      Partial area ratio:    0.16
      Required ratio:    6.00 (Gate area) 
      Cumulative area ratio:    0.46
      Required ratio:    0.00 (Cumulative area) 

    Layer: met3
      Partial area ratio:   84.72
      Required ratio:    0.00 (Gate area) 
      Cumulative area ratio:   88.85
      Required ratio:    0.00 (Cumulative area) 
      Partial area ratio:  455.56
      Required ratio:  400.00 (Side area) (VIOLATED)
      Cumulative area ratio:  475.19
      Required ratio:    0.00 (Cumulative side area) 

    Layer: via3
      Partial area ratio:    0.48
      Required ratio:    6.00 (Gate area) 
      Cumulative area ratio:    0.95
      Required ratio:    0.00 (Cumulative area) 

    Layer: met4
      Partial area ratio:   44.67
      Required ratio:    0.00 (Gate area) 
      Cumulative area ratio:  133.53
      Required ratio:    0.00 (Cumulative area) 
      Partial area ratio:  236.30
      Required ratio: 2956.40 (Side area) 
      Cumulative area ratio:  711.49
      Required ratio:    0.00 (Cumulative side area) 

    Layer: via4
      Partial area ratio:    0.56
      Required ratio:   38.08 (Gate area) 
      Cumulative area ratio:    1.50
      Required ratio:    0.00 (Cumulative area) 

    Layer: met5
      Partial area ratio:   35.89
      Required ratio:    0.00 (Gate area) 
      Cumulative area ratio:  169.41
      Required ratio:    0.00 (Cumulative area) 
      Partial area ratio:   56.22
      Required ratio: 2956.40 (Side area) 
      Cumulative area ratio:  767.71
      Required ratio:    0.00 (Cumulative side area) 


  Pin:   fanout821/A (sky130_fd_sc_hd__buf_2)
    Layer: mcon
      Partial area ratio:    0.18
      Required ratio:    3.00 (Gate area) 
      Cumulative area ratio:    0.18
      Required ratio:    0.00 (Cumulative area) 

    Layer: met1
      Partial area ratio:    4.61
      Required ratio:    0.00 (Gate area) 
      Cumulative area ratio:    4.61
      Required ratio:    0.00 (Cumulative area) 
      Partial area ratio:   21.87
      Required ratio:  400.00 (Side area) 
      Cumulative area ratio:   21.87
      Required ratio:    0.00 (Cumulative side area) 

    Layer: via
      Partial area ratio:    0.28
      Required ratio:    6.00 (Gate area) 
      Cumulative area ratio:    0.46
      Required ratio:    0.00 (Cumulative area) 

    Layer: met2
      Partial area ratio:    7.47
      Required ratio:    0.00 (Gate area) 
      Cumulative area ratio:   12.08
      Required ratio:    0.00 (Cumulative area) 
      Partial area ratio:   36.21
      Required ratio:  400.00 (Side area) 
      Cumulative area ratio:   58.08
      Required ratio:    0.00 (Cumulative side area) 

    Layer: via2
      Partial area ratio:    0.25
      Required ratio:    6.00 (Gate area) 
      Cumulative area ratio:    0.72
      Required ratio:    0.00 (Cumulative area) 

    Layer: met3
      Partial area ratio:   13.80
      Required ratio:    0.00 (Gate area) 
      Cumulative area ratio:   25.88
      Required ratio:    0.00 (Cumulative area) 
      Partial area ratio:   76.53
      Required ratio:  400.00 (Side area) 
      Cumulative area ratio:  134.61
      Required ratio:    0.00 (Cumulative side area) 

    Layer: via3
      Partial area ratio:    0.25
      Required ratio:    6.00 (Gate area) 
      Cumulative area ratio:    0.97
      Required ratio:    0.00 (Cumulative area) 

    Layer: met4
      Partial area ratio:   44.67
      Required ratio:    0.00 (Gate area) 
      Cumulative area ratio:   70.55
      Required ratio:    0.00 (Cumulative area) 
      Partial area ratio:  236.30
      Required ratio: 2956.40 (Side area) 
      Cumulative area ratio:  370.91
      Required ratio:    0.00 (Cumulative side area) 

    Layer: via4
      Partial area ratio:    0.56
      Required ratio:   38.08 (Gate area) 
      Cumulative area ratio:    1.52
      Required ratio:    0.00 (Cumulative area) 

    Layer: met5
      Partial area ratio:   35.89
      Required ratio:    0.00 (Gate area) 
      Cumulative area ratio:  106.44
      Required ratio:    0.00 (Cumulative area) 
      Partial area ratio:   56.22
      Required ratio: 2956.40 (Side area) 
      Cumulative area ratio:  427.13
      Required ratio:    0.00 (Cumulative side area) 


  Pin:   fanout822/A (sky130_fd_sc_hd__clkbuf_4)
    Layer: mcon
      Partial area ratio:    0.14
      Required ratio:    3.00 (Gate area) 
      Cumulative area ratio:    0.14
      Required ratio:    0.00 (Cumulative area) 

    Layer: met1
      Partial area ratio:    3.76
      Required ratio:    0.00 (Gate area) 
      Cumulative area ratio:    3.76
      Required ratio:    0.00 (Cumulative area) 
      Partial area ratio:   17.93
      Required ratio:  400.00 (Side area) 
      Cumulative area ratio:   17.93
      Required ratio:    0.00 (Cumulative side area) 

    Layer: via
      Partial area ratio:    0.21
      Required ratio:    6.00 (Gate area) 
      Cumulative area ratio:    0.35
      Required ratio:    0.00 (Cumulative area) 

    Layer: met2
      Partial area ratio:    0.88
      Required ratio:    0.00 (Gate area) 
      Cumulative area ratio:    4.64
      Required ratio:    0.00 (Cumulative area) 
      Partial area ratio:    4.04
      Required ratio:  400.00 (Side area) 
      Cumulative area ratio:   21.97
      Required ratio:    0.00 (Cumulative side area) 

    Layer: via2
      Partial area ratio:    0.19
      Required ratio:    6.00 (Gate area) 
      Cumulative area ratio:    0.53
      Required ratio:    0.00 (Cumulative area) 

    Layer: met3
      Partial area ratio:    0.59
      Required ratio:    0.00 (Gate area) 
      Cumulative area ratio:    5.22
      Required ratio:    0.00 (Cumulative area) 
      Partial area ratio:    5.33
      Required ratio:  400.00 (Side area) 
      Cumulative area ratio:   27.30
      Required ratio:    0.00 (Cumulative side area) 

    Layer: via3
      Partial area ratio:    0.19
      Required ratio:    6.00 (Gate area) 
      Cumulative area ratio:    0.72
      Required ratio:    0.00 (Cumulative area) 

    Layer: met4
      Partial area ratio:   30.25
      Required ratio:    0.00 (Gate area) 
      Cumulative area ratio:   35.48
      Required ratio:    0.00 (Cumulative area) 
      Partial area ratio:  154.44
      Required ratio:  400.00 (Side area) 
      Cumulative area ratio:  181.74
      Required ratio:    0.00 (Cumulative side area) 

    Layer: via4
      Partial area ratio:    1.39
      Required ratio:    6.00 (Gate area) 
      Cumulative area ratio:    2.11
      Required ratio:    0.00 (Cumulative area) 

    Layer: met5
      Partial area ratio:   35.89
      Required ratio:    0.00 (Gate area) 
      Cumulative area ratio:   71.36
      Required ratio:    0.00 (Cumulative area) 
      Partial area ratio:   56.22
      Required ratio: 2956.40 (Side area) 
      Cumulative area ratio:  237.96
      Required ratio:    0.00 (Cumulative side area) 



Net: net850
  Pin:   _26941_/A2 (sky130_fd_sc_hd__a22o_1)
    Layer: mcon
      Partial area ratio:    0.12
      Required ratio:    3.00 (Gate area) 
      Cumulative area ratio:    0.12
      Required ratio:    0.00 (Cumulative area) 

    Layer: met1
      Partial area ratio:    2.76
      Required ratio:    0.00 (Gate area) 
      Cumulative area ratio:    2.76
      Required ratio:    0.00 (Cumulative area) 
      Partial area ratio:   13.25
      Required ratio: 2773.88 (Side area) 
      Cumulative area ratio:   13.25
      Required ratio:    0.00 (Cumulative side area) 

    Layer: via
      Partial area ratio:    0.10
      Required ratio:   21.65 (Gate area) 
      Cumulative area ratio:    0.22
      Required ratio:    0.00 (Cumulative area) 

    Layer: met2
      Partial area ratio:    0.40
      Required ratio:    0.00 (Gate area) 
      Cumulative area ratio:    3.15
      Required ratio:    0.00 (Cumulative area) 
      Partial area ratio:    1.86
      Required ratio: 2773.88 (Side area) 
      Cumulative area ratio:   15.11
      Required ratio:    0.00 (Cumulative side area) 

    Layer: via2
      Partial area ratio:    0.06
      Required ratio:   21.65 (Gate area) 
      Cumulative area ratio:    0.27
      Required ratio:    0.00 (Cumulative area) 

    Layer: met3
      Partial area ratio:    9.30
      Required ratio:    0.00 (Gate area) 
      Cumulative area ratio:   12.45
      Required ratio:    0.00 (Cumulative area) 
      Partial area ratio:   50.26
      Required ratio: 2773.88 (Side area) 
      Cumulative area ratio:   65.37
      Required ratio:    0.00 (Cumulative side area) 

    Layer: via3
      Partial area ratio:    0.12
      Required ratio:   21.65 (Gate area) 
      Cumulative area ratio:    0.39
      Required ratio:    0.00 (Cumulative area) 

    Layer: met4
      Partial area ratio:   19.54
      Required ratio:    0.00 (Gate area) 
      Cumulative area ratio:   31.98
      Required ratio:    0.00 (Cumulative area) 
      Partial area ratio:  104.92
      Required ratio: 3304.16 (Side area) 
      Cumulative area ratio:  170.29
      Required ratio:    0.00 (Cumulative side area) 


  Pin:   _26950_/A2 (sky130_fd_sc_hd__a22o_1)
    Layer: mcon
      Partial area ratio:    0.12
      Required ratio:    3.00 (Gate area) 
      Cumulative area ratio:    0.12
      Required ratio:    0.00 (Cumulative area) 

    Layer: met1
      Partial area ratio:    3.21
      Required ratio:    0.00 (Gate area) 
      Cumulative area ratio:    3.21
      Required ratio:    0.00 (Cumulative area) 
      Partial area ratio:   15.32
      Required ratio:  400.00 (Side area) 
      Cumulative area ratio:   15.32
      Required ratio:    0.00 (Cumulative side area) 

    Layer: via
      Partial area ratio:    0.18
      Required ratio:    6.00 (Gate area) 
      Cumulative area ratio:    0.30
      Required ratio:    0.00 (Cumulative area) 

    Layer: met2
      Partial area ratio:    8.77
      Required ratio:    0.00 (Gate area) 
      Cumulative area ratio:   11.98
      Required ratio:    0.00 (Cumulative area) 
      Partial area ratio:   42.91
      Required ratio:  400.00 (Side area) 
      Cumulative area ratio:   58.23
      Required ratio:    0.00 (Cumulative side area) 

    Layer: via2
      Partial area ratio:    0.32
      Required ratio:    6.00 (Gate area) 
      Cumulative area ratio:    0.62
      Required ratio:    0.00 (Cumulative area) 

    Layer: met3
      Partial area ratio:  101.37
      Required ratio:    0.00 (Gate area) 
      Cumulative area ratio:  113.35
      Required ratio:    0.00 (Cumulative area) 
      Partial area ratio:  544.39
      Required ratio:  400.00 (Side area) (VIOLATED)
      Cumulative area ratio:  602.61
      Required ratio:    0.00 (Cumulative side area) 

    Layer: via3
      Partial area ratio:    0.32
      Required ratio:    6.00 (Gate area) 
      Cumulative area ratio:    0.95
      Required ratio:    0.00 (Cumulative area) 

    Layer: met4
      Partial area ratio:   19.54
      Required ratio:    0.00 (Gate area) 
      Cumulative area ratio:  132.89
      Required ratio:    0.00 (Cumulative area) 
      Partial area ratio:  104.92
      Required ratio: 3304.16 (Side area) 
      Cumulative area ratio:  707.54
      Required ratio:    0.00 (Cumulative side area) 


  Pin:   _26980_/A2 (sky130_fd_sc_hd__a22o_1)
    Layer: mcon
      Partial area ratio:    0.12
      Required ratio:    3.00 (Gate area) 
      Cumulative area ratio:    0.12
      Required ratio:    0.00 (Cumulative area) 

    Layer: met1
      Partial area ratio:    3.25
      Required ratio:    0.00 (Gate area) 
      Cumulative area ratio:    3.25
      Required ratio:    0.00 (Cumulative area) 
      Partial area ratio:   15.48
      Required ratio:  400.00 (Side area) 
      Cumulative area ratio:   15.48
      Required ratio:    0.00 (Cumulative side area) 

    Layer: via
      Partial area ratio:    0.18
      Required ratio:    6.00 (Gate area) 
      Cumulative area ratio:    0.30
      Required ratio:    0.00 (Cumulative area) 

    Layer: met2
      Partial area ratio:    0.75
      Required ratio:    0.00 (Gate area) 
      Cumulative area ratio:    4.00
      Required ratio:    0.00 (Cumulative area) 
      Partial area ratio:    3.48
      Required ratio:  400.00 (Side area) 
      Cumulative area ratio:   18.96
      Required ratio:    0.00 (Cumulative side area) 

    Layer: via2
      Partial area ratio:    0.16
      Required ratio:    6.00 (Gate area) 
      Cumulative area ratio:    0.46
      Required ratio:    0.00 (Cumulative area) 

    Layer: met3
      Partial area ratio:   50.39
      Required ratio:    0.00 (Gate area) 
      Cumulative area ratio:   54.39
      Required ratio:    0.00 (Cumulative area) 
      Partial area ratio:  269.34
      Required ratio:  400.00 (Side area) 
      Cumulative area ratio:  288.29
      Required ratio:    0.00 (Cumulative side area) 

    Layer: via3
      Partial area ratio:    0.11
      Required ratio:    6.00 (Gate area) 
      Cumulative area ratio:    0.57
      Required ratio:    0.00 (Cumulative area) 

    Layer: met4
      Partial area ratio:   19.54
      Required ratio:    0.00 (Gate area) 
      Cumulative area ratio:   73.92
      Required ratio:    0.00 (Cumulative area) 
      Partial area ratio:  104.92
      Required ratio: 3304.16 (Side area) 
      Cumulative area ratio:  393.22
      Required ratio:    0.00 (Cumulative side area) 


  Pin:   _26986_/A2 (sky130_fd_sc_hd__a22o_1)
    Layer: mcon
      Partial area ratio:    0.12
      Required ratio:    3.00 (Gate area) 
      Cumulative area ratio:    0.12
      Required ratio:    0.00 (Cumulative area) 

    Layer: met1
      Partial area ratio:    1.85
      Required ratio:    0.00 (Gate area) 
      Cumulative area ratio:    1.85
      Required ratio:    0.00 (Cumulative area) 
      Partial area ratio:    8.63
      Required ratio:  400.00 (Side area) 
      Cumulative area ratio:    8.63
      Required ratio:    0.00 (Cumulative side area) 

    Layer: via
      Partial area ratio:    0.16
      Required ratio:    6.00 (Gate area) 
      Cumulative area ratio:    0.28
      Required ratio:    0.00 (Cumulative area) 

    Layer: met2
      Partial area ratio:    0.56
      Required ratio:    0.00 (Gate area) 
      Cumulative area ratio:    2.41
      Required ratio:    0.00 (Cumulative area) 
      Partial area ratio:    2.15
      Required ratio:  400.00 (Side area) 
      Cumulative area ratio:   10.78
      Required ratio:    0.00 (Cumulative side area) 

    Layer: via2
      Partial area ratio:    0.16
      Required ratio:    6.00 (Gate area) 
      Cumulative area ratio:    0.44
      Required ratio:    0.00 (Cumulative area) 

    Layer: met3
      Partial area ratio:   50.39
      Required ratio:    0.00 (Gate area) 
      Cumulative area ratio:   52.79
      Required ratio:    0.00 (Cumulative area) 
      Partial area ratio:  269.34
      Required ratio:  400.00 (Side area) 
      Cumulative area ratio:  280.12
      Required ratio:    0.00 (Cumulative side area) 

    Layer: via3
      Partial area ratio:    0.11
      Required ratio:    6.00 (Gate area) 
      Cumulative area ratio:    0.55
      Required ratio:    0.00 (Cumulative area) 

    Layer: met4
      Partial area ratio:   19.54
      Required ratio:    0.00 (Gate area) 
      Cumulative area ratio:   72.33
      Required ratio:    0.00 (Cumulative area) 
      Partial area ratio:  104.92
      Required ratio: 3304.16 (Side area) 
      Cumulative area ratio:  385.04
      Required ratio:    0.00 (Cumulative side area) 


  Pin:   _26995_/A2 (sky130_fd_sc_hd__a22o_1)
    Layer: mcon
      Partial area ratio:    0.12
      Required ratio:    3.00 (Gate area) 
      Cumulative area ratio:    0.12
      Required ratio:    0.00 (Cumulative area) 

    Layer: met1
      Partial area ratio:    2.46
      Required ratio:    0.00 (Gate area) 
      Cumulative area ratio:    2.46
      Required ratio:    0.00 (Cumulative area) 
      Partial area ratio:   11.57
      Required ratio:  400.00 (Side area) 
      Cumulative area ratio:   11.57
      Required ratio:    0.00 (Cumulative side area) 

    Layer: via
      Partial area ratio:    0.18
      Required ratio:    6.00 (Gate area) 
      Cumulative area ratio:    0.30
      Required ratio:    0.00 (Cumulative area) 

    Layer: met2
      Partial area ratio:    0.75
      Required ratio:    0.00 (Gate area) 
      Cumulative area ratio:    3.22
      Required ratio:    0.00 (Cumulative area) 
      Partial area ratio:    3.48
      Required ratio:  400.00 (Side area) 
      Cumulative area ratio:   15.05
      Required ratio:    0.00 (Cumulative side area) 

    Layer: via2
      Partial area ratio:    0.16
      Required ratio:    6.00 (Gate area) 
      Cumulative area ratio:    0.46
      Required ratio:    0.00 (Cumulative area) 

    Layer: met3
      Partial area ratio:   50.39
      Required ratio:    0.00 (Gate area) 
      Cumulative area ratio:   53.61
      Required ratio:    0.00 (Cumulative area) 
      Partial area ratio:  269.34
      Required ratio:  400.00 (Side area) 
      Cumulative area ratio:  284.39
      Required ratio:    0.00 (Cumulative side area) 

    Layer: via3
      Partial area ratio:    0.11
      Required ratio:    6.00 (Gate area) 
      Cumulative area ratio:    0.57
      Required ratio:    0.00 (Cumulative area) 

    Layer: met4
      Partial area ratio:   19.54
      Required ratio:    0.00 (Gate area) 
      Cumulative area ratio:   73.14
      Required ratio:    0.00 (Cumulative area) 
      Partial area ratio:  104.92
      Required ratio: 3304.16 (Side area) 
      Cumulative area ratio:  389.31
      Required ratio:    0.00 (Cumulative side area) 


  Pin:   fanout848/A (sky130_fd_sc_hd__buf_4)
    Layer: mcon
      Partial area ratio:    0.12
      Required ratio:    3.00 (Gate area) 
      Cumulative area ratio:    0.12
      Required ratio:    0.00 (Cumulative area) 

    Layer: met1
      Partial area ratio:    8.50
      Required ratio:    0.00 (Gate area) 
      Cumulative area ratio:    8.50
      Required ratio:    0.00 (Cumulative area) 
      Partial area ratio:   41.02
      Required ratio: 2956.40 (Side area) 
      Cumulative area ratio:   41.02
      Required ratio:    0.00 (Cumulative side area) 

    Layer: via
      Partial area ratio:    0.27
      Required ratio:   38.08 (Gate area) 
      Cumulative area ratio:    0.39
      Required ratio:    0.00 (Cumulative area) 

    Layer: met2
      Partial area ratio:    5.13
      Required ratio:    0.00 (Gate area) 
      Cumulative area ratio:   13.63
      Required ratio:    0.00 (Cumulative area) 
      Partial area ratio:   24.90
      Required ratio: 2956.40 (Side area) 
      Cumulative area ratio:   65.93
      Required ratio:    0.00 (Cumulative side area) 

    Layer: via2
      Partial area ratio:    0.16
      Required ratio:   38.08 (Gate area) 
      Cumulative area ratio:    0.55
      Required ratio:    0.00 (Cumulative area) 

    Layer: met3
      Partial area ratio:   42.32
      Required ratio:    0.00 (Gate area) 
      Cumulative area ratio:   55.95
      Required ratio:    0.00 (Cumulative area) 
      Partial area ratio:  227.59
      Required ratio: 2956.40 (Side area) 
      Cumulative area ratio:  293.52
      Required ratio:    0.00 (Cumulative side area) 

    Layer: via3
      Partial area ratio:    0.16
      Required ratio:   38.08 (Gate area) 
      Cumulative area ratio:    0.71
      Required ratio:    0.00 (Cumulative area) 

    Layer: met4
      Partial area ratio:   19.54
      Required ratio:    0.00 (Gate area) 
      Cumulative area ratio:   75.49
      Required ratio:    0.00 (Cumulative area) 
      Partial area ratio:  104.92
      Required ratio: 3304.16 (Side area) 
      Cumulative area ratio:  398.44
      Required ratio:    0.00 (Cumulative side area) 


  Pin:   fanout849/A (sky130_fd_sc_hd__clkbuf_4)
    Layer: mcon
      Partial area ratio:    0.14
      Required ratio:    3.00 (Gate area) 
      Cumulative area ratio:    0.14
      Required ratio:    0.00 (Cumulative area) 

    Layer: met1
      Partial area ratio:    0.53
      Required ratio:    0.00 (Gate area) 
      Cumulative area ratio:    0.53
      Required ratio:    0.00 (Cumulative area) 
      Partial area ratio:    2.30
      Required ratio: 2773.88 (Side area) 
      Cumulative area ratio:    2.30
      Required ratio:    0.00 (Cumulative side area) 

    Layer: via
      Partial area ratio:    0.07
      Required ratio:   21.65 (Gate area) 
      Cumulative area ratio:    0.21
      Required ratio:    0.00 (Cumulative area) 

    Layer: met2
      Partial area ratio:    0.29
      Required ratio:    0.00 (Gate area) 
      Cumulative area ratio:    0.82
      Required ratio:    0.00 (Cumulative area) 
      Partial area ratio:    1.33
      Required ratio: 2773.88 (Side area) 
      Cumulative area ratio:    3.63
      Required ratio:    0.00 (Cumulative side area) 

    Layer: via2
      Partial area ratio:    0.06
      Required ratio:   21.65 (Gate area) 
      Cumulative area ratio:    0.27
      Required ratio:    0.00 (Cumulative area) 

    Layer: met3
      Partial area ratio:    6.58
      Required ratio:    0.00 (Gate area) 
      Cumulative area ratio:    7.40
      Required ratio:    0.00 (Cumulative area) 
      Partial area ratio:   35.83
      Required ratio: 2773.88 (Side area) 
      Cumulative area ratio:   39.46
      Required ratio:    0.00 (Cumulative side area) 

    Layer: via3
      Partial area ratio:    0.06
      Required ratio:   21.65 (Gate area) 
      Cumulative area ratio:    0.33
      Required ratio:    0.00 (Cumulative area) 

    Layer: met4
      Partial area ratio:   19.54
      Required ratio:    0.00 (Gate area) 
      Cumulative area ratio:   26.93
      Required ratio:    0.00 (Cumulative area) 
      Partial area ratio:  104.92
      Required ratio: 3304.16 (Side area) 
      Cumulative area ratio:  144.38
      Required ratio:    0.00 (Cumulative side area) 


  Pin:   ANTENNA_397/DIODE (sky130_fd_sc_hd__diode_2)
    Layer: mcon
      Partial area ratio:    0.07
      Required ratio:   10.82 (Gate area) 
      Cumulative area ratio:    0.07
      Required ratio:    0.00 (Cumulative area) 

    Layer: met1
      Partial area ratio:    2.76
      Required ratio:    0.00 (Gate area) 
      Cumulative area ratio:    2.76
      Required ratio:    0.00 (Cumulative area) 
      Partial area ratio:   13.25
      Required ratio: 2773.88 (Side area) 
      Cumulative area ratio:   13.25
      Required ratio:    0.00 (Cumulative side area) 

    Layer: via
      Partial area ratio:    0.10
      Required ratio:   21.65 (Gate area) 
      Cumulative area ratio:    0.17
      Required ratio:    0.00 (Cumulative area) 

    Layer: met2
      Partial area ratio:    0.40
      Required ratio:    0.00 (Gate area) 
      Cumulative area ratio:    3.15
      Required ratio:    0.00 (Cumulative area) 
      Partial area ratio:    1.86
      Required ratio: 2773.88 (Side area) 
      Cumulative area ratio:   15.11
      Required ratio:    0.00 (Cumulative side area) 

    Layer: via2
      Partial area ratio:    0.06
      Required ratio:   21.65 (Gate area) 
      Cumulative area ratio:    0.22
      Required ratio:    0.00 (Cumulative area) 

    Layer: met3
      Partial area ratio:    9.30
      Required ratio:    0.00 (Gate area) 
      Cumulative area ratio:   12.45
      Required ratio:    0.00 (Cumulative area) 
      Partial area ratio:   50.26
      Required ratio: 2773.88 (Side area) 
      Cumulative area ratio:   65.37
      Required ratio:    0.00 (Cumulative side area) 

    Layer: via3
      Partial area ratio:    0.12
      Required ratio:   21.65 (Gate area) 
      Cumulative area ratio:    0.34
      Required ratio:    0.00 (Cumulative area) 

    Layer: met4
      Partial area ratio:   19.54
      Required ratio:    0.00 (Gate area) 
      Cumulative area ratio:   31.98
      Required ratio:    0.00 (Cumulative area) 
      Partial area ratio:  104.92
      Required ratio: 3304.16 (Side area) 
      Cumulative area ratio:  170.29
      Required ratio:    0.00 (Cumulative side area) 


  Pin:   ANTENNA_424/DIODE (sky130_fd_sc_hd__diode_2)
    Layer: mcon
      Partial area ratio:    0.07
      Required ratio:   10.82 (Gate area) 
      Cumulative area ratio:    0.07
      Required ratio:    0.00 (Cumulative area) 

    Layer: met1
      Partial area ratio:    0.53
      Required ratio:    0.00 (Gate area) 
      Cumulative area ratio:    0.53
      Required ratio:    0.00 (Cumulative area) 
      Partial area ratio:    2.30
      Required ratio: 2773.88 (Side area) 
      Cumulative area ratio:    2.30
      Required ratio:    0.00 (Cumulative side area) 

    Layer: via
      Partial area ratio:    0.07
      Required ratio:   21.65 (Gate area) 
      Cumulative area ratio:    0.14
      Required ratio:    0.00 (Cumulative area) 

    Layer: met2
      Partial area ratio:    0.29
      Required ratio:    0.00 (Gate area) 
      Cumulative area ratio:    0.82
      Required ratio:    0.00 (Cumulative area) 
      Partial area ratio:    1.33
      Required ratio: 2773.88 (Side area) 
      Cumulative area ratio:    3.63
      Required ratio:    0.00 (Cumulative side area) 

    Layer: via2
      Partial area ratio:    0.06
      Required ratio:   21.65 (Gate area) 
      Cumulative area ratio:    0.20
      Required ratio:    0.00 (Cumulative area) 

    Layer: met3
      Partial area ratio:    6.58
      Required ratio:    0.00 (Gate area) 
      Cumulative area ratio:    7.40
      Required ratio:    0.00 (Cumulative area) 
      Partial area ratio:   35.83
      Required ratio: 2773.88 (Side area) 
      Cumulative area ratio:   39.46
      Required ratio:    0.00 (Cumulative side area) 

    Layer: via3
      Partial area ratio:    0.06
      Required ratio:   21.65 (Gate area) 
      Cumulative area ratio:    0.26
      Required ratio:    0.00 (Cumulative area) 

    Layer: met4
      Partial area ratio:   19.54
      Required ratio:    0.00 (Gate area) 
      Cumulative area ratio:   26.93
      Required ratio:    0.00 (Cumulative area) 
      Partial area ratio:  104.92
      Required ratio: 3304.16 (Side area) 
      Cumulative area ratio:  144.38
      Required ratio:    0.00 (Cumulative side area) 



Net: net891
  Pin:   _26833_/A2 (sky130_fd_sc_hd__a221o_1)
    Layer: mcon
      Partial area ratio:    0.12
      Required ratio:    3.00 (Gate area) 
      Cumulative area ratio:    0.12
      Required ratio:    0.00 (Cumulative area) 

    Layer: met1
      Partial area ratio:    3.14
      Required ratio:    0.00 (Gate area) 
      Cumulative area ratio:    3.14
      Required ratio:    0.00 (Cumulative area) 
      Partial area ratio:   14.94
      Required ratio:  400.00 (Side area) 
      Cumulative area ratio:   14.94
      Required ratio:    0.00 (Cumulative side area) 

    Layer: via
      Partial area ratio:    0.18
      Required ratio:    6.00 (Gate area) 
      Cumulative area ratio:    0.30
      Required ratio:    0.00 (Cumulative area) 

    Layer: met2
      Partial area ratio:    0.75
      Required ratio:    0.00 (Gate area) 
      Cumulative area ratio:    3.89
      Required ratio:    0.00 (Cumulative area) 
      Partial area ratio:    3.48
      Required ratio:  400.00 (Side area) 
      Cumulative area ratio:   18.42
      Required ratio:    0.00 (Cumulative side area) 

    Layer: via2
      Partial area ratio:    0.16
      Required ratio:    6.00 (Gate area) 
      Cumulative area ratio:    0.46
      Required ratio:    0.00 (Cumulative area) 

    Layer: met3
      Partial area ratio:   28.42
      Required ratio:    0.00 (Gate area) 
      Cumulative area ratio:   32.31
      Required ratio:    0.00 (Cumulative area) 
      Partial area ratio:  152.14
      Required ratio: 2947.76 (Side area) 
      Cumulative area ratio:  170.56
      Required ratio:    0.00 (Cumulative side area) 

    Layer: via3
      Partial area ratio:    0.07
      Required ratio:   37.30 (Gate area) 
      Cumulative area ratio:    0.53
      Required ratio:    0.00 (Cumulative area) 

    Layer: met4
      Partial area ratio:   13.17
      Required ratio:    0.00 (Gate area) 
      Cumulative area ratio:   45.48
      Required ratio:    0.00 (Cumulative area) 
      Partial area ratio:   70.82
      Required ratio: 3478.04 (Side area) 
      Cumulative area ratio:  241.38
      Required ratio:    0.00 (Cumulative side area) 


  Pin:   _26845_/A2 (sky130_fd_sc_hd__a221o_1)
    Layer: mcon
      Partial area ratio:    0.12
      Required ratio:    3.00 (Gate area) 
      Cumulative area ratio:    0.12
      Required ratio:    0.00 (Cumulative area) 

    Layer: met1
      Partial area ratio:    1.34
      Required ratio:    0.00 (Gate area) 
      Cumulative area ratio:    1.34
      Required ratio:    0.00 (Cumulative area) 
      Partial area ratio:    6.16
      Required ratio: 2773.88 (Side area) 
      Cumulative area ratio:    6.16
      Required ratio:    0.00 (Cumulative side area) 

    Layer: via
      Partial area ratio:    0.10
      Required ratio:   21.65 (Gate area) 
      Cumulative area ratio:    0.22
      Required ratio:    0.00 (Cumulative area) 

    Layer: met2
      Partial area ratio:    0.40
      Required ratio:    0.00 (Gate area) 
      Cumulative area ratio:    1.73
      Required ratio:    0.00 (Cumulative area) 
      Partial area ratio:    1.86
      Required ratio: 2773.88 (Side area) 
      Cumulative area ratio:    8.02
      Required ratio:    0.00 (Cumulative side area) 

    Layer: via2
      Partial area ratio:    0.06
      Required ratio:   21.65 (Gate area) 
      Cumulative area ratio:    0.27
      Required ratio:    0.00 (Cumulative area) 

    Layer: met3
      Partial area ratio:   28.42
      Required ratio:    0.00 (Gate area) 
      Cumulative area ratio:   30.15
      Required ratio:    0.00 (Cumulative area) 
      Partial area ratio:  152.14
      Required ratio: 2947.76 (Side area) 
      Cumulative area ratio:  160.16
      Required ratio:    0.00 (Cumulative side area) 

    Layer: via3
      Partial area ratio:    0.07
      Required ratio:   37.30 (Gate area) 
      Cumulative area ratio:    0.35
      Required ratio:    0.00 (Cumulative area) 

    Layer: met4
      Partial area ratio:   13.17
      Required ratio:    0.00 (Gate area) 
      Cumulative area ratio:   43.32
      Required ratio:    0.00 (Cumulative area) 
      Partial area ratio:   70.82
      Required ratio: 3478.04 (Side area) 
      Cumulative area ratio:  230.98
      Required ratio:    0.00 (Cumulative side area) 


  Pin:   _26851_/A2 (sky130_fd_sc_hd__a221o_1)
    Layer: mcon
      Partial area ratio:    0.12
      Required ratio:    3.00 (Gate area) 
      Cumulative area ratio:    0.12
      Required ratio:    0.00 (Cumulative area) 

    Layer: met1
      Partial area ratio:    1.36
      Required ratio:    0.00 (Gate area) 
      Cumulative area ratio:    1.36
      Required ratio:    0.00 (Cumulative area) 
      Partial area ratio:    6.29
      Required ratio: 2773.88 (Side area) 
      Cumulative area ratio:    6.29
      Required ratio:    0.00 (Cumulative side area) 

    Layer: via
      Partial area ratio:    0.10
      Required ratio:   21.65 (Gate area) 
      Cumulative area ratio:    0.22
      Required ratio:    0.00 (Cumulative area) 

    Layer: met2
      Partial area ratio:    3.30
      Required ratio:    0.00 (Gate area) 
      Cumulative area ratio:    4.67
      Required ratio:    0.00 (Cumulative area) 
      Partial area ratio:   16.16
      Required ratio: 2773.88 (Side area) 
      Cumulative area ratio:   22.45
      Required ratio:    0.00 (Cumulative side area) 

    Layer: via2
      Partial area ratio:    0.12
      Required ratio:   21.65 (Gate area) 
      Cumulative area ratio:    0.33
      Required ratio:    0.00 (Cumulative area) 

    Layer: met3
      Partial area ratio:   28.42
      Required ratio:    0.00 (Gate area) 
      Cumulative area ratio:   33.09
      Required ratio:    0.00 (Cumulative area) 
      Partial area ratio:  152.14
      Required ratio: 2947.76 (Side area) 
      Cumulative area ratio:  174.59
      Required ratio:    0.00 (Cumulative side area) 

    Layer: via3
      Partial area ratio:    0.07
      Required ratio:   37.30 (Gate area) 
      Cumulative area ratio:    0.41
      Required ratio:    0.00 (Cumulative area) 

    Layer: met4
      Partial area ratio:   13.17
      Required ratio:    0.00 (Gate area) 
      Cumulative area ratio:   46.25
      Required ratio:    0.00 (Cumulative area) 
      Partial area ratio:   70.82
      Required ratio: 3478.04 (Side area) 
      Cumulative area ratio:  245.41
      Required ratio:    0.00 (Cumulative side area) 


  Pin:   _26866_/A2 (sky130_fd_sc_hd__a221o_1)
    Layer: mcon
      Partial area ratio:    0.12
      Required ratio:    3.00 (Gate area) 
      Cumulative area ratio:    0.12
      Required ratio:    0.00 (Cumulative area) 

    Layer: met1
      Partial area ratio:    3.47
      Required ratio:    0.00 (Gate area) 
      Cumulative area ratio:    3.47
      Required ratio:    0.00 (Cumulative area) 
      Partial area ratio:   16.58
      Required ratio:  400.00 (Side area) 
      Cumulative area ratio:   16.58
      Required ratio:    0.00 (Cumulative side area) 

    Layer: via
      Partial area ratio:    0.18
      Required ratio:    6.00 (Gate area) 
      Cumulative area ratio:    0.30
      Required ratio:    0.00 (Cumulative area) 

    Layer: met2
      Partial area ratio:    6.50
      Required ratio:    0.00 (Gate area) 
      Cumulative area ratio:    9.97
      Required ratio:    0.00 (Cumulative area) 
      Partial area ratio:   32.03
      Required ratio:  400.00 (Side area) 
      Cumulative area ratio:   48.61
      Required ratio:    0.00 (Cumulative side area) 

    Layer: via2
      Partial area ratio:    0.16
      Required ratio:    6.00 (Gate area) 
      Cumulative area ratio:    0.46
      Required ratio:    0.00 (Cumulative area) 

    Layer: met3
      Partial area ratio:   29.77
      Required ratio:    0.00 (Gate area) 
      Cumulative area ratio:   39.74
      Required ratio:    0.00 (Cumulative area) 
      Partial area ratio:  160.68
      Required ratio:  400.00 (Side area) 
      Cumulative area ratio:  209.29
      Required ratio:    0.00 (Cumulative side area) 

    Layer: via3
      Partial area ratio:    0.16
      Required ratio:    6.00 (Gate area) 
      Cumulative area ratio:    0.62
      Required ratio:    0.00 (Cumulative area) 

    Layer: met4
      Partial area ratio:   13.17
      Required ratio:    0.00 (Gate area) 
      Cumulative area ratio:   52.91
      Required ratio:    0.00 (Cumulative area) 
      Partial area ratio:   70.82
      Required ratio: 3478.04 (Side area) 
      Cumulative area ratio:  280.11
      Required ratio:    0.00 (Cumulative side area) 


  Pin:   _26869_/A2 (sky130_fd_sc_hd__a221o_1)
    Layer: mcon
      Partial area ratio:    0.12
      Required ratio:    3.00 (Gate area) 
      Cumulative area ratio:    0.12
      Required ratio:    0.00 (Cumulative area) 

    Layer: met1
      Partial area ratio:    1.96
      Required ratio:    0.00 (Gate area) 
      Cumulative area ratio:    1.96
      Required ratio:    0.00 (Cumulative area) 
      Partial area ratio:    9.03
      Required ratio:  400.00 (Side area) 
      Cumulative area ratio:    9.03
      Required ratio:    0.00 (Cumulative side area) 

    Layer: via
      Partial area ratio:    0.18
      Required ratio:    6.00 (Gate area) 
      Cumulative area ratio:    0.30
      Required ratio:    0.00 (Cumulative area) 

    Layer: met2
      Partial area ratio:    6.50
      Required ratio:    0.00 (Gate area) 
      Cumulative area ratio:    8.46
      Required ratio:    0.00 (Cumulative area) 
      Partial area ratio:   32.03
      Required ratio:  400.00 (Side area) 
      Cumulative area ratio:   41.06
      Required ratio:    0.00 (Cumulative side area) 

    Layer: via2
      Partial area ratio:    0.16
      Required ratio:    6.00 (Gate area) 
      Cumulative area ratio:    0.46
      Required ratio:    0.00 (Cumulative area) 

    Layer: met3
      Partial area ratio:   29.77
      Required ratio:    0.00 (Gate area) 
      Cumulative area ratio:   38.23
      Required ratio:    0.00 (Cumulative area) 
      Partial area ratio:  160.68
      Required ratio:  400.00 (Side area) 
      Cumulative area ratio:  201.74
      Required ratio:    0.00 (Cumulative side area) 

    Layer: via3
      Partial area ratio:    0.16
      Required ratio:    6.00 (Gate area) 
      Cumulative area ratio:    0.62
      Required ratio:    0.00 (Cumulative area) 

    Layer: met4
      Partial area ratio:   13.17
      Required ratio:    0.00 (Gate area) 
      Cumulative area ratio:   51.40
      Required ratio:    0.00 (Cumulative area) 
      Partial area ratio:   70.82
      Required ratio: 3478.04 (Side area) 
      Cumulative area ratio:  272.56
      Required ratio:    0.00 (Cumulative side area) 


  Pin:   fanout888/A (sky130_fd_sc_hd__clkbuf_4)
    Layer: mcon
      Partial area ratio:    0.14
      Required ratio:    3.00 (Gate area) 
      Cumulative area ratio:    0.14
      Required ratio:    0.00 (Cumulative area) 

    Layer: met1
      Partial area ratio:    5.03
      Required ratio:    0.00 (Gate area) 
      Cumulative area ratio:    5.03
      Required ratio:    0.00 (Cumulative area) 
      Partial area ratio:   23.43
      Required ratio: 2956.40 (Side area) 
      Cumulative area ratio:   23.43
      Required ratio:    0.00 (Cumulative side area) 

    Layer: via
      Partial area ratio:    0.32
      Required ratio:   38.08 (Gate area) 
      Cumulative area ratio:    0.45
      Required ratio:    0.00 (Cumulative area) 

    Layer: met2
      Partial area ratio:    1.27
      Required ratio:    0.00 (Gate area) 
      Cumulative area ratio:    6.29
      Required ratio:    0.00 (Cumulative area) 
      Partial area ratio:    5.95
      Required ratio: 2956.40 (Side area) 
      Cumulative area ratio:   29.38
      Required ratio:    0.00 (Cumulative side area) 

    Layer: via2
      Partial area ratio:    0.19
      Required ratio:   38.08 (Gate area) 
      Cumulative area ratio:    0.64
      Required ratio:    0.00 (Cumulative area) 

    Layer: met3
      Partial area ratio:    0.59
      Required ratio:    0.00 (Gate area) 
      Cumulative area ratio:    6.88
      Required ratio:    0.00 (Cumulative area) 
      Partial area ratio:    5.33
      Required ratio: 2956.40 (Side area) 
      Cumulative area ratio:   34.71
      Required ratio:    0.00 (Cumulative side area) 

    Layer: via3
      Partial area ratio:    0.19
      Required ratio:   38.08 (Gate area) 
      Cumulative area ratio:    0.83
      Required ratio:    0.00 (Cumulative area) 

    Layer: met4
      Partial area ratio:   13.17
      Required ratio:    0.00 (Gate area) 
      Cumulative area ratio:   20.05
      Required ratio:    0.00 (Cumulative area) 
      Partial area ratio:   70.82
      Required ratio: 3478.04 (Side area) 
      Cumulative area ratio:  105.54
      Required ratio:    0.00 (Cumulative side area) 


  Pin:   fanout889/A (sky130_fd_sc_hd__clkbuf_4)
    Layer: mcon
      Partial area ratio:    0.14
      Required ratio:    3.00 (Gate area) 
      Cumulative area ratio:    0.14
      Required ratio:    0.00 (Cumulative area) 

    Layer: met1
      Partial area ratio:    2.59
      Required ratio:    0.00 (Gate area) 
      Cumulative area ratio:    2.59
      Required ratio:    0.00 (Cumulative area) 
      Partial area ratio:   11.72
      Required ratio:  400.00 (Side area) 
      Cumulative area ratio:   11.72
      Required ratio:    0.00 (Cumulative side area) 

    Layer: via
      Partial area ratio:    0.21
      Required ratio:    6.00 (Gate area) 
      Cumulative area ratio:    0.35
      Required ratio:    0.00 (Cumulative area) 

    Layer: met2
      Partial area ratio:    0.88
      Required ratio:    0.00 (Gate area) 
      Cumulative area ratio:    3.47
      Required ratio:    0.00 (Cumulative area) 
      Partial area ratio:    4.04
      Required ratio:  400.00 (Side area) 
      Cumulative area ratio:   15.76
      Required ratio:    0.00 (Cumulative side area) 

    Layer: via2
      Partial area ratio:    0.19
      Required ratio:    6.00 (Gate area) 
      Cumulative area ratio:    0.53
      Required ratio:    0.00 (Cumulative area) 

    Layer: met3
      Partial area ratio:   39.46
      Required ratio:    0.00 (Gate area) 
      Cumulative area ratio:   42.92
      Required ratio:    0.00 (Cumulative area) 
      Partial area ratio:  212.62
      Required ratio:  400.00 (Side area) 
      Cumulative area ratio:  228.38
      Required ratio:    0.00 (Cumulative side area) 

    Layer: via3
      Partial area ratio:    0.19
      Required ratio:    6.00 (Gate area) 
      Cumulative area ratio:    0.72
      Required ratio:    0.00 (Cumulative area) 

    Layer: met4
      Partial area ratio:   13.17
      Required ratio:    0.00 (Gate area) 
      Cumulative area ratio:   56.09
      Required ratio:    0.00 (Cumulative area) 
      Partial area ratio:   70.82
      Required ratio: 3478.04 (Side area) 
      Cumulative area ratio:  299.20
      Required ratio:    0.00 (Cumulative side area) 


  Pin:   fanout890/A (sky130_fd_sc_hd__clkbuf_4)
    Layer: mcon
      Partial area ratio:    0.14
      Required ratio:    3.00 (Gate area) 
      Cumulative area ratio:    0.14
      Required ratio:    0.00 (Cumulative area) 

    Layer: met1
      Partial area ratio:    3.84
      Required ratio:    0.00 (Gate area) 
      Cumulative area ratio:    3.84
      Required ratio:    0.00 (Cumulative area) 
      Partial area ratio:   18.32
      Required ratio:  400.00 (Side area) 
      Cumulative area ratio:   18.32
      Required ratio:    0.00 (Cumulative side area) 

    Layer: via
      Partial area ratio:    0.21
      Required ratio:    6.00 (Gate area) 
      Cumulative area ratio:    0.35
      Required ratio:    0.00 (Cumulative area) 

    Layer: met2
      Partial area ratio:    0.88
      Required ratio:    0.00 (Gate area) 
      Cumulative area ratio:    4.72
      Required ratio:    0.00 (Cumulative area) 
      Partial area ratio:    4.04
      Required ratio:  400.00 (Side area) 
      Cumulative area ratio:   22.36
      Required ratio:    0.00 (Cumulative side area) 

    Layer: via2
      Partial area ratio:    0.19
      Required ratio:    6.00 (Gate area) 
      Cumulative area ratio:    0.53
      Required ratio:    0.00 (Cumulative area) 

    Layer: met3
      Partial area ratio:  127.48
      Required ratio:    0.00 (Gate area) 
      Cumulative area ratio:  132.19
      Required ratio:    0.00 (Cumulative area) 
      Partial area ratio:  684.28
      Required ratio:  400.00 (Side area) (VIOLATED)
      Cumulative area ratio:  706.65
      Required ratio:    0.00 (Cumulative side area) 

    Layer: via3
      Partial area ratio:    0.19
      Required ratio:    6.00 (Gate area) 
      Cumulative area ratio:    0.72
      Required ratio:    0.00 (Cumulative area) 

    Layer: met4
      Partial area ratio:   13.17
      Required ratio:    0.00 (Gate area) 
      Cumulative area ratio:  145.36
      Required ratio:    0.00 (Cumulative area) 
      Partial area ratio:   70.82
      Required ratio: 3478.04 (Side area) 
      Cumulative area ratio:  777.47
      Required ratio:    0.00 (Cumulative side area) 


  Pin:   ANTENNA_213/DIODE (sky130_fd_sc_hd__diode_2)
    Layer: mcon
      Partial area ratio:    0.07
      Required ratio:   10.82 (Gate area) 
      Cumulative area ratio:    0.07
      Required ratio:    0.00 (Cumulative area) 

    Layer: met1
      Partial area ratio:    2.09
      Required ratio:    0.00 (Gate area) 
      Cumulative area ratio:    2.09
      Required ratio:    0.00 (Cumulative area) 
      Partial area ratio:   10.01
      Required ratio: 2773.88 (Side area) 
      Cumulative area ratio:   10.01
      Required ratio:    0.00 (Cumulative side area) 

    Layer: via
      Partial area ratio:    0.10
      Required ratio:   21.65 (Gate area) 
      Cumulative area ratio:    0.17
      Required ratio:    0.00 (Cumulative area) 

    Layer: met2
      Partial area ratio:    0.43
      Required ratio:    0.00 (Gate area) 
      Cumulative area ratio:    2.52
      Required ratio:    0.00 (Cumulative area) 
      Partial area ratio:    1.98
      Required ratio: 2773.88 (Side area) 
      Cumulative area ratio:   11.99
      Required ratio:    0.00 (Cumulative side area) 

    Layer: via2
      Partial area ratio:    0.09
      Required ratio:   21.65 (Gate area) 
      Cumulative area ratio:    0.26
      Required ratio:    0.00 (Cumulative area) 

    Layer: met3
      Partial area ratio:    0.29
      Required ratio:    0.00 (Gate area) 
      Cumulative area ratio:    2.80
      Required ratio:    0.00 (Cumulative area) 
      Partial area ratio:    2.61
      Required ratio: 2773.88 (Side area) 
      Cumulative area ratio:   14.60
      Required ratio:    0.00 (Cumulative side area) 

    Layer: via3
      Partial area ratio:    0.09
      Required ratio:   21.65 (Gate area) 
      Cumulative area ratio:    0.35
      Required ratio:    0.00 (Cumulative area) 

    Layer: met4
      Partial area ratio:   13.17
      Required ratio:    0.00 (Gate area) 
      Cumulative area ratio:   15.97
      Required ratio:    0.00 (Cumulative area) 
      Partial area ratio:   70.82
      Required ratio: 3478.04 (Side area) 
      Cumulative area ratio:   85.43
      Required ratio:    0.00 (Cumulative side area) 


  Pin:   ANTENNA_214/DIODE (sky130_fd_sc_hd__diode_2)
    Layer: mcon
      Partial area ratio:    0.07
      Required ratio:   10.82 (Gate area) 
      Cumulative area ratio:    0.07
      Required ratio:    0.00 (Cumulative area) 

    Layer: met1
      Partial area ratio:    1.34
      Required ratio:    0.00 (Gate area) 
      Cumulative area ratio:    1.34
      Required ratio:    0.00 (Cumulative area) 
      Partial area ratio:    6.16
      Required ratio: 2773.88 (Side area) 
      Cumulative area ratio:    6.16
      Required ratio:    0.00 (Cumulative side area) 

    Layer: via
      Partial area ratio:    0.10
      Required ratio:   21.65 (Gate area) 
      Cumulative area ratio:    0.17
      Required ratio:    0.00 (Cumulative area) 

    Layer: met2
      Partial area ratio:    0.40
      Required ratio:    0.00 (Gate area) 
      Cumulative area ratio:    1.73
      Required ratio:    0.00 (Cumulative area) 
      Partial area ratio:    1.86
      Required ratio: 2773.88 (Side area) 
      Cumulative area ratio:    8.02
      Required ratio:    0.00 (Cumulative side area) 

    Layer: via2
      Partial area ratio:    0.06
      Required ratio:   21.65 (Gate area) 
      Cumulative area ratio:    0.22
      Required ratio:    0.00 (Cumulative area) 

    Layer: met3
      Partial area ratio:   28.42
      Required ratio:    0.00 (Gate area) 
      Cumulative area ratio:   30.15
      Required ratio:    0.00 (Cumulative area) 
      Partial area ratio:  152.14
      Required ratio: 2947.76 (Side area) 
      Cumulative area ratio:  160.16
      Required ratio:    0.00 (Cumulative side area) 

    Layer: via3
      Partial area ratio:    0.07
      Required ratio:   37.30 (Gate area) 
      Cumulative area ratio:    0.30
      Required ratio:    0.00 (Cumulative area) 

    Layer: met4
      Partial area ratio:   13.17
      Required ratio:    0.00 (Gate area) 
      Cumulative area ratio:   43.32
      Required ratio:    0.00 (Cumulative area) 
      Partial area ratio:   70.82
      Required ratio: 3478.04 (Side area) 
      Cumulative area ratio:  230.98
      Required ratio:    0.00 (Cumulative side area) 


  Pin:   ANTENNA_215/DIODE (sky130_fd_sc_hd__diode_2)
    Layer: mcon
      Partial area ratio:    0.07
      Required ratio:   10.82 (Gate area) 
      Cumulative area ratio:    0.07
      Required ratio:    0.00 (Cumulative area) 

    Layer: met1
      Partial area ratio:    1.36
      Required ratio:    0.00 (Gate area) 
      Cumulative area ratio:    1.36
      Required ratio:    0.00 (Cumulative area) 
      Partial area ratio:    6.29
      Required ratio: 2773.88 (Side area) 
      Cumulative area ratio:    6.29
      Required ratio:    0.00 (Cumulative side area) 

    Layer: via
      Partial area ratio:    0.10
      Required ratio:   21.65 (Gate area) 
      Cumulative area ratio:    0.17
      Required ratio:    0.00 (Cumulative area) 

    Layer: met2
      Partial area ratio:    3.30
      Required ratio:    0.00 (Gate area) 
      Cumulative area ratio:    4.67
      Required ratio:    0.00 (Cumulative area) 
      Partial area ratio:   16.16
      Required ratio: 2773.88 (Side area) 
      Cumulative area ratio:   22.45
      Required ratio:    0.00 (Cumulative side area) 

    Layer: via2
      Partial area ratio:    0.12
      Required ratio:   21.65 (Gate area) 
      Cumulative area ratio:    0.28
      Required ratio:    0.00 (Cumulative area) 

    Layer: met3
      Partial area ratio:   28.42
      Required ratio:    0.00 (Gate area) 
      Cumulative area ratio:   33.09
      Required ratio:    0.00 (Cumulative area) 
      Partial area ratio:  152.14
      Required ratio: 2947.76 (Side area) 
      Cumulative area ratio:  174.59
      Required ratio:    0.00 (Cumulative side area) 

    Layer: via3
      Partial area ratio:    0.07
      Required ratio:   37.30 (Gate area) 
      Cumulative area ratio:    0.36
      Required ratio:    0.00 (Cumulative area) 

    Layer: met4
      Partial area ratio:   13.17
      Required ratio:    0.00 (Gate area) 
      Cumulative area ratio:   46.25
      Required ratio:    0.00 (Cumulative area) 
      Partial area ratio:   70.82
      Required ratio: 3478.04 (Side area) 
      Cumulative area ratio:  245.41
      Required ratio:    0.00 (Cumulative side area) 



Net: net895
  Pin:   _26727_/A2 (sky130_fd_sc_hd__a22o_1)
    Layer: mcon
      Partial area ratio:    0.12
      Required ratio:    3.00 (Gate area) 
      Cumulative area ratio:    0.12
      Required ratio:    0.00 (Cumulative area) 

    Layer: met1
      Partial area ratio:    2.01
      Required ratio:    0.00 (Gate area) 
      Cumulative area ratio:    2.01
      Required ratio:    0.00 (Cumulative area) 
      Partial area ratio:    9.32
      Required ratio:  400.00 (Side area) 
      Cumulative area ratio:    9.32
      Required ratio:    0.00 (Cumulative side area) 

    Layer: via
      Partial area ratio:    0.18
      Required ratio:    6.00 (Gate area) 
      Cumulative area ratio:    0.30
      Required ratio:    0.00 (Cumulative area) 

    Layer: met2
      Partial area ratio:    2.60
      Required ratio:    0.00 (Gate area) 
      Cumulative area ratio:    4.62
      Required ratio:    0.00 (Cumulative area) 
      Partial area ratio:   12.52
      Required ratio:  400.00 (Side area) 
      Cumulative area ratio:   21.84
      Required ratio:    0.00 (Cumulative side area) 

    Layer: via2
      Partial area ratio:    0.16
      Required ratio:    6.00 (Gate area) 
      Cumulative area ratio:    0.46
      Required ratio:    0.00 (Cumulative area) 

    Layer: met3
      Partial area ratio:   35.34
      Required ratio:    0.00 (Gate area) 
      Cumulative area ratio:   39.96
      Required ratio:    0.00 (Cumulative area) 
      Partial area ratio:  189.23
      Required ratio: 2918.08 (Side area) 
      Cumulative area ratio:  211.07
      Required ratio:    0.00 (Cumulative side area) 

    Layer: via3
      Partial area ratio:    0.03
      Required ratio:   34.63 (Gate area) 
      Cumulative area ratio:    0.49
      Required ratio:    0.00 (Cumulative area) 

    Layer: met4
      Partial area ratio:   15.67
      Required ratio:    0.00 (Gate area) 
      Cumulative area ratio:   55.63
      Required ratio:    0.00 (Cumulative area) 
      Partial area ratio:   84.11
      Required ratio: 2918.08 (Side area) 
      Cumulative area ratio:  295.18
      Required ratio:    0.00 (Cumulative side area) 


  Pin:   _26730_/A2 (sky130_fd_sc_hd__a22o_1)
    Layer: mcon
      Partial area ratio:    0.12
      Required ratio:    3.00 (Gate area) 
      Cumulative area ratio:    0.12
      Required ratio:    0.00 (Cumulative area) 

    Layer: met1
      Partial area ratio:    3.36
      Required ratio:    0.00 (Gate area) 
      Cumulative area ratio:    3.36
      Required ratio:    0.00 (Cumulative area) 
      Partial area ratio:   16.06
      Required ratio:  400.00 (Side area) 
      Cumulative area ratio:   16.06
      Required ratio:    0.00 (Cumulative side area) 

    Layer: via
      Partial area ratio:    0.18
      Required ratio:    6.00 (Gate area) 
      Cumulative area ratio:    0.30
      Required ratio:    0.00 (Cumulative area) 

    Layer: met2
      Partial area ratio:    2.60
      Required ratio:    0.00 (Gate area) 
      Cumulative area ratio:    5.96
      Required ratio:    0.00 (Cumulative area) 
      Partial area ratio:   12.52
      Required ratio:  400.00 (Side area) 
      Cumulative area ratio:   28.57
      Required ratio:    0.00 (Cumulative side area) 

    Layer: via2
      Partial area ratio:    0.16
      Required ratio:    6.00 (Gate area) 
      Cumulative area ratio:    0.46
      Required ratio:    0.00 (Cumulative area) 

    Layer: met3
      Partial area ratio:   35.34
      Required ratio:    0.00 (Gate area) 
      Cumulative area ratio:   41.30
      Required ratio:    0.00 (Cumulative area) 
      Partial area ratio:  189.23
      Required ratio: 2918.08 (Side area) 
      Cumulative area ratio:  217.80
      Required ratio:    0.00 (Cumulative side area) 

    Layer: via3
      Partial area ratio:    0.03
      Required ratio:   34.63 (Gate area) 
      Cumulative area ratio:    0.49
      Required ratio:    0.00 (Cumulative area) 

    Layer: met4
      Partial area ratio:   15.67
      Required ratio:    0.00 (Gate area) 
      Cumulative area ratio:   56.97
      Required ratio:    0.00 (Cumulative area) 
      Partial area ratio:   84.11
      Required ratio: 2918.08 (Side area) 
      Cumulative area ratio:  301.91
      Required ratio:    0.00 (Cumulative side area) 


  Pin:   _26742_/A2 (sky130_fd_sc_hd__a22o_1)
    Layer: mcon
      Partial area ratio:    0.12
      Required ratio:    3.00 (Gate area) 
      Cumulative area ratio:    0.12
      Required ratio:    0.00 (Cumulative area) 

    Layer: met1
      Partial area ratio:    2.58
      Required ratio:    0.00 (Gate area) 
      Cumulative area ratio:    2.58
      Required ratio:    0.00 (Cumulative area) 
      Partial area ratio:   12.15
      Required ratio:  400.00 (Side area) 
      Cumulative area ratio:   12.15
      Required ratio:    0.00 (Cumulative side area) 

    Layer: via
      Partial area ratio:    0.18
      Required ratio:    6.00 (Gate area) 
      Cumulative area ratio:    0.30
      Required ratio:    0.00 (Cumulative area) 

    Layer: met2
      Partial area ratio:    4.80
      Required ratio:    0.00 (Gate area) 
      Cumulative area ratio:    7.38
      Required ratio:    0.00 (Cumulative area) 
      Partial area ratio:   23.26
      Required ratio:  400.00 (Side area) 
      Cumulative area ratio:   35.42
      Required ratio:    0.00 (Cumulative side area) 

    Layer: via2
      Partial area ratio:    0.16
      Required ratio:    6.00 (Gate area) 
      Cumulative area ratio:    0.46
      Required ratio:    0.00 (Cumulative area) 

    Layer: met3
      Partial area ratio:   35.34
      Required ratio:    0.00 (Gate area) 
      Cumulative area ratio:   42.72
      Required ratio:    0.00 (Cumulative area) 
      Partial area ratio:  189.23
      Required ratio: 2918.08 (Side area) 
      Cumulative area ratio:  224.64
      Required ratio:    0.00 (Cumulative side area) 

    Layer: via3
      Partial area ratio:    0.03
      Required ratio:   34.63 (Gate area) 
      Cumulative area ratio:    0.49
      Required ratio:    0.00 (Cumulative area) 

    Layer: met4
      Partial area ratio:   15.67
      Required ratio:    0.00 (Gate area) 
      Cumulative area ratio:   58.39
      Required ratio:    0.00 (Cumulative area) 
      Partial area ratio:   84.11
      Required ratio: 2918.08 (Side area) 
      Cumulative area ratio:  308.76
      Required ratio:    0.00 (Cumulative side area) 


  Pin:   _26784_/A2 (sky130_fd_sc_hd__a22o_1)
    Layer: mcon
      Partial area ratio:    0.12
      Required ratio:    3.00 (Gate area) 
      Cumulative area ratio:    0.12
      Required ratio:    0.00 (Cumulative area) 

    Layer: met1
      Partial area ratio:    1.56
      Required ratio:    0.00 (Gate area) 
      Cumulative area ratio:    1.56
      Required ratio:    0.00 (Cumulative area) 
      Partial area ratio:    7.08
      Required ratio:  400.00 (Side area) 
      Cumulative area ratio:    7.08
      Required ratio:    0.00 (Cumulative side area) 

    Layer: via
      Partial area ratio:    0.18
      Required ratio:    6.00 (Gate area) 
      Cumulative area ratio:    0.30
      Required ratio:    0.00 (Cumulative area) 

    Layer: met2
      Partial area ratio:   16.51
      Required ratio:    0.00 (Gate area) 
      Cumulative area ratio:   18.07
      Required ratio:    0.00 (Cumulative area) 
      Partial area ratio:   81.81
      Required ratio:  400.00 (Side area) 
      Cumulative area ratio:   88.88
      Required ratio:    0.00 (Cumulative side area) 

    Layer: via2
      Partial area ratio:    0.16
      Required ratio:    6.00 (Gate area) 
      Cumulative area ratio:    0.46
      Required ratio:    0.00 (Cumulative area) 

    Layer: met3
      Partial area ratio:   79.73
      Required ratio:    0.00 (Gate area) 
      Cumulative area ratio:   97.79
      Required ratio:    0.00 (Cumulative area) 
      Partial area ratio:  426.13
      Required ratio:  400.00 (Side area) (VIOLATED)
      Cumulative area ratio:  515.02
      Required ratio:    0.00 (Cumulative side area) 

    Layer: via3
      Partial area ratio:    0.08
      Required ratio:    6.00 (Gate area) 
      Cumulative area ratio:    0.54
      Required ratio:    0.00 (Cumulative area) 

    Layer: met4
      Partial area ratio:   15.67
      Required ratio:    0.00 (Gate area) 
      Cumulative area ratio:  113.46
      Required ratio:    0.00 (Cumulative area) 
      Partial area ratio:   84.11
      Required ratio: 2918.08 (Side area) 
      Cumulative area ratio:  599.13
      Required ratio:    0.00 (Cumulative side area) 


  Pin:   _26820_/A2 (sky130_fd_sc_hd__a22o_1)
    Layer: mcon
      Partial area ratio:    0.12
      Required ratio:    3.00 (Gate area) 
      Cumulative area ratio:    0.12
      Required ratio:    0.00 (Cumulative area) 

    Layer: met1
      Partial area ratio:    2.66
      Required ratio:    0.00 (Gate area) 
      Cumulative area ratio:    2.66
      Required ratio:    0.00 (Cumulative area) 
      Partial area ratio:   12.55
      Required ratio:  400.00 (Side area) 
      Cumulative area ratio:   12.55
      Required ratio:    0.00 (Cumulative side area) 

    Layer: via
      Partial area ratio:    0.18
      Required ratio:    6.00 (Gate area) 
      Cumulative area ratio:    0.30
      Required ratio:    0.00 (Cumulative area) 

    Layer: met2
      Partial area ratio:    0.75
      Required ratio:    0.00 (Gate area) 
      Cumulative area ratio:    3.42
      Required ratio:    0.00 (Cumulative area) 
      Partial area ratio:    3.48
      Required ratio:  400.00 (Side area) 
      Cumulative area ratio:   16.03
      Required ratio:    0.00 (Cumulative side area) 

    Layer: via2
      Partial area ratio:    0.16
      Required ratio:    6.00 (Gate area) 
      Cumulative area ratio:    0.46
      Required ratio:    0.00 (Cumulative area) 

    Layer: met3
      Partial area ratio:   35.34
      Required ratio:    0.00 (Gate area) 
      Cumulative area ratio:   38.75
      Required ratio:    0.00 (Cumulative area) 
      Partial area ratio:  189.23
      Required ratio: 2918.08 (Side area) 
      Cumulative area ratio:  205.26
      Required ratio:    0.00 (Cumulative side area) 

    Layer: via3
      Partial area ratio:    0.03
      Required ratio:   34.63 (Gate area) 
      Cumulative area ratio:    0.49
      Required ratio:    0.00 (Cumulative area) 

    Layer: met4
      Partial area ratio:   15.67
      Required ratio:    0.00 (Gate area) 
      Cumulative area ratio:   54.42
      Required ratio:    0.00 (Cumulative area) 
      Partial area ratio:   84.11
      Required ratio: 2918.08 (Side area) 
      Cumulative area ratio:  289.37
      Required ratio:    0.00 (Cumulative side area) 


  Pin:   fanout892/A (sky130_fd_sc_hd__buf_4)
    Layer: mcon
      Partial area ratio:    0.12
      Required ratio:    3.00 (Gate area) 
      Cumulative area ratio:    0.12
      Required ratio:    0.00 (Cumulative area) 

    Layer: met1
      Partial area ratio:    2.62
      Required ratio:    0.00 (Gate area) 
      Cumulative area ratio:    2.62
      Required ratio:    0.00 (Cumulative area) 
      Partial area ratio:   12.33
      Required ratio:  400.00 (Side area) 
      Cumulative area ratio:   12.33
      Required ratio:    0.00 (Cumulative side area) 

    Layer: via
      Partial area ratio:    0.18
      Required ratio:    6.00 (Gate area) 
      Cumulative area ratio:    0.30
      Required ratio:    0.00 (Cumulative area) 

    Layer: met2
      Partial area ratio:    5.13
      Required ratio:    0.00 (Gate area) 
      Cumulative area ratio:    7.75
      Required ratio:    0.00 (Cumulative area) 
      Partial area ratio:   24.90
      Required ratio: 2918.08 (Side area) 
      Cumulative area ratio:   37.23
      Required ratio:    0.00 (Cumulative side area) 

    Layer: via2
      Partial area ratio:    0.16
      Required ratio:   34.63 (Gate area) 
      Cumulative area ratio:    0.46
      Required ratio:    0.00 (Cumulative area) 

    Layer: met3
      Partial area ratio:   35.34
      Required ratio:    0.00 (Gate area) 
      Cumulative area ratio:   43.09
      Required ratio:    0.00 (Cumulative area) 
      Partial area ratio:  189.23
      Required ratio: 2918.08 (Side area) 
      Cumulative area ratio:  226.46
      Required ratio:    0.00 (Cumulative side area) 

    Layer: via3
      Partial area ratio:    0.03
      Required ratio:   34.63 (Gate area) 
      Cumulative area ratio:    0.49
      Required ratio:    0.00 (Cumulative area) 

    Layer: met4
      Partial area ratio:   15.67
      Required ratio:    0.00 (Gate area) 
      Cumulative area ratio:   58.76
      Required ratio:    0.00 (Cumulative area) 
      Partial area ratio:   84.11
      Required ratio: 2918.08 (Side area) 
      Cumulative area ratio:  310.58
      Required ratio:    0.00 (Cumulative side area) 


  Pin:   fanout894/A (sky130_fd_sc_hd__buf_4)
    Layer: mcon
      Partial area ratio:    0.12
      Required ratio:    3.00 (Gate area) 
      Cumulative area ratio:    0.12
      Required ratio:    0.00 (Cumulative area) 

    Layer: met1
      Partial area ratio:    1.65
      Required ratio:    0.00 (Gate area) 
      Cumulative area ratio:    1.65
      Required ratio:    0.00 (Cumulative area) 
      Partial area ratio:    7.52
      Required ratio:  400.00 (Side area) 
      Cumulative area ratio:    7.52
      Required ratio:    0.00 (Cumulative side area) 

    Layer: via
      Partial area ratio:    0.18
      Required ratio:    6.00 (Gate area) 
      Cumulative area ratio:    0.30
      Required ratio:    0.00 (Cumulative area) 

    Layer: met2
      Partial area ratio:    0.75
      Required ratio:    0.00 (Gate area) 
      Cumulative area ratio:    2.41
      Required ratio:    0.00 (Cumulative area) 
      Partial area ratio:    3.48
      Required ratio:  400.00 (Side area) 
      Cumulative area ratio:   11.00
      Required ratio:    0.00 (Cumulative side area) 

    Layer: via2
      Partial area ratio:    0.16
      Required ratio:    6.00 (Gate area) 
      Cumulative area ratio:    0.46
      Required ratio:    0.00 (Cumulative area) 

    Layer: met3
      Partial area ratio:   79.73
      Required ratio:    0.00 (Gate area) 
      Cumulative area ratio:   82.13
      Required ratio:    0.00 (Cumulative area) 
      Partial area ratio:  426.13
      Required ratio:  400.00 (Side area) (VIOLATED)
      Cumulative area ratio:  437.14
      Required ratio:    0.00 (Cumulative side area) 

    Layer: via3
      Partial area ratio:    0.08
      Required ratio:    6.00 (Gate area) 
      Cumulative area ratio:    0.54
      Required ratio:    0.00 (Cumulative area) 

    Layer: met4
      Partial area ratio:   15.67
      Required ratio:    0.00 (Gate area) 
      Cumulative area ratio:   97.80
      Required ratio:    0.00 (Cumulative area) 
      Partial area ratio:   84.11
      Required ratio: 2918.08 (Side area) 
      Cumulative area ratio:  521.25
      Required ratio:    0.00 (Cumulative side area) 



Net: net1046
  Pin:   fanout1041/A (sky130_fd_sc_hd__clkbuf_4)
    Layer: mcon
      Partial area ratio:    0.14
      Required ratio:    3.00 (Gate area) 
      Cumulative area ratio:    0.14
      Required ratio:    0.00 (Cumulative area) 

    Layer: met1
      Partial area ratio:   11.29
      Required ratio:    0.00 (Gate area) 
      Cumulative area ratio:   11.29
      Required ratio:    0.00 (Cumulative area) 
      Partial area ratio:   54.77
      Required ratio: 2778.20 (Side area) 
      Cumulative area ratio:   54.77
      Required ratio:    0.00 (Cumulative side area) 

    Layer: via
      Partial area ratio:    0.32
      Required ratio:   22.04 (Gate area) 
      Cumulative area ratio:    0.45
      Required ratio:    0.00 (Cumulative area) 

    Layer: met2
      Partial area ratio:   10.50
      Required ratio:    0.00 (Gate area) 
      Cumulative area ratio:   21.79
      Required ratio:    0.00 (Cumulative area) 
      Partial area ratio:   51.61
      Required ratio: 2778.20 (Side area) 
      Cumulative area ratio:  106.38
      Required ratio:    0.00 (Cumulative side area) 

    Layer: via2
      Partial area ratio:    0.19
      Required ratio:   22.04 (Gate area) 
      Cumulative area ratio:    0.64
      Required ratio:    0.00 (Cumulative area) 

    Layer: met3
      Partial area ratio:   75.07
      Required ratio:    0.00 (Gate area) 
      Cumulative area ratio:   96.87
      Required ratio:    0.00 (Cumulative area) 
      Partial area ratio:  402.60
      Required ratio: 2778.20 (Side area) 
      Cumulative area ratio:  508.98
      Required ratio:    0.00 (Cumulative side area) 

    Layer: via3
      Partial area ratio:    0.06
      Required ratio:   22.04 (Gate area) 
      Cumulative area ratio:    0.70
      Required ratio:    0.00 (Cumulative area) 

    Layer: met4
      Partial area ratio:   21.61
      Required ratio:    0.00 (Gate area) 
      Cumulative area ratio:  118.48
      Required ratio:    0.00 (Cumulative area) 
      Partial area ratio:  116.15
      Required ratio: 2778.20 (Side area) 
      Cumulative area ratio:  625.13
      Required ratio:    0.00 (Cumulative side area) 


  Pin:   fanout1042/A (sky130_fd_sc_hd__clkbuf_4)
    Layer: mcon
      Partial area ratio:    0.14
      Required ratio:    3.00 (Gate area) 
      Cumulative area ratio:    0.14
      Required ratio:    0.00 (Cumulative area) 

    Layer: met1
      Partial area ratio:    2.31
      Required ratio:    0.00 (Gate area) 
      Cumulative area ratio:    2.31
      Required ratio:    0.00 (Cumulative area) 
      Partial area ratio:   10.70
      Required ratio:  400.00 (Side area) 
      Cumulative area ratio:   10.70
      Required ratio:    0.00 (Cumulative side area) 

    Layer: via
      Partial area ratio:    0.21
      Required ratio:    6.00 (Gate area) 
      Cumulative area ratio:    0.35
      Required ratio:    0.00 (Cumulative area) 

    Layer: met2
      Partial area ratio:    5.66
      Required ratio:    0.00 (Gate area) 
      Cumulative area ratio:    7.97
      Required ratio:    0.00 (Cumulative area) 
      Partial area ratio:   27.18
      Required ratio:  400.00 (Side area) 
      Cumulative area ratio:   37.88
      Required ratio:    0.00 (Cumulative side area) 

    Layer: via2
      Partial area ratio:    0.38
      Required ratio:    6.00 (Gate area) 
      Cumulative area ratio:    0.72
      Required ratio:    0.00 (Cumulative area) 

    Layer: met3
      Partial area ratio:   75.07
      Required ratio:    0.00 (Gate area) 
      Cumulative area ratio:   83.04
      Required ratio:    0.00 (Cumulative area) 
      Partial area ratio:  402.60
      Required ratio: 2778.20 (Side area) 
      Cumulative area ratio:  440.48
      Required ratio:    0.00 (Cumulative side area) 

    Layer: via3
      Partial area ratio:    0.06
      Required ratio:   22.04 (Gate area) 
      Cumulative area ratio:    0.79
      Required ratio:    0.00 (Cumulative area) 

    Layer: met4
      Partial area ratio:   21.61
      Required ratio:    0.00 (Gate area) 
      Cumulative area ratio:  104.66
      Required ratio:    0.00 (Cumulative area) 
      Partial area ratio:  116.15
      Required ratio: 2778.20 (Side area) 
      Cumulative area ratio:  556.63
      Required ratio:    0.00 (Cumulative side area) 


  Pin:   fanout1043/A (sky130_fd_sc_hd__clkbuf_2)
    Layer: mcon
      Partial area ratio:    0.14
      Required ratio:    3.00 (Gate area) 
      Cumulative area ratio:    0.14
      Required ratio:    0.00 (Cumulative area) 

    Layer: met1
      Partial area ratio:   12.81
      Required ratio:    0.00 (Gate area) 
      Cumulative area ratio:   12.81
      Required ratio:    0.00 (Cumulative area) 
      Partial area ratio:   63.18
      Required ratio:  400.00 (Side area) 
      Cumulative area ratio:   63.18
      Required ratio:    0.00 (Cumulative side area) 

    Layer: via
      Partial area ratio:    0.21
      Required ratio:    6.00 (Gate area) 
      Cumulative area ratio:    0.35
      Required ratio:    0.00 (Cumulative area) 

    Layer: met2
      Partial area ratio:    0.88
      Required ratio:    0.00 (Gate area) 
      Cumulative area ratio:   13.69
      Required ratio:    0.00 (Cumulative area) 
      Partial area ratio:    4.04
      Required ratio:  400.00 (Side area) 
      Cumulative area ratio:   67.22
      Required ratio:    0.00 (Cumulative side area) 

    Layer: via2
      Partial area ratio:    0.19
      Required ratio:    6.00 (Gate area) 
      Cumulative area ratio:    0.53
      Required ratio:    0.00 (Cumulative area) 

    Layer: met3
      Partial area ratio:    0.59
      Required ratio:    0.00 (Gate area) 
      Cumulative area ratio:   14.27
      Required ratio:    0.00 (Cumulative area) 
      Partial area ratio:    5.33
      Required ratio:  400.00 (Side area) 
      Cumulative area ratio:   72.56
      Required ratio:    0.00 (Cumulative side area) 

    Layer: via3
      Partial area ratio:    0.19
      Required ratio:    6.00 (Gate area) 
      Cumulative area ratio:    0.72
      Required ratio:    0.00 (Cumulative area) 

    Layer: met4
      Partial area ratio:   21.61
      Required ratio:    0.00 (Gate area) 
      Cumulative area ratio:   35.89
      Required ratio:    0.00 (Cumulative area) 
      Partial area ratio:  116.15
      Required ratio: 2778.20 (Side area) 
      Cumulative area ratio:  188.70
      Required ratio:    0.00 (Cumulative side area) 


  Pin:   fanout1044/A (sky130_fd_sc_hd__clkbuf_4)
    Layer: mcon
      Partial area ratio:    0.14
      Required ratio:    3.00 (Gate area) 
      Cumulative area ratio:    0.14
      Required ratio:    0.00 (Cumulative area) 

    Layer: met1
      Partial area ratio:    3.09
      Required ratio:    0.00 (Gate area) 
      Cumulative area ratio:    3.09
      Required ratio:    0.00 (Cumulative area) 
      Partial area ratio:   14.58
      Required ratio:  400.00 (Side area) 
      Cumulative area ratio:   14.58
      Required ratio:    0.00 (Cumulative side area) 

    Layer: via
      Partial area ratio:    0.21
      Required ratio:    6.00 (Gate area) 
      Cumulative area ratio:    0.35
      Required ratio:    0.00 (Cumulative area) 

    Layer: met2
      Partial area ratio:   83.32
      Required ratio:    0.00 (Gate area) 
      Cumulative area ratio:   86.41
      Required ratio:    0.00 (Cumulative area) 
      Partial area ratio:  414.97
      Required ratio:  400.00 (Side area) (VIOLATED)
      Cumulative area ratio:  429.55
      Required ratio:    0.00 (Cumulative side area) 

    Layer: via2
      Partial area ratio:    0.38
      Required ratio:    6.00 (Gate area) 
      Cumulative area ratio:    0.72
      Required ratio:    0.00 (Cumulative area) 

    Layer: met3
      Partial area ratio:   75.07
      Required ratio:    0.00 (Gate area) 
      Cumulative area ratio:  161.49
      Required ratio:    0.00 (Cumulative area) 
      Partial area ratio:  402.60
      Required ratio: 2778.20 (Side area) 
      Cumulative area ratio:  832.15
      Required ratio:    0.00 (Cumulative side area) 

    Layer: via3
      Partial area ratio:    0.06
      Required ratio:   22.04 (Gate area) 
      Cumulative area ratio:    0.79
      Required ratio:    0.00 (Cumulative area) 

    Layer: met4
      Partial area ratio:   21.61
      Required ratio:    0.00 (Gate area) 
      Cumulative area ratio:  183.10
      Required ratio:    0.00 (Cumulative area) 
      Partial area ratio:  116.15
      Required ratio: 2778.20 (Side area) 
      Cumulative area ratio:  948.30
      Required ratio:    0.00 (Cumulative side area) 


  Pin:   fanout1045/A (sky130_fd_sc_hd__clkbuf_2)
    Layer: mcon
      Partial area ratio:    0.14
      Required ratio:    3.00 (Gate area) 
      Cumulative area ratio:    0.14
      Required ratio:    0.00 (Cumulative area) 

    Layer: met1
      Partial area ratio:    1.69
      Required ratio:    0.00 (Gate area) 
      Cumulative area ratio:    1.69
      Required ratio:    0.00 (Cumulative area) 
      Partial area ratio:    7.58
      Required ratio:  400.00 (Side area) 
      Cumulative area ratio:    7.58
      Required ratio:    0.00 (Cumulative side area) 

    Layer: via
      Partial area ratio:    0.21
      Required ratio:    6.00 (Gate area) 
      Cumulative area ratio:    0.35
      Required ratio:    0.00 (Cumulative area) 

    Layer: met2
      Partial area ratio:    0.88
      Required ratio:    0.00 (Gate area) 
      Cumulative area ratio:    2.57
      Required ratio:    0.00 (Cumulative area) 
      Partial area ratio:    4.04
      Required ratio:  400.00 (Side area) 
      Cumulative area ratio:   11.62
      Required ratio:    0.00 (Cumulative side area) 

    Layer: via2
      Partial area ratio:    0.19
      Required ratio:    6.00 (Gate area) 
      Cumulative area ratio:    0.53
      Required ratio:    0.00 (Cumulative area) 

    Layer: met3
      Partial area ratio:    0.59
      Required ratio:    0.00 (Gate area) 
      Cumulative area ratio:    3.15
      Required ratio:    0.00 (Cumulative area) 
      Partial area ratio:    5.33
      Required ratio:  400.00 (Side area) 
      Cumulative area ratio:   16.95
      Required ratio:    0.00 (Cumulative side area) 

    Layer: via3
      Partial area ratio:    0.19
      Required ratio:    6.00 (Gate area) 
      Cumulative area ratio:    0.72
      Required ratio:    0.00 (Cumulative area) 

    Layer: met4
      Partial area ratio:   21.61
      Required ratio:    0.00 (Gate area) 
      Cumulative area ratio:   24.77
      Required ratio:    0.00 (Cumulative area) 
      Partial area ratio:  116.15
      Required ratio: 2778.20 (Side area) 
      Cumulative area ratio:  133.10
      Required ratio:    0.00 (Cumulative side area) 



Net: net1055
  Pin:   fanout1050/A (sky130_fd_sc_hd__clkbuf_2)
    Layer: mcon
      Partial area ratio:    0.14
      Required ratio:    3.00 (Gate area) 
      Cumulative area ratio:    0.14
      Required ratio:    0.00 (Cumulative area) 

    Layer: met1
      Partial area ratio:    7.03
      Required ratio:    0.00 (Gate area) 
      Cumulative area ratio:    7.03
      Required ratio:    0.00 (Cumulative area) 
      Partial area ratio:   34.28
      Required ratio:  400.00 (Side area) 
      Cumulative area ratio:   34.28
      Required ratio:    0.00 (Cumulative side area) 

    Layer: via
      Partial area ratio:    0.21
      Required ratio:    6.00 (Gate area) 
      Cumulative area ratio:    0.35
      Required ratio:    0.00 (Cumulative area) 

    Layer: met2
      Partial area ratio:    5.66
      Required ratio:    0.00 (Gate area) 
      Cumulative area ratio:   12.68
      Required ratio:    0.00 (Cumulative area) 
      Partial area ratio:   27.18
      Required ratio:  400.00 (Side area) 
      Cumulative area ratio:   61.46
      Required ratio:    0.00 (Cumulative side area) 

    Layer: via2
      Partial area ratio:    0.38
      Required ratio:    6.00 (Gate area) 
      Cumulative area ratio:    0.72
      Required ratio:    0.00 (Cumulative area) 

    Layer: met3
      Partial area ratio:  117.79
      Required ratio:    0.00 (Gate area) 
      Cumulative area ratio:  130.47
      Required ratio:    0.00 (Cumulative area) 
      Partial area ratio:  632.60
      Required ratio:  400.00 (Side area) (VIOLATED)
      Cumulative area ratio:  694.06
      Required ratio:    0.00 (Cumulative side area) 

    Layer: via3
      Partial area ratio:    0.38
      Required ratio:    6.00 (Gate area) 
      Cumulative area ratio:    1.10
      Required ratio:    0.00 (Cumulative area) 

    Layer: met4
      Partial area ratio:   36.13
      Required ratio:    0.00 (Gate area) 
      Cumulative area ratio:  166.60
      Required ratio:    0.00 (Cumulative area) 
      Partial area ratio:  194.00
      Required ratio: 2952.08 (Side area) 
      Cumulative area ratio:  888.06
      Required ratio:    0.00 (Cumulative side area) 


  Pin:   fanout1051/A (sky130_fd_sc_hd__clkbuf_4)
    Layer: mcon
      Partial area ratio:    0.14
      Required ratio:    3.00 (Gate area) 
      Cumulative area ratio:    0.14
      Required ratio:    0.00 (Cumulative area) 

    Layer: met1
      Partial area ratio:    6.33
      Required ratio:    0.00 (Gate area) 
      Cumulative area ratio:    6.33
      Required ratio:    0.00 (Cumulative area) 
      Partial area ratio:   30.93
      Required ratio: 2773.88 (Side area) 
      Cumulative area ratio:   30.93
      Required ratio:    0.00 (Cumulative side area) 

    Layer: via
      Partial area ratio:    0.14
      Required ratio:   21.65 (Gate area) 
      Cumulative area ratio:    0.27
      Required ratio:    0.00 (Cumulative area) 

    Layer: met2
      Partial area ratio:    9.63
      Required ratio:    0.00 (Gate area) 
      Cumulative area ratio:   15.96
      Required ratio:    0.00 (Cumulative area) 
      Partial area ratio:   47.61
      Required ratio: 2773.88 (Side area) 
      Cumulative area ratio:   78.54
      Required ratio:    0.00 (Cumulative side area) 

    Layer: via2
      Partial area ratio:    0.12
      Required ratio:   21.65 (Gate area) 
      Cumulative area ratio:    0.40
      Required ratio:    0.00 (Cumulative area) 

    Layer: met3
      Partial area ratio:   19.56
      Required ratio:    0.00 (Gate area) 
      Cumulative area ratio:   35.52
      Required ratio:    0.00 (Cumulative area) 
      Partial area ratio:  105.75
      Required ratio: 2773.88 (Side area) 
      Cumulative area ratio:  184.29
      Required ratio:    0.00 (Cumulative side area) 

    Layer: via3
      Partial area ratio:    0.12
      Required ratio:   21.65 (Gate area) 
      Cumulative area ratio:    0.52
      Required ratio:    0.00 (Cumulative area) 

    Layer: met4
      Partial area ratio:   36.13
      Required ratio:    0.00 (Gate area) 
      Cumulative area ratio:   71.65
      Required ratio:    0.00 (Cumulative area) 
      Partial area ratio:  194.00
      Required ratio: 2952.08 (Side area) 
      Cumulative area ratio:  378.29
      Required ratio:    0.00 (Cumulative side area) 


  Pin:   fanout1052/A (sky130_fd_sc_hd__buf_2)
    Layer: mcon
      Partial area ratio:    0.18
      Required ratio:    3.00 (Gate area) 
      Cumulative area ratio:    0.18
      Required ratio:    0.00 (Cumulative area) 

    Layer: met1
      Partial area ratio:   12.47
      Required ratio:    0.00 (Gate area) 
      Cumulative area ratio:   12.47
      Required ratio:    0.00 (Cumulative area) 
      Partial area ratio:   60.53
      Required ratio:  400.00 (Side area) 
      Cumulative area ratio:   60.53
      Required ratio:    0.00 (Cumulative side area) 

    Layer: via
      Partial area ratio:    0.42
      Required ratio:    6.00 (Gate area) 
      Cumulative area ratio:    0.61
      Required ratio:    0.00 (Cumulative area) 

    Layer: met2
      Partial area ratio:    8.84
      Required ratio:    0.00 (Gate area) 
      Cumulative area ratio:   21.32
      Required ratio:    0.00 (Cumulative area) 
      Partial area ratio:   43.67
      Required ratio:  400.00 (Side area) 
      Cumulative area ratio:  104.20
      Required ratio:    0.00 (Cumulative side area) 

    Layer: via2
      Partial area ratio:    0.11
      Required ratio:    6.00 (Gate area) 
      Cumulative area ratio:    0.71
      Required ratio:    0.00 (Cumulative area) 

    Layer: met3
      Partial area ratio:    0.34
      Required ratio:    0.00 (Gate area) 
      Cumulative area ratio:   21.65
      Required ratio:    0.00 (Cumulative area) 
      Partial area ratio:    3.05
      Required ratio:  400.00 (Side area) 
      Cumulative area ratio:  107.25
      Required ratio:    0.00 (Cumulative side area) 

    Layer: via3
      Partial area ratio:    0.11
      Required ratio:    6.00 (Gate area) 
      Cumulative area ratio:    0.82
      Required ratio:    0.00 (Cumulative area) 

    Layer: met4
      Partial area ratio:   36.13
      Required ratio:    0.00 (Gate area) 
      Cumulative area ratio:   57.78
      Required ratio:    0.00 (Cumulative area) 
      Partial area ratio:  194.00
      Required ratio: 2952.08 (Side area) 
      Cumulative area ratio:  301.25
      Required ratio:    0.00 (Cumulative side area) 


  Pin:   fanout1053/A (sky130_fd_sc_hd__clkbuf_4)
    Layer: mcon
      Partial area ratio:    0.14
      Required ratio:    3.00 (Gate area) 
      Cumulative area ratio:    0.14
      Required ratio:    0.00 (Cumulative area) 

    Layer: met1
      Partial area ratio:    1.47
      Required ratio:    0.00 (Gate area) 
      Cumulative area ratio:    1.47
      Required ratio:    0.00 (Cumulative area) 
      Partial area ratio:    6.19
      Required ratio:  400.00 (Side area) 
      Cumulative area ratio:    6.19
      Required ratio:    0.00 (Cumulative side area) 

    Layer: via
      Partial area ratio:    0.21
      Required ratio:    6.00 (Gate area) 
      Cumulative area ratio:    0.35
      Required ratio:    0.00 (Cumulative area) 

    Layer: met2
      Partial area ratio:    0.88
      Required ratio:    0.00 (Gate area) 
      Cumulative area ratio:    2.35
      Required ratio:    0.00 (Cumulative area) 
      Partial area ratio:    4.04
      Required ratio:  400.00 (Side area) 
      Cumulative area ratio:   10.24
      Required ratio:    0.00 (Cumulative side area) 

    Layer: via2
      Partial area ratio:    0.19
      Required ratio:    6.00 (Gate area) 
      Cumulative area ratio:    0.53
      Required ratio:    0.00 (Cumulative area) 

    Layer: met3
      Partial area ratio:    0.59
      Required ratio:    0.00 (Gate area) 
      Cumulative area ratio:    2.94
      Required ratio:    0.00 (Cumulative area) 
      Partial area ratio:    5.33
      Required ratio:  400.00 (Side area) 
      Cumulative area ratio:   15.57
      Required ratio:    0.00 (Cumulative side area) 

    Layer: via3
      Partial area ratio:    0.19
      Required ratio:    6.00 (Gate area) 
      Cumulative area ratio:    0.72
      Required ratio:    0.00 (Cumulative area) 

    Layer: met4
      Partial area ratio:   36.13
      Required ratio:    0.00 (Gate area) 
      Cumulative area ratio:   39.07
      Required ratio:    0.00 (Cumulative area) 
      Partial area ratio:  194.00
      Required ratio: 2952.08 (Side area) 
      Cumulative area ratio:  209.57
      Required ratio:    0.00 (Cumulative side area) 


  Pin:   fanout1054/A (sky130_fd_sc_hd__clkbuf_2)
    Layer: mcon
      Partial area ratio:    0.14
      Required ratio:    3.00 (Gate area) 
      Cumulative area ratio:    0.14
      Required ratio:    0.00 (Cumulative area) 

    Layer: met1
      Partial area ratio:    3.23
      Required ratio:    0.00 (Gate area) 
      Cumulative area ratio:    3.23
      Required ratio:    0.00 (Cumulative area) 
      Partial area ratio:   15.30
      Required ratio:  400.00 (Side area) 
      Cumulative area ratio:   15.30
      Required ratio:    0.00 (Cumulative side area) 

    Layer: via
      Partial area ratio:    0.21
      Required ratio:    6.00 (Gate area) 
      Cumulative area ratio:    0.35
      Required ratio:    0.00 (Cumulative area) 

    Layer: met2
      Partial area ratio:    8.84
      Required ratio:    0.00 (Gate area) 
      Cumulative area ratio:   12.08
      Required ratio:    0.00 (Cumulative area) 
      Partial area ratio:   43.67
      Required ratio:  400.00 (Side area) 
      Cumulative area ratio:   58.97
      Required ratio:    0.00 (Cumulative side area) 

    Layer: via2
      Partial area ratio:    0.11
      Required ratio:    6.00 (Gate area) 
      Cumulative area ratio:    0.45
      Required ratio:    0.00 (Cumulative area) 

    Layer: met3
      Partial area ratio:    0.34
      Required ratio:    0.00 (Gate area) 
      Cumulative area ratio:   12.41
      Required ratio:    0.00 (Cumulative area) 
      Partial area ratio:    3.05
      Required ratio:  400.00 (Side area) 
      Cumulative area ratio:   62.03
      Required ratio:    0.00 (Cumulative side area) 

    Layer: via3
      Partial area ratio:    0.11
      Required ratio:    6.00 (Gate area) 
      Cumulative area ratio:    0.56
      Required ratio:    0.00 (Cumulative area) 

    Layer: met4
      Partial area ratio:   36.13
      Required ratio:    0.00 (Gate area) 
      Cumulative area ratio:   48.54
      Required ratio:    0.00 (Cumulative area) 
      Partial area ratio:  194.00
      Required ratio: 2952.08 (Side area) 
      Cumulative area ratio:  256.03
      Required ratio:    0.00 (Cumulative side area) 


  Pin:   ANTENNA_224/DIODE (sky130_fd_sc_hd__diode_2)
    Layer: mcon
      Partial area ratio:    0.07
      Required ratio:   10.82 (Gate area) 
      Cumulative area ratio:    0.07
      Required ratio:    0.00 (Cumulative area) 

    Layer: met1
      Partial area ratio:    6.33
      Required ratio:    0.00 (Gate area) 
      Cumulative area ratio:    6.33
      Required ratio:    0.00 (Cumulative area) 
      Partial area ratio:   30.93
      Required ratio: 2773.88 (Side area) 
      Cumulative area ratio:   30.93
      Required ratio:    0.00 (Cumulative side area) 

    Layer: via
      Partial area ratio:    0.14
      Required ratio:   21.65 (Gate area) 
      Cumulative area ratio:    0.21
      Required ratio:    0.00 (Cumulative area) 

    Layer: met2
      Partial area ratio:    9.63
      Required ratio:    0.00 (Gate area) 
      Cumulative area ratio:   15.96
      Required ratio:    0.00 (Cumulative area) 
      Partial area ratio:   47.61
      Required ratio: 2773.88 (Side area) 
      Cumulative area ratio:   78.54
      Required ratio:    0.00 (Cumulative side area) 

    Layer: via2
      Partial area ratio:    0.12
      Required ratio:   21.65 (Gate area) 
      Cumulative area ratio:    0.33
      Required ratio:    0.00 (Cumulative area) 

    Layer: met3
      Partial area ratio:   19.56
      Required ratio:    0.00 (Gate area) 
      Cumulative area ratio:   35.52
      Required ratio:    0.00 (Cumulative area) 
      Partial area ratio:  105.75
      Required ratio: 2773.88 (Side area) 
      Cumulative area ratio:  184.29
      Required ratio:    0.00 (Cumulative side area) 

    Layer: via3
      Partial area ratio:    0.12
      Required ratio:   21.65 (Gate area) 
      Cumulative area ratio:    0.45
      Required ratio:    0.00 (Cumulative area) 

    Layer: met4
      Partial area ratio:   36.13
      Required ratio:    0.00 (Gate area) 
      Cumulative area ratio:   71.65
      Required ratio:    0.00 (Cumulative area) 
      Partial area ratio:  194.00
      Required ratio: 2952.08 (Side area) 
      Cumulative area ratio:  378.29
      Required ratio:    0.00 (Cumulative side area) 



Net: net1112
  Pin:   fanout1102/A (sky130_fd_sc_hd__buf_4)
    Layer: mcon
      Partial area ratio:    0.12
      Required ratio:    3.00 (Gate area) 
      Cumulative area ratio:    0.12
      Required ratio:    0.00 (Cumulative area) 

    Layer: met1
      Partial area ratio:    2.77
      Required ratio:    0.00 (Gate area) 
      Cumulative area ratio:    2.77
      Required ratio:    0.00 (Cumulative area) 
      Partial area ratio:   13.09
      Required ratio:  400.00 (Side area) 
      Cumulative area ratio:   13.09
      Required ratio:    0.00 (Cumulative side area) 

    Layer: via
      Partial area ratio:    0.18
      Required ratio:    6.00 (Gate area) 
      Cumulative area ratio:    0.30
      Required ratio:    0.00 (Cumulative area) 

    Layer: met2
      Partial area ratio:    5.13
      Required ratio:    0.00 (Gate area) 
      Cumulative area ratio:    7.90
      Required ratio:    0.00 (Cumulative area) 
      Partial area ratio:   24.90
      Required ratio: 2918.08 (Side area) 
      Cumulative area ratio:   38.00
      Required ratio:    0.00 (Cumulative side area) 

    Layer: via2
      Partial area ratio:    0.16
      Required ratio:   34.63 (Gate area) 
      Cumulative area ratio:    0.46
      Required ratio:    0.00 (Cumulative area) 

    Layer: met3
      Partial area ratio:    0.50
      Required ratio:    0.00 (Gate area) 
      Cumulative area ratio:    8.41
      Required ratio:    0.00 (Cumulative area) 
      Partial area ratio:    4.59
      Required ratio: 2918.08 (Side area) 
      Cumulative area ratio:   42.59
      Required ratio:    0.00 (Cumulative side area) 

    Layer: via3
      Partial area ratio:    0.16
      Required ratio:   34.63 (Gate area) 
      Cumulative area ratio:    0.62
      Required ratio:    0.00 (Cumulative area) 

    Layer: met4
      Partial area ratio:    5.63
      Required ratio:    0.00 (Gate area) 
      Cumulative area ratio:   14.03
      Required ratio:    0.00 (Cumulative area) 
      Partial area ratio:   15.26
      Required ratio: 2918.08 (Side area) 
      Cumulative area ratio:   57.84
      Required ratio:    0.00 (Cumulative side area) 

    Layer: via4
      Partial area ratio:    2.59
      Required ratio:   34.63 (Gate area) 
      Cumulative area ratio:    3.21
      Required ratio:    0.00 (Cumulative area) 

    Layer: met5
      Partial area ratio:  403.11
      Required ratio:    0.00 (Gate area) 
      Cumulative area ratio:  417.15
      Required ratio:    0.00 (Cumulative area) 
      Partial area ratio:  608.77
      Required ratio: 2918.08 (Side area) 
      Cumulative area ratio:  666.61
      Required ratio:    0.00 (Cumulative side area) 


  Pin:   fanout1107/A (sky130_fd_sc_hd__buf_2)
    Layer: mcon
      Partial area ratio:    0.18
      Required ratio:    3.00 (Gate area) 
      Cumulative area ratio:    0.18
      Required ratio:    0.00 (Cumulative area) 

    Layer: met1
      Partial area ratio:    3.67
      Required ratio:    0.00 (Gate area) 
      Cumulative area ratio:    3.67
      Required ratio:    0.00 (Cumulative area) 
      Partial area ratio:   17.18
      Required ratio:  400.00 (Side area) 
      Cumulative area ratio:   17.18
      Required ratio:    0.00 (Cumulative side area) 

    Layer: via
      Partial area ratio:    0.28
      Required ratio:    6.00 (Gate area) 
      Cumulative area ratio:    0.46
      Required ratio:    0.00 (Cumulative area) 

    Layer: met2
      Partial area ratio:    1.17
      Required ratio:    0.00 (Gate area) 
      Cumulative area ratio:    4.84
      Required ratio:    0.00 (Cumulative area) 
      Partial area ratio:    5.42
      Required ratio:  400.00 (Side area) 
      Cumulative area ratio:   22.59
      Required ratio:    0.00 (Cumulative side area) 

    Layer: via2
      Partial area ratio:    0.25
      Required ratio:    6.00 (Gate area) 
      Cumulative area ratio:    0.72
      Required ratio:    0.00 (Cumulative area) 

    Layer: met3
      Partial area ratio:   46.71
      Required ratio:    0.00 (Gate area) 
      Cumulative area ratio:   51.55
      Required ratio:    0.00 (Cumulative area) 
      Partial area ratio:  253.53
      Required ratio:  400.00 (Side area) 
      Cumulative area ratio:  276.13
      Required ratio:    0.00 (Cumulative side area) 

    Layer: via3
      Partial area ratio:    0.13
      Required ratio:    6.00 (Gate area) 
      Cumulative area ratio:    0.84
      Required ratio:    0.00 (Cumulative area) 

    Layer: met4
      Partial area ratio:  107.05
      Required ratio:    0.00 (Gate area) 
      Cumulative area ratio:  158.60
      Required ratio:    0.00 (Cumulative area) 
      Partial area ratio:  566.30
      Required ratio:  400.00 (Side area) (VIOLATED)
      Cumulative area ratio:  842.42
      Required ratio:    0.00 (Cumulative side area) 

    Layer: via4
      Partial area ratio:    0.93
      Required ratio:    6.00 (Gate area) 
      Cumulative area ratio:    1.77
      Required ratio:    0.00 (Cumulative area) 

    Layer: met5
      Partial area ratio:  403.11
      Required ratio:    0.00 (Gate area) 
      Cumulative area ratio:  561.71
      Required ratio:    0.00 (Cumulative area) 
      Partial area ratio:  608.77
      Required ratio: 2918.08 (Side area) 
      Cumulative area ratio: 1451.19
      Required ratio:    0.00 (Cumulative side area) 


  Pin:   fanout1109/A (sky130_fd_sc_hd__buf_2)
    Layer: mcon
      Partial area ratio:    0.18
      Required ratio:    3.00 (Gate area) 
      Cumulative area ratio:    0.18
      Required ratio:    0.00 (Cumulative area) 

    Layer: met1
      Partial area ratio:   22.74
      Required ratio:    0.00 (Gate area) 
      Cumulative area ratio:   22.74
      Required ratio:    0.00 (Cumulative area) 
      Partial area ratio:  111.85
      Required ratio:  400.00 (Side area) 
      Cumulative area ratio:  111.85
      Required ratio:    0.00 (Cumulative side area) 

    Layer: via
      Partial area ratio:    0.42
      Required ratio:    6.00 (Gate area) 
      Cumulative area ratio:    0.61
      Required ratio:    0.00 (Cumulative area) 

    Layer: met2
      Partial area ratio:    1.83
      Required ratio:    0.00 (Gate area) 
      Cumulative area ratio:   24.57
      Required ratio:    0.00 (Cumulative area) 
      Partial area ratio:    8.28
      Required ratio:  400.00 (Side area) 
      Cumulative area ratio:  120.13
      Required ratio:    0.00 (Cumulative side area) 

    Layer: via2
      Partial area ratio:    0.50
      Required ratio:    6.00 (Gate area) 
      Cumulative area ratio:    1.11
      Required ratio:    0.00 (Cumulative area) 

    Layer: met3
      Partial area ratio:   46.71
      Required ratio:    0.00 (Gate area) 
      Cumulative area ratio:   71.27
      Required ratio:    0.00 (Cumulative area) 
      Partial area ratio:  253.53
      Required ratio:  400.00 (Side area) 
      Cumulative area ratio:  373.67
      Required ratio:    0.00 (Cumulative side area) 

    Layer: via3
      Partial area ratio:    0.13
      Required ratio:    6.00 (Gate area) 
      Cumulative area ratio:    1.24
      Required ratio:    0.00 (Cumulative area) 

    Layer: met4
      Partial area ratio:  107.05
      Required ratio:    0.00 (Gate area) 
      Cumulative area ratio:  178.32
      Required ratio:    0.00 (Cumulative area) 
      Partial area ratio:  566.30
      Required ratio:  400.00 (Side area) (VIOLATED)
      Cumulative area ratio:  939.96
      Required ratio:    0.00 (Cumulative side area) 

    Layer: via4
      Partial area ratio:    0.93
      Required ratio:    6.00 (Gate area) 
      Cumulative area ratio:    2.16
      Required ratio:    0.00 (Cumulative area) 

    Layer: met5
      Partial area ratio:  403.11
      Required ratio:    0.00 (Gate area) 
      Cumulative area ratio:  581.44
      Required ratio:    0.00 (Cumulative area) 
      Partial area ratio:  608.77
      Required ratio: 2918.08 (Side area) 
      Cumulative area ratio: 1548.73
      Required ratio:    0.00 (Cumulative side area) 


  Pin:   fanout1110/A (sky130_fd_sc_hd__clkbuf_4)
    Layer: mcon
      Partial area ratio:    0.14
      Required ratio:    3.00 (Gate area) 
      Cumulative area ratio:    0.14
      Required ratio:    0.00 (Cumulative area) 

    Layer: met1
      Partial area ratio:    7.30
      Required ratio:    0.00 (Gate area) 
      Cumulative area ratio:    7.30
      Required ratio:    0.00 (Cumulative area) 
      Partial area ratio:   35.61
      Required ratio:  400.00 (Side area) 
      Cumulative area ratio:   35.61
      Required ratio:    0.00 (Cumulative side area) 

    Layer: via
      Partial area ratio:    0.21
      Required ratio:    6.00 (Gate area) 
      Cumulative area ratio:    0.35
      Required ratio:    0.00 (Cumulative area) 

    Layer: met2
      Partial area ratio:    0.88
      Required ratio:    0.00 (Gate area) 
      Cumulative area ratio:    8.17
      Required ratio:    0.00 (Cumulative area) 
      Partial area ratio:    4.04
      Required ratio:  400.00 (Side area) 
      Cumulative area ratio:   39.65
      Required ratio:    0.00 (Cumulative side area) 

    Layer: via2
      Partial area ratio:    0.19
      Required ratio:    6.00 (Gate area) 
      Cumulative area ratio:    0.53
      Required ratio:    0.00 (Cumulative area) 

    Layer: met3
      Partial area ratio:    0.59
      Required ratio:    0.00 (Gate area) 
      Cumulative area ratio:    8.76
      Required ratio:    0.00 (Cumulative area) 
      Partial area ratio:    5.33
      Required ratio:  400.00 (Side area) 
      Cumulative area ratio:   44.98
      Required ratio:    0.00 (Cumulative side area) 

    Layer: via3
      Partial area ratio:    0.19
      Required ratio:    6.00 (Gate area) 
      Cumulative area ratio:    0.72
      Required ratio:    0.00 (Cumulative area) 

    Layer: met4
      Partial area ratio:  107.05
      Required ratio:    0.00 (Gate area) 
      Cumulative area ratio:  115.81
      Required ratio:    0.00 (Cumulative area) 
      Partial area ratio:  566.30
      Required ratio:  400.00 (Side area) (VIOLATED)
      Cumulative area ratio:  611.28
      Required ratio:    0.00 (Cumulative side area) 

    Layer: via4
      Partial area ratio:    0.93
      Required ratio:    6.00 (Gate area) 
      Cumulative area ratio:    1.65
      Required ratio:    0.00 (Cumulative area) 

    Layer: met5
      Partial area ratio:  403.11
      Required ratio:    0.00 (Gate area) 
      Cumulative area ratio:  518.92
      Required ratio:    0.00 (Cumulative area) 
      Partial area ratio:  608.77
      Required ratio: 2918.08 (Side area) 
      Cumulative area ratio: 1220.05
      Required ratio:    0.00 (Cumulative side area) 


  Pin:   fanout1111/A (sky130_fd_sc_hd__buf_2)
    Layer: mcon
      Partial area ratio:    0.18
      Required ratio:    3.00 (Gate area) 
      Cumulative area ratio:    0.18
      Required ratio:    0.00 (Cumulative area) 

    Layer: met1
      Partial area ratio:    4.06
      Required ratio:    0.00 (Gate area) 
      Cumulative area ratio:    4.06
      Required ratio:    0.00 (Cumulative area) 
      Partial area ratio:   19.14
      Required ratio:  400.00 (Side area) 
      Cumulative area ratio:   19.14
      Required ratio:    0.00 (Cumulative side area) 

    Layer: via
      Partial area ratio:    0.28
      Required ratio:    6.00 (Gate area) 
      Cumulative area ratio:    0.46
      Required ratio:    0.00 (Cumulative area) 

    Layer: met2
      Partial area ratio:    1.17
      Required ratio:    0.00 (Gate area) 
      Cumulative area ratio:    5.24
      Required ratio:    0.00 (Cumulative area) 
      Partial area ratio:    5.42
      Required ratio:  400.00 (Side area) 
      Cumulative area ratio:   24.55
      Required ratio:    0.00 (Cumulative side area) 

    Layer: via2
      Partial area ratio:    0.25
      Required ratio:    6.00 (Gate area) 
      Cumulative area ratio:    0.72
      Required ratio:    0.00 (Cumulative area) 

    Layer: met3
      Partial area ratio:   52.86
      Required ratio:    0.00 (Gate area) 
      Cumulative area ratio:   58.09
      Required ratio:    0.00 (Cumulative area) 
      Partial area ratio:  284.83
      Required ratio:  400.00 (Side area) 
      Cumulative area ratio:  309.38
      Required ratio:    0.00 (Cumulative side area) 

    Layer: via3
      Partial area ratio:    0.25
      Required ratio:    6.00 (Gate area) 
      Cumulative area ratio:    0.97
      Required ratio:    0.00 (Cumulative area) 

    Layer: met4
      Partial area ratio:  107.05
      Required ratio:    0.00 (Gate area) 
      Cumulative area ratio:  165.14
      Required ratio:    0.00 (Cumulative area) 
      Partial area ratio:  566.30
      Required ratio:  400.00 (Side area) (VIOLATED)
      Cumulative area ratio:  875.68
      Required ratio:    0.00 (Cumulative side area) 

    Layer: via4
      Partial area ratio:    0.93
      Required ratio:    6.00 (Gate area) 
      Cumulative area ratio:    1.90
      Required ratio:    0.00 (Cumulative area) 

    Layer: met5
      Partial area ratio:  403.11
      Required ratio:    0.00 (Gate area) 
      Cumulative area ratio:  568.25
      Required ratio:    0.00 (Cumulative area) 
      Partial area ratio:  608.77
      Required ratio: 2918.08 (Side area) 
      Cumulative area ratio: 1484.45
      Required ratio:    0.00 (Cumulative side area) 



Net: net1138
  Pin:   _33806_/A1 (sky130_fd_sc_hd__a21o_1)
    Layer: mcon
      Partial area ratio:    0.12
      Required ratio:    3.00 (Gate area) 
      Cumulative area ratio:    0.12
      Required ratio:    0.00 (Cumulative area) 

    Layer: met1
      Partial area ratio:    2.60
      Required ratio:    0.00 (Gate area) 
      Cumulative area ratio:    2.60
      Required ratio:    0.00 (Cumulative area) 
      Partial area ratio:   12.27
      Required ratio:  400.00 (Side area) 
      Cumulative area ratio:   12.27
      Required ratio:    0.00 (Cumulative side area) 

    Layer: via
      Partial area ratio:    0.18
      Required ratio:    6.00 (Gate area) 
      Cumulative area ratio:    0.30
      Required ratio:    0.00 (Cumulative area) 

    Layer: met2
      Partial area ratio:    0.75
      Required ratio:    0.00 (Gate area) 
      Cumulative area ratio:    3.36
      Required ratio:    0.00 (Cumulative area) 
      Partial area ratio:    3.48
      Required ratio:  400.00 (Side area) 
      Cumulative area ratio:   15.75
      Required ratio:    0.00 (Cumulative side area) 

    Layer: via2
      Partial area ratio:    0.16
      Required ratio:    6.00 (Gate area) 
      Cumulative area ratio:    0.46
      Required ratio:    0.00 (Cumulative area) 

    Layer: met3
      Partial area ratio:    0.50
      Required ratio:    0.00 (Gate area) 
      Cumulative area ratio:    3.86
      Required ratio:    0.00 (Cumulative area) 
      Partial area ratio:    4.59
      Required ratio:  400.00 (Side area) 
      Cumulative area ratio:   20.34
      Required ratio:    0.00 (Cumulative side area) 

    Layer: via3
      Partial area ratio:    0.16
      Required ratio:    6.00 (Gate area) 
      Cumulative area ratio:    0.62
      Required ratio:    0.00 (Cumulative area) 

    Layer: met4
      Partial area ratio:   24.07
      Required ratio:    0.00 (Gate area) 
      Cumulative area ratio:   27.93
      Required ratio:    0.00 (Cumulative area) 
      Partial area ratio:  128.81
      Required ratio: 3134.60 (Side area) 
      Cumulative area ratio:  149.15
      Required ratio:    0.00 (Cumulative side area) 


  Pin:   _38915_/A (sky130_fd_sc_hd__xnor2_1)
    Layer: mcon
      Partial area ratio:    0.06
      Required ratio:    3.00 (Gate area) 
      Cumulative area ratio:    0.06
      Required ratio:    0.00 (Cumulative area) 

    Layer: met1
      Partial area ratio:   15.76
      Required ratio:    0.00 (Gate area) 
      Cumulative area ratio:   15.76
      Required ratio:    0.00 (Cumulative area) 
      Partial area ratio:   78.06
      Required ratio: 3134.60 (Side area) 
      Cumulative area ratio:   78.06
      Required ratio:    0.00 (Cumulative side area) 

    Layer: via
      Partial area ratio:    0.14
      Required ratio:   54.11 (Gate area) 
      Cumulative area ratio:    0.19
      Required ratio:    0.00 (Cumulative area) 

    Layer: met2
      Partial area ratio:   12.21
      Required ratio:    0.00 (Gate area) 
      Cumulative area ratio:   27.97
      Required ratio:    0.00 (Cumulative area) 
      Partial area ratio:   60.78
      Required ratio: 3134.60 (Side area) 
      Cumulative area ratio:  138.85
      Required ratio:    0.00 (Cumulative side area) 

    Layer: via2
      Partial area ratio:    0.03
      Required ratio:   54.11 (Gate area) 
      Cumulative area ratio:    0.23
      Required ratio:    0.00 (Cumulative area) 

    Layer: met3
      Partial area ratio:   48.43
      Required ratio:    0.00 (Gate area) 
      Cumulative area ratio:   76.40
      Required ratio:    0.00 (Cumulative area) 
      Partial area ratio:  258.69
      Required ratio: 3134.60 (Side area) 
      Cumulative area ratio:  397.53
      Required ratio:    0.00 (Cumulative side area) 

    Layer: via3
      Partial area ratio:    0.03
      Required ratio:   54.11 (Gate area) 
      Cumulative area ratio:    0.26
      Required ratio:    0.00 (Cumulative area) 

    Layer: met4
      Partial area ratio:   24.07
      Required ratio:    0.00 (Gate area) 
      Cumulative area ratio:  100.47
      Required ratio:    0.00 (Cumulative area) 
      Partial area ratio:  128.81
      Required ratio: 3134.60 (Side area) 
      Cumulative area ratio:  526.34
      Required ratio:    0.00 (Cumulative side area) 


  Pin:   _39590_/B2 (sky130_fd_sc_hd__o2bb2a_1)
    Layer: mcon
      Partial area ratio:    0.23
      Required ratio:    3.00 (Gate area) 
      Cumulative area ratio:    0.23
      Required ratio:    0.00 (Cumulative area) 

    Layer: met1
      Partial area ratio:    2.81
      Required ratio:    0.00 (Gate area) 
      Cumulative area ratio:    2.81
      Required ratio:    0.00 (Cumulative area) 
      Partial area ratio:   13.02
      Required ratio:  400.00 (Side area) 
      Cumulative area ratio:   13.02
      Required ratio:    0.00 (Cumulative side area) 

    Layer: via
      Partial area ratio:    0.18
      Required ratio:    6.00 (Gate area) 
      Cumulative area ratio:    0.41
      Required ratio:    0.00 (Cumulative area) 

    Layer: met2
      Partial area ratio:   12.21
      Required ratio:    0.00 (Gate area) 
      Cumulative area ratio:   15.02
      Required ratio:    0.00 (Cumulative area) 
      Partial area ratio:   60.78
      Required ratio: 3134.60 (Side area) 
      Cumulative area ratio:   73.80
      Required ratio:    0.00 (Cumulative side area) 

    Layer: via2
      Partial area ratio:    0.03
      Required ratio:   54.11 (Gate area) 
      Cumulative area ratio:    0.44
      Required ratio:    0.00 (Cumulative area) 

    Layer: met3
      Partial area ratio:   48.43
      Required ratio:    0.00 (Gate area) 
      Cumulative area ratio:   63.45
      Required ratio:    0.00 (Cumulative area) 
      Partial area ratio:  258.69
      Required ratio: 3134.60 (Side area) 
      Cumulative area ratio:  332.49
      Required ratio:    0.00 (Cumulative side area) 

    Layer: via3
      Partial area ratio:    0.03
      Required ratio:   54.11 (Gate area) 
      Cumulative area ratio:    0.47
      Required ratio:    0.00 (Cumulative area) 

    Layer: met4
      Partial area ratio:   24.07
      Required ratio:    0.00 (Gate area) 
      Cumulative area ratio:   87.52
      Required ratio:    0.00 (Cumulative area) 
      Partial area ratio:  128.81
      Required ratio: 3134.60 (Side area) 
      Cumulative area ratio:  461.30
      Required ratio:    0.00 (Cumulative side area) 


  Pin:   _39591_/A1_N (sky130_fd_sc_hd__a2bb2o_1)
    Layer: mcon
      Partial area ratio:    0.23
      Required ratio:    3.00 (Gate area) 
      Cumulative area ratio:    0.23
      Required ratio:    0.00 (Cumulative area) 

    Layer: met1
      Partial area ratio:    2.81
      Required ratio:    0.00 (Gate area) 
      Cumulative area ratio:    2.81
      Required ratio:    0.00 (Cumulative area) 
      Partial area ratio:   13.02
      Required ratio:  400.00 (Side area) 
      Cumulative area ratio:   13.02
      Required ratio:    0.00 (Cumulative side area) 

    Layer: via
      Partial area ratio:    0.18
      Required ratio:    6.00 (Gate area) 
      Cumulative area ratio:    0.41
      Required ratio:    0.00 (Cumulative area) 

    Layer: met2
      Partial area ratio:   12.21
      Required ratio:    0.00 (Gate area) 
      Cumulative area ratio:   15.02
      Required ratio:    0.00 (Cumulative area) 
      Partial area ratio:   60.78
      Required ratio: 3134.60 (Side area) 
      Cumulative area ratio:   73.80
      Required ratio:    0.00 (Cumulative side area) 

    Layer: via2
      Partial area ratio:    0.03
      Required ratio:   54.11 (Gate area) 
      Cumulative area ratio:    0.44
      Required ratio:    0.00 (Cumulative area) 

    Layer: met3
      Partial area ratio:   48.43
      Required ratio:    0.00 (Gate area) 
      Cumulative area ratio:   63.45
      Required ratio:    0.00 (Cumulative area) 
      Partial area ratio:  258.69
      Required ratio: 3134.60 (Side area) 
      Cumulative area ratio:  332.49
      Required ratio:    0.00 (Cumulative side area) 

    Layer: via3
      Partial area ratio:    0.03
      Required ratio:   54.11 (Gate area) 
      Cumulative area ratio:    0.47
      Required ratio:    0.00 (Cumulative area) 

    Layer: met4
      Partial area ratio:   24.07
      Required ratio:    0.00 (Gate area) 
      Cumulative area ratio:   87.52
      Required ratio:    0.00 (Cumulative area) 
      Partial area ratio:  128.81
      Required ratio: 3134.60 (Side area) 
      Cumulative area ratio:  461.30
      Required ratio:    0.00 (Cumulative side area) 


  Pin:   _39652_/A1 (sky130_fd_sc_hd__a211o_1)
    Layer: mcon
      Partial area ratio:    0.12
      Required ratio:    3.00 (Gate area) 
      Cumulative area ratio:    0.12
      Required ratio:    0.00 (Cumulative area) 

    Layer: met1
      Partial area ratio:   15.76
      Required ratio:    0.00 (Gate area) 
      Cumulative area ratio:   15.76
      Required ratio:    0.00 (Cumulative area) 
      Partial area ratio:   78.06
      Required ratio: 3134.60 (Side area) 
      Cumulative area ratio:   78.06
      Required ratio:    0.00 (Cumulative side area) 

    Layer: via
      Partial area ratio:    0.14
      Required ratio:   54.11 (Gate area) 
      Cumulative area ratio:    0.25
      Required ratio:    0.00 (Cumulative area) 

    Layer: met2
      Partial area ratio:   12.21
      Required ratio:    0.00 (Gate area) 
      Cumulative area ratio:   27.97
      Required ratio:    0.00 (Cumulative area) 
      Partial area ratio:   60.78
      Required ratio: 3134.60 (Side area) 
      Cumulative area ratio:  138.85
      Required ratio:    0.00 (Cumulative side area) 

    Layer: via2
      Partial area ratio:    0.03
      Required ratio:   54.11 (Gate area) 
      Cumulative area ratio:    0.29
      Required ratio:    0.00 (Cumulative area) 

    Layer: met3
      Partial area ratio:   48.43
      Required ratio:    0.00 (Gate area) 
      Cumulative area ratio:   76.40
      Required ratio:    0.00 (Cumulative area) 
      Partial area ratio:  258.69
      Required ratio: 3134.60 (Side area) 
      Cumulative area ratio:  397.53
      Required ratio:    0.00 (Cumulative side area) 

    Layer: via3
      Partial area ratio:    0.03
      Required ratio:   54.11 (Gate area) 
      Cumulative area ratio:    0.32
      Required ratio:    0.00 (Cumulative area) 

    Layer: met4
      Partial area ratio:   24.07
      Required ratio:    0.00 (Gate area) 
      Cumulative area ratio:  100.47
      Required ratio:    0.00 (Cumulative area) 
      Partial area ratio:  128.81
      Required ratio: 3134.60 (Side area) 
      Cumulative area ratio:  526.34
      Required ratio:    0.00 (Cumulative side area) 


  Pin:   fanout1134/A (sky130_fd_sc_hd__clkbuf_4)
    Layer: mcon
      Partial area ratio:    0.14
      Required ratio:    3.00 (Gate area) 
      Cumulative area ratio:    0.14
      Required ratio:    0.00 (Cumulative area) 

    Layer: met1
      Partial area ratio:    2.64
      Required ratio:    0.00 (Gate area) 
      Cumulative area ratio:    2.64
      Required ratio:    0.00 (Cumulative area) 
      Partial area ratio:   12.34
      Required ratio:  400.00 (Side area) 
      Cumulative area ratio:   12.34
      Required ratio:    0.00 (Cumulative side area) 

    Layer: via
      Partial area ratio:    0.21
      Required ratio:    6.00 (Gate area) 
      Cumulative area ratio:    0.35
      Required ratio:    0.00 (Cumulative area) 

    Layer: met2
      Partial area ratio:   24.43
      Required ratio:    0.00 (Gate area) 
      Cumulative area ratio:   27.08
      Required ratio:    0.00 (Cumulative area) 
      Partial area ratio:  120.93
      Required ratio:  400.00 (Side area) 
      Cumulative area ratio:  133.27
      Required ratio:    0.00 (Cumulative side area) 

    Layer: via2
      Partial area ratio:    0.22
      Required ratio:    6.00 (Gate area) 
      Cumulative area ratio:    0.56
      Required ratio:    0.00 (Cumulative area) 

    Layer: met3
      Partial area ratio:   84.13
      Required ratio:    0.00 (Gate area) 
      Cumulative area ratio:  111.21
      Required ratio:    0.00 (Cumulative area) 
      Partial area ratio:  451.23
      Required ratio:  400.00 (Side area) (VIOLATED)
      Cumulative area ratio:  584.49
      Required ratio:    0.00 (Cumulative side area) 

    Layer: via3
      Partial area ratio:    0.22
      Required ratio:    6.00 (Gate area) 
      Cumulative area ratio:    0.78
      Required ratio:    0.00 (Cumulative area) 

    Layer: met4
      Partial area ratio:   24.07
      Required ratio:    0.00 (Gate area) 
      Cumulative area ratio:  135.28
      Required ratio:    0.00 (Cumulative area) 
      Partial area ratio:  128.81
      Required ratio: 3134.60 (Side area) 
      Cumulative area ratio:  713.30
      Required ratio:    0.00 (Cumulative side area) 


  Pin:   fanout1135/A (sky130_fd_sc_hd__clkbuf_4)
    Layer: mcon
      Partial area ratio:    0.14
      Required ratio:    3.00 (Gate area) 
      Cumulative area ratio:    0.14
      Required ratio:    0.00 (Cumulative area) 

    Layer: met1
      Partial area ratio:    2.47
      Required ratio:    0.00 (Gate area) 
      Cumulative area ratio:    2.47
      Required ratio:    0.00 (Cumulative area) 
      Partial area ratio:   11.49
      Required ratio:  400.00 (Side area) 
      Cumulative area ratio:   11.49
      Required ratio:    0.00 (Cumulative side area) 

    Layer: via
      Partial area ratio:    0.21
      Required ratio:    6.00 (Gate area) 
      Cumulative area ratio:    0.35
      Required ratio:    0.00 (Cumulative area) 

    Layer: met2
      Partial area ratio:    0.88
      Required ratio:    0.00 (Gate area) 
      Cumulative area ratio:    3.35
      Required ratio:    0.00 (Cumulative area) 
      Partial area ratio:    4.04
      Required ratio:  400.00 (Side area) 
      Cumulative area ratio:   15.53
      Required ratio:    0.00 (Cumulative side area) 

    Layer: via2
      Partial area ratio:    0.19
      Required ratio:    6.00 (Gate area) 
      Cumulative area ratio:    0.53
      Required ratio:    0.00 (Cumulative area) 

    Layer: met3
      Partial area ratio:   20.02
      Required ratio:    0.00 (Gate area) 
      Cumulative area ratio:   23.37
      Required ratio:    0.00 (Cumulative area) 
      Partial area ratio:  108.96
      Required ratio:  400.00 (Side area) 
      Cumulative area ratio:  124.49
      Required ratio:    0.00 (Cumulative side area) 

    Layer: via3
      Partial area ratio:    0.19
      Required ratio:    6.00 (Gate area) 
      Cumulative area ratio:    0.72
      Required ratio:    0.00 (Cumulative area) 

    Layer: met4
      Partial area ratio:   24.07
      Required ratio:    0.00 (Gate area) 
      Cumulative area ratio:   47.43
      Required ratio:    0.00 (Cumulative area) 
      Partial area ratio:  128.81
      Required ratio: 3134.60 (Side area) 
      Cumulative area ratio:  253.30
      Required ratio:    0.00 (Cumulative side area) 


  Pin:   fanout1136/A (sky130_fd_sc_hd__buf_2)
    Layer: mcon
      Partial area ratio:    0.18
      Required ratio:    3.00 (Gate area) 
      Cumulative area ratio:    0.18
      Required ratio:    0.00 (Cumulative area) 

    Layer: met1
      Partial area ratio:    4.77
      Required ratio:    0.00 (Gate area) 
      Cumulative area ratio:    4.77
      Required ratio:    0.00 (Cumulative area) 
      Partial area ratio:   22.66
      Required ratio:  400.00 (Side area) 
      Cumulative area ratio:   22.66
      Required ratio:    0.00 (Cumulative side area) 

    Layer: via
      Partial area ratio:    0.28
      Required ratio:    6.00 (Gate area) 
      Cumulative area ratio:    0.46
      Required ratio:    0.00 (Cumulative area) 

    Layer: met2
      Partial area ratio:   24.43
      Required ratio:    0.00 (Gate area) 
      Cumulative area ratio:   29.20
      Required ratio:    0.00 (Cumulative area) 
      Partial area ratio:  120.93
      Required ratio:  400.00 (Side area) 
      Cumulative area ratio:  143.59
      Required ratio:    0.00 (Cumulative side area) 

    Layer: via2
      Partial area ratio:    0.22
      Required ratio:    6.00 (Gate area) 
      Cumulative area ratio:    0.68
      Required ratio:    0.00 (Cumulative area) 

    Layer: met3
      Partial area ratio:   84.13
      Required ratio:    0.00 (Gate area) 
      Cumulative area ratio:  113.33
      Required ratio:    0.00 (Cumulative area) 
      Partial area ratio:  451.23
      Required ratio:  400.00 (Side area) (VIOLATED)
      Cumulative area ratio:  594.81
      Required ratio:    0.00 (Cumulative side area) 

    Layer: via3
      Partial area ratio:    0.22
      Required ratio:    6.00 (Gate area) 
      Cumulative area ratio:    0.89
      Required ratio:    0.00 (Cumulative area) 

    Layer: met4
      Partial area ratio:   24.07
      Required ratio:    0.00 (Gate area) 
      Cumulative area ratio:  137.40
      Required ratio:    0.00 (Cumulative area) 
      Partial area ratio:  128.81
      Required ratio: 3134.60 (Side area) 
      Cumulative area ratio:  723.62
      Required ratio:    0.00 (Cumulative side area) 


  Pin:   fanout1137/A (sky130_fd_sc_hd__buf_4)
    Layer: mcon
      Partial area ratio:    0.12
      Required ratio:    3.00 (Gate area) 
      Cumulative area ratio:    0.12
      Required ratio:    0.00 (Cumulative area) 

    Layer: met1
      Partial area ratio:   15.76
      Required ratio:    0.00 (Gate area) 
      Cumulative area ratio:   15.76
      Required ratio:    0.00 (Cumulative area) 
      Partial area ratio:   78.06
      Required ratio: 3134.60 (Side area) 
      Cumulative area ratio:   78.06
      Required ratio:    0.00 (Cumulative side area) 

    Layer: via
      Partial area ratio:    0.14
      Required ratio:   54.11 (Gate area) 
      Cumulative area ratio:    0.25
      Required ratio:    0.00 (Cumulative area) 

    Layer: met2
      Partial area ratio:   12.21
      Required ratio:    0.00 (Gate area) 
      Cumulative area ratio:   27.97
      Required ratio:    0.00 (Cumulative area) 
      Partial area ratio:   60.78
      Required ratio: 3134.60 (Side area) 
      Cumulative area ratio:  138.85
      Required ratio:    0.00 (Cumulative side area) 

    Layer: via2
      Partial area ratio:    0.03
      Required ratio:   54.11 (Gate area) 
      Cumulative area ratio:    0.29
      Required ratio:    0.00 (Cumulative area) 

    Layer: met3
      Partial area ratio:   48.43
      Required ratio:    0.00 (Gate area) 
      Cumulative area ratio:   76.40
      Required ratio:    0.00 (Cumulative area) 
      Partial area ratio:  258.69
      Required ratio: 3134.60 (Side area) 
      Cumulative area ratio:  397.53
      Required ratio:    0.00 (Cumulative side area) 

    Layer: via3
      Partial area ratio:    0.03
      Required ratio:   54.11 (Gate area) 
      Cumulative area ratio:    0.32
      Required ratio:    0.00 (Cumulative area) 

    Layer: met4
      Partial area ratio:   24.07
      Required ratio:    0.00 (Gate area) 
      Cumulative area ratio:  100.47
      Required ratio:    0.00 (Cumulative area) 
      Partial area ratio:  128.81
      Required ratio: 3134.60 (Side area) 
      Cumulative area ratio:  526.34
      Required ratio:    0.00 (Cumulative side area) 



Net: net1144
  Pin:   _35173_/A1 (sky130_fd_sc_hd__a21boi_1)
    Layer: mcon
      Partial area ratio:    0.12
      Required ratio:    3.00 (Gate area) 
      Cumulative area ratio:    0.12
      Required ratio:    0.00 (Cumulative area) 

    Layer: met1
      Partial area ratio:    1.23
      Required ratio:    0.00 (Gate area) 
      Cumulative area ratio:    1.23
      Required ratio:    0.00 (Cumulative area) 
      Partial area ratio:    5.40
      Required ratio:  400.00 (Side area) 
      Cumulative area ratio:    5.40
      Required ratio:    0.00 (Cumulative side area) 

    Layer: via
      Partial area ratio:    0.18
      Required ratio:    6.00 (Gate area) 
      Cumulative area ratio:    0.30
      Required ratio:    0.00 (Cumulative area) 

    Layer: met2
      Partial area ratio:    0.75
      Required ratio:    0.00 (Gate area) 
      Cumulative area ratio:    1.99
      Required ratio:    0.00 (Cumulative area) 
      Partial area ratio:    3.48
      Required ratio:  400.00 (Side area) 
      Cumulative area ratio:    8.88
      Required ratio:    0.00 (Cumulative side area) 

    Layer: via2
      Partial area ratio:    0.16
      Required ratio:    6.00 (Gate area) 
      Cumulative area ratio:    0.46
      Required ratio:    0.00 (Cumulative area) 

    Layer: met3
      Partial area ratio:    8.90
      Required ratio:    0.00 (Gate area) 
      Cumulative area ratio:   10.88
      Required ratio:    0.00 (Cumulative area) 
      Partial area ratio:   49.33
      Required ratio:  400.00 (Side area) 
      Cumulative area ratio:   58.21
      Required ratio:    0.00 (Cumulative side area) 

    Layer: via3
      Partial area ratio:    0.32
      Required ratio:    6.00 (Gate area) 
      Cumulative area ratio:    0.78
      Required ratio:    0.00 (Cumulative area) 

    Layer: met4
      Partial area ratio:   14.15
      Required ratio:    0.00 (Gate area) 
      Cumulative area ratio:   25.03
      Required ratio:    0.00 (Cumulative area) 
      Partial area ratio:   75.85
      Required ratio: 2956.40 (Side area) 
      Cumulative area ratio:  134.05
      Required ratio:    0.00 (Cumulative side area) 


  Pin:   _35376_/A (sky130_fd_sc_hd__and2_1)
    Layer: mcon
      Partial area ratio:    0.23
      Required ratio:    3.00 (Gate area) 
      Cumulative area ratio:    0.23
      Required ratio:    0.00 (Cumulative area) 

    Layer: met1
      Partial area ratio:  137.04
      Required ratio:    0.00 (Gate area) 
      Cumulative area ratio:  137.04
      Required ratio:    0.00 (Cumulative area) 
      Partial area ratio:  682.88
      Required ratio:  400.00 (Side area) (VIOLATED)
      Cumulative area ratio:  682.88
      Required ratio:    0.00 (Cumulative side area) 

    Layer: via
      Partial area ratio:    0.54
      Required ratio:    6.00 (Gate area) 
      Cumulative area ratio:    0.77
      Required ratio:    0.00 (Cumulative area) 

    Layer: met2
      Partial area ratio:    2.16
      Required ratio:    0.00 (Gate area) 
      Cumulative area ratio:  139.20
      Required ratio:    0.00 (Cumulative area) 
      Partial area ratio:   10.55
      Required ratio: 2956.40 (Side area) 
      Cumulative area ratio:  693.42
      Required ratio:    0.00 (Cumulative side area) 

    Layer: via2
      Partial area ratio:    0.02
      Required ratio:   38.08 (Gate area) 
      Cumulative area ratio:    0.79
      Required ratio:    0.00 (Cumulative area) 

    Layer: met3
      Partial area ratio:    0.07
      Required ratio:    0.00 (Gate area) 
      Cumulative area ratio:  139.27
      Required ratio:    0.00 (Cumulative area) 
      Partial area ratio:    0.61
      Required ratio: 2956.40 (Side area) 
      Cumulative area ratio:  694.03
      Required ratio:    0.00 (Cumulative side area) 

    Layer: via3
      Partial area ratio:    0.02
      Required ratio:   38.08 (Gate area) 
      Cumulative area ratio:    0.81
      Required ratio:    0.00 (Cumulative area) 

    Layer: met4
      Partial area ratio:   14.15
      Required ratio:    0.00 (Gate area) 
      Cumulative area ratio:  153.42
      Required ratio:    0.00 (Cumulative area) 
      Partial area ratio:   75.85
      Required ratio: 2956.40 (Side area) 
      Cumulative area ratio:  769.88
      Required ratio:    0.00 (Cumulative side area) 


  Pin:   _35377_/A (sky130_fd_sc_hd__nor2_1)
    Layer: mcon
      Partial area ratio:    0.12
      Required ratio:    3.00 (Gate area) 
      Cumulative area ratio:    0.12
      Required ratio:    0.00 (Cumulative area) 

    Layer: met1
      Partial area ratio:    3.61
      Required ratio:    0.00 (Gate area) 
      Cumulative area ratio:    3.61
      Required ratio:    0.00 (Cumulative area) 
      Partial area ratio:   17.29
      Required ratio:  400.00 (Side area) 
      Cumulative area ratio:   17.29
      Required ratio:    0.00 (Cumulative side area) 

    Layer: via
      Partial area ratio:    0.18
      Required ratio:    6.00 (Gate area) 
      Cumulative area ratio:    0.30
      Required ratio:    0.00 (Cumulative area) 

    Layer: met2
      Partial area ratio:    2.16
      Required ratio:    0.00 (Gate area) 
      Cumulative area ratio:    5.77
      Required ratio:    0.00 (Cumulative area) 
      Partial area ratio:   10.55
      Required ratio: 2956.40 (Side area) 
      Cumulative area ratio:   27.84
      Required ratio:    0.00 (Cumulative side area) 

    Layer: via2
      Partial area ratio:    0.02
      Required ratio:   38.08 (Gate area) 
      Cumulative area ratio:    0.32
      Required ratio:    0.00 (Cumulative area) 

    Layer: met3
      Partial area ratio:    0.07
      Required ratio:    0.00 (Gate area) 
      Cumulative area ratio:    5.84
      Required ratio:    0.00 (Cumulative area) 
      Partial area ratio:    0.61
      Required ratio: 2956.40 (Side area) 
      Cumulative area ratio:   28.45
      Required ratio:    0.00 (Cumulative side area) 

    Layer: via3
      Partial area ratio:    0.02
      Required ratio:   38.08 (Gate area) 
      Cumulative area ratio:    0.34
      Required ratio:    0.00 (Cumulative area) 

    Layer: met4
      Partial area ratio:   14.15
      Required ratio:    0.00 (Gate area) 
      Cumulative area ratio:   19.98
      Required ratio:    0.00 (Cumulative area) 
      Partial area ratio:   75.85
      Required ratio: 2956.40 (Side area) 
      Cumulative area ratio:  104.30
      Required ratio:    0.00 (Cumulative side area) 


  Pin:   _36636_/A (sky130_fd_sc_hd__nor2_1)
    Layer: mcon
      Partial area ratio:    0.12
      Required ratio:    3.00 (Gate area) 
      Cumulative area ratio:    0.12
      Required ratio:    0.00 (Cumulative area) 

    Layer: met1
      Partial area ratio:   14.83
      Required ratio:    0.00 (Gate area) 
      Cumulative area ratio:   14.83
      Required ratio:    0.00 (Cumulative area) 
      Partial area ratio:   73.13
      Required ratio:  400.00 (Side area) 
      Cumulative area ratio:   73.13
      Required ratio:    0.00 (Cumulative side area) 

    Layer: via
      Partial area ratio:    0.18
      Required ratio:    6.00 (Gate area) 
      Cumulative area ratio:    0.30
      Required ratio:    0.00 (Cumulative area) 

    Layer: met2
      Partial area ratio:    2.16
      Required ratio:    0.00 (Gate area) 
      Cumulative area ratio:   17.00
      Required ratio:    0.00 (Cumulative area) 
      Partial area ratio:   10.55
      Required ratio: 2956.40 (Side area) 
      Cumulative area ratio:   83.68
      Required ratio:    0.00 (Cumulative side area) 

    Layer: via2
      Partial area ratio:    0.02
      Required ratio:   38.08 (Gate area) 
      Cumulative area ratio:    0.32
      Required ratio:    0.00 (Cumulative area) 

    Layer: met3
      Partial area ratio:    0.07
      Required ratio:    0.00 (Gate area) 
      Cumulative area ratio:   17.06
      Required ratio:    0.00 (Cumulative area) 
      Partial area ratio:    0.61
      Required ratio: 2956.40 (Side area) 
      Cumulative area ratio:   84.29
      Required ratio:    0.00 (Cumulative side area) 

    Layer: via3
      Partial area ratio:    0.02
      Required ratio:   38.08 (Gate area) 
      Cumulative area ratio:    0.34
      Required ratio:    0.00 (Cumulative area) 

    Layer: met4
      Partial area ratio:   14.15
      Required ratio:    0.00 (Gate area) 
      Cumulative area ratio:   31.21
      Required ratio:    0.00 (Cumulative area) 
      Partial area ratio:   75.85
      Required ratio: 2956.40 (Side area) 
      Cumulative area ratio:  160.14
      Required ratio:    0.00 (Cumulative side area) 


  Pin:   _36907_/A (sky130_fd_sc_hd__nand2_1)
    Layer: mcon
      Partial area ratio:    0.12
      Required ratio:    3.00 (Gate area) 
      Cumulative area ratio:    0.12
      Required ratio:    0.00 (Cumulative area) 

    Layer: met1
      Partial area ratio:   14.83
      Required ratio:    0.00 (Gate area) 
      Cumulative area ratio:   14.83
      Required ratio:    0.00 (Cumulative area) 
      Partial area ratio:   73.13
      Required ratio:  400.00 (Side area) 
      Cumulative area ratio:   73.13
      Required ratio:    0.00 (Cumulative side area) 

    Layer: via
      Partial area ratio:    0.18
      Required ratio:    6.00 (Gate area) 
      Cumulative area ratio:    0.30
      Required ratio:    0.00 (Cumulative area) 

    Layer: met2
      Partial area ratio:    2.16
      Required ratio:    0.00 (Gate area) 
      Cumulative area ratio:   17.00
      Required ratio:    0.00 (Cumulative area) 
      Partial area ratio:   10.55
      Required ratio: 2956.40 (Side area) 
      Cumulative area ratio:   83.68
      Required ratio:    0.00 (Cumulative side area) 

    Layer: via2
      Partial area ratio:    0.02
      Required ratio:   38.08 (Gate area) 
      Cumulative area ratio:    0.32
      Required ratio:    0.00 (Cumulative area) 

    Layer: met3
      Partial area ratio:    0.07
      Required ratio:    0.00 (Gate area) 
      Cumulative area ratio:   17.06
      Required ratio:    0.00 (Cumulative area) 
      Partial area ratio:    0.61
      Required ratio: 2956.40 (Side area) 
      Cumulative area ratio:   84.29
      Required ratio:    0.00 (Cumulative side area) 

    Layer: via3
      Partial area ratio:    0.02
      Required ratio:   38.08 (Gate area) 
      Cumulative area ratio:    0.34
      Required ratio:    0.00 (Cumulative area) 

    Layer: met4
      Partial area ratio:   14.15
      Required ratio:    0.00 (Gate area) 
      Cumulative area ratio:   31.21
      Required ratio:    0.00 (Cumulative area) 
      Partial area ratio:   75.85
      Required ratio: 2956.40 (Side area) 
      Cumulative area ratio:  160.14
      Required ratio:    0.00 (Cumulative side area) 


  Pin:   _36908_/A (sky130_fd_sc_hd__or2_1)
    Layer: mcon
      Partial area ratio:    0.23
      Required ratio:    3.00 (Gate area) 
      Cumulative area ratio:    0.23
      Required ratio:    0.00 (Cumulative area) 

    Layer: met1
      Partial area ratio:   14.83
      Required ratio:    0.00 (Gate area) 
      Cumulative area ratio:   14.83
      Required ratio:    0.00 (Cumulative area) 
      Partial area ratio:   73.13
      Required ratio:  400.00 (Side area) 
      Cumulative area ratio:   73.13
      Required ratio:    0.00 (Cumulative side area) 

    Layer: via
      Partial area ratio:    0.18
      Required ratio:    6.00 (Gate area) 
      Cumulative area ratio:    0.41
      Required ratio:    0.00 (Cumulative area) 

    Layer: met2
      Partial area ratio:    2.16
      Required ratio:    0.00 (Gate area) 
      Cumulative area ratio:   17.00
      Required ratio:    0.00 (Cumulative area) 
      Partial area ratio:   10.55
      Required ratio: 2956.40 (Side area) 
      Cumulative area ratio:   83.68
      Required ratio:    0.00 (Cumulative side area) 

    Layer: via2
      Partial area ratio:    0.02
      Required ratio:   38.08 (Gate area) 
      Cumulative area ratio:    0.43
      Required ratio:    0.00 (Cumulative area) 

    Layer: met3
      Partial area ratio:    0.07
      Required ratio:    0.00 (Gate area) 
      Cumulative area ratio:   17.06
      Required ratio:    0.00 (Cumulative area) 
      Partial area ratio:    0.61
      Required ratio: 2956.40 (Side area) 
      Cumulative area ratio:   84.29
      Required ratio:    0.00 (Cumulative side area) 

    Layer: via3
      Partial area ratio:    0.02
      Required ratio:   38.08 (Gate area) 
      Cumulative area ratio:    0.45
      Required ratio:    0.00 (Cumulative area) 

    Layer: met4
      Partial area ratio:   14.15
      Required ratio:    0.00 (Gate area) 
      Cumulative area ratio:   31.21
      Required ratio:    0.00 (Cumulative area) 
      Partial area ratio:   75.85
      Required ratio: 2956.40 (Side area) 
      Cumulative area ratio:  160.14
      Required ratio:    0.00 (Cumulative side area) 


  Pin:   _37096_/A (sky130_fd_sc_hd__nand2_1)
    Layer: mcon
      Partial area ratio:    0.12
      Required ratio:    3.00 (Gate area) 
      Cumulative area ratio:    0.12
      Required ratio:    0.00 (Cumulative area) 

    Layer: met1
      Partial area ratio:    3.35
      Required ratio:    0.00 (Gate area) 
      Cumulative area ratio:    3.35
      Required ratio:    0.00 (Cumulative area) 
      Partial area ratio:   15.92
      Required ratio: 2956.40 (Side area) 
      Cumulative area ratio:   15.92
      Required ratio:    0.00 (Cumulative side area) 

    Layer: via
      Partial area ratio:    0.13
      Required ratio:   38.08 (Gate area) 
      Cumulative area ratio:    0.25
      Required ratio:    0.00 (Cumulative area) 

    Layer: met2
      Partial area ratio:    2.16
      Required ratio:    0.00 (Gate area) 
      Cumulative area ratio:    5.51
      Required ratio:    0.00 (Cumulative area) 
      Partial area ratio:   10.55
      Required ratio: 2956.40 (Side area) 
      Cumulative area ratio:   26.46
      Required ratio:    0.00 (Cumulative side area) 

    Layer: via2
      Partial area ratio:    0.02
      Required ratio:   38.08 (Gate area) 
      Cumulative area ratio:    0.27
      Required ratio:    0.00 (Cumulative area) 

    Layer: met3
      Partial area ratio:    0.07
      Required ratio:    0.00 (Gate area) 
      Cumulative area ratio:    5.58
      Required ratio:    0.00 (Cumulative area) 
      Partial area ratio:    0.61
      Required ratio: 2956.40 (Side area) 
      Cumulative area ratio:   27.07
      Required ratio:    0.00 (Cumulative side area) 

    Layer: via3
      Partial area ratio:    0.02
      Required ratio:   38.08 (Gate area) 
      Cumulative area ratio:    0.29
      Required ratio:    0.00 (Cumulative area) 

    Layer: met4
      Partial area ratio:   14.15
      Required ratio:    0.00 (Gate area) 
      Cumulative area ratio:   19.72
      Required ratio:    0.00 (Cumulative area) 
      Partial area ratio:   75.85
      Required ratio: 2956.40 (Side area) 
      Cumulative area ratio:  102.92
      Required ratio:    0.00 (Cumulative side area) 


  Pin:   _37097_/A (sky130_fd_sc_hd__xnor2_1)
    Layer: mcon
      Partial area ratio:    0.06
      Required ratio:    3.00 (Gate area) 
      Cumulative area ratio:    0.06
      Required ratio:    0.00 (Cumulative area) 

    Layer: met1
      Partial area ratio:    3.35
      Required ratio:    0.00 (Gate area) 
      Cumulative area ratio:    3.35
      Required ratio:    0.00 (Cumulative area) 
      Partial area ratio:   15.92
      Required ratio: 2956.40 (Side area) 
      Cumulative area ratio:   15.92
      Required ratio:    0.00 (Cumulative side area) 

    Layer: via
      Partial area ratio:    0.13
      Required ratio:   38.08 (Gate area) 
      Cumulative area ratio:    0.19
      Required ratio:    0.00 (Cumulative area) 

    Layer: met2
      Partial area ratio:    2.16
      Required ratio:    0.00 (Gate area) 
      Cumulative area ratio:    5.51
      Required ratio:    0.00 (Cumulative area) 
      Partial area ratio:   10.55
      Required ratio: 2956.40 (Side area) 
      Cumulative area ratio:   26.46
      Required ratio:    0.00 (Cumulative side area) 

    Layer: via2
      Partial area ratio:    0.02
      Required ratio:   38.08 (Gate area) 
      Cumulative area ratio:    0.21
      Required ratio:    0.00 (Cumulative area) 

    Layer: met3
      Partial area ratio:    0.07
      Required ratio:    0.00 (Gate area) 
      Cumulative area ratio:    5.58
      Required ratio:    0.00 (Cumulative area) 
      Partial area ratio:    0.61
      Required ratio: 2956.40 (Side area) 
      Cumulative area ratio:   27.07
      Required ratio:    0.00 (Cumulative side area) 

    Layer: via3
      Partial area ratio:    0.02
      Required ratio:   38.08 (Gate area) 
      Cumulative area ratio:    0.23
      Required ratio:    0.00 (Cumulative area) 

    Layer: met4
      Partial area ratio:   14.15
      Required ratio:    0.00 (Gate area) 
      Cumulative area ratio:   19.72
      Required ratio:    0.00 (Cumulative area) 
      Partial area ratio:   75.85
      Required ratio: 2956.40 (Side area) 
      Cumulative area ratio:  102.92
      Required ratio:    0.00 (Cumulative side area) 


  Pin:   _37146_/A1_N (sky130_fd_sc_hd__a2bb2o_1)
    Layer: mcon
      Partial area ratio:    0.23
      Required ratio:    3.00 (Gate area) 
      Cumulative area ratio:    0.23
      Required ratio:    0.00 (Cumulative area) 

    Layer: met1
      Partial area ratio:    3.35
      Required ratio:    0.00 (Gate area) 
      Cumulative area ratio:    3.35
      Required ratio:    0.00 (Cumulative area) 
      Partial area ratio:   15.92
      Required ratio: 2956.40 (Side area) 
      Cumulative area ratio:   15.92
      Required ratio:    0.00 (Cumulative side area) 

    Layer: via
      Partial area ratio:    0.13
      Required ratio:   38.08 (Gate area) 
      Cumulative area ratio:    0.36
      Required ratio:    0.00 (Cumulative area) 

    Layer: met2
      Partial area ratio:    2.16
      Required ratio:    0.00 (Gate area) 
      Cumulative area ratio:    5.51
      Required ratio:    0.00 (Cumulative area) 
      Partial area ratio:   10.55
      Required ratio: 2956.40 (Side area) 
      Cumulative area ratio:   26.46
      Required ratio:    0.00 (Cumulative side area) 

    Layer: via2
      Partial area ratio:    0.02
      Required ratio:   38.08 (Gate area) 
      Cumulative area ratio:    0.38
      Required ratio:    0.00 (Cumulative area) 

    Layer: met3
      Partial area ratio:    0.07
      Required ratio:    0.00 (Gate area) 
      Cumulative area ratio:    5.58
      Required ratio:    0.00 (Cumulative area) 
      Partial area ratio:    0.61
      Required ratio: 2956.40 (Side area) 
      Cumulative area ratio:   27.07
      Required ratio:    0.00 (Cumulative side area) 

    Layer: via3
      Partial area ratio:    0.02
      Required ratio:   38.08 (Gate area) 
      Cumulative area ratio:    0.40
      Required ratio:    0.00 (Cumulative area) 

    Layer: met4
      Partial area ratio:   14.15
      Required ratio:    0.00 (Gate area) 
      Cumulative area ratio:   19.72
      Required ratio:    0.00 (Cumulative area) 
      Partial area ratio:   75.85
      Required ratio: 2956.40 (Side area) 
      Cumulative area ratio:  102.92
      Required ratio:    0.00 (Cumulative side area) 


  Pin:   fanout1143/A (sky130_fd_sc_hd__buf_4)
    Layer: mcon
      Partial area ratio:    0.12
      Required ratio:    3.00 (Gate area) 
      Cumulative area ratio:    0.12
      Required ratio:    0.00 (Cumulative area) 

    Layer: met1
      Partial area ratio:    1.62
      Required ratio:    0.00 (Gate area) 
      Cumulative area ratio:    1.62
      Required ratio:    0.00 (Cumulative area) 
      Partial area ratio:    7.35
      Required ratio:  400.00 (Side area) 
      Cumulative area ratio:    7.35
      Required ratio:    0.00 (Cumulative side area) 

    Layer: via
      Partial area ratio:    0.18
      Required ratio:    6.00 (Gate area) 
      Cumulative area ratio:    0.30
      Required ratio:    0.00 (Cumulative area) 

    Layer: met2
      Partial area ratio:    0.75
      Required ratio:    0.00 (Gate area) 
      Cumulative area ratio:    2.38
      Required ratio:    0.00 (Cumulative area) 
      Partial area ratio:    3.48
      Required ratio:  400.00 (Side area) 
      Cumulative area ratio:   10.83
      Required ratio:    0.00 (Cumulative side area) 

    Layer: via2
      Partial area ratio:    0.16
      Required ratio:    6.00 (Gate area) 
      Cumulative area ratio:    0.46
      Required ratio:    0.00 (Cumulative area) 

    Layer: met3
      Partial area ratio:    0.50
      Required ratio:    0.00 (Gate area) 
      Cumulative area ratio:    2.88
      Required ratio:    0.00 (Cumulative area) 
      Partial area ratio:    4.59
      Required ratio:  400.00 (Side area) 
      Cumulative area ratio:   15.42
      Required ratio:    0.00 (Cumulative side area) 

    Layer: via3
      Partial area ratio:    0.16
      Required ratio:    6.00 (Gate area) 
      Cumulative area ratio:    0.62
      Required ratio:    0.00 (Cumulative area) 

    Layer: met4
      Partial area ratio:   14.15
      Required ratio:    0.00 (Gate area) 
      Cumulative area ratio:   17.03
      Required ratio:    0.00 (Cumulative area) 
      Partial area ratio:   75.85
      Required ratio: 2956.40 (Side area) 
      Cumulative area ratio:   91.27
      Required ratio:    0.00 (Cumulative side area) 



Net: net1471
  Pin:   _35272_/A (sky130_fd_sc_hd__nor2_1)
    Layer: mcon
      Partial area ratio:    0.12
      Required ratio:    3.00 (Gate area) 
      Cumulative area ratio:    0.12
      Required ratio:    0.00 (Cumulative area) 

    Layer: met1
      Partial area ratio:    3.45
      Required ratio:    0.00 (Gate area) 
      Cumulative area ratio:    3.45
      Required ratio:    0.00 (Cumulative area) 
      Partial area ratio:   16.50
      Required ratio:  400.00 (Side area) 
      Cumulative area ratio:   16.50
      Required ratio:    0.00 (Cumulative side area) 

    Layer: via
      Partial area ratio:    0.18
      Required ratio:    6.00 (Gate area) 
      Cumulative area ratio:    0.30
      Required ratio:    0.00 (Cumulative area) 

    Layer: met2
      Partial area ratio:    0.75
      Required ratio:    0.00 (Gate area) 
      Cumulative area ratio:    4.21
      Required ratio:    0.00 (Cumulative area) 
      Partial area ratio:    3.48
      Required ratio:  400.00 (Side area) 
      Cumulative area ratio:   19.98
      Required ratio:    0.00 (Cumulative side area) 

    Layer: via2
      Partial area ratio:    0.16
      Required ratio:    6.00 (Gate area) 
      Cumulative area ratio:    0.46
      Required ratio:    0.00 (Cumulative area) 

    Layer: met3
      Partial area ratio:    0.50
      Required ratio:    0.00 (Gate area) 
      Cumulative area ratio:    4.71
      Required ratio:    0.00 (Cumulative area) 
      Partial area ratio:    4.59
      Required ratio:  400.00 (Side area) 
      Cumulative area ratio:   24.57
      Required ratio:    0.00 (Cumulative side area) 

    Layer: via3
      Partial area ratio:    0.16
      Required ratio:    6.00 (Gate area) 
      Cumulative area ratio:    0.62
      Required ratio:    0.00 (Cumulative area) 

    Layer: met4
      Partial area ratio:  135.05
      Required ratio:    0.00 (Gate area) 
      Cumulative area ratio:  139.76
      Required ratio:    0.00 (Cumulative area) 
      Partial area ratio:  721.87
      Required ratio: 3312.80 (Side area) 
      Cumulative area ratio:  746.44
      Required ratio:    0.00 (Cumulative side area) 


  Pin:   fanout1463/A (sky130_fd_sc_hd__clkbuf_4)
    Layer: mcon
      Partial area ratio:    0.14
      Required ratio:    3.00 (Gate area) 
      Cumulative area ratio:    0.14
      Required ratio:    0.00 (Cumulative area) 

    Layer: met1
      Partial area ratio:    2.66
      Required ratio:    0.00 (Gate area) 
      Cumulative area ratio:    2.66
      Required ratio:    0.00 (Cumulative area) 
      Partial area ratio:   12.18
      Required ratio:  400.00 (Side area) 
      Cumulative area ratio:   12.18
      Required ratio:    0.00 (Cumulative side area) 

    Layer: via
      Partial area ratio:    0.21
      Required ratio:    6.00 (Gate area) 
      Cumulative area ratio:    0.35
      Required ratio:    0.00 (Cumulative area) 

    Layer: met2
      Partial area ratio:   19.26
      Required ratio:    0.00 (Gate area) 
      Cumulative area ratio:   21.92
      Required ratio:    0.00 (Cumulative area) 
      Partial area ratio:   95.21
      Required ratio:  400.00 (Side area) 
      Cumulative area ratio:  107.38
      Required ratio:    0.00 (Cumulative side area) 

    Layer: via2
      Partial area ratio:    0.38
      Required ratio:    6.00 (Gate area) 
      Cumulative area ratio:    0.72
      Required ratio:    0.00 (Cumulative area) 

    Layer: met3
      Partial area ratio:  360.74
      Required ratio:    0.00 (Gate area) 
      Cumulative area ratio:  382.66
      Required ratio:    0.00 (Cumulative area) 
      Partial area ratio: 1928.34
      Required ratio:  400.00 (Side area) (VIOLATED)
      Cumulative area ratio: 2035.72
      Required ratio:    0.00 (Cumulative side area) 

    Layer: via3
      Partial area ratio:    0.38
      Required ratio:    6.00 (Gate area) 
      Cumulative area ratio:    1.10
      Required ratio:    0.00 (Cumulative area) 

    Layer: met4
      Partial area ratio:  135.05
      Required ratio:    0.00 (Gate area) 
      Cumulative area ratio:  517.71
      Required ratio:    0.00 (Cumulative area) 
      Partial area ratio:  721.87
      Required ratio: 3312.80 (Side area) 
      Cumulative area ratio: 2757.59
      Required ratio:    0.00 (Cumulative side area) 


  Pin:   fanout1465/A (sky130_fd_sc_hd__buf_4)
    Layer: mcon
      Partial area ratio:    0.12
      Required ratio:    3.00 (Gate area) 
      Cumulative area ratio:    0.12
      Required ratio:    0.00 (Cumulative area) 

    Layer: met1
      Partial area ratio:    2.19
      Required ratio:    0.00 (Gate area) 
      Cumulative area ratio:    2.19
      Required ratio:    0.00 (Cumulative area) 
      Partial area ratio:   10.21
      Required ratio:  400.00 (Side area) 
      Cumulative area ratio:   10.21
      Required ratio:    0.00 (Cumulative side area) 

    Layer: via
      Partial area ratio:    0.18
      Required ratio:    6.00 (Gate area) 
      Cumulative area ratio:    0.30
      Required ratio:    0.00 (Cumulative area) 

    Layer: met2
      Partial area ratio:   59.93
      Required ratio:    0.00 (Gate area) 
      Cumulative area ratio:   62.12
      Required ratio:    0.00 (Cumulative area) 
      Partial area ratio:  298.45
      Required ratio: 3312.80 (Side area) 
      Cumulative area ratio:  308.66
      Required ratio:    0.00 (Cumulative side area) 

    Layer: via2
      Partial area ratio:    0.16
      Required ratio:   70.15 (Gate area) 
      Cumulative area ratio:    0.46
      Required ratio:    0.00 (Cumulative area) 

    Layer: met3
      Partial area ratio:   17.23
      Required ratio:    0.00 (Gate area) 
      Cumulative area ratio:   79.35
      Required ratio:    0.00 (Cumulative area) 
      Partial area ratio:   93.77
      Required ratio: 3312.80 (Side area) 
      Cumulative area ratio:  402.43
      Required ratio:    0.00 (Cumulative side area) 

    Layer: via3
      Partial area ratio:    0.16
      Required ratio:   70.15 (Gate area) 
      Cumulative area ratio:    0.62
      Required ratio:    0.00 (Cumulative area) 

    Layer: met4
      Partial area ratio:  135.05
      Required ratio:    0.00 (Gate area) 
      Cumulative area ratio:  214.40
      Required ratio:    0.00 (Cumulative area) 
      Partial area ratio:  721.87
      Required ratio: 3312.80 (Side area) 
      Cumulative area ratio: 1124.30
      Required ratio:    0.00 (Cumulative side area) 


  Pin:   fanout1468/A (sky130_fd_sc_hd__buf_4)
    Layer: mcon
      Partial area ratio:    0.12
      Required ratio:    3.00 (Gate area) 
      Cumulative area ratio:    0.12
      Required ratio:    0.00 (Cumulative area) 

    Layer: met1
      Partial area ratio:    2.78
      Required ratio:    0.00 (Gate area) 
      Cumulative area ratio:    2.78
      Required ratio:    0.00 (Cumulative area) 
      Partial area ratio:   13.15
      Required ratio:  400.00 (Side area) 
      Cumulative area ratio:   13.15
      Required ratio:    0.00 (Cumulative side area) 

    Layer: via
      Partial area ratio:    0.18
      Required ratio:    6.00 (Gate area) 
      Cumulative area ratio:    0.30
      Required ratio:    0.00 (Cumulative area) 

    Layer: met2
      Partial area ratio:    0.75
      Required ratio:    0.00 (Gate area) 
      Cumulative area ratio:    3.53
      Required ratio:    0.00 (Cumulative area) 
      Partial area ratio:    3.48
      Required ratio:  400.00 (Side area) 
      Cumulative area ratio:   16.63
      Required ratio:    0.00 (Cumulative side area) 

    Layer: via2
      Partial area ratio:    0.16
      Required ratio:    6.00 (Gate area) 
      Cumulative area ratio:    0.46
      Required ratio:    0.00 (Cumulative area) 

    Layer: met3
      Partial area ratio:   84.68
      Required ratio:    0.00 (Gate area) 
      Cumulative area ratio:   88.21
      Required ratio:    0.00 (Cumulative area) 
      Partial area ratio:  455.37
      Required ratio:  400.00 (Side area) (VIOLATED)
      Cumulative area ratio:  472.00
      Required ratio:    0.00 (Cumulative side area) 

    Layer: via3
      Partial area ratio:    0.32
      Required ratio:    6.00 (Gate area) 
      Cumulative area ratio:    0.78
      Required ratio:    0.00 (Cumulative area) 

    Layer: met4
      Partial area ratio:  135.05
      Required ratio:    0.00 (Gate area) 
      Cumulative area ratio:  223.26
      Required ratio:    0.00 (Cumulative area) 
      Partial area ratio:  721.87
      Required ratio: 3312.80 (Side area) 
      Cumulative area ratio: 1193.87
      Required ratio:    0.00 (Cumulative side area) 


  Pin:   fanout1470/A (sky130_fd_sc_hd__clkbuf_2)
    Layer: mcon
      Partial area ratio:    0.14
      Required ratio:    3.00 (Gate area) 
      Cumulative area ratio:    0.14
      Required ratio:    0.00 (Cumulative area) 

    Layer: met1
      Partial area ratio:    3.35
      Required ratio:    0.00 (Gate area) 
      Cumulative area ratio:    3.35
      Required ratio:    0.00 (Cumulative area) 
      Partial area ratio:   15.86
      Required ratio:  400.00 (Side area) 
      Cumulative area ratio:   15.86
      Required ratio:    0.00 (Cumulative side area) 

    Layer: via
      Partial area ratio:    0.21
      Required ratio:    6.00 (Gate area) 
      Cumulative area ratio:    0.35
      Required ratio:    0.00 (Cumulative area) 

    Layer: met2
      Partial area ratio:    0.88
      Required ratio:    0.00 (Gate area) 
      Cumulative area ratio:    4.22
      Required ratio:    0.00 (Cumulative area) 
      Partial area ratio:    4.04
      Required ratio:  400.00 (Side area) 
      Cumulative area ratio:   19.90
      Required ratio:    0.00 (Cumulative side area) 

    Layer: via2
      Partial area ratio:    0.19
      Required ratio:    6.00 (Gate area) 
      Cumulative area ratio:    0.53
      Required ratio:    0.00 (Cumulative area) 

    Layer: met3
      Partial area ratio:    0.59
      Required ratio:    0.00 (Gate area) 
      Cumulative area ratio:    4.81
      Required ratio:    0.00 (Cumulative area) 
      Partial area ratio:    5.33
      Required ratio:  400.00 (Side area) 
      Cumulative area ratio:   25.23
      Required ratio:    0.00 (Cumulative side area) 

    Layer: via3
      Partial area ratio:    0.19
      Required ratio:    6.00 (Gate area) 
      Cumulative area ratio:    0.72
      Required ratio:    0.00 (Cumulative area) 

    Layer: met4
      Partial area ratio:  135.05
      Required ratio:    0.00 (Gate area) 
      Cumulative area ratio:  139.86
      Required ratio:    0.00 (Cumulative area) 
      Partial area ratio:  721.87
      Required ratio: 3312.80 (Side area) 
      Cumulative area ratio:  747.10
      Required ratio:    0.00 (Cumulative side area) 



Net: net1500
  Pin:   _37047_/B1 (sky130_fd_sc_hd__a21oi_1)
    Layer: mcon
      Partial area ratio:    0.12
      Required ratio:    3.00 (Gate area) 
      Cumulative area ratio:    0.12
      Required ratio:    0.00 (Cumulative area) 

    Layer: met1
      Partial area ratio:    8.87
      Required ratio:    0.00 (Gate area) 
      Cumulative area ratio:    8.87
      Required ratio:    0.00 (Cumulative area) 
      Partial area ratio:   43.17
      Required ratio:  400.00 (Side area) 
      Cumulative area ratio:   43.17
      Required ratio:    0.00 (Cumulative side area) 

    Layer: via
      Partial area ratio:    0.27
      Required ratio:    6.00 (Gate area) 
      Cumulative area ratio:    0.39
      Required ratio:    0.00 (Cumulative area) 

    Layer: met2
      Partial area ratio:    3.69
      Required ratio:    0.00 (Gate area) 
      Cumulative area ratio:   12.56
      Required ratio:    0.00 (Cumulative area) 
      Partial area ratio:   17.98
      Required ratio:  400.00 (Side area) 
      Cumulative area ratio:   61.16
      Required ratio:    0.00 (Cumulative side area) 

    Layer: via2
      Partial area ratio:    0.02
      Required ratio:    6.00 (Gate area) 
      Cumulative area ratio:    0.41
      Required ratio:    0.00 (Cumulative area) 

    Layer: met3
      Partial area ratio:    0.75
      Required ratio:    0.00 (Gate area) 
      Cumulative area ratio:   13.31
      Required ratio:    0.00 (Cumulative area) 
      Partial area ratio:    4.16
      Required ratio: 3091.96 (Side area) 
      Cumulative area ratio:   65.32
      Required ratio:    0.00 (Cumulative side area) 


  Pin:   _37048_/A (sky130_fd_sc_hd__or2_1)
    Layer: mcon
      Partial area ratio:    0.23
      Required ratio:    3.00 (Gate area) 
      Cumulative area ratio:    0.23
      Required ratio:    0.00 (Cumulative area) 

    Layer: met1
      Partial area ratio:    1.81
      Required ratio:    0.00 (Gate area) 
      Cumulative area ratio:    1.81
      Required ratio:    0.00 (Cumulative area) 
      Partial area ratio:    8.04
      Required ratio:  400.00 (Side area) 
      Cumulative area ratio:    8.04
      Required ratio:    0.00 (Cumulative side area) 

    Layer: via
      Partial area ratio:    0.18
      Required ratio:    6.00 (Gate area) 
      Cumulative area ratio:    0.41
      Required ratio:    0.00 (Cumulative area) 

    Layer: met2
      Partial area ratio:    3.69
      Required ratio:    0.00 (Gate area) 
      Cumulative area ratio:    5.51
      Required ratio:    0.00 (Cumulative area) 
      Partial area ratio:   17.98
      Required ratio:  400.00 (Side area) 
      Cumulative area ratio:   26.03
      Required ratio:    0.00 (Cumulative side area) 

    Layer: via2
      Partial area ratio:    0.02
      Required ratio:    6.00 (Gate area) 
      Cumulative area ratio:    0.43
      Required ratio:    0.00 (Cumulative area) 

    Layer: met3
      Partial area ratio:    0.75
      Required ratio:    0.00 (Gate area) 
      Cumulative area ratio:    6.26
      Required ratio:    0.00 (Cumulative area) 
      Partial area ratio:    4.16
      Required ratio: 3091.96 (Side area) 
      Cumulative area ratio:   30.19
      Required ratio:    0.00 (Cumulative side area) 


  Pin:   _37049_/A (sky130_fd_sc_hd__and3_1)
    Layer: mcon
      Partial area ratio:    0.23
      Required ratio:    3.00 (Gate area) 
      Cumulative area ratio:    0.23
      Required ratio:    0.00 (Cumulative area) 

    Layer: met1
      Partial area ratio:   42.76
      Required ratio:    0.00 (Gate area) 
      Cumulative area ratio:   42.76
      Required ratio:    0.00 (Cumulative area) 
      Partial area ratio:  211.73
      Required ratio:  400.00 (Side area) 
      Cumulative area ratio:  211.73
      Required ratio:    0.00 (Cumulative side area) 

    Layer: via
      Partial area ratio:    0.51
      Required ratio:    6.00 (Gate area) 
      Cumulative area ratio:    0.74
      Required ratio:    0.00 (Cumulative area) 

    Layer: met2
      Partial area ratio:    3.69
      Required ratio:    0.00 (Gate area) 
      Cumulative area ratio:   46.46
      Required ratio:    0.00 (Cumulative area) 
      Partial area ratio:   17.98
      Required ratio:  400.00 (Side area) 
      Cumulative area ratio:  229.72
      Required ratio:    0.00 (Cumulative side area) 

    Layer: via2
      Partial area ratio:    0.02
      Required ratio:    6.00 (Gate area) 
      Cumulative area ratio:    0.76
      Required ratio:    0.00 (Cumulative area) 

    Layer: met3
      Partial area ratio:    0.75
      Required ratio:    0.00 (Gate area) 
      Cumulative area ratio:   47.21
      Required ratio:    0.00 (Cumulative area) 
      Partial area ratio:    4.16
      Required ratio: 3091.96 (Side area) 
      Cumulative area ratio:  233.88
      Required ratio:    0.00 (Cumulative side area) 


  Pin:   _37089_/A1 (sky130_fd_sc_hd__o31a_1)
    Layer: mcon
      Partial area ratio:    0.12
      Required ratio:    3.00 (Gate area) 
      Cumulative area ratio:    0.12
      Required ratio:    0.00 (Cumulative area) 

    Layer: met1
      Partial area ratio:    1.81
      Required ratio:    0.00 (Gate area) 
      Cumulative area ratio:    1.81
      Required ratio:    0.00 (Cumulative area) 
      Partial area ratio:    8.04
      Required ratio:  400.00 (Side area) 
      Cumulative area ratio:    8.04
      Required ratio:    0.00 (Cumulative side area) 

    Layer: via
      Partial area ratio:    0.18
      Required ratio:    6.00 (Gate area) 
      Cumulative area ratio:    0.30
      Required ratio:    0.00 (Cumulative area) 

    Layer: met2
      Partial area ratio:    3.69
      Required ratio:    0.00 (Gate area) 
      Cumulative area ratio:    5.51
      Required ratio:    0.00 (Cumulative area) 
      Partial area ratio:   17.98
      Required ratio:  400.00 (Side area) 
      Cumulative area ratio:   26.03
      Required ratio:    0.00 (Cumulative side area) 

    Layer: via2
      Partial area ratio:    0.02
      Required ratio:    6.00 (Gate area) 
      Cumulative area ratio:    0.32
      Required ratio:    0.00 (Cumulative area) 

    Layer: met3
      Partial area ratio:    0.75
      Required ratio:    0.00 (Gate area) 
      Cumulative area ratio:    6.26
      Required ratio:    0.00 (Cumulative area) 
      Partial area ratio:    4.16
      Required ratio: 3091.96 (Side area) 
      Cumulative area ratio:   30.19
      Required ratio:    0.00 (Cumulative side area) 


  Pin:   _37658_/A (sky130_fd_sc_hd__xnor2_1)
    Layer: mcon
      Partial area ratio:    0.06
      Required ratio:    3.00 (Gate area) 
      Cumulative area ratio:    0.06
      Required ratio:    0.00 (Cumulative area) 

    Layer: met1
      Partial area ratio:   12.34
      Required ratio:    0.00 (Gate area) 
      Cumulative area ratio:   12.34
      Required ratio:    0.00 (Cumulative area) 
      Partial area ratio:   61.11
      Required ratio:  400.00 (Side area) 
      Cumulative area ratio:   61.11
      Required ratio:    0.00 (Cumulative side area) 

    Layer: via
      Partial area ratio:    0.14
      Required ratio:    6.00 (Gate area) 
      Cumulative area ratio:    0.19
      Required ratio:    0.00 (Cumulative area) 

    Layer: met2
      Partial area ratio:    3.69
      Required ratio:    0.00 (Gate area) 
      Cumulative area ratio:   16.03
      Required ratio:    0.00 (Cumulative area) 
      Partial area ratio:   17.98
      Required ratio:  400.00 (Side area) 
      Cumulative area ratio:   79.09
      Required ratio:    0.00 (Cumulative side area) 

    Layer: via2
      Partial area ratio:    0.02
      Required ratio:    6.00 (Gate area) 
      Cumulative area ratio:    0.21
      Required ratio:    0.00 (Cumulative area) 

    Layer: met3
      Partial area ratio:    0.75
      Required ratio:    0.00 (Gate area) 
      Cumulative area ratio:   16.78
      Required ratio:    0.00 (Cumulative area) 
      Partial area ratio:    4.16
      Required ratio: 3091.96 (Side area) 
      Cumulative area ratio:   83.25
      Required ratio:    0.00 (Cumulative side area) 


  Pin:   _38177_/B1 (sky130_fd_sc_hd__a21oi_1)
    Layer: mcon
      Partial area ratio:    0.12
      Required ratio:    3.00 (Gate area) 
      Cumulative area ratio:    0.12
      Required ratio:    0.00 (Cumulative area) 

    Layer: met1
      Partial area ratio:    3.29
      Required ratio:    0.00 (Gate area) 
      Cumulative area ratio:    3.29
      Required ratio:    0.00 (Cumulative area) 
      Partial area ratio:   15.70
      Required ratio:  400.00 (Side area) 
      Cumulative area ratio:   15.70
      Required ratio:    0.00 (Cumulative side area) 

    Layer: via
      Partial area ratio:    0.18
      Required ratio:    6.00 (Gate area) 
      Cumulative area ratio:    0.30
      Required ratio:    0.00 (Cumulative area) 

    Layer: met2
      Partial area ratio:    3.69
      Required ratio:    0.00 (Gate area) 
      Cumulative area ratio:    6.98
      Required ratio:    0.00 (Cumulative area) 
      Partial area ratio:   17.98
      Required ratio:  400.00 (Side area) 
      Cumulative area ratio:   33.68
      Required ratio:    0.00 (Cumulative side area) 

    Layer: via2
      Partial area ratio:    0.02
      Required ratio:    6.00 (Gate area) 
      Cumulative area ratio:    0.32
      Required ratio:    0.00 (Cumulative area) 

    Layer: met3
      Partial area ratio:    0.75
      Required ratio:    0.00 (Gate area) 
      Cumulative area ratio:    7.73
      Required ratio:    0.00 (Cumulative area) 
      Partial area ratio:    4.16
      Required ratio: 3091.96 (Side area) 
      Cumulative area ratio:   37.84
      Required ratio:    0.00 (Cumulative side area) 


  Pin:   _38178_/A (sky130_fd_sc_hd__and3_1)
    Layer: mcon
      Partial area ratio:    0.23
      Required ratio:    3.00 (Gate area) 
      Cumulative area ratio:    0.23
      Required ratio:    0.00 (Cumulative area) 

    Layer: met1
      Partial area ratio:    1.44
      Required ratio:    0.00 (Gate area) 
      Cumulative area ratio:    1.44
      Required ratio:    0.00 (Cumulative area) 
      Partial area ratio:    5.98
      Required ratio:  400.00 (Side area) 
      Cumulative area ratio:    5.98
      Required ratio:    0.00 (Cumulative side area) 

    Layer: via
      Partial area ratio:    0.36
      Required ratio:    6.00 (Gate area) 
      Cumulative area ratio:    0.59
      Required ratio:    0.00 (Cumulative area) 

    Layer: met2
      Partial area ratio:    3.69
      Required ratio:    0.00 (Gate area) 
      Cumulative area ratio:    5.13
      Required ratio:    0.00 (Cumulative area) 
      Partial area ratio:   17.98
      Required ratio:  400.00 (Side area) 
      Cumulative area ratio:   23.97
      Required ratio:    0.00 (Cumulative side area) 

    Layer: via2
      Partial area ratio:    0.02
      Required ratio:    6.00 (Gate area) 
      Cumulative area ratio:    0.60
      Required ratio:    0.00 (Cumulative area) 

    Layer: met3
      Partial area ratio:    0.75
      Required ratio:    0.00 (Gate area) 
      Cumulative area ratio:    5.88
      Required ratio:    0.00 (Cumulative area) 
      Partial area ratio:    4.16
      Required ratio: 3091.96 (Side area) 
      Cumulative area ratio:   28.13
      Required ratio:    0.00 (Cumulative side area) 


  Pin:   _39190_/A (sky130_fd_sc_hd__xnor2_1)
    Layer: mcon
      Partial area ratio:    0.06
      Required ratio:    3.00 (Gate area) 
      Cumulative area ratio:    0.06
      Required ratio:    0.00 (Cumulative area) 

    Layer: met1
      Partial area ratio:    0.98
      Required ratio:    0.00 (Gate area) 
      Cumulative area ratio:    0.98
      Required ratio:    0.00 (Cumulative area) 
      Partial area ratio:    4.52
      Required ratio:  400.00 (Side area) 
      Cumulative area ratio:    4.52
      Required ratio:    0.00 (Cumulative side area) 

    Layer: via
      Partial area ratio:    0.09
      Required ratio:    6.00 (Gate area) 
      Cumulative area ratio:    0.15
      Required ratio:    0.00 (Cumulative area) 

    Layer: met2
      Partial area ratio:    3.69
      Required ratio:    0.00 (Gate area) 
      Cumulative area ratio:    4.67
      Required ratio:    0.00 (Cumulative area) 
      Partial area ratio:   17.98
      Required ratio:  400.00 (Side area) 
      Cumulative area ratio:   22.51
      Required ratio:    0.00 (Cumulative side area) 

    Layer: via2
      Partial area ratio:    0.02
      Required ratio:    6.00 (Gate area) 
      Cumulative area ratio:    0.17
      Required ratio:    0.00 (Cumulative area) 

    Layer: met3
      Partial area ratio:    0.75
      Required ratio:    0.00 (Gate area) 
      Cumulative area ratio:    5.42
      Required ratio:    0.00 (Cumulative area) 
      Partial area ratio:    4.16
      Required ratio: 3091.96 (Side area) 
      Cumulative area ratio:   26.67
      Required ratio:    0.00 (Cumulative side area) 


  Pin:   _39257_/A (sky130_fd_sc_hd__or3_1)
    Layer: mcon
      Partial area ratio:    0.23
      Required ratio:    3.00 (Gate area) 
      Cumulative area ratio:    0.23
      Required ratio:    0.00 (Cumulative area) 

    Layer: met1
      Partial area ratio:  101.89
      Required ratio:    0.00 (Gate area) 
      Cumulative area ratio:  101.89
      Required ratio:    0.00 (Cumulative area) 
      Partial area ratio:  506.26
      Required ratio:  400.00 (Side area) (VIOLATED)
      Cumulative area ratio:  506.26
      Required ratio:    0.00 (Cumulative side area) 

    Layer: via
      Partial area ratio:    0.71
      Required ratio:    6.00 (Gate area) 
      Cumulative area ratio:    0.94
      Required ratio:    0.00 (Cumulative area) 

    Layer: met2
      Partial area ratio:    3.69
      Required ratio:    0.00 (Gate area) 
      Cumulative area ratio:  105.58
      Required ratio:    0.00 (Cumulative area) 
      Partial area ratio:   17.98
      Required ratio:  400.00 (Side area) 
      Cumulative area ratio:  524.25
      Required ratio:    0.00 (Cumulative side area) 

    Layer: via2
      Partial area ratio:    0.02
      Required ratio:    6.00 (Gate area) 
      Cumulative area ratio:    0.96
      Required ratio:    0.00 (Cumulative area) 

    Layer: met3
      Partial area ratio:    0.75
      Required ratio:    0.00 (Gate area) 
      Cumulative area ratio:  106.33
      Required ratio:    0.00 (Cumulative area) 
      Partial area ratio:    4.16
      Required ratio: 3091.96 (Side area) 
      Cumulative area ratio:  528.41
      Required ratio:    0.00 (Cumulative side area) 


  Pin:   _39493_/A1 (sky130_fd_sc_hd__o21a_1)
    Layer: mcon
      Partial area ratio:    0.12
      Required ratio:    3.00 (Gate area) 
      Cumulative area ratio:    0.12
      Required ratio:    0.00 (Cumulative area) 

    Layer: met1
      Partial area ratio:    4.50
      Required ratio:    0.00 (Gate area) 
      Cumulative area ratio:    4.50
      Required ratio:    0.00 (Cumulative area) 
      Partial area ratio:   21.03
      Required ratio: 2918.08 (Side area) 
      Cumulative area ratio:   21.03
      Required ratio:    0.00 (Cumulative side area) 

    Layer: via
      Partial area ratio:    0.27
      Required ratio:   34.63 (Gate area) 
      Cumulative area ratio:    0.39
      Required ratio:    0.00 (Cumulative area) 

    Layer: met2
      Partial area ratio:    1.98
      Required ratio:    0.00 (Gate area) 
      Cumulative area ratio:    6.48
      Required ratio:    0.00 (Cumulative area) 
      Partial area ratio:    9.63
      Required ratio: 3091.96 (Side area) 
      Cumulative area ratio:   30.66
      Required ratio:    0.00 (Cumulative side area) 

    Layer: via2
      Partial area ratio:    0.06
      Required ratio:   50.28 (Gate area) 
      Cumulative area ratio:    0.45
      Required ratio:    0.00 (Cumulative area) 

    Layer: met3
      Partial area ratio:    0.75
      Required ratio:    0.00 (Gate area) 
      Cumulative area ratio:    7.23
      Required ratio:    0.00 (Cumulative area) 
      Partial area ratio:    4.16
      Required ratio: 3091.96 (Side area) 
      Cumulative area ratio:   34.82
      Required ratio:    0.00 (Cumulative side area) 


  Pin:   ANTENNA_260/DIODE (sky130_fd_sc_hd__diode_2)
    Layer: mcon
      Partial area ratio:    0.07
      Required ratio:   10.82 (Gate area) 
      Cumulative area ratio:    0.07
      Required ratio:    0.00 (Cumulative area) 

    Layer: met1
      Partial area ratio:    1.96
      Required ratio:    0.00 (Gate area) 
      Cumulative area ratio:    1.96
      Required ratio:    0.00 (Cumulative area) 
      Partial area ratio:    9.40
      Required ratio: 2773.88 (Side area) 
      Cumulative area ratio:    9.40
      Required ratio:    0.00 (Cumulative side area) 

    Layer: via
      Partial area ratio:    0.10
      Required ratio:   21.65 (Gate area) 
      Cumulative area ratio:    0.17
      Required ratio:    0.00 (Cumulative area) 

    Layer: met2
      Partial area ratio:    1.98
      Required ratio:    0.00 (Gate area) 
      Cumulative area ratio:    3.95
      Required ratio:    0.00 (Cumulative area) 
      Partial area ratio:    9.63
      Required ratio: 3091.96 (Side area) 
      Cumulative area ratio:   19.03
      Required ratio:    0.00 (Cumulative side area) 

    Layer: via2
      Partial area ratio:    0.06
      Required ratio:   50.28 (Gate area) 
      Cumulative area ratio:    0.23
      Required ratio:    0.00 (Cumulative area) 

    Layer: met3
      Partial area ratio:    0.75
      Required ratio:    0.00 (Gate area) 
      Cumulative area ratio:    4.70
      Required ratio:    0.00 (Cumulative area) 
      Partial area ratio:    4.16
      Required ratio: 3091.96 (Side area) 
      Cumulative area ratio:   23.19
      Required ratio:    0.00 (Cumulative side area) 



Net: net1513
  Pin:   _21885_/A (sky130_fd_sc_hd__clkinv_4)
    Layer: mcon
      Partial area ratio:    0.03
      Required ratio:    3.00 (Gate area) 
      Cumulative area ratio:    0.03
      Required ratio:    0.00 (Cumulative area) 

    Layer: met1
      Partial area ratio:    2.42
      Required ratio:    0.00 (Gate area) 
      Cumulative area ratio:    2.42
      Required ratio:    0.00 (Cumulative area) 
      Partial area ratio:   11.77
      Required ratio: 2956.40 (Side area) 
      Cumulative area ratio:   11.77
      Required ratio:    0.00 (Cumulative side area) 

    Layer: via
      Partial area ratio:    0.06
      Required ratio:   38.08 (Gate area) 
      Cumulative area ratio:    0.08
      Required ratio:    0.00 (Cumulative area) 

    Layer: met2
      Partial area ratio:    0.23
      Required ratio:    0.00 (Gate area) 
      Cumulative area ratio:    2.65
      Required ratio:    0.00 (Cumulative area) 
      Partial area ratio:    1.10
      Required ratio: 2956.40 (Side area) 
      Cumulative area ratio:   12.87
      Required ratio:    0.00 (Cumulative side area) 

    Layer: via2
      Partial area ratio:    0.03
      Required ratio:   38.08 (Gate area) 
      Cumulative area ratio:    0.12
      Required ratio:    0.00 (Cumulative area) 

    Layer: met3
      Partial area ratio:    0.11
      Required ratio:    0.00 (Gate area) 
      Cumulative area ratio:    2.76
      Required ratio:    0.00 (Cumulative area) 
      Partial area ratio:    0.99
      Required ratio: 2956.40 (Side area) 
      Cumulative area ratio:   13.86
      Required ratio:    0.00 (Cumulative side area) 

    Layer: via3
      Partial area ratio:    0.03
      Required ratio:   38.08 (Gate area) 
      Cumulative area ratio:    0.15
      Required ratio:    0.00 (Cumulative area) 

    Layer: met4
      Partial area ratio:   21.96
      Required ratio:    0.00 (Gate area) 
      Cumulative area ratio:   24.72
      Required ratio:    0.00 (Cumulative area) 
      Partial area ratio:  117.34
      Required ratio: 2956.40 (Side area) 
      Cumulative area ratio:  131.20
      Required ratio:    0.00 (Cumulative side area) 


  Pin:   _39121_/B2 (sky130_fd_sc_hd__o2bb2a_1)
    Layer: mcon
      Partial area ratio:    0.23
      Required ratio:    3.00 (Gate area) 
      Cumulative area ratio:    0.23
      Required ratio:    0.00 (Cumulative area) 

    Layer: met1
      Partial area ratio:   27.80
      Required ratio:    0.00 (Gate area) 
      Cumulative area ratio:   27.80
      Required ratio:    0.00 (Cumulative area) 
      Partial area ratio:  136.69
      Required ratio:  400.00 (Side area) 
      Cumulative area ratio:  136.69
      Required ratio:    0.00 (Cumulative side area) 

    Layer: via
      Partial area ratio:    0.54
      Required ratio:    6.00 (Gate area) 
      Cumulative area ratio:    0.77
      Required ratio:    0.00 (Cumulative area) 

    Layer: met2
      Partial area ratio:    6.22
      Required ratio:    0.00 (Gate area) 
      Cumulative area ratio:   34.03
      Required ratio:    0.00 (Cumulative area) 
      Partial area ratio:   30.57
      Required ratio:  400.00 (Side area) 
      Cumulative area ratio:  167.26
      Required ratio:    0.00 (Cumulative side area) 

    Layer: via2
      Partial area ratio:    0.11
      Required ratio:    6.00 (Gate area) 
      Cumulative area ratio:    0.87
      Required ratio:    0.00 (Cumulative area) 

    Layer: met3
      Partial area ratio:    0.33
      Required ratio:    0.00 (Gate area) 
      Cumulative area ratio:   34.36
      Required ratio:    0.00 (Cumulative area) 
      Partial area ratio:    3.04
      Required ratio:  400.00 (Side area) 
      Cumulative area ratio:  170.30
      Required ratio:    0.00 (Cumulative side area) 

    Layer: via3
      Partial area ratio:    0.11
      Required ratio:    6.00 (Gate area) 
      Cumulative area ratio:    0.98
      Required ratio:    0.00 (Cumulative area) 

    Layer: met4
      Partial area ratio:   21.96
      Required ratio:    0.00 (Gate area) 
      Cumulative area ratio:   56.32
      Required ratio:    0.00 (Cumulative area) 
      Partial area ratio:  117.34
      Required ratio: 2956.40 (Side area) 
      Cumulative area ratio:  287.64
      Required ratio:    0.00 (Cumulative side area) 


  Pin:   _39182_/A1 (sky130_fd_sc_hd__o21a_1)
    Layer: mcon
      Partial area ratio:    0.12
      Required ratio:    3.00 (Gate area) 
      Cumulative area ratio:    0.12
      Required ratio:    0.00 (Cumulative area) 

    Layer: met1
      Partial area ratio:    1.33
      Required ratio:    0.00 (Gate area) 
      Cumulative area ratio:    1.33
      Required ratio:    0.00 (Cumulative area) 
      Partial area ratio:    6.05
      Required ratio:  400.00 (Side area) 
      Cumulative area ratio:    6.05
      Required ratio:    0.00 (Cumulative side area) 

    Layer: via
      Partial area ratio:    0.18
      Required ratio:    6.00 (Gate area) 
      Cumulative area ratio:    0.30
      Required ratio:    0.00 (Cumulative area) 

    Layer: met2
      Partial area ratio:    0.75
      Required ratio:    0.00 (Gate area) 
      Cumulative area ratio:    2.08
      Required ratio:    0.00 (Cumulative area) 
      Partial area ratio:    3.48
      Required ratio:  400.00 (Side area) 
      Cumulative area ratio:    9.53
      Required ratio:    0.00 (Cumulative side area) 

    Layer: via2
      Partial area ratio:    0.16
      Required ratio:    6.00 (Gate area) 
      Cumulative area ratio:    0.46
      Required ratio:    0.00 (Cumulative area) 

    Layer: met3
      Partial area ratio:    0.50
      Required ratio:    0.00 (Gate area) 
      Cumulative area ratio:    2.59
      Required ratio:    0.00 (Cumulative area) 
      Partial area ratio:    4.59
      Required ratio:  400.00 (Side area) 
      Cumulative area ratio:   14.12
      Required ratio:    0.00 (Cumulative side area) 

    Layer: via3
      Partial area ratio:    0.16
      Required ratio:    6.00 (Gate area) 
      Cumulative area ratio:    0.62
      Required ratio:    0.00 (Cumulative area) 

    Layer: met4
      Partial area ratio:   21.96
      Required ratio:    0.00 (Gate area) 
      Cumulative area ratio:   24.55
      Required ratio:    0.00 (Cumulative area) 
      Partial area ratio:  117.34
      Required ratio: 2956.40 (Side area) 
      Cumulative area ratio:  131.46
      Required ratio:    0.00 (Cumulative side area) 


  Pin:   fanout1511/A (sky130_fd_sc_hd__clkbuf_4)
    Layer: mcon
      Partial area ratio:    0.14
      Required ratio:    3.00 (Gate area) 
      Cumulative area ratio:    0.14
      Required ratio:    0.00 (Cumulative area) 

    Layer: met1
      Partial area ratio:    1.84
      Required ratio:    0.00 (Gate area) 
      Cumulative area ratio:    1.84
      Required ratio:    0.00 (Cumulative area) 
      Partial area ratio:    8.59
      Required ratio:  400.00 (Side area) 
      Cumulative area ratio:    8.59
      Required ratio:    0.00 (Cumulative side area) 

    Layer: via
      Partial area ratio:    0.17
      Required ratio:    6.00 (Gate area) 
      Cumulative area ratio:    0.30
      Required ratio:    0.00 (Cumulative area) 

    Layer: met2
      Partial area ratio:    0.61
      Required ratio:    0.00 (Gate area) 
      Cumulative area ratio:    2.45
      Required ratio:    0.00 (Cumulative area) 
      Partial area ratio:    2.40
      Required ratio:  400.00 (Side area) 
      Cumulative area ratio:   10.99
      Required ratio:    0.00 (Cumulative side area) 

    Layer: via2
      Partial area ratio:    0.19
      Required ratio:    6.00 (Gate area) 
      Cumulative area ratio:    0.49
      Required ratio:    0.00 (Cumulative area) 

    Layer: met3
      Partial area ratio:  341.28
      Required ratio:    0.00 (Gate area) 
      Cumulative area ratio:  343.73
      Required ratio:    0.00 (Cumulative area) 
      Partial area ratio: 1824.56
      Required ratio:  400.00 (Side area) (VIOLATED)
      Cumulative area ratio: 1835.56
      Required ratio:    0.00 (Cumulative side area) 

    Layer: via3
      Partial area ratio:    0.19
      Required ratio:    6.00 (Gate area) 
      Cumulative area ratio:    0.68
      Required ratio:    0.00 (Cumulative area) 

    Layer: met4
      Partial area ratio:   21.96
      Required ratio:    0.00 (Gate area) 
      Cumulative area ratio:  365.69
      Required ratio:    0.00 (Cumulative area) 
      Partial area ratio:  117.34
      Required ratio: 2956.40 (Side area) 
      Cumulative area ratio: 1952.90
      Required ratio:    0.00 (Cumulative side area) 


  Pin:   fanout1512/A (sky130_fd_sc_hd__buf_4)
    Layer: mcon
      Partial area ratio:    0.12
      Required ratio:    3.00 (Gate area) 
      Cumulative area ratio:    0.12
      Required ratio:    0.00 (Cumulative area) 

    Layer: met1
      Partial area ratio:    2.46
      Required ratio:    0.00 (Gate area) 
      Cumulative area ratio:    2.46
      Required ratio:    0.00 (Cumulative area) 
      Partial area ratio:   11.54
      Required ratio:  400.00 (Side area) 
      Cumulative area ratio:   11.54
      Required ratio:    0.00 (Cumulative side area) 

    Layer: via
      Partial area ratio:    0.18
      Required ratio:    6.00 (Gate area) 
      Cumulative area ratio:    0.30
      Required ratio:    0.00 (Cumulative area) 

    Layer: met2
      Partial area ratio:    6.22
      Required ratio:    0.00 (Gate area) 
      Cumulative area ratio:    8.68
      Required ratio:    0.00 (Cumulative area) 
      Partial area ratio:   30.57
      Required ratio:  400.00 (Side area) 
      Cumulative area ratio:   42.11
      Required ratio:    0.00 (Cumulative side area) 

    Layer: via2
      Partial area ratio:    0.11
      Required ratio:    6.00 (Gate area) 
      Cumulative area ratio:    0.41
      Required ratio:    0.00 (Cumulative area) 

    Layer: met3
      Partial area ratio:    0.33
      Required ratio:    0.00 (Gate area) 
      Cumulative area ratio:    9.01
      Required ratio:    0.00 (Cumulative area) 
      Partial area ratio:    3.04
      Required ratio:  400.00 (Side area) 
      Cumulative area ratio:   45.15
      Required ratio:    0.00 (Cumulative side area) 

    Layer: via3
      Partial area ratio:    0.11
      Required ratio:    6.00 (Gate area) 
      Cumulative area ratio:    0.51
      Required ratio:    0.00 (Cumulative area) 

    Layer: met4
      Partial area ratio:   21.96
      Required ratio:    0.00 (Gate area) 
      Cumulative area ratio:   30.97
      Required ratio:    0.00 (Cumulative area) 
      Partial area ratio:  117.34
      Required ratio: 2956.40 (Side area) 
      Cumulative area ratio:  162.49
      Required ratio:    0.00 (Cumulative side area) 



Net: net1632
  Pin:   _21872_/A (sky130_fd_sc_hd__inv_2)
    Layer: mcon
      Partial area ratio:    0.06
      Required ratio:    3.00 (Gate area) 
      Cumulative area ratio:    0.06
      Required ratio:    0.00 (Cumulative area) 

    Layer: met1
      Partial area ratio:    1.67
      Required ratio:    0.00 (Gate area) 
      Cumulative area ratio:    1.67
      Required ratio:    0.00 (Cumulative area) 
      Partial area ratio:    7.98
      Required ratio:  400.00 (Side area) 
      Cumulative area ratio:    7.98
      Required ratio:    0.00 (Cumulative side area) 

    Layer: via
      Partial area ratio:    0.09
      Required ratio:    6.00 (Gate area) 
      Cumulative area ratio:    0.15
      Required ratio:    0.00 (Cumulative area) 

    Layer: met2
      Partial area ratio:    4.35
      Required ratio:    0.00 (Gate area) 
      Cumulative area ratio:    6.02
      Required ratio:    0.00 (Cumulative area) 
      Partial area ratio:   21.39
      Required ratio:  400.00 (Side area) 
      Cumulative area ratio:   29.37
      Required ratio:    0.00 (Cumulative side area) 

    Layer: via2
      Partial area ratio:    0.08
      Required ratio:    6.00 (Gate area) 
      Cumulative area ratio:    0.23
      Required ratio:    0.00 (Cumulative area) 

    Layer: met3
      Partial area ratio:   54.01
      Required ratio:    0.00 (Gate area) 
      Cumulative area ratio:   60.04
      Required ratio:    0.00 (Cumulative area) 
      Partial area ratio:  288.78
      Required ratio:  400.00 (Side area) 
      Cumulative area ratio:  318.15
      Required ratio:    0.00 (Cumulative side area) 

    Layer: via3
      Partial area ratio:    0.12
      Required ratio:    6.00 (Gate area) 
      Cumulative area ratio:    0.35
      Required ratio:    0.00 (Cumulative area) 

    Layer: met4
      Partial area ratio:   39.29
      Required ratio:    0.00 (Gate area) 
      Cumulative area ratio:   99.33
      Required ratio:    0.00 (Cumulative area) 
      Partial area ratio:  210.26
      Required ratio: 3308.48 (Side area) 
      Cumulative area ratio:  528.42
      Required ratio:    0.00 (Cumulative side area) 


  Pin:   _39047_/A (sky130_fd_sc_hd__and3_1)
    Layer: mcon
      Partial area ratio:    0.23
      Required ratio:    3.00 (Gate area) 
      Cumulative area ratio:    0.23
      Required ratio:    0.00 (Cumulative area) 

    Layer: met1
      Partial area ratio:    5.32
      Required ratio:    0.00 (Gate area) 
      Cumulative area ratio:    5.32
      Required ratio:    0.00 (Cumulative area) 
      Partial area ratio:   25.12
      Required ratio:  400.00 (Side area) 
      Cumulative area ratio:   25.12
      Required ratio:    0.00 (Cumulative side area) 

    Layer: via
      Partial area ratio:    0.36
      Required ratio:    6.00 (Gate area) 
      Cumulative area ratio:    0.59
      Required ratio:    0.00 (Cumulative area) 

    Layer: met2
      Partial area ratio:   70.89
      Required ratio:    0.00 (Gate area) 
      Cumulative area ratio:   76.21
      Required ratio:    0.00 (Cumulative area) 
      Partial area ratio:  352.61
      Required ratio:  400.00 (Side area) 
      Cumulative area ratio:  377.73
      Required ratio:    0.00 (Cumulative side area) 

    Layer: via2
      Partial area ratio:    0.63
      Required ratio:    6.00 (Gate area) 
      Cumulative area ratio:    1.22
      Required ratio:    0.00 (Cumulative area) 

    Layer: met3
      Partial area ratio:  116.97
      Required ratio:    0.00 (Gate area) 
      Cumulative area ratio:  193.18
      Required ratio:    0.00 (Cumulative area) 
      Partial area ratio:  631.24
      Required ratio:  400.00 (Side area) (VIOLATED)
      Cumulative area ratio: 1008.97
      Required ratio:    0.00 (Cumulative side area) 

    Layer: via3
      Partial area ratio:    0.63
      Required ratio:    6.00 (Gate area) 
      Cumulative area ratio:    1.86
      Required ratio:    0.00 (Cumulative area) 

    Layer: met4
      Partial area ratio:   39.29
      Required ratio:    0.00 (Gate area) 
      Cumulative area ratio:  232.47
      Required ratio:    0.00 (Cumulative area) 
      Partial area ratio:  210.26
      Required ratio: 3308.48 (Side area) 
      Cumulative area ratio: 1219.23
      Required ratio:    0.00 (Cumulative side area) 


  Pin:   fanout1616/A (sky130_fd_sc_hd__buf_2)
    Layer: mcon
      Partial area ratio:    0.18
      Required ratio:    3.00 (Gate area) 
      Cumulative area ratio:    0.18
      Required ratio:    0.00 (Cumulative area) 

    Layer: met1
      Partial area ratio:    2.67
      Required ratio:    0.00 (Gate area) 
      Cumulative area ratio:    2.67
      Required ratio:    0.00 (Cumulative area) 
      Partial area ratio:   12.74
      Required ratio: 2773.88 (Side area) 
      Cumulative area ratio:   12.74
      Required ratio:    0.00 (Cumulative side area) 

    Layer: via
      Partial area ratio:    0.11
      Required ratio:   21.65 (Gate area) 
      Cumulative area ratio:    0.30
      Required ratio:    0.00 (Cumulative area) 

    Layer: met2
      Partial area ratio:    0.45
      Required ratio:    0.00 (Gate area) 
      Cumulative area ratio:    3.12
      Required ratio:    0.00 (Cumulative area) 
      Partial area ratio:    2.13
      Required ratio: 2773.88 (Side area) 
      Cumulative area ratio:   14.88
      Required ratio:    0.00 (Cumulative side area) 

    Layer: via2
      Partial area ratio:    0.07
      Required ratio:   21.65 (Gate area) 
      Cumulative area ratio:    0.36
      Required ratio:    0.00 (Cumulative area) 

    Layer: met3
      Partial area ratio:   52.51
      Required ratio:    0.00 (Gate area) 
      Cumulative area ratio:   55.63
      Required ratio:    0.00 (Cumulative area) 
      Partial area ratio:  280.83
      Required ratio: 2773.88 (Side area) 
      Cumulative area ratio:  295.70
      Required ratio:    0.00 (Cumulative side area) 

    Layer: via3
      Partial area ratio:    0.07
      Required ratio:   21.65 (Gate area) 
      Cumulative area ratio:    0.43
      Required ratio:    0.00 (Cumulative area) 

    Layer: met4
      Partial area ratio:   39.29
      Required ratio:    0.00 (Gate area) 
      Cumulative area ratio:   94.92
      Required ratio:    0.00 (Cumulative area) 
      Partial area ratio:  210.26
      Required ratio: 3308.48 (Side area) 
      Cumulative area ratio:  505.97
      Required ratio:    0.00 (Cumulative side area) 


  Pin:   fanout1618/A (sky130_fd_sc_hd__clkbuf_4)
    Layer: mcon
      Partial area ratio:    0.14
      Required ratio:    3.00 (Gate area) 
      Cumulative area ratio:    0.14
      Required ratio:    0.00 (Cumulative area) 

    Layer: met1
      Partial area ratio:    7.83
      Required ratio:    0.00 (Gate area) 
      Cumulative area ratio:    7.83
      Required ratio:    0.00 (Cumulative area) 
      Partial area ratio:   37.78
      Required ratio:  400.00 (Side area) 
      Cumulative area ratio:   37.78
      Required ratio:    0.00 (Cumulative side area) 

    Layer: via
      Partial area ratio:    0.32
      Required ratio:    6.00 (Gate area) 
      Cumulative area ratio:    0.45
      Required ratio:    0.00 (Cumulative area) 

    Layer: met2
      Partial area ratio:   24.37
      Required ratio:    0.00 (Gate area) 
      Cumulative area ratio:   32.20
      Required ratio:    0.00 (Cumulative area) 
      Partial area ratio:  120.18
      Required ratio:  400.00 (Side area) 
      Cumulative area ratio:  157.96
      Required ratio:    0.00 (Cumulative side area) 

    Layer: via2
      Partial area ratio:    0.38
      Required ratio:    6.00 (Gate area) 
      Cumulative area ratio:    0.83
      Required ratio:    0.00 (Cumulative area) 

    Layer: met3
      Partial area ratio:  139.77
      Required ratio:    0.00 (Gate area) 
      Cumulative area ratio:  171.96
      Required ratio:    0.00 (Cumulative area) 
      Partial area ratio:  747.94
      Required ratio: 3134.60 (Side area) 
      Cumulative area ratio:  905.90
      Required ratio:    0.00 (Cumulative side area) 

    Layer: via3
      Partial area ratio:    0.11
      Required ratio:   54.11 (Gate area) 
      Cumulative area ratio:    0.94
      Required ratio:    0.00 (Cumulative area) 

    Layer: met4
      Partial area ratio:   39.29
      Required ratio:    0.00 (Gate area) 
      Cumulative area ratio:  211.25
      Required ratio:    0.00 (Cumulative area) 
      Partial area ratio:  210.26
      Required ratio: 3308.48 (Side area) 
      Cumulative area ratio: 1116.16
      Required ratio:    0.00 (Cumulative side area) 


  Pin:   fanout1624/A (sky130_fd_sc_hd__buf_2)
    Layer: mcon
      Partial area ratio:    0.18
      Required ratio:    3.00 (Gate area) 
      Cumulative area ratio:    0.18
      Required ratio:    0.00 (Cumulative area) 

    Layer: met1
      Partial area ratio:    2.37
      Required ratio:    0.00 (Gate area) 
      Cumulative area ratio:    2.37
      Required ratio:    0.00 (Cumulative area) 
      Partial area ratio:   10.67
      Required ratio:  400.00 (Side area) 
      Cumulative area ratio:   10.67
      Required ratio:    0.00 (Cumulative side area) 

    Layer: via
      Partial area ratio:    0.28
      Required ratio:    6.00 (Gate area) 
      Cumulative area ratio:    0.46
      Required ratio:    0.00 (Cumulative area) 

    Layer: met2
      Partial area ratio:   62.57
      Required ratio:    0.00 (Gate area) 
      Cumulative area ratio:   64.94
      Required ratio:    0.00 (Cumulative area) 
      Partial area ratio:  310.53
      Required ratio: 3134.60 (Side area) 
      Cumulative area ratio:  321.20
      Required ratio:    0.00 (Cumulative side area) 

    Layer: via2
      Partial area ratio:    0.25
      Required ratio:   54.11 (Gate area) 
      Cumulative area ratio:    0.72
      Required ratio:    0.00 (Cumulative area) 

    Layer: met3
      Partial area ratio:  139.77
      Required ratio:    0.00 (Gate area) 
      Cumulative area ratio:  204.70
      Required ratio:    0.00 (Cumulative area) 
      Partial area ratio:  747.94
      Required ratio: 3134.60 (Side area) 
      Cumulative area ratio: 1069.13
      Required ratio:    0.00 (Cumulative side area) 

    Layer: via3
      Partial area ratio:    0.11
      Required ratio:   54.11 (Gate area) 
      Cumulative area ratio:    0.82
      Required ratio:    0.00 (Cumulative area) 

    Layer: met4
      Partial area ratio:   39.29
      Required ratio:    0.00 (Gate area) 
      Cumulative area ratio:  243.99
      Required ratio:    0.00 (Cumulative area) 
      Partial area ratio:  210.26
      Required ratio: 3308.48 (Side area) 
      Cumulative area ratio: 1279.40
      Required ratio:    0.00 (Cumulative side area) 


  Pin:   fanout1629/A (sky130_fd_sc_hd__buf_2)
    Layer: mcon
      Partial area ratio:    0.18
      Required ratio:    3.00 (Gate area) 
      Cumulative area ratio:    0.18
      Required ratio:    0.00 (Cumulative area) 

    Layer: met1
      Partial area ratio:    4.20
      Required ratio:    0.00 (Gate area) 
      Cumulative area ratio:    4.20
      Required ratio:    0.00 (Cumulative area) 
      Partial area ratio:   19.82
      Required ratio:  400.00 (Side area) 
      Cumulative area ratio:   19.82
      Required ratio:    0.00 (Cumulative side area) 

    Layer: via
      Partial area ratio:    0.28
      Required ratio:    6.00 (Gate area) 
      Cumulative area ratio:    0.46
      Required ratio:    0.00 (Cumulative area) 

    Layer: met2
      Partial area ratio:    1.17
      Required ratio:    0.00 (Gate area) 
      Cumulative area ratio:    5.37
      Required ratio:    0.00 (Cumulative area) 
      Partial area ratio:    5.42
      Required ratio:  400.00 (Side area) 
      Cumulative area ratio:   25.24
      Required ratio:    0.00 (Cumulative side area) 

    Layer: via2
      Partial area ratio:    0.25
      Required ratio:    6.00 (Gate area) 
      Cumulative area ratio:    0.72
      Required ratio:    0.00 (Cumulative area) 

    Layer: met3
      Partial area ratio:   54.01
      Required ratio:    0.00 (Gate area) 
      Cumulative area ratio:   59.39
      Required ratio:    0.00 (Cumulative area) 
      Partial area ratio:  288.78
      Required ratio:  400.00 (Side area) 
      Cumulative area ratio:  314.02
      Required ratio:    0.00 (Cumulative side area) 

    Layer: via3
      Partial area ratio:    0.12
      Required ratio:    6.00 (Gate area) 
      Cumulative area ratio:    0.84
      Required ratio:    0.00 (Cumulative area) 

    Layer: met4
      Partial area ratio:   39.29
      Required ratio:    0.00 (Gate area) 
      Cumulative area ratio:   98.68
      Required ratio:    0.00 (Cumulative area) 
      Partial area ratio:  210.26
      Required ratio: 3308.48 (Side area) 
      Cumulative area ratio:  524.28
      Required ratio:    0.00 (Cumulative side area) 


  Pin:   fanout1631/A (sky130_fd_sc_hd__clkbuf_4)
    Layer: mcon
      Partial area ratio:    0.14
      Required ratio:    3.00 (Gate area) 
      Cumulative area ratio:    0.14
      Required ratio:    0.00 (Cumulative area) 

    Layer: met1
      Partial area ratio:    2.94
      Required ratio:    0.00 (Gate area) 
      Cumulative area ratio:    2.94
      Required ratio:    0.00 (Cumulative area) 
      Partial area ratio:   13.85
      Required ratio:  400.00 (Side area) 
      Cumulative area ratio:   13.85
      Required ratio:    0.00 (Cumulative side area) 

    Layer: via
      Partial area ratio:    0.21
      Required ratio:    6.00 (Gate area) 
      Cumulative area ratio:    0.35
      Required ratio:    0.00 (Cumulative area) 

    Layer: met2
      Partial area ratio:    0.88
      Required ratio:    0.00 (Gate area) 
      Cumulative area ratio:    3.82
      Required ratio:    0.00 (Cumulative area) 
      Partial area ratio:    4.04
      Required ratio:  400.00 (Side area) 
      Cumulative area ratio:   17.89
      Required ratio:    0.00 (Cumulative side area) 

    Layer: via2
      Partial area ratio:    0.19
      Required ratio:    6.00 (Gate area) 
      Cumulative area ratio:    0.53
      Required ratio:    0.00 (Cumulative area) 

    Layer: met3
      Partial area ratio:    0.59
      Required ratio:    0.00 (Gate area) 
      Cumulative area ratio:    4.41
      Required ratio:    0.00 (Cumulative area) 
      Partial area ratio:    5.33
      Required ratio:  400.00 (Side area) 
      Cumulative area ratio:   23.23
      Required ratio:    0.00 (Cumulative side area) 

    Layer: via3
      Partial area ratio:    0.19
      Required ratio:    6.00 (Gate area) 
      Cumulative area ratio:    0.72
      Required ratio:    0.00 (Cumulative area) 

    Layer: met4
      Partial area ratio:   39.29
      Required ratio:    0.00 (Gate area) 
      Cumulative area ratio:   43.70
      Required ratio:    0.00 (Cumulative area) 
      Partial area ratio:  210.26
      Required ratio: 3308.48 (Side area) 
      Cumulative area ratio:  233.49
      Required ratio:    0.00 (Cumulative side area) 


  Pin:   ANTENNA_270/DIODE (sky130_fd_sc_hd__diode_2)
    Layer: mcon
      Partial area ratio:    0.07
      Required ratio:   10.82 (Gate area) 
      Cumulative area ratio:    0.07
      Required ratio:    0.00 (Cumulative area) 

    Layer: met1
      Partial area ratio:    2.67
      Required ratio:    0.00 (Gate area) 
      Cumulative area ratio:    2.67
      Required ratio:    0.00 (Cumulative area) 
      Partial area ratio:   12.74
      Required ratio: 2773.88 (Side area) 
      Cumulative area ratio:   12.74
      Required ratio:    0.00 (Cumulative side area) 

    Layer: via
      Partial area ratio:    0.11
      Required ratio:   21.65 (Gate area) 
      Cumulative area ratio:    0.18
      Required ratio:    0.00 (Cumulative area) 

    Layer: met2
      Partial area ratio:    0.45
      Required ratio:    0.00 (Gate area) 
      Cumulative area ratio:    3.12
      Required ratio:    0.00 (Cumulative area) 
      Partial area ratio:    2.13
      Required ratio: 2773.88 (Side area) 
      Cumulative area ratio:   14.88
      Required ratio:    0.00 (Cumulative side area) 

    Layer: via2
      Partial area ratio:    0.07
      Required ratio:   21.65 (Gate area) 
      Cumulative area ratio:    0.25
      Required ratio:    0.00 (Cumulative area) 

    Layer: met3
      Partial area ratio:   52.51
      Required ratio:    0.00 (Gate area) 
      Cumulative area ratio:   55.63
      Required ratio:    0.00 (Cumulative area) 
      Partial area ratio:  280.83
      Required ratio: 2773.88 (Side area) 
      Cumulative area ratio:  295.70
      Required ratio:    0.00 (Cumulative side area) 

    Layer: via3
      Partial area ratio:    0.07
      Required ratio:   21.65 (Gate area) 
      Cumulative area ratio:    0.31
      Required ratio:    0.00 (Cumulative area) 

    Layer: met4
      Partial area ratio:   39.29
      Required ratio:    0.00 (Gate area) 
      Cumulative area ratio:   94.92
      Required ratio:    0.00 (Cumulative area) 
      Partial area ratio:  210.26
      Required ratio: 3308.48 (Side area) 
      Cumulative area ratio:  505.97
      Required ratio:    0.00 (Cumulative side area) 



Net: net1639
  Pin:   _21906_/A (sky130_fd_sc_hd__inv_2)
    Layer: li1
      Partial area ratio:    0.02
      Required ratio:    0.00 (Gate area) 
      Cumulative area ratio:    0.02
      Required ratio:    0.00 (Cumulative area) 
      Partial area ratio:    0.10
      Required ratio:   75.00 (Side area) 
      Cumulative area ratio:    0.10
      Required ratio:    0.00 (Cumulative side area) 

    Layer: mcon
      Partial area ratio:    0.06
      Required ratio:    3.00 (Gate area) 
      Cumulative area ratio:    0.06
      Required ratio:    0.00 (Cumulative area) 

    Layer: met1
      Partial area ratio:    1.33
      Required ratio:    0.00 (Gate area) 
      Cumulative area ratio:    1.35
      Required ratio:    0.00 (Cumulative area) 
      Partial area ratio:    6.45
      Required ratio: 2778.20 (Side area) 
      Cumulative area ratio:    6.54
      Required ratio:    0.00 (Cumulative side area) 

    Layer: via
      Partial area ratio:    0.06
      Required ratio:   22.04 (Gate area) 
      Cumulative area ratio:    0.12
      Required ratio:    0.00 (Cumulative area) 

    Layer: met2
      Partial area ratio:   21.69
      Required ratio:    0.00 (Gate area) 
      Cumulative area ratio:   23.04
      Required ratio:    0.00 (Cumulative area) 
      Partial area ratio:  107.88
      Required ratio: 2778.20 (Side area) 
      Cumulative area ratio:  114.43
      Required ratio:    0.00 (Cumulative side area) 


  Pin:   _39047_/B (sky130_fd_sc_hd__and3_1)
    Layer: mcon
      Partial area ratio:    0.23
      Required ratio:    3.00 (Gate area) 
      Cumulative area ratio:    0.23
      Required ratio:    0.00 (Cumulative area) 

    Layer: met1
      Partial area ratio:   89.40
      Required ratio:    0.00 (Gate area) 
      Cumulative area ratio:   89.40
      Required ratio:    0.00 (Cumulative area) 
      Partial area ratio:  444.67
      Required ratio:  400.00 (Side area) (VIOLATED)
      Cumulative area ratio:  444.67
      Required ratio:    0.00 (Cumulative side area) 

    Layer: via
      Partial area ratio:    0.54
      Required ratio:    6.00 (Gate area) 
      Cumulative area ratio:    0.77
      Required ratio:    0.00 (Cumulative area) 

    Layer: met2
      Partial area ratio:   21.69
      Required ratio:    0.00 (Gate area) 
      Cumulative area ratio:  111.09
      Required ratio:    0.00 (Cumulative area) 
      Partial area ratio:  107.88
      Required ratio: 2778.20 (Side area) 
      Cumulative area ratio:  552.55
      Required ratio:    0.00 (Cumulative side area) 


  Pin:   _39218_/A1 (sky130_fd_sc_hd__a221o_1)
    Layer: mcon
      Partial area ratio:    0.12
      Required ratio:    3.00 (Gate area) 
      Cumulative area ratio:    0.12
      Required ratio:    0.00 (Cumulative area) 

    Layer: met1
      Partial area ratio:   10.02
      Required ratio:    0.00 (Gate area) 
      Cumulative area ratio:   10.02
      Required ratio:    0.00 (Cumulative area) 
      Partial area ratio:   49.35
      Required ratio:  400.00 (Side area) 
      Cumulative area ratio:   49.35
      Required ratio:    0.00 (Cumulative side area) 

    Layer: via
      Partial area ratio:    0.18
      Required ratio:    6.00 (Gate area) 
      Cumulative area ratio:    0.30
      Required ratio:    0.00 (Cumulative area) 

    Layer: met2
      Partial area ratio:   21.69
      Required ratio:    0.00 (Gate area) 
      Cumulative area ratio:   31.71
      Required ratio:    0.00 (Cumulative area) 
      Partial area ratio:  107.88
      Required ratio: 2778.20 (Side area) 
      Cumulative area ratio:  157.24
      Required ratio:    0.00 (Cumulative side area) 


  Pin:   _39458_/B (sky130_fd_sc_hd__and3_1)
    Layer: mcon
      Partial area ratio:    0.23
      Required ratio:    3.00 (Gate area) 
      Cumulative area ratio:    0.23
      Required ratio:    0.00 (Cumulative area) 

    Layer: met1
      Partial area ratio:    2.57
      Required ratio:    0.00 (Gate area) 
      Cumulative area ratio:    2.57
      Required ratio:    0.00 (Cumulative area) 
      Partial area ratio:   11.36
      Required ratio:  400.00 (Side area) 
      Cumulative area ratio:   11.36
      Required ratio:    0.00 (Cumulative side area) 

    Layer: via
      Partial area ratio:    0.36
      Required ratio:    6.00 (Gate area) 
      Cumulative area ratio:    0.59
      Required ratio:    0.00 (Cumulative area) 

    Layer: met2
      Partial area ratio:   21.69
      Required ratio:    0.00 (Gate area) 
      Cumulative area ratio:   24.26
      Required ratio:    0.00 (Cumulative area) 
      Partial area ratio:  107.88
      Required ratio: 2778.20 (Side area) 
      Cumulative area ratio:  119.24
      Required ratio:    0.00 (Cumulative side area) 


  Pin:   fanout1638/A (sky130_fd_sc_hd__buf_2)
    Layer: mcon
      Partial area ratio:    0.18
      Required ratio:    3.00 (Gate area) 
      Cumulative area ratio:    0.18
      Required ratio:    0.00 (Cumulative area) 

    Layer: met1
      Partial area ratio:    8.82
      Required ratio:    0.00 (Gate area) 
      Cumulative area ratio:    8.82
      Required ratio:    0.00 (Cumulative area) 
      Partial area ratio:   42.24
      Required ratio:  400.00 (Side area) 
      Cumulative area ratio:   42.24
      Required ratio:    0.00 (Cumulative side area) 

    Layer: via
      Partial area ratio:    0.42
      Required ratio:    6.00 (Gate area) 
      Cumulative area ratio:    0.61
      Required ratio:    0.00 (Cumulative area) 

    Layer: met2
      Partial area ratio:   21.69
      Required ratio:    0.00 (Gate area) 
      Cumulative area ratio:   30.51
      Required ratio:    0.00 (Cumulative area) 
      Partial area ratio:  107.88
      Required ratio: 2778.20 (Side area) 
      Cumulative area ratio:  150.13
      Required ratio:    0.00 (Cumulative side area) 



Net: net1773
  Pin:   _22264_/B (sky130_fd_sc_hd__and2_1)
    Layer: mcon
      Partial area ratio:    0.23
      Required ratio:    3.00 (Gate area) 
      Cumulative area ratio:    0.23
      Required ratio:    0.00 (Cumulative area) 

    Layer: met1
      Partial area ratio:    3.30
      Required ratio:    0.00 (Gate area) 
      Cumulative area ratio:    3.30
      Required ratio:    0.00 (Cumulative area) 
      Partial area ratio:   14.78
      Required ratio:  400.00 (Side area) 
      Cumulative area ratio:   14.78
      Required ratio:    0.00 (Cumulative side area) 

    Layer: via
      Partial area ratio:    0.36
      Required ratio:    6.00 (Gate area) 
      Cumulative area ratio:    0.59
      Required ratio:    0.00 (Cumulative area) 

    Layer: met2
      Partial area ratio:   29.03
      Required ratio:    0.00 (Gate area) 
      Cumulative area ratio:   32.33
      Required ratio:    0.00 (Cumulative area) 
      Partial area ratio:  144.00
      Required ratio: 2956.40 (Side area) 
      Cumulative area ratio:  158.78
      Required ratio:    0.00 (Cumulative side area) 

    Layer: via2
      Partial area ratio:    0.05
      Required ratio:   38.08 (Gate area) 
      Cumulative area ratio:    0.64
      Required ratio:    0.00 (Cumulative area) 

    Layer: met3
      Partial area ratio:    7.31
      Required ratio:    0.00 (Gate area) 
      Cumulative area ratio:   39.64
      Required ratio:    0.00 (Cumulative area) 
      Partial area ratio:   39.30
      Required ratio: 2956.40 (Side area) 
      Cumulative area ratio:  198.08
      Required ratio:    0.00 (Cumulative side area) 


  Pin:   _22278_/B (sky130_fd_sc_hd__and2_1)
    Layer: mcon
      Partial area ratio:    0.23
      Required ratio:    3.00 (Gate area) 
      Cumulative area ratio:    0.23
      Required ratio:    0.00 (Cumulative area) 

    Layer: met1
      Partial area ratio:   11.87
      Required ratio:    0.00 (Gate area) 
      Cumulative area ratio:   11.87
      Required ratio:    0.00 (Cumulative area) 
      Partial area ratio:   57.86
      Required ratio:  400.00 (Side area) 
      Cumulative area ratio:   57.86
      Required ratio:    0.00 (Cumulative side area) 

    Layer: via
      Partial area ratio:    0.36
      Required ratio:    6.00 (Gate area) 
      Cumulative area ratio:    0.59
      Required ratio:    0.00 (Cumulative area) 

    Layer: met2
      Partial area ratio:   40.18
      Required ratio:    0.00 (Gate area) 
      Cumulative area ratio:   52.04
      Required ratio:    0.00 (Cumulative area) 
      Partial area ratio:  199.24
      Required ratio:  400.00 (Side area) 
      Cumulative area ratio:  257.10
      Required ratio:    0.00 (Cumulative side area) 

    Layer: via2
      Partial area ratio:    0.16
      Required ratio:    6.00 (Gate area) 
      Cumulative area ratio:    0.75
      Required ratio:    0.00 (Cumulative area) 

    Layer: met3
      Partial area ratio:    7.31
      Required ratio:    0.00 (Gate area) 
      Cumulative area ratio:   59.35
      Required ratio:    0.00 (Cumulative area) 
      Partial area ratio:   39.30
      Required ratio: 2956.40 (Side area) 
      Cumulative area ratio:  296.39
      Required ratio:    0.00 (Cumulative side area) 


  Pin:   _22281_/B (sky130_fd_sc_hd__and2_1)
    Layer: mcon
      Partial area ratio:    0.23
      Required ratio:    3.00 (Gate area) 
      Cumulative area ratio:    0.23
      Required ratio:    0.00 (Cumulative area) 

    Layer: met1
      Partial area ratio:   86.47
      Required ratio:    0.00 (Gate area) 
      Cumulative area ratio:   86.47
      Required ratio:    0.00 (Cumulative area) 
      Partial area ratio:  430.03
      Required ratio:  400.00 (Side area) (VIOLATED)
      Cumulative area ratio:  430.03
      Required ratio:    0.00 (Cumulative side area) 

    Layer: via
      Partial area ratio:    0.54
      Required ratio:    6.00 (Gate area) 
      Cumulative area ratio:    0.77
      Required ratio:    0.00 (Cumulative area) 

    Layer: met2
      Partial area ratio:   29.03
      Required ratio:    0.00 (Gate area) 
      Cumulative area ratio:  115.50
      Required ratio:    0.00 (Cumulative area) 
      Partial area ratio:  144.00
      Required ratio: 2956.40 (Side area) 
      Cumulative area ratio:  574.03
      Required ratio:    0.00 (Cumulative side area) 

    Layer: via2
      Partial area ratio:    0.05
      Required ratio:   38.08 (Gate area) 
      Cumulative area ratio:    0.81
      Required ratio:    0.00 (Cumulative area) 

    Layer: met3
      Partial area ratio:    7.31
      Required ratio:    0.00 (Gate area) 
      Cumulative area ratio:  122.81
      Required ratio:    0.00 (Cumulative area) 
      Partial area ratio:   39.30
      Required ratio: 2956.40 (Side area) 
      Cumulative area ratio:  613.33
      Required ratio:    0.00 (Cumulative side area) 


  Pin:   _22282_/B (sky130_fd_sc_hd__and2_1)
    Layer: mcon
      Partial area ratio:    0.23
      Required ratio:    3.00 (Gate area) 
      Cumulative area ratio:    0.23
      Required ratio:    0.00 (Cumulative area) 

    Layer: met1
      Partial area ratio:    4.89
      Required ratio:    0.00 (Gate area) 
      Cumulative area ratio:    4.89
      Required ratio:    0.00 (Cumulative area) 
      Partial area ratio:   23.00
      Required ratio:  400.00 (Side area) 
      Cumulative area ratio:   23.00
      Required ratio:    0.00 (Cumulative side area) 

    Layer: via
      Partial area ratio:    0.36
      Required ratio:    6.00 (Gate area) 
      Cumulative area ratio:    0.59
      Required ratio:    0.00 (Cumulative area) 

    Layer: met2
      Partial area ratio:   29.03
      Required ratio:    0.00 (Gate area) 
      Cumulative area ratio:   33.92
      Required ratio:    0.00 (Cumulative area) 
      Partial area ratio:  144.00
      Required ratio: 2956.40 (Side area) 
      Cumulative area ratio:  167.00
      Required ratio:    0.00 (Cumulative side area) 

    Layer: via2
      Partial area ratio:    0.05
      Required ratio:   38.08 (Gate area) 
      Cumulative area ratio:    0.64
      Required ratio:    0.00 (Cumulative area) 

    Layer: met3
      Partial area ratio:    7.31
      Required ratio:    0.00 (Gate area) 
      Cumulative area ratio:   41.23
      Required ratio:    0.00 (Cumulative area) 
      Partial area ratio:   39.30
      Required ratio: 2956.40 (Side area) 
      Cumulative area ratio:  206.30
      Required ratio:    0.00 (Cumulative side area) 


  Pin:   _22283_/B (sky130_fd_sc_hd__and2_1)
    Layer: mcon
      Partial area ratio:    0.23
      Required ratio:    3.00 (Gate area) 
      Cumulative area ratio:    0.23
      Required ratio:    0.00 (Cumulative area) 

    Layer: met1
      Partial area ratio:    3.98
      Required ratio:    0.00 (Gate area) 
      Cumulative area ratio:    3.98
      Required ratio:    0.00 (Cumulative area) 
      Partial area ratio:   18.44
      Required ratio:  400.00 (Side area) 
      Cumulative area ratio:   18.44
      Required ratio:    0.00 (Cumulative side area) 

    Layer: via
      Partial area ratio:    0.36
      Required ratio:    6.00 (Gate area) 
      Cumulative area ratio:    0.59
      Required ratio:    0.00 (Cumulative area) 

    Layer: met2
      Partial area ratio:   40.18
      Required ratio:    0.00 (Gate area) 
      Cumulative area ratio:   44.16
      Required ratio:    0.00 (Cumulative area) 
      Partial area ratio:  199.24
      Required ratio:  400.00 (Side area) 
      Cumulative area ratio:  217.68
      Required ratio:    0.00 (Cumulative side area) 

    Layer: via2
      Partial area ratio:    0.16
      Required ratio:    6.00 (Gate area) 
      Cumulative area ratio:    0.75
      Required ratio:    0.00 (Cumulative area) 

    Layer: met3
      Partial area ratio:    7.31
      Required ratio:    0.00 (Gate area) 
      Cumulative area ratio:   51.47
      Required ratio:    0.00 (Cumulative area) 
      Partial area ratio:   39.30
      Required ratio: 2956.40 (Side area) 
      Cumulative area ratio:  256.98
      Required ratio:    0.00 (Cumulative side area) 


  Pin:   _22284_/B (sky130_fd_sc_hd__and2_1)
    Layer: mcon
      Partial area ratio:    0.23
      Required ratio:    3.00 (Gate area) 
      Cumulative area ratio:    0.23
      Required ratio:    0.00 (Cumulative area) 

    Layer: met1
      Partial area ratio:   10.83
      Required ratio:    0.00 (Gate area) 
      Cumulative area ratio:   10.83
      Required ratio:    0.00 (Cumulative area) 
      Partial area ratio:   51.81
      Required ratio:  400.00 (Side area) 
      Cumulative area ratio:   51.81
      Required ratio:    0.00 (Cumulative side area) 

    Layer: via
      Partial area ratio:    0.54
      Required ratio:    6.00 (Gate area) 
      Cumulative area ratio:    0.77
      Required ratio:    0.00 (Cumulative area) 

    Layer: met2
      Partial area ratio:   17.00
      Required ratio:    0.00 (Gate area) 
      Cumulative area ratio:   27.83
      Required ratio:    0.00 (Cumulative area) 
      Partial area ratio:   83.86
      Required ratio:  400.00 (Side area) 
      Cumulative area ratio:  135.67
      Required ratio:    0.00 (Cumulative side area) 

    Layer: via2
      Partial area ratio:    0.11
      Required ratio:    6.00 (Gate area) 
      Cumulative area ratio:    0.87
      Required ratio:    0.00 (Cumulative area) 

    Layer: met3
      Partial area ratio:    7.31
      Required ratio:    0.00 (Gate area) 
      Cumulative area ratio:   35.14
      Required ratio:    0.00 (Cumulative area) 
      Partial area ratio:   39.30
      Required ratio: 2956.40 (Side area) 
      Cumulative area ratio:  174.96
      Required ratio:    0.00 (Cumulative side area) 


  Pin:   _22285_/B (sky130_fd_sc_hd__and2_1)
    Layer: mcon
      Partial area ratio:    0.23
      Required ratio:    3.00 (Gate area) 
      Cumulative area ratio:    0.23
      Required ratio:    0.00 (Cumulative area) 

    Layer: met1
      Partial area ratio:   43.18
      Required ratio:    0.00 (Gate area) 
      Cumulative area ratio:   43.18
      Required ratio:    0.00 (Cumulative area) 
      Partial area ratio:  213.56
      Required ratio:  400.00 (Side area) 
      Cumulative area ratio:  213.56
      Required ratio:    0.00 (Cumulative side area) 

    Layer: via
      Partial area ratio:    0.54
      Required ratio:    6.00 (Gate area) 
      Cumulative area ratio:    0.77
      Required ratio:    0.00 (Cumulative area) 

    Layer: met2
      Partial area ratio:   17.00
      Required ratio:    0.00 (Gate area) 
      Cumulative area ratio:   60.18
      Required ratio:    0.00 (Cumulative area) 
      Partial area ratio:   83.86
      Required ratio:  400.00 (Side area) 
      Cumulative area ratio:  297.42
      Required ratio:    0.00 (Cumulative side area) 

    Layer: via2
      Partial area ratio:    0.11
      Required ratio:    6.00 (Gate area) 
      Cumulative area ratio:    0.87
      Required ratio:    0.00 (Cumulative area) 

    Layer: met3
      Partial area ratio:    7.31
      Required ratio:    0.00 (Gate area) 
      Cumulative area ratio:   67.49
      Required ratio:    0.00 (Cumulative area) 
      Partial area ratio:   39.30
      Required ratio: 2956.40 (Side area) 
      Cumulative area ratio:  336.71
      Required ratio:    0.00 (Cumulative side area) 


  Pin:   _22286_/B (sky130_fd_sc_hd__and2_1)
    Layer: mcon
      Partial area ratio:    0.23
      Required ratio:    3.00 (Gate area) 
      Cumulative area ratio:    0.23
      Required ratio:    0.00 (Cumulative area) 

    Layer: met1
      Partial area ratio:    4.55
      Required ratio:    0.00 (Gate area) 
      Cumulative area ratio:    4.55
      Required ratio:    0.00 (Cumulative area) 
      Partial area ratio:   21.28
      Required ratio:  400.00 (Side area) 
      Cumulative area ratio:   21.28
      Required ratio:    0.00 (Cumulative side area) 

    Layer: via
      Partial area ratio:    0.36
      Required ratio:    6.00 (Gate area) 
      Cumulative area ratio:    0.59
      Required ratio:    0.00 (Cumulative area) 

    Layer: met2
      Partial area ratio:   17.00
      Required ratio:    0.00 (Gate area) 
      Cumulative area ratio:   21.55
      Required ratio:    0.00 (Cumulative area) 
      Partial area ratio:   83.86
      Required ratio:  400.00 (Side area) 
      Cumulative area ratio:  105.14
      Required ratio:    0.00 (Cumulative side area) 

    Layer: via2
      Partial area ratio:    0.11
      Required ratio:    6.00 (Gate area) 
      Cumulative area ratio:    0.69
      Required ratio:    0.00 (Cumulative area) 

    Layer: met3
      Partial area ratio:    7.31
      Required ratio:    0.00 (Gate area) 
      Cumulative area ratio:   28.86
      Required ratio:    0.00 (Cumulative area) 
      Partial area ratio:   39.30
      Required ratio: 2956.40 (Side area) 
      Cumulative area ratio:  144.44
      Required ratio:    0.00 (Cumulative side area) 


  Pin:   fanout1771/A (sky130_fd_sc_hd__clkbuf_4)
    Layer: mcon
      Partial area ratio:    0.14
      Required ratio:    3.00 (Gate area) 
      Cumulative area ratio:    0.14
      Required ratio:    0.00 (Cumulative area) 

    Layer: met1
      Partial area ratio:   61.82
      Required ratio:    0.00 (Gate area) 
      Cumulative area ratio:   61.82
      Required ratio:    0.00 (Cumulative area) 
      Partial area ratio:  307.72
      Required ratio:  400.00 (Side area) 
      Cumulative area ratio:  307.72
      Required ratio:    0.00 (Cumulative side area) 

    Layer: via
      Partial area ratio:    0.32
      Required ratio:    6.00 (Gate area) 
      Cumulative area ratio:    0.45
      Required ratio:    0.00 (Cumulative area) 

    Layer: met2
      Partial area ratio:   29.03
      Required ratio:    0.00 (Gate area) 
      Cumulative area ratio:   90.85
      Required ratio:    0.00 (Cumulative area) 
      Partial area ratio:  144.00
      Required ratio: 2956.40 (Side area) 
      Cumulative area ratio:  451.72
      Required ratio:    0.00 (Cumulative side area) 

    Layer: via2
      Partial area ratio:    0.05
      Required ratio:   38.08 (Gate area) 
      Cumulative area ratio:    0.50
      Required ratio:    0.00 (Cumulative area) 

    Layer: met3
      Partial area ratio:    7.31
      Required ratio:    0.00 (Gate area) 
      Cumulative area ratio:   98.16
      Required ratio:    0.00 (Cumulative area) 
      Partial area ratio:   39.30
      Required ratio: 2956.40 (Side area) 
      Cumulative area ratio:  491.02
      Required ratio:    0.00 (Cumulative side area) 


  Pin:   fanout1772/A (sky130_fd_sc_hd__clkbuf_2)
    Layer: mcon
      Partial area ratio:    0.14
      Required ratio:    3.00 (Gate area) 
      Cumulative area ratio:    0.14
      Required ratio:    0.00 (Cumulative area) 

    Layer: met1
      Partial area ratio:    1.01
      Required ratio:    0.00 (Gate area) 
      Cumulative area ratio:    1.01
      Required ratio:    0.00 (Cumulative area) 
      Partial area ratio:    3.99
      Required ratio:  400.00 (Side area) 
      Cumulative area ratio:    3.99
      Required ratio:    0.00 (Cumulative side area) 

    Layer: via
      Partial area ratio:    0.21
      Required ratio:    6.00 (Gate area) 
      Cumulative area ratio:    0.35
      Required ratio:    0.00 (Cumulative area) 

    Layer: met2
      Partial area ratio:   29.03
      Required ratio:    0.00 (Gate area) 
      Cumulative area ratio:   30.04
      Required ratio:    0.00 (Cumulative area) 
      Partial area ratio:  144.00
      Required ratio: 2956.40 (Side area) 
      Cumulative area ratio:  147.99
      Required ratio:    0.00 (Cumulative side area) 

    Layer: via2
      Partial area ratio:    0.05
      Required ratio:   38.08 (Gate area) 
      Cumulative area ratio:    0.40
      Required ratio:    0.00 (Cumulative area) 

    Layer: met3
      Partial area ratio:    7.31
      Required ratio:    0.00 (Gate area) 
      Cumulative area ratio:   37.34
      Required ratio:    0.00 (Cumulative area) 
      Partial area ratio:   39.30
      Required ratio: 2956.40 (Side area) 
      Cumulative area ratio:  187.29
      Required ratio:    0.00 (Cumulative side area) 



[INFO ANT-0002] Found 51 net violations.
[INFO ANT-0001] Found 64 pin violations.
